sampleId,TMB_NONSYNONYMOUS,ABL1,AKT1,ALK,AMER1,APC,AR,ARID1A,ASXL1,ATM,ATRX,AXIN1,BAP1,BCL2,BCOR,BRAF,BRCA1,BRCA2,CARD11,CBL,CDC73,CDH1,CDKN2A,CEBPA,CIC,CREBBP,CTNNB1,DAXX,DNMT3A,EGFR,EP300,ERBB2,EZH2,FBXW7,FGFR2,FGFR3,FLT3,FOXL2,GATA3,GNA11,GNAS,HNF1A,HRAS,IDH1,IDH2,JAK1,JAK2,JAK3,KDM5C,KDM6A,KIT,KMT2D,KRAS,MAP2K1,MAP3K1,MED12,MEN1,MET,MLH1,MPL,MSH2,MSH6,MYD88,NF1,NF2,NFE2L2,NOTCH1,NOTCH2,NPM1,NRAS,PAX5,PBRM1,PDGFRA,PIK3CA,PIK3R1,PPP2R1A,PRDM1,PTCH1,PTEN,PTPN11,RB1,RET,RNF43,SETD2,SF3B1,SMAD2,SMAD4,SMARCA4,SMARCB1,SMO,SOCS1,SPOP,STAG2,STK11,TET2,TNFAIP3,TP53,TSC1,U2AF1,VHL,WT1,AKT2,ATR,BARD1,BCL6,BRD4,BRIP1,BTK,CALR,CASP8,CBFB,CCND1,CCND2,CCND3,CCNE1,CD274,CD79A,CD79B,CDK12,CDK4,CDK6,CDKN1B,CDKN2C,CHEK2,CSF1R,CSF3R,CTCF,CXCR4,DDR2,ERBB3,ERBB4,ERG,ESR1,ETV6,FANCA,FANCC,FGFR1,FGFR4,FLCN,FUBP1,HGF,IKZF1,IRF4,JUN,KDM5A,KDR,KEAP1,KMT2A,MAP2K2,MAP2K4,MAPK1,MDM2,MDM4,MITF,MTOR,MUTYH,MYC,MYCL,MYCN,NSD2,NSD3,NTRK1,NTRK2,NTRK3,PALB2,PDCD1LG2,PDGFRB,PIM1,PRKAR1A,RAD21,RAF1,RARA,SDHA,SDHB,SDHC,SDHD,SOX2,SPEN,SRC,STAT3,SUFU,SYK,TENT5C,TGFBR2,TNFRSF14,TSC2,XPO1,AKT3,ARAF,AURKA,AURKB,AXL,BCORL1,BCR,BTG1,CDK8,CDKN2B,CHEK1,CRKL,DOT1L,EED,EPHA3,EPHB1,ERCC4,FAS,FH,FLT1,GSK3B,ID3,IGF1R,IKBKE,INPP4B,IRS2,MAP3K13,MCL1,MRE11,MSH3,NBN,NFKBIA,NT5C2,PDCD1,PIK3CB,PMS2,POLD1,POLE,PPARG,RAC1,RAD51,RAD51B,RBM10,REL,RICTOR,SOX9,TBX3,TERT,ACVR1B,ALOX12B,BCL2L1,CDKN1A,CUL3,DIS3,ERRFI1,ETV4,ETV5,EWSR1,FANCG,GNA13,HDAC1,LYN,MAF,MST1R,MYB,NOTCH3,PARP1,PRKCI,PRKN,RAD51C,RAD51D,RAD52,RAD54L,SGK1,TEK,VEGFA,XRCC2,BTG2,CD22,CD70,CD74,CTNNA1,EMSY,FANCL,FGF14,KLHL6,MTAP,NUTM1,PDK1,QKI,ZNF217,ARFRP1,CUL4A,EPHB4,EZR,GATA6,GID4,GRM3,IRF2,KEL,LTK,MERTK,PIK3C2B,PTPRO,RSPO2,SDC4,SLC34A2,ZNF703,CYP17A1,DDR1,FGF12,MKNK1,PARP2,PARP3,SNCAIP,TIPARP,TYRO3
TCGA-BL-A0C8-01,4.5,1235.1225,2950.9918,0.5834,294.6324,745.0408,4.084,2734.5391,3724.0373,647.0245,1503.5006,589.8483,2156.3594,158.1097,933.4889,357.6429,502.3337,415.4026,3753.7923,1831.3886,615.5193,19629.5216,40.2567,7254.9592,1178.5298,1704.2007,7774.189,1107.9347,1292.2987,393.804,3547.2579,4022.1704,293.4656,487.748,702.4504,649.9417,1.1669,13.4189,4196.6161,460.9102,19523.9207,70.0117,531.5053,25214.119,1945.741,3056.0093,96.8495,408.4014,3414.2357,644.6908,39.0898,3689.9417,2249.7083,1373.5473,843.0572,2273.6289,814.4691,6926.4877,428.238,23.3372,783.5473,868.7281,2165.1109,1577.5963,1620.1867,2243.7165,1890.8985,2755.5426,8449.2415,2049.0082,0,2588.098,162.8471,424.154,920.6534,5799.8833,501.7503,577.0128,1906.6511,2575.846,1138.8565,1.7503,182.6138,1508.7515,8674.4457,1366.3944,1458.2497,5529.755,1834.8891,390.8985,28.5881,773.6289,2889.7316,1473.1622,593.3489,644.1074,1302.8005,1637.6896,1799.8833,826.7211,0,1932.3221,596.266,49.0082,1743.2905,1344.8075,165.6943,27.4212,21077.0128,805.1342,931.7386,1662.9347,788.7981,1862.3104,402.5671,8.168,2.3337,70.5951,1682.6138,1547.2579,794.049,1036.7561,201.2835,239.2065,939.2182,935.2392,1593.9323,769.5449,38.5064,10137.6896,281.797,551.9253,220.5368,1571.762,255.9918,490.6651,923.5706,149.9417,712.9522,1330.8051,7.5846,36.7561,4.6674,927.0712,1219.2649,4178.5298,1694.8658,1781.2135,1488.9148,550.7585,2252.6254,3242.1237,773.6289,19.2532,1670.9452,218.2147,180.8635,8007.5846,134.189,4634.189,920.07,0,23.3372,22.7538,219.9533,9.9183,3199.6383,6782.9638,4336.056,5882.7188,10758.4597,3145.8576,3028.0047,1741.5403,2221.7036,2080.5134,47.2579,2408.9848,5203.0338,2797.5496,484.8308,550.175,965.5776,3470.245,363.0105,1551.3419,3414.8191,330.8051,1432.3221,808.6348,345.9743,548.4247,392.6488,1735.706,7147.6079,195.4492,689.6149,180.28,2542.007,997.6663,292.2987,316.2194,163.3606,174.4457,114.3524,1215.2859,5355.8926,1385.0642,1340.7235,1596.266,137.6896,653.4422,1984.2474,35.6243,5345.9743,417.1529,183.9673,2010.5018,1676.7795,2462.6604,1.7503,778.2964,858.8098,355.3092,1226.3711,16911.902,6872.8121,300.4667,37.3396,1135.9393,123.6873,1161.6103,135.3559,2285.881,5.8343,745.6243,0,5663.3606,1532.6721,1399.6499,942.8296,1434.6558,123.6873,229.8716,4130.105,357.0595,4402.5671,3144.1074,772.4621,963.2439,14.0023,1.7503,8147.6079,2098.5998,525.6709,51.3419,316.8028,151.1085,116.8961,124.2707,771.8786,244.4574,20119.6033,117.853,8336.6394,14.5858,0,3270.1284,9626.6044,351.2252,177.2287,88.098,501.1669,528.0047,15.7526,235.706,2347.7246,3490.0817,606.7678,1723.4539,1271.2952,7762.5438,36.7561,263.1272,12.252,670.9452,5.2509,4.6674,538.5064,3504.6674,19.8366,0,13021.0035,1.7503,120.1867,5.8343,6874.5624,95.6826,445.8051,322.6371,156.3594,180.28,304.5508,500
TCGA-BL-A13I-01,3.1,2304.6117,5553.3981,1.6181,128.6408,434.8706,23.0583,1112.8641,1337.7832,1030.7443,967.6375,825.2427,2729.7735,165.8576,642.7994,77.6699,747.1683,144.4175,637.1359,1011.7314,781.5534,6.4725,17.7994,743.5275,1367.3139,1503.2362,15462.771,1692.9612,408.1715,169.9029,1162.6214,1083.3333,396.8447,265.3722,1.2136,26.699,1.2136,163.0259,91.4239,317.5566,19791.6667,16.9903,703.0744,6358.0097,2462.3786,3964.4013,332.9288,768.2039,3037.6214,220.4693,429.6117,1068.0057,924.7573,1194.8341,613.6731,836.5696,1034.7896,840.2104,1494.3366,1.6181,800.9709,1791.6667,1343.4466,1105.178,1430.8252,3186.0316,1236.6505,2102.3463,16061.4887,2017.3948,0,995.5502,2636.6748,309.0615,530.3398,7472.0874,1228.1553,649.6764,1865.6958,2180.4207,2317.5566,14.5631,0.8091,1546.9256,4561.0841,1446.6019,1033.9806,3548.5437,2285.5987,1066.343,40.0485,1124.5955,1288.4304,1360.4369,363.6731,816.7476,2285.1942,662.2168,2197.411,1164.644,1.2136,2138.3495,639.5631,25.0809,627.0227,2166.6667,55.4207,592.6375,34184.8706,1035.1942,1256.877,3024.5469,499.5955,2958.3333,301.3754,23.4628,5.2589,61.8932,935.2751,4064.3204,735.8414,792.4757,441.7476,481.7961,11190.534,426.3754,1252.0227,764.9676,198.2201,35.5987,0.4045,309.0615,67.5566,740.6958,661.7395,546.9256,1079.288,456.3107,1068.7702,1625.4045,2698.2201,477.7508,46.1165,4643.2039,983.4142,1898.4628,4187.2977,802.9935,4137.1359,569.1748,2758.0906,1221.2783,641.5858,147.6537,1400.89,273.3252,2747.1683,91.8285,12.1359,1634.7087,939.3204,14.9676,5949.8382,1.6181,324.0291,238.6731,3454.6926,1783.5761,3956.3107,3027.9126,2235.0324,783.1715,2535.1942,1727.7508,1660.1942,1754.8544,34.3851,1168.6893,1686.0841,3591.4239,527.1036,1527.9126,132.2816,3745.5502,1536.4765,1272.6537,3772.2492,192.5566,1242.3139,762.5405,640.7767,3099.11,315.534,945.3883,2739.0777,110.0324,37.2168,455.9061,1548.9482,853.1553,440.9385,103.1553,31.5534,213.5922,499.5955,1972.8964,1438.5113,1069.9838,2158.1715,1411.0032,512.1359,47.7346,101.9417,3.6731,7457.1197,362.055,330.4207,1633.4951,1960.356,1385.5178,57.4434,434.466,510.5178,1220.8738,1046.521,748.7864,8687.2977,440.1294,48.9482,1739.0777,17.3948,999.1909,23.4628,213.9968,44.9029,476.5372,0,2075.2427,3192.9612,1970.8738,734.7371,752.4272,183.2524,1646.8447,6559.8706,656.1489,2921.521,2771.8447,1711.9741,4925.9709,12.1359,26.699,14410.5987,3968.8511,926.3754,8.0906,302.589,206.3107,97.0874,318.3657,892.3948,769.4175,3744.3366,120.9547,1155.7443,26.2945,50.1618,108656.9579,7263.3495,208.3333,286.3875,0.4045,186.8932,143.6084,0,1060.2751,3430.4207,856.3916,811.0841,1940.1294,1507.2816,2422.7346,12.5405,286.4078,0,1010.1133,2.0227,4.8544,716.0194,389.9676,200.6472,0,952.2654,0.8091,154.5307,0,1157.767,24.2718,1415.4895,443.3657,681.2298,5.6634,273.8673,765.7767
TCGA-BL-A13J-01,3.4,1252.8197,3024.1194,0.6941,95.0894,709.3528,10.4112,3072.7052,1029.325,626.0628,1593.6144,569.8421,1153.5659,52.7503,1132.0493,753.08,494.3398,165.8858,419.9202,952.2818,4043.7272,16927.9889,2.7763,1420.7878,1245.1848,1461.7387,8875.9049,1154.954,484.4699,4736.3734,1934.4092,4675.3427,1166.7534,176.9912,575.3948,3205.9691,1.3882,66.632,5658.8582,284.574,23634.9124,8.329,508.7628,2935.9708,2597.2584,3420.4407,292.2089,164.4977,1360.4026,387.2983,120.7704,1174.2842,3348.2561,2908.4713,883.5676,1215.3392,1206.3162,2955.4052,689.9184,4.8586,671.8723,1370.1197,1262.5369,2514.6625,239.4586,3319.7987,1616.5192,2300.885,7927.8154,1670.6576,13.1876,1479.0908,819.3788,667.0137,1895.5405,5899.0109,413.6734,360.229,1887.9056,2736.075,949.5055,13.1876,518.48,2935.9708,9326.3925,1919.1393,1478.4522,4779.4551,5642.2002,448.3776,31.9278,880.0972,4921.7421,1368.7316,1198.6812,1183.4114,1942.0441,671.8723,2436.2311,808.6066,4.1645,2246.7465,726.7048,51.3621,2845.046,2628.4921,108.971,20.1284,20083.984,211.0012,1923.3038,4422.7243,349.1237,659.3788,283.8799,62.4675,18.0462,11.1053,1713.6908,1955.2317,104.8065,1630.4008,236.6823,215.1657,304.0083,29.1515,1584.5914,696.1652,159.6391,1867.0831,0.6941,61.7734,18.0462,1441.6103,437.772,125.629,633.6977,31.2337,499.7397,1264.6191,32.6219,44.4213,20.1284,13295.1588,1733.1251,114.5237,1642.8943,3201.8046,2114.1766,766.9617,5057.0883,1629.0127,598.9936,181.1556,1133.4374,197.5846,2458.4418,2929.03,844.6989,1805.3097,1503.3837,5.5527,12.4935,4.1645,515.7036,22.9047,2351.553,9969.8074,5020.3019,6559.764,2420.0798,742.6687,1989.9358,1209.0925,8585.1119,1358.3203,1.3882,2085.7192,2280.7566,4165.8858,728.093,492.7989,95.7834,1630.4008,430.3175,598.9936,5127.1907,265.8338,716.2936,852.3339,511.5391,674.6486,1340.9682,3263.578,9919.1393,273.4687,53.4444,658.6847,6603.5051,560.1249,304.7024,133.2639,13.8817,140.2048,216.5539,844.6989,945.341,1308.3463,801.6658,2074.6139,141.5929,1111.2268,229.0474,71.4905,12735.7279,497.6575,545.5839,1601.2493,2087.8015,2963.0401,6.9408,1186.8818,688.5303,480.9995,618.4279,3033.1425,10623.6335,268.6101,151.3101,1110.5327,703.106,660.0729,2765.9205,4569.148,18.7402,867.6037,19.4274,1600.5553,7548.8461,857.1924,671.9972,1998.2648,787.7841,241.5409,2979.6981,335.9361,2993.5797,1412.4588,948.8114,1086.9339,257.5048,105.5006,5000.1735,2332.8128,1222.9741,10.4112,300.5379,133.2639,99.9479,188.0965,465.7297,16.658,9766.4411,79.1255,10140.5518,3.4704,2.7763,11724.4491,6373.0696,569.8421,394.1628,59.6911,214.4716,1284.7475,2.0822,1139.6842,1603.3316,4011.7994,500.4338,1837.2375,1447.1629,7668.2284,52.7503,559.4309,0.6941,732.9516,0.6941,45.8095,373.4166,1297.241,6.9408,10.4112,9458.9623,0.6941,281.1036,0,8186.7083,82.5959,325.5249,470.5882,231.8237,232.5178,712.1291,265.8338
TCGA-BL-A3JM-01,5.866666667,1718.7051,3974.5397,2.4639,368.2157,882.6227,1.3688,3721.0321,2813.2229,829.7858,1510.3689,733.6938,1633.5638,849.497,1674.0812,123.7424,1405.5164,609.6776,93.0806,666.621,1013.483,5688.0433,1534.4603,213.264,2037.0953,2855.1092,10780.3272,1789.3368,844.2954,32.0224,2774.3481,2775.4432,827.0481,324.4131,103.4837,96.3658,3.2852,206.4198,12.5933,710.1499,38721.785,38.6011,1259.0514,1387.9953,2013.0039,1835.0558,252.6863,121.2785,2612.826,467.0454,33.1257,3728.9494,1326.9455,2824.6636,535.2132,1346.1091,1616.5902,508.3841,798.0289,9.3081,1946.4787,2573.1298,1162.6856,3647.6627,1146.8072,1647.827,2093.2174,2739.0322,17339.5387,835.8086,12.3195,2165.4918,174.5589,384.0942,683.3208,9751.2833,498.2547,812.2647,1605.6396,4898.5011,204.7772,6.2966,7388.6798,1871.1929,5364.1777,3090.0007,2888.3417,8325.7819,2616.9324,110.6016,69.2629,2305.3864,2252.2757,1348.0255,1138.868,294.025,2652.5221,707.4122,1515.0229,960.0986,7.9392,3820.683,940.3874,156.5943,1392.6494,2654.986,824.5842,48.1829,32057.7647,282.5269,1919.3758,2799.9316,252.9601,971.5967,713.7088,38.6011,13.9621,22.1751,3242.2148,5536.1029,1908.9727,741.3592,255.424,463.2126,427.8968,58.3122,1862.1586,1733.7622,59.4073,1033.7417,7.9392,133.8717,11.772,644.1722,1508.1678,546.7114,10301.0061,24.0914,945.6054,1656.0126,19.1636,80.4873,11.772,2255.8346,1744.7129,364.383,2805.2837,1567.0385,3776.6067,1508.4525,2760.386,2542.1942,1051.2627,137.4307,2065.567,189.1397,1650.811,437.2048,266.3746,3360.4818,1914.1743,3.2852,80.2135,2.1901,466.2241,19.9849,2660.7351,396.4137,5300.9376,9930.3183,2705.6327,502.9088,2644.5828,1539.3881,2013.8252,959.2773,8773.9374,1939.6345,2481.1443,4229.9637,442.9539,8729.8611,163.4385,897.1323,348.2609,1691.3285,5429.8816,1958.7982,1113.9552,1973.5815,1535.0079,331.8048,506.4677,1648.8947,2290.3292,320.8542,565.875,524.5363,1550.8863,2616.6532,421.6002,176.5793,55.5746,261.4469,65.4302,1999.0418,482.1025,1937.9919,4207.7887,136.3356,122.6473,10.6769,891.657,19.2211,5417.2883,741.0855,1080.011,1538.0193,629.1151,1120.5256,68.9891,1270.0021,742.1805,1430.9767,3421.5317,114.4343,4431.4558,249.6749,44.0764,2136.1988,22.1751,578.742,3436.5889,8222.572,26.8291,864.8279,0.2738,4504.5514,1518.8557,1853.3981,1436.5314,261.4469,3181.1649,1251.9335,5983.9847,1016.7682,2274.4508,4837.4512,703.3057,519.3347,21.6275,935.7334,2054.8902,9366.6416,1429.8816,49.2779,778.0439,493.8745,117.2295,539.3197,779.4128,142.6323,1159.1267,217.0967,3430.0185,23.2701,4.654,11393.3338,12997.3308,579.5633,656.0263,32.0307,47.3616,902.2736,2.1901,310.451,784.3406,1839.7098,989.6653,2382.3147,1534.1866,4256.7928,69.8104,537.4033,4.654,661.967,8.213,3.0114,211.8951,280.063,4806.5156,4.654,955.7183,111.6967,373.1435,103.0511,2105.8107,5.4753,538.7722,663.8834,347.1357,46.2665,444.2872,318.664
TCGA-BT-A0S7-01,1.566666667,1704.2683,3674.5427,0.7622,432.9268,596.0366,10.6707,972.561,1881.0976,1010.6707,1572.4085,409.2988,1763.7195,373.4756,733.9939,303.3537,761.4329,491.6159,221.7988,1393.2927,1198.9329,4569.3598,0,1294.2073,1019.0549,1917.6829,8685.1982,1613.5671,743.9024,6099.0625,2998.4756,6591.4634,376.5244,326.2195,64.7866,9588.4146,7.622,6.0976,1907.7744,445.8841,30161.5854,13.7195,782.7744,2247.7134,1551.8293,2699.6951,226.372,127.2866,2428.3537,119.6646,98.3232,3256.8674,1499.2378,968.0183,612.8049,1197.4085,1744.6646,1074.6951,1143.2927,6.8598,993.9024,1853.6585,1000.7622,3181.4024,585.3659,2665.3963,14762.1951,2746.189,22487.8049,1285.061,9.1463,2628.0488,348.5213,464.939,624.2378,8106.7073,170.7317,310.9756,2255.3354,4355.9451,3047.2561,19.0549,210.3659,2193.5976,5761.4329,2440.5488,2090.7012,3916.1585,1742.378,1589.1768,18.2927,1209.6037,3973.3232,969.5122,1634.1463,1314.0244,4516.7683,383.3841,1519.0549,573.9329,22.8659,2140.2439,768.2927,89.939,994.6646,1969.5122,246.189,28.9634,28945.8841,434.4512,2554.878,10169.9009,245.4268,1149.3902,591.4634,3.0488,108.2317,70.122,2717.9878,4348.3232,170.7317,1480.9451,379.5732,367.378,336.8902,101.372,2367.378,1117.378,49.5427,4121.9512,0.7622,204.2683,12.9573,545.7317,501.6997,385.6707,451.2195,136.4329,566.311,1803.3537,10.6707,64.7866,45.7317,3448.1707,2610.5183,445.122,2028.9634,1762.1951,2407.0122,997.7134,2673.0183,25547.2561,429.1159,62.5,1905.4878,197.8963,8571.6463,816.311,0.7622,1944.3598,1076.9817,0.7622,176.0671,2.2866,366.6159,6.0976,1945.8841,2381.0976,7710.3659,4005.3277,2416.9207,698.1707,2505.3354,1245.4268,3622.7134,2477.1341,1.5244,1894.8171,1080.7927,4126.5244,647.8659,509.1463,115.8537,1336.8902,341.7073,1011.4329,6907.0122,177.5915,1144.0549,1053.3537,938.2622,295.7317,834.6037,1169.9695,3927.5915,487.8049,54.1159,551.8293,2394.8171,930.6402,405.4878,71.6463,23.628,216.4634,163.1098,1574.6951,790.3963,1394.8171,514.4817,1042.6829,208.0793,35.061,575.4573,9.154,13346.7988,896.3415,574.779,1471.7988,4884.1463,1793.4451,5.3354,647.1037,780.4878,964.939,1699.6951,194.3598,8504.5732,393.2927,168.4451,1449.6951,78.5061,586.8902,354.4207,344.5122,9.1463,842.9878,27.439,1575.4573,2907.7744,1809.4512,2130.8308,1241.6159,846.7988,325.4573,5430.6402,1624.2378,2209.6037,3944.3598,220.2744,338.4146,137.9573,28.2012,27917.6829,5325.4573,1368.1402,16.7683,295.7317,371.9512,72.4085,301.0671,2006.8598,243.9024,3006.0976,141.7683,4346.0366,35.061,16.0061,9783.5366,5619.6646,444.3598,304.1768,16.7683,28.2012,42.6829,4.5732,780.4878,2323.9329,4543.4451,1054.1159,4545.7317,3951.9817,10310.2134,96.7988,644.0549,6.8598,691.311,0,11.4329,265.2439,449.6951,6.0976,0.7622,2143.2927,1.5244,31.25,0,6663.872,126.5244,207.3171,407.7744,211.8902,172.2561,1775.1524,817.8354
TCGA-BT-A0YX-01,18.93333333,1779.3402,4502.9746,2.1633,385.073,797.7285,65.4408,2427.7988,938.8859,579.7729,1164.4132,852.8935,2180.6382,170.9032,683.6128,157.9232,579.232,173.6074,146.5657,571.6604,934.0184,10763.656,2.7042,792.3202,1545.1595,1565.1704,12828.5398,1345.5922,289.3456,1740.9086,1786.9118,3878.8534,531.6387,331.5306,339.6431,9395.8897,5.4083,250.9465,262.8448,444.0238,18352.0822,8.6533,1165.4949,9670.0919,3670.6328,3450.5138,93.5641,307.1931,3580.8545,667.3878,74.0941,2027.6528,1566.7929,1703.867,467.8204,738.2369,928.0692,718.7669,725.2569,6.49,1045.43,2821.5251,1488.9129,1673.8778,1061.6549,5843.6344,3767.4419,6140.6165,14103.2991,1760.411,5.9492,1454.8405,222.3039,548.9454,772.8502,5827.4743,1824.7701,69.7674,1218.4965,2830.1785,1705.7869,24.3375,405.0838,1731.7469,5917.7934,1793.4018,489.9946,3944.2942,1728.5019,759.3294,54.0833,796.106,1834.5051,1139.5349,747.9719,1390.4813,1509.4646,553.8129,1654.4078,842.6176,1.0817,3057.8691,1744.7269,110.8707,2032.45,1970.2542,121.1466,111.9524,24453.218,766.3602,1276.3656,8934.4078,1089.2374,1117.3607,276.3656,41.1033,104.3807,38.3991,1605.7328,2242.834,1719.3077,537.5879,181.7198,269.8756,552.1904,303.9481,1367.7664,958.3559,44.8891,1760.411,2.1633,206.5982,283.9373,1088.6966,431.0005,194.159,217.9557,136.8307,457.5446,1547.3229,4.3267,229.3131,72.4716,2065.9816,1275.2839,345.5922,2931.8551,1293.1314,2979.4484,1112.4932,3148.1882,5668.4694,392.1038,474.3104,1544.6187,152.7258,3905.3542,424.013,3.245,1856.1385,960.5192,4.3267,303.4072,1.0817,468.3613,49.2158,1103.8399,2114.6566,3652.7853,5751.7469,2235.2623,384.5322,2772.3094,2032.9908,2533.8021,2225.5273,510.0054,2178.4749,1483.5046,8508.9237,533.2612,2195.7815,271.4981,1320.1731,803.7966,1226.0681,5412.1147,130.8816,1204.9757,719.3077,487.2904,327.7447,190.3732,2700.9194,4522.4446,305.5706,61.6549,254.1915,2333.6939,865.3272,457.5446,80.5841,254.7323,186.0465,796.6468,1767.9827,671.1736,2932.3959,320.7139,1240.1298,473.2288,150.3515,111.9524,35.7977,10643.0503,451.5955,617.0146,1247.1606,3084.3699,2810.7085,55.7058,1477.5554,605.7328,687.3986,957.815,281.7739,11529.4754,304.4889,70.3083,1100.0541,274.2023,433.2071,2198.4857,203.894,27.5825,1234.7215,19.9297,3339.1022,13264.4673,1919.4159,2118.1666,811.2493,101.6766,156.3007,5082.2066,343.4289,2958.8967,4742.0227,4189.8323,1016.225,47.5933,18.9292,15110.3299,3848.5668,1549.4862,6.49,301.2439,138.9941,150.8924,368.3072,10959.9784,81.1249,1912.9259,108.7074,2325.5814,30.2866,5.4083,23191.4548,10063.8183,302.8664,289.6376,31.3683,122.7691,34.0725,0,600.3245,1075.1758,1155.219,454.2996,1705.7869,1521.3629,13038.3991,162.2499,448.3505,0,1482.9638,24.3375,4.3267,65.4408,752.8394,15.1433,2.7042,10979.4484,11.8983,219.0373,0,17813.4127,19.47,1144.4024,441.3196,290.4273,30.2866,2214.1644,624.1211
TCGA-BT-A20J-01,14.1,2348.5958,2573.8706,6.7155,459.707,526.862,19.536,1973.138,1691.0867,578.7546,1155.0672,1499.3895,2366.9109,159.9512,656.2882,200.8547,603.7851,205.1282,2267.3993,750.3053,1065.3236,6517.094,22.5885,181.9292,2064.7131,2465.2015,7793.0159,1754.5788,977.4115,4213.0037,1517.094,4400.4884,383.3944,322.3443,54.3346,13.431,10.3785,8.547,71.4286,522.5885,19967.6435,31.1355,435.8974,2211.8437,3152.0147,2093.4066,939.5604,1017.7045,3252.1368,1251.5263,2412.0879,1893.431,1487.1795,1268.1746,413.9194,2452.9915,908.4249,894.9939,659.9512,5.4945,1692.9182,3509.768,2167.8877,1520.1465,655.6777,2389.359,264.3468,3990.232,13579.3651,2086.6911,10.989,1103.7851,1016.978,382.7839,387.0574,11264.3468,505.4945,81.1966,1525.641,3570.2076,1497.558,15.873,460.928,1632.4786,8650.1832,1216.1172,1141.685,6663.6142,1260.6838,397.4359,482.906,1246.6422,2592.7961,1691.0867,1526.862,3898.6569,2028.083,494.5055,1792.4298,851.6484,1.221,4615.3846,929.1819,149.5726,863.8584,2002.442,105.0061,362.0269,36670.9402,949.9389,685.5922,4674.011,460.928,1326.6178,464.591,61.0501,492.674,98.2906,1224.0537,5543.956,3161.1722,1731.9902,135.5311,388.8889,969.475,155.6777,1160.5617,1679.4872,75.0916,3033.5775,3.663,131.2576,23.8095,3289.9878,409.6703,302.1978,362.0269,18.315,421.8559,2816.8498,7.326,935.8974,119.6581,2713.6752,921.2454,283.8828,1566.5446,1203.9072,3175.2137,540.293,2264.9573,2496.337,603.1746,141.0256,2106.8376,220.5495,4201.4652,4918.8034,6.105,2365.6899,1048.84,42.1245,9565.3236,2.442,334.5543,136.7521,803.4188,923.6874,3889.4994,6992.674,2498.779,561.0501,2039.072,1106.2271,2826.0073,1119.0476,166.6667,1634.9206,2170.9402,5871.7949,769.2308,6355.9219,377.2894,2729.5482,1410.9829,1684.3712,4507.9365,853.4799,1659.9512,1570.2076,800.9768,396.8254,752.7473,2501.221,4644.0781,234.4322,53.7241,244.2002,1294.2613,902.3199,394.9939,43.3455,5.4945,203.9072,1838.2173,1040.9035,714.2857,1390.7204,148.9621,115.3846,678.8767,56.7766,1434.6764,43.4005,16922.4664,579.9756,244.5421,1421.8559,2745.4212,1262.5153,81.8071,2774.7253,482.906,3554.3346,2034.7985,365.0794,6676.4347,548.84,47.619,2243.5897,97.0696,551.8926,5092.7961,115.3846,25.0305,900.4884,0,2811.9658,1826.0073,1438.9499,1685.5128,2401.7094,158.7302,209.4017,5554.3346,498.779,2004.2735,2485.9585,1802.1978,2589.1331,1477.4115,70.8181,761.2943,6159.3407,1044.5665,4.2735,274.7253,200.2442,673.3822,305.8608,1554.9451,78.1441,1963.9805,103.7851,2277.7778,44.5665,8.547,88829.6703,5564.7131,243.5897,367.1001,17.7045,236.2637,65.9341,7.326,379.7314,1736.2637,2277.1673,809.5238,2810.1343,266.1783,7841.8803,106.8376,258.8523,3.0525,1435.2869,485.348,4.884,300.9768,304.6398,62.8816,1.221,6871.7949,81.1966,144.6886,0,4326.0073,33.5775,531.1355,318.0708,451.7705,110.5006,895.5922,1530.525
TCGA-BT-A20N-01,8.233333333,1457.7465,3158.1798,0,275.1896,501.6251,2.7086,3507.584,1034.1278,363.4886,1725.3521,737.8115,1346.1538,114.8429,1037.9198,271.3976,721.5601,309.8592,812.026,900.325,1298.4832,31601.8418,1079.0899,1304.9837,1139.7616,1659.2633,9977.7736,1184.7237,588.299,4716.6685,2003.792,3172.2644,272.481,198.8082,3760.5634,809.8592,0,2.7086,7551.4626,421.4518,26523.8353,8.6674,496.7497,5946.9122,2617.0098,4520.0433,209.1008,94.7996,2185.8072,699.8917,9.7508,1878.8082,2128.3857,2143.0444,253.5211,1018.4182,1436.6197,1522.7519,1066.0888,3.792,1243.7703,1842.3619,1646.8039,1773.0228,928.494,4775.0488,1609.9675,2497.2914,9005.4171,2048.2124,7.584,1636.5114,339.5395,884.0737,1549.2958,5896.533,294.6912,98.5915,216.6847,4494.0412,154.9296,47.1289,211.2676,2148.429,6794.1495,917.6598,728.0607,4468.5807,1648.429,330.9859,18.9599,869.9892,2899.2416,1133.2611,765.4388,394.9079,172.8061,700.9751,3309.3174,1594.7996,2.1668,2139.2199,963.1636,109.4258,1752.4377,2050.9209,165.2221,10.2925,21092.6327,346.6956,1841.8202,3399.0791,96.9664,664.6804,708.0173,9.2091,12.4594,8.6674,1085.5905,3469.6641,681.4735,1888.4074,153.8462,678.7649,120.26,67.714,1695.0163,261.1051,34.6696,1644.6371,19.5016,37.9198,4.8754,2641.9285,362.7736,177.6815,267.6056,316.3597,316.3597,1398.1582,3.2503,16.7931,8.1257,2662.5135,2115.9263,179.8483,2119.7183,1290.8992,2187.974,618.6349,3472.9144,1486.4572,314.7346,22.7519,2347.2373,242.3185,3555.7963,2367.8223,371.6143,3518.9599,1486.4572,23.8353,0.5417,0.5417,398.6999,11.9177,853.1961,7563.922,5195.558,7076.9231,3885.6988,294.6912,1150.0542,2151.6793,4608.8841,1423.6186,19.5016,3330.4442,1289.2741,2476.7064,393.8245,49.2958,55.2546,2192.3077,487.2156,1060.6717,6615.9263,159.805,1018.9599,1044.4204,496.208,131.636,438.7866,1269.7725,2535.2113,215.0596,569.8808,463.7053,2944.7454,1081.7985,369.4475,21.1268,1.0834,293.0661,126.7606,2047.1289,712.8927,1913.3261,409.5341,2082.3402,157.6381,316.9014,109.4258,39.6154,6977.7898,554.1712,253.3478,1478.3315,1942.5785,2009.2091,2.7086,1195.558,1277.3564,940.9534,1860.2384,4874.8646,9522.7519,386.2405,91.0076,1357.5298,516.7931,1398.1582,0,5151.1376,31.961,878.1148,1.0834,1070.4225,6839.1116,1078.5482,996.4085,2038.4615,867.8223,216.143,5370.5309,894.9079,2767.6056,4591.5493,687.4323,218.8516,1711.2676,78.5482,10014.6262,8865.1138,2568.2557,7.0423,260.5634,159.2633,126.2189,498.3749,344.5287,27.0856,3079.0899,122.4269,3043.8787,1.0834,2.1668,3859.6966,4863.4886,676.0563,560.9101,12.4594,19.5016,732.3944,7.584,1269.7725,1517.3348,2216.6847,408.4507,1499.4583,1774.1062,8988.6241,15.7096,393.8245,2.1668,642.4702,0,21.1268,75.2979,883.532,159.2633,0.5417,7291.9827,2.1668,43.3369,0,6631.636,56.8797,566.1322,470.2059,275.1896,156.5547,4503.7324,655.4713
TCGA-BT-A20O-01,5.7,2094.2991,4201.7444,9.1013,180.5082,770.067,4.045,2399.6966,1396.5365,2012.8934,1478.9534,848.9445,1582.1009,313.9932,811.5283,146.6313,1061.8127,362.0276,1968.3984,1604.854,1231.1971,26.7981,156.7438,504.1082,2226.2672,1813.6772,8204.2422,1462.2677,687.1445,682.0731,1175.5783,1288.8383,454.0513,421.1857,11.6294,14.1575,22.2475,89.4956,273.5432,470.2313,16696.2457,18.2025,507.6476,4574.8957,2234.3572,5040.5764,879.282,1580.0784,2248.0091,319.555,303.8807,2274.9791,1048.1608,1439.5247,531.9176,1379.8508,987.4858,2594.3623,1056.7564,2.5281,854.5064,1698.3946,1903.6784,1884.4647,1094.1727,2809.7838,1346.4796,4840.8545,12596.132,2446.7198,73.3156,1322.2096,786.1712,573.8845,1517.3809,4795.8539,1281.254,143.0919,1547.2127,3678.9281,1847.554,10.6181,4.045,1629.6296,6383.011,1507.774,1386.4745,3420.048,1615.4721,179.4969,153.2044,1512.8302,1976.4884,1069.9027,535.457,2390.5954,1899.1278,635.0651,1836.4303,889.9001,17.1913,3738.0862,1002.1489,150.1706,923.777,2169.6372,250.79,545.5695,21489.0659,1204.9046,1620.0228,1561.3702,1091.6445,2079.6359,614.3345,149.1594,895.462,310.9594,1425.8627,3375.0474,1046.6439,1236.7589,439.3882,285.6782,5099.7345,686.6389,1479.9646,3881.1781,399.4438,12.135,4.045,186.07,109.215,689.167,706.0498,399.4438,1408.6715,4.5506,814.0564,1841.4865,132.9794,1455.6946,292.7569,1981.5447,1818.7334,498.0407,1263.0514,2051.8266,2707.1167,589.0532,3217.2924,2369.3591,812.5395,277.0825,1956.7691,208.09,1845.5315,82.9225,4.045,2562.5079,1158.8927,13.1463,94.5519,5.5619,484.8945,567.817,2516.496,961.1933,7668.3099,4249.7788,1812.1603,521.2995,2563.0135,1688.7878,2277.3354,1884.9703,156.7438,1782.834,2621.666,4445.9613,520.7938,1468.3352,774.112,3725.9512,1781.1301,1217.0396,5018.3289,266.4644,1306.0296,800.4045,586.5251,6512.9566,531.9176,1068.8914,2984.7048,219.4413,229.5538,428.7701,1912.7797,738.7182,554.1651,119.8331,54.6075,247.7563,654.2789,1400.5815,557.7045,1086.5883,576.9182,210.8457,685.6276,385.7919,339.2744,8.7018,11421.0593,499.052,355.7022,1730.249,3950.4487,1153.8364,617.8738,637.5932,549.6145,1202.3764,1191.7583,235.1157,5848.5653,336.2407,77.8663,706.3582,120.3388,740.2351,788.2695,135.0019,42.4725,513.2095,1.5169,2447.2254,2986.7273,1983.0616,1083.1753,868.1583,121.8556,1079.5095,5291.8721,561.2438,5327.7715,2356.2129,2856.7817,1059.2845,39.9444,58.1469,4631.5257,6740.4879,673.9982,9.6069,482.3663,238.1494,80.3944,361.0163,1699.9115,219.9469,883.327,156.7438,1330.2996,335.2294,99.1025,155383.1374,6740.9936,339.7801,286.0877,102.1363,869.6751,1332.8277,0,330.6788,3337.1255,941.4739,572.3676,1742.8896,903.0464,5468.3352,110.2263,269.4982,1.5169,1393.5027,44.495,116.2938,497.5351,380.7357,183.5419,2.0225,1357.0977,2.0225,109.215,1.2641,823.1576,83.4281,831.8342,569.8395,555.1763,27.3038,387.8094,648.717
TCGA-BT-A20P-01,3,994.2197,5043.7655,0,91.6598,446.7382,18.1668,2197.3576,1807.597,580.512,1152.7663,1207.2667,2068.5384,97.4401,583.815,136.251,419.488,51.1974,1972.7498,296.4492,497.1098,13911.6433,6.6061,2419.488,1824.9381,1975.2271,3062.7498,2080.9249,425.2684,179.1908,1994.2197,9725.8464,283.237,272.5021,42.9397,13794.3848,0,95.7886,17835.673,151.1148,85789.4302,18.1668,3832.3699,6876.1354,3015.6895,1744.839,156.8951,137.9026,3253.5095,190.7514,2554.0875,2442.6094,850.5367,975.5244,341.8662,1358.3815,1639.1412,1269.199,390.5863,5.7803,409.5789,743.1874,1233.6912,2281.5855,716.763,1353.4269,957.0603,847.2337,18689.5128,1097.4401,0,1039.6367,245.3262,227.0851,1020.6441,9266.7217,327.0025,129.6449,1408.7531,2343.5178,588.7696,50.3716,412.0562,1459.1247,5151.1148,1488.8522,956.2345,4157.7209,2594.55,682.9067,58.6292,1009.0834,1563.1709,1840.6276,492.981,422.7911,1576.3832,509.4963,2922.3782,779.5211,0,2507.019,540.0495,10.7349,1417.8365,1678.7779,88.3567,15.6895,22936.4162,610.2395,1520.2312,7620.9827,2090.834,1104.872,317.9191,5.7803,8.2576,8.2576,1156.0694,3194.0545,126.3419,935.5904,160.1982,303.0553,135.4253,67.7126,995.0454,743.1874,4.9546,7700.2477,31.379,88.3567,113.9554,1091.6598,519.8431,95.7886,175.8877,42.114,734.104,820.8092,2.4773,21.4699,4.9546,7887.6961,1240.2973,168.4558,2402.147,1407.1016,4862.9232,451.6928,1381.5029,4952.1057,906.6887,87.531,1014.038,424.4756,581.3377,458.2989,9.0834,12769.6119,651.5277,0.8258,435.1775,0,260.1156,1.6515,787.7787,5073.493,4392.2378,2360.033,1980.8258,1213.8728,2778.6953,1239.4715,1608.5879,1129.6449,165.1528,1256.8126,13741.5359,4636.6639,764.6573,591.2469,59.455,452.5186,3637.4897,1407.9273,2658.1338,209.744,937.2419,867.8778,573.0801,137.9026,469.0339,1725.0206,2896.7795,74.3187,47.0685,194.8803,1534.2692,659.7853,566.474,82.5764,4.9546,82.5764,175.8877,1555.7391,740.7102,935.5904,2434.3518,684.5582,318.7448,266.7217,411.2304,15.7143,5470.6854,325.3509,605.8299,829.8927,6672.1718,2569.777,3.3031,417.0107,780.3468,862.9232,1966.9694,3364.9876,9142.0314,130.4707,213.8728,2024.7729,53.6746,841.4533,227.0851,5501.2386,57.8035,2473.1627,4.1288,5306.3584,10805.9455,763.8315,898.3485,2814.2031,2549.1329,439.3064,6302.2296,504.5417,1717.5888,5993.3939,385.6317,754.7481,2060.2808,54.5004,5641.6185,2135.4253,895.9538,32.2048,338.5632,211.3955,142.0314,434.3518,712.6342,11.5607,15810.0743,33.0306,13199.0091,6.6061,4.9546,49333.6086,9763.8315,209.744,540.7267,47.8943,9.0834,16.5153,0,458.2989,745.6647,1687.0355,1706.0281,1223.782,2396.3666,11810.0743,75.1445,127.1676,4.1288,853.014,20.6441,0.8258,455.8216,973.5756,11.5607,0.8258,14535.095,0.8258,61.9323,0,12370.768,82.5764,706.8538,476.4657,616.0198,25.5987,442.403,497.9356
TCGA-BT-A20Q-01,3.2,1600.1881,2961.9003,4.2333,119.9436,669.3321,217.3095,3000.9407,1232.8316,980.715,1775.1646,777.9868,1413.9229,244.1204,1124.1769,160.3951,301.0348,104.4214,1859.3603,503.7629,861.2418,14316.0865,11.2888,1929.445,1777.0461,2474.1298,8817.4835,1780.809,208.8429,446.3782,2642.5212,8460.0188,163.2173,370.6491,2267.6388,1654.7507,15.5221,122.7658,10442.1449,404.5155,27548.4478,8.937,1128.8805,10441.6745,7014.111,5643.4619,242.2389,421.4487,2127.9398,110.5362,679.6802,1664.1816,1364.5343,1513.2173,515.0517,1248.8241,1245.5315,1647.2248,687.6764,3.2926,474.1298,922.8598,1886.1712,3975.0706,565.8514,4889.2521,2610.5362,1826.4346,8030.1035,1528.6924,5.174,1676.8579,908.7159,445.4374,6971.778,7384.2897,968.4854,132.1731,2777.5165,2934.619,1428.0339,10.8184,676.3876,2317.968,6318.9087,1957.1966,1246.5569,4087.0179,2321.2606,254.4685,70.555,1331.1383,2657.1025,1373.0009,1033.8664,637.3471,1379.1157,357.4788,2094.0734,1543.7441,7.5259,2332.079,531.9849,49.8589,2091.7215,2280.809,50.7996,89.8401,26529.6331,607.2437,1492.4741,4956.7262,1356.0677,951.0818,82.3142,28.222,535.2775,62.5588,1857.0085,3179.2098,686.7357,1272.3424,213.5466,236.1242,723.4243,140.6397,1669.8024,752.587,214.0169,2364.5343,196.143,113.8288,260.5833,1497.1778,98.2361,67.2625,818.4384,7.0555,639.2286,1448.73,29.6331,237.0649,141.5804,6175.9172,1710.7244,493.8852,2302.9163,1445.4374,2122.2954,122.2954,2424.2709,2950.6115,716.3688,396.9897,1388.523,190.3998,665.5691,1994.3556,14.111,1136.4064,1183.9135,2.8222,46.096,1.8815,458.1373,66.7921,3462.3706,2711.6651,8384.2897,3107.2437,2028.222,1355.5974,1902.6341,1416.7451,1846.19,1922.3895,37.159,2561.6181,5415.334,8790.6867,584.1957,529.1627,482.1261,1594.0734,1433.1326,1218.2502,3761.524,336.3123,1175.4468,360.7714,93.603,832.5494,330.6679,1505.6444,3880.9972,277.9868,115.7103,114.2992,2309.031,466.604,396.0489,197.0837,18.8147,216.8391,299.6237,1000.4704,1007.9962,1508.4666,670.2728,1330.1976,442.6152,497.6482,347.6011,16.4628,8539.5108,370.6491,481.8862,1383.8194,2591.2512,1463.7817,70.0847,611.0066,618.0621,463.3114,563.9699,1478.8335,6355.127,94.5437,312.3236,1772.8128,382.8786,588.8993,366.4158,6417.6858,3.7629,1252.587,0,4473.6595,7198.9652,1069.1439,1233.7582,936.9708,47.5071,225.7761,5065.381,166.9802,4588.429,3594.5437,1171.6839,1169.3321,1172.6246,39.9812,7493.4149,3526.8109,1374.8824,64.4403,311.3829,210.254,113.8288,92.1919,2368.2973,111.0066,2262.4647,26.3405,14359.3603,15.5221,7.9962,46831.6087,10973.1891,312.794,275.5127,45.6256,136.4064,107.714,1.4111,310.9125,1873.4713,2891.8156,1316.5569,2542.333,1266.698,12965.6632,148.1656,164.6284,2.8222,1304.7977,6.1148,1.8815,256.8203,2137.3471,30.5738,21.6369,10141.5804,0,106.7733,0.4704,11317.0273,8.937,642.079,361.7121,1064.4403,47.9774,448.2549,158.984
TCGA-BT-A20R-01,8.7,2253.1426,3757.694,2.1673,177.72,456.4369,56.7837,2255.7434,955.3533,646.2765,1367.1435,447.3342,806.2419,272.6485,745.557,253.5761,368.0104,123.1036,758.9944,337.2345,760.7282,15846.1205,2163.4157,344.6034,1418.2922,1136.1075,7620.7022,1612.0503,1145.6437,623.2987,1280.0173,13619.8526,496.3156,236.2375,466.4066,174.2523,0.4335,5.2016,2125.7044,357.1738,21907.2388,13.8708,543.1296,5011.7035,9403.5544,2777.1998,329.8656,176.4196,2200.2601,1365.8431,198.9597,778.2141,1481.5778,1507.0828,1457.3039,1006.9354,883.8318,1962.2887,620.7195,40.3121,1587.7763,2129.1721,3517.5553,1657.5639,512.7872,2650.958,694.4083,3896.8357,7891.2007,2500.2167,0.8669,1697.0091,2152.267,508.886,1214.9978,8075.8561,349.8049,249.2414,1818.3788,2419.5925,398.3528,20.8062,213.264,1703.5111,5728.2185,1763.329,985.2622,5979.1938,1599.0464,579.974,39.0117,1174.2523,2391.4174,907.2388,735.5873,1082.358,2052.0156,625.9211,2192.4577,423.0603,403.1209,3293.4547,508.0191,127.8717,2094.0616,1614.6511,198.5262,87.9931,43144.7768,456.0035,1785.8691,1896.0555,636.3242,1294.3216,421.3264,16.0381,16.0381,35.9775,1069.3541,4625.4876,233.2033,1536.6277,1710.013,224.9675,760.2948,177.72,1196.7924,1363.6758,237.1045,4294.7551,6.9354,518.4222,115.3013,1629.3888,930.078,379.7139,1514.9545,171.6515,569.5709,1250.1084,45.9471,99.6966,31.6428,5808.8427,1045.0802,458.6042,1410.4898,986.1292,2030.3424,918.9423,2503.6844,3381.0143,378.847,217.5986,1135.674,315.0108,942.3494,1506.7187,45.9471,1250.5418,853.0559,6.0685,243.6064,30.7759,433.0299,53.7495,4160.3814,5382.7482,5138.2748,4104.4647,1945.3836,984.8288,2219.3325,1736.0208,1686.1725,1529.2588,119.6359,1444.7334,1759.4278,4773.7321,583.4417,1364.5427,187.6896,2569.5709,676.632,660.1647,3706.5453,563.0689,1032.9432,409.1894,564.8028,1504.9848,677.5033,1292.1543,3498.0494,154.313,3519.7226,499.7833,1451.6688,596.0121,423.0603,110.9666,19.9393,145.6437,326.8314,1353.7061,1294.3216,1166.8834,1091.4608,1371.4781,212.8305,415.2579,540.0954,189.4452,16410.4898,521.4564,363.2466,1299.5232,1863.8925,2323.7971,7.3689,656.2635,394.0182,543.1296,917.2085,1287.3862,6882.9649,302.9909,128.7386,1345.9038,280.8843,580.8409,931.0793,398.7863,1.3004,989.1634,0,3280.0173,6217.1651,1649.3281,806.775,8513.2206,498.0494,168.6173,4181.6212,530.9926,3347.2042,2632.4231,1104.4647,675.7694,111.4001,290.4205,3617.2518,2857.3906,3470.7412,18.2055,519.7226,120.9363,58.0841,282.6181,2192.8912,310.7932,2608.1491,48.5479,1090.1604,24.2739,1.7339,17139.1417,7155.1799,284.352,413.6238,77.5899,94.0616,2066.7534,17.3385,298.2228,2253.1426,1918.9423,525.7911,1289.987,1281.3177,15954.9198,477.6766,390.5505,0.4335,742.5228,7.8023,3.9012,112.7005,1021.6732,41.179,3.0342,3902.9042,13.8708,185.9558,0.4335,12786.3026,168.1838,622.15,471.6081,270.0477,119.6272,670.9016,365.4096
TCGA-BT-A20T-01,8.033333333,1193.0994,2275.6228,0,192.3062,340.5421,9.6153,2511.1978,897.4287,549.6751,1392.617,912.6529,1041.6583,196.3125,583.3287,187.4985,334.1319,87.339,1112.1706,334.9332,1185.8879,24924.4798,10.4166,3312.4735,1326.9124,1072.9081,4104.1338,1935.0806,1145.8242,668.2559,2741.1639,13250.6951,287.658,355.7664,1318.0984,21597.5834,4.0064,20.8332,7600.0994,218.7482,36589.4504,12.8204,749.1927,6362.1285,3725.9317,3077.6997,205.1266,291.6643,2794.8494,209.1329,152.2424,1567.7198,1080.9208,1258.7319,221.9533,1909.4398,1405.4375,866.179,357.3689,5.6089,745.9876,1322.1048,1059.2864,1693.8967,536.0534,5499.1547,1661.0444,1334.1239,12675.3792,1897.4207,0,814.8973,870.2815,342.946,605.7644,9245.1182,649.0333,403.8429,1965.5291,2214.7258,850.9547,33.6536,33.6536,1026.4341,5925.4333,1521.6224,1132.2906,3520.8051,1884.6003,381.4072,100.9607,953.518,2193.8927,1379.7966,665.0588,668.2639,1844.5365,351.76,2041.6503,981.5626,4.8077,2718.7282,568.9057,28.0446,2976.739,1702.7107,45.6727,50.4804,22825.9389,604.9631,2404.6282,5104.0376,1083.3247,1515.2122,248.3954,12.8204,56.0893,34.4549,1056.8826,3275.6148,701.1162,621.7899,346.9523,233.9725,528.8419,52.0829,1480.7574,770.0259,68.1084,5631.3651,5.6089,109.7748,595.3478,1392.617,416.8636,112.9799,859.7688,49.6791,300.4784,1205.9198,34.4549,199.5176,28.0446,5376.5595,1421.463,328.523,2623.3764,752.3978,2427.8652,463.9386,2036.8427,4718.7122,776.4361,280.4465,982.3639,287.658,641.8218,6595.2997,166.6653,2752.3818,1022.4277,4.0064,11.2179,23.237,447.1118,46.474,1971.9393,8594.4824,5145.7921,3774.0002,2475.9417,621.7899,1828.511,1294.0601,2461.5187,1016.8188,225.9597,1319.701,3357.3449,4221.9213,1039.2545,599.3542,241.184,903.8389,1941.6591,1268.4193,3267.602,219.5495,985.569,409.4518,297.2733,733.9685,303.6835,1499.1867,3645.0028,120.1913,182.6908,210.7355,2108.9575,465.5411,448.7144,227.5623,8.814,115.3837,266.0235,1533.6416,668.2639,1093.7412,1998.3814,1478.3535,803.6795,548.0725,613.7771,11.3381,9874.9209,552.0789,689.8983,1415.854,3698.6883,3718.7202,60.8969,569.707,738.7761,798.8718,932.6848,2546.454,13921.3628,189.9023,64.9033,2020.0159,208.3317,676.2766,435.0927,3929.4557,6.4102,679.4817,4.8077,2967.9249,9496.7188,1902.2283,875.2173,902.2364,198.7164,230.7674,5423.8347,339.7409,1770.8191,3640.9965,636.2129,778.0386,357.3689,37.66,13370.0852,4100.1274,1307.6818,50.4804,194.71,196.3125,85.7365,208.3317,3385.3895,113.7811,2554.4667,42.4676,12951.018,5.6089,7.2115,77400.0208,5382.9697,256.4082,584.2101,69.711,64.9033,93.7492,0.8013,149.0373,1611.3653,1879.7926,1108.1642,1429.4757,914.2555,11922.9814,137.8194,201.1202,4.0064,1593.7372,19.2306,3.2051,180.287,2136.2008,88.1403,9.6153,9943.8306,1.6026,509.6113,0.8013,14239.4692,87.339,368.6108,209.9342,503.2011,433.3218,390.2212,294.8694
TCGA-BT-A20U-01,2.866666667,2417.4135,4650.0773,0,435.4347,665.2294,193.8892,2776.4676,1105.8867,981.197,1734.5578,958.3481,2128.8645,141.6632,815.3793,153.414,1035.3815,394.9595,1795.9234,788.6134,855.8545,6128.0746,3.2641,2764.0639,1399.0054,2194.1471,12592.9942,1645.1207,694.6065,689.3774,2247.6788,5628.663,567.9583,341.4278,886.5373,3042.1676,3.2641,133.8293,1397.6998,492.2306,13666.9055,11.7509,658.0483,9813.2755,3369.8861,3391.4294,206.9457,124.6897,4567.8212,919.8314,21.5432,2125.7505,1320.0135,1227.8672,1194.0182,1071.9398,964.8763,3452.1422,1006.0044,9.1396,867.6053,2345.6026,1911.4736,2954.689,975.3216,9375.9607,1341.5568,2264.6523,16413.3431,1889.9303,0.6528,2012.6616,419.1663,376.6804,2299.252,5978.5775,556.2075,308.7865,1427.0769,2941.6325,1548.5025,3.2641,28.7243,2628.929,6675.1425,1849.4551,1618.5311,3917.6069,1882.7492,487.008,35.9054,1052.355,2133.4343,1302.3872,705.7046,944.6388,4405.2677,608.4335,1807.0215,1034.7287,9.7924,2153.6719,1011.227,191.2779,3117.2426,2211.1206,202.376,36.5582,18990.046,463.5062,1872.9569,4367.9782,234.3644,990.9894,248.0738,12.4037,30.6828,17.6263,1718.89,2373.6742,1090.8717,582.9733,141.0103,278.1037,303.5639,36.5582,1983.9372,340.775,77.0334,3571.6093,16.3206,62.0184,1078.468,1066.7172,598.8435,387.1256,639.7692,78.9919,605.8222,1757.4067,7.8339,59.4071,23.5017,9840.6942,1453.19,180.1799,2656.3477,1598.7701,2200.0225,968.7933,2984.719,1575.9212,482.4382,206.9457,2489.2243,249.0138,2672.6683,388.4313,4.5698,2522.5184,1194.0182,2.6113,145.5801,6.5283,558.166,21.5432,1625.5359,3175.9969,4239.4499,4765.6274,2171.2982,695.9122,3463.2402,1774.3802,2098.8345,2547.9786,609.7392,2937.7155,3536.3567,8553.322,400.835,3249.1134,63.9769,994.9063,591.9301,1541.3214,5711.5718,221.3079,1233.1877,660.6596,667.1878,546.4151,221.9607,3065.6694,3602.2921,349.2617,73.1165,400.835,2305.7803,1022.325,464.1591,31.9885,12.4037,195.8477,150.8027,1664.7055,443.2686,1289.3307,546.4151,1021.0194,297.6885,484.3967,242.1983,37.2763,7499.0085,590.1544,649.5746,1261.912,1656.2187,1686.9015,13.7093,959.0009,571.8753,863.0355,1311.5268,413.2387,7475.5068,428.9065,61.3656,1737.1691,173.6516,655.437,356.4428,110.3275,51.5732,1378.7678,7.1811,1789.3952,3668.8803,1812.8969,1395.6368,821.9075,342.7335,229.1418,5679.5834,801.6699,2478.7791,3256.9473,1466.2465,533.3586,844.7564,132.5236,7389.3338,5377.9779,1437.5221,13.0565,240.8927,151.4556,86.173,489.6193,1081.0793,52.2261,4617.436,176.2629,1395.0885,10.4452,23.5017,25972.6695,13554.6195,379.9445,293.7193,48.9619,37.2111,36.5582,2.6113,663.2709,1288.0251,1430.9939,626.0598,2335.1574,2131.4758,10171.6768,166.4705,329.0241,0.6528,1337.6398,13.7093,1.3057,92.0484,1257.3422,17.6263,5.2226,7922.6924,228.489,86.173,0,17797.9864,6.5283,733.1689,451.1025,474.6043,29.3772,1810.2791,461.5478
TCGA-BT-A20W-01,3.366666667,1923.913,3056.9054,0.6394,255.7545,629.7954,35.1662,2450.7673,1444.3734,688.6189,1317.1355,817.1355,1514.7059,173.2737,1081.202,298.5934,641.9437,305.6266,4419.4373,1183.5038,636.8286,10293.4783,202.6854,2615.7289,1479.5396,1902.8133,8471.8095,1477.6215,1024.9361,659.1752,2248.7212,11606.1381,562.6598,429.0281,867.0077,1932.8645,12.1483,163.6829,11858.0563,378.5166,21607.4169,17.2634,1157.9284,12313.9386,1796.6752,2673.2737,182.8645,439.8977,3104.2199,657.9284,205.243,2697.1483,903.4527,1153.587,487.2123,1409.8465,1008.312,822.89,898.977,8.9514,1430.9463,1770.4604,3079.2839,2293.4783,1537.0844,2363.8107,1767.2634,1690.5371,12227.6215,2203.3248,17.9028,1597.1867,1512.2826,430.9463,719.9488,7686.0614,732.7366,487.8517,1592.0716,2647.0588,1341.4322,19.821,333.7596,1852.3018,6392.5831,1347.8261,1057.0844,7171.9949,2299.2327,760.2302,58.8235,1171.3555,3035.8056,1056.9054,741.688,2247.4425,5485.2941,732.0972,3306.266,1868.9258,13.4271,2306.9054,780.0512,67.1355,1106.7775,2056.9054,151.5345,74.8082,23368.9258,584.399,1730.179,3956.899,728.9003,1136.8286,677.11,13.4271,202.046,130.4348,1370.2046,2859.335,177.7494,1195.6522,244.8849,533.8875,264.0665,65.8568,1428.3887,1208.4399,88.2353,4407.289,25.5754,294.1176,33.2481,1219.9488,527.1867,328.6445,762.7877,187.9795,727.6215,1463.555,23.6573,232.0972,83.1202,6815.2174,1636.1893,1846.5473,2869.5652,1484.6547,2143.8619,828.0051,1651.5345,1431.5857,868.2864,51.1509,1430.3069,395.4092,2280.6905,10893.8619,819.0537,1740.4092,678.3887,6.3939,38.3632,11.509,453.3248,22.3785,2629.156,4773.0179,5354.8593,7554.9808,2921.3555,703.9642,8035.8056,1725.0639,2275.5754,1274.9361,22.3785,2526.8542,5902.8133,2698.2097,758.312,746.1637,219.3095,1824.1688,1064.3926,1301.7903,4303.0691,259.5908,1066.4962,814.578,907.9284,540.9207,796.0358,1446.9309,2697.5703,221.867,355.4987,491.688,2353.5806,1152.1739,274.2967,218.0307,24.2967,221.2276,123.4015,1313.2992,2531.3299,1381.0742,2839.5141,867.0077,430.3069,264.7059,373.4015,18.6317,14661.7647,507.0332,389.3798,2248.7212,7966.1125,2384.9105,30.0512,709.0793,1078.6445,635.5499,1169.4373,5274.2967,6314.578,429.0281,69.0537,1601.6624,261.509,758.9514,304.3478,9691.1765,10.2302,1080.5627,23.0179,2776.8542,1791.5601,1186.0614,985.7289,2225.0639,927.11,210.9974,8217.3913,401.5345,2028.7724,5448.2097,588.2353,364.4501,96.5473,52.4297,6500,4452.046,1164.3223,20.4604,385.5499,137.468,312.6598,363.1714,803.0691,299.2327,6900.2558,179.0281,12638.7468,86.9565,12.7877,17965.4731,7000,314.578,497.9476,13.4271,109.9744,625.9591,12.1483,356.1381,1797.954,2446.9309,663.6829,1926.4706,2115.7289,10269.821,28.133,354.2199,14.7059,1200.7673,3.8363,40.9207,324.1688,2015.9847,17.9028,0,9381.0742,0.6394,208.4399,0,9547.954,61.3811,519.1816,500.6394,439.2583,205.243,806.2468,560.1023
TCGA-BT-A2LB-01,16.66666667,1448.5582,3657.5294,0,287.6468,305.0908,8.188,2536.1339,1134.5675,353.1506,584.9057,1175.8633,1611.2496,122.8195,702.3852,85.7957,430.7583,123.5315,3262.015,302.2428,843.0046,8725.5251,60.5198,3797.7928,1613.7415,1257.031,16140.6052,1399.4304,1451.0502,542.1823,2155.2154,12667.1413,286.2229,285.1549,2540.7618,4749.021,11.748,2.136,7730.5091,341.0466,18931.2923,6.408,1773.5849,19361.6946,2380.2065,3824.8487,204.6992,331.4347,5783.1969,676.0413,82.2357,1975.8989,909.5764,908.5938,316.8387,1133.4995,1475.2581,1589.1776,1017.4439,11.392,847.9886,1411.5344,2704.1652,1123.8875,573.8697,3459.5372,734.7811,1835.8847,7865.4325,1592.3816,1.424,1076.1837,443.7309,355.2866,471.6981,10395.1584,347.0986,207.5472,1068.3517,1643.6454,1018.8679,6.408,310.0748,1819.8647,6847.2766,1636.8815,1283.3749,3414.0263,2278.7469,191.8832,91.8476,792.4528,951.2282,1060.1638,340.3346,1782.4849,2574.5817,479.1741,2544.3218,1144.8914,0,3219.6511,364.1865,52.6878,1004.272,1294.0548,43.4318,75.8277,28190.8152,864.0085,1129.9395,3421.7871,579.2097,2077.9637,394.8024,38.0918,177.6433,59.8078,948.7362,3445.3542,298.6828,856.1766,181.9153,708.0812,630.4735,373.7985,1523.3179,1346.7426,64.4357,5491.99,1.424,157.7074,17.0879,1305.0908,307.9957,147.0274,754.717,6.408,360.2706,1496.618,9.968,126.0235,43.4318,16748.665,1633.6775,121.3955,1436.0983,550.7298,1865.0765,548.5938,2337.1307,1741.901,701.3172,119.2595,1498.398,302.9049,1623.3535,5098.2556,240.299,1328.5867,658.9534,4.272,58.7398,7.12,303.3108,32.7519,3483.0901,4574.9377,4070.4877,3920.2563,2422.4956,1032.0399,1664.6493,1626.5575,2496.262,996.796,14.2399,1713.0651,3837.3087,3611.6056,794.9448,813.8127,600.9256,2033.1079,1614.8879,1193.3072,4413.6703,861.5166,3211.8192,492.702,538.2698,1775.0089,490.21,1851.9046,2897.1164,175.1513,676.7533,196.5112,2143.4674,541.4738,456.0342,56.6038,12.8159,82.5917,182.2713,1521.5379,361.3386,3700.2492,2002.136,1049.1278,1136.3475,488.074,452.8302,11.7907,12733.7131,354.2186,279.3734,1116.7675,3589.5336,2743.325,39.1598,377.7145,538.9818,1203.6312,1479.8861,2087.9316,10608.4016,279.1029,93.2716,3086.5077,150.2314,385.5465,795.6568,1590.6016,27.7679,1312.9227,0,2004.628,3047.3478,1563.1897,845.1655,3692.0612,341.7586,147.7394,6466.0021,533.9979,1533.6419,5219.6511,321.8227,416.8743,626.2015,111.7836,4782.8409,5368.1025,1319.3307,18.8679,155.5714,244.571,118.9035,290.1388,2065.8597,88.2876,1480.5981,54.8238,10348.1666,32.0399,27.0559,32636.8815,8873.9765,270.9149,569.0352,31.6839,463.1541,801.7088,0.712,499.822,708.0812,852.6166,844.7846,1767.1769,894.2684,8975.7921,81.1677,196.8672,2.492,868.9925,26.6999,3.56,556.4258,1986.4721,50.1958,28.8359,6963.6881,0.712,619.4375,0,4729.7971,117.4795,483.8163,370.9505,926.6643,161.9794,774.2471,221.0751
TCGA-BT-A2LD-01,3.233333333,1149.5513,2847.4576,0,129.1127,327.0189,2.4925,1529.4118,1379.8604,312.5623,809.5713,897.8066,2474.5763,140.5783,904.2871,130.6082,529.9103,137.0887,79.2622,721.8345,610.1695,19991.0269,1018.4447,1277.1685,1503.988,2021.9342,5498.4796,1892.8215,1406.2812,5632.5174,2325.0249,10652.5424,762.7119,330.01,2500.997,93.7188,1.4955,50.8475,16892.8215,324.5264,25809.0728,12.4626,1562.8116,1266.2014,2627.1186,5453.1406,177.4676,356.4307,2276.1715,223.8285,10.9671,2126.7846,1023.9282,773.6241,840.4786,1489.0329,1230.3091,7535.8923,958.6241,10.4686,1969.5912,2541.8744,5871.3858,3187.4377,2778.664,2401.7348,425.7228,1297.1087,5784.6461,1299.1027,1.994,879.3619,224.322,305.5833,802.0937,5324.0279,111.1665,189.4317,1059.8205,1530.9073,960.6181,15.9521,59.8205,1585.2443,4397.3081,1405.7827,1043.6341,3294.1176,2391.326,519.4417,282.1535,878.8634,1194.4167,978.5643,201.8943,1606.1815,3125.1246,672.4826,2387.8365,630.1097,7.4776,5684.4467,400.2991,33.3998,979.5613,1750.7478,79.2622,40.8774,23975.5733,279.1625,1452.1436,3713.6441,2507.4776,3753.7388,4002.991,181.4556,158.0259,51.346,1278.664,2093.2203,228.8136,1547.3579,473.5793,354.4367,607.677,2313.0608,1284.6461,348.9531,21.9342,3448.1555,7.4776,90.2293,27.4177,858.9232,728.1406,341.4756,1541.3759,63.8086,640.5783,1021.4357,15.4536,77.2682,65.3041,2546.8594,1769.6909,177.9661,2194.4167,1489.0329,2863.4098,721.336,2210.3689,1146.0618,646.5603,40.3789,1516.4506,397.0937,650.5484,1530.4088,334.4965,2291.1266,1704.8853,1.994,64.3071,13.9581,374.8754,145.0648,1521.9342,3544.3669,2953.6391,5333.4845,3847.9561,803.5892,1942.672,1324.5264,1775.673,1090.2293,3.4895,1142.5723,1355.4337,4073.7787,333.998,105.683,91.7248,511.9641,391.0518,1238.7836,5713.3599,1435.1944,1492.5224,1111.1665,1407.2782,357.9262,594.7159,2377.3679,1781.1565,277.667,1385.8425,405.2841,1899.8006,905.7827,358.4247,99.2024,8.9731,156.0319,58.325,1054.337,478.0658,1031.9043,2740.7777,1291.6251,475.0748,10.4686,1577.2682,8.5145,6557.8265,225.8225,240.5882,1743.2702,3706.8794,1370.8873,16.4506,1184.9452,748.2552,943.669,1293.6191,2435.6929,9917.7468,643.0708,125.6231,2111.1665,36.3908,304.5862,1081.7547,386.8395,4.985,569.7906,165.4038,5336.989,1860.4187,1370.8873,1900.8175,9819.5414,841.9741,242.7717,4854.9352,706.3809,1932.7019,2608.1755,1724.8255,175.4736,198.9033,25.4237,1568.2951,3407.2782,672.9811,4.985,386.8395,124.1276,119.6411,611.665,181.9541,96.2114,849.4516,76.7697,4844.4666,17.9462,3.988,12504.4865,8111.1665,193.9182,288.3848,70.7876,23.4297,501.4656,0,268.1954,1497.5075,3935.1944,1578.2652,2394.317,7438.6839,19545.8624,46.3609,313.5593,0,466.6002,0.4985,1.994,162.014,854.9352,17.9462,2.4925,11146.5603,16.4506,613.1605,22.9312,5632.1037,5.4835,639.0828,311.0668,318.0459,44.3669,342.9711,603.1904
TCGA-BT-A3PH-01,13.8,1279.1754,3966.8064,0.6988,88.7491,618.4486,3.8435,4082.1104,937.4563,270.4403,903.9133,474.144,1657.2327,160.028,744.5842,519.5667,787.2117,183.0887,2096.0867,501.0482,648.4976,30519.9161,213.1377,2711.74,930.1188,1086.6527,6903.9064,1481.8309,472.7463,828.0887,3244.9336,9017.8197,462.6136,287.5611,3286.8623,12606.5688,0,154.0881,4338.9238,332.2851,24150.594,10.4822,3004.8917,4364.7799,2233.0538,2635.9189,78.2669,200.559,2766.9462,115.6534,17.8197,2024.2313,1397.624,2067.949,111.8099,1049.2662,1546.1216,302.5856,818.3089,4.5423,844.5143,1113.557,3263.8015,614.2558,1146.0517,1484.2523,495.1083,119.8463,10350.1048,921.0342,1.3976,2102.376,255.028,446.1915,263.8015,6109.3641,272.8861,306.7785,1823.8994,3633.1237,941.9986,4.5423,8.7352,2350.1048,3959.8183,1608.6653,1446.5409,4536.6876,2441.6492,84.9057,16.0727,922.0825,2511.181,680.6429,406.7086,202.6555,930.1188,870.3704,2266.9462,1012.928,0,1425.5765,799.7904,46.1216,3541.5793,1767.2956,85.6045,8.3857,26448.6373,334.731,2050.6639,18294.9092,211.0412,1610.7617,1003.8435,3.4941,9.7834,17.4703,1389.5877,2620.5451,292.1034,1442.6974,351.8519,442.6974,65.6883,1319.3571,1348.7072,111.4605,29.3501,10496.8553,0.3494,185.884,551.0133,948.6373,1046.1321,146.4011,287.5611,322.1523,439.9022,1168.4137,4.8917,12.2292,5.2411,2608.3159,1072.6765,540.8805,2261.7051,659.6785,2037.037,501.3976,3268.6932,3909.1544,346.6108,38.4347,2089.4479,386.2579,1222.5716,4433.6129,75.1223,1373.515,964.0112,1.747,0.3494,2.7952,423.1307,6.6387,1037.3864,5028.6513,5424.1789,5798.7386,3435.0105,663.522,1921.7331,2266.2474,2814.116,780.573,12.928,1875.6115,5516.4221,3088.0503,422.0825,37.037,248.4277,488.1202,895.0978,743.1866,3807.8267,95.0384,1878.4067,979.385,553.4591,241.789,433.9623,1787.5611,1734.102,302.2362,859.5388,202.3061,2234.8008,602.7219,246.6806,38.0853,8.3857,153.0398,45.0734,1336.1286,1338.225,2051.3627,1226.4151,727.1139,309.9231,1065.6883,35.9888,9.144,14107.2676,219.0776,319.109,1694.2697,3623.3403,12315.1642,4.1929,1940.9504,480.4333,588.3997,1030.0489,1921.7331,15554.8567,720.4752,164.2208,402.8651,179.9441,464.0112,10.8316,2692.5227,1.3976,314.4654,6.9427,3502.7952,1704.4025,1098.8819,749.9895,9774.9825,1651.6422,773.5849,5356.3941,834.731,1967.5052,2962.963,686.2334,87.7009,1276.3802,29.6995,10319.7065,3587.3515,725.7163,5.5905,225.0175,119.1474,56.3557,231.3068,1011.8798,95.0384,3853.5989,94.689,3000.6988,5.2411,1.0482,3906.0098,7881.9008,270.4403,210.6429,22.362,33.543,586.6492,7.3375,146.7505,714.1859,3287.2117,393.4312,1625.0874,1708.5954,31706.8484,37.7358,226.7645,1.0482,982.5297,1.3976,20.615,68.833,2871.768,4.1929,1.747,12920.6848,0,226.0657,1.0482,8943.7456,22.7114,449.0426,519.2173,165.9679,17.1209,799.7729,574.4235
TCGA-BT-A3PJ-01,14.23333333,1460.4592,3800.3827,0.3189,21.3648,514.6684,0,2029.9745,1273.5969,1299.1071,1026.7857,765.625,1594.3878,115.7526,459.8214,156.25,683.0357,448.3418,105.2296,1199.9362,634.8852,8044.6429,6935.5867,79.0816,2626.5944,1268.4949,8736.2787,2474.1709,626.9133,40219.1358,1302.2959,3036.6709,449.6173,321.4286,259.5663,1122.1301,1.9133,62.8189,64.0944,535.7143,12281.25,7.6531,1471.6199,552.2959,2194.1964,3690.051,721.6199,215.2423,2602.0408,442.602,10.8418,1545.0064,1354.9107,1474.0051,335.1403,744.5791,1590.8801,3675.7015,802.2959,7.0153,1386.4796,3074.6173,1044.0051,2215.5612,1139.0306,2977.3852,321.4286,2755.4209,7288.2653,3130.7398,182.7168,1070.4719,70.0606,740.7526,506.6964,8330.3571,894.4515,105.2296,2316.0077,3692.2832,332.5893,13.074,354.9107,1606.824,5045.2806,1655.6122,1227.0408,4005.7398,2409.1199,96.301,166.4541,627.551,2329.7194,1159.4388,525.5102,3657.2066,2400.5102,603.3163,1436.2245,682.0791,0.6378,1729.9107,766.9005,102.3597,434.6301,2144.4515,212.6913,66.0077,47936.5434,576.2117,1567.602,4616.317,1059.3112,2141.9005,180.8036,336.4158,26.7857,28.0612,1258.9286,3393.4949,1519.4515,1385.2041,382.0153,401.4668,884.2474,36.352,1504.4643,116.3903,63.1378,1038.2653,0.6378,68.8776,133.6097,1291.1352,1256.9196,425.7015,110.0128,0.9566,898.2781,1431.7602,2.551,125.3189,26.7857,2906.8878,1771.0459,285.7143,1720.9821,1278.0612,2699.2985,866.3903,3794.9617,1188.7755,270.727,132.6531,2587.3724,353.8297,2156.8878,1261.4796,3.1888,5167.0918,610.0128,2.551,5.7398,0,387.1173,334.8214,1815.6888,2344.0689,3357.1429,8220.3348,1566.0077,648.5969,4751.2755,1661.9898,11751.2755,2094.0689,6.0587,2022.0026,2105.5485,4304.5281,357.4617,189.7321,87.0536,1037.9464,624.4037,1597.5765,6302.2959,950.2551,1250.3189,793.3673,1195.1531,3348.2143,532.2066,4620.2168,2217.4745,607.1429,2233.0995,823.3418,2610.6505,1139.9872,653.0612,28.0612,14.3495,202.8061,892.5383,1011.7985,718.4311,1556.1224,577.8061,1701.5306,617.9847,349.8087,146.6837,11.5434,4363.5204,614.1582,263.5236,2418.6862,6135.8418,1077.1684,33.1633,707.2704,607.4617,1524.5536,1508.6097,5.4209,6271.0459,375.9566,56.1224,1024.2347,60.2679,1489.7959,712.0536,44.0051,95.6633,1050.0638,6.6645,3150.8291,5451.8495,1204.0816,1437.4554,1631.0587,492.6658,360.0128,6023.9158,1154.6556,1623.7245,4870.8546,1766.5816,326.5306,1864.1582,126.9133,1695.4719,2015.3061,1271.6837,1.5944,190.6888,161.352,70.1531,356.1862,2709.5026,54.2092,7116.3903,117.3469,315.6888,3.1888,4.1454,37541.4541,4562.1811,402.4235,638.0867,2.551,37.3087,4953.4247,15.625,582.9082,1395.0893,723.2143,704.4005,2039.2219,3585.4592,8620.2168,72.0663,316.6454,1.2755,834.1837,0.3189,1.2755,92.4745,161.352,48.4694,0,26566.6454,0,32.2066,0,13047.5128,55.8036,843.1122,469.3878,418.0485,93.1122,892.1811,560.2679
TCGA-BT-A3PK-01,11.73333333,2289.169,4332.9046,1.8009,226.6529,558.0139,3.6017,1166.7095,1465.6547,434.2681,1131.4639,1583.4834,2838.6931,104.1935,418.3175,191.6645,524.0545,165.4232,749.4211,1111.6542,1044.7646,7025.4695,46.5655,367.3784,1286.3391,2214.0468,13547.947,1881.6568,806.2773,1139.4031,2954.9781,72754.052,366.6066,445.3306,129.1484,6360.1749,4.6308,104.708,285.0527,485.9789,17486.4934,11.3198,1323.3856,2131.9784,4570.8773,4728.8397,204.5279,548.7523,2375.611,536.6607,79.2385,2525.9455,1377.4119,1738.9066,284.2809,1186.2619,982.2485,1888.603,754.052,11.8343,872.6524,1900.6946,2634.4224,1369.4366,2031.1294,3566.4883,2311.2941,3845.1248,10593.5169,1847.6975,0.5145,1046.5655,337.574,545.9223,435.5544,5501.9295,1359.6604,270.6457,1589.1433,3921.7906,745.8194,13.1207,191.4073,2394.3916,5049.3954,1357.8595,821.7134,3759.9691,1835.0913,619.7582,167.2241,759.7119,2539.4906,1421.4047,612.2974,1744.7903,1834.0623,516.851,2618.2146,930.5377,0,1944.4302,666.0664,89.2719,651.9166,1770.0026,279.1356,95.4464,21748.9066,1010.8052,1270.3885,5537.134,4870.0798,1938.7703,447.3887,125.804,30.8721,52.2254,1535.8889,3701.3121,1224.0803,805.2483,284.5382,357.6023,483.9208,1092.3591,1282.2228,1198.0962,154.618,2470.0283,0.2573,524.5691,190.1209,1265.7577,637.1778,239.2591,859.5318,62.2588,246.7198,1363.5194,53.5117,121.1731,53.2544,2888.8603,1698.4821,1203.2416,1571.3918,1062.7733,1993.0538,726.267,3643.4268,5595.575,355.5441,117.3141,1313.0949,271.6748,2501.415,595.575,3.6017,2324.672,994.5974,7.718,71.7777,0.7718,399.2797,101.8781,6987.9084,6308.4641,5952.6627,2882.4286,2564.3941,937.9985,1983.2776,1307.1778,3353.7432,1188.0628,37.0466,1947.7746,2515.0502,6475.1737,312.3231,526.6272,125.2894,2819.1407,1003.0409,1272.1893,4981.734,436.5835,1374.3247,945.9738,591.4587,1965.5261,753.0229,4398.2506,2255.7242,188.8346,102.6499,348.8552,2596.6041,962.9509,343.9671,420.1183,49.1382,164.1369,618.4718,1134.0365,4454.335,1278.3638,723.9516,1954.9781,499.8714,251.0934,78.724,91.0574,15384.6154,299.4597,569.5626,987.6511,5806.7919,1226.1384,25.984,580.6535,691.2786,816.8253,1048.1091,80.5248,10105.4798,410.3422,63.8024,1522.2537,137.381,814.7672,2949.061,585.027,9.2616,990.4811,19.0352,5656.8047,7846.1538,1437.8698,900.5068,3332.39,935.9403,497.556,6270.6457,762.7991,2062.0015,3313.0949,1639.0533,714.1755,253.4088,43.9928,9266.7867,3457.9367,1038.0756,12.3489,286.3391,102.3926,72.6241,546.6941,3746.3339,284.2809,10785.1814,94.16,916.388,60.7152,196.8099,22504.2449,6866.7353,229.4829,249.5729,8.2326,135.5801,1517.3656,3.859,378.6982,1412.9148,1878.5696,1546.1796,1379.9846,2993.5683,10365.5776,63.5452,380.7564,1.2863,759.9691,2.5727,18.5233,89.2719,382.8145,30.1003,3.6017,16571.9064,85.4129,126.833,0.2573,7613.3265,43.9928,598.0936,341.3944,432.4672,78.2094,983.5117,674.8135
TCGA-BT-A42C-01,10.46666667,899.6842,4241.276,6.1533,158.6916,424.2571,22.6702,2612.2581,1179.4996,326.4513,1104.6879,955.7121,1292.5269,20.4032,543.4378,121.1238,552.182,105.2546,847.2188,225.083,781.1513,23497.0448,692.7374,3221.1157,1513.7236,1458.6673,4087.4261,2080.1555,934.0134,540.4939,1753.3803,5288.3167,428.4673,364.9907,469.9215,3040.7254,1.2954,26.5566,6867.1363,345.2352,26090.1951,13.6021,985.5072,11803.0929,2142.6605,2114.8085,72.8686,84.2037,2398.8341,645.7777,1148.409,2383.956,1063.2337,1004.0677,436.8877,1261.7602,1271.7999,931.0987,438.507,13.6021,889.3207,1029.8761,1423.3665,2338.5961,550.8866,5185.3162,1465.7922,1613.1487,7837.0982,1431.7869,1.6193,909.0762,169.1944,415.1891,1833.3738,8248.4009,201.1173,66.7152,1304.8336,2377.7832,384.4223,13.6021,650.3117,1366.691,8646.1015,1065.5008,632.1755,4490.9724,1979.7587,573.5568,54.7324,1065.8246,2349.9312,1742.0452,578.4147,2806.5744,2677.0302,599.7895,2818.8811,1024.3705,0,2975.6295,784.3899,31.4145,1104.364,1737.5111,94.8911,8.0965,27956.2788,1084.6085,2027.6901,5061.2582,118.8568,1419.1563,676.2205,6.8011,26.8804,17.1646,1041.5351,5418.5086,110.4364,1728.1192,369.5247,497.7735,63.8005,436.24,1855.0725,248.0771,9.0681,5047.0407,35.3008,111.0841,292.7698,1359.8899,754.883,119.5045,164.5211,14.8976,1305.9218,1123.7956,4.8579,23.9657,20.7271,7053.6799,921.059,434.2968,2051.3319,568.375,2276.4149,1207.3516,1666.9096,40474.7794,744.879,14.2499,1318.4358,274.9575,730.3052,1464.1729,10.3635,1205.4085,765.2822,0.3239,6.1533,0.3239,650.9594,2.5909,473.4839,1796.7776,5272.4476,2586.0254,2971.7432,1049.3077,2452.5949,1810.7036,5350.4979,1330.0947,323.5366,1311.6347,5829.4875,3889.2397,529.8356,650.6356,161.6063,1132.5399,974.4247,1653.6313,3368.796,170.6744,987.7743,997.8139,882.1958,169.7029,435.2684,1265.3226,3419.966,108.8171,470.893,166.7881,2348.3119,795.0773,327.099,45.0166,6.1533,172.2937,117.8852,1581.4104,835.236,1558.0925,7687.1508,535.0174,375.0304,531.1311,88.4139,20.6137,15560.1976,289.5312,428.2957,1193.7495,11812.161,2017.6504,1.6193,826.1679,928.184,671.6865,1173.0224,2677.0302,7248.32,251.3157,147.0326,1511.7804,140.5554,764.9583,328.3945,7001.2145,38.5394,1709.0114,4.0774,3461.0963,1856.044,1388.3896,345.3486,1806.8173,1263.0556,186.2197,6828.9207,546.3525,1931.5035,4499.3928,600.7611,575.1761,785.3615,76.7549,6603.19,4848.5143,1687.3128,2.5909,562.5455,154.1576,73.1925,346.2068,611.4485,51.1699,5028.2568,112.3796,11585.7825,6.4772,0.9716,6526.4351,6680.5927,206.2991,496.491,8.4204,31.0906,339.4057,3.8863,1476.1558,1127.3581,2051.6557,846.5711,1618.3305,1745.2838,12908.7523,111.7318,299.8947,2.267,889.6446,20.4032,8.0965,1431.463,1710.6307,42.7496,0,11266.1323,7.4488,219.2535,0.3239,13216.4197,47.2836,861.1448,503.2791,363.6952,86.4707,2408.8576,285.9687
TCGA-C4-A0F0-01,2.733333333,1225.0397,5225.9953,1.3272,442.6335,492.4049,0.6636,1415.4981,1335.8639,524.9222,1042.5446,696.7994,1223.7124,31.1901,295.9738,125.4239,497.7138,109.497,20.5722,1285.4289,1221.7216,65.6982,1773.1885,88.9249,848.1044,909.8209,9669.5777,1213.0945,94.8974,1459.2771,737.9437,1370.3721,473.16,69.6799,26.5447,2471.3151,7.2998,3.9817,19.9086,597.9202,16300.4599,19.2449,1610.602,1780.4883,1154.6961,2022.709,178.5134,177.1861,1645.1101,244.2116,76.9797,489.6509,20238.3717,2637.5913,311.2371,803.6419,824.2141,2163.3961,746.5708,5.3089,1412.1801,2858.2046,1719.4354,1205.7947,449.2697,2127.5607,1584.0572,2949.784,29057.1973,4444.9164,0,1036.572,211.316,443.9607,516.9588,9972.1944,436.6609,153.2959,1125.4969,4501.3239,353.045,55.7439,366.981,724.6713,4630.0659,1753.2799,2116.9428,2775.2523,1719.4354,873.9855,86.934,1134.1239,5425.7444,929.7294,128.0784,599.9111,122.1058,436.6609,3961.1385,113.4788,0.6636,2440.125,552.7942,106.8426,195.7674,1172.6138,243.548,41.1443,20843.5918,387.5532,1724.7443,288.674,447.2788,1519.6862,421.3977,71.6708,15.2632,47.1169,1202.4766,4506.6329,3743.4717,812.269,149.3142,232.9301,410.7798,36.499,1027.945,556.1123,83.6159,41.1443,0,1483.1872,5.3089,386.2259,912.5882,516.2952,160.5957,5.3089,346.4088,1536.9403,8.627,83.6159,19.9086,1678.9547,1441.3793,585.9751,1736.0259,767.1429,3578.8943,568.0574,2181.9775,440.6426,74.3253,76.9797,1684.9272,106.8426,4431.644,277.3925,4.6453,2010.7639,382.9078,4.6453,15.9268,0.6636,532.222,142.678,1368.3812,580.0025,4354.0006,10167.2982,1519.0226,350.3905,5601.6033,3002.8735,2750.0348,2609.3477,0,929.0658,1623.8743,1999.4824,341.0999,130.0692,37.1626,1475.8874,194.4137,923.0933,5851.7875,1173.2774,1363.0723,1980.2374,1243.621,8265.3677,189.7949,795.6785,3142.897,286.6832,182.4951,874.6491,1999.4824,543.5035,656.3186,51.0986,7.9634,281.3742,303.2736,2786.5339,1355.7725,848.1044,333.1365,2018.0637,114.1424,188.4676,120.7786,2.681,11255.6325,842.7954,392.1985,1869.4132,1974.9285,654.9914,7.2998,393.5257,244.8752,1645.7737,773.7791,15.9268,8313.8119,487.0959,224.9667,1540.922,25.8811,850.0952,427.3703,257.484,2.6545,429.3611,1.9909,1636.4831,2479.2785,1550.2127,2449.6745,2189.9409,666.2729,368.9719,3782.6251,1288.747,2686.3275,3007.5188,471.8327,748.5616,232.9301,13.936,1920.5118,3310.7924,1601.9749,1.3272,412.7707,181.8315,50.2558,423.3886,2146.8057,61.7165,1438.0612,76.3161,378.2625,5.9726,31.1901,7830.034,5736.9815,122.1058,273.6895,1.3272,46.4533,1523.668,0,524.2586,2471.3151,773.1155,773.1155,3799.2156,1945.0657,8911.7321,42.4716,396.1802,0,491.0776,0,0,28.5356,131.3965,23.8903,15.2632,9211.6876,2.6545,36.499,0,1045.1991,9.2907,549.4761,546.158,50.435,3.3181,887.2579,437.3246
TCGA-C4-A0F1-01,4.766666667,1815.8917,3399.7052,0,235.2941,995.8462,1.072,3119.925,961.0076,436.8217,1134.6643,695.1628,1642.771,47.166,691.9469,304.9712,481.8438,166.689,18.2232,629.7735,1710.8401,5895.7524,3.7518,76.6448,2161.0612,2580.7316,9865.7001,1647.0588,331.7701,5092.231,2392.6035,3187.4581,350.5293,252.9814,55.2057,698.3787,1.072,13.3994,520.4341,376.2562,13998.1241,13.3994,1754.7903,2426.3701,1466.9704,3171.9148,285.14,101.8357,2590.9152,421.2783,40.1983,1508.8517,884.8988,1618.7592,629.7735,1335.6559,1193.0859,741.7928,781.9912,5.8958,611.5503,1882.3529,1108.9374,2090.8482,846.3085,4662.5539,4575.6398,3543.8832,21717.2719,2088.1683,0,1193.6219,657.4139,1520.5681,448.0772,6762.964,824.3334,404.663,1943.9904,2460.6727,1913.9756,9.6476,34.3026,1602.5727,5872.1694,2819.2416,1128.2326,3846.1745,1885.5688,242.2618,31.6227,1202.1975,478.6279,986.1986,666.756,1135.2003,1731.7433,717.6739,1234.3562,433.0698,0,2557.1486,1037.6524,63.2453,1674.9297,3155.8355,121.1309,16.6153,21941.8464,504.8908,919.7374,2582.9774,251.9094,987.8065,233.1502,45.5581,31.0867,19.2952,1620.2599,2386.1718,1619.724,570.28,185.4482,217.0709,314.0828,114.1632,1494.8412,468.9803,80.9326,3000.402,2.6799,156.5054,27.3349,910.0898,219.3863,189.2001,272.8125,198.8476,643.173,1536.6475,267.4528,126.4907,16.6153,3396.4893,1778.1053,485.0596,2670.2398,927.777,2900.7102,1212.3811,2992.8983,3096.8779,551.5208,128.6346,1576.3098,143.2561,2505.1588,221.3587,13.3994,1317.4327,2061.9054,2.6799,43.4142,1.072,427.71,21.9751,2173.9247,1082.1386,7945.3303,9846.4264,2290.7678,735.8971,2589.3072,1938.0946,5472.3302,2088.7043,311.4029,1758.5421,851.6682,7521.9081,647.4608,1867.3456,49.8459,1688.3291,274.8653,1259.5471,4414.8466,1373.7103,966.9034,954.0399,1272.4106,375.1842,1296.5295,2370.6284,11469.3823,308.723,36.9824,683.3713,2850.3283,840.9433,307.6511,119.523,16.0793,211.1751,474.3401,2620.3939,2417.7945,2609.1384,287.8199,2059.7615,416.4545,471.6602,711.7781,53.6513,16118.987,443.2534,482.2618,1841.6187,3227.1205,589.5752,6.4317,1465.8984,392.8715,613.6942,632.9894,75.0368,5606.8605,301.7553,110.9473,255.1253,130.2425,654.4285,2283.2641,112.0193,8.0397,1037.6524,6.9677,1329.7602,11776.4974,1427.3081,1295.4844,210.1032,331.7701,285.14,6186.7882,569.2081,2195.8998,2858.3679,460.9406,2718.4778,420.2064,28.4068,11596.9449,5143.24,1807.8521,13.9354,292.1077,97.0119,68.2889,145.2499,2158.9173,103.4437,2434.9457,61.6374,5043.5482,8.5756,66.4612,10250.0335,12798.0705,228.3264,188.8785,24.655,20.3671,34.8385,2.1439,852.2042,956.7198,739.113,862.9238,2177.1406,2165.3491,8595.471,22.5111,809.326,1.072,934.2088,0.536,1.6079,21.4391,146.8578,26.2629,0,7132.2524,12.8635,190.272,0,7548.171,98.6199,412.7027,316.7627,237.974,260.4851,715.5246,709.6342
TCGA-C4-A0F6-01,6.333333333,1319.3602,7401.3605,0.7354,501.5628,410.3696,140.467,3573.451,2550.4688,668.5052,1882.699,665.5635,1459.0917,118.4041,1859.9007,485.3833,461.1142,194.8888,2873.3223,652.3258,630.9983,14604.8906,5.8834,7874.2416,1648.8325,852.3626,7158.6542,1110.4983,1179.6286,1006.8027,1901.0848,27265.3061,316.97,178.7093,757.4922,14269.5348,0,8.0897,6944.6589,336.0912,41934.1791,3.6771,605.2583,18557.8231,5658.3931,3101.3054,181.651,113.9915,2897.5915,1414.2306,46.332,1959.169,1545.137,1329.8327,333.8849,1182.5703,1431.8809,1403.9345,678.8013,12.5023,1295.091,2070.9689,1782.6806,2533.554,1419.3786,2145.2473,4050.7446,2866.7034,7623.4602,1771.6492,1.4709,2232.0279,442.3166,312.5575,675.8595,10595.33,375.0689,358.8895,378.7461,2663.7249,1159.772,7.3543,230.9248,2128.3324,6557.8231,1455.4146,1264.9384,3126.31,3927.9279,1458.3563,72.8075,544.9531,3329.2885,477.2936,1050.1931,490.5313,2094.5027,472.1456,1699.5771,952.381,0,3027.7625,564.8097,61.7761,1630.4468,1594.4107,88.2515,20.592,23129.2517,260.342,1284.795,6215.2602,320.6472,1323.7728,489.0605,8.8252,150.0276,28.6817,1645.1554,3398.4188,191.2116,945.7621,153.7047,687.6264,262.5483,619.2315,1473.8003,347.1226,92.6641,3023.3499,25.74,75.7492,29.4172,1114.1754,488.9134,176.503,305.9386,43.3903,681.743,2157.7496,26.4755,52.9509,30.888,3339.5845,1411.2888,453.0245,1381.8717,1835.6315,1738.5549,945.7621,3966.1703,28893.5466,770.7299,77.2201,1242.8755,237.8378,1057.5473,5042.8388,108.8435,2807.1337,1425.262,0.7354,0.7354,0.7354,364.0375,6.6189,1835.6315,2307.7772,4088.9869,5278.1761,1903.291,1382.6071,4654.5321,1363.4859,2080.5295,3280.7501,329.4723,2058.4666,5026.6593,2968.9281,739.8419,656.7384,369.9209,887.6632,1284.3023,1199.4852,5537.7827,119.1395,1362.0151,939.1432,659.6801,292.7009,669.9761,2521.0517,1768.7075,225.0414,118.4041,429.4907,2958.6321,373.5466,403.7507,177.9739,10.296,104.431,72.8075,1552.4913,832.506,1323.0373,1834.1607,1451.7375,337.5621,428.7553,400.809,19.2241,5625.2988,579.5183,313.9768,2404.8538,2204.8171,2098.9152,5.8834,733.9584,894.282,713.3664,1204.6332,1653.2451,9096.5251,228.7185,350.7998,1806.2144,318.4409,710.4247,100.7538,914.1386,0.7354,1056.0765,0.7354,4250.7814,7611.6933,1572.3479,971.2668,1101.6731,300.0552,99.283,6722.5593,259.6065,1638.5365,3961.0222,150.0276,283.1403,411.105,42.6549,7366.0599,4936.2015,1121.5297,0.7354,274.3151,183.1219,86.7807,455.2307,354.4769,77.2201,1356.8671,186.799,9302.4453,5.148,5.8834,9824.6001,5582.6439,297.8489,312.1603,46.332,65.4532,37.5069,0,870.0129,1427.4683,3041.7356,1136.9737,1679.7205,3532.267,11669.0568,18.3857,301.526,25.0046,1313.4767,68.3949,17.6503,314.0283,2497.5179,19.1212,1.4709,10420.2978,44.8612,700.8641,0.7354,6907.8875,5.148,611.2006,587.608,658.2092,33.8297,420.6656,391.9838
TCGA-C4-A0F7-01,2.233333333,1265.8702,8527.2117,0.3123,274.5374,1115.0152,102.444,3350.0429,925.4314,539.7048,1003.5137,670.5708,1272.7415,71.5234,1548.5281,827.6724,1040.3685,360.1156,22.4877,601.2337,2666.042,11007.4178,1.2493,814.5545,806.434,1691.8872,8830.7582,2061.3727,1214.3359,2473.9408,2037.3233,2741.938,178.0276,391.9731,989.1466,21284.2976,1.5616,280.7839,1482.6267,438.8225,55015.226,15.6165,943.2342,5167.1742,4636.5269,3082.6892,219.5674,82.4549,1772.7805,377.9183,107.1289,2801.0869,1020.6918,3024.6272,900.1327,668.0721,653.0803,864.5272,1297.1031,9.6822,1414.8513,3383.7745,1403.6074,2338.721,892.3245,4316.3208,2405.8718,2879.0505,22299.0552,2241.899,7.1836,1209.0263,106.9228,850.4724,1468.8842,5987.0383,237.3702,174.592,2463.3404,3651.1283,1100.3358,170.2194,461.9349,1420.1608,13406.106,1320.8402,1110.9549,5188.7249,2235.34,842.0395,21.863,679.6283,2212.54,847.3491,1156.555,841.1025,3192.629,413.5239,2440.8527,989.4589,45.9124,2584.8364,1019.4425,323.2607,2275.9428,2349.6525,254.8606,14.6795,23599.594,716.4832,2373.0772,4104.3617,4694.9325,1294.6045,306.0826,21.5507,2.811,17.8028,1757.1641,5265.5579,3852.5806,512.2199,349.4964,436.0116,142.7344,34.6685,1516.0459,233.6222,110.2522,1905.2081,4.6849,412.5869,9.3699,544.0775,1075.8085,311.0799,514.0939,178.0276,372.9211,1761.849,175.2167,46.5371,31.5452,11451.2376,1819.3176,458.4993,1807.7614,1654.4077,1940.189,904.193,4090.8878,3482.4705,1422.0348,44.9754,2378.3868,336.7783,6842.508,536.5816,29.3589,6901.8506,2477.7075,1.5616,40.2905,1.874,375.732,12.1808,977.5904,1939.252,8921.0588,7532.4432,3770.7504,688.6859,6940.8917,2178.4961,5556.3364,1757.1641,752.0887,2371.8279,1036.3083,6155.3838,649.6447,604.9817,66.5261,1520.4185,139.1364,1144.9988,7059.2645,1020.3795,827.0477,2101.3508,1209.0263,284.5319,551.8857,2538.2994,9348.9498,284.5319,12.1808,570.6254,3277.2702,992.8914,252.6743,78.0823,36.8548,139.9235,260.1702,3109.2371,1284.61,1890.8409,191.7701,2041.0713,69.0248,35.2932,578.746,44.4632,11457.4842,468.8061,552.0231,1204.6537,3153.5879,3282.5798,3.4356,745.2175,967.2835,1000.0781,2637.3077,629.6557,8608.1049,485.6719,168.6578,1067.2289,406.6526,1117.5139,279.847,635.9022,2.1863,2008.2767,4.0603,1066.2919,4302.0223,2197.5482,4356.0022,1409.2293,118.6851,326.0717,5417.9745,562.8172,1665.9639,5970.4849,222.6907,535.6446,580.3076,196.7674,6126.9618,5990.474,3647.6927,20.9261,529.7103,112.1418,99.9453,415.7102,16688.0612,272.6634,1936.7533,46.5371,1939.8766,9.0575,306.7073,4854.845,7370.969,288.2798,790.4989,3.748,69.6494,38.1042,0.6247,1589.7556,1974.8575,1260.2483,1786.2107,1733.427,4396.0334,13637.542,85.8905,304.2086,1.2493,688.3735,0.937,27.1726,184.2742,1024.4398,47.7864,12.4932,3480.5965,0,328.5703,0.3123,8501.913,230.8113,407.0087,541.2665,208.3236,795.5025,2673.641,361.3649
TCGA-CF-A1HR-01,9.133333333,1356.7022,3383.0623,8.4128,83.567,421.7611,38.6988,1643.2978,1075.1542,641.6153,1212.0022,986.5395,2447.5603,416.1526,772.8547,186.203,678.6315,82.4453,1564.7785,424.0045,830.6225,21756.0292,153.6736,2560.8525,1816.0404,2226.0236,7858.6427,1590.5777,643.8587,375.7712,1946.719,15567.5827,214.8065,272.5743,2358.3847,5646.6629,5.6085,5.0477,4954.5709,287.1565,20031.4077,7.8519,846.8873,9297.2518,3519.3494,2231.0712,137.9697,172.1817,2335.3898,371.2844,1095.3449,1402.1368,840.157,1095.4964,200.7852,1195.1767,1609.0858,697.7005,998.3174,5.0477,781.8284,1139.0914,2629.2765,2593.3819,816.6012,2638.1941,1939.9888,1266.4049,5731.3517,1149.1868,2.8043,1745.373,1018.581,437.4649,2201.9069,8233.3146,235.558,259.6747,1435.7824,2633.7633,1174.4251,12.8996,153.1127,2085.8104,4669.097,1809.871,1039.8205,4567.0219,1967.4706,204.7112,55.5244,1153.1127,1727.9865,1059.4504,346.6068,351.6545,1043.1856,338.7549,1171.6209,1979.8093,0.5609,3070.1066,882.221,59.4504,2583.8474,1884.4644,65.0589,28.6035,23089.1755,1063.3763,1214.2457,5162.5631,4610.2075,1588.3343,162.0864,7.8519,127.8744,68.424,1467.751,4391.475,210.8805,1193.4941,176.1077,296.691,269.2092,603.4773,1491.8676,512.0583,36.4554,5708.3567,2.8043,175.5468,1203.5895,1338.1941,690.4319,172.1817,426.8087,84.1279,580.4823,1136.2872,11.217,102.636,60.0112,2581.0432,1132.3612,324.7336,2040.9422,936.6237,2151.991,406.0572,2290.5216,3452.608,579.3606,215.3674,1169.3775,172.5238,721.2563,3328.0987,6.1694,1469.9944,1131.2395,2.8043,17.9473,10.0953,550.7572,27.4818,1141.8957,3199.6635,5113.2922,3614.6943,4014.5822,1141.3348,2931.576,982.0527,2004.4868,1914.1896,72.9108,1240.6057,3602.9164,4404.9355,964.1054,1438.0258,445.8777,1722.378,1587.5379,1397.0836,3047.6725,155.917,1822.2098,323.6119,187.8856,527.2013,420.6394,2273.696,1767.8071,192.3724,534.4924,304.5429,1901.8508,628.71,471.1161,91.419,5.0477,164.3298,124.5093,864.8345,422.8828,1906.8985,1225.4627,902.9725,403.8138,323.6119,199.1026,5.0925,8184.5205,512.6192,427.235,1322.4902,2900.1683,4695.4571,13.4605,957.9361,674.7056,1033.0903,988.2221,2666.2928,7900.1683,358.3847,106.562,1854.7392,140.774,401.5704,567.0219,4340.9983,7.2911,1180.0337,0,6685.9226,5086.3713,1899.6074,927.078,877.7342,207.5154,128.4352,5545.1486,691.5311,2676.949,3022.4341,370.1626,698.8222,2476.1638,84.1279,12457.0948,3514.3017,2549.6354,28.0426,311.834,287.7173,84.6887,235.558,943.9148,92.5407,2440.2692,43.1856,10521.032,35.3337,2.2434,32983.1744,7670.7796,341.5592,225.1711,13.4605,43.7465,563.6568,2.2434,122.2658,590.5777,2028.6035,1079.6411,2334.8289,1083.567,11275.3786,31.9686,167.134,2.2434,1085.2496,8.9736,3.3651,363.4324,3919.2372,19.069,2.8043,10465.5076,0.5609,222.6584,0.5609,11744.8121,19.6298,363.4324,375.2103,1194.6158,105.4403,540.0561,272.5743
TCGA-CF-A1HS-01,9.2,2507.4716,4619.8446,3.5864,354.4531,787.2086,3.5864,2446.5033,2170.3527,415.4214,1277.9438,864.3156,849.9701,80.6934,981.4704,150.6276,218.171,505.6784,2075.3138,1077.7047,468.0215,12381.3509,1869.6952,968.3204,1480.5738,1873.2815,10667.0532,2026.8978,504.483,3338.2785,2164.9731,2040.6455,937.8362,436.9396,452.4806,667.6629,7.1727,4.7818,545.7262,483.5625,20326.3598,14.3455,1674.2379,1640.1674,2705.3198,2057.3819,206.2164,114.7639,4490.7352,332.9348,38.2546,1950.7711,1986.85,2012.636,1371.1895,1358.0395,681.4106,3141.064,706.5152,15.5409,1912.1339,3958.7567,1237.2983,1247.4597,943.8135,2256.312,2077.107,4294.0825,14887.0293,2881.052,5.3796,764.4949,97.2445,584.5786,631.7992,9062.7615,1133.8912,174.5368,1641.9605,3783.0245,2423.1919,65.7501,597.1309,1008.3682,3652.1219,1494.9193,1258.2188,7110.5798,1425.5828,208.6073,51.4047,551.1058,4052.6001,828.4519,614.465,3253.4369,1799.7609,593.5445,3520.0239,656.306,22.116,6410.0418,768.679,140.4662,1040.0478,2595.9354,330.5439,77.107,19610.8787,736.9994,2692.1698,2317.7585,323.9689,2326.9576,1512.8512,75.3138,28.691,13.7478,1147.639,3564.8536,2722.6539,1255.2301,253.4369,433.3533,949.1931,65.7501,1956.3658,589.3604,46.0251,1309.6234,1.7932,546.9217,34.0705,1056.7842,492.2415,578.0036,346.6826,75.9115,426.7782,1239.0915,3.5864,109.9821,87.8661,5114.1662,1711.8948,307.2325,2032.2773,1124.9253,2524.208,631.7992,2768.679,1376.569,355.0508,325.7621,1381.9486,349.3903,6332.9348,1479.3784,54.3933,2775.8518,1319.1871,5.9773,20.3228,4.1841,514.0466,66.3479,1735.2062,3861.327,5011.3568,6812.3132,1873.8793,480.5738,6127.3162,1211.5959,2007.7705,852.361,57.3819,2066.9456,2405.8577,3734.6085,827.8542,1299.462,114.1662,997.0114,246.7782,927.6748,5679.0197,117.7525,1930.6635,1029.2887,774.6563,903.7657,712.4925,2526.5989,3561.8649,329.3485,1530.1853,570.8308,2502.6898,1230.1255,388.5236,39.4501,65.1524,189.48,80.0956,1098.0275,730.4244,1485.9534,922.2953,1486.5511,191.8709,65.1524,1195.4573,28.7747,15810.52,389.7191,388.3861,971.9068,9717.8721,1825.4632,7.7705,699.9402,551.7035,1310.2212,716.6766,282.1279,8246.2642,346.6826,61.566,1726.2403,197.2504,1298.8643,2972.5045,958.159,14.9432,1104.6025,44.0944,3377.1668,11909.1452,862.5224,2017.7705,705.9175,616.8559,258.8165,5501.4943,686.1925,3443.5146,2204.4232,421.3987,3289.3007,42.4387,59.1751,7579.199,3037.0592,1441.7215,7.1727,454.2738,154.8117,84.8775,261.2074,7063.3592,38.2546,4688.5834,60.9683,1995.8159,28.0932,13.15,21408.8464,7011.9546,237.896,601.8649,1.1955,140.4662,1677.7884,9.5637,308.428,2593.5445,1475.792,1098.6252,4564.2558,5175.1345,10783.0245,57.9797,313.2098,1.1955,851.1656,1.7932,5.9773,120.1435,340.1076,57.3819,0,6800.9564,5.9773,199.6414,0,4364.0167,1.1955,332.9348,1056.1865,84.8775,10.7591,1087.1548,661.6856
TCGA-CF-A27C-01,4.4,675.1988,4510.3742,0,173.3566,624.0062,112.0807,4152.0264,1134.7683,449.874,1501.2604,1210.3936,1993.7948,141.5552,1166.9575,209.0363,233.0812,91.5261,2291.6424,334.6907,766.337,16866.783,2.7148,3160.7524,1374.0547,2206.3215,5799.7983,1671.9023,551.8712,418.0027,2740.7407,12282.3347,259.841,477.4093,273.4148,8806.2827,0.3878,2.7148,9618.3828,336.6298,37057.5916,11.2468,776.8082,16798.1385,2756.6415,2638.3556,280.7834,173.7444,2665.891,471.592,130.3083,3537.7894,763.2344,1071.5998,618.9645,1270.5061,1384.9137,806.2827,549.9321,5.4295,775.6448,1171.2236,2423.502,2233.0812,745.7824,4877.2542,508.823,1443.8627,8691.8751,1184.7974,0,1691.2934,59.8332,387.4346,1142.9125,6416.1334,169.0906,168.7027,1419.4299,1959.6665,999.0304,5.0417,419.236,2427.3803,10741.1286,2084.9331,1516.4708,4257.1262,1966.6473,4.6539,12.7981,808.2218,476.6337,1858.4448,1025.0145,144.2699,847.3919,535.1949,3621.4854,1330.6186,0,2550.32,683.343,42.2726,3258.4836,1772.3483,51.5804,1.5513,19991.0801,1171.9992,1723.0948,5125.4916,74.8497,1144.8517,95.0165,16.6764,4.6539,7.3686,1350.3975,2162.8854,76.0132,588.3265,184.6035,213.6901,23.2693,11.2468,1642.0399,239.2864,10.0834,11821.6017,13.5738,96.9556,13.186,1095.5982,257.9911,76.0132,49.2534,6.2052,222.9979,1455.1096,1.1635,18.2277,5.0417,3738.6077,1271.9333,521.2333,2811.3244,1075.0436,2093.853,520.8455,2059.7246,5121.5823,1705.255,61.2759,1237.929,356.0403,870.2734,7367.4617,2.3269,3019.1972,1597.0525,0,16.6764,0.3878,414.5821,0.7756,200.1163,1970.1377,5867.3647,3672.6779,2476.6337,817.1417,2130.6961,1600.9308,1330.6186,1025.7902,15.1251,2827.2251,6577.8553,2095.4043,1401.2022,1140.5856,94.6287,1109.5598,1743.6572,1560.5972,3348.0706,65.542,897.421,213.3023,136.9013,54.2951,81.0549,1362.42,3684.7004,145.4334,15.5129,69.4202,2373.0851,816.3622,689.5482,23.2693,0.3878,128.3692,72.5228,1018.0337,1559.046,1346.1315,2856.3118,1612.9533,343.9984,761.2953,138.0648,29.4939,4673.6475,559.2399,707.9116,1150.669,2164.4367,3963.5447,2.3269,488.2684,653.4807,548.7687,515.4159,2591.4291,9461.3147,106.6512,98.5069,1858.057,273.027,1107.2329,129.9205,12338.1811,9.3077,2100.446,0,2243.5525,1419.8177,1944.9292,1404.3203,1157.262,908.6678,174.1322,5917.3938,285.8251,2992.4375,6273.8026,212.9145,281.1712,1830.9094,22.4937,7671.1266,2457.6304,1011.4408,77.1767,185.7669,73.2984,125.2666,131.084,1889.8584,54.2951,7186.3487,57.0099,9007.5625,0.3878,1.5513,10718.6349,11993.0192,272.2513,773.8026,22.4937,5.8173,5.4295,11.2468,302.5015,1514.8342,2138.0648,726.0035,1702.5402,566.6085,20907.8922,2.7148,219.1196,13.5738,1384.9137,207.8728,1.9391,325.383,3138.6465,53.1317,0,11281.3651,0,649.6025,0,10027.1476,62.4394,610.1377,372.6973,761.6831,63.215,1118.7861,325.383
TCGA-CF-A3MF-01,1.1,936.6887,7323.9735,0,49.8013,437.6159,4.2384,3122.649,3574.0397,442.9139,2793.1126,905.9603,3776.4238,46.6225,365.5629,94.3046,449.2715,57.2185,2451.9205,222.5166,163.1788,5299.0728,291.3907,3856.9536,2042.9139,1589.404,5373.2344,1086.0927,341.1921,236.2808,2207.1523,12405.8278,332.7152,1505.6954,507.5497,24950.4636,0,1.0596,6658.543,167.4172,61466.4901,11.6556,2617.2185,1373.245,1437.8808,1362.649,125.0331,665.4305,4798.9404,538.2781,33.9073,2581.902,286.0927,617.6318,316.8212,3014.5695,1427.2848,1503.5762,648.4768,15.894,152.5828,275.4967,2038.6755,1455.894,837.0861,1172.9801,2529.2715,235.2318,4772.4503,510.7285,2.1192,1014.0397,105.547,249.0066,290.3311,7135.3642,224.6358,165.298,1443.1788,1148.6093,463.0464,4.2384,268.0795,2105.4305,6276.0265,739.6026,730.0662,6269.6689,933.5099,140.9272,29.6689,937.7483,1816.1589,2032.3179,925.0331,309.404,2348.0795,2180.6623,2365.0331,257.4834,0,2560,1410.3311,10.596,4366.6225,4483.1788,65.6954,6.3576,12857.2185,453.5099,621.9868,2156.7682,239.4702,1357.351,1867.0199,15.894,2.1192,27.5497,581.7219,919.7351,39.2053,431.2583,70.9934,576.4238,85.8278,83.7086,1127.4172,591.2583,6.3576,10040.7947,0,193.9073,29.6689,4037.0861,447.0781,87.947,117.6159,13.7748,339.0728,135.6291,4.2384,10.596,8.4768,358.1457,904.9007,466.2252,1444.2384,1616.9536,2763.4437,1158.1457,836.0265,4171.6556,1576.6887,57.2185,1501.457,783.2583,297.7483,2533.5099,214.0397,2413.7748,427.0199,0,12.7152,8.4768,244.7682,1.0596,1111.5232,3833.6424,1887.1523,1034.1722,4313.6424,1110.4636,1138.0132,688.7417,417.4834,341.1921,3.1788,1672.053,21957.0861,1420.9272,1292.7152,114.4371,134.5695,398.4106,3168.7735,2846.0927,2851.3907,90.0662,2569.5364,259.6026,576.4238,318.9404,100.6623,972.7152,984.3709,116.5563,245.8278,38.1457,1925.298,1662.5166,218.2781,33.9073,5.298,160,47.6821,887.947,1559.7351,737.4834,1792.8477,1549.1391,537.2185,615.6291,769.2715,62.6119,2127.6821,125.0331,940.9272,582.7815,2483.7086,8272.3179,3.1788,662.2517,904.9007,688.7417,4694.0397,4318.9404,9590.4636,97.4834,44.5033,3135.3642,27.5497,956.8212,76.2914,13890.3311,727.947,552.053,0,2616.1589,1689.0066,766.0927,1406.9616,1334.0397,2033.3775,236.2914,8431.2583,420.6623,1012.9801,4214.0397,448.2119,836.0265,3739.3377,0,6771.9205,454.5695,404.7682,25.4305,140.9272,97.8755,526.6225,297.7483,131.3907,47.6821,23779.6026,47.6821,1391.2583,16.9536,0,10796.2914,3947.0199,283.9735,678.4848,10.596,92.1854,410.0662,0,94.3046,336.9536,2450.8609,1295.894,1626.4901,445.0331,6638.4106,9.5364,261.7219,16.9536,422.7815,37.0861,7.4172,201.3245,3209.5364,1.0596,1.0596,12620.9272,2.1192,155.7616,0,9355.2318,9.5364,2260.1325,358.1457,671.7881,5.298,274.4371,77.351
TCGA-CF-A3MG-01,4.266666667,857.346,4462.5592,0,66.3507,345.4976,0,3266.3507,1005.2133,216.1137,981.5166,1004.2654,1584.8341,64.455,592.891,551.6588,496.4597,151.6588,1371.09,296.6825,682.9384,19330.8057,0.9479,4239.3365,1705.6872,2550.7109,6381.4882,1385.3081,501.4218,405.2133,2706.1611,8794.3128,319.9052,326.5403,137.4408,16230.8057,0.4739,0.4739,8164.9289,372.5118,23125.1185,12.3223,978.1991,15454.0284,2357.8199,2670.1422,60.6635,36.9668,2117.5355,297.6303,2770.1422,1453.8673,1156.872,1704.8815,283.8863,1450.237,933.6493,1970.1422,802.8436,3.7915,844.0758,1038.8626,2635.0711,1021.327,627.9621,2680.0095,2138.3886,1272.5118,6862.5592,1445.9716,0,1969.1943,23.2891,442.654,427.0142,9380.0948,144.5498,168.7204,1672.0379,2575.8294,1401.4218,0.4739,351.1848,2199.0521,5100.9479,1736.019,1073.1469,4774.4076,2559.2417,8.5308,12.7962,919.9052,3004.2654,1199.0521,680.5687,91.9431,877.7251,644.0758,2781.5166,1204.7393,0,2670.6161,445.0237,46.4455,2541.2322,1769.1943,63.5071,0.9479,23965.4028,724.1706,1414.6919,14177.0237,112.7962,1333.6493,846.9194,4.7393,1.8957,9.0047,996.2085,2563.5071,54.9763,2033.1754,284.3602,369.1943,19.4313,291.9431,1574.4076,301.8957,0.4739,10483.8863,1.8957,57.8199,163.981,1883.8863,374.2512,138.3886,34.1232,2.3697,350.7109,889.0995,0,2.8436,0.9479,821.8009,1575.8294,305.6872,1945.9716,677.7251,2213.2701,565.8768,2501.8957,5892.891,362.0853,174.8815,848.8152,347.2701,1273.9336,2166.3507,19.9052,1164.9289,1209.9526,0,0,0,391.4692,0,283.8863,4820.8531,4317.0616,4511.3649,3100.9479,1240.7583,5372.0379,1536.4929,1952.6066,1080.5687,3.7915,1827.4882,9620.3791,2483.4123,1411.8483,609.9526,194.7867,1826.0664,844.6114,1036.9668,2863.5071,54.9763,1036.9668,755.9242,409.0047,54.5024,274.8815,1504.7393,2618.4834,295.7346,18.9573,206.6351,2346.4455,960.6635,296.2085,23.2227,1.4218,92.891,163.981,1028.91,692.891,1814.6919,4870.6161,987.6777,312.3223,643.6019,355.9242,67.8626,5002.3697,294.7867,340.9052,1459.2417,3302.8436,4526.5403,0,830.3318,641.7062,1018.0095,969.6682,4069.6682,14149.763,418.9573,123.6967,1502.3697,209.4787,723.2227,163.5071,4542.1801,4.2654,1610.4265,1.1991,4808.0569,5578.673,2190.9953,998.4313,3678.1991,1452.6066,217.0616,5541.2322,377.2512,2472.9858,4434.5972,534.5972,781.5166,2591.9431,58.2938,5186.7299,2702.8436,1247.3934,44.5498,245.0237,123.2227,140.0711,262.5592,250.7109,20.8531,12136.9668,67.7725,4393.8389,0.4739,0,2032.7014,8237.9147,208.0569,432.0616,12.3223,9.9526,3.7915,1.8957,951.1848,1074.4076,2379.1469,549.763,1817.5355,1638.8626,23231.2796,0.4739,148.3412,1.8957,951.1848,55.4502,0,702.8436,2521.327,14.218,0,12829.8578,0,513.7441,0.4739,9778.673,3.3175,511.3744,362.5592,697.1564,23.6967,1722.7393,290.9953
TCGA-CF-A3MH-01,1.6,736.8421,5348.7344,0,124.1462,249.096,14.4636,2930.8959,1126.9586,404.9819,1006.8301,1270.7915,1936.5207,60.2652,715.9502,212.1334,243.8971,67.8988,1835.677,343.5115,609.08,13995.1788,4.4194,2372.4387,1825.6328,1711.9325,4567.264,1586.1792,524.307,385.2792,2109.6826,9824.0257,224.5882,446.364,68.3005,18484.1302,0.8035,2.0088,4815.9904,281.2374,37749.6987,12.4548,1200.0804,6863.8007,5532.7441,2368.8228,112.495,126.5569,2838.4894,284.0498,476.8984,3417.7822,1073.9253,1322.045,197.6697,1233.8288,1529.9317,1885.898,564.082,8.4371,368.4211,820.8116,2089.996,1815.5886,1527.9229,2293.2905,1568.0996,1420.6509,4329.0478,972.6798,0,1115.3074,54.5802,257.9349,357.1716,10508.2362,244.2748,108.8791,453.5958,2580.9562,733.2262,9.2407,601.4464,1722.7802,6066.6935,927.6818,652.8726,6048.2121,2811.1691,6.0265,17.276,750.904,2220.1687,1768.18,774.2065,141.4223,2035.3556,437.9269,2671.7557,631.5789,0,2895.5404,443.9534,18.8831,1554.4395,1520.691,36.9626,7.2318,29290.8799,991.5629,1407.7943,6135.5886,195.6609,1802.732,297.7099,1.2053,10.446,14.4636,745.681,3898.7545,878.6661,1106.0667,231.82,329.0478,64.2828,191.2415,1256.7296,290.8799,5.223,9551.2254,2.0088,62.6758,52.6316,2369.6264,321.3017,67.0952,57.4528,7.2318,269.1844,771.7959,1.2053,19.6866,2.4106,1325.8337,1220.9723,256.3278,2608.2764,1267.9791,3433.5074,778.626,1806.7497,4537.9671,648.855,165.9301,877.0591,517.6456,646.8461,2053.0333,23.3025,1232.6235,723.5838,0.4018,7.2318,0.4018,294.094,2.0088,664.5239,4022.0972,3595.4198,3528.7224,2343.4431,1448.7746,5854.1583,1412.2137,1613.4994,1065.0864,22.499,1817.9992,6094.8172,2065.4881,896.7457,268.7826,214.544,979.9116,1854.6766,1829.6505,2671.7557,67.0952,1218.9634,329.8513,540.7794,371.6352,327.8425,2885.0944,4454.3994,149.4576,14.8654,112.0932,1821.6151,1059.8634,438.3286,26.1149,0.8035,78.7465,240.2571,994.3753,694.2547,1000.8035,1848.5335,1833.6681,505.8256,594.6163,126.9586,28.6701,5233.0253,282.4427,499.0478,1104.4596,2867.4166,3599.8393,0.4018,520.2893,656.8903,578.9474,1286.0587,3717.1555,13042.9892,204.9016,81.1571,1891.5227,101.2455,1307.3524,1431.4986,4243.4713,22.0972,3107.272,0.8035,3362.3945,3644.8373,1754.5199,922.4146,2566.8943,2201.6874,527.1193,5798.3126,232.6235,1222.9811,6432.3021,735.6368,431.4986,2619.9277,176.3761,7282.4427,1837.284,1501.808,41.7838,242.6677,98.4331,184.5038,188.4291,1098.4331,28.1237,12588.9916,24.1061,4972.6798,3.6159,0,6933.3065,6988.3487,263.1579,488.4773,55.8457,17.6778,978.3045,3.6159,762.957,787.4648,1331.8602,723.5838,1214.544,2741.6633,14340.2973,8.4371,209.7228,2.8124,1229.4094,74.327,0,266.372,2468.0595,29.329,0,11780.233,0,488.9514,0.9964,11670.1487,2.8124,689.0558,361.1892,769.3853,42.9892,1092.4026,404.9819
TCGA-CF-A3MI-01,2.133333333,1605.0642,5053.6311,0,173.0262,472.6569,1.4067,2177.598,1401.0902,486.7241,1310.357,1249.8681,2016.5289,64.709,516.2652,109.0206,227.1848,52.0485,6760.6823,652.0134,457.8864,14071.3909,1029.0135,4525.4088,1594.5138,1489.01,4252.4776,2346.4041,279.2333,199.0505,2162.8275,11046.2458,170.2128,533.1458,420.6084,4962.1945,9.847,1.4067,14130.473,191.3135,26705.1169,28.8377,3589.942,5200.633,1528.3981,1642.3422,76.6661,205.3807,2895.0237,239.8453,32.3545,1419.6307,1500.2638,1164.0584,341.1289,1377.8794,1862.4934,541.5861,367.1532,2.1101,334.7987,419.905,4053.4552,1259.7151,888.3418,2430.8071,2068.5775,484.614,8348.1625,546.5096,0,1074.7318,195.8502,189.2034,638.6496,9234.3942,346.7558,175.1363,1259.0118,3860.0317,727.9761,2.1101,78.7762,1557.9392,3647.6174,1266.0454,495.8678,4486.0207,1685.9504,78.0728,71.0392,797.6086,649.9033,1479.163,476.1737,514.8584,2411.8164,980.4818,4149.8154,659.0469,0,2381.572,583.0842,4.9235,3347.2833,2162.1241,37.278,21.8041,24614.032,622.4723,1790.0475,5437.5031,542.9928,3351.5034,604.8883,2.8134,15.4739,56.972,725.866,10594.6896,138.5616,494.4611,174.4329,248.2856,234.9218,80.1829,1327.9409,689.2914,7.0336,2521.5404,0,312.9945,92.14,1861.0867,236.9896,99.8769,223.668,218.0411,315.1046,528.2223,1.4067,48.5317,21.8041,2043.2566,518.3752,761.0339,1993.3181,1477.7563,3433.7964,677.3343,1340.6014,4199.0505,1085.9856,11.9571,846.1403,263.7735,816.5993,3864.9552,689.9947,732.1962,334.7987,0.7034,25.3209,7.7369,288.377,9.847,1172.4987,5625.4616,4416.3883,2276.0682,3181.994,1640.2321,1357.482,1664.1463,1958.1502,1528.3981,303.8509,1452.4354,15662.3879,2538.421,1541.0586,1045.1908,217.3378,892.562,2052.3088,1225.9539,1871.6371,120.2743,1146.4744,427.642,578.8641,409.3547,317.9181,1147.1778,1912.4319,120.9777,260.946,137.8583,1989.0979,1065.5882,443.8192,36.5746,3.5168,108.3172,71.0392,2536.3109,2669.2456,1097.2393,1398.9801,827.1496,929.84,808.159,49.2351,18.9907,8014.0672,210.3042,409.3687,978.3717,2966.063,6704.4136,8.4403,374.8901,731.4929,468.4368,505.0114,7215.0519,21892.0345,171.6195,65.4123,2090.3816,24.6175,399.5076,220.1512,15361.3504,4.9235,779.3213,0.7034,3498.5054,6317.5664,1091.6124,1027.3606,2385.0888,2125.5495,65.4123,5487.6033,284.1568,1688.7638,3425.3561,196.9404,787.0582,105.5038,63.3023,10359.7679,1635.3086,348.8658,4.2202,205.3807,52.0485,56.972,97.0635,1002.9893,179.3564,5165.4651,37.278,8763.8474,6.3302,4.2202,22411.1131,6257.0775,232.1083,408.8201,6.3302,21.8041,741.3399,1.4067,147.0019,772.991,1661.3329,1197.8196,1202.0397,414.9815,8325.655,16.8806,235.6251,0.7034,1318.7973,8.4403,11.9571,234.2184,4365.7464,9.847,0,20335.502,0,167.3993,0,10077.7211,16.8806,623.1968,241.252,412.1681,66.1157,1114.8233,455.073
TCGA-CU-A0YN-01,4.7,1992.5464,3782.7674,3.7857,145.9602,751.6741,6.3095,2329.0541,1588.7371,492.1425,1696.4196,314.2141,1331.3087,174.5634,335.6665,236.3967,724.3329,432.4124,685.2139,910.2534,833.2772,6011.7105,1398.1896,1741.8481,1258.1182,1595.8879,5671.4044,1655.618,620.8567,24590.3271,1708.618,3164.4345,694.8884,347.4442,365.9521,991.8565,16.4048,79.4999,451.7616,443.7696,15998.839,12.619,1591.2609,1000.6898,3563.6168,3981.307,251.1189,366.3728,2392.5699,420.6347,107.2618,1465.6636,1427.634,2209.7242,1100.3803,1074.3009,1542.0466,1456.6578,585.9441,10.0952,1267.7928,2425.3794,2056.9035,1765.8243,474.8965,2537.8361,1832.7052,7803.1935,11518.6594,7064.559,5.0476,1305.65,1413.1894,571.2219,503.9203,3351.6169,3307.4503,148.484,2267.2208,3886.2436,525.3727,5.8889,545.5631,1759.9354,4819.6319,1369.5864,1150.0698,4988.3064,1311.5388,99.6904,105.9999,901.4201,3229.6329,924.1343,761.3487,3480.7518,233.8729,842.1106,1996.3321,804.6741,0,1685.4831,516.1187,124.5079,787.8487,2826.2442,328.5157,80.7619,24959.1984,436.6188,1132.7691,1841.6226,1072.6184,1053.2692,635.9996,42.9047,204.4284,70.246,1445.7213,2326.1096,1347.2928,1408.2848,178.3491,174.984,794.9995,73.6111,1137.3961,758.8249,128.2936,1870.5623,0,114.4126,26.9206,1328.7849,846.3464,487.9362,662.9202,11.7778,855.9915,2583.9587,14.3016,250.2776,272.9919,3493.3708,2173.4193,411.8013,1239.6103,1152.539,2178.8875,1094.0707,2664.7205,2140.6098,530.8409,78.238,2449.3556,236.7206,3090.8234,540.5155,4.2063,3066.006,947.2692,6.7302,28.1825,1.6825,1033.0787,76.9761,4533.6003,3028.1489,4696.8065,6034.8412,1873.0861,492.9838,1908.4194,1456.2372,1625.7529,914.8804,645.6742,2287.4112,2787.9665,6625.8371,536.7298,246.9125,476.9997,1112.5787,409.6477,1258.9595,4676.1954,490.46,946.8486,1085.658,1177.3564,1557.6101,462.6981,1609.3482,2874.6172,556.079,1998.4352,397.9204,1911.7845,1374.634,890.4836,63.0952,13.4603,248.5951,265.8411,1346.4515,980.92,1407.8642,1115.9437,2063.6336,584.2615,426.9442,341.1347,24.0309,11756.3179,382.7775,507.9121,1121.8326,4404.0448,2289.0938,34.9127,458.0711,724.7535,592.6742,1674.9672,265.4205,9137.0259,327.2538,101.7936,1192.9199,87.0714,1023.4041,1471.38,2192.3478,15.9841,1515.9673,1171.4675,3687.2834,8901.0499,1091.5469,2755.3168,2235.6732,600.6663,286.4522,4766.2113,1083.9755,3033.1965,3667.5135,1228.6738,1295.1341,221.2538,142.5951,5774.8932,2393.4112,1697.6815,2.5238,309.1665,108.5237,87.9126,601.9282,972.0867,76.9761,3268.3313,121.984,1302.7055,37.0158,28.6032,19336.1544,6423.5118,571.2219,585.7001,2.9444,154.3729,1730.0409,1.2619,493.8251,2824.1411,2149.4431,1212.2691,2248.7129,1780.9671,10055.692,55.5238,659.1345,0,657.0313,0,4.627,162.7856,1182.404,54.6825,1.2619,8692.4151,1.6825,70.246,0,9205.1688,2.5238,534.2859,1065.4676,188.4443,34.9127,992.8492,1195.8643
TCGA-CU-A0YO-01,3.5,2162.8647,3644.0318,4.7745,261.5385,710.3448,190.4509,3075.3316,1245.0928,692.3077,2073.2095,774.5358,1168.7003,837.6658,1224.9337,210.6101,254.1114,115.1194,3565.5172,638.7268,795.756,12497.0822,208.4881,888.0637,1630.7692,2155.4377,10999.9682,1372.9443,471.618,2461.5225,2627.0557,8764.4562,217.5066,336.87,2621.7507,6219.6286,18.5676,0.5305,3754.9072,628.1167,13262.5995,6.8966,938.4615,8776.6578,2795.2255,4188.8594,418.5676,266.313,2114.5889,750.1326,255.1724,2422.9231,1349.6021,821.1088,525.1989,994.1645,877.4536,3394.1645,805.305,18.5676,645.6233,1024.4032,2804.244,2167.1088,821.2202,5452.5199,2575.5968,4195.756,9998.939,1245.0928,3.183,1058.3554,832.4668,386.7374,1470.557,6076.3926,624.9337,480.6366,1881.6976,3134.2175,1175.5968,155.4377,318.3024,1591.5119,6090.1857,2011.1406,1463.8302,3806.8966,1135.2785,154.3767,88.0637,866.313,2417.5066,1186.2069,761.8037,3410.0796,1872.679,537.4005,1685.9416,1056.7639,0,2464.191,758.6207,80.1061,1433.9523,1621.7507,75.8621,50.3979,14801.5915,837.6658,1288.0637,8916.0796,1818.0371,2238.1963,284.8806,55.1724,71.618,63.6605,1413.2626,2309.2838,2543.2361,866.8435,179.8408,283.8196,648.2759,84.3501,1457.2944,885.9416,157.5597,5120.4244,11.6711,215.9151,75.3316,2268.9655,231.7401,134.748,888.0637,92.8382,305.5703,1277.4536,51.9894,223.3422,108.2228,6195.2255,2169.2308,377.1883,1791.5119,1609.5491,1924.6684,770.8223,2787.2679,4772.4138,436.0743,254.6419,2274.2706,158.5093,3697.0822,4753.8462,24.9337,984.0849,1228.6472,7.4271,58.8859,55.7029,371.8833,22.2812,1252.5199,4810.0796,5623.3422,3012.2016,2360.7427,1028.6472,2724.1379,1884.8806,2115.6499,1888.5942,71.0875,3623.3422,4495.4907,4769.7613,717.7719,1923.0769,363.9257,2741.6446,1723.6976,1183.0239,3402.6525,410.0796,1446.6844,238.1963,149.6021,865.252,287.0027,3413.2626,3983.5544,272.679,906.6313,218.5676,1950.6631,729.4377,390.9814,207.9576,147.4801,172.9443,318.8329,1283.8196,586.7374,1329.9735,636.6048,2649.8674,618.0371,444.5623,237.1353,42.3236,13658.8859,595.756,719.5862,1445.6233,5315.6499,3726.2599,27.0557,903.4483,714.5889,425.9947,583.0239,2484.3501,13248.2759,181.9629,96.0212,1359.1512,487.5332,761.8037,1424.4032,2977.1883,1.5915,1694.9602,2.6525,4047.7454,8670.0265,1977.1883,1503.2308,5775.5968,405.8355,148.0106,4915.1194,247.7454,2386.2069,3708.2228,903.9788,362.8647,448.2759,101.8568,5380.3714,2847.2149,1824.9337,55.1724,265.252,115.1194,73.7401,99.2042,4578.2493,170.2918,3892.3077,49.8674,6148.5411,27.5862,4.244,52419.0981,10466.8435,329.9735,260.6207,28.6472,69.496,820.6897,0.5305,287.5332,1409.5491,2406.8966,946.9496,1733.687,3222.8117,19055.1724,131.0345,254.6419,1.5915,986.2069,25.4642,1.061,388.8594,2211.6711,79.0451,13.7931,12913.5279,22.2812,209.5491,0.5305,8846.6844,21.2202,559.7241,187.2679,710.8753,674.8011,2103.9788,344.2971
TCGA-CU-A0YR-01,4.433333333,1455.4455,3140.8141,17.0517,259.0759,903.1903,6.0506,1903.7404,1403.1903,1111.6612,1480.198,988.9989,1056.1056,118.8119,1315.7316,253.5754,808.0308,663.9164,1017.0517,1074.8075,908.6909,16520.352,44.0044,3387.2387,1099.0099,2298.1298,8971.9252,1433.4433,643.5644,416.9417,3571.5072,143430.6931,414.1914,299.2299,435.6436,4147.9648,3.3003,79.758,22.5523,411.9912,36529.1529,9.901,416.3916,22533.5534,1309.681,2794.8295,158.9659,283.8284,2543.4543,512.1012,48.4048,1206.9747,1856.4356,2970.7371,469.1969,1105.0605,1419.1419,1002.7503,1069.3069,1.1001,1172.1672,1589.659,1970.297,3374.5875,684.2684,2938.9439,1801.9802,1440.5941,13256.3256,1627.0627,1.6502,1563.2563,691.3311,423.5424,1242.0242,6900.9901,1177.6678,105.0605,1779.978,4150.165,1767.3267,20.9021,62.7063,2711.2211,6569.3069,1136.4136,904.9505,4465.3465,1452.6953,441.1441,66.5567,769.527,3273.3773,1095.1595,453.7954,1709.571,1216.7217,504.9505,1373.4873,1231.0231,1.1001,2256.8757,1069.857,49.505,1332.7833,2023.1023,85.8086,204.0704,21919.692,681.5182,2417.4917,11973.4378,436.1936,2699.1199,354.2354,187.5688,141.9142,42.9043,6145.7646,2925.1925,207.3707,993.3993,88.0088,381.7382,498.3498,143.5644,1744.7745,847.0847,129.813,5119.3619,0,246.4246,84.1584,1148.5149,681.7657,171.6172,841.5842,232.1232,975.2475,1547.3047,61.6062,221.6722,90.7591,4873.4873,1747.5248,1167.2167,1617.7118,1152.3652,1497.2497,668.3168,3206.2706,2762.3762,471.3971,145.7646,1667.7668,170.3355,2754.1254,4232.1232,265.1265,2562.1562,832.2332,0.5501,1.6502,17.6018,351.4851,106.7107,1528.0528,10847.6348,4166.6667,9180.9681,9738.1738,387.7888,4367.9868,2776.1276,5005.5006,3075.9076,2.7503,2783.2783,5765.6766,2696.3696,438.3938,773.3773,523.1023,1302.5303,553.6414,1369.637,5298.6799,248.0748,1437.2937,1641.3641,375.1375,970.8471,230.473,1653.4653,1408.1408,374.5875,175.4675,335.5336,1980.198,940.5941,505.5006,68.7569,34.1034,232.6733,121.5622,1663.3663,2705.7206,1651.2651,772.8273,557.7558,273.3773,926.8427,217.8218,14.3234,7533.0033,891.6392,349.703,1608.9109,11522.0022,5448.2948,34.6535,1027.5028,386.6887,871.2871,693.0693,8015.4015,7050.6051,362.4862,59.956,1372.3872,164.4664,877.3377,243.1243,3405.9406,0.5501,488.9989,0.5501,6683.7184,4148.5149,1252.4752,1536.6722,6129.813,1199.67,360.8361,5963.1463,702.9703,3832.7833,1516.5017,1998.3498,408.6909,33.5534,97.9098,3961.4961,4292.0792,1082.5083,3.3003,190.319,267.8768,143.9054,216.7217,1337.7338,234.3234,9168.3168,150.165,7195.8196,53.3553,8.2508,32467.5468,6803.6304,372.9373,215.1705,5.5006,465.8966,1320.132,1.6502,421.8922,1852.5853,4264.0264,980.198,2064.9065,1139.714,11019.2519,21.4521,366.8867,0,663.9164,2.7503,232.1232,211.7712,4808.5809,117.1617,6.0506,15755.7756,114.4114,312.9813,0,5182.6183,76.4576,450.495,600.6601,157.3157,36.3036,832.2277,252.4752
TCGA-CU-A3KJ-01,5.966666667,1440.7742,4162.4237,0,277.9999,1231.7834,3.3663,2471.9826,2245.0382,524.581,2045.5852,1078.3365,1729.9951,115.2956,284.7324,625.0088,720.1066,486.9907,44.0424,1331.6502,1131.3556,5133.8804,6.7326,608.4578,2849.5687,2273.9323,17145.2977,1748.5097,476.0502,5968.8814,1387.4746,4131.005,473.806,817.4486,35.9071,179.8163,1.4026,34.5045,588.8211,574.7949,27150.5716,8.1352,615.1904,1149.5897,1097.1316,4107.7214,236.2017,306.8939,4414.0543,244.898,8.4157,2432.4202,2312.6446,1698.7615,3410.8984,2321.0604,911.7049,2530.0512,476.8918,4.2079,913.388,1960.0252,865.6989,2912.6867,781.261,4477.1386,649.4144,4977.3476,10193.4217,3087.4535,17.3925,1251.4202,270.2518,1430.9559,1218.0377,10115.7164,2548.2853,107.4409,1393.6461,3858.6156,2101.9707,77.4248,346.1673,2385.8616,6760.6424,2661.0562,1333.6475,3525.0719,1039.9046,485.8686,72.0948,761.6242,4794.4456,1668.5602,1246.9318,3775.2998,903.2892,593.8705,1644.9961,873.5535,64.8012,4412.9322,1276.3868,116.9788,2623.1854,2632.1621,279.4025,47.4087,46660.2146,700.4699,2663.5809,7419.7321,141.9454,1429.8338,442.1067,41.7982,5.33,8.6963,1851.7428,1408.5139,934.9884,1271.0569,333.8243,251.0695,520.0926,68.1675,1381.8641,490.918,22.7225,1952.4511,1.9637,37.0292,1655.6561,817.7292,823.5753,227.5054,103.7941,13.4652,425.5558,2317.6941,12.0626,68.448,16.551,24320.0785,2866.9612,80.5106,1445.8237,1420.0154,2164.2471,780.1389,2757.5566,1038.2215,736.0965,43.4813,2407.1814,133.2969,7161.2315,106.3188,1.4026,5962.8305,1137.5272,0,4.7689,0.8416,292.0261,40.115,577.8806,3660.2847,6943.2639,8280.2384,1956.3784,484.1854,1878.9536,1325.1981,2987.8673,1150.7118,46.8476,2021.1796,1687.0748,6990.9531,402.2722,870.7483,48.5308,710.0077,1173.7289,1470.5099,6149.9404,3079.3183,1639.6662,1196.4373,437.3378,372.2561,823.6202,1459.5694,6036.6085,380.6719,26.3693,250.2279,2617.0138,1240.4769,258.3631,52.1776,37.8708,143.3481,446.0341,1065.4324,456.133,1881.4784,176.45,1887.3694,241.8122,139.7012,19.0757,18.5735,53699.979,471.8423,745.5418,1229.8198,10231.573,719.8261,13.7457,932.1832,648.5728,1209.3415,1941.2301,16.2704,9314.2577,391.6123,121.1866,1312.294,212.6376,1125.7451,1451.1537,45.1645,4.4884,802.0198,13.4624,2189.4944,6376.0432,1868.5742,983.0367,4108.563,414.8959,447.4367,4520.9341,393.576,2447.0159,3729.5743,663.4406,816.3265,217.6871,33.3824,20898.2397,3730.9769,2318.2551,9.8184,206.4661,118.1008,140.2511,362.1572,4910.0217,33.1019,16525.7031,244.898,1209.622,4.2079,10.0989,22007.4339,10209.6921,246.0201,429.3569,3.3663,34.224,24.4056,20.7588,621.6425,4040.3955,2254.2955,1188.3021,2137.8778,830.9138,11794.095,4.2079,381.794,4.2079,1001.4728,0.561,12.3431,114.454,220.7728,25.5277,0,14018.0938,1.4026,18.5146,0,5927.7649,305.2107,356.0081,570.0259,360.4741,1016.6211,1225.9008,570.3065
TCGA-CU-A3QU-01,2.766666667,1709.2007,4824.4081,0.3178,89.3056,520.2606,364.8498,5153.0272,1001.748,522.4853,1332.9096,666.4548,1203.5595,260.9248,1215.3186,760.8454,656.2848,353.4085,1017.6386,473.2242,710.9487,7330.3671,1768.6318,1440.3305,1131.7337,1174.3207,5664.0617,1982.2024,694.4224,1354.1967,1437.4702,17432.703,777.3717,576.5136,163.6739,110.5991,0.3178,6.6741,12843.4769,701.4143,19442.5552,10.17,1100.588,13999.6822,6374.702,1445.4155,921.3412,170.6658,1973.3037,726.8393,21.2935,1147.6371,981.7257,2310.2272,484.3477,1050.6912,1402.5107,483.7121,675.0358,9.5344,1350.3893,1894.1681,1899.571,1524.8689,353.7264,2979.6854,366.7567,1654.5368,5289.0513,1211.187,26.3785,2411.5684,72.9318,547.9104,840.2987,5305.2598,84.2206,124.2651,701.7321,1792.4678,50.2145,1.9069,1123.7883,2161.1314,6457.3335,2303.8297,1548.9592,4987.1286,869.2198,4.7672,68.9655,1108.5333,2998.8877,1264.8975,553.9488,2260.2892,238.9957,827.2684,1379.6282,737.0094,0,1798.1885,577.7848,47.9898,1176.2276,1921.8179,162.0849,20.0222,24303.5118,568.8861,827.2684,117.2732,76.593,1342.444,777.6895,107.4209,1.5891,13.0304,1225.8065,2289.2102,13.3482,2698.2361,373.4308,164.6274,75.9574,50.8502,1056.0941,310.1859,11.1235,7783.8869,10.17,88.9878,19.0688,1324.3286,381.106,213.8884,73.4149,20.3401,734.1077,1220.0858,1.5891,14.3016,3.8138,3394.5654,1256.6344,285.3965,2682.0276,1346.8934,2303.8297,989.9889,1277.61,1486.0957,449.3882,7.9453,2859.0497,376.2212,91.5303,18831.0822,45.7651,3083.1082,2429.0481,0.3178,1.5891,0.3178,703.9568,2.8603,326.3944,8579.6917,3745.1136,5214.9944,2223.7407,526.6169,2703.0033,1741.2999,1538.5349,1417.448,1.5891,2456.3801,2786.9061,2755.7604,1449.2293,988.3998,243.7629,1472.1119,1380.1462,790.0842,3139.9968,323.2163,991.8958,553.3132,925.7906,64.5161,417.9247,1060.5435,973.1448,253.6151,636.8981,913.3958,862.5457,641.6653,381.0583,27.0141,2.5425,1289.0513,24.1538,1733.0367,918.7987,1515.3345,2529.1594,767.2017,375.6555,879.072,447.4813,23.9123,13533.7677,755.7604,500.3877,2646.7504,8167.1699,2422.6919,0.9534,772.2867,942.3169,750.9932,1126.9665,5668.2028,7273.1607,220.5625,51.168,1095.8208,336.5644,1174.0029,1183.2195,7384.3954,5.7206,1100.588,0,4040.3623,10456.0623,716.3515,629.0672,5154.6162,712.2199,38.1376,3324.3286,785.6348,2197.3621,4415.3822,887.9708,31.4635,953.7581,254.2508,2017.1619,3923.0891,757.3494,7.3097,445.5744,168.6477,90.5768,460.5117,519.9428,42.587,9265.5331,105.8319,11352.9318,1.2713,0.6356,56289.528,7333.2274,383.6008,788.3331,14.3016,9.5344,2719.5296,1.5891,300.3337,925.4727,2395.9956,752.2644,2397.9024,1522.962,9960.5911,27.6498,377.8802,45.7651,943.2703,13.9838,1.9069,619.1006,2249.1657,2.2247,0,21999.6822,23.836,176.7043,0,8027.0141,48.3076,555.8907,323.5341,631.4953,2.8603,816.4055,432.2263
TCGA-CU-A3YL-01,6.933333333,1491.6279,3824.6512,0.4651,289.3023,654.8837,3.2558,3066.9767,1576.7442,1000,2473.0233,1225.5814,1566.9767,297.2093,1118.6047,104.6512,655.814,169.3023,2089.3023,527.907,327.4419,10453.4884,16.2791,4798.6047,3167.907,2662.3256,6048.8047,1589.7674,799.5349,24.186,2404.186,33327.4419,412.093,484.6512,451.1628,1317.6744,2.7907,66.0465,2773.9535,458.1395,18328.3721,26.9767,1840.9302,2501.3953,2463.2558,1889.7674,149.3023,415.3488,5868.8372,696.7442,41.8605,2480.2605,877.6744,884.6884,334.8837,1589.7674,1675.814,680.4651,731.1628,5.5814,416.2791,489.3023,3655.3488,2853.9535,1013.0233,2381.3953,1307.907,1145.5814,5647.4419,739.5349,0.4651,740.9302,349.786,270.2326,766.9767,10432.5581,346.9767,294.8837,992.093,1472.093,1213.9535,13.0233,956.2791,964.6512,4931.6279,1314.4186,1093.9535,5518.6047,1514.4186,315.814,37.2093,1135.814,1968.8372,2860.9302,810.2326,338.1395,1987.907,1324.6512,2133.4884,745.1163,0,6011.6279,1182.3256,6.5116,2792.5581,2811.1628,154.8837,10.6977,15405.1163,407.907,1611.6279,6275.5395,402.7907,1459.0698,603.2558,4.6512,37.6744,46.5116,1193.0233,1814.4186,225.5814,738.1395,156.2791,295.814,240.9302,75.3488,1040,862.3256,16.7442,4923.7209,6.5116,322.3256,69.3023,1211.6279,514.4791,230.2326,464.186,41.3953,961.3953,654.4186,2.3256,56.2791,26.0465,990.2326,956.2791,1252.5581,3167.907,1520.9302,6482.3256,717.6744,1912.093,1928.3721,1568.3721,102.3256,1432.093,467.8977,1378.6047,4003.7209,46.9767,1655.3488,556.7442,3.2558,102.3256,10.2326,264.186,6.5116,1440.9302,5065.5814,4783.2558,1574.8837,3027.907,1610.2326,1543.2558,753.0233,1376.2791,874.4186,253.9535,2194.4186,6755.3488,5039.5349,1457.2093,702.7907,165.5814,1718.6047,1764.8744,2343.7209,2386.0465,158.1395,2426.0465,299.5349,461.8605,321.8605,284.6512,1786.9767,1388.8372,160.9302,62.7907,97.2093,2250.6977,2565.1163,405.1163,153.0233,8.8372,169.7674,106.0465,1134.4186,2351.1628,1540.4651,2369.7674,675.3488,378.6047,457.6744,208.3721,55.1674,4950.2326,314.8837,311.2,1082.7907,2159.0698,3331.1628,33.4884,591.6279,880.9302,884.6512,1606.0465,2594.4186,7972.5581,146.5116,65.1163,2940.4651,55.814,728.8372,543.2558,8646.9767,13.9535,1410.2326,2.3256,5904.6512,5691.6279,651.6279,1296.1209,4486.9767,1889.3023,584.186,5652.093,284.186,2006.0465,2627.4419,437.2093,303.7209,197.2093,43.2558,7727.907,1828.3721,1538.6047,30.2326,246.5116,271.6279,160.186,266.9767,872.5581,189.3023,8388.3721,97.2093,4354.8837,14.4186,3.7209,18346.0465,5696.2791,318.6047,532.9721,33.4884,40,45.1163,2.7907,180.9302,998.6047,1592.5581,1280.4651,1681.8605,810.2326,6144.186,73.9535,371.6279,13.9535,775.3488,43.2558,8.3721,181.8605,3309.7674,5.5814,0,11753.4884,0,318.1395,0.9302,12409.7674,12.5581,1247.4419,523.2558,276.7442,28.8372,293.4884,603.7209
TCGA-DK-A1A3-01,18.5,1332.255,3130.341,2.1566,102.9788,656.1531,218.3583,2768.5672,510.0418,933.2794,1033.0233,432.9424,1502.0892,156.8945,639.9784,141.7981,341.825,90.0391,400.0539,263.6474,1040.0323,3017.6574,155.8161,1527.9687,843.7795,1057.2853,8637.2719,1194.7702,547.2436,3727.1654,3131.4193,16362.313,218.8974,184.9306,687.9633,1346.8122,9.1657,2.1566,3907.2651,696.0507,24081.4126,12.4006,371.4786,3795.6598,7198.8139,2975.6032,150.9637,300.31,1835.2878,139.6415,210.2709,885.467,1158.1076,1901.0594,1427.1465,1567.8663,1712.8993,1336.0291,1127.3757,4.8524,1391.5622,1937.1883,2706.5642,1201.2401,541.3128,1984.9953,575.8188,2245.5857,6558.2963,602.2375,5.9307,1238.981,1708.144,759.6711,1795.3902,9028.7101,462.0569,285.2136,1835.2878,3268.9042,1038.4149,16.7138,66.8554,1893.5166,6287.6398,1660.6012,1069.4703,6887.7207,1515.5681,217.8191,51.2198,956.4631,1878.9594,1199.0834,425.3943,680.9543,1012.5354,248.551,2184.1218,1835.8269,3.7741,1429.8423,873.9722,184.3914,1962.5286,2546.974,86.8042,90.5782,50140.4502,602.2375,527.8339,9162.4801,6618.6818,2360.9651,840.0054,16.1747,121.3101,77.6385,1224.4238,4114.8403,1194.7702,1538.2127,1893.5166,367.7045,741.3398,89.4999,1109.5835,1057.2853,147.7288,8723.0085,4.3132,249.0902,163.3643,936.5144,339.1616,164.9818,1553.8482,404.9063,748.888,627.5778,40.4367,176.3041,40.9759,2385.2271,1063.2161,620.5688,1860.6281,916.5656,3377.8137,825.4482,3149.7506,1257.8515,258.2558,193.5571,1543.6043,285.7097,375.2527,10217.0104,76.5602,938.1318,810.3518,3.2349,40.9759,4.3132,272.2739,68.4728,2121.0406,1086.3998,3843.6447,4662.6068,2387.9229,588.7586,2428.8988,1028.7101,2149.6159,1649.2789,339.1293,1364.6044,3728.8044,3344.386,1244.9117,1002.2914,242.6203,2968.055,355.7191,673.4061,4076.021,317.563,1778.6764,502.4936,211.8884,666.9362,439.4123,2114.0315,2308.6669,147.1896,499.7978,237.2287,1236.2852,673.4061,452.3521,236.1504,16.1747,178.4607,100.2831,1546.8392,841.6229,1974.9292,2805.769,490.6322,811.4301,1221.728,196.2529,26.7421,13135.463,319.7196,277.5576,1491.3061,2048.7936,2710.8775,37.7409,1126.8365,775.8458,530.5297,1002.8306,2215.3929,7527.16,357.9997,25.3403,519.2074,97.5873,673.9453,277.6655,535.3821,4.3132,801.7253,0,3246.2596,1153.2552,1872.4896,847.9418,1818.0348,420.0027,383.8792,5016.3095,271.1956,1566.788,3320.124,1818.5739,416.7678,33.9668,241.542,3459.2263,3748.214,5952.2847,11.8614,269.5781,86.8042,64.8443,371.4786,692.2766,193.0179,1293.9749,67.9337,1497.2368,33.9668,2.1566,31894.3254,6626.23,394.1232,162.7443,81.4126,105.6746,420.0027,6.4699,176.3041,1822.348,1795.9294,595.7676,1089.0956,1284.2701,32617.3339,118.0752,565.5749,0,966.1679,0.5392,2.6958,131.015,1327.9418,31.2711,10.244,6522.1728,1.6175,668.0146,0,4241.542,104.0572,476.6141,503.0328,166.0601,51.2198,1051.3277,329.4245
TCGA-DK-A1A5-01,7.833333333,1389.3833,2232.6764,0.3179,155.4355,782.8989,7.6287,4131.2778,1228.2263,596.3096,1891.9263,683.0896,1646.8531,133.185,954.2276,112.8417,659.2498,512.0788,962.1742,246.3446,962.4921,33305.4673,13.3503,975.8423,1614.1132,2630.3242,13359.7425,1806.4209,673.2359,4447.8481,2473.9352,148806.103,321.6783,517.8004,1561.0299,3318.4997,2.5429,8.5823,6400.5086,376.9866,17465.035,7.9466,1026.7006,5719.644,4544.501,4255.2448,354.4183,120.4704,2838.5251,795.6135,1118.2454,1697.527,1201.8436,2900.7184,487.2854,1416.7196,798.7921,2225.3655,1202.4793,8.5823,1386.8404,2357.5969,2101.0807,3867.1329,601.3986,3495.1208,1474.5709,2721.869,5916.0839,267.9593,0,2763.1914,743.6427,585.5054,1097.9021,8609.0273,527.3363,230.4514,1457.4062,3528.9256,1575.0159,25.747,153.2104,3172.6001,5352.1933,2127.4634,1207.6351,4082.3268,2381.1189,258.1055,34.0114,1017.1647,4196.7578,1044.501,958.9955,438.0165,2303.2422,392.2441,2020.6612,2033.0579,7.3109,1587.7305,718.0547,67.3872,1105.213,1584.5518,164.3357,36.2365,24197.0757,551.494,4205.3401,20050.5213,671.0108,2210.7438,110.2988,40.0509,9.2181,18.4361,1513.0324,4628.0992,409.4088,1715.8296,394.787,393.1977,432.6128,25.747,3045.7724,399.8729,178.3217,3822.314,0.6357,104.5772,26.3827,1296.5671,351.3446,152.2568,970.4387,3.4965,464.3992,2125.8741,28.6078,64.5264,20.6612,3052.7654,1782.2632,491.0998,1863.0006,1419.5804,1539.733,671.6465,2448.506,2692.9434,541.958,178.9574,1090.5912,218.7317,597.5842,2190.7184,4.1322,3677.0502,1443.1024,0.3179,19.3897,0.3179,525.4291,65.1621,4398.2835,11368.4043,6016.2111,6820.7088,2883.3439,1478.3853,2629.6885,1359.822,2123.9669,1073.4266,0.3179,2273.0451,5221.869,4777.1774,624.2848,566.1157,161.157,1741.5766,761.0331,1072.473,5091.5448,292.4348,1555.9441,774.3166,494.2784,1609.3452,295.2956,1028.2899,1804.5137,292.4348,118.5633,318.8175,2568.6586,511.761,271.7737,262.8735,15.2575,240.3051,309.9174,1129.3706,886.5226,1424.9841,1246.0267,1735.2193,347.1074,811.5067,319.1354,13.7476,15494.5963,403.6872,385.6612,1737.4444,864.2721,2107.438,17.1647,1077.2409,557.2155,673.2359,1439.288,1741.8945,11509.8538,572.1551,88.684,1735.8551,546.4081,823.9034,1263.5092,4242.8481,1.5893,1360.4577,0,2724.412,7375.0795,1563.8907,764.7648,3325.1748,313.096,424.3484,7303.5601,343.2931,3501.2715,4045.1367,1414.4946,911.316,1125.2384,75.9695,4811.8245,4247.2982,1541.958,13.986,318.4997,131.5957,96.3891,322.6319,495.5499,87.7305,4257.7877,120.1526,3467.5779,2.225,3.8144,37168.15,8884.9332,229.4978,571.7006,57.8512,137.6351,85.1875,2.225,464.0814,1911.6338,2529.8792,774.6345,1441.513,734.9015,10022.5683,79.1481,272.7273,0,1295.6135,0,6.6751,270.1844,1132.5493,18.4361,8.2645,13424.9841,0,206.9294,0.6357,16529.5613,1.2715,632.8671,178.0038,974.8887,71.8373,438.2454,243.4838
TCGA-DK-A1A6-01,9.966666667,1039.1843,3288.447,3.3707,221.7915,416.9546,2.6966,3289.4582,1454.7906,469.8744,1226.2577,1040.8696,681.2168,84.9414,844.0212,214.376,1233.9294,289.8795,1781.4106,409.8761,742.2263,15215.9771,179.9949,4111.2328,1079.9697,1442.319,11223.0319,1347.2655,653.5771,85.6156,2795.9889,106794.3035,592.2306,363.0235,682.228,11702.3679,7.7526,4.3819,105.5027,444.9313,28445.9425,15.8423,1382.9949,9440.9708,2419.4826,1647.2571,103.1432,198.8708,2378.3602,353.5856,8.4267,1945.9813,1567.0346,1808.8346,190.107,1043.5662,748.9677,207.9717,1650.2907,0.6741,1498.2725,1935.7883,4832.898,3762.7033,1035.4765,2036.5585,764.4729,838.6281,9787.4779,2043.6505,0.6741,1305.1319,242.3527,295.9467,940.7601,12847.3919,173.2536,50.8974,1814.4434,4336.395,1487.4863,2.3595,8.0897,1226.5948,6291.3963,1674.2226,1176.9108,4724.0246,2306.2274,18.8759,98.4242,908.4014,3095.3063,840.6505,656.6108,743.9117,407.5166,293.9243,3854.3861,2251.6221,0,2753.8552,835.9316,117.3001,1252.8862,1855.9029,338.4175,62.0207,25525.5751,773.9108,1507.0363,81277.4079,203.5898,1996.1237,1247.156,67.4138,11.4604,11.4604,2188.5902,3943.3724,68.425,1340.1871,207.9717,705.8229,344.4847,162.4673,1359.4,1198.9551,20.5612,6923.7381,0,55.9535,30.3362,1465.9139,683.101,126.0639,176.6243,186.3993,659.3073,2738.35,42.8078,186.0622,42.8078,695.0367,1428.4992,128.0863,1421.7578,795.4833,2990.1407,1797.2529,2707.3397,2543.187,444.5943,32.6957,935.0299,74.708,776.9445,3327.884,966.3773,3344.4004,1824.2184,0.3371,1.3483,0,482.6831,49.8862,1146.7094,4439.2011,4633.0159,9983.6454,3661.5825,399.7641,2002.1909,1817.477,1910.5081,1008.511,31.6845,2170.3885,10264.0937,2156.5686,1229.6284,235.6114,119.9966,477.9641,769.5694,895.2558,4540.659,64.7173,1294.3457,1646.92,1245.1336,358.3045,67.4138,2164.3212,2250.6109,190.7812,608.4099,373.1356,2215.2187,874.6945,645.8246,57.3018,3.3707,209.9941,73.4811,1493.8906,437.8529,2440.3809,388.9778,269.3183,410.5503,353.5856,188.4217,5.1336,5494.2277,128.0863,360.6674,4176.9613,6732.9569,6722.5078,80.8966,945.142,595.9383,840.3135,1463.5544,3184.6296,9739.9511,739.1927,58.9871,1439.2854,187.0734,489.0874,18.8759,2031.516,7.4155,171.5682,0.6741,4516.0529,3531.4738,2136.0074,1193.6901,5452.4311,2119.154,68.7621,7762.0292,901.9971,2890.0312,5251.5379,984.242,153.7035,9.775,26.2914,4858.8523,3556.754,1840.3977,2.6966,401.4494,117.3001,81.2337,433.808,325.6088,31.3474,2408.0222,149.3216,1008.1739,9.4379,5.056,18115.1091,7928.2043,514.7046,278.6787,1.6853,107.188,1333.1086,3.3707,242.0157,1082.3291,3546.6419,1476.026,1470.9699,1190.1913,9351.3104,12.8086,316.845,0.6741,1182.4387,1.3483,0.3371,149.3216,1680.2899,22.9207,1.0112,19245.3021,2.3595,741.8893,0.3371,6970.5907,9.1009,348.5868,478.9753,294.9355,24.6061,822.4421,365.7201
TCGA-DK-A1A7-01,6.966666667,2187.7102,4040.3546,29.3488,149.1899,742.8921,14.6744,2277.591,1264.4451,722.1033,643.2284,705.5946,1284.6224,208.4989,771.018,209.1104,590.6451,211.5561,1168.45,698.2574,593.0908,11360.4402,951.391,6118.0067,2135.7383,1246.1021,4085.5885,1996.3314,1195.3531,175.4754,1746.8664,15331.0914,248.2421,292.8768,2242.1278,4058.6976,12.2287,23.2345,20902.4763,138.184,52116.7839,21.4002,1814.1241,19046.1633,1504.7386,2636.5026,140.0183,309.3855,1788.4439,183.4301,163.8643,4564.7692,1374.5032,980.8499,185.2644,884.7447,2245.185,1459.4925,444.5124,12.2287,934.8823,1590.3393,1378.7832,3217.3647,1809.2327,2138.7221,1813.5127,640.1712,10174.8701,955.671,51.3604,1057.1691,957.5971,235.402,376.6432,10778.9667,456.7411,269.6423,900.0306,5026.5974,707.4289,49.5261,207.8875,1235.0963,8449.4039,1138.4898,909.2021,3628.8597,1276.0624,188.3216,180.9844,1549.9847,1678.9972,1254.6622,338.7343,741.0578,2192.6017,1077.3464,4637.7255,1833.0786,0.6114,3344.543,747.1721,27.5145,1505.35,1435.0352,67.8692,69.7035,15356.1602,579.0278,1054.1119,1347.1415,490.3699,893.3048,1155.6099,7.9486,498.3186,242.1278,1156.2213,1876.4904,151.0242,811.9841,125.3439,122.2868,125.9554,11.6172,1636.1969,850.5044,9.1715,8065.4234,387.0376,239.0706,131.4583,1568.9392,282.6169,337.5115,636.5026,197.4931,165.6986,1092.0208,9.1715,183.4301,59.9205,7018.6487,710.3393,505.0443,1970.6512,1204.5246,2999.0828,396.2091,1502.2929,26313.6655,819.3213,67.8692,2415.775,317.3341,1471.1098,15424.6408,152.8585,1384.8976,679.303,1.8343,75.8178,33.6289,484.2556,12.2287,1066.3406,5235.0963,4664.0171,4318.557,3575.0535,937.9395,1634.3626,3062.672,5736.472,2440.8438,78.875,3247.9364,4203.6075,4199.3274,549.0676,1068.1749,160.1957,1142.1584,770.8101,1082.8493,3217.9762,147.967,675.6344,734.9434,612.0452,236.6249,292.8768,948.9453,2121.6753,70.3149,1403.852,182.2073,4172.4243,708.6518,530.7245,106.3895,18.343,146.1327,125.3439,1712.6261,948.9453,1191.6845,3707.7346,502.5986,398.6548,102.1094,234.1792,18.343,6894.5277,243.3507,409.3916,2022.6231,2833.9957,2729.4405,29.9603,594.3137,1006.4201,641.3941,1132.3754,8780.1895,7070.6206,132.0697,69.092,1604.4023,78.875,416.3864,91.1036,6227.4534,44.0232,4437.7866,23.2345,3309.6912,2826.0471,2061.1434,697.0896,885.3562,523.3873,125.3439,9301.1312,952.6139,2225.0076,4369.9175,223.7848,333.8429,129.0125,66.0349,4360.7459,4363.8031,774.6866,18.343,401.1006,370.48,94.1608,176.7044,1368.3889,130.2354,1472.9441,72.7606,8599.2051,289.8196,4.28,13748.7007,5344.543,237.2363,469.3549,34.2403,144.9098,838.2758,8.5601,193.2131,1355.5488,1797.004,1002.14,1443.5952,1126.8725,11619.6882,90.4922,147.967,9.1715,1321.9199,9.7829,6.7258,173.0358,1868.5417,10.3944,4.28,11005.8086,1.2229,85.6007,0,4315.4998,72.7606,432.3204,398.6548,149.1899,111.281,906.1449,286.151
TCGA-DK-A1AA-01,2.533333333,873.0562,4310.0603,0.3174,175.1825,890.8283,251.9835,3961.2821,884.4811,1121.8661,2173.5957,802.9197,1566.1695,182.1644,1601.7137,154.8715,281.1806,65.6934,1627.1025,452.8721,1152.65,12804.5065,39.0352,1323.072,1511.2663,2369.7239,10541.3964,1664.8683,783.8781,604.5478,3028.245,8485.8775,177.0866,385.2745,437.0041,12615.6776,0.6347,4.7604,5938.7496,426.5313,24509.6795,6.3472,892.0977,8726.7534,2390.0349,4230.0857,322.4373,117.1057,2277.0549,345.6046,63.7893,1938.5465,1216.1219,1054.8619,624.5636,1436.052,1179.3082,3095.5252,870.8347,9.8381,793.7163,1151.0632,2354.4906,2490.9553,550.9362,4589.8159,2152.0152,1491.2726,8358.6163,1574.7382,4.7604,2039.3526,134.8683,420.8188,3100.9203,7182.7991,295.1444,163.4402,2107.5849,2722.6277,1374.1669,11.1076,343.3831,2358.299,7432.2437,2198.0324,1416.198,4143.1292,2192.0025,54.5858,50.1428,862.2659,448.4291,1241.828,1026.6582,574.1035,3067.9149,291.6534,1728.3402,1192.0025,0,2107.9023,761.0282,77.4357,1083.4656,1877.8166,33.9575,15.2333,31654.3954,1509.6795,1959.0606,18158.9178,4769.9143,1111.3932,186.9248,6.9819,2.5389,15.2333,1271.6598,2516.344,657.569,1128.2133,230.7204,203.4275,242.4627,63.4719,1683.9099,298.318,21.5805,3946.3662,6.0298,165.9791,26.9756,1070.7712,168.9844,70.1365,147.8896,5.3951,496.3504,1602.6658,2.5389,46.3345,6.0298,2207.5532,1714.3764,658.5211,2074.2621,1674.3891,2310.0603,1040.9394,2683.5925,3028.8797,755.9505,337.3532,1520.7871,235.1507,1619.4859,1174.8651,0.9521,900.0317,1235.4808,2.2215,10.1555,3.491,472.231,7.934,495.7156,1433.8305,6745.1603,3447.7912,2081.244,1246.5884,2348.4608,1525.8648,2261.1869,1800.0635,3.491,2047.9213,6115.8362,4303.7131,872.4215,674.7064,211.9962,2515.3919,1230.768,956.8391,3768.9622,94.2558,1343.7004,165.6617,194.2241,248.1752,452.5547,1453.1895,2403.6814,213.583,37.4484,183.7512,1846.0806,498.5719,445.2555,46.9692,6.3472,226.2774,441.4472,1291.9708,2058.7115,1669.6287,4586.7978,1546.8105,457.3151,1462.3929,53.3164,26.7756,8611.2345,414.789,579.2955,1497.9372,2646.4614,2878.4513,4.1257,689.6223,585.8458,436.052,488.099,2646.4614,7595.6839,102.1898,83.7829,1397.3342,312.9165,815.2967,886.7026,6091.7169,4.443,1422.0882,5.3951,3456.9978,11875.9124,1818.7877,1503.2117,2593.4624,584.5763,216.7566,5204.6969,150.1111,1678.8321,4130.4348,680.7363,395.7474,2490.0032,37.1311,7621.7074,3602.0311,1664.2336,54.5858,198.9844,82.5135,107.2675,53.6338,1392.8911,111.7106,5768.3275,26.0235,7257.696,5.3951,0.3174,9892.0977,12416.3758,347.5087,468.7274,6.9819,21.2631,81.8788,1.2694,423.0403,1555.6966,1475.722,613.1387,2123.1355,2751.1901,20065.3761,10.4729,299.5874,6.6646,1098.3815,15.868,1.2694,183.7512,1538.8765,30.1492,0,5447.7944,2.2215,711.2028,0,11164.0749,8.8861,625.5316,360.5205,691.2091,10.1555,2115.8299,427.166
TCGA-DK-A1AB-01,5.633333333,2466.4146,3902.18,2.2524,704.3681,1168.0476,341.0828,3973.2926,1482.423,629.716,1933.5532,607.5135,1137.4789,230.7135,1302.2283,251.629,197.8924,185.6649,641.3,708.5512,1331.8317,17881.7472,455.6351,972.7295,3801.1423,3248.3308,6954.5266,1040.946,612.9837,3451.9797,3090.6604,5049.634,429.2495,436.0068,972.0859,5168.6912,6.4355,3.8613,3057.8393,303.435,17906.2022,24.1332,444.3729,7203.6039,3605.1806,4938.6212,645.1613,270.9356,3101.9226,739.1199,296.9994,2558.8995,1520.0708,2370.5124,1397.4741,1443.8098,534.1485,4848.2021,472.6892,12.2275,535.7574,1446.384,1413.8846,1551.2831,714.3432,12658.19,7689.1642,6525.6214,10381.7875,2194.5137,0.6436,1059.2873,1352.7086,714.0214,2238.5971,9063.4704,887.7805,156.3832,2921.7279,3354.8387,1492.398,108.1168,260.3169,1006.8377,7694.3126,1431.2606,478.0243,3706.2183,1671.6274,478.1594,68.2166,932.5074,2456.7613,564.3955,1010.6991,965.3286,404.4727,641.6218,1698.6566,522.5646,9.0097,3529.885,895.825,138.042,1639.7715,2273.0271,62.4246,114.8741,31265.7067,743.303,1335.0495,10344.2909,1327.6486,844.9843,130.9629,50.8406,104.2555,33.1429,1083.4205,1918.108,3280.1866,1157.1072,200.1448,387.4186,920.9235,117.4483,1853.1092,830.5044,303.1132,3724.5596,14.8017,426.3535,80.7658,1883.0343,439.646,237.1491,1493.6851,59.8504,346.2312,2035.2345,51.806,368.7555,49.2318,6455.4742,2136.2722,476.5506,3246.7219,1379.7764,1150.0282,438.581,2919.1537,1613.3859,629.3943,497.1442,1826.08,178.264,2827.4475,323.0633,17.6977,1772.0216,1414.85,5.1484,529.9654,2.896,531.2525,82.3747,4720.1351,2323.8677,4817.6333,4464.3134,1537.7685,716.2738,2865.4171,1464.4035,1948.3549,1392.0039,437.2939,4131.9282,2923.6586,5614.9948,1340.5197,1332.1535,360.7111,2617.0059,1578.3831,1525.2192,6090.2582,621.9934,1214.3834,390.6363,181.16,3162.7383,484.9167,2487.3301,3643.472,283.1631,1813.2089,122.5967,3660.8479,380.9766,292.1728,271.5791,17.0541,314.3754,894.2161,1163.221,934.7599,1698.3348,550.5591,3412.7584,649.9879,886.4934,344.3005,245.9046,11936.9319,294.4252,426.3535,1306.0896,1528.437,2283.6457,41.5091,1625.2916,484.595,756.8176,769.6887,119.0572,13868.8762,152.8437,110.0475,1670.9838,558.9253,959.8584,1310.9163,716.5956,4.1831,1487.2496,14.3898,2216.3945,1765.586,2190.0088,1335.4807,769.0451,39.9002,249.6983,3863.2451,242.2975,1705.4139,3257.0187,1948.3549,2249.2157,865.8998,65.3206,9497.8682,3981.0152,2127.2625,24.7768,143.1904,71.1125,137.0767,186.3084,1913.2813,78.1916,3911.8333,44.7269,1899.1232,16.7324,19.6283,102873.7833,12928.3244,271.9009,335.1814,56.6326,102.6466,532.5396,6.7573,729.1449,2394.015,2107.3124,663.1808,2041.3482,2003.3787,7176.5747,136.4331,254.525,2.5742,1732.1213,2.896,3.2178,129.9976,1745.3141,68.8601,69.5037,10037.4869,5.4702,305.0438,0,6035.5563,32.8212,519.0668,489.0998,857.5336,334.3255,1113.6674,271.9009
TCGA-DK-A1AC-01,41.53333333,1745.8873,5376.6188,0,144.2072,613.9307,403.9202,5005.6003,997.8999,737.1369,1002.4501,444.1722,965.3483,68.9534,2306.9653,278.6139,1019.251,385.7193,119.356,623.0312,935.5968,6679.734,354.5677,1290.8645,1234.5117,1027.6514,8183.3742,1582.4291,1072.8036,36.4018,1927.8964,6287.0144,849.1425,381.5191,56.7028,17.8509,4.9002,3.8502,10519.426,273.0137,19518.3759,15.7508,850.1925,16445.9223,2105.3553,1730.1365,498.7749,426.3213,2294.3647,1927.1964,25.2013,1802.6461,1472.8736,1540.3115,649.6325,900.595,1927.8964,595.3798,886.9443,2.1001,2424.9212,2664.3332,2087.1544,1783.3392,885.1943,2471.7011,245.3623,1359.818,13684.9842,1388.8694,0,1920.896,524.7497,393.4197,1253.0627,20382.2191,687.0844,252.0126,1390.6195,3122.5061,904.4452,11.5506,1587.6794,2116.9058,6057.7529,1551.2776,1096.6048,3219.461,2401.8201,150.1575,33.6017,1225.4113,1883.0942,1348.9674,916.6958,17230.6615,5155.4078,1252.3626,2897.7949,1487.5744,3.1502,2024.1512,970.5985,151.5576,918.4459,2535.5268,175.7088,102.9051,20926.8463,384.3192,821.4911,858.9779,546.7273,3032.2016,215.9608,525.3763,108.5054,35.0018,1447.6724,5722.7861,220.511,590.4795,152.2576,613.2307,710.1855,136.1568,1680.434,1957.6479,91.0046,7091.7046,27.3014,69.6535,15.7508,1180.259,478.4949,348.2674,633.1817,164.8582,455.3728,1809.5905,47.6024,899.895,127.0564,13191.4596,1180.959,331.8166,1605.8803,951.3476,1524.3262,491.7746,2318.1659,1464.4732,725.2363,126.3563,1680.784,185.4638,208.6104,2941.8971,4328.3164,3023.8012,1446.2723,3.8502,2.8001,2.1001,3896.0448,53.9027,1036.0518,6144.9072,4058.1029,8906.1918,4541.4771,380.819,1352.1176,1887.2944,3740.987,1203.0102,60.553,2954.8477,3243.9622,3210.0105,2196.7098,925.7963,715.4358,1432.2716,470.546,892.1946,7203.3602,328.6664,1011.9006,1012.2506,739.937,443.4722,162.0581,1644.3822,4712.2856,442.7721,505.7753,510.3255,1599.93,912.4956,661.8831,86.8043,3.1502,184.8092,222.6111,1727.6864,1014.0007,1660.833,735.3868,145.9573,191.1096,86.4543,68.6034,11.5926,17207.5604,439.972,296.7273,2512.7756,35557.5779,4315.3658,77.3539,676.5838,574.0287,1095.9048,1209.6605,4366.8183,5917.7459,670.2835,119.356,401.8201,385.7193,596.0798,886.9443,9087.8544,19.951,809.9405,0.7,3252.3626,1580.679,1108.5054,743.6297,2724.1862,222.6111,127.7564,6498.0749,709.8355,3975.4988,4010.5005,1343.7172,327.6164,7.3504,264.2632,628.6314,4101.1551,737.1369,18.9009,232.4116,119.006,85.0543,520.476,1584.1792,53.5527,4913.8957,135.1068,3435.4218,24.1512,15.0508,24224.3612,8673.4337,269.5135,730.441,93.1047,137.2069,2849.8425,1.7501,404.2702,6256.2128,3642.6321,639.832,1168.7084,501.2251,8693.7347,154.7077,276.1638,905.4953,644.3822,2.1001,1.7501,175.3588,1811.6906,31.1516,12.9506,18958.6979,2.1001,37.1019,2.1001,3213.5107,55.6528,316.7658,448.7224,79.454,36.4018,785.0893,138.2569
TCGA-DK-A1AD-01,7.066666667,1725.8964,4678.8845,121.5139,248.2072,513.9442,308.3665,2858.5657,1221.5139,702.3904,1900.7968,1014.3426,1201.1952,162.1514,819.9203,396.4143,727.49,241.8327,1064.1434,437.8486,944.6215,17823.1076,1535.4582,2438.247,1133.4661,1513.9442,11578.4462,1711.9522,658.1673,528.2829,3381.6733,15306.3745,562.5498,286.0558,2428.2869,4305.5777,3.9841,1.992,12775.6972,360.9562,15554.9801,8.7649,879.6813,21868.9243,5016.3347,2572.51,273.3068,145.4183,2480.8765,531.4741,1051.3944,1578.4781,1015.1394,1113.1434,193.2271,2335.4582,1458.9641,1799.6016,705.5777,14.741,1148.2072,1174.9004,4290.4382,2401.992,765.3386,5084.2151,2302.3904,3096.8127,7035.4582,1585.6574,3.1873,1998.008,339.008,511.9522,2623.1076,7547.012,299.6016,195.2191,1162.5498,2292.4303,1295.2191,5.1793,670.1195,2641.0359,7022.3108,1239.8406,939.8406,3460.1594,3132.2709,1258.1673,70.9163,1060.5578,3129.4821,1116.7331,474.1036,315.1394,2806.7729,462.9482,2950.5976,1763.3466,5.9761,4672.51,1174.1036,50.5976,1081.2749,1792.8287,141.0359,57.7689,22992.0319,583.2669,1449.8008,4274.1952,408.3665,518.7251,781.2749,4.7809,82.4701,37.0518,1534.6614,2735.8566,80.8765,464.9402,175.2988,966.9323,290.0398,39.0438,1658.1673,541.4343,76.8924,4358.5657,83.2669,98.008,25.8964,1220.3187,414.3227,171.7131,486.4542,11.9522,228.6853,1247.012,23.1076,110.3586,46.6135,1524.3028,1490.0398,235.4582,1668.1275,807.1713,2037.0518,285.6574,2421.9124,2089.6414,1022.3108,96.4143,1566.9323,488.9243,2176.8924,4828.6853,2406.3745,1487.6494,1283.2669,0.7968,27.49,0.7968,294.8207,17.9283,994.8207,721.5139,4698.008,4931.4701,3007.9681,779.6813,1990.0398,1447.8088,4184.0637,1320.3187,705.5777,1787.6494,6154.5817,3487.251,623.506,1095.6175,216.7331,1588.0478,368.3227,1457.3705,3880.4781,133.8645,1288.8446,540.239,605.5777,377.6892,671.3147,2120.3187,2763.745,171.7131,1642.2311,211.5538,3081.2749,576.49,307.5697,174.1036,5.9761,141.4343,104.7809,1084.8606,282.0717,1060.5578,286.0558,971.3147,875.2988,329.8805,437.4502,14.8406,6107.1713,517.9283,378.9602,2187.251,1666.5339,2304.3825,14.3426,992.4303,1081.2749,916.3347,997.2112,4129.8805,8443.4263,268.9243,241.0359,2206.3745,223.1076,726.2948,118.3267,5502.7888,102.3904,942.2311,0.3984,2477.6892,1329.4821,1203.1873,1226.3386,726.2948,333.0677,56.1753,7770.1195,912.3506,2859.3625,2307.1713,151.3944,185.259,13.5458,254.9801,9484.0637,7057.7689,1269.7211,14.3426,391.2351,276.494,119.9203,294.0239,213.9442,88.8446,1571.3147,196.4143,18497.6096,14.741,1.992,16948.6056,6250.1992,230.2789,416.5219,29.8805,58.1673,1379.6813,1.1952,526.6932,748.6056,2387.6494,556.9721,1357.7689,2349.4024,6660.5578,90.4382,132.6693,2.3904,863.3466,1.5936,4.3825,1528.6853,3575.2988,222.3108,7.9681,7426.2948,2.3904,514.741,0,7190.8367,85.259,527.49,335.4582,156.1753,82.4701,512.749,213.9442
TCGA-DK-A1AE-01,3.566666667,2066.0351,4129.8412,0.2786,547.5063,1001.9504,125.3831,2470.6046,1220.3957,1392.8671,2158.2614,1170.521,2196.9908,1558.6514,739.7604,159.6545,1200.3344,464.7534,1507.3837,680.4124,1111.4517,2153.246,5.5726,1072.4436,1638.0607,2471.4405,13931.6996,1914.7395,702.9813,925.0376,2995.8206,1852.3266,800.2229,270.8275,625.5224,28956.2552,0.5573,34.55,890.7774,383.951,19211.4795,18.6682,970.1867,3929.5068,1831.4294,2857.3419,264.4191,53.4968,2906.102,616.3277,1586.5143,2305.2884,1303.7058,1263.8952,996.0992,1221.5102,1566.1744,1894.1209,847.8685,13.6528,1422.4018,3098.9133,1303.1485,2150.7384,1142.6581,9474.4915,5378.3784,2147.1162,28441.3486,1798.5511,0,1678.7406,78.6598,615.2132,3190.5823,6360.8247,222.6247,235.4416,2153.246,2139.8718,908.6096,5.8512,1.6718,2674.0039,7576.2051,3565.6172,2910.3845,4659.7938,1858.735,1094.1767,28.6988,1469.7687,2972.6943,1383.1151,1330.1755,268.0412,4670.1031,588.7434,2475.8986,1615.2132,44.0234,2158.8186,1459.4595,182.2235,3476.7345,2611.0337,393.4244,18.1109,20130.9557,942.881,1849.8189,7148.0301,248.8158,565.0599,329.6183,28.4202,2.7863,6.4085,2044.8593,4037.3363,1750.0697,1446.6425,818.0552,462.2458,144.3299,9.4734,2536.6397,149.0666,35.6645,2249.3731,32.0424,62.1343,11.1452,1222.0674,528.9161,441.3486,435.4974,158.2614,815.4388,1958.4843,13.0956,57.3976,7.523,4186.1243,1561.1591,331.0114,5401.226,1819.4483,2399.5542,971.3012,2923.377,3133.4634,700.195,67.4283,2066.5924,329.8077,4631.095,455.0014,1.9504,3551.9643,1748.1193,1.9504,268.8771,1.1145,649.7632,18.3895,948.4536,2150.7384,6511.0059,7993.8646,2471.1619,340.7634,2641.6829,2135.971,2339.0917,3729.1725,1955.1407,3177.2081,1515.7425,4830.3149,489.5514,2313.1792,53.7754,993.0343,556.4475,1312.6219,5230.1477,113.4021,1009.4734,813.5971,750.6269,210.6436,231.8194,2305.9348,6761.4935,121.7609,33.4355,595.4305,2717.7487,1055.1658,514.628,62.1343,4.7367,269.713,468.9329,1603.2321,495.6812,1357.2026,243.2432,1457.5091,199.4985,350.7941,426.3026,12.2597,5772.6386,386.4586,734.1126,3543.8841,903.5943,900.808,10.5879,641.9615,828.6431,1104.4859,1266.0908,437.1691,6239.3424,392.3098,114.5166,1707.718,96.6843,1429.9248,64.3633,234.3271,14.7673,794.0931,3.0649,1197.5481,1388.9663,2287.5453,2159.8802,383.951,571.747,1323.2098,6507.3837,695.1797,4181.6662,3526.6091,1007.523,153.246,349.6796,611.591,5161.8835,4772.0814,1623.0148,17.275,483.4216,241.5715,195.7927,341.5993,15336.3054,60.4625,1467.5397,224.2965,2678.1833,1.6718,1.3931,7970.4653,10637.7821,497.0744,407.4143,10.0306,25.9125,27.5843,7.2444,304.5417,1724.4358,2293.3965,694.3438,2621.343,2261.6328,6309.557,47.0883,483.9788,2.229,1460.2953,0.2786,1.6718,46.2524,204.2352,35.1073,2.229,1305.9348,10.0306,446.9211,0,9456.3945,17.8323,692.4074,389.8022,422.959,82.7529,1459.83,634.7172
TCGA-DK-A1AF-01,3.966666667,3527.2357,3647.3078,1.5675,144.5254,927.6589,59.2523,2917.1565,1225.1744,1158.0845,1928.0508,686.5742,1302.6099,198.4482,695.3523,205.6588,484.364,221.0205,1632.7298,832.3536,864.0176,13138.9607,23.8263,612.9007,1476.9183,1979.779,9776.2865,1581.9422,639.5486,1150.2343,2812.4461,7541.6569,245.1603,430.7548,378.7131,518.5359,28.8424,3.4485,2197.9779,518.5359,20316.3257,9.4051,544.2433,6777.0201,3079.2382,4926.0914,441.7274,705.6979,2838.1535,689.3957,369.6214,2161.4547,1609.217,1378.7476,503.1742,1005.0944,653.0292,2015.5185,699.7414,11.9132,635.7865,1191.0024,2449.4083,2060.3496,903.2056,3583.1711,1829.297,3452.3082,8301.591,1930.5588,14.1077,1668.7828,4381.4092,596.912,1162.16,6449.0948,1177.2082,186.535,2132.769,3184.5756,1462.4971,169.2923,374.0105,1498.55,5725.5271,1446.5083,1157.5453,4221.6475,1577.8666,505.0553,109.413,924.5239,1717.0625,1026.7262,759.9342,5628.3408,1535.5435,463.9862,1881.9657,760.2477,10.9726,2196.4104,716.0436,105.0239,1709.2249,1712.6734,124.4612,180.2649,23225.0176,760.2477,1377.8509,9431.8364,1472.8427,1860.3339,161.4547,59.2523,206.2858,115.056,1468.1401,2188.8863,1066.8548,1365.9378,263.657,221.0205,1554.9808,444.8625,1382.867,1688.2201,487.8125,3596.8336,3.135,918.2538,73.6735,1433.6547,386.3281,198.4482,2459.4404,127.9097,432.6358,1455.6,1170.3112,443.6084,129.7907,5840.8966,1544.9487,1811.1137,1670.9773,1400.4232,2188.8863,704.4439,2980.7979,1871.3065,500.6662,336.0765,1565.6399,144.3436,2026.8046,2171.957,41.6961,1523.3169,1249.9412,11.5997,71.1655,21.6318,328.2389,104.7104,8380.9076,3947.6448,6610.8629,3737.597,2222.1177,1203.2291,2287.0131,1290.0698,1650.5996,1395.0937,19.4373,1968.4928,2782.6632,5669.4098,1330.5118,1070.3033,654.9103,6780.7822,1076.3038,1076.2599,3573.6343,772.1608,1506.0741,391.5667,273.0622,1787.6009,328.8659,2134.3365,4120.6991,201.8967,320.7148,331.6874,1575.0451,820.7508,348.6167,459.9107,47.0256,267.4191,511.9523,1147.7389,1792.9305,1329.5713,972.49,1596.3634,403.7934,1363.4297,517.9089,30.8676,15772.396,362.4108,428.7483,1575.0451,4932.9885,3056.9794,75.241,611.9602,427.3062,481.8559,721.6867,1424.8766,6470.7265,257.3869,57.6848,1362.4892,256.1329,730.7783,520.1035,2512.7361,0.3135,633.2785,0.627,3108.0806,4780.9389,1767.5366,1171.8818,3234.7363,677.7961,401.9124,4757.1126,302.8451,2324.0066,2544.4,1074.6924,1008.2295,426.0522,82.4516,7701.8575,2962.9281,1004.4674,28.8424,186.2215,148.9145,61.7603,170.5463,4140.1364,1211.0667,2462.5754,57.3713,3883.0629,65.8359,7.5241,37420.801,11525.6682,447.684,249.9569,60.8198,275.2567,949.9177,1.881,309.7421,2192.0213,2228.3878,746.767,1571.91,2582.0205,14324.0066,364.6054,274.3162,1.254,884.3953,3.135,6.8971,333.255,1978.2115,42.3231,4.7026,5558.7428,0.3135,378.7131,0.627,6122.4234,26.0208,542.7196,301.9045,295.6345,532.9571,1486.5021,281.2133
TCGA-DK-A1AG-01,3.766666667,1072.1839,4567.908,1.1034,131.6782,574.5287,19.8621,2625.4713,1531.954,1119.2607,1667.3103,1082.4828,2783.2644,168.4598,929.1034,167.3563,240.1839,50.023,2150.2529,801.1034,719.0805,10073.0115,15.8161,1080.6437,2617.3793,1939.1264,5957.874,2014.1609,599.1724,678.9738,2713.7471,10502.6207,253.7931,438.4368,432.9195,21573.5172,0.3678,3.3103,4708.046,338.7586,32907.0345,21.7011,1615.4483,6316.5057,1593.3793,2259.4943,169.5632,629.7011,2661.5172,275.4943,177.2874,2760.0699,790.8046,1137.1402,447.6322,1348.4138,1711.4483,1898.2989,533.7011,4.4138,520.092,705.1034,1931.4023,1885.4253,1111.5402,2872.9857,1960.4598,1328.5517,12798.8966,1029.1494,4.7816,1350.9885,60.3329,278.069,1132.1379,6927.4483,276.2299,175.4483,1853.0575,2136.2759,753.2874,12.5057,331.4023,2005.7011,8859.2184,1807.8161,1118.1609,3787.0345,2112,357.8851,51.1264,837.8851,1994.6667,1846.069,886.4368,449.8391,2718.8966,592.1839,2396.3218,896,13.977,2996.2299,859.954,31.2644,3139.6782,1746.3908,41.5632,15.0805,21975.5402,759.5402,1783.1724,7927.0253,1307.954,1088,154.1149,2.9425,13.977,15.4483,819.4943,2430.1609,512.7356,924.6897,112.5517,188.3218,296.092,267.0345,1029.1494,495.8161,5.1494,4572.3218,10.6667,118.4368,12.1379,1424.5517,294.0653,88.2759,76.5057,32.7356,589.977,1305.0115,1.8391,66.5747,16.5517,1009.2874,1124.4138,342.4368,2518.4368,1808.1839,3169.8391,808.8276,1876.5977,1943.1724,1268.5977,122.4828,1198.3448,331.3287,1357.2414,1724.6897,5.1494,1604.7816,974.7126,0,85.3333,0.7356,383.6322,3.6782,512.7356,2453.7011,4245.3333,2241.4713,1924.4138,1075.8621,1674.6667,1194.6667,1852.6897,1295.4483,269.6092,2003.8621,8289.4713,3588.046,1114.8506,578.2069,82.3908,1161.931,2853.7747,2016.7356,3339.4023,57.7471,969.931,205.6092,304.5517,517.5172,527.8161,2312.092,2641.2874,134.2529,657.2874,109.6092,2420.2299,974.3411,585.931,35.6782,24.6437,130.9425,128,1128.4598,1390.7126,1099.0345,773.1494,1239.1724,478.5287,1263.4483,26.4828,40.8276,5867.7701,501.3333,515.9982,983.1724,2753.4713,2395.954,21.7011,396.5057,772.7816,634.8506,811.4023,2051.3103,8995.3103,67.6782,93.4253,1916.3218,104.092,815.0805,239.0805,6308.4138,37.8851,2433.8391,2.9425,2553.3793,7070.1609,1556.9655,1105.394,1878.069,1192.4598,452.7816,4908.5057,222.1609,1381.8851,4307.1264,300.1379,510.8966,3280.5517,16.1839,8403.1264,2776.2759,1491.1264,29.0575,219.954,135.3085,192,121.7471,1714.3908,58.4828,10885.5172,45.2414,4643.3103,4.4138,5.1494,18950.9885,7548.3218,257.1034,580.7706,1.4713,29.7931,108.8736,1.4713,505.7471,1039.4483,2092.1379,1082.8506,1808.9195,2389.7011,8363.7701,9.1954,400.9195,6.6207,1232.9195,3.6782,5.1494,40.8276,1122.9425,49.2874,0.3678,7779.6782,2.5747,339.1264,0,12692.5977,37.1494,588.892,485.1494,974.3448,104.4598,414.8966,368.9195
TCGA-DK-A2HX-01,3.7,2690.492,4795.2128,0.9973,154.9202,613.6968,16.6223,1491.0239,1251.9947,577.7926,1535.9043,596.4096,2068.1516,242.3537,1094.0824,122.3404,310.5053,114.3617,195.1463,586.7686,571.1436,22594.4149,2323.4707,98.0718,3416.8883,1439.4947,6962.7527,1056.516,537.234,1039.887,1629.3218,18830.7846,433.1782,434.508,510.9707,21.9415,8.3112,2.6596,2513.6303,820.4787,15057.5133,13.6303,728.7234,2893.9495,7012.9654,4209.4415,266.6223,252.3271,3176.5293,751.3298,233.3777,1586.0605,1343.0851,1360.8178,1603.391,1097.7394,947.141,3518.2846,661.2367,22.2739,646.609,1205.7846,4009.641,1092.0878,785.9043,2165.2261,3119.3484,3829.7872,7103.0585,1655.9176,1.3298,2420.5452,2442.1543,506.6489,1045.5452,3854.0559,842.7527,316.4894,1441.8218,2791.8883,336.1037,18.617,410.2394,1880.6516,3884.641,1533.5771,1182.3803,4133.6436,1393.2846,463.7633,53.5239,1016.6223,1905.9176,921.5426,709.7739,952.4601,941.8218,552.5266,1774.6011,706.7819,86.4362,3796.875,542.2207,74.1356,1325.7979,1661.9016,92.4202,50.5319,22111.0372,270.6117,1029.5878,3297.3604,1264.6277,1266.6223,556.516,9.9734,61.5027,48.2048,879.6543,2229.0559,285.9043,1681.8484,631.6489,124.0027,988.3644,124.0027,1247.6729,564.1622,307.5133,6868.6835,0.6649,256.3165,63.8298,1639.9601,292.121,306.516,2088.7633,7.9787,608.9262,982.0479,151.5957,112.6995,22.2739,2429.8537,1235.7048,399.9335,2004.6543,1399.6011,2635.9707,614.3617,2583.4441,16885.9707,558.1782,382.9787,1308.1782,153.5439,326.7952,902.2606,6.6489,1522.9388,936.1702,3.3245,86.7686,6.3165,307.5133,37.234,5780.2527,3856.0505,5312.8324,2430.5153,2495.0133,847.0745,2180.5186,1141.6223,1157.5798,1185.8378,8.9761,1591.4229,4216.0904,6480.3856,548.5372,1448.1383,212.4335,3026.5957,1134.4747,1264.9601,2592.7527,828.7899,2714.0957,273.2713,139.2952,1856.7154,259.641,1498.0053,2845.4122,256.9814,5586.1037,249.0027,1428.8564,1170.2094,312.1676,427.5266,16.6223,147.6064,1040.891,838.4309,850.0665,1488.0319,881.3165,3740.359,196.4761,707.1144,1024.2686,216.0206,21877.6596,398.2713,456.2666,747.6729,3662.8989,2725.7314,8.6436,1148.9362,370.0133,378.6569,962.4335,1265.625,15982.0479,188.4973,39.2287,1200.7979,91.7553,684.1755,1710.4388,2193.8165,1.9947,761.3032,0.9973,22312.1676,11870.6782,1061.8351,2309.0226,1253.6569,106.7154,355.3856,3375.9973,422.5399,2908.5771,1692.4867,824.8005,762.3005,490.0266,41.5559,6002.992,2380.3191,2300.8644,54.1888,254.6543,169.5479,82.7793,205.4521,255.3191,250.6649,892.2872,26.2633,2468.0851,33.2447,4.9867,24985.0399,13436.5027,266.2899,261.6356,526.5957,49.5346,867.0213,4.3218,127.3271,1823.8032,2789.2287,1142.9521,2019.9468,2378.3245,23009.9734,524.9335,304.5213,2.3271,771.2766,0.9973,1.3298,171.875,2247.008,26.9282,152.9255,14324.4681,3.9894,314.4947,0,5623.0053,21.609,448.8398,329.1223,287.234,74.8005,527.5332,396.2766
TCGA-DK-A2I1-01,7.4,1654.4432,3223.847,1.3498,151.631,258.2677,1.7998,2066.5917,997.5253,592.126,1002.0247,593.4758,1196.4004,120.5849,368.054,375.703,282.5647,62.0922,1669.2913,391.4511,473.3408,12645.6693,15.2981,5012.3735,713.6108,1096.5129,6300.5624,1090.6637,759.955,152.9674,1117.2103,8956.5804,347.8065,297.8628,1301.6873,1155.0056,4.4994,13.9483,15518.5602,292.4634,25318.7852,5.3993,1180.6524,11987.8515,2757.2553,2418.4477,130.0337,417.0979,2334.3082,440.045,705.5118,908.5039,767.604,1288.7649,165.5793,771.6535,1480.7649,605.6243,834.6457,9.8988,1098.7627,1418.2227,2455.793,1183.3521,638.9201,2908.8864,727.5591,1090.2137,9187.8515,755.9055,15.2981,924.1845,947.856,355.4556,470.1912,7359.73,350.9561,205.6243,1241.8448,1438.9201,1152.306,12.5984,104.8369,1709.7863,3964.4544,1148.7064,753.2058,3681.8898,2123.7345,493.5883,119.685,894.0382,2117.8853,1569.4038,235.3206,520.135,453.5433,529.5838,3465.4668,526.8841,25.6468,1932.9584,885.9393,9.4488,2349.1564,1187.8515,49.9438,164.6794,48000.4499,323.5096,1622.9471,2836.198,798.6502,916.5354,593.4758,6.7492,557.0304,267.7165,800.8999,3169.4038,139.0326,750.0562,398.6502,331.1586,1014.6232,111.1361,1438.0202,1017.7728,74.2407,2807.1991,0,260.9674,23.3971,1690.4387,185.8493,240.27,1148.2565,79.1901,292.9134,1169.8538,31.4961,205.6243,92.6884,4115.1856,922.3847,545.3318,2156.5804,735.658,2664.5669,520.5849,1535.658,1044.3195,364.4544,215.5231,1100.1125,329.8088,577.7278,9128.4589,2443.6445,658.2677,801.7998,9.8988,36.8954,6.2992,303.2621,74.2407,3297.6378,6637.1204,3602.2497,4545.7818,2914.7357,643.4196,1638.6952,1903.712,5110.9111,2107.9865,10.3487,1244.9944,5443.4196,2391.0011,544.4319,1893.8133,733.4083,1635.0956,1415.0416,843.1946,2762.2047,293.8133,1152.306,549.8313,388.3015,805.3993,199.3251,1461.4173,2929.1339,132.2835,187.1766,301.9123,1569.4038,639.82,472.4409,172.7784,20.2475,135.4331,207.874,1951.856,1371.4286,1104.162,1408.7739,610.5737,495.3881,424.297,255.1181,7.649,4174.5782,374.3532,237.0484,1793.0259,3088.8639,3182.0022,49.9438,1097.8628,683.9145,428.3465,549.8313,5763.7795,6362.2047,365.8043,354.5557,1858.7177,61.1924,330.7087,35.0956,4064.7919,3.5996,776.153,0,2505.7368,3381.3273,1284.5894,933.4128,1127.5591,228.5714,743.757,4844.9944,243.4196,1634.1957,3689.9888,705.5118,692.4634,15.748,35.5456,3150.9561,2854.4432,1025.4218,16.198,363.5546,150.2812,73.4263,200.3285,388.3015,110.6862,1662.9921,45.4443,6148.9314,146.2317,13.0484,39610.3487,5493.8133,196.6254,507.1676,141.7323,283.0146,96.288,1.7998,373.9033,1247.2441,1119.91,1144.6569,1165.3543,617.7728,7524.4094,226.7717,206.0742,2.2497,843.1946,6.2992,4.4994,378.8526,1285.0394,39.1451,7.1991,13764.2295,0,106.6367,0.4499,7145.5568,23.847,537.7683,243.4196,208.324,92.2385,1182.3757,283.9145
TCGA-DK-A2I2-01,3.4,1273.4304,3368.5168,3.1847,174.7043,557.3248,0.9099,1258.4167,1645.1319,720.6551,1133.303,1272.9754,1251.1374,121.929,113.2848,197.9072,562.3294,161.0555,55.96,656.9609,950.4095,5257.9618,2230.2093,110.5551,904.9136,1304.8226,7688.7989,2139.6724,707.0064,2061.8517,813.0118,2489.5359,429.0264,511.8289,13.6488,2040.0364,5.4595,31.3922,207.9163,329.3904,25888.99,5.4595,1803.9126,2707.4613,1052.7753,4390.3549,400.8189,474.0673,1776.1601,161.0555,47.7707,817.8844,1082.3476,1052.5978,463.1483,634.2129,1471.3376,3717.4704,428.1165,17.2884,753.4122,1522.748,1464.5132,2418.5623,540.9463,3454.8954,1806.6424,2696.0874,18130.1183,3868.9718,0.9099,748.8626,300.2457,368.5168,548.2257,5974.5223,1130.1183,134.2129,1434.9409,2398.9991,709.2812,30.0273,199.2721,1074.6133,5196.9973,1990.9008,1226.7652,3676.9791,1315.7416,964.5132,190.6278,820.7461,1864.8772,1176.9791,406.2784,4350.7734,1678.3439,394.4495,4166.515,459.5086,108.2803,1676.0692,1031.8471,24.5678,1120.1092,1155.141,70.5187,143.3121,26687.4431,741.5833,1465.8781,12767.3385,1417.1975,1078.7079,466.788,55.505,19.1083,32.3021,1361.6924,2663.3303,3227.4795,376.7061,110.1001,276.1601,3250.6824,712.4659,1070.0637,700.6369,52.7753,730.2093,73.2484,128.7534,51.4104,1118.2894,341.8335,244.313,383.5305,48.2257,459.0537,1622.384,2.2748,232.4841,73.7034,1929.0264,1027.7525,389.8999,1335.3048,979.9818,2949.9545,780.7097,1702.4568,995.4504,551.4104,97.8162,913.1028,406.6197,4756.1419,326.2056,7.7343,1863.5123,647.8617,2.7298,17.7434,0,467.6979,164.6952,3723.8399,1516.8335,4227.9345,4380.7962,1151.0464,1109.1902,2031.8471,1244.313,2916.2875,1797.0883,3.6397,853.9581,2289.8089,4612.3749,249.7725,785.2593,50.9554,1439.4904,571.7152,1149.6815,3778.4349,1641.4923,1340.3094,1034.5769,708.8262,1405.8235,655.141,863.0573,4339.8544,177.889,838.0346,479.9818,936.7607,463.6033,411.7379,53.6852,31.3922,272.0655,482.7116,2399.909,926.7516,1437.6706,743.8581,744.313,1436.3057,304.8226,87.8071,14.6315,13485.8963,549.5905,500.7097,1268.4258,7618.2894,1016.8335,22.748,737.9436,790.2639,810.2821,514.1037,59.1447,8247.4977,210.646,95.0864,1541.8562,29.5723,605.5505,1838.4895,299.3631,27.2975,588.2621,18.9809,3207.4613,4165.1501,1312.5569,917.1747,2176.9791,955.869,321.6561,3444.495,1023.6579,1738.3985,1887.1702,1398.9991,488.1711,134.6679,28.2075,5756.5969,4113.7398,1024.1128,5.4595,337.5796,145.5869,78.253,424.9318,1470.8826,87.3521,1958.1438,139.2175,1127.3885,6.3694,14.5587,55172.4295,7154.2311,262.5114,363.667,33.667,55.96,2075.0682,0.455,487.7161,1419.0173,1198.8171,1172.8844,1365.7871,2411.7379,4062.3294,57.3248,473.6124,0.9099,645.1319,2.2748,2.2748,158.7807,465.8781,171.9745,0.455,6223.3849,1918.5623,84.1674,0,8625.5687,29.1174,1329.9318,532.7571,321.2011,148.7716,535.9281,196.5423
TCGA-DK-A2I4-01,25.66666667,1876.0401,3003.9661,2.1775,141.8462,553.3867,6.2213,2902.2475,1448.6352,1376.4678,2354.1488,700.21,1560.619,259.7403,999.7667,105.4514,698.9657,356.7929,3191.8501,812.1938,628.9758,6097.2082,2892.2933,347.4609,1902.4808,1806.0502,7906.3193,1402.9085,761.49,1193.8627,1532.6231,5469.1656,572.0507,376.3901,78.3887,11.1984,19.5972,44.1714,2402.9862,427.0939,19782.2537,13.6869,476.8645,3075.5113,4847.6553,5489.0738,763.9785,1207.2478,2681.7015,693.9886,107.94,2066.6584,938.1756,1324.103,625.243,1434.3262,730.0723,5625.0097,872.5406,4.9771,1112.0616,1956.6063,2435.3371,1748.503,1234.9327,2514.0866,1456.7229,3887.394,6183.6846,2613.8891,24.2632,2035.306,1364.8651,470.021,1000.0778,4599.7356,1237.7323,88.0317,1756.2796,2037.7945,714.519,21.4636,2.4885,1926.4328,7594.9918,1371.8019,1251.4037,3857.5317,1294.0353,130.0257,344.0392,1086.2431,2509.6819,1459.2114,579.2052,3130.8811,1469.7877,419.9393,2691.3446,872.5406,183.218,2591.1813,811.5717,98.919,795.0852,1738.8599,196.9049,461.0001,32267.828,715.1411,1363.4031,2830.133,966.7937,2187.1063,486.8186,829.3024,319.465,114.1613,1452.9901,3393.732,603.7795,1460.1446,1020.6081,223.3455,4706.4313,542.1884,1275.3713,3142.3905,229.5668,2942.0639,0.9332,236.0992,116.0277,1387.3552,483.1573,207.4811,1084.6878,3.7328,479.353,1913.6791,61.9022,864.1418,237.0324,4087.4096,1761.2567,598.1803,1862.3532,1944.7858,2613.267,566.4515,2235.6326,12073.4116,500.8165,302.6674,1255.152,149.4704,951.8625,332.2187,5.2881,2536.1226,725.7174,12.4426,184.1512,9.0209,377.3233,932.2653,3768.8778,6103.7406,6697.2548,5057.933,8661.6378,768.0224,2794.9296,1406.0191,1544.4436,1502.7607,0.9332,1850.8438,4750.2916,5682.2459,786.3753,2103.7406,604.0905,3341.784,1394.0244,1205.3814,3689.556,738.7822,1642.4294,830.2356,512.6371,2108.7176,456.9562,1662.9598,3571.6619,333.4629,2347.3054,536.9002,1370.2465,871.6074,465.0439,107.0068,12.1316,150.8671,1437.7479,870.0521,1306.1669,1354.3821,1178.0076,1167.4314,440.7808,1213.4692,615.6,23.1278,15384.7111,539.6998,327.3536,1099.93,3841.0452,2744.2258,234.855,732.5609,540.0109,979.5474,1374.6014,2506.5713,10053.0368,229.8779,38.5722,1575.5502,266.5837,1134.4584,339.9953,3056.8473,18.0418,965.5494,10.822,10258.3405,11623.921,1154.0555,1041.1883,4292.4022,322.8867,455.0898,6476.0868,491.7956,3133.9918,2884.5167,2542.6549,1168.6756,1584.5711,112.606,4214.9467,3231.3555,1302.123,17.1086,389.1438,185.3954,56.7229,430.5156,2171.2419,250.7193,6156.9329,61.9022,2452.4458,65.0128,30.4845,145701.2209,7348.9385,447.0021,457.0962,67.5014,456.6452,1339.4136,5.9103,532.5453,2248.0753,2893.5376,972.0818,1543.1993,966.1716,7851.9325,126.6039,235.166,0.3111,870.0521,14.6201,4.0439,440.4697,1307.1001,256.6296,8.3988,6673.3027,0.6221,106.3846,0,3084.8433,35.4615,1025.607,446.0689,490.2403,192.8579,1033.6636,328.797
TCGA-DK-A2I6-01,8.1,1711.6979,3220.6214,0.2935,379.7252,364.1723,0.2935,4228.0376,1723.1425,271.4419,793.4907,1274.7498,2576.2036,36.0944,419.6345,100.947,438.7088,267.9205,1665.3327,902.6543,559.6105,5364.8656,3399.6263,713.6721,2356.1156,957.8231,15408.7908,2656.6091,910.871,1450.2275,2372.8423,47507.6132,343.0439,224.1963,390.2894,17.3136,2.9345,274.0829,2288.9154,556.3825,13121.6478,16.7267,1413.8454,2229.6384,3155.4753,1258.0231,232.1195,239.1623,2793.0637,103.2946,20.5415,1474.1554,829.5851,751.8089,342.7504,1381.8593,2483.1798,3919.034,870.0813,10.2708,1360.144,2159.2102,1755.7155,915.2727,2332.0527,2108.4227,2063.5453,2267.4935,12086.3537,1104.255,2.0542,1226.6239,135.2221,197.4923,353.9015,8105.1082,438.4153,192.5037,1299.9866,1772.4422,355.0753,57.8098,24.9433,2117.2468,3473.8693,969.2676,735.4549,3678.9914,3040.4426,314.5791,20.2481,647.0588,1839.9359,1144.1643,330.7189,485.9543,461.3045,548.7528,3195.0912,1795.9182,11.4446,3772.3087,476.2705,26.9975,481.5526,1267.707,135.8677,14.0856,21542.8024,1082.2462,1613.3919,2518.6521,109.1637,2137.2014,1045.5648,255.5956,2.9345,12.9118,4865.4125,2479.9518,274.0829,696.3585,351.5539,950.1933,126.7707,24.9433,1187.8884,269.3877,24.063,765.6129,0,123.8362,115.0327,845.4314,713.2642,407.8965,316.6333,93.9042,328.6648,1127.1441,1996.3451,23.7695,5.2821,2943.6039,814.9126,216.5666,2282.166,847.1922,2996.7185,514.1256,3367.6402,1602.8277,181.0591,56.0491,1940.8829,299.7599,4552.5941,199.8399,9.9773,2199.413,2571.8019,1.7607,3.5214,0.8804,505.909,178.7115,929.3583,2971.7752,7456.8756,4301.1068,5034.8568,306.9494,4113.8853,2705.3219,4013.8186,1628.6514,0,1943.8174,2680.9655,2579.7251,406.4292,64.2657,40.7896,1637.4549,595.1943,702.8144,4720.1544,40.7896,1849.3263,1012.9918,1111.0043,537.0148,740.3761,5105.1617,5807.6827,363.8789,1269.7612,338.6421,2516.6332,877.1241,442.8171,32.573,10.8577,106.8161,385.5942,2347.899,483.3133,926.1304,2106.6825,1549.7131,406.7227,159.0503,24.3564,2.3681,9104.6012,423.7428,200.374,424.0363,2446.7919,1022.9691,8.8035,1252.741,811.9781,1802.3742,1360.4374,3103.828,5299.4261,265.2794,62.7984,1964.3589,68.6675,1025.3167,1913.0051,1471.9487,203.0679,2030.3854,1.1738,3019.6076,2110.4974,1394.7711,462.4372,10490.2754,642.0701,361.2378,8098.3588,2569.4543,1971.4018,2785.1405,1041.1631,107.9899,1667.3868,70.1347,5317.3266,4278.2177,740.963,2.9345,265.2794,128.238,92.1435,690.4895,407.603,25.8237,3595.3579,90.0894,639.4291,3.8149,2.0542,9824.1423,5167.3733,266.1598,216.0912,11.738,13.2053,4260.9041,27.2909,281.4192,1038.2286,1414.7258,882.9931,1721.0883,2396.9053,5109.27,22.8892,329.5451,0,557.5563,0,6.1625,27.2909,211.578,8.5101,0.5869,5902.1738,2.0542,68.9609,0.5869,7737.4144,2.6411,413.2197,416.1131,440.4695,8.2166,720.7002,255.0087
TCGA-DK-A3IK-01,6.566666667,1646.5545,4686.7431,0.4287,172.7575,497.6959,1.286,2799.2712,1348.6229,823.9203,1353.767,995.3917,1364.9127,144.4647,896.3669,365.2342,204.4797,34.2943,1956.0604,641.7319,2048.2263,15895.4024,268.3528,8510.9849,1795.306,1309.1844,6089.328,1626.4066,1018.969,1700.9324,1905.905,12023.5773,224.1989,447.5405,860.3579,13615.6896,2.5721,248.2049,12316.3648,206.1944,25939.342,11.1456,955.9533,11039.3313,3088.6293,2783.8388,97.7387,470.6891,2881.5775,404.6726,76.3048,2650.9742,721.0374,981.5282,193.334,1801.3075,1703.1401,1085.8429,461.6869,13.7177,926.8031,1093.1304,2068.8029,1774.7294,937.9488,2169.0751,1099.9893,948.2371,7278.1052,1012.1102,11.5743,1074.6972,679.1512,362.2334,383.2387,9652.1273,444.111,237.9166,1162.1477,1340.0493,750.6162,12.003,100.3108,1673.5612,5094.8451,983.3887,712.8925,3982.4242,1658.9862,630.1575,95.1666,745.9008,2040.9388,1920.4801,405.53,515.2717,3058.1931,1135.1409,2876.8621,890.7941,2.1434,2693.8163,860.3579,16.2898,1156.5749,1862.6085,16.7185,39.4384,21508.0913,491.2657,1341.3353,4519.3227,408.102,1448.0763,303.0758,7.7162,273.4969,84.4497,992.391,2176.8299,180.045,811.0599,178.3303,286.3573,108.4557,40.2958,1383.3458,362.6621,49.298,6020.3622,9.4309,130.3183,51.8701,1545.3863,280.8188,116.6006,1168.1492,140.6066,438.5382,1207.1589,14.1464,83.1636,84.021,2909.8703,1154.0028,282.0705,1901.6183,1142.4285,2608.5093,690.6012,1790.5905,1441.2174,931.9473,110.5991,1399.6356,569.9282,534.9909,9387.2039,453.542,1430.0718,1411.6386,2.5721,49.298,8.5736,348.5157,16.2898,2440.4673,4769.0494,2142.107,4055.2953,1970.104,863.3587,1454.0778,1387.6326,5341.3353,1676.1333,68.5886,2082.9493,9830.8863,2560.9259,500.6966,556.8535,346.3723,1017.683,1268.7815,1348.1942,2305.0048,228.4857,1369.6281,282.0705,246.4902,911.7994,324.081,1634.1228,2127.5319,310.3633,759.1898,140.6066,7236.5234,820.0622,288.5007,95.1666,11.5743,261.0653,100.3108,998.3925,537.9916,1096.5599,2646.6617,1263.7445,530.7041,498.1245,119.6013,28.8887,7888.1149,442.3963,317.2393,1135.9983,3183.7959,2927.8748,10.717,587.2897,744.6147,529.4181,813.2033,3878.2553,11930.1254,195.9061,126.8889,1553.1026,246.4902,501.554,172.3288,5986.4966,9.8596,825.2063,43.5409,3553.3169,3804.9512,1186.5824,831.3407,1462.6514,216.4827,161.1832,5745.5793,265.3521,1125.71,3331.2614,381.0953,296.6456,165.8986,29.1501,3744.0789,1709.9989,1960.7759,36.4377,213.0533,323.6523,241.2389,90.0225,573.572,99.0248,5212.7318,53.1561,6614.5108,54.4422,4.2868,13336.1912,6106.5266,271.7822,237.0764,40.7245,224.1989,523.8452,9.8596,456.9714,966.2416,2030.2218,767.7634,1009.1094,912.6567,8708.6057,142.75,453.542,0.4287,1037.4022,7.2875,19.7192,200.6216,2076.0905,31.7222,6.4302,10204.694,0,2247.9906,0,6252.706,159.8971,659.3506,448.8265,570.9999,52.2988,683.2837,263.2087
TCGA-DK-A3IL-01,5.766666667,2179.4745,4858.2053,4.4621,280.6148,346.5543,40.6544,2833.9118,2283.0937,810.6049,1159.1472,1236.9856,1745.1661,122.4591,514.1299,185.9197,310.3619,182.945,1586.5146,778.8795,509.172,16596.9261,1392.6624,4590.9767,2086.7625,2090.233,3513.1086,1458.1061,1289.5389,488.2945,2175.5082,12923.649,1207.2385,403.5697,2622.2112,5021.8146,3.9663,2.9747,9425.3842,235.4983,29779.3753,8.4284,1009.4199,4666.3361,8403.5697,1902.3302,81.8047,207.7343,5098.6614,942.4888,29.7471,2216.941,752.6029,1499.4844,219.6331,2083.7878,2224.0952,868.121,742.1914,13.3862,971.2444,1385.7214,1776.8964,935.0521,630.6396,1668.3193,2545.3644,1243.4308,5688.1507,694.5959,28.7556,966.7824,82.1319,236.9856,588.4978,10837.3823,76.8468,168.5672,825.4834,1421.4179,410.0149,4.9579,174.5166,1806.6435,5129.8959,840.8528,775.9048,3372.8309,2179.9703,302.9251,77.8384,673.2771,1787.8037,1055.0322,812.0972,363.411,2776.8964,1167.0798,5038.1755,746.1577,6.4452,3962.3203,534.4571,52.0575,1718.3937,1534.4571,101.1403,41.1502,17775.9048,833.416,1405.5528,262.583,527.5161,1994.5464,724.3431,6.4452,236.9856,142.7863,824.9876,5324.7397,106.594,775.9048,704.0159,310.8577,70.4016,65.4437,1510.1636,471.4923,69.41,7651.9584,0,99.1572,22.3104,903.3218,1566.5444,199.8017,634.1101,307.3872,555.2801,1147.2484,46.1081,84.2836,25.7809,2277.1443,671.294,171.5419,1421.4179,1578.0863,1611.3039,384.234,2922.1616,1205.2553,883.4903,103.6192,1183.9365,379.058,195.8354,10514.1299,243.4308,3210.709,698.5622,2.9747,66.9311,4.9579,458.6019,6.4452,1117.997,3262.2707,2005.4536,1932.5731,2358.9489,708.4779,1174.5166,1087.2583,2366.8815,1188.3986,448.1904,2829.4497,9231.532,2346.0585,835.3991,1622.2112,105.6024,491.8195,1599.0233,2311.3535,2581.5568,296.4799,1034.705,685.176,543.877,496.7774,193.3565,2317.3029,1283.0937,195.8354,1559.2464,484.8785,1527.5161,657.412,580.5652,108.5771,5.9494,139.8116,48.587,1610.3123,206.7427,860.6842,653.4457,1668.3193,653.4457,246.9013,1179.9703,22.8061,6419.9306,626.6733,275.1363,571.6411,3363.9068,2462.0724,7.9326,686.6634,808.1309,1529.995,1928.1111,1435.3,9613.2871,228.0615,141.299,2779.8711,66.9311,392.6624,287.06,4839.8612,17.3525,1038.6713,23.7977,3762.0228,3053.0491,844.3233,956.1279,1059.4943,22.8061,44.1249,6395.6371,746.1577,1410.5107,2737.7293,154.1894,172.0377,60.4859,304.4125,5985.6222,3407.5359,529.4993,21.3188,433.3168,195.8354,197.3228,478.9291,73.8721,43.6292,2101.6361,95.6867,3118.9886,165.0967,4.4621,5186.4155,4920.6743,382.2509,747.1939,33.7134,48.587,1379.2762,9.4199,437.7789,774.9132,3038.1755,1589.9851,1956.3708,281.6063,4878.0367,101.6361,258.3044,5.4536,1126.9212,9.9157,9.4199,410.5107,3180.9618,4.9579,31.2345,10410.5107,1.9831,96.1824,0,4192.8607,3.4705,540.9023,551.3138,339.6133,51.5617,316.8071,576.1031
TCGA-DK-A3IM-01,2.833333333,2450.873,3126.3266,0.3423,357.7542,1060.5957,0.3423,2592.9476,1535.4331,416.9805,1765.1489,865.1147,1484.4231,33.2078,491.6125,238.2746,1296.4738,357.0695,152.0027,780.2123,2704.8956,8269.7706,3174.5977,714.139,2023.622,2355.0154,11002.3314,2050.3252,661.4173,5086.8983,2599.7946,2634.3718,707.6344,302.6361,231.0852,2232.1123,0.6847,3.0811,409.7912,494.0089,17867.1688,14.721,978.432,1024.6491,1678.1924,3136.2547,101.6775,85.5871,3204.3821,806.9154,12.3245,1915.4091,1525.8473,1567.8227,815.8165,1847.9973,1385.1421,1561.4516,581.3078,7.874,2082.506,3952.0712,689.4899,2452.5847,1055.4605,2316.3163,2374.8716,3463.1975,23647.0387,2309.1407,16.7751,933.9267,29.2674,764.4642,415.6111,5544.6765,1668.949,179.733,1264.2931,3792.8792,148.5793,156.4533,210.202,1722.3554,4437.179,1483.0537,898.1479,5324.5464,1481.342,509.0722,89.6953,1241.0134,3560.4245,1287.9151,529.6131,736.0493,2510.784,1765.4913,1932.215,1092.7764,33.8925,2991.0989,1475.8644,115.3714,1252.3109,3237.2475,426.9086,11.2975,20195.1387,445.0531,1729.2023,2383.5091,93.1188,800.7532,932.215,10.2705,3.0811,0.6847,1724.7518,4058.8839,1337.5556,1132.1465,29.0996,374.8716,224.923,57.5145,1854.8442,83.8754,3.7658,2580.2807,0,470.3869,99.6234,865.7994,1190.1096,631.633,166.7237,568.2985,1702.1568,2617.5967,0.6847,47.2441,28.0726,9180.76,1778.1582,67.1003,1608.6957,1413.8993,2752.8244,2554.6046,2110.2362,1158.5074,381.3762,36.2889,2914.4129,584.2075,13441.9719,355.0154,62.6498,3519.685,651.1469,4.1082,47.2441,0,895.5837,19.5139,200.6162,9044.8477,4007.5317,4287.5693,6342.5539,550.1541,3537.8295,1956.1794,3503.5947,1154.3992,116.0561,3055.1181,1410.8182,4143.7864,452.2424,677.5077,18.1445,1308.7984,119.3906,1208.4902,6535.4331,172.886,1374.8716,1761.0407,920.9175,448.4765,763.7795,1378.9798,5638.1376,273.1941,5695.3098,299.8973,2199.2468,1416.6313,319.4112,91.4071,7.874,418.3499,92.0917,1505.6488,252.3109,1964.0534,1561.7939,3786.3745,780.897,313.2489,1146.8675,20.6197,15580.9654,576.5149,447.9219,833.6186,3408.0794,873.6734,2.7388,889.4214,671.0031,1241.0134,1894.2143,132.8312,5508.7299,274.9059,207.8055,2114.0021,162.2732,662.7867,4509.7569,486.4772,13.6939,907.9083,166.3266,1645.6693,9912.7011,1402.6018,1177.3776,3829.5104,1118.1102,631.633,6963.7111,960.6299,2119.1373,5058.1992,266.3471,5523.7932,276.2752,89.0106,10536.4601,3797.3297,2311.8795,19.5139,449.5036,284.4916,120.5067,570.695,8254.3649,25.3338,3592.2629,181.1024,991.0989,0.6847,6.5046,5149.9486,7692.2287,972.2698,709.3085,4.4505,11.9822,2039.6953,4.1082,739.4728,2717.9048,1497.4324,660.0479,1844.9161,792.1945,11535.4331,68.1274,1327.2852,0.3423,689.1476,0.6847,1.027,27.3879,346.4567,11.9822,0,5236.5628,1.027,121.1914,0,5941.1161,24.9914,485.7925,804.1767,247.8603,328.6546,2746.4327,506.3334
TCGA-DK-A3IN-01,11.53333333,2345.0467,4254.5794,1.8692,222.0561,637.757,4.8598,2551.7757,1945.7944,653.8318,1111.4019,846.729,1991.7757,81.8692,329.3458,306.1682,677.0093,114.0187,3108.4112,878.8785,994.3925,6987.2897,1560.7477,1308.785,1419.8131,1644.8598,25934.871,1735.7009,1077.0093,2513.5626,1889.7196,4395.1402,388.785,325.2336,376.0748,63.1776,3.3645,14.5794,5217.9439,614.9533,17220.5607,10.0935,691.9626,7770.4673,1596.2617,3802.243,273.6449,404.8598,2938.3178,571.215,42.6168,2163.4206,561.1215,1282.6467,403.3645,1603.3645,1329.7196,3069.1589,891.9626,18.6916,1239.6262,1703.1776,2450.8411,1765.9813,3281.8692,2066.4523,2334.2056,3246.729,5780.9346,2796.2617,2.243,1819.8131,2407.7495,515.8879,650.8411,7178.3178,324.8598,280.3738,807.1028,2320.7477,429.5327,4.1121,40.3738,1782.4299,4893.0841,957.3832,774.7664,4788.0374,6721.1215,409.7196,118.8785,758.1308,2376.0748,1252.3364,379.8131,1673.6449,2876.2617,931.5888,1521.4953,4241.8692,2.9907,2275.514,632.5234,136.4486,988.0374,2805.2336,191.4019,111.7757,21685.6075,663.1776,1028.785,2887.7757,2662.8037,2292.7103,441.8692,126.729,108.785,50.4673,1340.1869,3235.1402,1061.3084,783.9252,151.4019,760,2080,271.4019,1317.0093,687.1028,200,1433.6449,0,143.1776,21.3084,1026.5421,540.4523,531.9626,446.729,34.7664,586.1682,1409.7196,29.1589,198.5047,113.6449,6621.3084,1232.8972,342.4299,1687.8505,970.8411,3162.243,616.8224,8801.8692,1187.2897,560.7477,86.729,1962.6168,374.1308,5383.5514,1893.8318,43.7383,1545.4206,676.2617,5.6075,8.972,0.7477,427.6636,165.9813,4291.9626,6123.3645,3419.4393,4345.4168,38622.7701,993.271,4659.0654,1761.1215,2318.8785,934.2056,80.7477,2860.1869,3568.5981,3784.6729,429.9065,854.9533,473.271,3770.0935,700.1084,940.1869,6037.3832,889.7196,1966.3551,867.6636,1049.7196,1330.4673,1012.7103,5731.5888,1151.7757,416.8224,683.3645,416.0748,6345.0467,1049.7121,285.2336,125.9813,13.8318,912.8972,298.3178,1087.1028,626.9159,1281.8692,1586.1682,1661.3084,720.3738,1384.2991,106.5421,19.5963,7614.5794,217.9439,184.9645,1597.0093,1926.3551,1522.243,50.0935,788.4112,437.0093,1279.6262,1259.4393,10502.0561,6821.6822,386.9159,91.9626,2521.8692,161.4953,976.0748,2226.5421,1122.243,37.757,678.1308,0,3053.0841,2422.0561,1140.1869,849.7271,3288.5981,964.8598,203.7383,6290.0935,677.757,1544.2991,4768.972,1605.9813,703.9252,464.6729,263.1776,8894.2056,4120.3738,921.8692,4.8598,194.3925,240.7514,97.4879,429.5327,559.2523,105.4206,1410.4673,129.7196,2919.2523,24.2991,42.6168,38073.271,5130.8411,299.0654,284.6019,24.6729,122.9907,678.5047,13.4579,439.6262,1805.9813,1632.1495,778.6916,1215.3271,3317.0093,8477.3832,68.785,253.4579,45.2336,597.757,0.3738,10.8411,329.7196,964.8598,80,4.486,7313.6449,9.7196,745.0467,0,4648.972,19.0654,1070.5159,640.7477,287.4766,56.4486,276.9869,563.3645
TCGA-DK-A3IS-01,10.26666667,730.0212,5682.2081,0,192.9512,548.2803,93.4183,3071.2527,1885.3503,529.5966,1322.1231,1225.3079,1972.6539,71.6773,1426.7516,149.1295,562.5478,171.8896,1243.6518,327.1338,1293.5881,20572.3992,12.569,2394.5648,1627.8556,2526.3694,7577.7257,2097.3248,366.1996,327.8132,2451.6348,16297.9193,589.3843,442.9724,75.414,102923.1423,0.6794,7.1338,6874.2251,480.3397,56715.7537,11.2102,1139.0234,13258.259,3734.6921,2821.9108,112.7813,78.4713,2728.4926,298.259,316.2633,1401.1822,1589.1295,1476.7898,400.8493,1326.879,1935.966,683.8217,892.3992,4.0764,869.2994,1453.2484,2155.7537,1963.8217,806.1146,3378.0042,300.6369,1336.3907,11097.0701,1296.6454,0,1650.6157,98.4119,305.7325,1197.7919,8128.7473,117.1975,111.0828,1373.0786,2709.1295,1261.3163,10.5308,235.414,2235.2442,5593.5456,2059.6178,1366.7227,4062.5053,2407.8132,76.0934,46.879,1062.5902,499.7028,2046.3694,526.879,166.4544,172.9087,290.4459,1531.0403,1288.4926,0.6794,2573.2484,637.9618,55.7113,2817.8344,1883.9915,129.087,8.4926,29434.9045,724.2463,2219.2781,19278.7057,118.5563,1272.8662,292.4841,6.4544,3.0573,20.0425,1203.5669,3133.4183,276.1783,1705.9873,669.8938,476.2633,107.6858,11.8896,2081.3588,196.3482,5.7749,7990.1486,36.3482,129.4268,19.7028,1352.017,799.0624,181.0616,143.6943,13.5881,224.8832,1431.1677,0.3397,38.0467,7.4735,1522.2081,1284.7558,376.3907,2968.6624,928.4076,2813.758,580.552,2694.1826,1323.8217,458.259,286.3694,1248.7473,456.1325,1067.3461,3314.8195,7.8132,3739.7877,1223.2696,0.6794,0.3397,0.6794,665.4777,2.3779,277.1975,5715.1592,4821.741,6408.4892,3037.9618,1440.6794,1761.3588,1718.2166,5417.9193,1679.1507,82.5478,2035.4989,7341.9958,3366.1146,972.569,756.1783,49.2569,894.0977,1585.5423,1667.6008,3381.0616,80.1699,1378.8535,1133.9278,761.6136,149.4692,261.9108,1646.5393,2803.5669,137.9193,275.1592,268.7049,2232.1868,944.3737,518.3864,34.31,6.7941,133.1635,78.4713,1444.0764,850.6157,1429.4692,2798.4713,1046.9639,225.9023,214.0127,586.6667,16.4586,5277.9618,399.4904,416.1902,1436.2633,2095.6263,3291.7197,22.0807,553.0361,562.2081,1283.0573,1359.4904,3495.5414,13433.8854,536.051,55.7113,2203.9915,100.2123,550.3185,385.5626,10194.4798,19.0234,1288.4926,0,6682.9724,3947.0064,1764.4161,1445.5643,1933.2484,1236.1783,321.3588,7414.0127,431.4225,1467.8556,4713.7155,486.4544,167.8132,1800.7643,135.5414,7769.3418,3154.1401,1462.0807,43.8217,315.5839,127.9049,111.3512,497.3248,701.4862,69.6391,13320.7643,79.4904,3073.2909,0.6794,0.3397,46351.7622,10432.2718,292.1444,593.566,16.6454,17.3248,18.0042,3.7367,339.7028,1118.9809,2658.5138,1345.9023,1774.2675,1339.7877,7451.7197,30.5732,157.6221,6.4544,1272.8662,144.034,3.0573,13.9278,1505.2229,13.2484,0.6794,19785.3079,0.3397,1106.0722,0.3397,9535.4565,218.4289,540.8068,382.845,776.2208,44.1614,675.6178,494.2675
TCGA-DK-A3IT-01,12.7,1402.9968,5182.9653,0.3943,109.6215,549.6845,5.9148,1763.8013,1229.4953,903.3912,1132.8864,730.2839,1651.0252,175.8675,1021.2934,175.8675,1192.0347,493.2965,1236.5931,897.082,938.0915,12707.4132,621.8454,3313.0915,1673.8959,1765.3785,6029.9054,1334.7792,561.5142,2584.7161,1982.6498,6926.6562,662.8549,244.0852,1170.347,5319.0063,10.2524,14.1956,2783.5174,507.4921,16028.7855,16.9558,1092.6656,14407.3344,4695.9779,3477.918,168.3754,438.0915,1987.776,380.5205,140.7729,2095.0513,948.7382,1943.9432,234.6215,1091.4826,1726.735,3029.1798,1002.3659,13.0126,1285.0946,1830.0473,2115.9306,1506.3091,666.0095,3842.6735,2142.3502,1903.7855,9078.47,1119.4795,29.9685,1624.6057,694.4874,376.5773,553.6278,6370.2681,307.9653,160.0946,1860.4101,2985.0158,1261.8297,5.5205,128.1546,1865.142,5910.8833,1195.9779,985.1696,2475.9464,1341.0883,558.7539,43.7697,834.3849,2117.1136,984.6215,344.6372,666.4038,1306.388,408.5174,1173.5016,943.612,7.0978,1787.4606,704.653,105.6782,1485.0158,1180.205,207.8076,87.1451,24613.959,639.9842,1268.5331,954.1404,522.8707,2171.9243,403.7855,2.7603,470.8202,84.7792,1290.2208,2788.6435,159.7003,1829.2587,435.7256,385.2524,592.2713,115.9306,1475.9464,835.5678,163.6435,2693.612,0.3943,171.53,42.9811,849.3691,1850.8833,180.5994,649.8423,26.8139,319.795,1335.5678,95.4259,208.2019,132.8864,2228.7066,1414.4322,375.7886,1287.8549,1572.1609,1985.8044,533.5174,2790.6151,2868.6909,1020.5047,160.8833,1231.4669,338.4937,1892.7445,5580.836,74.5268,1697.1609,564.2744,4.3375,65.0631,5.9148,336.7508,17.3502,1930.5994,3343.0599,4317.429,9448.7263,1615.5363,554.0221,3070.9779,1602.918,2406.5457,1903.3912,3.9432,2126.9716,4327.2871,4323.3438,646.2934,670.7413,749.6057,1197.5552,902.5237,1113.959,4325.3155,341.877,1509.4637,1088.7224,554.8107,717.2713,315.0631,1180.9937,1170.7413,310.3312,873.0284,653.7855,1817.8233,599.3691,351.735,108.0442,7.4921,202.6814,481.9795,2422.3186,393.1388,1104.8896,1256.3091,2033.5174,634.4637,536.6719,319.0063,11.4629,5637.224,697.5552,260.9148,1099.7634,3006.3091,4348.5804,21.6877,1277.6025,655.3628,1039.0379,1867.5079,2027.2082,8865.9306,1056.7823,186.5142,1657.3344,154.1798,244.0852,102.5237,2886.8297,164.8265,432.571,1.9716,2745.2681,4131.7035,935.7256,765.3943,3097.7918,426.2618,117.5079,4769.3218,721.2145,2469.2429,2164.4322,736.9874,433.7539,1738.5647,82.8076,6954.653,4770.5047,879.7319,20.5047,719.2429,206.6207,107.3068,308.3596,288.2492,174.2902,1275.6309,179.8107,4246.0568,96.6088,11.4353,14878.9432,6138.0126,477.1293,226.6325,48.1073,179.0221,806.3841,11.4353,1086.7508,1484.2271,2100.1577,595.0315,1677.0505,1173.1073,5444.795,160.489,251.183,0.7886,658.5174,1.183,242.9022,324.9211,2873.0284,26.8139,22.4763,8228.7066,0,229.1009,1.9716,6941.6404,7.0978,600.1183,815.0631,600.9464,26.0252,440.4456,574.1325
TCGA-DK-A3IU-01,12.33333333,2517.8915,3451.3274,1.5391,128.1262,414.3902,19.6229,2654.4825,2260.8696,1068.8726,951.5198,1132.7434,2125.4329,500.9619,766.0639,172.7588,394.7672,301.2697,933.4359,800.6926,767.2182,6199.3074,2004.6172,1149.2882,2132.7434,2307.8107,7088.0646,2032.3201,535.2058,1517.8646,2440.5541,4956.9065,850.327,339.7461,390.5348,522.8934,25.7791,1.5391,5899.5768,594.0746,39972.6818,21.162,575.2212,1320.5079,6135.4367,7226.2409,541.3621,1542.9011,1706.0408,262.4086,82.3394,1960.1,971.1427,1204.8711,1312.0431,1273.9515,1055.0212,3703.3474,923.4321,10.3886,984.6095,1650.2501,3078.8765,1307.8107,1141.9777,1600.581,1065.4098,2363.6014,9540.5925,1898.0377,461.3313,1065.7945,657.8876,381.6853,1057.7145,7490.5733,733.7437,184.6864,1314.3517,1943.055,665.2559,12.3124,27.3182,1884.571,4552.905,1582.9165,1216.2716,3202.7703,2429.7807,258.561,478.6456,938.0531,1502.501,1313.5821,349.7499,2415.5444,2707.9646,728.7418,2059.2536,687.9569,47.3259,2706.0408,565.2174,58.8688,1907.272,2875.7214,54.2516,563.6783,30596.768,583.686,1350.1347,871.1851,1643.3244,2458.6379,318.9688,557.1374,3173.1435,1339.7461,1040.4002,2748.7495,724.5094,1280.8773,417.853,286.2639,3347.8261,1570.9888,1353.9823,3811.4659,188.5341,2089.2651,1.5391,193.9207,45.0173,1237.399,581.0389,260.4848,1440.9388,49.2497,549.0573,1446.3255,103.1166,1380.1462,315.8907,7798.7688,1211.2351,346.287,1567.1412,1593.3051,3661.0235,518.661,2892.2663,1063.8707,682.5702,249.3267,1601.3851,214.1439,2823.0088,830.7041,28.4725,1662.1778,2128.1262,3.8476,101.1928,13.4667,366.2947,494.4209,2786.8411,5889.9577,3996.9219,6322.424,2305.1174,853.7899,3819.1612,1468.6418,2379.7614,1534.4363,3.4629,1837.2451,2039.6306,6058.0993,651.4044,1484.4171,392.4586,2301.2697,1612.6125,1715.6599,2935.3598,865.7176,969.6037,737.2066,696.0369,1399.7691,238.1685,1983.4552,4877.6452,495.5752,3350.1347,313.9669,2145.0558,1385.9138,397.8453,224.317,13.4667,177.3759,419.0073,872.6433,508.2724,1487.88,912.6587,1629.0881,731.0504,83.4937,4317.8145,7.0181,11594.8442,438.6302,295.6291,1534.0516,5942.2855,1778.3763,647.172,462.4856,647.172,1061.5621,1398.6149,1115.8138,11723.7399,354.3671,100.0385,1435.9369,61.1774,1165.4482,193.1512,117.3528,25.3944,557.1374,6.1562,4080.0308,2641.4005,1203.1551,1967.3413,14532.5125,121.97,167.3721,5668.334,442.4779,2163.1397,2858.0223,2015.7753,740.2847,264.3324,60.4078,2320.1231,3997.6914,818.0069,36.9373,202.7703,103.8861,83.4937,274.721,1006.1562,162.3701,806.8488,52.7126,3296.2678,1668.7187,18.4686,157972.297,7240.8619,327.8184,269.4921,205.0789,756.8295,715.6599,1.1543,291.6506,2304.3478,2545.2097,1498.6533,3389.3805,1782.9935,19828.3955,243.1705,317.4298,3.4629,1589.4575,34.2439,4.6172,120.8157,969.2189,79.2613,81.9546,11061.1774,0.3848,784.1477,0,2637.5529,31.9354,635.7638,381.6853,374.3748,61.9469,562.9088,376.6833
TCGA-DK-A3IV-01,3.1,1824.2529,4503.6698,1.1655,167.5364,763.966,97.6082,3682.013,5121.9519,1165.1792,1371.4675,487.7494,1900.8826,420.4435,1023.5746,225.2272,857.495,302.4396,897.7037,1122.6396,668.3974,15584.3815,2411.65,1041.9307,2135.4335,1996.1598,4438.0421,1750.8282,406.1665,1412.2328,1955.6597,15489.3957,1435.8598,626.7318,621.4872,1978.3863,50.4066,0.8741,5875.1373,745.3185,13183.2207,82.1657,921.0131,6012.0801,4181.1258,3440.4692,407.332,747.9408,2449.8192,796.3078,62.0613,2504.1068,1180.3304,1236.2525,967.9233,1591.4501,1361.2697,2613.8592,721.7177,6.9928,1049.7976,1375.5467,3042.7524,2069.8758,703.9442,1799.0117,901.4915,4755.9942,5169.7362,1897.3861,53.6116,1622.0437,412.6174,529.7064,864.7792,4102.1652,186.1839,268.9323,1281.1436,1857.7601,245.6229,18.6475,948.6931,2021.2174,5543.2696,1796.8643,1761.4981,4676.7422,782.9049,32.9245,236.8819,1099.3301,2344.6355,1629.6193,1061.7437,1492.3851,1528.8061,1637.4862,2833.8418,1508.119,0.5827,2395.0421,1031.7329,160.5436,1809.6845,2197.2035,357.2167,133.155,21224.9679,503.4833,2631.0499,720.8669,622.3613,2002.5699,686.1708,74.2988,314.0943,171.0328,1583.8745,2641.5391,199.2955,2623.183,2015.0987,171.3242,480.4653,118.878,2043.3613,523.2963,34.3814,5815.4069,37.8778,57.9822,142.1874,3085.0007,812.6448,513.9725,162.2918,42.2483,626.1491,1775.8858,5.536,562.3396,210.0761,1769.4757,1777.3427,230.1804,2358.9125,2259.8475,2201.8653,386.9362,1751.9937,2527.6144,825.1532,91.7808,2650.8629,496.642,150.3457,3911.3193,3.4964,2234.2071,1160.5174,5.2446,293.6986,3.205,2130.4803,34.3814,362.17,2793.9244,3223.109,4520.8576,3169.4973,579.8216,2604.2441,1270.6543,1585.3314,1478.9822,294.2813,3929.0928,4023.2045,4992.8761,530.5805,2839.9605,382.2744,1108.0712,2551.0199,1141.8698,3076.551,298.0691,1488.306,443.4616,310.8893,336.2383,204.8315,1153.8159,2199.5344,326.9145,2405.24,547.4798,1416.3381,1653.5027,719.3867,63.5181,2.6223,655.8686,281.0358,1436.1511,264.8532,1271.2371,1224.0355,2500.2258,629.9369,514.5553,502.0265,147.4699,6898.1291,648.0017,599.2733,1600.4825,5135.9376,3483.3003,57.1081,573.1202,579.5303,953.9377,2085.6096,2541.0173,7257.3854,337.4037,51.2807,1551.8241,156.4644,1608.3494,1678.2777,4303.7916,53.0289,1249.6759,1.1655,12265.704,1852.5155,1190.2369,1534.4236,1216.1686,256.1122,43.1224,4775.5158,739.4911,2204.4876,3543.322,1647.3927,396.8427,639.8434,567.5842,2473.1286,3684.0526,1034.9379,19.2303,275.0511,156.4644,163.4573,462.9832,945.7794,35.5469,1657.5906,130.8241,3093.7417,210.9502,21.5612,60986.7457,8706.0654,521.8395,461.8818,4.0791,163.1659,1587.3185,18.0648,124.414,2529.6539,2445.7401,608.3757,2073.3722,781.1567,12678.8633,133.4464,203.666,2.3309,1361.561,34.6728,9.6151,281.4612,2550.6324,33.7986,0.8741,10411.7316,0,176.5688,0.2914,5745.4787,0.5827,655.0731,1006.0925,719.3867,119.7521,551.7891,676.2643
TCGA-DK-A3WW-01,35.2,1252.3719,4383.3017,0,128.0835,364.8008,0.4744,1499.0512,955.8824,438.8046,1046.0152,1212.5237,1735.7685,118.5958,398.9564,117.6471,357.2106,115.7495,375.7116,722.4858,927.8937,10015.1803,14.7059,186.4326,1096.7742,1252.8463,9329.6822,1671.7268,341.0816,1860.9583,578.2732,1525.6167,711.575,394.6869,296.0152,1564.9905,1.4231,27.5142,909.3928,322.1063,14106.2619,9.0133,2645.6357,2670.778,2928.8425,3092.9791,428.3681,577.7989,1990.9867,431.2144,21.3472,1118.3634,1245.7306,1757.7989,480.5503,471.537,652.7514,4277.0398,742.8843,0.4744,692.1252,1569.26,1516.129,1239.0892,576.8501,3108.5484,4226.2808,1696.8691,24359.1082,2487.1917,0,883.3017,76.0389,319.7343,923.6243,7101.9924,2398.9564,163.6622,1918.4061,2376.186,1432.1632,4.7438,292.2201,1283.2068,6613.852,1631.8786,1221.0626,3530.8349,1697.3435,33.2068,123.814,819.26,1673.6243,1413.6622,474.8577,1811.6698,1055.5028,565.9393,2444.0228,1065.9393,57.4004,1803.1309,572.1063,37.0019,1078.2732,1177.4194,86.8121,135.1992,36055.5028,872.8653,1500,4189.5968,7083.9658,1461.1006,222.0114,1954.9336,53.6053,49.8102,1102.9412,2398.9564,1220.1139,1025.1423,189.7533,546.4896,793.1689,308.3491,1018.9753,1741.9355,16.129,1768.0266,0,288.8994,9.4877,889.9431,1148.2068,288.8994,83.0171,114.8008,382.8273,2510.9108,5.6926,325.9013,74.9526,4179.7913,1353.4156,152.7514,1436.4326,851.518,2619.0702,715.37,2699.241,2223.9089,439.2789,63.5674,1162.7135,149.5968,12468.6907,103.4156,1.4231,1593.4535,846.2998,9.4877,0.9488,0.4744,404.1746,407.4953,1096.2998,980.0759,4805.5028,4253.7951,1795.0664,398.9564,3022.296,2195.9203,2364.3264,1857.685,5.2182,1325.4269,1437.8558,4048.8615,284.63,823.055,136.6224,1355.3131,1920.5361,869.0702,4494.3074,74.0038,1209.203,735.7685,974.8577,333.9658,351.518,2346.7742,4387.0968,217.2676,18.0266,408.9184,1980.5503,982.9222,634.7249,14.7059,4.7438,92.5047,1048.3871,1651.8027,737.666,1433.112,777.0398,1770.8729,283.2068,977.704,203.9848,272.3624,29366.6983,392.315,294.4118,1132.3529,5369.0702,1227.704,126.6603,907.0209,410.8159,1240.038,1096.2998,25.1423,9127.1347,470.1139,72.5806,1505.6926,105.3131,570.2087,2080.6452,197.8178,15.1803,824.4782,0.4744,3689.2789,12325.9013,1123.814,1608.1499,6937.3814,80.1708,138.0455,7157.0209,622.8653,1668.4061,3193.5484,1251.8975,445.4459,1575.9013,37.0019,1242.8843,2832.5427,878.5579,4.2694,284.1556,143.7381,74.9526,436.907,3195.9203,31.3093,3842.0304,82.5427,1322.1063,11.8596,62.1442,99383.3017,7810.2467,217.2676,620.4127,0.9488,172.2011,2445.4459,6.167,650.8539,2074.4782,551.2334,943.074,1960.6262,1944.4972,16419.3548,118.5958,368.5958,0.9488,1088.7097,0,1.4231,154.1746,101.0436,45.0664,0,4001.8975,2.8463,61.6698,0,6244.3074,61.6698,524.6679,488.1404,963.9469,125.2372,816.4137,236.7173
TCGA-DK-A3WX-01,1.166666667,1870.1498,6461.9662,0,330.9638,594.5091,3.6774,2074.8571,2689.796,991.257,1091.772,925.8815,1544.9064,79.6765,848.6566,147.9122,1062.7616,335.867,157.31,1596.3896,783.281,8532.3287,9.8063,379.9955,1678.5177,1645.4213,9145.192,2468.7449,351.3937,1853.381,3270.8214,3354.1752,531.5851,449.8656,125.4394,1405.1661,2.4516,72.7303,122.5792,402.4683,24010.4029,23.6986,3502.0874,1758.6028,4109.263,2814.0096,300.319,846.6136,6384.3327,719.9484,47.3973,3915.8698,1377.3815,2666.175,428.21,1148.567,1629.486,2642.3987,555.2837,14.3009,708.9163,1280.9525,2525.5399,2619.1087,1114.6534,2362.5096,1206.1792,3920.4911,6260.1192,2592.1412,0.4086,1483.2082,331.5236,265.9968,476.0158,8869.4215,763.2597,67.4186,1348.3711,5187.1427,1888.5367,38.8167,507.0692,1388.005,4748.7178,1676.8833,1163.1784,3608.3227,2177.8236,854.7855,245.1584,717.9054,2211.7372,125.4394,447.8226,1981.2883,829.8611,463.7579,2808.2892,567.133,0.4086,3077.1462,610.853,73.5475,677.8629,1710.7969,252.1045,77.6335,22344.1431,993.3,1551.0353,5182.2395,527.9077,1425.596,527.4991,76.4077,62.1068,31.0534,2584.3779,3184.6073,3073.4689,798.8077,133.6113,418.4036,494.4027,3758.2779,1485.2512,1269.1032,81.7195,1628.6688,0,532.8109,19.6127,1321.8123,1017.0763,252.1045,901.7742,49.4403,435.9733,1514.6702,4.086,221.8683,104.1923,2137.7811,1496.2833,876.4412,966.7412,1905.6978,1555.1213,730.9806,4800.6096,1827.6557,729.3462,64.1498,1504.4552,286.3981,2060.5562,308.8996,4.4946,2871.2132,1034.977,29.8276,18.7955,0.8172,263.9539,103.7837,2711.4517,922.2041,6163.6902,4958.3282,1374.1127,1071.3421,3538.044,915.6665,1700.5819,1455.015,1.6344,1813.7634,5820.4685,9191.3962,342.8131,585.9285,254.1475,2072.8141,662.708,1014.9557,4703.3635,219.4167,2909.2127,2250.1453,676.2285,798.3991,924.2471,4995.1019,4014.877,343.2217,160.5787,742.4213,3703.5259,1059.0842,661.1104,150.7724,26.1502,193.6751,621.4765,1546.1322,1118.7394,887.4733,1643.3783,3346.8204,590.4231,219.0082,65.7842,9.4141,10521.3804,567.9502,313.6842,2183.1354,2970.5023,974.9131,59.6552,511.9724,781.238,983.4937,1688.7326,20.8385,5408.1938,487.048,46.5801,1756.1512,97.6548,1276.458,1378.6073,185.5032,193.6751,1051.3208,31.4579,3088.587,4795.2979,1518.3476,1332.2356,607.1756,764.8941,267.6312,7308.9884,512.7896,1566.1534,3118.4146,1223.3403,394.705,907.4946,36.7738,7056.0667,3379.5082,569.176,5.3118,400.0168,321.1575,178.9656,399.6082,1233.9638,178.557,4385.8834,178.557,1026.3964,17.5697,16.3439,15317.904,7691.4355,363.243,184.8821,24.1072,131.9769,65.7842,10.6235,492.3597,1528.9711,1190.2439,1796.1937,2058.5132,4307.0241,10957.3537,53.5262,179.7828,0.8172,579.7996,0.4086,3.6774,131.5683,339.5444,39.6339,0.8172,5668.4703,0.4086,95.6118,0.8172,7606.0387,5.7204,923.4912,755.4964,254.9647,40.4511,383.6729,506.6606
TCGA-DK-A3WY-01,0.666666667,2015.8458,3302.7837,0,145.6103,537.9015,4.7109,2673.2334,2217.9872,2220.1285,1237.6874,920.3426,2084.3683,763.1692,1241.1135,143.0407,937.9015,213.7045,3191.0064,1494.2184,656.531,1377.3019,375.1606,496.3597,2106.6381,2088.651,5297.636,2666.8094,445.3961,456.1028,1643.2548,1298.0728,1027.8373,566.167,309.636,26.9807,89.0792,11.9914,258.6724,346.4668,23092.9336,15.8458,739.6146,890.7923,2952.8908,7127.1949,695.9315,3390.1499,3514.3469,704.0685,168.3084,1545.0964,828.2655,2049.7216,1202.5696,1071.0921,1511.7773,4523.3405,1326.7666,11.1349,1124.197,2377.7302,1565.7388,1584.1542,920.7709,1618.8394,1396.5739,2236.8308,13713.0621,1456.9593,1856.9593,1370.8779,719.3533,426.1242,1083.5118,6886.0814,895.9315,180.2998,2143.0407,2429.1221,1540.4711,34.2612,46.6809,2142.6124,7810.7066,1456.9593,1144.788,5056.531,3283.0835,364.0257,622.2698,1636.4026,2145.182,1638.9722,304.9251,2844.9679,2710.0642,914.7752,2720.7709,1062.955,10.7066,3581.5846,1021.4133,105.7816,2940.8994,2223.9829,191.0064,2171.7345,18775.5889,509.2077,2002.5696,867.0792,1892.0771,6305.3533,1058.6724,64.6681,18034.2612,11868.5225,1492.5054,2964.8822,913.4904,1602.5696,867.2377,441.97,2120.7709,205.1392,2173.0193,17320.7709,125.9101,141.3276,7.2805,307.0664,169.1649,1075.803,1869.1306,263.8116,1858.6724,34.2612,523.7687,2012.4197,29.9786,3754.1756,1051.3919,2112.2056,1520.7709,483.94,1758.4582,1924.6253,3268.9507,630.4069,2388.8651,1462.5268,1400.8565,155.8887,1689.0792,482.137,1718.2013,112.2056,10.7066,2904.0685,1055.2463,9.4218,217.1306,125.4818,349.8929,236.4026,1926.7666,3148.6081,5471.5203,5937.9015,2231.2634,795.7173,4230.8351,1397.8587,1805.9957,2135.3319,3.8544,1870.6638,1059.1006,4646.2527,568.3084,5249.6788,1197.8587,3402.1413,2666.1456,1361.4561,4505.3533,375.5889,1684.3683,1220.5567,1634.6895,2153.7473,237.2591,1930.1927,9690.7923,155.4604,132.334,516.06,1906.6381,1013.2719,832.9764,129.7645,53.9615,162.7409,607.7088,1413.2762,535.7602,1088.2227,1351.1777,293.3619,1249.6788,164.8822,716.06,9.4647,8203.4261,520.3426,355.7216,1278.8009,4329.3362,1466.8094,1160.5996,579.4433,641.1135,1468.0942,1408.5653,304.0685,3928.0514,623.5546,117.773,2105.3533,76.6595,702.7837,999.1435,133.6188,139.1863,300.6424,4.7109,2167.0236,1335.7602,2295.5032,882.3812,658.2441,438.9722,437.6874,7812.848,650.1071,3710.9208,6072.3769,3182.4411,1322.9122,316.06,219.2719,1236.8308,14291.6488,555.8887,27.409,494.2184,235.1178,146.4668,564.8822,1334.9036,307.0664,895.9315,123.3405,3367.4518,14573.0193,59.9572,192080.0857,3682.227,301.9272,348.9636,84.7966,5340.4711,472.8051,1.7131,414.9893,1492.9336,1000.4283,1401.2848,1334.0471,1058.2441,15580.7281,179.4433,262.0985,0,1504.9251,340.8994,16.2741,268.5225,1641.1135,121.1991,34.2612,3027.409,0.4283,124.197,0.4283,1192.7195,10.7066,579.015,480.9422,437.2591,108.7794,587.5332,144.7537
TCGA-DK-A3X1-01,24.7,1428.9322,7444.9277,0.5612,104.953,340.6763,25.2561,2760.7689,717.8336,1028.2026,1165.1466,994.5279,886.7686,34.7972,731.8647,89.2381,620.738,447.313,2982.4611,511.8563,482.6715,15644.7313,1319.4893,2692.2969,1020.3452,1564.1925,6460.4799,2116.4585,528.6937,244.142,1663.533,5900.9401,297.4604,595.482,310.9303,560.1235,2.8062,114.4942,14196.7167,175.67,29120.2469,7.2962,1544.5489,11247.9304,3066.648,2455.4511,94.2893,232.9171,2333.0995,484.3553,25.2561,982.0345,1276.2733,1053.9862,171.18,1270.0996,1368.8789,854.2164,414.7608,3.9287,1121.9307,1441.2796,3148.5899,1559.7025,440.0168,4143.679,928.3008,1321.7343,6115.336,992.2829,0,587.6245,177.2471,418.1282,904.7285,8076.8907,330.0126,65.6658,1254.946,1675.8805,878.9112,2.245,235.1621,2290.4448,5362.144,1056.2649,676.8626,3998.8775,1279.0796,452.9255,55.5634,1136.5231,2587.9051,1441.2796,697.6287,1092.1846,1921.7062,440.5781,1842.5705,952.4344,6.735,1681.4929,651.6066,30.3073,1088.2559,1457.5558,258.7344,20.2049,31472.4288,867.125,2201.2067,2952.0191,249.7545,963.6593,1050.6524,9.5412,25.2561,24.1336,782.9381,2541.3217,84.7481,667.8827,53.3184,529.2549,149.2914,23.0111,1526.0278,333.3801,29.1848,3095.2715,16.8374,96.5343,29.746,3142.9774,391.5532,185.2112,240.7745,104.3917,262.1019,1701.6978,5.0512,38.726,20.2049,3295.6363,1106.2158,358.6362,2043.4966,887.3299,1976.7083,506.8051,924.3721,1737.0563,459.6604,60.0533,984.9867,402.4134,670.1277,2225.9015,99.9018,2369.0192,901.9223,2.8062,6.1737,0.5612,432.7206,15.1536,2270.2399,8679.6689,4189.7011,3837.7999,1811.702,1128.6656,1114.0732,1767.9248,4685.8426,2536.8318,383.331,1153.9217,3267.574,2335.9057,384.4535,862.635,90.9218,580.3283,1174.3062,1371.1239,3416.3042,161.0776,581.4508,570.7871,488.284,199.8036,249.7545,738.0384,4498.3864,214.396,825.5928,361.4424,785.7444,582.0121,741.9672,37.0422,6.1737,238.5295,212.151,1014.1715,362.0036,805.9492,764.9783,841.8689,395.6784,1017.5389,51.0734,15.2322,8967.588,909.2185,194.3426,1341.3779,2082.2225,1847.0605,10.6637,489.4065,809.8779,1322.2955,975.4455,6526.1681,6491.9321,701.5575,80.2582,1792.6196,130.2091,477.0591,65.1045,1819.5594,46.0222,965.9043,6.1737,3803.0027,4166.6901,1435.6672,915.8973,1607.9697,235.7233,54.4409,6162.4807,433.2819,4168.935,4278.9392,477.6203,1156.1667,397.3621,273.888,3632.9451,2904.4479,1284.1308,3.9287,879.4724,187.4562,121.7118,530.9387,681.9138,89.2381,2983.0223,123.4741,5062.4386,3.3675,4.49,34026.6592,5341.3779,204.8548,965.141,90.9218,39.8485,867.125,1.6837,290.7254,629.1567,1125.8594,596.6045,1497.4042,944.577,6991.441,19.6436,148.1689,35.9197,1625.3683,6.1737,11.2249,183.5274,1065.2448,9.5412,0,10458.2573,0,264.9081,0.5612,7663.2524,388.3822,810.4392,290.7254,123.4741,74.6457,1837.5193,411.9545
TCGA-E5-A2PC-01,6.533333333,1385.6784,6489.9497,0.3141,219.5352,375.3141,0,2722.6759,1047.7387,303.0779,1408.6055,1671.1683,1853.6432,102.701,608.9824,177.7638,609.2965,149.8116,2399.4975,294.9121,979.2714,16039.2588,3.4548,1405.7789,1680.2764,2380.3392,4782.6602,1992.1482,529.5226,495.2858,1623.7437,4797.4246,293.9698,408.2915,309.6734,16337.9397,0.9422,0,3072.5503,309.3593,34349.5603,11.6206,1809.0452,27019.7864,4501.2563,2318.4673,315.3266,172.4246,4760.9925,398.8693,3.1407,1382.902,1037.6884,1579.6608,372.1734,1106.7839,1619.0327,2750,600.8166,1.8844,678.0779,1413.6307,1283.9196,2829.7739,777.6382,5381.2688,988.0653,2000.3141,7304.9623,1177.1357,3.1407,878.1407,33.7469,519.7864,3335.7412,9333.5427,102.701,106.1558,1267.2739,1967.0226,569.0955,1.8844,6.9095,1344.2211,5761.6206,1525.4397,980.2513,2161.7462,1426.5075,154.2085,78.5176,759.4221,2392.902,1174.309,461.9975,270.7286,1390.7035,278.5804,2535.4899,823.1784,0,3564.3844,831.9724,61.5578,2573.1784,1262.8769,87.3116,30.7789,25952.2613,1312.8141,1979.2714,15809.0955,154.8367,1456.9724,273.5553,14.7613,3.4548,7.2236,995.2889,3065.9548,993.0905,871.8593,1265.0754,336.6834,289.5729,27.9523,1655.1508,172.1106,4.7111,2072.2362,3.1407,29.5226,84.799,932.4749,690.9265,218.2789,50.2513,15.7035,322.2362,2190.0126,2.5126,78.2035,8.794,1546.7965,962.3116,95.7915,2451.3191,750.6281,2063.7563,619.6608,2931.2186,2783.2915,915.8291,190.9548,874.3719,240.5999,1129.7111,263.191,0.9422,2710.7412,1169.2839,1.2563,6.9095,0.3141,423.6809,14.1332,326.9472,3658.6055,5938.4422,3772.6131,1897.9271,1135.0503,1494.6608,1345.1633,3016.0176,1097.0477,224.8744,2496.8593,4950.0628,6951.3191,342.6508,1042.3995,43.6558,982.7261,1259.3687,1451.005,5115.892,155.7789,1339.5101,713.2538,427.4497,135.6784,413.9447,1442.5251,1182.7889,140.3894,13.505,181.5327,1774.1834,501.2563,642.5879,45.8543,5.9673,183.103,293.0276,1246.5452,304.6482,2246.5452,123.4296,156.7211,563.7563,454.1457,16.9598,4.7111,9135.3643,537.6884,261.8216,1050.5653,2800.8794,1173.3668,47.1106,803.392,569.7236,1282.3492,840.4523,1588.5678,8342.6508,271.0427,145.4146,2134.7362,83.8568,704.4598,63.4422,1829.1457,10.0503,1176.5075,0.6281,3125,3717.6508,1731.1558,1380.7192,2701.005,965.4523,366.8342,5481.4698,397.6131,2079.1457,4059.0452,1098.304,97.3618,1847.0477,29.2085,11624.6859,4574.7487,1848.304,1.2563,246.8593,135.3643,101.1307,233.0402,2654.8367,12.5628,5603.6432,96.7337,2795.8543,0.6281,2.8266,41047.1106,10330.0879,308.7312,569.9937,7.5377,30.4648,12.8769,0.6281,686.8719,862.7513,1738.0653,1100.5025,2165.201,1603.9573,3864.6357,6.9095,144.7864,0.9422,997.4874,23.2412,0.3141,32.6633,1014.1332,41.4573,2.5126,19974.5603,0.3141,17.2739,0,13829.7739,92.9648,746.2406,511.9347,612.1231,203.2035,477.701,675.5653
TCGA-E7-A3X6-01,3.6,863.0021,5365.7505,0.8457,214.7992,399.5772,2.537,3361.0994,1077.8013,942.9175,1490.4863,1033.8266,1832.1353,131.5011,1298.0973,205.4968,567.4419,86.6808,756.0254,682.0296,1316.2791,13025.37,18.1818,555.6025,1957.2939,2736.5751,7632.5539,1708.6681,295.9831,1751.3573,2082.0296,8044.8203,424.1015,358.1395,418.1818,10890.0634,4.2283,0.8457,2901.4799,430.8668,18593.2347,17.759,742.4947,8588.5835,5008.8795,4083.7209,277.3784,344.186,2924.7357,71.0359,13.5307,1888.8288,1158.5624,1234.0846,250.74,1388.1607,1280.7611,2361.5222,837.2093,7.1882,765.7505,1330.6554,2622.833,2051.5856,1171.2474,7152.5666,2192.8118,1888.7949,4607.1882,1277.8013,3.3827,1724.7357,410.0761,476.1099,573.3615,7266.3848,291.7548,58.7738,1045.2431,2154.7569,819.8732,2.9598,12.685,2032.981,7636.7865,1170.4017,829.2727,4537.8436,1942.4947,70.6131,91.7548,1088.3721,3146.3002,1546.723,712.8964,430.444,1957.7167,449.8943,1870.6131,986.4693,0.4228,2712.4736,893.4461,71.4588,2192.8118,2138.6892,112.4736,51.5856,28122.6216,1217.3362,1425.37,15202.3383,382.241,1170.4017,235.9408,38.9006,55.3911,33.8266,1167.4419,2850.74,808.8795,1460.0423,365.3277,304.8626,616.9133,104.0169,1657.5053,380.1268,38.055,4696.4059,10.148,122.1987,96.4059,1885.4123,453.7252,105.2854,210.9937,3.3827,764.482,1645.666,4.6512,164.9049,55.814,2227.0613,1689.2178,488.7949,2951.797,1695.9831,2320.0846,968.2875,2600.8457,3406.7653,648.6258,366.1734,2036.3636,319.8436,1794.926,990.6977,4.6512,1970.8245,1964.482,1.6913,21.1416,0.4228,550.9514,41.0148,854.9683,1841.0148,5009.7252,4243.5476,2506.9767,1000,4156.0254,1468.9218,2915.4334,2364.9049,291.3319,3035.0951,4430.0211,7084.9894,373.3615,546.3002,124.7357,1321.7759,2354.537,2194.5032,3320.9302,126.0042,1462.1564,601.2685,634.2495,413.9535,379.2812,3544.6089,2803.3827,112.8964,52.4313,288.7949,2172.093,843.9746,561.945,44.8203,5.074,234.6723,358.9852,1532.7696,1146.3002,1527.2727,438.055,2689.2178,573.3615,908.6681,38.4778,20.4186,10602.1142,516.2791,353.1628,1711.6279,1525.1586,2130.6554,105.2854,477.8013,507.3996,679.9154,864.6934,1931.9239,8666.8076,266.8076,53.6998,1747.5687,268.4989,1166.5962,287.5264,5663.4249,10.148,1751.3742,0,3247.7801,7493.8689,1434.2495,1694.4609,884.1438,550.5285,398.7315,6047.7801,284.5666,1836.3636,5118.3932,821.1416,416.4905,2262.1564,58.351,10647.3573,5665.5391,1433.4038,8.0338,215.222,91.3319,96.0846,238.4778,1375.8985,77.3784,4373.3615,58.351,2991.5433,4.6512,12.2622,51482.8753,6388.5835,428.3298,482.3763,20.7188,57.9281,1206.3425,5.9197,425.7928,1667.6533,2819.4503,792.389,1179.704,2212.685,9827.0613,19.4503,339.1121,1.2685,1334.0381,13.9535,2.1142,78.6469,1620.7188,59.1966,3.8055,11060.8879,0,605.9197,0,11808.0338,57.5053,561.5349,490.4863,950.5285,126.8499,597.463,875.6871
TCGA-E7-A3Y1-01,4.3,1693.9252,5636.0981,22.7804,230.7243,625.5841,102.8037,2422.8972,1532.7103,800.2336,1216.1215,921.1449,2162.9673,103.3879,879.0888,143.6916,171.729,36.215,3735.9813,461.4486,724.8832,3371.4953,345.2103,1367.4065,1658.2944,1800.2336,4641.8516,1912.9673,231.8925,304.3224,2190.4206,7362.7336,330.0234,535.0467,1033.8785,25760.514,0.5841,0,10920.5607,221.9626,33990.6542,16.3551,2214.9533,3598.1308,2782.7103,1877.9206,213.785,228.3879,2868.5748,428.1542,171.729,2794.6203,761.0981,566.1916,399.5327,1558.4112,1727.2196,915.8879,501.7523,13.4346,429.9065,563.6682,1789.7196,1374.4159,1380.257,2832.3598,3389.6028,766.3551,8464.3692,594.6262,2.3364,868.5748,220.2745,320.6776,2730.1402,9417.6402,190.4206,299.6495,1380.257,1008.7617,554.9065,4.0888,120.9112,1897.7804,11081.7757,1356.3084,971.9626,2822.4299,1581.1916,79.4393,19.8598,903.0374,660.0467,1171.1449,1276.285,192.757,2676.986,1709.1121,2543.8084,529.2056,0,2752.9206,894.2757,24.5327,2224.8832,1647.7804,35.6308,15.771,15338.2009,860.9813,1251.7523,6928.2477,510.514,1458.528,100.4673,5.8411,37.3832,50.2336,751.1682,2289.7196,376.1682,490.0701,183.9953,365.6542,155.9579,64.8364,1178.1542,333.528,16.3551,2769.2757,7.5935,238.9019,7.5935,1936.3318,288.8785,106.8925,249.4159,59.5794,468.4579,750.5841,6.4252,68.9252,12.8505,8153.6215,627.9206,735.9813,2431.6589,1922.3131,2477.8037,676.4019,1444.5093,1234.8131,2491.8224,94.0421,1295.5607,277.4357,933.4112,1814.8364,54.3224,1428.1542,898.9486,1.1682,66.0047,19.8598,290.3037,5.257,797.8972,522.7804,2346.9626,1768.1075,2493.5748,787.9673,2897.7804,1293.8084,1992.9907,1949.1822,210.2804,2110.9813,3741.8224,2453.271,548.4813,1393.6916,112.7336,1217.2897,5002.8797,2221.9626,4320.6776,126.7523,1011.6822,162.3832,307.8271,218.4579,171.729,2263.4346,4549.0654,147.1963,145.4439,122.6636,1724.8832,698.014,679.3224,49.6495,4.6729,138.4346,95.7944,2303.1542,1334.1121,1012.2664,1989.486,1356.8925,908.8785,87.0327,111.5654,35.6834,5665.8879,244.1589,282.0152,650.1168,1186.9159,2791.472,3.5047,278.0374,622.0794,410.6308,1543.2243,5075.9346,9114.486,87.0327,58.4112,2356.3084,67.757,816.0047,18.6916,9009.3458,11.0981,1234.229,2.3364,1570.0935,2879.0888,870.3271,1117.4299,426.4019,691.0047,98.715,6346.9626,497.0794,838.785,4912.3832,168.2243,304.9065,1043.2243,40.8879,10192.757,2556.0748,836.4486,66.0047,161.215,61.3318,283.9836,91.7056,1401.285,178.7383,9088.785,28.6215,14089.9533,14.0187,1.1682,11678.7383,5953.271,356.8925,901.5829,14.0187,22.1963,866.8224,2.3364,203.8551,932.243,1113.9019,766.9393,1483.6449,1454.4393,6120.9112,26.8692,353.972,15.1869,1030.3738,11.0981,5.8411,400.1168,2389.6028,58.9953,0.5841,4407.1262,7.5935,218.4579,0.5841,6955.0234,19.8598,1421.1449,421.729,972.5467,272.7804,602.7804,360.9813
TCGA-FD-A3B3-01,5.333333333,3028.356,3867.27,0.3017,244.9472,530.6184,6.6365,1764.4042,1586.1237,902.2624,1107.3906,1140.2715,2268.175,252.187,445.2489,156.2594,530.6184,377.6772,223.2278,899.2459,826.8477,8069.3816,4456.4103,334.8416,1964.7059,1728.8084,10725.4691,2270.8899,523.0769,2369.2217,1567.4208,2217.1946,985.2187,430.1659,443.1373,419.6078,25.0377,16.2896,257.9186,546.003,18897.1342,7.2398,2113.4238,1219.6078,2812.368,4390.9502,591.8552,984.0121,4470.2866,1086.2745,165.3092,1596.6214,1311.0106,991.3906,1031.9759,879.3363,1413.8763,1851.8854,826.8477,6.0332,1049.1704,1896.2293,2082.9563,1322.1719,861.5385,3988.5339,2449.1704,4233.1825,14434.6908,2772.549,16.8929,1622.0211,838.3198,774.6606,1327.9035,8248.5671,2577.6772,144.4947,1651.2821,2709.5023,506.7873,8.4465,464.5551,1845.2489,5706.7873,1643.4389,1290.2896,5466.9683,1710.7089,489.2911,274.5098,1069.9849,2141.1765,1325.4902,417.1946,7731.825,1492.911,817.1946,2669.0799,674.2081,28.356,2984.917,857.3152,187.9336,1814.7813,2699.2459,193.9668,206.6365,40357.1644,888.3861,1674.8115,1289.7738,1113.7255,1315.2338,1356.5611,273.3032,527.6018,158.0694,1709.5023,3657.9186,2822.6244,1555.3544,601.2066,268.175,1857.0136,948.7179,1937.8582,1972.8507,157.7677,1608.7481,0,263.6501,60.6335,1690.7994,1116.6094,483.5596,1007.2398,12.368,556.2594,1651.8854,42.2323,535.7466,250.0754,5292.911,2187.9336,419.3062,1747.5113,1381.9005,2972.549,686.2745,2135.4449,1834.6908,600.3017,193.0618,2053.997,274.6878,7757.7677,575.264,24.1327,1770.7391,978.5822,5.4299,275.7164,2.4133,272.3982,277.8281,3726.3952,6453.3937,4304.0724,5330.0151,2054.902,644.9472,5090.1961,1560.7843,1894.721,1946.003,130.6184,1978.5822,1449.1704,7817.1946,514.6305,580.0905,1103.4691,1503.1674,1060.7059,1446.4555,4198.19,454.902,1698.3409,1231.6742,1371.0407,1414.4796,397.2851,3215.083,4185.5204,249.7738,3052.187,727.3002,2946.3047,1652.187,454.6003,132.73,16.2896,203.6199,527.3002,1463.9517,662.4434,1659.7285,676.0181,1273.3032,545.7014,135.1433,722.7753,21.5324,17668.4766,663.0468,434.5098,1624.1327,7570.7391,1875.4148,173.1523,681.1463,682.0513,1451.5837,1574.9623,38.914,8678.1297,323.6802,76.3198,1683.2579,107.994,1373.454,2723.3786,307.6923,29.2609,1032.5792,25.1674,2004.8265,7494.4193,1517.9487,1611.279,4479.3363,116.1388,209.3514,5673.3032,1087.4811,2400.6033,3174.359,1022.6244,2562.5943,236.8024,121.8703,9115.8371,4089.5928,1264.5551,17.7979,323.6802,194.8718,115.5354,455.8069,7901.9608,193.0618,1433.1825,95.9276,2758.9744,110.1056,19.9095,57964.7059,7704.0724,424.4344,275.5385,19.0045,306.184,1883.8612,13.8763,569.2308,2536.6516,1680.2413,965.9125,1968.6275,2951.4329,12374.0573,212.9713,246.7572,0.6033,852.7903,1.2066,9.0498,298.0392,502.2624,75.4148,75.7164,10318.8537,0.6033,161.3876,0.3017,4311.9155,14.4796,555.6561,770.4374,320.0603,213.5747,2942.362,279.3363
TCGA-FD-A3B5-01,4.733333333,1868.3628,5562.6844,0,364.6755,788.7168,2.2124,2251.1062,1294.9853,159.292,1939.528,1409.6608,2203.9086,73.7463,709.8083,300.885,556.4159,167.0354,548.3038,706.8584,811.2094,22461.6519,5.1622,613.5693,2662.2419,3307.1534,11009.5428,1726.4012,725.6637,5398.0789,2270.649,7514.3805,350.295,453.9086,188.4218,1306.4159,0,72.6401,1302.3599,605.4572,20167.0354,4.7935,1204.646,2030.6047,4348.4513,5054.5723,201.6962,104.7198,4089.6018,248.8938,36.8732,2596.9617,1547.1976,1580.3097,511.7994,1534.292,1931.4159,2236.7257,689.1593,25.8112,742.9941,1832.2271,2204.2773,2061.9469,942.1091,2914.823,4814.1593,4508.4808,8580.7522,2219.0265,25.0737,1402.6549,140.4978,614.6755,900.0737,11283.5546,2019.5428,88.1268,2765.118,3859.5133,1246.3127,12.9056,183.9971,2405.6047,4294.2478,2015.8555,1016.545,4621.3127,1748.8938,687.3156,21.3864,960.177,376.8437,1299.7788,948.0088,2018.4366,974.9263,592.5516,994.469,894.9115,0.3687,3490.0442,680.3097,58.9971,1731.1947,2605.0885,127.2124,15.4867,36412.2419,637.5369,1082.2271,6004.2847,184.7345,1087.0206,451.6962,45.7227,1.8437,7.0059,1694.3215,3341.4454,2441.0029,1331.4897,860.9882,290.9292,404.8673,26.1799,1439.8968,306.7847,81.1209,3951.6962,2.5811,82.9646,17.6991,1008.8496,363.6873,273.2301,296.4602,179.941,508.4808,990.413,375.7375,23.2301,13.6431,5714.6018,2060.472,200.59,2353.9823,884.2183,2695.4277,810.472,2991.8879,1771.7552,595.8702,54.5723,1735.9882,361.132,2747.0501,1647.1239,8.8496,1779.1298,888.2743,0,15.4867,1.4749,417.4041,45.354,1977.1386,7546.0914,3792.0354,3435.0959,2858.3333,978.9823,4644.9115,947.6401,1890.118,1068.9528,726.7699,1721.6077,1668.5103,7906.7109,856.9322,677.3599,28.0236,2337.0206,535.2434,1803.8348,4724.1888,449.115,1582.9646,950.2212,620.944,1028.3923,1063.7906,2091.8142,5676.6224,287.2419,35.767,196.1652,2859.882,1215.3319,290.1917,299.0413,9.2183,266.2242,685.472,1457.5959,495.5752,2048.3038,456.1209,2473.4513,551.6224,752.5811,60.1032,35.3171,9742.9941,314.1593,423.2412,1572.2714,5402.6549,1103.2448,2.9499,963.1268,629.7935,1544.2478,1324.115,699.4838,10117.6254,307.8909,106.9322,1721.6077,198.0088,879.4248,1844.0265,264.7493,27.6549,1570.4277,173.8569,3118.7316,18268.4366,1346.2389,1029.9484,1414.0855,315.2655,92.1829,4497.0501,453.1711,1343.6578,1843.6578,373.8938,1255.8997,990.0442,73.7463,19387.9056,3361.7257,1706.8584,3.3186,300.885,142.6991,91.0767,757.7434,5011.4307,46.0914,7617.6254,103.9823,1807.8909,6.2684,2.9499,7084.4395,8151.5487,476.4012,260.059,43.5103,19.9115,29.1298,22.1239,445.7965,968.2891,1965.708,903.3923,1882.0059,3115.7817,16104.7198,25.8112,544.2478,2.2124,726.4012,0,2.5811,42.4041,1068.5841,19.174,0,4994.469,79.2773,237.4631,0,11037.6106,113.2006,930.9661,304.5723,501.4749,202.0649,1454.7898,1167.4041
TCGA-FD-A3B6-01,8.266666667,1512.3889,2937.7719,0.7566,220.1627,320.4085,0.3783,1959.1451,1856.2512,425.1939,1120.4842,1376.2058,1455.6459,125.2128,351.8063,123.3214,555.7027,265.557,1095.139,1533.1946,778.135,12467.1837,4295.8199,144.8837,1358.048,1496.1226,10629.0675,1606.9605,355.9675,10639.0845,1195.3849,3639.1148,523.9266,273.1228,16.6446,5.296,3.0263,0.7566,857.5752,315.4908,17488.5568,18.9143,1761.6796,2295.8199,2334.0269,1818.4225,321.9217,429.355,1636.0885,207.6792,16.2663,1031.3297,1191.9803,1712.1581,772.0825,1012.2943,1807.4522,3487.8003,685.4549,24.9669,1258.5587,1805.9391,5137.8854,1731.4167,1822.2054,2143.5143,344.2406,2646.4914,12754.6813,2614.3371,0.3783,975.2222,176.864,336.6749,381.3127,6744.4676,378.2864,57.8778,1041.4224,2815.5854,1120.4842,6.4309,147.5317,1179.4969,4994.5148,3993.9474,1686.4309,3135.2374,1510.4974,28.7498,406.2796,996.028,1905.0501,134.6699,258.3696,1628.5228,1330.0549,354.8326,3357.6698,1524.494,91.167,2292.7936,602.6102,77.927,259.5044,1167.3917,91.5453,157.3671,27798.7517,763.7602,1403.8207,12007.7776,390.0132,1606.2039,878.0026,910.9136,56.743,31.0195,1344.0514,2956.6862,1969.7371,1046.3401,132.0219,752.0333,1327.0286,324.1914,1419.7087,498.9597,20.0492,736.9018,0,82.4664,96.463,1806.3174,751.5983,245.5078,223.5672,13.24,542.0844,1967.0891,6.0526,268.5833,76.4138,2533.7621,1793.8339,360.8852,1997.352,925.2884,2327.596,636.2777,2113.8642,759.9773,269.7182,56.743,1732.9298,387.6263,2895.7821,125.5911,4.5394,3244.1838,370.7206,3.0263,3.4046,1.1349,408.171,669.5669,1025.156,690.3726,4919.9924,6932.0938,2965.3036,1063.363,1471.1557,1772.2716,1696.6143,1000.1891,0,1550.5958,919.9924,5644.7891,408.9276,379.4212,111.2162,3523.3592,694.7834,1065.2544,5069.7938,75.6573,1031.5869,1515.0369,1211.2729,5174.2009,853.7923,3618.6873,4795.5362,348.4017,1086.4384,1030.8303,2926.8016,862.8674,677.1326,22.3189,11.3486,193.3043,599.2056,1066.3893,585.5873,1474.9385,493.2854,250.4256,386.2304,127.4825,187.2517,11.7269,6966.5217,402.1184,422.1903,2012.8617,1174.2009,758.0859,167.2026,439.1905,1007.7549,1358.8046,1204.8421,345.7537,12902.213,389.2567,85.1144,1435.2185,16.6446,289.0108,1782.4853,400.6053,15.1315,301.8725,15.3055,8660.8663,2422.5459,1221.865,1219.024,3964.0628,749.7636,204.2746,7773.0282,1042.1789,1934.9347,3403.0641,981.2748,301.8725,1830.906,66.2001,1009.268,3281.6342,1108.379,0.3783,391.1481,244.373,129.3739,410.819,582.1827,56.3647,2309.06,90.0322,320.4085,35.1806,7.1874,162763.7602,7739.3607,317.3823,1256.0318,10.2137,102.5156,2903.7261,31.0195,278.4188,1252.1279,755.4379,853.414,2578.3998,3826.7448,13996.5954,209.5706,246.2644,0,585.209,1.5131,6.8092,106.2985,610.5542,84.7361,0,18773.5956,0,52.5818,0,6394.931,18.1577,698.415,554.9461,557.2158,94.9499,349.5366,647.248
TCGA-FD-A3B7-01,2.5,1902.9203,4502.3678,0,256.5114,562.7466,11.0497,1925.809,1636.543,572.6125,1362.2731,883.9779,1868.5872,216.2589,611.6811,135.3591,1110.4972,447.1192,838.5951,1117.6006,1106.1563,19417.1271,1986.1878,239.9369,1943.9621,1800.3157,10646.3694,2607.7348,406.0773,18458.8003,2067.8769,1600.6314,537.0955,270.3236,372.1389,570.2447,20.1263,0.7893,279.4002,499.6054,15507.8927,10.2605,711.5233,1591.5549,5103.3938,3902.9203,458.1689,818.4688,1815.3118,516.9692,205.2092,1768.3978,1086.8193,1687.5414,861.8785,806.2352,1398.5793,2573.7964,842.5414,8.2873,1215.8642,2696.9219,1353.5912,2780.9787,1255.7222,2068.4215,2776.2431,4110.1026,10936.0695,2283.3465,22.4941,1198.895,2249.9211,444.7514,801.4996,5822.0205,801.4996,138.9108,1451.0655,3000.7893,657.8532,13.0229,416.7324,1494.0805,4680.3473,1644.4357,736.6062,4156.6693,1943.9621,568.2715,202.8414,977.5059,2068.2715,918.7056,391.4759,1975.9274,1822.0205,615.6275,2644.8303,517.7585,99.4475,2009.4712,616.0221,144.041,671.2707,2215.4696,271.9021,179.558,27352.0126,551.6969,1595.1066,5403.9108,1129.8343,1959.7474,440.4104,229.2818,655.0908,159.8264,1628.2557,3452.644,1946.3299,635.7537,266.7719,402.131,2758.09,537.0955,1195.738,1671.2707,317.2849,310.5762,1.1839,622.7309,40.6472,1324.783,684.266,237.9637,3220.2052,22.8887,707.1823,1744.2778,40.2526,560.3788,376.0852,2553.6701,1264.0095,1066.2983,1125.8879,1460.9313,2798.7372,754.1436,3850.0395,1308.9976,342.5414,131.4128,2022.0994,430.8208,3335.438,200.0789,16.5746,1409.629,2689.0292,15.7853,185.4775,8.2873,677.5848,330.7024,8256.5114,1640.884,6031.176,4392.2612,1843.3307,1899.3686,2507.498,1485.3986,2724.9408,1149.5659,60.7735,1920.6788,2174.4278,5739.5422,481.4522,728.0979,1023.2833,4120.3631,701.8863,1689.8185,3784.1358,517.7585,1668.9029,1118.3899,933.7017,1310.1815,528.4136,2524.8619,3015.3907,415.5485,517.3639,307.0245,2806.6298,639.6961,278.6109,106.5509,74.9803,320.0474,342.5414,1446.3299,2408.0505,1314.1279,1344.5146,963.6938,633.386,1207.1823,166.1405,20.6511,24823.5991,368.5872,371.5272,1346.8824,4157.0639,1000.7893,302.6835,771.5075,772.2968,1151.5391,1157.8532,570.6393,9163.7727,406.8666,122.7309,1434.4909,99.4475,529.5975,1188.2399,372.9282,5.9195,817.2849,2.7624,4705.9984,2887.9242,1088.7924,904.0292,2674.0331,815.7064,371.3496,6187.4507,765.1934,3360.6946,1596.6851,952.644,848.8556,1377.2691,37.0955,9407.2612,5917.9163,1054.854,22.0994,301.4996,167.719,59.6606,420.2841,1346.4878,349.6448,7765.9826,111.2865,1284.1358,41.8311,1235.5959,56084.8461,5891.0813,227.7032,232.206,126.2826,303.0781,1508.678,18.9424,573.4017,2929.3607,859.5107,962.5099,2983.82,3192.5809,5540.2526,335.438,333.4649,0.7893,912.7861,10.2605,11.4444,348.8556,500.3946,119.9684,29.2028,14164.562,1.9732,150.3552,0,5269.929,38.674,671.3299,704.8145,324.3883,173.6385,957.7743,317.6796
TCGA-FD-A3B8-01,2.1,4198.5479,4634.6206,0.3852,206.8649,970.7625,30.4326,2853.7336,1620.6341,1266.9992,1712.7024,738.8581,1654.5337,453.4077,636.3888,181.0549,475.7507,205.324,603.2596,1014.2927,854.4251,3061.7542,856.3512,327.0545,2745.4859,2823.301,10807.372,1529.7214,477.6768,1795.8721,2059.7886,2470.0513,258.0996,384.4528,648.3307,996.1873,34.2849,73.5776,254.2473,552.7953,11822.8859,12.3271,787.7815,2034.3638,1822.1058,5847.6885,697.6393,1495.8218,2619.9031,347.8566,572.0565,2869.5702,1332.1019,1225.4952,608.2675,1330.9462,745.4069,2230.4425,650.642,16.5646,520.4366,1355.6005,2043.6092,2102.1631,1134.4824,3297.1949,1521.2465,4299.0912,8508.4253,2141.4559,169.4982,1689.5891,1460.0422,641.7819,1757.7736,6173.5874,915.6756,92.4536,1937.6728,4385.7664,1692.6708,28.8917,275.8198,1856.3907,4953.5854,1716.1695,1163.4281,2479.6819,1470.7823,435.6875,335.1442,1494.2809,2288.6112,891.4065,639.0853,3063.2951,842.8684,554.3362,1809.3935,662.9692,56.6278,2666.9004,905.6598,98.6171,1806.6969,1842.9079,132.5168,435.3022,30658.7606,591.3176,1065.1422,4045.803,1530.4919,2215.804,958.8206,198.39,766.9794,409.8775,1587.8901,2826.3828,1409.5318,1016.2189,403.7139,234.6009,4161.1812,1128.3188,1189.1841,3114.915,801.6495,436.8431,1.5409,467.2758,351.3236,1780.5017,221.2838,187.9889,1914.5594,19.6464,641.3967,1673.4097,377.904,1032.013,260.4109,6256.4104,1852.9237,1183.4057,1465.0039,1986.9814,1917.6412,886.7839,2736.6258,1454.2177,538.1568,332.0624,2849.111,135.0747,2719.676,194.1525,7.7045,2016.2583,1309.759,14.2533,200.3161,13.0976,274.2789,338.226,5795.6834,3871.4934,6403.1804,4424.6701,2075.9679,1067.8388,4335.3021,2179.2078,2628.7633,1459.6108,73.1924,2673.0639,2623.3701,8509.581,581.3018,1436.4974,542.7795,4332.9908,1657.5038,1371.3947,3975.8889,1047.4219,1694.2117,438.7693,464.9644,2537.4654,362.4951,1901.847,3747.0663,297.3923,581.3018,245.7724,1481.9537,755.0375,417.9672,342.0782,124.0419,303.5559,683.7712,1060.1343,1185.3319,1305.5215,928.7732,1188.4136,503.872,337.8408,665.6657,34.3388,13637.6725,340.1521,231.5923,1858.702,3898.459,1245.0415,191.8412,933.3959,396.7799,730.3832,869.0636,213.7989,5559.1563,250.7803,50.8495,1376.0174,139.836,1533.1884,432.2205,418.3524,11.1715,930.6993,18.4907,2424.595,5298.7454,1188.4136,934.7133,2418.4314,110.9443,641.0114,5405.4523,306.2525,2729.3065,2852.578,2809.0477,1113.2951,372.1256,52.7756,4715.5175,4145.3871,939.1742,50.8495,209.5614,149.8518,57.0053,205.324,2182.6748,562.8111,1860.2429,78.5855,5205.9066,444.9328,39.2928,127536.6227,7799.9998,428.3682,167.9342,58.9392,407.9514,1312.4555,1.5409,262.7222,2596.7897,1522.017,792.0189,1328.2497,1449.9802,6632.7734,587.4654,366.7325,0.3852,1339.4211,8.4749,6.1636,481.529,637.1592,159.8676,172.58,7099.2788,4.6227,480.3734,0.3852,5133.4847,9.6306,732.7793,259.6405,469.9723,352.8645,686.0826,261.1813
TCGA-FD-A3N5-01,9,1864.9912,4474.7529,4.9038,191.2497,508.4668,1.226,3486.6294,1338.748,471.9945,1276.5305,1259.6736,1469.0062,378.5151,544.6326,226.8025,623.2227,77.2355,1480.3463,1442.0351,677.9557,12414.9874,5722.1669,2103.4403,2290.0927,2311.2405,3994.7805,2113.248,343.8817,37393.4963,1521.1095,4963.2978,1954.1798,308.0224,516.742,3457.2063,2.7584,40.1502,1833.7292,551.0689,21099.6858,16.244,1520.4965,1432.2274,5286.3382,2456.2103,554.1338,66.2018,3244.1958,231.3999,11.9531,2007.3435,1027.6607,2634.8081,689.2958,1003.1415,969.7341,2962.8381,541.2612,7.0493,1499.9617,2857.0991,1162.5163,1939.4682,563.3285,3332.1278,3980.3846,4637.8055,5959.0836,2392.7668,1.5324,945.2149,205.3697,512.4512,165.5046,6566.5466,593.3645,61.298,1389.6253,2655.1222,162.1332,50.2643,405.7927,1477.8944,5091.1041,2079.8406,1784.2709,6109.2637,1144.4334,416.8263,182.3615,665.6961,3185.9628,1230.2506,870.7379,1729.8291,1812.5814,606.2371,1513.1408,475.9789,32.7944,2671.0597,586.3152,141.9048,821.0865,2264.9605,175.6187,27.2776,27615.9681,478.1243,1690.5984,3069.1441,205.6547,2222.6649,1466.5543,191.2497,11.9531,11.6466,1371.8489,3513.907,2560.4168,894.3376,539.7288,252.8542,466.1712,19.0024,1293.3875,144.3568,28.8101,2766.991,0,101.4482,76.929,867.9795,1112.7546,576.5075,362.5776,3.3714,625.8524,1594.3606,2.4519,56.0877,21.7608,6498.8124,1261.3593,223.7376,2266.493,1386.2539,2537.1236,641.4834,2557.9649,1297.0654,299.4407,50.2643,2039.9969,161.6091,2966.516,1425.1781,13.4856,4500.8045,927.745,1.8389,4.9038,0.3065,368.0944,143.7438,860.0107,4728.2201,2820.9333,4342.0397,1816.8723,686.2309,4660.7923,1311.1639,1767.5274,1221.6688,108.8039,2215.6157,1583.9399,6919.9295,541.5677,622.1745,62.5239,591.832,623.284,1517.1251,4517.355,862.4626,1533.6756,1928.1281,1201.134,2134.3958,709.2177,2315.2249,2160.754,205.3482,3792.8128,716.267,1876.3313,2525.1674,523.7913,10.1142,10.7271,255.9191,223.1247,1587.9243,715.3475,1872.0405,662.9377,1633.2848,506.6278,194.0081,457.283,24.2372,9772.7377,519.1939,247.273,998.2377,2693.127,810.6658,22.0673,752.7393,1735.9589,1349.1686,2363.0373,21.7608,17912.1906,357.0608,134.2426,1660.2559,80.9133,863.0756,620.0291,756.4171,12.5661,895.2571,801.0911,1924.7567,16902.6128,933.5683,1705.0218,1206.0379,588.1542,85.5107,4107.8845,1655.9651,1638.4951,3044.9774,380.354,1198.6821,358.2867,232.0129,1949.5824,2582.1776,1510.9953,1.5324,278.2929,179.6031,68.9296,540.0352,2449.4675,38.3112,7067.6577,93.4794,3556.2026,4.5973,7.6622,20573.4426,5562.4856,339.8973,553.5392,5.2103,38.9242,2161.9799,13.792,867.673,1876.0248,1263.045,1141.3685,2547.8507,4410.6965,9375.8333,67.1213,386.1773,0,759.7885,12.2596,18.6959,16.244,884.5299,18.3894,0,4563.635,0.3065,143.4373,0.3065,8145.5827,3.3714,401.5324,888.2078,319.9755,3.6779,913.7476,2042.7553
TCGA-FD-A3NA-01,5.333333333,1438.288,3732.2495,2.3225,156.6025,573.6563,77.6377,2446.2508,1132.0504,585.9323,1075.3152,857.996,1325.8129,61.3802,506.3039,265.7598,750.1659,273.0591,1618.4472,1044.1274,721.3006,7664.8971,22.2296,2125.4147,1129.7279,1696.4167,7213.3013,1427.6709,631.7186,1605.8261,1702.3889,6454.8772,258.1287,549.1042,303.2515,2340.7432,4.3132,7.2993,16633.0458,499.0046,25359.3232,17.5846,1172.1964,17292.6344,2636.3636,3935.3019,423.6894,251.8248,2089.582,360.9821,40.4778,1334.0511,918.3809,1153.5269,247.8434,1300.929,1252.4884,1956.8679,644.99,6.6357,884.207,1114.134,2177.1732,1966.1579,847.7107,4982.9827,1183.1453,2106.1712,8278.0358,1656.6025,0.3318,1124.7512,387.0902,432.3159,805.574,6727.2727,463.8354,106.503,1334.7711,2292.9662,1464.1672,13.6032,50.4313,1421.367,5368.6131,1233.2449,657.7638,3969.4758,1976.1115,430.6569,1054.4127,1059.0577,2349.7014,1324.1539,606.503,1469.144,437.2926,541.8049,3095.2223,838.7525,1.9907,1921.367,569.6749,119.4426,1130.7233,2007.2993,140.6768,53.4174,29564.6981,694.0942,1289.9801,10241.5627,312.2097,2102.1898,407.7638,25.2157,15.2621,14.9303,1455.5408,2545.4545,598.8719,1519.2435,176.8414,378.8985,683.4771,178.1685,1121.7651,465.1626,63.0392,3011.9443,29.5289,76.9741,16.2575,2857.996,492.6277,283.6762,341.7386,341.4068,368.9449,1662.2429,12.6078,116.1248,28.8653,4484.7379,1322.8268,360.6503,1772.7273,1153.2847,3027.5382,631.7186,2193.7624,1018.9117,376.9078,263.4373,1235.5674,403.0922,1538.8188,3953.2183,675.5143,2487.724,1544.4592,3.6496,6.9675,0.3318,522.2296,59.3895,1660.2522,5001.6589,3482.7472,3269.4061,1907.432,866.9542,2560.0531,1491.3736,1891.1745,1738.5534,31.1878,1969.144,6351.0285,3729.5952,916.3902,464.8308,229.927,1805.9058,802.8965,1068.3477,3677.505,118.779,1235.2356,1421.0352,853.0192,912.4088,384.207,2006.9675,913.0723,367.286,124.0876,613.1387,2129.7279,834.4393,647.3125,42.8003,8.2946,242.5348,213.6695,1611.148,624.4194,1051.4267,592.568,841.4068,630.7233,694.426,55.4081,24.7313,6769.0776,448.5733,355.0962,1576.6423,3795.6204,2148.6397,32.5149,467.8169,367.9496,715.6603,1004.645,4121.7651,6326.1447,437.9562,92.8998,1347.3789,132.714,651.9575,979.4293,3184.8042,29.5289,920.0398,11.2475,3733.9084,2752.8202,1863.9681,1094.9768,1528.5335,1359.6549,232.2495,4757.7969,119.7744,2228.5999,4334.1075,1967.8169,329.1307,924.0212,59.7213,2662.2429,3102.5216,1671.5328,5.3086,271.7319,153.2847,100.8626,482.7472,872.5946,68.3477,3667.5514,58.3942,6157.2661,11.6125,4.645,65383.2117,7818.1818,336.7618,513.2283,14.9303,48.7724,1510.6171,3.3179,315.5275,857.3324,1412.4088,1039.4824,1339.4161,1677.1732,10625.4147,30.1924,200.0664,0.9954,1046.7817,0.6636,79.6284,262.1102,721.9642,24.8839,0,7563.7027,49.1042,2976.4433,0,6168.5468,91.9044,580.9887,441.9376,543.7956,223.9549,1444.6549,491.3736
TCGA-FD-A3SJ-01,6.666666667,4265.0476,3842.8903,3.5979,174.4997,532.194,127.1269,5677.2356,1335.1323,505.2095,890.7878,1563.3011,1077.5804,122.0298,755.5655,297.429,1076.9807,261.4497,4456.3376,666.8166,865.6023,14770.407,847.6126,1340.829,2327.5617,2772.5058,12531.2705,1183.4195,1886.5153,311.5119,1516.2282,9358.219,467.1314,276.1412,978.9371,831.7218,1.1993,1.4991,10399.8201,363.6909,23073.2329,7.7955,564.5754,16472.2285,5138.1456,2784.1991,151.1131,154.1114,1314.744,400.2698,1345.3264,1755.3287,1020.0135,1107.2573,278.5398,1096.1697,1783.6744,793.9435,1691.3275,17.0902,1248.1823,1082.0778,3509.7819,2105.3894,1199.6102,1998.6448,1619.069,2422.9068,9310.8463,1840.9415,14.6916,1042.8004,322.2127,418.2595,1372.3109,25086.2754,139.12,155.0109,1285.3609,1717.4125,700.0974,69.56,98.3435,1533.6182,5046.998,1830.7473,1195.2837,3497.4889,2415.4111,241.661,53.0695,1351.0232,1407.0909,993.9285,482.7224,395.1728,2299.6777,1280.5637,3186.8676,2294.2808,2.9983,5225.3954,1139.9445,56.0678,2284.6863,2204.9322,171.5014,65.9621,16366.989,467.1314,1335.1323,1083.3851,636.8338,533.993,964.2456,3.2981,136.1217,87.2498,1461.9594,3088.2243,172.4009,763.9607,117.5324,586.7626,488.4192,106.4388,1926.3923,739.3749,197.8862,2234.3153,35.0798,142.1183,25.1855,1954.8759,513.3648,333.4083,1058.3914,313.9195,405.3669,2657.0722,92.3469,88.749,23.9862,3204.8572,1453.5642,533.0935,1172.0261,700.3973,1684.1316,577.7678,2565.0251,1032.6063,683.0073,215.576,2703.5455,459.3988,1405.292,2130.2751,341.5036,1926.0925,1962.0718,2.0988,87.2498,6.5962,721.9849,13.1924,2033.7306,1346.5257,4055.4681,7783.5245,6881.0434,1095.2702,2357.8442,2325.7627,7558.6538,1167.8285,160.1079,2581.8155,4432.6512,5912.0006,1101.2668,817.33,235.3647,1753.9915,754.4472,1747.6951,6156.9597,415.8609,757.9642,748.6695,552.2824,802.9383,379.5817,1949.1792,1640.6566,259.3509,466.8316,334.3078,1927.5916,580.4662,334.9074,255.4531,22.1872,332.8086,80.6536,1517.7273,683.0073,1220.2983,379.2819,378.6823,200.8845,64.7628,133.4233,21.9984,4408.665,402.0688,250.8927,1441.5711,982.8349,2860.3553,8.3952,836.519,868.9004,1728.2063,893.4862,7920.5457,6378.8322,268.9454,133.4233,1323.7389,150.5135,629.9378,94.7455,5292.8566,48.2722,1162.4316,0.2998,2883.7418,861.1049,1049.0968,687.8525,936.3616,1148.6395,114.5341,8603.553,667.1164,1970.467,6967.6936,333.1085,419.4588,110.3366,190.0907,3296.9043,5852.6347,1278.1651,80.3538,403.8678,161.6071,190.8253,346.3009,356.495,113.9345,2255.603,108.2378,5765.0851,96.8443,2.6984,12155.0109,5758.7887,273.4428,1264.0762,26.9845,65.6622,1085.0761,2.9983,207.7805,2535.0424,1680.8335,744.7718,3442.3207,1601.679,8975.9388,178.3974,231.4669,540.2893,1144.7418,25.4853,14.3917,195.4876,2504.1601,19.4888,41.0764,4000.2998,0.8995,218.5743,0,2006.1465,128.626,810.1462,562.4766,108.5376,59.9655,430.8313,226.3698
TCGA-FD-A3SL-01,6.4,2618.63,3283.2425,10.429,132.7329,654.6575,42.1901,2888.3622,1011.6141,707.2766,1133.4439,665.0865,1087.9355,359.3269,666.5087,460.7727,273.9986,147.9023,1050.0119,582.6025,1338.2318,12167.3382,2474.046,493.9559,1445.8402,1947.8549,5394.1455,1274.2356,478.3124,285.3757,2000.474,18571.6995,420.9528,241.7635,1455.7952,632.8514,2.8443,1.4221,4010.9031,480.2086,29383.7402,4.7405,503.9109,11630.7182,4710.5949,3367.6227,245.5558,255.5108,1410.7608,402.465,170.1825,813.1832,1250.0593,1452.3916,488.2674,969.8981,685.9445,1497.0372,754.6812,24.6504,1226.357,1525.954,1707.9877,1671.9602,705.8545,2588.2911,813.4629,2692.1071,5871.0595,1928.8931,3.3183,1344.8685,1099.1135,381.133,1023.9393,9355.7715,365.9635,183.4558,2011.8511,2138.8955,1589.9502,27.9687,247.926,1896.1839,5245.7928,2390.1398,1328.9784,3605.1197,1977.7198,357.4307,71.1069,1265.7028,782.1759,663.6644,412.42,850.9125,510.0735,529.0353,1740.2228,2591.1353,44.0863,2465.0391,474.52,73.0031,4352.2162,1941.2183,121.8298,140.3176,22428.5376,458.4025,1652.9983,6040.7063,1190.8035,1321.1662,340.8391,24.1763,84.8542,120.4077,904.0057,2304.8116,282.5314,1417.3975,2529.0353,304.3375,727.6606,137.4733,1866.319,1210.7134,383.5032,3746.8594,146.4802,527.1391,61.1519,1337.2837,368.5565,303.8635,1946.9068,2.3702,520.9765,1189.8554,171.6046,124.6741,20.384,8411.4719,968.4759,1023.4653,1881.0145,1244.8447,1930.3152,598.7201,2847.5942,1040.0569,274.9467,691.6331,1361.4601,399.0519,1036.7386,2629.059,6.6366,1407.9166,987.9118,2.3702,330.8841,10.429,378.7627,70.1588,5879.1183,6898.3171,4057.8336,3982.9343,4016.5916,1253.3776,2653.2354,1497.0372,1488.9784,1563.8777,144.584,1976.7717,1917.516,3822.7068,874.6148,1382.3181,217.1131,3179.9005,706.0346,1025.8355,2396.3024,1024.4134,908.7461,239.3932,202.4176,1764.3991,193.4108,1290.3532,2178.2413,247.926,4314.7665,295.8047,1188.4333,467.4093,344.6314,574.5437,18.9618,181.0856,200.9955,1388.0066,1496.0891,1794.7381,3062.8111,1089.3577,141.7397,378.2887,456.9803,18.0137,7834.558,415.7383,279.0045,1354.3494,1610.8082,2488.2674,26.0725,594.9277,429.9597,872.7187,586.8689,4956.6248,7047.6416,217.1131,77.7435,1459.1135,77.2695,597.772,51.197,2581.1804,3.7924,700.64,0,8436.1223,3922.7305,1322.5883,781.5169,2793.553,721.498,273.0505,5721.735,370.704,1751.1259,3674.8045,766.0583,661.7682,82.484,102.868,5053.8042,1944.5366,1480.4456,41.242,292.4864,139.3695,38.8718,186.7741,1232.9936,461.7208,3774.8282,29.3909,3760.1327,76.7954,3.3183,38173.9749,8975.5866,269.7322,274.6338,140.3176,165.9161,1626.9258,42.1901,136.5252,2257.881,1343.9204,605.8308,1084.1432,966.5798,7356.2456,432.3299,221.3795,0.9481,1114.0081,1.4221,1.8962,230.8604,827.6843,41.716,223.2757,12350.32,0.474,803.0339,0,847.1202,129.8886,633.7995,576.4399,167.8123,61.626,416.1128,434.2261
TCGA-FD-A3SM-01,5.766666667,1299.0308,4147.1364,0.8563,116.0308,431.1549,52.2353,3484.3482,1014.734,934.6685,1443.3199,767.6869,1577.3333,53.5197,763.8335,250.4723,337.8165,137.0105,591.2859,584.8636,1632.1375,27092.9691,1.7126,797.658,2010.2009,1770.0043,8779.791,1413.777,731.2935,587.0001,3322.9327,14258.9391,200.806,298.8541,331.3941,11798.7444,0.4282,2.1408,5812.2421,287.2939,14913.1642,8.9913,980.4814,15450.9304,1975.0919,3961.3159,119.8842,160.5592,2207.1534,389.1954,119.0279,2055.6841,1349.9815,1491.1238,482.1057,1749.8809,1362.3981,932.9558,903.413,5.1379,685.0525,917.9703,1836.797,2937.5906,806.2211,3442.56,2525.7028,2769.7528,4560.3087,1519.9602,0.8563,1933.5606,1247.8231,591.2859,711.5983,9999.6254,332.6786,165.2689,1905.7304,3027.9319,1618.0083,2.1408,166.1252,2095.8324,6422.367,2219.9982,1362.0856,557.8896,2562.0963,553.1799,47.0974,987.76,916.6858,754.8422,903.8411,673.9204,1948.5461,384.4857,962.9269,984.3348,24.8332,1941.2675,818.6377,65.5081,882.0051,1305.8813,31.6837,20.1234,28223.7339,769.3996,1960.1064,13376.2833,320.262,1014.3058,163.9844,8.9913,88.6287,21.836,1676.2378,3221.4593,149.8552,1806.8259,397.3304,208.941,399.8994,92.0539,1600.0257,724.0148,132.3008,4973.481,2.9971,154.9931,129.3037,1328.1455,375.4302,86.4879,973.2027,11.1321,1751.1654,1906.5867,27.4021,56.945,11.9884,1721.6225,1456.5928,604.5588,1572.1954,1561.9196,1362.8263,870.873,3216.3214,6205.291,718.4488,191.3865,1927.1382,172.3292,326.2562,568.1654,5.1379,1440.751,3243.2953,2.5689,97.1918,11.5603,487.6717,30.8274,4273.443,2698.6786,6510.5675,4342.8003,2028.6116,1111.0695,2026.0427,1412.0644,3255.7119,1800.4035,0.8563,1686.9417,2232.8429,6836.8237,994.6106,241.0528,158.8465,1908.2993,1101.5301,1435.6131,4514.0677,260.3199,1177.8621,425.5889,299.7105,765.5461,547.1857,1809.3949,1755.0188,324.1155,67.6489,197.8089,2377.9884,261.6044,503.5136,192.671,9.8476,212.7944,248.7597,1346.1281,1273.7694,1724.1915,815.6406,1360.2573,509.5078,3018.0843,367.7875,25.8008,11464.7813,420.451,557.1446,1010.4524,2072.2837,6356.8588,4.2816,673.0641,677.3456,467.9765,750.1325,1901.0206,6425.3641,192.2429,101.4734,1461.7307,166.5534,670.067,2278.6558,3900.9457,5.9942,1262.6373,24.3964,3222.3156,10566.0781,1791.8404,1255.9024,2465.7608,382.7731,306.561,5238.5107,237.1994,2205.4408,3918.9283,1401.7886,696.6127,1340.9902,54.376,10343.8642,4634.38,907.6945,7.2787,193.5273,137.4387,129.3037,142.1484,328.397,129.7318,6539.254,47.5255,7652.0362,10.2758,0.4282,10007.7604,6376.5541,341.2418,392.6935,110.4647,38.9624,278.7307,0,940.2345,1057.9779,2975.6967,591.2859,3867.9775,1397.0789,18046.8512,78.3529,346.8078,1.2845,1050.2711,0,3.8534,311.2707,1731.8983,14.9855,2.5689,5503.9685,0,695.7564,0.4282,11948.5997,74.4995,981.3377,398.1868,361.3652,47.9537,412.7441,110.4647
TCGA-FD-A3SN-01,10.86666667,1408.263,2428.6984,0,292.3145,382.4967,2.2212,2352.7321,1533.5406,453.5762,781.4305,1286.0951,3885.3843,67.5255,558.4185,214.5713,348.2896,98.1786,1429.1426,791.2039,754.7757,20542.8698,1013.7717,1594.4025,2376.7215,1846.7348,7254.5358,1064.4158,587.2945,1366.4816,1099.5113,2871.1684,508.6628,383.8294,1487.7832,916.0373,0,0.8885,3517.5478,386.4949,11502.4434,27.5433,1011.1062,1405.5975,1694.3581,3677.0324,147.9343,461.5726,2276.7659,434.9178,23.1008,1746.5349,775.6553,976.0773,557.9742,1098.1786,1424.7001,2948.0231,742.3367,7.108,812.972,1297.6455,2125.7219,438.4718,2742.781,2602.2834,2275.8774,2385.1622,4838.7383,1965.793,4.4425,700.5775,727.8854,326.0773,530.4309,11557.9742,175.9218,366.5038,1367.3923,2569.5247,606.3972,3.554,608.6184,2348.7339,5453.5762,817.8587,641.5327,3989.3381,3428.2541,131.4971,93.2919,486.4505,1594.4025,1004.8867,689.0271,502.4434,295.4243,779.6535,2382.4967,1237.6721,1.3327,3829.4092,592.6255,51.9769,399.8223,2194.1359,184.3625,21.7681,23470.9018,987.1168,1362.0613,2935.3088,396.7126,1201.6881,884.0515,84.8512,47.9787,20.8796,978.2319,4602.8432,1187.4722,870.7241,536.2061,758.7739,315.4154,108.8405,1422.0347,317.6366,94.1804,2429.1426,0.4442,119.9467,7.5522,1678.8094,1018.5518,351.8436,563.3052,82.6299,324.3003,1616.1706,6.2195,45.7574,16.8814,4142.6033,1238.1164,161.2617,1604.1759,1225.2332,2348.2896,434.9178,4149.7112,1718.7916,343.8472,79.9645,1774.3225,366.4993,2642.3812,1921.3683,172.8121,2828.5207,628.6095,3.1097,70.6353,2.6655,468.2363,66.6371,2743.2252,2683.6961,3476.677,3745.4465,2740.1155,577.5211,4514.438,1776.988,1527.7654,1687.2501,0.8885,3013.3274,5274.9889,2306.5304,825.4109,97.2901,154.1537,4035.5398,1235.2421,2145.713,3323.8561,238.1164,1318.5251,440.693,666.8147,1912.9276,297.2012,5652.5988,1228.7872,170.1466,964.9045,397.1568,4032.43,864.0604,502.4434,473.5673,5.331,123.9449,439.1826,1316.3039,591.737,1489.5602,639.7157,1044.8689,969.347,1189.2492,147.0458,9.3692,6231.8969,467.7921,127.0191,871.1684,3211.4616,2051.5327,21.7681,1592.1813,499.7779,1302.9765,1215.904,1269.6579,9159.0404,275.8774,40.4265,2082.1857,182.1413,457.1302,2782.7632,66.1928,207.0191,1709.4625,1.3327,2951.1328,3620.1688,872.5011,720.3065,3971.1239,584.6291,176.8103,7706.3527,444.247,1634.829,3625.0555,1767.6588,377.61,970.6797,37.3167,8238.5606,3545.0911,1166.5926,3.9982,277.6544,118.1697,105.2865,466.9036,199.0227,47.0902,1945.8019,117.2812,1930.2532,14.2159,3.1097,26924.478,4827.6322,367.8365,392.0657,33.7628,36.4283,942.6921,18.2141,226.566,1221.235,896.9347,569.5247,2418.0364,2634.3847,8479.3425,43.9805,167.0369,0.8885,554.4203,0.8885,2.2212,103.9538,1447.801,15.1044,15.1044,10505.5531,0.4442,83.0742,0,6615.2821,1.777,996.446,619.7246,325.6331,33.3185,257.6544,190.582
TCGA-FD-A3SO-01,10.5,2426.1715,4143.6782,1.7683,376.6578,815.6499,0.8842,2040.2299,1880.1945,645.8886,1665.3404,1788.6826,2405.3935,62.7763,534.4828,351.0168,828.0283,320.9549,831.1229,1317.8603,1222.3696,1511.9363,1303.7135,1144.5623,1791.3351,2921.3086,14685.2078,2474.359,717.9487,2532.2414,1910.6985,4211.3174,892.1309,238.2847,331.565,501.3263,3.0946,0,318.7445,422.1927,15759.5049,11.9363,1899.2042,2977.4536,2428.382,4375.7737,424.8453,282.9355,2534.0407,536.2511,61.45,1345.5747,1390.8046,2909.5049,957.1176,1012.8205,1693.634,1403.183,637.931,8.3996,1273.6516,2755.084,2833.7754,1568.9655,406.2776,3018.8727,769.6729,4824.0495,13041.1141,2548.1874,2.2104,1737.4005,841.3174,504.4209,446.5075,4014.1468,676.8347,206.4545,1814.3236,1775.42,424.4032,10.168,573.3864,2279.8408,7419.0981,1595.4907,923.9611,2614.0584,809.4607,153.8462,63.6605,812.9973,2180.3714,756.8523,336.4279,2861.6269,549.0716,912.0248,1188.771,771.8833,5.305,1752.4315,834.6596,236.9584,1545.5349,3236.5164,172.8559,106.985,24424.8453,1046.8612,858.5323,2981.5031,279.8408,1027.4094,461.9805,106.1008,77.8073,27.8515,2389.9204,1376.2157,724.1379,301.061,90.1857,227.6746,1317.4182,185.2343,1049.9558,492.4845,146.3307,1739.611,1.7683,149.4253,236.9584,1051.7241,494.4651,434.5712,648.5411,37.5774,351.901,2287.3563,21.6622,153.4041,51.7241,3789.5668,1583.5544,461.5385,1472.5906,1830.2387,1611.4058,471.2644,2380.1945,955.7913,718.3908,131.7418,1233.4218,152.6437,6433.2449,588.8594,21.2202,1912.9089,773.6516,1.3263,9.7259,0,642.3519,185.2343,3276.3042,2637.0469,3942.5287,4824.4916,2638.8152,738.7268,2030.504,891.6888,2492.9266,1880.6366,0.4421,1908.9302,1564.1026,7027.8515,472.1485,1189.2131,90.1857,985.8532,509.5137,1764.3678,5248.0106,244.4739,1469.9381,950.0442,634.8364,1385.0575,430.1503,2234.3059,2385.4996,345.2697,1641.9098,624.6684,1419.5402,826.702,596.3749,84.8806,19.0097,355.8798,343.9434,1859.8585,773.2095,1014.1468,1568.5234,4333.3333,465.9593,137.931,396.9938,15.0531,13249.779,566.7551,543.5367,847.9222,5027.4094,1884.6154,24.7569,947.3917,591.0698,786.9142,1058.3554,959.328,6566.7551,517.6835,55.7029,1423.9611,75.1547,1413.7931,832.8912,57.9134,139.6994,690.5393,0,1843.9434,3172.4138,1411.5827,1276.2821,3255.084,200.7073,167.1088,4041.5561,766.5782,1458.8859,3565.4288,1150.3095,556.145,4.863,103.0062,23494.695,2239.611,1182.1397,2.6525,145.4465,161.8037,69.8497,349.6905,4321.397,164.0141,2105.6587,143.2361,664.0141,25.1989,4.863,56952.6967,8816.9761,430.5924,426.2997,66.313,104.3324,1111.3926,14.1468,300.1768,2308.1344,1341.733,833.3333,2575.1547,1989.832,12714.8541,38.9036,362.069,0.8842,713.5279,0.8842,3.0946,167.9929,1689.2131,49.5137,0.4421,8626.8789,0.4421,48.6295,0,5519.0097,3.0946,708.2538,756.4103,493.8108,474.359,683.9965,1129.0893
TCGA-FD-A3SP-01,3.566666667,2832.4413,3940.7163,0.4117,336.7641,612.5978,21.8197,1984.3557,1668.1762,1055.5784,1668.9996,777.6863,2312.4743,299.7118,424.0428,119.3907,696.1713,212.0214,451.6262,1307.534,1270.4817,6332.6472,23.8781,194.7303,1890.0782,2173.3224,11139.5183,1911.8979,605.1873,1396.4389,2200.494,3536.0231,366.4059,292.3014,2674.3516,72.0461,3.2935,28.8184,850.5558,645.1214,18549.6089,23.8781,883.9028,2084.3969,2090.1606,4396.8711,415.809,918.0733,2625.3602,493.6188,191.4368,1973.9934,1149.4442,1177.1264,582.9559,1338.8226,1464.3886,3487.0317,764.9238,12.3508,792.9189,1543.8452,1686.2907,2570.6052,1054.3434,2161.3421,1384.1087,4900.7822,6223.1371,2146.5624,0.8234,1651.7085,3243.4664,463.5653,930.0124,7090.9839,1069.9876,263.0712,1550.0206,2823.3841,1515.8501,25.1132,564.0181,2054.755,5039.9341,1482.9148,1142.0173,3355.2902,2336.3524,1385.7555,122.6842,1561.548,2034.9938,1168.3821,384.9321,3272.1284,3015.2326,761.6303,2760.8069,748.8678,173.3224,2105.8049,679.2919,77.3981,873.1988,2375.8748,194.7303,243.7217,33457.8016,399.753,1511.7332,5815.0062,1146.5624,1588.3079,153.5611,142.8571,142.0338,58.4603,1547.5504,3029.6418,1854.6727,842.7336,265.9531,236.3112,4163.8534,418.2791,1337.5875,1715.5208,622.8901,935.3643,0,298.8884,138.7402,2388.6373,504.8868,318.238,2727.0482,15.2326,1363.5941,1619.5965,72.0461,418.6908,100.0412,3469.3289,1736.1054,822.5607,1622.0667,1731.9885,2623.7135,930.0124,2877.7275,1076.9864,675.5867,396.4594,1843.557,227.0646,776.4512,299.3001,334.7056,2403.8699,829.9712,17.2911,72.8695,10.704,337.5875,404.6933,9702.3466,1804.4463,5207.4928,3651.2968,1970.3582,1230.1359,2630.7122,1028.4068,1109.0984,1289.4195,3.2935,1786.7435,2205.846,7130.5064,729.5183,819.2672,240.0165,3074.5163,1186.9329,1501.8526,3493.2071,1053.1083,1767.394,657.8839,955.1256,4123.5076,569.3701,1311.2392,2590.7781,178.6744,291.8897,295.1832,1904.0758,1025.5249,379.1684,218.1968,51.4615,193.907,431.0416,990.5311,1373.4047,1151.091,1063.4006,1388.6373,1358.1721,124.7427,830.3829,9.4977,7766.5706,502.676,400.5928,1162.2067,3852.6142,1231.3709,74.5163,791.2721,535.6114,850.5558,1027.5834,341.2927,6556.196,260.6011,34.9938,1592.8366,62.9889,758.3368,2016.4677,310.8275,6.9988,590.7781,0.4117,2330.5887,2430.6299,1134.6233,1005.3438,3396.8711,856.3195,741.4574,4558.2544,668.1762,2345.4096,2191.4368,1713.4623,1952.6554,376.6982,55.9901,4619.5965,3191.8485,1597.7769,22.6431,198.8473,165.5002,130.5064,257.3075,867.4352,147.7974,2545.492,86.867,932.4825,32.9354,150.6793,69297.2417,6314.5327,362.289,243.6229,95.1009,183.6147,555.7843,0.8234,384.9321,2377.9333,1319.8847,1569.7818,1502.2643,2465.212,9156.0313,436.3936,521.2021,0.4117,911.8979,2.8818,6.1754,396.4594,769.0408,170.8522,170.4405,4975.2985,0.8234,250.7205,0,8339.6459,32.5237,776.8917,284.0675,445.4508,90.1606,662.8077,215.7266
TCGA-FD-A3SQ-01,2.366666667,2348.1014,3382.5649,1.6869,161.0946,595.4596,14.76,2394.9116,1708.3618,929.8785,1452.3817,796.617,1744.6292,258.5104,760.7714,165.3117,189.7711,88.9816,827.4021,519.1295,652.8127,11253.006,11.3863,1255.4414,2261.2284,2176.464,5839.8775,1187.5455,656.1864,1675.8857,2260.385,7646.0895,132.8398,420.8702,2375.9345,6429.8674,5.904,2.1086,4535.1082,486.2358,19197.6688,7.5908,909.6363,4042.125,3482.0893,3590.8914,195.6751,381.6508,1971.5111,420.0268,787.3393,1679.0401,445.7513,878.3788,1112.0588,1241.1032,1350.7487,2454.7949,751.0719,10.9646,538.5283,795.3519,1723.9652,2490.6406,756.9759,5703.2043,3514.5612,2874.8217,5971.043,1223.8129,11.808,1031.0898,2285.3757,383.7594,2526.908,7351.7334,644.3784,278.331,1888.0118,1883.373,978.7973,41.7496,716.0697,1919.6404,6090.8097,1074.1046,818.2973,3680.7164,1824.7548,828.6672,110.9107,1123.8668,1568.7746,1475.1542,744.3245,875.4775,1055.1275,657.8732,1313.2162,929.8785,27.4114,2980.6718,635.5224,35.0022,2235.5039,2117.8458,35.4239,102.4764,27724.2963,684.4412,802.0993,3502.4243,1411.0537,1160.5559,100.3678,21.9291,526.2986,98.681,1319.1202,2551.3674,812.6421,980.9059,437.7387,156.8775,1211.1615,308.6944,1128.5056,908.3711,387.1331,1509.7347,0,231.5208,589.5556,1144.9525,257.2031,121.8752,1676.3116,74.2216,703.84,1055.5492,74.6433,168.6854,105.4284,4104.1169,1136.9399,525.8769,2174.7771,1442.2606,2660.5912,476.9581,2214.4182,2699.3888,717.3349,569.3134,1589.0169,289.5275,388.82,2644.9878,97.4158,997.3527,1577.2089,5.4823,29.0982,2.5303,387.5548,51.8708,5731.9314,1203.1489,5333.4121,3420.5191,2334.6066,1220.4392,1638.3574,1028.1378,1661.9733,1651.8522,5.4823,2027.599,5500.4106,5970.1996,790.713,418.3399,510.6952,2651.7352,2528.5653,1861.0222,2631.4929,413.7011,1684.7459,194.41,64.5222,1437.2,351.7092,1355.8093,4018.9307,224.3516,226.8819,120.6101,2144.4137,530.094,273.2704,310.8029,19.3988,191.0363,578.1694,1594.9209,647.3304,1163.0861,1469.6719,1591.5472,300.2601,359.7217,466.4153,31.2658,10470.3056,275.8007,357.9927,1768.2452,2730.1739,3436.9659,21.9291,728.7211,604.7373,466.4153,457.1376,1206.9444,5790.1279,72.113,67.4742,1230.982,206.218,624.5579,349.6006,2855.4229,2.1086,1066.092,0,4304.0091,3967.4817,1462.5028,563.2913,1669.9859,90.2467,288.0304,4400.1598,143.8043,2658.9043,2017.8996,1686.8544,702.9966,1123.8668,21.9291,6889.5353,4359.6753,1022.6555,40.4845,222.6648,171.6374,115.5495,51.4491,3894.9469,226.4602,2312.2557,22.7725,13090.8339,100.7896,11.3863,71457.6847,7325.5872,287.6087,221.8888,49.3405,350.444,347.9137,1.2651,277.0658,1338.9407,2095.9167,1427.9223,2049.9499,2207.6708,4688.6119,215.9174,217.1825,8.4343,1077.9,4.6388,3.7954,439.8473,1311.951,31.2068,32.4719,7020.6882,2.952,361.4086,1.2651,10781.1085,9.2777,586.2536,385.4462,729.5645,102.0547,293.5127,280.0178
TCGA-FD-A3SR-01,4.4,1959.4452,4510.6959,79.437,195.9445,654.9137,61.343,4274.1502,1750.7025,1071.9578,1530.4856,924.558,2497.8513,252.8743,655.355,264.3486,601.9557,267.4378,502.2182,812.905,601.9557,11565.5813,425.8704,3648.8047,3311.1976,3226.9062,5632.0369,2338.9774,1489.4432,9239.2255,2949.3181,39170.3691,777.5997,510.6032,281.5599,1639.4908,7.9437,0,7005.458,1147.8642,20302.7652,15.8874,374.2364,2279.841,6474.1129,2728.6599,185.7942,353.0532,1466.0534,423.6638,122.686,2541.0651,729.0548,1279.5619,1445.7528,1336.3063,1123.1505,1753.3504,697.7214,11.0329,1854.4119,3656.3071,4390.2165,1997.3984,713.1674,1568.6992,389.2411,5942.3266,4235.7557,2676.1432,8.8263,2189.3711,652.2349,589.1575,1756.881,4325.7842,203.4469,221.0996,843.7971,2422.8275,437.786,12.3569,345.5508,3613.9407,5061.9002,2158.9203,1920.7197,6001.463,1401.6212,199.0337,54.7232,1442.2223,2607.2978,1354.8416,1259.5173,790.3978,1319.5363,873.8067,1779.8294,719.7872,8.385,5528.3717,596.6599,214.9211,1056.5117,2647.4576,144.3105,127.0991,41839.8926,336.2832,1061.3662,439.0702,604.1623,2385.757,797.4589,31.3335,65.7562,59.5777,1536.664,2654.96,248.9025,2207.4651,2726.4533,141.2213,1222.0054,311.1281,1593.5938,777.5997,242.2828,9167.0262,16.3287,136.3668,31.3335,1302.325,1246.1101,249.3438,1820.4305,151.3716,957.7627,1667.2937,112.977,266.1138,47.2209,2805.0076,1525.1898,233.4564,1831.0221,2026.9666,3241.9109,827.0271,2253.362,1247.6017,583.8617,251.1091,2474.9029,283.4443,302.3018,7250.3886,19.8592,3454.1842,3246.3241,4.8545,80.3196,1.7653,3497.4332,76.3478,3000.5108,6119.7358,3485.5176,4486.4102,2575.9644,569.7396,1406.917,1150.9534,3277.6576,1076.8122,50.7514,3444.0339,5124.1258,3605.1144,784.6607,1360.1374,151.3716,1674.7961,1001.3074,1300.1184,3673.9598,1097.5541,932.0604,389.6825,216.6864,873.8067,464.2649,3123.6381,1526.0724,266.5552,2587.4386,363.2035,1428.1002,1453.6965,445.2883,250.2265,6.1784,196.3858,139.8973,1345.1327,215.8038,1147.4229,276.2641,1953.2668,813.3463,353.9358,396.3022,148.4191,19011.4731,637.261,272.3717,1127.1223,2907.393,3745.4531,38.8359,492.5092,656.6789,533.993,1958.5626,1339.3956,6912.3402,431.1662,60.9017,1329.6866,215.8038,1041.9482,198.1511,333.6353,8.385,811.1397,1.3239,4729.5888,661.0921,1285.1136,1085.5547,3483.3111,454.1147,169.0242,4441.4092,337.1658,2484.6118,2738.3688,1089.1691,552.9696,112.977,399.3914,3060.9712,3854.0169,1748.9373,27.3616,258.6115,171.6721,132.8363,477.5044,694.6322,93.1178,605.4862,92.6765,437.786,36.188,6.1784,36225.9099,7991.8003,440.8752,476.1364,127.0991,113.8597,579.0072,13.2395,88.7046,2283.3715,2788.6789,448.3776,2219.3806,1402.0625,12581.4918,171.6721,759.0644,1.3239,1316.4471,5.7371,34.864,182.2637,3165.1219,39.7185,39.2772,6794.95,0,630.6413,0,8421.2013,40.1598,541.5395,567.9743,300.5365,56.4885,302.3018,547.6738
TCGA-FD-A3SS-01,14,1370.4467,4670.1031,35.0515,145.3608,149.8282,0.3436,3120.6186,1822.6804,609.2784,837.8007,1050.1718,2471.4777,116.1512,696.9072,200.6873,467.354,207.5601,90.378,879.7251,958.0756,8316.1512,2639.5189,1569.7595,2410.3093,1898.9691,3194.8351,2182.8179,1087.6289,1310.9794,1050.5155,10585.567,1048.7973,557.732,597.9381,2410.3093,0.6873,11.6838,6339.5189,271.8213,47353.6082,8.9347,753.9519,3379.7251,12025.7732,3436.7698,373.1959,127.1478,2134.3643,265.6357,13.0584,1064.4708,1896.2199,1499.3402,933.3333,1291.0653,1434.3643,2693.1271,815.4639,10.6529,2082.8179,3231.9588,2853.9519,1226.1168,1553.6082,1660.756,512.7148,2376.9759,5815.1203,2187.9725,11.3402,1426.4605,113.4914,340.8935,1010.3093,11693.8144,349.4845,111.3402,818.2131,1179.0378,84.8797,5.1546,321.9931,2301.0309,5460.1375,1200.3436,737.1134,4127.8351,2353.2646,140.8935,143.9863,865.9794,1998.6254,774.9141,865.6357,1775.945,2700,726.1168,1650.8591,725.0859,1.3746,3060.4811,487.6289,103.4364,1064.6048,1421.6495,127.4914,44.3299,33207.5601,589.6907,1147.7663,1269.244,154.9828,3583.5052,593.8144,60.1375,12.0275,5.8419,857.732,2213.7457,113.7457,1920.6186,1278.0069,465.6357,94.5017,754.9828,831.2715,178.0069,21.3058,2255.6701,8.2474,52.921,18.2131,1243.299,938.7251,626.8041,363.5739,59.4502,800,1525.7732,9.9656,25.4296,6.8729,8675.2577,1225.7732,78.0069,1129.5533,1260.4811,1884.1924,637.1134,3772.5086,1973.8832,794.8454,45.3608,1772.8522,327.0859,1035.7388,1487.9725,32.9897,4826.4605,2132.646,1.3746,30.2405,2.4055,374.2268,55.3265,806.5292,5759.4502,2285.567,4132.646,3193.4708,735.7388,2319.9313,1608.5911,2105.1546,1770.7904,706.5292,2773.5395,2360.1375,2394.8454,382.8179,593.4708,91.7526,410.6529,839.9966,1815.8076,6814.433,375.2577,938.8316,1205.1546,986.2543,263.2302,453.2646,2537.8007,833.3333,249.4845,4443.299,500.6873,2430.2405,1147.4192,525.7732,52.2337,2.4055,170.7904,145.7045,1587.9725,265.9794,1595.189,808.5911,1302.4055,209.2784,201.7182,1012.0275,41.3849,10251.2027,487.6289,324.5533,1267.6976,7079.3814,1151.5464,2.7491,529.5533,799.3127,1061.512,1591.0653,1002.4055,10268.3849,516.1512,113.0584,1868.3849,42.9553,552.921,1908.9347,1115.4639,4.811,325.0859,15.8076,4263.5739,10575.945,892.0962,1214.9863,6865.2921,690.378,380.4124,5623.7113,860.4811,1479.3814,4136.7698,1078.3505,148.7973,232.3024,393.1271,2659.7938,4449.1409,826.8041,2.7491,521.9931,69.4158,129.8969,732.3024,932.3024,42.6117,1963.2302,126.1168,2142.268,7.5601,0.3436,4335.7388,6668.3849,291.7526,637.2199,17.1821,21.3058,1343.3574,44.6735,421.6495,1075.6014,2022.3368,1187.2852,2461.512,2600,19779.7251,46.7354,424.3986,2.0619,1128.5223,13.7457,34.3643,439.8625,2000.6873,20.6186,8.5911,10745.3608,102.0619,460.1375,1.0309,3552.2337,11.6838,613.8144,970.4467,319.5876,29.2096,892.0962,875.2577
TCGA-FJ-A3Z7-01,9.9,1845.5882,1957.7206,0,188.1127,516.5441,32.4755,3092.5245,2604.1667,716.299,1332.1078,846.201,1563.1127,169.1176,756.1275,212.6225,111.5196,83.3333,2405.6373,1526.9608,514.7059,3174.6324,254.902,2908.0882,931.9853,1137.2549,4990.1348,1477.9412,1219.9755,224.8468,1408.0882,7341.9118,496.3235,496.9363,71.6912,179.5343,3.6765,118.8725,14430.7598,162.9902,36127.451,17.1569,998.7745,14085.1716,1622.549,2712.0098,988.3578,622.549,3078.4314,756.7402,134.8039,2295.3125,1261.0294,760.7721,388.4804,1547.1814,1300.2451,859.6814,452.2059,1.2255,569.2402,775.1225,1213.2353,1196.0784,784.3137,3250,1356.0049,1774.5098,6743.8725,1927.0833,0,880.5147,574.1238,406.8627,1001.8382,10465.6863,2807.598,90.6863,1630.5147,1500,960.1716,14.0931,226.7157,1488.9706,7281.8627,2356.6176,1465.6924,5990.1961,1455.2696,307.598,189.951,1089.4608,1269.6078,954.0441,483.4559,27010.4167,800.8578,1746.3235,5814.3382,2252.451,0,2362.7451,770.2206,9.8039,2946.0784,1835.7843,36.7647,28.1863,22898.2843,330.8824,1078.4314,805.9007,833.3333,1162.3775,439.3382,191.1765,72.3039,98.0392,889.0931,3534.3137,175.2451,756.7402,159.3137,129.2892,171.5686,151.9608,1077.8186,899.5098,28.799,12297.7941,33.701,1213.848,34.9265,2146.4461,238.9645,205.8824,1154.4118,212.0098,302.0833,784.9265,58.8235,162.9902,41.0539,8044.1176,1262.8676,1413.6029,1897.0588,1457.1078,2397.0588,691.1765,1351.7157,1940.5637,1213.848,40.4412,915.4412,405.098,1659.3137,8680.7598,2136.6422,1540.4412,613.9706,5.5147,4.902,14.7059,282.4755,12.8676,4772.6716,16060.049,4064.3382,1804.5343,7329.0441,1651.348,974.8775,936.2745,2446.6912,923.4069,4.902,1847.4265,5832.1078,3015.9314,759.1912,634.8039,174.0196,3622.549,613.5172,1288.6029,3177.6961,679.5343,755.5147,208.9461,231.6176,686.8873,268.9951,3106.0049,3492.6471,99.8775,488.9706,169.7304,1661.7647,1066.1765,341.9118,282.4755,30.0245,136.0294,69.2402,724.8775,6046.5686,1325.9804,1418.5049,484.6814,342.5245,56.9853,449.1422,23.3456,40036.7647,662.9902,288.6029,1776.348,27329.6569,2083.3333,21.4461,436.8873,799.6324,689.3382,1287.9902,12600.4902,8347.4265,129.2892,42.8922,1726.1029,108.4559,1439.951,264.7059,1302.0833,41.0539,939.951,0.6127,3003.0637,7291.6667,1053.9216,1264.4975,3847.4265,457.7206,244.4853,4326.5931,384.8039,2606.0049,3210.1716,410.5392,189.951,4.902,34.9265,5378.0637,1137.8676,993.2598,20.8333,211.3971,74.1176,243.8297,195.4657,2667.2794,500,11325.9804,66.7892,1870.098,93.75,2.451,14507.3529,4528.799,270.8333,486.7402,162.9902,153.1863,881.1275,1.2255,215.0735,2069.2402,3170.3431,1558.8235,1678.3088,1574.1422,4909.3137,270.2206,235.2941,42.2794,694.8529,6.1275,12.8676,461.3971,1846.8137,3.6765,0,22893.9951,1.8382,152.5735,0,615.1961,68.6275,666.6667,450.9804,82.7206,22.0588,909.9265,287.9902
TCGA-FJ-A3ZE-01,12.2,890.9596,4425.8525,1.1895,126.8834,324.7423,82.0777,3008.3267,2603.8858,814.433,1605.0753,628.073,1074.9405,29.7383,990.0872,276.368,303.7272,173.6717,475.0198,474.6233,1649.4845,16946.4711,6.3442,4122.1253,825.5353,1733.9413,3124.8771,1590.4044,528.1523,2303.3109,2977.7954,4236.3204,692.7042,656.6217,2051.5464,59329.8969,0,0,14072.958,107.4544,49128.073,6.3442,870.7375,6874.7026,3673.2752,1381.0468,77.7161,162.1729,2596.3521,554.7185,8.3267,2624.2665,1178.4298,1941.2252,391.3561,1324.3458,1069.3894,1181.2054,1217.6844,2.7756,429.0246,439.7304,3847.3434,1159.0008,793.8144,4000.793,2634.0206,1034.4964,8484.1396,1544.8057,0,1257.3354,58.5686,541.2371,2966.6931,5324.7423,283.1086,199.4449,1701.0309,2403.6479,1367.5654,4.7581,65.0278,1574.9405,9408.406,2434.9722,1843.8541,6533.3069,1953.2117,595.5591,26.5662,735.9239,811.2609,715.3053,1552.7359,463.521,1655.4322,1661.7764,2069.3894,1185.1705,0.3965,2080.8882,692.7042,131.6416,2181.9984,2655.8287,178.8263,7.1372,25222.4425,820.3807,1484.1396,12785.0476,444.092,890.9596,117.3672,1.586,3.1721,2.7756,875.0991,2496.0349,45.9952,3581.6812,347.3434,473.8303,18.2395,1483.7431,1724.4251,282.3156,8.7232,1431.4036,126.0904,30.5313,9.5163,721.253,675.2934,240.682,195.0833,29.7383,508.3267,1903.6479,0.793,6.3442,2.7756,2796.59,1034.8929,89.2149,6988.5012,2082.0777,1140.7613,678.0333,2552.3394,2897.7002,1476.2094,12.2918,1124.9009,186.7446,963.1245,2003.5686,7.1372,1863.9968,3448.4536,0,0.793,0.793,391.3561,0.3965,145.9159,3347.3434,6902.0619,5733.9413,4848.4338,524.9802,1772.0063,1487.7082,2431.4036,3006.7407,494.0523,1486.9151,3985.7256,2661.3799,261.6971,378.6677,247.4227,251.7843,1334.1753,1333.4655,3865.5829,143.9334,1139.5718,991.6733,342.5852,116.5741,324.3458,673.2752,3682.7914,268.4377,19.0325,300.1586,3937.7478,464.7066,434.5757,36.8755,3.1721,235.1308,28.9453,1394.5282,284.2982,2203.41,820.3807,1110.6265,196.2728,249.0087,685.1705,81.0389,4904.0444,490.4837,399.3259,1199.0484,3338.6201,2698.2554,0.793,653.4496,683.1879,494.0523,1559.0801,3644.3299,7234.7343,293.0214,97.5416,1622.1253,88.4219,1159.0008,331.8795,8545.9952,11.4988,659.3973,3.2236,2429.0246,3572.5615,1788.2633,1650.9159,8932.5932,724.4251,532.1174,7669.7066,478.9849,3125.6939,2993.6558,31.3243,85.6463,259.7145,76.1301,16959.1594,1992.4663,1664.9485,12.6883,349.3259,32.1174,225.6146,212.5297,384.6154,9.9128,18158.6043,115.3846,6511.8953,9.9128,2.7756,1099.9207,4321.5702,468.6757,371.8557,9.1197,5.9477,134.8136,5.5511,1964.7105,1829.5004,5536.479,632.0381,2569.7859,1595.5591,19135.6067,4.3616,445.2815,7.1372,1648.295,3.1721,70.1824,724.4251,2569.7859,167.724,0,10611.023,0.3965,930.6106,0.3965,7099.5242,30.1348,465.5036,719.2704,296.1935,11.4988,386.9667,415.9397
TCGA-FJ-A3ZF-01,7.766666667,2061.6314,5129.6073,0.9063,306.0423,290.0302,20.5438,3987.0091,1742.5982,780.6647,1350.4532,1711.4804,2059.2145,83.6858,773.4139,387.0091,507.2508,256.7976,631.1178,1354.6828,1348.9426,8798.1873,1831.4199,3549.2447,845.3172,1856.7976,4923.8036,1548.3384,534.4411,481.8731,1393.0514,19174.0181,1045.9215,373.716,585.4985,3218.7311,1.2085,4.5317,15085.1964,168.2779,15669.1843,19.6375,1305.136,14148.9426,2876.7372,1829.003,285.4985,72.8097,3928.7009,697.281,352.568,2408.6495,1201.8127,1214.9486,309.0634,2005.4381,1373.716,1038.6707,664.3505,9.9698,1570.3927,1035.6495,3384.5921,1567.9758,653.7764,1565.1843,314.8036,1494.864,7574.6224,1285.1964,0.6042,3011.1782,198.8973,277.3414,683.0816,9399.3958,99.6979,257.0997,996.6767,1932.0242,927.4924,4.8338,222.9607,2545.3172,6441.6918,1383.0816,940.4834,6005.4381,1741.6918,1460.7251,74.0181,1004.8338,2434.4411,1131.1178,439.2749,627.1903,3053.1722,1841.994,3188.2175,1179.4562,0,2469.4864,603.3233,25.3776,1286.4048,1510.8761,122.9607,4.2296,15193.0514,643.2024,1116.9184,270.3202,136.858,623.565,1154.6828,12.0846,5.136,5.136,956.4955,3042.9003,27.7946,1603.0211,535.9517,473.4139,28.0967,10.574,1287.3112,247.7341,3.3233,8623.8671,130.5136,103.3233,72.5076,2353.4743,1274.0937,342.5982,165.5589,299.0937,1065.3565,1377.6435,0.6042,14.5015,8.7613,276.7372,1240.1813,469.4864,1314.8036,1116.0121,2360.1208,866.1631,1516.0121,1705.7402,1688.5196,8.4592,1617.8248,196.3656,380.0604,8570.0906,900,1867.3716,341.0876,0,3.3233,8.1571,732.9305,0.6042,503.9275,3945.6193,4202.1148,10500.6012,2683.6858,343.2024,2019.9396,1389.7281,2545.9215,1467.9758,14.8036,1572.5076,7811.4804,1172.8097,786.4048,1402.719,438.0665,560.1208,459.1662,1812.3867,7139.8792,157.4018,673.4139,445.3172,895.7704,77.9456,354.9849,1163.142,691.2387,192.4471,1026.8882,418.7311,3059.2145,1386.7069,459.5166,30.2115,6.3444,181.2689,26.284,850.7553,606.3444,1225.3776,635.0453,591.8429,364.6526,126.284,9.9698,27.0332,7130.8157,817.2205,297.0242,1645.6193,2982.1752,6538.9728,1.5106,433.2326,1469.7885,737.7644,2533.8369,4281.571,8250.1511,473.1118,50.1511,1771.6012,141.0876,1190.9366,1661.3293,2955.5891,73.4139,1438.0665,0.6042,2436.858,154.9849,1435.9517,879.8369,1120.5438,2186.1027,22.6586,6782.1752,593.9577,1834.7432,4622.0544,380.0604,36.5559,159.5166,447.1299,2841.994,2996.6767,1075.5287,12.0846,325.9819,167.8127,202.1148,364.0483,166.4653,45.6193,7883.0816,175.5287,1911.4804,4.2296,0.9063,2208.7613,5771.9033,381.8731,1099.1873,51.9637,11.7825,1343.2024,9.3656,790.9366,2187.9154,1594.5619,457.7039,2153.4743,1696.9789,14015.1057,11.4804,410.2719,13.2931,855.287,4.2296,219.9396,677.6435,3787.9154,83.3837,0,7100.3021,0.3021,148.9426,0.3021,2817.2205,162.2356,683.0816,792.4471,241.0876,84.5921,263.1148,1079.7583
TCGA-FT-A3EE-01,3.733333333,1124.5926,2860.6167,0,131.3612,1057.9093,57.6586,2338.9321,1066.6834,1010.529,1441.2133,1135.3723,1865.3798,88.2427,608.9245,194.0336,259.9649,244.9235,1773.1261,833.0409,1279.268,8898.4708,571.8225,622.9631,1681.1231,1664.3269,20470.5064,1577.8391,625.9714,7413.5849,1907.4956,4856.1043,264.9787,287.5407,210.5791,1588.1173,3.5097,3.7603,4288.2928,566.0567,19535.4725,9.7769,3092.7551,2443.9709,2432.9406,2463.0233,362.7476,192.0281,2384.8082,394.8358,48.1324,1858.1624,811.2309,1466.3725,522.6874,914.0135,882.4267,5413.6375,1068.6889,2.7576,1430.6844,1884.1815,3164.4522,2541.2384,2538.9822,2377.0043,2903.2339,2978.6914,19941.3387,2207.3201,8.0221,1847.5808,1751.0404,339.1828,1632.2387,7916.7711,595.3873,334.6703,2095.262,2781.1482,3907.4956,4.7631,61.9203,2490.5991,5491.8526,1460.5164,920.1855,6230.3836,1622.4618,58.912,31.5869,747.3051,1551.5167,1181.7498,444.2216,1323.3893,2856.1043,559.288,1201.3036,1339.1828,0.2507,2285.0338,728.7541,59.6641,478.5661,1766.6082,63.4244,26.0717,35294.56,652.5445,1911.7573,8808.2226,530.4588,3188.5184,262.2211,148.4081,84.4823,34.3444,1513.9133,2529.7067,1925.2946,576.5856,52.1434,196.7912,215.3422,69.9423,1346.4527,478.0647,42.1158,1904.4873,7.7714,98.2702,38.1048,855.1015,219.3632,202.557,280.2707,219.8546,324.3921,1283.279,18.551,58.1599,33.5924,5226.8739,1277.5132,342.4417,1812.4843,1196.5405,3582.1008,1014.7907,2153.1712,2544.4974,558.7867,83.9809,1649.2855,152.354,4389.822,534.4698,465.2795,1141.3888,1414.891,1.2534,2.7576,5.0138,528.9546,42.3665,1127.8516,4463.0233,6445.9764,4263.2239,2333.4169,987.4655,5689.6465,1490.0978,3096.014,1151.1657,43.62,1768.1123,3494.1088,4134.3695,436.7009,411.8827,237.4029,12509.4009,210.895,1936.8263,5276.2597,118.5761,987.4655,454.4999,347.2048,1042.3665,545.5001,1209.827,1021.81,607.4204,1139.8847,232.1384,1835.2971,775.8837,293.5573,31.5869,3.7603,266.7335,1259.4635,1674.1038,1507.3953,1163.7002,1557.2825,1571.3211,467.285,800.9526,48.6337,35.45,11198.546,394.8358,618.3179,2036.35,1837.804,2273.5021,6.7686,600.9025,794.9361,615.9438,638.0045,2284.5325,10234.6453,183.0033,84.2316,1246.6784,241.6646,826.0216,5831.0353,629.2304,54.3996,1187.0143,0.2507,5736.7761,10333.1662,1552.5194,1118.714,5744.2968,972.4242,317.3728,4238.1549,224.8684,2409.1251,2896.9667,953.3718,193.5322,2752.5696,124.8433,6385.811,2302.0807,1843.5698,6.5179,241.4139,123.8406,63.2941,95.5127,2300.3259,103.7854,3270.7445,66.9341,4107.7964,32.3389,2.2562,7058.912,9027.8265,280.5214,274.8483,3.7603,41.8651,1323.8907,0.5014,304.0862,1000.7521,2281.2735,616.1945,1819.5036,3285.7859,11132.6147,26.3224,555.0263,1.5041,515.6681,1.7548,2.2562,110.554,794.184,11.7824,0.5014,4748.5585,3.0083,527.7012,0,10905.9915,35.5979,306.1569,220.8574,691.1507,78.2151,967.3978,769.1151
TCGA-G2-A2EC-01,5.4,1473.7273,3170.7467,1.6388,165.1132,409.7101,18.437,2447.1986,1514.2886,1034.9278,1914.9851,720.6801,1786.3362,271.2281,1023.0462,165.5229,151.5927,58.5885,2891.3244,787.8726,616.204,15694.766,29.9088,2834.7844,1664.6523,2078.4595,11604.5806,1520.0246,590.3923,1534.7414,2545.9387,8760.0123,108.9829,483.8677,1447.9156,5072.6211,28.6797,5.7359,15721.3971,444.5355,27678.3775,22.5341,732.9714,10320.1885,2438.185,4629.7245,207.723,625.2177,2679.914,938.6459,404.7936,2164.7322,891.5292,582.4767,775.1716,1154.5631,1136.1262,3239.9877,705.1111,18.437,490.423,965.6868,1817.4741,2883.5399,1309.0239,7169.9232,1445.0476,1451.603,6122.2985,1306.9753,6.1457,1609.7511,4657.1505,379.3916,1408.5834,6371.4022,748.5404,1055.0036,4039.7419,2068.6264,1026.3239,142.5791,424.4597,1617.1259,6476.288,1650.3124,1426.5492,2913.4487,1795.7595,1328.2802,133.1558,1145.5495,2456.6219,1274.1985,1255.3518,452.7297,1213.5614,730.1035,1873.6044,1063.1978,0,2325.105,564.1708,31.138,1101.3008,1386.4591,29.9088,67.6022,18156.3044,819.0106,970.1936,8130.2878,1196.3536,1150.8758,74.1575,9.833,440.0287,147.0859,1533.545,2728.2598,777.6298,1618.7647,193.7929,248.694,415.8558,29.9088,1683.4989,766.9774,183.5501,2411.1441,1.2291,276.1446,165.1132,2114.514,70.8758,154.051,1427.8398,279.4223,499.0269,1086.5513,47.9361,440.4384,260.9854,1147.1884,1295.0937,796.4765,2133.3606,1525.3508,2197.6851,513.3668,3761.5487,1968.2475,714.1248,183.9598,1111.1339,212.783,381.4401,2811.0212,411.7587,930.4517,1033.6987,2.4583,16.7981,43.0196,267.5407,40.1516,3879.1355,2083.376,6489.3988,2978.9983,1723.5399,938.6459,1622.0424,884.5642,1592.953,1934.2415,14.7496,1729.3865,10891.3244,3733.2787,1371.2998,606.7807,703.4723,3388.3028,1164.347,1168.4933,2585.2709,501.8949,1361.0571,184.3696,50.8041,1393.4242,360.9546,1545.0169,1871.5559,155.2801,901.3623,160.6064,2990.4742,515.8251,450.6811,689.1324,11.8816,224.5212,301.9564,705.1111,880.0574,1500.7682,2978.5926,2415.2412,528.5261,737.0685,146.6762,28.651,5475.3662,409.3004,239.0577,1429.8884,2172.2831,5027.553,41.7904,623.9885,609.239,353.1701,292.9427,4371.6071,7918.4677,88.0877,102.8372,1162.7573,147.9054,531.8037,46.2972,7733.6884,2.0486,1394.2436,2.0486,3173.205,4719.0413,1664.2425,775.5239,520.7416,120.8645,226.5697,4418.7238,216.7367,2827.8193,2769.2308,363.0032,626.0371,2011.267,18.0272,6103.8615,2275.5301,1170.5418,15.569,262.2145,218.4124,165.1132,30.3185,562.9417,264.6727,886.6127,16.7981,10332.8895,42.2001,6.5554,19127.7271,8676.0217,333.9138,278.3038,107.7538,156.5093,98.7401,3.2777,238.4513,1359.0085,1831.4043,973.0616,1520.0246,1458.9778,5262.7266,181.0919,222.4726,3.6874,1404.0766,6.9651,59.8177,618.6623,1776.5031,14.3399,68.4216,9569.1898,0.4097,401.9256,0,10633.6167,8.1942,555.2023,294.5816,884.1545,74.977,1357.0747,329.4069
TCGA-G2-A2EF-01,7.7,2770.0556,2901.8634,0,379.9935,455.8352,0.2615,1645.2435,3470.4152,1115.1357,1821.7718,814.3838,1393.9196,160.3138,386.5315,92.8408,560.7061,273.2919,271.7228,1494.3446,1051.324,973.6515,5.7535,115.3318,2526.8388,1705.1324,10438.6662,1661.7195,1094.2138,1286.1641,1368.0288,2062.6348,475.711,532.2001,14.3838,127.6234,1.3076,83.6875,57.2736,385.4855,27983.524,18.0451,1791.6966,1229.1599,687.2834,3001.7653,749.7875,1570.4479,3239.49,254.9853,9.4148,2355.0572,1121.1507,1309.8503,306.7669,1437.594,1333.2462,3510.9513,432.8212,21.7064,1225.7601,2632.7558,1128.9964,1160.9023,2181.3665,2289.4122,983.3279,2407.3227,10855.8352,3237.1363,2.3537,979.1435,216.5466,479.3723,570.9055,8139.915,353.3181,237.7247,1387.12,4429.4214,1517.0971,15.6914,8.1072,1306.8323,4597.5809,620.8565,720.3217,4691.2063,3917.0971,387.8392,88.6564,1150.4413,2575.2207,933.6384,278.5224,1175.286,1909.3822,993.7888,2092.4485,924.7466,47.8588,3935.6653,1001.6345,56.489,604.9036,2142.9225,246.355,172.3439,20530.1079,499.7712,1742.2687,2930.3825,519.1239,1883.7529,264.4001,656.6852,49.4279,27.1984,1846.0935,5224.714,2930.8924,812.8146,191.1736,525.9235,1575.6783,100.1635,1356.2602,204.7728,15.9529,180.9742,1.3076,185.1585,15.9529,3097.7444,902.3524,246.355,495.5868,9.1533,484.3413,1655.7045,69.0422,262.3079,125.0082,3877.084,1440.7323,92.0562,2261.1311,1629.8137,2310.036,636.8094,5734.1615,1921.4122,689.3756,182.5433,2114.9395,329.1507,2916.7702,162.9291,0.7846,3275.3187,661.6541,5.2305,9.9379,1.5691,337.8882,273.0304,912.9781,708.2053,5567.0481,4114.5446,2627.3998,715.0049,3214.9068,1957.5025,2125.1389,1811.0494,77.4109,2159.9215,3782.9356,5444.6551,593.6581,365.3482,183.8509,3940.3727,744.68,1271.7882,5536.1883,842.3668,1507.6822,1609.6764,847.8588,19129.6502,574.5669,4518.8624,4269.3691,222.0333,3.1383,434.6518,6401.3076,1428.697,741.4188,297.3521,2.6152,157.9601,716.574,1058.6466,432.0366,1055.5083,110.3629,2851.3893,572.9977,261.5234,622.1641,9.7522,12326.3812,569.3364,180.3622,1136.0575,1657.0121,1539.3266,87.8719,731.2194,657.7313,2287.2834,1817.0644,27.1984,7088.8526,278.2609,34.5211,2123.8313,184.897,1850.8009,1768.9441,46.8127,20.6603,1438.6401,0,4632.102,3646.6819,967.898,2284.7911,8300.2288,421.3142,767.5711,6935.0768,899.9019,2167.7672,2862.1118,1301.3403,634.9788,60.6734,17.7836,852.5662,3283.426,2228.9637,0.7846,205.5574,101.2095,157.4371,335.0114,1448.3164,50.7355,4165.5443,118.9931,324.289,6.7996,37.3978,28816.476,4809.1533,331.0886,535.4299,67.9961,176.7898,1211.6378,18.3066,519.3854,3299.1174,858.3197,1940.5034,2552.7297,1934.2269,6098.9866,38.1824,307.5515,0.523,783.7856,2.6152,1.0461,592.3504,61.7195,100.1635,0,5295.3253,2.6152,24.5832,0,3318.9931,184.374,605.2017,421.3142,370.5786,125.0082,2016.5126,185.1585
TCGA-G2-A2EJ-01,9.5,1731.9945,2714.6814,0.3463,196.3296,791.8975,0,2445.6371,1386.4266,439.4044,997.5762,1366.6898,1466.4127,25.6233,375.6925,231.6482,486.8421,288.7812,61.9806,622.5762,1111.4958,13401.662,2374.6537,517.313,1432.4792,1686.6343,6461.5582,2202.9086,368.7673,1887.7735,2262.4654,1909.626,533.9335,576.1773,114.9584,3555.4017,1.7313,0,99.0305,505.5402,13265.928,11.7729,2409.9723,2378.8089,1470.5679,3296.7452,691.482,153.7396,4469.5291,1112.8809,6.9252,2105.0035,1116.3435,2012.088,615.9972,474.0305,827.5623,2962.9501,307.8255,2.4238,660.3186,1305.0554,1688.7119,1787.7424,961.5651,3463.2341,1802.9778,3134.0028,17031.1634,2305.7479,1.385,509.6953,42.2161,678.6704,276.662,7942.1745,1935.5956,251.7313,1677.2853,2656.1634,2313.0194,9.0028,966.4127,873.2687,5709.1413,1702.2161,950.4848,4887.8116,1774.5845,270.0831,212.6039,701.5235,2192.867,1201.1773,1107.3407,6299.5152,531.5097,1025.9695,1095.5679,448.4072,0.6925,2380.8864,1127.7701,105.2632,622.9224,2089.6814,340.0277,13.8504,32149.5845,1070.2909,1492.036,5864.2659,3988.5734,1716.0665,155.8172,250,1.7313,7.6177,1769.7368,2373.615,3102.4931,808.8643,196.3296,268.0055,117.3823,20.0831,1807.133,112.5346,10.0416,2413.7812,0.6925,180.0554,74.0997,1066.482,473.6011,413.4349,55.7479,14.8892,339.6814,1787.0499,1.0388,67.867,19.7368,1331.7175,1274.5845,147.5069,2192.867,932.8255,2197.7147,595.2216,3159.2798,2391.9668,470.2216,21.1219,1346.6066,144.8269,5705.6787,320.9834,8.3102,2144.3906,935.5956,2.4238,0.6925,0,562.6731,168.6288,661.7036,1456.3712,5191.482,4183.518,1214.6814,368.0748,1591.4127,1925.554,1758.3102,1466.0665,38.7812,2854.5706,2717.4515,5943.2133,435.5956,1777.3546,38.4349,1217.4515,764.9723,755.5402,4559.5568,342.1053,1122.9224,1559.2105,463.9889,167.59,120.8449,2220.5679,3907.2022,235.1108,5346.6066,484.4183,3271.8144,1346.9391,650.9695,12.4654,3.1163,232.687,652.7008,1616.3435,543.6288,3110.4571,1144.0443,2052.6316,864.2659,981.6482,170.3601,93.7881,12368.7673,420.3601,462.4169,1568.2133,4835.1801,2339.6814,20.7756,917.9363,472.2992,1002.7701,1117.3823,5.1939,9910.3186,384.349,100.4155,1398.5457,81.7175,1105.2632,4809.903,111.1496,13.1579,1177.6316,47.0914,5424.5152,7270.7756,1836.2188,1540.0485,3420.0139,531.856,279.4321,5671.7452,497.5762,2738.9197,5473.6842,1368.0748,474.723,1377.4238,7.6177,7350.7618,2656.856,1939.4044,0.6925,200.831,84.4875,51.9391,345.5679,3094.8753,22.1607,2207.41,93.4903,1582.41,30.8172,5.8864,3319.2521,10807.8255,219.8753,303.4072,100.0693,21.8144,1777.3546,0.6925,338.2964,1942.1745,1877.0776,1014.5429,2088.9889,2572.0222,15300.9003,70.2909,238.2271,2.4238,1217.4515,0,0.3463,66.1357,697.0222,11.4266,0.3463,22680.7479,0.3463,63.3657,0,11526.662,6.9252,739.7161,525.277,182.8255,2.0776,1707.3476,219.5291
TCGA-G2-A2EK-01,2.3,971.5249,3082.4279,1.4987,158.4863,681.5287,49.0821,2705.8824,2474.7096,972.6489,1547.396,708.5051,1258.1491,172.3492,929.187,193.3308,221.0566,157.3623,1624.9532,823.1547,769.2019,15626.8265,70.813,1823.1547,1502.0607,2338.329,7309.4455,1340.577,544.024,1435.3616,2722.3679,14773.698,146.8715,306.1072,1897.7145,9749.719,14.9869,1.8734,8515.5489,458.2241,19837.3923,13.4882,759.8351,10753.4657,2830.6482,3807.4185,365.3054,324.4661,2195.2042,404.2713,542.5253,2520.6407,944.9232,915.8898,974.5223,1303.1098,1031.8471,2252.1544,557.5122,15.7362,696.8902,988.7598,1481.8284,2178.7186,1064.4436,4836.9764,2031.0978,2273.8854,6572.1244,1121.3938,88.048,1905.2079,316.3769,349.1945,2067.0663,6711.5024,153.6156,348.4451,1234.5448,1698.0142,1994.0052,606.5942,807.7932,1872.2368,3897.7145,923.9416,955.8973,2958.4114,1623.8291,350.3185,78.3065,1080.5545,2319.5954,1031.4725,692.3942,222.1806,3058.0742,832.8962,2008.2428,1320.7194,0,2554.1401,801.4238,16.8602,3192.2068,1615.5864,28.4751,81.6785,17000,411.39,1222.1806,8584.556,582.9899,865.8674,145.7475,5.6201,369.8014,201.9483,1103.0348,1763.9565,520.4196,1454.852,230.0487,274.6347,164.4811,121.0191,1525.2904,581.4912,43.462,6259.2731,1.124,132.2593,53.5781,2087.6733,173.5069,120.6444,534.2825,32.2218,556.7628,1652.3042,22.4803,180.2173,65.5676,1443.6118,1713.0011,245.0356,2322.2181,1700.2623,1721.6186,817.16,2493.0686,77811.5399,1876.3582,186.2121,1337.5796,184.3612,763.2072,4188.8348,41.5886,1244.6609,591.2327,1.124,61.4462,17.2349,330.0862,11.2402,1122.8925,1252.529,4358.1866,5348.4376,1939.6778,582.6152,1862.1206,1261.5212,1905.9573,2610.7156,7.4934,2450.7306,6776.3207,4065.193,500.1873,838.5163,352.5665,2351.4425,2004.0052,1904.0839,3597.9768,340.577,1354.4399,268.6399,138.6287,897.7145,542.1506,2495.6913,9087.6733,267.8906,332.3342,97.7894,2472.8363,791.6823,454.1027,228.55,6.7441,175.7212,150.9929,1483.7018,172.3492,1276.8827,465.7175,1616.3357,448.8572,1032.9712,790.9329,24.0502,6182.84,563.1323,533.0423,3064.8183,1383.6643,1562.7576,11.6148,908.9547,564.2563,337.5796,707.7557,2753.091,4803.6718,124.0165,83.5519,1373.9228,162.233,779.3181,510.6782,5988.7598,5.9948,1753.091,11.6148,3002.9974,1910.4534,871.4874,1474.7583,893.5931,371.3001,231.5474,5668.0405,362.6827,1843.0124,1962.9075,490.8205,162.9824,1300.8617,38.5912,5583.7392,5383.6643,1560.8842,5.9948,203.0723,100.0375,183.5894,61.0716,1192.2068,89.172,2108.2803,19.483,16576.6205,181.3413,2.9974,25083.1772,7098.1641,330.4608,350.2885,35.5939,68.1903,951.2926,1.4987,395.2791,1439.1158,4758.3365,1187.7108,3014.9869,2058.8235,12771.0753,86.9239,397.5272,2.6227,1225.5526,54.3275,4.8707,272.3867,4105.6575,17.2349,29.9738,13021.3563,1559.7602,274.6347,0,8615.961,8.6175,752.0832,283.6268,725.3653,82.0532,389.659,352.1918
TCGA-G2-A2EO-01,25.2,854.9863,3730.2266,0.9788,65.5799,260.3622,34.2582,1508.3388,770.3197,360.6897,1241.6144,950.4198,1326.281,254.4894,356.2851,286.7899,522.682,46.0038,527.576,212.4007,582.3891,9405.8285,2373.1132,1179.9497,1122.2002,1287.6182,6404.8118,1315.0248,741.4449,116.4778,1053.1944,2759.2519,887.7763,182.5472,792.3428,12480.2557,2.447,5.3834,9174.3411,120.393,29529.574,6.3622,1437.8648,7016.5651,4889.6214,3291.7219,166.3969,453.1868,1324.3234,215.3371,43.0674,610.6521,1049.7686,1704.6969,143.8844,495.2754,1055.152,681.7378,756.127,5.3834,599.0288,1026.2772,1351.2406,891.6915,612.7321,2683.3944,615.6685,878.4777,18082.4472,1204.9092,0.9788,1159.3948,691.981,222.1888,1622.3696,10756.5797,993.4873,93.9653,2509.1671,1431.5026,484.0192,4.4046,230.998,1550.4274,4684.0723,1671.3099,882.3929,4761.3979,4007.7179,292.6628,152.2042,644.5432,1854.8358,1351.73,548.6203,997.8919,1472.6124,248.1271,2531.6796,798.705,0,2285.0207,317.6223,20.0655,1953.6952,1309.152,70.9634,113.052,26681.2509,246.6589,1435.4178,3548.4821,1771.148,923.0133,392.9903,21.0443,430.1849,97.8805,714.0384,6277.0777,163.9499,2303.618,265.2562,871.626,813.8765,72.4316,1384.52,1549.938,49.9191,2294.8088,147.7996,80.262,47.9615,1748.1461,667.6479,147.3102,545.6839,70.474,284.8323,1089.8996,9.2986,182.5472,88.0925,9245.3045,986.1462,253.9999,2208.1845,585.3255,3771.3364,492.8284,1411.9265,1269.9997,312.7283,488.9132,748.2966,359.9605,847.6453,340.6242,13.2139,2166.0959,638.181,3.4258,3.9152,0.9788,377.3294,64.1117,3394.4964,2301.6604,5094.6811,8994.7304,2584.5351,577.4951,4107.0666,2031.5102,1654.1808,1526.9361,523.1714,844.7089,2392.1999,2733.8029,378.7976,582.8785,433.6107,877.0095,1104.3859,966.5701,2976.0572,257.4258,1441.2907,710.6126,873.5836,683.6954,218.2736,1054.6626,6383.2781,147.7996,316.6435,463.4643,1472.123,542.7475,449.761,284.8323,11.7457,123.3295,222.1888,2176.8628,1054.1732,1006.2117,4194.1803,447.314,288.2581,484.5086,179.6108,31.5028,6607.9139,329.8574,473.7955,2681.4368,5170.0491,2446.5236,125.2871,387.6069,700.8245,1392.8398,918.6087,2407.8608,9497.8362,247.1483,189.3988,2180.2886,39.1522,401.7995,428.2273,2894.327,10.7669,891.6915,0,2272.2963,3191.3943,1670.8205,583.8035,2440.1614,520.235,381.2446,7226.5188,326.9209,2584.0457,4146.2188,539.8111,772.7667,815.3447,136.0539,2848.3231,3225.1631,828.0692,8.8092,920.0769,142.4994,66.5588,557.4296,1126.1154,69.0058,7878.403,68.5164,14407.0337,18.1079,24.9595,43331.2167,7014.6074,208.9749,435.3089,72.4316,133.6069,577.9845,0.4894,764.4469,1012.574,1039.9805,1060.046,863.3062,1136.8822,8511.2006,50.8979,136.5433,0,608.8168,3.9152,8.8092,161.5029,495.7648,147.7996,5.8728,4251.4404,0.9788,95.4335,2.7945,2647.1787,234.9132,457.5914,517.7879,263.788,80.262,517.2985,278.9595
TCGA-G2-A2ES-01,13.4,1141.1163,3603.7418,0,161.3057,504.8757,0.7485,1799.064,936.0223,246.2626,863.0417,1213.7226,1168.063,56.1389,644.8486,103.2955,635.1179,136.2303,69.238,422.5386,1142.2391,7072.7504,903.4617,529.5768,1090.2171,1475.704,6397.5755,1687.909,160.1829,1000.7579,2135.523,2426.3224,736.1678,372.7622,422.5386,2816.6747,0.3743,2.6198,24.3268,442.7486,15359.2084,20.5843,1107.0587,4670.0063,1659.8396,3093.6266,400.0831,202.8485,2030.3562,364.1542,54.2676,1479.7535,1161.7006,2308.4495,473.0636,557.6462,796.0493,3763.5505,444.2457,1.8713,775.0908,1464.8505,1363.8005,1093.9596,1167.3144,5696.9361,1979.8312,2026.9878,16010.4343,1734.3171,0.3743,541.9273,227.5646,344.6927,412.0594,6011.7255,1193.5126,206.5911,1557.2925,2597.7331,982.4304,7.8594,7.1109,815.8851,5815.988,1974.5915,1217.3791,4254.5786,2095.4773,56.1389,151.9492,769.1027,2067.0336,1339.8479,702.1103,1250.0257,1665.4534,525.0857,3121.3217,788.5641,0.7485,2184.551,1072.2526,120.8857,1457.3653,1663.9564,140.3472,55.0161,21992.9677,769.1027,1540.0766,18461.136,360.0374,761.9917,273.5835,121.6342,31.812,16.4674,1357.4381,3511.6741,2504.1683,1041.1891,133.2363,612.6623,846.2001,100.3015,1400.8522,791.9325,48.6537,2285.6009,0.3743,160.5572,17.2159,994.4067,732.1633,214.4505,484.2914,294.1677,440.5031,1567.3975,10.105,111.5292,57.6359,2464.4968,1311.03,392.2236,1708.119,908.3271,3167.7299,713.7123,4213.7843,2739.5773,260.1101,107.0381,1550.9301,239.5596,2864.9542,196.8603,7.1109,2211.8719,1365.2976,8.608,59.133,0.3743,624.2643,78.2202,2693.5435,1538.2053,4446.5736,5730.2826,3414.3667,614.1593,3192.0567,2803.5757,2294.2089,1725.3349,22.8298,2366.4409,2778.126,5039.4001,281.8172,1513.8785,77.4717,514.6064,912.9492,1049.4228,5222.0386,148.2066,1210.7285,831.6039,1506.7675,537.8105,248.5081,6268.4674,2760.1616,154.569,2274.3732,249.2566,3424.8459,1226.4437,284.0627,97.6817,14.9704,172.5335,409.4396,2115.313,899.3449,1048.6743,1532.2172,1241.0435,386.2355,622.7673,179.2702,74.9454,23653.5557,319.9916,431.3674,1796.4442,2759.0388,3277.0136,33.3091,1310.2815,549.0382,1118.2865,1143.7361,20.9585,12948.9941,474.5607,77.8459,1469.3416,126.4996,865.2873,911.6954,45.6596,37.4259,851.8139,50.8618,2681.1929,12467.6968,1410.2087,774.5706,1034.4524,822.2475,324.1085,6066.7416,474.9349,1668.8218,6095.9339,2138.5171,557.2719,798.2949,83.0855,4904.6668,3611.227,1273.2298,0.7485,268.7181,112.652,80.0915,303.15,3015.4064,82.7113,5670.0269,89.4479,855.9308,7.8594,15.7189,26123.6665,9625.1981,473.0636,309.9278,13.8476,124.6283,2162.0954,4.4911,647.0942,1180.7878,988.0443,882.5032,2337.623,2586.5053,6804.0323,246.2626,351.0551,0,1079.7378,0,1.8713,131.7392,544.5471,20.5843,0,9860.9814,0.3743,72.6063,0,8096.7235,4.8654,392.5979,459.9646,429.2753,133.9848,1523.8113,374.2592
TCGA-G2-A3IB-01,3.333333333,1311.649,4525.3404,0,199.6974,268.9107,0,2628.9713,686.4599,282.1483,728.0635,1497.7307,1576.7776,24.584,619.5159,138.0484,681.9213,168.3056,1130.4841,445.1589,911.1195,10713.6914,3.0257,3354.3873,1276.0968,2100.2269,4399.7617,1767.0197,279.1225,1683.7859,2413.767,2565.053,419.8185,252.2693,802.1936,2014.3722,0,4.5386,661.4977,230.3328,19355.1437,11.7247,1509.0772,6112.3298,3423.2224,3244.3268,144.8563,76.3994,2962.5567,445.1589,4.5386,1909.028,1397.882,2134.2587,571.4826,773.0711,1650.1513,1636.5356,381.997,13.9939,670.5749,1364.2209,1471.2557,1271.18,1110.0605,4099.8487,1574.8865,3413.767,6587.7458,2515.885,0.3782,753.0257,148.3812,368.7595,518.1543,7168.6838,2086.233,170.1967,1690.6203,2767.0197,1969.7428,26.8533,224.6596,990.5446,5663.0106,1884.2663,1265.851,4725.7943,2004.9168,1250,316.944,735.6278,1981.0893,782.1483,390.6959,2103.2526,1128.2148,717.8517,2962.1785,370.6505,0,2448.1846,220.8775,88.5023,1613.0862,2989.41,149.7731,12.1029,23096.823,348.7141,1406.5809,12529.1679,64.6747,862.3298,259.8336,16.2632,99.4705,0.7564,1260.9682,2356.6566,2902.7988,920.5749,152.7988,483.3585,169.4402,15.885,1353.2526,101.7398,5.6732,3031.3918,1.1346,217.8517,2.2693,1057.8669,581.267,296.5204,49.5461,91.9062,736.7625,1946.6717,0.7564,22.3147,4.1604,7190.9985,1425.8699,61.649,3282.1483,523.0711,1812.4054,1356.2784,3740.9228,1187.9728,440.6203,17.0197,1830.1815,237.1369,4237.8971,649.0166,3.7821,1392.587,1001.5129,0.7564,5890.3177,0,504.5386,22.3147,274.584,5277.6097,2920.1967,3786.3048,1506.0514,469.3646,4279.879,1852.4962,2476.1725,1102.4962,1551.059,2876.702,2321.8608,5378.593,380.1059,2657.7156,20.8018,727.6853,472.5719,1784.0393,4677.761,26.8533,1126.3238,966.3389,1088.5023,478.0635,276.0968,3576.3994,5373.6762,245.4614,2856.6566,228.4418,2971.6339,535.5522,278.7443,5.295,1.5129,218.23,184.1906,1517.0197,269.6672,886.9138,578.2905,2157.3374,463.6914,413.3888,410.3631,34.5121,8916.0363,226.9289,166.5847,621.0287,2607.0348,3291.9818,5.6732,238.6536,504.1604,1017.3979,1240.5446,27.9879,7534.0393,591.528,89.6369,1788.5779,241.3011,1038.1997,1508.6989,97.9576,111.5734,1063.5401,466.6074,2901.6641,5368.003,1823.3737,1741.2065,905.8245,761.3464,125.1891,5812.0272,340.7716,1546.5204,5872.5416,1035.174,2996.2179,614.9773,27.6097,11684.1906,2428.5174,1554.4629,0.3782,314.6747,164.1452,114.3759,253.0257,5032.5265,8.6989,6333.9637,130.1059,1294.2511,7.1861,6.8079,3180.0303,6450.4539,144.4781,219.4327,1.1346,20.4236,270.4236,3.4039,1066.944,1526.475,1239.41,533.6611,2177.0045,2641.8306,21880.4841,107.0348,686.8381,0,558.2451,0.3782,0.7564,293.4947,312.4054,12.4811,0,2627.8366,0.7564,343.4191,0,9300.3026,6.0514,1020.0756,571.8608,77.534,8.3207,1817.6929,697.0499
TCGA-G2-A3IE-01,11.63333333,1587.0428,7912.7369,0.4407,285.5884,261.7893,5.7294,3681.7981,1072.2785,452.1816,1173.6448,977.0824,2863.8167,46.2759,972.2345,432.3491,124.7245,39.2243,3420.8903,792.4196,347.7303,8509.0348,18.5104,6877.0383,888.4971,1124.2838,10512.4416,1498.4575,836.9326,616.1305,1862.9352,10904.8039,248.1269,401.9392,1937.4174,14249.4491,1.3222,3.9665,23962.0978,195.2402,28508.5941,13.6624,764.2133,9838.6955,1283.8255,2950.1983,247.2455,321.2869,2914.9405,568.0917,33.9357,2562.8867,884.5306,823.9753,343.323,1150.7272,1605.1124,1541.2076,866.9017,6.6108,625.8264,543.4112,5262.2301,1630.2336,837.3733,2701.6307,833.8475,13959.4535,4417.8052,1716.1745,0.4407,1775.6721,407.2719,300.1322,745.2622,12263.5522,124.7245,258.7043,917.1441,1458.7924,775.2314,9.6959,260.9079,2774.3499,8711.3266,1211.5469,826.7959,2857.6465,5052.8867,214.1913,139.7091,423.9753,1940.0617,1571.1767,617.8933,219.0392,1701.6307,1645.6589,2270.1631,2655.7955,0,1863.8167,592.3314,6.6108,2312.4725,1431.9083,13.6624,19.3918,19918.4663,674.3059,913.1776,2023.6316,112.825,1469.8105,439.4006,11.4588,86.3817,24.2398,748.788,2793.301,84.1781,925.9586,88.1446,332.305,104.892,52.0053,1100.4848,149.405,9.2552,7054.6496,7.4923,47.5981,40.1058,3460.5553,130.1719,71.3971,80.2115,18.5104,291.7585,520.4936,1.7629,55.5311,50.6831,895.9894,1005.7294,139.7091,1607.7567,1701.6307,3635.0815,557.955,11337.5937,1226.9722,847.9506,26.0026,1406.7871,557.5143,895.5487,8906.126,104.0106,1557.5143,1591.0093,0.4407,4.4072,0,236.6681,3.9665,330.9828,3281.1811,1842.2212,4109.7356,4867.3424,768.1798,2194.7995,1576.9061,1210.6655,1951.9612,147.2014,2349.4932,10867.3424,2555.3107,1116.7915,891.1415,443.8078,5005.2887,2355.8087,1043.1908,2832.0846,39.2243,1279.4182,334.0679,190.833,191.2737,231.3795,6368.885,1311.1503,180.6963,74.9229,126.0467,10123.4024,919.3477,461.8775,54.6496,2.6443,96.5183,29.0877,667.695,145.8792,887.6157,6535.4782,2519.6122,1168.3561,85.9409,494.9317,15.584,9259.5857,378.5809,48.3032,1755.8396,3380.3438,4313.7946,8.8145,662.4063,606.8753,726.3112,1131.3354,7971.353,9847.5099,241.5161,55.5311,1949.7576,152.9308,360.0705,27.7655,11892.0229,21.1547,1253.4156,0.8814,2284.7069,5229.1758,1388.7175,1032.6752,1123.8431,157.7788,33.4949,4741.7364,208.4619,984.134,6968.268,299.2508,155.1344,180.6963,26.4434,1331.4235,1910.0926,725.8704,5.7294,120.758,96.9899,278.3341,191.2737,395.3283,32.6135,2121.1988,38.7836,10942.2653,21.5954,7.0516,9412.5165,3799.4711,452.6223,464.8876,1.3222,40.9872,404.1428,0.8814,324.8127,1134.8612,1918.4663,1150.7272,1764.2133,1691.4941,9517.8493,27.7655,224.7686,6.6108,1288.6734,27.7655,67.4306,700.3085,1773.4685,9.2552,0,10716.6152,2.6443,1460.996,0,10244.6011,57.294,839.2331,265.7558,491.8466,55.0903,587.9242,837.3733
TCGA-G2-A3VY-01,21.96666667,2531.9285,5924.6488,0.6386,481.8008,402.2989,186.7816,6156.1303,2629.6296,1075.9898,2731.4815,1777.4585,1217.1137,15.645,1552.3627,808.7484,482.7586,201.788,1163.1545,1793.1034,395.2746,20181.9923,347.7011,5484.0358,1916.3474,3049.8084,4159.9234,1643.6782,2215.5172,665.0192,2032.567,14294.6999,463.9208,280.9706,873.8825,4358.8761,0.3193,0.6386,17234.355,505.1086,33453.7037,20.7535,781.9285,15105.6833,4253.1928,3295.3384,127.7139,145.5939,3976.3729,1030.0128,11.175,4659.4349,1583.3333,2171.0217,489.4636,1193.8059,1017.5607,2272.9885,388.2503,15.9642,2081.7369,2365.2618,2417.9438,2532.567,933.2695,4355.3863,1280.3321,1592.2733,5193.1673,1715.198,0,1457.8544,80.1022,1034.802,981.1622,11997.1264,66.7305,231.8008,978.9272,1866.2197,1073.1162,1.2771,774.9042,1848.3397,6410.281,1367.4968,1112.8289,7079.8212,2015.0064,456.5773,72.4777,1032.8863,3345.4662,810.0255,594.8276,303.6398,2845.1469,2037.6756,1888.5696,1778.4163,0,4703.3844,642.0817,54.2784,1247.1264,2363.6654,143.9974,9.5785,27085.8876,459.7701,1498.7229,1051.9381,79.8212,1188.378,1981.4815,9.5785,8.3014,3.5121,1352.4904,3027.1392,36.7178,1945.7216,435.5045,337.484,27.1392,27.7778,2085.5683,1264.3678,9.2593,8216.1558,24.9042,67.6884,57.152,2154.2146,592.8097,330.1405,242.9757,29.0549,500,1138.8889,0.3193,9.2593,5.1086,715.8365,1747.1264,313.857,2651.341,1766.9221,1245.8493,641.4432,2990.4215,1827.2669,847.3819,6.0664,1970.6258,235.9738,222.8608,7899.7446,741.06,5656.7688,2602.8097,0.9579,2.235,0.6386,280.9706,0.9579,315.7727,1697.9566,2754.1507,7728.2854,3624.2018,406.7688,2500.9579,1660.281,2128.6718,1146.5517,215.5172,2609.834,6348.659,1956.258,541.507,890.8046,168.9017,926.8838,899.5562,1796.6156,6262.1328,331.4176,1561.622,616.8582,505.4278,215.5172,636.3346,2405.4917,1497.765,261.8135,640.166,356.9604,2395.5939,785.4406,434.5466,12.4521,1.5964,214.8787,15.9642,736.59,471.5837,1994.2529,643.6782,1203.7037,617.8161,109.5147,342.2733,72.864,4510.8557,898.1481,268.4579,2149.4253,1302.682,2768.8378,1.2771,747.4457,932.9502,1132.1839,1072.7969,3485.3129,5105.6833,395.2746,38.9527,1803.3206,432.3116,1204.023,1186.4623,8544.3806,0.6386,1581.4176,2.8736,6167.9438,1951.4687,1191.5709,1137.8448,943.1673,38.6335,37.037,3299.8084,378.9911,1729.2465,5138.5696,352.8097,134.7382,62.5798,74.0741,3916.986,4591.3155,1236.9093,39.5913,218.7101,207.8544,128.9911,344.189,248.4036,37.037,5221.2644,227.0115,2967.7522,17.2414,0.6386,1141.7625,5355.0447,367.8161,895.3768,1.9157,16.2835,658.3653,7.3436,662.516,1716.7944,2105.364,654.5338,1838.4419,2948.9144,7468.7101,151.9796,256.705,11.175,590.3576,4.1507,1.2771,292.4649,2485.9515,11.175,0.9579,10818.9655,0.9579,1563.5377,0,5327.9055,16.9221,606.6922,330.7791,184.8659,86.8455,621.3059,540.2299
TCGA-GC-A3BM-01,3.533333333,1051.8344,4874.0854,0.4088,508.5433,825.7697,248.1397,4251.8966,2283.1307,813.097,2427.0272,1366.1992,1526.4476,225.2471,1763.141,211.7568,524.8952,115.6895,1673.6145,391.2186,958.6287,13491.1153,1406.2613,661.8422,1959.7723,3321.066,9128.0096,1860.8435,538.7943,2482.1984,2641.6456,7126.5564,443.1358,264.4916,315.5912,11763.5396,1.6352,2.4528,4396.6107,715.3946,38657.0613,14.3079,492.1915,6624.5538,1634.37,3962.4684,541.6559,207.26,3157.1385,832.7193,50.6908,2885.3948,1007.2756,1491.0417,737.8784,2077.5058,1479.8448,1972.8538,897.718,14.3079,742.3752,1531.3532,1815.467,3895.0169,1226.7995,4848.74,1356.3881,2263.0996,11173.6457,1846.5356,6.5408,1515.4101,159.7292,320.4968,2048.0725,7667.8035,283.2963,167.1979,1213.718,3376.2536,979.0686,6.9495,90.7529,2512.4658,8859.8552,1178.5615,1119.4944,4366.7685,2287.6275,676.1501,33.9301,980.7038,3391.3791,1641.3196,636.4968,786.1164,127.1358,452.1294,2175.6171,1075.5446,51.5084,2790.4476,719.8913,104.652,2196.4657,2375.9276,137.3558,27.3894,15315.1671,800.8331,1962.2251,17450.1048,208.8952,968.4399,299.2393,25.3454,15.1255,17.1695,1928.7038,3521.7853,1815.8758,1302.4269,1281.9871,319.6792,281.2523,47.4204,1720.2174,392.0362,25.7542,5288.6055,28.207,112.8279,32.7038,1455.317,510.8612,143.0789,172.1035,47.4204,308.6417,2208.3209,2.8616,53.9612,15.1255,13545.4853,1839.1773,605.837,2365.2989,1230.4787,2310.1113,596.0259,3396.6934,1669.1177,983.1565,112.0104,1984.709,422.2668,2386.1475,2162.5356,35.5653,1979.3946,1786.0337,0.4088,4.9056,1.2264,623.8241,20.031,522.4424,2092.2225,5011.85,4467.3284,2214.044,927.969,1869.837,1363.7465,1728.3933,1302.8357,309.8681,2929.8474,7752.4244,5383.0376,439.8655,472.978,115.2807,1508.4606,1241.2832,1904.176,4208.5641,118.1423,1346.1682,629.1384,215.436,229.7439,514.2665,2611.8034,2018.6391,135.7206,1021.5835,181.097,2823.5602,1107.4308,278.3907,73.9922,73.9922,347.4774,184.3674,1118.8771,1725.9405,1273.8111,4584.6572,2295.3946,244.4605,428.0104,76.0362,28.6812,8482.1269,440.6831,404.7743,1989.2057,2610.1682,1907.0375,18.3959,790.2044,1392.771,814.3234,1202.6805,1755.7827,10161.0558,210.1216,95.6585,1930.7478,325.4023,869.1022,221.5679,6479.8397,64.5899,1927.0686,1.2264,2973.1799,4184.4451,1782.3545,1081.7052,2140.0518,596.8435,490.9651,6327.3584,665.9302,1590.2199,5674.5098,302.5097,127.5446,2.8616,89.9353,5739.9173,4875.7206,1316.326,54.7788,291.4722,199.4929,129.5886,170.8771,2140.0518,82.9858,10933.2731,92.7969,12767.9536,5.7232,3.6792,16299.55,9233.4956,690.458,505.5877,4.088,39.6533,795.9276,4.4968,443.9534,1875.1514,2930.2562,882.1837,1287.3014,2844,13053.7026,19.2135,213.392,2.4528,975.7982,20.031,0.8176,127.5446,1421.3868,107.1048,3.6792,6837.537,2.044,568.6365,0,10797.9613,43.3325,746.9087,451.3118,511.8137,275.1203,1598.6575,416.564
TCGA-GC-A3I6-01,5.666666667,1630.6615,3769.2853,0,279.1045,1021.028,3.9255,2332.9372,1842.247,1130.5461,2865.2378,661.8429,1254.204,71.0519,771.7574,135.823,966.4633,495.0082,564.0974,807.4797,727.7916,9362.3678,3022.2587,439.6584,1771.1951,2750.6126,5313.1378,1849.313,425.1339,2885.1442,2861.3123,2811.8508,689.7141,334.8469,706.5938,2116.641,0.3926,75.37,2247.3608,475.3806,25723.9397,15.7021,739.1756,3065.0469,5056.4637,3936.9051,824.3594,602.1749,3307.6441,1465.7896,233.176,2425.8386,1365.6888,1267.1935,794.1329,1538.4117,859.6891,2288.5788,969.6037,3.533,1058.713,1939.2074,1443.8067,1226.7253,911.8985,6377.3584,2882.1176,2822.0571,7576.2557,1552.5436,11.7766,1286.0007,292.0352,503.2518,1821.0492,4190.8863,430.6297,173.508,1722.5187,3004.9864,1876.0065,13.3468,291.2737,1743.7165,4917.1077,1289.1411,1143.834,2002.0158,1534.4862,193.9207,93.82,758.4107,3983.6188,874.2135,700.7055,990.0164,1958.4425,721.9033,1645.1859,680.2928,2.7479,1793.5706,906.0103,200.5941,1603.5754,1751.5675,418.8531,74.1923,16188.849,1068.1343,1551.7585,2172.4501,602.1749,1407.6919,335.6321,149.5624,15.3095,10.5989,1487.3799,3260.9304,1259.6997,1424.1791,898.5518,504.4295,786.6744,92.6423,1526.6352,246.5227,76.5477,2648.1565,0,170.7602,103.6338,1411.6174,1406.5338,379.5979,460.0711,26.301,384.7011,1550.9734,8.6361,120.1209,20.8053,7373.3063,2136.2686,213.1558,2382.0062,2110.3601,1675.4124,571.9484,3284.876,2888.3984,616.3068,441.2286,1760.2037,273.7698,3450.1405,334.4544,9.4213,2736.8733,1643.6157,1.5702,46.3211,1.1777,815.7233,36.5073,1382.9611,3350.0397,3851.3287,6568.9513,1755.493,811.4052,3178.887,1256.1667,1714.2751,2800.4667,406.2914,2915.4845,3771.2481,5285.7141,485.9795,2003.9785,147.9921,1772.3728,1014.8964,1831.6481,4389.5177,122.8688,2221.4524,1298.5624,713.2672,641.8227,353.2969,2225.7705,3199.6922,185.2846,3269.9591,638.2897,2230.0885,704.2346,632.0089,62.4158,8.6361,352.9043,431.8073,1227.903,481.6614,1485.4172,1311.124,3691.9526,481.6614,702.6683,67.1264,61.666,10288.0057,753.7,616.7386,1619.67,3001.0609,1593.7616,19.6276,991.1941,843.987,857.7264,2015.3625,566.8452,13615.6699,449.8647,135.823,1847.3502,274.3939,1081.4811,376.0649,1773.943,15.3095,1857.9491,6.6734,50895.166,11534.7512,1423.0014,1202.1437,1044.1886,92.6423,147.207,5844.3158,948.0133,1711.5272,4353.4029,1139.9713,1269.5135,1494.0533,64.3785,4848.0185,2535.8866,2308.599,2.3553,237.8866,171.9378,117.9972,393.7298,1428.1046,47.8914,3189.8784,100.8859,4448.4005,9.8138,26.6935,98291.5151,10348.8512,484.4093,459.9494,24.7308,62.4158,1991.4168,39.2552,224.1473,1323.6857,1872.4736,1271.8688,1119.1661,1395.5227,14139.3344,201.3792,331.7065,0,915.4315,3.9255,4.7106,160.1613,912.6837,29.0489,2.7479,21272.0062,8.6361,338.7725,0,15878.3403,0.7851,634.1012,680.2928,551.9283,89.8944,1305.0395,490.6901
TCGA-GC-A3OO-01,4.066666667,2330.5542,3414.4188,2.4522,121.6282,539.4801,54.4385,3228.053,1744.4826,599.8038,1102.0108,692.0059,1845.0221,257.9696,594.409,119.6665,556.6454,258.9505,1250.1226,726.3364,856.7925,12020.5983,1754.2913,555.1741,2097.1064,1984.306,9471.28,1972.0451,222.1677,587.0525,2698.3816,10366.8465,464.4434,244.7278,943.1094,1326.6307,1.4713,1.4713,2827.8568,698.3816,32361.4517,18.1462,782.7366,8594.8995,3612.0647,4448.7494,255.027,177.538,2097.5969,542.9132,140.7553,1577.6263,1685.6302,944.8995,541.9323,781.7558,1061.795,2679.2545,1089.2594,18.6366,831.2898,1372.7317,3523.7862,2054.9289,951.4468,3122.0402,856.7925,2951.9372,4783.7175,1691.5154,10.7896,2573.8107,410.5934,496.8122,1214.3207,6210.3973,184.4041,277.5871,1606.6699,2688.0824,327.6116,19.127,830.309,2479.1564,5134.3796,2190.2894,1609.6126,4005.3948,1957.332,187.3467,76.0177,1212.8494,1598.3325,920.5493,492.3982,764.1,1937.7146,665.0319,1998.5287,1125.0613,5.8852,2199.6077,717.0181,137.3222,2304.5611,1669.4458,159.3919,80.922,20453.5017,469.3477,1434.5267,2237.9304,820.0098,1506.6209,183.9137,16.6748,89.7499,51.9863,1185.385,2334.4777,578.7151,2293.7715,1536.0471,300.1471,612.0647,193.7224,1485.0417,361.9421,193.7224,6553.2124,1.9617,247.18,477.1947,3298.6758,670.8583,373.2222,1183.4232,5.3948,579.2055,1397.744,131.9274,71.6037,21.5792,3599.3134,1716.0373,532.614,2279.5488,1667.9745,2521.334,537.028,2247.18,1563.5115,591.4664,544.3845,1942.1285,274.5169,914.6641,1470.3286,9.3183,1758.7052,1383.0309,8.3374,96.616,9.3183,437.9598,33.3497,2568.9063,2709.1712,4258.9505,4530.6523,3507.1113,1097.5969,6488.9652,1464.9338,2112.8004,1768.514,21.0888,2928.8867,4468.3668,5935.7528,623.3448,1354.0951,215.3016,3687.592,956.5915,1289.3575,2961.2555,444.3355,1115.743,509.5635,435.0172,959.2938,288.3767,2483.0799,3557.6263,369.2987,2070.1324,376.1648,2027.4644,1176.5571,462.4816,160.8632,113.7813,203.0407,186.3659,1424.2276,610.103,1525.2575,614.5169,1692.4963,390.8779,453.1633,231.486,102.1972,6740.0687,378.1265,387.2143,1283.9627,1923.9823,3282.001,6.8661,989.2104,430.6032,726.8269,1038.254,1948.0137,7912.2119,247.6704,68.1707,1403.1388,98.5777,1627.7587,1734.6739,1964.1981,5.3948,1381.5596,0,4522.8053,3835.2133,1156.4492,1591.5792,1367.3369,680.7258,239.8234,6179.0093,520.3531,1722.4129,5084.3551,1262.874,651.7901,1609.6126,470.819,5062.7759,3655.7136,2564.4924,41.1967,293.281,102.9917,167.7293,280.5297,1800.3923,237.8617,2038.7445,33.3497,4691.025,70.1324,0,20023.0505,10235.4095,377.1457,402.3296,20.1079,55.9098,1274.6444,0,442.3737,1459.0486,2090.2403,1239.8234,2729.7695,2145.1692,19474.2521,307.5037,272.6827,1.9617,982.8347,2.4522,2.4522,96.616,2729.7695,37.2732,132.9083,13437.9598,0,447.7685,0.4904,9610.103,6.3757,684.1589,487.4939,617.4595,294.2619,583.6194,377.6361
TCGA-GC-A3RB-01,5.033333333,2598.0667,2953.8703,0,670.5179,554.5545,270.2769,3599.4302,2084.6015,575.2514,1669.7509,1662.1418,1204.3756,102.2669,1369.6462,225.8394,794.6992,247.4494,7383.6105,746.6094,724.3907,11565.5969,2166.4759,635.8202,1005.6247,1794.2365,6052.6005,1278.9452,1107.5872,54902.536,2721.3348,7029.3287,629.7329,203.6207,795.9166,154.9222,0.3044,14.3052,9352.2487,535.0751,23749.0565,11.2615,1365.3851,6449.5118,4188.0737,3089.9218,137.269,101.9626,4274.818,703.0851,563.9899,1833.7128,1126.4579,1301.0604,673.8659,1843.2394,1210.7672,1835.0215,402.3716,8.2179,1371.4724,1805.8024,1765.3218,1762.2781,883.2696,2941.6135,1712.0578,3226.2777,10761.7668,2017.0323,1.5218,1151.4159,721.974,717.0859,1139.85,7866.0303,201.4902,318.3667,1231.1598,13322.0921,654.9953,101.3538,26.1755,1560.7879,6657.698,1742.19,1618.4196,5913.5236,2761.5111,1172.4172,16.7401,727.4343,2773.3814,1380.9077,753.001,345.4552,440.7217,598.9919,2679.6367,2631.2425,145.1825,2589.5444,607.2098,87.0486,1624.7048,2007.9013,105.0062,27.0886,35768.4628,577.382,1577.2237,3196.7268,105.9193,647.3861,2627.2858,9.4353,24.3493,9.7397,1388.2125,3363.5467,829.3969,1426.867,501.2905,662.6044,328.7151,13.0877,1784.4968,184.1413,14.0008,3414.6802,10.3484,39.5676,14.3052,2201.478,894.7442,422.4598,547.2498,380.1529,484.8548,2107.429,3.9568,43.8287,15.5227,1215.6371,2070.6007,180.1846,2416.969,1487.1314,2115.9512,498.2469,2820.2537,1222.0288,567.3379,30.1322,1707.4923,578.7151,4840.3297,1858.4577,703.6938,1253.3785,1069.5415,0.6087,62.395,0.3044,460.5055,14.0008,318.3667,2060.2523,3129.4894,11452.9816,2572.4999,628.2111,3349.8503,1752.8428,1550.7439,1460.0429,205.1426,2601.1103,4544.4861,4217.9016,990.7108,1144.7199,92.2228,880.226,725.8181,862.2684,5814.6047,43.8287,1186.7223,1493.5231,1014.7557,180.4889,925.2721,2559.4122,1647.2278,230.1006,449.8527,572.2077,2213.3483,1545.2653,561.2506,45.6549,19.175,173.7929,61.7863,1255.509,479.3762,1280.7714,1415.9098,1589.094,266.3201,269.3638,395.6756,7.6091,14363.3276,642.5163,379.2094,2388.9673,1645.0973,4913.9862,14.9139,769.4368,835.7886,894.2268,1424.7364,4229.7718,7136.4655,579.5125,58.7426,2585.5877,260.8415,628.2111,826.0488,7022.3283,23.4362,1232.6816,11.2615,2504.0176,1422.6059,1082.9336,1244.8867,1455.173,1500.5235,561.2506,7461.5282,768.8281,1818.5858,4262.339,808.3956,405.4153,210.9255,1187.0267,3925.406,7861.7692,3181.536,5.4786,356.7167,163.1401,136.0515,505.2473,618.7757,18.2619,3603.0826,91.9185,3595.1691,2.1306,5.783,7107.2463,7574.1435,308.9313,512.8534,10.6528,23.1318,1507.81,1.8262,756.0447,1160.2425,2480.8858,710.9986,2523.497,6195.6707,5463.3665,14.6096,212.7517,0.6087,679.6489,1.2175,0.6087,286.4082,2836.0807,39.5676,0,6129.319,9.4353,325.0627,0,4488.7872,5.1742,672.0397,414.8506,119.6158,76.0915,363.6989,891.7919
TCGA-GC-A3RC-01,10.23333333,2517.3383,5456.8885,15.9325,154.1706,492.5023,0.4686,2366.9166,2854.7329,379.5689,1773.6645,830.3655,2408.6223,161.1996,634.4892,121.3683,484.5361,211.3402,715.5576,1661.6682,399.2502,7735.7076,4505.6232,860.8247,3079.6626,1429.7095,9058.552,2716.4948,364.105,3404.8594,1803.6551,3514.9953,1210.8716,261.9494,400.1874,487.8163,4.2174,71.2277,115.7451,752.1087,15245.0797,11.7151,3310.6842,1475.164,2766.1668,2763.8238,511.7151,216.4948,3971.8838,1212.746,28.1162,1614.9719,925.0234,1712.1556,1380.9747,794.7516,1610.1218,3586.6917,738.9878,8.9035,1279.7563,2363.6364,2787.254,1470.0094,711.8088,3475.0469,5277.4133,2451.2652,5038.8941,2810.2156,4.686,1906.2793,72.7554,642.9241,413.3083,8277.4133,820.9934,160.731,1622.7741,1830.8341,367.8538,26.2418,718.8379,2096.5323,4767.5726,1189.7844,1336.0122,4968.6036,1276.9447,22.0244,70.2905,802.7179,2521.0872,1511.2465,822.8679,933.9269,862.2306,613.4021,1557.1696,781.1621,1.4058,3189.7844,362.2306,142.4555,825.6795,2805.9981,159.3252,89.9719,38373.477,679.9438,1059.044,773.6645,353.3271,1100.2812,522.0244,119.0253,56.701,37.0197,1983.1303,4237.582,3175.7263,1226.8041,1040.2999,203.3739,1572.6336,89.5033,1358.0131,483.5989,38.4255,1647.6101,1.4058,392.6898,36.0825,1627.4602,557.5867,470.478,186.5042,9.8407,881.4433,1126.523,3.2802,216.9634,85.2858,10459.7001,2708.9972,357.5445,2318.6504,1764.2924,2795.6888,751.1715,2325.2109,1703.3739,239.4564,95.1265,2183.6926,126.9634,3522.9616,864.105,1.8744,3917.9944,1511.2465,0.9372,8.4349,0,467.1978,117.6195,1374.8828,3015.9325,4003.2802,3894.5642,2409.5595,936.2699,2361.2933,1192.1275,1046.3918,1873.477,133.552,2499.5314,3364.105,5895.97,600.7498,1684.1612,164.9485,955.0141,558.3833,732.4274,4422.2118,485.4733,1664.0112,1205.717,708.9972,2430.6467,383.3177,1324.7423,4104.9672,347.2352,7128.866,619.0253,2106.8416,1727.268,405.3421,23.4302,21.5558,227.7413,256.3261,812.09,741.3308,944.2362,667.2915,5054.358,454.5455,84.8172,705.2484,30.1125,8573.1022,624.1799,348.6457,920.3374,1692.1275,1836.926,66.0731,514.9953,779.7563,1518.2755,987.8163,13.5895,8131.209,208.5286,73.1022,1529.522,104.4986,707.5914,912.3711,171.9775,5.1546,1424.5548,38.3411,4058.1068,18318.6504,678.0694,2001.3261,627.4602,332.2399,141.5183,5082.9428,885.6607,2744.1425,3392.6898,580.5998,5149.4845,101.2184,29.522,9552.9522,2516.8697,1054.8266,4.686,214.6204,223.5239,40.7685,349.5783,2947.985,64.6673,1231.4902,80.5998,1100.2812,12.6523,12.6523,42291.94,4998.5942,485.0047,472.9335,0.9372,247.4227,1719.7751,17.3383,1083.88,2117.1509,905.3421,1502.8116,3668.2287,3820.0562,10720.7123,33.7395,385.1921,1.4058,726.3355,0.9372,8.9035,140.1125,632.1462,101.687,0,10545.4545,0,155.1078,0,11480.3187,2.343,492.5023,510.7779,424.0862,16.4011,1576.8322,778.3505
TCGA-GC-A3RD-01,2.6,1237.3541,3357.0039,3.8911,344.8444,592.8988,9.2412,4628.4047,1731.0311,501.4591,1970.3307,1260.214,1752.9183,32.1012,1278.2101,294.7471,454.2802,349.7082,3247.5681,1071.9844,721.3035,11820.5253,30.642,2942.1206,1802.5292,1960.1167,6233.4484,1648.8327,1291.3424,936.7607,2619.6498,13485.4086,260.7004,497.5681,1908.5603,1854.0856,0.4864,2.4319,18163.9105,418.7743,21761.1868,5.3502,680.9339,6280.642,2986.8677,3825.8755,71.9844,278.6965,3435.7977,829.7665,713.035,2506.8045,1111.8677,1375.9533,523.3463,1845.3307,1618.1907,701.8482,464.9805,9.2412,1005.3502,1589.9805,3887.6459,1956.2257,1449.4163,2540.3453,804.4747,1051.07,6960.1167,968.3852,2.9183,1559.3385,113.6235,410.5058,520.428,7235.8949,219.8444,116.2451,809.3385,1994.6498,1149.3191,9.2412,443.5798,2160.0195,4822.4708,1151.2646,792.8016,4352.6265,2145.9144,162.4514,97.7626,791.8288,3736.3813,1278.2101,690.6615,753.8911,2292.3152,510.7004,3533.5603,1007.2957,9.2412,4352.6265,1287.4514,52.5292,2549.6109,2066.6342,97.7626,27.7237,23163.4241,531.6148,874.5136,3745.1411,121.1089,1744.6498,584.6304,2.4319,3.4047,7.2957,1600.1946,3301.5564,250.9728,892.9961,186.7704,526.2646,253.8911,106.0311,1058.3658,226.1673,36.4786,4123.5409,2.9183,71.9844,14.5914,3564.6887,321.3862,122.5681,226.1673,154.6693,388.6187,1702.3346,5.3502,31.6148,9.2412,11597.2763,1945.5253,197.9572,2038.9105,1488.8132,2338.5214,699.4163,2341.9261,28714.9805,543.7743,44.7471,2354.0856,300.0875,930.9339,14664.8833,1887.1595,1644.4553,1891.0506,2.9183,5.3502,0.9728,530.1556,14.5914,538.4241,6899.3191,3654.6693,6084.6304,2727.6265,905.642,2003.4047,1870.6226,1905.1556,964.9805,10.214,2602.1401,5507.7821,3732.0039,794.7471,351.6537,39.8833,1078.7938,1657.6313,1585.6031,4121.5953,102.1401,1482.4903,661.965,451.3619,173.1518,450.8755,3004.3774,2953.7938,277.7237,1275.2918,285.5058,2408.5603,988.8132,525.2918,21.4008,3.8911,237.3541,83.6576,853.1128,490.7588,1859.9222,1255.8366,1634.7276,943.5798,91.4397,71.0117,36.6488,5451.3619,323.93,322.6556,2384.2412,2790.3696,1572.9572,2.9183,1230.5447,1156.6148,761.1868,791.3424,5501.4591,18170.2335,268.4825,49.1245,1863.3268,410.5058,1044.2607,18.4825,5448.93,0,1199.4163,7.2957,2903.6965,3297.6654,596.7899,1750.428,2170.7198,338.5214,93.3852,7113.8132,353.5992,1436.284,2246.5953,404.6693,121.5953,110.8949,28.6965,3107.4903,4303.9883,1676.5564,12.1595,258.7549,165.3696,173.3366,481.5175,3200.8755,75.3891,2264.5914,70.5253,7034.5331,9.7276,1.4591,6975.1946,5850.1946,413.9105,423.4776,14.5914,35.0195,564.6887,4.8638,247.0817,1112.8405,3801.07,1095.3307,1478.5992,2750,7785.5058,19.4553,259.2412,12.6459,1184.8249,1.4591,0.9728,217.4125,3137.1595,78.7938,0,8195.5253,0,429.9611,0.4864,10248.0545,46.2062,796.7315,234.9222,612.3541,39.8833,7229.572,629.8638
TCGA-GC-A3WC-01,4.5,2651.4139,4359.383,0,695.6298,789.7172,3.599,2993.8303,1665.8098,1322.365,1670.9512,933.6761,1305.3985,518.7661,1082.2622,124.4216,773.2648,487.4036,380.4627,1450.3856,1126.4781,3406.6838,1389.7172,930.0771,1658.0977,2600,6129.0026,1729.563,383.5476,2458.5913,2381.491,1390.7455,496.144,244.2159,771.2082,16883.8046,25.7069,0,56.5553,459.6401,7870.9512,15.4242,1331.6195,5283.2905,1762.982,3258.0977,1076.0925,587.1465,3312.5964,831.8766,147.5578,2633.9537,1560.9254,1212.0977,1434.9614,1242.6735,1224.6787,530.0771,516.7095,9.2545,1051.4139,2329.0488,1037.5321,2329.563,983.5476,4782.8072,4506.4267,3099.7429,9828.2776,1312.0823,42.6735,913.6247,244.3033,632.3907,1347.5578,5103.856,982.5193,848.8432,900.7712,2557.3265,1896.6581,4.6272,559.8972,1306.9409,6348.5861,2083.8046,1401.5064,3268.8946,1556.2982,87.9177,125.964,1340.874,2388.1748,1145.5013,579.9486,1870.437,1824.6787,1438.0463,1494.6015,592.2879,6.1697,2396.401,1822.108,78.6632,3945.5013,2038.5604,172.7506,257.5835,15328.5347,713.6247,1402.0566,2533.3316,629.8201,1801.0283,153.7275,482.7763,607.7121,228.7918,1396.401,3086.8895,1852.4422,967.0951,392.8021,351.671,1691.0026,187.6607,1865.8098,1528.5347,77.635,1251.4139,47.3008,129.0488,401.0283,1242.6735,616.108,480.7198,601.5424,31.8766,990.7455,2004.1131,34.9614,559.383,195.8869,7788.6889,1585.09,243.7018,4856.0411,1879.1774,1998.4576,765.5527,2378.4062,1612.8535,1640.617,179.4344,2029.8201,310.7095,5335.7326,393.3162,1.0283,3019.5373,892.0308,7.1979,2917.2237,17.4807,630.3342,158.3548,1224.6787,1477.1208,4065.8098,5618.4936,1353.7275,461.6967,2228.2776,1900.2571,2846.7866,3294.6015,3149.6144,2762.982,1767.0951,5813.8817,409.7686,3649.3573,560.9254,1275.0643,1304.2776,1649.3573,5942.4165,334.1902,1583.5476,619.0231,613.8817,951.1568,154.2416,1112.5964,4241.1311,225.1928,1000,341.9023,2319.7943,1168.1234,498.7147,87.9177,928.5347,337.7892,378.4062,2103.3419,349.6144,1576.3496,948.5861,811.8252,593.8303,138.3033,372.7506,21.6401,11510.5398,621.0797,444.9306,1593.8303,2434.4473,1078.6632,193.3162,1271.4653,557.3265,932.6478,1287.4036,61.6967,4834.4473,325.964,87.9177,1671.4653,141.3882,920.3085,399.4859,134.1902,57.5835,862.2108,0.5141,1397.9434,2654.4987,986.1183,1673.1362,752.1851,341.9023,465.2956,6298.7147,593.3162,2403.599,3930.5913,2810.7969,1302.8278,69.9229,243.1877,6136.2468,8140.874,1049.8715,132.6478,276.0925,235.9897,170.1799,328.5347,5610.7969,145.5013,1814.91,170.6941,4373.7789,321.3368,13.3676,84625.1928,8422.6221,489.4602,656.0206,20.5656,328.0206,1050.3856,3.0848,433.9332,1838.5604,1671.4653,801.5424,2777.3779,521.8509,5677.635,237.018,519.2802,0.5141,879.1774,9.2545,7.7121,229.8201,990.7455,90.4884,19.0231,2174.8072,1.5424,484.8329,0,10998.9717,35.4756,1194.9203,517.7378,499.7429,223.6504,1577.3573,283.8046
TCGA-GC-A3YS-01,7.066666667,2147.0037,5732.6779,1.4045,232.2097,310.3933,1.8727,2266.8539,2233.6142,322.0974,990.6367,1022.0037,1866.573,95.0375,223.3146,375.4682,647.9401,155.4307,122.6592,485.9551,867.5094,5642.3221,1988.764,2176.4981,2089.4195,1388.1086,6197.5609,2326.3109,552.9026,872.6451,1078.6517,2614.2322,568.8202,644.1948,636.7041,4066.0112,0.4682,1.4045,951.3109,343.1648,18176.03,13.5768,1323.0337,1485.9551,1988.764,3704.588,143.2584,309.9251,2296.3483,657.7715,58.5206,1257.0037,1334.7378,1385.3558,474.7191,800.5618,981.2734,4335.6742,605.3371,7.0225,764.9813,1772.4719,916.6667,1087.5468,749.5318,3096.4419,5359.5506,2632.4906,8116.1049,2005.618,0.4682,851.1236,966.044,646.5356,486.8914,6126.8727,970.9738,296.8165,1753.7453,1952.7154,437.2659,4.2135,223.3146,1152.1536,5261.236,1093.633,913.4925,2509.3633,1756.5543,665.2622,31.8352,1061.3296,1602.9963,1402.6217,329.588,1020.1311,1712.5468,963.4831,2276.2172,560.3933,0.4682,3719.1011,609.0824,38.3895,1152.6217,1442.8839,172.2846,94.1011,21397.0037,76.779,1594.5693,1344.8736,673.6891,1465.824,999.0637,51.03,22.0037,25.7491,1144.6629,3923.221,577.7154,1253.7453,516.8539,485.4869,1165.2622,149.8127,1547.7528,666.1985,83.3333,4892.7903,0.9363,112.8277,49.6255,1190.5431,303.1835,527.1536,926.9663,18.7266,494.382,1986.8914,17.3221,130.1498,30.4307,4829.588,1043.0712,343.633,1252.3408,665.7303,2352.9963,435.3933,1998.5955,2094.1011,601.1236,208.3333,1762.6404,443.7594,3942.4157,568.8202,12.6404,2405.4307,948.5019,2.809,13.5768,3.2772,368.9139,129.2135,5408.7079,3987.8277,3614.7004,4367.5094,1681.1798,581.4607,4039.794,1731.2734,2287.4532,1176.4981,269.1948,2353.4644,2604.8689,4500,348.7828,320.6929,141.3858,1164.3258,1049.7378,1128.7453,4252.809,597.8464,1470.5056,886.236,1030.4307,1259.3633,296.8165,2126.8727,3169.9438,172.7528,1191.4794,240.1685,2073.5019,1048.221,453.6517,127.809,20.5993,175.5618,307.5843,3070.6929,793.5393,1063.2022,1110.0187,2444.2884,299.1573,119.8502,202.2472,14.1011,20040.7303,495.3184,212.2238,933.5206,2205.5243,1469.5693,21.0674,654.0262,775.7491,1176.4981,1181.1798,189.1386,8792.603,319.2884,173.6891,1572.0974,41.1985,1294.0075,1102.5281,244.382,31.367,670.412,2.809,1929.7753,6676.03,538.3895,859.265,2879.6816,323.5019,296.3483,5242.5094,482.6779,1567.8839,4291.1985,965.824,897.4719,199.9064,220.0375,7042.603,4604.4007,1012.6404,8.427,278.0899,155.8989,128.2772,775.2809,2036.5169,58.5206,5304.7753,84.7378,959.2697,14.9813,7.9588,24106.7416,5715.824,324.4382,477.6124,59.4569,80.5243,1113.2959,3.7453,112.8277,2509.3633,1039.3258,1544.0075,1620.3184,5201.779,6620.3184,162.4532,523.4082,0,1037.9213,8.427,0.9363,425.0936,373.1273,57.1161,2.3408,5338.9513,37.9213,71.6292,0.4682,12744.8502,7.9588,698.5019,559.4569,232.2097,349.2509,1091.7603,315.0749
TCGA-GD-A2C5-01,8.466666667,1067.2798,5004.4987,0.3999,127.9616,451.4646,71.1786,2690.7928,1166.4501,676.597,1861.4416,503.449,1393.5819,69.979,1061.2816,258.3225,385.0845,148.7554,999.7001,515.0455,1088.4735,35874.8375,1.5995,3231.0307,1282.0154,1254.0238,6109.3432,1519.944,1132.8601,99.1702,2086.9739,9607.5177,513.0461,295.5113,1381.9854,3826.4521,1.5995,6.3981,7132.2603,331.1007,24967.3098,5.1984,730.9807,11848.8453,4126.3621,3466.1602,541.8374,159.1523,2635.2094,433.47,81.1756,1378.3385,979.7061,1668.4795,359.892,1411.5765,1373.5879,1569.929,792.1624,4.7986,1316.0052,1306.808,2071.7785,2270.119,936.9189,3830.4189,1233.6299,1290.4129,5527.9416,1472.7582,0.7998,1693.0921,865.0445,492.2523,701.7895,6394.4817,251.1247,161.5515,1851.8444,2139.3582,1080.076,11.5965,337.4988,1593.5219,7111.0667,1529.5411,1161.7675,4952.1144,2989.1033,171.5485,67.1798,1039.6881,3065.4804,1597.1209,513.8458,233.1301,1775.0675,461.4616,3039.4882,768.1695,1.5995,1983.8049,930.9207,67.1798,2312.9061,1383.185,90.7728,35.1894,25528.7414,694.5916,3409.7771,3955.8732,492.6522,1314.0058,254.7236,19.1942,15.1954,29.5911,1024.4927,2949.1153,136.3591,892.9321,518.2445,394.2817,381.0857,287.5137,2224.9325,362.6912,84.3747,5622.3133,0.7998,226.3321,57.5827,886.9339,260.4899,213.1361,622.2133,23.5929,603.419,953.7139,18.3945,55.1834,14.3957,2820.3539,1123.263,644.6066,2662.8012,769.3692,2670.7988,607.4178,3137.8586,1213.236,903.329,168.7494,2326.502,321.1357,99.97,24045.1864,31.9904,1140.4579,1089.2732,5.1984,43.5869,14.7956,378.6864,11.1966,1819.0543,2954.7136,4275.1175,3638.9043,2050.1849,599.8201,1756.2731,1365.1904,2459.2622,1252.0244,177.9466,2080.5758,4768.1695,2748.7754,670.9987,398.2805,91.5725,975.3074,1760.6838,968.1096,3898.8304,280.7158,1671.0987,501.4496,467.0599,536.2391,213.5359,2056.1831,1665.5003,145.5563,115.1655,210.3369,2134.5596,906.9279,659.8021,169.5491,16.795,152.3543,128.3615,1684.2947,816.555,1168.8493,4470.2589,1538.7384,490.6528,340.6978,227.1319,8.4015,5617.5147,509.0473,303.293,1383.5849,2160.5518,3506.548,2.3993,683.395,853.344,949.3152,986.504,1817.4548,7387.7837,306.708,109.5671,1771.0687,230.3309,595.4214,7.1978,3759.2722,7.1978,643.407,0.3999,2887.9336,4883.7349,1535.5393,899.1583,1339.998,33.5899,85.1744,6304.9085,568.2295,3236.629,5048.0856,308.3075,267.9196,960.5118,93.172,4864.9405,5345.9962,896.1312,7.9976,243.9268,676.9969,191.2906,256.723,448.2655,213.9358,2153.7539,74.7776,6662.8012,41.9874,3.199,7186.2441,4690.5928,422.6732,778.0786,55.5833,37.5887,49.1852,5.5983,365.0905,873.338,2348.0956,545.4364,1564.3307,1280.4159,12906.9279,265.1205,219.1343,3.9988,773.7679,2.3993,4.7986,305.9082,2295.3114,6.3981,22.3933,6783.9648,0,1394.7816,0.3999,5782.2653,30.7908,542.2893,553.8338,297.5107,70.7628,464.9885,432.6702
TCGA-GD-A3OP-01,12.26666667,1812.9101,3008.6983,0.9156,116.2826,723.9432,195.6356,3878.8341,1503.1283,725.4693,1694.4911,796.8869,1874.8665,614.0699,1446.6656,347.627,399.5117,68.3656,1384.0989,481.3063,916.2216,9088.9669,612.2387,893.9417,1849.5346,2426.3696,7760.3907,1309.6292,603.0826,954.6742,2545.7043,28983.6716,282.6186,380.8942,1165.8782,5086.8305,9.4613,0.9156,7660.9187,610.1022,21239.4323,17.3966,792.6141,12788.6464,2072.0281,3664.8863,408.973,290.5539,4042.7285,1030.673,655.2724,2162.0021,1034.6406,1080.3327,728.8265,1408.5152,972.0739,1933.4656,901.2666,10.3769,1114.2988,1612.3913,2453.2275,2451.7015,629.3301,3660.4853,3770.1816,2553.0291,5971.6161,1033.4198,2.7468,2354.0363,1556.5573,393.1024,1537.9216,7323.6685,364.7184,890.5845,1639.8596,2352.5103,578.3611,19.533,1342.5912,2710.5143,6611.0179,1963.3756,1485.9057,3755.2266,1536.0903,245.689,52.1898,1223.2565,2434.6101,1487.8682,942.4691,433.3893,1474.7444,703.4946,1631.0087,1391.729,0,2366.2445,648.8631,81.7946,2421.7915,1416.4505,95.834,43.9493,13950.2518,602.4722,885.396,1953.4717,596.9785,1098.123,382.7255,20.1434,76.3009,75.9957,1420.4181,1946.5893,374.485,1709.1409,894.5521,142.2249,875.9347,162.3684,1439.3408,574.0882,93.0871,11168.0146,109.8733,296.9632,296.0476,1207.6911,188.4755,253.9295,944.6055,159.3163,599.7253,1439.646,42.7285,146.1926,33.8776,8483.1375,1539.1424,815.1991,1998.1688,1661.8343,2025.9423,698.0009,2702.2738,2462.6888,901.5718,245.689,2341.523,384.34,510.3006,4131.5428,53.7159,1320.6165,1219.2889,1.2208,72.0281,89.7299,455.364,31.1308,2305.2037,3983.2138,5799.7864,5516.5542,2702.8842,909.5071,2843.5831,1119.1821,1967.9536,1522.3562,75.9957,2494.43,4922.6309,5032.8094,792.0037,1846.7877,429.7268,3295.895,1736.1117,1389.8978,3580.6501,1188.1581,1422.8598,208.1489,62.2616,640.3174,355.8675,1658.1718,2391.5764,298.4892,1468.9455,166.9464,1475.9652,800.8546,407.7522,279.8718,9.7665,208.1489,210.5906,1337.4027,665.3441,1242.1792,4367.1601,1498.2451,370.5173,1410.9568,326.568,34.9,8127.8804,460.8576,508.8021,2354.6467,2054.0211,2501.1445,18.6174,824.0501,696.7801,513.9631,940.6379,4577.4454,5655.1198,70.1969,86.0675,1590.4166,287.5019,802.3806,142.5301,6311.613,0.3052,1501.2971,0.9156,4348.8479,8503.2809,1688.6922,1355.4952,1205.8599,791.3933,118.1138,4672.9742,424.5384,2169.9985,3331.6038,1955.7455,584.4651,432.7789,39.6765,3711.5825,4452.0067,1208.6067,58.5991,259.118,167.2516,190.4471,48.8326,582.0235,182.2066,2818.5564,29.2996,20642.759,50.0534,1.8312,18561.2696,9474.7444,312.8338,448.9394,44.2545,78.7426,1205.2495,4.8833,155.6539,1109.7207,1999.3896,897.6042,1977.7201,1307.1875,14021.0591,134.5948,272.2417,4.8833,1459.7894,1.526,10.0717,390.3556,4535.6325,151.6863,8.2405,7020.9065,0.6104,342.4386,0,5476.2704,6.1041,605.5242,400.4273,684.2667,92.7819,1045.396,693.4229
TCGA-GD-A3OQ-01,3.833333333,1830.7634,4458.2174,2.1061,152.8394,689.5825,45.1297,2762.5423,1201.053,498.8341,1449.8684,895.6751,1715.5322,61.6773,818.0519,223.5427,760.683,254.8326,3440.3911,660.6995,892.9673,16254.2309,1.2035,691.6886,1757.3524,1927.3411,12716.0527,1658.6687,847.5367,984.1294,2948.176,8283.7157,823.1666,373.9752,565.927,1106.2806,0.9026,10.5303,2841.6698,590.2971,17519.9699,11.7337,5269.0485,6115.6826,3589.6202,3223.1666,400.1504,84.2422,2859.12,583.9789,65.5886,2114.9003,1167.0553,1759.4193,1096.352,843.3246,793.381,3847.4615,719.9699,5.7164,736.5175,1734.7875,2465.8894,1726.3633,1069.575,3605.8187,3370.2896,3301.6924,7832.4182,1811.5081,0.3009,1917.7134,497.3268,465.1373,1119.5186,8287.0252,794.5844,213.3133,2007.0703,2498.3829,1098.7589,25.2727,229.56,1901.7676,6212.2602,1799.1726,1267.5261,6319.0673,1827.7548,74.0128,25.8744,630.9139,2429.1839,1328.6198,1199.2478,3101.0154,1833.7721,646.5589,1776.3069,972.3956,0,2317.2621,635.126,141.4065,1222.1136,1464.9116,196.7657,7.5216,25864.7612,898.6837,1620.7597,4512.3731,242.798,1889.4321,188.0406,48.7401,6.0173,4.513,1444.7537,2537.1944,1504.0241,949.8308,180.8199,264.1595,181.7225,59.8721,1650.8462,227.4539,28.5822,5776.006,1.5043,75.818,19.2554,1538.3227,614.1617,241.2937,284.6183,7.2208,357.1267,1394.2083,0.9026,29.4848,14.7424,5738.6988,1689.056,193.4562,1794.3588,1207.0703,2002.5574,704.6258,2869.0485,3463.8586,380.5942,143.2117,1797.9692,160.8665,1660.173,1326.5137,52.9522,2413.8398,993.1553,0.3009,14.7424,0,633.0199,53.554,1874.9906,3471.9819,5387.2885,5534.4114,2105.4532,732.3054,2814.8928,1156.8259,1780.8199,1346.07,97.7811,1912.5987,4321.0229,4009.9285,690.1843,932.3806,128.7702,2685.8217,962.5363,1280.4814,3967.2057,112.5235,1064.1595,826.4761,655.5848,645.0545,267.469,3408.1986,2657.5404,254.2309,133.2832,503.648,2257.39,1224.8214,467.8451,38.8116,12.9372,157.6533,725.6863,1136.9688,492.2151,1305.754,2544.7161,2067.8451,809.6277,1477.8488,139.3005,65.733,11711.4705,486.4987,487.9218,1647.5367,3573.6743,3875.7428,4.2121,887.5517,360.7371,1008.4994,1384.5807,2082.2866,7558.9319,400.1504,52.9522,1683.6405,222.941,623.3923,2181.572,1419.7819,13.2381,1049.7179,1.5043,3997.8939,3107.6344,1652.9522,1135.9398,4969.9887,1653.2531,158.5558,5660.173,555.3968,1819.0297,4329.748,971.493,1442.0459,1879.5036,132.3806,8568.334,2217.375,2237.8338,8.7251,267.469,136.8936,68.5972,244.3024,2144.2648,28.2813,5074.3889,122.452,3992.4784,6.9199,2.4069,6119.8947,12799.6991,284.3174,339.12,87.8526,12.6363,95.3742,12.3355,627.3035,1361.7149,1638.8116,848.7401,1662.8808,4904.4002,18700.865,35.8029,154.0429,1.2035,1134.261,0.3009,0.9026,52.6514,1664.3851,9.0259,0,10696.9537,0.6017,110.1166,0,12889.056,2.1061,543.663,427.5291,560.8123,11.132,2136.7371,447.3862
TCGA-GD-A3OS-01,2.833333333,1819.8172,5180.0377,2.9015,315.6826,653.4165,23.212,3054.403,2407.3698,1220.3685,1487.0158,699.2601,2372.842,94.2986,852.459,331.3506,524.0099,196.7213,40.6209,926.157,898.5928,492.0934,136.0801,260.8443,4307.5584,2806.0351,6341.7438,1958.5086,1200.3482,541.3869,1925.7217,4498.4767,996.9534,290.1494,766.8649,219.9333,14.2173,211.8091,248.3679,570.7239,30549.2529,25.8233,533.2946,703.6124,2872.7695,3881.0387,78.9206,1250.2539,4487.451,286.3775,19.1499,1777.8471,729.1455,1286.244,269.5488,2573.0451,1429.2761,2514.4349,875.9611,25.5331,1533.1496,1816.6256,1737.9951,1827.9414,1176.2658,1526.6415,805.1647,4833.019,8089.366,1283.6211,24.3726,895.9814,299.9478,631.6553,1041.3463,13397.9399,233.5703,308.719,1377.0492,2284.3464,1080.2263,92.5577,69.3457,1780.9372,6203.3947,836.2106,831.3361,3333.2366,1797.1856,4161.3231,33.3672,1430.4367,2420.4265,926.4471,412.5925,1292.3255,4820.8327,1602.7854,1599.5938,1072.1021,29.0149,4246.3369,907.0071,55.9988,958.9439,1697.9544,125.9249,34.2376,21710.4309,453.2134,1590.8893,18337.7949,863.1945,797.0405,173.2192,6.9636,19.7302,250.399,808.6465,3695.053,2227.4772,439.5764,1600.7544,490.9328,540.8385,41.7815,1368.925,458.4361,594.8063,755.259,0.2901,570.1436,28.7248,422.4576,767.0593,793.5587,2755.5491,361.5262,828.6668,1290.5847,150.0073,186.8562,54.8382,2652.5461,725.6637,317.4235,1603.6559,1209.3428,2666.1831,562.8899,2091.3971,772.6679,1705.4983,148.5565,1829.3921,524.5089,771.5073,302.916,12.7666,3140.5774,831.5683,340.6354,450.0218,44.1027,266.6473,11.0257,2323.2265,932.8304,2837.0811,8291.8874,2618.3084,1303.9315,2717.2494,1303.6414,1758.8858,1323.0814,336.2832,2753.8082,1293.7763,4478.7466,862.3241,621.7902,153.489,1097.9254,1258.439,2295.082,5554.9108,1506.4558,2032.7869,640.3598,1239.8085,4922.6752,1421.442,1139.4168,913.9707,232.1195,253.0103,320.9053,5674.4523,1068.6203,485.7101,12.1863,5.803,260.5542,530.3932,1264.7614,344.6975,1171.9135,1019.0048,3134.7744,518.2069,68.1851,769.1861,62.6955,5063.3976,504.5699,306.5777,1617.5831,2087.6251,923.5456,28.4346,629.044,569.2732,3755.1139,886.1163,105.9045,5940.8095,287.8282,100.6819,2537.6469,118.9613,716.3789,373.1322,861.4536,6.9636,884.0853,93.5703,4054.5481,994.0519,1245.6115,1119.9768,1493.3991,95.7493,482.8086,4253.0103,850.428,1263.3106,4735.2386,1183.5195,1653.8517,351.0808,32.2066,2485.42,8198.7524,1164.0795,2.6113,374.8731,241.4043,147.3959,510.663,582.0398,259.3936,3981.7206,142.4634,1449.0062,33.3672,1036.7039,12828.6668,6352.5316,323.2265,664.7962,80.3714,36.5588,278.2533,0.5803,681.561,2100.972,1422.3125,680.1103,2814.1593,4110.2568,3517.1914,118.6711,380.0957,2.9015,538.8075,4.3522,385.3184,241.9846,749.1658,28.7248,0.5803,3563.9054,18.8597,374.2928,1.5436,1684.8977,14.7976,955.5868,696.0685,711.1562,958.3578,485.124,422.4576
TCGA-GU-A42R-01,4.366666667,2036.764,4505.8172,3.4514,202.7704,824.4558,186.8076,3096.7786,1685.1515,493.9832,1509.5609,825.3187,916.7811,242.0302,826.1815,215.2818,792.9617,124.6822,2082.9266,410.2865,901.2497,22274.1132,3.4514,4859.1555,1842.1907,655.3367,9430.0577,1235.6052,1332.2447,353.3296,2842.2371,15144.7921,638.9425,517.7117,202.339,20100.5871,0.8629,26.7484,3215.8523,323.1384,30785.7245,10.7857,536.6944,5424.7555,2878.9083,1824.0708,177.7477,138.4879,3811.2208,1008.6749,75.0682,2850.9217,1357.6989,1238.0557,437.8978,1138.5343,1129.9057,534.9687,666.1224,6.9028,614.7826,1236.8995,3010.4934,3130.4299,1175.2055,5109.3828,686.8308,1555.2921,8347.6693,1442.2584,0,898.2297,495.1308,454.292,1075.9774,10264.9282,338.6697,364.9867,1497.9124,2265.42,1248.9794,18.5513,387.4209,2184.3118,11693.3809,1739.9426,1681.0961,5197.3938,1718.3713,389.1466,28.0427,1296.0049,134.1736,1025.932,1260.6279,166.962,1168.3027,1206.2682,2285.697,1381.4273,9.9228,4919.5552,822.2987,67.7339,6283.294,2151.5234,287.33,9.4914,18383.0786,1154.497,1694.2114,5804.0181,166.5306,826.1815,471.1176,12.9428,1.7257,14.2371,1912.5132,4480.3631,572.9342,1491.0096,352.0439,311.9213,54.7912,26.317,1562.6264,526.7716,16.3942,9191.1079,3.02,242.8931,7.7657,1824.9336,384.7892,245.4816,346.4354,30.6313,787.3532,519.8688,1.7257,145.8221,8.6285,1484.5382,1509.1295,616.9397,1614.829,862.8528,1494.8925,510.3774,2937.5823,4669.7593,1368.0531,187.2391,1789.5567,227.448,818.4159,6877.7996,42.7112,2867.6912,1670.483,0.4314,16.3942,1.2943,626.4311,3.02,815.8273,5900.1873,8282.0925,2406.9278,2527.2958,589.7599,2653.2723,1286.0821,2024.6841,815.3959,470.6862,2211.4917,8485.2943,4453.1832,951.2952,1179.5198,84.5596,961.218,887.4786,1262.3536,4675.3678,93.1881,931.0182,666.1224,193.7105,201.9076,358.5153,2110.9693,2497.5274,259.2873,24.5913,152.2935,2729.2034,1087.1902,467.2348,113.4651,8.6285,188.1019,97.0709,795.9817,1720.9599,1510.4238,2605.384,2337.8996,355.0639,1139.3971,717.0307,41.6197,5195.2366,280.4272,363.4034,1145.8685,2258.9486,10064.7463,1.7257,474.1376,685.968,734.7191,1361.5817,2390.9651,10190.2914,268.7786,78.0882,623.4111,551.7944,935.7638,203.2018,6404.5248,17.2571,941.3724,2.403,3999.7541,5744.4424,1975.9329,1796.5544,4438.0833,1469.4383,406.4037,6782.4543,393.4609,1897.4133,4932.9294,681.6537,467.6662,220.8903,40.1227,8831.7297,4055.8395,2187.7632,2.1571,343.4154,204.0647,256.2673,230.8131,3692.5785,95.3452,12613.182,60.3997,2255.4972,0.8629,0.4314,1230.4281,13054.5312,504.7689,608.3802,4.7457,19.4142,464.6462,9.4914,388.2838,802.4531,4079.568,653.611,2162.3091,2787.8773,4149.8905,20.7085,178.1791,3.02,1061.3089,0.4314,20.277,311.9213,2845.2571,5.6085,0.4314,10351.6449,0,117.7794,0.453,7555.5704,104.4052,785.6275,477.589,167.3934,150.5678,728.6576,579.4056
TCGA-GV-A3JV-01,3.733333333,1276.2165,3146.1573,1.819,221.9191,469.668,4.0018,2469.1223,1419.5543,625.3752,1333.6971,1341.337,2160.9823,217.1896,726.1482,420.191,534.4247,145.1569,2149.7044,629.377,774.8977,12343.065,68.3947,3749.7044,2290.8595,1639.6544,15198.8467,1461.7553,377.6262,1048.462,2951.8872,6581.5371,294.3156,402.3647,58.9359,20.0091,3.638,103.6835,5989.6317,798.5448,32749.0678,13.0969,1474.8522,3520.8731,1949.6135,2027.467,134.2428,254.2974,3540.1546,700.6821,3175.6253,2754.241,768.3492,1308.4311,730.8777,1431.196,1106.6849,1813.5516,779.6271,6.1846,431.8327,614.4611,2218.0991,1893.588,1007.367,2529.5025,2570.623,1283.1287,9841.9281,1848.1128,6.9122,2774.352,1328.9386,293.588,772.3511,8818.5539,456.935,260.482,1831.3779,2261.3915,1248.9313,13.8245,1081.2187,1916.1437,4307.7763,1458.8449,1036.5439,4180.8095,2429.4679,176.08,84.0382,770.1683,2284.3111,1608.0036,769.4407,662.8467,2070.3956,734.1519,1610.5503,1465.0296,0,3893.7699,551.8872,28.3765,2219.5543,2456.3893,239.0177,57.4807,16242.292,365.6207,1268.5766,54955.7326,583.538,735.6071,687.5853,61.4825,228.4675,80.4002,1084.1291,2322.1464,266.3029,1346.0664,86.9486,404.5475,451.1141,63.3015,1227.1032,633.7426,41.4734,5773.1696,1.4552,145.8845,1228.9222,1622.5557,368.2656,264.4839,709.7772,48.3856,1010.6412,1481.0368,37.1078,194.9977,87.6762,1097.9536,1008.0946,601.3643,2414.9159,1296.5894,3910.5048,1060.482,3474.3065,9065.9391,1637.1078,56.0255,1962.3465,385.6007,2571.7144,2124.9659,71.6689,1571.6235,1207.0941,2.9104,26.5575,4.0018,309.2315,31.2869,2698.6812,7554.3429,7372.8058,6322.5102,4100.0455,721.7826,2988.2674,1048.1128,2439.6544,1184.1746,2.1828,1861.9372,11357.1623,2915.8709,619.9181,185.1751,495.8618,2705.2296,1862.7958,1449.7499,2012.5512,172.8058,1324.6021,387.8126,744.3383,572.6239,242.292,1304.2292,2357.799,151.3415,333.2424,218.281,3705.6844,1708.0491,321.9645,292.8604,9.4588,113.8699,337.608,1257.2988,1196.1801,1660.7549,1929.9682,746.8849,394.3611,680.3092,1132.8786,10.9213,10394.1792,413.6426,352.6839,2379.9909,2802.3647,2746.3392,54.2065,984.0837,514.4156,819.2815,1163.8017,29787.3579,5240.9277,313.2333,46.5666,1449.0223,142.6103,754.161,357.6171,17227.1032,5.0932,244.8386,0,11917.417,22060.573,1113.5971,877.2788,2976.9895,645.0205,166.6212,5586.5393,453.6608,5156.5257,2306.8668,1331.5143,455.8436,103.3197,1067.7581,5798.9995,3407.7308,5431.196,11.2779,374.352,146.9759,123.3288,251.0232,478.0355,115.6889,7985.4479,134.9704,13965.6207,51.296,8.7312,32075.307,7249.477,273.2151,893.1915,351.4325,185.1751,733.7881,0,182.2647,2342.1555,2434.925,1073.2151,1204.1837,1823.7381,10440.382,41.4734,268.1219,2.5466,837.8354,37.4716,88.4038,209.9136,2004.5475,15.2797,4.0018,14953.7062,2.5466,1585.8117,2.7467,7649.6589,41.8372,544.975,381.628,360.1637,48.0218,569.4661,211.3688
TCGA-GV-A3JW-01,2.7,2900.9827,5780.3904,9.2464,342.8029,688.3456,35.2734,4250.6194,1683.1932,422.9387,1439.3614,674.9896,1325.322,55.1361,898.2738,819.8504,481.157,968.1358,2756.4644,534.2383,551.0189,19003.1318,223.9692,2378.388,1393.4717,1766.0687,4825.8982,1732.85,1212.6525,5994.0549,3004.0633,7090.3017,360.6109,286.297,1488.6757,5013.6214,1.0274,5.8218,12717.2698,418.8292,28346.8234,9.5889,814.0286,17556.2363,1814.3556,2464.688,114.3818,61.9853,4491.7116,1191.42,730.1257,2983.6013,458.5546,1082.4491,315.0636,1228.0633,1845.5195,1415.7316,547.2518,19.1778,841.4254,1126.695,1855.1084,1896.5461,1099.983,1820.1569,792.796,1944.4906,3385.5643,1795.8627,0.6849,1279.4323,382.8948,537.6629,1191.7625,8672.1266,94.8616,185.6136,1007.8612,2729.0675,463.6915,10.9587,226.3664,1652.3718,5271.1516,1378.061,1026.4671,5117.7294,1956.1342,168.1481,19.5202,658.209,2484.2083,665.4007,693.14,178.4219,3065.3637,1305.8018,2366.0594,3811.9276,1.7123,4312.2623,1181.1462,67.4647,3870.1458,2803.039,110.2723,9.9314,13578.2154,525.3344,1407.855,1999.6952,122.2584,735.9476,935.2596,2.3972,4.7944,9.9314,1326.007,2381.4701,51.0266,468.4859,126.3679,457.1847,54.1088,12.671,2356.4705,173.9699,29.7941,7589.6091,309.5843,101.3683,18.8353,2257.4995,710.0302,211.6406,233.2156,45.2048,1064.3672,1808.1913,2.7397,18.8353,4.452,770.8785,1678.0563,444.5137,3328.3734,965.7385,1054.7783,730.4682,4706.4343,2163.3228,469.8558,77.0536,2125.9946,457.9108,1754.425,5930.0456,78.7659,2346.5392,1905.4501,0,6.8492,1.7123,220.2021,1.0274,543.1423,2856.1204,4514.9989,4436.9145,8491.1705,357.1863,2341.4023,1476.3471,2862.2847,1488.6757,26.3695,3013.6522,3396.1805,1822.9171,769.1662,739.3722,150.6826,1171.8997,1394.6292,1457.5118,3732.4767,173.285,1426.0054,815.0559,377.7339,202.0517,381.8434,2384.5523,2371.5388,151.0251,303.0775,280.1327,3240.361,773.2689,386.9803,60.6155,5.1369,217.8049,16.4381,836.6309,587.6622,1991.0652,2284.8963,1347.9244,374.3093,497.5951,55.1361,25.1126,4797.5288,1165.0505,356.6931,2361.9499,2052.7081,3275.9769,2.0548,1066.0795,935.2596,1108.2021,1177.7216,6846.8123,5908.4706,347.9398,67.4647,1716.0694,332.1867,759.2349,58.2183,9209.1047,3.0821,969.8481,8.2773,3617.41,3103.3768,1310.2538,995.8305,603.4154,79.4508,33.5611,5284.5076,536.6356,2003.7362,4302.6734,175.6822,941.4238,89.7246,108.56,4117.0598,2341.4023,1093.1338,18.8353,333.5565,170.2029,173.4939,366.7752,401.7061,50.3417,4845.1308,165.4084,3247.8952,4.452,0,1520.867,5354.0271,632.867,248.5715,10.2738,28.7667,410.2676,11.3012,403.076,2454.4142,1835.5882,936.2869,1473.6074,1602.3726,7138.5886,20.2052,673.6198,11.6437,1479.4293,16.7806,8.5615,348.6248,2218.459,2.3972,1.3698,14133.3438,0.6849,212.3255,0,11846.3928,396.9117,573.9638,549.9915,407.1855,38.3556,735.2044,879.781
TCGA-GV-A3JX-01,9.466666667,2409.4213,7853.4458,13.9575,231.1719,397.2085,283.5126,4616.4583,2414.6554,480.9509,1200.9305,774.9346,2076.7665,133.7598,1031.4045,239.6045,577.7842,255.8883,1157.604,1048.8514,1098.5752,7866.2402,2545.5074,741.4946,2251.2358,1393.4283,11799.6133,1671.7069,1007.2696,700.4711,1870.3111,13159.0579,1064.5536,438.4996,220.9945,625.4725,0.2908,37.8017,2324.2222,706.6008,40217.2143,166.0366,1170.6892,10316.0803,3630.125,3102.3553,511.7767,329.747,2836.5804,657.1678,14.5391,2994.8561,1067.7523,1033.9575,569.3516,1723.1753,1461.4714,1281.1864,693.8063,11.9221,1620.5292,2630.9974,3246.2925,2343.9953,636.813,2442.1518,1541.7272,2744.6932,5366.9671,1777.5516,103.8092,2161.0933,275.9756,351.8465,756.9061,7958.7089,480.9538,755.1614,645.2457,2972.6665,232.335,34.8939,1911.893,2615.0044,5906.3681,1215.4696,601.1457,3140.7386,1333.5272,27.0427,92.178,974.1204,2388.485,853.4458,1147.7174,797.3248,1990.1134,939.8081,2414.3646,908.6944,0.5816,3180.285,722.5938,235.2428,815.9349,1731.3172,186.1006,49.433,24831.9279,670.253,1277.697,3015.3562,223.9023,2177.9587,468.7409,50.5961,30.2413,69.2062,1420.7618,3303.8674,847.6301,1743.2393,1852.2826,212.5618,558.5926,487.351,1353.5912,1043.9081,15.1207,4855.772,68.3338,63.6813,89.8517,1532.713,814.7688,580.6921,772.0268,122.4193,955.2195,2045.6528,6.9788,123.8732,27.3335,3900.2617,1401.2794,454.4926,1237.5691,1634.4868,2372.492,992.1489,2047.9791,1505.3795,736.8421,56.121,2047.3975,253.4836,371.3289,833.091,223.03,4917.7086,877.5807,4.3617,20.6455,0,238.4414,33.1492,594.6496,1412.9107,4084.0361,5910.4362,3061.0643,1677.8133,3773.1899,1702.5298,2298.3425,1554.2309,79.9651,2808.9561,4574.2949,5667.9267,490.2588,2595.522,363.7685,1668.5083,1020.9072,1225.3562,6655.4231,618.4937,1568.1884,1405.3504,917.4179,283.2219,700.4943,1080.2559,2283.5126,379.7616,2555.6848,471.9395,1196.8596,1087.2347,633.9052,53.5039,14.5391,105.8447,68.6246,1734.2251,761.5586,1718.5228,1682.7566,446.6415,493.4574,485.0247,551.3231,77.8075,9395.173,537.6563,260.8404,1487.0602,3822.3321,1198.895,47.9791,1006.9788,520.2094,1057.5749,2123.0009,2015.4115,6510.6136,170.3984,41.5819,1958.4181,112.5327,1338.4705,1786.2751,4983.4254,6.1064,1732.7712,36.0512,4242.2216,800.5234,1799.0695,1170.6281,1609.4795,1064.8444,365.804,4461.4714,766.5019,2223.03,4990.4042,1927.886,458.5635,1328.8747,698.7496,2442.8613,5885.141,1491.4219,1.4539,360.8607,188.7177,91.0148,359.6976,1350.9741,50.5961,4701.3667,103.2277,1920.3257,13.0852,4.3617,26277.1154,7693.8063,471.6487,763.8238,0,65.7168,1139.2847,9.5958,659.2033,1281.1864,2046.8159,970.3402,2702.5298,1236.6967,7743.2393,162.838,348.6479,1.4539,1254.4344,7.8511,93.9227,500.4362,2513.5214,150.6252,0.2908,7273.3353,233.7889,628.6711,2.9311,5832.2187,34.6031,756.688,672.5792,468.4501,23.2626,503.6348,309.9738
TCGA-GV-A3JZ-01,14.33333333,2347.6969,1730.5075,1.8769,250.567,495.1904,132.6347,3341.5187,1681.0823,300.9306,1733.3229,1060.1392,1382.9671,56.3072,924.0635,163.6037,1462.4228,396.34,1705.7949,808.0081,617.5022,15493.2353,2132.4783,1154.923,1602.8779,1969.8131,6989.8866,628.138,1391.1003,224.284,2746.2266,81489.6379,1621.647,406.9758,315.9459,752.9522,1.2513,6.2564,17074.8416,279.3462,39989.3642,14.7024,853.6795,8023.7741,3352.7802,1995.777,926.8789,151.7166,3249.8631,452.3344,26.2767,1288.8559,2539.4541,1417.2269,899.6637,1694.5335,2392.7426,665.3633,777.0392,2.5025,1587.237,1348.5571,1839.0553,2912.9585,1367.3262,2610.1197,1659.8107,1504.6532,7408.1489,1352.6238,2.8154,1990.7719,1496.9516,353.1712,1489.6379,11192.6175,388.2068,237.4286,1094.5492,2681.1606,1065.4571,10.0102,315.3202,2014.546,7745.6792,1590.678,1566.4941,6851.959,3105.3414,519.2774,39.7278,1646.3596,3002.7372,1310.3934,514.8979,611.8714,380.3863,942.5197,2676.7811,1427.0744,72.8865,3067.8032,417.2988,54.7431,820.208,1849.6911,286.541,39.7278,28272.1514,565.8872,959.0991,3477.169,327.5201,775.4751,2775.9443,241.8081,58.4969,19.3947,3394.0721,3243.6068,120.7476,1090.1697,155.4704,597.169,414.1706,88.2146,1350.434,420.427,66.3174,3276.1398,127.3168,109.799,13.1383,2340.5021,635.5455,421.0526,1088.6056,129.5065,370.3762,1831.5477,80.707,412.9194,20.9588,1945.7261,1854.0705,468.6009,1635.0981,1253.7734,1877.8447,72.5737,2383.9837,987.2527,577.4615,75.0762,1551.263,146.7741,523.9697,596.5434,995.3859,3246.1093,1141.7846,3.7538,19.7075,25.6511,873.0742,43.7945,1862.5166,11508.5634,5761.4765,10462.1819,2373.0351,1226.5582,7389.067,1877.2191,3606.4753,574.0205,10.6358,2051.4585,4827.4028,4876.5152,784.5468,908.4226,219.598,1132.4001,442.9624,1152.4204,4269.6489,257.7618,792.3672,726.0499,1476.4996,563.6975,555.5642,3352.4673,1207.1635,497.693,323.1407,573.7077,2406.8194,837.413,306.5614,127.3168,52.2406,190.506,133.5732,1547.822,1630.4059,1667.944,674.7478,979.4322,322.8279,1421.4437,525.2209,15.1404,8474.2316,567.1385,370.6952,2130.9142,1655.4313,4413.8578,17.205,484.8674,738.8754,1793.3839,1888.4805,6744.3497,5802.4556,617.1893,42.856,2279.5026,119.1835,514.5851,823.0234,600.61,295.9255,649.0967,0.3128,3502.9327,960.0375,2084.6172,1393.556,1443.0281,4376.6325,293.7358,9629.4674,1866.8961,2475.9521,5946.9774,1437.3974,199.5777,101.0401,219.598,2569.7975,5311.019,972.5502,12.5127,665.6761,293.423,92.2812,609.6817,549.9335,104.1683,5412.0591,297.8025,526.1594,13.1383,1.8769,14207.2417,10974.2707,324.7048,688.4742,83.8351,61.9379,2331.03,0.6256,444.514,1563.7757,3357.4724,931.8839,2495.3468,363.4942,5421.1308,77.266,370.689,109.4862,537.108,0.6256,50.6765,419.4885,1746.7741,67.2558,0.6256,2944.2402,4006.5692,82.8967,0.6256,5711.1128,50.0508,360.1376,380.3863,116.0554,73.1993,309.9898,279.3462
TCGA-GV-A3QF-01,4.133333333,1482.0641,2806.8168,0.9534,182.0999,441.4253,0.9534,2516.5058,1307.5915,1082.5885,1571.6839,1181.7423,1883.9233,59.111,379.4542,587.2959,760.3385,260.2789,1894.8874,692.1702,623.0485,13889.6437,2.3835,6883.5657,1757.1207,1430.5804,7116.6488,1264.2117,1580.7413,27115.4523,2308.1873,9936.8371,401.8591,452.8662,625.432,3834.5847,0.9534,7.1505,9489.2146,476.2245,12205.4582,133.4763,1028.2445,24038.6128,3223.9304,2726.2543,116.7918,154.4512,81.9926,731.2597,9.0573,2125.0769,996.7823,1476.6774,136.3366,1682.2786,1634.1318,1331.9032,805.1484,11.9175,704.5644,1083.5419,3019.4256,2037.421,793.7075,4975.8074,1902.9913,2029.7938,6240.9725,2024.5501,0,1577.8811,23.6634,350.3754,1084.0186,10953.6408,116.7918,188.297,1256.5844,1993.0878,1593.1355,3.3369,434.2748,1897.7476,6714.8135,1278.036,975.3307,4174.4726,1723.2749,947.2053,29.5555,933.8577,2912.6445,1059.7068,351.8055,1089.739,1143.6062,1043.9757,3214.8731,986.7715,0,3578.1194,685.4964,39.5662,5154.0937,1926.3497,119.652,7.6272,25938.7439,785.6036,1012.5134,651.1405,162.0784,917.6499,811.3455,3.8136,9.0573,30.5089,1528.7808,2758.67,22.405,1425.3367,156.8347,336.5511,46.24,1199.857,1348.1111,364.6764,10.0107,5199.857,0.4767,107.2578,53.8672,2062.2095,739.5781,258.3721,103.4442,90.0965,599.6901,1635.0852,2.3835,13.8243,6.1971,4764.6288,1077.8215,974.854,1564.0567,1450.1251,3118.5794,521.5111,1872.9591,1993.0878,562.0307,5.7204,1156.0005,264.6931,1481.1107,4438.5651,5.2437,2015.0161,761.2919,0.4767,2.8602,0,277.9168,2.8602,1072.1011,5729.4721,4770.8259,3335.0018,2798.7129,802.2882,3362.1738,1432.0105,3260.1597,2123.2273,51.4837,2055.5357,6876.4152,3336.4319,615.4213,451.9128,123.9423,965.32,906.3806,1237.5164,3772.1368,78.6557,1125.4916,972.9472,653.5574,127.7559,315.5762,1411.989,6946.967,238.3506,43.8565,369.9202,2449.2909,1345.2509,674.5322,52.4371,10.4874,159.6949,12.8709,968.1802,1175.5452,1296.1506,1048.7427,354.189,312.2393,671.1953,12.3942,76.4295,4736.5034,485.2818,178.0622,1094.0293,7281.1345,1739.4828,0.9534,1417.7095,536.7656,956.2627,1389.1074,3781.6708,4733.1665,367.0599,44.8099,1829.5793,337.9812,436.1816,1.4301,6568.9429,20.4982,598.7367,2.8554,4465.2604,4578.2386,1239.8999,1589.2838,9342.8674,1295.6739,286.0207,6472.1726,365.6298,3173.8768,3864.1402,1827.6725,75.7955,1050.1728,2.3835,5649.3862,2962.6981,1200.8104,1.4301,535.8122,123.9423,149.6842,213.0854,1122.1547,40.5196,12459.0633,138.2434,11963.7707,3.3369,0,1063.5204,6535.0971,600.1668,354.9946,0.9534,422.834,26.2186,12.3942,687.4032,1122.1547,3242.9985,202.598,1863.9018,2416.3985,5925.873,257.8954,163.9852,272.1964,835.1806,0,4.2903,764.6288,1813.3715,4.2903,0,14146.1089,809.4387,157.7881,0,7440.3528,290.7877,526.2782,233.1069,579.192,51.007,427.5867,149.2075
TCGA-GV-A3QG-01,3.133333333,2042.1706,4256.6198,2424.9755,128.4734,488.7218,9.8071,6615.5606,1895.7176,1687.4796,1350.7682,1057.5351,1587.4469,619.8104,804.8382,232.4289,537.1036,296.1752,1706.44,1430.2059,886.2373,12571.4286,88.2641,3561.2945,1462.5695,1915.9856,7600.1765,1510.2975,871.5266,1875.747,2668.5191,2928.0811,599.8692,599.8692,152.0105,882.9683,39.2285,0.3269,4332.1347,354.6911,29303.694,5.5574,774.763,3946.7146,4331.4809,5998.6924,520.7584,2048.0549,2278.8493,381.4972,215.103,1932.2458,1095.1291,1888.0157,676.3648,1207.9111,1051.324,3808.761,968.2903,3.269,882.3145,1350.7682,2972.2131,1607.7149,1101.6672,2208.4276,1803.2037,3068.6499,6932.0039,1629.2906,532.527,1236.6787,2014.0111,472.0497,1705.4593,7390.6505,869.2383,245.5051,1561.6214,2312.1935,1145.4724,48.0549,14.3838,2435.4364,6926.4466,1573.7169,1333.4685,4084.3413,1996.0771,924.4851,220.9873,916.9663,2209.5456,1076.8225,460.9349,2194.1811,2013.4031,728.0157,2018.6335,948.676,66.6885,2465.8385,627.0023,76.1687,1243.8705,1946.3877,135.9922,723.1121,27171.9516,681.9222,1450.8009,866.2962,1252.697,3905.1978,1016.3452,89.8987,2751.8797,1668.1922,1170.644,2066.3616,663.6156,2338.9997,219.3527,360.9023,2088.591,449.1664,1747.303,7349.4606,309.5783,2845.7012,2.2883,482.8375,71.592,925.7927,705.6783,205.2958,2712.6512,685.5181,652.1739,1384.7663,42.4975,1528.6041,436.4171,3020.595,1447.8588,867.9307,1297.4828,1416.476,2735.2076,882.9683,2330.1733,1865.3155,850.6048,244.1975,1051.324,192.527,783.2625,743.7071,289.3102,2004.2498,887.218,4.9036,392.2851,24.1909,326.9042,177.8359,7387.0546,9336.0575,5542.0072,4740.1111,2672.442,774.1092,2082.7068,944.0994,2512.2589,1476.6263,5.5574,1599.8692,3931.3501,3932.9846,593.985,1546.9108,773.7823,3250.0817,1274.5865,1265.7731,3653.8084,951.6182,1209.8725,723.439,762.0137,1066.3616,365.152,1394.9003,6217.3913,172.9323,197.7771,374.6322,2934.6192,899.6404,556.0641,190.5852,56.2275,133.7038,427.9176,1097.7444,1213.1415,1297.8097,1988.5584,1617.5221,732.5924,850.2779,777.0513,29.7973,9611.3109,497.2213,278.6957,1164.1059,4532.527,2363.8444,198.7578,1206.6035,390.9774,996.0771,1393.2658,2683.2298,5705.1324,505.7208,78.457,1419.0912,110.8205,702.8441,768.2249,126.185,22.8833,481.8568,0.6538,3675.711,2184.374,1657.7313,954.6715,6749.5914,1081.0722,747.6299,4942.7918,478.5878,4610.0033,2905.5247,1884.6028,1300.0981,127.8195,53.2854,7251.0624,4127.8195,831.6443,14.7107,240.2746,209.5456,96.1098,303.0402,1400.7846,263.1579,4096.1098,130.7617,2372.6708,2496.8944,19.2873,76456.6852,6842.7591,335.0768,301.543,122.5891,663.6156,1204.642,1.3076,554.1026,2397.1886,2760.3792,1009.4802,3268.3884,1643.3475,14159.8562,130.1079,307.6169,1.9614,1201.373,49.6894,39.2285,395.881,1646.9434,121.9353,3.5959,10663.9425,0.9807,376.5937,0,3380.5165,13.4031,481.2553,365.152,367.7672,51.324,565.8614,509.9706
TCGA-GV-A3QH-01,5.633333333,2851.117,5018.9033,3.1245,365.8803,620.528,219.3407,4230.9014,2160.9124,500.5468,1683.7994,1329.1673,2174.9727,93.4229,1168.8799,404.6243,850.1797,393.376,2616.4662,918.294,519.6063,13858.7721,1.2498,2550.539,2092.798,2451.1795,6691.4388,1783.4713,2125.9178,262.7714,3259.8032,290524.918,949.5391,388.0644,204.6555,4130.2921,1.5623,4.3743,2254.6477,695.2039,42219.0283,19.0595,498.3596,5610.6858,2820.8092,2263.3963,87.7988,196.8442,3349.7891,763.9431,142.1653,4242.609,1404.1556,1023.5588,466.4896,1534.4477,1875.6444,954.2259,442.4309,2.4996,1382.9089,1318.544,3963.4432,3507.5769,2771.7544,1618.4846,327.7613,1951.2576,7228.2456,1177.6285,2.1872,2183.0964,134.5321,597.4067,844.868,6781.1279,57.1786,146.8521,1066.0834,3091.392,1012.3418,10.9358,897.6722,2640.8374,8351.82,2110.2953,1742.5402,8039.0564,4124.0431,1487.8925,22.8089,1301.6716,3159.1939,1649.4298,642.7121,1452.2731,3417.9035,1192.9386,2557.7254,1213.5604,0.9374,3508.8267,976.0975,79.9875,1338.5409,2584.9086,376.5037,6.5615,29810.6546,848.6174,850.4921,6962.9464,71.5513,878.9252,571.4732,12.8105,1.8747,4.6868,2769.5673,3260.1156,480.5499,1556.3193,313.3885,801.1248,31.87,25.9334,1431.3389,167.1614,7.4988,9543.1964,73.426,51.8669,14.3728,1567.2551,661.8185,297.766,88.4237,217.7785,1181.3279,1406.9677,3.7494,9.3735,3.7494,923.6057,1673.801,162.1622,1879.0814,1415.7163,3011.092,883.6119,4443.6807,1317.6066,945.1648,30.6202,1918.4502,217.7191,1878.4565,4080.9249,587.7207,2731.7607,634.5883,0.3125,8.1237,0.6249,443.3682,0.6249,329.0111,6020.3093,4001.8747,7904.6993,2652.3981,787.0645,3185.1273,1196.688,1129.1986,1246.0553,24.6836,3230.7452,9387.2832,3285.4242,1400.4062,943.2901,174.9727,1258.2409,1117.1911,1779.097,5009.5298,62.1778,1195.7507,1062.6465,872.6761,96.5474,438.6815,3382.5965,1292.2981,427.4332,10.6233,400.25,4292.4543,2183.7182,515.5444,11.8731,5.3117,190.5952,11.5607,804.8742,578.972,1765.9741,1940.6343,336.8224,471.4888,454.6165,300.8905,63.5057,4021.5591,533.3542,230.7015,2023.7463,6064.6774,5937.1973,3.1245,637.4004,543.3526,1059.2095,1856.5849,2496.1725,5029.5266,297.766,70.9264,1865.646,153.726,1111.3888,300.578,5049.836,4.6868,1389.4704,2.1872,4447.7425,830.8077,1674.7383,1378.4315,3994.3759,3221.3717,139.3532,10924.8555,524.2931,2174.3478,3498.2034,2799.5626,32.8074,85.2992,123.4182,3484.1431,2440.8686,1426.6521,8.7486,320.8874,263.7088,184.0337,536.7911,225.2773,9.9984,17799.0939,253.7104,1981.2529,4.6868,0,1376.6599,6716.763,473.9884,531.5544,1.8747,9.9984,5.3117,0.9374,562.0997,2042.8058,5695.3601,589.2829,2233.401,2604.2806,7797.2192,69.6766,316.8255,5.9366,619.2782,0,5.3117,253.0855,2471.4888,8.1237,0.9374,10014.0603,32.4949,99.9844,0,5825.9647,64.6774,487.7363,788.9392,349.9453,45.6179,357.3348,695.2039
TCGA-GV-A3QI-01,13.8,2092.7205,4183.847,16.4718,179.0648,1401.7003,452.1785,2700.0531,1575.983,978.2147,2446.5994,861.0521,1194.474,460.1488,1350.6908,433.3156,1923.4857,1130.1807,2376.7269,631.2434,1029.7556,19357.5983,1439.6918,1340.5951,897.1838,590.0638,6826.5037,1518.8629,1062.6993,1459.6148,1912.3273,2689.9575,1430.1275,440.7545,423.4857,148.2465,3.7194,50.4782,7158.0765,989.373,36841.3921,14.6121,894.7928,11141.339,2893.1987,1967.322,455.898,96.44,2188.0978,1017.5345,162.593,1973.1111,1132.5717,1132.0563,311.9022,1070.4038,1598.5654,1633.6344,1136.0255,5.3135,1621.4134,3493.0925,924.2827,2147.4495,855.7386,6419.4341,2569.8725,1557.9171,8076.78,1057.9171,195.271,1999.203,63.8071,446.5994,2522.3167,5715.1966,504.7821,192.3486,1855.7386,2837.6727,304.4633,90.5951,577.577,2335.5473,7143.1987,1813.2306,2114.2774,3577.577,1203.2412,6.6419,6.9075,1248.406,3494.6865,1089.5324,868.2253,173.22,980.6057,774.4421,904.3571,2799.9469,121.6791,1094.0489,934.9097,200.8502,627.5239,1158.3422,583.4219,5.8448,14865.5685,1061.3709,1093.5175,311.8013,107.5983,1146.6525,551.8066,40.6482,0.5313,15.1435,1577.3114,2875.9299,83.6876,3136.8225,1956.9607,417.6408,77.8427,3.1881,1503.7194,296.2274,23.6451,1124.8672,24.7078,175.6111,112.9118,827.3114,1141.6658,464.1339,803.4006,37.7258,771.1424,1157.8108,20.1913,445.0053,2.1254,2423.22,2068.2279,1009.83,5052.8693,1721.5728,2125.6642,748.1403,4313.2306,5142.6674,849.8937,165.2497,1176.1424,179.907,751.594,647.1838,9.2986,3770.7226,2548.0871,0.797,5.5792,0,686.5037,3.1881,784.0064,2444.474,3845.6429,7140.2763,2480.8714,237.779,3465.1966,759.0329,4151.966,1509.2986,173.4857,1527.3645,1591.3921,2227.6833,250.2657,1431.9872,106.5356,2211.7428,490.4888,1112.1148,5780.2869,171.3603,1010.0956,1015.4091,727.152,104.1445,361.0521,1597.237,3456.4293,240.7014,649.0436,530.0213,4010.627,1992.5558,733.5282,91.9235,23.9107,352.2848,321.9979,2867.6939,2441.5515,2030.2869,1903.0287,68.0128,96.9713,74.3889,2299.1498,69.4979,5302.8693,579.4368,349.644,1746.5462,2024.9734,3456.9607,2.6567,1440.2232,1089.7981,1464.9309,1892.136,6385.4942,5047.5558,337.1413,177.4708,1502.9224,190.7545,819.3411,460.1488,7577.577,17.8002,1570.4038,65.2896,1784.2721,14935.7067,942.8799,611.0521,888.9479,429.8618,351.2221,5957.2264,1351.7535,5136.2912,2590.0638,812.9649,683.3156,1286.9288,120.085,4026.0361,1385.4942,1023.1137,25.2391,537.1945,778.4272,173.7513,463.6026,4891.6047,55.7917,3304.1977,278.4272,6074.9203,2.9224,2.3911,5896.9182,4103.0818,776.8332,647.0829,16.2062,66.6844,1177.8799,1.594,1186.238,815.6217,1494.6865,888.9479,1615.5685,2194.2083,7203.7726,81.0308,451.3815,5250,691.8172,22.848,1.0627,430.6589,1299.4155,129.6493,30.0213,4058.9798,6.1105,203.2412,4.5165,11907.5452,213.0712,359.9894,951.9129,474.4952,228.212,451.8916,626.7269
TCGA-GV-A3QK-01,4.333333333,1178.9869,4219.8874,4.878,126.454,518.1989,5.6285,3359.4747,1025.1407,435.6473,1395.8724,746.7167,1729.8311,116.3227,884.803,237.8987,652.2364,211.257,2663.4146,290.4315,519.3246,18835.6473,5.2533,2803.0019,972.9831,1531.7073,8925.2946,1325.7036,836.773,149.7186,2593.621,24198.8743,533.9587,488.1801,764.3527,12150.8443,43.9024,3.3771,8413.1332,341.0882,13241.651,15.0094,1313.6961,12713.6961,2668.2927,2860.788,121.9512,376.3602,2048.4053,575.985,64.5403,2969.666,1972.9831,1159.8086,371.1069,853.2833,1136.5854,1026.6417,1055.9099,4.878,1034.5216,1645.7786,3369.606,2592.8705,682.9268,1743.3396,866.4165,736.9606,8343.3396,720.8255,0.3752,2637.5235,800.6754,320.8255,1923.8274,5418.3865,551.97,184.9906,1042.4015,2792.4953,1249.1557,5.2533,772.6079,2472.7955,3803.3771,1780.4878,1415.7824,3920.4503,2380.1126,402.6266,77.6735,1243.152,539.212,1018.3865,713.3208,1652.5328,728.3302,795.8724,2176.7355,1467.9174,0,1948.2176,1207.1295,29.2683,1709.9437,1278.7992,150.0938,41.2758,20631.5197,514.4465,1693.4334,19857.9662,257.7861,1132.0826,191.3696,27.3921,56.6604,42.7767,1572.6079,2785.3659,91.9325,2393.2458,226.2664,542.5891,220.6379,95.3096,1672.4203,754.9719,16.1351,10123.8274,52.1576,162.1013,25.5159,3319.6998,421.0544,84.4278,200.7505,13.1332,400.3752,1075.4221,48.7805,216.8856,174.4841,1463.0394,1766.6041,584.6154,1939.5872,899.0619,1526.8293,829.2683,2568.4803,2886.3039,928.7054,21.3884,1154.2214,325.0394,499.4371,5418.3865,543.7148,1734.7092,1121.9512,3.7523,6.7542,0.3752,401.1257,25.8912,550.0938,3158.7242,5783.4897,3542.9644,3391.3696,794.7467,1911.4447,1466.7917,1679.5497,913.3208,153.8462,1689.6811,7374.4841,4133.9587,946.3415,598.1238,437.1482,1493.8086,2105.9475,1369.2308,4598.1238,104.3152,1197.7486,311.8199,414.2589,193.621,227.3921,1072.7955,6277.6735,201.5009,36.0225,111.0694,2497.1857,693.4296,290.8068,38.2739,7.1295,180.1126,159.0994,1383.8649,1312.5704,1510.6942,1799.6248,560.6004,879.1745,533.2083,165.8537,17.7523,6628.8931,273.546,788.5816,2072.4203,7902.439,4428.1426,46.5291,1123.0769,1081.8011,604.5028,1578.9869,4067.9174,7911.4447,270.1689,73.1707,1505.0657,202.6266,708.0675,121.9512,11531.7073,4.5028,1401.8762,3.3771,2400.7505,3889.3058,974.8593,1168.8143,1078.424,238.2739,41.651,7591.3696,470.9193,2219.137,3702.8143,759.4747,381.6135,101.3133,83.6773,5938.4615,3039.0244,1271.2946,30.0188,418.7617,137.7111,217.636,161.3508,677.6735,119.3246,4659.2871,87.0544,12206.7542,16.8856,13.8837,29326.0788,7892.3077,505.4409,1353.0919,2.6266,80.3002,65.666,3.3771,193.2458,909.9437,1891.5572,688.9306,1812.758,541.0882,12009.7561,58.9118,227.0169,16.8856,1442.7767,34.1463,233.0206,506.5666,3548.5929,13.5084,0.3752,11605.6285,0,174.4841,0,12979.3621,6.7542,565.4972,327.5797,800.3752,26.2664,1361.3508,230.394
TCGA-GV-A40E-01,4.833333333,1041.9988,2037.4727,0.4011,217.3839,304.8187,0.4011,1702.172,1884.2611,334.8995,675.0131,1520.8851,1911.5344,36.8991,458.8324,126.3393,1173.5522,147.1954,1482.3817,432.7624,388.2428,7437.9784,1913.5398,219.7904,1301.0947,1142.6692,7877.15,1485.9914,328.8834,1039.9894,751.6188,4951.7003,1262.9924,263.5078,2221.5671,152.0083,0.8022,82.2208,2732.5396,276.7433,13251.9949,8.8237,1554.5756,919.2692,1962.0701,1860.1965,107.8898,349.3383,1824.5006,622.472,19.6528,1128.3147,1153.8994,1463.6915,454.8217,658.5689,1010.7148,6367.5031,1026.3568,2.8075,1157.108,2480.6631,1781.9864,1495.2162,1680.1128,1860.5695,5033.9211,2006.9908,11484.0461,1796.8263,0.8022,820.2031,554.0321,232.2238,248.2668,4856.2439,561.5082,80.2155,575.947,2042.2856,737.1801,15.2409,5.214,1219.676,2965.1644,1095.3421,980.269,4293.9335,2474.6469,648.9431,235.0313,1161.9209,1550.5648,698.6766,250.6733,2240.4178,827.0214,539.0479,4178.8243,831.4332,1.6043,2415.2875,563.9147,41.712,222.1968,1132.2412,92.6489,38.9045,25379.369,839.4548,1079.299,6448.0675,240.6464,7898.4151,709.5057,229.8173,3.6097,6.4172,1456.3117,4159.5726,874.3485,798.1438,117.5156,502.9509,363.7771,115.5103,931.7026,170.0568,12.8345,1119.4067,0,96.2586,9.6259,855.4979,1188.4562,468.0572,442.7893,20.4549,470.0626,1321.1486,2.0054,44.1185,17.2463,2633.4735,1050.0204,79.4133,1114.1927,555.091,2723.3148,676.6174,3125.1943,5745.8333,383.4299,157.2223,1141.466,247.7936,5122.5592,391.0504,55.7497,2382.8002,833.0375,6.0162,4.8129,5.214,553.4867,360.5685,1627.5717,2965.9666,3241.1056,3259.5552,1908.7268,731.1639,5453.849,1681.7171,1491.6065,805.7643,0.8022,1025.9557,3997.1363,3764.9126,387.8417,462.8432,46.926,1083.3098,937.7348,1257.7784,6867.2454,689.0508,1904.315,1316.3357,1241.7353,1369.679,453.2173,2723.7159,1184.7823,226.6087,360.5685,330.8888,2380.7948,934.9072,472.068,30.883,5.6151,212.972,1034.3783,1855.3836,332.8942,826.6203,1350.4272,1486.7935,614.4504,121.5264,256.2884,22.1756,7758.8402,271.9304,195.4008,802.1546,2721.3094,1502.0345,38.9045,376.2105,727.1531,694.2648,1659.2568,644.1301,11506.9076,637.3118,50.9368,1741.8787,44.1185,843.4655,1432.247,197.33,65.3756,1567.8111,18.0485,8217.6727,20592.1104,1206.8416,891.3261,10056.211,1912.3365,103.4779,7197.332,969.8049,1608.721,2234.0005,1184.7823,494.1272,256.2884,71.7928,1931.9893,3410.3602,1396.5511,0.4011,786.9137,158.0245,157.4389,452.0141,638.114,16.4442,4862.26,190.1106,1542.9443,7.2194,738.7844,9047.5016,6672.7229,352.1459,442.1677,23.6636,24.8668,1416.2039,34.0916,254.283,848.6796,1224.0879,1590.6725,1861.8008,4428.6955,11577.4972,137.9706,241.4485,0.8022,458.4313,6.0162,3.2086,128.3447,488.5121,32.8883,15.2409,16803.1332,1.6043,36.498,0,5694.0943,5.6151,649.7452,471.2658,390.6493,62.9691,470.8527,494.1272
TCGA-GV-A40G-01,4.433333333,1089.5718,3627.3292,1.6345,199.7385,306.6362,44.7859,3517.8163,1779.6666,284.0798,1171.2978,1109.186,2535.4691,85.322,1453.0892,129.781,782.6087,139.2612,147.1069,325.9235,666.5577,10802.8768,2173.913,1652.8277,1522.3929,1773.1285,5181.0821,1599.8692,500.1635,217.3913,2072.2458,29887.218,737.4959,378.5551,179.1435,373.9784,0,22.8833,1992.8081,444.9166,28193.2004,20.2681,1037.594,12265.1193,3176.5283,2410.9186,259.8889,186.9892,3412.5531,354.0373,29.7483,1583.6025,1168.3557,1605.0703,395.2272,1399.477,879.0454,1033.998,489.0487,7.1919,1070.6113,1734.5538,2624.0602,2184.374,1054.593,4517.1625,354.6911,1744.6878,4672.442,1095.7829,0.3269,2118.9931,33.1939,463.5502,270.3498,6678.3263,144.8186,74.8611,908.1399,2319.7123,492.6447,12.0955,783.2625,2422.3602,7410.5917,629.6175,561.2945,6821.1834,1479.8954,17.3259,19.6143,1231.4482,2218.6989,1613.5992,807.4534,610.0033,1741.7457,642.6937,3842.1053,1371.0363,15.3645,2747.303,749.2645,52.9585,2031.0559,2580.5819,179.4704,5.5574,15656.0968,865.6424,1625.3678,393.6384,183.0664,1091.5332,866.2962,5.2305,1.3076,21.2488,1029.7483,2763.9752,36.2864,2366.1327,1165.7404,548.5453,40.2092,55.2468,1323.9621,264.1386,4.9036,6899.6404,21.9026,216.4106,164.7597,2489.3756,1703.8869,201.0461,262.5041,194.508,336.7113,1005.5574,0.9807,6.5381,2.2883,962.0791,1159.8562,589.4083,4614.5799,936.2537,1616.8683,856.489,1460.608,2570.4479,525.0082,17.9797,1817.9144,646.8519,79.1108,6320.3661,13.0762,2102.321,346.8454,1.9614,18.6335,0.6538,569.4671,2.6152,643.3475,3477.934,4365.4789,4226.2177,3649.49,954.5603,3374.6322,2103.9555,2968.6172,979.7319,93.1677,2318.4047,6014.0569,3595.2926,983.001,473.6842,67.6692,1107.2246,1874.4165,2175.2207,3765.2828,102.9748,563.9098,772.8016,810.7225,132.7231,150.049,1383.1317,2105.2632,186.0085,1138.2805,164.7597,1203.3344,1603.4652,489.0487,30.0752,13.73,175.5476,31.7097,1708.7283,1636.8094,1416.8029,791.762,544.9493,211.1801,228.833,138.6074,23.6711,10386.7277,333.1154,169.1827,962.406,6777.0513,2451.4547,0.3269,738.1497,775.0899,1199.7385,1989.2122,2339.3266,5873.815,253.6777,35.9595,1226.2177,89.8987,1119.32,343.2494,5590.0621,33.998,1039.8823,5.2305,4067.3423,4747.6299,1141.8764,836.7179,2314.8088,2684.5374,446.2243,7217.0644,912.7166,2032.6904,5368.4211,997.7117,87.2834,95.1291,359.5946,6760.0523,3169.0095,2644.3282,18.6335,466.4923,233.4619,267.4076,925.1389,774.1092,77.4763,5669.4998,118.0124,2010.4609,2.6152,0,9091.2063,5241.2553,323.3083,943.3704,5.8843,26.4792,2536.1229,1.3076,295.5214,884.9297,3692.3831,940.5034,2355.018,1323.3083,7342.9225,8.1726,239.6208,4.2498,831.9712,2.2883,20.595,946.7146,2029.4214,2.6152,0,84297.8097,32.0366,46.7473,0,6871.8535,72.2458,894.083,797.6463,575.3514,4.5767,500.8009,361.2292
TCGA-H4-A2HO-01,2.833333333,1317.0503,3428.2136,0,58.8696,547.3618,1.2525,2546.4224,1342.7274,561.7661,1250.6654,647.5654,1350.2427,204.791,777.2037,407.0769,169.7197,65.7586,2087.365,623.767,605.6051,19473.9314,297.4793,2875.8416,930.6404,1359.0105,6843.8891,961.954,925.6302,426.485,2101.7692,16447.1583,171.5986,664.4747,534.2101,3814.6235,16.2831,1.2525,8146.5477,242.9936,29806.7951,30.0611,807.891,25600.1253,2870.2051,2909.6602,136.5273,249.2563,2136.8405,434.0066,96.4459,1282.1356,1839.3612,1156.2111,849.8513,1011.4295,1471.7395,1682.7932,521.6847,12.5254,745.2638,383.2785,3842.8057,2150.6184,764.052,2430.5621,978.237,1385.9402,10466.2596,1303.8985,2.5051,1534.993,1372.7071,199.7808,1119.7745,11289.1811,550.4932,526.6948,2036.0106,1590.1049,1377.7987,1.8788,361.9853,1463.5979,9115.3906,1571.943,1145.4517,3221.5438,1536.8718,97.0722,68.2637,726.4757,2171.2854,1426.6479,544.2305,1221.8569,1719.7432,1235.6349,2039.7683,1202.4425,0,2048.5361,484.1083,6.2627,1323.313,1239.3925,25.0509,28.8085,27115.0775,792.8605,811.0224,613.8845,458.4312,2832.0025,329.4191,2.5051,81.4154,73.2738,1008.2981,1067.1677,400.8142,1021.4498,122.1231,283.7013,362.6116,472.2092,1475.4971,1233.7561,10.6466,6238.9228,11.2729,318.7725,92.062,1278.2214,139.452,182.2452,819.1639,200.4071,418.976,1445.436,4.3839,163.457,58.2433,13198.0586,936.9031,1322.0604,1160.4822,863.003,2022.8589,946.9234,2800.0626,3307.9693,1034.6015,43.2128,967.5904,337.0158,190.3867,7489.5882,258.6504,757.163,766.5571,1.2525,62.0009,26.3034,373.2582,10.0204,1705.9652,8914.3573,4644.434,3939.2516,2834.3134,1612.0244,1456.7089,1587.5998,3108.8148,2632.2217,25.0509,2813.8406,6874.589,1979.0199,811.0224,730.2333,443.4007,1518.7099,1118.9604,1806.7951,3053.0766,310.0047,982.6209,141.5375,60.1221,495.3812,134.6485,1060.2787,10564.5843,183.4977,638.7976,63.2535,1551.9023,795.3656,630.0297,257.3978,14.4043,90.1832,131.5171,1285.1104,2671.0506,1074.0567,2884.6094,1028.3388,326.2878,612.4941,642.5552,21.3058,9512.4472,337.5607,347.6061,1579.4583,3709.4097,8111.4764,20.667,477.2194,390.1675,274.9335,626.8984,6671.0506,7140.7547,222.9529,58.2433,1295.1307,38.8289,634.4137,449.6634,2690.465,4.3839,1275.09,0,5857.5231,1828.7146,1680.9144,1075.5284,2513.8563,15.0305,102.7086,4416.471,231.0944,2963.5196,7807.7345,637.545,1223.1094,4.3839,20.667,3111.3199,2465.007,786.5978,79.5366,242.3673,135.6568,73.2738,50.728,563.6449,213.5588,15356.8185,22.5458,21325.1918,18.7882,5.6364,12095.1934,9833.0985,177.235,556.1735,46.9704,137.7799,1362.7681,7.5153,607.484,1580.0845,2373.5713,866.7606,1749.178,943.1658,11364.9601,276.186,387.0362,11.8992,1225.6145,0.6263,7.5153,285.5801,4211.68,8.7678,0,16331.2979,15.6568,193.5181,0,5237.5137,46.3441,455.9261,529.1999,347.581,67.6374,607.4401,284.9538
TCGA-H4-A2HQ-01,13.63333333,2009.5759,3151.8468,0,190.1505,652.9868,0.912,3329.2294,2929.7766,1122.663,1336.0693,1173.2786,943.4565,239.3981,956.6803,372.549,866.3931,414.5007,1711.3543,990.8801,1108.0711,20051.5276,5.472,707.7063,2182.3985,1430.0046,4942.9777,1647.9708,1219.7902,638.3402,2512.0839,5031.4637,568.1715,380.301,487.9161,7041.4957,0.912,98.0392,8118.5591,411.7647,34954.4004,12.7679,761.5139,10908.3447,1212.4943,10032.3757,217.9663,167.8067,2183.3105,642.4989,261.7419,2941.2768,1749.202,1314.4186,607.3871,1106.2472,1637.4829,1590.0593,501.14,8.2079,891.4729,1610.5791,1879.161,3273.5978,665.7547,3781.7556,1846.7852,2418.1487,6787.5057,2011.3999,4.104,877.337,443.7118,606.0192,1373.917,8157.7747,241.6781,412.2207,909.7127,2610.1231,1691.7465,5.928,7.7519,1404.4688,9281.3497,1299.5896,1305.0616,3255.358,1548.1076,472.8682,31.0078,1557.6835,474.2362,1404.0128,735.0661,295.4856,1950.7524,1244.414,4179.6626,1355.6772,5.928,3308.2535,1299.5896,118.5591,8390.3329,1943.0005,224.3502,14.1359,23293.6617,985.4081,2821.7054,9177.0588,140.9029,951.2084,374.829,15.9599,31.0078,13.6799,1962.6083,2502.508,923.8486,1884.6329,369.357,259.0059,157.7747,25.5358,2008.2079,280.8938,13.2239,3043.3197,14.1359,86.6393,7.2959,2554.4916,706.6849,383.0369,146.8308,115.3671,475.6042,1683.5385,4.56,74.7834,20.9758,5280.8938,1483.3561,222.0702,1651.1628,1674.4186,1665.7547,653.8988,2618.3311,11758.3219,1376.653,90.2873,1550.8436,259.2567,2000.456,2474.6922,77.9754,1734.6101,797.0816,2.28,61.5595,1.824,630.187,7.2959,258.5499,9728.2262,8070.2234,8976.2882,2074.2088,1301.4136,3938.8965,1536.7077,6669.8586,1686.2745,394.8928,3027.8158,7315.5495,6628.819,594.6192,1083.9033,205.6544,1197.9024,1149.3753,1021.4318,5281.3497,232.5581,880.985,888.2809,532.1477,170.9986,461.4683,1581.8513,3983.1281,314.6375,34.6557,153.2148,2090.2873,1109.4391,616.0511,89.8313,5.472,276.3338,134.9749,1025.0798,808.9375,1777.0178,1135.8869,2506.6119,418.6047,453.7164,306.4295,31.0534,5445.0524,597.3552,245.0068,2156.8627,1804.3776,2770.1778,10.9439,827.1774,544.4596,942.0885,1245.782,3830.8254,9037.3917,300.0456,58.8235,1610.5791,364.7971,2289.5577,148.6548,3797.0816,54.2636,941.1765,0.912,2248.974,3371.637,1752.394,2746.9585,3386.6849,1668.9466,689.0105,6953.9444,427.7246,2728.6822,4913.3607,602.8272,153.2148,891.9289,51.0716,3470.5882,3901.0488,2494.3,10.9439,401.2768,139.5349,237.0223,295.4856,5043.3197,25.5358,10943.4565,121.751,5186.9585,1.824,1.824,6846.7852,6640.2189,413.1327,430.6065,12.7679,31.4637,10.9439,4.56,1261.7419,1921.1126,5566.8035,686.7305,2284.9977,1856.8171,5577.7474,4.56,376.653,4.104,823.9854,10.9439,10.4879,291.8377,1341.5413,21.4318,0.456,11678.9786,0.912,109.4391,0,5016.8719,95.7592,924.8381,703.1464,247.15,92.1113,1114.4368,166.8947
TCGA-HQ-A2OE-01,4.7,1244.1672,2253.1763,0,431.5084,478.4015,81.5431,5681.6817,3307.9233,667.3597,1571.9566,559.9446,865.5579,24.717,2166.0892,745.2067,795.5648,112.0351,355.5094,313.9293,1067.4521,14321.7833,77.6161,2734.5807,1344.8833,1840.1478,17608.3553,765.3038,2422.2684,1871.5477,5080.8501,8445.1374,1026.103,414.1834,2042.273,4743.1277,3.927,31.647,4987.757,600.8316,5911.0649,76.2301,992.377,3917.3019,2882.1899,2290.8293,87.5491,97.7131,7329.4063,3473.0885,225.6872,4960.9171,1677.7547,1545.5556,786.5558,3079.4641,1577.5006,3256.1793,843.6128,3.465,2352.9684,3128.4361,2303.9963,4569.8776,1291.5223,2445.7565,1875.4909,3288.2883,6989.605,2148.5331,2.772,1232.3862,187.1056,622.0836,549.0875,9535.9205,192.6542,310.6953,1908.5239,4144.6061,889.3509,1.848,9170.2472,1443.0584,6073.9201,1738.5077,1639.5726,6995.842,3534.7655,693.0007,76.6921,1332.1783,2461.7695,1115.5001,2151.5362,1103.7191,1125.6641,680.9887,1966.736,2161.9312,6.237,3455.0705,1408.8704,82.9291,1230.3072,3405.4054,248.7872,16.632,21035.805,425.5024,1113.4211,2295.5948,10656.2717,705.4747,231.2312,60.2911,35.805,16.17,2619.0806,5813.5828,2399.6304,1903.6729,364.0564,762.9938,187.5722,109.9561,1425.9644,255.4863,13.398,8841.7648,0.693,68.8381,28.875,2930.4689,414.4144,230.3072,117.1171,134.2111,553.4766,1678.9097,3.696,54.0541,38.577,2739.6627,3399.6304,176.2532,1955.879,1087.3181,2591.1296,431.9704,2746.3617,9878.4939,1357.3574,6.468,1741.2797,394.188,447.9094,6648.1866,1307.9233,2526.4495,2111.3421,1.386,0.462,0.231,256.1793,4.62,242.3192,1365.4424,7155.2322,9588.346,4461.5385,682.3747,1623.9316,1203.2802,1880.5729,863.0169,119.8891,2780.0878,7527.1425,5065.3731,1264.2643,522.5225,270.0393,1857.9349,443.167,3704.5507,6894.2019,189.8822,2898.1289,827.9048,769.6928,342.5733,400.0924,1816.5858,4330.0993,132.3631,343.0353,259.1823,6476.3225,1540.9979,194.9642,15.015,1.155,193.5782,73.9201,1627.3966,771.3098,2592.0536,8173.7122,239.0852,659.2747,442.3654,83.3911,15.8027,8708.7087,436.5904,570.097,1720.7207,4445.3684,2418.5724,10.626,1151.3052,510.2795,1116.6551,2337.2603,1953.107,3751.4438,264.4953,68.1451,3236.7752,1467.5445,820.7438,133.7491,17222.2222,9.009,1779.6258,14.3197,5322.7073,3383.4604,886.5789,593.2225,1970.894,1146.6851,84.0841,8164.4722,274.6593,6319.0113,5943.6359,672.4417,48.279,16.863,220.8362,9297.7593,5665.9737,943.8669,22.407,395.9344,363.1324,233.964,694.6177,620.2356,45.738,2926.3109,97.2511,7243.0122,5.544,4.158,5193.3472,6655.8097,586.5096,689.9838,1.617,151.7672,867.8679,0.462,452.0675,1191.4992,4248.7872,867.1749,881.4969,2339.8013,3975.283,3.927,183.8762,1.617,670.5937,41.811,1.848,2645.4146,3671.0557,606.1446,0.231,8377.2234,2.31,57.2881,14.2827,13219.4502,34.188,647.9903,487.8725,143.4511,51.5131,1168.2328,618.1566
TCGA-K4-A3WS-01,8.733333333,3155.1393,4556.196,1.9212,218.5399,489.4332,21.1335,2948.6071,2110.4707,798.2709,1335.7349,838.1364,1415.9462,245.9174,766.5706,137.8482,292.5072,193.5639,1161.3833,859.2699,869.8367,8138.3285,13.4486,4019.6926,2109.5101,1790.586,5751.6763,1655.6196,929.8751,537.4544,2215.658,9582.6129,439.9616,300.6724,1359.7502,10129.683,5.2834,9.6061,5554.755,431.7963,25317.9635,15.3698,656.5802,7082.6129,2787.2238,2945.7253,372.7185,548.511,1675.7925,450.048,246.3977,2535.4851,902.0173,809.0682,393.8521,1038.4246,829.4909,854.9472,535.0624,12.488,646.4938,1126.3208,1670.5091,2206.5322,652.7378,2925.5524,1834.2939,2156.5802,7612.8722,833.8136,21.1335,960.1345,1668.4582,494.7166,1236.3112,7412.1037,488.4726,269.9328,1487.512,2008.1652,1036.0231,25.4563,256.4841,1260.3266,5536.0231,1319.8847,1020.1729,2591.2584,1656.5802,961.0951,127.7618,1116.2344,1607.5889,1091.7387,517.7714,2138.8088,546.5898,829.9712,1817.0029,1012.0077,38.9049,4576.3689,792.0269,32.6609,1375.6004,2039.3852,94.6206,114.3132,20340.0576,439.4813,1647.9347,3012.0509,1235.8309,2042.2671,323.2469,26.4169,251.2008,136.8876,1114.3132,3415.9462,444.7646,1249.2795,175.3122,340.5379,908.7416,210.8549,1285.7829,1527.3775,330.9318,2644.5725,0,331.8924,37.9443,1373.6792,467.0173,210.3746,2294.4284,98.463,551.6571,1271.854,134.0058,251.2008,57.1566,4003.8425,1144.0922,628.7224,1550.9126,1537.9443,2339.5773,588.3766,3356.3881,1009.6061,1029.2988,342.9395,1158.9817,281.9356,1260.3266,5047.5504,76.3689,3327.0893,695.9654,4.8031,144.0922,7.2046,361.6715,72.5264,6136.4073,2405.3794,3605.6676,3503.3622,1849.1835,927.9539,1243.9962,1026.4169,2410.1825,1238.7128,244.9568,2891.4505,4885.6868,4059.0778,873.1988,879.4428,219.0202,2888.5687,1301.6715,1108.0692,3221.902,813.6407,987.512,522.0941,591.2584,1839.097,432.757,1344.8607,2088.3766,204.611,288.1844,229.1066,3911.6234,844.3804,448.6071,400.0961,20.1729,170.5091,309.0826,1496.1575,831.4121,1347.7426,1880.4035,1127.2815,586.9356,219.0202,427.4736,22.1518,8577.8098,675.7925,272.3583,1211.8156,3763.6888,1749.2795,73.9673,749.2795,626.3208,665.7061,2228.6263,1375.6004,7332.853,296.83,205.0913,1099.9039,114.3132,580.2113,166.1864,2732.9491,75.4083,936.5994,1.4409,3993.2757,2447.6465,1004.3228,762.2478,2302.5937,257.9251,255.5235,5641.6907,484.6302,1771.3737,3190.682,537.9443,909.2219,45.6292,136.8876,7207.0125,4251.6811,1077.8098,40.8261,291.5466,190.682,197.4063,233.4294,862.1518,366.9549,2079.2507,96.0615,4664.2651,146.9741,18.2517,27810.2786,7674.8319,295.389,407.3247,168.1076,249.7598,257.9251,0.9606,279.0586,1651.2968,1825.1681,1232.9491,1382.3247,1673.391,6494.7166,295.8694,251.2008,1.9212,812.6801,3.3622,79.2507,537.464,2121.0375,54.2747,152.7378,8855.4275,0.4803,443.804,0,6442.8434,239.1931,592.6993,415.4659,216.6186,145.9558,430.3458,366.4745
TCGA-K4-A3WU-01,3.8,2063.9219,2976.2594,1.6661,131.286,406.8532,88.3015,2653.7091,1535.1127,1423.8196,1382.8344,801.0443,1373.8376,660.4284,880.0158,199.9279,342.2099,101.2968,924.6663,673.0905,776.7197,9311.9733,73.6401,2550.4131,1461.4727,1940.6331,6914.8082,1097.2707,409.1857,754.0579,1537.7785,7244.386,159.6091,558.7984,1105.9343,5882.8773,37.6531,74.9729,3640.3531,438.8417,16807.9351,13.995,843.0291,8894.4573,3768.9734,2926.2774,277.8997,870.0194,2092.5783,550.8013,287.2297,1947.1074,1388.1658,1249.0793,747.397,1131.2585,781.7179,1018.9657,830.7003,29.9892,710.7435,1224.2249,1375.5037,1647.4056,744.7313,2274.1328,1494.4607,2496.4325,5999.5018,1151.9177,59.9784,1316.1917,982.8154,292.5611,1134.2574,6943.4946,357.8709,236.5813,1439.4806,2380.8076,987.6436,93.2997,739.3999,1835.671,5806.2382,1604.7543,1464.5049,2870.9641,1573.4323,556.4659,74.9729,2256.1859,1915.3089,793.0472,418.1824,1577.4308,1523.4503,1001.9718,2142.8934,1102.2689,0,2101.9082,850.693,42.9845,1736.7067,1260.5452,106.6282,342.5431,14335.8272,573.793,1177.9083,3134.2157,1299.8643,2349.4856,633.4381,34.3209,1268.5423,722.7392,1328.5206,1917.9746,335.8788,1613.4178,261.9055,242.9123,575.459,224.2524,1446.1448,4696.3054,168.2726,3523.7285,6.331,480.8265,200.2611,1713.0485,346.3117,140.6159,2168.5508,77.3054,811.5738,979.9797,134.2849,701.4136,183.9336,5866.883,1437.4813,622.4421,1248.5495,1543.1099,1669.3976,879.3494,2577.4033,4952.8795,911.0046,322.2171,1219.2267,229.004,997.9732,9679.8405,138.9499,1405.8261,1206.8978,162.2748,153.278,43.6509,350.207,47.3163,2447.117,3868.2709,5578.9869,4922.2139,2663.7055,873.3515,1674.0626,1132.5913,2770.0005,1694.7218,91.3004,1473.4683,5432.7064,4353.7624,686.419,928.9981,671.7576,2491.1011,1490.3356,1603.7546,3885.5979,1034.6267,1261.2116,287.2297,309.2218,728.4038,372.5322,1253.8809,5523.0071,176.6029,812.7067,229.2506,1736.0402,715.7384,445.5059,1505.4568,133.6185,280.8986,469.164,948.3245,992.3086,1293.2,1068.6144,984.9779,295.8932,333.2131,339.5441,18.8132,6415.0186,465.1655,315.003,2213.5346,3309.8057,2244.8566,47.6495,786.0497,713.7425,379.8629,950.657,2349.1523,7644.9081,258.2402,88.6347,1162.2473,132.952,815.7057,1941.9659,2642.7131,1.3329,905.6732,13.1253,4359.0938,2795.6579,1256.5466,1044.1832,2624.0532,1025.6299,415.8499,5586.3176,352.5395,2481.7712,2619.3882,1016.9664,663.0941,35.987,117.6242,2576.4037,2304.835,897.0097,31.9885,391.1922,132.8421,204.5928,79.9711,1484.1311,286.2301,5105.8243,51.3148,6655.5984,771.7215,10.6628,40460.7338,5424.0428,363.2023,474.3655,14.9946,359.5369,568.1283,1.3329,360.8698,1672.0633,1525.4496,998.3064,1565.7684,1325.8549,11465.8627,171.2715,425.1799,0.9996,807.3753,24.6578,179.6019,517.4799,1285.2029,48.9823,57.6459,8847.4742,31.322,299.8918,3.3321,4946.5485,27.9899,547.8357,210.2575,408.8525,252.2423,590.1204,362.2026
TCGA-K4-A3WV-01,2.066666667,1894.1339,5059.0856,285.9871,170.9982,317.3862,98.4406,2530.6036,1322.1598,298.2921,775.2201,1025.1406,1326.4029,387.3979,686.963,208.3378,400.1273,190.9409,1161.3451,382.3061,632.2266,12015.6996,1.6973,482.444,2152.1163,2165.6943,5670.0923,1505.8873,2584.9157,1397.242,1983.2396,2267.1051,619.0729,305.9298,1718.8925,661.9285,0,86.1356,193.0625,381.8818,23326.615,25.0345,598.7058,4112.8673,2517.0256,4176.9386,172.6954,524.8754,4229.1291,1300.9441,1339.9809,2213.9684,1447.3321,972.7761,296.5949,542.2722,1455.8184,1063.753,285.1384,3.3945,873.2364,1488.9148,1956.9322,1629.7868,890.209,3781.3387,1635.3029,2314.2039,5991.7259,2431.7386,0,818.0757,338.5425,653.8666,4112.8673,6445.741,467.5931,121.3536,1220.7489,1603.0551,889.7847,9.3349,1306.8845,1328.1001,6424.5253,1059.9342,653.1367,4651.745,2618.8607,2192.8503,123.8994,926.2756,1184.6823,1413.3871,676.7795,1519.4654,2598.0694,100.5622,2057.0701,950.8858,737.0319,2069.7995,1308.5817,38.6125,3014.7449,1864.432,257.5581,8.4863,22856.4761,474.3821,718.7865,2601.5954,6339.6627,341.5721,526.5726,72.9819,0.8486,2.9702,1323.0084,3147.5549,181.606,785.4036,308.9,1135.462,79.7709,149.3582,960.645,148.0853,282.5926,2618.4364,0.4243,572.3984,1.6973,1356.9534,1450.3405,266.0443,31691.9487,550.3341,1946.7826,1164.3153,2.5459,29.2776,0.4243,16285.5627,904.6356,416.2512,1786.7826,1134.6133,2466.9566,1192.7442,2224.6738,5906.8633,541.8479,36.4909,1898.377,449.7337,588.098,444.2559,131.9614,2160.6025,5983.6639,0,5998.5149,0,331.3886,10.1835,409.0379,305.9298,4667.8689,1641.6676,3021.1096,785.8279,1956.9322,822.3189,1324.2813,667.8689,6508.9636,983.1336,1499.947,6536.9683,592.7655,715.392,181.606,1337.8593,1866.2735,2025.2466,4750.61,40.3097,1329.3731,627.9835,1059.9342,305.0811,800.2546,857.1125,4870.2663,221.9158,46.2501,193.0625,22726.2119,1203.3478,317.3862,12.7294,195.6084,172.2711,175.6656,534.2102,547.364,2561.5784,346.6638,2014.2145,914.8191,459.9554,193.0625,90.6672,4816.3785,412.0081,180.0573,758.2476,3783.176,1880.9802,5.0918,839.2914,1091.3334,1217.3544,2028.2168,158.2688,4657.6854,291.5031,77.6493,3822.2128,74.2548,209.6107,204.5189,420.9186,11.4565,1058.6613,4.3874,4585.9765,5322.5841,885.9658,767.8328,1660.7616,41.1584,1056.964,5020.4731,420.4943,2025.2466,6622.2552,129.8398,3666.4899,78.0736,27.5804,10483.5048,4106.9269,2375.305,48.3717,436.6182,497.295,141.8946,871.1149,6985.043,10.1835,2294.6855,140.872,11526.0422,5.9404,7.2133,7160.7086,10072.7697,1134.6133,347.0415,13.1537,52.1905,197.7299,0,2168.6645,833.351,1261.9073,402.6732,1739.6839,2240.7977,10906.9693,196.0327,394.6112,3.3945,459.5311,2.1216,172.6954,409.4622,487.5358,4.6674,4.2431,4431.9508,264.3471,848.6263,0.4243,35103.002,368.7281,849.5258,734.4861,333.5101,157.8445,780.715,260.9526