sampleId,TMB_NONSYNONYMOUS,ABL1,AKT1,ALK,AMER1,APC,AR,ARID1A,ASXL1,ATM,ATRX,AXIN1,BAP1,BCL2,BCOR,BRAF,BRCA1,BRCA2,CARD11,CBL,CDC73,CDH1,CDKN2A,CEBPA,CIC,CREBBP,CTNNB1,DAXX,DNMT3A,EGFR,EP300,ERBB2,EZH2,FBXW7,FGFR2,FGFR3,FLT3,FOXL2,GATA3,GNA11,GNAS,HNF1A,HRAS,IDH1,IDH2,JAK1,JAK2,JAK3,KDM5C,KDM6A,KIT,KMT2D,KRAS,MAP2K1,MAP3K1,MED12,MEN1,MET,MLH1,MPL,MSH2,MSH6,MYD88,NF1,NF2,NFE2L2,NOTCH1,NOTCH2,NPM1,NRAS,PAX5,PBRM1,PDGFRA,PIK3CA,PIK3R1,PPP2R1A,PRDM1,PTCH1,PTEN,PTPN11,RB1,RET,RNF43,SETD2,SF3B1,SMAD2,SMAD4,SMARCA4,SMARCB1,SMO,SOCS1,SPOP,STAG2,STK11,TET2,TNFAIP3,TP53,TSC1,U2AF1,VHL,WT1,AKT2,ATR,BARD1,BCL6,BRD4,BRIP1,BTK,CALR,CASP8,CBFB,CCND1,CCND2,CCND3,CCNE1,CD274,CD79A,CD79B,CDK12,CDK4,CDK6,CDKN1B,CDKN2C,CHEK2,CSF1R,CSF3R,CTCF,CXCR4,DDR2,ERBB3,ERBB4,ERG,ESR1,ETV6,FANCA,FANCC,FGFR1,FGFR4,FLCN,FUBP1,HGF,IKZF1,IRF4,JUN,KDM5A,KDR,KEAP1,KMT2A,MAP2K2,MAP2K4,MAPK1,MDM2,MDM4,MITF,MTOR,MUTYH,MYC,MYCL,MYCN,NSD2,NSD3,NTRK1,NTRK2,NTRK3,PALB2,PDCD1LG2,PDGFRB,PIM1,PRKAR1A,RAD21,RAF1,RARA,SDHA,SDHB,SDHC,SDHD,SOX2,SPEN,SRC,STAT3,SUFU,SYK,TENT5C,TGFBR2,TNFRSF14,TSC2,XPO1,AKT3,ARAF,AURKA,AURKB,AXL,BCORL1,BCR,BTG1,CDK8,CDKN2B,CHEK1,CRKL,DOT1L,EED,EPHA3,EPHB1,ERCC4,FAS,FH,FLT1,GSK3B,ID3,IGF1R,IKBKE,INPP4B,IRS2,MAP3K13,MCL1,MRE11,MSH3,NBN,NFKBIA,NT5C2,PDCD1,PIK3CB,PMS2,POLD1,POLE,PPARG,RAC1,RAD51,RAD51B,RBM10,REL,RICTOR,SOX9,TBX3,TERT,ACVR1B,ALOX12B,BCL2L1,CDKN1A,CUL3,DIS3,ERRFI1,ETV4,ETV5,EWSR1,FANCG,GNA13,HDAC1,LYN,MAF,MST1R,MYB,NOTCH3,PARP1,PRKCI,PRKN,RAD51C,RAD51D,RAD52,RAD54L,SGK1,TEK,VEGFA,XRCC2,BTG2,CD22,CD70,CD74,CTNNA1,EMSY,FANCL,FGF14,KLHL6,MTAP,NUTM1,PDK1,QKI,ZNF217,ARFRP1,CUL4A,EPHB4,EZR,GATA6,GID4,GRM3,IRF2,KEL,LTK,MERTK,PIK3C2B,PTPRO,RSPO2,SDC4,SLC34A2,ZNF703,CYP17A1,DDR1,FGF12,MKNK1,PARP2,PARP3,SNCAIP,TIPARP,TYRO3
TCGA-A6-2670-01,0.766666667,0.0509,0.256,-2.0565,-0.227,-0.6096,-1.7863,-0.8545,0.0965,-1.9882,-0.2637,0.438,0.7531,-1.3535,-0.7384,-0.7545,-1.005,0.1495,-0.3115,-0.9113,0.0488,2.211,-1.7708,2.1672,-0.4625,-0.7177,2.5482,0.0355,0.4914,0.7997,0.0014,1.7355,-1.4925,-0.2162,-0.4623,-0.6242,0.6777,-3.4525,-5.1292,1.4552,0.1484,1.2585,-0.0325,0.915,0.1063,1.0254,-0.0353,0.0605,-0.5301,-0.1918,0.1592,0.0737,-0.2825,-0.772,-0.9235,-0.0113,-0.0767,1.5182,-1.0143,1.091,-0.9712,-1.4345,1.5496,0.0055,-0.7189,0.636,0.9183,-1.7355,-0.6859,-0.1704,0.5145,-0.1481,-0.2253,-0.554,0.4876,0.8764,0.7992,0.2084,0.4209,-1.1249,-0.2571,-2.5076,1.5875,-0.4015,-0.1658,-0.2758,0.2922,-0.3751,0.5998,-1.6838,0.2564,0.0871,0.5055,0.8426,-0.632,0.7891,0.6358,-0.3405,-0.3243,-0.8552,0.0667,0.1192,-0.9165,-0.7192,-0.9738,0.0842,-2.4095,-0.8802,-0.8056,-0.5085,0.0556,-0.0736,0.9868,-0.3689,-0.0195,0.6435,0.922,1.356,0.6497,-0.0611,-1.7382,0.3923,-2.3205,0.063,5.186,0.641,-0.2136,-0.7128,-0.1631,1.3132,-2.016,0.4409,-4.7963,1.2271,-2.2845,0.4002,-1.2669,1.502,-0.1643,-0.4435,-1.4872,-2.2685,-2.5714,0.3372,-0.3565,1.5421,1.0058,-1.2759,0.3378,-0.2547,-0.0405,-1.3669,-1.7852,-2.5453,-1.2645,-0.2856,1.5775,-0.1485,0.1173,-1.6404,0.2523,-1.2957,0.8775,0.093,-0.1417,0.2237,1.5312,-0.1325,-0.728,-0.2022,-0.2992,1.112,-0.3668,-0.467,-0.0503,0.1878,-5.6396,-1.0013,1.9212,1.2366,-0.2572,3.0975,-1.125,1.4814,1.5075,-0.2665,-0.9335,-1.0125,0.9892,-0.2543,-0.7605,-1.6475,-0.1072,0.4279,0.6782,1.416,0.2993,-1.2944,-0.6506,-2.0275,-0.7755,-0.3014,0.8082,-0.012,0.4849,-1.1513,0.5582,0.6325,0.0893,-0.624,1.4528,0.6734,1.2171,1.3082,0.2596,0.1419,-0.6523,0.432,0.708,1.0865,0.0548,0.7143,0.6144,-1.1675,-0.7842,2.4177,0.4519,-1.146,-0.0872,-0.8932,0.8115,-1.1947,2.1417,-1.3115,-1.045,0.6573,-0.3045,1.0565,0.7444,0.6512,0.3259,-1.8769,0.6111,-2.7685,0.0696,-1.073,0.4169,0.5518,1.1445,-1.8541,1.8805,0.1115,0.2212,-2.138,0.3302,0.8313,-2.8888,0.0152,0.1032,-2.3622,-1.515,0.4034,-0.3496,-1.0245,0.9329,-0.0526,-2.2768,4.1022,0.0241,-1.1102,-0.782,0.6288,-1.1733,0.0477,-0.004,-1.7235,-0.86,0.2072,-0.0722,0.7155,1.4035,0.8635,3.2008,-0.9628,-0.228,0.7258,-3.13,0.3202,0.7705,1.8975,4.6475,-0.9665,2.3768,0.8395,1.4915,-0.5569,1.7967,-2.1407,0.5102,-1.8285,1.0598,-0.058,-0.8522,-1.996
TCGA-A6-2677-01,1.866666667,-0.3402,-1.1926,-1.9669,1.1315,-0.7166,-1.9035,-1.1402,-0.4679,-1.362,-0.6328,-0.765,-0.9705,-1.6086,-0.7721,0.025,-0.097,0.2598,-0.382,-0.3618,0.0232,2.8413,-3.5463,1.426,-0.6652,-0.0456,0.1512,-0.3268,-0.0397,0.4379,0.9624,1.5596,-1.1359,0.2152,1.2722,-0.1359,0.359,-2.728,-4.5809,0.5394,-0.5584,1.2432,-0.7528,0.061,-0.1946,1.171,-0.6538,-0.2969,0.2332,0.4282,-0.1283,0.2702,0.4128,-1.3252,-0.6695,-1.0135,-0.3289,1.2979,-0.69,0.3958,-0.8908,-1.142,-0.1295,0.2803,-0.973,0.6952,0.4372,-0.7138,-0.0741,-0.2939,0.2935,0.1531,-1.0261,-0.207,0.7266,-0.1394,-0.6553,0.5539,0.2363,-0.0426,-0.5996,-1.3595,1.7858,0.2437,-0.0184,-0.6166,0.1672,-1.5307,-0.6935,-1.6238,-0.6542,0.6165,0.457,-0.1639,0.3245,-0.2221,-2.077,-0.2227,-0.4822,0.1005,-0.3027,-0.0517,-0.0027,-0.5327,0.0215,0.0945,-0.9415,-2.2092,-0.3794,-0.2781,-0.1296,-1.1985,-0.4484,-1.1179,-0.445,-0.29,0.4652,0.2965,0.351,0.1934,-2.1139,0.7548,-2.6528,-0.35,4.2515,0.2463,0.1109,-1.6597,-2.0675,1.2347,-1.3199,-0.1241,-4.5258,0.4696,-1.847,0.3615,-2.1236,0.6063,-0.8082,-0.492,-2.025,-2.3646,-2.4376,2.1133,-0.1553,1.2102,0.2515,-0.3084,-0.4922,-0.5159,-0.3645,-0.5349,-0.6609,-2.7127,-1.9672,-0.2841,0.9769,1.5729,-0.265,-1.0764,1.4341,-1.1655,0.8062,0.1417,0.637,0.061,0.4812,-1.8183,0.1381,-0.4895,-0.74,0.2988,-1.226,-0.3485,0.4134,0.8481,-4.5979,-0.8322,1.2876,0.3621,-0.2099,3.308,-0.8159,1.401,-0.3167,-0.941,-0.2879,-1.4643,-0.605,-0.8049,-1.6148,-3.2361,0.244,-0.6641,-0.0852,0.6315,-0.8067,-0.28,-1.046,-1.1225,-0.3035,-1.0066,0.6898,-0.1485,0.5078,-0.4959,-0.258,0.8815,-0.1882,-1.8811,-0.122,0.0604,0.3562,1.2097,-0.3836,0.1946,0.4687,0.8341,0.5495,0.5352,-0.955,0.0342,-0.3372,-1.0257,-0.9562,2.633,-0.0132,-0.752,0.2947,-1.0025,1.133,-0.9103,3.7254,0.0994,-1.193,0.5567,0.4,0.1546,-0.3978,0.4806,-0.0831,-1.5837,-0.5469,-3.1868,-1.3081,-1.1032,0.0874,-0.5452,-0.0241,-2.969,2.234,0.6412,0.7473,-1.7448,0.9612,0.0625,-1.311,-0.3444,-0.3673,-1.2005,-2.5892,-0.0202,-0.2845,-0.442,1.1996,-0.0362,-3.0305,1.7755,-0.1187,-0.506,-0.564,0.574,-2.487,0.584,-0.0462,-1.5969,-1.4239,-0.8567,-0.5803,0.2222,-0.8785,1.2652,3.4718,-1.1465,0.1348,0.7334,-2.5382,-0.5485,0.355,1.9298,3.4238,-1.2799,0.6891,0.0093,1.211,0.0262,0.6711,-1.4133,0.3528,-0.5355,-0.2995,-0.4835,-0.8632,-1.7188
TCGA-AA-3524-01,1.3,-0.9595,-1.4682,-1.5928,-0.055,-1.117,-2.1912,-1.3632,-0.7141,-2.3779,-1.1262,-1.0228,-1.293,-1.0421,-0.7514,-0.3342,-0.9794,-0.0405,-2.0723,-1.1887,0.1755,1.8916,-1.7369,1.4221,-1.396,-1.1768,1.2024,-0.7522,-0.1804,0.0766,-0.4486,1.3965,-0.9628,-0.1979,-0.1097,-1.4084,-0.1297,-3.2798,-4.5705,-0.0169,-1.3484,1.1719,0.0273,0.149,0.5332,0.485,-0.4795,0.4251,-1.1666,-0.0998,0.2963,0.197,0.031,-0.4475,-0.684,-1.3925,-0.6331,0.6354,-1.1092,1.2712,-0.81,-1.8515,-0.1732,-0.5295,-1.3462,0.0122,-0.6603,-2.1152,0.4765,0.8061,0.972,0.0506,-1.1527,-0.9315,-0.4875,-0.1028,-0.0757,0.0036,0.3576,-0.8051,-1.7447,-1.1576,0.9583,-0.5375,-0.061,-0.7646,-1.6749,-2.3395,-0.8128,-1.1542,0.8295,-0.0585,-0.185,-0.4136,-0.7928,0.3009,-2.1753,-1.4897,-1.364,-0.6808,0.261,-1.1084,-0.6375,-0.843,-0.1315,-0.249,-1.7365,-1.356,0.0331,-1.5694,-0.0599,-1.7027,0.9138,-1.4,0.3325,0.8245,0.7875,0.8512,0.0795,0.1756,-1.7166,1.6657,-2.6682,0.6714,4.3027,0.4712,-0.4863,-1.5838,-1.5284,0.39,-0.9612,0.129,-4.6445,0.8116,-1.8785,0.1427,-2.3829,-1.489,-0.2362,-0.0665,-2.232,-2.5299,-2.3094,0.7765,-0.2937,0.6098,0.258,-0.8993,-0.2855,-1.0038,-0.2074,-0.6898,-1.5245,-2.5641,-1.0955,-0.4834,0.6894,1.2845,0.1739,-1.3623,0.1683,-1.3758,0.397,0.569,-0.4598,-0.3975,0.761,-1.2164,-1.4659,-0.2181,-1.104,0.9985,-1.7087,0.982,0.3846,1.3078,-4.4399,-0.8328,1.954,0.0225,-0.2599,2.761,0.3778,0.6505,0.2192,-1.1593,-0.5993,-1.3245,-1.2302,-0.8231,-1.083,-3.0734,-0.7695,-0.8829,0.2161,1.1775,-0.2116,-0.6056,-1.4948,-1.9505,-0.4012,-1.6581,-0.1895,0.4975,1.7474,-0.2939,-0.4545,0.18,-0.0259,-1.7411,-0.4368,-0.1914,-0.0022,1.1003,-0.2802,0.0694,0.0848,0.9549,0.1393,0.4388,0.0578,0.0658,-0.0668,-1.7268,-1.2152,2.7203,0.3695,0.1158,0.9043,-1.258,-0.352,-1.2821,1.2558,-3.1362,-0.545,0.8078,-0.0217,0.0259,-0.1214,0.1328,0.4708,-0.8026,-0.4175,-2.489,-1.062,-1.0862,-0.3532,0.3295,1.1971,-2.8701,2.0435,0.3302,-0.2632,-2.4692,0.5495,-0.0344,-2.0995,0.0736,-0.4427,-1.2885,-2.6478,-0.1834,-0.9862,0.084,1.5939,0.004,-1.5652,2.545,-0.1084,-1.8636,-0.5805,-0.5898,-2.3563,0.2574,0.7625,0.0575,-1.2308,-0.7143,0.0533,0.5632,-0.852,1.212,3.794,-0.2375,0.3577,0.8961,-2.4058,0.744,0.0282,1.4395,4.3283,-0.6881,1.5115,0.1197,1.3542,0.4474,-0.4927,-1.3578,-0.3913,-1.3712,-0.7722,0.0575,-0.8622,-1.3525
TCGA-AA-3529-01,1.533333333,-0.7408,-0.9411,-2.6679,0.795,-0.8895,-2.409,-0.3439,-0.396,-1.7258,-0.1349,-0.7572,-1.1435,-1.8839,-0.9818,-0.553,-1.2069,-0.9125,-2.8345,-0.6583,-0.1295,1.8852,-0.676,2.0289,-0.8875,0.0403,0.8314,-0.694,0.4892,0.7301,0.7882,2.0605,-0.9129,0.4536,-0.4816,1.3112,-0.4573,-3.0768,-4.9579,0.7696,-0.8285,1.5874,-0.5663,0.661,0.5732,0.6026,-0.994,-0.0342,-0.0451,0.968,0.8212,0.188,0.2649,-0.6542,-0.744,-0.591,0.1836,-0.1014,-1.1498,0.6868,-1.3817,-1.768,0.295,0.0262,-1.0449,-0.1122,-0.2423,-1.4377,0.0672,-0.2749,-0.4835,0.0131,-0.5633,-0.8588,0.5728,0.3974,1.0812,0.7036,0.7946,0.0266,-1.236,-1.7208,1.2871,0.2618,-0.2822,-0.0743,0.4546,-1.2396,-0.1385,-0.9455,0.3105,0.114,-0.1622,-0.2755,0.2358,0.2162,-0.7113,-0.6317,-0.898,-0.5115,-3.8002,-0.074,-0.172,-1.3428,-0.8088,-0.2023,-2.811,-1.6308,0.1614,-0.1126,-0.4626,0.7432,1.2159,-0.9786,-0.2179,0.364,0.5337,0.6182,0.7317,1.0217,-0.3619,0.8528,-3.5288,-0.4154,4.6968,0.4938,-0.2106,-1.0868,-1.5721,1.7798,-1.3007,0.175,-4.7857,1.1312,-1.8038,-0.5758,-2.4617,0.984,0.0372,0.2172,-1.8358,-2.2856,-3.2899,1.0153,0.292,1.3579,0.097,-0.3853,0.178,0.4739,-0.3141,0.2271,-0.3996,-3.2262,-0.5402,-0.757,0.7978,0.7548,0.7463,-1.4876,-0.0346,-1.3168,0.9341,0.1318,-0.5802,-0.2852,1.0636,-1.4338,-0.8444,0.4907,-0.8398,0.7812,-1.1077,0.2162,0.13,0.0278,-4.9428,-0.5561,1.7067,0.0918,-0.1458,2.5135,-0.9658,1.5488,-0.0215,-0.653,-0.6053,-1.6113,-0.654,-0.7978,-0.9847,-3.072,0.0745,0.1534,0.5892,0.7212,0.3729,-1.28,-1.1812,-0.6065,-0.2042,-1.5528,1.168,0.0508,1.287,-0.1866,-1.0118,0.163,1.3806,-1.4084,0.326,0.3882,-1.1784,0.6188,0.0666,0.3811,0.5873,1.3905,0.3298,0.0488,-0.6765,-0.4108,-0.0641,-1.3897,-0.8701,2.609,0.2301,-1.4763,0.6348,-0.7328,0.0912,-0.9534,2.4604,1.0016,-1.365,1.3497,-0.1158,0.0231,1.2619,-0.5851,-0.6128,-0.6258,0.0632,-2.5529,-0.8624,-1.052,-0.9354,0.39,1.4374,-2.2933,1.8192,-1.1067,0.8763,-1.8415,0.6715,0.3677,-2.3425,-0.5956,-0.3242,-1.6308,-1.6015,0.1074,-0.5711,-1.274,1.1493,-0.5102,-2.6472,2.4802,0.0068,-1.3176,-0.7865,-0.657,-2.297,0.1798,1.0023,-0.6995,-1.415,-0.6387,-0.5033,0.018,-0.4942,1.3442,3.6795,-0.3675,0.0195,0.792,-2.5927,2.4822,0.4322,1.7912,1.0477,-0.0217,0.3215,0.8272,0.948,-0.118,0.0635,0.0357,0.361,-1.2195,-1.1174,1.947,-0.3245,0.5178
TCGA-AA-3532-01,1.2,-0.61,-0.2585,-1.1189,-0.4465,-0.5262,-1.9698,-1.2169,-1.0558,-2.0391,-0.6604,-0.0912,-0.3586,-1.0068,-0.7694,-0.5798,-0.9692,0.0092,-0.4455,-0.1861,0.0217,3.4246,-1.3352,1.7291,-1.4572,0.1123,1.7096,-0.1665,0.4574,-0.132,-0.4947,1.3089,-1.2171,0.1316,-0.4024,-0.7212,1.1912,-3.8698,-5.0432,0.3666,-1.1988,1.2982,-0.5547,0.8425,1.7756,0.9825,0.2237,0.7462,-0.9858,0.1688,1.3443,0.1202,0.2669,-0.936,-0.0735,-1.2238,-0.6335,0.3826,-0.5998,0.7202,-0.82,-1.204,0.4432,-0.4723,-0.6978,-0.1725,-0.0172,-1.546,-0.3691,0.5009,0.315,0.4473,0.2887,-0.5132,0.8711,0.3424,1.3498,0.0726,0.9288,0.7757,-0.2434,-2.3984,0.8956,-0.2272,0.1887,-0.2319,0.1214,-1.2234,-1.0837,-2.0905,1.2048,-0.0916,-0.0322,-0.06,-0.481,0.6115,-2.2803,-0.7347,-0.1885,0.0618,-0.8778,-0.3534,-0.3473,-0.5522,0.1725,0.2312,-1.8778,-0.2465,0.8206,-0.9953,1.0866,0.2354,-0.6514,-0.5814,-0.2602,2.4715,2.1487,2.252,0.6437,-0.0093,-1.768,0.5059,-1.7773,-0.4901,5.5488,1.1113,0.1041,-0.4287,-0.8545,0.0123,-1.1829,0.4474,-3.841,1.3861,-0.818,-0.0825,-1.6186,0.1567,-0.403,0.5192,-1.7153,-1.8302,-1.2222,1.0545,0.1313,1.7624,0.1045,-0.6222,-0.4033,0.2749,-0.551,-0.4462,-1.1901,-2.0969,-1.186,-0.5556,0.5626,0.0012,-1.1805,-1.3794,-0.462,-1.5887,1.3249,-0.2668,-0.2102,0.882,1.8354,-0.9198,-0.2609,0.2117,-1.0615,0.8695,-0.8358,0.3787,0.1918,1.0749,-5.5431,-0.8737,1.5983,1.1713,-0.3904,2.518,0.8898,0.5509,1.6782,-0.4,-0.4235,-0.9225,0.0705,-0.7861,-0.9527,-2.0779,-0.6952,-0.267,0.6129,0.7285,0.3438,-0.2,-1.7512,-1.758,0.1798,-1.0388,2.8152,0.1427,2.2114,0.1284,-0.21,0.1283,-0.3601,-1.5895,0.163,-0.425,-0.3181,1.2317,0.5743,0.1454,-0.0407,0.9378,0.677,0.3032,0.9748,0.2678,-0.4736,-2.0595,-0.8398,1.9407,-0.2241,-0.4723,0.0715,-0.9978,0.1625,-0.9922,2.2665,-2.5382,-0.9905,0.8283,0.291,0.2449,-0.3691,-0.3962,-0.6826,-0.8584,-0.1951,-2.6438,-0.1529,-0.8025,-0.3581,0.1488,1.4497,-0.5082,1.3665,0.7445,0.3803,-1.824,0.9775,-0.1027,-1.892,0.0925,0.1103,-1.1862,-1.9198,0.736,-0.3378,-1.1343,1.3629,0.2295,-1.3795,5.0955,-0.0136,-1.0425,-0.825,-0.4415,-0.0355,0.1943,0.5282,-0.2782,-0.8889,0.0965,-0.2075,0.7573,-0.1992,2.0079,3.0648,-1.5658,0.2,0.8882,-2.3943,-0.78,0.3958,1.8302,4.4143,-0.6299,1.6589,0.6804,0.7795,-0.161,1.694,-1.962,0.5778,-0.362,-0.0299,-0.252,-0.4748,-3.1472
TCGA-AA-3538-01,1.066666667,-0.7008,-1.0495,-1.958,1.0165,-0.516,-1.7627,-0.5719,0.167,-1.6382,-0.0752,-0.2571,-1.0141,-1.0886,-0.5315,-0.4162,-0.9112,-0.0788,-2.0793,-0.4352,-0.0985,2.2492,-1.4028,1.4852,-0.828,0.1088,1.0794,-0.7085,0.1,0.7657,0.6384,1.5866,-1.1374,0.0748,0.2474,1.4244,0.6835,-3.5845,-4.0144,0.9855,-0.7175,1.125,-0.6645,0.642,0.526,0.8458,-0.4488,0.1575,0.011,0.95,-0.3515,0.1998,-0.3577,-0.2692,-0.5385,-0.8923,-0.4318,0.7241,-0.777,0.1688,-1.0375,-1.5025,0.0211,-0.0128,-1.0176,0.2695,0.1283,-1.2037,-0.8219,0.304,0.1005,0.168,-0.2848,-0.3378,0.2816,-0.2555,1.0624,0.6656,0.9968,-0.2553,-0.6309,-2.0394,1.4758,-0.0048,-0.0161,-0.2626,0.1625,-1.7135,-0.489,-0.7042,-0.2746,0.0467,0.786,-0.3879,-0.3368,0.5442,-0.5955,-0.803,-0.8348,-0.5228,-3.7543,-0.5454,-0.0412,-0.8958,0.8685,0.133,-2.5783,-1.2272,-0.0656,-1.4055,0.2944,-0.5807,0.7888,-0.2645,-0.3516,0.853,0.884,1.1405,0.9412,-0.2169,-0.7396,0.7619,-2.2138,-0.0745,4.5378,1.0493,-0.0445,-0.5785,-0.7289,0.6896,-1.502,0.6176,-4.1705,0.8217,-1.7525,-0.1452,-2.1363,-0.0838,0.2387,0.1278,-1.9373,-2.107,-1.9839,0.8198,-0.3947,1.9199,0.1175,-0.486,-0.2662,0.1551,-0.2764,-1.0497,-1.231,-2.2865,-0.7505,-0.5095,1.1987,0.6698,-0.0188,-1.0478,0.805,-1.2093,0.8256,0.0113,0.0438,0.1278,1.3842,-0.7889,-0.9296,0.3465,-0.6942,0.718,-1.8652,0.672,0.0572,0.5004,-4.9181,-0.1808,2.4589,0.0647,-0.1172,2.6455,-0.9184,0.9934,0.3792,-0.476,-0.3703,-1.4295,-0.414,-0.0348,-1.3528,-2.1132,0.213,-0.2556,0.775,0.8297,0.5958,-0.8871,-1.4238,-1.32,-0.6932,-0.4952,0.66,0.4898,0.5432,-0.0222,0.3395,0.5675,0.6547,-0.8628,-0.3578,-0.4098,0.587,0.9355,-0.1364,0.2184,-0.036,0.6721,0.8085,0.7768,-0.6298,0.2892,0.0804,-1.989,-1.4139,2.5175,0.6581,-0.2648,0.5112,-0.897,0.742,-0.4481,2.4526,-0.6142,-1.3555,0.5232,0.304,0.6545,0.4389,0.0671,0.2272,-0.6563,-0.0903,-2.5884,-1.2058,-1.473,-0.5404,0.4353,0.9734,-1.4377,1.6058,0.0928,0.5203,-1.9,0.469,0.1537,-2.1448,-0.2151,-0.7012,-1.3262,-1.4185,0.672,-0.9567,-0.5593,1.1571,-0.2935,-1.7663,2.3502,-0.4274,-0.8052,-1.112,0.4415,-0.984,-0.0006,-0.4615,-1.5846,-0.9115,0.8827,0.306,0.5967,-0.202,0.8931,3.6115,-0.1232,-0.1003,0.7808,-2.3893,1.4655,1.0048,1.9245,2.3642,-0.5448,1.0921,0.051,1.3883,0.0894,0.458,-1.5245,0.1133,-0.7638,-1.2678,-0.6882,-0.746,-0.5272
TCGA-AA-3544-01,1.533333333,-0.3692,-1.0891,-2.1896,1.319,-0.4958,-2.1733,-0.731,-0.372,-1.2142,-0.3926,-0.1134,-0.9741,-1.2865,-0.4245,-0.5985,-0.6326,0.3132,-1.506,-0.3767,-0.381,2.2607,-1.4448,1.2814,-0.0825,0.2937,-0.1174,-0.4258,-0.3428,-0.1064,0.9081,0.6422,-1.2666,-0.1287,0.5361,-1.2372,0.256,-2.6548,-3.9385,0.861,-0.4266,0.8109,-0.8342,0.6365,-0.1759,0.8245,-0.4342,-0.2772,0.3304,0.6065,-1.3795,-0.2445,-0.2512,-0.9381,-0.845,-0.037,-0.453,0.4876,-1.1787,0.1678,-1.9175,-1.8225,0.3562,0.223,-1.1558,0.7448,0.6452,-1.2098,-0.5652,-1.5869,0.277,-0.6358,-1.0656,-0.4798,0.83,0.0619,-0.1929,0.9202,0.5138,-0.7041,-0.3772,-1.7256,1.9099,-0.3238,-0.1565,-0.3982,-0.4165,-1.3078,-0.5932,-3.441,-0.0231,-0.0225,0.5298,-0.2541,-0.307,-0.0485,0.206,-0.1372,-1.0772,-0.3147,-0.1022,-0.2518,0.1797,-0.4657,0.025,-0.1013,-1.9495,-2.105,-0.7145,-0.3052,-0.0816,-1.3896,-0.5092,-0.4448,-0.8048,0.2925,0.3175,-0.138,0.1433,0.1746,-2.2148,0.6052,-2.4682,-0.7355,3.305,0.0352,0.0189,-2.309,-1.6579,1.3797,-0.3846,-0.4121,-4.1763,0.7059,-1.944,-0.5672,-2.1985,0.4233,-0.8832,-1.2575,-1.4855,-2.464,-2.1231,1.619,-0.4272,1.2047,0.3978,-0.3896,-0.3392,-0.4498,-0.7608,-0.6423,-0.4276,-2.8847,-0.9152,-0.5903,-0.2337,0.5346,-0.2332,-1.8729,-0.1784,-1.179,1.7464,0.1953,-0.066,-0.1035,0.1613,-1.932,-0.6863,-0.8117,-0.691,-0.2045,-1.0572,0.445,-0.098,0.4685,-3.3824,-0.1164,1.3346,0.2198,0.1172,3.0325,-1.2183,0.673,0.3713,0.0942,-0.4839,-1.1313,0.6048,-0.8978,-1.9862,-3.3812,-0.1608,-0.3823,0.8191,1.0553,-0.5952,-1.5801,-1.2952,-0.905,-0.791,-1.2153,2.319,0.2412,0.4584,0.1429,-0.133,1.0567,-0.4731,-1.209,-0.376,-0.8292,0.4098,0.8415,-0.2066,-0.0786,0.151,0.0922,-0.6128,0.8878,-0.5915,0.2355,-0.253,-1.361,-0.7083,2.112,0.144,-2.0348,0.0773,-0.555,0.7052,-0.5243,3.2568,-0.3545,-0.1215,0.3413,0.018,0.1491,-0.0656,0.9358,0.4238,-1.3379,0.896,-2.1838,-1.4006,-1.0992,-0.3475,0.3627,0.436,-3.1318,2.066,0.119,-0.3607,-1.711,0.7897,0.1305,-1.618,-0.4483,-0.4555,-1.851,-2.7365,-0.5589,-0.0588,-0.9563,1.3567,-0.2478,-2.5828,1.5038,0.0125,-0.3438,-1.1795,0.037,-2.2852,-0.2708,-0.3982,-1.016,-2.168,-0.6028,-0.8175,0.4995,-0.0765,0.8437,3.0905,-0.3775,0.1895,0.4594,-1.7422,-0.2385,-0.3723,2.049,2.4883,-0.7746,0.4811,0.3435,0.7388,-0.1051,0.9756,-1.7401,-0.1358,-1.3565,-1.0085,-0.943,-0.2232,-1.9952
TCGA-AA-3552-01,1.466666667,-0.4335,-1.0704,-1.7031,0.719,-0.2922,0.1877,-1.1248,-0.5615,-1.6655,-0.2533,-0.1169,-1.0136,-0.6199,-0.9264,-0.1168,-1.3146,-0.3842,-1.8727,-0.1143,-0.0508,2.6573,-1.3666,2.1392,-0.8842,0.2982,0.385,-0.091,0.5541,0.0823,0.3451,1.9895,-1.0867,0.161,0.9162,-0.401,1.984,-3.1588,-4.5475,0.6639,-0.8049,1.0861,-0.2972,0.986,0.1193,1.5223,0.0023,-0.0675,-0.4451,0.3005,1.3973,0.132,-0.0488,-0.7416,-0.6015,-0.667,-0.5705,0.1264,-0.9658,0.562,-1.1292,-1.6085,0.4095,-0.0775,-1.4654,-0.0115,0.0122,-0.6862,-0.624,0.4396,0.301,0.3449,-0.2424,-0.0262,0.8184,0.0905,1.4435,0.5164,1.0164,-0.5088,-0.3991,-1.5161,1.6317,0.416,0.1756,-0.1667,0.364,-2.0058,-1.0518,-0.7518,0.7438,0.0359,0.1405,-0.4512,0.1218,1.2072,-0.8832,-0.0602,-0.7653,-0.2015,-3.3683,-0.6307,0.1164,-1.0053,-0.0682,-0.3083,-3.329,-0.4432,0.1129,-0.6946,0.2435,-1.0092,0.3301,-0.8352,-0.552,1.04,2.1238,2.2028,0.5203,-0.2374,-1.6125,0.6789,-1.8315,-0.8636,5.4265,0.547,-0.2303,-0.0383,-0.9951,1.1302,-1.0603,0.463,-3.7631,1.3234,-1.4312,-0.262,-1.9929,0.3118,-0.7905,0.4785,-2.1553,-1.3104,-0.7837,1.3813,-0.145,2.1573,-0.0038,-0.2201,-0.5567,0.0855,-0.743,-0.8815,-1.0009,-2.8154,-0.6932,-0.1381,-0.9314,0.3142,0.0386,-2.052,-0.1583,-1.8045,3.7634,-0.1068,-0.2098,-0.2423,1.5517,-1.017,-0.3826,-0.2273,-0.2765,0.89,-0.3255,0.038,0.9092,1.145,-5.1776,-0.5156,1.567,0.6281,0.0663,3.125,0.1576,1.1718,0.7355,-0.246,-0.3253,-0.6628,-0.5425,-1.1455,-1.7898,-2.5241,-0.3118,-0.2143,1.0338,0.3882,0.4086,-1.2576,-2.2198,-1.625,-0.3075,-0.8907,4.9735,0.1045,1.4333,-0.1606,-0.1648,0.5112,0.3992,-1.4789,-0.1765,-0.9106,-0.173,1.6125,0.3897,0.0714,-0.4998,0.0968,1.3425,0.8265,0.347,0.7892,-0.0309,-1.8957,-1.1998,3.0445,0.2922,-1.5513,-0.4527,-0.5765,0.198,-0.3895,2.8204,0.8304,-0.742,0.731,-0.468,0.1673,0.3796,0.2385,-0.4508,-1.0411,-1.3679,-2.6324,-1.38,-1.03,-0.262,0.3878,0.9474,-0.9551,2.166,-0.2015,0.6102,-1.62,1.1002,-0.8058,-2.2553,-0.6744,-0.8043,-1.6298,-1.4062,0.3969,0.2657,-1.2307,1.8679,-0.2272,-1.8925,4.5148,-0.0708,-0.5961,-0.976,-0.7845,-0.4275,0.1614,0.3825,-0.7311,-1.1459,0.1857,-0.3938,0.3017,-0.7245,1.3079,3.7165,-1.1828,0.0022,1.4464,-2.2068,2.3175,1.725,2.1202,2.492,-0.0362,1.187,0.5258,1.0485,-0.1634,0.7033,-1.8973,0.9215,-1.1032,0.1982,-0.6105,-0.2145,-1.367
TCGA-AA-3553-01,0.966666667,-0.7352,-0.1338,-1.6739,-0.5735,-1.2872,-1.786,-1.4672,0.2021,-1.3761,-0.7488,0.1256,0.3454,-2.0812,-0.7292,-0.7235,-0.6615,-0.4158,-1.0275,-0.6749,-0.245,2.2127,-2.1953,2.656,-1.1498,-0.2221,2.3147,-0.039,-0.3496,0.2719,0.0096,1.548,-1.3941,0.3856,-0.4712,0.4341,0.9038,-2.6615,-4.6625,0.6071,-0.4744,1.6556,0.0895,0.438,1.2604,0.698,-0.6578,0.5176,-0.773,-0.1352,-0.8827,0.2388,-0.4296,-0.5134,-1.177,-0.4873,0.1536,0.1296,-0.4997,0.3818,-1.2718,-1.6145,0.8338,-0.3947,-0.4959,-0.084,-0.5967,-1.6345,0.1204,0.129,0.898,-0.2872,0.0358,-1.4118,-0.5559,0.3001,0.3556,0.1469,0.1624,0.0244,-0.6299,-1.945,1.5313,-0.6511,-0.2811,-0.7131,-0.4606,-0.7451,0.1187,-0.7582,1.2124,0.2992,0.0342,0.4446,-1.2115,0.735,-1.5535,-1.1077,0.0625,0.051,-3.041,0.1826,-0.6082,-1.4815,-0.0735,0.0602,-2.6192,-1.1522,0.1009,-0.2938,0.0846,0.6047,-1.4276,-0.1451,-0.001,1.5135,1.5332,1.4345,0.79,0.0423,-1.4284,0.3361,-2.4055,0.0966,5.2178,0.9562,-0.2152,-1.1912,-1.2085,0.7869,-1.1023,0.1376,-4.1014,0.6032,-1.8065,-0.5885,-1.2695,1.1875,0.0748,0.258,-2.284,-2.2458,-1.3051,0.6522,-0.6537,1.5344,0.2382,-0.5012,0.3332,-0.2616,-0.7572,-0.8435,-1.1379,-2.7703,-1.4008,-0.0544,1.5393,0.688,-0.3843,-1.9418,-0.9365,-1.1768,0.2978,0.2732,-0.1285,0.3325,1.4718,-0.2003,-0.4898,0.4029,-0.6422,0.982,-0.4782,-0.3285,-0.3578,0.1621,-4.7522,-1.2873,2.4557,0.8507,-0.0637,1.782,-0.3205,1.3798,1.1688,-0.1458,-0.5485,-0.9687,0.5125,-0.255,-0.9885,-1.9754,-0.0622,0.8281,0.0218,0.3757,-0.1908,-0.6038,-1.58,-1.585,-0.3402,-1.0794,-0.1308,0.4262,0.106,-0.3124,0.548,-0.2947,0.2475,-1.1042,0.9212,0.1818,0.1175,0.3083,-0.0851,0.286,-0.6785,1.2342,1.22,0.3625,0.679,0.1832,0.0998,-1.6457,-0.9529,1.7353,0.1332,-0.884,0.1842,-1.0713,-0.5848,-1.0773,2.2903,-0.2228,0.132,1.105,0.0198,1.0134,0.1294,-0.3001,-0.5527,-1.1682,0.3888,-2.7744,0.4161,-1.6918,-0.5978,-0.1053,1.8885,-1.5618,1.129,0.0935,0.3443,-1.7828,-0.146,0.257,-2.53,0.1988,-0.4127,-1.4737,-1.4765,0.5129,0.0979,-1.1163,0.315,-0.1048,-1.4988,3.8595,0.3622,-1.4881,-1.3465,0.0005,-1.1117,-0.2348,-0.739,-1.6008,-1.3924,0.3928,0.761,0.3782,0.6315,1.6003,2.751,-1.3548,-0.377,0.2778,-1.8992,-1.13,0.3492,1.362,0.0543,-0.2695,1.1698,0.2109,1.698,-0.0924,1.646,-1.5768,0.2587,-0.6928,-0.3264,-1.22,-0.8768,-1.5478
TCGA-AA-3562-01,1.066666667,-0.2265,-1.0854,-1.184,1.478,-1.7662,-2.2753,-0.9478,-0.217,-1.5214,-0.0959,0.4081,-0.6778,0.7485,-0.8378,-0.594,-0.7794,0.3113,-2.3275,-0.468,-0.378,2.0879,-2.5346,1.9301,-0.9525,-0.0676,1.3421,-0.1582,0.2491,0.7777,0.0774,1.374,-1.028,-0.117,0.6373,-1.0782,0.8875,-2.5693,-5.0146,0.7159,-1.0335,1.2752,-0.1292,0.093,0.7415,0.7938,-0.5728,0.1033,-0.6248,0.7028,-0.1542,0.2295,-0.2891,-0.3865,-1.1945,-0.5457,-0.22,-0.1696,-0.2387,0.4773,-0.7668,-1.463,0.3864,-0.2452,-0.8134,-0.0485,0.391,-1.8425,-0.6578,0.2061,0.4435,-0.1669,0.0687,-0.652,0.194,-0.1479,0.6031,0.0825,0.6554,-0.7694,-0.6643,-2.1624,1.3059,-0.0155,-0.0961,-0.4316,0.2118,-1.9161,-0.6672,-2.0655,0.334,0.1308,0.5582,0.14,-0.5938,0.3892,0.3762,-1.4967,-0.2253,-1.0115,-0.2737,-0.6836,-0.2856,-0.7353,-0.4305,-0.2628,-1.925,-1.0422,0.158,-0.964,0.0764,-1.7109,0.4361,-0.9798,-0.221,0.5855,1.9515,1.5688,-0.174,0.146,-1.9228,0.6345,-2.0778,0.2562,5.363,0.446,-0.4612,-1.1378,-1.534,0.7768,-2.1933,0.1662,-4.8027,1.0886,-1.8015,0.1332,-1.7779,0.2083,-0.1977,0.175,-1.3463,-2.1525,-2.1686,0.8563,-0.316,2.6087,0.34,-0.7128,-0.0675,-0.163,-0.3604,-1.2177,-2.0842,-2.5179,-1.019,-0.3076,0.6266,-0.2632,-0.3581,-1.607,0.1935,-1.2403,2.6343,0.0665,0.1182,0.1403,1.6042,-1.3928,-0.8325,-0.0762,-0.596,1.1438,-1.2535,0.1778,-0.3504,0.8148,-5.1929,-0.6978,1.5198,0.514,-0.2996,2.912,0.1021,0.9011,0.3535,-0.3152,-0.7882,-1.4435,-0.6288,-0.9251,-1.4807,-2.0034,-0.254,0.0956,0.5209,0.969,0.1648,-0.4404,-1.3645,-1.008,0.274,-0.8856,3.2352,0.3113,1.009,-0.1626,-0.2982,0.3132,0.0864,-1.0858,0.4825,-0.5009,0.6958,0.464,-0.3939,-0.1937,-0.5613,0.3909,0.1722,0.4555,-0.2838,0.1178,0.065,-1.4518,-1.1936,3.3243,0.7768,0.2647,-0.0222,-0.6738,-0.017,-0.9189,2.5986,-1.4091,-1.2935,0.798,-0.4745,-0.2564,-0.6181,-0.1671,0.1538,-1.2313,-1.3725,-2.5128,-0.9662,-0.981,-0.5928,0.3965,0.9202,-1.9384,1.8545,0.4965,0.7765,-2.173,0.2105,0.0282,-1.5075,-0.3218,-0.2868,-1.444,-1.597,0.8805,-0.4965,-1.3378,1.1966,-0.1475,-2.3295,3.0455,-0.6978,-0.5004,-0.452,-1.12,-1.0312,0.0839,-0.3212,-1.0801,-1.068,0.0322,0.1142,0.5395,-0.469,1.4614,3.4942,-1.36,0.1948,0.6238,-2.1932,2.2195,1.267,1.5752,3.3908,-0.5986,1.0872,0.7588,1.7707,-0.1629,0.349,-1.9745,0.1298,-1.3722,0.2136,-0.2612,-0.2862,-1.1012
TCGA-AA-3667-01,1.966666667,-0.5924,-1.6394,-2.6184,0.6825,-0.6095,-2.9445,-1.3177,0.082,-1.9099,-0.2715,-0.1026,-0.4229,-1.5669,-0.5059,-0.0828,-0.5297,0.6652,-0.2538,-0.3828,-0.7442,2.3872,-2.5928,1.3698,-1.0295,-0.378,0.8072,-0.2515,0.0368,-0.1992,0.5833,1.3431,0.0122,0.8971,-0.4284,-0.3412,0.6103,-3.5758,-4.9275,0.5919,-0.9396,1.3778,-0.55,-0.3105,0.3333,0.9054,-0.8088,0.4861,-0.072,0.5873,-1.51,0.1965,-0.1747,-0.7331,-0.419,-0.7922,-0.4771,0.8674,-0.86,0.094,-1.2027,-1.6055,0.2554,-0.1662,-0.8622,0.1008,0.1662,-1.4975,0.027,-0.0639,0.3335,0.4225,0.1486,-0.2845,0.1189,-0.2152,-0.0918,0.098,0.3292,-0.015,-0.3893,-2.6824,1.4878,0.7793,-0.1465,-0.5045,-0.1375,-1.5343,-0.5983,-2.053,0.7915,-0.422,-0.3605,-0.0955,-0.4588,0.6551,-0.4873,-0.1243,-0.617,-0.264,-3.8722,-0.7555,0.4804,-0.747,0.1115,0.088,-2.48,-2.31,0.0166,-0.2955,-0.0061,-1.0886,0.1791,-0.7967,-0.4389,0.643,0.8552,0.773,0.2235,0.6175,-1.1158,0.5853,-2.552,0.5209,4.549,1.3905,-0.6565,-1.6927,-2.0761,1.3687,-2.118,-0.1026,-5.2596,1.1316,-0.7485,0.0255,-2.6537,1.2167,-0.4317,-0.573,-1.2988,-2.7998,-2.4192,1.2915,-0.3788,1.2702,0.2375,-0.3171,0.0228,-0.7314,-0.4455,-0.8164,-1.2851,-3.1371,-0.9305,-0.154,0.9412,1.022,-0.6657,-1.0216,0.6113,-2.3137,0.1496,-0.0723,-0.224,-0.4372,0.9423,-1.4271,-0.7331,-0.0939,-0.1268,0.3588,-1.845,0.403,-0.4315,0.4452,-5.1192,0.1019,2.0853,-0.2194,-0.3363,3.4215,-1.7953,0.9971,0.68,-0.5038,-0.2669,-1.7142,-0.9175,-0.4136,-1.5845,-2.9171,0.179,0.1121,-0.0776,1.2582,-1.3099,-0.5575,-1.2082,-0.866,-0.2845,-1.8782,0.5002,-0.0875,0.2561,-0.1895,-0.0652,0.8377,-0.2591,-0.8788,0.4388,-0.974,0.7494,1.7388,-0.8694,0.2044,0.3442,0.0885,0.0112,0.2738,-0.3713,0.247,0.0638,-1.2017,-0.4031,2.6145,0.2885,-0.4782,-0.5528,-0.7872,0.477,-0.6342,2.3264,-1.463,-1.972,0.9473,-0.3718,0.7019,-0.3675,0.9869,0.7087,-1.8869,0.5158,-3.0328,-1.0592,-0.7765,-0.6539,0.4248,1.0748,-2.6005,2.29,0.4755,0.0302,-1.773,1.1087,0.743,-2.265,-0.7608,-0.2302,-1.0358,-2.7985,0.0729,-0.4281,-0.134,0.8032,-0.4928,-2.3842,3.258,0.3214,-0.8311,-1.0045,-0.5898,-1.745,-0.2447,-0.448,-2.145,-1.7575,-0.2832,0.7053,0.9453,-0.0865,1,3.0975,-1.3062,0.4752,0.9638,-2.5057,-1.032,0.4415,1.793,4.9383,-1.441,1.0841,0.2298,1.5872,-0.0224,0.6306,-2.4332,-0.0713,-1.9715,0.6229,-1.2478,-0.6298,-1.643
TCGA-AA-3673-01,2.233333333,-0.05,-0.7426,-2.4366,0.794,-0.083,-1.5435,-0.5612,-0.2888,-1.3737,-0.0775,0.1789,-0.4122,-1.2471,-0.3825,-0.102,-1.1749,0.0225,-2.0905,-0.1928,-0.0225,2.6159,-1.8037,1.521,-0.57,0.3289,1.0416,-0.2698,0.5913,0.1115,0.6764,1.2239,-1.0501,0.0697,0.3542,-0.0094,1.4888,-3.0255,-4.8911,1.3209,-0.775,1.1952,-0.0435,0.6725,0.3293,1.5506,0.1275,0.0376,-0.0821,1.1192,0.1338,0.098,-0.0478,-1.0118,-0.428,-0.387,-0.0934,1.5114,-0.649,1.3318,-0.7097,-1.242,0.6742,-0.021,-0.4636,0.1608,0.6443,-1.1622,-0.2206,-0.4785,0.3395,0.3515,-0.1906,-0.318,0.8309,0.4055,0.788,1.7301,0.5663,-0.5407,-0.6028,-0.258,1.2629,0.1058,0.2931,-0.3449,-0.019,-0.8741,-0.3915,-2.269,0.2452,-0.1634,0.0608,0.4711,-0.3432,0.5852,-1.9805,-0.092,0.1703,-0.3282,-3.8558,-0.322,-0.3592,-0.5773,-0.1238,-0.1502,-2.434,-0.9972,-0.1026,0.1308,0.2149,-0.9748,0.2651,-0.7106,-0.6431,1.119,1.8097,1.8285,0.4568,0.2289,-1.0056,0.5542,-1.807,-0.3011,4.4335,0.2347,0.2787,-2.0258,-1.072,1.1401,-2.4413,0.3079,-4.6692,1.0818,-1.5795,0.7835,-1.8508,0.8062,-1.0803,0.1978,-1.9588,-2.0334,-1.9666,1.2758,-0.1667,2.1046,0.6532,-0.1722,0.0882,-0.1726,-0.2405,-1.0474,-1.3041,-2.4579,-1.0092,-0.5168,0.8974,1.3083,0.0387,-1.3409,0.8341,-1.6137,0.6411,-0.3285,0.0035,-0.0005,1.5567,-0.7232,-0.3726,0.2267,-0.4562,0.4195,-1.0263,-0.0832,0.1058,0.7317,-2.7129,-0.3333,1.8831,0.3282,0.068,3.861,-0.9668,1.9935,0.2802,-0.0605,-0.3792,-1.4588,-0.3382,-1.1506,-1.5178,-2.4116,0.1118,0.3132,-0.1354,0.7207,0.2916,-0.6189,-0.8352,-1.1715,-0.3458,-1.1246,0.6958,0.0605,0.411,-0.2744,-0.2318,0.2932,0.2284,-1.7296,0.7008,0.7286,-0.0559,1.2892,0.5159,0.3241,-0.0552,0.9186,0.4858,0.8135,-0.0938,-0.02,-0.488,-1.2435,-1.0078,2.0958,0.0848,-1.1488,0.0578,-0.4107,0.723,-1.1485,2.1379,0.2507,-1.687,1.2142,-0.3738,0.5024,0.2803,0.4549,-0.4326,-0.6381,-0.4834,-2.6411,-0.7422,-0.4535,-0.3646,0.4757,0.7369,-1.9513,2.2688,0.8392,0.5807,-1.5845,0.6035,0.3022,-2.542,-0.478,-0.8697,-1.6895,-2.4745,0.8654,-0.8147,-1.4335,0.848,0.3585,-2.4317,2.7862,0.5481,-0.5799,-0.573,-0.1502,-1.339,0.7699,-0.4912,-1.5085,-1.4629,-0.275,-0.1148,0.473,0.3372,1.6662,3.4945,-1.2472,-0.1792,1.213,-2.8163,0.9522,1.1052,1.9855,3.2983,-0.8082,1.2046,0.2423,1.6767,0.3118,0.9216,-2.2241,0.5843,-0.9672,0.0688,1.6155,-0.3895,-2.2145
TCGA-AA-3678-01,2.1,-0.6738,-1.2595,-2.6844,0.6025,-0.7935,-2.9325,-1.0202,-0.205,-2.1699,-0.3667,-0.2812,-0.693,-1.6556,-0.4444,-0.6688,-0.5347,-0.229,0.2707,-0.1117,-0.0532,2.8996,-2.0701,1.5131,-0.4412,-0.141,0.482,-0.5088,0.102,-0.2729,0.5122,1.551,-0.594,0.7728,-0.8085,-0.3591,1.244,-3.4928,-4.3668,1.3121,-0.4721,1.5845,-0.826,0.709,1.0864,1.145,0.086,0.8103,-0.0828,0.7205,1.6097,0.0713,-0.043,-0.4362,-1.1785,-0.4422,-0.203,0.4806,-1.023,0.6685,-1.247,-1.474,0.465,-0.0668,-0.4461,0.4765,-0.3997,-0.9228,-0.0909,-0.9876,0.2475,-0.1486,0.0191,-0.9088,0.134,0.0076,0.7955,0.7581,0.565,-0.0279,-0.7961,-2.6441,2.0239,0.1691,-0.0508,-0.3503,-0.1908,-1.1482,-0.5975,-0.2285,1.7211,0.0666,-0.969,0.0189,0.039,0.7188,-0.1125,-0.1947,0.2318,-0.7045,-4.1902,-0.2071,0.404,-0.5218,0.472,-0.2592,-1.8087,-1.5765,0.0173,0.4461,-0.1511,-1.0148,-1.2487,-0.1908,0.3034,1.3475,1.5157,1.1862,0.7653,0.0984,-1.6549,0.0508,-2.3027,0.0948,4.856,1.3267,-0.1815,-0.7032,-1.8105,1.4653,-2.0301,0.1308,-4.5022,1.4347,-0.594,-0.044,-2.6261,1.4142,-0.8602,-0.6122,-1.6953,-2.0696,-1.6075,1.5608,-0.1973,2.0834,0.1638,-0.4153,-0.0385,0.2122,-0.3703,-0.5188,-0.8219,-3.1592,-1.2325,-0.1611,0.7554,1.1194,0.0612,-1.2748,0.5318,-2.1815,0.6087,-0.1817,-0.1288,-0.0957,0.9282,-1.409,-0.4449,-0.3201,-0.2985,0.4168,-0.8863,-0.264,0.448,0.3163,-5.444,-0.5895,2.4059,0.7188,0.039,2.8685,-0.9731,0.8856,0.2882,-0.3218,-0.4842,-1.7372,-0.4138,-0.4234,-1.695,-2.7594,0.1148,0.3837,0.6645,0.8478,-0.0598,-0.8801,-0.707,-1.0825,-0.3408,-1.4838,1.1718,-0.0012,1.0305,-0.0491,0.2522,0.6795,0.1924,-1.3862,1.7845,-0.2018,-0.2578,1.7368,0.3856,0.2226,-1.9118,0.4908,0.4438,0.8195,0.453,0.076,-0.7836,-1.1672,-0.8068,2.5343,0.1715,-0.6267,-0.7688,-0.732,0.574,-0.4975,2.3396,0.1149,-2.4845,1.1288,-0.1188,0.4735,1.4719,0.9348,0.2229,-0.5663,0.6141,-3.0676,-0.8532,-0.8938,-0.2664,0.7162,1.072,-2.1884,2.241,0.499,0.2885,-1.6112,0.5377,0.4823,-2.1498,-0.4378,0.0275,-1.411,-0.8265,0.1635,-0.4385,-1.2003,0.9302,-0.2353,-2.4753,3.766,0.5213,-0.678,-0.842,-0.0688,-0.9477,0.0433,-0.4492,-1.6779,-0.9125,-0.3602,0.1773,0.2243,-0.2255,1.0589,3.4938,-1.9572,0.4262,1.0904,-2.4947,2.008,0.9658,2.5762,3.4365,-0.9346,0.4639,0.3549,1.4287,0.116,0.8612,-1.8739,0.2448,-1.985,0.1302,0.679,0.3985,-1.8502
TCGA-AA-3692-01,1.866666667,-0.0827,-1.1446,-1.6495,0.6695,-0.3366,-2.1607,-1.1251,-0.6531,-1.9892,-0.279,-0.8084,-1.4649,-0.1246,-0.7108,0.1118,-0.6601,-0.603,-1.9428,-0.9376,0.4825,2.1439,-2.4632,1.0417,-0.7155,-0.2888,1.0629,-0.6458,0.4982,0.217,0.2613,1.3327,-0.898,-0.0148,0.9502,-0.1972,0.6767,-3.089,-4.5899,-0.1816,-1.1997,1.3636,-0.5475,0.294,0.6628,0.947,-0.1948,0.2354,-0.259,1.0775,1.2917,-0.0335,-0.4342,-0.8234,-0.798,-1.0357,-0.3594,0.0048,-0.9393,0.8728,-1.3065,-1.438,-0.2959,0.3015,-0.995,0.6647,0.2862,-1.2145,0.1414,-0.0662,0.2075,-0.0966,0.0786,-0.5357,1.1544,-0.0107,0.7975,-0.008,-0.4104,-0.7986,-0.8902,-1.6816,1.965,-0.4301,-0.0632,-0.5827,0.5405,-2.0299,-0.5935,-0.3948,0.6199,0.3222,-0.314,-0.365,-0.0448,0.7484,-0.5052,-0.408,-1.1338,-0.32,-2.095,-1.0604,-0.455,-0.7905,0.2645,-0.697,-1.594,-1.106,-0.1379,-0.2614,0.1006,-1.7422,-0.4398,-1.4577,-1.3316,0.8265,0.9837,1.141,0.5292,0.4715,-1.1283,0.9371,-2.1793,0.0352,4.8782,0.7883,-0.36,-0.5073,-1.3994,0.9689,-1.6488,1.5699,-4.9873,0.9228,-0.992,0.0555,-2.5516,0.8792,-0.2013,0.3695,-1.4302,-2.1955,-2.4787,1.7573,-0.3258,1.8722,0.0148,-0.9363,-0.562,-0.3741,-0.3912,-0.2763,-0.78,-2.6712,-1.8005,-0.0707,0.8706,1.984,-0.564,-1.2172,-0.7181,-2.0023,2.0867,-0.1512,-0.0332,-0.2422,1.2018,-1.4309,-0.6028,0.0903,-0.7522,0.4008,-1.7763,-0.2145,0.0138,0.8631,-4.929,-0.8839,1.8667,0.5319,-0.6753,2.5635,-1.0004,0.8254,0.7568,-0.6288,-0.3184,-1.6338,-0.825,-1.5466,-1.7173,-1.96,-0.2668,-0.7175,1.0027,0.8532,-0.5087,-0.94,-0.9951,-1.2295,-0.4198,-1.2942,1.4293,-0.0305,1.2381,-0.3452,-0.076,-0.1927,-0.2232,-1.2075,-0.0115,-0.63,-0.1839,1.6668,0.5576,-0.1585,0.0983,1.1901,0.7735,-0.3075,-0.236,-0.3108,-0.109,-1.4548,-1.33,2.1078,-0.3569,-0.3977,0.526,-0.849,0.13,-0.6357,2.6165,-0.3788,-1.522,0.6457,0.083,0.1769,-0.3955,0.4171,-0.1253,-1.5873,-0.3476,-2.0003,-1.0211,-1.0505,-0.3134,-0.4113,0.5904,-2.0587,1.7435,0.1668,0.5795,-1.5618,-0.2465,0.3865,-1.519,-0.4902,-0.3502,-1.6548,-0.9252,0.4844,-0.6183,-0.8178,2.5012,-0.381,-1.3802,3.7192,0.0538,-0.9192,-0.369,-0.427,-1.127,0.2398,-0.678,-1.018,-0.8689,-0.427,-0.6708,-0.0165,0.0952,0.5345,4.0977,-0.7388,-0.003,1.533,-2.5733,0.3302,1.7485,1.8145,5.5142,-0.5245,0.855,0.3667,1.127,0.1982,-0.3541,-1.6996,0.2555,-0.8825,0.092,-1.2475,-0.0755,-2.076
TCGA-AA-3842-01,1.966666667,-0.6216,-0.4308,-1.3749,0.2125,-0.0341,-2.0433,-0.6902,-0.5869,-2.0077,-0.5665,-0.3089,-0.607,-0.7988,-0.7507,-0.858,-0.9071,0.1545,-2.0827,-0.6544,-0.1522,2.3438,0.2673,1.1915,-0.6972,-0.2424,0.6048,-0.2712,-0.2563,0.5237,-0.0548,1.0644,-0.6945,-0.2056,0.1141,-1.4287,0.2965,-2.7618,-4.509,1.3301,-1.3389,1.1792,0.1173,-0.1855,1.0956,0.8506,-0.2858,0.0832,-0.5689,-0.0342,-0.8142,0.1138,-0.0357,-0.5475,-0.124,-0.4975,-0.2603,1.0242,-0.3763,0.5288,-1.0167,-1.577,0.3458,-0.1337,-0.5818,-0.458,-0.162,-1.4375,0.0789,-0.2436,0.753,0.1408,-0.4693,-0.273,0.4722,0.6335,0.3847,0.4356,1.0341,-0.1799,-0.5871,-1.8555,0.4184,-0.3108,-0.4645,0.0306,0.4175,-1.7343,0.166,-2.297,0.6472,-0.1578,-0.1908,-0.0155,-1.2675,-0.0104,-1.0117,-0.9327,-0.8057,-0.0968,-2.2513,-0.2521,-0.1307,-0.868,-0.165,-0.0853,-2.1132,-1.0042,0.0818,-0.346,0.6091,-1.1948,-0.4351,-0.1065,-0.1326,1.568,0.3472,0.9662,1.0145,0.4909,-1.2611,0.0394,-1.9667,0.2126,4.4638,0.4295,0.0732,-1.8392,-0.0494,1.2082,-1.7893,0.494,-4.7992,1.1782,-1.2232,0.5565,-1.9682,0.7672,-0.2617,0.886,-1.193,-2.4389,-2.7366,-0.4065,-0.4022,1.9521,0.2755,-0.51,0.0387,-0.2604,-0.2815,-0.8774,-2.0082,-1.9049,-1.226,-0.3618,0.5852,0.3106,-0.2597,-1.6042,-0.5514,-1.8262,0.4417,0.4298,0.5502,0.1645,1.8618,-0.3093,-1.2307,0.1689,-0.9948,0.7452,-0.2498,0.1955,0.2426,0.791,-4.5896,-0.4564,2.204,0.1908,0.152,2.349,-0.3579,1.2715,0.6278,-0.1472,-0.8628,-0.9978,-0.2108,-0.6855,-0.5028,-1.8438,-0.2982,0.1944,0.9146,1.1918,0.4522,-0.4826,-0.6689,-1.486,-0.3738,-1.2529,0.798,0.5325,1.072,-0.1291,0.5392,0.5103,-0.8461,-1.2918,0.2188,-0.4505,0.8948,1.5392,0.0716,-0.0076,-0.3442,0.5421,0.076,0.6272,0.5395,0.8305,-0.1284,-1.4473,-0.9786,1.6737,0.4611,-0.1467,0.377,-0.5963,-0.8438,-0.8743,2.3953,-0.7516,-1.356,1.0165,-0.01,0.9706,0.1437,-0.0636,-0.2583,-1.1991,0.3907,-1.2386,-0.5855,-0.6125,0.0046,0.7743,0.878,-1.4253,1.5825,0.3122,0.6348,-1.8602,0.5337,0.5507,-2.6582,-0.1716,-0.6943,-1.5375,-2.235,0.5546,-0.8286,-0.76,0.8637,-0.2762,-1.251,3.701,0.2251,-0.8705,-1.1235,0.8055,-1.4348,-0.2614,-0.1343,-1.8728,-0.9274,-0.363,0.0607,0.598,0.7725,1.8205,3.9982,-0.361,-0.3285,1.3316,-2.1045,1.7622,0.529,1.7548,3.8458,-0.766,1.0698,0.6428,1.2505,0.0341,0.7993,-1.7619,0.0813,-0.9562,0.6819,-1.7653,-0.089,-0.5833
TCGA-AA-3851-01,2.433333333,-0.4059,-1.029,-1.3092,0.568,-0.6585,0.3528,-1.1232,-0.9512,-1.2577,-0.4375,-0.5042,-1.3138,-1.087,-0.8032,-0.7522,-0.9995,-0.2885,0.3877,-0.6961,0.4998,1.8408,-1.8647,1.2291,-0.419,-0.1608,0.6269,-0.6478,0.4659,0.4492,0.0996,1.1438,-1.4679,0.0425,0.2655,-0.9788,0.9017,-3.527,-3.8526,0.432,-1.1871,0.9462,-0.3928,1.1105,0.4469,0.611,0.5823,0.2552,-0.3808,0.7875,2.417,-0.2658,0.3155,-0.5506,-1.244,-0.8395,-0.3865,0.0071,-1.1067,0.8322,-1.5155,-1.295,0.2002,0.3732,-1.5002,0.41,-0.4992,-1.2155,-0.5021,0.4584,0.714,-0.1647,-0.3581,-0.5615,-0.8333,0.4039,0.9437,0.3776,-0.5359,-0.8231,-0.598,-1.2117,0.7915,-0.2129,0.1758,-0.5845,0.2411,-1.7603,-0.565,-1.86,0.8456,0.207,0.4122,-0.3316,-0.0528,0.4955,0.168,-0.796,-0.5693,-0.2228,-0.706,0.0598,-0.5854,-0.1982,0.053,-0.2515,-1.5425,-0.492,0.0149,-0.0513,0.1974,-1.6687,0.3276,-0.8058,-0.4376,0.992,1.4418,1.625,-0.0823,0.5646,-1.924,0.8633,-2.1025,-0.2954,4.4132,0.5482,-0.1609,-0.714,-0.8039,0.6973,-1.2507,0.0707,-3.8921,1.497,-1.786,-0.2052,-2.46,0.2688,-0.5808,-0.047,-1.657,-1.7828,-1.6986,1.0007,-0.229,1.288,0.079,-0.555,-0.3698,-0.0814,-0.6834,-0.8883,-0.4415,-2.255,-1.582,-0.457,-0.4892,0.4685,-0.2644,-1.651,-0.411,-1.4342,2.8952,0.3392,0.176,-0.067,1.0316,-1.0894,-0.5073,0.4049,-0.7135,0.6535,-1.8295,-0.0107,0.5735,0.8167,-4.1936,-0.7417,1.6078,0.3099,-0.3404,2.735,-0.8236,0.7301,0.0768,-0.72,-0.4642,-1.2353,-0.3198,-1.1421,-1.1762,-2.2658,-0.0582,-0.6318,1.3775,0.692,0.184,-1.0725,-2.0828,-1.969,-0.0325,-1.3262,2.4162,0.0375,1.111,-0.23,0.5448,0.1543,-0.0938,-1.5336,0.3638,0.8128,-0.873,0.9503,0.2861,-0.1084,-0.4687,1.0082,0.604,0.439,0.5112,0.0662,-0.6932,-1.795,-1.093,2.8902,-0.1055,-1.0922,-0.091,-0.8875,0.982,-1.2593,2.5298,-0.2576,-1.0985,0.9682,-0.255,-0.3236,-0.0564,0.1916,-0.5824,-0.7895,0.1719,-2.4227,-1.4254,-0.9335,-0.7025,0.1453,0.9374,-1.6124,1.8012,-0.2192,0.5122,-1.4822,0.3482,0.0802,-1.621,-0.2665,-0.3367,-1.9548,-0.847,0.0855,-0.9554,-1.3685,1.5766,-0.069,-1.7805,3.7282,-0.2683,-0.8069,-0.552,-0.2358,-0.888,0.2187,0.5858,-0.8476,-0.8968,-0.29,-1.0487,-0.2548,-0.6505,0.9258,3.8288,-0.3478,-0.0512,1.2148,-1.8937,0.1795,0.8638,2.2138,3.5418,0.0162,0.6835,0.663,0.6212,0.1689,0.104,-1.7697,-0.1043,-0.7135,0.0429,-0.9582,-0.13,-2.118
TCGA-AA-3856-01,1.733333333,0.1658,-0.3624,-1.4975,0.6105,-0.4891,-3.0205,-0.316,0.1534,-1.4152,-0.6466,0.4156,-0.3964,0.1922,-0.4737,-0.7138,-0.5751,0.2595,-1.3992,-0.3862,-0.477,2.1728,-1.5761,2.3379,0.0308,-0.0495,1.793,-0.1845,-0.1117,0.3341,0.4991,1.8194,-1.1905,0.0924,0.8012,-0.5636,1.9797,-3.3228,-4.2975,1.266,-0.3781,1.4129,-0.1033,0.4225,1.1787,1.3048,0.2915,0.6002,-0.4671,0.0872,-0.7055,-0.0523,-0.493,-0.8099,-0.456,-0.2917,0.082,0.6988,-1.0435,0.773,-1.115,-1.6775,1.0319,0.3497,-0.9823,0.4008,1.1853,-1.5838,-0.6049,-0.2482,-0.212,-0.1587,-0.5131,-0.621,0.5592,0.2579,0.6439,0.3568,-0.0633,-0.423,-0.7287,-2.4904,2.3034,-0.0531,0.0371,-0.3754,-0.0578,-1.0933,0.0268,-2.7968,0.8166,0.3836,0.1525,0.3739,-0.7492,1.215,-1.4238,-0.0112,-0.8775,-0.65,-1.3377,-0.4154,-0.7648,-0.9285,-0.094,-0.0748,-1.9847,-0.473,-0.073,-0.5739,-0.0325,-0.4003,1.0055,-0.5041,-0.5529,1.2735,2.3902,2.4933,0.6643,0.1962,-1.2793,0.7993,-2.3778,-0.073,4.8652,0.4597,-0.0622,-0.9922,-1.0786,1.562,-1.9787,0.7531,-4.2288,0.8585,-1.3712,0.495,-1.8345,0.7213,0.3075,-0.0535,-1.7698,-1.51,-1.1228,1.0763,-0.2402,1.7763,0.429,-0.1604,0.3267,-0.345,-0.5649,-0.851,-1.2935,-3.1068,-1.0765,0.1174,1.4354,0.927,-0.0946,-1.7083,0.1253,-1.3505,2.1302,0.0188,-0.0105,0.0063,1.0311,-0.5063,-0.7648,0.0286,-0.476,0.7352,-0.0182,-0.0402,-0.4005,0.4034,-5.2921,-0.6614,2.3479,1.1716,-0.1171,3.389,0.132,1.4402,1.482,-0.141,-0.6857,-1.3522,0.4532,-0.7248,-1.0692,-2.203,-0.0122,0.0825,0.4931,0.5413,0.1108,-0.7859,-1.2562,-1.313,-0.6222,-1.6068,2.7745,0.2298,0.7125,-0.3454,0.23,0.4202,0.5886,-0.5451,0.7552,-0.8751,0.8911,1.185,0.128,0.1513,-0.5798,0.2988,1.0712,0.6158,0.5327,0.1922,0.0856,-1.4493,-0.7544,2.792,0.2152,-0.8305,0.0862,-0.3207,0.4002,-0.0771,2.0525,0.1822,-1.188,0.8582,-0.0982,0.9048,0.6492,0.3542,0.0098,-1.5262,0.7507,-3.2869,-0.4561,-0.7845,-0.0664,0.2425,1.0894,-2.08,1.7935,0.355,-0.0973,-2.1242,0.343,0.8703,-1.2022,-0.2412,-0.5127,-1.3955,-2.1272,0.3601,0.0826,-0.7263,1.3103,0.3073,-2.295,4.8332,0.2053,-0.29,-1.176,-0.1558,-0.4752,0.4602,-0.047,-1.2272,-1.3202,0.0925,-0.0135,0.3507,0.8142,1.0825,3.7122,-1.1442,-0.0198,0.7074,-2.0113,1.8002,0.9712,1.909,3.4823,-0.7091,1.1516,0.1004,1.8918,0.2096,0.7723,-2.4522,0.9287,-0.8445,0.3655,-1.4072,-0.3368,-1.0655
TCGA-AA-3858-01,1.566666667,-0.3196,-0.5375,-2.5189,0.265,-0.6572,-2.3795,-1.5966,-0.0562,-1.4223,-0.6308,0.1805,-0.2661,-1.7888,-0.9673,-0.3548,-0.5202,0.0798,-1.5408,-0.4947,0.553,1.9409,-3.1405,2.0984,-0.7625,-0.1315,1.2984,-0.0622,0.0622,0.2208,0.3971,1.6128,-1.1711,0.3713,1.6941,-0.6798,0.8583,-3.0488,-4.7904,1.1631,-0.6527,1.3184,-0.1768,-0.096,0.6996,0.785,-0.6073,0.1596,-0.8581,-0.7392,-0.3015,0.1758,-0.9028,-0.3865,-1.3345,-0.5878,-0.1919,0.7474,-0.9885,0.9962,-1.2597,-1.5335,0.4598,-0.086,-0.5066,-0.241,0.0533,-1.4475,-0.5926,-0.5377,0.051,0.0342,-0.3593,-0.8262,0.3402,0.5124,0.4259,0.0755,0.5059,-0.1529,0.0511,-1.6691,0.8413,-0.0556,-0.2374,-0.7638,-0.0825,-0.7029,-0.0787,-2.082,0.6605,0.1298,-0.0415,1.1558,-0.049,0.5462,-1.3838,-0.4732,-0.2165,-0.3635,-0.6058,0.0071,-0.2644,-0.6372,-0.3452,0.4448,-2.1487,-1.4985,0.4962,0.2729,-0.0008,-0.7891,0.3433,-0.7159,0.0511,0.8125,1.9308,1.9108,1.0827,0.7985,-1.4285,1.0463,-2.0513,0.255,4.6182,0.7188,0.0605,-1.5563,-1.1416,0.9664,-1.8117,0.4174,-4.613,0.7717,-1.8588,0.238,-1.6469,0.6815,-0.2007,-0.8545,-1.6522,-2.3102,-1.9102,1.2435,-0.6958,2.2233,1.165,-0.3512,0.8372,-0.5748,-0.1672,-1.097,-0.5732,-2.6132,-0.5438,-0.3288,2.0331,0.5695,-0.4429,-1.4461,1.0452,-1.9103,2.2681,0.1512,0.3757,-0.0162,1.7576,-1.0466,-0.7219,0.2768,-0.306,0.7272,-1.513,-0.4958,0.3922,0.3886,-5.1794,-0.5063,2.2767,0.392,0.0752,2.9295,-0.527,0.8122,-0.6162,-0.36,-0.3872,-1.5293,-0.1017,-0.5489,-1.2778,-2.4298,-0.0765,0.6364,0.4204,0.9582,-0.5344,-0.4231,-1.0861,-0.2365,-0.3268,-1.0792,3.5058,0.1808,0.2671,0.2944,0.0705,0.6775,0.194,-0.8885,1.7468,-0.7392,0.5424,0.9485,-0.1136,0.1749,-0.4008,0.6885,0.75,0.6,-0.1898,0.226,0.2358,-1.1045,-0.9862,2.5922,0.7274,0.1912,-0.3942,-0.5573,0.3012,-1.1872,2.4888,-1.3219,-1.4125,0.945,0.2908,0.6779,-0.6014,0.3728,0.1686,-2.1381,0.0146,-3.2824,-0.7902,-1.0175,-0.3006,0.3802,1.3774,-1.8188,2.5458,0.4203,0.866,-1.0392,-0.1618,0.3955,-2.305,-0.1391,-0.6175,-1.2308,-1.9718,0.5835,-0.5735,-1.4358,1.39,-0.3557,-1.9395,3.6535,-0.0225,-1.0049,-1.1035,-0.6745,-1.25,0.1034,-0.0115,-2.012,-1.1817,-0.1117,0.0782,0.7072,0.7688,1.0484,3.9272,-1.3808,0.176,1.2474,-2.5408,0.5618,0.1188,2.4475,3.9043,-0.0109,1.4131,0.4344,1.5655,-0.1175,0.1383,-1.962,-0.0288,-0.933,0.3292,0.1062,-0.617,-1.752
TCGA-AA-3869-01,2.266666667,-0.4269,-0.7755,-1.2461,0.817,0.0552,0.065,-0.3877,-0.8039,-1.3463,-0.0011,-0.1142,-1.048,-1.8849,-0.8685,-0.007,-0.9772,0.031,0.1107,-0.4986,0.913,2.6407,-2.206,1.2991,-0.4875,0.3598,1.096,-0.024,0.0422,0.7691,0.2671,4.1111,-0.9985,0.1512,-0.3535,-1.0734,1.3483,-3.043,-3.6586,0.068,-0.2346,1.0867,-0.5703,0.78,0.9323,0.9198,0.8252,0.166,-0.165,0.5195,1.2157,-0.5155,0.1275,-0.3711,0.007,-0.6,-0.3418,0.3096,-1.3717,0.88,-1.1723,-1.644,0.6869,0.582,-1.306,0.8022,0.2595,-1.4405,-0.4224,-0.206,-0.177,0.421,-1.0907,-0.5913,1.0875,0.6155,0.8828,1.3526,0.9671,-0.4666,0.3064,-2.5609,0.9272,0.1952,0.1015,-0.1153,0.1981,-1.2859,-0.6948,-1.4665,1.4249,-0.0848,0.1732,-0.366,0.3165,0.7543,0.5165,-0.4737,-0.5908,-0.1578,-3.9138,-0.3493,-0.2396,-0.6353,0.2532,-0.3562,-2.8242,-1.285,0.5995,0.1163,0.3494,-1.2476,0.606,0.4046,-0.7782,1.764,0.899,0.7133,1.7035,-0.1085,-1.1014,0.659,-2.0748,-0.7925,4.303,1.3998,0.1155,-0.5008,-1.0094,0.9237,-1.8917,-0.0478,-4.1432,1.228,-0.7832,0.2388,-1.8994,0.9845,-0.8322,0.2402,-1.8817,-1.4439,-2.0406,0.8447,-0.5218,2.2996,0.2435,-0.2038,-0.7268,0.0546,-0.4728,-0.9548,-0.4862,-2.5264,-0.6858,-0.3628,-0.17,-0.2674,-0.4238,-1.6474,-0.3222,-2.0395,3.5212,-0.0325,0.364,0.3318,1.4156,-1.3254,-0.6821,-0.1917,-0.4142,1.5368,-1.2942,-0.0188,0.7048,0.2457,-3.764,-0.1983,1.8124,0.7869,0.3383,2.9745,-1.4599,1.0684,0.6242,-0.5112,-0.2142,-1.4065,-0.3105,-0.0386,-1.4137,-2.7908,-0.1922,-0.1822,0.5057,0.916,-0.5277,-1.0719,-1.8086,-2.191,-0.4675,-0.3465,3.7362,0.127,0.5394,-0.0055,0.813,0.8303,1.2374,-1.8692,0.4728,-0.204,-0.178,0.7868,0.5493,-0.2559,0.5465,0.5775,0.8412,0.3748,0.4498,0.2072,-0.124,-1.4192,-1.2999,0.9328,0.4584,-0.44,-0.1352,-0.5293,0.5692,-0.9848,2.6595,1.2928,-1.2045,1.019,-0.725,0.3231,1.5229,0.2305,-0.0448,-1.3918,0.347,-2.4404,-1.2991,-0.556,-0.6642,0.7237,0.9362,-1.1902,2.0055,-0.5293,0.5275,-0.9965,0.5092,0.101,-2.617,-0.8375,-0.9072,-2.0758,-1.2397,0.5899,-0.5048,-0.9857,0.6938,-0.8282,-1.6253,4.3505,0.3876,-0.5354,-0.6865,-0.2238,-1.0677,0.3309,0.1905,-0.9951,-0.4132,0.091,-0.9957,0.6558,0.0975,1.2542,3.894,-1.2908,-0.0242,1.1696,-2.3645,-1.092,0.4695,2.4722,3.9157,-1.9616,0.3869,0.858,0.8482,0.173,1.0645,-1.8229,0.4907,-0.9558,-0.8715,1.4942,-0.224,-1.7812
TCGA-AA-3872-01,1.666666667,-0.7836,-0.7378,-1.5214,1.2715,0.401,-1.3593,-0.1975,-0.221,-1.2983,-0.0018,-0.4528,-1.6612,-1.0163,-0.3577,-0.2702,-0.5534,0.8112,-0.3345,-0.1899,0.2558,2.493,-1.1055,1.1008,0.2295,0.5873,-0.073,-0.3525,0.3468,0.886,1.0693,5.1152,-0.8151,0.2074,0.6254,-1.5018,1.555,-3.5918,-4.1574,-0.2591,-0.2546,0.8655,-0.7358,0.97,1.3416,1.3325,0.0413,0.1953,-0.126,-0.1798,0.5825,0.0385,0.5824,-0.7956,0.65,-0.6777,-0.5654,0.5916,-0.6417,0.6035,-1.4247,-1.488,0.3757,0.5417,-0.732,0.9658,0.153,-0.6135,-0.4764,-0.429,0.4905,-0.0127,0.1618,0.316,1.2503,0.1539,1.0783,0.0605,1.2797,0.1789,-0.4665,-2.2415,1.4745,0.1545,0.2216,-0.0709,0.2681,-1.3712,-0.5987,-1.496,0.1519,0.0983,0.4512,-0.7621,0.0368,1.086,-1.7853,-0.9285,-1.0188,-0.0175,-1.2212,-0.4956,-0.211,-0.8148,1.1027,0.358,-1.9538,-0.6647,0.2475,-0.99,0.6364,-0.0014,0.1177,-0.2689,-0.3708,1.133,1.4923,2.1638,3.3528,0.1769,-0.1349,0.793,-2.1448,-0.3406,4.2952,0.8003,0.3751,0.0533,1.4714,1.3019,-2.4746,1.2974,-3.6782,1.4696,-0.9378,-0.3208,-1.447,0.1857,-0.849,-0.3832,-0.7903,-1.2756,-2.5315,1.9328,0.2148,2.4761,-0.0158,0.075,-1.1223,-0.2992,-0.4529,-0.5695,-0.3446,-1.1057,-0.9,-0.3126,-0.4049,-0.37,-0.9045,-1.8428,0.7379,-1.7043,2.7468,0.2952,0.2098,0.351,2.2241,-0.9787,-0.0482,0.3736,-0.2828,0.559,-1.7502,-0.2855,-0.4136,-0.0585,-1.281,0.1807,1.9124,0.1949,-0.3809,2.6285,-0.8999,1.6432,0.446,-0.548,0.0875,-0.1465,-0.6038,-1.1745,-2.1845,-1.4838,0.846,-0.5172,1.2528,0.9108,1.0121,-1.4552,-1.3834,-2.3355,-0.517,-0.5881,3.4028,-0.1845,0.8696,-0.8026,0.5798,0.4747,0.1358,-1.5232,-1.058,0.4742,-0.4665,0.7188,0.7631,0.0016,-0.1175,0.3585,0.6428,0.4512,0.031,0.3432,-0.2615,-1.3267,-1.1905,1.5127,0.3985,0.3575,0.066,-0.5545,1.2377,-0.7464,3.069,-0.3482,-2.589,1.1295,0.185,1.0454,0.477,0.3949,0.5608,-0.4586,-0.0504,-1.3796,-1.4608,-1.2518,0.1814,0.4103,1.0862,-0.1903,1.375,-1.0805,2.2728,-1.1842,1.1412,0.0135,-2.1828,-1.0701,-0.7578,-1.9868,-0.5558,1.7579,0.1663,-1.0057,1.8902,-0.1772,-2.4047,4.2278,0.1201,-0.5919,-1.0795,0.1355,-0.276,-0.0308,-0.3142,-1.7311,0.118,-0.425,-0.7055,0.637,0.0785,2.0022,4.488,-1.1438,-0.1262,0.9876,-2.8795,1.2555,1.0748,2.4798,3.2565,0.2395,1.2016,0.5582,1.649,0.07,0.9004,-1.0949,0.1723,-0.599,-0.9295,-0.45,-0.4028,-0.146
TCGA-AA-3956-01,3.833333333,-0.2522,-1.0711,-1.4821,1.271,0.589,-1.3398,-0.8892,-0.3559,-1.933,-0.1451,-0.3808,-1.1295,-0.2152,-0.4977,-0.8612,-0.6158,0.7072,-1.8798,-0.1915,-0.6838,3.1265,-2.9071,1.1325,-1.0332,0.1082,0.8872,-0.4438,-0.1209,0.0932,0.82,1.8201,-1.285,0.1418,0.9137,-0.5903,1.8812,-3.3728,-4.3982,0.9981,-1.0808,0.7392,-0.589,0.319,0.7677,1.1762,-0.0448,0.3868,-0.3392,1.0695,0.6492,0.201,0.4664,-0.4612,-0.071,-0.752,-0.4005,0.0262,-1.3005,0.8902,-1.3592,-1.6065,0.1394,0.176,-0.6179,0.412,0.1172,-0.8365,-0.2956,-0.5794,0.5055,0.308,0.5279,0.0107,1.5261,0.3589,1.076,0.8089,0.713,0.0924,-0.225,-1.5512,2.0954,0.5329,0.0339,0.0047,0.1231,-1.2999,-0.4623,-2.125,0.534,0.49,0.5525,-0.2854,-0.3518,0.9678,-0.9102,0.0627,-0.8623,-0.3878,-2.8753,-0.6836,-0.2648,-1.1562,0.3552,0.5088,-2.2548,-1.0128,0.1665,-0.8046,-0.0179,-1.2918,0.3791,-0.6291,-0.6062,1.1415,1.5283,1.871,1.1242,0.0611,-1.686,0.4315,-2.2185,-0.5956,4.2315,0.5128,0.0226,-1.5063,-0.3752,1.0743,-0.7436,1.001,-3.9478,1.1678,-2.2342,0.1532,-1.6651,0.3347,-0.672,-0.1215,-1.1218,-1.0305,-0.6382,1.2818,-0.0975,2.1482,0.1302,-0.2606,0.0162,-0.0928,-0.3609,-0.6243,-1.0755,-2.2036,-0.7708,-0.3164,0.5084,0.4924,-0.9894,-1.3628,-0.2163,-1.521,2.4979,0.558,0.1838,-0.5023,1.4798,-1.2939,-0.1421,0.1598,-0.3955,0.6722,-1.2292,0.357,-0.2186,0.4976,-4.3975,-0.019,1.5433,0.8433,-0.0495,2.9585,-0.4051,1.4782,0.6765,-0.4662,-0.5146,-0.738,-0.0545,-0.9112,-2.1938,-2.305,0.4808,-0.2399,0.6939,0.9293,1.1658,-1.2566,-1.4019,-1.4895,-0.7212,-1.0807,3.2028,-0.1842,1.3296,-0.1685,0.8758,0.7715,-0.16,-1.3494,-0.4112,-0.147,0.3528,1.4947,0.238,-0.1208,0.1767,1.0962,0.4092,0.4782,-0.199,0.1548,-0.297,-1.7482,-1.0871,2.4498,0.2669,-0.9848,0.064,-0.6583,0.5825,-0.7001,3.0842,-0.4307,-1.174,0.6018,0.2405,0.2148,0.8088,0.7365,-0.1495,-0.8506,-0.1922,-1.8049,-0.901,-1.4788,0.353,0.6392,1.2552,-0.9874,1.6235,-0.07,0.659,-1.592,0.3602,0.4663,-1.674,-0.4119,-0.6343,-1.9715,-1.6335,1.2002,-0.1852,-1.323,1.3111,-0.1405,-2.3305,3.4315,0.3556,-0.4805,-1.2865,0.2522,-0.8962,0.3509,-0.7755,-1.2668,-0.8911,-0.0362,-0.2963,0.445,-0.461,1.281,3.5725,-1.4555,0.2905,0.9119,-2.1218,0.4138,0.853,2.0222,4.0795,-0.8182,1.0118,0.1691,1.0977,0.2984,0.6904,-1.726,0.0845,-1.6252,-0.332,1.1,-0.6542,-2.2988
TCGA-AA-3971-01,2.5,-0.3309,-1.074,-2.151,0.7465,-0.6915,-3.103,-0.6199,-0.3532,-1.8699,-0.035,-0.0522,-0.5065,-0.0628,-0.4793,-0.7318,-1.2079,-0.36,-0.2823,-0.6687,-0.0695,2.4631,-3.1062,1.1904,-0.856,-0.0882,1.9311,-0.4605,0.617,0.3657,-0.0039,1.2571,-0.7401,0.3692,0.1188,-0.9354,1.5573,-3.058,-4.372,0.9825,-1.9893,0.9635,-0.5557,0.7385,0.7472,0.8742,0.0563,0.6337,-0.5096,0.3368,0.9257,-0.1903,-0.2826,-0.4585,-0.796,-0.519,-0.4188,0.7116,-0.5572,0.9138,-0.9358,-1.4185,0.5411,-0.1377,-0.9221,0.5878,0.2697,-1.4902,-0.5247,-0.0359,-0.445,0.0835,0.1287,-0.426,0.483,0.0829,1.1618,0.2502,0.7076,-0.7224,-0.7469,-2.1188,1.7122,0.0872,-0.133,-0.3272,0.1348,-1.8078,-0.4038,-1.982,0.3299,-0.1774,0.3485,-0.0699,-0.2948,0.6958,-1.6048,-0.4775,-0.3015,-0.1992,0.4392,-0.4903,-0.0977,-0.4698,0.2655,-0.3095,-2.4678,-0.0142,-0.1365,0.2184,0.5229,-1.4893,0.2894,-0.7671,-0.159,1.601,2.6977,2.533,0.3013,0.0442,-1.9818,0.9135,-2.1855,-0.3035,4.526,0.407,-0.1884,-0.6875,-1.1066,1.1173,-2.1402,0.0443,-4.0657,0.9581,-1.3662,-0.188,-2.17,0.8275,-0.4602,0.0275,-1.5412,-1.4148,-0.5385,0.115,-0.6045,1.8737,0.1935,-0.6105,-0.0643,-0.1148,-0.2215,-0.8758,-1.3287,-2.559,-1.0322,-0.2919,0.7681,1.135,-0.7654,-1.0814,-0.2486,-1.7687,1.1504,-0.1907,0.2408,-0.1623,1.074,-0.8327,-0.7484,-0.2191,-0.0492,0.8112,-1.2833,0.4218,0.0839,0.5402,-4.852,-0.5151,1.4,0.1352,-0.3442,2.775,0.0414,1.3026,1.0315,0.0615,-0.5028,-1.282,-0.0845,-0.8695,-1.6828,-2.3322,-0.3165,-0.0821,0.9544,0.8052,1.1968,-1.4068,-1.252,-1.8895,-0.6348,-1.4745,0.9635,-0.3495,2.1128,-0.2376,-0.2078,0.6817,-0.5324,-0.9329,-0.1062,-0.1869,0.6928,1.3733,0.0495,-0.1041,0.0048,0.4582,0.272,0.5492,0.0755,0.3182,-0.0439,-1.5318,-1.0006,3.1047,0.3322,-0.3957,-0.3052,-0.7847,0.337,-0.6964,2.4894,-1.4035,-1.5155,0.8882,-0.322,1.7061,0.2049,0.8352,0.0822,-1.1932,-0.1352,-2.5699,-0.7131,-1.402,-0.2702,0.4872,0.6002,-1.7691,2.097,0.4528,-0.1287,-1.7908,0.186,0.705,-1.5655,-0.5607,-0.596,-1.4125,-2.0385,0.5899,-0.1655,-1.2665,1.1705,0.282,-1.8192,4.2152,0.1335,-0.9264,-0.1135,0.116,-0.1958,-0.0191,0.3978,-0.4535,-1.011,-0.172,-0.393,0.5407,0.0512,0.9163,3.4495,-1.602,0.2735,1.3096,-2.2202,2.0545,1.2372,1.8908,3.96,-0.8556,1.3759,0.2002,1.243,0.123,0.6221,-1.9599,0.3698,-1.611,1.2561,-1.3172,-0.4405,-2.0955
TCGA-AA-3975-01,3.466666667,-0.0896,-0.5265,-2.9879,1.1635,-0.5691,-1.7222,-0.2502,0.3329,-1.642,0.0924,0.0528,-0.4576,-1.8962,-0.5582,-0.7722,-1.1891,1.1705,-1.7267,-0.1326,-1.151,2.34,-2.1663,1.483,-0.3152,0.0171,-0.0321,0.0127,-0.1683,-0.0595,1.9715,1.2369,-0.3993,0.5656,-0.1137,-0.1968,1.1583,-4.2818,-4.4559,1.1899,-0.1542,0.9988,-0.1042,-0.1085,0.4462,1.4759,-0.344,0.1592,0.5595,0.7925,-1.1418,-0.3898,0.5584,-1.3558,0.167,0.095,-0.1831,0.3062,-0.977,-0.1272,-2.0928,-1.8225,0.7144,-0.019,-0.8662,0.492,0.2273,-1.102,-0.3927,-0.7592,0.199,-0.1016,0.3551,-0.4698,0.6148,0.1514,1.3623,1.3141,0.6316,0.2633,0.2814,-2.3214,2.3761,1.3206,0.0334,-0.4596,-0.2338,-0.7631,-0.1072,-2.6052,0.6375,-0.2292,1.3412,-0.0948,-0.4068,1.3732,0.7558,-0.0915,-0.6958,-1.3973,-4.0078,0.0434,0.0173,-1.0897,0.0215,0.709,-2.1288,-1.8978,-0.1818,0.0469,-0.5275,-0.5342,-0.3921,-0.6292,-1.2998,0.684,1.3677,0.7432,1.0153,0.2529,-0.6231,1.0842,-2.6937,-0.7675,4.0752,0.4963,0.0735,-0.9903,-1.0524,2.1942,-2.4416,0.0631,-4.3957,1.1723,-1.4355,0.0845,-1.7972,1.0608,0.266,-1.5423,-0.9885,-1.7611,-2.6108,3.0398,0.6535,1.9851,0.4835,0.3145,0.2325,-0.57,-0.5812,-0.1789,-0.7064,-2.8113,-0.6082,-0.0744,0.8205,0.3839,-1.2547,-1.3066,1.2475,-1.9052,0.5308,-0.3505,-0.4915,-0.5118,1.0608,-0.9409,-0.1281,-0.06,-0.1228,0.4188,-1.2887,0.0195,-0.237,0.0127,-4.9806,0.208,1.8807,0.2091,-0.0143,4.1855,-1.3867,1.1821,1.459,-0.072,-0.2752,-1.2533,0.4815,-0.7799,-2.1738,-2.4352,1.262,-0.3222,0.5446,1.6878,0.2914,-1.8354,-1.1406,-1.0135,-0.8148,-1.0231,0.2558,-0.2885,0.8651,-0.3804,-0.0038,0.9433,0.191,-1.5869,0.0005,-0.617,1.6712,1.1133,0.4932,0.1164,0.6523,0.0861,0.147,0.5628,-0.7845,-0.5065,-0.0878,-1.2002,-0.5212,1.475,0.6526,-1.7052,-0.5722,-0.3195,1.737,-0.347,2.9142,-0.2058,-1.8825,0.899,-0.3552,0.6163,0.9806,1.0526,1.0198,-0.6614,0.6832,-1.5861,-0.9092,-0.7872,-0.1055,0.5535,1.0871,-1.2331,1.8155,-0.392,0.9558,-2.069,1.707,0.6572,-1.1715,-0.9472,-0.3527,-1.7025,-1.6742,0.4985,-0.292,-1.4928,1.9726,-0.7118,-2.4753,3.653,0.0328,0.0894,-1.0515,-0.22,-1.5677,0.289,-0.1038,-1.9114,-1.0117,-0.6663,-0.535,1.2815,-0.651,1.3133,2.831,0.0425,0.1295,1.1815,-2.3397,0.263,0.195,1.5792,3.8018,-0.3265,1.0688,0.4664,1.3162,0.029,1.0326,-1.5906,0.6595,-2.2618,-0.2021,-1.0795,-0.381,-2.8515
TCGA-AA-3976-01,2.333333333,-0.4444,-0.8599,-1.0741,0.548,0.0659,-2.2925,-0.8454,-0.1949,-1.8642,-0.1303,0.2929,-0.3394,-1.4066,-0.3152,-0.895,-1.0778,0.227,0.2602,-0.9373,0.0208,2.1719,-0.9778,1.6647,-0.9498,-0.2973,1.3546,-0.1035,-0.2516,0.0698,-0.5705,0.9416,-0.985,0.1429,0.1351,-0.6852,0.439,-2.0585,-4.1648,0.7526,-1.1151,1.3155,0.1872,0.006,0.7301,0.8266,-0.517,0.233,-0.4255,0.5055,-0.6747,-0.0945,-0.5342,-0.4298,-0.282,-0.5563,-0.1971,0.9642,-0.8763,0.651,-1.2962,-2.053,0.4858,-0.1703,-0.9533,-0.1118,0.1993,-2.225,0.4345,-0.103,0.728,0.0684,-0.1654,-1.0058,0.7961,0.5669,0.4766,1.2332,0.5401,-0.1535,-0.2919,-0.8229,1.1608,-0.0213,-0.3167,-0.1473,0.2449,-1.3429,0.0275,-2.1338,0.7531,-0.3606,-0.2262,0.3412,-0.6892,0.5493,-1.0932,-0.885,-0.3982,0.4358,-0.7015,-0.1329,-0.3119,-1.3843,-1.132,-0.432,-2.1095,-1.1302,-0.0415,0.197,0.3645,-0.9465,-1.0814,-0.2251,0.2829,0.8525,0.431,1.0492,0.4857,1.1812,-1.7603,0.2998,-2.3153,-0.4319,4.2453,0.4978,-0.0731,-1.2565,-0.637,0.9528,-1.8623,0.0394,-4.1968,0.7043,-1.6398,-0.0918,-1.9153,1.556,-0.5005,0.3592,-1.5442,-2.4195,-1.9498,-0.0858,-0.6347,1.5855,0.4495,-0.4894,0.5817,-0.383,-0.8441,-0.6984,-1.0539,-2.4365,-1.319,-0.4299,0.7204,0.7215,0.3716,-1.6903,-0.8087,-1.4177,1.1939,-0.2442,0.1015,-0.0737,1.404,-0.7145,-1.0634,-0.1283,-0.5992,0.627,-1.2955,-0.122,0.3348,0.4303,-3.9414,-0.8598,2.2582,-0.1886,0.0622,2.4665,-1.2157,1.4577,-0.4128,0.1465,-0.6177,-1.2973,0.1025,-0.5351,-1.1612,-2.2629,-0.5142,-0.1233,1.0138,1.4237,0.0011,-0.9095,-1.2658,-0.8535,-0.8565,-1.0465,4.4438,0.3902,0.484,-0.0301,1.1295,0.9597,0.3919,-1.2337,0.954,-0.5162,0.6651,0.6795,-0.158,-0.2887,0.2817,0.7654,-0.1855,0.6505,-0.099,0.2688,-0.2696,-1.3388,-0.6245,2.8602,0.3149,-0.5418,0.2723,-0.7557,-0.762,-0.8167,2.2014,0.3891,-1.104,0.8525,0.0328,0.6736,0.5571,1.0215,0.037,-0.5148,0.8668,-1.3996,-0.8335,-0.5022,-0.6801,0.0858,0.7726,-1.9093,2.2045,-0.4338,0.3415,-1.7835,-0.0418,0.1872,-2.4198,-0.1932,-0.724,-1.4617,-2.0785,0.2578,-0.2674,-1.0668,0.7063,-0.2197,-1.859,3.0695,0.451,-1.0972,-0.61,0.4513,-1.8517,0.6357,-1.0555,-1.8139,-1.1755,-0.5702,0.265,0.545,0.5305,0.7968,3.102,-0.9432,0.1715,0.8736,-1.6575,1.3412,0.0895,1.6172,3.2288,0.3271,1.0481,0.2632,1.357,0.1401,0.4434,-1.2502,0.0055,-1.5745,0.3124,0.5913,0.2978,-0.4095
TCGA-AA-3979-01,4.3,-0.5309,-1.2148,-2.4991,0.125,-0.5068,-3.3403,-0.9577,-0.7952,-1.8551,-0.8659,-1.1498,-1.5195,-3.5435,-0.7837,0.1505,-0.4598,-0.0268,-2.01,-1.1299,0.548,1.2889,-0.7475,1.4548,-0.7852,-0.579,0.1639,-0.3705,-0.7501,0.6097,0.3671,1.1625,-0.7083,-0.3292,-1.3885,-0.1662,-0.5743,-2.1485,-4.6452,0.9728,-1.0762,1.4721,0.0743,0.187,0.4193,0.3169,-0.5038,-0.318,-1.0789,-0.19,-2.4838,0.2392,-0.409,-0.8806,-0.6375,-0.7383,-0.2877,1.3722,-1.7423,-0.0758,-0.7288,-1.7165,-0.3801,-0.9918,-0.9176,0.074,-0.3257,-1.9205,0.164,0.5431,0.0855,-0.6992,-1.7336,-0.7815,-0.0836,0.2964,0.7026,0.35,0.7113,-0.5262,-0.9662,0.4892,1.4851,-0.8528,-0.0311,-0.5863,-0.2885,-1.5766,0.2513,-3.4548,1.6628,0.3882,-0.0782,0.5361,-1.2782,0.298,0.4098,-0.4537,0.491,-0.4138,-0.5003,0.0092,0.2626,-1.3435,0.2042,-0.4192,-1.2023,-2.424,0.0075,-0.0783,0.3294,-1.3496,-1.3398,-0.6464,-0.5224,2.496,0.63,0.0325,0.7983,0.3203,-1.4366,0.2328,-2.5252,0.4999,3.555,0.5295,-0.131,-2.6405,-2.1146,0.8241,-2.1927,2.0848,-5.1775,0.8349,-1.4665,0.203,-2.7565,0.9692,-0.256,-0.0092,-1.9248,-3.1658,-2.6811,0.1405,-1.0758,1.6715,0.3298,-0.3118,0.3388,-0.7145,-0.2612,-0.5272,-0.9536,-3.181,-0.663,-0.2259,1.1715,0.674,-0.4785,-1.4909,0.4262,-2.1953,0.216,-0.0552,0.0902,-0.7952,0.4251,-0.5444,-1.0583,0.7702,-1.2978,0.375,-1.1238,1.157,0.2015,0.994,-4.1198,-0.2742,1.6331,0.4332,-0.1127,2.751,-1.013,0.9699,0.4502,-0.478,-0.6892,-2.2182,-0.779,-0.288,-1.0975,-3.325,-0.3703,0.3599,-0.2923,0.611,0.5479,-0.2755,-1.4149,-0.42,-0.3848,-2.0139,3.906,0.3518,1.6185,0.3115,0.1262,1.48,0.0008,-1.9465,0.1852,-1.2639,-0.5725,1.4838,-0.0287,0.2054,0.1853,1.2405,0.2648,1.0732,-0.9198,0.8195,-0.0706,-1.3403,-0.4301,1.757,0.1576,-0.211,-0.115,-1.3025,0.2935,-1.0439,2.2055,-1.2048,-0.955,0.9233,0.0762,0.3433,0.6989,0.7106,-0.2348,-0.7772,0.2688,-1.9728,-0.6091,-0.7002,-0.0626,0.8003,1.6371,-3.1706,1.3302,-0.6738,-0.265,-1.9658,1.7875,0.0545,-1.6135,-0.654,-0.2665,-1.189,-2.7928,-0.2862,0.0413,-0.7527,0.0707,-1.089,-2.285,2.6718,0.3164,-0.4575,-0.6075,-0.1675,-2.8928,0.4271,-0.0752,-0.7798,-0.7985,-0.8613,-0.1202,0.1165,0.1912,1.2384,2.843,-1.003,-0.4898,1.2298,-2.154,-1.5488,-0.6108,1.4608,3.6997,-1.4085,1.5592,0.3489,1.694,-0.1494,-0.0845,-1.9496,0.6335,0.1003,-1.4441,-1.445,0.1708,-2.1145
TCGA-AA-A004-01,1.933333333,-0.6419,-0.9428,-1.5901,1.081,-0.3576,-1.4422,-0.2919,0.3208,-0.7124,-0.524,-0.3319,-1.3839,-0.2641,-0.6156,-0.4938,0.1478,0.5668,-1.4047,0.2703,-1.0708,2.0246,-0.9841,1.1439,-0.3692,0.1146,0.4703,-0.895,-0.0532,0.2234,0.3734,1.0785,-0.1847,0.4708,-1.0937,-1.7267,-0.2152,0.4512,-4.5645,1.4566,-1.8234,1.3822,-0.0287,-0.9545,0.6072,1.1826,-0.2027,0.4426,-0.3982,-0.2062,-0.1965,-0.1202,-0.1742,-0.3698,0.4515,-0.8385,-0.7296,-0.2038,-1.1683,0.4068,-1.4898,-1.2025,-0.2879,-0.3188,-0.5253,-0.382,0.7225,-1.513,-0.4593,-1.3534,-0.31,-0.5016,0.2297,-1.0782,0.6604,-0.0351,1.6437,0.9491,0.5211,-0.0814,-0.5837,-1.8737,1.3429,-0.2886,-0.5386,-0.3199,0.04,-0.6685,-0.8972,-2.4758,1.0532,0.214,0.001,0.145,-0.866,1.9312,-1.3008,0.131,-1.017,-0.601,-3.7542,-0.0829,-0.4388,-0.8247,-0.0357,0.6812,-1.0868,-1.285,-0.0915,0.1663,-0.3976,-1.002,-0.9805,1.0096,-1.3554,1.287,1.322,1.4645,0.3203,-0.2086,-0.4744,-0.1362,-1.6045,0.1274,4.9202,0.2462,-0.379,-0.6995,-0.8378,0.901,-1.2265,0.9221,-4.1348,0.9166,-0.9112,1.0755,-1.9328,0.2407,-0.1062,-0.7802,-0.7285,-2.1001,-1.6816,0.7465,-0.067,2.6981,0.4462,0.0089,0.3225,-0.1968,-0.7802,-0.2045,-0.941,-2.9751,-0.4042,0.1344,-0.1361,-0.2819,-0.6664,-1.2568,0.0127,-1.457,1.9139,-0.484,-0.4485,-0.6028,1.922,-0.9213,-0.9924,-0.2993,-1.52,0.6432,-1.5178,-0.5903,-0.1056,-0.3928,-4.388,0.1388,1.7373,0.4631,0.0278,4.309,-0.7919,0.1442,1.1118,-0.5558,-0.4357,0.039,-0.7455,-0.4117,-0.9185,-2.2795,0.583,-0.0709,0.4143,-0.0855,0.324,-0.8761,-1.0869,0.5735,-0.5855,-0.7247,2.0788,-0.0438,0.326,-0.6667,1.835,-0.8677,-0.7132,-1.2598,0.6348,0.0831,0.0305,1.4364,0.4043,0.0626,-0.097,0.661,1.1205,0.4158,0.4202,-1.1358,-0.6161,-1.1017,-0.7259,0.4707,0.4084,-0.3993,0.281,-0.1925,0.2578,-0.5356,2.4158,-0.1229,-1.4495,0.469,0.0595,0.202,0.0979,-0.3984,-0.5,-1.276,-0.0063,-1.9845,-1.1651,-0.4048,-0.3886,0.6143,0.8638,-1.0258,1.7892,-0.513,1.4427,-1.2685,-0.7635,0.018,-2.218,0.315,-0.088,-1.0035,-1.4972,0.5969,1.7733,-1.1775,0.5063,0.0672,-1.6388,4.7568,-0.046,-0.8801,-0.663,-0.2092,-0.603,-0.224,0.7438,-2.3104,-0.7506,-0.237,-0.391,0.232,-0.5392,1.474,3.9882,-0.5945,0.0568,1.2085,-2.7537,3.0062,1.3447,2.0508,3.7477,-0.6729,0.7095,0.3303,0.6337,-0.18,0.0827,-0.369,0.762,-0.468,-0.4731,2.6055,-1.036,-0.1345
TCGA-AA-A00D-01,1.866666667,-0.6469,-0.3312,-2.5104,0.8715,-0.4395,-1.9002,0.066,-0.3598,-0.4628,-0.1172,-0.3292,-0.3854,-0.9568,-0.6632,-0.6482,-0.3093,1.0872,-0.7285,0,-0.1205,2.0658,-1.2892,0.792,-0.2023,0.2514,1.539,-0.2372,0.1735,-0.1297,0.9401,1.1276,-0.5018,0.4921,-1.9406,-2.6996,1.9687,-4.0818,-3.5456,0.5961,-0.5456,1.1047,-0.5598,0.4215,0.3945,1.8269,1.5072,1.0435,-0.1766,0.307,-0.9307,-0.287,-0.2125,-1.1174,0.727,-0.5053,-0.1781,0.7973,-0.358,0.5648,-1.26,-1.2115,0.8302,0.3533,-0.2896,0.2972,0.2927,-0.9348,-0.1854,-1.2112,0.5345,0.4467,0.2177,-0.0648,1.3016,0.0264,1.6656,1.5464,0.7314,0.2539,0.2261,-2.6744,2.0091,0.8857,0.1553,-0.3753,-0.3046,-0.577,-0.2737,-2.7162,1.1122,0.0632,0.6535,-0.1698,0.2308,1.655,-1.7225,0.0592,-0.1923,0.6538,-4.4688,0.2739,0.321,-0.5823,0.1582,0.4972,-1.4948,-0.3872,-0.2781,0.1195,-0.2674,-0.5807,0.0649,-0.6791,-0.1786,2.688,2.4485,2.5055,0.6295,0.0217,-0.9114,0.7289,-2.0035,-0.5345,4.4295,1.609,0.3391,-0.2987,-0.4358,1.0057,-2.0295,0.2634,-3.8401,1.5415,-1.0005,-0.466,-1.7173,0.2783,-0.5082,-0.3058,-1.7885,-0.8754,-0.5604,1.4665,0.3583,2.4971,0.1062,0.1665,-0.423,-0.2574,-0.379,-0.3932,-0.7721,-2.2531,-0.2395,-0.3274,0.0276,0.3516,-0.2929,-0.9956,0.1798,-1.499,0.9598,0.2322,-0.0888,0.6727,1.5048,-1.1053,-0.63,0.3994,-0.489,0.0948,-0.7398,-0.3733,0.1305,-0.036,-5.5526,0.1443,1.3551,0.6422,0.1747,3.526,-0.053,1.3487,1.078,-0.4522,-0.3652,-0.6788,0.407,-1.0224,-1.6325,-2.1861,-0.085,0.4941,0.4631,1.0457,-0.4573,-1.071,-0.7265,-1.272,-0.557,-1.5338,0.2832,0.233,0.8534,-0.7859,0.007,0.3047,-0.7285,-2.3161,1.615,-0.1496,0.933,1.3362,0.4986,0.3764,0.4723,1.2702,1.3458,0.773,1.1302,-0.0262,-0.0616,-0.9747,-0.8012,0.056,0.2998,-0.9547,0.2353,-0.2593,1.0565,-0.8023,2.5117,1.0588,-2.228,1.0955,0.0357,0.2379,0.3331,0.599,0.2153,-1.605,-0.2999,-1.7727,-0.545,-0.7865,0.0152,0.3328,2.236,-1.2986,1.9842,-0.6893,0.5938,-0.841,0.7255,0.9198,-1.8875,-0.1705,-0.7485,-1.1708,-1.0225,1.0009,-1.1145,-1.4787,1.1254,0.7783,-2.0012,4.7528,0.1053,-0.2091,-1.2025,-0.336,0.5618,0.2763,-0.3113,-1.5176,-0.8614,-0.6283,-0.1075,1.2078,0.2078,0.8161,3.3205,-1.5947,-0.4898,1.1354,-2.2738,1.4248,0.3088,1.8205,2.8788,-0.7286,0.505,0.3852,0.6675,0.0716,1.4203,-2.0868,0.1345,-0.3005,0.7441,0.554,-0.6145,-2.1625
TCGA-AA-A00U-01,2.266666667,-0.3117,-0.3539,-1.909,1.408,0.1825,-2.1572,0.3158,-0.1605,-0.561,-0.1445,0.371,-0.491,-1.2559,-0.3058,-0.1612,-0.4957,0.5955,-1.7163,-0.147,0.0492,1.4693,-2.869,0.9715,-0.098,0.4475,0.5859,-0.0295,0.1966,0.3586,0.3656,1.0664,-0.5358,0.7572,0.2051,-0.5753,0.4038,-2.8803,-4.4282,0.811,-1.3186,1.1772,-0.0422,0.3835,0.7,1.6334,-0.1662,0.1059,-0.3091,0.1878,0.7278,0.0648,-0.134,-1.09,-0.304,-0.373,-0.0671,1.5235,-0.9785,0.141,-0.8083,-1.0955,0.2502,0.4203,-0.8728,0.8298,0.753,-0.8858,0.0688,-0.3614,0.5845,0.6473,-0.6049,-0.3248,1.3753,0.0909,0.8466,0.7036,0.7688,0.4689,-0.8854,-1.9142,1.4154,1.0146,0.4369,-0.0937,-0.3875,-0.2417,-0.5295,-3.1725,0.9591,0.4499,0.025,-0.0201,0.3995,1.2281,0.6165,-0.266,0.0668,0.5265,-3.5245,0.01,0.1698,-0.683,0.8025,0.7342,-1.0447,-2.6355,-0.0853,0.0805,0.0408,-0.3515,0.3853,-0.8222,-0.3006,0.787,0.5225,0.0405,0.9417,0.5281,-0.9013,0.5369,-2.9607,-0.5853,3.3295,0.296,0.4066,-1.6768,-1.2628,0.7847,-1.4456,0.3746,-4.6649,1.3553,-0.7802,0.0195,-2.2737,1.1778,-0.5837,0.2142,-1.7802,-2.226,-2.2242,2.2217,0.114,1.7934,0.0253,0.3416,-0.3258,-2.1535,-0.8731,-0.2992,-0.2765,-2.909,-0.1572,-0.3852,0.8335,0.2268,-0.4003,-0.5279,-0.1633,-1.8828,0.7267,0.0948,-0.1902,-0.2827,0.9521,-1.2468,-0.4799,0.0836,-0.2472,0.05,-0.7405,-0.2618,0.1355,-0.0592,-4.3454,0.4166,1.7134,0.7801,0.0861,2.5115,-0.7405,1.2892,0.1003,-0.4322,-0.2722,-1.0967,0.095,-0.3649,-1.1527,-3.1645,0.1882,0.2445,0.0629,0.779,-0.8572,0.0396,-1.0801,-0.578,-0.5698,-1.2123,0.8922,0.348,1.0584,-0.3949,0.6558,0.9467,-0.4539,-1.2199,0.876,-0.8856,-0.1898,1.095,1.1764,0.1712,0.5605,0.8709,0.3548,0.9188,-0.3428,0.2688,0.0001,-0.7828,-0.2382,2.5637,0.5461,-1.1627,0.1465,-0.4085,1.0738,-0.4143,2.7252,0.3319,-0.5745,0.7377,-0.2488,-0.1367,-0.0539,0.3088,-0.2796,0.6816,0.2931,-3.2362,-0.6356,-0.6242,0.0259,0.7102,0.945,-2.7101,2.141,0.7012,0.4372,-0.8312,1.1582,0.1673,-1.5075,-0.3777,-0.4818,-0.636,-1.1482,0.112,0.4042,-0.9212,1.1828,-0.1238,-2.4882,2.3732,0.228,0.0742,-1.561,0.001,-1.8157,0.4898,-0.2332,-1.51,-1.4531,-0.4713,-0.509,0.5182,0.814,0.9967,3.4948,0.0442,-0.347,0.7815,-2.2827,-1.355,0.1292,1.962,1.7835,-0.9882,0.5835,0.2061,0.7383,0.0838,0.6232,-1.3166,-0.3648,-0.7252,-0.3186,1.752,-0.0338,-1.6067
TCGA-AA-A017-01,1.766666667,-0.3657,-1.2174,-1.8312,1.768,0.0655,-2.1302,-0.8916,0.5929,-1.2606,0.2558,0.4776,-1.2076,-2.5618,-0.2662,-0.7648,-0.8999,-0.341,-0.9382,-0.1678,-1.444,2.963,-2.5885,1.6254,-0.2565,-0.153,1.4688,-0.0828,0.2338,0.4799,0.1022,2.4944,-0.6402,-0.0018,0.7781,-0.2516,0.2972,-3.2965,-4.9799,1.0907,-2.5746,1.9085,-0.8043,-0.087,0.4263,0.9804,-0.9788,0.8939,0.8868,0.1535,-1.5573,0.3627,-0.1849,-1.1972,-0.9285,0.2783,-0.1972,1.0349,-0.9355,0.7598,-1.542,-1.7505,0.2689,0.0308,-0.4572,-0.093,0.5733,-0.9055,-0.5609,-1.1505,-0.0875,-0.9906,-0.4156,-0.4912,0.0913,0.5276,0.3417,1.1234,0.261,-0.0284,-0.5416,-2.6004,1.8357,-0.4862,-0.4147,-0.5956,-0.7143,-0.7932,-0.627,-2.148,0.5875,-0.1417,0.727,0.7839,-1.0568,1.2602,0.8855,-0.2148,-0.2037,-0.905,-2.7255,0.261,0.2105,-1.9052,0.081,0.7225,-3.0967,-2.328,-0.4519,0.2118,-0.1771,-0.9141,0.0179,-0.9031,-0.5828,0.385,1.0192,0.0805,0.1205,-0.5733,-0.7265,0.5646,-2.716,0.0339,4.654,1.3828,-0.4458,-1.8153,-0.4641,1.6207,-1.3094,0.225,-5.1639,1.0554,-1.8312,0.1782,-2.1049,1.3778,-0.0727,-0.3723,-2.0147,-2.9106,-1.8685,0.9977,0.2152,1.6186,0.3908,0.1441,0.1215,0.4476,-1.171,-0.5312,-1.6146,-2.3375,-0.861,-0.0528,0.2102,0.7926,-0.9662,-1.4232,0.1425,-1.4247,0.9471,0.033,-0.7458,-0.0552,1.8017,-0.8159,-1.1416,-0.3545,-0.6345,1.4095,-1.1568,-1.2478,0.0044,-0.126,-5.0273,0.0353,2.6159,0.6019,0.0862,3.0775,-1.26,0.8084,0.981,0.2805,-0.9016,-1.229,0.3242,-0.8713,-1.5203,-2.5016,1.296,0.6107,0.4672,0.4397,-0.0273,-2.2665,-0.9292,-0.762,-0.9285,-1.517,-0.196,-0.1205,-0.2938,-0.8565,-0.2622,0.4617,-1.5404,-1.2113,0.4115,0.0392,1.6294,1.127,-0.4367,-0.1213,-0.245,0.0125,0.1192,0.4542,-0.0867,-0.0445,-0.6635,-1.3777,-0.7439,2.1998,0.5644,-2.0985,-0.4723,0.2847,-0.058,-0.5699,3.3103,-1.4592,-0.699,1.0603,-0.1048,0.7719,-0.6384,0.4771,0.3649,-1.9593,0.5527,-2.6819,-0.902,-1.1505,-0.8201,-0.039,0.3658,-2.2131,1.0295,0.1335,0.6532,-1.7078,0.4338,0.5227,-2.6612,-0.7372,-0.821,-1.8108,-2.5722,0.1471,-0.0887,-1.44,1.4341,-0.9017,-2.2103,1.975,0.4247,-0.9056,-1.057,0.2035,-2.2233,-0.0287,-0.6602,-2.3491,-1.4929,0.2093,0.4858,0.986,-0.2822,0.5913,3.4038,-0.557,0.3498,1.1744,-2.499,-1.5008,1.0852,2.7268,4.0127,-1.6027,2.571,0.374,1.4062,0.2345,1.4735,-1.8352,0.4808,-2.369,-0.8178,-1.215,-1.4133,-2.5748
TCGA-AA-A01G-01,1.7,-0.3932,-1.1101,-2.7531,1.715,-0.3776,-1.6167,-0.0663,-0.3741,-0.8265,-0.0717,0.052,-1.2405,-0.367,-0.6926,-0.811,0.0868,1.114,-2.4243,-0.2946,-0.488,3.1271,-0.7379,1.8504,-0.011,0.695,0.8206,-0.5028,0.1652,-0.4813,0.6811,1.747,-0.4507,0.9197,0.0256,-0.9727,0.5818,-3.315,-4.5555,0.6811,-0.8381,1.684,-0.3862,0.6385,0.5621,1.1468,-0.3403,0.3238,-0.2015,0.3,1.136,0.464,0.8248,-0.6206,0.058,-0.7413,-0.1092,0.941,-0.9413,0.728,-1.1147,-1.0515,-0.316,0.7343,-0.4127,0.3137,0.3713,-0.9588,0.2902,-1.1478,0.227,0.5132,-0.8866,-0.7412,1.0099,0.6741,1.0112,0.9644,1.0289,1.5634,-0.0742,-2.471,1.5936,0.7163,0.0614,0.3387,0.4138,-0.9004,-0.4192,-2.6048,0.0821,0.2785,0.055,0.0456,0.577,0.9482,-0.2103,-0.3997,-0.1455,0.4398,-3.6225,0.6139,0.1407,-0.6267,-0.3088,0.833,-1.4492,-2.7565,0.09,0.3021,0.0325,-0.5582,0.9224,-1.0891,-0.0198,0.74,0.713,0.017,0.253,0.4602,-0.8942,1.157,-3.0022,0.2584,3.9742,0.2535,0.4027,-1.0978,-1.6576,1.1067,-1.7075,-0.0822,-5.2352,1.7286,-0.431,0.695,-2.7158,1.0208,-0.596,0.328,-2.5512,-2.9716,-2.655,1.8807,0.5448,1.9172,-0.0795,-0.1476,-0.2675,-0.404,-0.6384,-0.0262,-0.635,-3.0154,-0.246,-0.5888,0.7343,0.4378,-0.2661,-0.4688,-0.2816,-2.1837,3.7321,0.0545,-0.1108,-0.504,1.3421,-1.4739,-0.2459,0.2994,-0.8458,0.7602,-1.4187,-0.1138,0.0177,0.1496,-4.3306,0.3954,2.1834,0.5626,0.2197,3.0965,-1.4871,0.9225,0.4505,-0.433,-0.0189,-1.5042,-0.8215,-0.1906,-1.6757,-3.5166,0.575,0.3269,1.0574,0.8692,0.6205,-0.5039,-0.8558,-0.554,-0.5055,-2.0299,3.825,-0.183,0.9372,-0.3065,0.1898,0.6915,0.0587,-0.7378,-0.062,-0.4956,-0.5432,1.5275,-0.0631,-0.0009,-0.0085,0.7941,0.3975,0.1865,-0.4932,-0.4198,-1.0572,-0.4928,-0.4944,2.2823,-0.1421,-0.333,-0.6737,0.0173,0.5752,-0.9366,3.3048,0.2543,-1.702,1.1987,-0.3483,0.3261,0.1476,0.976,-0.0585,-0.3353,0.6177,-1.9971,-1.0089,-1.2888,-0.187,0.5807,0.8179,-2.3492,2.118,0.6205,0.4832,-0.8875,0.9852,-0.1757,-2.038,0.1719,0.3142,-0.9698,-1.3768,0.1122,-0.4931,-1.0878,0.8665,-0.654,-2.5313,1.557,0.3462,-0.37,-1.136,0.339,-2.0147,0.3059,-0.4518,-2.3496,-1.8274,-0.2483,-0.4567,0.3937,-0.361,1.039,4.2918,-1.5598,-0.2625,1.1268,-2.3828,1.3865,-0.42,2.4162,4.8632,-0.4459,0.7819,0.4149,1.1437,-0.1798,0.1421,-1.9405,0.1088,-0.742,-0.5762,-0.905,-0.7218,-1.1058
TCGA-AA-A01K-01,4.9,-0.3311,-1.1494,-1.2988,1.534,0.4981,-0.7195,-0.7997,-0.2684,-0.1725,-0.1667,0.0914,-1.3262,-0.8909,-0.6016,-1.1612,-0.2221,0.338,0.7643,0.1369,-0.801,2.4569,-1.1332,1.1087,-0.1658,0.5802,0.3234,-0.3095,0.4715,0.057,0.6911,1.5762,-0.7407,0.8797,0.4901,-0.7162,1.059,-2.931,-4.6815,1.1878,-1.5896,1.0649,-0.7555,-0.5045,0.1418,0.654,-0.061,0.205,0.2436,0.7065,0.0137,-0.394,0.2996,-0.5115,-0.32,-1.1098,-0.3659,0.8109,-0.9597,0.049,-1.0082,-1.961,-0.3671,0.393,-0.2492,0.5515,0.5715,-0.8918,-0.1722,-1.8911,-0.64,-0.1659,-0.0253,-0.2365,1.0958,-0.009,1.2458,1.0788,1.0086,0.4471,-0.4451,-1.2946,1.93,-0.1642,-0.6821,-0.1591,-0.1576,-0.6049,-0.483,-0.7698,0.1266,0.3813,0.1742,-0.3819,0.0932,1.0661,0.0412,0.241,-1.0352,-0.8515,-0.6532,-0.0131,1.233,-1.6758,0.233,0.6448,-2.0467,-1.0163,-0.2988,0.4381,0.0526,-0.7619,1.0984,-0.2275,-0.3666,1.5195,0.9397,0.7218,0.6043,-0.1963,0.0377,0.4468,-3.2297,0.4649,4.8242,0.2297,-0.1079,-0.032,0.3022,0.6745,-1.1844,0.7775,-4.0742,1.2575,-0.6972,0.799,-1.47,0.8107,-0.6772,-0.3982,-1.3743,-1.6351,-1.8134,0.1918,0.3113,1.8728,0.6745,0.3618,-0.1758,0.0608,-0.7585,-0.2757,-0.8132,-1.5817,-1.0942,-1.5658,-0.1037,-0.0511,-1.1861,-1.5776,-0.4373,-1.3212,1.2628,-0.6115,0.3848,-0.119,2.0098,-1.0629,-0.6792,-0.3973,-1.4692,0.5833,-1.1507,-0.7935,0.5468,0.15,-5.4774,-0.0899,1.8096,0.3755,0.4921,2.9215,-0.8553,0.4346,0.4508,-0.6577,-0.4288,-0.571,-0.9872,-1.0667,-2.3015,-1.5045,0.846,0.3223,0.7329,0.1118,0.2052,-0.6908,-0.515,-0.557,-0.5608,-0.4977,3.2102,-0.2722,0.3591,-0.6468,0.872,0.3578,-0.3935,-0.9056,0.224,0.0177,-0.5245,0.7073,0.2571,0.0256,-0.2973,0.9572,0.0482,0.8875,0.0522,-0.1472,-0.3628,-1.8507,-1.2186,0.5388,0.4936,-0.9518,-0.8193,-0.307,0.893,-0.0018,3.1143,0.2838,-1.6115,0.1482,-0.5035,0.4682,0.2674,0.462,0.0916,-1.0652,-0.4662,-1.0868,-1.2452,-1.0808,-0.2491,0.325,0.5848,-0.4962,1.465,-0.2353,1.3722,-0.8535,0.6468,-0.4164,-2.1335,-0.3192,-0.6482,-1.419,-1.6215,0.6032,-0.2288,-0.7652,0.9294,-0.6017,-0.8718,3.3888,0.2019,-0.372,-0.516,0.0202,-0.7865,0.2536,0.25,-2.0712,-0.5582,-0.123,-1.0052,0.4463,-0.9752,1.5255,3.578,-1.7238,-0.0208,0.9019,-2.1308,-0.8492,0.8365,2.6678,3.7008,-0.3834,0.8664,-0.1311,0.2787,-0.2275,0.795,-0.8923,-0.0708,-1.2932,-0.257,-0.9833,-0.207,-1.215
TCGA-AA-A02J-01,3.833333333,-0.259,-0.8896,-3.1824,2.3795,-0.6686,-1.9917,-0.7518,0.1602,-0.9262,0.3685,0.2224,-0.5796,-1.4852,-0.0628,-0.2398,0.0765,0.1452,0.3247,-0.7384,-0.272,3.167,-4.1863,1.372,-0.132,0.0954,0.7479,-0.3898,0.1193,1.1462,0.1184,1.4179,-0.3441,0.3968,-0.6169,0.2338,-0.1573,-3.343,-5.5336,1.1425,-0.642,1.5458,-0.3785,0.15,1.1067,0.5731,-1.4433,0.4605,0.4836,0.8112,-1.2307,0.172,-0.7901,-0.5011,-1.177,0.2243,-0.404,1.5507,-1.0315,0.1965,-0.8305,-1.1275,0.0029,0.407,-0.394,0.3998,0.7855,-1.1012,-0.0023,-1.043,0.5975,0.1604,-1.9313,-0.7877,0.6682,0.2031,0.0685,0.4919,0.4661,0.041,-1.3401,-3.1452,1.5364,0.2485,-0.3365,-0.6887,-0.47,-0.6145,0.1328,-0.7358,0.0238,-0.0523,0.6675,-0.0289,0.0867,0.7042,0.408,-0.436,-0.0822,0.3052,-3.8488,-0.0051,0.2025,-0.427,-0.759,-0.1458,-1.596,-3.2332,0.0416,-0.3082,-0.0888,-0.9835,-0.5054,-1.086,0.5639,-0.042,0.195,0.1805,0.6408,0.4073,-1.245,0.2549,-2.2952,0.5061,3.2995,-0.2982,-0.0323,-2.0517,-2.3381,1.1974,-1.6419,-0.5221,-5.7332,0.6848,-1.3815,0.462,-3.1745,1.8588,-0.3348,-0.0005,-2.8607,-3.8141,-3.4451,2.053,-0.289,1.6044,-0.009,-0.515,-0.1263,-0.4964,-0.5274,-1.1651,-1.1225,-4.1447,-0.498,0.1898,1.311,1.2438,-0.6617,-0.907,-0.1135,-2.2947,0.2753,0.1032,-0.4018,-0.9753,0.5085,-1.2834,-1.1274,0.7048,-0.4608,0.5402,-1.2693,-1.5072,-0.0134,0.0034,-5.5486,-0.5461,2.177,0.1699,0.0102,2.7045,-0.3806,1.043,0.3582,-0.1708,-0.4782,-2.1683,0.4068,-0.3138,-0.9798,-3.7321,0.7758,0.386,0.0639,0.6727,-0.8178,-0.2161,-0.3494,-0.6485,-0.6732,-1.8549,0.1565,-0.06,-0.9065,-0.6709,0.0725,0.7888,-0.4115,-0.7607,0.4785,-0.5909,-0.3098,1.3682,0.6703,0.1804,-0.3093,1.4721,0.458,0.3962,-1.1047,0.3752,-0.0062,-0.7178,-0.5551,2.375,0.421,0.0823,0.5127,0.0327,0.1562,-0.872,3.0567,0.1434,-0.736,0.7622,0.3828,0.468,0.2328,0.0344,-0.5854,-0.4405,0.7656,-3.603,-0.605,-0.5635,-0.3455,0.737,0.7009,-3.9403,1.6362,0.0272,-0.1448,-1.0855,-0.1298,-0.072,-2.2205,0.1452,-0.2782,-0.5635,-2.4878,-0.4406,0.6963,-0.1715,2.264,-0.4702,-3.2223,1.444,0.1333,-0.9964,-0.716,-0.519,-3.3303,0.1842,-0.6525,-1.5106,-2.1069,-0.3492,0.2533,0.2422,0.9915,0.9263,3.4335,-0.9178,-0.088,0.9556,-2.9288,-0.8162,1.4857,2.3675,3.6825,-2.5219,1.32,-0.0564,1.3453,0.0445,0.8236,-2.1346,0.2343,-0.9118,-0.3351,0.598,-0.6448,0.228
TCGA-AA-A02W-01,3.666666667,-0.3817,-0.2121,-2.6135,1.8115,-0.4799,-2.0733,-0.0745,0.2304,-0.3918,0.2405,0.5099,-0.2602,-1.6205,-0.2108,-0.7855,-0.3605,0.376,-0.6872,-0.2677,-1.0052,2.0581,-1.9481,1.2992,-0.2775,0.7512,1.4037,0.1682,0.0668,0.407,0.9487,1.61,-0.7477,-0.8442,-0.0336,-0.2547,0.6105,-3.289,-5.0749,0.5129,-0.1919,1.597,0.1747,0.503,0.0727,0.6585,-1.1042,0.2866,0.8385,0.7002,-1.4095,0.0738,-0.4231,-0.9979,-0.8045,0.3172,-0.048,0.2884,-0.835,0.6538,-1.1108,-1.344,0.3472,0.5525,-1.0494,0.2455,0.5922,-0.9692,-0.6225,-1.282,0.004,0.5217,-0.3367,-0.3045,0.2819,-0.067,0.3274,1.0089,-0.1645,-0.0002,-0.6276,-1.5942,2.0087,0.2024,-0.1876,-0.0644,-0.0229,-0.9115,-0.1168,-0.5828,-0.0858,0.4356,0.6258,-0.0468,-0.7538,0.5864,-1.6588,-0.1345,-0.6538,0.09,-2.1153,-0.0759,0.2982,-0.8892,-0.2052,-0.2668,-2.4648,-2.1658,-0.1108,-0.0672,-0.8366,0.211,0.8323,-1.058,-1.1362,0.148,0.6838,0.4832,0.4838,0.3027,-1.2886,1.2042,-3.7287,-0.3425,4.407,-0.0915,-0.2747,-2.222,-1.1428,1.9232,-1.5722,-0.2259,-4.9986,0.8072,-1.5435,0.0012,-2.1593,1.1832,-0.4397,-0.3575,-2.3932,-2.7634,-2.3896,2.0827,0.2898,1.5576,0.0362,0.072,-0.5723,-0.2026,-1.3581,-0.5692,-1.002,-3.0683,-0.811,0.0449,1.2628,0.8428,-0.7069,-1.0212,-0.9611,-1.7635,0.2386,0.0007,0.0025,-0.5227,0.9099,-0.5536,-1.036,0.3219,-0.734,0.492,-0.297,-0.8302,-0.256,0.0205,-4.922,0.0864,2.1953,0.0127,-0.2126,3.1145,-1.7303,1.6019,0.4115,-0.5245,-0.2064,-1.443,0.1722,-1.2673,-1.4447,-3.045,1.218,0.1042,0.7059,0.7928,-0.1347,-0.9076,-1.1225,-1.0995,-0.556,-1.5397,2,-0.1682,-1.3298,-1.3487,0.596,0.84,-0.9592,-0.3621,0.2712,-0.684,1.1781,1.1975,-0.5623,0.1396,-0.19,0.7756,0.2845,0.3338,-0.3142,0.4785,-0.1531,-1.3057,-0.3782,2.3878,0.0345,-0.9408,0.0408,0.167,0.2172,0.3199,3.3511,-0.4409,-0.3115,0.7645,0.334,0.056,-0.6091,0.9242,0.5025,-1.0409,1.3605,-1.6232,-1.0325,-0.6218,-0.8398,0.3112,0.6794,-2.7132,1.7778,0.1725,0.4615,-1.3567,0.4592,-0.1188,-1.7802,-0.0858,-0.0345,-1.263,-3.0825,-0.2815,0.7829,-0.8138,1.5149,-0.1822,-2.6555,2.344,-0.0301,-0.4341,-1.171,0.1655,-2.3075,0.4427,-0.0862,-1.7114,-2.1471,-0.2008,-0.2767,0.856,0.4772,0.7671,3.6145,-0.895,0.161,0.5829,-2.6077,-1.4282,0.0355,2.072,3.4837,-1.0524,1.5663,0.0464,0.4935,0.1635,1.086,-2.1579,0.2057,-0.6935,-0.3065,-0.882,-0.524,-1.1188
TCGA-AF-3913-01,2.866666667,-0.4183,-0.7012,-1.7726,0.268,-0.7319,-0.7703,-1.5199,-0.7405,-1.7792,-0.2094,-0.8158,-1.0048,-2.2254,-0.9634,0.0575,-0.6845,0.8085,0.4753,-0.3624,-0.5225,2.1165,-3.806,0.8167,-1.1952,-0.206,-0.0936,0.1768,0.0941,1.0066,0.4622,0.4614,-0.825,0.1306,-0.6196,-1.0468,0.2173,-2.4222,-4.9407,0.6248,-0.7004,0.7496,0.1217,0.121,0.2765,0.732,0.0247,-0.0431,-0.0772,0.6632,-0.032,-0.2697,-0.0409,-0.9388,0.0055,-0.8705,-0.3275,0.8041,-0.5477,0.4365,-1.282,-1.915,0.0831,-0.0883,-0.5488,0.609,-0.2613,-1.5032,-0.4085,0.4551,0.204,0.0355,0.3817,0.0885,0.229,-0.1393,0.055,0.4102,0.5591,0.0386,-0.2812,-1.2406,1.2366,0.1039,0.0656,-0.811,0.0724,-1.6539,-0.8705,-2.1908,-0.0831,-0.1789,0.772,-0.5874,-0.1407,0.6555,1.0567,-0.813,-0.9963,-0.1668,-0.2883,-0.5893,0.3088,-0.6577,-0.0328,0.338,-2.0752,-1.821,-0.1925,-1.0087,0.4388,-0.6071,-0.0929,0.3021,-0.6402,0.872,0.021,0.2013,0.7065,0.1693,-1.3215,0.4591,-2.4277,-0.0804,3.9405,0.2932,-0.2787,-1.4565,-0.349,1.0025,-0.8116,0.509,-4.3589,0.5264,-1.5578,-0.243,-1.4458,0.1207,-0.0508,-0.1235,-0.9208,-2.4456,-2.166,0.8267,0.2378,0.7454,0.3015,0.0962,-0.4985,0.0464,-0.1109,-0.4049,-0.9862,-1.9039,-1.1162,-0.4051,0.0572,1.3748,-0.7831,-1.8094,-0.0605,-1.0578,0.2486,-0.0813,-0.293,-0.1112,1.2912,-0.2319,-0.3076,-0.1562,-0.7345,0.5352,-1.4667,-0.2142,0.0962,0.9981,-4.5433,-0.9129,1.4195,-0.1978,-0.1578,2.7505,-1.0298,0.3399,0.9878,-0.578,-0.207,-0.5857,-0.5655,-0.1935,-1.1977,-2.0604,0.0098,-0.4793,0.6207,0.8945,-0.4586,0.0659,-0.7156,-0.9915,-0.3472,-0.2324,0.506,0.2562,0.4558,0.1762,0.5292,1.1327,-1.0181,-1.5508,-0.1862,-0.1736,1.29,0.8107,0.4518,0.4531,0.0452,-0.0726,0.3255,0.2368,-0.5045,0.6478,-0.0048,-1.7255,-0.8862,1.6358,0.8155,-0.057,0.5387,-1.1992,0.7432,-0.7587,2.7784,-1.7739,-0.157,0.4695,-0.2948,0.3855,0.5391,0.2245,0.0763,-0.52,-0.0335,-2.0934,-1.365,0.1182,-0.251,-0.5757,0.7914,-1.1704,1.7788,0.2837,0.9495,-2.905,1.4198,0.0858,-2.1862,-0.4128,-0.4245,-1.021,-2.7098,0.0929,0.1362,-0.1635,1.2961,-0.292,-1.5625,2.2815,-0.1043,-0.2911,-1.3135,-0.166,-1.744,0.7454,0.2547,-0.8588,-0.4314,0.6733,-0.7513,0.04,-0.1968,1.9928,2.857,0.852,0.0312,1.2326,-1.6095,-1.4648,0.5568,1.0098,3.0712,-0.4214,1.6815,0.3112,0.1788,0.0422,0.904,-1.0372,-0.0953,-0.97,-0.0002,1.5815,0.1952,-2.003
TCGA-AG-3582-01,0.966666667,-0.2448,1.0231,-3.047,1.016,-0.2004,-2.4418,-0.2126,0.5085,-1.9044,0.1167,0.5565,1.0959,-0.9018,-0.3108,-0.7575,-0.2719,0.3482,0.0172,-0.5638,-0.3058,2.4651,-2.7793,2.9732,-0.621,-0.3173,3.1315,0.1713,0.0299,0.2254,-0.6222,2.0725,-0.7731,0.0526,-0.7074,0.4552,0.2927,-3.7912,-5.6401,1.6355,-0.6566,1.5016,-0.1992,0.355,0.8478,1.0164,-0.6965,0.873,-0.1371,0.0282,-0.7348,0.067,-0.6457,-0.5881,-0.9345,0.7418,0.375,1.4865,-1.0535,0.3978,-1.1402,-1.795,1.5571,-0.1465,-0.1916,-0.3378,1.1422,-1.4133,-0.2535,-0.452,0.4695,0.4481,-0.5425,-1.042,0.0374,0.6096,1.101,0.6055,0.6792,-0.0316,-0.6129,1.0648,0.768,-0.2962,-0.1275,-0.2358,-0.1266,0.0848,0.832,-1.283,1.1595,0.2109,0.7285,0.538,-1.2197,0.8292,1.2623,-0.3343,-0.1772,-0.3083,-0.8507,0.3409,-0.2018,-0.904,-0.1875,0.6232,-3.1292,-1.13,0.1462,-0.0975,0.4958,-0.5595,0.7267,0.4517,0.8891,1.0825,1.5972,1.0368,0.9917,0.0053,-1.7947,0.247,-2.2973,0.8338,4.998,0.7812,0.0675,-1.3093,-0.4349,1.3963,-2.4606,0.041,-4.8729,1.1841,-1.8582,0.1427,-2.0272,1.0755,-0.3642,0.2002,-2.1202,-2.9774,-1.7956,-0.2285,-0.79,2.5225,0.7948,-0.7597,0.181,0.0441,0.2036,-1.4299,-1.8592,-3.6456,-0.448,-0.764,1.1456,-0.278,0.0016,-1.7584,0.0842,-2.0513,0.3825,-0.306,0.008,-0.0723,1.1884,-0.0443,-0.8587,0.2401,-0.149,1.2172,0.7863,-0.0522,0.0779,0.2291,-6.0739,-0.5856,2.2091,1.5651,0.4024,2.4515,0.1952,1.1291,1.6698,0.1532,-0.9885,-1.686,1.5858,-0.4595,-0.3057,-2.3616,0.699,1.7062,0.0369,0.8715,-0.043,-1.0452,-0.6135,-2.122,-0.6355,-2.2094,3.1008,0.1542,0.1778,0.0926,1.327,0.181,-0.8981,-0.3498,2.303,-0.4048,0.843,0.8932,0.0917,0.2029,-0.4448,0.1766,1.0268,1.3562,-0.3052,0.5938,0.5089,-1.6008,-0.2622,3.4107,0.4275,-0.9772,-0.3523,-0.2475,-0.2655,-0.6776,2.2709,-2.2215,-0.302,0.9125,0.019,0.853,0.3658,0.7401,-0.131,-0.7423,0.324,-3.1731,1.086,-1.0722,-0.3591,0.9085,1.018,-1.5542,1.243,0.385,-0.0657,-1.7568,-0.478,0.4892,-2.8565,0.1879,-0.4842,-1.1815,-2.4158,0.3005,0.8597,-0.9327,0.7905,-0.2923,-1.529,3.5758,0.3828,-0.7785,-1.3905,-0.4752,-1.57,0.105,0.332,-1.0741,-1.2472,0.4717,-0.0757,1.0237,1.857,0.6872,2.9698,-1.3805,-0.3892,0.9348,-2.4537,1.0962,0.5238,2.0442,2.6347,-2.0269,2.5549,0.2923,1.3568,-0.5492,1.9467,-1.6075,0.8087,-0.7912,0.6761,0.503,-0.4452,-1.607
TCGA-AG-3584-01,0.966666667,-0.3935,-0.8016,-1.2219,-0.345,-0.3089,-1.7337,-0.9508,-0.4011,-1.9472,-0.9006,-0.5999,-1.6202,-1.574,-0.5755,-0.3378,-0.4389,0.4558,-1.8833,-0.1008,-0.331,1.7526,0.3193,1.4978,-0.55,0.0223,-0.6294,-1.0987,-0.0785,1.2709,-0.1665,0.9018,-0.3461,0.2582,-0.5329,-0.8561,0.4813,-1.1062,-3.8261,0.9832,-0.6644,1.3058,-0.0843,0.1755,-0.2864,0.3959,-0.0608,0.2544,-0.6009,-0.048,-0.748,0.3678,0.4923,-1.0455,-0.547,-1.1262,-0.5225,0.6196,-0.861,0.1918,-1.2753,-1.556,-0.058,0.1795,-0.9576,0.225,0.056,-1.4095,-0.2639,-0.866,-0.141,-0.7381,0.2559,-0.512,-0.0072,-0.2342,0.948,0.6614,0.5959,-0.4807,-0.6594,-1.6691,1.3632,-0.5044,0.1419,-0.5351,0.1804,-1.6507,-0.3458,-2.2622,0.1468,-0.028,0.6318,-0.4871,0.1345,-0.0292,-0.4537,-0.1287,-1.224,-0.974,-1.478,-0.3825,0.1818,-0.3827,-0.4628,0.3412,-1.5142,-1.314,-0.2019,-0.7349,-0.154,-1.2061,-0.619,0.2188,-0.5975,0.6615,1.0565,0.9038,-0.17,0.0682,-1.6394,0.8908,-1.8372,-0.0062,4.9087,0.2233,-0.0992,-1.1052,-0.9998,1.0619,-0.9292,0.2415,-3.4855,1.1878,-1.7428,0.1178,-1.9708,0.1412,-0.261,-0.7315,-0.9253,-1.8736,-1.769,-0.1703,-0.149,1.4817,0.121,-0.253,-0.064,-0.4239,-0.2366,-0.5292,-0.2756,-2.2093,-1.265,-0.7124,0.4688,-0.4399,-0.7518,-0.9208,0.2349,-1.3092,1.1815,0.2313,-0.282,0.0543,1.1463,-1.5457,-0.8388,0.4027,-1.3362,0.6275,-1.4313,0.172,0.135,1.1475,-4.0929,-0.4645,1.7996,0.0446,0.0162,2.77,-0.9418,0.4669,0.0902,-0.775,-0.5286,-0.8225,-0.4248,0.3635,-1.062,-2.2741,-0.0435,-0.8748,-0.079,0.6363,1.0312,-0.6985,-1.3481,-0.8845,-0.0895,-0.7052,-0.2988,0.2245,2.1095,-0.0518,0.2962,0.011,-0.1617,-1.9215,-0.1492,0.1981,-0.1688,1.2835,0.0391,-0.1321,-0.2943,1.2044,0.95,0.4918,0.1422,-0.0392,-0.0384,-1.5558,-0.8581,1.5283,0.4478,-0.8138,0.6635,-1.062,0.182,-0.6055,1.447,-1.7297,-1.214,0.6658,0.07,0.3111,0.0094,0.3318,-0.3781,-1.6628,0.3328,-1.7898,-1.1244,-1.326,-0.102,-0.1398,1.837,-1.6427,1.571,-0.8075,0.4603,-2.144,1.0565,0.1188,-1.3712,-0.0928,0.0502,-1.843,-2.3425,0.575,-0.2224,-0.3917,0.5412,-0.0943,-2.108,3.3138,-0.1119,-0.6095,-0.538,-0.2198,-1.2265,0.607,-0.0922,-2.1308,-1.0296,0.1545,-0.4718,-0.285,-0.859,0.338,2.9092,-0.076,0.4248,1.1321,-2.0378,1.7052,1.2085,1.749,2.2785,0.4022,0.5573,0.2804,1.3838,0.0592,-0.2864,-1.2574,-0.2073,-0.5632,-0.946,-1.0872,-0.8008,-1.832
TCGA-AG-3587-01,1.733333333,-0.6887,-0.831,-3.1394,0.264,-0.2206,-2.6668,-0.8669,-0.5058,-2.0872,-0.6406,-0.5448,-0.7148,-0.8705,-0.6078,-0.669,-1.3248,-1.2698,-2.1655,-1.0077,-0.1142,1.6887,-0.7341,1.5446,-0.2988,-0.2021,0.9333,-0.568,-0.3588,0.4447,-0.0528,0.4771,-1.1157,-0.0754,0.7683,-2.3672,0.9175,-3.9332,-4.4121,0.6141,-1.0482,1.1027,-0.2378,0.259,0.7558,0.8984,-0.2588,0.6591,0.2088,0.9663,1.3702,0.273,-0.2141,-1.0285,-0.7605,-1.1007,-1.2643,0.7891,-0.69,0.2412,-1.678,-1.8645,0.5162,-0.1335,-1.9038,-0.054,-0.8605,-1.279,-0.9909,0.0975,0.6105,-0.0911,0.5916,-0.4702,0.2429,0.3059,0.1527,0.4376,0.5766,-1.2222,-0.3649,-1.1782,0.3463,-0.2628,-0.0326,-0.2547,-2.2756,-1.9287,-0.6383,-2.693,1.2695,-0.5023,-0.1412,-0.1101,-0.0948,0.2048,-1.5052,-0.6443,-1.6443,-0.109,1.361,-0.2023,-0.0758,-0.9092,0.4172,-0.772,-2.9947,-1.4868,-0.0319,-0.59,-0.0768,-1.5942,-0.0955,-0.9931,-0.8474,0.6715,1.2997,0.9262,-0.8585,0.3121,-1.4798,0.8068,-1.884,-0.7248,5.1172,0.4112,-0.2549,-0.959,-2.1854,1.4896,-0.9073,-0.0565,-4.7247,1.0722,-1.706,-0.507,-2.1,-0.7357,-0.9995,-0.4792,-1.6095,-2.361,-2.063,0.812,-0.4882,1.5922,0.3885,-1.3298,-0.243,-0.4426,-0.9544,-0.8155,-1.6122,-3.4832,-1.4022,-0.5182,-0.0107,0.8089,-0.2504,-1.4457,-1.0197,-1.241,2.1312,0.3383,0.2088,-0.111,1.1261,-1.2954,-1.3381,-0.6252,-0.3575,0.1992,-0.64,0.408,-0.0686,0.9081,-4.801,-0.6351,1.9011,-0.2124,-0.0525,2.6885,-0.3375,0.9344,0.8535,-0.2865,-0.9215,-1.8063,-0.4395,-1.0462,-1.1488,-2.8596,-1.2845,-0.3376,1.4645,0.682,0.0772,-1.2339,-2.3862,-1.0935,-0.4648,-1.0574,1.0995,0.785,1.7804,-0.316,-0.196,0.6792,-1.0085,-1.0913,0.201,-0.5812,0.7785,0.9355,-0.3309,-0.1512,0.6258,-0.076,0.238,0.6842,-0.0912,0.2675,-0.0405,-1.8418,-0.9886,2.6403,0.9431,-1.3323,-0.0348,-1.1948,-0.0468,-0.5557,2.1138,-1.5895,-0.827,0.7495,0.491,0.3855,-0.6386,0.5496,0.1167,-1.2384,0.0325,-1.1222,-1.5939,-1.192,-0.817,0.5093,1.2085,-2.2426,2.662,0.1243,0.3008,-2.3262,0.3832,0.6257,-1.8058,-1.3832,-1.186,-1.5002,-1.818,0.1557,-1.075,-1.4928,1.3856,0.058,-2.4055,3.408,-0.3066,-0.5302,-1.3505,-0.0442,-2.0647,-0.4722,0.495,-1.6332,-1.423,-0.6117,-0.422,-0.0148,0.1042,0.9043,3.715,-0.7002,0.3525,1.3878,-2.3663,-0.0812,-0.8798,1.2525,3.6688,-0.8924,1.5406,0.7927,1.0712,-0.1754,0.4726,-2.3061,-0.2663,-1.3665,0.4269,-1.05,-0.0648,-2.1115
TCGA-AG-3598-01,1.866666667,-0.1006,-1.0488,-1.2428,-0.0845,-2.3154,-2.4827,-0.9583,-0.5576,-2.063,-0.4552,-0.3064,0.3585,-2.0231,-1.1835,-0.6968,-1.0421,-0.3575,-1.9955,-1.2055,0.1835,1.9127,-0.9289,1.3953,-1.1438,-0.7528,1.2534,-0.1218,-0.0579,-0.6482,0.5119,0.7372,-1.033,0.2679,-0.5735,-1.5386,0.6312,-2.7512,-4.5399,0.2665,-0.9819,1.0559,0.318,0.128,0.5304,1.2772,1.187,-0.1051,-1.0135,0.0958,-0.0658,-0.324,-0.0743,-0.4812,-0.502,-1.059,-0.6409,0.6182,-0.7778,0.512,-1.571,-1.656,0.4845,-0.395,-0.8258,0.2412,0.3127,-1.6602,0.2362,0.0978,0.3905,0.2156,-0.64,-0.742,0.8041,0.0614,-0.0056,0.2278,-0.7446,-0.4214,-0.6449,-0.4758,1.9458,0.297,-0.1894,-0.6757,0.1646,-1.3699,0.4747,-3.3075,0.5911,0.3323,-0.3622,-0.1424,-0.0853,-0.2839,0.6788,-0.4128,-0.373,0.1015,-3.7657,-0.2432,-0.2479,-0.7003,-0.6752,-0.2052,-1.1598,-1.5915,-0.6032,0.2623,-0.3291,-0.6932,-0.5333,-0.5829,-0.2408,1.888,1.1055,1.4118,0.9882,0.9292,-1.5288,0.3356,-2.6733,-0.403,4.3988,0.6572,-0.1918,-1.8085,-2.1197,0.8291,-1.7419,0.3535,-4.7025,1.2419,-1.6805,-0.0735,-2.3537,0.4672,0.279,-0.282,-1.6612,-2.4681,-2.3591,0.5032,-0.69,2.1893,0.1388,-0.807,-0.4072,-0.5339,-0.1911,-0.4125,-1.0628,-3.1923,-0.7382,-0.4471,0.7468,0.9919,0.2728,-1.4586,-0.1938,-2.0972,2.9407,-0.2148,0.0075,-0.0815,0.6683,-1.6692,-0.0956,-0.4016,-0.895,-0.2745,-0.9877,0.352,0.3735,0.3658,-5.2866,-0.8343,1.4468,0.3025,-0.3152,3.1335,-0.7919,0.5379,1.0175,-0.5923,-0.7498,-1.8625,0.0202,-0.983,-1.4102,-2.7779,-0.7912,0.1337,0.2548,1.0087,-1.2914,-0.7708,-0.7881,-1.3405,-0.3272,-1.2626,4.4122,0.049,1.2334,-0.2719,0.7955,0.2195,0.678,-1.7499,0.4695,0.1571,-0.7426,1.3125,-0.2626,0.0704,0.8375,0.4584,-0.2958,0.8202,0.1375,0.0315,-0.2036,-1.53,-1.1359,2.9555,-0.0214,-0.1685,-0.52,-1.4213,0.5883,-0.9106,1.8643,-0.5325,-1.284,1.0575,0.0012,0.4159,0.5683,0.5641,-0.024,-1.1486,-0.0715,-2.3428,-0.361,-1.213,-0.2165,0.2663,1.0895,-2.5598,1.9582,0.2757,0.0447,-1.993,0.4172,0.0597,-1.154,-0.7972,-0.7553,-1.5783,-2.1958,0.4621,-0.4431,-1.3893,0.3133,-0.6378,-2.2618,4.964,0.014,-1.0301,-0.9215,-0.3348,-1.59,0.7134,-0.9498,-0.7589,-0.9902,-1.0525,-0.597,-0.0653,0.6612,1.3812,2.8702,-0.7882,0.3925,1.139,-2.41,-1.6858,0.0628,1.1838,4.5128,-1.9135,0.8282,0.4088,1.3823,-0.4879,0.5866,-2.1218,-0.0018,-1.8358,-0.1658,-0.717,-0.0728,-2.3155
TCGA-AG-3600-01,2.533333333,-0.2987,-1.0371,-1.4951,0.921,-0.2989,-2.3103,-0.9056,-1.0621,-2.0601,-0.048,-0.1708,-0.7556,-0.7652,-0.6332,-0.97,-0.0092,-0.2522,-1.976,-0.7645,0.2435,1.4776,-2.9054,2.2257,-0.8258,0.0413,0.0611,0.02,-0.2212,0.186,0.9234,1.5467,-1.1161,0.6409,0.2198,-1.2526,0.8335,-2.8202,-4.653,0.7827,-1.5493,1.162,-0.4512,0.979,0.172,0.9002,-0.1648,0.2461,-0.4811,0.3475,-0.5258,0.4272,0.8691,-0.8625,-0.3765,-0.8253,-0.1218,0.053,-0.5353,1.3905,-0.4618,-0.6495,0.1202,-0.132,-0.4685,0.444,-0.3892,-1.3235,-0.1468,-0.6249,1.3165,0.1581,-0.4487,-0.6462,0.3037,0.6096,0.1861,0.2511,0.463,0.5762,-0.4235,-1.2836,0.7645,0.3576,0.8254,-0.1659,0.141,-0.7964,-0.4043,-2.833,0.3978,-0.2499,0.1042,0.2944,-0.0548,-0.6305,0.8872,-0.5573,-1.0338,0.0668,-1.0372,-0.3022,0.3814,0.3208,-0.2972,1.2622,-1.3005,-1.364,0.5755,0.6851,-0.3124,-1.6787,0.7181,-0.8991,-0.4611,1.128,1.4953,0.9608,0.7282,0.8689,-1.9348,0.9911,-2.089,0.108,5.4865,1.0467,-0.1451,-0.659,-1.2166,0.9019,-2.4821,0.1194,-4.5666,1.5326,-1.1042,-0.1095,-2.1436,0.6608,-0.2325,-0.2532,-1.9593,-2.6089,-2.6464,1.1672,0.2803,1.8663,0.7575,-0.0654,0.4173,0.3436,-0.5846,0.225,-0.1055,-2.4584,-0.8878,-0.839,-0.2331,0.3305,0.3027,-1.7656,0.2132,-1.773,2.8313,-0.4812,0.1432,0.3828,1.0503,-1.4634,-0.3433,0.5667,-0.651,0.3372,-0.6718,-0.16,0.7448,0.8599,-5.0985,-0.594,1.484,-0.0151,-0.0935,2.794,-0.4136,1.2242,1.0245,-0.4725,-0.0913,-1.7762,0.1417,-0.8637,-0.6213,-2.5314,0.0562,0.6067,0.4424,0.3117,-0.3495,-0.2961,-0.8096,-0.6955,-0.2842,-1.0157,1.217,0.4535,1.2095,1.5085,-0.0525,0.1922,1.5027,-1.9288,0.3338,-0.5369,-0.6365,0.9553,-0.0691,0.1741,0.5447,0.9928,0.4888,-0.1282,0.524,-0.1965,0.2054,-0.5347,-0.2365,2.437,0.316,-0.4432,-0.3735,-0.2883,0.9285,-1.3422,2.677,-0.1538,-1.5415,1.2218,0.3575,-0.2534,0.8039,0.1781,-0.5361,0.069,0.266,-0.5891,-0.8709,0.0375,-0.1221,1.0422,1.7929,-1.0579,2.1918,-0.6653,1.2613,-0.5765,1.024,0.165,-1.1692,-0.5575,-0.0768,-0.3165,-2.293,0.796,-0.3067,-1.118,2.1653,0.0437,3.7628,4.1115,1.0605,-0.8919,-0.996,-0.1255,-0.4287,0.2228,0.1115,-1.0921,-1.1129,-0.4108,-1.0382,-0.1153,0.1525,0.6139,4.153,-0.6458,-0.3432,0.518,-2.4163,-0.8265,0.1538,1.954,2.1975,-0.9778,0.3741,0.3709,1.6437,-0.2592,0.9501,-2.1707,0.4405,-1.7115,0.1105,-2.1725,-0.0282,-2
TCGA-AG-3601-01,2.6,-0.7096,-1.165,-1.508,1.208,-1.5611,-2.1968,-1.2162,-0.391,-1.7702,0.0138,0.0141,-0.6025,-1.9754,-0.9173,-0.9122,-0.527,0.2762,0.9477,-0.9246,-0.8358,2.5111,-2.4217,2.7034,-1.0145,-0.0279,0.7235,-0.0352,-0.0439,0.5506,0.0161,1.5454,-1.1579,-0.0127,0.8025,-0.9333,0.0495,-2.714,-4.5335,0.0782,-0.6401,1.757,-0.4638,0.339,0.849,0.7221,-0.3532,1.3091,-0.2478,0.5822,-0.0778,0.4102,0.7008,-0.4488,-0.4075,-0.7822,-0.4855,0.1866,-0.3143,0.7235,-1.54,-1.5045,-0.0498,0.0562,0.2228,0.321,-0.563,-1.643,-0.0479,-0.277,0.146,-0.0251,-0.5091,-0.7735,0.7817,0.4752,-0.272,0.14,0.5454,0.34,-0.1104,-2.0604,1.6529,-0.0701,-0.0784,-0.5962,0.0306,-1.4594,-0.1927,-2.3052,0.2912,-0.0739,0.4378,-0.0086,-1.1382,-0.1316,0.1343,-1.139,-0.6148,-1.2508,0.418,-0.3007,-0.1741,-1.4147,-0.7372,0.3682,-1.9693,-2.4218,0.4542,-0.0723,-0.4112,-1.4607,0.3701,-0.1722,-0.2934,-0.1385,0.3087,-0.2345,0.3632,0.4265,-1.7664,1.4026,-2.3475,0.5981,5.1415,0.4277,-0.2897,-1.454,-1.1476,0.793,-1.9745,0.558,-4.8351,1.1906,-1.8405,-0.4088,-1.7409,0.5147,0.1392,-0.3767,-1.8117,-2.9935,-2.6952,1.2813,0.0778,2.1674,0.3045,-0.3317,-0.2675,-0.1536,0.0622,-0.3457,-1.4496,-2.4863,-1.5178,-0.7964,0.2231,0.2952,-0.3745,-1.4232,-0.1048,-2.1425,5.2234,0.1983,0.0812,-0.2478,1.7152,-1.6382,-0.0038,-0.2299,-0.8595,0.5905,-1.1072,0.0188,-0.3109,0.4875,-4.4866,-0.589,1.9242,0.1638,-0.1928,2.126,-1.4794,0.594,1.1398,-0.0958,-0.2759,-1.8002,-0.0565,-0.5847,-1.62,-2.442,0.5102,0.6893,0.7738,0.7975,-0.3972,-1.0629,0.1238,-0.7675,-0.5792,-1.0216,3.8652,-0.096,-0.4495,0.1965,1.0288,0.5728,-0.2696,-1.3941,0.3942,-0.5784,0.2021,0.7527,-0.045,0.0783,0.1167,0.8039,-0.2758,-0.1265,-0.616,6.5168,0.2792,-1.1333,-0.8609,3.175,0.6781,0.1407,-0.2195,-0.465,-0.075,-1.3483,3.1737,-1.1611,-0.9645,1.111,0.0862,0.4616,-0.4124,0.325,0.1692,-0.4378,-0.5756,-2.666,-0.6779,-0.4675,-0.5662,0.2038,1.094,-0.9896,1.6518,0.1143,2.0217,-1.622,-0.3127,0.6518,-0.7548,-0.1349,-0.4822,-1.1382,-1.9755,0.7786,0.8071,-1.4683,0.9563,-0.5355,-1.886,2.2832,0.4567,-1.0795,-0.817,-0.3772,-2.0625,0.1895,-0.1398,-0.6786,-1.2004,-0.0342,0.0437,0.6805,0.0568,1.3247,3.6268,-0.9708,-0.2075,0.7822,-2.3198,2.0722,0.1842,1.9378,3.718,-1.1468,1.2696,0.4152,1.9352,0.3391,1.1153,-1.4694,-0.0458,-1.5368,-0.346,0.2325,-0.1682,-2.09
TCGA-AG-3612-01,1.7,-0.6411,-0.7891,-2.1334,1.071,-1.1146,-1.8707,-0.8113,0.1188,-1.8678,-0.3909,-0.3382,-0.655,-1.2625,-0.6658,-0.083,-0.5411,0.4208,-1.5873,-0.3949,-0.4798,2.027,-2.6438,1.7128,-1.23,-0.8135,0.3949,-0.126,-0.2694,0.6815,0.7339,1.1455,-0.4389,-0.264,-1.5229,-0.9895,1.095,-3.4535,-4.2479,0.2945,-0.9546,1.46,-0.1142,-0.323,1.3023,1.0094,0.489,0.3971,-0.3645,-0.145,-0.2005,0.2357,0.2352,-1.3078,-0.208,-0.5937,-0.3988,0.6445,-0.4127,0.4118,-0.8432,-1.3895,-0.1255,-0.2455,-0.7308,-0.0598,-0.2853,-1.303,0.2263,-0.4266,0.272,0.1217,0.6096,-0.044,0.3331,0.0742,1.0078,0.657,0.4699,0.3188,-0.0818,-2.315,1.7927,0.2546,0.0082,-0.5743,-0.1914,-1.2666,-0.2648,-1.721,0.2976,-0.1647,0.697,-0.4371,-1.2117,0.6276,-0.2582,-0.6427,-0.3668,0.0352,-1.2702,-0.4592,0.2845,-0.8262,-0.504,0.4982,-2.3343,-1.299,0.44,-0.05,-0.085,-0.7748,-0.5906,-0.4154,-0.5449,0.965,1.5645,1.4728,0.8193,0.1866,-0.7498,0.6155,-2.2555,0.1838,5.2568,0.814,-0.0835,-0.94,-0.4448,0.5574,-2.1357,0.7095,-4.1388,0.8479,-1.2222,-0.1825,-1.81,0.6795,0.1207,-0.1998,-1.199,-2.1252,-1.8678,0.9053,-0.21,2.7311,-0.0415,-0.1308,-0.086,0.201,-0.0994,-0.4518,-0.8501,-2.1828,-1.1768,-0.0936,0.7608,0.4082,-0.3416,-1.4725,-0.1732,-2.1635,0.2449,0.1297,-0.4035,0.059,1.705,-0.5869,-0.5554,0.3923,-0.6518,0.2245,-1.0253,-0.248,-0.3989,0.8348,-2.2415,-0.4411,1.7987,-0.3008,-0.3908,2.704,-1.1059,1.4861,0.9882,-0.5802,-0.0132,-1.218,-0.0592,-0.4182,-1.0182,-1.9904,0.6128,0.3223,0.3238,0.837,-0.0785,-0.3238,-0.6302,-1.0445,-0.0795,-0.6516,0.9812,-0.3415,0.0652,0.0818,0.6052,0.7933,0.4723,-0.661,0.1295,-1.9942,0.5279,1.1342,-0.3006,0.6515,0.5392,0.9039,0.47,0.3137,-0.1742,0.5245,0.1655,-1.4138,-1.0695,2.144,0.2989,-1.2165,0.1865,-0.7507,0.0422,-1.3415,2.8084,-1.1857,-1.944,1.1197,-0.0525,0.951,-0.0434,0.029,0.4816,-0.7979,0.1109,-1.4592,-0.6772,0.3125,-0.5251,0.2655,1.5696,-0.7729,1.2898,0.4495,1.7365,-1.706,1.3272,0.98,-1.786,-0.5528,-0.5762,-1.5212,-2.1412,1.2614,0.121,-0.633,1.0919,0.0068,-2.0083,3.4995,0.2463,-0.7486,-0.6375,-0.5145,-0.9458,0.3713,0.154,-0.9812,-0.3168,-0.029,0.0237,0.9263,0.4865,1.3283,2.896,-0.1912,0.3892,0.4769,-2.335,-0.6765,0.6408,1.5435,4.4535,-0.6465,1.0982,0.0943,1.8042,-0.0862,0.5653,-1.8081,0.1888,-1.0555,-0.9644,-0.7173,0.3885,-2.308
TCGA-AG-3726-01,4.266666667,-0.3539,-0.893,-1.2639,2.317,-0.1769,-2.014,-0.0925,-0.5879,-2.1762,0.4565,-0.5491,-1.1484,-2.1606,-0.3244,-0.2235,-0.9158,-0.193,-1.9682,-0.123,-0.7745,2.0398,-2.1806,0.8728,-1.0332,0.0036,0.4838,-0.5385,0.1867,-0.0725,0.762,0.9801,-0.7641,1.0738,-1.6899,-0.8719,0.6217,-3.1458,-3.9605,0.379,-0.5022,0.9451,-0.1963,0.484,0.9057,1.263,0.5705,0.7231,0.1328,0.9935,-0.9282,0.4475,0.5048,-0.6744,0.0475,-0.6232,-0.6251,0.6259,-1.0513,0.553,-0.9128,-1.151,0.0235,0.3082,-0.3194,0.8945,0.2867,-1.2825,0.3579,-0.7872,-0.39,0.5553,0.5882,0.2312,0.4951,0.0707,0.7764,0.9489,1.0964,0.7167,-0.7046,-2.2828,1.7163,0.5346,0.2877,-0.2357,-0.234,-1.3133,-0.744,-2.5082,0.107,-0.0781,0.7302,-0.2011,0.1205,0.5409,-0.1528,-0.2977,-1.2363,0.548,0.2345,-0.8681,0.7129,-0.9817,-0.6655,0.3558,-1.1193,-1.6048,0.437,-0.842,-0.584,0.3682,1.8762,-0.7176,-0.1824,1.0215,0.0407,0.1322,1.0755,0.1715,-1.419,0.8618,-2.9357,0.083,4.0905,0.273,-0.4182,-2.4025,-0.8082,0.9053,-1.9432,0.1272,-4.9439,2.0846,-2.0698,-0.286,-2.2466,0.9248,-0.8137,0.116,-0.6852,-2.0801,-2.5468,0.3565,0.222,2.4286,-0.0055,-0.1995,-0.0017,-0.1571,-0.1278,-0.5337,-0.9301,-2.8209,-0.6,-0.6049,0.8574,1.3339,-0.3514,-1.2288,-0.5694,-2.3555,1.3281,-0.4668,0.0357,-0.3033,1.5036,-1.2672,-0.3768,-0.5211,-0.3508,0.3598,-1.5145,0.4055,-0.4048,0.2628,-4.2499,-0.1048,2.314,0.461,-0.1242,3.2595,-0.3575,1.3059,-0.0342,-0.4102,0.0142,-0.7795,0.1362,0.106,-1.9775,-2.7806,0.0508,0.0518,0.4119,0.7982,-0.2225,-0.5542,-0.567,-1.088,-0.9282,-1.0781,2.197,-0.023,1.6809,0.075,0.8288,1.7267,0.5381,-2.1542,0.0538,-0.5315,-0.2771,1.7867,-0.0891,0.0004,0.3462,1.159,0.2818,0.499,-0.7225,0.9295,-0.3326,-1.5387,-1.0213,2.0693,-0.4534,-0.3567,-0.2387,-0.7622,0.0735,-1.0602,2.5875,-0.5435,-1.2405,0.8375,-0.0923,0.2654,1.4941,0.4991,-0.1868,-0.9189,0.1966,-1.0671,-0.8666,-1.1348,-0.0164,0.7327,0.8644,-1.9059,2.2212,0.4537,0.8635,-1.167,1.4368,0.3283,-1.8442,-0.3912,0.152,-1.4338,-1.7755,0.6714,-0.1421,-0.9398,1.0163,-0.1458,-2.767,2.6015,0.4716,-0.6754,-1.4785,-0.106,-2.3012,1.1909,-0.0675,-1.9986,-1.01,-0.336,-0.157,-0.2505,-0.8578,1.3352,3.4895,-0.9375,0.1668,0.8999,-2.557,-1.5665,0.9565,1.87,4.6352,-0.8645,1.0059,0.3321,0.9232,0.3767,0.3498,-1.1295,0.0605,-0.9675,-0.1808,0.743,-0.6542,-2.3018
TCGA-AG-3883-01,3.2,-0.9667,-1.452,-0.709,1.6775,-0.4178,-2.144,-1.4309,0.0159,-1.3796,-0.1337,-1.2825,-1.5932,-1.2008,-1.1269,-0.9765,-0.7392,-0.2325,-1.9808,-0.527,-0.3698,1.0886,-1.0113,0.9059,-0.6382,-0.6542,0.8833,-0.3672,-0.0958,-0.6682,-0.1462,4.4088,-0.6141,0.2393,-1.2588,-1.8698,0.491,-2.4495,-4.3765,-0.2189,-1.3332,1.1582,-0.1837,0.1555,0.0083,0.1942,0.4097,0.4342,-0.1601,0.9288,-0.245,-0.0372,-0.3485,-0.9204,-1.252,-1.1023,-0.3612,0.084,-1.0783,0.5225,-1.068,-1.066,-0.2486,0.1192,-1.5023,0.4388,-0.7282,-1.3588,0.6509,0.5788,0.1385,0.0259,0.9417,-0.4205,0.0881,-0.5192,1.9011,-0.4969,0.7664,-0.2971,-0.4605,-0.87,1.0663,-0.4172,0.0741,-0.0438,0.8075,-1.7714,-0.8083,-1.3602,1.0339,-0.0664,-0.582,-0.5702,-0.9655,1.7503,-1.611,-0.7665,-1.2602,-0.4582,-1.5683,-1.0673,0.1416,-1.4332,0.0127,-0.913,-1.5292,-0.765,0.0992,-0.3162,-0.2886,-1.2826,-0.14,-1.0408,-0.316,1.3515,0.8263,0.9485,1.7778,0.7844,-1.8275,0.9932,-2.3442,0.0315,5.0475,0.7948,-1.0486,-0.645,-0.1658,0.4592,-1.631,0.807,-3.6924,0.751,-1.2312,-0.886,-1.6645,0.273,-0.0125,-0.1575,-0.3667,-2.7581,-2.3179,0.0988,-0.7918,2.3304,-0.432,-0.4675,-0.6597,0.2734,-0.603,-0.3909,-0.9524,-1.6568,-1.555,-0.8845,0.7135,0.0709,0.059,-1.4895,-0.7924,-1.6798,0.4279,-0.0735,-0.3248,0.584,2.2848,-0.6666,-1.0027,-0.071,-0.7432,1.1998,-2.2807,0.1175,0.0862,0.9067,-4.8228,-0.8701,1.3993,-0.4659,-0.4477,2.225,-1.3076,0.688,-0.2995,-0.9262,0.0734,-0.946,-0.5598,-0.9195,-1.2357,-1.4494,-0.1975,-0.7463,1.3675,1.1497,0.0091,-0.6212,-2.1904,-0.932,-0.0332,-0.4195,3.2725,0.247,1.7018,-0.5833,0.8175,-0.0758,0.2829,-1.3659,-0.2702,0.1221,-1.3918,0.6318,0.4026,0.1354,-0.4877,1.0611,0.4365,0.2385,0.1092,-0.2792,-0.3372,-1.4023,-0.8762,1.9153,-0.3029,0.0302,-0.6113,-0.9617,-0.7358,-0.2613,2.0205,-1.6287,-1.1385,0.4525,0.1365,0.3708,0.3438,0.8725,0.1476,-0.6347,-0.85,-1.8917,-1.3269,-0.6132,-0.3034,-0.1568,0.7805,-0.9805,2.176,-0.307,1.2963,-2.2095,-0.237,0.3617,-1.1702,-0.2919,0.3702,-1.1872,-0.412,1.2412,-0.805,-0.7005,0.3493,-0.3192,-1.1313,3.5135,-0.1177,-0.6855,-1.1155,-0.4172,-0.8402,-0.0448,-0.1912,-0.7428,-0.3774,-0.9833,-0.3045,-0.1363,-1.1988,0.4396,3.0568,-0.828,0.0652,0.8004,-1.9437,-1.029,0.919,1.1275,4.5723,1.2848,0.6656,0.3903,0.9933,0.0239,-0.5926,-1.0831,0.3538,-1.0485,-0.6622,0.2745,-0.35,-2.1502
TCGA-AG-3887-01,2.033333333,-0.5061,-1.2669,-1.223,0.027,-0.6502,-0.3275,-1.6488,-0.5866,-1.5003,-0.7062,-1.0001,-1.0438,-0.9528,-1.2151,-0.4625,-0.4564,0.4335,-0.2432,-0.5921,0.133,1.6752,-3.6712,0.7484,-0.9458,-0.5102,0.3175,-0.383,0.0414,-0.9263,0.1847,0.729,-0.9222,0.0976,0.0314,-0.7528,0.2915,-2.546,-4.3889,-0.2781,-0.9761,1.3678,-0.036,0.032,0.3392,0.8329,-0.6862,0.3249,-0.5367,0.1315,0.4552,0.1148,0.2301,-0.5564,-0.2955,-0.883,-0.3494,-0.1764,-0.4822,0.3738,-1.3768,-1.292,-0.0149,-0.3008,-0.7502,0.5345,-0.3332,-1.5855,0.1547,-0.5065,0.461,0.0814,-0.1443,-1.2392,0.0156,-0.0025,0.6901,0.1991,-0.4279,-0.2476,-0.4253,-1.3792,1.7116,-0.1714,-0.1155,-0.6986,0.1218,-1.7799,-0.554,-1.4652,1.1556,-0.0132,0.199,-0.1145,0.1472,0.6434,0.8585,-0.8537,-0.4383,-1.094,0.8933,-0.4627,-0.1818,-0.7277,-0.2502,-0.0598,-1.5872,-1.7498,-0.0991,-0.0212,-0.3029,-1.3298,0.5849,-1.2628,-0.5572,0.7245,0.5748,0.6108,0.2832,0.4275,-1.1242,1.0307,-2.295,0.2885,4.124,0.356,-0.1243,-1.0527,-1.3966,0.5492,-0.6314,0.2506,-4.1973,1.1662,-0.8005,0.178,-1.3924,0.4047,0.0077,0.0555,-1.0978,-2.0251,-2.1712,1.6992,0.3825,1.1036,0.633,-0.3546,-0.4917,-0.352,-0.4254,0.2737,-1.0625,-2.8313,-1.734,-0.0452,0.6109,1.2321,-0.227,-0.8766,0.4066,-0.9157,0.5248,0.1778,-0.18,0.0117,0.9834,-1.0628,-0.5587,-0.0433,-0.7602,0.217,-1.5485,-0.4522,0.2811,0.6819,-4.3223,-0.9138,1.2788,0.2058,-0.2641,2.4175,-0.209,0.3724,0.884,-0.7292,-0.2421,-0.9232,-0.9505,-1.0033,-0.597,-2.8391,-0.5088,-0.4613,0.7907,0.6962,-0.7672,-0.277,-1.5089,-1.072,-0.114,-0.8881,1.023,0.119,1.0451,-0.002,-0.0418,0.2813,0.4949,-1.2216,-0.249,-0.7598,0.243,0.7468,-0.1199,0.2638,0.2025,0.8988,0.1995,-1.0008,0.2395,-0.7402,-0.3546,-0.9302,-0.8431,1.26,-0.3093,-0.388,0.2235,-0.5845,0.2735,-0.8958,2.6298,0.1504,0.0345,0.6237,0.1745,-0.0389,0.1105,0.0405,-0.3023,-1.4888,0.4986,-0.8705,-0.9401,-0.5255,-0.9652,0.396,0.8035,-1.6271,1.7592,0.4202,0.4932,-1.6078,0.5222,0.24,-1.8718,0.0676,0.2307,-0.7628,-2.3135,0.1138,-0.6301,-0.5413,1.5239,-0.2813,-0.8672,3.3528,0.0432,-0.808,-0.2915,-0.0818,-1.9287,-0.0664,-0.066,-1.0391,-0.8075,-0.3088,-0.2425,0.468,-0.6108,0.9108,3.4555,-0.5232,0.1615,0.994,-1.5892,0.0955,-0.9642,1.3615,4.5303,-0.2495,0.0592,0.9173,0.868,0.1815,-0.5799,-1.1148,-0.0522,-0.9762,-0.2124,-1.4732,-0.3258,-1.408
TCGA-AG-3999-01,2.833333333,-0.5403,-1.0334,-1.1859,0.5815,-1.7248,-1.2793,-1.0452,0.1299,-1.6892,-0.2654,-0.6002,-1.1884,-2.6889,-0.307,-0.48,-1.338,-0.2145,0.0232,-0.3006,-0.0042,1.9938,-1.446,1.3622,-1.2298,-0.2908,0.2141,-0.5838,-0.1959,-0.0026,0.5502,0.8925,-0.7406,-0.0991,-0.2339,0.2523,-0.1063,-2.0355,-4.4575,0.3684,-0.4912,1.2982,-0.7755,0.6415,-0.4616,0.696,-0.7923,-0.0698,0.2955,0.4528,-0.6458,-0.0513,1.6667,-0.8729,-0.5225,-0.803,-0.5394,0.3864,-0.9697,0.6412,-1.9548,-1.966,0.1426,-0.4387,-1.2236,1.024,0.1022,0.1375,-0.6277,-0.4398,0.6225,0.0779,0.2293,-0.1148,-0.1929,0.2806,-0.1885,1.2155,0.9405,-0.1052,-0.5403,-2.0312,1.3838,0.1179,0.4325,-0.8759,-0.2786,-1.2956,-0.1385,-1.457,-0.3218,-0.7027,-0.154,-0.2565,0.0052,0.44,-1.5725,-0.7253,-0.8732,0.403,-3.1453,-0.5929,0.3042,-0.4088,1.0212,0.6455,-2.9333,-2.0765,-0.1174,-0.6894,-0.0509,-0.1162,-0.9984,-0.9064,-0.9099,0.6445,0.1582,0.2282,-0.0283,0.2425,-0.8773,0.8515,-3.4155,-0.4104,4.5175,0.405,-0.1113,-2.106,-0.7235,1.3456,-0.9091,0.6321,-4.5482,0.4342,-1.581,0.1262,-1.6108,0.653,-0.4932,-0.5715,-1.4363,-2.221,-2.609,1.727,0.2652,1.0673,0.4328,-0.3157,-0.0177,-0.0706,0.277,-0.6212,-0.737,-2.3485,-1.304,-0.7899,0.9574,0.0221,0.0774,-2.0928,-0.2123,-1.4285,0.5036,0.1327,0.082,-0.117,1.1755,-0.7655,-0.7907,0.5476,-0.6305,0.533,-2.0973,-0.2008,1.6021,0.5883,-0.6949,-0.3496,1.3549,-0.5019,-0.0009,3.964,-1.408,0.999,0.0118,-0.4542,-0.4698,-0.843,-0.9988,-0.6632,-1.4545,-2.617,0.1862,0.3058,1.4207,1.4233,-0.2169,-1.2012,-0.3631,-1.326,-0.4232,-0.9451,1.3135,0.2095,-0.0949,-0.7522,-0.3648,0.4577,-0.007,-0.8228,-0.4072,-0.6555,0.825,0.7825,0.4054,0.2615,-0.9393,0.756,0.247,0.9332,-0.4088,0.3785,-0.4472,-1.516,-1.1026,2.4177,0.0542,-0.7703,0.1093,-1.0307,0.5322,-0.7194,3.3001,0.5674,-0.832,0.7067,1.0455,0.4002,-0.2696,0.9918,0.7259,-0.3574,0.0168,-1.4625,-1.4905,-1.0048,-1.0138,-0.1935,1.0494,-1.7008,1.7562,-0.0802,1.0997,-2.1908,1.8185,0.1068,-2.911,-0.813,-0.4088,-1.9465,-2.5272,-0.0209,-1.1322,-1.0147,0.6643,-0.1935,-2.33,1.6495,-0.2125,-1.1181,-0.8315,-0.1375,-2.4492,0.2807,0.067,-0.6019,-0.8518,-0.7392,-1.4202,1.0652,-0.8585,1.3157,4.472,-1.1385,0.249,0.7211,-2.1715,0.2998,-0.3238,1.9968,0.2158,-0.3208,0.7333,0.4402,0.8945,0.1151,0.0589,-1.4076,0.052,-1.1152,-1.2061,-0.9862,-0.0592,-1.33
TCGA-AG-4005-01,2.766666667,-0.686,-1.4871,-1.2664,0.5325,-0.3912,-0.9327,-0.6914,-0.4086,-1.4299,-0.1284,-1.083,-1.0495,-2.61,-0.9137,-1.313,-0.6452,1.174,-1.8443,0.1015,-0.0932,1.444,-1.3098,1.1461,-0.6155,-0.4814,0.1311,0.2242,-0.3169,-0.2839,0.8951,1.045,-0.8728,0.1767,0.5361,-1.7103,0.4042,-2.7875,-4.7771,0.5166,-1.2587,1.0121,0.2232,-0.041,-0.1662,1.3864,-0.6425,-0.0042,0.1969,0,-1.2092,0.0677,1.0548,-0.9139,0.6555,-1.045,-0.1741,0.1567,-0.3235,0.5245,-1.5538,-1.3175,0.3378,0.0025,-0.9453,0.315,-0.8088,-0.4185,-0.1974,-0.5865,0.3445,0.5148,0.4466,-0.4032,0.1152,-0.0866,0.7383,0.6722,0.4632,0.4929,0.3764,-1.1534,1.5925,0.6672,0.2133,0.1071,0.5122,-1.2006,-0.8468,-2.1508,0.2264,-0.1877,0.4718,-0.236,-0.614,-0.0104,-1.6728,-0.229,-0.7758,0.0278,-1.1922,-0.3267,0.5401,-0.7535,-0.3098,0.9778,-2.2028,-2.0938,0.0629,-0.1447,-0.4794,-0.6563,-0.1836,-0.7386,-1.3144,0.5795,0.8793,0.3315,0.6343,0.3687,-1.6003,0.8775,-2.9655,-0.7825,4.6297,0.4212,-0.1917,-1.468,-0.2952,1.1686,-1.1108,0.9526,-4.1928,1.0209,-1.7085,0.1427,-1.7709,0.3988,-0.5027,-0.7655,-1.421,-2.1664,-2.0213,2.0275,0.8677,1.2268,0.2042,-0.1527,0.2237,-0.5678,-0.8624,-0.2027,-1.0384,-2.0734,-0.817,-0.4621,0.5901,0.0116,0.8845,-1.7886,0.1826,-1.4615,0.582,-0.133,-0.2812,-0.7513,1.4194,-0.625,-0.2812,-0.2752,0.0468,0.2798,-1.4337,0.169,0.1219,0.6181,-4.5896,0.1757,1.3848,0.0096,-0.1577,3.331,-1.0211,1.31,1.0272,-0.6278,-0.0853,-0.921,-1.1047,-1.0285,-1.7927,-2.4071,0.6518,-0.2579,0.3798,2.1102,0.132,-0.9219,-1.1858,-0.506,-0.2755,-0.8264,1.5438,-0.1335,-0.1398,-0.438,-0.035,0.9188,-0.545,-1.5956,-0.2142,-1.1226,2.1361,0.6233,0.1194,0.1229,0.5683,0.2732,0.0732,0.769,-0.2422,0.3238,-0.5235,-0.8292,-0.9154,2.7973,0.3948,-0.9123,-0.5985,-0.3713,1.1832,-0.7118,2.9247,-1.4663,-0.1695,0.8008,0.366,0.3829,-0.0724,0.7271,1.0499,0.1752,0.1164,-0.5679,-1.2996,-0.5525,0.0511,0.6103,1.6609,-0.7373,1.9025,0.0697,1.4523,-1.5128,1.9458,-0.0353,-1.4842,-0.7487,-0.5788,-1.1795,-1.8922,0.0846,0.2847,-1.4057,0.7269,-0.299,-2.2263,2.0027,0.0652,-0.4455,-1.0135,-0.3028,-1.7253,0.2799,0.0342,-0.9824,-0.9356,-0.0073,-0.8937,1.6185,-1.1335,1.0034,3.7405,-0.884,-0.2618,0.8454,-2.395,-0.7352,-0.8905,1.9728,4.1943,0.503,0.6451,0.1413,1.0608,-0.1636,0.4497,-1.4103,0.1793,-1.5695,-0.7535,-1.3902,0.3265,-1.8528
TCGA-AG-4008-01,2.133333333,-0.4304,-1.409,-0.6339,1.0185,-1.1952,-1.1882,-0.9524,-0.0938,-1.25,-0.0022,-0.7612,-0.9472,-1.2691,-0.6033,-1.266,-0.7768,-0.082,-1.2653,-0.2775,-0.554,2.1988,-2.3968,1.0095,-0.6258,-0.1111,0.01,-0.444,-0.2802,-0.4224,0.717,1.195,-1.5169,-0.359,0.5059,-0.8791,0.4207,-2.2438,-4.4008,0.3546,-0.7155,1.0605,-0.631,-0.19,0.1012,0.9378,-0.3963,0.1708,0.3636,0.5625,-0.8515,-0.0487,0.5924,-0.8218,-0.5155,-0.6083,-0.2725,0.8209,-0.5655,0.492,-1.5623,-1.292,-0.0392,-0.1747,-0.7621,0.0538,-0.3495,-0.8792,-0.7666,-0.4269,0.277,0.0045,0.1731,-0.4668,-0.0107,-0.1898,0.9869,1.0279,0.4513,0.1148,-0.7641,-1.2377,2.3462,0.4809,-0.1419,-0.2386,0.1366,-1.4091,-0.9952,-1.873,0.5269,0.1617,0.9368,-0.4862,-0.0732,1.3137,-0.1088,-0.4588,-1.2025,-0.699,-0.0842,-0.5044,0.1533,-1.5462,0.1805,0.3845,-2.163,-1.4737,0.0232,-0.5574,-0.2875,-0.4567,-0.7196,-0.7093,-0.855,0.8215,0.5065,0.391,0.5557,-0.0749,-2.1296,0.5353,-2.5947,-0.513,4.6415,0.5393,-0.2623,-0.6605,-0.2176,1.0549,-0.7563,0.6129,-3.8219,0.7584,-1.3195,0.057,-1.1534,0.2235,-0.1957,-0.3235,-1.0558,-1.8785,-2.2626,1.5643,0.4348,1.4483,-0.0442,0.0339,-0.3588,-0.4104,-0.5749,-0.3233,-1.0444,-1.8122,-0.8375,-0.4821,0.1298,0.0934,-0.5954,-1.2716,-0.1046,-0.8487,0.7191,-0.1473,-0.209,-0.1617,1.7173,-1.0202,-0.4102,-0.0609,-0.659,0.7832,-1.1033,-0.1417,0.241,0.4838,-4.4445,-0.2017,1.3081,0.2124,0.2042,3.1575,-0.6161,1.0929,0.978,-0.4402,-0.3453,-0.391,-0.4945,-0.8457,-1.9298,-1.9425,0.6148,-0.2161,0.9199,0.4533,0.1869,-1.3196,-1.4024,-1.5105,-0.634,-0.3772,1.9758,0.1025,0.9951,-0.3069,0.4808,0.1342,0.327,-1.0181,-0.2355,-0.1931,0.3368,0.3252,0.0634,0.1496,-0.302,0.5448,1.02,0.1495,-0.1383,-0.5568,-0.3919,-1.534,-0.8861,1.4712,0.4108,-1.3738,0.0548,-0.4772,0.829,-0.3328,3.4894,-0.1641,-0.3565,0.6183,-0.1092,0.3564,0.3365,0.095,-0.1172,-0.6816,0.4048,-0.6365,-1.3772,-0.9722,-0.4088,0.2297,0.8252,-0.4233,2.0128,-0.6365,1.1237,-1.8138,0.7775,-0.1028,-2.0128,-0.2719,-0.2658,-1.3775,-1.2142,0.9168,0.0141,-1.0347,1.1763,-0.229,-0.9183,3.0192,0.0341,-0.8436,-1.0075,-0.0475,-1.5183,-0.0323,-0.0035,-1.6466,-0.5959,-0.5128,-0.5643,0.5258,-1.1102,1.4507,2.5628,-1.0355,0.362,0.9365,-1.8153,-0.5528,-0.1295,1.3258,3.3073,0.1145,0.5481,0.3926,0.7212,0.2119,0.539,-1.1366,0.352,-1.311,-0.5126,-0.7475,-0.471,-1.3992
TCGA-AG-4015-01,2.8,-0.2419,-1.1444,-1.544,0.4735,-0.6522,-1.644,-0.9352,-0.0159,-1.7479,-0.3228,-0.4875,-1.0304,-1.4169,-0.4302,-0.8905,-0.3345,0.8112,-0.3742,-0.0805,-0.17,2.6917,-2.3814,1.3679,-0.5792,0.0561,0.1352,-0.2108,-0.1507,0.2656,0.3153,1.11,-0.8419,0.2408,-0.7186,-1.3344,0.3315,-2.1415,-4.4404,0.3839,-0.1926,0.9624,0.1438,0.272,0.3476,0.8011,0.5975,0.0986,0.5765,0.8628,-1.2538,0.0595,-0.8418,-0.7104,-0.0115,-0.696,-0.2681,0.4279,-0.4083,0.3292,-1.0018,-1.3465,0.1562,0.0043,-0.8818,0.856,-0.222,-1.1732,-0.7464,-0.4824,0.161,0.1892,-0.3637,-0.2742,0.2775,0.1475,0.2827,0.3991,0.2524,0.1399,0.1969,-1.4834,1.7358,0.1977,0.0196,-0.1203,0.3505,-1.7174,-1.1487,-1.7345,0.157,0.0139,0.022,-0.4746,-0.3252,0.5496,-1.2263,-0.5128,-0.9627,-0.07,-0.784,-0.2409,0.1355,-0.2722,0.012,0.167,-1.9588,-1.7818,0.0669,-0.7029,0.2629,-0.8357,-2.5546,-0.1027,-0.8511,0.7555,0.4282,0.4568,0.5855,0.0768,-1.4801,-0.551,-2.2828,0.176,4.067,-0.0132,0.036,-1.0273,-1.0782,0.8293,-0.6079,-0.3152,-4.1959,-0.0672,-0.638,0.675,-1.7096,0.5325,0.0347,-0.0965,-1.5665,-2.1112,-1.8872,1.604,-0.7333,0.7299,-0.079,-0.0434,-0.7598,-0.004,0.0044,-0.6292,-0.8842,-2.6727,-1.1005,-0.3974,0.6557,-0.0934,-0.3289,-1.3602,0.0759,-0.922,1.6531,-0.0662,-0.0525,-0.0853,0.7842,-0.317,-0.2451,0.1065,-0.516,0.7202,-1.9422,-0.1545,0.0758,0.5043,-4.5309,-0.2744,1.9716,0.2206,-0.2414,2.988,-0.4941,1.0336,0.9188,-0.7558,0.0578,-0.949,-0.7338,-0.0884,-1.2885,-2.6976,0.6582,-0.3291,0.3144,1.112,-0.2473,-0.5209,-1.0979,-1.187,-0.2322,-0.8362,0.1072,0.1715,0.9249,-0.0758,0.105,0.8973,-0.3856,-1.3319,-0.0668,-0.6814,0.0109,1.0115,0.0553,0.2441,-0.8753,0.4721,0.1365,-0.1405,-0.282,0.2622,0.0001,-0.8985,-0.824,2.703,0.8569,-0.514,0.0098,-0.5812,0.727,-0.8806,3.1472,-0.759,-0.432,0.4617,-0.1295,0.6216,0.1691,0.2949,0.2768,-0.6763,0.1032,-2.7987,-1.0399,0.0475,-0.1905,0.3397,0.7678,-1.6516,1.6775,0.3668,0.2185,-1.5858,0.8612,-0.1587,-2.173,-0.0312,-1.0838,-1.2978,-2.1662,-0.1098,0.1244,-0.5682,0.9949,-0.2355,-2.2463,2.3522,-0.1359,-0.6885,-0.839,-0.0078,-1.6268,0.9109,-0.0175,-1.0529,-1.2464,0.7633,0.2033,0.1487,-0.5152,1.3169,4.0498,-0.3835,0.1295,0.9254,-1.8232,-0.772,1.0855,1.7095,2.2753,-0.5466,1.044,0.6815,0.5417,0.0991,0.2627,-0.8286,-0.4268,-1.1958,-0.9124,-0.8915,-0.3118,-1.446
TCGA-AG-A00H-01,1.866666667,-0.5799,-1.1294,-1.6892,0.92,-0.2436,-1.8417,-0.1375,-0.7224,-0.8193,-0.356,0.0812,-1.012,-1.3279,-0.2755,-0.482,-0.4164,0.3485,-2.1195,-0.197,-0.2032,2.3966,-2.029,1.0643,-0.4902,0.4673,1.6436,-0.041,0.1374,-0.1975,0.6499,1.8146,-0.7371,0.0302,-0.5454,-0.1146,0.4092,-2.153,-4.3748,0.2839,-1.0159,1.2281,-0.9257,1.1925,0.3609,1.0255,-0.003,-0.0373,0.5054,1.0958,0.8468,0.2092,0.2185,-0.6612,0.238,-0.7302,-0.4958,-0.1228,-0.422,0.4332,-1.3608,-1.791,0.3822,-0.2955,-0.3645,0.6158,0.1387,-1.423,-0.3344,-1.1854,-0.0175,0.3175,-0.502,-0.152,0.4543,0.0484,0.7006,2.0788,1.1042,-0.3324,0.0723,-1.9595,1.4015,0.1484,0.1465,-1.7824,-0.5708,-0.7415,-0.7025,-2.095,0.2851,-0.4041,-0.4682,-0.4281,0.183,0.7286,0.4425,-0.1338,-0.4792,-0.0975,-0.607,0.0924,0.4527,0.075,-0.2408,0.4305,-1.8343,-2.3105,-0.0648,0.7205,0.1462,-0.9962,0.7316,-0.6589,0.383,0.718,0.1015,-0.086,0.1422,-0.5858,-0.2831,-0.1641,-2.9757,0.4906,4.691,-0.1818,-0.1938,-1.1317,-1.3544,0.7768,-1.0548,-0.0175,-4.5172,1.1907,-1.1815,0.4718,-2.1676,0.0245,-0.8543,0.5347,-2.3498,-2.4092,-2.452,2.0127,0.0855,1.0871,0.5058,-0.2672,-0.5043,0.1996,-0.2075,-0.6144,-0.7488,-2.0918,-0.8952,-1.0722,-0.4355,0.7665,-0.0546,-1.6743,-0.5519,-0.9723,0.9356,-0.0735,-0.2708,-0.1768,1.0617,-0.683,-1.1779,0.0394,-0.5965,0.7125,-1.0207,-0.6902,0.6039,-0.1275,-4.7096,-0.0014,1.7189,0.5339,0.15,4.4795,-1.2411,0.971,0.1278,-0.58,0.0028,-1.2683,-1.0912,-1.6605,-1.7778,-2.8156,0.6692,0.5773,0.8845,1.1065,-0.5423,-1.588,-0.4645,-1.138,-0.6642,-1.0536,0.5032,-0.0838,-0.801,-0.5382,0.0225,0.6512,1.1323,-1.5229,1.2528,-0.0294,0.9108,0.5557,0.4719,0.0574,-0.1815,0.3569,0.3745,0.405,1.4098,-0.4115,-0.7811,-1.7528,-1.0204,1.5947,0.4658,-0.9808,-0.644,-0.2492,1.1688,-0.3569,2.9268,2.1303,-0.187,0.5977,0.1312,0.2563,1.7259,1.1766,0.1896,-0.3563,-0.1363,-1.5177,-0.8816,-1.5285,-1.0995,0.4513,1.4388,-2.3791,2.398,0.4058,0.5898,-1.3015,0.4595,0.4208,-3.1972,-0.952,-1.127,-1.771,-1.0938,0.1052,0.2541,-1.0153,2.0211,-0.6583,-2.6635,1.288,0.2829,-0.8962,0,0.1482,-1.9737,-0.2334,0.271,-1.3226,-1.4099,0.0628,-0.8988,1.3285,-1.0942,1.438,3.8358,-1.9468,0.026,1.3772,-1.8925,2.7112,-0.813,2.9867,4.0933,-0.7524,1.0569,0.1795,0.9787,-0.1251,1.169,-1.1528,0.2562,-2.0448,-0.7296,-0.3015,0.6935,-0.717
TCGA-AG-A011-01,4.2,0.1534,-0.4384,-2.3938,0.675,0.2826,-1.6453,0.2435,-0.211,-0.5788,-0.901,0.4225,-0.0219,-1.4002,-0.9517,-0.6855,-0.88,-0.1598,-1.648,-0.4677,-1.9228,2.8691,-1.3911,1.4317,-0.196,0.3063,0.3396,-0.408,-0.0668,0.1831,1.1845,1.7622,-0.9406,0.2293,0.6737,-1.4468,0.393,-3.0138,-3.6059,1.481,-0.9152,1.5149,-0.7055,0.776,0.9084,0.8984,-0.9815,0.2368,-0.324,-0.649,-1.858,0.1745,0.7747,-0.9779,-0.196,-0.6217,-0.0166,1.4649,-0.9298,0.094,-1.4997,-1.361,0.3829,-0.1155,-0.2036,-1.065,1.2662,-1.4162,-0.9987,-1.6792,-0.3975,-0.1091,-0.0821,-0.7745,0.9286,-0.0562,-0.0633,0.0919,-0.1685,0.1909,-0.6941,-2.3546,2.7045,1.0408,-0.0329,-1.2728,-0.7424,-0.4756,0.1358,-2.552,0.6752,0.3463,0.2778,0.6071,-0.1005,0.2245,0.0527,0.3592,-0.073,0.0602,-4.8993,-0.0857,-0.0902,-0.967,0.452,1.258,-2.66,-2.0768,0.0316,0.5495,-0.3466,-0.6638,1.1369,-1.0934,-1.6262,-0.0465,1.6248,1.3375,-0.1087,-0.0443,-0.4249,0.4398,-2.1097,-0.7179,4.6462,0.1758,0.0496,-1.4238,-1.024,1.46,-2.4194,0.2826,-4.3812,1.9984,-1.1685,-0.0845,-1.7452,0.6372,-0.2752,-1.3258,-1.8537,-2.4356,-2.1719,1.9828,0.2107,1.8992,0.4035,0.7524,0.4337,-0.5385,-0.3777,-0.0791,-0.491,-2.968,-0.309,-0.0615,-0.6445,-0.0721,-1.0692,-0.5713,-0.1165,-1.7797,3.1703,0.0192,-0.1062,-0.6872,1.4928,-1.5673,-0.6078,0.2153,-0.1615,0.7825,0.2065,-0.0675,0.3424,0.2258,-4.916,0.3484,1.3562,0.6459,-0.1965,3.787,-0.6316,0.6798,1.727,0.609,-0.6806,-1.162,0.1465,-0.6847,-1.7233,-3.0102,-0.257,1.5103,0.111,-0.3312,1.2326,-0.902,-0.796,-0.8625,-1.3912,-1.0379,3.5742,-0.3248,1.1095,-0.928,0.4068,0.549,-0.8355,-1.4782,0.1585,-0.2599,0.5666,1.28,0.4315,0.0418,0.116,0.2045,0.9562,-0.388,-0.3688,-0.8928,0.0224,-1.4333,-0.8421,2.1155,0.2344,-1.3085,-0.4992,0.0287,1.337,-1.0289,1.9214,-0.8288,-1.704,1.1813,0.1862,0.6935,-0.1679,-0.1464,-0.8174,-2.3567,0.2542,-1.9231,-0.7282,-1.0478,-0.8098,0.3315,0.1725,-1.9364,2.638,-0.1693,1.1957,-1.6675,1.1045,0.545,-1.975,-0.8889,-0.8405,-1.3365,-2.7282,0.2204,-0.2698,-1.6923,1.1485,0.388,-2.1197,3.2935,0.4251,0.4345,-0.8805,0.083,-1.7563,0.502,-1.1462,-2.419,-1.785,-0.801,-0.0535,0.2395,0.4292,0.4358,3.0588,-2.1975,-0.3065,1.0075,-2.1955,0.2578,1.5238,2.3158,5.4305,-0.4694,1.2861,0.442,1.3585,0.3818,0.6194,-2.4566,0.6407,-0.855,1.2454,-1.8205,-0.9882,-2.1772
TCGA-AG-A014-01,5.566666667,-0.7144,-1.0144,-2.355,2.255,-0.2388,-2.2835,-0.4026,0.3222,-0.7024,0.2578,0.8278,-0.7356,-2.9041,-0.3473,-0.0045,-0.2052,1.3958,-1.7653,0.2122,-0.3192,2.481,-1.1978,1.7617,-0.286,0.9058,0.7389,-0.3558,-0.0641,-0.0233,0.9989,1.6019,-0.3956,0.332,-0.9416,-1.5785,0.2488,-3.1912,-5.1081,0.342,-1.1763,1.4404,-0.3682,-0.0455,0.5171,0.6075,-0.989,0.0466,0.5275,0.392,-2.8927,0.1702,0.8002,-0.7935,1.0445,-0.0703,0.0075,0.7139,-0.6173,0.1178,-1.5367,-1.4125,0.2252,0.915,-0.337,-0.4225,-0.3432,-1.3207,-0.1,-0.6882,0.5685,0.0362,-0.7646,-0.5375,0.9366,0.493,1.1864,0.1244,0.4928,-0.1142,0.5083,-2.9585,1.3563,0.5904,-0.0706,-0.2498,-0.5815,0.028,-0.6562,-1.3327,0.8966,0.038,1.3123,-0.3448,-0.6375,1.0014,-0.009,-0.7242,-0.268,-0.2512,-4.7423,0.5011,-0.0518,-1.1927,-0.1572,1.1588,-1.5135,-3.5538,0.0158,0.2879,0.2676,-0.38,1.3161,-0.5145,0.0911,0.6525,0.8043,-0.267,0.7155,-0.6623,-0.6476,0.8588,-2.8625,0.0634,4.0908,0.8335,0.3448,-2.8015,-1.5284,0.5042,-2.1478,-0.482,-5.0975,2.2636,-0.4645,-0.202,-2.3771,0.3728,-0.1335,0.0242,-2.004,-3.3884,-3.2191,0.522,1.039,2.0976,0.3252,-0.032,-0.4988,-0.3549,-0.8199,-1.0928,-0.5421,-3.0658,-0.3898,0.0012,0.8112,-0.1948,-1.0192,-0.7442,1.1302,-2.3165,0.3984,-0.1065,0.1922,-0.8395,1.0794,-0.7436,-0.8913,0.0773,-0.5878,0.6415,-1.186,-0.2068,-0.1485,-0.5733,-5.6975,0.2581,2.2543,0.3944,0.1744,3.697,-2.8419,1.1954,0.4088,0.0425,-0.0598,-1.5715,0.6412,-0.4009,-1.208,-3.3568,0.7435,0.5732,-0.8627,1.2543,-0.869,-0.5481,-1.2936,-0.8985,-0.7005,-1.4377,4.4355,0.3145,-1.1195,-0.4558,-0.4098,0.3338,-0.8845,-1.8514,0.5558,-0.1221,0.8202,1.5012,-0.5013,0.0332,-0.0115,0.6215,0.832,0.4338,-1.175,-0.3932,0.2798,-0.31,-1.023,1.309,0.4099,-1.031,0.6133,0.3643,0.7832,-0.6187,2.4428,-0.3374,-1.361,0.865,0.1682,0.6719,-0.7952,-0.2524,0.4513,-1.6095,1.219,-2.0484,-0.8725,-0.8445,0.2006,0.306,1.2621,-2.5705,2.0748,-2.0555,0.3828,-0.9835,0.8168,0.6303,-1.5838,0.2409,1.2835,-1.0822,-2.4518,0.0332,-0.0744,-0.9748,0.0708,-0.3678,-2.2818,1.7518,0.3444,-0.9232,-1.235,0.2058,-2.552,-0.2256,1.1822,-2.9278,-2.0645,-0.7948,-0.1228,1.5227,-0.8252,0.8095,3.4532,0.118,-0.0127,0.7504,-2.6113,0.0177,-0.44,2.0835,3.809,-0.3205,0.5432,0.3109,1.8922,0.0574,1.0143,-1.7741,-0.0248,-0.544,-0.2028,-1.5012,-0.9872,-0.1515
TCGA-AG-A016-01,1.333333333,-0.4378,-0.6022,-2.6231,0.6925,-0.212,-2.3927,0.1238,0.1801,-1.0097,-0.1286,0.3965,-0.3689,-1.5982,-0.6891,0.0357,0.0889,1.545,-2.5797,-0.5293,-0.1688,2.9752,-2.5897,1.3215,-0.0748,0.7399,1.0339,0.2862,-0.066,1.0286,1.2155,1.6192,-0.1662,0.7574,0.2746,-0.3012,0.0097,-3.2688,-4.6218,1.2285,-0.3813,1.2498,-0.5288,0.704,0.7505,1.4758,-0.766,-0.1051,-0.643,0.0505,-2.712,0.0505,-0.3748,-0.5114,0.2445,-0.6592,-0.002,1.5722,-0.8108,0.2725,-0.9495,-1.6725,0.2899,0.792,-0.475,0.7575,0.7532,-1.5888,0.0602,-0.8272,0.178,0.5473,-0.7092,-0.488,1.5671,0.5742,0.7672,0.893,0.7252,0.4036,0.5836,-3.2262,1.2209,1.0879,0.1021,0.4649,-0.462,-0.4299,0.1313,-2.8777,-0.043,0.6075,0.2705,-0.0795,-0.053,0.2432,1.3883,-0.5852,-0.2708,0.1868,-2.8403,0.3149,0.1946,-0.6,-0.7592,0.1417,-1.2333,-3.2065,-0.8526,-0.0058,0.2216,-0.4564,0.2769,-0.3034,-0.1416,0.0295,0.1828,0.0177,1.2352,-0.0486,-0.8376,0.4615,-2.8013,0.078,3.4435,-0.1748,0.7218,-2.168,-2.3065,1.325,-1.5893,-0.2154,-5.9098,1.4214,-0.8902,0.169,-2.6706,1.083,0.0548,-0.1422,-3.0308,-3.4305,-3.0518,1.8125,-0.0465,2.5068,0.0368,0.1516,-0.5097,0.242,-0.3235,-0.6345,-0.0924,-3.8192,0.001,-0.0188,0.8569,0.6702,-1.1416,-0.6072,0.5519,-2.4425,0.4743,-0.396,0.491,-0.4832,0.6603,-1.008,-0.4548,0.6643,-0.468,0.4312,-0.555,-0.112,0.1228,-0.0854,-5.4035,0.3424,1.9278,0.7822,-0.0229,2.8325,-1.0734,1.3475,0.2028,-0.0998,-0.5019,-1.3413,-0.183,-0.0561,-0.8502,-3.4388,0.2088,0.4771,0.2763,1.0503,-0.2632,-0.4391,-0.42,-1.063,-0.6452,-1.4297,3.2628,0.2795,-0.1778,-0.6582,0.6548,0.9452,-0.7003,-0.6815,0.337,-0.7652,0.7089,1.2967,-0.0426,0.2523,0.583,1.2521,-0.101,0.699,-1.5022,0.5688,0.0124,-0.6635,-0.6739,2.0073,0.546,-0.3732,0.4165,-0.39,0.8592,-0.804,2.2898,-0.3441,-1.7855,1.28,0.561,0.7367,-0.0007,0.5582,0.5859,-0.7819,1.0551,-3.915,-0.2876,-0.9288,0.4106,0.6272,0.7516,-3.1669,1.8638,0.3547,-0.1935,-1.5385,1.0838,1.2897,-1.1878,0.0325,-0.6827,-1.159,-2.3155,-0.1625,0.6024,-1.0997,0.7567,-0.8185,-3.0837,0.621,0.2928,-0.346,-1.257,0.2995,-3.3178,0.2668,-0.2885,-2.2889,-1.4729,-0.0863,0.0663,1.2045,1.0662,1.8012,4.0672,-0.1275,0.1152,0.8046,-2.7653,2.314,0.0332,1.5312,4.2103,-1.3641,0.7076,0.8843,1.211,-0.0578,1.3492,-1.6761,0.1352,-0.849,-0.6192,-1.793,-0.8238,-1.2915
TCGA-AY-4070-01,3.566666667,-0.4362,-1.0589,-1.5965,1.1505,-0.2725,-0.8377,-0.4832,0.1452,-1.2592,-0.2998,-1.4975,-1.7381,-1.1759,-0.2351,0.1235,-0.8578,0.8292,-1.7927,0.6681,-0.2138,2.5773,2.0708,1.1802,-0.7173,0.2082,-0.0464,-0.6452,0.8571,0.636,0.8484,5.7572,-0.6228,0.7192,0.5322,0.3682,1.3515,0.345,-4.5712,0.4522,-0.1046,1.3616,-0.2822,1.0715,-0.101,0.7011,-0.5615,0.3406,0.5741,0.5878,0.1508,-0.0887,0.4685,-0.8118,1.144,-1.0445,-0.0986,0.0054,-0.806,-0.155,-1.2778,-1.5025,-0.2402,0.5213,-1.522,0.1048,-0.6183,-0.6492,-0.5522,-0.5702,-0.392,0.5548,0.3002,0.4042,0.6674,-0.1288,1.9206,0.617,0.0881,0.6299,-0.7139,-1.621,0.6289,0.5055,0.148,-0.3603,-0.4674,-1.2878,-1.3365,-2.5218,0.0049,-0.2239,0.7228,-0.9906,0.2578,2.0234,-0.5583,-0.2108,-0.9325,-0.0288,-2.6348,-0.6828,-0.0573,-1.1122,1.4085,0.6462,-2.6017,-1.45,0.3054,-0.6217,-0.35,0.4029,0.7937,-1.364,0.1646,0.8815,1.7367,1.112,0.635,-0.2519,1.0375,0.3181,-2.927,0.0156,4.698,0.2462,-0.3058,0.5728,-0.7282,0.7421,-1.5075,0.4104,-4.1956,0.8476,-1.9785,-0.1705,-1.8675,0.119,-0.276,-0.2172,-1.8117,-1.7321,-1.2684,2.5083,0.5427,1.9245,-0.5942,-0.0474,-0.4647,0.4525,-0.8004,-0.1788,0.6209,-2.2817,-0.9022,-0.6711,-0.0766,0.6695,-0.4105,-1.414,1.0342,-1.4122,1.2772,-0.1425,-0.5578,-0.1613,1.4906,-0.689,0.1527,0.1627,-0.6252,3.4738,-2.04,-0.7225,0.215,0.6054,-0.6449,-0.1072,2.2238,0.148,0.036,1.596,0.0011,0.9924,1.0982,-1.3792,0.0174,-0.6703,-1.3088,-0.762,-2.4207,-2.4939,1.832,-0.9851,0.8389,0.8532,1.1316,-1.1679,-1.5571,-1.1735,0.166,-1.2916,0.3498,0.0755,-0.0082,-0.718,0.7562,-0.0107,-0.19,-0.8473,-0.2798,-0.4102,-1.0571,1.8555,0.61,0.5634,-0.1677,0.9202,1.6452,-0.245,0.4182,-0.522,0.0021,-1.6593,-1.0035,2.3965,0.1678,-0.9532,-0.2352,-0.0558,1.0163,-0.2062,3.6513,1.1444,-0.9905,0.6073,0.1288,0.398,-0.0193,0.1639,0.345,0.4652,-0.2231,-0.9629,-1.5706,-1.0832,-0.3854,0.2952,0.8826,-0.4342,0.3242,-0.7607,1.6727,-1.6825,1.5728,-0.4568,-1.4377,-0.2745,-0.6775,-1.4777,-1.2305,0.9698,0.1006,-1.468,2.102,-0.0793,-2.1605,2.422,-0.2842,-0.28,-0.8115,-0.2385,-0.4445,0.6736,-0.0145,-0.2042,-1.0238,0.6915,-0.2817,0.7558,-0.2338,0.6255,3.6818,-0.8092,0.166,1.2558,-2.728,0.9012,1.7308,1.8108,-0.328,0.8412,0.7402,0.45,0.6408,0.8014,0.8067,-0.6612,-0.0287,-0.9748,-0.531,-0.4035,-0.4112,-0.5655
TCGA-AG-A026-01,5.7,-0.4687,-0.8874,-1.7684,1.53,-0.7318,-2.3943,-0.2392,0.8835,-0.5235,0.1764,0.4002,-0.5482,-0.8784,-0.024,-0.9385,-1.3379,-0.2195,-0.6693,-0.5704,-0.605,2.8188,-1.807,1.9718,0.4432,0.4895,1.3281,0.0308,-0.1104,0.8784,0.4689,1.9006,-1.413,0.6997,1.0962,1.1633,0.6163,-3.973,-5.3574,1.4253,-0.0808,1.589,-0.6135,0.748,0.7211,0.6005,-1.0277,0.1144,0.1058,0.12,-1.0918,0.4803,-0.5788,-0.5175,-1.0745,0.2732,0.129,0.2423,-1.302,0.488,-1.3908,-1.1595,0.2684,0.3178,-0.9804,0.6842,0.1917,-0.997,-1.0089,-2.0642,0.0535,0.2991,-0.9859,-0.2438,1.3621,0.8921,0.1925,0.7594,0.4971,0.3124,-0.8425,-0.268,1.8571,0.6759,-0.0171,0.1009,-0.3018,-0.2816,-0.4647,-0.2472,0.2775,0.6044,0.5585,0.7582,0.0152,0.5834,-0.3465,-0.4122,-0.5725,-0.0762,-1.8155,0.3168,0.3363,-0.9622,0.2535,0.7827,-2.6238,-3.061,-0.1134,0.1289,-0.6131,-0.2085,0.4375,-0.5431,-0.5304,-0.377,0.2352,-0.537,0.5688,0.2015,-0.8906,0.4618,-2.407,-0.3366,4.6832,0.071,-0.0185,-2.017,0.8178,1.7772,-1.8568,-0.181,-5.1132,1.1509,-1.5458,-0.4715,-1.531,0.6818,-0.7862,-1.4492,-1.9712,-3.7528,-3.281,2.9168,0.0227,1.3832,0.8308,0.1822,0.2462,-0.096,-1.172,-0.5172,-0.4118,-1.8187,-0.9955,-0.8248,1.1048,0.3061,0.6212,-1.4157,-0.1973,-1.7145,2.4415,0.2718,-0.1548,-0.7982,0.9496,-0.9241,-0.4669,0.2222,-0.062,0.5863,-0.7603,-0.8132,0.4136,-0.1879,-4.1964,-0.0318,2.4577,0.1827,0.3592,2.61,-1.6002,1.1064,0.5952,0.136,-0.5478,0.0915,0.094,-0.5679,-1.5945,-2.4006,1.219,0.2978,0.9867,0.7403,-0.9414,-1.5028,-1.1491,-0.5925,-0.8452,-1.7606,3.3065,-0.027,-0.7454,-0.4952,0.524,1.1315,0.1683,-0.0564,0.7535,-0.6081,0.8762,1.1015,0.5328,0.2038,-0.5578,0.5825,0.1315,0.6482,-0.6042,0.0938,-0.4381,-1.1478,-0.6801,3.5443,0.8812,-1.1812,-0.9075,-0.0958,1.0905,-0.1465,3.5277,0.1729,-1.1205,0.9355,-0.124,0.9611,1.5563,0.7148,0.1229,-0.2028,0.1501,-3.3639,-1.3999,-1.6365,-0.5982,0.5402,0.8079,-2.3344,2.254,0.3503,0.473,-0.8675,0.444,0.2507,-2.444,-0.7225,-0.457,-1.95,-2.4808,0.2392,0.5487,-1.9748,2.412,-1.0448,-2.6832,1.86,0.0026,-0.8515,-0.573,-0.2668,-3.1022,-0.0624,0.1355,-2.5206,-1.6621,0.2503,-0.4488,0.6913,0.288,0.5712,3.4528,-1.46,-1.0285,1.038,-2.9672,-2.0938,0.287,2.847,1.8352,0.6546,1.462,0.513,1.5925,-0.1366,1.222,-2.0439,-0.5157,-1.853,-0.2214,-0.6532,-0.1622,-1.5712
TCGA-A6-2683-01,2.466666667,-0.7607,-1.9258,-1.4769,-0.948,-0.533,-2.0516,-1.2631,-0.7502,-1.4312,-0.752,-1.7434,-1.3744,-1.8938,-0.9333,-1.1545,-0.7185,1.0778,-0.8363,-0.7535,0.0732,1.2808,-1.4897,1.0261,-1.0078,-0.7428,0.8498,-0.938,-0.797,-0.851,-0.7619,0.2505,-0.7345,0.1181,-0.8648,-1.0008,0.3153,-3.017,-3.8236,-0.2062,-1.1611,0.9282,-0.7693,0.3525,0.0045,0.0384,-0.003,0.1784,-1.1444,-0.2832,-1.0723,0.0775,0.2038,-1.0739,-0.579,-0.985,-0.4528,-0.3621,-0.5333,0.238,-1.518,-2.143,-0.0331,-0.1273,-1.9876,-0.019,-1.119,-1.8548,0.2566,-0.1591,0.998,-0.2651,-0.0968,-1.0462,-0.1498,-0.1891,0.0881,0.1219,0.186,-1.7268,0.3433,-1.5156,0.8347,-0.407,0.1567,-0.7326,0.0544,-2.7032,-1.0955,-2.9742,0.8139,0.0958,-0.2275,-0.5321,0.179,-0.4472,-0.286,-0.8218,-1.5143,-0.537,-0.5017,-0.7966,-0.0091,-0.118,-0.4805,-0.9575,-2.8892,-1.558,-0.214,-0.3873,-0.4708,-2.1077,-0.6638,0.6556,-0.0899,1.0155,0.441,0.4248,0.003,0.0002,-2.1822,0.5499,-1.2132,0.0042,3.731,0.3437,-0.5694,-0.5228,-1.5018,0.3188,-0.1299,-0.205,-4.0458,0.2589,-1.8218,-0.7638,-2.1606,0.4333,0.1063,0.173,-1.5532,-2.5441,-2.2302,0.5815,-1.0212,1.2266,-0.4525,-0.6548,-0.426,-0.635,-1.0472,-0.344,-0.6996,-2.6868,-1.5427,-0.9039,-0.7188,-0.4076,-0.4299,-1.6895,-0.3573,-1.0797,0.5732,0.2955,-0.324,0.0863,0.6905,-0.8794,-1.2262,-0.2269,-0.7582,-0.0173,-2.3587,1.3853,0.8021,1.272,-3.6798,-0.8951,0.917,-0.01,-0.2062,2.0815,-1.2953,0.2334,0.0585,-0.8942,-0.1008,-1.0437,-0.7278,0.1235,-1.2765,-2.995,-1.7152,-1.1163,0.6135,1.5632,-0.8162,-0.8322,-2.0202,-1.304,-0.3292,-0.7197,0.9382,0.5775,0.7344,0.5072,-0.2968,0.6395,0.2281,-1.6944,-0.1148,-1.0565,0.9065,0.6842,-0.8101,0.0861,-0.0647,0.4619,-0.8455,0.819,-0.2388,-0.665,-0.1693,-2.2823,-1.1074,2.5817,0.3245,-0.5692,-0.341,-1.5312,0.564,-0.3534,2.3182,-1.7264,-0.103,0.3995,0.1388,-0.1543,-0.3593,0.6826,1.032,-1.3938,0.8594,-2.6032,-1.8199,-1.0435,-1.1036,0.2812,0.6528,-2.8068,1.7225,0.0308,-0.3108,-1.859,-0.0518,-0.1345,-1.5562,-0.4968,-0.146,-1.3588,-1.7702,0.0964,-0.1484,-0.8378,-0.0795,-0.0517,-1.8912,1.5747,-0.0604,-0.3085,-0.1505,0.0638,-2.2263,-0.458,-0.1322,-1.4509,-1.9234,-0.3543,-0.3913,0.6248,-0.617,0.4788,2.4755,-1.4608,0.3188,0.8058,-1.6243,-0.3348,-0.7218,1.4355,4.3352,-0.481,-0.0806,0.601,0.7463,0.1796,-0.8039,-1.5272,-0.5203,-1.5785,-1.6248,-0.9355,0.1105,-1.4325
TCGA-A6-3807-01,2.666666667,-0.3398,-0.7192,-0.4918,0.554,-0.8886,-1.6152,-0.5678,-0.542,-1.3001,-0.0427,-0.5324,-0.7579,-2.0559,-0.5438,-0.4795,-0.8442,0.8335,0.8463,-0.151,-0.274,2.0699,2.4198,1.5852,-0.814,-0.3303,0.142,-0.0062,0.0354,0.8468,-0.0379,1.8478,-1.4683,0.4261,-0.6402,-1.4175,0.4983,-2.8258,-4.0682,0.5728,-0.9567,0.8728,0.1587,0.3615,0.0207,1.0545,0.3817,-0.086,0.0229,0.497,-0.5057,0.326,-0.2458,-0.6615,-0.3135,-0.2532,-0.39,0.6987,-0.9597,0.3802,-1.3145,-1.871,0.3065,0.1365,-0.9896,0.0752,0.0913,-1.0212,-0.1104,-0.1992,0.1325,-0.2104,-0.0479,0.2918,0.4586,0.3611,1.3531,0.323,0.7724,-0.5545,0.7452,-1.757,1.6888,-0.3151,0.0936,-0.2484,0.0395,-1.0374,-0.5858,-1.852,0.8411,0.0923,-0.2662,0.1393,-0.4322,1.3394,-1.5675,-0.5233,-0.5652,-0.933,-2.421,-0.1604,-0.0687,-1.0843,-0.1748,0.3198,-2.3172,-1.1718,0.2615,-0.2341,0.1359,-0.5597,2.678,-0.1246,0.177,2.4465,0.5723,1.5932,1.1808,-0.3652,-1.3929,-0.8709,-2.898,-0.0798,4.135,1.2127,-0.4353,-0.015,-0.5781,0.5128,-1.3777,0.5446,-4.3546,0.6324,-1.5268,-0.374,-1.5815,0.9642,0.1417,0.6542,-1.8427,-2.1406,-2.2291,0.6768,0.6775,0.9458,0.425,-0.4134,0.1133,-0.1381,-0.4781,-0.7816,-0.8969,-1.8186,-0.617,-0.5502,1.4177,0.0652,-1.0352,-1.4344,0.0698,-1.3445,0.5447,0.1323,-0.7085,-0.103,1.7636,-1.0499,-0.4902,-0.1229,-1.0412,1.0907,-1.334,0.3835,0.9225,0.7957,-4.3389,-0.27,1.7555,0.3335,0.2048,2.67,-1.0862,0.8138,0.3585,-0.3395,-0.2413,-1.0117,-0.0798,-0.6995,-1.4983,-1.9169,0.5695,-0.1721,-0.1137,1.4517,1.0677,-1.1848,-1.4342,-1.0735,-0.4838,-1.3331,1.612,0.3308,0.8404,-0.2276,0.3795,0.2652,-0.0701,-1.2536,0.691,1.0316,0.235,0.7198,1.2366,0.1976,0.3322,-0.5386,0.9632,0.3455,0.3385,-0.119,0.1898,-1.4108,-1.0183,1.2075,0.5825,-1.0927,0.5665,-0.6395,-0.1685,-0.6119,2.8992,-1.5245,-0.57,0.7145,0.1272,0.1856,0.6953,0.1262,0.3491,-0.9947,-0.2282,-2.7039,-0.8552,-1.2732,0.2252,0.4968,0.9206,-1.6219,1.4985,-0.5558,0.6023,-1.4265,0.6642,0.2183,-1.6998,-0.6221,0.4477,-1.3345,-1.2312,0.3749,-0.1893,-0.9913,1.1118,0.2138,-1.588,4.5472,0.3811,-0.5962,-0.939,-0.576,-1.0763,0.4259,-1.3295,-1.105,-0.9297,-1.0255,-0.5163,1.2653,-0.582,1.0884,2.9132,-0.4595,0.2238,0.483,-2.074,-1.2568,-0.2105,1.8348,3.591,0.125,1.4268,0.4467,1.0653,0.1985,0.9481,-1.9981,0.7537,-1.5528,-0.1488,-0.0265,0.5863,-2.3092
TCGA-AA-3517-01,0.933333333,-0.7783,-0.9508,-1.2591,0.78,-0.9425,-2.0815,-0.9298,0.6605,-1.2682,0.208,-0.244,-1.443,-1.7962,-0.2199,-0.9272,-0.853,0.5298,0.7407,0.2465,0.0805,2.489,-3.8971,1.1424,-0.4302,0.4176,0.7996,-0.2665,0.8884,0.4691,0.7929,5.4385,0.0846,0.6679,-0.5501,-0.496,1.8435,-3.499,-4.8619,0.4806,-0.2264,1.623,-0.9172,-0.142,0.0553,0.7845,-0.6493,0.6418,-0.9255,0.231,-0.7093,0.1883,0.4718,-0.4339,0.4895,-0.874,-0.0369,0.1676,-0.6078,0.2475,-1.6185,-1.7385,-0.2826,0.2808,-1.399,0.699,-0.2163,-1.7798,-0.5643,-1.1775,0.016,0.0527,-0.0236,-0.6385,1.0364,0.0051,1.3416,0.4691,0.5994,0.248,0.2152,-2.3334,3.5777,0.6128,0.3973,-0.6542,-0.065,-0.6871,-0.9387,-0.985,1.094,-0.0613,-0.0275,-0.3279,0.125,1.5184,-1.9348,-0.938,-1.188,-0.782,0.0678,-0.5256,-0.0808,-0.3963,0.5252,0.4698,-2.2235,-1.5768,-0.0476,-0.2659,-0.0378,-0.932,0.7833,-1.1615,-0.3602,1.475,1.0917,0.2612,0.2607,-0.1303,-0.9968,1.9405,-1.0242,-0.1561,5.2222,0.7418,-0.0139,0.2793,-1.224,1.893,-1.4139,-0.0047,-4.347,1.3361,-0.16,-0.4978,-2.461,0.9617,-0.3603,-0.6492,-1.4785,-1.9031,-2.2192,1.7907,0.5695,1.9513,0.5075,0.2103,-0.1257,-0.46,-0.8804,-0.2388,0.3604,-2.5928,-1.5155,-0.877,-0.6261,-0.2115,-0.5779,-0.893,0.0748,-1.8564,0.7018,-0.1433,-0.511,-0.129,1.3292,-1.143,-0.4053,-0.711,-0.6295,0.6178,-1.4707,-0.5132,0.2942,0.0896,-5.7939,-0.3332,2.0871,-0.0758,-0.1172,2.318,-1.4433,0.705,0.3668,-0.211,-0.3164,0.32,-0.8555,-0.1974,-1.8257,-2.342,0.505,-0.186,0.8937,1.3173,-0.79,-0.4801,-1.4817,-0.4255,-0.3785,-1.8842,1.2972,-0.403,-0.0479,-0.0805,0.488,0.5612,-0.0464,-1.7037,0.6195,-0.2619,1.752,1.4758,0.4069,-0.2643,0.4378,-0.1598,1.2875,0.1632,-0.3848,-0.3265,-0.3895,-1.5177,-0.5913,0.7567,0.4224,-0.5987,-0.8836,-0.3582,0.5602,-0.2021,3.0294,-0.6927,-1.3155,1.0962,-0.1148,0.9324,0.6851,-0.075,0.5692,-0.49,1.3454,-1.8476,-1.2142,-1.6518,-0.4828,-0.2283,0.6645,-0.8603,2.354,-0.4293,0.8753,-1.0475,-0.0298,0.2183,-2.453,-0.4152,0.6428,-1.4275,-0.944,0.4074,0.3042,-0.6327,1.4441,-0.1898,-2.1847,3.1655,0.5995,-0.2841,-0.274,-0.2015,-1.2455,-2.5929,0.5113,-1.5971,-0.271,1.556,0.1198,1.2163,-0.8495,1.2073,3.4512,-1.8932,0.341,1.2646,-2.3848,-0.854,-0.3562,2.4248,4.5303,-1.0708,0.9212,0.0576,1.0078,-0.4901,0.801,-1.6168,-0.3325,-0.7877,-0.2054,-0.7445,-0.4198,-2.4712
TCGA-AA-3519-01,1.233333333,-0.4986,-1.8771,-0.5146,1.5085,-0.8342,-1.5962,-1.6298,-0.8511,-1.1314,-0.3761,-0.3852,-1.0588,-2.2989,-0.8612,-1.1182,-0.8936,-0.7867,0.1472,-0.3403,-1.4298,1.6166,-2.6588,1.2598,-1.2095,-0.7329,0.9511,-0.0185,0.3125,-1.4157,-0.7683,0.4871,-1.0343,0.0963,-0.7901,-0.0906,0.3377,-0.2758,-3.4358,-0.1836,-0.3714,1.0499,-0.2925,0.314,0.8212,-0.2776,-0.8942,0.5795,-0.3969,-0.8902,-1.2717,0.6593,-0.4325,-1.1864,-0.626,-0.7297,-0.159,-0.5931,-0.9875,-0.117,-1.3042,-1.2285,-0.0076,-0.2747,-1.0538,-0.0815,-0.6398,-2.5645,-0.3339,-1.0223,-0.551,-0.3902,-0.6018,-0.796,0.3279,-0.2601,0.2812,0.3764,-0.4842,-0.5601,-0.565,-0.8712,1.7478,-0.0281,-0.4346,-1.0216,-0.8406,-1.196,-0.2303,-1.3545,0.386,-0.2339,0.1485,-0.2921,-0.5198,0.5484,-0.2482,-0.861,-0.613,-1.5165,-0.214,-0.6658,-0.5803,-1.3043,-1.8992,-0.4652,0.0622,-0.0408,0.1236,-0.8523,-0.424,-1.5392,-0.1611,-0.6137,-0.1246,-0.0685,0.6555,0.6785,-0.142,-0.0194,-3.0926,0.9803,-2.3033,-0.2851,3.1892,0.3968,-0.6775,-0.8658,-1.0059,0.1078,-0.5001,0.3744,-3.9568,0.2333,-1.685,-0.7238,-0.9345,0.7135,-0.8165,-0.9772,-0.8747,-0.8361,-1.0646,2.0135,-0.9668,0.8327,0.5158,0.0061,0.3065,-1.2665,-1.1785,-0.0272,-1.0702,-1.6652,-2.1865,-1.0745,-0.4945,0.5441,-0.1998,-0.9638,-0.6189,0.1712,0.4681,0.5483,-1.2885,0.45,0.488,-1.7165,-1.1476,-0.5173,-0.8108,0.3248,-1.3027,0.169,-0.0846,-0.2026,-2.6098,-1.1316,0.9914,-0.3767,-0.5497,2.7255,-0.2302,0.0666,0.1778,-0.4745,-0.1148,-0.1097,-1.0018,-0.0386,-1.3915,-2.8351,-1.3695,0.1986,-0.0167,-0.269,0.2067,-1.376,-1.1645,0.6975,-1.191,-0.6713,0.6938,0.6058,-0.342,-0.0853,0.0862,-0.5,0.6029,-1.8078,0.2095,-0.2134,-0.3381,0.5372,-0.2308,0.0582,-0.5845,-0.2874,0.5122,-1.129,-0.825,-0.1168,-0.5565,-1.6083,-0.196,-0.219,0.7609,-0.404,0.0383,-0.2277,0.189,-0.9282,1.5502,-0.6297,-0.969,0.0012,0.5407,0.0913,0.1638,-0.2238,-0.5885,-0.8923,0.4783,-1.8342,-1.0469,-0.8705,-0.8194,0.4967,0.4866,-2.1372,0.75,-0.1982,-0.2445,-2.269,-1.12,0.299,-2.1277,0.207,-1.1065,-1.108,-2.0002,-0.2545,-0.1509,0.2728,0.6281,0.817,-1.3243,1.4755,-0.0757,-1.0867,-0.6195,0.4682,-1.6788,-0.1758,0.057,-1.573,-0.9532,-1.281,0.1492,-0.3447,-0.29,0.4114,1.9298,-1.7248,0.5642,0.5281,-1.7205,-0.7615,-1.3287,0.3528,3.1238,0.0914,0.5764,0.2403,0.7025,0.3461,0.6907,-0.3291,-0.9318,-2.0055,-0.3196,0.085,-0.8088,-2.5218
TCGA-AA-3521-01,1.433333333,-0.2819,0.0534,-2.1136,-0.0935,-0.2562,-2.2347,-0.4581,0.3075,-2.431,-0.0179,0.1468,0.2435,-2.776,-0.3539,-1.0782,-1.1075,0.495,1.0282,-0.5667,0.0825,2.2812,-3.6633,2.0044,-0.1715,-0.6998,2.0258,-0.129,0.3652,-0.1022,0.5811,1.6205,-1.4389,0.3543,0.2823,-0.5303,-0.0582,-3.7545,-5.2714,1.3351,-1.1379,1.3795,-0.4302,0.617,-0.1955,1.2064,-0.5767,0.4512,-0.4122,-0.5758,-1.4703,-0.042,0.4973,-0.5036,-0.7725,-0.0013,-0.2921,1.0938,-1.7637,0.0925,-1.5572,-1.7065,0.987,0.2488,-0.5758,0.8195,1.2568,-1.4352,-0.6889,-0.7574,0.007,-0.0745,-0.4101,-0.2912,0.5559,0.7251,1.3778,0.5978,0.7666,-0.3813,0.4446,-1.2201,1.8481,-0.2149,0.0939,0.0582,0.0931,-0.5023,0.5408,-1.7895,0.3592,0.1064,0.2938,0.8311,-0.151,0.63,0.148,-0.3225,-1.0057,-0.4962,-4.0693,0.1659,0.0043,-1.2292,-0.222,0.3458,-3.2768,-1.2868,-0.6314,-0.5427,-0.0716,0.1846,0.8769,-0.7724,-0.467,0.252,0.8277,1.346,0.2975,-0.2928,-0.7615,1.1728,-2.3117,-0.8032,4.497,0.6282,0.0686,-1.8613,-0.203,1.6085,-1.679,-0.2492,-4.9287,1.3101,-2.7902,-0.4688,-1.7918,1.3775,-0.2337,-0.272,-2.0713,-2.8234,-1.7342,1.043,0.0912,1.6534,0.8562,-0.651,0.3995,-0.2819,-0.5249,-0.5343,-0.9792,-3.4512,-1.0828,-0.321,0.6749,-0.342,-0.8782,-1.09,0.3955,-1.4102,0.9692,0.1857,-0.3028,0.154,1.1447,-0.801,0.0132,-0.8423,-0.1842,1.1188,-0.6318,-0.679,-0.0012,-0.2558,-5.3623,-0.519,2.0673,1.1658,0.0736,3.0475,-0.3292,1.0276,1.3527,-0.1222,-0.9295,0.9338,0.8185,-0.4889,-1.7288,-2.1945,0.521,0.4484,0.7252,1.5145,0.5022,-2.141,-0.4479,-1.6075,-0.919,-1.5274,4.6203,-0.395,1.4486,-0.4061,0.4045,1.275,-0.8735,-0.0967,1.3215,-1.7908,1.4999,1.413,0.1944,-0.0281,-0.3495,-0.3714,0.133,1.301,-0.3355,1.185,-0.185,-1.7075,-0.6402,2.4983,0.212,-1.344,-0.8613,-0.6243,0.8948,-0.7858,3.4386,-2.685,-0.9645,0.7663,-0.0478,1.1832,1.2604,1.518,1.7281,-1.6089,1.4174,-1.3222,-0.0625,-1.7902,0.551,0.5628,0.3166,-1.9079,1.8652,-0.4423,-0.0627,-1.4435,0.812,0.7098,-2.9885,-0.2889,0.1428,-1.8262,-2.3172,0.0021,-0.2536,-1.5228,1.8282,-0.5788,-1.8887,3.6118,0.1731,-0.7466,-0.9205,0.378,-1.5628,-0.4053,0.132,-2.5024,-1.4711,1.042,0.1333,1.8265,1.6192,0.5553,3.6258,-1.749,0.099,1.1356,-2.6413,0.5275,-0.769,2.701,5.4547,-0.6694,2.1274,0.2397,1.5718,-0.4098,1.6929,-2.1465,0.1907,-1.6432,0.2181,-1.5992,-0.3698,-2.165
TCGA-AA-3530-01,2.533333333,-0.4563,-1.3149,-2.9261,1.267,-0.0534,-0.9828,-0.9205,-0.28,-0.7817,0.4716,-0.4692,-0.8934,-0.7015,-0.1448,-0.7982,-0.6548,-0.361,0.5842,-0.4927,-0.3165,1.9271,-3.4535,1.0352,-0.4432,0.0775,0.9091,-0.596,0.3036,-0.238,0.622,1.2571,-0.5318,1.1834,0.9612,-0.6468,1.4155,-3.748,-4.3508,0.755,-1.0909,1.1112,-0.7972,0.487,0.6677,1.063,-0.3588,0.4392,0.001,0.7008,-0.0458,-0.2685,-0.3398,-0.3588,-0.447,-0.1695,-0.253,1.4589,-0.9267,0.809,-1.1443,-1.187,0.0221,-0.182,-0.606,0.2095,0.7163,-0.7628,-0.0931,-0.8431,0.819,-0.1106,-0.0252,-0.401,0.6256,0.0184,1.1842,1.1416,0.8311,-0.4186,-0.5578,-2.1032,1.8716,-0.0423,-0.1621,-0.3837,0.0406,-1.2899,-0.1223,-1.4812,-0.2079,-0.0785,0.5885,-0.2326,-0.2145,0.6874,0.7018,0.0352,-0.8913,-0.206,-0.81,-0.3383,0.2002,-0.8207,-0.1118,-0.1898,-1.6623,-0.5585,-0.5666,0.5972,0.0754,-1.1531,0.2099,-1.289,0.207,0.475,2.1127,1.9905,0.6388,0.2946,-1.2328,0.3925,-2.7163,-0.1935,4.1945,-0.0633,-0.0469,-1.0613,-1.5824,1.4978,-2.1728,-0.5811,-4.2223,0.8003,-1.3028,-0.2418,-2.3803,0.934,-0.4443,0.0785,-2.4675,-1.653,-0.9064,1.3412,-0.4827,1.4463,0.2622,-0.5696,-0.2752,0.6567,-0.5666,0.5771,-0.8291,-3.2031,-1.499,-0.3862,1.0245,1.6631,-0.4906,-0.6566,0.3354,-2.4493,1.2756,-0.4955,0.075,-0.7148,0.6388,-1.1167,-0.4682,-0.5801,-0.2285,0.0815,-1.0483,-0.3188,-0.1381,0.3336,-4.6655,-0.5931,1.6044,0.1728,-0.1592,2.751,-0.1958,1.2461,1.6022,-0.0662,-0.6165,-1.6252,0.3292,-0.8106,-1.2582,-2.2645,0.2868,-0.0032,0.9695,0.794,-1.3565,-0.7934,-0.8411,-1.0195,-0.5078,-1.6916,3.6318,-0.4135,2.3434,-0.1052,-0.594,0.5097,-0.6459,-0.5207,0.3842,-0.2154,0.4404,1.577,-0.0118,0.0727,0.248,0.3521,0.0095,0.916,-0.462,0.1055,-0.4099,-1.51,-0.8788,2.4828,0.153,-0.588,-0.6487,-0.5237,0.9502,-0.117,3.178,0.1522,-1.001,0.8028,-0.1972,0.0677,1.1234,1.2022,0.0297,-1.1506,0.6219,-1.4278,-0.7814,-1.2495,-0.4738,0.6865,0.9795,-1.9189,1.806,0.7193,-0.1675,-1.7368,0.21,0.6963,-1.594,-0.5756,-0.3287,-1.0455,-2.1692,-0.3981,-0.5051,-1.4867,1.5245,0.6295,0.414,3.078,0.0246,-0.572,-0.508,-0.2798,-0.4418,0.5056,-0.2,-1.3165,-1.0126,-0.3865,-0.5468,0.3442,0.5068,0.8279,3.5455,-0.9228,0.1472,1.0999,-2.2243,0.8718,0.0615,2.13,3.014,-1.0271,0.4657,0.1946,1.6115,-0.3306,0.6898,-2.3364,0.505,-1.5228,0.4942,-1.547,-0.1825,-1.0848
TCGA-AA-3531-01,1.933333333,-0.3479,-1.3615,-1.7931,1.9245,-0.3415,-2.3632,-0.9548,0.0168,-1.5244,0.433,-0.2282,-0.5948,-0.5634,-0.398,-1.1272,-0.3196,0.1952,0.5205,-0.4087,-0.328,2.3018,-2.1367,1.2947,-0.6575,-0.0166,0.6469,-0.2505,0.7551,0.1309,0.967,0.5101,-0.6408,0.6897,0.8208,-0.4582,0.386,-3.0595,-5.477,0.6986,-0.4904,0.9158,-0.5177,0.741,0.5542,0.3686,-0.306,-0.1321,0.1592,0.9742,-1.5392,-0.2992,0.2343,-0.26,-0.6895,-0.0203,-0.4929,0.0991,-0.3703,0.0452,-1.0627,-0.941,0.1716,0.3133,-0.739,0.6322,0.4937,-1.332,-0.1139,-0.2251,-0.101,0.0328,-0.7838,-0.6458,1.3921,0.0775,-0.2078,1.1629,0.916,0.0556,0.0934,-2.2016,2.161,0.5777,0.2628,-0.4968,-0.1666,-1.202,-0.1773,-1.3758,-0.3355,-0.1577,0.891,-0.6396,-0.007,-0.0785,0.9995,-0.2173,-1.2922,0.193,-0.918,-0.2724,0.1859,-0.2358,-1.4398,-0.1952,-1.5452,-1.9748,-0.261,0.3866,0.0675,-0.9597,1.2878,-0.9518,0.1368,0.5145,-0.1783,1.074,0.6503,0.3553,-1.6158,1.212,-3.171,0.561,3.8632,-0.4367,-0.0941,-2.2538,-1.408,1.2683,-1.0744,-0.1848,-4.7525,1.1698,-0.5485,0.1932,-2.6625,1.0895,0.3517,-0.7562,-1.5845,-2.2698,-2.6416,1.5348,-0.1348,1.2787,0.4722,0.3438,0.1918,0.4622,-0.185,-0.6361,-0.5431,-3.0802,-1.4152,-0.694,-0.0763,0.9906,0.1642,-0.7304,-0.1398,-1.8422,0.5336,-0.306,-0.14,-0.3373,0.6249,-1.4109,-0.5334,-0.7541,-0.5272,0.1218,-1.1483,-0.4085,0.1734,0.4638,-5.169,-0.5743,1.5072,-0.0512,-0.1098,2.9145,-0.962,0.5762,0.3398,-0.2932,-0.1103,-1.5517,0.1142,-0.1775,-0.562,-3.3089,0.369,0.0064,0.4526,1.1362,0.0597,-0.3418,-0.6008,-0.5355,-0.3165,-1.1312,0.6435,-0.0432,-0.669,0.0368,0.7682,0.818,-0.2007,-1.1474,0.7528,-1.2367,-0.3444,0.8888,-0.3443,0.1306,0.588,0.1206,-0.6118,0.194,-0.5155,-0.1532,-0.4146,-1.6113,-0.725,3.0868,0.2406,-0.5107,-0.2455,-0.3017,0.8602,-0.3626,2.6663,-0.1088,-0.806,0.2417,-0.276,0.3475,-0.2758,1.2568,0.8022,-1.5143,0.4053,-2.6906,-0.8744,-0.7928,-0.4048,0.101,0.2771,-2.2312,2.0222,0.0627,-0.2072,-2.4358,0.7328,-0.002,-0.786,0.0155,-0.1813,-0.9082,-2.7535,-0.3422,0.1037,-0.0443,1.1096,-0.8457,-3.4073,2.3222,0.1802,-0.6196,-0.068,-0.1578,-2.29,0.4849,-0.4925,-1.456,-1.7309,-0.303,-0.2082,0.8473,-0.478,1.0942,3.5332,-0.6478,0.2578,0.9851,-2.1312,-0.2575,0.8775,2.0448,2.8957,-0.7465,0.8522,0.5604,0.6835,0.1239,-0.2278,-1.5955,0.427,-1.0532,0.5012,-0.4978,-0.393,-0.8912
TCGA-AA-3549-01,2.166666667,-0.4524,-0.5999,-0.7572,0.786,-0.822,-1.495,-0.2432,-0.1348,-0.9965,-0.0194,-0.3471,-1.2172,-1.1794,-0.3438,-0.4485,-0.1094,0.4462,-1.7502,0.4755,-0.86,2.0876,-1.9042,1.3299,-0.4972,0.0777,0.6179,0.0177,-0.155,0.164,0.6387,0.7561,-1.1474,0.3885,-0.9844,-1.8978,0.3245,-3.1965,-4.7574,0.6474,-1.2354,0.9312,-0.1015,-0.3675,-0.0114,1.4312,-0.3083,0.141,0.0781,1.793,-1.129,-0.0053,0.4542,-1.062,-0.499,-0.5542,-0.424,0.3974,-0.6657,0.6452,-1.4848,-1.98,0.695,-0.9558,-1.1104,0.11,-0.1438,-1.8878,-0.3978,-0.7579,-0.1325,0.0624,-0.0527,-0.2925,0.6242,-0.1129,1.2584,1.2951,0.5661,-0.7115,0.3419,-1.9434,1.6919,0.3901,-0.3821,-0.3444,-2.0316,-1.9956,-0.6678,-3.2425,1.1532,-0.358,1.012,-0.2876,-0.2645,1.3992,0.1998,0.4017,-1.327,-0.1395,0.2645,-0.742,0.1279,-0.973,0.8078,0.355,-1.5552,-1.565,0.2001,-0.4018,-0.1449,-0.961,0.0409,-0.6762,-1.7508,1.7295,0.4663,0.3875,0.0235,-0.302,-0.9342,0.4189,-3.1445,-0.352,4.5612,0.7745,-0.0093,-0.7132,-0.6692,1.6233,-0.5346,0.0509,-3.9484,1.3546,-2.5112,-0.873,-1.8545,0.29,0.0163,-0.634,-1.0753,-1.704,-1.0532,2.1162,0.2822,1.2213,-0.3302,-0.174,0.4517,0.277,-0.3302,-0.3048,-0.5875,-2.3509,-0.7452,-0.7842,0.276,-0.1862,-0.9467,-1.6941,-0.2787,-1.0753,1.3727,-0.2158,-0.2245,-0.2067,1.2989,-0.4654,-1.0139,-0.536,-0.623,0.5578,-1.2853,0.4882,0.0089,0.2362,-4.0869,0.1743,1.5283,0.5164,0.0844,2.737,-0.6212,0.9244,0.8172,-0.0195,-0.5248,0.2148,-0.1772,-0.7829,-1.4445,-2.1715,0.342,-0.2566,0.7861,1.497,-0.2549,-1.5558,-0.9167,-0.4595,-0.3113,-1.2706,0.7083,-0.1188,-0.0159,-1.47,0.2685,0.251,-1.0335,-1.2931,0.569,-0.6674,1.4789,0.7822,0.4674,0.2856,0.4037,0.2102,1.0595,0.353,-0.183,-0.1872,-0.5971,-2.2363,-1.1142,2.1943,0.7774,-2.8308,-0.0267,-0.7097,0.2885,-0.5377,3.3118,-1.6008,-0.5715,0.5987,-0.2672,0.4905,-0.0204,0.66,0.7023,-0.2435,0.572,-1.5552,-1.4141,-1.206,-0.6749,0.8188,1.0665,-1.6854,1.8528,-0.354,0.3877,-2.7595,0.5475,0.6147,-2.4108,-0.4863,-0.1712,-1.563,-1.3775,0.231,0.0921,-0.748,1.6053,-0.0355,-1.8373,1.6612,0.0081,-0.02,-1.221,0.4602,-1.388,-0.0298,0.2895,-1.1626,-0.8796,-0.328,-0.4505,1.3912,-0.8062,1.5184,3.4192,0.0512,-0.0192,1.0704,-1.5753,-0.7648,-1.223,2.088,3.3907,-0.2544,1.1282,0.6768,0.6225,0.282,0.3022,-0.5211,0.1268,-1.055,-0.0278,-0.6788,0.3382,-1.7068
TCGA-AA-3560-01,1.633333333,-0.4367,-0.8674,-1.7409,-0.3365,-0.4502,-1.095,-1.5493,-0.2514,-2.1866,-0.8689,-0.9442,-0.7164,-0.9345,-1.2344,-0.928,-0.8809,-0.2122,-0.2722,-0.5229,-0.0932,1.0958,-1.2005,1.4293,-0.641,-0.899,0.6534,-0.2842,-0.0408,-0.8616,0.5208,0.0161,-1.0717,-0.3768,-0.2453,-0.7802,0.544,-2.6928,-3.8268,0.1975,-0.1255,1.0862,-0.226,0.9485,0.7953,0.8364,0.3145,0.0461,-0.7426,-0.6892,1.641,0.0828,-0.6361,-0.6748,-0.93,-0.7133,-0.1704,0.0874,-0.8063,0.1622,-1.8053,-1.8685,0.5154,-0.3357,-1.1532,0.7105,-0.4565,-1.818,-0.2741,0.2055,0.5245,-0.4474,-0.6995,-1.132,0.7342,-0.1351,0.4904,-0.3584,-1.4786,-0.9624,-0.4072,-1.4881,1.424,-0.4559,-0.3131,-0.6343,-0.1848,-2.0204,0.2002,-1.369,1.1338,-0.1201,-0.3512,-0.1961,0.0535,0.1992,0.276,-0.7523,-0.6692,0.3767,-0.9227,-0.2509,-0.0898,-0.4997,-0.298,-0.8122,-1.7443,-1.2603,-0.2185,-1.0069,-0.6486,-1.2046,-0.2677,-0.6909,-0.5648,0.868,0.5682,1.4315,-0.0223,0.8313,-2.4654,1.0409,-2.473,-0.0098,4.03,0.5855,-0.543,-0.4382,-1.373,0.8405,-0.5897,0.2101,-4.0284,0.7366,-1.3262,-0.7452,-1.8581,0.4345,-0.071,-0.6432,-1.3017,-1.8814,-1.8871,2.0353,-0.5865,0.9063,-0.1635,-0.6031,-0.6663,-0.3869,-0.241,-0.385,-0.9434,-2.6,-1.6898,-0.1862,0.4315,1.029,-0.0484,-1.3634,0.2076,-1.1312,1.9283,0.2763,0.011,0.3335,0.9851,-1.296,-0.9952,-0.5395,-0.604,-0.3105,-1.3933,0.305,0.4629,0.6058,-3.7985,-1.1,1.4926,0.3131,-0.4735,1.9315,-0.6846,0.1698,-0.0288,-0.938,-0.651,-0.8563,-0.422,-0.3598,-0.504,-2.8079,-0.9198,-0.4543,0.2236,0.6903,-0.4878,-0.5845,-1.6396,-1.5655,0.0045,-1.0885,1.8162,0.549,0.8801,-0.0588,0.0215,0.6798,0.634,-1.9746,0.229,-0.451,-0.8965,0.5077,0.1463,0.1365,0.358,1.034,0.3925,-0.4738,0.5038,-0.4028,-0.2661,-1.2122,-0.8301,3.0575,0.1049,-1.2747,-0.2813,-1.213,0.395,-0.8807,1.5294,-0.8678,-0.1125,0.399,0.249,0.4734,0.542,-0.007,-0.3838,-0.9131,-0.4376,-3.0173,-0.9468,-0.753,-0.4186,0.5492,1.2872,-2.3957,1.8182,-0.0992,-0.0977,-2.1918,0.4125,0.0205,-0.9808,-0.1656,-0.793,-1.4512,-1.872,0.059,-0.4728,-0.6602,1.1665,-0.1255,-1.1292,4.521,-0.0699,-0.5659,-1.049,-0.1258,-1.6092,-0.0585,0.0272,-0.8736,-1.5658,-0.8228,0.0773,-0.4227,-0.3492,0.7082,2.9498,-0.717,0.0255,0.6165,-1.8648,-0.08,-0.4675,0.8975,3.6578,-0.716,0.3512,1.0831,1.1555,0.1398,-0.2928,-1.4525,-0.2047,-0.7922,0.1258,0.0388,-0.2517,-1.525
TCGA-AA-3561-01,1.266666667,-0.4332,-1.1024,-1.5642,-0.2965,-0.2461,-1.3622,-0.5351,-1.128,-1.2298,-0.7176,-0.3962,-1.1052,0.5188,-0.5366,-0.795,-1.0247,-0.1275,-1.6775,-0.3975,-0.096,2.1341,-2.5296,1.6704,-0.4198,0.2651,1.2445,-0.471,0.0457,-0.6957,0.4436,0.9111,-1.0874,-0.1478,0.3131,-0.7359,0.3975,-2.538,-4.536,0.4541,-1.1422,0.919,-0.4443,0.5345,0.7334,0.8274,0.2703,-0.1096,-0.0179,0.2355,3.3537,0.1117,-0.1304,-0.8936,-0.615,-1.0138,-0.2566,-0.5283,-0.8318,0.2085,-1.2758,-1.6345,0.3026,-0.0117,-1.1848,0.6355,0.3395,-1.035,-0.0466,-0.8568,0.719,0.0408,-0.5763,-0.6672,0.3354,0.1494,0.6072,0.9732,0.5527,-0.9469,-0.1556,-0.64,1.5375,-0.2987,0.0971,0.0231,0.4189,-1.5908,-0.1692,-2.6952,0.4852,0.0464,-0.273,-0.1372,0.4828,0.2829,0.593,-0.4797,-0.7692,-0.4192,-2.525,-0.262,-0.33,-0.8775,0.133,-0.332,-2.5087,-1.1648,0.2169,-0.1699,0.1246,-1.0458,1.4231,-1.1039,-0.8501,1.064,0.3837,0.434,0.234,-0.0008,-1.509,1.3715,-2.3267,-0.0296,4.4895,0.3952,-0.003,-1.356,-0.8345,0.8422,-0.8819,0.41,-4.2022,0.7301,-1.3118,0.013,-1.5123,-0.0303,-0.5073,-0.048,-1.7613,-2.7982,-2.0841,0.704,-0.398,1.3518,0.3512,-0.4481,-0.0615,-0.0564,-0.3749,-0.1365,-0.6925,-2.1522,-1.0072,-0.3051,-0.2022,1.228,0.3684,-1.0082,-0.2166,-1.321,0.8346,0.2822,0.2118,0.0892,1.1652,-1.4111,-0.9348,-0.6719,-0.5252,0.014,-1.0452,0.4868,0.0264,0.6489,0.4725,-0.3365,1.237,0.2598,-0.0878,2.8025,-0.6309,0.9596,0.733,-0.4548,-0.53,-1.0628,-0.8898,-1.5319,-1.2805,-2.5731,-1.804,-0.2624,0.5597,0.675,-0.5485,-1.0594,-1.5121,-1.456,-0.6032,-0.89,1.4412,0.411,1.3482,-0.2584,-0.1032,0.4035,0.4955,-1.5551,-0.365,-0.66,1.2295,1.325,-0.0844,-0.0726,0.287,0.385,0.4742,0.1988,0.21,-0.1698,-0.7178,-1.541,-0.9548,3.0395,0.3394,-0.6182,-0.7057,-0.7968,0.4828,-0.553,4.1142,-0.3541,-1.51,0.6087,0.2605,0.0776,1.0761,0.0906,-0.1836,-1.0956,0.4321,-1.6816,-1.0349,-1.1165,-0.4428,0.124,0.1356,-2.4699,2.237,0.1392,0.2817,-1.9895,0.2668,-0.087,-2.1295,-0.3441,-0.6313,-1.7332,-1.9672,0.2301,-1.0526,-1.2952,1.3281,0.0215,-1.6938,3.9828,0.2113,-0.5201,-0.704,0.3022,-1.3835,-0.8536,-0.384,-0.8739,-1.305,-1.2185,-1.0248,0.4263,-0.634,1.1859,3.7442,-0.6528,-0.1325,1.0148,-2.033,0.2735,-0.2642,1.4435,3.6793,-0.3294,0.2173,0.4054,0.9113,-0.1594,0.0371,-1.6024,0.2172,-1.235,-0.4032,0.845,-0.4552,-1.829
TCGA-AA-3666-01,4.4,-0.5475,-0.7113,-0.9909,-0.043,-0.2144,-1.8988,-0.7861,-0.4829,-1.7642,-0.5215,-0.179,-0.4309,-1.975,-0.7638,-0.5282,-0.8173,0.0112,1.3163,-0.8573,-0.007,1.1748,-1.8982,1.639,-1.017,-0.7526,0.8669,-0.4398,-0.2066,-0.1755,0.1659,0.9079,-0.9935,-0.3078,-0.8593,-1.469,0.0603,-1.9335,-4.415,0.1565,-1.1198,1.4584,-0.2032,-0.11,0.6879,0.6508,0.6047,0.0256,-0.4925,-0.1485,-1.746,0.0463,-0.7609,-0.8189,0.3305,-0.4148,-0.214,-0.2121,-0.5517,0.2505,-1.1815,-1.6705,0.733,-0.1913,-0.9022,-0.761,-0.6173,-1.9805,-0.2373,-0.0215,0.439,-0.2743,-0.2209,-0.7045,0.4796,0.4344,0.9499,0.5066,0.3497,-0.7271,0.489,-1.9394,0.6563,0.0302,-0.2086,-0.8577,-0.5826,-1.7719,-0.6182,-2.699,1.526,-0.474,0.317,-0.3794,-0.8228,0.6992,0.4693,-0.7035,-0.5873,-0.4702,-3.5268,-0.0186,-0.3093,-0.9513,-0.0432,-0.5545,-2.0862,-1.0885,-0.1172,0.3804,0.1925,-1.5903,-1.1972,1.2697,-0.8085,1.2945,0.5808,0.9478,-0.4038,0.2451,-1.3401,-0.1522,-1.4113,0.1235,4.3565,0.7053,0.0717,-1.134,-1.7809,1.038,-1.273,-0.2001,-4.6208,0.8036,-1.3888,-0.1118,-2.0208,0.9845,-0.0667,-0.3555,-0.9842,-2.3755,-1.8598,0.786,-0.9648,1.393,0.457,-0.3011,-0.3167,0.0196,-0.8274,-0.7531,-0.4965,-2.7457,-1.064,0.1682,-0.4376,-0.1854,0.1771,-1.3078,-0.8278,-1.5045,0.4073,-0.0482,-0.2252,-0.0788,1.0118,-0.371,-1.0763,-0.557,-0.1998,0.4228,-0.3303,0.3978,0.298,0.0246,-2.6914,-0.5443,1.7766,0.0385,-0.0689,3.107,-1.2644,0.9256,0.4488,-0.563,-0.5315,-1.1952,0.484,-0.4723,-0.5932,-2.5869,-0.3955,-0.0014,0.0982,0.955,-0.7139,-1.6661,-1.5171,-1.742,-0.3628,-1.0704,2.6788,0.1175,0.8625,0.5865,0.919,0.8977,-0.2876,-2.4899,1.4918,-1.4368,1.7138,1.0532,0.0919,-0.3335,0.216,-0.3226,0.6838,0.1155,0.2208,0.4888,0.1449,-1.314,-0.9136,1.8943,0.4976,-0.3223,0.3933,-0.6622,0.2975,-0.7546,1.8502,-0.4588,-0.792,0.9263,-0.0828,0.3363,0.0534,0.4426,0.3628,-1.6682,0.6128,-0.5936,-1.0308,-0.4118,-0.6936,0.8118,1.1104,-2.2245,2.2985,-1.0737,0.3212,-1.1125,0.9482,0.3742,-2.335,-0.5403,-0.873,-1.264,-1.2035,0.1698,0.4317,-0.9358,0.2595,-0.2235,-1.563,3.6378,0.2934,-0.8468,-0.524,-0.5955,-1.521,-0.1025,-0.006,-1.1685,-1.3376,-0.3685,-0.2808,0.7128,0.0728,1.0539,3.6892,-0.379,0.1422,0.8851,-1.9102,-0.053,-0.2023,1.9648,4.2757,-0.81,0.448,0.6446,0.986,0.1152,0.6137,-1.0404,0.3495,-1.2225,0.534,-1.7442,0.473,-0.8022
TCGA-AA-3679-01,1.866666667,-0.6203,-1.318,-1.6306,0.5035,-1.127,-2.454,-0.8393,-0.6218,-2.1094,-1.0679,0.101,-0.9976,-1.8691,-0.6222,0.1578,-0.8561,0.5155,1.4443,-0.7747,-0.1725,2.3744,-2.7488,1.6317,-0.5145,0.1505,0.2605,-0.185,0.422,0.996,0.0847,1.9774,-0.1526,0.5612,-0.5566,-1.3121,0.4188,-2.8475,-4.8876,0.8544,-1.9573,1.7424,-0.5715,0.264,0.8926,0.4002,-0.5667,-0.0284,-0.7659,0.187,-0.7303,0.4002,-0.6205,-0.6659,-0.8565,-0.929,-0.3209,1.1654,-0.9915,0.7205,-0.9805,-1.1145,-0.1329,0.1537,-0.6456,0.5598,-0.1302,-1.8512,-0.1884,-0.3314,-0.033,-0.2769,-0.0284,-0.5455,-0.181,0.317,0.6764,0.1496,0.4239,-0.4209,-0.3801,-1.2179,1.5287,-0.1937,-0.1548,-0.6089,-0.1884,-1.7366,-0.5422,-2.1058,0.6849,-0.1713,0.4438,0.2025,-0.4678,-0.1504,0.3993,-0.4735,-1.084,-1.225,-0.188,-0.6069,-0.6282,-0.5813,-0.324,-0.4158,-2.4862,-1.799,0.5781,-0.0441,0.1571,-1.6708,-0.4368,0.0296,-0.7834,0.801,1.7947,1.5355,0.7567,0.0926,-1.507,0.1768,-1.8715,-0.1919,4.5852,0.4902,-0.0839,-1.9142,-1.8885,0.8924,-2.1506,0.2409,-4.784,0.6676,-0.3565,0.3998,-2.3731,1.1345,0.1352,-0.3785,-1.4403,-2.6251,-1.8662,-0.074,-0.7822,1.9706,0.2878,-0.7852,0.183,0.4799,-0.5948,-0.6456,-0.8456,-2.9996,-1.2595,-0.4604,0.3641,0.2165,-0.9338,-2.1421,-0.2389,-1.7203,0.1186,-0.2537,-0.0948,-0.5102,1.5148,-0.8603,-0.4458,-0.174,-1.1662,0.6722,-1.9052,0.0628,0.1451,0.0198,-5.1089,-0.4971,1.7707,-0.2731,0.0641,3.2595,-1.2253,0.6956,0.0818,-0.1025,-0.1903,-1.4448,-0.6198,-0.2022,-1.1008,-3.025,1.0722,0.1277,0.3207,1.1533,-0.0292,-1.046,-1.6384,-1.0045,-0.6942,-1.6708,2.482,-0.1572,0.8385,0.017,0.2537,0.2523,-0.0157,-1.2631,0.3402,-0.4208,0.4921,0.7908,-0.1196,-0.0664,-0.0438,0.4214,-0.034,0.305,-0.327,0.0772,-0.2455,-1.1197,-1.333,1.1665,0.0635,0.0093,-0.2397,-0.7583,0.624,-1.1703,2.3724,-0.9565,-0.59,1.0752,0.5377,0.18,0.5013,0.652,0.5014,-1.5216,0.4843,-2.3958,-1.4274,-0.9312,-0.2325,0.3993,0.8588,-1.5543,2.1172,-0.2317,0.7947,-1.181,0.1945,-0.0373,-2.3305,0.2446,-0.2887,-1.4592,-1.6972,0.4712,-0.7743,-0.587,0.9789,-0.6045,-2.1978,3.033,0.2513,-1.0815,-0.2355,-0.135,-1.3862,-0.0488,-0.5005,-0.547,-0.3727,0.3425,-0.4537,0.751,-0.2965,1.0923,2.8215,-0.5975,-0.1765,1.2204,-2.4112,0.1828,1.3095,1.7752,1.5805,-0.703,0.691,0.435,1.2352,0.127,0.9121,-1.7987,-0.0028,-1.2815,0.593,-1.1038,-0.5975,-1.7625
TCGA-AA-3688-01,1.766666667,-0.2532,-1.3994,-2.0596,1.474,-0.4476,-2.2325,-1.0981,-0.1759,-1.7475,0.4939,0.1558,-0.601,-0.7454,-0.7168,-0.683,-0.6065,0.9795,-0.7947,-0.5483,0.196,2.5491,-3.0119,1.7079,-0.9778,0.0063,0.7203,-0.1598,-0.1202,-0.2055,0.7029,1.3751,-0.7705,0.92,0.6288,0.0111,0.8095,-3.332,-5.0494,1.0738,-0.604,1.2166,-0.4265,-0.009,0.7193,0.4436,-0.6253,0.3797,-0.1706,0.722,-0.5073,0.1448,0.5776,-0.5461,-0.426,-0.326,-0.2901,0.2227,-0.8193,0.5387,-1.2447,-1.496,0.3925,-0.125,-0.7227,-0.27,0.4147,-1.756,-0.4493,-0.7475,0.0875,0.2981,-0.1729,-0.524,0.3059,0.1985,0.5974,0.7111,0.4769,0.1714,-0.4008,-2.3449,2.0527,0.4933,0.0469,-0.561,-0.1589,-1.3922,-0.664,-2.5832,0.616,0.1521,0.5958,0.224,-0.5035,0.4808,-0.205,-0.4413,-0.4163,-0.2195,1.526,-0.1596,-0.0002,-0.6007,-0.518,0.0645,-1.7522,-1.5507,0.1961,0.0647,0.4146,-1.5008,0.1951,-0.1532,-0.3966,0.3145,1.2968,0.979,1.1033,0.1697,-1.9349,0.4008,-2.1895,0.294,4.5608,0.5803,0.1919,-1.8823,-1.7374,1.169,-2.009,-0.1078,-4.7918,0.5107,-1.059,0.376,-2.123,0.4563,-0.5765,-0.293,-1.5675,-2.4186,-1.916,0.631,-0.8567,1.8167,0.461,-0.3738,0.3075,-0.3365,-0.269,-0.4385,-0.8266,-2.7651,-1.0945,-0.8401,0.7346,0.3021,0.2876,-0.8441,1.406,-2.3735,0.6753,-0.1345,0.306,-0.4813,1.3495,-1.823,-0.4743,-0.2961,-0.3352,0.572,-1.1537,-0.0428,0.5121,0.4764,-5.5041,-0.5174,2.2448,0.1511,-0.1239,3.2085,-0.8471,0.665,0.3468,-0.0565,-0.1721,-1.3813,0.0548,-0.1645,-1.4468,-3.3454,0.5635,-0.0546,0.4651,0.868,-0.4442,-0.9221,-0.7678,-0.8135,-0.565,-0.9618,4.1302,0.236,0.0182,0.6482,0.2298,0.7243,-0.0398,-1.6088,0.9742,-0.8012,0.2527,1.179,-0.1988,0.1264,-0.194,-0.1541,-0.0318,0.2002,-0.4515,0.074,-0.0851,-1.525,-1.055,2.2725,0.708,-0.58,-0.214,-0.3343,0.3942,-0.3995,2.0958,-0.4078,-1.413,0.966,-0.2275,0.4375,-0.2531,0.9361,0.3382,-2.0088,0.4912,-2.56,-0.7442,-1.2037,-0.0948,0.1453,0.7598,-1.5734,1.9998,0.5082,0.4238,-1.459,0.9212,0.761,-1.9662,-1.1812,-1.6405,-1.4497,-2.7222,0.1206,-0.5693,-1.031,1.2222,-0.2345,-2.3627,2.8415,0.2588,-0.9659,-0.755,-0.1295,-1.41,0.2876,0.0162,-1.6619,-1.2026,-0.2843,-0.5577,0.7685,-0.6258,1.1718,2.7678,-1.5098,0.4222,1.1065,-2.5435,-0.4582,0.3777,2.2988,4.2562,-0.4651,0.7982,0.2884,1.2963,-0.0175,0.6533,-1.9182,-0.1743,-1.4978,-0.6755,-1.8705,-0.848,-1.811
TCGA-AA-3693-01,3.733333333,-0.4307,-1.5295,-1.2481,0.5115,-0.1358,-1.5863,-0.951,-0.3115,-2.4691,-0.5825,-0.1058,-0.4061,-2.8005,-0.6672,-0.3882,-0.8738,-0.2808,-2.0367,-0.61,-0.699,2.4578,-2.4839,1.4834,-0.7322,-0.3364,0.8671,-0.2248,0.1258,0.6766,0.306,2.0611,-0.817,1.0972,0.0105,-1.0653,0.3233,-3.302,-4.6861,0.5838,-1.5768,1.5155,-0.4078,-0.3525,-1.7003,0.898,-0.2933,0.7166,-0.5898,0.6295,-1.8303,0.1947,-0.1442,-1.2952,-0.2395,-0.8973,-0.0255,0.7239,-0.5608,1.0635,-1.102,-1.2385,0.227,0.0215,-1.0246,0.314,0.0663,-1.319,0.1826,-0.2114,0.401,-0.0419,-0.5074,-0.2745,0.725,0.2702,0.0724,0.2829,0.5485,-0.4954,-0.2848,-2.3666,1.9079,0.2607,-0.1329,-0.3333,-0.0986,-1.4664,-0.7265,-2.364,-0.0136,0.2112,-0.3495,0.2661,-0.242,0.276,-0.6972,-0.5815,-1.457,-0.3865,-0.6455,-1.0287,-0.3767,-0.9275,0.349,-0.0698,-3.103,-2.256,0.1349,-0.297,-0.3038,-1.3492,-0.0305,-0.4711,-1.2474,-0.0865,0.4522,0.5765,0.3608,0.1966,-1.2735,0.6074,-1.7527,0.1464,4.6962,-0.1587,-0.3343,-2.2108,-1.3519,1.5768,-1.81,0.1224,-5.1045,1.0084,-1.167,0.167,-2.3786,1.0845,-0.3485,-0.549,-1.5812,-3.1018,-2.9686,1.2687,-0.4718,1.5034,1.2405,-0.4868,0.216,-0.3845,-0.5336,-0.6552,-1.7554,-2.5578,-1.2085,0.1475,0.2997,0.6764,-0.2202,-1.9837,-0.0329,-1.8468,0.9742,-0.08,-0.0395,-0.4755,0.9088,-1.2243,-0.6475,-0.5844,-0.0075,0.6388,-1.8565,0.36,-0.3124,0.6741,-4.5047,-0.2371,1.7526,-0.1685,0.1182,3.6255,-1.592,0.9518,0.9512,-0.32,-0.2427,-1.3258,-0.6605,-0.8451,-1.8513,-3.124,0.3452,0.1624,0.6629,1.2017,-0.6773,-1.4839,-1.1914,-1.3635,-0.678,-1.2708,1.585,-0.0908,1.4868,-0.3889,-0.2728,0.59,0.3785,-1.6914,-0.6308,-0.9818,1.3558,0.9992,-1.2421,0.0938,0.0323,-0.439,-0.3235,0.4188,-0.6792,0.3332,0.0764,-1.3848,-0.9824,2.6985,0.2386,-1.5165,-0.3085,-0.803,0.8038,-1.0471,2.7683,-1.5523,-1.2685,1.4092,-0.1412,1.2058,0.8591,1.5466,0.7977,-1.891,0.7156,-2.5608,-1.328,-1.1238,-0.3056,0.518,0.0281,-2.7754,2.5488,0.3308,0.2413,-1.831,1.3382,1.3313,-2.0755,-0.3875,-0.3453,-1.9148,-2.918,0.4058,-0.8328,-1.3865,1.2639,-0.5847,-2.6762,2.759,0.4098,-0.5981,-0.2285,0.149,-2.4952,-0.3907,-0.5742,-2.2607,-1.0555,-0.1488,0.0112,1.2882,-0.0262,1.2174,3.6132,-0.9462,0.9338,1.571,-1.9688,1.5562,1.2595,1.9258,5.9808,-0.454,1.2603,0.4569,1.7193,0.0309,0.8676,-2.2141,0.1195,-1.8828,0.6505,-0.9325,-0.3655,-2.0238
TCGA-AA-3814-01,2.666666667,-0.8286,-1.0609,-1.1631,1.135,-0.4815,-1.054,-0.9252,-0.3426,-1.944,0.2371,-0.3292,-0.896,-1.2008,-0.7722,-1.0072,-0.8722,0.2462,-0.8148,-0.4975,-0.8375,2.5333,-1.2864,1.9837,-0.9345,0.1254,1.1846,0.032,0.0392,-0.13,0.4729,1.4582,-0.7383,0.6587,0.2623,-1.3989,1.0053,-3.0872,-4.5384,0.733,-1.2878,1.5569,-0.6207,0.2465,0.3566,0.6738,-0.2848,0.6392,-0.4611,0.6625,-0.5437,0.3923,0.0938,-0.7369,-0.421,-0.6363,-0.4415,0.44,-0.636,0.4505,-1.7543,-1.636,0.4679,-0.2675,-1.0845,0.113,-0.2762,-1.5825,-0.4856,-0.1516,0.3555,-0.1346,-0.0553,-0.807,0.2793,0.4399,2.0182,0.8432,0.4069,-0.1769,0.039,-2.1798,1.9134,-0.0984,-0.0942,-0.2213,0.0639,-1.5,-0.709,-0.6922,0.8098,0.2875,0.9332,0.347,-0.8235,1.6598,-1.1418,-0.6282,-0.9745,-0.7245,-1.1357,-0.4734,-0.8182,-0.8092,0.003,0.2218,-2.4355,-0.3485,0.0048,-0.2432,-0.0151,-1.3938,0.6725,-0.6164,-0.3556,1.2325,1.4912,1.4722,0.5997,0.0663,-1.5325,0.9029,-2.1377,-0.1792,4.9158,1.1355,-0.0743,-0.0895,-0.7588,1.3651,-1.7773,0.4161,-3.7947,1.7057,-1.2723,-0.0955,-1.4076,0.5535,-0.6093,-0.6078,-1.5153,-1.9545,-1.9208,1.8215,0,1.6478,0.4308,-0.422,0.2877,-0.4058,-0.7676,-0.1744,-1.314,-1.5343,-1.2952,-0.6236,0.8811,-0.2915,-0.7331,-1.6624,-0.0636,-1.9577,0.8574,0.0367,-0.2245,0.247,1.9628,-0.6445,-0.4155,-0.7107,-0.8162,0.8875,-1.739,-0.1275,-0.1059,0.0997,-4.6649,-0.5905,1.7087,0.5592,-0.0568,2.8515,-0.961,0.7252,0.6745,-0.459,-0.3694,-1.1663,0.108,-0.6845,-1.9608,-2.303,0.3665,-0.3797,1.243,0.977,0.3838,-1.4938,-1.4518,-0.59,-0.7315,-1.1242,2.312,0.3208,1.1972,-0.442,0.1205,0.1877,0.4122,-1.2334,0.103,-0.3182,1.0326,0.8287,0.4154,-0.0892,0.381,0.3754,0.7175,0.0685,0.364,-0.629,-0.1191,-1.6522,-0.941,2.1497,0.3662,-1.2372,-0.213,-0.643,0.6815,-1.2573,3.0682,-1.1717,-1.5505,1.1518,-0.0217,0.8037,0.9591,1.341,0.004,-0.7204,0.1565,-2.0808,-1.1686,-1.61,-0.4111,0.1478,0.8665,-1.0463,1.7478,-0.4093,0.7978,-2.2092,0.2245,0.502,-2.336,-0.1061,-0.3233,-1.7908,-0.598,0.548,-0.1161,-1.2728,1.7903,-0.225,-1.21,4.0922,0.2797,-0.8772,-0.937,0.0365,-0.2523,-0.4793,-0.442,-1.7798,-0.7408,-0.1222,-0.3475,0.7065,0.2075,1.4157,3.4242,-0.9498,-0.3862,1.2012,-2.0193,2.406,0.2542,1.5158,3.5882,0.7782,1.3622,0.1131,1.5883,0.0812,0.9609,-1.7927,0.1222,-1.1485,-0.01,-1.066,-0.3098,-2.1077
TCGA-AA-3819-01,4.6,-0.6411,-1.4508,-1.7691,0.745,0.4994,-2.6562,-1.0023,-0.5026,-1.8655,-0.4853,-0.4628,-1.234,-1.6439,0.1736,-0.6115,-0.6632,-0.0682,-2.446,-0.7154,-0.1808,2.5554,-2.0064,1.158,-0.5192,-0.3442,0.6386,-0.4028,0.4545,-0.0786,0.5416,1.5396,-0.5583,0.8021,0.7409,-0.2555,1.0198,-3.7015,-4.6885,0.7029,-1.5942,1.3055,-0.2343,0.4205,0.7772,0.7655,-0.6517,0.4108,-0.1894,1.087,-0.7877,0.3357,-0.1498,-0.5236,-0.7855,-0.8322,-0.2574,0.3878,-0.6918,0.5238,-1.3755,-1.46,-0.1599,0.1168,-0.7943,0.8865,-0.119,-1.1045,-0.1218,-0.4764,0.3985,-0.2034,0.0694,-0.0972,1.2797,-0.0284,0.4089,0.7521,0.9193,-0.4431,-0.8009,-2.1698,1.9222,0.0157,-0.1168,-0.3995,0.0618,-1.4146,-0.6697,-1.8048,0.2834,-0.2794,-0.5515,-0.0892,0.0135,-0.1693,-0.4817,0.043,-0.381,-0.3482,-3.5288,-0.5671,0.7988,-0.651,-0.0882,-0.247,-1.9383,-1.8628,-0.1246,-0.0315,-0.2135,-0.9944,0.1924,-0.7915,-0.1064,0.2725,0.8618,1.2923,0.6195,0.3705,-1.5223,0.434,-2.2933,-0.0106,4.255,0.1365,-0.3012,-1.5465,-1.3925,1.1137,-1.6669,0.2444,-5.0826,0.8738,-1.1825,-0.1972,-2.4013,0.828,-1.032,-0.2058,-1.7533,-2.548,-1.9432,0.8227,-0.3022,1.9443,-0.165,-0.4642,-0.2382,-0.0309,-0.4856,0.2537,-0.9561,-3.2275,-1.5658,-0.3738,0.5656,0.969,-0.1091,-0.9715,0.0395,-2.066,1.1188,-0.1043,0.0185,-0.3418,1.0063,-1.4295,-0.6709,-0.6677,-0.4135,0.1482,-1.7022,-0.0078,0.201,0.6752,-5.5558,-0.5073,2.1365,0.1671,-0.3388,2.647,-0.9791,1.6644,0.0018,-0.4648,-0.281,-1.627,-0.532,-0.4079,-1.7445,-2.5546,-0.2835,-0.2192,0.7428,0.8568,0.3108,-0.4761,-1.2576,-0.712,-0.5472,-1.4301,2.7473,0.2165,2.0505,0.0944,-0.156,0.73,0.006,-1.1866,0.0448,-0.7474,-0.2791,2.0337,-0.1579,0.0614,-0.125,0.3224,-0.295,0.2315,-0.611,0.841,-0.2066,-1.4095,-0.959,2.5738,0.1008,-0.299,-0.7658,-0.8692,0.1693,-0.4968,2.6304,0.0933,-1.6945,0.5707,-0.064,0.4997,1.5133,1.1232,-0.0988,-1.504,0.2172,-2.6392,-0.7541,-1.1098,-0.4402,0.8877,0.5439,-2.5005,2.7345,0.2842,0.005,-1.6042,0.5698,0.1253,-1.5982,-0.4499,-0.048,-1.232,-2.0388,0.3511,-0.9253,-0.993,1.2247,-0.3983,-2.5915,2.7815,0.2751,-0.9201,-0.652,-0.0775,-1.5508,0.288,-0.349,-1.9356,-1.267,-0.4265,0.234,0.002,-0.1842,0.9602,4.0298,-1.8395,0.3093,1.303,-2.6222,1.0622,0.3735,2.1197,3.0195,-0.5709,0.3504,0.4037,1.2308,-0.0474,0.359,-1.8272,0.1002,-1.6015,0.0546,-0.187,0.1,-1.4795
TCGA-AA-3846-01,2.4,-0.3689,-1.3966,-1.9814,0.059,-0.0429,-2.3538,-0.751,-0.3561,-1.2652,-0.0093,-0.0894,-1.2982,-1.5225,-0.2657,-0.463,-0.2786,0.5397,-2.0778,-0.3078,-0.414,2.4971,-1.7018,1.1327,-0.8155,0.3333,1.3421,-0.342,0.0802,0.1999,0.7636,1.2386,-1.2099,0.7047,0.1794,-2.5678,1.1707,-3.3322,-4.4138,0.4928,-1.2086,1.0129,-0.4548,0.3435,0.5167,1.018,0.0893,0.0955,-0.2204,0.7952,0.0953,-0.0228,-0.3178,-0.9246,-0.102,-0.9552,-0.0681,0.5985,-0.9217,0.448,-1.1542,-1.798,-0.0589,0.3977,-1.2042,0.24,0.1213,-1.5078,-0.1906,-0.129,-0.543,0.0278,-0.4962,-0.2345,0.1141,-0.0756,1.8539,0.7511,0.6356,-0.302,0.3876,-2.5474,2.1571,0.0638,-0.1605,-0.075,0.2774,-1.6246,-0.5637,-2.7372,0.9984,0.5426,0.1762,-0.5848,-0.6092,1.6375,-1.8687,-0.7412,-0.6382,-0.402,-0.9022,-0.7242,-0.1383,-0.7703,0.686,0.0542,-1.914,-1.3828,-0.2379,-0.2884,0.5239,-0.5082,-0.3236,-0.9696,-0.9436,1.6335,1.7458,1.462,0.7675,-0.2386,-1.8623,1.1822,-2.8067,0.1582,4.2702,0.314,0.1043,-0.4128,-1.3595,0.9841,-1.3747,-0.3566,-4.1988,1.2003,-0.7188,0.123,-2.2145,0.1857,0.2855,0.082,-1.587,-1.9718,-1.8262,1.8418,-0.4565,1.7372,-0.1178,-0.2394,-0.4908,0.5695,-0.5541,-0.7372,-0.7278,-2.6487,-1.1652,-0.1958,1.2736,1.643,-1.8164,-1.3128,0.5668,-2.7433,0.5774,-0.5592,0.5178,0.0427,0.9242,-0.8845,-0.4062,-0.3421,-0.6972,0.601,-1.6832,0.348,-0.1929,0.4457,-4.4448,-0.2132,1.2508,0.448,-0.1286,3.38,-0.5572,0.7099,1.0328,-0.455,-0.5605,-1.2867,-0.4305,-0.8495,-1.8187,-2.571,0.2912,-0.467,0.5227,1.186,0.0791,-0.3848,-1.5889,-1.1325,-0.3265,-1.2587,1.3412,-0.4768,1.6901,-0.462,0.3412,0.1403,0.0794,-1.2452,-0.1078,-0.0754,0.8648,0.7893,1.1009,0.2979,-0.0002,0.5314,0.509,0.3792,-0.2268,0.0288,-0.4284,-1.6727,-1.0739,1.4318,-0.087,-0.9328,-0.1047,-0.8343,0.7792,0.0099,3.1681,-0.5829,-1.42,0.6382,-0.2935,0.3411,0.6244,0.5618,0.4605,0.1216,-0.1361,-2.9576,-1.084,-1.0258,-0.1046,0.3932,1.2276,-1.9426,1.7902,0.5415,-0.0955,-1.9125,0.5458,0.6197,-1.556,-0.3574,0.043,-1.5263,-0.8385,0.4221,-0.0015,-1.1005,2.2247,-0.6565,-1.7578,4.0138,0.0138,-0.1672,-0.6805,-0.2875,-0.825,0.5033,-0.373,-1.3275,-1.4895,-0.0117,-0.6777,0.588,-1.0223,1.3975,3.4935,-0.2525,-0.747,1.15,-2.2615,1.0578,0.2478,1.4905,4.4913,-1.5633,0.7826,0.2179,1.7842,-0.0001,0.687,-1.8555,0.551,-1.4615,0.0878,-1.501,0.1745,-3.062
TCGA-AA-3848-01,3.533333333,0.1936,-0.754,-1.2934,1.1525,-2.2194,-2.6025,-0.7836,-0.2946,-1.5488,0.2541,0.3534,-0.8262,-1.2638,-0.1002,-1.015,-0.05,1.047,-2.3443,0.0315,-0.3435,2.5508,-3.1967,1.2397,-0.816,0.3148,1.3491,-0.0625,-0.1262,-0.2632,0.3149,1.2354,-0.0875,0.7691,-0.5541,-0.4213,0.7422,-3.7728,-5.0286,0.8936,-0.9572,1.214,-0.6143,-0.21,1.0082,0.4502,-0.3005,0.114,0.1749,1.099,-1.5287,0.2903,0.1242,-0.3644,-0.068,-0.4215,-0.2252,0.369,-0.5972,0.286,-1.3292,-1.064,0.2209,-0.0633,-1.1191,-0.248,1.1958,-1.92,-0.0804,-1.3164,0.188,0.4424,-0.5142,-0.4642,1.2597,0.0828,0.5009,0.8889,0.3235,-0.0635,-0.5076,0.6522,2.5835,0.6714,-0.0775,-0.7411,-0.2374,-0.524,-0.6855,-3.0795,-0.0036,0.2512,0.811,0.0351,-0.617,0.3374,-2.32,-0.2255,-0.0438,-0.1182,1.488,-0.1278,0.1191,-0.5287,-0.675,0.6768,-1.025,-2.0892,-0.2,-0.1711,0.219,-1.0978,1.4661,-0.8919,0.2649,0.421,0.5013,0.656,0.979,0.261,-1.5687,1.0974,-2.171,0.2428,4.183,0.006,0.3607,-1.2223,-1.7651,0.8842,-2.2964,0.2046,-4.9566,1.2563,-0.1935,0.3075,-2.4545,0.685,-0.9627,-0.229,-2.3028,-2.9722,-2.3152,1.047,0.1132,2.0422,0.4738,0.3139,0.0125,-0.704,-0.4816,-0.5546,-0.1695,-3.1801,-1.2542,-0.3289,1.2048,1.2755,-0.0926,-0.6831,0.291,-2.1048,3.7068,-0.0612,0.086,-0.4502,1.1492,-1.3362,-0.8134,-0.3901,-0.445,0.1425,-1.1487,-0.0675,0.365,0.739,-5.3229,-0.2171,1.4377,0.0596,-0.211,2.957,0.4945,0.7264,-0.0828,0.0842,-0.0683,-1.7055,0.2475,-0.6367,-0.8598,-3.5946,-0.5448,0.0189,0.5214,0.6683,-0.6972,0.1368,-1.5651,-0.296,0.2668,-1.2137,1.556,-0.1355,-0.2165,0.0984,0.562,0.6765,-0.4889,-1.0636,0.305,0.0884,-0.6602,1.7492,0.2495,0.293,0.0538,0.3971,0.2172,-0.3835,-0.701,0.0822,-0.1926,-1.0153,-0.5415,2.6587,-0.2614,-0.4792,0.162,0.0495,-0.337,-0.7656,2.4712,-1.3022,-1.0385,0.9658,0.1575,0.3828,-0.6709,-0.1345,-0.9728,-0.5448,0.2438,-3.1216,-0.5629,-0.3872,-0.1774,0.2623,0.5656,-2.4949,2.6725,0.8727,0.1587,-1.0945,0.4222,0.3213,-1.1982,-0.0408,0.5487,-0.9335,-2.4538,0.1816,0.2404,-0.3703,1.1116,-0.541,-2.7792,2.1152,0.4019,-0.5361,-0.705,-0.3258,-1.7612,0.3998,-0.3555,-1.5463,-1.8678,-0.0663,-0.8302,0.2832,0.115,1.3855,3.1632,-1.391,0.2888,0.9071,-2.7492,-1.2815,0.1385,2.5055,4.7587,-1.3866,0.7007,0.179,1.4678,0.0405,0.8362,-2.3236,-0.2357,-0.4775,0.2711,-1.8628,-0.765,-3.3278
TCGA-AA-3855-01,3.7,-0.5298,-0.6751,-2.2985,0.569,-0.1438,-2.5178,-0.5248,-0.1713,-1.4999,-0.4949,-0.4939,-1.0131,-0.3694,-0.1655,-0.6955,-0.4845,0.3115,-1.9342,-0.845,-0.2922,2.0468,-1.9086,1.6533,-0.067,0.0618,0.0346,-0.5278,0.4578,1.4287,0.5527,1.2101,-0.3641,0.6199,0.4335,-0.3415,0.5752,-3.1375,-4.351,0.8138,-0.8,1.632,-0.6713,0.2395,0.7122,1.0269,0.2063,-0.1726,-0.2758,-0.2705,0.0557,-0.0985,-0.1132,-0.7106,0.197,-0.9463,-0.1874,0.1241,-0.8452,0.555,-1.471,-1.4505,-0.206,0.065,-1.032,1.001,0.0988,-1.9358,0.0283,-0.6302,1.112,-0.1233,0.5153,-0.8828,0.5503,0.2701,1.6213,0.7052,0.9065,-0.0249,-0.8328,-1.8628,1.5603,0.214,0.091,0.1323,0.5461,-1.4361,-0.5662,-1.2988,0.3905,-0.1195,-0.5482,0.1555,-0.1325,1.0591,0.1845,-0.42,-0.5767,0.018,-1.2787,-0.3656,-0.5428,-0.5212,-0.1068,0.163,-1.3742,-1.0987,0.0446,0.2284,-0.2438,-0.4321,0.5931,-0.6337,-0.8671,0.9895,2.3493,1.6015,0.3153,0.7363,-1.5188,0.9414,-2.3568,0.08,4.3552,0.6127,-0.0011,-1.4438,-0.9462,1.3162,-1.6175,-0.1698,-4.1807,1.0278,-0.9095,0.2458,-1.9455,0.528,-0.3048,-0.3852,-1.2865,-1.6049,-0.8132,1.657,-0.1677,1.5438,0.3352,-0.5979,-0.2845,-0.1498,-0.7636,0.1277,0.0902,-2.6054,-0.9942,-0.162,0.1062,-0.1624,0.1831,-1.0589,0.2414,-2.367,0.8318,-0.128,-0.111,-0.0657,1.1498,-1.1165,-0.5203,-0.551,-0.746,0.423,-1.3942,0.154,-0.2595,0.2418,-1.2532,-0.1195,2.0149,0.0321,-0.0538,2.9515,0.0398,1.022,1.512,-0.7352,-0.0394,-1.3455,-0.686,-0.5747,-1.3082,-2.2049,0.5602,-0.2097,0.4128,0.9968,0.0347,-1.0841,-1.1954,-1.359,-0.843,-1.5344,2.6355,0.1118,2.1241,-0.5379,0.3535,0.5007,0.9672,-1.4509,0.0338,-0.1096,0.6819,1.1758,0.0458,-0.3558,0.0813,0.1504,0.7847,0.6778,0.4198,0.0162,-0.0964,-0.9517,-0.714,2.0757,0.13,-0.273,-0.1057,-0.6705,0.2175,-0.6102,1.9522,-0.6118,-1.2225,0.6323,0.1662,0.1129,1.4534,0.8139,0.1123,-0.7982,1.2375,-2.6784,-1.2175,-0.701,-0.5392,0.2583,0.9578,-1.4767,1.9755,-0.0283,1.2217,-1.961,0.2648,0.149,-1.9555,-0.5702,-0.2372,-1.5435,-1.1732,0.366,-0.5342,-0.8607,2.3018,-0.267,-1.8868,3.4578,-0.0964,-0.8035,-0.8455,-0.3592,-0.4383,-0.4961,-0.2042,-1.4755,-1.1613,-0.323,-0.3587,0.334,-0.8535,1.3882,4.0542,-0.3452,0.4568,0.7469,-2.2053,3.458,0.9002,2.41,2.478,-1.1402,0.5781,0.7373,1.259,0.1637,0.4105,-1.4949,0.1332,-0.8842,0.2961,-0.7412,-0.68,-2.3115
TCGA-AA-3860-01,1.133333333,-0.3859,-1.2116,-2.272,0.7505,-0.1954,-2.4533,-0.9168,-0.1285,-2.2146,-0.2952,-1.2484,-1.7845,-0.205,-0.6885,-0.6188,-0.2184,-0.1092,0.0782,-0.8485,-0.3083,2.3313,-2.0396,1.4504,-0.4722,-0.747,0.364,-0.3118,0.5208,0.4656,-0.0481,1.3584,-0.4893,-0.1378,-0.9902,-3.0058,1.0033,-3.2112,-4.5004,0.7264,-0.4242,1.6424,-1.1063,0.7585,0.5221,0.5412,0.1568,0.3174,-0.1604,0.678,-0.0133,0.3263,-0.0235,-0.2219,-1.178,-0.6413,-0.5782,0.1646,-0.9687,0.3042,-0.8312,-0.9305,-0.3611,0.2517,-1.3438,1.208,-0.3347,-1.1878,0.068,-0.8279,0.09,-0.4506,0.082,-0.2965,0.2008,0.3519,2.4926,0.4148,0.4964,-0.316,-0.1957,-2.1215,1.5742,-0.7648,0.1366,0.0048,0.6936,-1.548,-0.8113,-1.8012,0.7696,0.0476,0.1388,-0.1526,-0.575,1.5856,-1.1825,-0.5373,-0.2902,-0.994,-0.4908,-0.6785,0.1986,-0.0365,0.1658,0.2232,-1.2402,-0.9065,1.0309,-0.054,0.4976,-0.8438,0.8149,-0.3454,-0.6852,1.747,2.5117,2.0128,0.4932,0.3317,-1.6459,0.9328,-1.9112,-0.0954,4.759,0.7225,-0.0833,0.2607,-0.6161,1.2065,-1.5612,0.2335,-4.1348,1.232,-2.0402,0.136,-1.8093,0.3728,-0.5372,-0.0568,-1.5057,-1.8685,-1.1599,1.1945,-0.1858,2.128,0.2527,-0.9695,0.2518,0.4902,-1.0299,-0.5262,-1.219,-2.11,-0.7675,-0.7722,0.6584,1.4824,-0.6946,-1.9566,0.5338,-1.9255,0.3707,0.2228,-0.5715,0.2807,1.8752,-0.881,-0.3259,-0.0439,-1.1042,0.5502,-1.459,0.695,0.1658,0.1531,-5.1186,-0.0602,2.1557,0.4386,0.1144,2.5025,-0.2316,0.5873,0.3925,-1.289,-0.0952,-1.1323,-0.5462,-0.2381,-0.3773,-1.5955,0.068,-1.0449,1.3722,1.9218,0.0693,-1.4916,-1.514,-1.1565,-0.9235,-1.0824,1.506,0.1858,1.16,0.0461,0.9298,1.0533,0.199,-0.9705,-0.1452,-0.1836,0.2915,1.3912,0.725,0.0395,-0.3598,0.6978,0.8892,1.396,0.599,0.649,-0.2739,-1.5443,-0.88,2.7397,0.1859,0.4052,-0.3658,-0.8187,0.3502,-0.2546,2.7778,-1.4525,-1.584,0.8743,0.3872,0.5264,1.0776,1.6869,-0.0706,-0.5359,0.5518,-2.6868,-1.3574,-0.5692,0.1988,-0.1523,0.675,-1.4343,1.9402,0.155,0.976,-1.3622,0.1128,-0.0015,-1.72,-0.2148,-0.2223,-1.7525,-0.9852,0.4628,0.0467,-0.676,1.7783,0.2397,-1.3515,3.7325,0.3624,-0.921,-0.633,-0.1502,-0.3043,0.3546,0.1545,-1.3279,-0.7202,-0.1317,-0.8637,-0.0683,-0.2522,0.4982,3.6415,-0.0648,-0.105,1.6752,-2.3595,-0.7255,0.5192,2.2538,4.5248,-0.4404,1.4408,0.408,1.6673,-0.091,0.2144,-0.4791,-0.3693,-0.6392,0.0561,-0.9635,0.4592,-2.355
TCGA-AA-3866-01,3.133333333,-0.0358,-0.368,-1.9922,0.2945,-0.8144,-1.8845,-1.0266,-0.3079,-1.4777,-0.2902,0.3014,-0.725,0.1828,-0.829,-0.0177,-0.1436,0.8178,-0.6542,0.082,0.6305,2.5852,-3.1337,0.9403,-0.943,0.2997,1.9936,0.0698,1.17,0.5394,0.4718,0.9309,-1.0321,0.2444,0.1113,0.0346,2.1742,-2.865,-4.2135,0.7279,-0.8593,1.0696,-0.306,0.523,0.8689,0.6808,0.919,0.2806,-0.5071,-0.1048,1.2795,0.0015,-0.0164,-0.3761,-0.307,-0.5652,-0.5566,0.9199,-0.5152,0.6577,-0.8838,-0.8875,0.5488,0.1195,-0.7602,0.4788,0.4033,-1.3898,-0.0367,-0.4525,0.753,0.2776,-0.5054,0.311,1.0846,0.2525,1.3872,0.2154,0.6909,-0.2822,0.1474,-1.5584,1.5188,-0.2767,0.1932,-0.0615,0.3036,-1.6004,-0.52,-2.224,1.0396,0.5426,0.2168,0.0082,0.062,1.1349,-1.8818,-0.7058,0.173,0.6015,-0.432,-0.4647,0.2038,-0.208,0.2552,-0.1835,-1.1257,0.2165,0.186,0.0981,1.2346,-0.9525,0.8442,-0.4139,-0.3231,3.159,2.0283,2.4075,1.1338,0.1924,-2.0306,0.5142,-1.8103,-0.4999,4.4785,1.5708,0.4203,0.072,-0.1452,0.6045,-2.2415,0.5936,-3.7148,1.4446,-1.3415,0.2165,-1.8037,1.4803,-0.4965,0.2002,-1.1518,-0.9339,-1.142,0.5765,-0.6532,2.3247,0.3592,-0.5155,-0.2317,-0.3971,-0.0065,-0.8112,0.0068,-1.9178,-1.0308,-0.7299,0.5429,0.4554,-1.4599,-1.3818,-0.0132,-1.818,2.3943,0.2222,0.6025,2.0977,1.7968,-1.0553,-0.1053,0.0947,-0.6328,0.478,-0.6545,0.2265,0.5584,0.945,-4.7518,-0.5509,1.6085,0.9401,-0.1933,3.2975,-0.3561,1.4601,0.4232,-0.697,-0.2188,-1.2115,-0.2655,-0.3415,-0.8817,-2.0302,-0.304,-0.3963,0.6058,0.5932,-0.5342,-0.001,-1.5592,-1.896,-0.0905,-1.7226,1.2915,0.0118,1.186,0.3496,1.285,1.2162,-0.5204,-1.3661,1.0725,-0.0429,0.2795,1.2145,0.7126,0.0748,0.1718,0.852,1.1532,0.8078,0.819,0.7133,0.1141,-1.5863,-1.3964,3.511,0.4986,-0.0933,0.1166,-2.4532,1.012,-1.0263,3.4294,-2.2308,-1.84,1.0127,0.02,0.4227,-0.2144,0.2422,0.2778,-0.9269,0.3038,-2.4006,-0.7048,-1.1165,0.0775,0.1777,0.7651,-0.933,1.7755,0.3682,0.96,-1.1278,1.3588,0.816,-1.4792,-0.1053,-0.9677,-1.6792,-1.0128,1.1066,-0.3918,-0.2203,0.8705,0.2847,-1.327,4.8988,0.6047,-0.5615,-0.589,-0.0398,0.3332,0.4719,-0.0752,-1.1841,-0.4351,-0.1502,-0.0817,0.6222,0.4828,1.709,3.182,-0.7795,-0.1482,1.7624,-2.4922,2.6245,1.116,2.1077,3.858,-1.0671,1.5281,0.6367,1.2635,-0.2006,0.5849,-1.57,0.2558,-0.197,0.5316,-1.867,0.005,-1.5408
TCGA-AA-3955-01,3.366666667,-1.0776,-0.8074,-2.6646,0.454,-0.0712,-2.3702,-0.9152,-0.1549,-1.7923,0.0666,-0.3548,-1.0987,-1.9718,-0.7724,-0.719,-0.6448,0.8368,-2.3182,-0.8477,0.2228,2.2127,-2.4054,1.4405,-1.308,0.2187,1.3333,0.3312,0.0548,0.3434,0.9158,0.6749,-0.5469,0.2874,-0.1975,-1.4424,0.4875,-3.049,-4.5795,0.291,-0.5995,1.0778,-0.1393,-0.1695,0.7877,0.5575,-0.6348,0.4048,-0.8016,0.0867,0.3992,-0.6357,0.2475,-0.7684,-0.5745,-0.9283,-0.1982,-0.3625,-0.5127,0.4412,-1.0828,-1.829,0.1335,0.2237,-1.1595,0.2218,-0.612,-2.1277,0.3869,0.6581,0.136,0.4445,0.6148,-0.7222,0.501,0.239,0.8969,0.5078,0.3184,-0.5276,0.0332,-2.043,1.0502,0.5329,0.2279,-0.4224,0.04,-1.6106,0.1512,-2.349,0.3259,0.2975,0.4828,-0.2722,0.1132,0.1656,-1.909,-1.361,-1.2907,-0.124,-2.7708,-0.8764,-0.2726,-0.695,-0.5272,-0.1693,-1.9625,-1.766,0.3474,-0.7348,-0.1478,-1.2742,0.6414,-0.3579,-0.3455,0.5895,1.0328,1.1575,1.0862,0.416,-1.5994,1.1665,-2.5583,0.405,4.179,0.0808,0.2005,-2.2018,-2.2681,1.1556,-1.5536,0.1285,-5.2204,0.9425,-0.811,-0.5768,-2.2002,0.3203,-0.1918,0.2345,-1.3383,-2.6472,-2.2811,0.3372,-0.5548,0.9845,0.5115,-0.0534,0.1683,-0.1745,-0.3912,-0.5094,-0.5377,-3.0288,-1.069,-0.7445,0.4068,0.8551,-0.3679,-1.2799,-0.1217,-1.8388,0.3368,-0.5978,0.4965,-0.5102,0.8575,-0.7612,-1.0809,-0.2887,-0.5268,0.2798,-1.6178,0.2608,0.2539,0.6239,-4.1284,-0.6802,2.065,-0.0452,-0.4022,1.9985,-2.0215,1.1036,0.199,-0.2835,-0.5841,-1.4865,0.0795,0.2205,-0.5735,-3.3001,-0.2362,-0.2183,0.538,1.1252,-0.863,0.0311,-2.203,-1.02,-0.0908,-1.5572,-0.0332,0.4315,0.3056,-0.2035,1.1685,0.518,0.937,-1.7036,-0.1908,-1.3918,0.2621,0.3335,-0.0409,0.3898,0.5718,0.508,0.3888,0.355,-1.1382,0.4085,0.1506,-1.9237,-1.0715,2.2645,0.606,-0.329,-0.0612,-0.8522,-0.0542,-0.9868,2.3528,-1.4624,-1.084,1.1585,-0.2765,0.4977,0.6822,0.0169,0.4768,-1.0702,0.4819,-2.3133,-0.8152,-1.6308,-1.0009,0.6662,0.949,-2.4867,1.7645,0.1823,0.4757,-1.7692,0.926,0.3435,-1.391,-0.1338,-0.603,-1.1393,-1.9592,0.5752,-0.7862,-1.3162,0.5133,-0.2892,-1.794,2.5238,0.3807,-0.3002,-0.592,-0.4792,-1.9075,-0.0588,-0.4513,-0.2288,-1.2171,-0.4517,-0.096,0.6302,-0.4598,1.5124,2.688,-0.511,-0.3975,0.9365,-2.3047,-0.3272,-0.121,0.9712,4.4857,-0.3302,1.449,0.6287,1.0348,-0.1218,0.3404,-1.1437,0.2785,-0.4992,-0.206,0.1555,-0.4208,-2.054
TCGA-AA-3972-01,2.8,-0.9067,-1.1475,-2.2745,0.038,-0.0098,-2.806,-0.7311,-0.3412,-0.9157,-0.5268,-0.6809,-0.8742,-2.8682,-0.7528,-1.1218,-0.6341,0.941,-1.534,-0.7153,-0.2782,1.8778,-3.1528,0.7561,-0.4728,-0.5817,1.0445,-0.481,-0.1582,-0.2898,-0.4303,0.957,-0.6974,0.2473,-0.4332,-1.3238,0.0005,-4.238,-4.517,0.0213,-0.5434,0.8844,-0.1862,-0.1035,-0.106,1.1498,-0.2572,0.1537,-0.3455,0.089,-1.3333,0.0765,-0.5177,-0.92,-0.3315,-0.683,-0.4929,1.2746,-1.071,0.498,-1.6003,-1.797,0.2074,-0.3987,-1.3636,0.7832,-0.5507,-1.3508,0.0353,-0.1584,0.4685,-0.0797,0.0201,-0.5405,0.2571,0.1586,0.72,1.0755,0.4024,-0.6426,0.7134,-3.0224,1.4734,0.1321,-0.1246,-0.1609,-0.1429,-1.426,-0.7342,-2.802,-0.076,0.0344,-0.2168,-0.3671,-0.6515,0.2354,-1.333,-0.5537,-0.3728,-0.1112,-3.474,0.0742,0.3447,-1.0672,0.1055,-0.2852,-2.5182,-2.0955,-0.2749,0.5096,0.3024,-0.9098,-1.6469,-0.6819,-0.6895,0.555,0.8233,0.2,0.8535,-0.1513,-1.6115,0.1429,-1.8343,-0.7956,3.655,0.2472,-0.1742,-1.4987,-1.2899,1.0403,-1.9439,0.0884,-4.8962,0.6134,-1.67,-0.35,-2.534,0.6963,-0.352,-0.624,-1.1025,-3.0901,-2.9236,0.7377,-0.4842,1.8505,0.3088,-0.771,0.0123,-0.4544,-1.0001,-0.4569,-0.9569,-2.7569,-0.546,-0.3069,-0.2455,0.0826,-1.1202,-1.3496,0.1788,-2.111,2.0205,-0.002,0.122,-0.665,1.1368,-1.0917,-0.4242,-0.6596,1.0692,0.1835,-1.4002,0.3885,0.2591,0.3849,-5.3284,0.0143,1.3647,0.2066,-0.278,3.0435,-2.4015,0.9989,0.512,-0.1828,-0.4986,-1.5493,-0.3275,-0.7695,-1.5102,-2.4096,-0.4495,-0.5259,1.6516,1.5435,-0.9202,-1.4192,-1.9931,-0.9625,-0.8525,-1.2631,3.9265,0.293,1.1718,-0.2231,0.0462,0.8687,0.0155,-1.6063,-0.433,-0.7854,0.8394,0.9572,-0.1885,-0.0676,0.3937,0.3286,-0.2517,0.8112,-0.7912,0.1548,0.175,-1.3428,-1.2568,2.9418,0.3015,-1.0337,-0.4193,-0.9298,1.388,-0.3252,2.5797,-0.445,-1.713,0.7743,-0.1288,0.8147,0.1739,1.8718,1.4492,-1.1781,1.4508,-1.4399,-1.3242,-1.4462,-0.324,0.3213,0.8195,-2.3272,2.376,-0.5912,0.0442,-1.8348,0.1948,0.2918,-0.8585,-1.189,-0.6143,-1.2585,-1.947,0.3664,-0.7334,-1.6865,0.533,-0.3722,-1.9558,2.5325,0.3342,-1.0671,-0.48,0.1872,-2.5185,-0.3411,0.199,-2.1851,-1.8315,-0.8877,0.2338,1.414,-0.376,1.363,3.1778,-1.1158,-0.0335,0.7798,-2.6387,-1.1633,-1.3508,1.7462,3.7503,-1.8733,1.2407,0.1378,1.1762,0.2039,0.5909,-2.0004,0.4585,-1.3008,-0.0845,-1.178,-0.2108,-2.2535
TCGA-AA-3973-01,2.333333333,-0.2629,-0.9254,-2.2826,1.6675,-0.665,-2.3283,-0.8796,0.1505,-1.3401,0.7069,-0.2804,-1.0609,-2.0942,-0.2719,-0.3052,-1.3026,-0.0065,0.2575,-0.5253,0.1268,1.9079,-2.787,1.3721,-0.9202,0.5449,1.2929,-0.186,-0.0658,0.3359,0.5487,1.8518,-1.0872,0.4936,1.065,-0.8121,-0.002,-3.2847,-4.4079,0.54,-0.7948,1.0965,-0.9875,-0.3445,-0.9107,0.5042,-0.6098,-0.2824,0.0038,1.4058,-1.363,-0.078,0.1693,-1.1849,-0.4165,0.4903,-0.3403,1.6365,-1.0513,0.955,-1.6318,-1.248,-0.0985,0.1978,-1.8154,0.2558,0.5065,-1.2205,-0.3271,-0.9986,0.7185,0.1122,-1.0205,-0.3338,0.4221,0.151,0.6112,2.0792,0.1429,-0.46,-0.3762,0.1401,1.8737,0.4724,0.1311,-0.1654,0.5685,-1.3034,-0.9662,-0.697,-0.3103,0.126,1.3752,-0.083,-0.3905,0.0652,1.1152,-0.4138,-0.6595,-0.1465,0.5803,-0.4731,-0.1534,-1.7723,0.2415,0.19,-2.8222,-2.076,0.1511,0.3446,0.2191,-0.3384,1.0258,-1.5326,-1.2284,-0.009,0.6285,1.425,0.2813,-0.3343,-0.8388,1.5818,-2.8952,-1.2171,4.4212,0.1473,0.2005,-1.4705,-0.8836,2.3262,-2.1444,0.0348,-4.8032,1.0836,-2.2612,-0.1778,-2.2147,0.9872,0.0902,-0.3898,-1.6882,-2.7254,-2.9751,0.6285,0.1235,1.6764,0.4078,-0.0613,0.0493,0.6131,-1.1646,-0.543,-0.0835,-2.1739,-1.5538,-0.8669,0.3814,-0.6625,-1.5294,-1.1301,0.3426,-2.5625,0.8564,0.0797,-0.0832,-1.0565,1.1657,-0.8204,-0.2152,-0.6135,-0.4555,0.6138,-1.112,-0.8108,0.5849,0.3509,-4.6574,-0.7385,1.9551,0.0468,-0.0565,2.963,-2.2396,2.0894,-0.5705,0.145,-0.9585,-1.5015,0.758,-1.6726,-1.3715,-2.3377,0.9202,-0.6594,1.0129,1.3388,-0.6976,-1.9745,-1.7826,-1.9885,-0.5745,-0.908,2.6967,-0.4242,2.145,0.1172,0.6685,0.8445,-1.2101,-0.6709,0.6238,-0.445,1.9406,-0.0817,-0.079,-0.0872,0.5733,-0.3556,0.0875,0.804,-0.9892,0.166,-0.3949,-1.7717,-1.1561,2.2822,-0.0348,-2.089,-0.226,-0.1173,0.1828,-0.4927,3.6992,-0.5995,-1.835,1.113,0.651,1.0283,0.0839,1.7266,1.2486,-1.6958,0.8839,-1.5144,-1.4861,-1.151,-0.2315,-0.469,0.2718,-2.4097,1.8022,-0.5322,0.1118,-1.061,0.796,0.8377,-1.766,-0.3245,-0.5293,-2.6162,-2.8695,0.1152,-0.2158,-2.3477,1.6733,-0.4382,0.0317,2.7473,0.3396,-0.9551,-0.536,0.743,-2.2595,-0.4095,-1.0648,-1.2224,-0.7555,-0.6282,-0.9933,1.2143,-0.0078,1.583,3.1618,0.0503,0.0168,1.6065,-2.5937,-1.3395,-0.0652,2.3952,5.2023,-2.11,1.433,0.2191,1.5677,-0.3454,1.3558,-2.1223,-0.5082,-1.1652,0.3468,-2.0795,-0.105,-1.7822
TCGA-AA-3989-01,3.433333333,-0.4919,-0.1324,-3.1037,0.2535,-1.4582,-1.2008,-0.4062,-0.3551,-1.1932,-0.3391,-0.0098,-0.6164,-0.7771,-0.3515,-1.2368,-1.534,-0.227,-1.2468,-0.3827,-0.6585,2.5493,-1.6727,1.6646,0.4115,-0.3037,0.3501,0.112,0.1864,0.1234,1.6746,0.3471,-0.8839,0.4187,-0.0876,-0.4418,1.3402,-3.286,-4.1942,1.0495,-0.7703,1.1262,0.5422,0.652,0.9335,1.2584,0.0198,0.2404,0.0928,-0.1648,0.1857,-0.2472,0.6197,-0.3808,-0.0675,-0.506,0.2919,0.1384,-1.042,-0.3088,-2.0135,-1.9235,0.5856,-0.0712,-0.6304,0.7195,0.3115,-1.7488,-0.1194,-0.5058,0.4905,0.2014,0.1472,-1.0632,1.2887,0.8256,1.8497,1.1724,0.7534,-0.0317,-0.2084,-1.3647,1.9642,0.6971,0.0373,-0.5157,-0.2331,-0.9361,0.3715,-2.1075,1.1067,-0.4877,0.0105,0.3671,0.382,0.8502,1.3002,-0.4,-1.0155,-1.3522,-0.8313,-0.1591,-0.3682,-1.0853,-0.489,0.237,-2.2152,-0.5893,0.3609,0.2677,-0.6388,0.0664,0.6479,-0.4323,-0.5979,0.9325,2.537,2.4185,0.1348,0.6384,-0.6221,1.2594,-2.6563,-0.9255,4.2645,0.708,0.2673,-0.5703,-0.4395,1.7812,-2.0715,-0.0941,-3.9608,1.5637,-1.4892,-0.1403,-1.6575,1.0217,-0.8902,-0.7098,-1.807,-0.8998,0.0151,1.9707,0.3273,1.8549,0.4545,-0.2856,0.3347,-0.2131,-0.4642,0.5984,-0.9629,-2.4015,-0.9125,-0.7236,-0.0292,0.7482,-0.8429,-1.0977,0.0859,-2.2425,1.4282,-0.358,-0.3723,-0.1527,1.6285,-1.2731,-0.4236,-1.1551,-0.4308,0.0862,-1.357,0.0752,-0.041,0.4665,-4.9378,-0.2176,1.4921,0.4383,0.0046,3.453,-0.2588,0.7256,1.4762,0.1242,-0.5616,-0.8167,0.0278,-0.9715,-1.6857,-2.2034,0.1908,0.1346,1.44,1.237,-0.2669,-1.2968,-1.002,-0.396,-0.7093,-0.938,1.5895,0.1265,1.7136,-0.2859,1.7558,0.987,-0.335,-1.6278,0.5838,-0.5385,-0.1734,0.9932,0.2069,-0.2996,0.76,0.0206,-0.117,0.802,0.8968,-0.5755,-0.3921,-1.2725,-0.9386,3.0967,0.3974,-1.1223,-0.4442,-0.5732,1.1652,-0.8528,2.8706,-0.4685,-0.7455,0.9137,0.206,0.6553,2.5063,0.467,0.4689,-0.6984,0.3979,-1.887,-0.8934,-0.7795,-0.8215,0.4885,1.056,-1.0598,2.4358,-0.0148,1.5273,-2.5298,0.936,0.3072,-1.8505,-0.7915,-1.0082,-1.9568,-1.9568,-0.0092,0.6595,-2.5438,1.8693,-0.3918,-1.4493,3.6475,0.3094,-0.7131,-1.159,-0.1205,-0.1482,0.6226,-0.434,-1.1899,-0.7817,-1.2727,-0.421,0.0992,0.2495,1.6733,3.0755,-0.734,0.2725,1.1511,-2.5683,-0.4612,-0.1958,1.613,3.4852,-0.9402,0.3492,0.2461,0.9245,0.0261,1.2283,-1.6792,0.022,-1.7218,0.2516,0.8905,-0.265,-1.9905
TCGA-AA-A00F-01,1.033333333,-0.4039,-0.9101,-2.7692,0.992,-0.5422,-1.3515,-0.3043,-0.3045,-1.3063,-0.2151,0.3728,-0.713,-1.3349,-0.3639,-0.356,-0.7824,2.0515,0.6608,-0.4795,-1.1015,2.7973,-2.2818,1.5631,-0.2895,0.8194,1.5511,0.3275,0.0246,1.2112,0.4833,1.4811,-0.0133,-0.0262,-0.4004,-0.9244,0.8323,-5.161,-4.6634,1.552,-0.8341,1.6138,0.213,0.076,0.0305,1.1746,-0.5575,0.2652,0.0131,0.0422,0.7507,0.3435,0.4394,-1.035,-0.957,-0.3452,-0.3716,0.9211,-0.8217,0.0835,-1.4917,-1.292,0.9411,0.0052,-0.7429,-0.095,0.1975,-1.0635,-0.7033,-0.7954,0.079,0.8394,-0.0446,-0.5377,0.3085,0.2242,1.0196,1.1364,0.3376,0.4028,-0.599,-2.5496,0.9291,1.1019,0.1107,-0.0762,-0.4066,-0.6094,-1.0372,-1.7008,0.5066,-0.1839,0.427,0.3071,-0.4348,0.9629,0.366,-0.2712,0.0093,0.0082,0.0573,-0.0841,0.2202,-0.3208,-0.432,0.9758,-2.5023,-1.962,-0.1216,0.5506,0.4648,0.2702,1.0886,-0.7717,-0.8356,0.164,1.2138,0.4905,-0.0248,-0.2728,-0.8311,1.2113,-2.4515,-0.2698,4.5172,0.2167,0.3738,-1.5333,-0.5316,1.2482,-1.7802,0.1111,-4.6528,1.5561,-0.0875,0.7847,-1.783,-0.915,-0.7457,-0.2722,-1.6927,-3.0219,-2.3429,1.3068,0.977,2.1145,0.5605,0.2811,-0.0217,0.1439,-1.0511,-0.5254,-0.4362,-2.2688,-0.8718,-0.6724,-0.1356,-0.5235,-1.1523,-1.2006,-0.5197,-2.115,2.1559,0.0198,-0.0718,-0.67,1.8422,-0.1477,-1.3409,-0.6643,-0.1558,0.801,-1.4,-1.0108,0.095,-0.4774,-5.0148,0.1632,2.2783,0.0814,-0.1446,3.687,-1.4497,1.5734,0.4518,0.15,-0.2954,-0.6692,-0.6655,-0.5584,-1.233,-2.596,0.54,-0.2127,0.5223,0.7017,1.6847,-1.4264,-1.5555,-0.5675,-0.4082,-1.1983,0.205,-0.048,0.3805,-0.9132,0.578,0.6223,-0.4052,-0.9888,0.4188,0.0809,1.9591,1.6953,0.0694,0.1167,-0.2248,-0.5808,0.4098,0.314,-0.5888,-0.4112,0.0639,-0.9473,-0.639,2.453,0.811,-0.4545,-0.2043,0.2482,0.7698,-0.2102,2.5284,-2.4395,-1.936,1.027,-0.2122,0.1793,0.3706,-0.2096,0.4192,-1.0489,0.4778,-3.0527,-1.0099,-0.7153,-0.9978,0.1742,0.6195,-1.5617,2.6095,0.3395,1.0485,-1.631,0.5295,0.0178,-2.985,-1.013,0.4408,-1.2172,0.054,0.5709,0.3337,-1.2332,0.7181,-0.2465,-1.7773,1.877,0.1045,-0.1422,-0.511,-0.5415,-1.7917,0.2662,-0.4765,-2.6254,-1.5604,0.2852,-0.604,1.5187,0.0445,1.6027,3.4572,-1.4895,-0.167,0.6995,-2.3637,1.3682,-0.4222,2.6428,2.513,0.4576,0.8109,0.218,0.7827,0.1258,1.1585,-1.8827,0.2143,-1.3845,0.0249,0.4892,-0.829,-1.8862
TCGA-AA-A00L-01,1.566666667,-0.3748,-1.6152,-2.3279,1.8845,-0.7354,-2.3408,-0.3021,-0.1246,-1.035,0.334,-0.0459,-0.8014,-0.2078,-0.2198,-0.5918,0.0255,0.9402,-0.404,-0.1848,-0.783,2.3364,-3.0655,1.5123,-0.6238,0.0972,0.7601,-0.4378,0.2162,1.3584,0.5949,1.6944,-0.9933,0.6457,-1.4025,-0.5153,0.3492,-4.4327,-4.3294,0.7706,-1.1093,1.6734,-0.312,0.312,1.0221,1.1584,-0.4597,0.6916,0.2821,0.2515,-2.1292,0.1778,-0.2143,-0.395,-0.69,0.088,-0.407,0.7474,-0.7652,0.3078,-1.4787,-1.279,0.0532,0.4823,-0.2678,0.135,0.6013,-1.2628,-0.1887,-0.9922,-0.525,0.0706,-0.3921,-0.4455,0.7836,0.0379,0.3058,0.4101,0.4159,0.2508,0.027,-3.1069,2.2515,0.5149,-0.0771,0.1492,0.06,-0.6525,-0.3028,-1.535,0.6126,0.3461,0.662,0.0491,-0.573,0.9847,-0.399,-0.2598,-1.0378,-0.1848,-4.1772,-0.1898,-0.1083,-1.2102,-0.9862,0.6108,-1.833,-2.988,-0.4461,0.3439,-0.4149,-1.1665,0.6984,-1.1179,-0.4086,0.906,0.4727,0.1735,0.7757,0.2471,-1.0669,0.323,-2.3852,-0.874,3.8968,0.2843,-0.0762,-1.9577,-1.7166,1.5128,-1.6572,-0.1998,-5.013,0.9661,-0.7795,0.3522,-2.5192,1.2667,-0.39,-0.2175,-1.736,-2.9824,-2.7527,1.3665,0.2977,2.0159,0.4132,-0.2435,0.0888,-0.663,-0.745,-0.4448,-0.569,-3.0964,-0.426,-0.4126,0.7894,-0.1727,-0.0912,-0.7826,0.2566,-2.1615,0.5955,-0.0107,-0.6248,-0.5873,1.0493,-1.074,-0.2319,-0.8149,-0.5075,0.7005,-0.9852,0.1422,-0.0098,-0.0185,-4.8918,0.1067,1.6726,0.7765,-0.069,2.9695,-2.2846,0.5339,0.4968,-0.059,-0.5307,-1.501,0.2852,-0.6007,-1.6822,-3.4714,0.7425,0.2612,0.3432,0.9417,-0.387,-0.89,-0.8722,-0.251,-0.884,-1.604,0.8188,-0.408,-0.0348,-0.0458,0.455,0.8367,-0.6668,-1.1492,0.028,-0.4595,0.8716,1.2722,-0.4797,-0.1309,0.0567,-0.564,-0.3,0.0912,-0.641,0.0192,0.085,-0.8607,-0.606,2.2233,0.6184,-0.614,-0.3905,0.0842,1.3565,-0.7384,2.7916,-1.6972,-1.2665,0.8458,-0.2308,0.1055,0.6476,0.7015,0.7058,-1.3565,0.72,-3.2809,-0.7641,-0.9905,0.0332,0.3458,0.6715,-2.7458,2.1605,0.2738,0.4427,-1.5918,0.5762,0.618,-1.2888,0.0571,-0.3383,-1.1692,-2.3852,0.1491,0.4448,-1.4607,0.9061,-0.2645,-2.3313,1.4108,0.3272,-0.7314,-0.9185,-0.394,-2.3803,0.2227,-0.3935,-2.0679,-2.0565,-0.8993,-0.5973,0.8948,-0.4782,1.0613,3.6582,-1.133,-0.281,-1.571,-2.277,2.814,-0.812,2.1655,3.6622,-1.1615,0.3082,0.3781,1.4037,0.0395,0.9163,-1.7644,0.1412,-1.69,-0.8934,-0.565,-1.1515,-0.563
TCGA-AA-A00O-01,2.433333333,-0.3077,-0.8786,-1.4122,1.177,0.1434,-1.471,0.0273,1.2826,-0.3477,-0.1248,1.3862,-0.2506,1.015,-0.2431,-0.9042,-1.3158,-0.9012,0.3153,0.0087,-0.625,2.7043,-1.6826,0.7367,0.251,1.6609,1.9548,-0.3762,0.2724,-1.4182,1.171,1.3527,-1.5485,0.7087,1.7734,1.8104,0.5018,-3.575,-4.5058,0.5645,0.0312,0.6908,-0.2797,0.5505,0.877,1.5816,-0.3452,-0.0292,0.0008,1.2117,4.182,-0.797,0.0865,-0.3116,-0.216,-0.5107,-0.4258,-1.0606,-0.7345,1.3492,-1.5733,-1.5225,0.3083,0.3367,-0.2028,0.7085,1.4997,-0.1888,-1.7745,-0.8005,-0.956,0.5181,0.4443,0.1168,0.8351,0.1492,0.4059,1.1976,1.0545,0.4996,-0.202,1.1506,2.1239,0.9661,0.0356,0.9098,0.8375,-1.4164,-0.2848,-1.6348,-0.3364,0.6503,-0.0298,-1.4499,-0.2092,1.1251,-1.387,0.7175,-0.495,-0.0472,-3.6127,0.8124,-0.8311,-1.8823,0.7052,0.62,-2.8682,-1.3088,-0.4304,0.4061,-0.1916,1.1367,0.5178,0.4301,-0.748,1.1325,-0.269,0.946,0.723,-0.3474,-0.5485,1.227,-2.5483,-0.4964,4.4018,-0.28,-0.0318,-0.9813,0.2228,2.0277,-1.2908,1.19,-3.7026,1.1999,-1.413,-0.0435,-0.7823,0.1608,-0.2407,-0.3682,-1.1338,-2.1656,-2.6949,1.7167,0.5682,3.4203,0.5455,0.1755,-0.8707,-0.1241,-0.6269,-0.3882,-1.0628,-2.3918,0.0253,-0.5215,-0.4566,0.6941,-0.5782,-1.1248,0.8918,-1.7682,3.9206,-0.4207,-0.052,-0.4702,1.9821,-2.0369,-0.0871,-0.4888,-0.4022,0.6582,-1.4345,-0.0842,0.2695,-0.1249,-3.3775,0.2026,1.36,0.7931,0.2518,3.9805,-0.4236,1.2009,1.8158,0.8335,-0.6483,0.0787,-0.5865,-1.5166,-3.2842,-1.6021,0.986,0.8728,0.9047,-0.0033,-0.1385,-2.659,-0.4145,-2.3685,-0.7555,0.0808,3.0752,-0.3195,-0.1524,-0.595,2.5945,0.4727,-0.883,0.5046,0.7618,-0.9696,0.6928,0.8855,-0.0922,0.1318,-0.2512,-0.0071,0.244,1.1025,-0.509,-0.9202,-0.4464,-1.6653,-1.2242,2.0027,0.2071,-2.0662,-0.509,-0.4077,1.8828,0.0952,2.9072,0.516,-1.5725,-0.0558,-1.4477,0.94,-1.3555,0.9169,0.5736,-1.2062,-1.4891,-0.9812,-1.2276,-1.3895,-0.357,0.9702,0.0871,0.0483,1.6142,-0.7372,1.3153,-1.4158,0.2965,0.3225,-2.3425,-0.6617,0.147,-2.9922,-0.6495,1.8455,1.4157,-1.3702,0.5064,-1.1747,-3.0637,2.8155,-0.2102,-0.1142,-0.7215,-0.1645,-1.1138,0.2026,0.339,-2.4676,-0.0139,0.824,0.4398,0.5063,-0.754,1.1038,3.7822,-1.6428,1.6708,1.1211,-2.8392,-1.136,1.8298,2.2855,3.8842,-0.2244,1.3782,0.1846,0.553,0.5332,0.589,-0.171,0.6472,-2.092,1.2194,-0.5372,-0.287,-2.1795
TCGA-AA-A00Q-01,0.833333333,-0.2809,-1.1828,-2.2388,1.1905,-1.2814,-1.3712,-0.544,-0.2931,-0.8952,0.0625,0.3422,-0.6954,-1.9245,-0.3338,-0.1458,-0.8452,0.1272,-2.013,-0.373,-0.6245,3.3561,-1.538,1.5337,-0.059,0.2197,1.2915,-0.0002,0.0693,0.68,0.2419,1.7936,-0.6353,0.2641,-0.329,-0.5284,0.561,-3.6862,-3.9801,1.2896,-0.5706,1.6781,-0.5285,0.527,0.2316,0.9389,-0.062,0.1143,0.0131,0.731,-0.5678,0.3175,0.7968,-0.5392,-0.5395,-0.3642,-0.4748,2.1672,-0.8492,0.6685,-1.1983,-1.2105,0.3078,-0.1155,-0.9196,0.5028,0.4162,-1.5075,-0.5581,-1.519,0.2345,0.2836,-0.6855,-0.0458,0.1811,0.5101,0.9318,1.2022,0.3736,0.0831,-2.0836,-2.4916,2.0341,0.4344,0.2671,-0.067,-0.3049,-0.6121,-0.9817,-0.829,0.29,-0.3279,0.164,0.5165,-0.361,0.4268,0.6342,-0.1875,-0.3813,-0.3558,0.2348,-0.0236,0.1079,-0.8912,-0.3395,0.8048,-2.3145,-2.1402,-0.1854,0.6808,0.3568,-0.7004,1.0441,-0.7959,-0.7509,0.6975,0.6783,0.0008,-0.112,-0.041,-0.9776,0.8816,-2.8142,-0.6345,4.4542,0.1495,0.3984,-1.7285,-0.9165,1.6972,-1.8379,-0.1639,-4.5977,1.4161,-1.6115,0.325,-2.1231,0.7048,-0.9202,-0.4582,-1.9683,-2.5466,-2.4844,1.1923,0.3307,1.891,0.8192,-0.1449,0.0313,0.4048,-1.3973,0.3799,-0.7476,-2.618,-1.4558,-0.881,0.3209,-0.0975,-0.2312,-1.1781,0.2323,-2.048,0.9072,0.0772,-0.1172,-0.4845,1.3554,-0.5732,-0.4483,-0.4689,-0.3208,0.593,-1.063,-0.7212,0.0426,-0.2227,-4.5999,-0.0732,2.4192,0.1709,0.0081,3.5025,-2.1976,1.9016,0.6778,0.2802,-0.4812,-1.3385,-0.718,-0.9713,-1.3123,-2.6422,0.3895,0.3239,0.9206,0.5277,-0.3392,-1.453,-1.0104,-0.577,-0.9102,-1.1549,0.2592,-0.0685,1.0612,-0.6289,0.4642,1.2393,-0.9364,-0.7258,-0.2645,-0.3222,1.9219,1.2277,0.294,-0.2075,0.0517,0.1934,-0.0175,0.694,0.2355,0.2722,-0.1722,-1.136,-0.7456,2.6475,0.4959,-0.9227,-0.6265,-0.016,0.7198,-0.9287,2.4252,-1.6435,-1.556,1.2427,-0.1075,0.3196,1.4279,1.1542,0.1662,-0.7748,0.8817,-2.0745,-0.9362,-1.0845,-0.2989,0.282,0.3691,-2.7193,2.9882,0.8227,0.7112,-1.6088,0.6032,0.5715,-2.577,-0.7407,-0.7235,-1.6415,-2.5568,0.1784,0.3721,-1.6572,1.2371,-0.7038,-2.0202,2.805,0.3937,-0.8456,-0.694,-0.0092,-1.3375,0.4086,-0.501,-1.7221,-0.7082,0.3207,-0.6945,0.5705,0.4968,1.5392,3.4718,-0.97,-0.09,1.0586,-2.4433,0.2082,-0.295,2.6025,3.8548,-1.438,1.4463,0.2079,1.2655,0.1161,1.4609,-2.1992,-0.1973,-1.734,0.6951,-0.3998,-1.1922,-2.3482
TCGA-AA-A00W-01,0.766666667,-0.3637,-0.9706,-3.4436,1.1015,0.7372,-3.3332,0.1048,-0.0282,-0.9678,0.1214,0.288,-0.1605,-2.5465,-0.5579,-0.5165,-0.6373,1.1252,-2.3195,-0.3719,-0.3298,2.766,-2.1628,0.8406,-0.2605,0.125,0.7503,-0.0738,-0.0575,0.1216,0.5286,1.3139,-0.9226,0.8448,-0.1046,-1.0248,0.7582,-4.409,-4.814,1.0461,-0.5642,0.9782,-0.4418,0.504,0.7193,1.6411,0.2182,0.3099,-0.2809,0.4992,-2.7558,-0.0723,0.3149,-0.4778,-0.412,-0.1402,-0.0699,1.8599,-0.8243,0.7495,-1.0128,-1.4595,0.6281,0.4182,-0.5533,1.3565,0.4593,-1.0802,-0.081,-1.2206,0.2765,0.3026,-1.2436,-0.2278,0.8491,0.0391,1.2822,1.1289,0.7022,0.3949,-0.4162,-3.0679,1.9416,0.7536,0.2346,-0.161,-0.7181,-0.4226,-0.4415,-3.8805,0.7744,0.1437,0.1925,-0.1101,0.1908,1.3662,0.5525,0.08,-0.0702,0.0382,-2.716,-0.1102,0.5229,-0.6603,0.034,-0.0185,-1.5637,-2.383,-0.4089,0.3101,-0.1612,-0.2686,0.0249,-0.3889,-0.1646,0.845,1.1037,1.3695,0.6598,0.1631,-0.7007,0.2956,-2.7357,-0.7041,3.2545,-0.031,0.2135,-2.3515,-2.4748,1.4169,-2.1447,-0.5524,-5.4159,1.3338,-1.713,-0.2352,-3.272,0.5745,-1.348,-0.3787,-2.7988,-2.4776,-1.8831,1.9835,0.097,2.4526,0.182,-0.0912,-0.2173,-0.239,-0.7897,-0.4736,-1.1366,-3.6844,-0.0578,-0.4488,0.393,0.6899,-1.8623,-0.8727,0.3533,-2.5598,0.8845,-0.224,0.087,-0.6148,-0.0458,-1.4051,-0.201,-0.5395,-0.1522,-0.005,-0.5012,0.2562,0.2976,0.2639,-5.675,0.2579,1.7857,0.7481,0.0194,2.7775,-0.903,1.0818,0.542,-0.015,-0.5308,-2.04,0.249,-0.3548,-2.0505,-3.9071,-0.0052,0.5615,0.3395,0.962,-1.0689,-0.8238,-0.7694,-1.0695,-0.5502,-1.7194,0.233,0.0825,1.335,-0.2661,0.3695,1.1828,0.5284,-1.5846,0.9298,0.119,0.8525,1.2373,0.9481,0.1748,0.3972,0.4445,0.22,1.0078,-0.7425,0.5898,-0.384,-1.3305,-0.8091,2.3822,0.3031,-0.8663,-0.4868,-0.5927,1.4765,-0.5167,3.0302,-0.1041,-1.98,1.2798,-0.2982,0.0919,1.8401,1.1374,0.6145,-0.288,0.6725,-3.301,-0.7641,-1.2665,-0.1161,1.0875,0.5994,-3.2474,2.1022,0.4968,-0.4993,-1.1808,0.8158,1.298,-1.4715,-0.6699,-0.5263,-1.525,-1.3185,-0.0748,-0.5135,-1.6553,1.2664,0.221,-2.8083,2.4798,0.376,-0.2929,-1.0085,-0.1565,-2.2513,0.0941,0.2388,-1.9052,-1.6165,-0.1895,-0.2817,1.0485,0.412,1.1486,3.2285,-1.868,0.2365,0.791,-2.839,-1.4085,-0.1525,2.0222,3.4837,-1.2719,0.6451,0.2546,0.8233,-0.1021,1.3682,-2.1191,0.234,-1.967,0.8716,1.4932,0.2192,-2.4672
TCGA-AA-A00Z-01,1,-0.4342,-1.2025,-2.4279,2.028,-1.2732,-2.2533,-0.2212,-0.0938,-0.8721,0.152,-1.0315,-0.7349,-1.2544,-0.4618,-0.863,0.3329,0.4802,-1.7108,-0.4573,-0.5078,2.4817,-1.6218,2.2158,-0.416,0.2138,0.9646,-0.237,0.0827,-0.8214,0.5246,1.1208,-0.6979,0.3637,-0.2398,-1.1103,0.747,-3.2338,-4.6024,1.486,-0.6453,1.2446,-0.2355,-0.005,0.608,1.1791,-0.3635,0.801,0.0521,0.5658,-1.6467,0.1808,0.1218,-0.1778,-1.057,0.0385,-0.3908,0.3806,-0.4098,0.3685,-1.0907,-0.9805,0.4269,0.1178,-0.4874,0.0648,0.5567,-1.381,-0.1929,-0.8972,0.3655,0.3251,-0.4121,-0.49,0.9708,-0.2838,0.0184,0.9296,0.6011,0.1465,-0.4081,-2.0454,2.0699,0.4474,-0.2264,-0.6016,-0.4425,0.4715,-0.2563,-1.4998,0.3288,0.5032,0.3242,0.3859,0.0682,0.6299,-0.2217,-0.2857,-0.4748,0.4295,0.6928,0.1819,0.3112,-0.2713,-1.0058,0.8662,-0.9377,-1.8705,0.4729,0.2524,-0.4482,-0.369,1.0686,-0.9496,2.143,0.7765,0.539,0.535,1.0923,-0.0237,-1.3295,0.7414,-2.3002,0.0312,4.1528,0.043,-0.1413,-2.6935,-1.3032,1.0272,-1.6403,0.0956,-4.689,1.2149,-1.1842,0.8845,-2.0763,0.5338,-0.8183,-0.0012,-1.8648,-2.2522,-2.2186,1.3725,0.0327,1.8206,1.1342,-0.0774,-0.1798,-0.6118,-0.1661,-0.7371,-1.4439,-2.7919,0.2488,-0.2334,0.5255,0.9726,-0.0427,-0.7512,0.1579,-2.1845,0.424,-0.066,-0.11,-0.3015,1.0877,-1.9017,-0.296,-0.3269,-0.5885,0.3098,-0.7493,-0.2182,-0.1742,0.2692,-4.5851,0.3559,1.689,0.7561,0.0022,3.035,-1.4698,0.6761,0.9298,-0.9265,-0.3034,-1.1743,0.158,0.0852,-1.4293,-2.8692,0.1693,0.2664,0.3438,0.4422,0.3142,-0.0241,-0.7638,0.6535,-0.554,-1.223,2.4947,-0.1352,-0.0208,-0.0998,-0.0693,0.6082,-0.2283,-1.1434,0.8948,0.2302,-0.4296,1.0558,0.0437,0.1014,0.0028,0.4981,0.1395,0.6315,-0.9602,-0.465,-0.4616,-1.2135,-0.8031,2.3313,-0.0008,0.0433,-0.414,-0.27,0.5538,-0.2403,3.4399,-0.5367,-1.117,0.7703,-0.3948,0.1321,0.2609,0.3814,-0.1072,-0.4723,0.0508,-3.1765,-0.5585,-1.1792,-0.335,0.3883,0.6372,-2.1499,2.2435,0.2382,0.5295,-1.1138,0.2918,0.5067,-0.2362,-0.1155,-0.224,-0.6182,-2.242,0.2071,-0.3529,-0.7387,0.4649,-0.5633,-2.6548,2.325,0.4293,-0.8774,-0.544,-0.1492,-2.0548,0.3154,-0.2385,-2.3639,-1.8024,-0.9917,-0.7872,0.32,-0.4388,1.1692,3.0522,-1.7052,0.157,0.5341,-2.3755,0.3528,-0.036,2.007,3.8845,-0.9881,0.5908,0.2132,1.1047,0.1031,0.1677,-1.8815,0.3443,-0.8335,0.0001,-0.3828,-0.8785,-2.0412
TCGA-AA-A01F-01,1.6,-0.8533,-0.5321,-2.7751,1.146,0.6971,-3.036,-0.2002,-0.153,-0.8208,0.0921,0.1725,-0.9341,-3.5798,0.2267,-0.035,0.0239,0.622,0.8568,-0.3608,-0.148,2.6508,-2.8341,1.225,0.053,0.211,1.0774,-0.1148,-0.4229,1.8601,1.2796,1.9895,-0.6601,0.1788,0.4705,-1.9176,0.2413,-3.01,-4.6689,0.9528,-1.2344,0.9681,-1.3553,0.6865,1.1566,1.3782,-0.1305,-0.2428,0.0424,0.3088,-4.232,0.0345,0.2372,-0.2302,0.5475,-0.4107,0.0935,1.7854,-1.4692,0.0352,-1.3455,-1.1695,0.5925,1.0145,-0.2188,1.0725,0.4132,-1.4428,-0.1464,-1.6378,-0.216,0.1602,-1.3242,-0.7378,1.4346,0.2739,1.7903,0.9724,1.0799,-0.0001,0.3438,-3.2641,1.3696,0.542,-0.0506,0.2683,-0.3909,-0.5834,-0.0573,-3.8012,1.6724,-0.3884,0.5082,0.2245,-0.3068,0.7893,0.6922,-0.6573,-0.9158,-0.1662,-2.6707,0.0826,-0.1642,-0.455,-0.3445,0.4192,-1.8395,-3.455,-0.6892,0.3738,-0.187,-0.8937,-0.1254,-0.3577,-0.3318,0.3045,0.2705,0.2478,1.3348,-0.7081,-0.1681,-0.4217,-2.8845,-0.019,3.2785,0.0255,0.2949,0.3108,-2.2335,1.2413,-2.2531,-0.8459,-5.9824,0.8575,-1.541,-0.4582,-3.0599,0.7038,-0.7105,-0.9835,-3.0422,-3.1322,-2.8469,1.4587,-0.245,1.926,-0.0098,0.035,-0.0872,0.2876,-0.3662,-0.7495,-0.4274,-3.9191,-0.4992,-0.7722,0.446,0.197,-1.8662,-1.1674,0.5598,-2.8278,0.7555,-0.4225,0.239,-0.1507,0.1906,-0.375,-1.2343,-0.4877,-0.962,0.8218,-0.377,-0.526,1.0658,-0.2989,-4.9086,0.2522,2.237,0.9951,0.3562,3.0875,-2.0487,0.5554,0.3975,-0.17,-0.2676,-1.6717,0.1025,-0.7371,-1.6278,-3.9421,0.8585,0.9433,0.688,1.5318,-1.1106,-1.8514,-0.434,-1.0855,-1.473,-2.039,2.2972,0.4408,-0.9761,-0.5134,-0.2205,0.6785,-1.0067,-0.5619,1.5223,-0.4709,1.1821,1.1247,-0.3176,0.1028,0.8707,0.0756,0.198,1.5288,-1.5947,0.416,0.1015,-1.1472,-0.9352,0.8983,0.8374,-1.3203,-0.2672,-0.3807,1.616,-0.3975,3.3309,0.4693,-2.0505,0.8468,0.145,0.7126,1.2538,1.2745,0.8017,-1.2582,0.6509,-2.1152,-0.947,-1.835,-0.3035,0.2553,1.1121,-3.8985,2.3352,-0.9473,-0.6418,-1.3025,0.3757,0.6745,-2.2495,-0.2457,-0.7772,-2.0358,-1.775,-0.3314,-0.2171,-0.822,1.6161,-0.8842,-2.7308,0.7048,0.4495,-0.7849,-1.1725,0.1713,-3.5337,0.0015,-0.2945,-2.2694,-2.234,0.4558,0.0512,1.0607,1.4253,1.6067,3.9472,-0.4295,-0.057,1.1834,-2.812,-2.0608,-0.9865,2.723,2.4877,-1.5792,0.7109,-0.2163,1.739,-0.0908,2.1141,-2.0766,-0.4525,-1.6145,0.4754,1.448,-0.7202,-1.1812
TCGA-AA-A02F-01,1.633333333,-0.1537,-0.5195,-1.8501,1.737,-0.2469,1.0998,-0.5886,0.0772,-1.0079,-0.2773,0.5883,-0.9106,-0.8394,0.0328,0.9562,-1.0541,1.7532,0.9922,-0.5083,-0.143,2.5938,-3.5602,1.8005,-0.01,0.9974,1.5026,0.2185,0.5858,0.8474,0.0498,0.7672,-0.2747,0.0289,-0.1602,-1.5915,0.1204,-2.821,-5.6174,-0.0244,-0.5994,1.3124,0.2107,0.112,0.5462,0.9836,-0.77,0.0072,0.1826,0.4645,0.6218,-0.2108,0.5336,-0.3431,0.1955,-0.6663,-0.8094,0.8445,-0.9398,0.232,-0.7573,-0.4655,0.0744,0.1445,-0.8802,0.2555,0.8143,-0.6945,-0.0547,-0.3388,-0.2325,0.8194,-0.9958,-0.36,1.0276,0.2021,0.8917,1.4109,-1.3316,0.5171,-0.3055,-2.1582,1.2123,0.5992,0.2346,0.0868,-0.4149,-1.4645,-0.784,-2.3572,0.187,-0.6964,0.1125,-0.7181,-0.6772,1.3092,0.5095,0.1622,-0.3385,1.0155,-1.0037,0.429,0.3856,-0.6822,-0.3332,0.0662,-1.3607,-2.482,-0.3127,0.183,0.4855,-1.6488,1.3016,-1.5018,-0.039,0.64,-0.3272,-0.266,0.2412,0.1703,-0.0888,0.9674,-2.7793,0.1808,3.3065,-0.1753,0.2096,-2.429,-0.6016,1.1748,-1.543,0.0579,-4.815,1.1931,0.3145,1.2835,-1.7699,0.3035,-0.6402,1.312,-2.1922,-2.7803,-3.181,2.87,0.6648,1.8712,0.0135,0.1345,-1.1677,-0.3056,-0.718,-0.4199,-0.2532,-3.1303,-1.1828,-0.043,-0.1066,0.2851,-0.1448,-0.9228,0.4356,-2.375,1.6674,-0.5355,-0.0565,-0.2538,1.2952,0.1388,-1.0888,-0.2355,-0.5712,0.2442,-1.156,-1.0178,0.5135,-0.4623,-5.3748,0.0774,1.9816,-0.5908,-0.1331,3.4865,-0.7609,0.8598,-0.2228,-0.3145,0.3195,-1.0095,-1.2102,-0.9421,-0.611,-3.0362,1.1898,-0.2746,0.6517,0.6595,-0.5753,-0.7945,-0.8308,-1.2755,-0.9665,-1.6206,1.65,0.07,-1.7461,-0.1812,0.9082,1.1665,-0.58,-0.6825,0.5275,-1.3598,0.9048,0.9065,1.0575,-0.1461,0.518,0.8035,0.7025,-0.3538,-1.727,-0.0648,-0.6281,-1.3507,-0.7105,2.3413,0.4195,0.571,-0.0478,0.0673,0.5172,-0.0568,3.7303,0.9062,-0.6215,0.2382,-1.0835,0.0422,-0.195,-0.0381,0.3218,-0.4487,0.3744,-0.8384,-0.9134,-0.1578,-1.0984,0.2333,-0.0415,-2.3181,2.321,0.1015,0.5772,-0.9765,0.3575,-0.0504,-3.1898,-0.6954,-0.5817,0.125,-2.0552,0.6936,0.4188,-0.217,1.2171,-0.622,-2.9368,0.2642,0.3585,-1.0285,-0.1715,-0.1578,-2.4223,0.1013,0.3983,-1.5621,0.0675,0.6282,-0.6613,0.9423,-0.2908,0.9421,3.638,-0.6485,-0.3932,0.719,-2.7552,0.0095,1.1495,2.8512,4.0177,-0.4436,1.2661,0.1128,0.9585,-0.317,0.1821,-1.4828,0.1388,-0.449,-0.3936,1.4897,0.033,-0.8
TCGA-AA-A02H-01,2.1,-0.2339,-0.7961,-1.5655,2.788,-1.1141,-1.7213,-0.3191,0.7156,-0.1103,0.0832,0.437,-1.1574,0.5978,0.1652,-0.3062,-0.8151,0.0892,-2.3615,0.0447,-0.9738,2.3495,-0.979,1.2021,-0.233,0.358,0.8642,-0.1138,0.0372,1.1286,0.9895,1.6752,-0.7411,0.4672,-0.8129,-0.0978,0.9335,-2.2785,-5.7995,0.9714,-0.1939,1.4505,-0.59,0.0285,0.8337,0.82,-0.3873,0.071,0.8959,0.8358,-1.9992,-0.282,-0.0558,-0.205,-1.397,-0.1648,-0.392,1.1848,-1.4075,0.611,-1.1598,-1.5475,-0.1019,0.3153,-0.6077,0.7847,1.167,-0.4235,-1.1211,-1.5251,-0.531,-0.3114,-0.1913,-0.3902,0.3768,-0.0109,1.4554,0.9148,0.561,-0.0304,-0.9798,-1.3864,2.2967,-0.1083,-0.1964,0.1494,0.2101,-0.5814,-0.245,-2.339,-0.2871,0.1076,0.2648,-0.3202,-0.105,1.2767,0.199,-0.3638,-0.4473,-0.7592,-0.4783,-0.1243,0.2484,-1.1143,-0.6038,0.3065,-1.9202,-1.6632,-0.313,0.2171,-0.1061,-0.5025,1.3007,-0.8376,-0.7219,0.725,0.3167,0.012,0.4047,0.1481,-0.6761,0.6951,-3.2707,0.3129,4.5075,-0.0035,-0.2003,-1.6858,-0.6316,1.5404,-1.0458,0.0244,-4.4362,1.0609,-1.3602,0.121,-1.8248,0.1093,0.0283,-0.7575,-1.8298,-2.3824,-2.2201,2.2388,0.3562,1.2123,0.0495,0.2456,-0.1493,0.0291,-0.5101,-0.4898,-0.9015,-2.9199,-1.0205,-0.748,1.3541,0.3844,-1.0472,-1.487,0.4635,-1.6562,1.4942,0.2623,-0.0778,-0.1528,1.2892,-1.4493,-0.4513,-0.5447,-1.2548,0.6938,-1.0662,-0.9748,-0.1666,-0.4888,-5.4037,0.3289,2.3115,0.5466,0.4048,3.02,-1.3001,0.5699,0.4158,-0.392,-0.5911,-0.8983,-0.2218,-1.1127,-2.2688,-2.2079,1.4488,0.5536,0.2827,0.983,0.7941,-1.0191,-0.0655,-0.067,-0.603,-1.3401,2.428,-0.3058,-0.1431,-0.9252,0.875,1.133,-0.5758,-0.0687,0.688,-0.5447,1.8039,1.2587,0.4081,-0.0558,-0.7932,-1.7848,0.1708,1.0052,-0.7058,0.2212,-0.0446,-1.7967,-0.8028,2.0708,0.6501,-1.2397,-0.4925,-0.2962,1.2585,-0.1704,3.3359,-1.4635,-1.35,0.3883,-0.6655,0.3412,0.5212,1.103,1.0349,-0.9774,0.1003,-3.0273,-1.1939,-1.003,-0.0432,0.5112,0.2068,-2.0231,2.087,-0.0893,0.7548,-1.4602,0.5048,-0.6152,-2.4988,-0.2552,-0.3905,-2.3185,-2.7292,0.0516,0.0988,-0.9788,2.4425,-0.5108,-2.8548,2.3025,0.1057,-0.3958,-1.159,-0.7945,-1.5087,0.3672,0.1548,-2.2682,-1.3231,0.6373,-0.2822,1.329,0.1417,0.2985,3.84,-0.3588,0.0348,0.702,-1.9983,2.8172,1.2538,2.5982,3.328,-0.9273,2.082,0.3268,1.0362,-0.1109,1.4858,-1.1559,-0.4588,-1.8615,-0.3224,-1.5065,-0.2335,-1.1802
TCGA-AG-3581-01,1.2,-0.8411,-0.5843,-1.4588,-0.059,-0.6749,-2.2927,-0.8119,-0.2938,-2.541,-0.6731,-0.1751,-0.9925,-1.0274,-0.7776,-0.8115,-1.2708,-0.9088,-1.5068,-1.3535,-0.8028,2.4182,0.0276,1.7263,-0.458,-0.0516,0.8431,-0.3958,-0.005,0.1587,0.1351,1.6085,-0.6719,0.1064,0.2962,-0.4631,0.8583,-3.1308,-3.721,1.3218,-1.1957,1.2366,-0.4573,-0.0805,0.2587,1.1664,-0.049,0.1413,-0.675,-0.2102,-0.2267,0.201,0.3269,-0.5764,-0.398,-0.9297,-1.0154,0.0621,-0.7557,0.2335,-1.7063,-1.648,0.3206,0.122,-1.2194,0.474,-0.264,-1.698,-0.2331,-0.1326,0.4935,-0.6821,-0.075,-0.5322,0.7044,0.2011,0.4383,0.6644,0.7867,-0.5919,-0.1417,-1.6792,2.195,-0.1161,-0.0308,-0.1794,0.1044,-1.4223,-0.5597,-1.739,0.8339,-0.5737,-0.0335,0.0895,-0.2525,-0.0049,-0.3438,-0.5305,-1.1638,-0.0612,-4.335,-0.1336,-0.3677,-1.064,-0.379,-0.0503,-2.1798,-1.304,-0.2202,-0.6263,-0.3219,-1.2265,0.6546,-0.4941,-0.7969,0.879,1.347,1.396,-0.1497,0.1268,-1.4127,0.8403,-1.1032,-1.0722,4.9352,0.673,-0.2041,-1.1337,-1.6609,1.6429,-0.7063,0.3016,-4.1732,1.0619,-1.7085,0.1645,-2.0714,0.6702,-0.413,-0.4988,-1.4682,-2.5915,-1.5442,1.1777,-0.1512,1.3069,0.6815,-0.5987,0.6257,-0.3144,-1.1974,-0.0756,-1.1374,-2.7465,-1.1055,-0.3974,-0.93,0.3124,-0.3984,-1.4268,0.0424,-1.6885,0.5056,0.2958,-0.3265,-0.4577,1.2848,-1.1261,0.0982,-0.7808,-0.4368,0.7855,-1.1735,0.3662,0.0306,0.2652,-4.4754,-0.3458,2.0008,0.5728,0.0867,3.9295,-0.649,0.7041,0.718,-0.243,-0.6194,-1.5175,-0.425,-0.7187,-1.7907,-2.7019,-0.4062,-0.1958,0.7198,0.5242,0.843,-2.0429,-2.0369,-1.78,-0.9895,-1.2113,0.1258,0.4532,1.457,-0.4676,-0.259,0.0642,0.2121,-1.1964,-0.609,-0.752,0.8204,1.0258,-0.1801,-0.4198,1.0643,0.152,-0.022,0.4978,-0.0965,-0.2732,-0.2168,-1.7168,-0.8078,1.9715,0.4221,-0.8243,-0.7305,-0.9198,0.7682,-1.2596,2.4952,-0.7981,-0.534,0.9412,0.498,0.5539,0.7436,0.9582,0.0048,-1.0944,-0.074,-0.9791,-1.6159,-1.3635,-0.1424,0.6295,0.8539,-1.6265,1.4825,-0.2888,0.1657,-2.3575,0.8828,0.4812,-1.6408,-1.1645,-1.0052,-1.696,-1.8295,0.6058,-0.8372,-1.0747,0.6794,-0.269,-2.1377,3.0978,0.1911,-1.0568,-0.7695,0.058,-1.4868,-0.3355,0.7245,-1.9375,-1.6745,0.0398,-0.358,0.4913,0.0552,1.6988,3.4085,-0.6262,0.5422,1.2154,-2.4028,0.684,0.3098,1.6268,4.5197,-0.3662,1.1633,0.9985,1.3212,0.1401,0.5179,-1.8369,0.1837,-1.8172,-0.466,-0.921,-0.1615,-1.324
TCGA-AG-3583-01,1.766666667,-0.7937,-1.215,-0.4557,-0.086,-1.5856,-2.6473,-1.2648,-0.7454,-2.0448,-0.3884,-0.5151,-1.4164,-1.4751,-0.6748,-0.5858,-1.1888,0.1703,-0.5313,-0.4783,0.2392,1.9325,-2.5302,2.2107,-1.2372,-0.4452,0.8128,-0.423,0.0177,-0.2064,-0.1952,0.5752,-1.3719,0.4771,0.591,-0.8323,0.5008,-4.291,-4.1154,0.2961,-1.3518,1.3814,-0.3505,-0.3085,0.4121,0.8375,-0.1553,0.3184,-0.7661,0.198,0.4297,0.4143,0.661,-0.8882,-0.289,-0.7898,-0.5425,-0.3114,-0.3525,0.0015,-1.9123,-2.1345,-0.4749,-0.4915,-1.2991,0.3422,-0.6458,-1.749,0.0376,0.904,0.4105,-0.2532,-0.052,-1.2502,0.6449,0.6129,0.5061,0.2084,0.3897,-0.8046,-0.2757,-0.918,1.3312,-0.2719,0.1286,-0.7867,0.2149,-0.8861,-0.8103,-3.1575,1.6771,0.0322,0.2315,-0.3199,0.2002,0.0201,0.6232,-1.428,-0.8818,0.3032,-3.7047,-0.7222,-0.41,-0.7625,-0.4132,0.2505,-1.6682,-1.7528,0.2875,-0.3975,0.1385,-1.473,-1.0095,-0.8124,-0.4161,0.936,1.493,0.8975,-0.0288,0.3892,-1.4026,0.8068,-2.6473,-0.5856,4.732,0.4878,-0.2584,-0.8063,-2.3845,0.5312,-1.0167,-0.0355,-4.4789,1.0508,-1.5747,-1.0072,-2.3664,0.87,0.3083,-0.129,-2.1613,-2.5122,-1.8725,1.3908,-0.2457,1.5272,0.1562,-0.7226,-0.1772,0.4481,-1.2342,0.0835,0.1925,-3.1991,-1.867,-0.2162,-0.1909,0.2188,-0.4169,-1.9125,0.1108,-1.2505,0.7408,0.2543,-0.479,-0.7603,0.748,-1.9254,-0.6416,-0.6809,-1.0625,0.0268,-1.3267,0.1495,0.9845,0.8014,-4.3231,-1.11,1.3133,0.3628,-0.6924,2.4015,-0.8054,0.2736,-0.089,-0.5045,-0.3085,-1.7537,-0.4478,-1.1811,-0.7675,-2.9646,-1.0398,-0.3986,0.6262,1.011,-0.166,-0.6896,-2.3075,-1.385,-0.0932,-1.2696,0.1948,0.5005,2.2918,0.3956,0.5883,0.1635,0.6746,-2.1728,0.0025,-0.0998,0.1494,0.7407,0.2861,-0.4455,0.7355,0.8148,-0.1242,0.2122,-0.1858,-0.7525,-0.2955,-1.7732,-1.1894,2.8825,-0.2052,-0.7618,0.4597,-2.3808,0.324,-0.6971,2.7248,-1.0455,-0.7015,1.0422,0.2982,-0.1246,0.9131,-0.3879,-0.3622,-0.9602,0.0518,-2.791,-1.2771,-1.3123,-0.961,0.5887,0.891,-2.2096,1.737,-0.1795,0.7317,-2.5325,0.5058,0.0363,-2.2008,-0.0758,-0.356,-1.5383,-1.5958,-0.0436,-0.3242,-1.5278,1.5217,-0.2273,-1.6495,3.032,-0.0512,-1.0151,-0.2745,-0.426,-1.8553,-0.25,-0.3502,-0.5319,-1.1333,-0.5618,-0.547,0.446,-0.2845,1.796,3.6728,-0.242,0.5788,1.3165,-2.3732,-1.0065,0.11,1.3908,3.1363,-1.093,0.1166,0.417,1.5895,0.1761,-0.516,-0.7902,-0.0018,-0.8155,-1.0569,-0.433,0.2612,-1.6082
TCGA-AG-3593-01,2,-0.4572,-1.6635,-2.2341,1.284,-0.104,-2.2093,-0.6071,-0.2846,-1.6903,-0.0485,-0.0722,-1.0485,-0.6698,-0.423,-0.857,-0.4312,0.4542,-0.6195,-0.0452,-0.1788,1.8806,-2.7691,1.4872,-0.4405,0.0662,1.1212,-0.759,0.2924,-0.6915,0.9918,0.433,-0.7264,0.4635,0.5885,-0.3031,1.126,-3.0242,-4.4576,0.0475,-0.6964,1.0218,-0.4105,0.496,0.3978,0.831,-0.2708,0.2579,0.062,0.4332,1.3498,-0.0668,-0.3698,-0.7659,0.08,-0.685,-0.9464,-0.0774,-0.294,0.0165,-0.9828,-1.26,0.3875,0.474,-1.3304,0.6815,0.3862,-1.4155,-0.1638,-0.8199,0.0995,0.5704,0.1733,-0.099,1.7485,-0.2721,0.7847,0.8132,0.1087,-0.8219,-0.2379,-2.4896,2.1548,0.6638,0.3354,-0.5574,-0.4174,-1.1854,-0.4567,-1.646,0.5081,0.1881,0.2828,-0.4188,-0.1088,0.2873,-0.3223,-0.3647,-0.861,0.2158,-1.3498,-0.4033,0.7798,-0.2193,-0.0508,-0.1762,-1.1448,-1.6135,0.0476,0.2619,-0.1945,-1.2257,-0.6201,-0.9488,0.912,1.2235,1.3307,1.8392,0.7865,0.1527,-2.0491,1.2402,-2.5022,-0.1676,4.8625,0.8357,-0.0326,-0.5037,-1.9945,0.9612,-1.5171,0.0582,-4.6907,0.6416,-0.4735,-0.3055,-2.5763,0.4478,-0.7953,-0.2422,-0.7985,-1.5349,-1.2484,1.7127,-0.3808,2.6042,0.0505,-0.3291,-0.5847,-0.4932,-0.545,-0.9457,-0.2394,-2.8485,-0.796,-0.7532,-0.1222,0.3176,0.7214,-1.2068,0.251,-1.3412,2.0475,0.021,0.022,-0.1132,1.1012,-2.2897,-0.7187,-0.486,0.0878,-0.3045,-1.4947,0.611,0.6029,1.0962,-5.2565,-0.3663,1.6935,0.1536,-0.3187,3.5535,-1.088,1.0886,0.6042,-0.3113,-0.1467,-1.6762,-0.8402,0.1673,-1.1845,-3.0614,-0.6985,-0.3207,-0.1859,0.9957,-1.0251,-0.2517,-1.6079,-0.9675,-0.233,-1.1449,2.3432,0.0127,0.4532,0.6369,0.786,1.1445,0.5072,-2.0172,0.5712,-0.6048,-0.2201,1.0895,-0.1996,0.1184,0.3718,0.4038,0.148,0.0265,0.0962,0.2835,-0.0611,-1.4232,-0.9851,3.6425,0.2054,-0.5852,-0.1965,-0.806,1.4955,-0.0774,1.7817,-0.2195,-2.1,0.3555,-0.4202,0.2643,-0.2999,0.83,0.8225,-2.1002,-0.8399,-3.0021,-1.2458,-1.205,-0.8861,-0.0315,0.9779,-2.1361,2.2542,-0.1332,0.2615,-1.407,0.7475,0.4012,-1.203,-0.027,-0.7725,-1.359,-1.6792,0.5812,-0.8486,-0.4033,1.0228,-0.2523,-2.0295,3.518,0.1607,-0.3955,-0.4395,-0.1005,-0.7412,-0.0411,0.1735,-1.464,-1.6247,-0.3503,-0.5477,0.6815,-0.8968,0.421,3.4828,-2.1185,0.7632,0.6892,-2.8258,-0.7098,0.2165,2.1495,2.8667,-1.4757,-0.043,0.7103,1.0168,0.0891,-0.3838,-1.6218,0.2048,-1.3918,0.1519,0.7482,-0.046,-1.4485
TCGA-AG-3602-01,1.2,-0.6629,-1.1176,-0.8562,1.1585,-0.8146,-2.4597,-1.7836,-0.631,-1.8438,0.0023,-0.9494,-0.2784,-2.3384,-1.3167,-1.01,-0.9411,0.1075,-1.0148,-1.2144,-0.1578,1.1338,-1.8984,2.3097,-1.4532,-0.7001,2.6616,0.1088,-0.1208,-1.2996,-1.5574,1.231,-1.3397,0.248,-0.8575,-1.2488,0.2702,-3.0088,-4.828,-0.157,-2.3016,1.658,-0.3822,0.2435,0.4269,-0.4711,0.4982,0.2999,-1.1848,0.68,-0.5965,0.163,-0.8854,-0.5865,-0.922,-0.9942,-0.5155,-0.075,-0.8723,0.4358,-1.2228,-1.839,1.3525,-0.8185,-1.2145,-0.4878,-0.8763,-2.6095,0.2379,0.8284,0.909,-0.3775,0.6353,-1.098,-0.1634,0.653,0.4571,-0.0395,-0.0304,-0.4596,0.1334,-2.3709,1.0082,-0.9086,0.1398,-0.7368,-0.0335,-2.0886,-1.8643,-2.5482,0.6238,-0.0079,0.5352,0.4232,-0.7585,-0.3123,-1.4285,-1.3488,-2.2598,0.6592,-2.495,-0.4547,-0.3973,-1.0922,-1.2758,-0.6902,-2.1563,-1.5707,0.1826,-0.2704,0.0405,-0.8717,-1.5717,0.1989,0.1381,1.0935,1.484,1.3485,0.281,-0.0261,-3.2266,-0.4752,-1.8247,-0.4721,4.8345,0.6488,-0.8161,-0.9702,-1.3251,0.0548,-1.2429,0.2786,-4.5057,0.0441,-1.8335,-0.554,-1.892,0.679,0.5235,0.1285,-1.2448,-2.953,-2.3041,-0.4632,-1.2893,1.5567,0.706,-1.3519,0.4443,-0.696,-0.798,-0.8496,-1.106,-2.305,-1.4478,-0.0729,0.3285,0.0795,0.4006,-2.0968,-1.124,-1.9995,1.6076,-0.0218,0.0118,-0.6348,1.5951,-1.0553,-1.1764,-0.7741,-0.608,0.5285,-0.7355,0.8608,-0.2695,0.6657,-4.4549,-1.2414,1.8,-0.3279,-0.5731,2.0705,-0.8637,0.8019,1.1385,-0.8732,-0.0952,-1.5305,0.4445,-1.2472,-0.8765,-2.7238,-1.4112,-0.1808,-0.2196,0.4732,-0.1182,-1.6512,-1.9901,-1.285,-0.3458,-0.5048,0.9185,0.7008,1.8391,0.5419,0.2492,0.1177,1.6212,-1.7728,-0.1455,0.2872,-0.0478,-0.267,-0.4953,-0.1091,0.282,0.0338,-0.0762,-0.3015,-0.3123,-0.7798,0.5792,-1.4997,-0.7781,1.9428,-0.3468,-0.3977,0.2758,-1.765,-0.0818,-0.8851,1.4428,-2.0288,0.148,1.3895,0.4902,0.7775,1.0343,-0.0498,-0.4472,-0.9622,-0.8678,-1.0858,-0.8371,-1.1748,-0.8322,0.0025,0.739,-1.6863,2.374,-1.2518,0.3833,-2.2732,-0.3308,0.1025,-1.1628,-0.1718,-0.964,-1.4185,-2.0668,0.8391,-0.3678,-0.6595,0.2601,-0.007,-1.6395,2.594,0.1043,-1.3985,-1.2435,-0.4832,-2.1733,-0.4024,-0.7942,-1.0818,-1.4432,-0.198,-0.4725,0.0227,-0.4178,0.8178,2.189,-0.8458,-0.2088,0.288,-2.0722,-0.1542,-1.2442,0.7542,4.5593,0.6494,1.5018,0.3505,1.262,0.5184,1.123,-2.7418,0.0942,-1.7085,0.0342,-1.0218,0.1105,-2.9572
TCGA-AG-3608-01,1.5,-0.5395,-0.6431,-1.8325,1.1535,-0.2202,-2.85,-0.5325,-0.3311,-1.6796,-0.0667,-0.7634,-0.3884,-0.7368,-0.6871,-0.5738,-0.446,-0.0388,-2.2975,-0.9047,-0.074,1.8235,-1.2313,1.2135,-0.629,-0.4073,0.2553,-0.3842,-0.1833,-0.0963,0.3149,1.657,-0.4829,0.3552,0.0091,-0.759,1.5387,-3.8912,-4.6734,0.6464,-1.6002,1.0163,-0.2508,-0.2185,0.5073,0.572,0.1068,0.2673,0.0785,1.2108,-0.4502,0.0015,-0.0049,-0.8168,-0.6105,-0.599,-0.5574,0.4221,-0.6513,0.4765,-1.3628,-1.379,0.2119,0.3705,-0.8136,1.1595,0.4848,-1.5025,-0.382,-0.034,-0.0015,0.0038,-0.1659,-0.3555,0.1606,0.1188,0.4146,0.2966,0.8105,-0.2431,-0.5483,-2.7565,2.2258,0.2304,-0.23,-0.4896,0.2948,-1.6061,-0.1008,-2.8502,0.6924,0.4674,0.381,-0.4856,-0.294,0.2732,-0.2175,-0.3903,-0.8777,-0.1588,-3.4685,-0.8871,-0.2802,-1.0067,0.301,0.0888,-0.9332,-1.5228,-0.1632,-0.7071,-0.5175,-1.6528,0.9769,-0.8901,-0.3564,1.705,1.5193,2.338,0.3885,0.5344,-2.0818,0.3199,-2.2945,-0.1578,4.6185,0.8155,-0.3176,-1.3142,-1.4248,1.5708,-2.4846,-0.0555,-4.7397,0.7401,-1.0818,0.0382,-2.399,-1.6075,-0.232,-0.2,-1.8572,-1.9826,-1.8454,0.7525,-0.3718,1.8308,0.0432,-0.5743,-0.4718,-0.5229,-0.4428,-0.6752,-0.8696,-3.3362,-0.9275,-0.3289,0.1994,0.7476,0.4339,-0.9138,0.069,-1.9615,1.7001,-0.3457,-0.0155,-0.2513,0.9541,-1.4318,-0.6149,-0.8599,-0.7292,0.1128,-1.1318,0.2108,-0.2555,0.6432,-5.4044,-0.4108,1.4813,0.3723,-0.2512,2.4235,-0.331,0.5988,1.5947,-0.473,-0.3219,-1.6228,0.642,-0.2393,-1.5948,-2.7246,-0.0127,-0.5173,0.4138,0.8683,0.5407,-0.7351,-0.784,-1.748,-0.435,-1.5082,-0.1768,-0.057,1.9401,-0.4136,-0.1172,0.2423,1.3431,-1.2677,0.3192,-1.0809,-0.1359,1.4302,-0.0722,0.1826,0.4087,0.473,0.6852,0.5732,-0.2272,0.212,0.2622,-1.2085,-1.0654,2.0825,0.136,-0.7522,0.0435,-0.7137,0.2292,-1.0667,2.0657,-0.3096,-1.618,1.0843,0.0208,0.8308,1.1077,0.2381,-0.0988,-1.5157,0.0775,-3.0226,-0.622,-0.9455,0.0889,0.3938,0.8489,-1.9524,2.1608,0.3932,0.162,-1.863,0.5367,0.7372,-1.1875,0.1045,-0.6548,-1.5085,-1.834,0.3509,-0.3564,-0.6445,1.6113,-1.0113,-2.4447,4.477,-0.1544,-1.2035,-0.823,0.1995,-0.9415,0.4198,-1.318,-1.366,-1.2197,-0.562,-0.2775,-0.0267,0.0362,0.8483,3.316,-1.1348,-0.8503,1.2879,-2.4937,-0.0282,0.19,1.3665,4.6733,-0.9334,0.5628,0.2161,1.4902,0.4099,0.3901,-2.2818,0.3312,-0.649,0.1751,-1.502,-0.8135,-2.2675
TCGA-AG-3609-01,2.233333333,-0.7083,-0.5826,-1.254,1.5375,0.2634,-2.029,-0.5928,-0.6868,-1.3853,0.0793,-1.0388,-0.7491,-0.9595,-1.1658,-1.0678,-0.6722,0.8868,0.5557,-0.9359,-1.0805,1.8492,-0.5441,1.9912,-0.7415,-0.1913,0.8234,-0.0232,-0.0979,-0.6828,1.5306,1.1382,-1.2147,0.1894,-0.4302,-1.7016,1.1263,-2.5912,-4.6446,0.8406,-0.4759,1.2455,-0.4172,-0.092,-0.3638,1.1353,-0.3062,0.966,0.7725,1.3392,-1.4318,0.2347,0.5445,-0.5639,0.4895,-0.315,-0.3976,0.3379,-1.4568,0.373,-1.5058,-1.0085,0.2892,0.082,-0.7094,0.5778,0.0037,-1.0303,0.1976,-1.1581,0.3055,0.1135,0.4396,-0.2818,0.8089,0.4232,1.2259,0.6005,0.4414,0.69,0.1838,-2.7164,1.9045,0.3384,0.0738,-0.0793,0.6325,-0.7448,0.2948,-0.4988,0.6828,0.4351,0.4658,0.1434,-1.2538,1.3497,0.465,-0.8997,-0.5645,-0.6448,1.038,-0.0769,-0.5828,-0.7337,0.223,1.0072,-1.324,-1.497,-0.1489,-0.2361,-0.789,-1.1206,0.1831,-1.0319,-0.2635,0.9885,0.9685,1.0552,0.4877,0.4633,-0.9663,0.5033,-2.9215,0.074,4.77,0.5638,-0.1263,-1.4035,-0.0684,1.9106,-2.1668,0.531,-4.679,0.8512,-2.5158,-0.389,-1.4961,0.3038,-0.2203,-0.637,-1.1323,-2.2379,-2.1071,1.496,0.1135,2.5397,0.6018,-0.5555,0.6972,0.2292,-0.2489,-0.2594,-1.5679,-2.1579,-0.971,-1.1829,0.3682,-0.2164,-0.7752,-1.9184,-0.2173,-2.0563,0.0928,0.0117,-0.653,-0.1803,1.9284,-1.2057,0.3776,-1.0074,-1.1765,0.2795,-1.1363,-0.501,0.1989,-0.0155,-4.827,-0.3481,2.1683,0.6306,-0.1218,3.121,-1.5536,0.2764,0.648,-0.6575,-0.6083,0.7753,0.2618,-0.3861,-1.1108,-1.8748,0.9198,0.0755,0.8076,1.2113,0.8238,-1.3915,-0.8022,-0.839,-0.6565,-0.9779,4.2053,-0.0958,0.245,-0.6576,1.5408,0.6263,-0.5411,-0.2668,0.4858,-1.0678,0.942,0.817,0.8138,0.0395,0.6522,0.4064,0.7072,0.6168,0.0778,-0.3412,-0.7312,-1.5763,-0.8991,0.8325,-0.1438,-1.066,-0.7195,-0.5392,0.5702,-0.7214,3.031,-0.71,-1.2885,1.0873,0.6928,-0.0323,-0.1972,2.142,1.0766,-0.8008,0.3571,-1.7566,-0.3123,-2.0698,0.2784,0.0585,1.0176,-1.1173,1.1658,-0.0855,0.9855,-1.6147,0.598,0.5112,-1.488,-0.3115,-0.9935,-2.0058,-1.858,1.0904,-1.0244,-1.5175,0.8567,-0.2688,-1.6583,3.869,0.3111,-0.8315,-0.8455,0.0248,-1.173,0.0622,-0.8955,-2.3294,-0.4078,-0.4152,-0.5013,0.8125,-0.7775,1.2505,3.2718,-0.7632,0.215,0.945,-2.6158,-0.744,1.0578,1.061,3.9013,-1.1866,1.8327,0.3104,0.9675,0.2762,0.5793,-1.9969,-0.315,-1.3805,-0.6395,-0.5572,-0.8822,-1.815
TCGA-AG-3611-01,1.3,-0.6792,-0.3718,-1.8498,0.237,-1.9265,-3.0935,-0.799,-1.0071,-2.2654,-0.5134,-0.1236,-0.6291,-0.8786,-0.495,-0.8968,-1.7263,-0.1495,-0.6242,-1.3592,-0.4118,1.6145,-2.4776,1.4129,-1.0925,0.1264,0.8925,-0.5412,-0.2812,-0.4956,0.4436,1.7714,-1.1064,-0.1445,2.2571,-0.9672,-0.0458,-2.6405,-5.0495,-0.0574,-1.4675,0.9949,-0.7525,0.234,-0.432,0.8614,0.3403,0.0988,-0.7859,0.3113,-0.7563,-0.1027,0.5915,-1.0951,-0.388,-0.8207,-0.6686,-0.5412,-0.562,0.4092,-1.7348,-1.8875,0.588,-0.161,-1.442,-0.082,-0.206,-1.369,-0.7914,-0.2,0.108,-0.0286,-1.0385,-0.2298,0.3128,0.4315,0.2645,0.1268,0.677,-0.5564,-0.2805,-2.7042,-0.3389,0.3167,-0.0189,-0.019,0.5944,-1.3742,-0.3298,-1.8315,1.5661,-0.2166,0.152,-0.5868,-0.077,-0.1278,-0.7173,-0.5098,-0.432,0.1655,-4.9842,-0.5368,-0.3738,-0.7772,0.0778,0.2928,-2.4913,-1.854,-0.4622,-0.2234,-0.0261,-2.5838,0.6074,-0.8576,-1.266,0.377,1.2802,1.464,0.4763,0.0486,-1.124,0.6368,-2.1268,-0.5821,4.6558,0.2432,-0.0713,-1.7762,-1.8405,1.5419,-2.589,-0.6932,-4.9879,1.8074,-1.2678,-0.1703,-2.9108,-0.1955,-0.923,0.189,-2.1893,-3.0726,-2.141,0.8202,0.3745,1.0211,0.493,-0.9697,-0.7408,-0.9284,-0.7295,-0.7255,-0.7094,-3.3108,-1.0382,0.2878,-0.7624,0.3588,0.5109,-1.6906,0.0117,-2.4268,2.2037,-0.7777,0.2275,-0.3805,0.0806,-2.0373,-1.2093,-0.8194,-0.5292,0.43,-1.4193,-0.111,0.5021,-0.305,-5.0255,-0.4769,1.8879,0.7878,-0.5879,2.755,0.0603,0.4962,1.1652,0.1128,-0.6669,-2.0342,0.4975,-2.0925,-1.6593,-3.5035,-0.8428,-0.1564,0.7658,0.5477,-0.7832,-2.9161,-1.3532,-2.631,-0.742,-1.8896,-0.3218,0.417,1.0812,-0.1961,-1.3728,-0.0793,0.1494,-1.5899,1.2472,-0.4745,0.458,2.285,0.0046,-0.0429,0.218,-0.3575,0.4002,0.5658,-1.196,0.0648,-0.2808,-1.6203,-1.3551,1.9207,0.4681,-0.7237,0.0872,-1.1525,0.6072,-0.853,2.5501,-2.9992,-2.0725,1.34,0.508,-0.5726,-0.2072,0.1999,-0.2215,-1.9667,0.2645,-1.9177,-0.8924,-0.5478,-0.9984,0.2455,1.3148,-2.7121,2.3883,-1.1443,-0.2293,-1.9508,0.8795,0.6555,-2.4935,-0.754,0.1743,-2.3272,-1.5143,0.1854,-1.1126,-1.373,1.6353,-0.6825,-2.2185,3.2708,-0.6533,-0.9009,-0.3965,-0.8745,-1.5868,-0.0639,-0.0022,-1.7002,-1.7708,-0.2327,-1.079,0.4905,0.2878,0.9232,3.7935,-1.881,-0.7128,1.2691,-2.5628,1.3745,-0.7218,2.6598,3.2635,-1.1981,0.8862,0.155,1.0702,-0.1689,1.01,-2.5348,0.2053,-1.0175,0.7141,-1.8645,0.1868,-3.222
TCGA-AG-3727-01,2.4,-0.2701,-1.0851,-2.8591,0.8785,-0.0232,-2.1838,-0.8302,-0.2574,-2.7722,-0.0898,-0.1052,-0.3688,-0.5351,-0.314,-0.3215,-0.4731,0.21,0.6405,-0.9185,-0.3812,2.4244,-3.046,1.8978,-0.6872,-0.0479,0.949,-0.1427,0.5509,-0.1897,0.8135,1.6342,-0.0573,0.894,0.4736,0.1252,0.482,-3.8238,-5.0081,1.3396,-0.8487,1.6735,-0.3845,0.769,0.4174,1.0465,-0.5668,0.0736,-0.4944,-0.0912,-1.1835,0.227,-0.4393,-0.2429,-0.459,-0.373,-0.1661,0.171,-1.022,0.2285,-1.96,-2.178,0.6232,-0.1003,-0.3568,0.4205,0.8003,-1.1582,0.1399,-0.4609,0.307,0.4486,0.0483,-1.2342,1.6279,0.4366,0.9233,1.0916,0.7404,0.0251,-0.1381,-2.717,1.5718,0.3212,0.1099,-0.6719,-0.3408,-0.6223,0.167,-1.9635,0.3311,-0.0074,0.0718,0.5284,0.11,0.3404,0.0197,0.0133,-0.9105,-1.129,-5.0303,-0.1131,0.0289,-0.7308,-0.7905,0.2255,-1.8972,-1.9158,-0.0522,0.6928,-0.0491,-0.2432,-2.4536,-0.2031,0.278,0.6715,0.3647,0.528,1.3767,0.2921,-0.5174,0.5901,-1.9493,0.3116,4.5105,0.6863,0.4257,0.7672,-1.237,1.2498,-2.1698,-0.0781,-4.7185,0.9359,-0.4665,0.6428,-2.148,1.7413,-0.4668,-0.1938,-1.4163,-2.6221,-2.716,1.455,-0.2993,2.4843,0.4705,-0.6243,0.3218,-0.2502,-0.2234,-0.2892,-0.8618,-3.0259,-0.9945,-0.1894,0.8448,0.4059,0.0831,-0.8812,-0.5913,-2.4347,0.6197,-0.2408,0.0608,0.0608,1.3848,-1.3043,-0.6946,0.1078,-0.767,0.548,-0.9093,-0.1835,0.3438,-0.3991,-5.6068,-0.6106,2.0229,0.7212,0.0977,2.8425,-1.6201,1.7632,1.0592,0.0032,-0.376,-1.574,-0.0388,-0.5305,-1.2467,-2.7402,-0.2238,0.4981,0.7117,0.9937,-0.3993,-1.5228,-0.3686,-1.167,-0.4608,-1.1175,5.2373,-0.0118,0.9076,0.4652,0.455,0.4103,-0.1816,-0.3916,0.8885,-0.7809,-0.5843,1.7185,-0.2769,0.0884,0.8142,0.119,-0.101,0.6145,-0.6575,0.0982,-0.4616,-1.1608,-0.7245,1.9678,-0.0339,-0.1673,-0.7733,-0.5047,0.783,-0.5577,2.9013,-0.0761,-0.826,1.218,-0.3865,0.9073,1.2431,0.7979,0.5397,-1.4884,0.6328,-2.0553,-0.4355,-0.9105,-0.4208,0.8843,0.8796,-2.0618,1.8138,0.04,0.3773,-1.1422,0.676,0.314,-2.1445,-0.316,-0.1353,-0.8028,-1.8325,0.4792,0.6897,-0.2952,1.1147,-0.8488,-2.6575,2.9588,0.6269,-0.5606,-0.585,-0.8215,-2.1983,0.1425,-0.6072,-1.894,-1.5871,-0.5168,-0.5952,1.0637,0.95,0.9474,3.907,-2.4318,0.0338,1.1705,-2.7032,-1.647,-0.4118,2.0688,1.8682,-0.4296,0.5994,0.6077,1.0258,-0.1841,1.2243,-1.7678,0.5093,-1.4108,0.1876,1.6595,-0.2965,-0.9225
TCGA-AG-3882-01,1.8,-0.8631,-1.0998,-1.3981,1.7545,-1.1055,-2.9815,-0.8488,0.1549,-1.3407,0.4059,-0.512,-1.5547,-1.0368,-0.3459,-1.1147,-0.755,0.018,-0.5693,-0.3995,-0.0217,1.8201,-2.1422,1.4621,-0.2435,-0.0639,0.5344,-0.579,0.3488,0.4234,0.7484,1.567,-0.9288,0.8689,-0.1241,-0.4318,1.7685,-2.9528,-4.2155,0.3935,-1.4949,1.3458,-0.8987,0.081,-0.1176,0.568,0.152,0.6318,0.5869,1.3055,-0.4103,0.025,-0.5401,-1.1428,-0.32,-0.3352,-0.5241,1.8171,-0.746,0.8078,-1.5753,-1.5365,0.1572,0.2955,-1.3434,0.947,-0.4503,-1.2032,-0.6519,-0.4592,0.034,-0.3123,0.4018,-0.3475,0.5145,0.2159,1.6796,0.7284,0.6582,-0.5501,-0.302,-2.4694,2.135,-0.0152,0.3296,-0.2791,0.5978,-1.3971,-0.7868,-0.2715,1.1196,0.2086,0.6275,-0.186,0.0355,1.5695,0.7765,-0.5695,-0.7483,-0.2018,-2.0113,-0.3286,-0.1138,-1.3365,0.016,0.0375,-1.811,-0.8318,-0.0558,0.278,-0.2838,-1.3076,0.4087,-1.0391,-0.7445,1.355,2.2408,2.0295,0.3928,0.1458,-1.9384,1.4744,-2.2232,-0.3426,5.0455,1.21,-0.1828,-0.1848,-1.035,1.392,-2.1333,0.0798,-3.8771,0.8924,-1.218,-0.394,-2.0487,0.3838,0.3998,-0.1232,-1.1988,-1.0396,-1.4852,1.351,-0.1088,1.9578,-0.057,-0.5561,-0.312,0.8064,-0.9096,-0.7972,-0.3342,-2.6665,-1.515,-0.8189,1.34,-0.3204,-0.4971,-1.6274,0.1212,-2.0962,0.9008,0.064,0.1248,0.2268,1.429,-1.0988,-0.7498,-0.6575,-0.645,0.714,-2.4068,-0.0132,0.2776,0.3636,-4.9216,-0.4068,2.0388,0.3693,-0.1921,3.0845,-1.1825,0.747,0.9272,-0.5755,-0.2284,-0.6823,-0.09,-0.9102,-1.4545,-2.095,0.3743,-0.6956,0.683,1.279,-1.0581,-1.6935,-1.8766,-1.35,-0.4968,-0.8772,2.408,-0.123,1.0632,-0.5959,-0.1778,0.4488,0.0233,-1.2684,0.036,-0.5619,0.6075,1.0215,0.2205,0.1657,-0.127,0.5148,0.953,0.6798,0.864,-0.071,-0.3062,-1.2578,-1.1464,1.361,0.2522,-1.2537,0.1247,-0.6155,0.3715,-0.6322,2.7007,-1.5718,-1.892,0.8618,-0.1902,0.8167,0.6806,1.1159,0.8232,-2.0985,0.3662,-2.1962,-1.3199,-1.3127,0.073,0.009,0.3868,-1.6564,1.8408,-0.3553,0.2022,-1.3132,0.2862,0.2118,-1.705,-0.2639,0.297,-2.1028,-1.0778,0.8176,-0.7803,-1.1673,1.7606,0.5845,-1.606,4.503,-0.3188,-0.6764,-0.7495,-0.0792,-0.0342,-0.9485,0.0315,-1.4938,-1.0227,0.2653,-0.4957,0.7712,-1.412,0.6291,3.992,-0.1902,0.2905,1.6381,-2.4798,2.169,1.1755,2.0828,5.969,-0.454,0.583,0.2609,1.139,0.017,0.3982,-1.7476,0.1297,-1.2182,-0.17,-0.9212,-0.8615,-2.8777
TCGA-AG-3890-01,2,-0.2162,-1.5507,-1.6656,0.922,-0.7674,-1.3263,-1.0346,0.192,-1.2758,-0.1344,-0.3372,-1.2374,0.3605,0.0177,-1.2108,-0.7789,0.1165,-0.8203,0.3522,-0.9668,2.2744,-2.1196,1.0933,-0.3298,0.158,-0.3369,-0.1822,0.6915,0.0705,1.1646,1.531,-0.9014,0.9718,1.1875,-1.6879,1.1613,-2.6858,-4.3435,1.0536,-0.5468,1.5321,-0.8468,0.144,0.1053,1.42,-0.0932,0.2657,0.3061,0.516,-0.7223,0.0405,0.7069,-0.7615,-0.211,-0.8685,-0.431,0.5633,-1.1055,0.202,-1.571,-1.3585,-0.2071,-0.073,-0.9139,0.5898,0.3727,-0.7192,-0.4071,-0.7189,0.446,-0.0038,0.7999,-0.6508,0.0266,-0.2756,1.4094,1.1102,0.3125,-0.0409,-0.7689,-1.3518,2.3569,0.4956,0.116,-0.1985,0.3079,-1.7506,-1.5898,-1.3305,0.632,-0.0854,0.4648,-0.0132,0.0465,1.7533,-1.0415,-0.0507,-1.801,-0.311,0.3502,-0.6736,0.0442,-0.9418,-0.2535,0.7012,-2.1127,-0.7242,-0.3058,0.1867,-0.4222,-0.9574,0.6596,-0.8016,-0.4876,0.77,2.3313,1.304,0.4498,0.0036,-1.4632,1.2112,-2.4132,-0.4222,5.1815,0.4002,-0.1646,-0.0547,-1.0088,1.6067,-1.2411,0.3936,-3.7635,1.0942,-0.423,0.2072,-1.5704,0.4222,-0.5937,-0.4895,-1.2515,-1.494,-1.1996,2.665,0.6568,1.4703,0.1755,0.076,-0.5603,-0.5162,-0.7662,-0.4327,-0.8345,-2.1448,-1.5135,-0.3195,0.6822,0.481,0.588,-1.4832,0.3742,-1.7287,2.0387,-0.0235,0.0778,-0.2438,1.4112,-1.0371,-0.3742,-0.6624,-0.2895,1.045,-1.1697,-0.357,0.0766,0.5798,-4.5886,-0.2423,1.8682,0.5275,0.0983,3.3735,0.1763,0.7249,1.563,-0.0768,-0.4012,-0.9308,-0.8552,-0.9517,-1.8167,-2.2176,1.147,-0.523,1.0953,0.4072,0.1497,-1.3782,-1.2638,-0.794,-0.645,-0.7418,2.9695,-0.0932,0.7036,-0.3356,-0.5853,0.273,0.5431,-0.9882,-0.5645,0.5194,0.6414,1.2607,0.4037,0.2738,-0.2518,-0.1396,0.7008,0.526,0.5407,-0.069,-0.09,-1.09,-0.7829,2.2053,0.3498,-1.0807,-0.3795,-0.609,1.3102,-0.2536,2.9624,0.0265,-0.4685,0.561,0.218,0.2995,1.14,0.4354,-0.4095,-0.4549,-0.6062,-2.2332,-1.4862,-0.3525,-0.5265,0.1683,0.7531,-0.5839,2.3092,0.6122,1.1398,-1.752,1.1285,0.3455,-2.045,-0.5512,-0.3248,-1.4518,-1.8005,0.2969,0.0418,-0.8587,2.2463,0.528,-1.9308,4.0402,-0.0462,-0.5364,-0.9535,-0.1465,-0.1978,0.4279,-0.0385,-1.5686,-0.8087,0.4703,-0.8577,0.0457,-1.192,1.1907,3.7608,-1.5005,0.15,1.2188,-1.7523,0.9772,0.8995,1.948,3.8057,-0.0209,1.0202,0.5017,1.3377,-0.0145,0.4039,-1.4271,0.3503,-1.5638,0.242,-1.2335,0.0342,-1.1852
TCGA-AG-3893-01,2.9,-0.4598,-1.342,-1.766,1.3125,0.0705,-1.0243,-0.9342,-0.1615,-1.7894,0.3255,-0.2881,-1.1565,-1.4078,-0.5085,-0.7002,-1.4068,-0.0385,-1.795,-0.2561,-0.6468,2.5627,-2.1649,1.3357,-0.8098,0.1484,-0.1825,-0.5655,-0.1812,0.541,0.9683,1.6155,-1.0188,0.8637,0.2664,-1.2952,0.422,-3.17,-4.7018,0.4181,-1.7036,1.2652,-0.6607,-0.1665,0.2155,1.0595,-0.1368,0.1887,0.4022,0.4888,0.0763,0.1228,0.6865,-1.0879,-0.021,-0.5535,-0.5034,0.5405,-1.0137,0.6828,-1.434,-1.4375,0.2245,0.1935,-0.9254,0.1752,-0.3818,-0.8708,-1.2386,-0.1505,-0.6075,0.0061,0.5953,0.212,0.0048,0.148,0.6397,0.6812,0.5119,-0.1821,0.3529,-1.3179,1.1925,0.2309,0.0134,-0.2354,-0.9339,-1.6389,-0.9183,-1.976,0.268,-0.0404,1.7495,-0.737,-0.1325,0.5845,-0.5902,-0.3892,-0.8768,-0.8508,-1.7542,-0.4733,0.0516,-0.9752,0.3052,0.4128,-2.3195,-1.8612,0.0391,-0.6395,-0.285,-1.3491,-0.7029,-0.3984,-1.1814,0.73,0.3042,-0.211,0.1595,-0.4537,-1.4267,0.2822,-1.9442,-0.3012,5.1288,0.2905,-0.2343,-0.8057,-0.283,1.5514,-1.3762,0.2591,-4.2638,1.1285,-1.426,0.2825,-1.452,-0.0188,-0.5958,-0.286,-1.3355,-2.0379,-2.6586,1.2493,0.2317,1.1959,0.43,-0.4786,-0.698,-0.1329,-0.3459,-0.4752,-1.5266,-1.7262,-0.981,-0.8929,-0.0968,-0.0804,-0.7103,-1.7276,1.2903,-1.3328,1.8426,-0.2257,-0.5392,-0.6144,2.0164,-1.4584,-0.2966,-0.5311,-0.3748,1.1232,-1.6263,0.1378,-0.25,0.7697,-4.7008,-0.3544,1.8,0.4047,0.1579,2.6495,-0.9219,0.7769,1.2462,-0.4625,-0.383,-1.2083,-0.5492,-0.6383,-2.386,-1.8771,0.6232,-0.4742,1.1233,0.9088,0.5293,-1.5455,-0.9669,-2.2305,-0.4542,-0.8447,0.4712,0.0118,2.0058,0.0574,0.2108,0.3782,-0.795,-1.1468,-1.342,0.1476,1.0303,0.961,0.4903,-0.0981,-0.3247,-0.0362,0.3805,0.581,-0.4285,0.5952,-0.1765,-1.542,-1.235,2.5888,0.9382,-1.6292,-0.4848,-0.5352,1.208,-0.2859,2.896,-2.1345,-0.7925,0.8438,0.0618,0.498,0.0731,0.6226,0.3222,-0.6414,-0.0397,-1.6828,-1.3722,-0.9942,-0.156,0.471,0.3605,-0.6673,1.7188,0.4483,1.0503,-1.861,1.2312,0.015,-2.1245,-0.5068,-1.0593,-1.6212,-1.4288,0.1195,-0.2927,-1.4383,1.7419,-0.3438,-2.0152,3.2422,0.1568,-0.8105,-0.897,0.1952,-1.591,-0.2542,0.3105,-1.079,-0.7517,0.1602,-0.4122,0.856,-1.6085,1.514,3.0318,-0.8548,0.013,1.4192,-2.0407,-0.1322,0.8455,1.8308,3.5497,-0.4504,1.1843,0.3494,1.416,-0.1892,0.9108,-1.3791,0.1803,-1.8755,-0.426,-0.9495,-0.3515,-2.3078
TCGA-AG-3896-01,2.666666667,-0.5246,-1.5321,-1.5792,0.407,-0.5411,-1.4582,-1.2224,-0.7389,-2.0833,-0.3971,-0.5088,-0.8009,-1.5189,-1.0898,-0.5415,-0.7752,1.2352,-1.6032,-0.4892,-0.1052,2.0472,-2.4942,1.8237,-0.7738,-0.4452,-0.0444,-0.2295,0.1258,-0.3911,0.8603,0.8911,-0.7551,0.529,0.506,-1.3836,0.5808,-2.3275,-4.8554,0.9798,-1.1799,1.2202,-0.8262,0.685,0.4245,1.0636,-0.4785,0.3243,0.0426,0.447,-0.6743,-0.1698,0.9075,-0.9399,-0.2355,-1.0367,-0.6319,0.4491,-0.2068,0.7005,-2.017,-1.5735,-0.0706,-0.2918,-0.8351,0.7672,0.0287,-1.4392,-0.3744,-0.578,0.562,0.5922,0.1547,-0.4018,0.2056,0.3366,0.3166,0.8706,0.6209,0.058,0.2099,-1.8888,1.6106,0.5826,0.356,-0.4512,0.1895,-1.5518,-0.9375,-2.357,0.56,-0.3434,0.7202,0.1839,-0.0475,0.4049,1.015,-0.4623,-0.7628,-0.4892,0.8298,-0.2205,0.2502,-1.111,-0.4618,0.5778,-1.8472,-1.703,0.0224,0.2163,0.0554,-1.0429,0.1521,-0.8266,-1.1889,0.5695,1.2737,0.565,0.2742,0.4369,-1.3009,1.0831,-2.3022,-0.08,5.3075,0.2755,0.0402,-1.5138,-0.6749,1.2118,-1.209,0.5672,-4.0356,1.0375,-1.3775,0.436,-1.8102,0.0342,-0.4803,-0.3275,-1.2667,-1.9975,-1.8561,1.7427,0.4708,1.8373,0.962,-0.1252,-0.1435,-0.164,-0.4451,-0.2352,-1.5589,-2.4685,-1.3165,-0.5021,0.7407,0.5362,-0.5833,-1.4095,0.7434,-1.7003,1.133,-0.0595,-0.4742,-0.0905,1.4307,-1.0008,-0.4338,-0.2405,-0.2205,0.698,-1.7623,0.3435,-0.0061,0.6902,-3.7964,-0.4691,1.6545,0.0508,-0.299,3.671,-0.9278,1.3484,1.0535,-0.1875,-0.5733,-0.5743,-0.6375,-0.9937,-1.0478,-2.6394,-0.0332,-0.6703,1.5133,1.408,0.2517,-1.0768,-1.0616,-1.0095,-0.6672,-0.7578,0.6305,0.2572,0.7254,-0.1261,0.145,0.9145,0.5024,-1.4878,-0.3295,-0.303,0.2039,0.8068,0.0281,0.123,-0.0757,0.2536,0.0532,0.2118,-0.0725,0.119,-0.3782,-0.7742,-0.8072,2.5645,0.3192,-0.078,0.4012,-0.5272,0.7258,-1.1715,2.9234,-0.6618,-0.6235,1.0503,0.2872,-0.006,0.0406,0.0526,0.1116,-1.0943,0.0829,-1.7066,-1.5375,-0.4898,-0.5337,0.2623,0.6982,-1.0684,2.1638,0.4038,1.183,-2.2275,1.3148,0.4783,-2.5425,-0.6728,-0.3285,-1.2565,-1.8952,1.0961,-0.6403,-0.8658,1.2189,-0.1087,-2.0292,3.0562,-0.0268,-0.8572,-1.0775,0.078,-1.3322,0.1252,0.39,-1.9996,-0.8884,-0.038,-0.8008,0.0833,-0.6742,1.6672,3.48,-0.2278,0.1385,1.2474,-2.4742,0.1605,-0.5782,1.6052,3.9925,-0.056,0.7243,0.3151,1.3082,-0.1266,0.4632,-1.546,-0.0332,-1.1595,-0.2649,-0.891,-0.2418,-1.817
TCGA-AG-3898-01,2.633333333,-0.4646,-1.243,-1.0894,1.228,-0.5009,-1.1957,-1.3061,0.2144,-1.2506,-0.0343,-1.0032,-0.98,-2.0014,-0.7308,-0.7682,-0.3791,0.1622,-1.121,-0.2078,-0.2655,1.4754,-2.7152,1.2376,-1.163,-0.1489,-0.2712,-0.4722,-0.5993,-0.3451,0.6401,4.0126,-0.6946,0.3502,-0.6855,-1.3377,0.578,-2.2212,-4.6496,0.2516,-1.2611,0.9372,-0.4558,0.5195,-0.2011,0.4849,0.1695,0.0648,0.0831,0.7328,-1.7637,-0.2822,0.0194,-0.2266,-0.6445,-0.844,-0.3761,0.9911,-0.9163,0.256,-1.366,-1.0105,0.0059,-0.2212,-0.7086,0.445,-0.2148,-0.9832,-0.3143,-0.0858,0.214,-0.0081,0.0336,-0.5868,0.1607,-0.1572,0.7097,0.3584,0.485,0.0984,-0.4643,-1.3584,2.0022,0.2576,-0.0865,-0.4782,-0.0199,-1.6674,-0.937,-1.3262,0.525,-0.256,1.106,-0.4686,-0.357,1.152,-1.0917,-0.703,-1.0468,-0.2672,0.197,-0.539,0.4493,-0.269,0.0602,0.4262,-1.7238,-1.3705,-0.1048,0.072,0.2348,-0.7783,-1.2752,-1.1501,0.0659,1.4585,0.0588,0.346,4.5597,0.2115,-2.2607,1.0502,-2.841,0.4745,4.2902,1.2923,-0.3217,0.1263,-0.4409,0.5686,-0.8469,0.5305,-4.2694,0.6787,-0.9725,0.1365,-1.5095,0.3868,-0.3815,-0.566,-0.8585,-1.6251,-2.3785,1.0657,-0.0988,1.5417,0.1205,-0.0249,-0.4755,-0.8009,-0.2334,-0.5228,-0.4191,-2.0368,-0.7745,-0.1125,0.7129,-0.2051,-0.364,-1.0492,0.3219,-0.7458,0.2812,-0.0022,-0.0682,-0.0117,1.3797,-1.2995,-0.6167,-0.4814,-0.6205,0.2848,-1.8037,0.1655,0.1165,0.6143,-4.2001,-0.2728,1.6316,-0.0731,-0.1639,2.7655,-1.2238,0.8366,0.8748,-0.6607,0.0672,-0.8107,-0.7183,-0.7136,-1.4818,-2.3914,0.151,-0.3543,0.8784,0.6822,-0.3639,-0.4552,-1.2775,-0.909,-0.2018,-0.549,2.033,0.028,0.3472,0.0604,0.3545,0.6038,0.0626,-1.2695,0.1352,0.1096,-0.9265,0.4897,0.2202,0.2204,-0.3233,0.6299,1.0368,0.36,-0.3275,-0.317,-0.0076,-1.2698,-0.9531,1.8542,0.3814,-0.3105,0.2968,-0.4833,1.5045,-0.695,2.5052,-1.2682,-0.532,0.2985,0.02,0.648,-0.1212,0.4019,-0.5294,-0.8292,-1.1924,-2.0348,-1.1755,-0.6498,-0.2536,-0.0935,0.8724,-1.0485,2.3155,-0.363,0.9712,-1.356,0.9355,-0.2192,-1.6748,-0.0641,-0.301,-1.2058,-1.746,0.539,0.056,0.0508,0.6794,-0.0683,-1.6038,2.9588,-0.0869,-0.8541,-0.1565,0.0345,-1.1197,0.4954,-0.1112,-1.4428,-0.4807,-1.0623,-1.0772,0.3648,-0.8332,1.3443,3.0027,-1.3905,0.1878,0.8598,-1.8395,0.1908,-0.21,1.474,3.6135,-0.3169,0.1207,0.3742,0.8922,0.5214,-0.3502,-0.9717,0.082,-0.5248,-0.6942,-0.7925,-0.605,-1.3778
TCGA-AG-3909-01,2.433333333,-0.589,-0.8769,-0.8818,0.055,-0.4138,-1.24,-0.8508,-0.5661,-1.7,-0.5342,0.1476,-1.1158,-1.436,-0.5619,0.1395,-1.2418,0.2042,-1.7723,-0.0124,-0.2595,3.3077,-2.446,1.1954,-0.815,0.5867,-0.3981,-0.4465,0.0578,1.3976,0.5839,1.5421,-1.1741,0.3852,0.1764,-0.3336,0.9302,-2.3857,-4.4518,1.373,-1.1333,1.4065,-0.7463,0.33,-0.1687,1.1645,0.3452,-0.0562,-0.0396,0.2062,-0.7517,-0.1463,0.8227,-1.1032,0.39,-1.0973,-0.4129,1.2242,-0.7873,0.3185,-2.046,-2.0875,-0.0072,0.3457,-1.0738,0.5802,-0.4077,-1.653,-0.3318,-0.4025,0.331,0.2654,0.0091,-0.0598,0.0263,0.1351,0.8761,0.7171,0.7921,-0.0493,-0.0926,-1.3778,1.787,0.3045,0.0863,-0.6195,-0.2358,-1.3611,-0.8435,-2.3332,0.1285,0.1972,0.4995,-0.0622,-0.247,0.2916,-0.2472,-0.599,-1.1313,-0.049,-0.4407,-0.7913,-0.1592,-1.092,0.4382,0.379,-2.599,-1.313,-0.3526,-1.0186,0.3188,-0.095,-1.7674,-0.8869,-1.2425,0.309,1.7778,1.059,0.1837,-0.2198,-0.6442,1.1595,-2.6075,-0.8339,4.8758,0.0162,0.2257,-1.3418,-0.731,1.5758,-1.1801,0.1948,-3.9598,1.5042,-2.0045,0.0642,-1.8952,0.7133,-0.6212,-0.3495,-1.4912,-1.6245,-1.734,0.9373,0.274,1.2534,0.364,-0.1147,-0.0495,-0.2611,-0.4955,-0.5989,-1.0308,-2.4573,-0.9915,-0.2042,0.279,0.0249,-1.1094,-1.6297,0.5518,-1.6757,1.2272,-0.0863,0.3098,-0.1018,1.143,-0.601,0.167,-0.2657,-0.524,1.0092,-1.3698,0.2595,-0.404,0.8438,-4.6341,-0.0618,2.0809,0.111,-0.1451,2.68,-0.2869,1.5634,1.2325,0.0278,-0.6329,-0.8822,-0.7882,-0.8746,-2.3678,-2.8291,-0.1735,-0.5831,0.9343,0.8842,0.8876,-1.2499,-1.2884,-1.285,-0.5918,-0.7407,0.0295,0.4168,1.6728,-0.3664,-0.0585,1.2205,-0.2918,-1.5186,-0.9672,-0.5552,0.7946,1.0475,0.1501,0.103,0.3825,0.2189,0.5452,0.439,-0.4182,0.596,-0.1902,-2.001,-1.0592,2.8385,0.5989,-1.6013,0.4162,-0.8685,1.299,-0.6832,3.0311,-2.1228,-0.9815,0.9177,-0.0918,0.6194,0.7026,0.7604,0.0709,-0.3458,0.7568,-2.2246,-1.4475,-1.35,0.0739,0.5278,0.3129,-1.1411,2.376,0.2813,0.5482,-2.4602,1.581,0.2602,-2.4438,-0.6448,-0.9787,-2.1285,-1.2252,0.0634,-0.3974,-1.1717,1.3556,0.2222,-2.4827,3.3415,0.2496,-0.6425,-1.079,0.016,-1.1285,-0.1559,0.1645,-2.1495,-0.66,1.0417,-0.4185,0.5435,-0.5588,2.0176,3.8378,-0.374,0.2585,1.3464,-2.1167,0.3945,1.043,1.7415,3.106,0.1561,1.1402,0.1456,0.93,0.054,0.9946,-1.3447,-0.0763,-1.1215,0.4489,-1.2808,-0.3703,-2.31
TCGA-AG-4001-01,3,-0.8074,-1.8388,-1.1235,1.263,-0.2751,-0.8798,-0.9352,-0.135,-1.7463,0.1607,-0.1258,-0.9955,-0.9942,-0.438,-1.015,-0.8195,0.7842,-1.6117,0.0418,-0.6695,2.6996,-1.7082,1.7749,-0.5082,0.0656,0.5274,-0.184,0.0006,1.217,1.1094,0.9224,-1.1461,0.2351,-0.0106,-2.4794,0.5005,-3.074,-4.5884,0.3746,-0.5824,1.1078,-0.249,0.172,0.554,1.454,0.2175,0.2072,0.5893,0.6235,-1.3423,0.0817,1.0434,-0.4838,0.3325,-0.9477,-0.5364,0.1257,-0.4125,0.317,-0.9693,-0.9365,-0.0004,0.3303,-0.7014,0.415,-1.3925,-0.6885,-0.4341,-0.618,0.296,0.6123,0.6307,-0.1052,0.5736,-0.3988,0.9743,0.3348,0.4975,0.3649,-0.4189,-0.243,1.9215,0.7634,0.0736,-0.4347,0.2566,-1.0395,-0.9547,-0.8998,0.3951,-0.2153,1.2638,0.2148,-0.4535,1.6053,-1.816,-0.8872,-0.7567,0.354,-0.8387,-0.7504,0.0562,-1.5683,0.6018,1.2252,-1.8913,-1.5465,-0.0645,-0.7993,0.076,-0.156,1.3951,-1.2371,-0.9675,1.0595,0.3865,0.5255,0.8243,0.3484,-1.2624,2.1612,-2.7178,-0.6558,5.1098,0.4035,-0.0821,-0.6542,0.8614,1.5944,-1.3527,0.9101,-3.7075,1.5692,-1.252,-0.112,-1.2731,-0.2105,-0.6775,-0.9358,-1.3733,-1.9366,-2.7564,1.7727,1.2897,1.823,0.3113,0.0789,-0.0367,-0.514,-0.5849,-0.4078,-0.8998,-1.1658,-1.0345,-0.1391,0.4076,0.5878,-0.4701,-1.6926,0.7812,-1.639,3.5384,2.1048,0.1558,0.2005,2.0085,-0.93,0.3148,-0.2663,-0.2125,0.7895,-1.5952,-0.1298,-0.224,0.5679,-4.9984,0.0689,2.0118,0.1794,0.0608,2.8395,-1.8691,1.362,0.9772,0.0758,-0.0768,-0.0208,-0.78,-0.8121,-2.211,-1.6249,0.2165,-0.5563,0.3703,1.135,0.2373,-1.1715,-0.714,-0.53,-0.497,-0.4326,4.0105,0.1035,0.0444,-0.3278,0.8342,0.9998,-0.7938,-0.7321,-0.219,-0.0898,0.8164,1.2835,0.0866,0.3086,-0.2937,0.0106,0.6895,0.1915,-0.164,0.078,-0.0346,-1.3902,-1.0924,2.6635,1.0319,-1.4922,-0.3468,-0.6802,1.4008,-0.2088,3.3042,-1.7576,-0.774,0.876,0.172,0.6044,-0.0647,0.1571,0.2407,-0.5407,0.3157,-1.3339,-1.4234,-0.3777,0.1058,0.253,0.6659,0.4992,2.4605,0.7093,2.1273,-1.6852,1.5478,0.0918,-1.7938,-0.4197,-0.008,-1.5787,-1.113,0.5387,0.3043,-1.5665,1.1589,-0.0523,-1.7228,3.8648,-0.0642,-0.3149,-0.3065,-0.0635,-0.4118,1.019,-0.0372,-2.4109,-0.2896,0.963,-0.041,0.288,-1.3992,0.903,3.3282,-1.3758,-0.3562,1.09,-2.5422,-1.739,0.676,1.8395,3.6715,-0.3325,1.3765,0.555,1.0275,0.0706,0.6623,-1.2335,-0.2435,-1.1645,0.0776,-1.0605,-0.5375,-1.7758
TCGA-AG-A008-01,1.4,-0.0369,-0.0949,-2.4009,0.7765,-0.1081,-0.9403,-0.587,-0.5855,-1.0687,-0.0918,0.0701,-0.528,-0.2391,-0.6618,-0.7568,-0.487,0.4618,-0.1183,-0.5969,-0.795,2.4934,-3.2525,1.7922,-0.2065,0.2045,1.4857,-0.0672,0.1953,-0.6447,1.1099,1.2666,-0.7923,-0.0459,1.5919,-0.5696,-0.1977,-2.846,-4.8664,1.4006,-0.7569,1.6631,-0.4695,0.466,0.9728,1.9126,-0.2363,-0.1121,0.0549,0.4202,0.7173,0.2102,0.3629,-0.7329,0.322,-0.2603,0.0182,-0.2266,-0.6242,0.389,-1.0932,-0.862,0.9281,-0.329,0.0382,0.203,0.5107,-1.1485,-0.0049,-1.6742,0.174,0.0981,-1.5666,-0.7085,1.5367,0.5511,0.372,0.643,0.2256,0.407,-0.5266,-3.2922,1.5602,0.922,0.3415,-0.5467,-0.779,-0.1599,0.1748,-0.5975,2.0874,0.0407,0.3292,0.3752,0.2122,0.8422,0.957,-0.3987,0.2403,-0.0145,-4.2872,0.0161,0.0516,-0.0057,-0.4752,1.0108,-2.3532,-3.705,0.074,0.7437,-0.2556,-0.5385,1.0632,-1.0421,-0.7259,0.3735,0.3655,-0.0558,0.5172,0.0864,-0.7224,0.1274,-1.6073,0.2379,3.8865,-0.2558,0.5201,0.4043,-2.9424,1.5468,-2.1129,0.3336,-5.8535,1.9458,-1.4165,0.4292,-2.2803,0.958,-1.0063,-0.062,-2.8375,-3.7358,-3.16,2.3288,0.3953,2.0341,0.695,-0.0079,0.0808,-0.0928,-0.3935,0.5781,-0.6054,-3.7852,-1.0998,-0.206,0.3039,1.8431,0.6879,-1.1138,0.6819,-2.4288,1.6635,-0.3283,-0.2972,-0.7442,0.3276,-1.494,-1.2776,-0.5083,-0.0835,0.1922,0.1618,-0.9495,0.1214,-0.1171,-5.4815,-0.4171,2.2179,0.8602,-0.0568,3.401,-0.1351,0.8926,1.1722,0.0392,-0.3218,-2.0442,0.373,-0.7328,-0.5842,-3.5569,0.1812,1.0322,0.6064,0.13,-1.0897,-0.9414,-0.459,-0.7725,-0.8438,-1.6405,0.12,-0.1585,0.5048,-0.0845,-0.0782,0.5307,0.3075,-1.556,1.7825,-0.714,-0.0038,1.6583,0.3794,0.0641,0.5277,-0.1092,0.906,0.326,-0.6368,0.013,-0.7094,-0.7322,-0.649,2.2178,0.0455,-0.3342,-0.152,0.0313,1.7808,-1.1026,2.7309,0.8446,-1.328,1.4043,0.3282,0.0804,-0.0032,0.2698,-0.1345,-2.0592,-0.3727,-2.6804,-0.0755,-0.6878,-1.3329,-0.047,1.4061,-3.2158,2.4645,0.6527,0.6975,-1.122,0.724,0.7118,-1.7958,-0.3988,-1.0042,-0.827,-2.3705,-0.4972,-0.1476,-1.3607,1.5086,-0.8565,-0.6658,3.8315,0.6224,-0.1965,-0.6405,-0.658,-2.8552,0.4219,-0.346,-1.3611,-2.0662,-0.3017,-0.2537,0.1173,0.6575,0.9311,3.5588,-1.5938,0.1675,0.6046,-2.5245,-0.5772,-0.6055,2.581,4.4725,-2.0601,0.8851,0.6912,1.5253,0.001,0.7677,-2.1661,0.1517,-0.8248,0.2426,-1.031,0.2355,-1.8782
TCGA-AG-A00C-01,1.733333333,-0.0534,-1.1622,-2.2701,1.749,-0.0671,-2.5878,-0.1142,-0.2094,-0.7178,0.4648,0.1005,-0.6211,-0.9471,-0.4967,-0.7708,-0.5329,1.256,-2.2397,-0.2311,-0.664,2.5263,-1.2548,1.1638,-0.3075,0.0997,0.8259,-0.1842,-0.8242,-0.5461,1.0596,1.8322,-0.8612,0.9413,-1.0008,-1.1306,0.9575,-3.2935,-4.5796,0.9742,-1.7826,1.1596,-0.5278,0.255,1.1856,1.83,-0.0952,0.008,0.4809,0.9238,-2.2728,-0.1433,0.4659,-0.2582,0.301,-0.2515,-0.5019,0.9033,-1.2873,0.5152,-1.6282,-1.697,0.6224,0.3073,-0.4629,0.2995,1.4828,-0.9782,-0.3285,-1.5295,0.5295,0.4154,-0.8272,-0.1808,0.8695,-0.1099,1.0932,0.9565,0.3266,0.3581,-0.3458,-2.298,2.0493,1.1237,0.0486,-0.3723,-0.6966,-0.5713,-0.405,-3.4218,0.5883,0.2236,1.038,0.113,-0.4338,0.4507,-0.0158,-0.3485,-0.3343,-0.003,0.3253,0.0134,0.6538,-1.0297,-0.2815,0.4975,-1.6062,-2.8162,-0.57,0.2236,-0.4036,-0.6318,-0.6122,-0.6589,-0.1438,0.572,1.0785,0.42,0.8098,-0.1603,-1.3999,0.0592,-2.6778,-0.0041,3.6042,0.2007,0.2037,-2.0352,-2.2462,1.2708,-2.3637,-0.5924,-5.1705,1.4816,-1.7248,-0.1403,-2.6571,0.7465,-1.1385,-0.943,-2.3237,-2.5241,-2.5331,1.8557,0.5252,1.3362,0.0825,0.5408,-0.279,-0.4972,-0.2705,-0.5054,-0.9948,-3.3883,-0.3852,-0.4895,0.4182,0.5734,-0.801,-0.7464,0.589,-2.0815,1.2906,0.3175,-0.2282,-0.5755,0.3096,-1.686,-0.9464,-0.9334,-0.432,0.0325,-0.4578,-0.0898,0.4596,0.2569,-5.2874,0.4397,1.5461,0.7957,-0.1285,3.6995,-1.449,0.736,0.4272,-0.3878,-0.4134,-1.5505,0.2885,-0.8656,-1.9367,-3.9188,0.2985,0.6207,0.3477,0.6287,-0.8128,-1.0249,-0.4282,-0.484,-0.8222,-1.8212,3.2102,-0.1365,0.647,-0.6066,0.0848,0.7657,-0.4229,-0.7294,0.3262,0.3189,0.314,1.5598,-0.1163,-0.0729,0.9178,0.2013,-0.478,0.546,-0.9632,0.1628,-0.3035,-1.233,-0.7809,2.306,0.2119,-0.4338,-0.748,-0.1445,1.5412,-1.0054,2.6458,-0.2438,-2.4735,1.7387,0.0005,0.2373,0.2287,0.8425,0.4646,-0.9665,0.5142,-2.5101,-0.5082,-1.188,-0.3519,0.6473,0.9691,-3.4959,2.3008,0.4228,-0.7563,-1.1935,1.124,0.4562,-1.6765,-1.1571,-0.4397,-1.3012,-3.889,-0.519,0.5751,-1.8432,1.2375,0.0537,-2.4415,2.6185,0.2216,0.0709,-1.0435,-0.1403,-2.7198,0.3145,0.1593,-2.0384,-2.2315,-0.8718,-0.4663,1.2332,-0.2852,1.3222,2.9168,-1.9922,-0.2598,0.8034,-2.644,-1.0798,-2.286,2.3272,4.1063,-1.0745,0.7408,0.3338,1.0787,-0.2198,1.6544,-2.3152,0.3397,-1.9252,0.7816,-0.741,-0.6372,-2.5045
TCGA-AG-A015-01,1.8,-0.6896,-1.0295,-2.0268,0.95,-0.49,-2.454,-0.328,-0.6176,-0.7474,-0.1339,0.1005,-1.2692,-0.814,-0.3367,-0.426,-0.727,0.8458,-1.4833,-0.4471,-0.066,3.0828,-2.9036,1.6905,0.0455,0.4498,0.5321,-0.0038,-0.2685,0.4734,0.7146,1.1739,-0.6031,0.3069,0.0378,-0.6816,0.1558,-2.8015,-4.8504,0.5864,-1.1102,1.6369,-0.717,0.599,0.4629,1.3011,-0.348,-0.2937,0.1182,0.4425,0.0313,0.2255,0.9163,-0.5941,-0.673,-0.5447,-0.2956,1.2628,-0.9252,0.388,-1.7323,-1.6785,0.0092,-0.065,-0.7017,0.5068,0.5643,-1.4835,-0.5083,-1.4422,0.009,0.4273,-0.5963,-0.738,0.6796,0.5695,0.7926,0.746,0.5511,0.3336,-0.0249,-1.6441,1.3898,0.3942,0.1474,0.4096,0.0631,-0.9031,-0.4492,-3.226,0.171,-0.127,-0.2568,0.1022,-0.13,0.7538,0.5363,-0.465,-0.5883,-0.5128,-0.7825,0.0377,0.0572,-0.698,-0.5265,0.2438,-2.1428,-2.9732,-0.1646,0.2913,0.4042,-1.0445,0.2657,-0.7875,-0.7611,-0.2045,0.6473,0.2092,0.0778,0.0166,-0.3659,0.5724,-2.281,-0.1819,4.1642,-0.5235,0.6063,-1.6747,-1.9644,1.6997,-1.628,-0.8372,-4.5241,1.6702,-0.736,0.0138,-2.3393,0.7497,-0.7663,0.0492,-2.3565,-2.486,-2.4232,1.581,0.6268,1.1954,0.1242,-0.184,-0.4093,0.4039,-0.698,0.476,-0.4395,-2.6379,-0.6925,-0.7014,-0.4379,0.1364,-0.1441,-0.9296,-0.0015,-2.2642,2.5844,-0.0285,-0.001,-0.5643,0.5022,-1.2705,-0.5233,-0.8186,-0.6732,0.2023,-0.3895,-0.3098,0.6166,-0.0121,-4.5088,0.1459,1.9294,0.4523,-0.0122,3.325,-1.9415,0.9308,0.3478,0.4302,-0.551,-2.0085,-0.6245,-1.3605,-1.2883,-2.945,0.274,0.7426,1.1795,0.6375,-1.3757,-1.4896,-0.9549,-0.945,-0.8588,-1.5031,1.6598,-0.1445,1.192,0.1518,-0.7215,1.038,0.2562,-0.8788,0.6602,-0.168,0.6832,1.354,0.23,-0.0657,0.7063,-0.2476,0.206,0.4315,-0.5162,-0.257,-0.3451,-1.0668,-0.5096,2.7483,0.5434,-0.557,-0.5372,-0.2367,1.0512,-0.5928,2.9726,1.2803,-2.066,1.2432,0.0365,0.1124,1.8291,0.4498,0.5267,-0.2675,0.4452,-2.167,-0.891,-1.1885,-0.6786,0.3382,0.456,-3.0463,2.461,0.4738,-0.0195,-1.1505,0.3408,0.6952,-2.6268,-0.9118,-0.4033,-1.4425,-2.1,-0.3289,0.2577,-1.328,0.9543,-0.3873,-1.76,1.6798,0.5151,-0.5916,-1.114,0.0778,-2.443,-0.3993,0.3508,-1.6342,-2.1342,-0.3853,-0.7033,0.7097,0.4075,1.3778,3.893,-1.1125,0.6292,0.9585,-2.1063,-0.4135,-1.374,2.8395,4.4738,-1.0106,0.1965,0.4145,1.3393,-0.0389,1.3768,-1.6558,-0.252,-1.55,0.3018,0.9392,-0.285,-1.8625
TCGA-AG-A01L-01,3.066666667,-0.5956,-0.2149,-3.0431,0.4205,-0.9894,-2.49,-0.1565,-0.213,-1.1684,-0.2881,0.3419,-0.613,-0.9269,-0.1572,-0.4288,-1.3575,0.8628,-1.9277,-0.1754,-0.7678,2.5208,-3.448,1.5294,-0.2408,0.6162,1.0038,-0.0602,-0.1954,0.5618,0.0502,1.1559,-0.2997,0.0188,-0.5676,-0.6117,0.597,-3.38,-4.6702,1.1364,-0.8803,1.4352,-0.2818,0.203,0.0957,1.078,-0.4327,0.0651,-0.0052,0.021,-0.7435,0.3003,0.4046,-0.8594,-0.0095,-0.5428,-0.5031,0.8515,-0.703,0.6415,-1.01,-1.6415,0.4979,-0.1417,-1.0106,0.7205,-0.4732,-1.6875,0.1556,-0.5282,0.2915,0.6241,-0.7003,-0.2642,-0.1211,0.4382,0.8341,1.2306,0.6087,0.2326,0.6773,-0.618,1.6255,0.6149,0.6015,-0.0753,-0.6222,-0.6964,-0.7655,-2.7462,-0.2675,-0.464,0.345,0.3692,0.0475,-0.1148,0.4708,-0.1457,-0.621,0.2262,-1.7233,0.0164,0.079,-0.996,-0.611,0.5525,-3.1755,-2.6388,0.0169,0.5897,0.1846,-0.9203,1.4556,-0.6193,-1.0381,0.064,0.5087,0.2452,-0.0657,-0.3709,-0.5003,0.8057,-2.4223,-0.758,4.2332,-0.1583,0.3042,-2.3092,-1.5626,1.6056,-1.6076,-0.5391,-4.8945,0.9381,-1.0345,0.3192,-2.4876,0.0865,-1.208,0.3308,-2.2472,-2.8738,-2.6386,1.0887,0.3185,1.5463,0.6567,-0.1265,0.5193,0.0959,-1.2124,-0.4602,-0.9789,-3.1208,-1.1965,-0.6659,-0.44,-0.0681,0.0669,-1.2028,-0.0223,-2.0032,0.5459,0.0022,-0.6018,-0.5165,0.8402,0.2917,-1.2192,-0.4094,-0.2638,0.4475,-0.5133,-0.0752,0.1262,0.3035,-2.0916,0.2524,2.0058,-0.4548,-0.0554,2.944,-1.8322,1.5712,0.823,0.2412,-0.0688,-1.6,-0.5452,-0.6981,-1.3068,-3.1549,0.0432,0.1301,0.4782,1.0568,-0.3101,-1.1752,-1.5131,-0.8075,-1.0875,-1.0875,0.4025,-0.02,-0.9249,-0.5186,-0.6998,1.0815,0.718,-0.9175,-0.153,-1.1386,2.6226,1.2527,-0.1645,-0.1941,0.55,-0.2568,0.319,0.6152,-0.5438,0.129,-0.4718,-1.2398,-0.4642,2.9613,0.7834,-0.6315,-0.1922,-0.2773,0.361,-0.4445,2.5804,0.7102,-1.2205,0.6865,-0.0262,0.4625,1.2577,1.0466,0.7917,-0.0221,0.5966,-1.053,-1.0336,-1.3775,-0.9064,0.6888,0.1279,-2.5913,2.944,0.538,0.2373,-2.7295,0.6138,0.282,-2.7498,-1.1688,-0.1212,-1.1122,-1.8868,-0.171,0.0934,-1.4487,0.9935,-0.4787,-2.6262,1.8868,0.7973,-0.5898,-0.494,-0.4218,-2.7148,-0.385,-0.1895,-2.0454,-1.8496,0.1313,-0.4798,1.5912,-0.0932,1.1672,3.2225,-1.1125,0.7392,0.9644,-2.5105,-0.6892,-1.1,2.5162,3.0133,-0.8749,1.1522,0.1464,1.1718,0.0792,0.9604,-2.2441,0.4518,-0.9415,0.5761,-1.0085,-0.3975,-1.6758
TCGA-AG-A02G-01,1.5,-0.7442,-1.3618,-2.3856,1.4975,-1.7114,-3.1588,-0.3646,1.1295,-0.5558,0.3872,-1.6638,-0.5676,-1.0039,-0.2392,-0.5863,-0.5587,0.8565,-2.774,-0.1385,-0.7295,1.985,-2.3238,1.6601,-0.5913,-0.1633,0.6156,-0.0835,0.6925,0.0315,0.6631,2.1341,-1.2567,0.6842,-1.0185,1.4334,0.045,-3.5595,-5.7272,1.2086,-0.7099,1.9654,-1.7868,0.298,0.1261,0.7298,-1.3722,0.6955,0.0256,0.6092,0.0848,-0.2303,-0.2396,-1.2202,0.136,0.0645,-0.2346,0.1537,-0.858,0.4945,-1.4502,-1.3975,-0.1891,0.369,-0.9314,-0.1938,-0.1312,-0.4298,-0.7157,2.1838,-0.0055,0.5964,-1.7125,-0.179,1.5964,0.1534,-0.0967,1.3589,0.8735,0.5659,0.2207,-1.6375,1.5671,0.9594,0.2003,-0.0942,0.3172,-0.6681,-0.5338,-0.2132,-0.2649,0.5936,1.0782,-0.1801,0.515,1.8922,0.7547,-0.168,-0.5562,-0.049,-2.7453,-0.217,-0.0706,-1.1832,0.9132,0.332,-2.5962,-2.4085,-0.0941,0.4928,-0.2199,-0.2544,0.8272,-1.0551,-1.1188,0.3995,0.2938,0.7925,0.8027,0.6554,-0.5387,1.955,-2.1392,0.1481,4.2248,-0.3913,0.1204,-1.4233,-2.3299,2.2732,-1.7531,-0.7339,-5.2177,1.3304,-0.7928,0.0332,-3.3344,0.7102,0.0268,-0.5397,-2.5537,-3.0335,-3.4794,1.4312,0.922,1.3493,0.2242,0.0425,-0.3687,0.5474,-3.9654,-0.0112,-0.5195,-3.551,-0.9948,-0.2308,0.9977,0.2271,-0.0582,-1.8232,0.1189,-2.0073,0.5322,-0.2443,0.4235,-0.5133,0.3918,0.2282,-1.0406,-0.1649,-0.7728,0.8272,-1.171,-0.8532,0.5935,-0.0891,-5.749,-0.2338,2.3462,0.5425,0.154,2.422,-1.2335,0.5425,0.618,-1.4788,-0.1872,-1.6963,-0.2145,-0.564,-1.657,-3.283,1.2322,-0.3864,1.3171,1.2213,-0.8488,-1.8174,-1.1924,-1.141,-0.5335,-1.6023,2.0312,-0.2198,0.4938,-0.6518,-0.0532,0.3528,-2.2228,-0.0394,1.1918,-0.7265,1.558,2.3863,0.4523,0.1629,-0.091,0.1052,1.051,0.8878,-0.3078,-0.2355,-0.138,-1.9717,-0.8749,1.4843,0.3536,-1.847,-0.5573,-0.5413,0.7322,0.8926,3.5308,-0.4654,-1.775,1.355,-0.0608,1.4503,0.1684,1.6959,1.551,-1.0533,0.8058,-2.2228,-1.1636,-1.6035,-0.5906,0.0525,0.6606,-2.9487,1.1032,0.4028,-0.3762,-1.1915,0.5778,0.163,-2.4627,-0.5532,0.3468,-2.0675,-2.2895,-0.4599,-0.1403,-0.8743,2.4659,-0.6252,-3.1042,2.2705,-0.33,0.0099,-0.856,0.1287,-2.0095,-0.2264,-0.4243,-2.7244,-2.4036,1.1973,-0.632,1.0202,-0.072,0.5058,5.2765,-0.3145,0.2018,1.5411,-2.9003,2.1675,0.2588,2.8162,3.118,-1.7726,1.8758,2.1532,0.464,-0.0918,1.1442,-1.835,-0.751,-1.6232,0.0796,-1.4575,-0.7118,-0.4978
TCGA-AG-A02X-01,3.633333333,-0.697,-0.3045,-1.3962,0.397,-0.6095,-2.5668,0.1298,-0.5205,-0.9963,-0.888,0.1122,-0.7632,0.3049,-0.4032,-0.6305,-0.0743,1.2197,-2.428,-0.888,0.1662,2.5662,-2.0546,-0.6728,-0.4522,0.7171,1.0204,-0.285,-1.4568,0.5269,0.7807,0.9815,-0.5799,0.169,0.7356,-0.8343,0.4868,-2.947,-5.831,1.0582,-1.1429,0.9912,-1.232,1.075,0.0334,1.1705,-0.0223,-0.2811,-0.8678,0.4308,-2.1182,-0.2973,0.4762,-0.6591,-1.0245,-1.1117,-0.3868,0.5015,0.1848,0.2628,-1.1562,-1.427,0.2431,-0.1707,-0.1725,-0.1495,-0.199,-1.2492,-0.1789,-0.7846,0.102,0.5526,-0.5386,-0.5135,0.4873,0.2642,1.0905,0.6989,0.6022,0.5151,-0.1357,-2.6011,0.6515,0.3677,0.1445,0.0192,-0.6645,-0.5896,0.156,-4.108,0.9824,-0.1486,0.5182,-0.5488,0.2082,0.6022,-1.713,-1.0512,-0.3235,0.2245,-2.1283,-0.0552,0.4585,-0.0018,-0.1448,0.052,-1.2055,-2.5172,-0.2535,0.2961,0.6075,-0.3722,0.1977,-0.7499,-1.2344,0.724,0.1203,-0.178,0.409,-0.222,-0.5765,0.2848,-2.1358,0.6195,3.8255,-0.4353,0.0522,-2.0243,-1.6741,0.9118,-1.1876,-0.4812,-4.9048,1.6282,-0.449,1.2978,-3.0663,-1.1595,0.19,0.9115,-1.7398,-2.7789,-2.3749,1.2577,0.0645,0.8493,0.198,-0.453,-0.3307,0.0808,-0.4315,-0.1832,-0.6986,-3.248,-0.0785,-0.0891,1.047,1.1084,-1.1634,-1.015,-0.0116,-1.65,0.5004,-0.0593,0.4538,-0.383,0.3459,-1.2666,-0.4189,-0.4891,-0.9375,0.361,0.1252,-0.0182,0.442,-0.1125,-5.6408,0.2811,1.7153,0.2164,-0.2609,2.945,-0.5451,0.4444,0.841,-0.0275,-0.0803,-1.5823,-1.1602,-0.6595,-0.9402,-3.208,-1.4798,1.0034,1.0772,0.1145,0.1628,-0.199,-0.0699,-0.0355,-0.5698,-1.3236,0.344,0.207,-0.4111,0.2312,-0.2055,0.0615,-0.8882,-1.8472,0.5975,-1.5144,1.1092,1.606,0.5864,-0.0303,-0.1863,-0.283,1.0925,0.3368,-1.171,-0.2818,-0.5355,-1.1938,-0.757,1.3583,0.6512,0.2652,0.2115,-0.5547,0.2408,0.3547,3.5732,-0.5452,-1.4115,0.0852,-0.3662,-0.2881,-0.5087,0.5451,0.1632,-0.2016,0.3199,-2.712,-0.5141,-0.8238,-0.7051,1.0252,0.5054,-3.2102,2.6592,0.9015,-0.7887,-1.022,0.247,0.3358,-1.643,-0.9907,-0.5443,-0.709,-2.5405,-0.134,0.1702,0.2102,1.9015,-0.5278,-2.9052,0.8798,-0.0695,-0.7638,-0.426,-0.4945,-2.2902,0.0848,0.1482,-1.9916,-1.7837,0.2158,0.0727,0.4783,-0.0738,1.8424,3.8255,-0.9425,0.0728,1.4334,-2.4238,0.5482,-1.4025,2.8985,2.7258,-0.8499,1.4872,0.3118,0.5577,0.077,0.589,-1.4742,0.06,-0.6748,0.3061,-1.9898,0.7468,-0.383
TCGA-AG-A032-01,2.266666667,-0.5167,-0.6986,-0.9792,1.443,-0.0752,-1.3685,0.0878,0.151,-1.0736,-0.25,0.1405,-0.6168,-0.8648,-0.5602,0.1098,-0.5154,-0.3332,-1.9085,-0.3011,-0.355,2.893,-3.2598,1.3514,-0.6755,0.5465,0.7231,-0.3745,-0.2425,1.5295,0.9576,1.755,-0.5243,0.5912,-0.2531,-0.4217,0.0905,-0.9768,-5.2776,1.5316,-1.1544,0.758,-0.1895,0.571,0.4425,1.1321,-0.1345,0.1483,0.363,1.1612,0.192,-0.6323,0.6795,-1.007,0.3605,-0.4345,-0.7316,1.3291,-0.9512,0.2195,-1.4475,-1.7665,0.1835,0.1698,-0.1382,0.4658,0.2835,-1.5532,-0.5776,-0.5,-0.209,0.3313,-0.6576,-0.193,0.0289,-0.1094,1.039,1.142,1.1194,0.3626,-1.0339,-1.6194,2.3118,0.4746,-0.3711,-0.1801,-0.4328,-0.8648,-0.5298,-2.299,-0.1725,0.3906,0.9668,-0.7176,0.537,1.1248,0.1712,-0.3662,-0.8135,0.4078,-3.1027,-0.0401,0.3325,-1.0858,0.1835,0.698,-1.8533,-1.4502,-0.2682,-0.0686,-0.0356,-0.6561,0.1593,0.1626,-0.6046,0.712,0.4503,0.1475,0.6592,-0.5123,-0.3675,0.6351,-2.3685,0.1146,3.974,-0.338,-0.2226,-2.2347,-1.1645,1.3571,-1.2061,-0.2972,-4.3622,1.3493,-1.4868,0.2245,-2.3894,0.535,-0.6517,0.232,-1.5618,-2.1496,-2.4071,1.9345,0.4518,1.2798,0.1675,0.5259,0.0655,0.2878,-0.3651,0.1272,-0.7859,-2.5661,-0.7528,-0.8968,0.5983,0.3586,-1.4318,-1.2874,-0.3655,-1.4235,1.2703,-0.5048,-0.0348,-0.6297,0.8098,0.0421,-0.9821,0.7339,-1.0842,0.364,-1.2085,-0.2628,0.0245,-0.0623,-5.4109,0.2814,2.458,0.521,0.1239,3.634,0.0975,1.0999,0.912,-0.6775,-0.284,-1.1763,-0.2592,-0.0672,-1.8988,-3.2816,0.6185,0.1102,0.6539,0.217,1.6005,-1.0389,-0.6196,-0.1435,-0.7975,-0.9989,-0.526,-0.1782,1.3552,-0.5873,0.3083,0.757,0.1376,-1.0529,0.5893,-0.497,0.7505,1.1753,0.4869,0.0542,0.406,1.3125,1.2932,0.7442,-1.3052,-0.1672,-0.1731,-2.2205,-1.0326,1.868,0.8145,-1.1937,0.1657,-0.2518,0.9765,-0.2252,1.9966,-0.2741,-1.7785,0.3057,-0.4725,0.5673,0.9214,0.4988,-0.1712,-1.1746,0.0429,-1.9702,-1.2992,-1.145,-0.0732,0.7497,1.0932,-1.7518,2.0875,-0.1655,-0.2468,-1.7075,0.8952,-0.0172,-2.6502,-0.5964,-0.5435,-1.5682,-1.568,-0.0828,-0.1791,-0.6197,1.0703,-0.6938,-3.1805,1.4792,0.0264,-0.1858,-1.1185,0.118,-1.7208,0.213,-0.0237,-2.0021,-0.6977,0.8153,-0.121,0.329,-0.7595,1.3291,3.604,-0.8972,0.3878,1.5631,-1.9793,0.0258,1.4572,2.567,2.797,0.1212,1.5942,-0.0724,0.0333,0.2647,1.1198,-1.0939,0.5777,-1.5602,-0.5029,-0.1888,-0.6965,-2.3145
TCGA-A6-2672-01,14.03333333,-0.3948,-0.3376,-2.1211,-0.1365,0.1042,-2.1003,-0.5272,-1.1651,-2.3872,-0.4021,-0.5811,-0.523,0.2119,-0.3115,-1.0742,-1.0243,0.488,-1.5322,-0.3239,-0.011,1.4665,-0.4468,0.9347,-0.579,0.0897,2.2819,0.049,0.8282,0.0286,-0.0758,1.381,-0.7034,0.4499,0.2801,-2.5262,2.0823,-3.9428,-4.118,0.7339,-1.2672,1.2672,-0.0792,0.3525,1.1933,1.3132,1.7518,0.391,-0.0711,-0.1228,-1.488,0.4987,0.8323,-0.4295,-0.2625,-0.7867,-0.8868,0.2067,-2.6568,0.826,-1.5487,-1.011,0.5678,-0.1167,-0.4938,-0.2565,-0.1055,-1.0858,0.0281,-0.319,0.459,0.0571,-0.2617,-0.6815,0.4788,0.2286,2.1967,-0.0304,0.1137,0.1224,0.3599,-2.6772,1.0596,0.4638,0.4291,0.3106,0.4859,-1.0771,-0.6393,-2.6652,1.6788,0.1694,-0.2915,-0.1538,0.209,1.688,0.7048,-0.5213,-0.1692,-0.378,-3.7188,-0.4095,-0.2374,-1.0413,0.7035,0.852,-1.8743,-0.4832,0.8424,0.4528,0.1976,-0.235,1.8231,-0.5274,-0.463,3.6295,1.4107,1.7228,-0.5793,0.1245,-2.2298,0.803,-1.5598,-0.282,5.4165,1.822,0.1877,0.655,-0.3946,0.917,-2.5147,0.3892,-3.6998,1.273,-0.9272,0.0162,-2,-0.7018,0.616,-0.6212,-1.9928,-1.3778,-1.3055,0.9113,-0.5105,2.2337,0.6558,0.1163,0.3715,0.2994,-0.2535,0.2463,0.2585,-1.7968,-0.4318,-1.0018,-0.9181,-0.5769,-0.3073,-1.1102,0.2145,-1.948,3.2382,-0.1142,-0.2338,1.234,1.4917,-1.2118,-0.0358,-0.1756,-0.4002,0.1205,-0.1552,0.156,0.2824,0.7548,-4.7975,-0.3742,1.2229,0.6701,0.0675,2.1275,-0.5675,0.0304,1.9298,-0.1032,0.1212,-0.9388,-0.3777,-1.2392,-1.147,-1.8941,-0.2832,0.3655,0.9449,0.9037,-0.5895,-1.0422,-1.3221,-0.517,-0.1128,-1.3369,1.1015,0.5372,2.2906,0.5299,1.0052,-0.1638,-0.0013,-1.7936,0.6478,-0.8338,0.8525,0.4698,1.3923,-0.9576,-0.3705,0.7066,1.4585,0.1742,1.9078,0.0448,-1.03,-1.3318,-0.807,1.1133,0.4864,-0.4947,-0.1852,-0.5548,0.562,-1.049,1.9423,-0.0945,-1.4715,0.8882,-0.0935,0.3031,1.2913,0.5021,0.2592,-0.3138,-1.4124,-1.1556,-0.405,-1.0208,0.2534,-0.0603,1.5889,-0.5452,2.1362,0.188,1.4703,-1.7498,-0.041,0.243,-1.0995,-0.1869,-0.7555,-1.2317,-0.7018,0.5409,0.3854,-1.2715,1.0839,-0.032,-0.4563,4.2422,0.9083,-0.4106,-0.37,0.1078,0.0417,0.4678,-0.6915,-0.716,-0.5495,-0.6122,-1.1425,0.6018,-0.527,1.9348,2.1598,-0.742,-0.9532,1.974,-2.3262,2.3762,-0.2965,1.644,1.4943,-2.168,0.1112,0.3781,1.2625,0.0221,0.5476,-1.998,0.3698,-0.4265,0.542,-1.5958,0.5415,-0.9155
TCGA-A6-2676-01,20.53333333,-0.2592,-0.7366,-0.8962,0.54,-0.2755,-2.5242,-1.0644,-1.2475,-2.7047,-0.6192,-0.8024,-0.5601,0.1459,-0.3621,-0.4758,-0.113,1.0115,-1.698,-0.3088,0.5692,1.3703,-1.9097,1.4124,-0.6035,-0.1604,1.0168,-0.3405,-0.6108,1.0471,-0.3399,1.1094,-0.9281,0.6598,-1.1098,-0.9394,0.417,-2.9435,-4.4891,0.4544,-1.2076,1.4354,-0.2295,0.2725,0.8322,1.1934,1.4005,0.3233,-0.2139,1.1795,-1.8818,0.3933,0.6601,-0.1199,-0.137,-0.828,-0.4101,0.7743,-3.2213,0.6008,-0.7632,-1.2915,0.0402,0.0582,-0.4874,0.3095,-0.7607,-0.312,0.5227,0.1404,0.085,0.4718,-1.0415,-0.4885,-0.3266,0.3214,1.5873,-0.2129,-0.6513,0.4646,-0.1088,-2.753,-2.1416,0.346,0.5084,0.1549,0.2496,-1.9519,-0.5748,-3.4495,1.0804,-0.0805,-0.0732,-0.304,0.3228,0.8957,-0.004,-0.6697,-0.583,-0.0428,-3.5585,-0.7753,-0.5636,0.0107,1.1908,1.0585,-0.8185,-0.552,1.2305,0.2743,0.1952,-0.4734,1.6551,-0.6581,-0.2055,3.4395,0.3073,0.945,1.263,0.2969,-1.8753,0.2108,-1.3882,0.191,5.6898,1.3638,0.2874,-0.0167,-0.9479,0.1519,-2.093,0.3582,-4.1834,0.9716,-0.738,0.7585,-2.1585,-1.268,0.0617,0.8828,-2.0797,-1.982,-2.3805,-1.1713,-0.2298,2.1399,0.764,0.0367,-0.2955,0.3084,-0.2081,0.0562,-0.4582,-2.2958,-0.5745,-0.399,0.1885,0.7661,-0.1689,-1.1385,0.249,-1.8043,0.4811,0.1092,0.01,1.4612,1.1546,-0.6328,-0.4007,0.3834,-0.5768,0.113,-0.1818,0.1538,0.0217,1.1594,-1.4915,-0.33,0.201,0.2664,-0.0471,2.3605,-0.3641,0.3621,1.8745,-1.146,0.2621,-1.0552,-0.6555,-0.6313,-0.3335,-2.376,-0.3988,0.0764,0.3793,0.4397,0.3562,-0.0638,-1.409,-0.642,-0.1632,-2.0966,0.2072,0.3012,2.7092,0.5518,1.4008,-0.1025,-0.3624,-1.453,-0.012,-1.7886,0.2165,1.3888,0.4807,-0.4563,-1.6673,0.9461,1.9635,0.0775,1.3487,0.5452,-0.5474,-0.6237,-0.5619,0.5608,-0.2939,0.3988,0.481,-0.6778,-0.0682,-1.1613,1.0439,-0.0596,-1.2355,1.0637,0.7865,-0.3758,-0.1214,-0.6118,-0.606,-0.583,-1.0576,0.1179,-0.432,0.115,0.2594,-0.2413,1.2714,-0.5993,2.5152,-0.1472,1.304,-0.973,-0.15,0.0183,-1.3975,0.2138,-0.4762,-0.105,-1.415,0.4468,-0.5064,-0.2117,0.0899,-0.1003,-2.1368,5.4985,-0.8438,-0.4328,-0.3825,-0.1308,0.1885,0.8744,-0.2462,-1.0334,-0.5932,-0.9485,-0.7297,-0.1128,-0.3228,2.2099,4.1642,-0.5605,-0.1275,1.7329,-1.7367,-2.244,0.487,1.534,1.4723,-1.7728,-0.1045,0.5143,1.003,-0.2536,0.8118,-1.9825,0.3675,-0.1822,0.3438,-2.1025,-0.1968,-0.2115
TCGA-AA-3516-01,23.06666667,-0.5263,-1.0861,-2.0354,0.283,-0.0718,-2.7897,-0.7585,-1.2841,-2.2066,-0.6565,-0.7808,-0.8266,-1.0781,-0.7412,-0.5462,-1.0716,-0.4598,-0.4177,-0.3454,0.4742,1.5253,0.3292,0.9666,-0.9238,0.0912,1.0924,-0.4548,-0.7731,0.6512,-0.1559,1.1446,-0.6555,0.2818,0.1804,-1.9141,1.0597,-3.3418,-4.5604,0.6626,-1.448,0.4118,0.4873,-0.2645,0.2939,0.9226,1.7343,0.3864,-0.3404,0.9058,-0.7033,0.4118,1.4468,-0.3167,-0.0595,-1.0437,-0.4068,1.6192,-2.6773,1.4452,-1.1217,-3.4135,0.2489,0.0145,-0.142,-0.0505,-0.3672,-0.5948,0.657,-0.1305,0.3715,0.5009,-0.4727,0.0922,-0.4395,0.1754,1.3264,-0.7798,0.4589,0.5379,0.0158,-2.2614,-0.6278,-0.3699,0.434,0.6216,0.9972,-1.2084,-0.8292,-3.37,0.9102,-0.2366,-0.6195,0.0853,0.2135,0.6043,0.1643,-0.4327,-0.813,-0.4622,-3.6923,-0.8431,-0.8943,-1.994,1.118,0.8295,-0.8645,-1.6118,1.039,-0.3803,0.4895,0.2598,0.9558,-1.0051,-0.9309,3.3475,0.8365,0.5327,1.3162,0.3565,-1.7226,0.1192,-2.5777,-0.3767,5.3395,1.0222,-0.0113,-1.1253,-1.2564,0.4338,-2.5263,0.2282,-4.5972,1.0788,-0.8312,0.015,-2.0426,-1.3982,0.7402,0.2152,-1.947,-2.4019,-2.2211,-0.5783,-0.3268,1.8492,0.5162,0.1474,-0.0362,0.4886,-0.1284,0.7707,-0.6602,-1.1178,-1.0092,-0.7662,-0.0825,0.0524,-0.422,-1.026,-0.0511,-1.4927,1.5427,-0.6425,-0.1608,0.275,1.2201,-1.3741,0.2668,-0.1217,-0.9055,0.199,-0.3027,0.0732,-0.1278,0.6822,-4.8112,-0.3973,1.4087,0.5759,-0.1301,2.349,-0.598,-0.0551,1.3205,-1.422,0.2497,-0.7057,-0.4795,-1.4463,-1.0225,-2.4432,0.2445,0.1019,0.7817,0.3687,2.0669,-0.8034,-0.9326,-0.89,-0.171,-2.3284,1.0498,0.0302,2.9652,0.4678,1.2408,0.0517,-0.7848,-1.1867,-0.5052,0.0112,1.1099,1.0448,0.8412,-0.8729,-0.1902,0.8286,1.468,-0.012,0.584,0.1552,-0.5514,-1.9188,-1.2188,1.6945,0.1872,-0.1143,-0.6955,-0.6232,0.5925,-0.7519,2.3402,-0.4443,-1.9605,1.2453,0.3475,1.2527,1.7711,-0.128,-0.146,-0.969,-1.4118,0.2768,-0.5761,-0.6295,-0.0141,0.3835,1.5409,-1.6554,2.7032,-1.4192,1.1947,-1.3785,0.2385,0.0313,-0.791,-0.9136,-0.8188,-1.4718,-1.234,0.9725,-1.0834,-1.0973,0.7779,-0.1363,3.7487,5.4028,0.9228,-0.8852,-1.1645,-0.2013,-1.3032,1.7914,-0.5048,-0.7328,-1.2639,-0.2158,-0.3522,0.1767,-0.8935,2.8113,3.5842,-0.3278,-0.1355,1.6395,-2.402,-0.931,-0.5168,1.0458,0.8238,-1.5326,0.7015,0.5944,0.769,0.0349,0.7281,-2.0333,0.3353,-0.839,-0.7155,-1.5695,0.2785,-1.6858
TCGA-AA-3518-01,14.43333333,-1.028,-0.6675,-2.2904,-0.165,0.0934,-2.3565,-0.6659,-1.1555,-2.2447,-0.9116,-1.1865,-0.7389,-0.2049,-0.3914,-1.3402,-1.0062,-0.0098,-1.693,-0.4805,-0.3745,1.7127,-3.511,1.1666,-1.1107,-0.1831,1.1908,-0.322,-0.6488,-0.6254,-0.1002,1.2474,-0.9031,0.3302,1.1444,-1.0194,0.3415,-4.0062,-4.3829,0.7055,-1.3778,1.1558,0.2747,0.4015,1.4971,0.7928,1.1075,0.576,-0.0686,1.1298,-1.8025,0.0385,0.7951,-0.387,0.111,-0.9732,-0.353,0.1665,-3.1652,0.8952,-1.268,-0.9535,0.1521,-0.3152,-0.4242,-0.0748,-0.3662,-0.959,0.1034,-1.4772,0.2105,0.1736,-0.8823,-0.7282,0.0564,0.3056,0.7329,0.3675,-0.1788,-0.1959,-0.4461,-0.408,0.7673,0.1023,0.0551,0.0941,0.6261,-1.0408,-0.2558,-3.122,1.1072,-0.1908,-0.106,-0.0991,-0.2198,0.1053,0.8065,-0.332,-0.5242,-1.0538,-3.3852,-0.5757,-0.3062,-0.9253,0.2148,0.3352,-1.0468,-1.465,0.612,0.2873,-0.2684,-0.8548,0.1948,-1.1481,-0.1411,1.4295,1.1154,1.0542,0.259,0.1272,-1.3548,0.6422,-1.6498,-0.2289,5.2085,0.4774,0.02,1.3335,-1.2098,1.5201,-1.5262,-0.0552,-4.1822,0.5133,-0.4492,0.0815,-2.4216,0.2378,0.0447,-0.3012,-1.941,-1.9731,-1.4219,0.4937,-0.6925,1.7592,0.3115,-0.2455,-0.0475,0.1426,-0.6282,-0.3663,-0.7662,-2.1549,-0.9845,-0.3272,-0.0728,-0.2782,-0.0233,-0.5106,-0.0844,-2.2977,1.2434,0.2705,-0.312,-0.3225,0.7665,-1.1199,-0.2932,-0.1493,-0.6345,-0.2318,-0.0627,0.2568,-0.223,0.9206,-3.9855,-0.5845,1.0168,0.3114,-0.1217,2.3635,-0.3071,-0.2938,1.9402,-0.2592,-0.3388,-1.4818,-0.2892,-1.0321,-0.841,-2.6872,-0.938,0.3852,1.4699,0.2917,0.3394,-1.1179,-0.7539,-0.748,-0.4202,-1.6453,1.3975,-0.1862,1.405,0.455,0.711,-0.144,-1.0249,-1.0408,0.6832,-1.3549,1.0919,1.1987,0.2239,-0.4018,0.9055,-0.2042,0.3548,-0.0772,0.9538,-0.0715,-0.8682,-1.2053,-0.8476,1.378,0.01,0.1835,-0.3433,-0.621,0.2047,-0.6377,2.8041,-0.3494,-0.8645,0.801,0.3245,-0.2871,0.5096,0.4438,-0.1791,-0.2539,0.4901,0.2281,-0.7094,-0.3777,-0.6106,0.4613,1.291,-1.4173,2.7215,-0.2488,0.9203,-1.9768,0.1675,0.2342,-1.1955,-0.5398,-0.5523,-1.0283,-1.966,0.0398,-0.1265,-1.0952,0.8655,-0.3345,-1.936,5.042,0.3443,-0.8544,0.08,-0.0978,-0.8977,0.7211,-0.3358,-0.292,-1.3143,-0.6207,-1.011,-0.0622,0.0625,1.441,3.5418,-1.1628,0.161,1.1054,-2.2932,0.381,-0.8058,1.753,1.2292,-1.3464,0.5421,0.5892,0.9858,-0.1406,0.9651,-1.4644,0.037,-0.7332,0.4648,-2.073,0.3918,-2.0345
TCGA-AA-3525-01,15.76666667,-0.5906,-0.1988,-1.7276,-0.2255,0.249,-3.01,-0.5758,-1.3395,-2.0468,-0.9553,-0.61,-0.473,-1.5418,-0.6125,-0.8228,-0.7995,-0.628,-2.4358,-1.163,0.2115,1.822,-2.8791,1.1097,-0.6178,-0.2547,1.4657,-0.4002,-0.1378,0.1075,0.092,1.3734,-1.3559,0.016,1.2481,-0.6015,0.6178,-3.5925,-5.0039,0.9189,-0.8987,0.9381,0.012,0.754,0.8354,0.7941,0.7258,0.0559,-0.8968,0.1158,-0.1847,0.0633,0.3977,-0.4565,-0.342,-0.8385,-0.235,0.2361,-2.7182,1.3287,-1.4302,-1.3295,0.4512,0.1488,-0.4648,0.5095,-0.3672,-1.0052,-0.1246,-0.271,0.2305,0.0819,-0.7962,-0.923,0.3549,0.0909,1.0016,-0.2606,0.599,-0.3896,-0.472,0.8049,-0.1506,-0.0107,-0.0234,0.2553,0.9191,-1.4676,0.305,-3.7702,0.0828,0.1765,-0.3442,-0.5169,0.2388,-0.0898,0.4105,-0.667,-0.5908,-0.4102,-4.8593,-0.674,-0.7282,-1.2872,0.7912,-0.2595,-0.968,-1.2975,0.5802,-0.3023,-0.3728,-0.6145,0.6367,-0.6811,-0.3659,1.508,2.4987,2.1742,0.1683,0.2504,-1.8788,0.2652,-1.36,-0.4479,4.5682,0.6858,0.0435,0.064,-1.682,1.3048,-2.1892,0.0751,-5.2295,0.6591,-1.7578,-0.0422,-2.4524,0.4095,-0.6367,-0.0415,-2.2565,-2.2888,-1.0015,-0.585,-0.4675,2.1957,0.0518,-0.5642,-0.2708,0.1829,-0.0867,-0.2502,-1.1171,-3.1932,-0.8688,-0.2502,-0.5281,0.2916,0.1394,-0.8495,0.013,-1.7045,2.8969,-0.25,-0.357,-0.0182,0.2666,-1.1301,-0.5997,-0.8221,-0.7842,-0.1085,-0.489,0.0018,0.2455,0.7258,-5.086,-0.6269,1.1834,0.5551,-0.2062,2.25,0.2666,-0.1028,1.6828,-0.4622,-0.6139,-1.5028,-0.8782,-1.3363,-0.5512,-2.9669,0.5542,-0.0993,1.06,0.4197,0.7831,-0.6288,-0.7829,-1.6455,-0.3488,-1.8563,1.334,0.2418,2.4725,-0.207,2.2535,-0.319,-0.5821,-0.8605,0.6298,-1.6969,1.4329,0.8217,0.2982,-0.4946,-1.4188,0.7799,0.3355,0.7982,-0.298,0.33,-0.2366,-1.3212,-1.0878,1.8373,0.0186,-0.0448,0.1802,-1.225,0.3688,-1.4367,2.2026,-1.0705,-1.88,1.0235,1.933,-0.082,0.5376,-0.3149,-0.0776,-1.4342,0.1973,-0.566,-0.2916,-0.8888,-0.161,0.2713,0.8944,-2.2214,2.227,-0.8787,-0.1663,-1.6895,0.4645,0.1233,-1.197,-0.1372,-1.0162,-1.8765,-2.123,0.2355,-0.3931,-1.1605,0.8675,0.156,-2.211,4.6168,0.2908,-0.8774,-1.66,-0.3918,-0.9757,0.4821,-0.4908,-0.372,-1.3401,-0.8363,-0.8295,-0.0658,0.1192,1.7605,4.018,-0.537,-0.336,1.4258,-2.4107,2.8682,-0.431,1.5387,0.1917,-0.9115,0.9653,1.8562,1.0522,-0.2023,1.0853,-1.8786,0.3682,-1.0658,0.1334,-1.5842,0.2272,-0.4575
TCGA-AA-3554-01,8.3,-0.4354,-0.3428,-1.0884,0.563,0.5352,-1.3568,-0.8341,-1.2888,-2.2323,0.3014,-0.6306,-0.7044,-1.0175,-0.5178,-0.7758,-0.7176,-0.1485,-1.1768,-0.1795,0.4398,2.3767,-2.7604,1.126,-0.4215,0.1461,1.7775,-0.177,-0.7699,-0.4027,0.7065,1.1121,-1.2273,0.4183,0.7681,-0.8148,1.8875,-3.209,-4.6709,0.9601,-1.1928,0.5258,-0.3458,0.572,0.8047,1.4171,1.6622,0.2688,-0.0668,1.2042,0.003,0.1388,1.1191,-0.1799,0.72,-0.4378,-0.2744,0.3266,-0.7827,0.4838,-1.45,-1.1825,1.2419,0.1675,-0.255,0.5728,-0.36,-0.7545,-0.0999,-0.2298,-0.0295,0.4521,0.1455,-0.0768,0.9622,-0.1025,1.8835,-0.4412,0.8689,0.4086,-0.2044,-2.668,0.6219,0.6602,0.2647,0.6129,0.939,-1.1681,-0.191,-2.5702,0.5015,-0.038,0.3767,-0.4846,0.7352,1.3413,-0.2038,-0.644,-0.485,0.414,-2.1077,-0.4436,-0.6872,-0.6218,1.442,0.6055,-1.3462,-0.2065,-0.2202,-0.4482,0.1818,-0.6368,-0.8921,-0.4031,0.1261,3.3275,2.2307,2.929,1.1703,-0.249,-0.6653,0.0837,-2.1018,-0.7572,4.568,2.1317,0.1542,1.1403,0.0751,0.7128,-2.2164,0.6749,-3.6077,1.2418,-1.633,-0.5488,-1.5247,0.6597,0.2412,0.183,-1.6188,-1.2511,-0.9662,1.2835,-0.2738,2.7101,-0.073,-0.1394,-0.495,0.8734,0.1531,0.0726,-0.3739,-2.2883,-0.4412,-1.0109,-0.8438,0.2964,-0.6461,-0.9934,0.4639,-1.6605,1.7599,0.1677,-0.0302,1.0587,1.3762,-0.8319,-0.1432,-0.6363,-0.566,0.1665,-0.2277,0.3902,0.2681,0.4826,-5.014,-0.1597,1.4756,0.9952,-0.0058,2.785,0.2486,0.4119,1.133,-0.6932,-0.4728,-0.6512,0.717,-1.1708,-1.0318,-2.233,-0.4095,0.2173,0.5603,0.629,1.3548,-0.5865,-0.8031,-1.368,-0.3115,-1.5672,1.666,0.2342,1.6648,0.12,1.609,0.377,-0.2267,-2.1814,0.9685,0.4941,-1.5125,1.8252,1.4964,-0.1093,0.314,0.8914,1.565,0.72,0.0845,0.4338,-0.84,-1.4905,-0.9352,0.8952,0.5458,-0.0865,-0.1545,-0.7445,1.027,-0.8922,2.2318,-0.4088,-2.1645,0.8215,0.667,0.6935,1.9509,0.2002,-0.38,0.0448,-1.9246,-2.0981,-0.2424,-1.0812,0.8811,0.4505,1.9694,-0.4433,2.0455,-1.4052,0.8568,-1.288,0.7105,0.741,-1.426,-0.5639,-0.5698,-1.6145,-0.4232,1.1558,-0.2953,-0.9723,1.6048,0.9872,-0.5537,4.7025,0.6615,-0.4702,-1.668,0.091,0.5897,0.7175,-0.64,-0.673,0.1248,-0.6492,-0.712,-0.0428,-0.5958,2.3372,3.948,-0.5478,-0.3282,1.4936,-2.4785,1.5932,0.3438,2.1005,2.1623,-0.0181,1.0973,2.3874,0.8347,-0.366,0.8978,-1.5389,0.8543,-0.6342,0.4815,-0.7755,0.2968,-1.1892
TCGA-AA-3555-01,24.66666667,-0.2828,0.5281,-2.6776,-0.931,-0.5641,-1.7763,0.0658,-1.2215,-1.4585,-0.0444,-0.4659,-0.1026,-1.1996,-0.7321,-0.5385,-0.3839,0.2235,-2.5387,-0.3339,0.1412,2.979,-2.4746,0.0923,-0.9568,-0.2117,2.3412,-0.2828,0.3755,-0.1302,-0.0199,1.3322,-0.901,0.6328,1.7442,-0.8557,0.6547,-1.2588,-5.5868,0.4494,-0.6922,0.7549,-0.296,1.2085,0.8923,1.6455,0.2178,0.5426,-0.1842,0.4892,-0.5322,0.1585,0.4869,-0.2802,-1.0745,-0.8103,-0.3131,-0.1446,-0.0275,0.905,-0.3657,-0.077,0.8465,-1.0788,-0.3258,0.092,1.0867,-0.7535,-0.2624,-0.6372,0.47,0.438,-0.6448,-0.4302,1.2131,0.1786,0.1359,0.1258,0.7959,-0.2389,-0.2725,-2.7845,0.4536,0.1799,0.3901,0.6122,0.7919,-0.5503,0.3625,-2.8455,0.1554,0.4084,-0.1388,0.4928,0.3177,0.7536,-0.142,-0.3282,0.1378,0.5678,-3.34,-0.4936,-0.5108,0.15,0.9402,0.3065,-0.9487,-1.5408,0.1786,-0.8423,0.1581,1.2077,-2.1356,-0.6637,-1.5918,1.618,0.1617,0.3675,0.867,-0.4255,-1.0832,-0.1436,-1.0062,-0.1059,5.1748,2.32,0.1987,1.8008,-0.9756,0.7558,-1.142,0.0839,-4.9448,1.3659,-1.6758,0.3845,-0.4931,1.1592,-0.1328,0.8732,-1.983,-3.208,-2.9735,0.538,-0.3382,2.2788,0.2195,-0.8341,0.0343,0.8445,-0.1138,-0.7104,-0.6255,-3.2456,-0.41,-0.6044,-0.7554,0.6751,-1.4654,-0.4872,0.4794,-1.29,3.4444,-0.0623,0.038,0.1655,1.2926,-0.5715,-0.3514,-0.3257,-0.3932,0.6607,-0.4772,-0.0308,0.2396,0.0766,-5.6005,-0.6908,1.5446,0.8854,-0.0148,2.3225,1.5962,1.3958,0.938,-0.5462,-0.487,-1.7525,0.341,-1.3713,-0.281,-2.5514,-0.06,1.2395,0.7289,0.1733,0.0452,-0.6624,-0.9968,-1.6535,0.259,-1.3539,0.295,-0.0245,1.1406,0.0675,0.9798,-0.1458,-1.213,-0.6182,0.827,-0.1281,0.1466,1.2428,0.6296,0.3579,-0.074,-0.1845,1.111,1.022,-0.8488,0.681,-0.5958,-1.1893,-0.4378,3.6492,0.1586,-0.0523,-0.1307,-0.5283,0.1938,-0.8553,3.0747,0.6181,-0.0485,0.5952,1.1738,0.2231,0.6089,0.2962,-0.8338,-0.9522,-1.1978,-1.3164,0.3776,-0.9165,-0.4465,0.9432,1.5578,-2.1181,2.055,-0.3605,-0.1043,-1.089,0.0065,0.694,-1.0078,-0.2155,-0.8635,-0.6288,-2.047,0.5151,-0.1275,-0.7823,0.7717,-0.1562,-2.3383,2.8145,0.7385,-0.0748,-0.145,0.3095,-1.8947,0.0064,-0.4837,-0.2041,-0.9812,-0.17,-0.7568,0.0763,1.0962,1.7058,4.1292,-0.672,-0.3448,1.386,-2.4603,2.6195,-0.4325,2.9252,0.8758,-3.3658,1.2459,0.4697,1.7647,-0.2775,2.0213,-2.1242,0.3345,-0.477,0.2672,-2.0528,0.6188,-1.4482
TCGA-AA-3672-01,45.53333333,-0.2269,-0.6356,-1.6775,0.391,0.215,-2.7137,-0.5798,-0.9162,-2.1168,-0.5437,-1.3109,-0.4679,-0.723,-0.8045,-0.6742,-0.1262,-0.0325,-1.3147,-0.4416,0.042,1.9466,-0.7758,0.4875,-0.6385,0.449,1.8463,-0.1858,-0.7191,-0.4112,-0.2231,1.0349,-0.8373,0.55,0.7671,-2.4089,0.692,-3.7818,-4.5156,0.5382,-1.2951,1.2745,-0.1697,0.5065,0.687,0.386,1.2805,0.2921,0.154,0.8402,0.123,0.2937,0.6188,-0.206,0.043,-0.3998,-0.067,1.0422,-3.1482,0.453,-1.2318,-1.514,0.6654,-0.1407,-0.2521,-0.2742,0.2815,-1.1382,0.4245,-0.9652,0.251,0.1736,-1.1724,-0.6375,0.0574,0.0356,1.2918,0.1854,0.1089,0.1762,-0.4544,-1.434,0.5774,0.3958,0.0781,0.0949,0.7521,-1.0234,-0.335,-1.2615,1.5046,0.2865,0.1582,-0.019,0.3735,0.979,-0.1932,-0.2705,-0.3242,0.0722,-1.4143,-0.3211,-0.7672,-0.5767,0.9425,-0.1795,-0.8158,-0.4852,0.2099,0.1675,0.2252,-0.636,1.5031,-0.9132,0.0344,2.932,0.7912,1.2755,1.354,0.5695,-1.5206,0.836,-1.566,-0.1586,4.701,1.311,0.2101,0.6637,-1.3179,1.9291,-1.9827,0.0146,-4.7317,1.3644,-0.2662,0.1385,-1.6197,-0.4358,0.968,-0.107,-2.448,-1.6851,-1.569,0.5378,0.3378,1.8481,0.5833,-0.2024,-0.3613,0.0726,-0.0711,0.1047,-0.6415,-2.7309,-0.3335,-0.2751,0.376,1.0366,0.2066,-0.641,0.0891,-1.7003,1.4614,-0.1618,-0.091,1.0638,0.8871,-0.5393,-0.5538,-0.0134,-0.5278,-0.1232,-0.4012,0.4008,0.2682,0.7705,-3.4459,-0.3095,0.8647,0.9587,0.2774,2.107,-0.1647,0.6586,1.5303,-0.3942,-0.1659,-1.193,-0.0912,-0.9663,-0.5127,-2.486,-0.4498,0.1527,1.9881,0.5517,0.1253,-0.4858,-0.8179,-0.723,-0.284,-1.739,-0.1435,0.1972,2.0708,0.4506,1.5072,0.072,-0.9702,-1.7208,0.7188,-1.0515,1.2978,0.8707,0.7656,-0.0281,0.3993,0.2339,1.3578,0.2715,1.3802,0.0098,-0.3602,-1.3508,-0.3289,0.7287,0.1238,-0.5273,0.084,-0.2147,0.2023,-0.8986,2.6336,0.7215,-1.048,0.9272,0.5975,-0.3135,0.399,-0.0995,-0.2748,-0.7496,-0.1504,-0.2768,-0.2121,-0.4345,0.0856,0.4795,1.5419,-1.8912,1.9395,-0.221,-0.33,-0.9312,-0.1868,0.2922,-0.9138,-0.1119,0.1287,-0.9188,-1.0745,0.0974,0.5978,-0.5612,0.6494,-0.1233,-1.7797,5.4315,0.5269,-0.466,-1.5995,-0.263,-0.4877,0.186,-0.7702,-0.436,-1.1431,-0.4032,-0.0663,-0.0092,0.3382,1.6563,3.4305,-0.0768,-0.0412,1.674,-2.5375,1.7022,-0.011,1.7912,2.8845,-0.5475,0.4328,0.4063,0.8442,-0.2749,0.4995,-2.322,0.2305,-0.6068,1.1908,-1.446,0.1342,-1.9135
TCGA-AA-3710-01,32.4,-0.7017,-0.6851,4.1415,-0.625,-0.1819,-2.0123,-0.5722,-1.1144,-2.1455,-0.7129,-1.0922,-0.9446,-0.9096,-0.3408,-1.203,-0.5642,-0.0335,-1.1793,-0.5298,-0.0058,1.5035,-2.4217,0.9634,-0.5628,-0.1382,0.9261,-0.3808,-0.2017,-0.5716,0.2506,1.0712,-0.7795,0.6654,-0.1132,-1.3887,1.5315,-2.741,-3.5644,0.499,-1.5028,0.899,-0.1897,0.2685,0.3385,1.1281,2.1003,0.5429,-0.0696,0.808,0.6095,0.2352,0.5887,-0.5109,0.05,-0.8208,-0.5383,0.8169,-2.354,0.8462,-1.5362,-1.2895,0.704,-0.3637,-0.8034,0.2232,-0.4567,-0.6055,-0.0951,-0.1092,0.5045,-0.23,-0.5811,-0.3828,-0.2855,-0.0839,1.74,-0.3015,0.2426,-0.0439,-0.5063,-2.1391,0.2892,0.2141,0.1923,0.1203,0.7711,-1.5294,-0.347,-2.6235,1.3604,0.0581,-0.5345,-0.1839,0.301,0.9031,0.0405,-0.5618,-0.3317,-0.8235,-4.0262,-0.6081,-0.1958,-1.4458,1.3598,-0.2298,-2.0528,-0.3338,1.0499,0.6934,0.0651,-0.762,0.1576,-0.4756,-0.2629,3.6715,1.5445,1.734,0.652,0.098,-2.1207,0.6241,-1.6638,-0.6607,4.5438,2.4952,0.007,0.9115,-1.332,1.0458,-1.6502,0.1664,-3.7553,0.9089,-0.5822,-0.1248,-2.5151,-0.5507,0.2237,0.005,-1.6682,-0.9722,-0.8874,-0.6253,-0.3733,1.9495,0.1328,-0.5462,-0.0475,0.4294,-0.0674,0.3739,-0.9172,-2.6039,-0.5712,-0.3281,-0.4201,-0.3281,-0.3822,-0.9488,-0.0128,-1.7005,0.8107,-0.5343,-0.2805,0.7575,1.1655,-0.8418,-0.6332,-0.4745,-0.5765,0.0705,-1.0853,0.7083,-0.0786,0.5942,-3.8485,-0.2297,1.5039,0.5929,-0.0263,2.521,-0.6099,0.3476,0.9265,-0.9652,-0.459,-0.9435,-0.0468,-0.8851,-0.6683,-2.2218,-0.249,-0.0879,0.9519,0.4935,1.588,-1.1986,-1.8218,-0.9235,-0.0915,-1.651,0.1678,-0.105,2.8566,0.2619,0.7952,-0.3427,-0.4498,-2.0274,0.0532,-0.3948,-0.4222,1.2678,0.7581,-0.3081,-0.4175,1.0631,1.348,0.5952,2.344,-0.2712,-0.6156,-1.8027,-0.6585,1.86,0.3079,-0.51,-0.3668,-0.7833,0.3777,-0.1939,1.8056,-0.2526,-0.4895,0.7663,1.2345,0.5803,0.9516,0.6242,-0.1668,-0.5265,-1.5466,-1.12,-0.5778,-1.6232,-0.203,0.2227,1.5958,-1.6918,2.38,-1.2293,-0.0807,-1.469,-0.0462,-0.4687,-1.3458,-0.4182,-0.105,-1.2245,-0.7385,0.5696,-0.8174,-0.7215,0.7923,-0.4425,2.0288,5.1118,0.5059,-1.0168,-0.707,0.2565,0.2238,0.4586,-0.2985,-1.218,-0.8812,-1.1155,-0.566,-0.4738,-1.2048,1.8108,3.0188,-0.5258,-0.5728,1.9454,-1.9097,-0.4682,0.7765,1.7632,1.4218,-1.1792,0.1644,0.3757,0.556,0.1491,-0.1678,-1.9851,0.7475,-0.7245,0.3085,-1.6952,0.0518,-1.429
TCGA-AA-3821-01,21.13333333,-0.4249,-0.1999,-1.0768,-0.4515,0.204,-2.1267,0.0245,-0.8402,-1.3242,-0.594,-0.7982,-0.9084,-0.7578,0.4356,-1.1262,-0.3469,0.4155,-2.2797,-0.4195,0.04,2.0371,-1.1121,0.4731,-0.3885,0.176,1.1734,-0.2982,-0.3982,0.0239,0.1814,1.9092,-0.3978,0.617,2.117,0.0882,0.4737,-3.0855,-4.5745,0.8748,-0.9337,0.6542,-0.1493,0.9485,0.6202,0.9272,0.6003,0.1397,-0.0408,1.1838,-0.7603,0.0262,-0.297,-0.2735,-0.517,-0.7807,-0.5459,-0.7082,-3.3268,1.0078,-1.0025,-1.8215,0.4141,0.0325,-0.542,0.0275,-0.117,-0.7508,-0.2776,-1.2475,0.1245,0.2501,-0.2592,-0.338,0.8756,0.1639,1.2278,0.3757,0.4331,-0.2594,-0.291,-1.0851,0.6267,0.5304,0.1453,0.4247,0.7685,-0.8796,-0.1788,-2.446,0.1274,0.2485,-2.2858,-0.0834,-0.0092,0.1584,-0.143,-0.3522,-0.2213,-0.553,-4.0208,-0.3957,-0.4982,-0.507,0.1017,0.2522,-1.4017,-1.3,0.1185,-0.1398,0.0035,-0.7969,0.2303,-0.834,-0.1634,1.159,0.2023,0.5335,0.7567,0.0973,-1.62,-0.1796,-1.7537,-0.0336,4.458,0.5415,0.183,-0.4578,-0.4271,1.0221,-2.0325,-0.1051,-4.3732,0.8023,-0.478,0.5965,-2.1773,0.6573,-0.0065,0.43,-1.9333,-2.4144,-2.6569,-0.255,-0.2298,2.006,0.3058,-0.186,-0.149,0.2931,-0.2354,0.0315,-0.59,-2.3885,-0.7388,-0.286,-0.2289,0.2456,-0.0776,-0.1894,0.248,-1.8398,0.0838,-0.0492,-0.021,0.3947,1.6814,-1.3421,-0.3969,-0.6213,-0.2315,0.472,-1.1262,-0.2042,0.0654,0.2969,-5.3734,-0.1574,2.0729,0.4602,-0.3898,2.374,0.3905,1.2592,0.5868,-0.3568,-0.3304,-1.6415,0.0225,-1.1893,-1.0503,-2.4436,-0.0282,0.1899,0.4606,0.4645,-0.0347,-0.8444,-1.5336,-1.447,-0.2752,-1.637,0.106,-0.1013,2.2731,-0.506,-0.14,0.0218,-0.9081,-1.0152,0.1718,-0.5608,0.5125,1.0845,0.3208,-0.2162,0.1477,0.178,0.2295,0.041,-0.2082,0.0185,-0.312,-1.3453,-0.6389,1.8522,0.0503,0.0897,-0.3517,-0.4737,-0.5122,-0.5954,2.1783,-0.5421,-1.4095,0.9307,1.2178,-0.3338,1.2427,0.1686,-0.5752,-0.7217,-0.9906,-1.8176,-0.3274,-0.5883,-0.2921,0.8075,0.5479,-1.6179,2.4048,-0.2785,0.4068,-1.0608,0.1548,-0.2722,-1.6158,-0.4824,0.0833,-1.001,-2.1552,0.3828,-0.5432,-1.2412,0.9817,-0.3602,-1.7682,3.7888,0.4242,-0.4394,-0.054,-0.1232,-1.3567,0.2486,-0.2768,-1.7359,-1.248,-0.5603,-0.9632,0.3373,0.3495,1.2801,4.1808,-1.4385,-0.618,1.1422,-2.429,2.6758,-0.1958,2.3885,0.8267,-1.8974,0.6382,0.3159,1.3163,-0.2289,0.8943,-1.8963,0.8332,-0.608,1.092,-1.4857,-0.08,-1.2508
TCGA-AA-3833-01,12.93333333,-0.5259,-0.7364,-2.1268,-0.4865,0.1899,-1.8882,-1.0132,-1.2652,-1.9308,-0.963,-0.8728,-1.0079,-0.7665,-0.876,-0.664,-1.0952,-1.4365,-0.1718,-0.6647,0.2785,1.72,-2.1723,0.7851,-0.2522,-0.1072,1.1166,-0.733,0.0284,0.3641,0.1916,1.6704,-1.1702,0.1229,0.9293,-0.7397,0.9823,-3.07,-4.4301,1.1593,-1.1237,0.9166,0.1692,0.03,0.2711,-0.1271,0.6815,0.2788,0.0694,0.6032,0.5462,-0.1453,0.3094,-0.2175,-0.5855,-1.1473,-0.4692,1.1086,-2.4218,0.718,-1.8153,-2.1505,0.0676,-0.0373,-0.632,0.2432,-0.7792,-0.4525,-0.0327,-0.0254,0.274,-0.0961,-0.058,-0.4432,-0.0694,0.0122,1.1454,-0.4621,0.14,-0.4281,-0.6095,1.094,0.205,-0.3389,-0.3386,0.5435,0.7776,-1.8475,-0.6245,-2.0978,0.4238,0.0155,-0.548,0.1882,-0.166,1.1876,0.041,-0.7477,-0.794,-0.6815,-2.825,-0.6151,-1.1007,-1.4123,0.7968,-0.162,-1.7022,-1.0295,0.2286,-0.1572,0.0515,-0.6838,0.3024,-0.7089,-0.5731,1.752,1.6727,1.8218,0.1238,-0.2016,-1.6926,0.1174,-1.5402,-0.6245,4.7552,1.0285,-0.0752,0.6075,-0.0756,0.8962,-1.355,0.5751,-4.2807,0.587,-1.4475,0.0558,-1.6401,-0.1377,0.2195,0.1285,-2.068,-1.828,-1.6469,0.654,-0.1948,1.7368,0.1565,-0.5781,0.015,0.5848,-0.0351,0.053,-0.5032,-1.6619,-1.1145,-0.7401,-0.0843,-0.0076,-0.3368,-0.8279,-0.0352,-1.449,1.712,-0.1738,-0.7148,0.4363,1.6236,-0.7858,-0.5088,-0.4532,-0.5075,0.465,-1.0358,0.401,-0.0651,0.592,-3.6805,-0.4549,1.2893,0.5984,-0.1402,2.687,-0.1788,0.3926,0.9298,-0.8548,-0.6282,-0.8567,-0.3838,-1.6763,-1.5698,-1.771,0.3315,-0.0094,1.2488,0.4545,1.8765,-0.7322,-1.6599,-1.4885,-0.5482,-1.2761,0.1665,0.0792,2.3391,-0.1052,1.207,-0.1648,0.1036,-1.3381,-0.3212,-0.9812,-0.5261,0.1982,1.0395,-0.4042,0.0462,0.3982,1.1732,0.7265,1.1638,0.044,-0.7995,-1.5678,-1.1551,2.3928,0.1896,-0.4313,-0.4625,-0.8102,0.6315,-0.6284,1.8534,-0.3183,-1.525,0.9857,0.2768,0.4188,1.9406,0.0465,-0.1757,0.0674,-1.2857,-1.0061,-0.8618,-1.0252,0.5576,0.3493,0.6958,-1.3195,2.442,-1.0205,0.5913,-1.7802,0.1135,0.3382,-1.2585,-0.6813,-0.5855,-1.5347,-0.5908,0.8582,-0.2084,-1.2927,1.236,0.0562,-1.614,3.36,-0.0083,-1.1192,-1.1775,-0.365,0.0472,0.5035,-0.227,-1.039,-0.8683,-0.9723,-0.4883,-0.2472,-0.6402,1.9879,3.507,-1.007,-0.0665,1.0795,-2.6342,2.4592,-0.2517,1.9905,0.8893,-0.2088,1.6542,0.2144,0.6243,0.0131,0.9507,-1.6537,0.0435,-1.1145,-0.0173,-1.0508,0.8238,-0.9392
TCGA-AA-3877-01,26.16666667,-0.6195,-0.1205,-2.1042,-0.2625,0.065,-1.8393,-0.4902,-0.942,-1.9653,-0.5609,-0.8838,-0.4624,-0.9634,-0.8472,-0.8205,-0.5722,0.1315,-1.8565,-0.6986,-0.0265,1.6916,-3.2022,0.758,-0.3998,-0.3972,1.8291,-0.1602,-0.0032,0.1568,-0.7651,1.3594,-0.4087,0.232,0.4906,-1.4161,0.8793,-2.9528,-4.3964,0.9958,-1.0896,0.836,-0.0468,0.3845,1.0491,0.846,0.7663,0.4198,-0.31,-0.1152,-0.7002,-0.1063,-0.3867,-0.268,-0.418,-0.7992,-0.1342,0.68,-2.83,0.0565,-1.3653,-1.2195,0.8054,-0.3048,-0.2376,-0.0742,-0.3688,-0.855,-0.2233,-0.314,0.3655,0.0494,-0.0875,-0.8168,0.5581,0.5606,1.0364,-0.2815,0.2197,-0.457,-0.3573,-1.3188,0.7922,-0.0484,-0.211,0.1536,0.5347,-1.3172,0.1497,-2.171,1.3721,0.1127,-1.1072,0.0144,-0.4152,0.8863,0.3212,-0.5532,-0.5535,0.0415,-2.8223,-0.3707,-0.3585,-1.1473,0.4505,-0.225,-1.212,-0.4092,-0.1017,-0.5392,0.0468,-1.3599,-0.5259,-0.5086,-0.6449,2.3105,0.9373,1.7282,1.0923,0.1043,-1.5782,-0.3972,-1.3922,-0.1346,4.5315,2.2078,-0.1509,0.7543,-0.1384,0.7458,-2.204,0.6145,-4.2747,0.9648,-1.4005,0.1582,-1.8447,-0.2297,0.5703,0.0402,-1.706,-1.8742,-2.2778,-0.988,-0.538,2.4537,0.4138,-0.6079,0.3317,0.3285,-0.3459,-0.548,-0.8838,-1.6049,-0.521,-0.857,-0.5849,0.0574,-0.3176,-0.8322,-0.0229,-1.7828,0.6519,0.0592,-0.2078,-0.128,1.5968,-0.8064,-0.4747,-0.6975,-0.3402,0.39,-0.6152,0.2515,0.3154,0.2794,-3.7908,-0.5629,1.4265,0.8278,0.0808,1.752,-0.9751,0.1292,0.5752,-0.1098,-0.5318,-1.0432,0.1548,-1.0375,-0.9163,-2.2,-1.0228,0.3324,0.7471,0.5722,0.5563,-0.8121,-1.3582,-1.393,-0.4748,-1.7793,1.0505,0.0242,2.2715,0.0775,0.548,-0.5012,-0.35,-1.5869,1.0982,-1.0501,0.2422,0.8203,0.4992,-0.8459,-0.2265,-0.0339,1.1198,0.8942,0.6528,0.1622,-0.3388,-1.1878,-0.578,1.7302,0.6521,0.0368,-0.2737,-0.7068,0.079,-0.8183,2.0611,-0.1152,-1.425,0.7248,0.036,0.04,1.1071,-0.2444,-0.053,-0.3549,-0.3287,-1.0952,-0.8768,-0.8128,-0.4571,0.3445,1.278,-1.6632,2.4392,-1.2017,0.5103,-1.3155,-0.5195,0.2497,-2.1768,-0.0212,-0.7602,-1.2128,-1.2165,0.9028,-0.2065,-0.9692,0.4474,-0.1702,-1.7037,4.9598,0.0745,-0.8264,-1.0465,-0.318,-0.7665,0.1413,-0.2665,-1.147,-0.7286,-0.9023,-0.9945,0.0648,0.8958,0.7183,3.2925,-1.1905,-0.0627,1.0652,-2.4027,0.925,0.2572,1.9045,0.5652,-1.0931,1.501,0.0811,1.0278,-0.1375,0.9154,-1.5646,0.3523,-0.7125,0.8379,-1.3535,-0.021,-1
TCGA-AA-3947-01,43.5,-0.6102,-1.2425,-1.8252,0.3605,-0.3209,-2.4672,-1.0578,-0.9752,-1.8349,-0.331,-1.3999,-1.6746,-0.684,-0.6944,-1.0408,-0.6857,0.059,-2.0675,-0.8753,0.452,0.9347,-3.1478,0.5745,-1.3172,-0.6911,2.7162,-0.3615,-0.901,-1.1408,-0.9806,0.9081,-0.5175,0.5752,-0.0247,-1.9932,0.2153,-2.8598,-4.3166,-0.5334,-1.7951,0.7891,-0.4368,0.2,0.886,0.1732,0.34,-0.2728,-0.8379,0.7705,-1.3337,-0.3623,-0.2454,-0.5589,-0.5655,-1.0983,-0.1851,-0.3353,-3.231,1.5318,-1.2412,-1.8675,0.0224,-0.7167,-1.2438,-0.219,-0.6132,-1.4202,0.3968,0.1761,0.89,0.2064,-0.9748,-0.8162,0.1995,-0.1044,0.7468,-0.0455,0.0861,-1.2727,-0.2957,-0.1314,1.5131,-0.3109,0.0926,0.2277,1.0835,-2.2484,-0.2595,-3.1197,0.8514,0.4357,-0.1028,-0.5249,0.0485,0.5614,0.219,-0.5888,-1.168,-0.4028,-3.5308,-0.9971,-0.3041,-1.432,0.4535,-0.4028,-1.2802,-0.526,0.0279,-0.6203,0.1375,-1.8675,0.2994,-1.2171,-0.8906,1.654,0.9147,1.1127,0.3862,0.4045,-1.3907,0.788,-1.9787,0.247,4.5582,1.2262,-0.4165,1.4345,-1.5449,0.7446,-1.8357,0.5923,-4.5105,0.7153,-0.7952,0.0238,-1.6133,-0.6773,0.488,-0.1422,-1.9123,-2.5336,-1.9176,-1.0253,-0.855,1.8832,-0.018,-0.8551,-0.334,0.0388,-0.0739,-0.0058,-0.2501,-2.4455,-0.9592,-0.4222,0.4129,0.1639,-0.4829,-1.39,-0.1447,-1.9648,1.1701,-0.5372,0.0928,0.2618,1.2143,-0.965,-0.7932,-0.2336,-0.797,0.35,-1.5765,0.5288,0.2018,0.7401,-4.1136,-0.6178,0.3151,0.1789,-0.2895,2.2705,-0.9361,-0.2812,0.5805,-0.941,-0.2035,-1.0683,-0.7887,-1.5934,-0.7625,-2.804,-0.9475,-0.5436,1.0946,0.7313,-0.7359,-1.2141,-1.9559,-1.5455,-0.6908,-0.9497,0.8038,0.4378,2.5204,0.3729,1.1355,-0.311,-0.2911,-1.2164,-0.2212,-0.9978,-0.2866,0.1423,-0.067,-0.3896,-1.6982,0.9389,0.4235,0.4728,-0.1735,-0.871,-0.4924,-1.5178,-1.0126,1.6072,-0.4174,0.0192,0.3537,-1.2437,0.3298,-0.6738,2.1997,-0.1252,-1.503,0.6818,0.467,-0.3066,0.3576,-0.018,-0.0486,-0.7734,-0.4379,0.2926,-0.9889,-0.57,-0.916,0.4147,0.8636,-2.2944,2.2793,-0.779,0.692,-1.6658,0.101,-0.2232,-2.0832,0.07,-0.2817,-1.224,-1.6732,0.3969,-0.5601,-0.8915,0.8568,-0.8508,-1.1333,2.9342,-0.0476,-0.4238,-0.278,-0.2512,-1.1403,0.4411,0.1318,0.1354,-0.976,-1.0082,-1.1808,-0.2177,-0.2328,0.3524,3.4768,-0.637,0.0348,1.5924,-1.9455,1.8908,0.1902,1.5867,3.656,-1.3978,0.6921,0.2712,0.8932,-0.2955,-0.51,-1.6134,0.0432,-1.033,0.3968,-1.9238,-0.0902,-1.3158
TCGA-AA-3949-01,23.06666667,-0.7504,-0.4019,-0.056,0.227,0.1161,-2.8057,-0.9969,-1.184,-2.0078,-0.4465,-1.4186,-1.0536,-0.6404,-0.5883,-1.107,-1.1935,0.0595,-1.5992,-0.8101,-0.164,0.5948,-1.4657,0.2155,-0.9405,-0.9598,0.7784,0.0148,-0.3316,-0.2979,-0.123,0.9172,-0.9087,-0.1019,0.9279,-1.3331,1.259,-3.391,-3.8139,0.0742,-1.3942,0.5244,-0.1885,0.187,0.1763,0.918,1.6157,0.3331,-0.5382,1.0422,-0.7557,-0.1025,0.5786,-0.578,-0.031,-1.0423,-0.9865,-0.4695,-2.3528,0.6088,-1.5657,-1.174,0.8371,-0.2157,-0.9012,0.2772,-0.5022,-1.3785,0.3976,-0.0768,0.7425,0.1555,-0.3516,-0.1515,0.2749,-0.0091,1.1708,-0.7856,0.276,-0.494,0.0847,0.6988,-0.2026,0.1652,-0.0321,0.4518,1.0982,-1.8499,-0.5823,-2.7672,1.748,0.0404,-0.5355,0.1672,-0.0213,0.9693,-0.1018,-0.6757,-1.3215,-0.5745,-0.7787,-1.4186,-1.2283,-0.5602,0.2885,-0.176,-1.6822,0.3132,-0.1466,-0.7417,-0.3046,-0.8688,0.7549,-1.0905,-0.0084,3.638,2.028,2.849,0.8935,0.2706,-1.8425,0.2648,-1.533,-0.3189,4.5433,1.5825,0.1963,-0.3323,-0.8189,1.1892,-2.381,0.7418,-3.6989,1.2052,-1.3505,0.1352,-1.9405,-1.444,0.5923,-0.1693,-1.6685,-0.7941,-1.0584,-0.4595,-0.3363,2.0023,0.0582,-0.4459,-0.6352,0.3781,0.1535,-0.0346,-1.0836,-2.5278,-0.9465,-0.6647,-0.1779,1.0876,-0.4624,-0.9835,0.0361,-1.3528,0.7371,-0.0035,-0.1648,1.8083,1.1486,-0.7978,-0.8982,-0.3653,-0.3592,0.1532,-0.7283,0.7153,0.2622,1.0158,-3.9185,-0.7676,1.1386,1.2832,-0.3439,2.544,0.7219,0.092,1.1625,-1.0223,-0.5014,-0.9798,-0.284,-1.3733,-0.7627,-2.192,-0.7542,-0.1722,1.0589,1.14,-0.1996,-1.2306,-1.4319,-1.922,-0.249,-1.32,0.9272,0.314,3.0434,0.0898,0.975,-0.2238,-0.7401,-1.6799,0.3262,-1.4558,0.7129,0.0437,0.6819,-0.0385,-0.1325,1.0418,0.8275,0.4718,1.1098,0.4595,-0.287,-1.4727,-1.0432,1.2567,-0.0526,-0.46,-0.3675,-1.1162,0.3532,-1.0441,0.8227,-1.584,-1.4925,1.2503,0.7715,-0.3822,0.7254,0.6647,-0.0716,-1.4903,-2.018,-0.9534,-0.4794,-0.7672,0.2032,0.1452,1.7812,-1.5938,1.632,-0.7353,0.081,-1.5562,0.383,0.4707,-1.1645,-0.2094,-0.9532,-1.4568,-1.051,0.9372,-1.2384,-1.2597,0.8909,0.3057,-1.7072,4.7387,0.5199,-0.7024,-0.917,0.3348,0.4093,0.3502,-0.3718,-0.7355,-0.5835,-1.0098,-0.509,0.0722,-0.7058,1.2771,3.1332,-1.323,-0.1612,1.6435,-1.8893,1.0105,0.7398,1.5028,2.9253,-0.8836,0.8613,0.2039,0.6787,-0.2654,-0.3035,-1.797,0.185,-0.998,0.444,-1.062,-0.4858,-1.545
TCGA-AA-A00A-01,11.2,-0.3025,-0.833,-1.9936,0.75,-0.6715,-2.224,-0.3998,-0.5724,-1.0474,-0.5654,-0.1782,-1.025,-0.151,-0.0339,-0.7992,-0.6229,-0.319,-1.746,-0.5076,0.0942,2.445,-3.6679,1.3995,0.3502,0.3445,1.2194,-0.1128,0.1369,0.8219,-0.0082,1.6296,-1.0008,-0.1371,0.7079,-0.5608,0.1512,-2.9785,-4.3145,0.9209,-1.1008,1.4174,-0.0515,0.0815,1.3312,1.6092,0.7658,0.233,-0.1295,-0.1042,-2.1738,0.3533,0.4723,-0.3542,-0.081,-0.5632,-0.0944,1.6649,-1.2788,0.7335,-1.1422,-1.1515,0.3502,0.2845,-0.7054,0.2202,0.2715,-0.5548,-0.048,-1.7821,0.3555,0.262,-0.8553,-0.1272,0.4773,0.0709,1.4815,0.5539,0.1848,-0.2474,-0.7781,-2.687,1.3467,0.3408,0.2557,0.3406,0.4949,-0.6819,-0.2098,-2.8748,1.208,0.0443,-0.9052,0.2034,-0.3405,1.2312,0.8015,-0.0265,-0.5325,-0.0642,-3.2898,-0.0931,-0.7098,-1.0527,0.8112,0.1855,-1.595,-1.527,0.2505,0.4317,-0.2226,-0.6224,0.0111,-1.4803,-0.674,1.9265,1.1928,1.3055,0.1723,0.2753,-1.21,0.4325,-2.4327,-0.5436,4.6758,0.5402,0.1144,-1.6302,-0.7479,1.7022,-1.8073,-0.0698,-4.5508,1.1846,-1.3973,-0.1972,-2.2335,0.1625,0.4727,-0.0148,-2.2057,-1.6364,-2.2776,1.8462,0.067,2.1406,0.5715,0.0621,-0.1067,0.1265,-0.4024,-0.2514,-0.8729,-2.6463,-0.6892,-0.2024,0.7125,0.2899,-0.1091,-0.8111,0.1032,-1.9033,0.7491,0.4398,-0.1352,0.0972,1.7644,-0.6064,-0.3644,-0.4813,-0.6587,0.1325,-0.8127,0.054,0.0516,0.5248,-4.9505,0.2058,1.8005,1.3025,0.2128,3.142,-1.0365,-0.0059,1.2575,-0.045,-0.4492,-1.2698,-0.3162,-1.2495,-1.3335,-2.4532,-0.2965,0.798,0.489,-0.032,-0.608,-0.9331,-0.8494,-0.504,-0.8622,-2.0772,-0.0872,0.0418,1.848,-0.3064,0.8952,0.3725,-1.2667,-0.53,0.6992,-0.2529,1.3734,1.1193,0.7194,-0.74,-0.3438,0.5632,0.7398,0.7282,0.968,0.295,-1.2584,-0.8988,-0.6126,2.0177,-0.0859,-0.3388,-0.0877,-0.0753,0.6268,-0.9291,2.8191,-0.0888,-1.4585,1.0067,0.1812,-0.3256,0.5645,0.2471,-0.2354,-0.0217,0.2626,-2.6024,-0.6896,-0.9798,-0.2939,0.6868,0.6242,-1.7786,3.023,0.739,1.2652,-1.2388,-0.119,-0.0423,-2.3132,-0.2164,-0.3403,-1.3592,-2.3658,0.5309,-0.1926,-1.6815,0.885,-0.2685,-1.6648,4.839,0.1672,-0.3542,-1.1305,-0.3365,-0.8455,0.416,-0.4612,-1.267,-1.4211,-0.8193,-0.7938,0.2832,-0.0152,0.9935,3.5992,-0.321,0.2547,1.2125,-2.3588,4.5662,0.6942,2.132,1.7683,-1.4986,0.2435,0.5526,1.58,-0.0446,0.9676,-2.1069,0.3255,-1.3998,1.3302,-1.9432,-0.0972,-1.4358
TCGA-AA-A00E-01,15.93333333,-0.4451,-0.213,4.5608,0.517,0.444,-1.9573,-0.0059,-1.0565,-1.4016,-0.793,-0.4715,-0.5122,-0.7786,0.0292,-0.011,-0.2595,0.7042,-1.4932,-0.3918,0.596,2.4576,-2.0794,0.797,-0.1875,-0.3431,1.6014,-0.1685,0.1343,-0.2019,-0.0147,1.1418,-0.7962,0.912,1.6732,-1.1513,1.0003,-3.3432,-4.4675,0.6261,-0.5826,0.5895,-0.0063,0.5725,0.2364,1.2675,1.0183,0.2635,-0.573,0.4228,-1.0512,-0.0892,0.4088,-0.3132,-0.334,-0.6217,-0.4505,1.4031,-3.0687,0.61,-1.3288,-0.7845,0.7646,0.2625,-0.0799,0.7425,0.3593,-0.4068,-0.3202,-0.7814,0.0645,0.6859,-0.5987,-1.1388,0.4005,0.136,1.2122,0.0769,-0.2019,0.2265,-0.4801,-2.8494,0.5037,0.6653,0.3814,0.3881,0.3186,-0.5241,-0.1067,-3.4512,0.6864,0.1198,-2.3205,-0.0898,0.667,0.4095,0.4723,-0.2392,0.096,0.3975,-4.2387,-0.0825,0.106,-1.419,0.8558,0.372,-0.5872,-0.3592,0.2466,0.092,0.2326,-0.6649,1.9061,-0.6094,-0.2901,2.366,1.593,2.4888,0.795,-0.0807,-0.5109,0.0673,-1.6713,0.0018,4.0472,0.6548,0.3498,1.8955,-1.1038,0.0201,-2.0222,0.212,-4.2138,0.9456,-0.5,-0.3208,-2.3934,-0.5332,0.3805,0.4462,-2.5702,-1.3068,-1.567,0.3993,-0.1003,1.9904,0.2175,0.3684,-0.7582,0.8252,0.2065,0.349,-0.0229,-2.4947,-0.0102,-0.6359,-0.6632,0.3948,-1.5095,-0.3678,0.3596,-1.316,0.7726,-0.0373,-0.3482,0.7723,1.0625,-0.9676,-1.233,-0.4017,-0.5352,0.14,-0.7007,-0.2968,0.2554,-0.2286,-5.5992,0.1094,1.4006,1.0051,0.1115,2.6155,-0.0669,0.2601,0.7355,-1.0025,-0.2384,-0.7135,-0.019,-1.2188,-0.7517,-2.7206,0.3015,0.6883,0.6541,0.3018,0.5365,-0.3395,-0.8178,-0.7835,-0.3682,-2.0652,0.215,0.2255,2.2348,-0.4645,1.175,0.6923,-1.4066,-1.0259,1.0665,-0.9344,0.0671,1.271,0.8716,-0.0619,0.0102,0.4128,0.336,0.6318,0.5397,0.2978,-0.4512,-0.891,-0.626,0.6815,-0.0516,-0.1625,0.1003,-0.4122,0.2547,-1.0458,2.8888,0.4999,-2.2385,0.6968,0.024,-0.3169,1.1325,-0.117,-0.3962,-0.9383,-0.0948,-0.2589,0.126,-0.1952,0.3774,0.527,0.812,-1.8411,2.3282,-0.75,-0.1087,-0.4028,-0.3078,0.1747,-0.7525,-0.5834,-1.0202,-0.7842,-1.482,0.5118,-0.0499,-0.76,0.6978,1.2622,-2.2795,3.788,0.2847,-0.1639,-1.0725,0.2555,-0.083,-0.1372,-0.357,-1.475,-1.0116,-0.6278,-0.811,0.2137,0.999,1.4935,3.6482,-0.8752,0.086,1.0791,-2.3142,1.7538,-0.0012,2.1672,1.0163,-1.2246,0.9759,0.508,0.5722,-0.0981,1.391,-1.955,0.4082,-0.2965,0.4035,-1.235,-0.4878,-0.9238
TCGA-AA-A00J-01,29.3,-0.3726,-1.2614,-2.5805,0.9855,0.2016,-2.2005,-0.1972,-0.7408,-0.5403,-0.5045,-0.3899,-0.765,0.4236,-0.2409,-1.1132,-0.3032,0.4695,-2.032,-0.6284,-0.4282,2.1627,-3.4048,0.4054,-0.2225,0.2811,2.3624,-0.3738,-0.199,-0.9167,-0.7204,1.3588,-0.5753,0.4998,2.2422,-0.8107,0.1572,-3.3318,-4.9288,0.7371,-1.4321,1.5255,-0.8722,0.1805,1.0074,1.2856,-0.0053,0.418,-0.2506,-0.1748,-1.3632,0.6482,-0.1598,0.0372,-0.3165,-0.6123,-0.3875,0.2241,-3.8787,1.416,-1.1642,-0.7925,0.1725,-0.1005,-0.1856,-0.4885,0.4995,-0.7495,0.2873,-1.8095,0.193,0.4285,-0.9664,-0.5845,0.0686,0.5189,0.6501,0.8045,0.0501,0.8919,-0.3141,-2.8039,0.2453,-0.0648,0.1245,0.4127,0.5674,-1.2809,-0.1483,-2.7802,0.1278,-0.0095,-0.293,-0.0176,0.1568,0.1419,0.2737,0.1457,-0.5538,0.0958,-2.718,0.0059,-0.4599,-1.6518,0.6232,0.6405,-1.5063,-1.6672,-0.0492,0.1638,-0.0754,-0.4397,1.0744,-1.2119,-0.7912,1.3145,0.2747,0.226,0.1507,0.2578,-0.3798,-0.0401,-1.6173,-0.3656,4.982,0.5363,0.1991,1.865,-0.4631,2.084,-1.8111,0.1388,-4.8074,1.2897,-0.2792,0.8508,-2.1759,0.7448,0.828,-0.2458,-2.0213,-2.8608,-2.9256,0.3422,-0.5823,2.2126,0.047,0.3573,-0.5325,0.2921,-0.536,0.7482,-0.9096,-1.8152,-0.958,-0.5071,0.2428,1.1536,-0.4878,-0.0748,0.6469,-2.0258,0.8712,0.0435,-0.327,0.0113,1.5756,-0.9483,-0.4428,-0.154,-0.4628,0.3478,-0.5662,0.2472,0.2411,0.5819,-4.0949,0.2413,1.8945,0.6595,0.2461,2.391,0.3188,-0.0485,0.326,-0.2215,-0.4043,-1.1248,-0.6432,-1.2219,-0.753,-2.5974,0.0432,0.8113,1.8211,0.0503,0.2132,-0.8921,-0.3134,-0.5295,-0.7622,-1.443,0.6372,-0.493,1.4725,-0.136,1.1612,0.1317,-1.0482,0.0078,0.2525,-1.1864,1.4462,1.1873,-0.1133,-0.6067,-2.0573,-0.2049,0.276,0.4145,-0.2985,-0.1735,-0.9699,-1.4643,-0.1808,1.0822,-0.2744,-0.702,-0.5913,-0.0725,0.5605,-0.5872,3.0207,0.3197,-1.571,0.8975,0.042,-0.656,0.8547,1.197,0.4802,-0.7278,0.5188,0.7559,-0.8639,-0.7897,-0.8319,0.5097,1.0232,-1.87,1.9612,-0.4295,0.6822,-0.809,-0.1912,0.2898,-1.938,-0.3418,-1.032,-1.15,-2.2785,0.4822,-0.3927,-1.4147,1.3011,-0.7433,-1.6132,3.8195,0.4121,-0.254,-0.477,0.1318,-1.6217,0.3944,-0.6045,-0.629,-1.441,-1.101,-0.8823,0.0747,0.5275,0.9592,3.9155,-1.0145,0.3638,1.0229,-2.6093,1.959,0.1588,2.26,0.4663,-1.3171,1.0734,0.3859,1.9408,-0.0112,1.0588,-2.1057,0.1982,-0.6662,-0.0444,-2.038,-0.2192,-0.691
TCGA-AA-A010-01,218.8,-0.2757,-0.1901,-1.8459,0.8935,-0.2402,-1.6463,0.4622,-0.6914,-1.0678,-0.3476,0.4318,-0.741,0.7824,-0.0118,-0.4062,0.0862,0.4685,-2.1693,-0.2116,-0.1932,2.7538,-1.9868,0.981,-0.215,0.7996,0.6516,0.1022,-1.0869,1.3168,0.8979,1.2771,0.0392,0.499,-0.4377,-0.8386,0.5672,-2.4785,-5.4473,0.7468,-0.8917,0.7906,-0.003,1.158,0.7247,1.0419,-1.4395,-0.0937,0.1709,0.7532,2.7962,-0.408,0.153,-0.2194,-0.767,-1.1298,-0.2841,0.9861,-0.4645,-0.2165,-0.4618,-1.057,-0.4429,0.1407,-0.4042,0.9835,1.2087,-0.5722,-0.1623,-1.1481,-0.4875,1.0531,-2.1197,-0.0245,0.6455,-0.0889,0.1741,0.715,1.0091,0.3726,-1.5097,-2.1044,1.598,0.8166,0.0412,0.6947,0.4008,-0.5139,-0.0323,-1.979,-0.7368,0.4046,0.0177,-0.0731,1.235,0.1615,0.7403,-0.1955,-0.2332,0.211,-2.3717,0.1227,0.183,-0.0243,1.4582,1.112,-1.0117,-1.7435,0.5464,0.0445,0.0319,-0.5185,1.2381,-1.0296,-1.2731,0.801,-0.1,-0.1665,0.6155,-0.2051,-0.3531,0.7309,-2.0368,-0.1095,3.954,-0.3072,0.356,-0.6695,-1.565,0.5368,-1.2919,-0.0794,-4.7005,1.0478,-0.2405,1.486,-1.5761,0.4612,0.6855,0.7415,-2.0827,-2.2812,-2.0604,0.7817,0.5703,1.4402,0.1905,0.5941,-0.3025,0.0404,-0.1169,0.4965,-0.2552,-3.0061,-0.7835,-0.8126,-0.2064,1.1838,-0.2821,-0.388,0.4275,-1.4762,2.1135,-0.0973,-0.2482,-0.3225,1.1685,-0.7504,-0.7117,0.0058,-0.5392,0.09,-1.2165,-0.3978,0.081,0.4958,1.9232,0.4704,0.7573,0.3802,0.2674,3.596,-0.1386,0.3746,-2.244,-0.67,-0.0148,-1.0622,-0.8578,-0.8192,-1.2078,-3.0964,0.7978,0.7651,-0.1093,0.2182,-0.792,-1.0909,-0.6189,-0.4005,-0.2858,-1.5955,0.5958,0.2715,-0.6054,-0.0082,1.6042,0.301,0.3197,-0.4918,-0.0182,-1.2547,0.2215,0.4957,0.0431,0.1132,-0.465,0.518,-0.178,0.2392,-0.2082,0.4112,-0.5779,-0.7532,-0.2075,2.4023,0.0818,0.3702,-0.3467,-0.0498,0.3622,-0.4269,2.2308,1.3162,-0.723,0.0638,-0.4145,-0.384,1.3781,0.2468,-0.2608,-0.6926,-1.1839,-1.6328,-0.6171,-0.2952,-0.4761,0.5102,0.2931,-2.7049,2.6775,1.1618,0.4152,-1.095,0.9955,0.0653,-2.305,-0.0555,-0.0752,-0.875,-1.2275,-0.2821,0.2613,-0.7653,0.2409,-0.7677,-2.6613,2.0655,0.1126,-0.2171,-0.281,0.0138,-0.868,0.2921,-0.0312,-0.4355,-1.094,-0.661,-1.14,0.2205,-0.095,1.4804,4.066,-1.109,-0.105,1.7624,-2.2382,-2.3723,0.849,2.4082,3.3668,-0.99,0.4907,0.1256,0.9752,0.2489,0.3166,-1.2732,0.2967,-0.6595,-2.603,-1.0295,-0.981,-1.3762
TCGA-AA-A01Q-01,20.1,-0.4123,-0.907,-2.2838,1.6,-0.5014,-2.612,-0.3445,-0.7134,-0.8662,-0.6682,0.0589,-1.12,0.6138,0.3695,-0.1015,-0.3544,0.2605,-1.7408,-0.2285,-0.349,1.6086,-1.1833,0.69,-0.5458,0.3032,1.9291,-0.1595,-0.9635,-0.6531,-0.9796,2.277,-0.3181,0.3508,1.9632,-1.1747,0.6275,-3.394,-4.1671,1.0729,-1.772,1.5656,-0.5405,0.0215,0.08,1.1914,0.0555,0.6461,0.4676,0.5105,-2.2387,0.1372,1.2095,-0.2892,-0.81,-0.7067,-0.2932,-0.4311,-1.2532,0.1185,-1.154,-1.6095,0.2402,-0.0798,-0.351,-0.144,0.7443,-1.747,-0.0752,-2.3512,0.557,0.2199,-2.1094,-0.3212,0.6141,0.018,-0.0149,0.641,0.2813,-0.0025,-0.7365,-3.142,1.1877,0.7484,0.2106,0.4038,0.199,-0.8894,-0.7633,-2.859,0.361,0.1901,-0.1932,0.9059,-0.024,0.9542,0.4767,-0.28,-0.3937,-0.51,0.8742,-0.1294,0.4087,-1.1583,0.2112,1.249,-1.787,-1.979,-0.2831,0.2081,-0.5076,-0.2668,-1.8956,-1.3823,-0.414,1.1045,0.6848,0.2158,-0.3775,-0.5659,-0.223,-0.0787,-1.9498,0.4178,4.9358,0.5988,-0.0322,-1.9328,-1.9789,0.8152,-1.6628,-0.1696,-4.5198,0.9432,-0.0065,0.8308,-2.559,0.2352,0.3503,0.1755,-2.0933,-2.2487,-2.3448,-1.1932,0.1678,1.6176,0.3952,0.5307,-0.2662,0.2415,-0.6258,0.3501,-0.2962,-2.7942,-0.7475,-0.1286,0.7832,0.8488,-0.9278,-0.84,0.4323,-2.1738,0.1804,0.0732,-1.1438,-0.7002,1.296,-1.4513,-0.8299,-0.4133,-0.3245,0.9785,-0.4823,-0.29,0.0612,0.2995,-4.3404,0.3976,2.2491,0.5962,0.1839,2.8845,-0.047,-0.3208,1.5638,-0.0305,-0.397,-1.5413,-0.9155,-1.6012,-1.2767,-3.0148,0.3648,0.3287,0.1195,-0.3162,-0.428,-1.1726,-0.9462,0.427,-0.8468,-1.6997,2.4882,-0.1975,1.648,-0.0028,0.1555,0.8838,-1.5402,-1.2769,-0.261,-1.941,0.1329,1.6553,-0.0913,-0.456,-0.2357,-0.0026,0.9905,-0.1225,0.4678,-0.3252,-0.2204,-0.3853,-0.5121,2.1515,0.1094,-0.4605,-0.5027,0.2573,0.6615,-0.9171,1.7288,-2.2472,-1.2305,1.0888,0.1055,-0.373,-0.6061,-0.0299,-0.4489,-2.0036,0.6493,0.268,-0.6018,-0.4462,-1.1231,0.346,0.4798,-2.5373,2.6505,0.1963,0.7187,-0.669,0.1915,0.4012,-1.5065,-0.6381,-0.2345,-0.335,-2.1672,-0.0224,-0.1451,-1.4088,0.7833,-0.827,-1.8527,4.0425,0.5301,-0.4588,-0.1805,0.1188,-1.591,0.2338,0.0262,-1.4222,-1.9609,-1.4042,-0.7513,0.3575,-0.581,1.298,3.9175,-0.7968,-0.5833,1.3898,-2.1035,-0.727,-0.4362,3.5952,2.06,-1.6444,0.9283,0.7228,1.7472,0.084,0.8079,-2.287,0.5853,-0.371,0.9651,-2.4735,0.2622,-1.4165
TCGA-AG-A002-01,524.7,-0.3264,0.0229,-2.9516,-0.3685,-0.3352,-2.577,-0.1964,-0.6712,-1.2685,-0.2254,0.367,-0.3038,-1.6982,-0.5457,-0.093,-0.7888,1.2985,-1.8907,-0.0529,0.0518,1.5188,-0.6983,0.0765,-0.18,0.2519,1.3427,0.2222,-0.3872,-0.0722,0.9291,0.7234,-1.2018,-0.2034,1.5591,-0.3915,-0.2262,-2.5918,-3.0198,0.3578,-0.9996,0.8296,0.277,0.7945,0.4461,1.5814,-0.8093,-0.0711,-0.18,0.6448,-2.2298,0.1612,0.1052,-0.0798,0.645,-0.4142,-0.0651,-0.2459,-0.6375,0.045,-1.627,-1.974,0.292,-0.8433,-0.0398,0.759,0.718,-1.0143,-0.2491,-1.051,-0.6085,0.2447,-0.9873,-0.2472,-0.4767,0.1946,-0.0211,0.2695,0.3716,0.3935,-1.264,-2.4006,1.0801,0.6984,0.3249,0.7487,0.3418,-0.4234,0.4053,-1.7495,-0.3254,-0.0074,-0.036,0.1515,0.1462,1.0314,0.2955,-0.022,-0.3068,1.1618,-4.5935,0.1799,-0.6198,-0.9743,0.836,0.8672,-0.7463,-2.7408,-0.1342,0.4352,0.1512,1.1345,-3.6323,-1.1135,0.2221,1.042,0.4042,0.0415,0.902,-0.4409,-0.9972,-0.7998,-2.4973,-0.6647,3.7828,0.1248,0.5657,2.1532,-1.4241,0.9313,-1.9266,0.0255,-5.4633,2.0907,-1.26,-0.854,-0.8465,1.2838,0.5977,-0.0213,-1.8937,-3.3166,-3.2976,-0.0117,-0.4967,2.9271,0.3068,-0.6472,0.0612,0.402,-0.3001,0.0741,0.3234,-1.8078,0.2395,-0.4711,-1.3252,-0.8286,-0.6328,-0.6252,0.2105,-2.5507,4.5916,-0.4307,0.0888,-0.7095,0.8842,-1.6252,-0.2316,-0.6267,-0.1388,-0.1655,0.476,0.3345,0.1214,-0.0466,-0.8401,0.0493,1.2966,0.4739,0.1013,2.1315,-0.774,1.5028,-0.274,-0.583,0.1478,-1.3308,0.0738,-0.3789,-1.3383,-2.9043,-0.2105,1.3432,1.1075,0.1098,0.5709,-0.7294,-0.3286,-0.1645,-0.4785,-1.7095,5.7138,-0.2192,-0.2023,0.3379,1.438,0.2815,-0.2114,-0.9229,-0.039,1.2122,0.1198,0.187,0.448,-0.0363,0.0053,0.0468,0.4025,1.0775,-0.892,0.8868,0.1312,-1.509,-1.2526,2.2125,-0.0499,-0.5452,-0.5312,-0.4145,1.4742,-1.2733,3.3289,1.7832,-1.669,0.5783,0.0112,1.4954,1.0617,-0.7272,-0.6574,-0.2668,0.8549,1.1008,-0.1845,-2.197,-0.1138,0.3187,1.5859,-2.8344,2.5128,-3.307,0.963,-0.6995,0.6822,0.9613,-1.7588,0.3787,-0.6685,-0.9008,-1.0748,0.3706,0.1053,-0.627,-1.0805,0.4147,-2.9507,2.7065,0.7902,-0.2659,-1.0045,-0.6325,-2.6648,0.7854,-0.5522,-1.8169,-1.7823,-0.1755,-0.305,0.7443,0.833,1.7722,4.1658,-0.264,0.1622,1.1595,-2.7617,-1.809,-0.5095,2.0415,-1.0695,-2.259,1.3628,0.1412,1.328,-0.2656,1.9335,-0.985,0.2053,-0.9178,0.0061,1.3712,-0.7635,-1.148
TCGA-AA-3527-01,2.733333333,-0.3254,-1.2001,-2.2094,1.3855,-0.8329,-2.5292,-0.6798,0.5458,-1.6475,-0.1298,-0.6168,-0.7672,-1.1651,-0.4591,0.3495,-0.7546,-0.0772,-0.003,-0.6103,0.2332,1.4395,-3.1804,2.0912,-0.3012,0.0855,0.9115,-0.1222,0.239,-0.8667,0.8544,0.4339,-0.7469,0.3481,-0.2526,-0.3502,0.241,-4.1025,-4.4501,0.5796,-0.6435,1.2321,0.2005,0.0535,1.0109,0.8682,-0.2195,0.4384,-0.128,0.0985,-1.1952,0.1303,-0.2868,-0.2084,-0.718,0.0788,-0.3534,-0.6915,-0.9662,0.2288,-1.4727,-1.6565,0.4644,-0.1788,-0.77,-0.163,0.106,-1.3348,-0.1095,0.4584,0.2535,0.0576,-0.3067,-1.026,0.7956,0.067,0.5741,0.3994,0.1575,-0.0254,-0.3448,-1.977,1.4853,0.0709,-0.0428,-0.8372,-0.449,-1.2668,0.0632,-1.9175,0.7222,0.1382,0.265,-0.1526,0.1732,0.6806,-0.0415,-0.6802,-1.4567,0.5112,-0.8555,0.418,-0.242,-0.8758,-0.8755,0.091,-1.3505,-1.9918,-0.2316,-0.9112,-0.2362,-0.7637,0.4347,-0.6666,0.3896,0.7715,0.5922,0.7835,0.4022,0.1063,-1.8402,1.0168,-2.82,-0.2535,4.4105,0.2055,-0.042,-1.5518,-1.4554,1.0523,-0.9907,-0.2086,-4.598,1.1042,-0.7855,-0.3678,-1.8715,1.1015,0.049,-0.2622,-1.2923,-2.4004,-2.2234,1.9155,0.3723,1.3911,0.0213,-0.1184,-0.0687,-0.3555,-0.4876,-0.4701,0.1144,-2.5812,-0.7292,0.0496,0.3773,1.114,-0.3161,-1.61,-0.5113,-1.245,0.0812,0.249,-0.6915,0.0363,1.1798,-1.1124,-0.9693,0.0427,-0.63,0.101,-0.2523,0.4068,0.5246,0.1658,-4.7846,-0.236,1.3912,0.5092,-0.1372,2.2145,-2.1171,0.4072,-0.24,-0.6885,-0.4928,-1.2777,0.022,-0.4411,-0.6213,-3.0938,0.7205,0.2662,0.1052,0.7475,-0.6476,-0.6319,-1.9521,-0.34,-0.8855,-0.9654,2.008,0.218,-0.4285,-0.0025,0.5138,0.6375,-0.4075,-1.0009,0.4762,-0.2626,-0.4664,0.4273,0.1661,0.0447,0.3483,1.1139,0.4688,-0.2145,-0.3948,-0.4,-0.3028,-1.2065,-0.6325,2.5445,0.102,-0.8393,-0.395,-0.5683,0.3212,-0.6668,2.1684,-0.4139,-0.655,0.7822,0.3865,0.093,-0.4058,-0.2226,0.1067,-0.6522,0.4768,-2.3851,-0.3311,-0.777,-0.5132,0.9663,0.7685,-2.1944,1.4318,-0.992,0.4688,-1.6225,0.5268,0.215,-0.8155,0.0742,-0.7458,-0.8678,-2.2468,0.1301,-0.0877,-0.407,1.2463,-0.2488,-2.2258,2.533,0.1312,-0.7704,-1.2725,0.1415,-2.0805,0.6146,0.2492,-1.1551,-0.884,-0.8123,-0.7448,0.0875,-0.0012,0.5052,2.9265,-1.166,0.172,-0.5325,-2.4132,0.405,0.172,1.1715,2.9672,-0.4908,0.6727,0.2511,0.7412,0.0236,-0.1113,-1.1953,0.8837,-1.0305,-1.504,-0.629,-0.9652,0.2192
TCGA-AA-3680-01,3.066666667,-0.224,-0.4884,-1.1015,-0.2155,-0.0351,-0.7113,0.0748,-1.1004,-2.1888,0.0408,-0.7119,-0.8759,0.6516,-0.2164,-0.5792,-1.1343,-1.6325,-1.5653,-0.5305,-0.3415,2.3318,-1.77,2.095,-0.4055,0.109,0.7626,-0.1742,0.6288,0.6976,0.9485,2.0286,-1.2066,0.3063,1.5916,-0.3365,0.875,-2.4422,-4.6401,0.848,-1.2519,1.1045,-0.9372,0.7845,0.5073,1.5884,-0.1475,0.0787,-0.3086,1.2092,1.3387,0.1547,0.6944,-0.6895,0.4625,-0.4703,-0.3838,0.2179,-0.9793,0.9078,-1.8175,-1.5585,0.3435,0.0253,-0.6609,0.5232,0.4152,-0.9815,-0.4273,-0.9082,0.2745,-0.1651,-0.3055,-0.521,1.3277,0.3892,0.945,0.6577,-1.3726,-0.6431,-0.4517,0.895,1.6826,0.1534,0.1941,0.3854,0.8948,-0.8192,-0.1397,-2.6725,0.0282,0.1885,-0.0058,0.112,0.2532,0.0617,0.6208,-0.1395,-0.348,-0.7285,-2.3062,-0.5714,-0.2498,-1.2255,-0.0052,0.1065,-2.0575,-1.24,-0.0886,0.4459,-0.4325,-0.3128,0.4048,-0.9954,-1.483,0.422,1.7247,2.247,0.3663,-0.0335,-0.8827,1.0543,-2.3133,-0.4336,4.2922,-0.1282,0.316,-1.4328,-1.4956,1.7094,-1.6381,-0.046,-4.4627,1.6638,-2.1602,0.1912,-1.8018,0.3642,-0.599,0.05,-2.2085,-1.3204,-1.2666,2.587,0.7268,1.6009,0.3232,-0.1867,-0.0232,0.4284,-0.5436,-0.3304,-0.772,-2.7763,-0.9052,0.2709,-0.1261,0.3644,0.1627,-1.5882,0.3048,-1.6098,1.7519,-0.3098,-0.2135,-0.0852,0.6762,-1.1638,-0.5387,-0.5034,-0.8625,0.4465,-0.662,-0.0642,0.128,-0.2075,-4.606,-0.1988,1.6135,1.1214,-0.3064,3.277,-0.5688,1.1769,1.0635,-0.016,-0.6123,-0.8713,0.2092,-2.223,-1.9498,-2.2386,-0.0605,0.7064,0.7715,0.0928,-0.2211,-2.3456,-0.3975,-1.4085,-0.5347,-1.3725,0.6572,-0.1672,0.8531,-0.5756,0.0712,0.5267,1.1793,-0.8807,0.7715,-0.5546,0.1026,1.1667,0.0254,-0.3402,0.5207,0.1165,0.6607,-0.3505,0.0595,0.3305,0.1342,-1.7635,-1.0221,2.7183,0.6522,-1.8893,-0.514,-0.4067,0.7065,-0.8031,2.563,0.9207,-1.408,1.1925,0.7008,0.1376,1.1594,0.132,-0.3562,-0.9515,-0.0605,-1.6754,-1.0255,-1.1972,-0.299,0.778,0.6321,-1.9337,2.3188,0.2347,0.1168,-1.5162,0.4142,0.2197,-1.978,-0.8225,-0.3897,-2.5125,-1.9418,0.1952,-0.7133,-1.5422,2.0359,0.3293,-2.4868,3.4748,0.4948,-0.6124,-0.5015,1.0535,-0.7578,-0.4794,-0.2435,-1.6724,-1.488,-0.2967,-0.834,0.152,0.8798,0.5347,4.4882,-0.6302,0.3822,1.4862,-2.127,1.8352,-0.5048,2.7482,1.5238,0.4849,0.4601,0.4536,1.0433,0.1055,1.4676,-1.5445,0.361,-1.3978,0.8615,0.1682,0.3005,-2.1197
TCGA-AA-3684-01,3.2,-0.2403,-0.534,-0.8714,-0.234,0.2119,-0.8413,-0.5736,-0.8889,-1.5682,-0.3396,-0.1372,-0.4922,-0.0696,-1.0013,-0.9058,-1.1478,-0.9678,-1.4687,-0.3835,-0.1585,2.2656,-2.3505,1.6968,-0.47,-0.1816,1.1499,-0.431,-0.2862,0.5868,0.6374,1.6581,-1.4297,0.2911,1.2766,0.0961,1.867,-3.4818,-4.7432,1.4446,-1.0503,1.1586,-0.3828,0.5445,1.1105,1.2085,0.4542,0.4096,-0.4798,0.8218,0.9327,0.3627,0.2802,-0.1536,-0.3105,-0.6207,-0.6216,0.6346,-0.6857,0.4955,-1.0937,-1.539,1.0492,-0.0087,-0.5105,0.7458,0.378,-1.0912,-0.2961,-0.6776,0.071,-0.2568,0.3661,-0.5908,0.7614,0.409,1.7046,0.6746,0.6109,-0.8943,-0.3902,-1.2025,1.3409,-0.1574,0.4385,0.1734,0.3538,-1.2159,-0.4848,-1.5345,0.1981,0.1864,-0.2522,0.2756,-0.2898,0.8696,-0.2342,-0.3938,-1.1957,-0.7932,-1.961,-1.181,-0.5097,-1.2662,0.3105,-0.1265,-2.271,0.052,-0.1314,-0.3553,-0.1578,-0.9642,1.1292,-0.5831,-0.6479,0.7375,1.3452,2.1898,0.83,-0.5032,-1.5701,-0.1882,-1.9435,-0.6396,4.9105,1.5132,0.0417,0.297,0.3992,1.1819,-2.2699,1.0671,-4.0236,1.127,-2.0118,0.1112,-0.5622,-0.3447,-0.1525,-0.161,-1.0965,-1.4428,-1.7381,1.0415,-0.2915,2.6219,0.2672,-0.3962,0.3635,0.2144,-0.0889,-0.2849,-0.9764,-1.8764,-0.7248,-0.3582,0.3252,0.1299,-0.0135,-1.5436,-0.1561,-1.756,2.0334,0.248,-0.0952,0.5858,2.2598,-0.2452,-0.7226,-0.7597,-0.256,0.5762,-0.1542,0.6312,-0.0078,0.6591,-4.2245,-0.5505,1.8024,0.7672,0.183,2.7565,-0.8656,1.8338,0.652,-0.1322,-0.5719,-0.3478,-0.0978,-1.4774,-1.47,-1.2175,-0.733,0.6188,0.8683,0.29,1.6833,-1.8446,-0.966,-1.4465,-0.7917,-0.9013,0.605,0.2642,1.474,-0.0531,1.3605,-0.1048,0.8215,-1.0852,0.1198,-0.3646,1.1225,1.044,0.6351,-0.0854,0.554,0.0758,0.5275,0.6988,0.9982,0.1645,-0.413,-1.751,-0.9474,2.1633,0.4014,-0.3233,-0.177,-0.8017,0.6435,-0.7834,2.5047,-0.302,-1.665,1.006,-0.2915,1.0127,1.7933,0.2686,-0.3464,-0.9955,0.2725,-1.7319,-0.5992,-1.3562,-0.183,0.3898,0.7837,-0.718,2.327,-0.9033,0.9532,-2.0712,-0.0015,0.6055,-1.8068,-0.4548,-0.4865,-2.0345,-0.7108,1.3916,-0.5981,-1.27,0.9682,0.4513,-2.066,4.69,0.7217,-0.7621,-0.9085,0.5492,-0.3098,-0.1081,-0.5948,-1.7575,-0.5425,-0.3713,-0.0267,0.196,-0.204,1.7786,3.2232,-0.942,-0.2892,1.1026,-2.3655,2.2487,1.1648,1.8718,1.8325,1.2754,0.1218,0.5912,1.373,-0.1631,0.9558,-1.6478,0.7975,-1.24,0.5331,-0.5982,-0.4435,-1.7262
TCGA-AA-3831-01,3.133333333,-0.3187,-0.4195,-2.0724,0.434,-0.1828,-2.7423,-0.8066,-0.9785,-1.7044,-0.6071,-0.3331,-0.6141,-0.5951,-0.4382,-0.4365,-0.5958,-0.2488,-1.8757,-0.456,-0.0245,2.4802,-2.9772,1.8402,-0.463,-0.4864,1.0852,-0.3595,0.2234,0.4253,0.2938,1.5936,-0.9799,0.44,0.3291,-0.3688,1.1388,-3.3148,-4.8615,1.2856,-1.3949,1.4469,-0.1592,0.6305,1.198,0.8288,0.0098,0.2351,-0.7341,0.0248,2.0798,0.117,-0.0283,-0.4122,-0.843,-0.6318,-0.1582,0.1496,-0.5347,0.8708,-0.7992,-1.416,0.4132,0.0538,-0.7184,-0.16,0.6922,-1.598,0.0199,-0.2961,0.222,0.2811,-0.1559,-0.864,1.1314,0.5289,1.812,0.4379,0.5304,-0.5159,-0.6604,-2.561,1.878,-0.1349,0.1164,-0.1467,0.4356,-1.1204,0.0337,-2.4642,0.4002,0.0205,-0.499,0.4401,0.3542,1.1274,0.6618,-0.3973,-0.3738,-0.3838,-3.6748,-0.2002,-0.1844,-1.1742,-1.3685,-0.073,-1.3512,-0.905,0.1895,0.7542,0.1106,-1.0676,0.8739,-0.7044,0.3518,0.893,2.2558,2.1508,0.643,0.2464,-1.5717,0.6162,-2.6327,0.0741,4.74,0.922,-0.1191,-0.1525,-1.3562,0.8582,-2.0268,0.5115,-4.3814,1.2028,-1.0828,0.0938,-1.9418,1.1458,-0.2527,0.2915,-1.8687,-2.0755,-1.7914,1.5052,-0.408,1.9014,0.2405,-0.4813,0.1975,-0.2174,-0.2485,0.3072,-0.7288,-3.0839,-0.449,-0.694,0.8741,0.9092,0.0399,-0.4137,-0.201,-2.1475,0.563,0.2365,-0.0712,0.1708,1.5332,-1.7548,-0.7105,-0.7166,-0.4442,0.4535,-0.355,0.685,0.6796,0.8266,-4.9669,-0.5054,1.447,0.4262,0.016,2.362,0.229,1.1769,0.7668,-0.161,-0.5666,-1.5742,-0.14,-0.9625,-0.6892,-2.2675,-0.3922,0.4464,0.5187,0.6138,-0.5153,-0.5556,-1.0209,-0.8965,-0.6932,-0.8405,1.8685,0.1215,2.2646,0.365,-0.1235,0.7247,1.222,-1.5841,1.2658,0.0231,0.0508,1.2498,0.8959,0.0608,0.0723,0.2101,0.8198,0.6555,0.3385,0.1095,-0.3508,-1.0297,-0.7674,3.098,-0.0191,-0.4008,-0.1335,-0.611,0.212,-1.0253,3.946,-0.8755,-0.656,0.8517,0.1858,0.1174,2.3942,-0.2984,-0.6447,-0.4669,-0.7454,-3.0732,-0.7711,-0.7348,-0.1795,0.6828,0.8505,-2.0448,2.691,0.2127,0.6478,-1.5772,-0.0005,0.5083,-1.9535,-0.1878,-0.1282,-1.1648,-1.9155,0.3314,-0.1283,-0.7192,2.1092,-0.5065,0.3187,3.5785,0.4624,-0.9922,-0.814,-0.424,-0.3955,0.2636,-0.3908,-0.3465,-1.3957,-1.2468,-0.7195,0.058,0.2028,1.3921,3.3392,-1.3515,-0.3815,1.3361,-2.2733,2.3702,0.4578,1.8528,2.9447,-0.4781,0.4589,0.2015,1.3842,0.107,0.7962,-1.9145,0.5715,-0.7515,0.6949,1.2397,-0.1642,-2.041
TCGA-AA-3845-01,22.3,-0.5688,-0.6398,-1.6869,-0.4205,0.3996,-1.9213,0.2158,-0.3841,-1.6921,0.0642,-1.0341,-1.117,-0.6591,-0.8509,0.106,-1.1977,-0.1038,-1.6362,-0.4956,0.7788,1.8122,-1.5171,0.2041,-0.2598,0.0113,1.8655,-0.4145,0.3358,-0.0794,0.0015,1.0295,-0.1991,0.6238,0.4165,-1.8176,1.922,-3.0328,-4.3625,0.8338,-0.8277,-0.3604,-0.169,0.3835,0.2646,0.7234,0.9815,-0.1166,-0.2731,0.7143,0.1483,0.3502,0.7572,0.0125,-0.9075,-0.9203,-0.6917,0.8786,-2.668,1.436,-1.2452,-1.176,0.2649,-0.1297,0.2443,0.5608,-0.1303,-0.8458,-0.4678,0.0164,0.2865,0.9323,-0.5664,-0.2208,-0.0221,0.351,1.7003,-0.2005,0.6284,0.0992,-0.261,-2.2122,0.2271,0.2693,0.2422,0.5182,1.2231,-1.0379,0.3555,-2.7202,0.4081,0.3769,0.0562,-0.2235,0.591,1.1613,-0.3698,-0.5142,-0.1213,0.0035,-4.4664,-0.3644,-0.6449,-0.5023,0.2405,0.2328,-1.2088,-0.5568,-0.3666,-0.6416,0.4231,0.5444,-1.2061,-1.0303,-1.1044,3.739,2.0462,2.106,0.564,0.2225,-0.5081,0.7898,-1.6658,-1.0281,4.2773,0.6598,0.2803,-0.6758,-1.053,1.09,-2.1725,0.1266,-4.2065,1.9095,-0.8855,-0.4232,-2.3019,-1.7268,0.6348,0.3615,-2.2582,-1.8095,-0.9036,0.0252,-0.2795,1.5886,0.1272,-0.3539,-0.1113,0.5772,0.1596,0.4381,-0.4244,-2.6252,-0.743,-0.6789,-1.2813,-0.1138,-1.1847,-0.5208,0.0451,-2.7297,1.9172,-0.071,-0.2028,0.0947,1.5123,-1.0277,1.2758,-0.1548,-0.4535,0.696,-0.9445,0.26,-0.0851,0.1898,-3.7699,-0.3093,0.6974,0.5018,0.1242,2.316,-0.1406,2.0865,0.721,-0.8032,-0.2742,-1.2675,-0.3075,-0.7868,-0.4427,-1.3862,0.1052,-0.1246,1.7353,0.259,3.1558,-0.8089,-1.7392,-1.3315,-0.0253,-1.8525,-0.319,-0.0165,2.3429,-0.5509,0.3522,-0.2182,-0.8431,-0.8515,0.8068,1.2191,0.4138,0.526,1.3165,-0.4055,-0.271,0.868,0.4775,1.0118,3.3732,0.497,-0.5271,-1.362,-1.0866,2.6155,0.3115,-0.8293,-0.5533,-0.9075,0.5242,-0.4132,2.8458,-2.3349,-2.0755,0.7482,0.3332,1.2871,1.7235,1.0947,-0.3477,0.9812,-0.0707,1.0031,-0.3784,-1.0578,0.2194,0.6627,0.619,-1.9542,2.3688,-1.803,0.512,-1.2228,0.787,-0.0483,-1.9952,-0.5338,-0.1778,-1.678,1.328,0.2879,-0.6865,-0.8173,0.3711,0.8175,-1.5332,3.8698,0.5394,-0.4315,0.0265,0.605,-0.384,1.0902,0.1088,0.2231,-0.9818,-0.1832,0.0618,0.234,-0.3278,2.6072,1.9672,-1.2675,-0.232,1.7364,-2.3695,2.9002,2.042,1.1895,1.004,-0.3299,2.2647,0.2979,0.3423,-0.2321,0.9658,-2.1271,0.2998,-0.7635,1.8561,-2.1048,0.1205,-3.1623
TCGA-AA-3864-01,64.93333333,-0.3566,-0.0006,-2.7156,-0.209,-0.9969,-2.3925,-0.3034,-1.4125,-1.5832,-0.5039,-0.8538,-0.6634,-0.6395,-0.9212,-0.923,-0.6981,-0.2688,-2.2837,-1.2557,0.1212,1.9263,-2.4288,0.7332,-0.821,-0.3608,1.0969,0.1385,-0.3378,-0.7653,0.0546,0.997,-0.8839,0.5843,1.1991,-0.1288,0.3287,-1.1758,-4.5131,0.7348,-1.1663,0.4741,-0.1192,1.453,0.9457,0.6755,0.0433,-0.0322,-0.7736,0.231,-0.6885,0.2638,0.4568,-0.2704,-0.139,-0.9968,-0.4344,0.6107,-0.31,0.1365,-0.8365,-3.744,0.3739,0.4562,-0.5826,0.015,0.3758,-0.941,0.1462,-0.7509,0.6425,0.1698,-1.0414,-0.5992,0.4597,-0.3008,0.6362,-0.1192,-1.1011,-0.2027,-0.1646,-1.7329,0.5126,0.2746,0.1989,0.0991,0.5412,-1.4185,0.2493,-2.2942,0.2034,0.1956,-0.374,0.1549,0.361,0.3791,1.234,-0.5642,-0.1032,-0.0845,-3.3456,-0.3349,-1.0718,-0.7375,-0.5628,0.1785,-1.233,-1.4925,0.4102,0.0941,0.1385,-0.761,-0.3954,-0.6801,0.2256,1.2735,0.2855,0.9138,0.3407,0.0004,-1.1391,0.366,-2.0868,0.1419,3.8722,0.4938,0.419,-0.0822,-1.1989,0.9558,-2.3046,0.5802,-4.5996,0.8325,-1.3652,0.0245,-2.0678,-0.5738,0.209,0.4185,-1.8895,-2.1006,-2.4072,0.4175,-0.8367,2.2856,0.0942,-0.6526,0.2393,0.2711,-0.1079,0.1584,-0.82,-2.45,-0.6335,-0.5275,0.3366,0.7735,-0.0321,-0.1651,0.3864,-1.9975,1.1846,0.0563,-0.5758,0.1998,1.3129,-1.475,-0.5388,-0.4487,-0.4868,-0.0468,-1.0978,0.56,-0.0804,0.4114,-4.7688,-0.5153,1.237,0.6818,-0.0142,2.386,0.9944,0.407,0.4428,-0.4478,-0.298,-1.32,0.1713,-0.5693,-0.2638,-2.7414,-0.3708,0.1342,0.3227,0.6317,-0.4496,-0.4891,-1.3838,-1.316,-0.3045,-1.5265,0.2572,0.376,1.8528,-0.001,0.4322,0.0947,0.0672,-2.0452,0.0235,-1.056,-0.071,0.4033,0.4175,0.2206,-0.7938,0.7845,0.5082,0.7265,-0.4035,0.1215,-0.9975,-1.2635,-0.7346,1.3617,0.3664,0.2505,-0.1242,-0.5658,0.8492,-1.3388,1.6844,-0.8948,-1.429,0.2312,1.2705,-0.5644,0.8604,0.2335,-0.1328,-0.924,-0.7202,-1.189,-0.1662,-0.8632,-0.368,0.582,0.9285,-2.0924,2.0692,0.1908,0.1433,-1.1168,0.5738,0.0245,-1.1155,-0.4158,-0.9827,-0.7083,-1.9608,0.6209,-0.4162,-0.7145,1.0937,-0.5393,-2.1377,2.869,0.5551,-0.6865,-1.025,-0.2775,-1.3072,0.1544,0.231,-0.866,-1.225,-0.8353,-0.7647,0.1142,0.6352,1.3989,3.7488,-1.222,-0.3982,1.0094,-2.3018,-0.436,-0.611,1.9452,3.2383,-1.3944,0.5537,0.316,1.0387,-0.1823,0.5639,-1.5907,0.1345,-0.2272,0.1948,-1.3072,-0.177,-1.2018
TCGA-AA-3977-01,97.9,-0.61,-0.2484,-1.0234,0.146,-0.2685,-2.4263,-0.1959,-0.9709,-1.492,-0.7359,-0.378,-0.3709,-0.5894,-1.0939,-0.0935,-0.5422,0.6792,-1.8357,-0.8886,0.1932,2.3115,-0.5971,1.512,-0.9092,-0.4762,1.0729,0.1855,0.1743,0.2917,0.1597,1.4349,-0.4585,0.5218,0.5873,-0.7242,1.014,-1.4678,-4.7551,0.8445,-1.1198,0.8611,0.054,0.859,0.7139,1.1748,0.6127,0.1928,-0.8072,0.673,2.3473,-0.2225,-0.0308,-0.3185,-0.804,-0.7855,0.235,1.7154,-0.8912,0.769,-1.1585,-1.15,1.011,-0.0828,-0.5351,0.0888,0.712,-1.3828,0.3797,-0.1248,0.994,0.3406,-1.0405,-1.0478,1.2349,0.2226,0.5504,-0.1871,0.2852,-0.3214,-0.5405,-2.0888,0.9379,-0.0382,-0.1534,0.3777,0.7735,-1.3878,0.2822,-2.8803,0.8052,0.1445,-0.339,0.3984,0.4325,-0.0097,0.45,-0.8265,-0.0637,0.1372,1.3872,-0.4985,-0.4952,-0.3657,-0.9988,-0.2365,-1.312,-0.9912,0.4398,0.0205,0.5084,-0.9052,1.1911,-1.0436,0.5392,2.317,0.6123,0.9125,0.9747,0.2344,-1.8183,0.1895,-2.4055,0.2512,4.404,0.7862,-0.3062,-1.8848,-0.9194,0.5409,-2.7792,0.438,-4.4439,1.3973,-0.9748,0.1508,-1.9295,0.209,0.0008,0.7945,-1.3587,-1.7872,-1.9549,-0.2983,-1.2848,2.3478,0.3113,-0.6195,0.2812,0.4406,0.0726,-0.2241,-1.1601,-2.4978,-0.1,-0.792,0.8192,1.7532,0.1712,-0.9458,-0.2592,-1.5385,1.4945,0.0085,0.2255,0.8383,1.5865,-1.31,-0.7704,-0.1729,-0.734,0.3542,-0.4145,0.8778,0.8829,0.7012,-4.4115,-0.6592,1.6418,0.5577,0.0971,2.2135,0.4249,1.0626,0.22,-0.5325,-0.2412,-1.8532,-0.1398,-0.7661,-0.2445,-2.1708,-0.9298,0.5997,0.8973,1.1135,-1.2186,0.1791,-0.7548,-0.445,-0.1478,-0.5673,1.496,0.1708,1.7924,0.7234,0.819,0.6697,0.1582,-1.1892,0.6622,-0.5129,0.2501,1.1455,0.6938,-0.1506,-0.3502,0.2921,0.061,0.8952,1.109,0.546,-0.2878,-1.5187,-0.5504,2.7715,0.128,0.114,0.0808,-0.5787,-0.4655,-1.2526,1.8284,-1.0831,-0.4615,0.1097,0.2535,-0.3466,-0.0612,0.0674,-0.6722,-0.7315,-1.0387,-2.6094,-0.1875,-0.5458,0.2585,1.0882,0.8228,-1.6444,2.0948,0.6427,0.1338,-1.3745,-0.1395,0.8584,-1.9615,-0.1633,-0.2628,-0.7992,-1.7798,0.3536,-0.2709,-0.874,-0.104,-0.4358,-1.8535,4.563,0.3447,-0.5515,-1.8745,-0.0062,-0.7017,-0.0939,-1.0493,-0.0972,-0.9644,-0.9355,-0.5267,0.073,0.8138,1.3076,3.7945,-0.3212,0.2975,1.3371,-2.494,-0.0808,0.6655,1.7475,3.3272,-1.3527,-0.0329,0.5479,1.2735,-0.2372,0.6494,-0.8926,0.3605,-0.5188,0.8944,-0.4928,-0.709,-1.5372
TCGA-AA-3994-01,4.866666667,-0.5856,-1.2902,-0.9746,-0.3075,-0.096,-2.074,-1.4318,-1.4412,-1.7783,-0.7017,-1.1482,-1.4598,-2.2254,-0.8857,-0.925,-1.0865,-0.6478,-1.8223,-1.005,0.2635,1.6834,-1.6159,0.5197,-1.1848,-0.4371,-0.1914,-1.0907,-0.5487,-0.1428,-0.2473,3.313,-0.9537,-0.0692,0.1182,-1.6701,0.3233,-2.677,-4.9264,-0.0382,-1.6408,0.5845,-0.5385,0.5015,-0.7456,0.5331,0.4335,-0.0089,-0.6741,-0.3147,-0.469,-0.0037,0.2458,-0.2728,-0.4535,-1.6067,-0.75,0.0109,-0.6167,0.4245,-2.3813,-1.9025,0.1936,-0.5718,-1.1902,0.0478,-0.776,-1.4457,-0.625,-0.5256,0.9155,-0.4784,-0.274,-0.8655,0.7128,0.133,-0.3687,0.5709,0.7335,-0.4386,0.0098,-2.2276,1.22,-0.2992,-0.3923,0.7932,0.8665,-1.6329,-0.937,-3.0115,0.113,-0.1932,-0.5122,-0.0159,-0.09,-0.0438,-0.2262,-0.352,-1.428,0.3715,-3.6403,-0.8836,-0.4063,-1.0172,0.1285,0.367,-2.338,-1.6353,-0.0635,-0.8326,0.15,-0.8818,-0.8241,-1.2671,-1.1175,1.297,0.394,0.2958,1.4737,-0.217,-0.3051,0.5821,-1.7027,-0.9774,4.866,0.3005,-0.3115,1.5115,-1.466,0.2566,-0.9644,0.3654,-4.646,0.9407,-2.3825,0.0992,-1.9166,0.2427,0.0063,-0.6712,-1.6503,-2.1825,-3.5738,1.9028,0.0332,1.3974,0.5618,-1.1523,0.5182,0.1246,-0.5863,-0.0955,-0.4838,-2.2517,-1.372,0.2072,-1.1034,-0.7191,0.1616,-1.8351,-0.2514,-2.3212,0.7608,0.3042,-0.2662,-0.6633,1.162,-1.8437,-0.3163,-0.8709,-1.1912,1.4042,-2.0338,-0.0145,0.5829,0.0442,-4.1238,-0.8036,1.2007,-0.2281,-0.2824,3.0525,-1.2616,1.2345,0.6772,-1.0972,-0.5825,-0.5458,-1.1468,-2.0817,-2.26,-2.975,-0.9145,-0.3102,1.4174,0.927,-0.0428,-1.7439,-1.5849,-1.748,-0.653,-0.9512,0.4918,-0.0965,1.9201,-0.1208,0.125,-0.3905,0.2297,-1.5224,-0.9692,-0.6868,-0.777,-0.2727,0.4691,-0.2916,0.2942,0.3896,0.0118,0.301,-0.0752,-0.5535,-0.1686,-2.0222,-1.4015,2.5652,0.6364,-0.9168,-0.0427,-2.7947,0.4122,-0.5819,3.6575,0.1312,-0.528,0.6802,1.1332,0.3125,1.3515,0.1201,-0.1916,-0.5265,-0.4872,0.0926,-1.7011,-1.0225,-0.8096,-0.077,0.8799,-1.5242,1.895,-1.5592,0.7568,-1.7095,0.8965,-0.3207,-2.255,-1.186,-1.0492,-2.3052,-2.058,0.4681,-0.7859,-0.9893,1.2474,0.1204,-1.9873,3.1692,0.0428,-1.3496,-0.2165,-1.1045,-1.4613,0.2841,-0.0258,-0.0779,-1.1907,-0.5965,-1.4037,0.1948,-0.3698,1.9782,4.2555,-0.524,-0.513,1.3074,-2.1697,1.903,-0.5205,1.8168,2.9147,-1.1644,0.2708,0.8591,1.1335,-0.257,0.3984,-0.9756,-0.0323,-1.112,0.0211,-1.2277,0.5332,-1.5038
TCGA-AA-A00N-01,123.6333333,-0.6416,-0.3002,-1.5832,1.186,0.0895,-0.8028,-0.0343,-0.5816,-1.089,-0.4577,-0.3979,-0.5933,0.552,-0.675,-0.4888,-0.8898,-0.2852,-0.6285,-0.0771,0.1035,2.5407,-1.1772,0.9598,-0.4588,0.4467,0.851,-0.2685,-0.1401,0.2976,0.413,1.566,-1.2125,0.3038,0.7289,-1.9943,0.4192,-0.937,-5.5232,0.6676,-1.4546,0.6617,-0.1498,0.875,0.4188,1.2138,0.2228,0.1431,-0.4119,0.9225,0.3855,-0.2898,0.5735,-0.2591,-0.6115,-0.9078,-0.4407,0.3764,-0.3988,0.5065,-2.3008,-2.048,0.3096,-0.4715,-0.2565,0.1525,0.3622,-1.0682,-0.7255,-0.8974,-0.1805,0.3587,0.2895,-0.0722,0.6887,-0.0709,1.5059,0.2619,1.3579,-0.2447,-0.4167,-1.9136,1.4867,0.2481,-0.2419,0.8093,0.6607,-1.0987,-0.6212,-2.0538,0.3354,0.0935,-0.4578,-0.4124,1.195,0.6791,0.371,-0.2555,-0.4467,0.3818,-2.314,-0.168,0.0452,-0.6822,0.832,0.766,-1.9702,-1.0192,0.1512,0.1774,0.3539,-0.2268,0.6136,-0.5536,-0.6276,1.2045,-0.4468,0.3877,0.5995,-0.8328,-0.1997,0.1751,-1.9023,-0.3369,5.296,0.961,-0.2331,-0.2272,0.339,0.8447,-1.3938,0.4951,-3.6758,1.3232,-1.7122,-0.6822,-1.1174,0.0838,-0.6072,0.8932,-0.5633,-1.8521,-2.5291,1.088,0.0783,2.0875,0.356,-0.0234,-0.4223,0.6555,-0.1771,0.3734,-0.6798,-1.7407,-0.6115,-1.1484,-0.6862,-0.266,-0.9973,-1.2832,0.0881,-1.4942,3.0644,-0.0918,-0.0328,-0.4962,1.9662,-1.2266,-0.1585,-0.338,-0.8258,0.3988,-0.4568,0.0738,0.1678,0.0258,-3.1131,0.0454,1.9861,0.8252,0.3492,3.342,-0.2614,1.3644,0.9245,-0.7065,-0.1621,-0.242,-0.9988,-1.5715,-1.407,-1.3665,-0.064,0.6962,0.9048,-0.1842,-0.2731,-1.2812,-0.628,-0.4065,-0.6185,-0.4765,3.2328,-0.3127,2.1051,-0.2669,1.557,0.2132,-0.3308,-0.6204,-0.2652,-0.117,-0.1558,0.737,0.7927,-0.2503,-0.1773,0.3929,1.1912,0.8322,-0.7308,-0.0422,-0.7986,-2.3053,-1.045,2.515,0.7306,-0.8942,-0.636,-0.4777,0.4925,-0.386,3.0676,-0.4619,-1.704,-0.1407,-0.5025,-0.1286,0.6429,-0.0758,-0.1314,-0.7158,-1.7084,-1.1632,-1.0874,-1.0348,-0.0102,0.7523,1.0581,-0.8223,2.4015,-0.1197,1.106,-1.2685,0.2418,0.1045,-2.4578,-0.6823,-0.848,-1.7272,-1.5812,0.9372,-0.409,-1.4723,1.2375,-0.56,0.3598,3.66,-0.1246,-0.6624,-1.158,0.3137,-1.0672,-0.2062,-0.1775,-0.8171,-0.2692,-0.3157,-0.7355,0.2075,-0.6232,1.4206,4.2133,-0.5873,-0.047,1.792,-2.0282,-0.8228,0.585,2.2047,4.146,-0.556,1.0464,0.4621,0.284,0.4095,1.249,0.1156,0.5135,-0.9802,0.1636,-0.5625,-0.2292,-2.3978
TCGA-AA-A024-01,2.166666667,-0.5127,-0.4499,-2.0134,0.559,-0.3976,-1.722,-0.0917,-1.2745,-0.9702,-0.0536,0.0118,-1.1699,0.2872,-0.45,-0.84,-1.5234,-1.391,-1.3117,-0.3422,-0.432,3.1932,-2.7108,1.4455,0.093,0.1761,1.3445,-0.1585,-0.2262,0.521,0.3387,2.4558,-2.164,0.262,0.9336,-0.5873,0.1818,-3.2407,-5.3539,1.5368,-1.0037,1.3445,-0.6652,0.4705,0.4888,1.3028,0.2195,0.3032,-0.1941,0.336,2.2893,0.4463,0.4227,-0.6708,-0.8245,-0.6338,-0.4063,0.7199,-1.1868,0.3058,-1.7995,-2.1545,0.381,0.0415,-0.5656,0.3535,-0.4527,-1.3302,-0.6979,-1.1686,0.0745,0.0264,-0.934,-0.4658,0.3643,0.5458,1.2932,0.4648,0.9789,-0.5896,-0.6628,-1.1961,2.101,0.4734,-0.1232,0.6403,-0.0454,-0.7911,-0.194,-2.6117,0.3366,0.2724,-0.4212,0.4459,0.3988,1.1615,0.2875,-0.5127,-0.86,-0.4572,-1.7273,-0.5979,-0.1475,-1.7553,-0.5668,0.6178,-2.9182,-3.2045,0.0421,0.1575,-0.5329,-0.4282,1.5496,-0.7793,-1.1309,0.0955,0.6447,-0.084,0.1795,-0.9755,-0.3887,-0.4768,-3.2967,-0.6849,4.969,0.2412,-0.1358,-1.0665,-2.5721,0.8232,-0.9256,-0.4742,-4.6691,1.2236,-2.7975,-0.069,-2.1208,-0.1108,-0.4645,-0.075,-1.7883,-2.649,-3.7044,3.2572,0.0337,1.1951,0.3782,0.236,0.3313,0.7089,-0.838,0.2173,-0.472,-2.5602,-0.4572,-0.6326,-0.7872,1.7459,-0.5367,-1.4158,-0.0119,-1.1388,3.6036,-0.1832,-1.307,-0.7102,0.9655,-0.7049,-0.8332,-1.1093,-0.6118,0.9528,-0.5255,-0.52,0.2241,-0.0234,-5.6404,-0.221,1.591,0.5129,0.2288,3.5345,-0.8516,1.446,0.457,0.0018,-0.7958,-1.5718,-0.457,-2.3676,-2.5602,-3.4989,-0.0465,0.8801,1.1022,-0.2797,0.0599,-2.3457,-0.9734,-0.6315,-1.0283,-1.5077,0.062,0.0115,1.375,-0.8945,-0.532,0.8622,2.1282,-1.391,-0.1995,0.3058,1.0502,1.5992,0.7516,-0.1318,0.8235,0.0602,1.6715,0.567,0.3895,-0.1482,-0.7829,-2.0947,-0.9234,3.3872,0.6601,-1.3285,-1.2332,-0.2612,0.7795,-0.7867,3.0548,1.7459,-1.2515,0.643,-0.0605,-0.2953,2.9871,-0.6228,-0.5845,-0.3062,-0.3879,-2.0183,-1.5935,-2.0625,-0.8644,0.8152,0.6034,-2.5133,2.7713,-0.058,0.1355,-2.0645,0.246,0.6382,-2.4695,-0.936,-0.7473,-2.6528,-1.8502,-0.3296,0.0556,-2.442,3.0553,-0.654,-2.5932,2.462,0.4365,-1.0956,-1.042,0.2302,-2.7823,-0.2997,-0.5062,-1.3921,-1.6052,-0.49,-0.7318,0.0727,0.0338,1.3899,4.246,-0.7412,0.5407,1.6829,-2.6278,0.0922,0.6115,3.066,3.2488,-1.2361,0.9118,0.3797,1.5018,0.5736,1.2037,-2.0589,0.6315,-1.7905,0.7444,0.2388,0.326,-1.1373
TCGA-AG-3878-01,2.466666667,-0.3977,-1.0005,-1.0921,0.518,-0.691,-1.2532,-0.8391,-0.4322,-1.9164,0.2559,-0.618,-0.7541,-0.5871,0.1397,-0.6415,-0.7244,-0.5658,-1.2862,-0.2536,-0.4702,2.2395,-3.2068,1.473,-0.567,-0.0642,1.8229,-0.626,-0.0143,0.3468,0.7794,1.4342,-0.847,0.394,0.1957,-1.3526,1.1667,-3.269,-4.1694,0.9629,-0.9133,0.9401,-0.4708,0.271,0.9378,1.494,0.5748,0.3446,-0.4056,0.5938,0.5018,0.0982,0.559,-0.6042,-0.1515,-0.4745,-0.462,0.7126,-0.8412,0.256,-1.4262,-1.3095,0.6647,-0.1452,-0.5097,-0.205,0.0968,-0.9035,-0.2986,-1.0044,0.224,0.0922,0.6139,-0.3605,0.9696,0.2524,1.869,0.3279,0.8361,-0.1774,-0.4952,-2.4101,1.6887,0.4358,0.0701,0.2002,0.5428,-0.7422,-0.7837,-1.5282,0.7446,-0.0431,0.5913,0.1512,-0.2128,0.7629,-0.3888,-0.2055,-0.9735,-0.0562,-1.8452,-0.3141,-0.1317,-1.397,0.5035,0.5162,-1.5895,-0.5975,0.0871,-0.4941,-0.1258,-0.4111,0.7877,-1.0582,-0.9708,0.886,1.3463,1.777,-0.0115,-0.1582,-0.9513,1.1259,-1.8458,-0.5359,4.6523,0.8913,-0.1515,-0.2755,-0.087,0.8108,-1.4903,0.1442,-3.5762,1.6517,-1.6272,0.387,-1.4071,-0.4023,-0.4377,-0.3808,-1.7002,-1.5795,-1.8564,1.5607,0.0923,1.7373,0.5288,-0.2434,0.2752,0.2896,-0.4835,-0.3409,-0.719,-1.7072,-0.7672,-0.703,0.5436,0.4409,-0.0709,-1.3329,-0.0287,-1.4128,4.3567,0.1218,-0.482,0.2863,2.1582,-0.8706,-0.3472,-0.5555,-0.5682,0.5792,-1.0813,-0.174,0.0489,0.2686,-3.6682,-0.2792,1.4327,0.5837,0.181,3.174,-0.2454,0.8316,0.7822,-0.5357,-0.4117,-0.59,-0.0685,-1.2886,-1.4635,-1.8725,0.3218,0.1304,0.4777,0.1778,1.1369,-1.2205,-1.205,-1.0765,-0.7302,0.0882,0.0512,0.1545,2.2795,-0.2441,0.1222,-0.0492,-0.0028,-1.1085,0.0655,0.388,-0.3186,1.0538,0.5606,0.122,0.3328,0.2758,0.49,0.3458,0.4292,-0.217,-0.4141,-1.1827,-0.9246,2.0785,0.3085,-0.6752,-0.5728,-0.3407,0.8222,-0.9704,2.4246,-0.548,-1.0945,0.697,-0.2348,0.1397,0.841,0.163,-0.8542,-0.6234,-0.8248,-2.1515,-1.1061,-0.6998,-0.1405,0.2712,0.956,-0.6309,2.0595,0.1485,0.9963,-1.6035,0.7352,0.1648,-1.8238,-0.3922,-0.6563,-1.6912,-1.2188,0.6948,-1.0287,-1.0138,1.2138,0.403,-2.3285,3.998,0.2871,-0.959,-1.0415,-0.1255,-0.5603,0.1793,-0.2298,-2.1308,-0.7372,-0.1238,-0.5052,-0.1177,-0.0608,1.6273,3.6835,-0.496,0.028,1.1526,-2.3943,1.0292,0.7857,2.0918,4.4108,-0.0296,0.756,0.772,0.8825,0.122,0.5709,-2.0074,0.3968,-1.118,0.2434,1.89,-0.327,-1.64
TCGA-AG-3892-01,62,-0.7659,-1.4932,-1.3279,0.331,-0.8364,-0.893,-1.1042,-1.0168,-1.7192,-0.6095,-1.2803,-1.2741,-0.8028,-1.2342,-0.675,-0.9631,-0.4595,-1.6492,-0.8217,0.1282,1.5498,-2.6888,1.0932,-1.2405,-0.5873,0.0968,-0.3578,-0.1893,-0.9406,0.325,0.966,-0.8599,0.1535,-0.0794,-1.0078,0.3225,-1.1675,-4.161,-0.3094,-1.5382,0.8374,-0.7072,0.44,0.7553,0.8881,1.0103,0.4293,-0.3196,0.5155,3.1267,-0.0807,0.1741,-0.4955,-0.1055,-1.4447,-0.5181,-0.0107,-0.3025,0.212,-1.5848,-1.725,-0.0625,-0.5702,-1.0896,0.7962,-0.6892,-2.2455,0.1811,0.2666,0.414,0.0413,-0.2146,-0.8298,0.1231,-0.2259,1.2539,-0.295,0.7396,-0.5661,-0.2448,-1.3638,1.2901,-0.0504,-0.0225,0.036,0.8235,-1.9926,-0.8687,-2.0468,0.8695,0.0677,0.0495,-0.4725,0.6688,1.2417,-0.124,-1.0035,-1.4545,0.0952,-1.1805,-0.8382,-0.0377,-1.1587,-0.119,-0.1725,-1.193,-0.903,0.2039,-0.7802,0.3116,-0.7732,0.4331,-1.3806,-1.0595,1.931,1.4578,0.8155,-0.0623,-0.0628,-1.6225,0.552,-2.3168,-0.2312,4.8335,0.9232,-0.3728,-0.2268,-1.5174,0.3813,-0.8115,0.3201,-3.877,0.7967,-1.315,-0.2507,-2.0886,0.2885,0.1097,-0.076,-1.2642,-1.647,-1.6756,1.7253,0.1252,0.659,-0.0262,-0.2846,-0.8203,0.1219,-0.1374,0.4122,-0.3444,-2.4582,-1.0375,-0.4286,-0.5804,0.3526,0.5776,-1.4237,-0.1335,-1.0758,1.8739,0.005,-0.0945,-0.008,1.1327,-1.1724,-0.5231,-0.5781,-0.8202,0.0902,-1.4492,0.5645,0.6115,1.0448,-4.2652,-0.8517,1.0302,0.3586,-0.3302,2.8135,0.237,0.5895,1.0962,-1.3175,0.1835,-0.976,-1.4415,-1.2611,-1.5175,-2.7969,-1.0715,-0.7348,0.828,0.4435,-0.4683,-1.1702,-1.659,-0.978,-0.341,-0.6862,0.7702,0.1808,2.812,-0.0086,0.1328,0.0785,1.5784,-1.9626,-0.3195,0.0022,-0.8051,0.3648,0.8562,0.2004,0.1157,0.9364,1.068,0.1508,0.8292,-0.3925,-0.3618,-1.7758,-1.1669,2.821,-0.061,-0.0588,0.2318,-1.2667,0.846,-0.7053,2.364,0.537,-0.767,0.894,0.253,0.238,1.6251,-0.1108,-0.2818,-0.1361,-1.5842,-2.2639,-1.4715,-0.608,-0.4996,0.2212,1.2368,-1.4742,2.326,0.2047,0.3933,-2.1975,0.794,0.195,-1.6895,-0.3963,-0.9382,-1.673,-0.7512,0.1921,-0.5624,-0.9185,1.9955,0.1197,0.2837,4.7702,0.0968,-1.0161,-0.8035,-0.0703,-0.756,-0.4895,-0.3052,0.0778,-0.943,-0.7993,-0.9712,-0.4255,-1.2182,1.5392,3.112,-0.7188,0.2572,1.2591,-1.9252,-0.5195,0.3398,1.2885,3.8862,-0.4185,0.7248,0.7835,0.7388,0.2184,-0.2686,-1.2117,0.0622,-0.8665,0.2732,0.8872,-0.2578,-1.909
TCGA-AG-3901-01,1.6,-0.4181,-1.1979,-0.6685,-0.1485,-0.1498,0.6395,-1.3593,-0.9646,-1.3632,-0.494,-1.1765,-1.1754,-0.1904,-0.7756,-0.8488,-1.1567,-0.187,-0.9453,-0.2152,-0.3065,2.3489,-2.3036,0.6023,-0.721,-0.2376,-0.1117,-0.401,0.5128,-0.4764,0.7966,0.7961,-1.2441,0.0693,0.7576,-1.3268,0.8618,-2.246,-4.0648,0.2272,-0.8276,0.6162,-0.8283,0.756,0.2742,1.4311,0.2563,0.289,-0.1341,0.6158,3.18,0.0432,0.8803,-0.8684,-0.211,-0.956,-0.6904,0.1556,-0.2535,0.312,-1.4867,-1.3755,-0.0379,-0.1825,-0.714,0.3808,-0.3905,-0.3045,-0.5342,-0.2222,0.308,0.2136,1.2304,-0.332,0.9277,-0.1592,0.9456,0.5516,0.5469,-0.2092,-0.4075,-0.2318,1.6104,0.2419,-0.037,-0.0067,0.2656,-1.5671,-0.7653,-0.8755,0.7329,0.146,-0.0928,-0.6138,0.293,1.2404,-0.0845,-0.2982,-0.7672,-0.84,-0.4718,-0.8176,-0.1218,-0.8085,0.9202,0.478,-1.764,-0.4038,0.1611,-0.8675,-0.3838,-0.948,-0.4476,-1.0313,-1.319,0.9695,0.7142,0.5092,0.0412,-0.2712,-0.9867,0.7456,-1.6747,-0.3996,5.2808,0.673,-0.2432,0.3963,0.8826,0.1662,-0.6503,1.075,-3.2818,1.4087,-1.99,-0.212,-0.6203,-0.2905,-0.5148,-0.0548,-0.1502,-1.1198,-1.6521,2.0857,0.3327,1.2514,0.1515,0.2,-0.5323,0.4128,-0.1758,0.091,-0.7711,-0.9458,-1.4158,-0.3075,-0.9813,0.8754,-0.3938,-1.5052,0.2273,-0.891,2.6288,-0.1482,-0.478,0.3757,1.8697,-0.6945,0.2796,-0.6727,-0.4642,0.5558,-1.2063,-0.2552,0.3009,0.8162,-3.9708,-0.7381,1.1758,0.4579,0.0243,2.804,0.7106,0.6485,1.147,-0.6715,-0.4918,-0.2025,-0.7418,-1.6629,-1.9777,-1.6542,-0.171,-0.5472,1.1443,0.227,0.4425,-1.2111,-1.194,-2.0705,-0.307,0.1588,0.2378,0.1105,1.6006,0.2425,0.3115,0.1937,-0.0862,-1.4912,-0.632,-0.3285,-0.6014,0.781,0.5589,-0.045,0.2385,0.3594,1.1998,-0.179,0.2652,-0.3252,-0.4995,-1.8217,-1.2766,2.2628,0.3392,-1.4778,0.317,-1.1223,1.1162,-0.5347,2.9526,-0.0355,-0.2835,0.5108,-0.2438,-0.2452,0.4054,0.1456,-0.5016,-0.4618,-2.2377,-1.1409,-1.0334,-0.9798,-0.4635,-0.419,0.9411,0.3617,1.338,0.4798,1.2668,-2.0205,0.5262,0.0085,-2.0735,-0.4273,-0.8965,-1.7672,-1.2945,0.7168,-0.4022,-0.9695,1.7419,-0.118,-1.299,3.8678,0.058,-0.4645,-0.6285,0.314,-0.3243,-0.305,-0.2482,-1.0752,-0.0906,-0.1932,-0.7117,-0.3518,-0.8762,0.8128,3.3465,-0.886,-0.0357,1.367,-1.8158,-0.6365,0.9085,1.716,2.9807,0.612,0.4407,0.2384,0.5128,0.325,-0.2594,-1.1437,0.2732,-0.934,0.1095,-0.096,-0.1938,-1.9818
TCGA-AG-A025-01,2.366666667,-0.4067,-0.5509,-2.4236,0.3475,-0.4395,-2.1583,-0.1532,-0.4984,-0.9374,-0.4755,0.0638,-0.5228,-0.9256,-0.4141,-0.3432,-0.4555,0.6452,-2.225,-0.4685,-0.1393,3.1425,-3.5897,1.4145,-0.1003,0.1105,1.1954,-0.1275,0.1808,0.6741,0.6077,1.9161,-1.2103,-0.1703,-0.2766,-0.2228,0.643,-5.651,-5.2822,1.0166,-0.9309,1.6394,0.0205,0.183,1.0142,0.599,-0.4593,0.0457,0.4969,0.2662,1.1082,0.1812,0.2202,-0.6506,-1.167,-0.2668,-0.4091,-0.5378,-0.8623,0.93,-0.7073,-1.2845,0.0602,0.2492,-0.519,0.513,1.1963,-1.6075,-0.3061,-1.3649,-0.08,0.5509,-0.6512,-0.4752,-0.1876,0.4851,0.7227,0.9919,0.3834,-0.1164,-0.3471,-2.2248,2.4147,0.4403,0.2356,0.1966,-0.0461,-0.5104,0.2315,-2.3643,0.0249,0.0637,-0.189,0.365,0.054,0.1312,0.9428,-0.2065,-0.308,0.2292,-2.3455,0.1613,-0.2706,-1.1372,-1.136,-0.2772,-1.2823,-2.4702,-0.1618,0.3817,-0.072,-0.7874,-1.8489,-1.5448,-0.5031,0.2885,0.6323,1.1052,0.2318,0.0856,-1.6201,-0.1585,-3.1473,0.203,4.6122,0.144,-0.1722,-1.8062,-1.1509,1.3219,-2.1504,-0.2016,-4.7603,1.0108,-1.249,0.2842,-2.4256,0.2458,-0.227,-0.14,-2.7052,-3.1434,-3.0672,1.9935,0.0643,2.5638,0.7498,0.0302,0.0102,0.199,-0.6116,0.2014,-0.1641,-2.938,-0.641,-0.6386,0.9618,1.6362,0.1481,-0.4082,0.0762,-2.0993,0.8559,0.252,-0.2602,-0.614,1.4043,-1.0039,-0.6846,-0.4041,-0.485,0.3298,-0.5447,-0.066,0.1008,0.1524,-0.3159,-0.0203,1.6304,0.0805,0.0242,1.916,-1.2477,1.0165,0.5185,0.2198,-0.2692,-2.0573,-0.2628,-1.349,-1.0088,-2.4938,0.0148,0.7156,0.2934,0.4555,-0.5762,-0.8598,-1.1164,-1.0175,-0.9582,-1.3799,0.0628,0.1922,0.4122,-0.495,1.2702,0.5988,-0.0145,-1.4406,0.748,-1.4509,0.9099,1.2047,0.5284,0.5341,-0.0177,-0.1174,0.2385,0.6242,-0.2085,0.5833,-0.809,-0.9133,-0.5359,2.6285,-0.0768,-0.2138,-0.7013,-0.1457,0.1122,-0.6904,4.5832,-2.9512,-1.102,0.9,0.5062,-0.4049,1.1863,0.3146,0.4008,-1.1019,0.5231,-3.024,-0.6035,-0.861,-0.5416,1.0407,0.2211,-2.4454,2.8222,0.5955,0.9542,-1.7105,0.1622,-0.286,-1.8645,-0.4509,-0.4495,-0.9515,-2.7103,0.537,-0.1637,-1.7538,2.1739,-1.6233,-2.0465,2.6538,0.1993,-1.0041,-0.463,0.0408,-2.0363,0.2477,0.0588,-0.76,-1.3955,-0.541,-1.1795,0.63,-0.121,1.062,3.067,-0.7345,0.303,0.8816,-2.7058,-0.175,-0.2478,2.39,4.3488,-1.2375,0.7277,0.2399,1.2462,-0.1178,0.5122,-2.0049,0.3592,-1.1832,-0.0659,-0.093,-0.96,-2.5378
TCGA-A6-2674-01,0.666666667,-0.4306,-0.041,-1.1678,0.771,-0.8468,-1.1998,-0.5623,-0.6742,-1.3485,-0.4315,-0.7432,-0.7735,-1.1316,-0.1283,-0.4615,-1.3625,0.8525,0.0775,0.3813,-0.0898,2.106,-2.198,0.5995,-0.472,-0.0458,1.3612,-0.1052,0.2368,0.4235,0.3754,1.326,-1.4529,0.655,1.3932,-0.8737,1.8232,-2.927,-4.9062,0.4146,-0.7743,0.9901,-1.105,0.3875,-0.2311,1.034,0.3663,1.1322,-0.5744,0.2245,-0.1137,0.1903,0.3429,-0.5951,-0.6055,-0.8735,-0.53,-0.7124,-0.5467,0.3505,-1.496,-1.2475,0.9671,-0.1562,-0.4154,0.1175,0.0662,-0.6905,-0.5903,-0.7245,0.0505,0.4249,1.0863,0.2362,0.0712,0.0844,2.1415,-0.4686,0.7703,0.2183,0.202,-2.4134,0.1279,-0.2066,0.2216,0.0326,-1.299,-1.0065,-0.9277,-1.2208,0.5815,-0.16,-0.1975,0.2732,-0.3998,2.6148,-1.8472,-0.673,-1.5658,0.1438,-1.5,-1.1651,-0.4247,-0.8892,2.671,0.922,-1.9363,0.0422,0.1882,-0.4469,0.0745,-0.6287,-0.8701,-0.8079,-0.9099,3.419,1.5848,1.8888,0.7572,-0.53,-0.2418,-0.3491,-2.3928,-0.0288,5.9838,3.9618,-0.3044,1.3555,1.0415,0.3462,-1.9362,0.7738,-3.3675,1.2523,-1.285,-0.5438,-0.5577,0.701,0.1613,0.4188,-1.8343,-1.4524,-0.7372,0.607,0.3098,2.5121,-0.1703,-0.3229,0.0367,0.2892,-0.5192,-0.486,0.2262,-2.2918,-1.1132,-0.4229,0.2822,-0.021,-1.0073,-1.5011,-0.0135,-1.2023,0.8612,1.4743,-0.3858,0.2433,2.2578,-0.3148,-0.3018,-0.3639,-0.3322,1.2562,-1.2955,-1.0712,-0.5119,-0.3938,-0.3054,-0.4919,1.7595,0.9174,0.3217,2.413,0.2501,1.1312,0.9532,-0.737,-0.4191,-0.2825,0.2252,-1.6738,-1.5518,-1.8906,0.2532,0.2733,1.2115,1.2647,0.2212,-1.4875,-1.1589,-1.3945,-0.3435,-0.8432,0.2448,-0.4098,0.8875,-0.8778,1.775,-0.1368,-0.3748,-0.9385,0.2925,-0.6526,0.3465,0.7155,0.7944,-0.0937,-0.6435,0.3264,2.3522,0.7078,0.6515,-0.224,-0.4706,-1.9248,-0.9962,0.9188,0.2014,-0.899,-0.0847,-0.8537,0.418,-0.1991,2.4747,-1.5693,-2.19,0.6945,0.1912,0.2698,0.8447,0.0928,0.1436,-0.7051,-0.8978,-0.5538,-0.7104,-1.0392,-0.9205,-0.2043,1.6151,-0.4871,2.167,-1.2378,1.3225,-1.211,0.6592,0.3212,-2.6485,-0.7348,-0.1372,-1.9178,-0.4132,1.5318,0.738,-1.021,1.9719,0.904,-2.4678,3.8012,-0.2832,-0.5856,-0.866,-0.3665,0.4107,0.1562,-0.2498,-1.1298,0.1703,-0.298,-0.4398,0.7627,-0.2162,1.4192,2.2433,-0.6952,-0.4758,0.7634,-2.6487,-0.0355,1.4485,2.6658,1.1458,-1.4398,1.3548,0.2713,1.1613,-0.3236,1.9336,-0.7307,0.9008,-0.5315,-0.3542,-0.9682,0.588,-2.8942
TCGA-A6-2678-01,2.066666667,-0.5111,-1.6458,-2.2611,0.3835,-0.0331,-2.207,-0.5123,-1.2004,-2.2748,-0.7319,-0.4241,-1.037,0.2571,-0.915,-0.743,-0.957,0.5468,-2.1662,-0.5744,0.1105,2.9099,-1.5224,1.3169,-0.6508,-0.2781,0.8297,-1.1065,0.2386,-0.7388,-0.0233,1.4218,-0.7187,0.1171,-0.9047,-1.453,0.2778,-5.2142,-5.1272,0.4626,-1.0751,1.1464,0.2248,0.491,0.8202,1.2532,0.2353,0.239,-0.3429,0.7,0.6947,0.4887,0.5892,-0.1586,-0.6375,-1.0467,-1.124,0.9679,-0.8375,0.383,-0.3133,-0.8725,0.248,-0.7953,-0.6998,-0.145,-0.4193,-1.4035,-0.1391,-0.3535,0.106,0.2062,-0.3648,-0.2755,0.5361,0.0656,0.4782,0.5626,-0.0662,-0.0435,0.0134,-2.4244,1.7099,-0.0163,1.0877,-0.0962,0.1,-1.3041,-0.5137,-2.566,0.6014,-0.0993,-0.3892,0.0065,-0.5168,0.0823,-1.7673,-0.6157,-0.2325,-0.8498,1.0568,-0.3492,-0.1393,-0.6033,0.0938,0.076,-1.4103,-1.272,-0.1189,-0.4291,0.9331,-1.4292,1.2591,-0.9647,-0.247,1.721,0.6013,1.0765,0.1938,-0.0793,-1.3087,0.7699,-1.782,-0.2815,5.5285,0.5088,0.1512,-1.2773,-1.4085,1.1179,-1.708,-0.1106,-4.4437,1.0503,-2.4565,0.1417,-2.5678,0.7345,-0.5077,-0.019,-1.5835,-2.3106,-2.7715,1.2515,-0.1903,1.8524,0.5928,-0.5723,-0.3548,-0.3204,0.1676,-0.6264,-1.3446,-1.8633,-0.7938,-0.6471,-0.0738,0.8022,-0.7602,-1.1328,-0.619,-1.5742,1.832,0.4388,-0.275,0.6353,1.5474,-1.2302,0.4935,-0.2049,-0.5492,0.514,-1.6247,1.0152,0.7155,1.4714,-5.499,-0.2908,1.3305,0.4493,-0.4696,3.15,-0.2573,1.0131,0.964,-0.018,-0.4349,-1.391,-1.2018,-1.1524,-1.5977,-2.269,-0.7802,-0.3601,0.4897,0.614,-0.609,-0.5994,-1.178,-0.9235,-0.3137,-1.0923,0.1438,0.1538,1.3522,0.4636,0.0173,0.3448,-0.3556,-1.1468,0.001,-0.2225,0.6619,1.8623,0.0022,0.1735,0.0897,0.469,0.1568,-0.7065,0.7018,-0.1252,-0.5966,-1.4775,-1.0086,2.712,0.561,-0.3495,-0.6972,-0.7138,0.1562,-1.7028,2.4672,-1.0005,-1.562,0.8682,0.148,0.2427,-0.5469,0.3225,0.1353,-0.9498,-0.1056,-1.7406,-0.8732,-1.5478,0.1675,0.3232,0.6211,-2.14,2.7047,-0.0812,0.5523,-1.6385,0.2708,0.1112,-1.7705,-0.9888,-0.4805,-1.4362,-1.5538,0.2425,-0.7768,-1.1542,1.0409,-0.385,-2.0027,4.7432,0.3423,-0.9699,-0.4295,-1.113,-1.3952,-0.1996,-1.162,-2.6482,-0.8188,-0.7728,-0.722,0.6188,-0.5752,0.6026,3.8882,-0.8438,0.182,1.6216,-2.6778,-0.3222,0.0825,1.9275,4.3117,-0.9064,1.4331,0.6579,1.075,0.0054,-0.4107,-1.7551,0.1125,-1.776,0.5632,0.0888,-0.5465,-1.82
TCGA-AA-3520-01,1.8,-0.6858,-1.1518,-2.1716,0.2245,-0.4012,-1.3182,-0.5512,-1.0666,-2.1982,-0.8347,-0.3074,-0.8522,0.0359,-0.6546,-0.7398,-1.0263,0.0952,-0.4433,-0.2913,-0.162,2.0528,-1.072,1.6145,-0.9,-0.175,1.4228,-0.25,0.2067,-0.1074,-0.2544,0.9271,-0.8334,0.165,-0.0586,-1.5567,0.4955,-3.4558,-4.3004,0.8389,-1.5505,1.1541,0.142,0.2155,0.4502,0.3974,0.016,0.0527,-0.1784,0.5168,-0.1757,0.5038,1.1807,-0.2571,-0.994,-0.7408,-0.475,-0.4079,-0.2098,0.6408,-0.8088,-1.2095,0.0201,-0.5,-1.0024,0.0305,-0.3298,-1.2618,-0.2289,-0.2366,0.2715,0.2299,0.4708,-0.8382,0.7399,0.4375,0.6769,1.1376,0.7279,-0.4009,-0.3039,1.5815,0.8092,-0.1578,-0.1746,-0.248,0.2111,-1.2413,-0.66,-1.6458,0.611,-0.6015,-0.0935,-0.0661,-0.632,-0.0959,0.2445,-0.6302,-0.4918,0.3422,-1.4695,-0.3567,-0.0138,-0.7465,-0.7322,0.6348,-2.5273,-1.0985,0.8334,0.0478,0.5264,-1.2173,0.4296,-0.5809,0.1396,1.224,1.462,0.8685,0.1053,0.3255,-1.1172,0.9453,-1.927,-0.103,5.2685,0.6057,-0.0654,-1.1085,-0.5671,0.5853,-1.1751,0.463,-4.1668,1.0872,-1.1018,0.0658,-1.8568,0.9248,-0.514,0.184,-1.079,-2.3068,-1.752,0.6183,-0.0995,1.9681,0.3113,-0.4389,-0.0137,0.3171,-0.7014,-0.5766,-1.0154,-2.1208,-0.828,-0.4456,-0.8887,0.1222,0.5536,-1.5005,-0.6285,-1.4982,1.0215,-0.018,-0.6505,-0.3615,1.5967,-1.6368,-0.5196,-0.2671,-0.6145,0.524,-1.3378,0.4382,0.458,0.5732,0.122,-0.2914,1.1309,0.0302,0.0342,2.815,-0.3197,1.0326,0.778,0.1425,-0.5313,-0.9027,-0.7435,-1.4725,-1.4272,-2.3596,-0.726,-0.1426,0.5671,0.8303,0.4723,-0.5614,-1.3025,-1.104,-0.0245,-1.4174,0.4628,0.4318,1.1516,0.4264,0.1112,0.3545,0.0231,-1.1234,0.3728,-0.3779,0.0549,1.155,0.1457,-0.3293,0.1092,0.3984,0.142,0.563,0.0728,-0.2085,-0.59,-1.357,-1.0219,2.2018,0.1601,-0.2148,-0.6167,-0.8145,-0.0088,-1.0446,2.7654,-0.3805,-1.1865,0.8762,0.007,-0.0777,-0.0726,0.0635,-0.5693,-0.4383,-0.4028,-0.3458,-1.4045,-0.4805,-0.9218,0.8333,0.8879,-0.9171,1.8222,0.1008,1.6548,-1.6508,0.4288,0.0818,-2.2865,-0.9634,-0.3135,-1.164,-1.143,0.8716,-1.2138,-1.3802,1.066,-0.2738,-1.7735,3.8965,0.3518,-0.9526,0.0555,-0.151,-0.9015,0.6006,-0.482,-1.1569,-0.2553,-0.9078,-0.9235,0.6237,-0.1082,1.3707,3.5655,-1.4158,0.3745,1.7214,-2.2002,-0.1458,0.7138,1.9535,4.066,5.7856,0.0481,0.4612,1.186,-0.0245,0.3935,-1.8201,-0.1965,-1.4592,-0.2992,-0.6122,-0.1372,-0.397
TCGA-AA-3522-01,1.433333333,-0.4148,-1.2274,-1.9266,0.3855,-0.4146,-1.2575,-0.9019,-1.1725,-1.5719,-0.6805,-0.6385,-1.2351,-0.2152,-0.5249,-0.6545,-1.5596,-0.8388,-1.3303,-0.3704,-0.4675,1.8705,-2.524,1.895,-0.6025,-0.0114,0.2134,-0.6342,-0.1814,0.2554,0.5788,1.0515,-1.57,-0.0633,0.8934,-1.2631,0.6643,-2.9622,-4.2384,0.7312,-1.0469,1.1005,-0.484,0.14,0.3337,1.31,0.4228,0.2634,-0.6396,0.2068,0.7448,0.0763,0.7597,-1.0639,-0.4835,-1.0302,-0.4636,0.2151,-0.8005,0.3723,-1.946,-2.026,0.3401,-0.1658,-1.288,0.3985,-1.0285,-1.435,-0.0949,-0.843,0.472,0.0827,-0.8109,-0.114,-0.0515,-0.293,0.8442,0.3679,0.8319,-0.8289,-0.3886,-1.9286,1.3917,0.0388,-0.3104,0.2222,0.4879,-1.9448,-0.9488,-3.1778,0.472,0.2051,0.6122,-0.0084,-0.1892,0.2635,-0.4783,-0.5242,-1.8015,-0.0045,-3.8662,-0.3049,-0.2948,-1.3105,0.5895,-0.1665,-2.4507,-1.2148,-0.484,-0.9384,-0.4078,-1.2875,0.6648,-0.9894,-1.6454,0.5735,1.6027,1.549,-0.7522,-0.1196,-1.3419,0.9483,-2.0513,-1.0892,4.6777,0.2892,-0.1441,-1.4642,-1.9166,1.3027,-0.8883,-0.0131,-4.0918,1.2218,-2.7192,-0.4172,-2.0908,-0.1515,-0.7943,-0.4185,-1.9482,-1.9311,-1.2331,1.4907,-0.0045,0.8132,0.3905,-0.1999,0.0315,0.0217,-0.7826,0.2944,-0.7205,-2.4783,-1.6822,-0.5519,-0.7654,0.0175,-0.5261,-1.9253,0.5763,-0.9358,1.3449,0.3285,-0.2702,-0.0007,0.6423,-0.9856,-0.0069,-0.7028,-0.784,-0.1575,-1.1053,0.0302,-0.2894,0.4632,-4.437,-0.6266,1.4214,0.2846,-0.0522,3.328,-0.8758,0.9405,0.9578,-0.5913,-0.73,-1.0887,-0.4305,-1.6753,-1.9907,-2.986,-0.1578,-0.6583,0.9529,0.4052,0.6049,-2.1634,-1.8722,-1.7725,-0.3562,-1.3602,0.3698,0.324,2.1648,-0.2536,-1.197,0.5017,0.7771,-1.5672,-0.1922,-0.5138,0.6912,1.0807,0.0647,0.0354,0.4395,0.2491,0.392,0.6272,-0.0942,-0.0618,-0.4929,-2.346,-1.2746,2.5905,0.4581,-1.2605,-0.0255,-1.1083,1.3392,-1.019,2.4073,0.7249,-0.7225,0.9398,0.1475,0.1495,1.3746,0.0202,-0.309,-0.9498,-0.4016,-1.9291,-1.8141,-1.358,-0.5035,-0.0835,1.0199,-2.3573,2.2635,0.418,-0.1438,-2.6092,1.066,0.2393,-1.9075,-0.6846,-1.1643,-2.643,-1.644,0.1938,-0.8625,-1.7298,1.7805,0.2627,-2.2667,3.038,-0.0905,-0.3981,-1.1005,0.2918,-1.0513,-0.4586,-0.0328,-1.5276,-1.6657,-0.476,-0.7323,0.036,-0.494,1.6962,3.8762,-0.3518,0.1758,1.0759,-1.9483,-0.05,-0.9152,2.086,3.6435,-0.2249,0.3619,0.6017,1.4502,0.1096,0.2667,-1.7306,-0.2623,-1.3222,0.2225,-0.8345,0.0472,-2.3845
TCGA-AA-3534-01,1.733333333,-0.6406,-1.0694,-2.0876,0.49,-0.2349,-0.54,-0.0802,-0.3968,-2.0719,-0.4262,-0.8834,-1.184,-0.6282,0.0158,-0.5893,-0.5898,0.432,-2.6312,-0.2727,-0.539,2.8192,-2.8643,1.8275,-1.3088,-0.1182,1.5795,-0.3222,1.5081,0.3204,0.8079,1.8532,0.1545,0.5417,-0.2992,1.3072,0.4707,-3.7108,-4.6962,0.7765,-1.02,2.0715,-0.818,0.466,0.877,1.1646,-0.6623,0.3433,-0.1184,0.6048,0.1662,0.938,1.1047,-0.1676,-0.3535,-0.746,-0.667,0.0009,-0.3403,0.6502,-0.3488,-0.742,-0.5702,-0.6412,-1.0434,0.9265,0.626,-1.3992,-0.0611,-0.357,0.569,0.4958,0.0878,-0.7857,1.7403,0.4859,1.4435,1.4785,0.4558,0.2238,-0.5583,-2.352,1.5406,0.1589,0.2899,0.2239,0.7004,-1.1596,-0.522,-0.8522,0.1509,0.0363,0.0525,-0.4978,-0.0835,1.6078,-0.1868,0.1858,-0.6285,-0.935,-3.8528,-0.9903,-0.5723,-0.2803,-0.1888,0.5498,-2.6068,-1.9128,0.6006,-0.4799,0.1001,-0.4658,1.738,-1.3465,-1.0035,0.9245,0.9233,0.2635,0.4427,0.5933,0.6754,1.4358,-2.5772,0.045,5.4972,0.1712,0.0008,-1.546,-0.7465,1.3588,-2.0506,0.2774,-4.7506,1.3571,-1.717,0.733,-2.0526,0.2282,-0.3603,0.611,-2.1125,-2.8036,-2.2874,1.6395,0.3027,2.3732,-0.0335,-0.2071,-0.422,0.8588,-0.8411,-0.3532,-1.0656,-2.6071,-0.9498,-0.7109,0.4829,1.202,1.1393,-0.6968,0.4371,-2.4067,0.6533,0.3648,-0.8735,-1.0572,1.4201,-1.3399,-0.9147,-0.3053,-0.9985,0.2718,-1.7138,-0.153,-0.255,0.0573,-4.2886,-0.2127,1.8883,0.3214,-0.0693,3.971,-1.6511,1.0981,0.621,-0.5612,-0.05,-1.6098,-1.2212,-1.3737,-1.16,-2.476,0.347,-0.1335,0.1547,0.7848,-0.1455,-0.8909,-1.1379,-1.247,-0.5778,-1.2881,4.559,-0.3155,0.6298,-0.5021,0.4935,0.169,0.6349,-0.1674,-0.0853,0.1779,-0.4059,1.5333,-0.0911,-0.1775,0.2577,0.7328,0.33,0.0268,-0.1938,-0.3022,-0.6541,-1.6855,-0.5843,2.2285,-0.0345,0.1412,-1.0574,-0.5325,0.2648,-0.7082,4.1417,0.9198,-1.736,0.9108,-0.2488,-0.1631,1.8565,1.0726,-0.224,-0.3848,-0.7183,-1.9676,-1.0255,-0.8142,-1.1768,0.426,0.3006,-1.4737,1.5132,-0.0175,2.1613,-2.0675,0.349,0.5738,-2.559,-0.2932,0.0113,-1.2958,-1.0305,0.7845,-0.7114,-1.0743,1.6379,0.1217,-2.4795,3.0027,0.2638,-1.2015,-0.0205,-0.5578,-1.5088,0.4339,-0.1805,-0.8689,-0.861,-0.5802,-1.1233,0.5973,0.0262,1.355,4.5165,-0.7642,-0.012,1.3038,-2.728,2.658,2.4135,2.0935,3.5403,-0.9214,0.7099,1.2064,1.454,0.0799,0.5832,-2.0734,0.5867,-1.1978,-0.8884,2.6252,-1.193,0.3395
TCGA-AA-3681-01,3.3,-0.6676,-0.3174,-1.189,0.4825,0.0799,-1.1513,-0.4143,-0.5449,-1.2047,-0.1685,-0.3806,-0.5101,-0.8519,-0.5851,-0.809,-0.45,0.4212,-1.2127,-0.3766,-0.4358,1.808,-0.8922,0.9815,-0.3588,-0.2933,1.4363,-0.2262,-0.4984,0.69,0.6381,1.1254,-0.5109,0.5707,0.232,-1.3833,0.4535,-2.4,-4.4201,1.2186,-0.7058,1.0379,0.1192,0.1905,1.1577,1.0898,0.2088,0.1744,0.1456,0.154,-0.0397,0.1073,1.6112,-0.2271,0.611,-0.4937,-0.2344,0.8388,-0.7712,0.3105,-1.276,-1.048,0.7666,-0.1952,-0.611,-0.1068,0.113,-1.3542,0.1631,-0.773,0.141,0.0036,-0.3849,-0.5412,0.2817,-0.0602,1.6548,0.3625,0.4117,0.2425,0.4893,-1.8771,1.3804,0.1296,-0.2718,-0.3017,-0.7979,-0.958,-0.2863,-3.0482,0.9391,-0.457,0.3715,-0.0365,0.006,0.9541,-0.0065,-0.3188,-0.5322,-0.0458,-2.9348,-0.2559,-0.1374,-0.857,0.2098,0.0292,-1.5943,-0.8535,-0.1682,0.3909,-0.1171,-1.4189,0.3031,-0.6956,-0.2908,1.2825,1.2273,1.3762,0.2175,0.0776,-1.3616,0.1345,-1.9952,-0.727,4.2692,0.4662,0.1322,0.0442,-1.2608,1.4397,-1.0202,-0.0048,-4.2059,1.4344,-1.4428,0.187,-1.643,0.7288,-0.8065,0.1272,-1.6308,-1.2764,-0.7183,1.3822,0.0868,1.2956,0.0528,-0.1213,0.1672,-0.3898,-0.0882,-0.3488,-1.0809,-2.4736,-0.564,-0.6264,-0.1352,-0.1062,-0.3086,-0.8174,0.3949,-1.5003,0.5543,-0.0943,-0.382,0.2478,0.8692,-0.3519,-0.7548,-0.3099,-0.537,0.1065,-0.2552,0.054,0.0842,0.1565,-3.8131,-0.0628,1.4535,0.8061,-0.0584,3.165,-0.046,1.1544,1.1147,-0.3147,-0.3372,-0.9282,0.3,-0.7565,-1.6588,-2.2092,-0.1948,0.339,0.7054,1.2357,0.5777,-0.6492,-0.8091,-0.7225,-0.6685,-1.2612,0.082,-0.0958,0.8771,-0.3795,0.7917,0.1963,-0.3084,-1.0656,0.744,-0.6375,1.3619,1.0073,0.4604,-0.2751,0.278,0.3459,0.7238,0.8492,0.352,0.0322,-0.3658,-1.0782,-0.4095,2.7955,0.9345,-0.4815,-0.1173,-0.1273,0.776,-0.6154,2.2012,0.4442,-0.786,0.4947,0.0712,0.2165,1.1837,0.3125,0.332,0.3711,0.4129,-1.0958,-0.6559,-0.915,-0.026,0.7822,1.3342,-1.9394,2.251,-0.2557,0.0633,-1.6195,0.052,0.3182,-1.5755,-0.5122,-0.2375,-1.1047,-1.309,0.211,0.3954,-0.5493,0.9781,0.1217,-1.9418,3.6938,0.6461,-0.6855,-1.043,-0.1192,-0.2267,-0.1383,0.1068,-0.7285,-1.3363,-0.4348,-0.5035,1.1107,0.2085,1.8791,3.5765,-1.8098,0.1478,1.0198,-1.5568,-0.1772,-0.3167,2.295,3.2383,-0.0705,-0.1932,0.3476,0.8228,0.1241,1.1742,-1.3233,0.4807,-1.1572,0.2901,-0.7625,0.2288,-0.615
TCGA-AA-3696-01,2.6,-0.4663,-0.5893,-0.9295,1.5175,-0.6746,-0.9033,-0.2864,-0.7729,-1.3607,0.678,-0.2514,-0.9185,-1.6998,0.0145,-0.1148,-0.8911,-0.6675,0.173,-0.3101,0.1458,1.7745,-1.7061,0.9862,-0.846,0.0906,0.8395,-0.8235,-0.1328,-0.2893,0.8534,0.8511,-0.921,0.1341,-0.2037,0.0383,0.0725,-2.402,-4.7755,0.4184,-1.5798,1.3519,-0.766,0.9575,0.677,1.0429,-0.7923,-0.0097,0.712,1.3442,0.158,0.304,0.3592,-0.9961,-0.019,0.0235,-0.553,1.3973,-1.2485,0.6432,-1.6295,-1.4015,0.1218,0.1362,-0.5274,0.6875,0.6695,-1.0702,-0.1166,-0.7741,0.1225,0.1427,-0.3121,-0.7645,0.8229,0.4314,0.9913,0.7899,0.3844,0.0191,-0.7321,-1.6916,1.7169,0.2046,0.2861,0.0854,0.5056,-1.0963,-0.1013,-0.4945,-0.0075,-0.1406,0.7665,-0.2384,0.166,0.2479,0.1522,-0.4973,-0.91,-0.306,-1.5367,-0.5993,-0.194,-0.487,-1.21,0.1788,-2.0782,-2.3325,-0.5736,0.2058,-0.2606,-0.0351,0.7352,-1.3807,-0.5334,0.289,0.3507,0.3038,0.3328,0.6652,-1.072,0.8901,-2.7358,0.1554,3.911,-0.28,0.3182,-1.94,-0.8925,1.2026,-1.405,-0.1325,-4.5733,1.1795,-1.3815,-0.1888,-1.7405,1.234,-0.6533,-0.02,-1.8945,-2.7225,-2.5946,1.6853,0.2585,1.0335,0.2517,-0.0977,-0.2057,0.6675,-0.6732,0.5286,0.1485,-2.341,-0.857,-0.5979,0.2476,-0.0509,0.0837,-0.935,0.4007,-1.5312,1.1402,0.0373,-0.7138,0.1487,1.0618,-1.3649,0.01,-0.108,-0.573,-0.0138,-1.136,0.035,0.3906,0.2739,-4.4675,-0.2022,1.3853,0.2874,-0.65,3.3225,-1.5927,0.8061,0.4145,-0.167,-0.2239,-1.225,0.5068,-1.2174,-1.3382,-2.764,0.4605,0.0452,0.8747,0.5865,0.1521,-1.4245,-1.1291,-1.187,-0.6822,-0.5444,1.4868,-0.0895,2.3036,0.1144,-0.1737,0.4027,-0.5232,-0.8756,0.4612,-0.4551,0.1964,0.9938,0.3339,0.0594,0.8232,0.7402,-0.299,-0.4098,-0.919,-0.1745,-0.1356,-1.5692,-0.7606,1.8563,-0.0266,-1.2117,-0.128,-0.2198,0.2705,-0.6012,2.4842,0.3252,-1.3545,0.8067,-0.0802,-0.176,1.6518,0.9155,-0.4737,-0.9752,0.4092,-1.0629,-0.9152,-1.1218,-0.5638,0.4177,0.6641,-2.1548,1.6752,-0.6133,0.3357,-0.7802,0.47,0.3218,-2.2098,-0.339,-0.0098,-1.6688,-1.9955,0.0574,-0.3288,-0.75,1.532,-0.2343,-2.2365,1.9818,0.0499,-0.6956,-0.6935,-0.2262,-2.2005,0.1271,0.3795,-1.1084,-1.1991,-0.4297,-0.7532,0.1047,0.5968,0.6232,3.5,-0.7455,0.1342,0.7422,-2.2377,-0.1815,0.69,2.3285,3.4828,-0.0281,0.2517,0.3417,1.2265,0.3445,0.2894,-1.4835,0.1563,-1.3238,-0.2649,1.4598,-0.9502,-0.8318
TCGA-AA-3812-01,2.733333333,-0.333,-0.3105,-0.6015,0.474,0.146,-1.8392,-0.6416,-0.6441,-1.4351,0.0267,-0.8209,-0.7161,-1.1462,-0.9165,-0.9442,-0.798,-0.3682,-0.287,-0.582,-0.4508,2.3084,-0.1043,2.0997,-0.445,-0.4673,1.5313,-0.0778,0.5847,-0.238,0.4096,1.9508,-1.6056,0.4446,0.5497,-0.8077,0.946,-3.1623,-4.7919,1.5044,-0.8164,1.2425,-0.643,0.6015,0.0051,1.32,-0.3457,0.2943,0.0956,1.0145,-0.6917,0.2382,0.1007,-0.4675,-0.961,-0.1863,-0.3859,0.6861,-0.8447,0.6202,-2.0882,-1.892,1.0318,0.2772,-1.0096,0.544,0.5045,-1.1855,-0.8306,-0.5999,0.042,-0.0719,-0.1968,-0.638,0.8057,0.6471,1.0123,0.3564,0.4414,-0.5324,-0.2358,-1.6836,1.9396,-0.1243,0.1318,0.1454,0.4474,-1.034,-0.3372,-1.0462,-0.0302,0.7647,0.2805,0.2992,-0.5212,1.3242,-0.3683,-0.7773,-0.9018,-0.9035,-0.4295,-0.4115,-0.5107,-1.0128,-0.4225,-0.0038,-2.4905,-0.305,0.1411,-0.3316,-0.512,-0.7491,1.308,-0.5069,-0.7478,0.781,0.861,1.099,1.1527,0.275,-1.5367,0.8872,-2.2905,-0.5032,4.832,0.4895,-0.2389,-0.7678,-0.1721,1.3527,-1.9436,0.498,-4.2152,1.2504,-2.247,-0.22,-1.2524,0.6433,0.071,-0.513,-1.561,-2.3929,-2.5394,1.3632,0.0897,2.0647,0.4848,-0.7544,0.3475,0.2471,-0.2674,-0.1954,-1.1235,-2.2294,-0.9005,-0.7401,-0.1968,0.1648,-0.8153,-1.574,-0.1975,-1.8663,2.2625,0.1812,-0.516,0.5713,1.609,-0.8858,-0.0883,-1.1187,-0.534,0.7565,-1.12,-0.1562,0.0026,0.2514,-4.4708,-0.7894,1.7634,1.1794,-0.0327,3.0255,-0.6869,1.1006,0.3442,-0.765,-0.4029,-0.8967,0.4342,-1.644,-1.45,-2.5734,0.2718,0.0416,1.2278,1.0443,1.2603,-2.256,-1.4461,-1.2335,-0.8388,-0.3281,3.7688,0.1292,1.6139,-0.1486,1.3893,0.3273,0.1048,-0.7284,0.1995,0.2714,0.2159,1.0428,0.6469,-0.1473,0.1732,-0.1228,0.5833,0.516,-0.9388,-0.0682,-0.1975,-1.8028,-0.9264,2.1778,0.2601,-1.2672,-0.3952,-0.5612,0.7478,-0.854,2.5128,-1.3432,-1.137,1.098,0.6365,0.5152,1.2281,1.4617,-0.1157,-1.1794,0.1752,-2.0901,-0.6577,-2.0428,0.1352,0.6197,0.6651,-1.9514,2.2713,-0.4202,0.2657,-2.0348,0.0202,0.711,-1.777,0.3047,-0.06,-2.0762,-0.2408,1.0335,-0.4144,-1.577,1.5069,-0.3513,-1.6055,3.7005,0.6625,-0.8084,-1.1435,0.0138,-0.8583,-0.3808,-0.5245,-1.9786,-0.8757,-0.463,-0.5548,0.5958,0.199,1.6445,3.522,-1.0498,-0.002,1.3365,-2.4585,2.62,-0.597,1.6425,3.801,0.5251,1.3817,0.1588,1.2548,-0.1751,1.7332,0.5522,0.3955,-1.4528,0.2919,-0.0865,-0.4682,-2.6863
TCGA-AA-3818-01,3.4,-0.6156,-0.8995,-1.2779,1.2975,-0.1111,-2.0287,-1.1264,-0.765,-2.0151,0.415,-0.5715,-1.1608,0.0499,-0.5532,-0.233,-1.108,-0.0198,-2.1822,-0.4825,-0.5345,2.2874,-2.9426,1.6231,-0.4632,-0.0719,0.9716,-0.5062,-0.1162,0.2781,0.6961,1.1842,-0.6391,0.5249,1.1267,-0.8467,0.7903,-3.6718,-4.64,1.0475,-1.302,1.332,-0.3593,0.4715,0.5958,1.1725,-0.2767,-0.004,0.271,1.3045,0.029,0.3452,0.6909,-0.5919,-0.3625,-0.515,-0.3891,1.2489,-1.0647,0.7718,-1.8288,-1.6365,0.232,-0.1017,-0.9013,-0.0275,-0.141,-1.2062,-0.0171,-0.9282,0.105,0.1784,-1.1042,-0.7968,1.0099,0.4904,1.5329,0.231,0.6841,0.1536,-0.3751,-2.486,1.3091,0.3511,0.265,0.1418,0.4372,-0.6861,-0.4753,-1.9022,-0.0296,-0.0277,0.6162,0.3969,-0.5102,0.6778,-0.1128,-0.9658,-0.8493,-0.6495,1.1942,-0.1333,-0.1802,-1.3482,-0.5948,0.4708,-2.617,-2.1075,0.3875,-0.4683,-0.2578,-0.8148,0.6308,-1.1541,-0.2908,0.1975,1.1743,0.8118,0.2757,0.5307,-0.6164,0.9552,-2.4318,0.0685,4.5325,0.0168,0.0698,-1.3177,-1.3538,1.2217,-2.0666,0.0676,-4.6268,1.4136,-2.095,0.1383,-2.2134,0.5918,0.0258,-0.8298,-1.7638,-2.7525,-2.8184,1.5958,0.2177,1.7232,0.7125,-0.422,0.538,0.3696,-0.3679,0.4122,-0.9804,-2.7258,-0.9852,-0.6232,0.8719,0.2631,-0.49,-1.185,-0.1013,-2.151,3.8838,-0.4793,-0.5002,-0.1905,1.1967,-0.4972,-0.4942,-0.8706,-0.514,0.5407,-1.4752,-0.1275,-0.2441,0.3005,-1.9624,-0.2819,1.8378,0.0562,0.1082,3.2885,-0.8251,1.1359,0.7595,-0.7708,-0.4738,-1.7443,0.256,-1.268,-1.0927,-3.077,0.1958,0.2331,1.3151,0.888,-0.5797,-1.7174,-1.2324,-0.5295,-0.646,-1.0427,2.4098,0.134,1.6354,-0.0845,0.2435,0.5898,0.4768,-1.0101,-0.4102,-1.1831,-0.2388,1.1172,0.0939,-0.0817,0.3235,0.2364,0.158,0.3832,0.1305,-0.0962,-0.0448,-1.2967,-0.6676,3.0562,0.6735,-0.6223,-0.4698,-0.1363,0.0455,-1.2624,2.9848,-0.0855,-1.954,1.8433,0.1205,0.5626,1.8138,0.885,-0.2323,-0.3104,-0.0169,-1.5419,-0.9749,-1.5362,-0.2142,0.3627,0.8232,-2.2663,2.4625,-0.116,0.4453,-1.7992,0.596,0.4193,-1.8638,-0.3608,-0.1478,-1.686,-1.7562,0.226,0.585,-1.1162,1.9326,-0.851,-1.9412,3.4142,0.5447,-0.965,-0.8365,-0.3368,-1.8582,-0.2058,-0.4785,-2.0512,-1.7942,-0.1222,-0.5127,0.308,0.5178,1.469,4.0908,-0.0732,-0.3965,1.3634,-2.4882,-2.0352,-0.3298,2.2788,3.7805,-1.4539,0.835,0.2519,1.9752,-0.1288,0.7206,-2.2869,-0.1158,-1.3478,0.5332,-1.4375,-0.2132,-1.9688
TCGA-AA-3837-01,3.633333333,-0.2962,-0.6282,-0.6936,1.3575,-0.3818,-1.616,-0.5784,-0.6636,-1.3642,0.6631,-0.9509,-0.8478,-1.0339,-0.8123,-0.6285,-0.8549,-0.5098,-1.7477,-0.2971,-0.697,1.8348,-0.9372,1.4775,-0.478,-0.4731,1.251,-0.7163,-0.0028,0.0534,0.5187,1.3869,-1.2431,0.0769,0.8442,-1.2523,0.6205,-3.0542,-4.8027,0.8609,-0.604,0.8912,-0.1842,0.369,0.2918,0.916,-0.0417,-0.0793,0.0895,0.8162,-0.2773,-0.0935,0.3979,-0.9769,-0.4145,-0.5613,-0.4504,1.4874,-0.7005,0.4725,-1.5475,-1.4155,0.4879,0.3942,-1.0094,0.2295,0.4897,-0.9158,-0.1611,-1.0316,0.0135,0.0514,-0.1813,-0.3318,1.0614,0.198,1.2236,0.4444,0.8538,-0.2544,-0.6579,0.8066,1.8496,0.4601,0.0339,0.2368,0.4134,-1.1364,-0.6208,-2.2495,0.0968,0.046,0.8088,-0.0672,-0.3498,0.6909,0.3525,-0.485,-0.8815,-0.3212,-1.2973,-0.5156,0.0154,-0.8353,-0.9185,0.2705,-1.7957,-1.8282,0.0824,0.2754,-0.6811,-0.1712,1.2357,-1.2098,-0.6432,0.1055,1.0005,1.5068,0.5268,0.2349,-1.4832,0.9316,-2.4557,-0.5824,4.0705,-0.069,0.0013,-0.8147,-0.5549,0.944,-1.4127,-0.0822,-4.5851,1.015,-2.952,-0.0605,-1.6552,0.222,-0.5485,-0.5835,-1.3867,-1.8662,-2.1218,1.7175,-0.1688,1.3322,0.3728,-0.21,0.1048,0.021,-0.6074,-0.1822,-0.9271,-1.8858,-1.0002,-0.7672,0.8848,-0.1466,0.1426,-1.3138,0.1422,-1.432,1.1342,-0.0398,-0.6605,-0.1918,1.3646,-1.3737,-0.2176,-0.7058,-0.472,0.2228,-0.9438,0.0198,-0.3714,0.4258,-3.9176,-0.3687,1.591,0.6568,0.0351,3.2395,-0.7228,1.1722,0.5065,-0.6788,-0.3562,-0.9128,0.508,-1.1139,-1.7212,-1.9765,0.2142,-0.2588,0.7275,0.809,0.6531,-1.2077,-1.181,-1.0165,-0.7153,-0.7473,2.9422,-0.018,1.4624,-0.4074,-0.3922,0.7192,0.4123,-1.1918,-0.058,0.3195,-0.1608,0.9345,0.2866,0.2549,0.4577,0.3422,0.6422,1.033,-0.2858,0.3315,-0.1264,-1.2353,-0.93,2.774,0.1766,-0.8373,-0.031,-0.4123,0.4668,-0.5557,2.4452,-0.2218,-1.6625,0.7758,0.0642,-0.0634,1.3309,0.2912,-0.4768,-0.5964,-0.2388,-2.0838,-0.9622,-0.9938,0.1038,0.2498,0.5311,-1.7763,2.504,0.2555,0.2772,-1.7855,0.7938,0.2277,-1.5722,-0.1529,-0.2085,-2.055,-0.989,0.447,-0.8044,-0.965,1.6421,0.0613,-1.9573,2.8025,0.365,-0.8674,-0.805,0.2797,-1.213,0.1891,-0.4662,-1.7945,-1.0506,-0.534,-0.5302,0.1415,0.5055,1.2557,3.4775,-0.816,0.0342,0.8458,-2.4708,-0.1618,-0.1295,1.9832,3.9003,-0.5422,0.5075,0.3901,1.0748,0.0995,0.5254,-1.6595,0.079,-0.7602,0.6208,1.123,0.025,-2.7152
TCGA-AA-3875-01,3.4,-0.4874,-1.2042,-0.4075,0.8055,-0.4002,-1.5187,-0.3311,0.1101,-1.2147,-0.4573,-0.6326,-0.7679,-0.6192,-0.2385,-0.7345,-0.4,-0.324,-1.4337,-0.353,-0.7588,1.9555,-2.7072,1.5958,-0.5445,-0.4102,0.5884,-0.3525,-0.1109,0.073,0.2956,1.8446,-0.3082,0.7481,0.5002,2.2298,0.4452,-2.7605,-4.6341,1.0223,-1.1675,1.1401,-0.2288,0.708,0.7459,1.1741,0.0997,0.2056,0.0155,0.5162,-0.0577,0.1858,-0.0103,-0.7289,0.211,-1.0532,-0.4601,0.3449,-0.7848,0.5732,-0.9657,-1.2035,0.2149,0.0593,-0.8791,0.2788,0.8923,-1.313,-0.1246,-0.3326,0.477,-0.0166,-0.2794,-0.3345,0.5303,-0.0516,0.7675,0.0562,0.3139,-0.3365,-1.0118,-1.3931,1.8274,0.5188,0.0499,-0.5652,-0.1888,-1.1868,-0.5367,-1.85,0.3698,0.0459,0.0082,-0.1459,0.1162,0.7295,-0.6562,-0.1478,-1.2212,-0.1198,-2.7158,-0.9049,-0.2131,-0.6695,-0.1162,0.4825,-0.7973,-0.705,-0.2142,-0.1332,-0.286,-0.4998,-0.3853,-0.6806,0.2789,1.143,0.8883,1.343,1.0613,0.4908,-1.365,0.8212,-2.1397,0.2359,4.1028,1.5882,-0.0173,-0.2028,-0.8411,1.0377,-1.2989,-0.1834,-3.9011,0.9039,-0.7475,0.2325,-1.7685,0.6805,-0.5443,-0.4235,-1.563,-1.2236,-1.128,1.4597,-0.044,1.1068,-0.0462,-0.2962,-0.2582,-0.318,-0.9288,-0.0571,-0.6469,-2.2541,-1.0185,-0.0011,0.8335,0.2282,0.3265,-0.8081,0.5201,-1.4507,0.9001,-0.1007,-0.2045,-0.1487,1.2804,-1.325,-0.9046,-0.6149,-0.4735,0.4778,-1.6182,0.2632,-0.0638,0.0416,-4.3022,-0.0723,2.0384,0.3109,-0.1064,3.042,-0.6398,0.898,0.9438,-0.363,-0.4612,-0.8378,-0.4222,-0.1127,-1.4853,-2.3988,-0.0902,-0.0462,0.2334,0.3598,0.5669,-0.9745,-1.2428,-0.793,-0.8332,-0.8791,0.2468,0.0922,1.8589,-0.2119,-0.673,0.3153,0.5337,-1.0973,0.0232,-0.4812,-0.6316,0.8868,0.3999,-0.0874,0.286,0.6844,0.7498,0.7245,0.2915,0.062,-0.245,-1.1068,-0.6091,2.4118,0.1388,-0.2938,-0.0218,-0.7443,0.553,-0.3759,1.9452,-0.1891,-0.6615,0.3718,-0.104,0.2547,0.9379,0.408,-0.7271,-0.9408,-0.4951,-2.6017,-1.26,-0.5588,-0.2685,0.7128,0.7802,-1.623,2.5208,0.9352,0.2202,-1.2315,0.57,0.1848,-1.414,0.0498,-0.0578,-0.9222,-1.7172,0.2099,-0.454,-0.6835,1.4457,0.154,-2.3025,3.323,0.2692,-1.0621,-0.747,0.0225,-0.5083,0.1744,-0.16,-1.2386,-1.0418,-0.2618,-0.1877,-0.6137,-0.0775,0.8706,3.1585,-1.348,0.1875,0.9046,-1.9173,0.5337,1.4645,2.0422,4.1697,-0.0234,0.3533,0.2978,1.1667,0.3421,0.164,-1.3908,0.2573,-0.996,0.2736,0.2178,-1.054,-1.1875
TCGA-AA-3930-01,4.1,-0.5586,-1.1822,-1.3284,0.8225,-0.2972,-1.9748,-0.9507,-1.0699,-1.2705,-0.6983,-1.4401,-1.6034,-0.4286,-0.7182,-0.8098,-0.1383,1.7182,-1.8103,-0.6031,-0.3652,1.6752,-2.3061,0.8543,-0.8712,-0.5518,-0.0468,0.3202,-0.2088,0.4603,0.4463,0.9948,-0.5107,0.0088,-0.4201,-1.1964,0.801,-1.7215,-4.1914,0.5964,-1.3657,1.0386,0.2043,0.0255,-0.258,0.5372,0.3883,0.1287,-0.729,-0.143,-0.4158,0.1632,0.9732,-0.3064,-0.2705,-0.6683,-0.2061,0.1588,-0.9625,0.5545,-0.8925,-1.4395,0.0173,-0.0602,-1.2592,0.4568,-0.5288,-1.3472,0.5126,-0.6969,0.523,-0.3111,-0.282,-0.5005,0.201,0.1874,0.4815,0.5005,0.6301,0.114,-0.2277,-2.4394,1.3517,-0.2021,0.3846,-0.0266,0.6745,-1.2743,-0.8177,-3.0215,0.326,-0.3575,-0.1168,-0.1988,-0.8668,1.0167,-1.8655,-0.3533,-0.5388,-0.5248,-0.242,-0.5995,0.0986,-1.412,0.0828,0.6685,-1.8228,-1.0312,0.0572,-0.5622,0.1156,-0.8572,-1.1138,-1.0285,-0.2639,1.359,1.118,1.2645,1.296,0.3247,-0.981,-0.181,-2.8707,-0.477,4.3845,1.3457,-0.1512,-0.6532,-1.4525,0.8345,-1.7537,0.4968,-4.5591,0.6012,-1.0765,-0.057,-1.822,-0.6968,-0.8047,0.0725,-2.3333,-2.0881,-1.7254,0.3845,-0.1797,1.9457,0.0222,-0.2654,-0.2405,-0.2361,-0.603,-0.6793,-0.9069,-2.3692,-0.569,-0.4736,0.3821,0.4878,-0.3278,-1.6134,-0.4846,-1.5075,0.7127,0.0585,0.7103,-0.2343,1.1273,-0.3424,-1.2699,-0.1857,-1.1188,0.0242,-1.4493,-0.001,0.9722,0.7586,-4.1959,-0.3851,1.2978,0.6477,-0.2524,2.7455,-1.5532,0.7334,-0.214,-1.1528,-0.2267,-1.1235,-0.394,-0.7622,-1.0777,-2.418,-0.2808,-0.3288,0.4775,1.3512,0.3504,-0.5439,-1.7308,-0.667,-0.254,-1.3717,-0.0442,-0.0695,1.4366,0.1369,0.4702,0.2955,0.776,-1.2315,-0.4902,-0.8609,0.8558,0.8567,0.2755,0.3736,0.3155,0.7879,1.0022,0.5788,-0.4462,0.1502,-0.0201,-1.3495,-0.7356,0.8758,0.0441,0.6332,-0.1865,-0.7273,0.013,-0.6411,2.673,-1.1582,-0.673,0.56,0.3315,0.397,0.3956,0.9412,0.4492,0.1151,-1.2423,-0.4632,-1.049,-0.8978,-0.5464,0.048,1.2825,-1.9224,1.8872,0.3953,0.759,-1.7185,0.7188,-0.1547,-1.7892,-0.3159,-0.3388,-1.6798,-2.2232,0.8175,-0.4059,-0.8552,0.8626,-0.1727,-2.1625,2.9185,0.2632,-0.7795,-0.59,0.2075,-0.573,-0.0684,-0.403,-1.3739,-1.0399,-0.8248,-0.7443,0.7178,-0.4758,2.1191,3.977,-0.6795,-0.4372,0.9458,-2.2508,2.555,0.4848,1.555,2.2445,-1.0692,0.4688,0.1857,0.673,0.0065,-0.3187,-1.7584,-0.0728,-0.6885,-0.7799,-1.7932,-0.4138,-2.0032
TCGA-AA-3939-01,3.766666667,-0.8454,-1.2782,-1.4036,0.325,-0.3311,-1.7983,-0.9347,-0.9698,-2.0343,0.16,-0.8572,-1.8234,-1.633,-0.7399,-0.7278,-0.9915,0.3002,-0.9507,-1.0415,-0.2312,1.9394,-2.054,1.4244,-0.8572,-1.1164,1.5073,-0.8428,-0.1413,-0.8765,0.0569,1.3699,-1.3733,1.0291,0.2096,-0.7253,0.5972,-2.35,-4.0829,0.4046,-1.6331,1.2086,-0.8143,0.6815,-0.1198,0.1622,-0.0177,0.1966,-0.7028,0.5307,0.0117,-0.021,0.5169,-0.9451,0.231,-0.9127,-0.742,0.2574,-1.2832,0.66,-2.1328,-2.1235,0.2439,-0.3282,-1.0882,-0.1658,-0.6618,-1.8288,0.0951,-0.0648,0.24,-0.1464,-0.6603,-0.7002,-0.1582,0.5671,1.9284,0.4954,0.546,-0.1522,-0.1811,-0.8104,1.3939,-0.4814,-0.3129,-0.4033,0.0976,-1.4563,-1.1502,-2.4095,0.4335,-0.2359,-0.0132,-0.0156,0.4695,1.2342,0.067,-1.0092,-1.5535,-0.2602,-0.45,-0.5063,-0.3876,-1.5293,-0.1508,-0.1882,-2.1975,-0.7525,0.1211,-0.8698,-0.0639,-1.6111,0.2266,-0.7893,-0.1804,0.846,1.952,1.71,0.357,0.6666,-1.9496,0.5311,-2.669,0.1126,4.647,0.7375,-0.1409,-0.3395,-1.2105,1.1476,-1.8044,-0.1376,-4.2457,0.8448,-1.8498,-0.4995,-2.0689,0.7343,0.0272,0.2555,-2.1337,-2.0859,-1.527,1.0382,-0.148,1.3175,0.1668,-0.7999,-0.1013,0.4806,-0.6175,0.7247,-0.6745,-2.1907,-1.4068,-1.1152,-0.0394,0.3227,-0.6133,-1.5353,-0.1792,-1.533,2.764,0.3115,0.1158,-0.5816,1.0129,-1.2236,-0.7717,-0.5185,-0.8328,0.5377,-1.5398,0.2995,0.1992,0.0773,-0.8389,-0.8206,1.2885,0.142,-0.3152,2.587,-0.2065,0.778,0.3147,-0.7512,-0.7791,-1.3685,-0.2,-1.1704,-0.802,-2.8541,-0.5452,-0.2915,2.1346,1.1203,0.1584,-2.0445,-1.9894,-1.5235,-0.8192,-1.2556,2.4812,0.6195,2.4761,-0.0594,-0.1125,0.7503,0.7478,-1.6348,-0.3588,0.4716,-0.267,0.7398,0.9636,-0.1735,0.1962,0.7662,0.7395,0.6842,-0.5195,-0.448,-0.3634,-1.6272,-0.7612,2.8487,0.215,-1.2102,0.1225,-1.0708,0.4102,-1.0231,3.6351,-0.2965,-1.7575,1.1568,0.2718,0.0825,1.7113,1.0554,0.1245,-0.5022,-0.2527,-1.9504,-1.213,-1.5065,-0.4871,0.1123,0.867,-2.4531,2.0195,-1.2228,0.3068,-1.7132,0.2832,-0.3998,-2.0558,-0.5092,-0.6223,-1.9585,-0.5648,0.404,-0.8499,-1.3995,2.181,-1.0088,-0.5048,3.3542,0.2222,-1.1572,-1.2285,0.2265,-0.469,0.0301,-0.393,-0.8869,-1.0217,-0.8892,-0.6202,0.323,-0.6662,1.1588,3.3212,-0.767,-0.3262,1.6424,-1.7003,-0.7352,-0.661,2.0792,2.3887,1.0494,1.1476,0.2081,1.3187,0.1785,0.0466,-1.8099,-0.2022,-1.4642,-0.3431,0.5272,-0.1188,-2.1155
TCGA-AA-3952-01,2.366666667,-0.1563,-1.1745,-1.3364,0.9815,-0.7817,-1.5157,-0.9294,-0.6042,-1.4452,-0.7959,-1.2868,-1.0618,-2.0362,-0.9148,-0.4162,-0.4872,0.9488,-0.173,-0.8302,-0.6715,1.7663,-2.3127,1.067,-0.4245,-0.9389,-0.3445,-0.0912,0.1154,0.3122,-0.3217,1.4856,-0.6295,-0.1088,-0.1466,-1.4916,0.2737,-0.9718,-4.4101,-0.4239,-0.8875,1.0705,-1.1535,0.053,0.8204,0.5812,-0.0303,0.2835,-0.1971,-0.4892,-0.1737,-0.255,0.3247,-0.249,-1.191,-1.153,-0.7965,0.8249,-0.7518,1.3912,-1.3087,-1.1205,-0.3145,-0.1042,-1.4109,0.183,-0.2582,0.5298,-0.41,-0.6159,0.306,0.0713,-0.1156,0.2135,-0.3008,-0.4045,1.3102,0.1754,-0.7872,-0.2111,-0.504,-0.2464,1.3823,0.2404,-0.3481,-0.1496,0.378,-2.4598,-1.209,-1.8422,0.2562,0.0335,-0.5108,-0.5204,-1.4492,0.1622,-2.0757,-0.1638,-1.5415,0.1918,0.6267,-1.0644,-0.2368,-0.6033,0.3035,0.338,-1.8687,-1.6202,0.0001,-0.8201,-0.2365,-2.1438,0.128,0.2704,-0.977,-0.6765,0.4037,0.7138,0.1215,0.4693,-2.2571,0.3112,-1.2183,-0.537,4.229,1.033,-0.4009,-0.6903,-0.0589,0.5713,-1.9353,0.6731,-4.7053,0.6722,-0.6318,0.357,-1.6707,0.3965,-1.3232,-0.5258,-1.5525,-2.197,-2.238,1.4277,-0.7763,1.8859,-0.1148,-0.5738,-1.0772,-0.2682,-0.7939,-0.4888,-1.2108,-1.3262,-0.5725,0.0119,0.164,0.9854,-1.4189,-1.7074,0.4526,-2.9213,2.0221,-0.103,-0.589,-0.5416,2.0884,-1.2458,-0.2837,-0.3945,-0.3708,0.5618,-1.592,-0.1932,0.0949,0.1977,-4.228,-0.9405,1.2886,0.0405,-0.7927,2.8195,-0.9901,0.8321,0.6855,-1.3602,-0.1268,-0.9482,-0.8868,-0.6495,-1.361,-2.3784,0.3415,-0.7495,0.6018,0.7792,-0.265,-2.2529,-2.0472,-1.9385,-1.21,-0.3239,2.6415,-0.1762,-0.3272,-0.0792,0.9538,0.6745,-0.318,-1.4704,-1.3912,-0.6609,-0.1942,1.1883,0.0502,-0.4247,-0.9752,0.2566,0.492,-0.1632,-0.796,-0.2028,-0.3848,-1.7222,-1.3012,2.6038,-0.0526,0.8732,-1.039,-1.2432,0.2908,-0.6038,2.9521,-2.3422,-2.0395,0.7475,0.6565,-0.2167,0.2259,0.6939,0.0174,-1.1952,-1.4921,-1.7875,-1.7705,-0.6852,-0.6161,0.2922,0.8606,-1.3619,2.6392,-0.4013,1.674,-1.35,1.169,0.1257,-1.1225,-0.5609,0.3193,-1.035,-1.3478,0.8861,-0.0242,-0.6438,1.6431,-1.0212,-0.3773,2.8365,-0.5418,-0.7588,-0.493,0.076,-1.4543,0.5711,-0.0275,-0.9241,-0.596,-0.9802,-1.4678,0.0257,-1.2117,0.0521,3.6605,-0.194,0.2745,1.3376,-2.1452,0.512,0.6028,2.471,3.6405,-1.1356,0.884,0.4989,1.1947,0.1279,0.4509,-1.7701,-0.0357,-0.9975,0.4836,-0.499,-0.7778,-1.3558
TCGA-AA-3986-01,2,-0.6831,-0.5514,-3.0401,0.409,-0.5775,-2.9868,-0.113,-0.2089,-1.5233,0.0289,-0.8982,-0.795,0.0752,-0.2019,-0.6418,-0.9398,0.1305,-1.674,-0.1206,-0.1695,2.2645,-2.0642,1.4821,-0.3118,-0.015,1.3067,-0.259,0.8807,-0.0486,1.0236,1.3456,-0.7204,1.0744,-0.2325,0.5528,3.0533,-3.2932,-4.1735,0.8174,-0.3131,1.3228,-0.6812,0.6615,0.9606,1.416,0.3905,0.7717,-0.4765,0.5048,0.7057,-0.1437,0.1504,-0.347,0.347,-0.5858,-0.3803,-0.3534,-0.366,0.5377,-1.1375,-1.4705,0.361,0.0672,-0.8039,0.8732,-0.0878,-1.0992,-0.3884,-0.5581,-0.434,0.3407,-0.1158,-0.5628,1.4889,0.2856,2.2129,1.1849,0.8383,-0.4201,-0.0069,-1.6851,1.9799,0.414,0.1361,0.2456,0.8196,-1.2067,-0.0103,-0.9388,1.6392,0.3264,-0.0748,-0.0508,0.756,1.8419,0.5705,-0.2353,-0.2642,0.1685,-4.2715,-0.4268,-0.1143,-0.6777,0.4948,0.0078,-2.1078,0.173,0.0125,0.0108,-0.3229,-0.9867,1.7028,-0.7241,0.2678,2.601,3.5065,3.2748,0.6718,0.1445,-1.1374,1.2342,-2.0758,-0.0919,4.602,1.3177,0.2364,0.1988,-0.7946,1.1924,-2.4309,0.0431,-3.9808,1.4452,-1.593,-0.0435,-2.1491,-0.1448,-0.7855,0.1762,-2.4922,-0.2971,-0.1125,1.4758,-0.2533,2.2643,0.0368,-0.3229,-0.1295,0.1515,-0.5056,-0.5588,-0.4465,-2.7281,-0.4045,-0.6434,0.5654,1.5206,0.5916,-0.978,0.2505,-1.9963,1.0001,-0.3208,-0.041,-0.05,1.3054,-1.1697,-0.5441,-0.5045,-0.1838,0.3795,-0.9647,0.298,0.405,0.3697,-5.4596,-0.2502,1.7546,0.8505,-0.0072,2.8195,0.8149,1.1534,1.1458,-0.3622,-0.5165,-1.3038,-0.2405,-1.1125,-1.3217,-2.3185,0.0462,-0.0492,0.6702,1.163,-0.3262,-1.1146,-1.228,-1.4475,-0.6098,-1.3515,2.6718,-0.1368,2.0034,-0.2916,0.839,0.6752,0.9735,-1.1695,1.2872,-0.329,-0.3051,1.1218,0.3746,-0.0253,0.1683,0.4666,1.0938,0.6552,1.2332,0.444,-0.3196,-1.2497,-0.9898,2.5835,0.1818,-0.5643,-0.4135,-0.5673,0.717,-0.5533,3.7788,1.5356,-2.204,0.901,-0.0528,0.0059,1.7186,0.6305,0.3127,-1.2943,-0.9747,-3.0486,-1.0079,-0.8602,-0.2742,0.5722,0.903,-1.3075,1.5958,-0.3263,0.3543,-1.4712,0.181,0.8728,-1.8385,-0.705,-0.9475,-1.691,-1.4732,0.8402,-0.9298,-1.516,1.7715,0.8052,-1.6988,4.1875,0.2682,-0.7231,-0.663,0.2298,0.6162,-0.2086,-0.2952,-0.1446,-1.0577,-0.4707,-0.532,0.7827,-0.477,1.0559,4.2838,-0.9192,-0.0105,1.4086,-2.3348,2.726,1.092,2.3748,1.1763,-0.2795,0.0618,0.1176,1.0878,-0.3921,0.2556,-1.8818,0.5295,-0.881,0.4806,3.2968,-0.265,-1.907
TCGA-AA-A01I-01,2.833333333,-0.7366,-1.0961,-2.184,2.151,-0.6484,-2.1367,-0.3608,-0.8211,-0.8415,-0.1198,-0.0514,-1.0945,-0.3674,-0.4538,-0.379,-0.8512,-0.09,-1.8575,-0.4635,0.1698,2.6886,-2.9588,1.2349,-0.6085,0.3611,1.2776,-0.3695,0.4478,-0.1064,0.0793,1.2111,-1.053,0.4438,-0.2797,-0.6632,0.2705,-2.2113,-5.1386,0.1064,-2.1667,1.4722,-0.8085,0.8285,0.9735,0.9841,-0.4887,-0.0535,0.2711,0.811,-0.3525,0.4103,0.4404,-0.5091,-1.1945,-0.6087,-1.0281,0.9224,-0.35,0.113,-1.2002,-1.298,-0.074,-0.2243,-0.6229,0.5395,0.1917,-1.3085,-0.1755,-0.6108,-0.818,0.2663,-0.2769,-0.2868,0.2529,0.2219,0.9672,0.7369,1.2051,0.2872,-0.9642,-2.1616,1.598,-0.0496,-0.1666,0.5231,-0.0014,-1.1451,-0.1345,-3.4772,0.1936,-0.2885,0.4905,-0.1958,-0.7075,0.6071,0.5088,-0.4427,-0.5342,1.3292,-0.1513,-0.4154,0.0828,-1.1187,-1.298,0.0982,-1.3197,-2.27,0.0319,0.5744,0.325,-1.0183,1.1382,-1.1299,-0.9805,0.7685,0.3333,-0.3375,0.328,-0.1001,-1.201,0.7267,-2.7058,-0.1295,4.4005,-0.1932,-0.3563,-2.1107,-1.627,1.0501,-1.1269,-0.4146,-4.484,1.3374,-1.5002,-0.3375,-2.6193,0.6443,0.3212,0.4422,-1.2752,-2.628,-2.038,0.4162,-0.0468,1.2637,0.1772,-0.2977,-0.1957,0.4428,-0.4009,0.4759,-0.0078,-3.1778,-0.5825,-0.2894,-0.2018,0.5224,-0.8154,-1.2762,-0.0866,-1.7167,2.0735,-0.2372,-0.5012,-0.5333,0.8772,-0.5407,-0.5647,-0.5517,-1.0178,0.709,-0.9378,-0.0867,0.1295,0.0683,-5.2864,-0.2407,1.6771,0.0707,-0.1727,3.045,-1.6531,0.917,0.3358,-0.2088,-0.1097,-1.6645,-0.399,-0.9247,-1.2948,-2.9116,0.1935,0.2358,1.1743,0.5048,-0.6499,-0.8512,-0.9524,-0.443,-0.8085,-1.5404,2.067,0.1675,1.1159,-0.4115,-0.405,0.6955,-0.7199,-0.9274,-0.1135,1.0218,0.407,0.7282,0.3438,-0.5096,-0.2295,0.7836,-0.2128,0.526,-0.1608,0.2547,-0.9836,-2.1042,-1.0856,2.97,0.0424,-0.6525,-0.2777,-2.5107,0.6545,-0.9911,3.111,-0.0112,-1.2505,0.6987,-0.4412,-0.0489,1.02,0.4325,-0.4625,-0.2988,0.1082,-1.1329,-1.0105,-1.9635,-0.6627,0.7332,0.3908,-2.5534,2.4582,0.2488,-0.0622,-1.6215,0.0302,0.3772,-2.2818,0.0178,-0.5547,-1.4615,-2.565,-0.0661,-0.1311,-1.4498,0.8245,-0.7312,-2.556,2.3845,0.1503,-1.2806,-0.936,0.0132,-2.4017,0.1501,-0.2213,-0.9875,-1.8309,-0.4865,-0.7002,0.3202,-0.2665,1.8285,3.3858,-0.3065,-0.5055,1.2359,-2.4683,2.68,0.79,2.1892,4.627,-1.4036,0.7285,0.3351,0.8663,-0.1051,0.8837,-2.1738,-0.0988,-1.1832,-0.0005,-0.141,-0.8242,-1.2835
TCGA-AG-3599-01,1.8,-0.5258,-0.6456,-2.5511,-0.165,-0.3526,-2.6802,-0.5028,-0.6242,-1.935,-0.1814,-0.4259,-0.711,-0.7749,-0.7549,-0.6492,-0.8708,-0.4572,-1.71,-0.4533,0.182,2.4288,-2.3732,2.1354,-0.7658,0.2042,0.8608,-0.0775,0.3201,-0.3582,0.6174,1.6829,-0.6848,0.8425,0.0532,-0.5284,1.2487,-3.0945,-4.4875,0.8001,-0.8682,1.6518,-0.2,0.4745,1.0612,1.5926,0.3722,0.2624,-0.6059,0.3787,1.7078,0.5103,0.9097,-0.4271,-0.1,-0.78,-0.2354,1.1578,-0.0787,0.6825,-1.2987,-1.204,0.3142,-0.032,-0.4912,0.0072,-0.2108,-1.614,0.1374,-0.3022,0.5905,0.5194,0.2129,-0.4512,1.2056,0.4718,1.0145,0.9914,0.9064,0.267,-0.4929,-2.3892,1.7493,0.1824,0.5026,0.2471,0.6288,-0.9253,-0.2722,-2.434,0.8792,-0.0465,-0.098,0.0291,0.0253,0.5484,0.6373,-0.4815,-1.005,-0.7153,1.0087,-0.2643,-0.2914,-0.9397,-0.0878,0.784,-2.0067,-1.9725,0.695,0.4713,0.0195,-0.5124,1.2651,-1.0419,-0.2998,1.3505,1.0338,1.0918,0.6312,0.4968,-1.3954,0.7183,-2.5507,-0.6915,5.2512,0.3488,0.2241,-0.8937,-1.3114,1.2938,-0.9598,-0.3621,-4.1495,1.2574,-1.0395,0.233,-2.0667,0.553,-0.1275,0.031,-1.6837,-2.346,-2.4311,1.556,0.2493,1.4351,0.447,-0.1772,0.1055,0.5354,-0.222,0.1552,-0.9926,-2.7925,-0.8575,-0.4842,0.1844,0.544,0.4447,-1.0204,0.0717,-1.9322,2.7176,-0.0958,-0.0688,-0.3042,0.8354,-0.9244,-0.1618,-0.3305,-0.4742,0.3545,-0.5665,-0.1472,0.1045,0.4048,-4.5235,-0.2641,1.8437,0.2868,0.0381,3.087,-0.836,1.7392,1.6355,-0.489,-0.1828,-1.664,-0.245,-0.9546,-1.0528,-2.5994,-0.2255,0.3976,1.0867,0.2815,-0.3062,-0.4344,-0.5915,-0.7875,-0.3412,-1.5447,4.4415,-0.1135,1.1454,0.2695,0.1952,0.6333,1.6097,-1.3664,0.2122,-0.2066,0.7492,1.03,0.712,-0.3172,0.3942,0.5982,0.7715,0.0202,0.7822,0.1295,-0.6215,-1.1888,-0.9356,2.7067,-0.0335,-1.0287,-0.8328,-0.443,0.379,-1.119,3.9277,0.6743,-1.6005,1.0135,0.0678,0.657,1.5827,0.3481,-0.3544,0.6003,0.8361,-1.6556,-0.7379,-0.8992,-0.1251,0.5735,1.1832,-0.9242,2.5392,0.4998,1.0368,-1.5295,0.579,0.1818,-1.46,-0.5261,-0.7118,-1.3025,-2.056,0.3026,-0.2352,-1.5278,1.4881,-0.3173,0.1847,4.3065,0.8376,-0.558,-0.308,-0.5085,-1.417,0.4876,-0.9112,-0.7646,-1.2855,-0.0335,-0.5822,0.0762,0.443,1.6105,3.706,-1.166,0.3335,1.5545,-2.3527,0.2118,-0.3285,2.116,3.7372,-0.6309,0.7221,0.474,1.5958,-0.063,0.8079,-2.4118,0.6085,-1.04,0.6968,-1.1292,-0.0042,-1.3118
TCGA-AG-3605-01,1.533333333,-0.4209,-0.332,-2.454,1.7355,-0.6819,-2.9147,-1.0178,-0.7852,-1.9061,0.9722,-0.9244,-0.7836,-0.9266,-0.8485,-0.1772,-0.4728,0.8868,-2.506,-0.825,-0.085,1.5285,-2.5032,0.9225,-0.796,-0.6494,1.2112,-0.1232,-0.5246,-0.6059,0.4706,0.5671,-0.1727,-0.665,-0.3462,-2.5175,1.0577,-2.8288,-5.0466,0.0336,-1.2094,0.6898,-0.2885,-0.008,0.6713,0.5091,-0.2362,-0.06,0.0896,1.646,-0.0362,-0.2578,-0.2198,-0.6834,0.188,-0.4575,-0.178,0.4222,-0.925,0.6565,-0.8242,-1.203,0.718,-0.0157,-1.172,0.462,-0.114,-1.4542,-0.0521,-0.6054,0.019,0.225,-0.5262,-0.657,0.4833,-0.0862,0.2546,0.7835,1.0687,-0.8596,-0.4124,-2.8695,1.5372,0.2847,0.0314,-0.2179,0.7718,-2.0519,0.1565,-1.6222,0.65,0.1346,1.2105,-0.8599,-0.7837,0.4862,0.2212,-0.358,-0.7807,-0.3155,-2.4165,-0.2734,-0.0762,-0.5938,0.6208,-0.4598,-1.1185,-2.158,-0.7071,-0.3584,-0.3716,-2.0552,-0.2741,-1.2587,-0.5859,0.5935,1.3557,1.3358,0.5593,0.6956,-1.4843,0.5572,-2.1992,0.2922,4.4392,0.8445,-0.4211,-1.3413,-2.248,1.0113,-2.3512,-0.211,-5.2622,1.1008,-1.5832,0.1372,-2.551,0.4942,-0.7827,-0.3078,-2.845,-2.7592,-2.3859,1.2422,-0.8425,2.1982,-0.338,-0.5018,-0.5283,-0.299,-0.1416,-0.6276,-1.1438,-3.7941,-1.0192,-0.1371,0.9423,1.3569,-1.0352,-1.2245,0.0249,-2.4843,1.7211,-0.0405,0.1025,-0.721,0.1325,-1.5694,-1.2096,-0.1671,-0.6192,-0.1022,-1.552,0.0792,0.0944,0.6617,-2.6172,-0.8403,1.3748,0.0528,-0.4938,2.7755,-1.0163,0.7599,0.989,-0.8335,-0.3979,-1.7038,0.9875,-0.931,-1.2557,-3.1892,-0.237,-0.6269,0.6678,1.4777,-0.6024,-0.8752,-1.1025,-1.7,-0.6258,-0.8917,1.167,0.2098,1.6751,0.0545,1.1335,-0.409,-1.2675,-1.3948,0.2758,-1.6016,-0.2438,1.3313,-0.4494,0.3306,0.0242,0.516,-0.0253,0.9398,-0.8042,-0.0978,0.1326,-1.0802,-0.9886,1.8365,0.2322,0.1555,0.698,-0.8572,0.2405,-0.4939,2.6537,-0.0879,-1.3555,0.788,0.063,0.2545,-0.9838,0.7118,0.1083,-1.1558,0.7271,-0.2322,-0.7745,-0.0768,-0.3994,0.405,1.1649,-2.6579,1.6822,-0.4927,-0.173,-1.8858,0.4088,0.6382,-1.4005,-0.4325,-0.365,-0.9932,-2.891,-0.0715,0.0592,-0.2055,1.2449,-0.4555,-2.391,3.7372,-0.2513,-0.4296,-0.525,-0.4792,-2.2658,0.8966,-0.8792,-0.4609,-1.1712,-0.4775,-1.2707,-0.0765,1.0328,0.3586,3.5,-0.6548,0.8338,1.2978,-2.8795,0.0853,-0.2205,1.261,4.493,-1.6904,0.9346,0.3215,1.2623,0.271,0.1812,-2.3382,-0.1122,-0.8652,-0.261,-2.035,-0.3448,-2.0013
TCGA-AG-3894-01,2.566666667,-1.0918,-1.47,-1.5965,0.013,-1.31,-1.794,-0.9543,-0.6874,-2.1155,-0.4756,-1.3224,-1.3545,-1.8198,-0.6982,-1.209,-0.979,0.038,-0.937,-0.7734,-0.0382,2.2196,-0.1339,1.9139,-0.7002,-0.7942,0.4736,-0.651,0.3936,-1.121,0.5969,1.2821,-1.4141,0.311,-1.0376,0.7528,0.3205,-3.5475,-4.477,0.2401,-1.0864,1.8179,-0.4007,0.5525,0.7219,1.0755,-1.0707,0.1852,-0.4441,-0.1295,0.31,0.013,0.1118,-0.7789,-0.1785,-1.2558,-0.399,-0.4257,-0.3562,0.217,-1.91,-2.1335,-0.1861,-0.3852,-1.366,0.1282,-0.8785,-1.6505,-0.2601,0.1182,0.516,0.4601,0.0388,-1.0442,1.0709,0.1912,0.3141,1.4929,0.7171,-0.1197,-0.7235,-2.2266,1.5817,0.0192,0.0019,-0.2831,0.5255,-1.683,-0.4195,-1.982,0.781,-0.1039,-0.2305,0.0986,0.105,0.0564,0.2997,-0.7115,-0.8797,-0.7105,-4.0532,-0.6681,-0.3356,-1.5597,-1.166,0.5642,-2.6458,-2.082,0.0594,0.2901,-0.4171,-0.5433,1.1884,-1.1989,-0.297,-0.376,0.5135,0.0918,-0.0375,0.3065,-0.4404,0.7265,-3.0328,-0.1704,4.575,0.0997,-0.1263,-0.8342,-1.2594,0.6861,-1.6336,-0.2288,-4.5457,0.7081,-1.2145,-0.3078,-1.9905,0.6785,0.8085,-0.1065,-1.906,-2.0784,-2.6439,2.146,0.33,1.0928,0.256,-0.5553,-0.249,0.267,-0.7181,0.395,-1.1186,-2.823,-0.9152,-0.4628,0.3572,0.7781,0.8274,-1.7232,0.1003,-1.4782,0.4268,0.2955,-0.2622,-0.3262,1.1594,-1.6603,-0.3984,-0.9616,-0.7942,0.6328,-1.6093,0.3348,0.3759,0.4725,-3.4955,-0.7589,1.5558,-0.0498,-0.0612,3.4265,-0.7018,0.9501,0.9788,-0.4785,-1.0175,-0.9433,-1.003,-1.1125,-1.6523,-3.2816,-0.2395,-0.2257,0.7962,1.1163,-0.7033,-1.3069,-1.2525,-0.9515,-0.873,-0.5746,1.1282,0.1528,1.8871,-0.701,-0.2438,0.7105,1.9593,-1.6221,-0.758,0.1685,-1.2428,0.4493,-0.3446,0.0559,0.1783,0.2595,0.4008,-0.2065,0.642,-0.492,-0.3992,-1.3217,-1.335,2.8873,-0.099,-0.8255,-0.1693,-1.024,0.6792,-1.3469,3.5073,1.3562,-0.465,0.967,0.2665,0.2134,1.7524,0.1178,-0.4586,-0.822,-0.2198,-2.5184,-1.3966,-1.0005,-0.8175,0.2178,0.4555,-1.1489,2.172,-0.3415,0.9703,-1.957,1.1315,-0.0963,-2.8132,-0.5755,-1.3043,-1.5272,-1.983,0.524,-1.2096,-1.4308,1.7865,-0.2922,-2.4155,2.9818,0.0369,-1.079,-0.646,-0.188,-2.635,0.2276,-0.3882,-0.8475,-1.1064,-0.7408,-0.1568,0.4092,-1.1722,0.3683,3.8658,-0.8948,-0.3258,1.0376,-2.3643,2.6482,-1.1605,2.0138,4.228,-0.5798,-0.1787,0.227,1.1545,0.2336,-0.0075,-1.4255,0.159,-1.0512,-0.4251,3.2042,-0.678,-0.218
TCGA-AA-3514-01,2.7,-0.7591,-1.5306,-1.4371,-1.348,-0.3392,-1.715,-1.3552,-0.6626,-1.6521,-0.6556,-2.0401,-1.7165,-2.5524,-1.8467,-1.0432,-1.0843,-0.9725,-2.236,-0.6436,0.5532,0.4315,2.21,-0.5132,-0.8465,-0.5535,1.0578,-0.6712,-0.1123,-0.5256,-0.1542,0.6581,-1.4245,-0.2991,-0.7413,-2.8925,0.7095,-3.3418,-3.6852,-0.8772,-1.1603,-0.3509,1.0527,-0.8825,-0.4031,0.035,0.9522,0.1977,-1.2034,0.0437,-1.3847,0.2623,0.9409,-0.6272,-0.5265,-1.5578,-0.1441,0.5296,-0.7282,0.5915,-1.2915,-1.7045,0.3532,0.5917,-1.4558,0.2112,-2.2527,-1.2715,0.0448,1.4042,0.9505,-0.1159,-0.4427,-0.082,-1.0036,-0.0268,0.8922,-1.1306,0.9235,-1.5302,-0.5078,-2.5103,-1.325,-0.1639,0.2917,-0.4381,0.3159,-2.0171,-1.0177,-3.0758,0.9936,0.6827,-0.0615,-0.9779,0.1465,0.1785,-1.1617,-1.0487,-2.5762,-0.5005,-4.4182,-0.9389,-0.1842,-0.835,0.3698,-0.7745,-1.2413,-1.2438,-0.2936,-0.8645,-0.5702,-0.7788,-2.9069,-0.463,-0.9601,3.2255,0.7873,1.4345,-0.1558,0.008,-1.4609,-0.1177,-1.6535,-1.7215,4.9148,0.6192,-1.0364,-0.6818,-1.4648,-0.6754,-1.4511,-0.1486,-3.8645,0.9243,-2.0308,-1.7328,-2.0989,-2.2343,-0.3218,0.224,-2.2307,-2.7548,-3.3001,1.2557,-0.505,1.1572,0.0798,-0.3049,-1.1185,-1.0236,-0.8205,0.5748,-0.8011,-1.5297,-1.7472,-1.2651,-1.6229,-0.9428,-0.4811,-1.5381,-0.2463,-1.5228,0.4902,0.3298,0.166,1.5728,1.8659,-1.2897,-0.0098,-0.6941,-0.4772,0.2547,-1.7685,0.6652,0.1608,1.0412,-4.2374,-0.9791,0.4468,-0.1574,-0.0605,1.4375,-2.0302,1.1812,0.3218,-1.5238,-0.087,0.3522,-0.6552,-1.369,-1.7077,-1.1202,-0.7502,-0.9239,0.6961,-0.0182,1.0898,-0.6834,-3.0161,-2.3745,0.4075,-0.8121,-0.1552,0.929,3.3315,-0.6669,-0.2408,-0.2128,0.2654,-2.0029,-0.568,3.1419,-1.0958,0.5393,0.3872,0.4115,0.2968,0.7857,0.782,1.0692,0.36,-1.3893,0.2319,-1.9673,-1.4868,3.7132,0.425,-1.3377,0.2077,-1.7727,1.1092,-0.7947,1.8774,-3.4082,-0.9135,1.1075,-0.3805,1.5092,2.0502,-0.0849,-0.2862,1.2441,-1.5962,-1.0107,-1.589,-1.0098,-0.2568,-0.2913,1.1611,-2.3289,2.692,-5.427,1.758,-3.2415,1.091,-0.6143,-0.2047,-0.2977,-1.2678,-2.375,-0.8685,0.239,-1.2529,-0.8815,-0.4357,-0.7137,-1.7077,4.218,-0.0029,-0.3332,0.022,0.267,-2.0882,1.1253,0.631,-0.808,-1.3378,-0.8928,-0.8425,-0.2775,-1.4492,1.9343,-0.9282,-0.8985,-0.1892,1.014,-2.2072,-0.5345,-1.0615,-0.0962,1.2637,0.584,1.4944,0.4092,0.9593,-0.7389,0.1125,-2.5332,0.4073,-0.6592,0.7346,-1.7215,1.316,-2.4462
TCGA-AA-3543-01,6.433333333,-0.4753,-0.2225,-1.6498,-0.079,0.6186,-2.0185,-0.5532,-1.3536,-1.5405,-0.8415,-0.6424,-0.5516,-0.1809,-0.2182,-1.4158,-0.781,0.2075,-1.135,-0.7731,0.313,1.5278,-2.4586,1.5688,-0.6917,-0.1498,1.0548,-0.2122,-0.1496,-0.2189,0.2594,1.4115,-0.9725,0.5199,0.8034,-0.6422,1.4697,-2.7355,-4.3142,1.0879,-0.9842,0.7497,-0.3357,0.1815,0.6098,1.2225,1.842,0.0933,-0.6695,-0.238,-1.1763,0.0862,0.0989,-0.3411,0.177,-0.9568,-0.7414,-0.3181,-3.1357,1.305,-1.26,-1.505,0.6089,-0.1592,-0.5438,0.5855,-0.1652,-1.0238,-0.188,-0.4065,-0.256,0.2946,-0.4212,-0.7075,0.2112,0.0155,1.6244,0.0819,0.4686,-0.3544,0.1688,0.8399,0.1735,0.3352,0.1237,0.3824,0.8848,-1.3324,0.4188,-2.4765,1.5164,0.2128,-0.1868,-0.0458,0.4515,0.393,0.5983,-0.443,-0.1588,-0.1305,-4.0158,-0.373,-0.3594,-0.8002,0.5625,0.1602,-0.9628,-0.5758,0.0125,-0.1617,-0.1375,-1.026,0.8069,-0.4831,-0.5331,2.3805,1.7915,2.1192,0.8805,-0.1646,-1.8357,0.1229,-2.0352,-0.8101,4.7642,1.0625,0.1505,0.1438,-1.0124,1.3915,-2.5433,0.0696,-3.9419,0.901,-1.616,-0.0938,-1.8248,0.0222,-0.073,0.0635,-2.1772,-1.2832,-1.3407,0.1355,-0.311,1.958,0.3192,-0.564,0.0362,0.531,-0.3795,-0.4036,-1.1264,-2.67,-0.558,-0.7434,-0.5152,0.0605,0.5149,-1.009,0.6372,-1.3912,0.9695,-0.0955,-0.1252,0.7592,0.9658,-1.0733,-0.5433,-0.4798,-0.6443,0.1438,-0.1933,0.4122,0.1955,0.958,-2.0445,-0.3696,1.1728,0.6174,-0.1122,2.6785,-0.0994,-0.1746,1.9552,-0.8435,-0.7135,-1.2574,2.2618,-1.2463,-1.0243,-2.0771,-0.588,0.2587,0.9525,0.859,1.241,-0.9469,-1.0508,-1.3595,-0.2355,-1.2634,0.8745,0.0728,2.2175,-0.1539,0.9945,-0.1098,-0.3496,-1.3668,1.2342,-0.7309,1.1668,1.788,0.7922,-0.5244,-0.6777,0.8558,0.4678,0.2158,1.2472,0.4502,-0.5131,-1.4418,-0.9902,1.6843,0.4174,-0.2953,-0.2605,-0.7712,0.6615,-1.0747,1.9637,-0.4116,-1.915,0.9802,1.459,-0.1021,0.9733,0.6338,0.0011,-1.0971,-1.4028,-1.2382,-0.4912,-0.945,0.3858,0.5613,1.2691,-1.1872,2.5142,-0.527,0.0778,-1.9055,0.1295,0.7812,-1.4512,-0.4711,-0.3605,-1.75,-1.5555,0.1084,0.9438,-1.3887,0.6553,0.5747,-1.0183,4.4748,0.2214,-0.2916,-0.599,-0.1037,-0.043,0.3344,-1.1742,-1.2029,-1.0154,-0.6632,-0.6547,0.5818,-0.2582,1.329,3.7858,-0.2398,0.3638,1.682,-2.4517,1.673,0.525,1.5048,1.215,-0.7984,0.1401,0.3824,0.8576,-0.1096,0.6476,-2.2181,0.4412,-0.7403,0.4441,-1.276,0.4138,-1.3032
TCGA-AA-3556-01,1,-0.4719,-1.2236,-2.11,0.2765,-0.331,-2.6485,-0.9804,-0.6175,-1.5562,-0.438,-0.8369,-1.0741,-1.0656,-0.7323,-0.9138,0.0782,-0.1168,-2.102,-0.4998,0.1788,2.463,-1.3652,0.5582,-0.8862,0.1211,1.3656,-0.5172,0.0648,-0.1868,0.359,1.7216,-1.1343,0.3162,1.6671,-1.4414,0.8542,-3.117,-4.5612,0.3532,-0.7749,0.5416,0.3127,0.272,0.0556,1.2744,0.3325,0.1007,-0.7404,0.5752,0.2812,0.0958,0.1887,-0.669,0.147,-1.1208,-0.5798,0.1085,-0.4678,0.4038,-1.1233,-1.289,0.7508,0.1848,-0.791,0.6898,-1.1117,-0.912,-0.1309,-0.4026,0.314,-0.1326,-0.6135,-0.0328,1.0234,0.0235,0.3345,-0.0251,-1.1738,-0.5078,-0.4892,-2.088,1.7944,-0.1412,0.0572,0.376,0.5561,-1.4684,-0.2607,-3.1235,0.6666,1.2167,0.2912,-0.975,0.5098,0.5958,-0.6973,-0.4117,-0.3918,0.5465,-2.9647,-0.6354,-0.1228,-0.2773,0.6597,-0.3782,-1.2383,-1.1258,0.3605,-1.0412,-0.1336,-0.7292,-1.4531,-0.3888,-1.1771,1.2415,1.1342,0.9682,1.1142,-0.3733,-2.1335,0.2258,-1.6213,-0.4124,4.8345,0.6355,-0.0222,-0.0472,-1.9348,1.3028,-1.0108,0.1946,-4.0014,1.1282,-2.2342,-0.1892,-2.599,0.8762,-0.4668,0.1372,-1.5578,-2.173,-1.6486,0.2775,-0.1483,1.442,0.2635,-0.3881,-0.1872,-0.1242,-0.3041,-0.6555,-1.0896,-2.8435,-0.8012,-0.2248,-0.0364,1.0106,-0.7173,-1.5463,0.0893,-1.3638,2.8033,0.0975,0.3338,-0.1632,0.8671,-1.5218,0.3773,0.4307,-0.528,0.6657,-0.7172,0.1688,0.1201,0.5884,-4.2448,-0.4023,1.4836,1.1245,-0.3958,2.6055,0.4251,1.5824,0.744,-1.1602,-0.291,-1.1935,-0.61,-0.8065,-1.5097,-2.4292,-0.7698,0.1663,0.2499,0.3162,0.2264,-0.8541,-1.2594,-1.383,0.0268,-0.9784,0.4095,0.3767,0.4928,-0.2126,0.2742,0.291,0.453,-1.479,0.0115,-0.5395,0.048,0.9283,0.3053,0.0924,-0.8905,0.9791,0.6315,-0.249,-0.2698,-0.0305,-0.577,-1.8243,-1.1904,3.4077,0.4761,-0.554,0.0827,-0.428,0.8902,-0.549,2.756,0.3592,-1.3475,0.6105,0.2778,0.9065,0.4411,0.5136,-0.3462,-1.1708,0.5868,-1.9716,-1.1258,-1.4577,0.4676,0.7123,1.679,-2.3417,1.6468,-0.9962,-0.192,-1.479,0.6145,0.051,-0.2525,-0.812,-1.116,-1.7168,-1.2895,0.4811,-1.1534,-0.8143,0.8449,-0.2612,-1.154,3.8432,0.1541,-0.6022,-0.1965,0.0213,-1.6678,0.0192,-0.2537,-1.0004,-1.4221,-0.6273,-0.4142,-0.061,-0.412,1.6911,4.021,-0.8115,-0.206,1.8398,-2.2855,1.8418,-0.6155,2.3375,2.369,-0.7094,1.3382,0.1195,1.1493,-0.1734,0.7814,-1.5739,0.0325,-1.0378,-0.6596,-1.323,0.2952,-1.0438
TCGA-AA-3558-01,3.2,-0.5271,-1.1638,-1.4565,0.4925,-0.6069,-2.7383,-0.4788,-0.573,-2.782,-0.3793,-0.4298,-1.0341,-0.122,-0.5452,-0.4665,-0.4526,0.6592,-2.5937,-0.8489,-0.229,2.2919,-1.6409,1.0878,-0.905,0.0624,0.7413,-0.5648,-0.0716,0.1702,0.5016,1.5324,-0.9979,0.5289,1.0741,-0.8646,-0.1618,-3.8102,-5.2524,0.9164,-1.2256,1.1859,-0.3738,0.438,0.796,0.8324,0.1082,-0.2813,-0.7519,-0.0598,-0.3362,0.1548,0.1313,-0.3458,-0.006,-0.9532,-0.5199,0.8476,-0.5675,0.377,-0.6375,-1.555,-0.1724,0.3377,-0.9264,0.3475,0.5545,-1.165,0.394,-0.6856,0.6855,0.0183,-2.9497,-0.288,0.2001,-0.0591,-0.309,1.0439,0.8959,-0.0287,0.2737,-2.0544,1.2394,0.1341,0.2231,0.5938,0.5748,-1.2612,-0.4372,-4.435,-1.0092,-0.159,0.0242,-0.4571,0.1755,-0.2452,0.4773,-0.068,-0.6027,-0.0225,-1.5128,-0.3398,-0.3939,-0.7617,-0.3202,0.0258,-1.9918,-1.83,-0.5,-0.1984,0.0269,-1.0468,1.2027,-1.0674,-1.1826,0.2355,0.1395,0.7832,0.5108,-0.1258,-1.2487,0.171,-3.0198,0.2988,4.7952,0.4488,0.0818,-1.3745,-2.1665,1.1175,-1.1743,-0.0362,-5.0914,1.1406,-1.5078,0.6218,-2.6545,-0.682,-0.2627,0.1737,-2.2387,-2.7148,-2.6501,0.803,-0.2615,1.8396,0.3268,-0.0979,0.0515,0.0679,-0.6269,0.0683,-0.7481,-3.1905,-1.2498,-0.6844,0.8824,1.3429,-0.4561,-0.8466,0.7346,-1.4593,0.3761,0.117,-0.069,-0.2293,0.2867,-0.8119,-0.9439,0.3612,-0.9245,0.247,-0.572,0.907,0.3914,1.0498,-3.6078,-0.2099,1.755,0.0691,-0.366,3.378,-0.5054,1.3134,0.4265,-0.4228,-0.464,-1.483,-1.0502,-0.7922,-1.1193,-3.2046,-0.019,-0.2188,0.0152,0.881,-0.7258,-0.5719,-1.2258,-1.253,-0.7578,-1.116,0.5038,-0.2128,1.9132,-0.2085,0.1612,0.749,-0.6065,-1.1951,-0.3215,-0.0588,1.1109,1.3787,-0.3007,0.3716,0.1722,0.3915,-0.329,0.5138,-1.3462,0.2712,-0.8781,-1.3835,-1.061,3.087,0.1755,-0.2192,0.6068,-0.705,0.3402,-0.7131,3.7168,-0.446,-0.9335,0.54,0.1292,0.1239,0.4504,0.5434,0.3666,-1.1026,0.1112,-2.7495,-1.1156,-0.6105,-0.5065,0.5178,0.434,-2.6821,2.039,1.047,-0.2085,-1.679,0.8902,0.6768,-2.1002,-0.7777,-0.0937,-1.4075,-2.8002,0.0751,-0.6652,-0.6068,1.18,-0.1052,-2.8753,2.1875,0.2124,-0.8251,-0.3395,-0.011,-2.2578,0.8288,-0.002,-0.4974,-1.9678,-0.5462,-0.6722,0.7002,-0.4062,1.2305,4.4185,-0.1862,-0.8385,1.1491,-2.4588,3.169,1.136,2.108,3.4172,-1.1053,0.5187,0.2953,1.4102,-0.0066,0.2408,-1.4974,0.368,-0.805,-1.1711,-2.4823,-0.7602,-0.6845
TCGA-AA-3664-01,4.233333333,-0.4134,-0.4572,-1.3381,-0.399,-0.0499,-1.7607,-0.0876,-0.5626,-0.9438,-0.422,-0.4951,-0.8611,-0.835,-0.1187,-1.072,0.0339,0.4568,0.7313,-0.0624,0.2015,1.512,-0.7921,0.9428,-0.2202,-0.2736,0.7367,-0.387,-0.1751,1.1667,0.5767,0.8778,-0.2497,-0.2313,1.2384,-2.2521,0.2658,-2.361,-4.6231,0.7484,-0.6674,0.7634,-0.6205,0.2105,1.022,0.8515,0.3552,0.0507,-0.6328,0.0165,-1.8437,0.0405,-0.0658,-0.058,0.0905,-0.8598,-0.2598,0.2464,-1.01,0.3755,-0.5632,-0.6555,0.3509,-0.2208,-0.7356,-0.142,0.027,-0.929,0.2319,-1.3949,0.152,0.0104,-0.6494,-0.1582,0.4053,-0.357,0.8653,0.2176,-0.8912,-0.1314,-2.0733,0.5541,1.0406,0.2849,0.0264,1.1543,-2.7219,-0.7746,-0.5263,-3.3405,0.5569,-0.2587,0.7455,-0.2266,0.2042,0.211,0.6205,-0.0532,-0.5162,-0.3115,-3.035,-0.3639,0.1895,0.0765,0.142,0.241,-0.8273,-1.802,-0.5369,0.2582,0.0258,-1.2001,0.3196,-0.4376,0.1538,0.737,0.2952,0.3272,0.4438,-0.2112,-0.8737,0.5469,-1.2928,-0.0842,3.656,0.1215,0.0756,0.5992,-1.4016,0.8857,-0.9202,-0.5361,-4.1922,1.0506,0.0062,0.2568,-0.8025,0.484,-0.421,-0.088,-1.6337,-1.5888,-1.8216,1.5753,-0.0273,1.1055,0.1015,-0.1252,-0.3833,0.2098,-0.5528,0.4212,0.1976,-2.2308,-0.5275,-0.2606,0.1136,0.0274,-0.6679,-1.2256,0.8619,-0.8908,0.513,-0.2608,0.0575,-0.2193,0.6097,-0.9733,-0.7987,-0.1183,-0.3735,-0.1558,-0.4755,-0.1585,0.3699,-0.1009,-3.3752,0.1428,1.48,0.2404,-0.2108,2.606,-0.6765,0.5728,0.8672,-0.1525,-0.1555,-0.9493,-0.548,-0.7619,-1.0012,-2.4598,-0.3652,0.4556,0.4,0.5085,-0.0555,-0.4661,-1.0376,-0.688,-0.2682,-1.2763,0.7625,-0.1222,1.3331,0.1374,0.546,0.5428,-1.2032,-0.9461,0.6502,0.0068,0.1858,1.6215,0.1819,0.1048,0.4273,0.5672,0.5198,0.6272,-0.2278,0.3235,0.1488,-0.8297,0.0555,2.1212,0.6882,-0.0465,-0.244,-0.4873,0.9258,-0.4468,1.882,-0.0444,-0.3205,0.3237,0.108,-0.2374,1.2018,-0.0312,0.1013,-0.4967,-0.7979,-0.6556,-0.5638,-0.4728,-0.1939,0.7295,1.281,-2.2686,2.6978,0.4402,0.1292,-0.7255,0.0872,0.156,-1.4625,-0.3366,-0.0395,-0.732,-1.6765,-0.4581,0.1956,-0.7182,1.6439,-0.2428,-1.8017,3.2932,0.115,-0.533,0.084,-0.2517,-1.4712,0.7708,-0.309,-0.3965,-1.2207,0.2648,-0.8165,0.5937,0.0395,1.0926,3.478,-1.0285,-0.0808,0.0916,-1.676,-0.8968,-0.3525,2.4032,2.5492,-0.4162,-0.047,0.1825,0.5728,0.1519,0.8372,-1.3054,0.0403,-0.6518,0.2751,-0.5948,-0.2202,-1.2888
TCGA-AA-3715-01,50.06666667,-0.3808,-0.3531,-1.6199,0.1675,0.3749,-1.3533,-0.4578,-0.9844,-1.7921,-0.4386,-1.117,-0.8472,-0.6748,-0.6996,-0.9132,-0.8128,-0.3215,-0.8548,-0.6253,0.703,0.8838,0.9256,-0.0447,-0.524,-0.2683,1.2529,-0.0042,0.1946,0.9242,-0.2849,0.1292,-0.7845,0.5042,0.8345,-2.2232,1.1028,-3.025,-3.8954,-0.0491,-1.038,0.422,-0.0647,0.292,0.0174,0.9339,1.1183,0.3138,-0.3384,0.164,-0.8217,0.153,1.135,-0.0751,0.1835,-0.7998,-0.363,1.739,-2.6822,1.382,-1.814,-1.1085,0.5508,0.0518,-0.2052,0.0015,-0.4278,-0.3615,0.0399,-0.527,0.3435,-0.3116,-0.5389,-0.1898,-0.1164,-0.0398,2.0649,-0.686,0.2921,0.2305,-0.0691,-1.8116,-1.02,0.0042,0.3154,0.3516,0.8068,-1.5302,0.088,-2.2858,0.7218,-0.5706,-0.2542,-0.3482,0.4465,2.2518,-0.2263,-1.0973,-0.5217,-0.0512,-1.551,-0.4561,-0.7573,-0.9023,1.4308,0.366,-1.361,-0.2195,-0.1121,0.0342,0.0161,-0.2193,0.2894,-0.7006,0.1231,3.479,1.9447,2.089,0.3477,0.3413,-1.2443,0.8077,-0.592,0.0895,4.563,1.8023,0.1982,-0.3368,-0.1394,-0.1008,-1.6202,0.4144,-3.3218,1.6282,-0.5475,-0.2405,-0.9363,-1.3947,0.7133,0.3055,-2.1637,-1.171,-1.4577,0.1753,0.1287,1.5534,0.4188,-0.4351,-0.3082,0.0469,-0.2516,0.6497,-0.3829,-1.119,-0.679,-0.6129,-1.0947,-0.281,-1.3409,-0.5752,0.2353,-1.6117,1.1007,-0.0792,-0.5715,1.1132,2.0399,-0.1962,-0.182,-0.0161,-0.4668,0.3068,-0.8328,0.2702,-0.0915,0.2928,0.3299,-0.3227,0.5242,0.9904,0.112,2.391,-0.8468,0.1718,1.2843,-1.1067,-0.4858,-0.0678,-1.6662,-1.2329,-0.7833,-0.8912,0.0418,0.6939,1.409,0.73,2.0501,-0.4251,-0.936,-1.0325,0.0912,-0.9537,0.032,0.1288,2.639,-0.2529,0.8675,0.142,-0.2487,-1.3117,0.4448,-0.7574,0.9539,0.4125,0.9033,-0.3925,0.8177,1.5216,1.3038,0.6607,0.7448,-0.2537,-0.5774,-1.5802,-0.6201,2.2242,-0.0812,-0.4245,-0.5332,-0.5968,0.2692,-0.0858,1.0357,-1.3087,-1.457,0.5522,1.1315,0.3556,1.7799,0.5198,0.5457,0.5254,-1.7318,-0.0089,-0.3641,-0.4835,0.0014,0.2298,1.1996,-1.0668,2.7075,-2.0403,0.8672,-1.8812,0.4012,0.103,-1.0382,-0.142,0.2778,-1.3392,-0.5367,0.5086,-0.1768,-0.5935,0.9401,-0.0777,-0.4922,5.134,0.8172,-0.86,0.0135,-0.0012,-0.4107,1.4051,-0.0357,-0.7496,-0.3455,-0.697,-0.2887,-0.6365,-0.347,2.4631,1.7495,-0.6645,-0.1892,1.4901,-2.3422,2.178,0.7642,1.4857,0.983,-1.3306,2.2739,0.4191,0.4092,-0.2111,0.1925,-1.9076,0.2245,-0.495,0.6631,-1.2772,0.1848,-0.9042
TCGA-AA-3852-01,3.8,-0.4075,-0.5634,-1.3429,0.306,-0.0579,-2.4033,-0.7569,-1.2056,-1.9988,-0.4461,-0.814,-1.3575,0.239,-0.6324,-0.545,-0.5538,-0.1652,-2.1805,-0.4838,-0.2568,1.6532,-1.09,0.2999,-0.5005,-0.4279,0.0729,-0.4192,0.0526,0.1559,0.5837,0.9434,-0.5429,0.5011,0.554,-1.2618,0.7143,-3.1672,-4.5719,0.2781,-1.3793,1.0706,-0.1488,0.108,0.1645,1.1638,0.1987,0.0965,-0.8192,-0.081,1.296,0.103,0.5139,-0.488,-0.6475,-1.0023,-0.174,0.5723,-0.4795,1.2042,-1.4342,-1.3605,0.0258,0.0143,-0.8861,-0.265,0.0273,-1.2598,-0.0336,-0.605,0.7795,-0.0665,-0.3681,-0.6075,0.6839,-0.2115,1.1675,-0.0582,0.5061,0.0399,-0.8473,-2.0274,1.084,0.0752,-0.0936,0.2755,0.5364,-1.3617,-0.5833,-2.19,0.706,-0.0877,-0.7048,-0.2026,0.0815,0.7552,-0.2918,-0.27,-0.6925,-0.2238,-1.4517,-0.4713,-0.3132,-0.4767,0.2008,0.0188,-1.9268,-1.158,-0.1268,-0.6993,-0.1176,-1.4991,0.1099,-1.4427,-0.9502,1.056,1.544,1.217,-0.0828,0.4379,-1.191,0.3918,-2.051,-0.277,4.6448,1.4392,-0.0042,-0.0178,-0.6945,0.8679,-1.2249,0.3055,-4.0113,1.8481,-1.491,0.6445,-1.8051,0.45,-0.472,0.0922,-1.932,-1.9205,-2.2124,1.3622,0.0642,2.0778,0.174,-0.4321,-0.1197,0.261,-0.5295,0.0478,-0.9635,-2.2207,-0.8632,-0.8406,0.1262,0.1855,-0.5662,-0.9008,0.4103,-2.0342,0.8942,-0.0827,-0.4442,0.1037,1.6604,-1.4376,-0.3208,-0.1654,-0.7148,0.0532,-1.2298,0.186,0.15,0.5465,-2.7085,-0.4189,1.1089,0.2762,-0.111,3.3465,-0.8632,0.6784,0.3808,-0.6305,-0.4251,-1.2275,-0.728,-1.6633,-1.1432,-2.4992,-0.1648,-0.1271,0.9747,0.9875,-0.1485,-0.9145,-1.4072,-1.23,-0.76,-0.8428,0.2092,-0.286,1.6528,-0.2109,-0.0345,0.0117,-0.3689,-1.5064,0.0615,-0.1974,-1.4014,1.0078,0.3319,-0.0166,0.3068,0.4941,0.8058,0.266,0.2572,-0.4675,-0.4019,-1.306,-0.8136,1.993,0.3774,-0.4083,0.2647,-0.642,0.451,-0.9297,2.6671,-0.2562,-1.4925,1.2167,0.7278,-0.6045,0.8521,0.379,-0.4938,-0.7108,-1.0306,-2.3034,-0.9914,-0.0378,-0.4638,0.1462,1.1522,-1.6713,1.932,-0.1538,0.7473,-1.725,0.4488,0.075,-1.7665,-0.5985,-0.5035,-1.4928,-1.571,0.6142,-0.7671,-0.6448,1.4722,-0.4287,-1.9447,3.6828,0.2148,-0.6584,-0.8865,-0.2115,-1.0122,0.8235,-0.1845,-0.9191,-1.1743,-0.9333,-0.6858,-0.1473,0.0922,1.3104,3.5448,-0.3025,0.0542,1.077,-2.3885,1.1242,-0.6942,2.058,2.7887,-1.3642,0.1386,0.173,1.2007,-0.0534,0.1149,-0.6894,0.2633,-0.7385,-0.0579,-0.0595,0.1218,-2.2575
TCGA-AA-3854-01,3.666666667,-0.4049,-0.7168,-2.4283,-0.4425,-0.0308,-2.6035,-0.5809,-1.2796,-2.8589,-0.2724,-0.3985,-0.9565,-1.8485,-0.5958,0.133,-1.0508,-0.627,-2.0548,-0.5696,-0.0578,2.4429,-1.3612,1.1686,-0.3582,-0.0102,0.2866,-0.5012,-0.3948,0.7868,0.7295,2.0742,-1.0699,0.157,1.8746,-0.7942,0.2788,-3.8498,-5.2389,1.1186,-1.4309,1.0524,-0.6687,0.3615,1.3713,1.4205,0.9648,0.148,-0.2144,0.853,-0.308,0.1138,0.9166,-0.3288,-0.4875,-0.8893,-0.4755,1.1976,-0.9305,0.618,-1.5845,-1.1315,0.5255,-0.1692,-0.5396,0.0215,-0.4492,-1.0432,-0.0241,-0.6465,-0.0375,-0.0774,-0.0354,-0.697,0.3039,0.4251,0.6912,0.3642,0.8703,-0.4715,-0.4369,-2.4126,0.7946,0.3229,0.3156,0.7814,0.831,-1.13,-0.6743,-2.595,0.8002,0.011,-0.3348,-0.1004,0.233,-0.1486,-0.148,-0.2175,-0.6117,-0.5075,-4.8707,-0.3444,-0.4681,-0.6083,0.0505,-0.109,-0.6708,-1.8572,0.132,0.1435,0.0521,-0.3674,-3.278,-1.0148,-1.0135,0.827,1.0813,0.4142,0.042,-0.6429,-1.0839,-0.2268,-2.1452,-0.432,4.5593,0.1148,0.0136,0.4885,-2.1741,1.1036,-2.2219,-0.3658,-4.7426,1.2548,-2.1642,0.6335,-2.64,0.0587,-0.3773,0.0765,-2.1123,-2.7282,-2.7284,1.0365,-0.4877,1.7321,0.532,-0.4253,0.2295,0.6461,-0.4866,-0.4539,-0.7764,-2.6763,-0.6705,-0.4329,-0.0777,1.4293,0.0964,-1.2958,0.1909,-1.979,1.1992,-0.2502,0.019,-0.0512,0.9798,-0.9204,-0.2073,-0.0099,-0.5725,0.4695,-1.5168,-0.2252,0.646,0.2641,-5.0822,-0.5572,1.9678,0.521,0.0002,3.401,0.1374,1.0546,0.695,-0.4108,-0.4777,-1.5972,-0.3695,-1.6872,-1.5812,-2.9982,-0.182,0.8491,1.0422,0.1685,0.1292,-1.5459,-0.6966,-1.477,-0.3625,-1.2458,0.3348,-0.1442,1.8874,0.0694,0.0892,-0.1362,0.6533,-1.3077,0.2507,-0.7759,0.3459,1.3283,0.2884,-0.0454,0.481,-0.0722,0.6745,0.9185,-0.4725,0.0372,-0.4461,-1.4683,-1.0424,3.0678,0.3224,-0.9138,-0.6288,-0.5758,0.84,-0.0411,2.94,1.5278,-1.8905,1.1958,-0.3265,0.4771,1.2897,0.4554,-0.4916,-0.2122,-0.68,-2.0938,-1.0761,-0.1602,0.8718,0.5763,1.4231,-2.1214,2.5455,1.148,0.0763,-1.454,0.6522,0.1937,-2.0302,-0.6958,-0.9632,-1.889,-1.3805,0.328,-0.4239,-1.221,0.8917,-0.9333,-2.7268,2.9415,0.7104,-0.6218,-0.401,-0.5252,-1.97,0.4544,-0.3055,-1.7164,-1.5279,-0.5595,-0.8855,0.1158,0.4032,1.5068,4.1702,-0.3605,0.0198,1.5551,-2.6513,2.2578,-0.4022,2.7218,0.3405,-0.5322,0.9809,0.642,1.513,0.1396,1.232,-2.0851,0.0345,-1.1828,-0.3345,-1.526,1.1102,-0.7705
TCGA-AA-3870-01,3.266666667,-0.7987,-0.93,-1.2544,0.0795,-0.1765,-1.3902,-1.0551,-1.083,-1.6009,-0.331,-0.5142,-1.4122,-1.3706,-0.9317,-0.4975,-0.8858,-0.655,-1.6462,-0.1852,0.011,1.712,0.8663,0.4537,-0.67,-0.375,0.7502,-1.2195,-0.0298,1.117,-0.8074,1.533,-1.2551,0.182,1.5953,-1.9157,0.9152,-2.645,-3.7459,0.6052,-1.1027,0.841,-0.1738,-0.2865,0.0229,1.2702,0.5807,0.2503,-0.0201,0.7882,0.306,-0.199,-0.0226,-0.8974,0.168,-0.862,-0.5208,1.44,-1.7387,1.3055,-1.1925,-1.506,0.6468,0.2847,-0.9194,0.0532,-0.4783,-0.4958,-0.1385,-0.3584,0.079,-0.1764,-0.67,-0.1095,0.3329,0.0616,0.6816,0.395,0.8279,-0.5744,-0.0837,-1.8142,1.1537,-0.7008,-0.2652,0.3266,-0.7849,-1.5645,-0.3802,-1.7542,-0.0669,0.0086,0.0805,-0.4491,-0.662,0.0741,-1.7112,-0.4993,-0.7285,-0.2438,-2.7207,-0.2471,-0.2188,-0.9253,0.7388,-0.1662,-1.2763,-0.0915,-0.1995,-0.7567,0.3195,-1.2103,-1.5401,-0.1397,-0.4588,1.5805,2.073,1.8872,0.01,-0.1789,-0.72,-0.1221,-1.356,-0.4365,4.457,0.8283,-0.2455,-0.0613,0.3209,0.7643,-1.6118,0.7619,-3.9042,0.7455,-2.7338,0.1852,-1.7002,0.6955,-0.6798,0.5452,-1.5157,-1.5949,-1.5131,1.0312,-0.3283,1.6803,0.1872,-0.966,-0.3622,0.0236,-0.2785,-1.0529,-1.1696,-1.4013,-1.4173,0.2155,0.3301,-0.0749,-1.305,-2.2914,0.0134,-1.4957,0.3527,-0.1168,0.0782,0.6738,1.9283,-0.1579,-0.6397,-0.0753,-1.3982,1.0622,-1.4237,-0.3252,0.0402,0.281,-4.0956,-0.7419,1.3408,0.1719,0.1312,2.89,-0.6312,1.3732,0.0752,-0.537,-0.2883,0.0018,0.0025,-1.6032,-1.485,-0.4248,0.0475,-0.0962,0.4557,1.0528,1.3308,-1.2586,-1.0475,-2.139,-0.4458,-1.1889,-0.0262,0.2425,2.063,-0.3625,0.531,0.1402,-0.0759,-0.6966,-0.863,0.8141,-0.2191,0.8932,0.5642,-0.0502,-0.2877,0.3188,0.4102,1.325,0.9725,0.5615,-0.2112,-1.4765,-1.3074,2.3498,0.4455,-0.6963,0.144,-0.9783,0.029,-0.6055,3.2189,-0.2067,-1.7,0.6592,0.5928,0.4453,1.0201,0.714,0.3136,-0.1554,-0.4048,-1.172,-1.2741,-0.6075,0.2579,-0.451,0.7338,-0.9036,2.0682,-0.6595,1.0192,-1.693,0.2782,0.5032,-1.7935,-0.6118,-1.5098,-1.1468,-1.1212,0.7329,-1.1393,-1.1202,1.7191,0.117,-0.8502,4.1222,0.2198,-0.8486,-0.941,-0.0735,-0.0063,1.4476,-0.0718,-1.2188,-0.6188,-1.1447,-0.7875,0.49,0.112,2.2735,4.6035,-0.4222,0.2492,1.4242,-2.1968,-0.6005,0.937,2.2268,1.6998,-0.3241,1.1952,0.6282,1.0217,0.0219,1.1444,-1.5682,0.772,-1.0022,0.5409,-1.318,0.2525,-1.229
TCGA-AA-3966-01,30.33333333,-0.2779,-1.3736,-1.1486,-0.4915,0.1269,-1.1377,-0.9503,-0.714,-1.9913,-0.8314,-0.9848,-1.4545,-0.7985,-0.3859,-0.6882,-1.0418,0.4405,-0.9535,-0.0709,0.4918,1.2577,0.2534,-0.6431,-1.1892,-0.1122,1.3641,-1.2748,-0.132,-0.472,0.0615,0.7581,-1.6582,0.4235,1.3468,-2.3658,1.7962,-3.139,-3.9338,-0.2395,-1.0219,0.9006,-1.1938,-0.229,-0.4738,1.1316,0.4565,0.3353,0.2001,1.4445,-0.2083,0.4658,1.0827,-0.1944,0.014,-1.047,-0.2076,-0.0894,-2.5567,-0.0192,-1.3578,-1.4595,0.318,0.1383,-1.119,0.716,-1.058,-0.5588,-0.1234,-0.2454,0.473,0.2129,0.3447,-0.122,-0.3656,-0.124,2.0776,0.5126,0.2,0.0523,-0.1471,-1.5867,0.1288,-0.5818,0.5224,0.2662,0.9225,-1.7231,-1.1108,-1.928,0.933,0.1554,0.0435,-0.2461,0.038,2.0824,-0.573,-0.519,-1.662,-0.0428,-3.9817,-0.9238,-1.0367,-0.794,1.968,0.415,-1.811,-0.4342,-0.1478,-1.1123,-0.7366,-1.0032,-0.049,-0.8349,-1.5924,2.6165,0.3582,0.6528,0.3392,-0.1596,-0.492,0.2437,-1.2297,-0.2964,5.2618,0.796,-0.3846,0.6213,-0.018,1.1022,-1.0441,0.68,-3.7712,1.4886,-1.3285,0.2002,-1.0715,0.1327,0.7495,0.2678,-0.6927,-1.064,-1.406,2.2607,0.1103,1.4177,-0.1792,-0.0855,-0.6888,0.0856,-0.3502,-0.278,-0.5776,-1.6748,-0.9505,-0.4729,-0.0986,1.6171,0.4027,-1.2174,0.2014,-0.7268,2.5548,-0.0648,-0.897,0.823,1.651,-0.5769,-0.3116,0.3351,-0.6155,0.411,-2.4032,-0.068,-0.5337,0.0288,0.586,-0.1736,1.4925,0.6352,0.3277,2.579,-0.3498,0.2204,1.0848,-1.0348,0.0742,-0.6217,-0.8985,-1.1221,-1.3108,-1.9715,0.2225,-0.6048,2.3113,0.4573,1.3305,-0.8845,-1.7859,-1.6385,-0.1918,-0.3689,0.2925,0.1718,0.639,-0.2561,1.994,-0.396,-0.689,-0.4888,-0.209,-0.75,1.0124,0.6568,1.1811,-0.543,-0.6642,1.5504,1.6005,0.2152,0.276,0.0217,-0.6296,-1.8263,-1.0243,0.7232,-0.1281,-1.059,0.0657,-0.9387,1.338,-0.0644,3.184,-1.2222,-0.282,0.4108,-0.052,0.0378,0.2279,0.2458,-0.1322,-0.8159,0.2602,0.6209,-1.2548,-0.977,-0.0861,0.4875,1.3615,-0.2602,1.441,-0.8235,0.9468,-1.7605,-0.5802,0.0927,-1.4798,-0.2213,-0.2133,-1.8995,0.562,0.6834,-0.0334,-0.8765,2.2239,-0.2517,-1.2022,3.9915,0.6459,-0.432,-0.252,-0.1498,-0.1345,0.3091,-0.826,-1.1858,0.0133,-0.7105,-0.6257,-0.0595,-0.7998,1.8729,3.3565,-0.577,-0.595,1.7064,-2.4198,-0.6465,0.4635,1.4868,1.6428,-0.3949,0.6797,0.474,0.5302,0.2351,-0.1193,-1.1803,0.4713,-0.9205,-1.5475,-0.7485,-0.1942,-1.5665
TCGA-AA-3984-01,107.9,-0.3087,-0.2834,-1.9362,1.2695,-0.4395,-2.0212,-0.2652,-0.1232,-1.8446,0.1755,-0.6592,-0.6182,-0.4966,-0.0657,-0.2245,-0.9526,-0.1988,0.7457,-0.3191,-0.4065,1.5643,-1.2119,1.3756,-0.4512,-0.8474,0.7996,0.1665,0.1313,0.2856,0.7699,0.6614,-0.378,1.0429,-1.2747,-0.9369,1.2138,-3.286,-4.1921,1.1038,-0.8084,1.3324,-0.5292,0.458,0.9339,1.58,0.0607,0.5548,0.8231,0.604,-0.431,0.3773,0.5167,-0.3832,-0.0105,0.06,-0.3932,1.1514,-1.1967,0.0548,-0.7185,-0.768,0.6136,0.1152,-0.2402,0.3468,1.1018,-2.1952,0.1684,-0.4548,0.436,0.0027,-0.0107,0.2285,0.8151,-0.156,2.3575,-0.3161,0.5026,0.5577,-0.8025,-2.3804,1.5011,0.8408,0.0371,0.2738,0.3682,-0.9694,-0.0567,-2.6422,1.0455,-0.0866,0.8915,0.0752,-0.1062,2.4607,0.273,-0.334,0.4155,-0.3738,-0.9368,-0.3131,-0.6438,-0.8992,0.192,0.7415,-0.8387,-1.2317,-0.3452,0.1061,0.3121,-0.1784,0.3474,-0.6917,0.3325,2.675,1.3988,1.7582,1.7073,0.585,-1.6883,0.4212,-2.4138,0.1439,3.8048,1.059,0.6611,-1.0193,-0.2431,1.7578,-2.2387,0.5776,-4.5804,1.389,-0.6232,0.0168,-2.0255,0.8022,-0.2438,0.2225,-1.47,-1.6801,-1.7694,2.0473,0.5028,2.4782,0.1595,0.1206,-0.3383,0.3408,-0.2878,0.1383,-0.766,-2.69,0.0412,-0.5039,0.8658,0.8798,-0.3358,-0.4137,0.6024,-1.5135,0.6752,-0.0387,-0.2945,0.424,1.6145,-0.1136,-0.8714,0.245,-0.1922,0.0405,-0.609,0.4958,0.2414,0.2302,-5.1934,0.4898,1.616,0.6939,0.359,2.513,-0.9281,1.3746,0.4778,-0.4815,-0.2227,-0.6035,0.422,-0.1627,-0.2275,-1.9344,-0.2295,0.2134,0.8143,0.8577,0.4734,-0.354,-0.4834,-0.192,-0.6195,-1.8222,2.5957,0.1162,1.3936,0.295,1.5618,0.409,-0.7962,-0.5891,1.213,0.123,0.3456,0.9493,1.9473,0.1832,0.5087,0.9481,1.5143,1.1585,0.1342,0.6732,-0.3521,-1.0867,-0.294,2.3238,0.2902,0.3735,-0.1472,0.1707,1.0592,-0.434,2.6958,-0.8988,-1.8935,1.027,0.2672,-0.2675,1.4791,0.6529,-0.1588,-0.0186,-0.4491,-2.8825,-0.0456,-0.3345,0.3242,0.7075,1.2598,-2.174,1.9655,0.3348,0.089,-1.7288,0.3785,-0.099,-1.1962,-0.0441,-0.4372,-0.292,-1.1402,0.6429,0.3403,-0.3585,1.3957,-0.1048,-1.99,3.1705,0.2503,-0.2941,-1.317,-0.3232,-1.0202,0.8498,0.0042,-1.5389,-0.6685,-0.5242,-0.0315,-0.1978,-0.3412,1.6703,3.0338,-0.5325,-0.2458,0.8308,-2.502,1.853,-0.022,1.6982,2.3242,-0.8492,0.9336,0.5664,0.9997,0.2128,0.8682,-1.4057,0.2925,-0.6382,-0.1735,0.8828,-0.7308,-2.0158
TCGA-AA-A00K-01,4.633333333,-0.2217,-0.3056,-2.3148,1.575,-0.2805,-2.3785,-0.1502,-0.549,-0.6475,0.0116,-0.0461,-0.5961,-0.6876,-0.4422,-0.728,-0.4196,-0.0952,-1.7247,-0.475,-1.1465,2.2764,-2.8999,2.5404,0.305,-0.1324,0.763,-0.0202,-0.5618,-0.5761,0.7222,1.1796,-0.8947,0.1833,0.8612,-0.4513,0.1762,-2.1545,-4.6825,1.4461,-1.2433,1.9026,0.0055,0.955,1.231,1.0939,-1.0773,0.078,0.4905,0.026,1.8825,0.232,0.6072,-0.6622,-0.435,0.2415,-0.0678,0.2459,-0.9803,0.4272,-1.3083,-1.2995,0.5278,-0.4883,-0.1287,-0.206,1.2352,-1.3475,-0.0098,-1.45,0.1095,0.0441,-0.7582,-0.6515,-0.0223,0.555,0.9299,0.8302,0.0841,0.6774,-0.934,-1.6222,1.3751,0.3998,-0.1336,-0.9278,-1.079,-0.5814,0.227,-2.787,1.0045,0.0847,0.5998,0.238,-0.663,1.347,0.3405,-0.4818,-0.1573,-0.134,-0.8607,0.5438,0.0305,-0.8465,-0.3795,0.7248,-1.9523,-1.8422,0.2259,0.5925,-0.3801,-0.4514,1.7562,-1.1569,0.64,0.21,0.9937,0.8462,0.3485,0.5199,-1.5575,0.0249,-2.8368,0.3746,4.8118,-0.24,0.148,-1.6353,-0.8014,1.6628,-2.1726,-0.3375,-4.9285,1.5307,-1.328,-0.199,-1.917,0.2392,-0.3183,-0.0575,-2.5097,-2.0896,-1.6365,1.603,0.3442,2.1639,0.121,0.0837,0.2807,0.1104,-0.7669,0.9168,-0.6576,-2.8382,-0.4338,-1.1829,0.6894,0.2965,0.3821,-0.536,0.4232,-1.969,0.4809,-0.1363,-0.4678,-0.5357,1.0671,-0.6312,-1.2778,-0.0916,-0.4918,0.2392,-0.1485,-0.3352,-0.1781,-0.2054,-2.613,0.0191,2.2494,0.6013,-0.1393,3.191,-0.2456,0.5664,1.0698,-0.2468,-0.3814,-1.5908,0.5625,-0.496,-0.5338,-2.5266,0.4292,0.6402,0.4716,0.2147,-0.5106,-1.1915,-0.7409,-0.5185,-0.8328,-1.2125,-0.2032,-0.1778,1.1919,-0.3769,0.785,0.8165,-0.4499,-1.4841,1.4133,-0.4351,-0.0125,0.9252,0.498,0.1072,-0.118,0.434,0.3022,0.5552,-0.3772,-0.2348,-0.5705,-0.362,-0.0856,3.1188,0.1052,-0.283,-0.5607,0.4502,1.0845,-1.006,3.2602,-0.5072,-1.2145,0.9563,0.2762,-0.4076,1.4752,0.1264,-0.6023,-0.0806,0.3321,-1.9554,0.0002,-0.9452,-0.924,0.8197,1.1445,-2.4018,2.6195,0.0432,0.8752,-1.453,0.3308,0.171,-2.2695,-0.019,-0.1512,-0.7202,-2.0342,0.198,0.5635,-0.8652,0.9743,-0.3053,0.2175,2.1695,0.465,-0.7224,-1.136,-0.8478,-1.3422,0.4416,-0.6255,-0.2034,-1.5884,-0.7437,-0.7413,0.0033,-0.0302,1.1336,3.021,-0.8278,0.3625,0.24,-2.077,2.1322,0.3998,2.4232,3.7043,-0.89,0.3941,0.3584,1.7247,-0.4146,0.8502,-1.8353,0.3927,-1.56,-1.167,-1.1555,-0.3498,-1.5555
TCGA-AA-A00R-01,10.2,-0.3017,0.0991,-2.6099,0.9585,-0.1322,-2.0608,-0.2894,-0.4059,-0.674,-0.5604,-0.1365,-0.317,0.7972,0.0305,-0.2998,-0.1414,1.1912,-0.4412,0.0496,0.423,0.9156,-3.4791,0.3407,-0.0132,0.3688,1.1633,-0.0118,-0.743,0.2708,0.4998,1.2526,-0.4171,0.6299,-0.6631,-1.4694,2.381,-3.3407,-3.7278,1.0579,-1.0944,1.1633,0.6592,-0.2025,1.5909,2.0322,2.4433,0.9609,0.233,0.8555,1.3383,-0.1325,0.1966,-0.3056,0.029,-0.561,-0.2367,0.8869,-2.7387,0.9678,-0.9463,-0.2885,0.7834,0.3262,0.0319,0.4525,0.1728,-0.9372,0.0077,-0.5222,0.368,0.8146,-1.1772,-0.329,0.027,0.1184,1.9233,-0.242,-0.0171,0.324,0.016,-2.869,0.6422,0.9389,0.4245,0.4998,0.4746,-0.6268,-0.3372,-1.9372,1.741,0.2455,0.8355,-0.6992,0.5335,1.5827,0.6548,-0.2907,-0.0688,0.073,-0.2895,0.1012,0.1894,-1.5057,-0.0828,0.7788,-0.7493,-0.445,-0.5859,0.3677,0.2471,-0.5244,1.8395,-0.9209,0.3664,3.257,1.974,2.2553,0.9307,0.0285,-1.7456,-0.0982,-0.9698,-0.0192,4.5408,1.4813,0.1533,-1.2282,-0.8591,0.5869,-2.5033,0.5681,-4.0823,1.0367,-0.5367,0.56,-1.6402,-0.999,0.2275,0.077,-2.7723,-0.1186,-0.3645,0.3597,0.0672,2.6992,0.4438,0.966,-0.2058,0.5561,0.0625,0.3492,-0.382,-2.4025,-0.2978,-0.7141,0.4573,-0.1165,-1.3184,-0.1863,1.1881,-1.9422,0.8325,-0.0708,-0.0498,0.8752,1.297,-0.8667,-0.5512,0.3331,-0.3132,-0.179,0.0647,0.0875,0.4086,0.1378,-5.4199,0.1764,1.257,1.4494,0.2712,3.066,0.1171,0.2059,1.1422,-1.234,-0.0652,-0.2672,-0.2658,-0.4035,-0.556,-2.4201,1.4845,0.8251,0.0573,0.12,-0.7967,-0.4568,-0.5116,-0.385,-0.3752,-2.1918,4.3935,0.1745,2.8186,-0.2342,1.1365,0.3273,-1.6321,-1.0538,0.79,-0.271,1.6428,1.544,1.1654,0.0856,-1.0667,1.2995,1.2402,0.3188,2.5502,0.8818,-0.7819,-0.4713,-0.0744,0.0175,0.3182,0.0402,0.1308,-0.102,1.279,-0.8194,0.4266,-1.9405,-1.719,1.2743,0.8628,-0.4971,-0.5221,0.1166,-0.0269,-1.5718,-2.8116,-1.1736,0.0074,0.0318,0.2371,0.511,1.7734,-1.7341,1.8322,0.1585,0.3518,-0.243,0.5948,0.0863,-1.0748,0.0094,-0.4152,-0.8765,-2.1018,0.7086,-0.5762,-0.5218,0.6362,0.3097,-1.8755,4.21,0.3553,-0.1959,-1.265,-0.0215,0.5453,0.3147,0.05,-0.6562,-0.9893,-1.6383,-0.4922,0.4677,-0.4105,1.2246,3.485,-0.597,-0.451,1.4414,-2.5148,0.7522,0.2425,0.8382,2.0358,-1.1576,-0.4126,0.5358,0.4098,-0.0359,0.5652,-1.6436,0.525,-0.591,1.6222,-1.448,-1.478,-0.469
TCGA-AA-A01D-01,5.1,-0.3409,0.1644,-2.0101,0.852,-0.1199,-1.6187,-0.1365,-0.3559,-0.6605,-0.2562,0.135,-0.4761,-1.1378,-0.68,-0.569,-1.3148,-0.1383,0.652,-0.3245,-0.1062,2.62,0.1383,1.0281,0.2662,0.5132,1.1379,-0.1708,0.2789,-0.1872,0.8141,1.1884,-1.6435,0.1563,1.4991,-1.0776,0.7455,-3.561,-4.5941,1.3434,0.1287,1.4539,0.1177,0.465,0.5978,0.9011,0.0315,0.7338,0.3009,0.8892,-1.2857,0.3157,-0.4416,-0.5712,-0.6615,-0.3982,-0.3011,0.2849,-1.2333,0.2125,-1.5987,-2.0345,0.0824,-0.0425,-0.5332,0.386,0.2565,-0.6762,-1.0331,-1.0084,0.1585,0.2297,0.0426,-0.406,-0.0317,0.7404,1.3027,0.454,0.209,-0.1836,0.1292,-1.5351,0.4489,0.456,-0.0736,-0.0406,-0.1125,-1.3849,-0.0853,-1.743,0.3955,-0.0547,0.2132,-0.103,-0.0425,1.1419,0.0442,-0.2213,-0.5463,0.0693,-4.161,0.4085,-0.2615,-0.7717,0.857,-0.3118,-3.1153,-0.9665,-0.4209,-0.125,-0.4329,-0.9235,-1.4956,-0.7014,-1.5024,0.813,0.396,0.1322,-0.4673,-0.2786,-0.6094,-0.0324,-1.9313,-0.3935,5.5558,0.8495,0.1157,-0.7943,0.4009,1.4442,-1.8487,0.4924,-4.1072,1.1355,-1.5463,0.025,-1.3935,0.7598,-0.3023,-0.4418,-1.5337,-1.9004,-2.8314,1.305,0.1478,2.302,-0.038,-0.5279,-0.3562,-0.1111,-0.6479,-0.4421,-0.4531,-1.6988,-0.7832,-0.5178,-0.1631,0.2164,-0.7906,-0.9296,0.4651,-1.8543,1.6496,0.334,-0.5162,-0.7435,2.0236,-0.5233,-0.7644,0.2749,-0.493,0.5078,-0.1702,-0.6635,0.5179,0.1515,-2.2082,0.26,2.1429,0.1667,-0.0362,2.912,0.0883,1.4054,0.8155,-0.1542,-0.457,-0.6975,0.1003,0.2885,-1.8598,-2.0298,0.4468,0.7568,0.7607,0.7503,1.0837,-1.4685,-1.3885,-0.7245,-0.715,-0.9614,3.5895,-0.0415,0.4968,-0.9534,0.4558,0.21,-1.1087,-1.1657,0.5272,-0.4838,2.2204,1.3472,1.1604,-0.0636,-0.4763,0.9419,0.97,-0.0725,-0.4568,-0.2325,-0.9656,-1.2252,-1.066,1.529,0.1905,-1.2613,-0.6178,-0.0005,1.0822,-0.2488,2.9438,-0.0837,-1.046,0.8253,0.0805,0.4451,0.4796,0.2106,0.9344,-1.0013,0.4202,-0.5831,-1.2071,-1.2357,-0.8466,0.6048,0.7852,-0.6725,2.4472,-1.1162,1.2198,-1.5725,0.3073,-0.2156,-2.4425,-1.1265,-0.9055,-1.806,-0.053,1.0396,-0.5763,-1.7393,1.4316,-0.0478,-2.4068,3.5675,-0.0561,-0.7842,-0.88,-0.0782,-0.8733,0.2349,-0.3975,-2.5382,-1.0682,0.5433,0.9132,1.1735,-0.0168,0.6361,4.352,-1.3105,0.0265,1.0476,-2.5925,0.2875,0.2165,2.2795,2.4808,5.1839,1.8144,0.7711,1.3698,0.3424,1.2265,-1.9055,0.3503,-1.1805,-0.111,-0.202,0.0775,-0.916
TCGA-AA-A029-01,2.966666667,-0.4938,-0.7165,-1.8359,0.4575,0.1922,-2.0105,-0.2028,-0.7169,-1.4765,-0.7723,-0.0177,-0.8905,-1.8659,-1.0265,-0.1395,-0.5235,-0.408,-2.5555,-0.8291,-0.307,2.2423,-3.6283,1.3166,-0.2182,-1.3311,-0.1369,-0.4975,-1.0974,0.8752,0.686,1.1974,-0.8696,0.3761,0.0914,-0.8217,-0.046,-2.271,-5.4569,1.5981,-1.1528,1.1675,0.1083,0.1555,0.5694,0.9225,0.21,-0.0612,-0.5149,0,-1.356,-0.1088,1.3681,-0.6048,-0.7825,-1.1002,-0.4896,1.1254,-1.0845,0.42,-1.2403,-1.7455,0.3238,0.195,-0.702,0.6295,-0.53,-1.4018,-0.0476,-1.1189,0.211,-0.0128,-0.7404,-0.771,-0.7733,0.482,1.8482,0.4625,0.855,0.2581,-0.7261,-2.5134,1.3175,0.0146,-0.2864,0.4755,0.1178,-0.3586,-0.1065,-4.0678,-0.298,-0.2789,-0.3177,-0.0729,0.1645,0.3448,0.3192,-0.6367,-1.0098,0.469,-3.0018,0.2366,0.2172,-2.0743,-0.0355,0.3135,-1.928,-2.1308,0.143,0.0979,-0.5165,-0.4055,2.1335,-0.8251,-0.6245,0.6775,0.2652,-0.4142,0.5592,-0.0129,-0.8526,0.2555,-3.4032,-0.5002,3.9718,-0.0303,-0.2556,-2.058,-1.7519,1.1866,-0.7975,-0.3618,-4.4789,1.3924,-1.8152,0.0375,-2.503,-2.0552,-0.3547,-0.8445,-1.851,-2.7,-2.397,1.1647,0.291,0.9144,0.5595,-0.2352,0.766,0.5015,-0.2835,1.0188,-0.5704,-3.0806,-0.8392,-1.315,0.3406,0.2901,0.0799,-1.0199,0.2388,-1.5622,0.2456,0.1693,0.088,-0.3822,0.5248,0.5749,-1.0778,-0.2313,-1.0898,0.2288,0.101,-0.1275,0.1039,0.1044,-4.4761,-0.1184,1.9859,-0.0379,-0.1925,3.4425,-1.2673,0.7301,0.6305,-0.7942,-0.4659,-1.0925,-0.659,-0.8124,-1.1478,-3.1045,-0.183,0.256,0.8359,0.3588,1.5271,-1.0498,-0.5891,0.359,-0.8252,-1.5035,-0.286,0.1075,1.3225,-0.5995,-0.8055,0.7455,0.3054,-1.4066,-0.2058,-1.0009,0.386,0.4895,0.4023,0.1414,0.044,0.5592,0.595,0.7292,-0.735,-0.415,-0.7061,-1.772,-0.699,3.1558,1.1506,-0.8088,-0.1577,-0.5807,0.4635,-0.6642,4.0761,1.8377,-1.01,0.5608,0.282,0.704,2.3229,0.3572,-0.3066,0.9289,1.4258,-1.9102,-0.9866,-1.5595,-0.1054,0.2938,0.9196,-2.8141,2.639,0.4027,-0.0573,-2.2988,0.4532,0.0208,-1.955,-0.7308,-0.4902,-1.6705,-2.9387,-0.3632,-0.1242,-0.6655,0.8254,-0.1786,-2.8027,2.3788,0.5485,-1.1938,-1.1685,0.0177,-2.6463,0.6974,-0.481,-1.3421,-2.0716,-0.2078,-0.0055,0.1295,-0.0315,2.1773,4.0092,-0.167,0.0938,1.0686,-2.1462,2.4043,-0.2968,2.5027,2.8148,-0.6814,0.8428,0.559,1.497,0.0322,0.3924,-1.7184,0.3523,-1.4805,-0.2288,-1.2567,0.6472,-0.5397
TCGA-AG-3586-01,1.666666667,-0.5543,-0.922,-2.2099,0.1045,-0.2635,-1.9893,-1.0952,-0.674,-1.5258,-0.7275,-0.415,-1.2377,-1.6931,-0.7171,-0.4125,-1.0058,0.5445,-2.254,-0.3697,-0.2372,2.5969,-2.8734,1.3163,-0.5375,-0.2663,0.9291,-0.6438,-0.2809,-0.3111,0.575,1.1295,-0.6813,0.1422,0.3805,0.0292,0.6512,-3.7658,-4.4865,0.5894,-1.3432,1.1385,-0.1343,0.6705,0.6966,0.643,-0.0787,0.0398,-0.2492,0.412,4.2415,0.0543,0.4137,-0.631,-0.798,-1.1497,-0.4455,-0.3823,-0.6533,0.567,-0.873,-1.8865,0.4845,-0.5535,-1.0244,0.2415,-0.0443,-1.957,0.3828,-0.7414,0.1245,-0.0604,-0.2302,-1.0668,0.4994,0.1896,0.7057,0.94,-1.4058,-0.571,-0.0353,-1.961,1.2874,0.1372,0.3749,0.1636,-2.4335,-1.2685,-0.3342,-3.0332,0.2256,-0.0172,-0.0328,-0.3414,0.4855,-0.0591,0.1912,-0.5263,-0.4948,-0.3375,0.036,0.1128,0.0676,-0.7578,-0.4282,-0.2085,-1.4532,-1.7555,0.072,-0.0944,-0.0351,-0.8711,1.5896,-0.8664,-1.2695,0.7815,0.5287,0.224,0.6595,-0.4498,-1.6029,0.6487,-2.721,-0.2646,4.4595,0.363,-0.073,-1.7145,-1.8829,0.8302,-1.1144,-0.0644,-4.3983,0.9834,-1.7165,-0.321,-2.2243,-0.4915,-0.9085,-0.2198,-1.529,-2.316,-2.4732,0.779,-0.199,2.0299,0.3198,-0.8549,0.0757,-0.4796,-0.1648,0.504,-0.1164,-3.0509,-0.7018,-1.0902,0.5119,1.9314,0.3702,-0.9822,-0.8383,-1.721,0.6428,0.3715,0.0355,-0.538,0.8467,-1.2483,-0.8952,0.0573,-0.6065,0.1035,-0.755,0.8785,0.5971,1.0566,-1.0375,-0.3454,1.4595,-0.187,-0.3054,2.914,-0.5814,0.9399,0.428,-0.7395,-0.3166,-1.5638,-0.8935,-0.4609,-1.213,-3.0929,-0.9232,0.0622,0.5146,0.9988,-0.083,-0.7485,-1.7664,-0.5535,-0.6255,-0.8864,0.5848,0.1515,1.8981,0.1172,0.139,0.8612,-0.5231,-1.9628,-0.148,-0.0289,1.106,1.1267,0.0757,0.1889,0.2332,1.0134,0.264,0.6448,-0.4238,-0.1,-0.324,-1.9162,-0.9906,3.1738,0.2037,-0.3735,0.007,-0.937,0.5908,-0.9688,3.0194,-0.6153,-1.25,0.2887,0.171,0.145,1.0886,-0.0801,0.928,-0.846,0.4908,-2.4485,-0.8424,-1.7902,-0.6024,0.327,0.7326,-2.3728,2.429,0.2613,0.3467,-2.5515,0.4998,0.2612,-1.8362,-0.9051,-0.6867,-1.2582,-1.9245,0.6769,-0.424,-1.4908,1.0484,-0.4753,2.2307,2.4492,0.2038,-0.8616,-0.8105,-0.7022,-1.9052,0.293,-0.3308,-0.0928,-1.0564,-0.502,-0.6168,0.854,-0.8115,1.0992,2.9535,-0.7292,0.748,0.8934,-2.3912,-0.2125,0.0118,1.6988,2.5802,-0.5435,0.2703,0.2479,0.934,-0.12,-0.1558,-1.7361,0.4352,-1.1182,-0.8278,-0.2632,-0.7605,-1.9172
TCGA-AG-3594-01,1.133333333,-0.4873,-0.5492,-1.0708,0.046,-0.3351,-2.4057,-0.7312,-1.0189,-1.868,-0.1509,-0.5984,-1.0112,-0.3776,-0.637,-0.8328,-0.5903,-0.6398,-1.0912,-0.6717,-0.5012,1.8716,0.3117,0.3463,-0.7552,-0.1541,-0.4311,-0.132,0.0649,-0.489,0.849,0.7505,-0.6991,0.224,0.9035,-1.4682,0.7892,-2.322,-4.0455,1.0574,-1.1917,0.7585,-0.7997,0.5465,0.2955,0.5956,1.5554,0.2221,-0.6418,-0.209,2.736,0.0887,1.0635,-0.2221,-0.8425,-0.6638,-0.5749,-0.1362,-0.3858,0.2932,-1.257,-1.2995,0.3959,-0.2892,-1.1738,0.1215,-0.7267,-1.76,-0.3055,-1.6792,0.222,-0.4032,-0.5343,-0.7278,-0.2524,-0.0575,1.1046,0.1984,0.8967,-0.0406,-1.1685,-1.8196,1.1174,0.2476,0.1115,-0.4946,-0.176,-1.4305,-0.6303,-2.318,0.9638,0.0023,0.5332,-0.5634,0.0752,0.5622,-1.496,-0.3372,-0.3865,0.1838,-3.7502,-0.4419,-0.2247,-0.483,0.1202,-0.232,-1.637,-1.289,-0.0972,-0.3872,-0.0921,-1.2554,0.421,-0.4966,-0.8465,1.5665,0.3488,0.4438,0.3768,0.2209,-1.7626,0.5529,-1.989,-0.332,4.4235,1.5715,-0.169,-0.5905,-1.3754,1.2068,-0.6596,0.1242,-3.3372,1.7718,-0.9718,0.5675,-2.2881,-1.4807,-1.2303,0.0478,-1.7833,-1.6125,-2.0598,1.091,0.154,1.3427,0.3605,-0.4037,0.3292,-0.6416,-0.5936,-0.2141,-1.3245,-2.892,-0.626,-0.0905,-0.4844,0.7759,-0.3603,-0.9669,0.9401,-1.0042,1.4726,-0.033,-0.3302,0.582,0.9422,-0.9543,-0.2346,-0.1185,-0.5625,0.1075,-1.2008,0.322,0.122,-0.5369,-0.8884,-0.2862,1.1609,0.2442,0.0102,2.864,-1.2019,0.9126,0.9268,-0.3665,-0.4015,-0.5165,-0.7398,-0.5965,-1.448,-2.842,-0.5365,0.0372,0.9286,-0.2133,-0.3333,-1.8036,-1.4616,-0.449,-0.9445,-0.9832,0.1862,0.3418,1.6519,-0.2152,0.208,0.1808,-0.0915,-1.8398,-0.3055,-0.18,0.8409,1.1575,1.171,-0.4164,0.4998,0.4845,0.0778,0.857,1.1315,-0.4222,-0.6872,-1.8175,-0.5641,1.6868,0.5018,-0.1503,-0.1675,-0.8325,0.424,-0.855,1.7878,-0.865,-0.4285,0.7372,-0.175,-0.6242,0.4356,0.3389,-0.9723,-0.6874,-0.3411,-1.5101,-1.0842,-0.4972,-0.4691,0.9017,1.3529,-1.8647,2.4978,0.1787,0.2288,-2.1042,0.5168,0.0503,-1.96,-0.3547,-0.3485,-1.313,-0.862,0.3172,-0.9479,-0.628,0.4905,-0.7002,-1.9628,5.1377,0.1298,-1.1044,-0.312,0.2425,-0.8888,0.6962,0.1565,-2.61,-1.4928,-0.564,-1.2313,-0.9003,-0.341,0.7175,2.8865,-1.4205,0.354,1.5354,-1.847,-0.546,-0.0998,1.7972,2.5895,-0.8709,-0.2918,0.1993,0.7882,0.1596,-0.0829,-1.7599,0.228,-0.962,0.4422,-0.9548,0.5347,-1.478
TCGA-AG-3881-01,2.566666667,-0.4291,-0.7479,-0.5688,1.387,-0.3951,-2.281,-1.2083,-1.2494,-1.856,-0.059,-1.1248,-1.6846,-1.3749,-1.0362,-0.468,-0.3543,0.1608,-2.1447,-0.7244,0.8338,0.9739,-0.8606,0.283,-0.7548,-0.8292,0.3664,-0.5265,-0.3589,-0.5916,0.3665,0.7272,-0.7126,0.2338,0.8398,-2.0491,1.109,-2.7085,-4.5519,-0.2316,-1.3858,1.1479,-0.7523,-0.143,-0.4081,0.2332,0.704,0.3351,-0.5446,0.433,0.1838,0.0077,0.5115,-0.8156,-1.3505,-0.5777,-0.5584,-0.2718,-0.8073,0.6988,-1.4593,-1.393,-0.3051,0.137,-1.0982,0.0215,-0.5673,-1.3367,0.1635,-0.8048,-0.024,-0.3053,-0.3932,-0.1868,-0.0831,-0.3152,1.1224,-0.402,0.2953,-0.0327,-0.2566,-0.4371,0.618,-0.8211,-0.1088,-0.4761,0.2252,-2.0523,-0.393,-2.4298,0.5769,0.1706,0.694,-0.3398,-0.6615,1.2666,-1.5868,-0.5932,-1.473,-0.2492,-3.8272,-1.3287,-0.3121,-0.6232,0.877,-0.554,-1.1288,-0.6102,-0.0752,-0.7496,0.0351,-2.097,1.8738,-1.2492,-1.9222,1.571,0.4987,1.0125,-0.4868,0.2143,-2.0387,0.9431,-1.6513,0.5669,5.18,1.3363,-0.587,0.6148,0.408,0.8279,-1.9693,1.0829,-4.2525,0.8966,-1.2803,0.1088,-1.688,-0.1857,-0.209,0.495,-0.5495,-2.308,-2.7104,-0.2202,-0.793,2.2261,-0.2165,-0.9157,-0.4075,-0.0231,-0.1455,-0.4272,-0.3724,-1.9163,-1.5955,-0.4554,-0.3767,0.4829,0.2776,-1.1198,-0.4894,-1.1387,1.8524,-0.2508,-0.072,0.4595,1.5407,-0.799,-0.4814,0.5221,-1.0755,0.4948,-1.5868,0.1498,0.1829,0.3446,-0.6714,-0.7788,0.9416,0.2712,-0.1828,2.2665,-1.6298,0.9211,-0.1328,-1.1928,-0.3782,-0.6108,-1.1142,-1.1885,-0.9603,-2.0751,-0.0892,-0.209,1.7737,0.9592,1.2563,-1.2435,-1.085,-1.418,-0.279,-0.6397,0.18,-0.2135,0.3716,0.0061,1.664,-0.3145,0.0544,-1.5872,-0.8645,-0.9525,0.5196,0.6932,0.4296,-0.1674,-0.524,1.0366,1.0432,0.0372,-0.1432,-0.0058,-0.7694,-1.6503,-0.9481,1.5567,-0.0669,0.1475,0.147,-1.2547,-0.0195,-0.4665,2.4282,-0.2737,-1.3995,0.5358,-0.0695,-0.2783,0.6604,0.7748,0.0745,-1.3252,0.2218,-0.9282,-1.0114,0.8225,0.1845,0.2625,1.3096,-1.8617,1.993,-1.2507,0.9152,-1.181,0.404,-0.0628,-1.7242,-0.4296,1.2377,-1.5838,-1.187,1.4329,-0.3614,-0.6703,1.2923,-0.6402,-1.0975,4.1512,0.2836,-0.8832,-0.7,0.2005,-0.5473,1.2632,-0.3368,-0.4636,-0.2907,-1.2847,-0.6515,-0.0223,-0.4238,1.618,3.3768,-0.4765,0.3048,1.517,-2.1702,0.971,0.5825,2.2755,3.0977,0.608,0.7528,0.0346,1.1482,0.2212,0.5068,-1.1112,-0.234,-0.8802,-0.9584,-0.6838,0.2938,-1.4358
TCGA-AG-3902-01,3.4,-0.4854,-1.213,-1.4514,1.087,-0.3679,-1.6982,-0.6518,-0.2622,-1.0979,-0.4406,-0.589,-0.9956,-0.6084,-0.5452,-1.103,-0.7867,0.2678,-0.9677,0.1254,-0.223,1.8939,0.1051,0.9711,-0.6675,0.0347,0.5186,-0.6005,-0.4731,0.1942,0.9819,1.0626,-0.9706,0.522,-0.0805,-1.5235,1.331,-3.1062,-4.061,0.6559,-0.9164,1.0028,-0.5468,-0.4735,0.5889,0.942,1.133,0.4572,0.2701,0.1427,-0.8238,-0.0892,0.1456,-0.6229,1.174,-0.5932,-0.3801,-0.2215,-0.7845,0.4105,-1.2595,-1.236,0.1788,-0.0678,-0.6345,0.5605,-0.4455,-0.9898,-0.1019,-1.1682,0.066,-0.0452,-0.0014,-0.3345,0.3109,-0.1981,0.9837,0.8979,0.5564,0.0836,-0.4871,-1.2946,1.4066,0.1273,-0.1862,-0.3065,0.0546,-1.2716,-0.8227,-2.904,0.833,0.0982,0.9675,-0.2135,0.1642,1.12,0.1437,-0.1445,-1.1338,0.2195,-2.0957,-0.2769,0.1194,-1.0268,0.8238,0.1852,-1.7295,-0.835,-0.3932,0.2046,-0.2815,-1.156,0.0262,-1.0458,-1.2234,1.694,0.7905,0.5337,0.7575,0.337,-1.9642,0.7458,-2.3507,-0.0268,4.812,0.3448,-0.2197,-1.11,-0.9189,1.1652,-0.8409,-0.2011,-3.6552,0.7406,-1.198,-0.1185,-1.782,0.1512,-0.7048,-0.51,-1.4415,-1.084,-1.4351,1.4943,0.2143,0.9383,0.2485,-0.2765,-0.2447,-0.889,-0.4962,-0.4752,-0.5486,-2.4545,-0.7638,0.1955,1.7001,0.4749,-0.7741,-1.855,0.7589,-0.9762,0.7859,-0.0812,0.0588,0.2088,0.6736,-0.2284,-1.1272,-0.1775,-0.4678,0.372,-1.399,0.1925,0.1641,0.5293,-2.315,0.1306,1.5987,0.2228,0.0188,3.4175,-0.6803,1.6095,1.5982,-0.6208,-0.2885,-0.8063,-0.6238,-1.1377,-1.8652,-2.3324,0.3478,-0.1776,0.3797,0.6723,0.6504,-1.3215,-1.347,-0.8525,-0.6862,-0.9618,-0.6188,0.1212,1.1914,-0.2839,-0.2182,0.2853,-0.8509,-1.0973,-0.6752,-0.1231,0.3664,1.0328,0.7138,-0.0708,-0.2675,1.1591,0.4438,0.2178,0.818,-0.0438,-0.4075,-1.1233,-0.6966,1.5543,-0.1288,-0.5888,0.051,-1.1855,0.7857,-0.4565,2.5609,0.3302,-0.1465,0.3968,-0.1385,0.2234,0.4654,0.242,-0.2793,-0.5542,0.5678,-1.051,-1.2322,-0.5933,-0.0301,0.4175,1.0305,-0.8686,2.133,-0.5618,0.1383,-1.5535,0.962,-0.0712,-2.7628,-0.2109,-0.1685,-1.32,-1.749,0.1254,-0.9451,-0.9272,1.4321,-0.056,-2.2103,4.2992,0.0144,-0.6742,-0.722,0.2195,-0.3203,1.1309,-0.3025,-1.8291,-0.8628,-0.1632,-0.263,0.5675,-0.97,1.7428,3.9782,-0.4452,0.0503,1.3089,-1.9863,1.4528,-0.2825,1.7518,3.3418,-0.3748,0.635,-0.2141,0.6153,0.0144,0.0142,-1.7573,0.4253,-1.0308,-0.3359,-1.4008,0.2292,-0.775
TCGA-AA-3526-01,1.533333333,-0.2629,-0.9956,-2.0791,0.0545,-0.4838,-1.9462,-0.3255,-0.6804,-1.0229,-0.5705,-1.0165,-1.1402,-1.5635,0.0011,-0.7078,-0.7548,-0.249,-1.533,-0.3974,-0.1558,1.5866,-1.671,0.6738,-0.249,-0.0501,0.6141,-0.461,-0.3822,0.045,0.4453,0.7056,-0.6102,0.5913,1.1791,-0.7226,0.4633,-2.7992,-4.0602,0.3526,-0.8836,0.9305,-0.614,0.702,-0.5216,0.8579,-0.008,0.3234,0.1925,0.1942,-0.7677,0.1045,0.0352,-1.011,0.332,-0.5595,-0.4826,-0.145,-0.6237,0.1478,-1.6253,-1.666,0.2782,0.1378,-1.6858,0.768,-0.8763,-1.0625,-1.147,-1.333,0.016,-0.0441,-0.2923,-0.2408,0.2799,-0.1112,-0.0777,1.0046,-0.3454,-0.2406,-0.413,-1.7247,0.7107,0.5504,0.4772,-0.4496,0.043,-1.237,-0.1845,-2.9547,0.2385,0.2511,0.3548,-0.7024,0.582,0.1348,-0.475,0.163,-0.522,-0.214,-3.4982,-0.6009,-0.0679,0.155,1.6135,0.0832,-2.3163,-1.5008,-0.4418,-0.4242,-0.6569,-1.3001,0.033,-0.9233,-1.4328,0.4795,0.4745,0.4775,0.2472,-0.2277,-1.0351,0.3782,-1.6737,0.104,4.2685,0.9277,-0.0835,0.3453,-1.353,1.6042,-0.0753,-0.0602,-4.0301,1.054,-1.3728,0.3372,-2.199,-0.0547,-0.874,-0.3885,-1.3885,-1.9636,-1.919,0.9303,0.327,1.0888,-0.048,-0.2318,-0.5465,-0.2546,-0.4802,-0.619,0.3169,-2.589,-1.083,-0.3129,-0.3392,0.5148,-0.0895,-0.5436,-0.2345,-0.9107,0.2507,-0.1365,0.1235,0.081,0.7119,-1.2107,0.0004,0.8007,-0.2598,0.1775,-1.4627,0.0748,0.4735,0.2796,-2.8762,-0.0304,1.366,0.3983,-0.3311,2.6335,-0.8586,0.8501,0.4735,-0.4778,-0.4659,-0.8502,-0.5198,-1.403,-1.8207,-2.9369,0.2037,-0.3047,1.1733,0.8163,-0.0413,-1.733,-1.2336,-1.593,-0.437,-1.4426,0.3252,0.0618,-0.5853,-0.2565,0.239,-0.0088,-1.334,-1.2788,0.04,-0.2728,1.5434,1.3278,0.4036,-0.0399,-0.1595,0.7988,0.4882,-0.1865,-0.1632,-0.6425,-0.2808,-1.8078,-0.8356,2.7872,0.7044,-1.7782,-0.4315,-0.5765,1.2365,0.4987,2.3975,0.2408,-0.5005,0.3317,0.2575,-0.1696,-0.184,0.6368,0.2268,-0.6932,0.327,-0.7414,-1.5201,-0.9525,-0.5939,0.299,1.7574,-2.7163,2.097,-1.0937,-0.1082,-1.2112,0.333,-0.0532,-1.4055,-1.02,-0.257,-1.7465,-1.24,-0.0481,-0.6922,-0.5343,1.034,-0.2233,-2.4278,2.3705,-0.2818,-0.0842,0.0925,-0.1645,-1.1668,0.3458,-0.1632,-1.1166,-1.7303,-0.319,-0.9413,0.4005,-0.4428,0.1295,4.6742,-1.2355,0.0312,1.1275,-2.0772,-0.0548,-0.5075,2.5872,0.7188,-1.126,0.3798,0.1129,0.3897,0.1159,0.5158,-1.5154,0.1578,-0.7095,-0.6322,-1.1038,0.0098,-1.8708
TCGA-AA-3542-01,10.86666667,-0.9604,-1.3416,-1.0362,1.1245,-1.6804,-2.4485,-1.3054,-0.0934,-1.8593,-0.7597,-0.3301,-1.4286,-2.782,-0.5322,-0.405,0.3756,-0.5162,-2.428,-0.6669,0.0975,1.7046,-0.5075,2.0104,-1.0998,-0.1793,0.9536,-0.6995,-0.1669,-0.1926,-0.8245,1.0074,-1.0261,0.0961,0.7997,-0.572,0.2172,-2.9985,-4.3491,-0.1801,-1.3334,1.4026,0.1448,0.901,0.0912,0.142,-1.0608,0.0749,-0.7799,0.0347,-1.6585,0.2868,-0.0917,-1.1321,-1.0395,-1.163,-0.8227,-0.4624,-0.8118,0.5055,-1.1732,-2.1685,-0.4206,-0.5803,-1.6504,-0.5865,-1.042,-2.3335,0.0753,1.3933,0.144,0.1945,-0.3236,-0.9988,-0.2791,0.0366,-0.3058,0.1703,0.2288,0.015,-0.7816,-2.0754,0.7218,-0.263,0.1536,-0.7578,0.1876,-1.8474,-1.0312,-1.2335,0.105,-0.5604,0.347,-0.6124,-0.8695,-0.3226,-0.0543,-1.332,-1.6208,-0.1655,-3.447,-0.8622,-0.5725,-0.9243,0.6558,0.0078,-2.6117,-2.4728,0.1046,-1.5769,0.1265,-1.2851,-0.4067,-0.9255,-0.3796,0.439,0.3185,-0.091,0.408,0.5704,-1.3454,0.8352,-2.8123,0.4561,4.512,0.2975,-0.33,-2.2465,-1.7481,0.9314,-0.9066,0.1518,-4.3306,0.7072,-0.942,0.1032,-2.446,0.4852,0.1013,0.52,-1.3222,-3.241,-2.075,-0.0055,-0.2942,1.3136,0.0432,-0.4563,-1.0093,-0.4392,-0.324,-0.2804,-1.2645,-3.0995,-1.399,-0.4539,0.9637,0.6749,-0.7456,-1.7028,-0.0804,-1.218,0.2526,0.2795,-0.0925,-0.2013,1.14,-0.9035,-2.1248,0.213,-1.0832,0.8018,-1.8677,0.878,-0.0605,1.3736,-3.9465,-0.7179,2.0982,0.0906,-0.4877,2.095,-1.2271,0.8779,-0.4492,-1.0312,-0.2019,-1.1562,-1.311,-0.3772,-1.125,-3.0719,-0.2338,-0.1021,-0.4679,1.3052,-0.5457,-0.7031,-2.2795,-1.5135,-0.0492,-1.235,-0.179,0.6422,-0.5088,-0.5361,-0.076,0.2945,0.0618,-1.714,-1.0103,-0.4254,0.2412,0.7123,-0.9426,0.1613,-0.4883,1.5821,0.131,0.3118,-0.658,0.2013,-0.4062,-1.4853,-1.3256,2.7375,-0.2224,-0.3805,0.5125,-1.2117,-0.715,-0.5938,1.8936,-1.2823,-0.1295,0.7693,-0.011,0.3141,-1.2414,0.042,0.0508,-1.3062,0.0476,-2.562,-1.5876,-1.1015,-1.37,0.2322,1.0769,-3.1297,0.6912,-0.3477,0.2258,-2.4728,0.92,-0.2213,-1.6282,-0.1916,0.1647,-1.4055,-2.0248,0.2415,-0.9328,-0.2097,0.6219,-0.1997,-0.94,1.3502,-0.5337,-1.4272,-0.9045,0.1,-2.3753,-0.0486,0.0915,-0.6061,-1.6922,-0.0828,-0.0217,0.5012,-0.968,1.3425,3.3005,-0.3095,0.2055,0.7991,-2.2352,-0.7405,1.007,1.2915,2.6958,-0.8981,0.9682,-0.0607,1.4182,-0.117,-0.7131,-1.4324,-0.1755,-0.5812,-1.7914,-0.799,-1.0428,-0.365
TCGA-AA-3548-01,1.033333333,-0.3977,-1.0098,-2.0498,0.4375,0.1542,-1.1177,-0.325,-0.2696,-1.43,-0.5597,-0.7875,-1.2914,-0.3264,-0.2677,-0.6778,-0.6725,0.0155,-1.7247,-0.414,-0.379,2.3338,-2.0148,2.0255,-0.183,-0.0036,1.1231,-0.4175,0.5441,-0.2802,0.9859,0.8194,-1.2449,-0.0919,0.84,0.6372,0.7142,-3.5612,-4.0695,0.8426,-0.2963,1.2225,-0.3917,0.7755,0.4958,1.0308,-0.5357,-0.2969,-0.0009,0.4512,-0.9497,-0.0543,-0.4787,-0.7514,-0.7025,-0.477,-0.3476,-0.0719,-0.3952,0.3415,-0.936,-1.2985,0.2224,0.0058,-0.9845,0.831,0.3818,-1.008,-0.1994,-0.5775,0.12,-0.5114,0.0486,-0.6595,0.8782,0.0008,0.2567,0.803,0.5961,-0.7116,-0.5269,0.0486,1.0251,-0.0228,0.0818,0.1003,0.4121,-1.3011,0.0135,-1.9902,0.0786,0.4034,0.18,-0.0612,0.0965,0.5403,0.2917,-0.4227,-0.765,-0.4352,-3.4095,-0.6005,-0.5377,-0.6275,0.416,-0.1848,-1.7965,-1.2075,-0.0436,-0.7883,-0.6151,-0.5957,0.8623,-1.1109,-0.1601,0.4185,0.4158,0.5602,0.4303,0.3384,-1.5294,1.1153,-2.0782,0.5071,4.6635,-0.0053,-0.0793,-1.4995,-0.5978,1.1043,-0.7977,0.5824,-3.8159,0.3718,-1.1147,0.0955,-1.3202,0.6382,-0.0473,-0.2148,-1.0268,-2.214,-2.3934,1.757,-0.2757,1.579,0.3292,-0.4761,-0.048,-1.2931,-0.5838,0.1168,-0.7835,-2.1233,-0.855,-0.2918,0.137,0.8359,0.4447,-1.0412,0.5735,-1.4217,1.2406,0.082,0.0295,-0.1497,1.3371,-1.2008,-0.8413,0.0085,-0.4262,-0.0177,-0.9333,0.4885,-0.1086,0.6231,0.9259,-0.2558,1.7146,-0.0904,0.0007,2.8845,-0.0795,0.8099,0.7088,-0.5272,-0.5946,-0.8882,-0.4362,-0.6561,-0.9182,-2.4329,0.3797,0.0674,0.1913,0.5913,-0.1496,-0.4022,-1.3389,-1.335,-0.6472,-0.2044,3.003,0.1838,1.4022,-0.1566,0.788,0.7113,0.2608,-1.3819,0.0703,-1.33,-0.0029,0.9403,-0.2675,0.1285,-0.009,1.007,0.3212,0.4568,-0.2775,-0.0762,-0.4582,-0.9617,-0.707,3.1895,0.043,-0.3847,-0.956,-0.6408,0.4848,-0.6529,2.0038,-0.9726,-0.407,0.4473,-0.0638,0.3283,0.8139,0.2555,-0.0834,-0.5288,-1.3267,-2.3738,-1.0445,-0.5715,-0.6529,0.5142,0.6896,-2.0711,1.7472,-0.5913,0.8778,-1.8688,0.258,0.1445,-1.1235,-0.0681,-0.4175,-1.3162,-1.383,1.7564,-0.5572,-0.5137,1.6709,-0.327,-1.645,3.2205,-0.0272,-0.5144,-0.884,-0.1905,-1.5875,0.0466,-0.1435,-1.0419,-1.1801,-1.0962,-0.4922,0.0102,-0.2885,1.2288,4.2232,-1.4737,1.002,0.629,-2.1725,3.3085,1.054,1.9035,4.4317,-1.0386,0.8602,-0.0114,1.189,-0.0425,0.1083,-1.5703,0.2632,-1.0128,-0.3151,1.9628,-1.078,-0.9038
TCGA-AA-3685-01,2.166666667,-0.9619,-1.3459,-1.2381,0.769,-0.9095,-2.454,-1.4737,-0.3399,-2.3443,-0.3726,-1.415,-1.3719,-0.9,-0.8999,-0.532,-1.2014,-0.2222,-1.7317,-0.9906,0.0888,0.7083,-2.1499,1.5265,-1.2092,-1.1261,0.5556,-0.5082,0.0709,0.0975,-0.7277,0.6004,-0.6458,0.1138,-0.6607,-1.3349,0.7478,-2.9363,-4.0382,0.0156,-1.4084,1.336,-0.2903,-0.0345,0.0769,-0.1238,0.3258,0.446,-0.8504,0.475,-0.2457,-0.0083,-0.2899,-0.8442,-0.381,-1.0448,-0.3172,0.1447,-0.4707,0.6008,-1.6935,-1.598,0.3235,-0.553,-1.2164,-0.0782,-1.5463,-2.2442,0.3722,0.3879,0.847,-0.1251,-0.2039,-0.944,0.2804,-0.0578,1.1809,-0.1446,0.1602,-0.8217,-0.0408,-2.3984,1.1318,-0.1649,-0.1038,-0.4413,0.6935,-2.0487,-1.3787,-1.4368,1.2196,-0.1654,-0.1878,0.3554,-0.9212,0.6443,-0.176,-1.3222,-1.9683,0.4682,-3.6353,-0.6399,-0.3001,-0.9437,0.081,-0.471,-2.442,-0.619,0.3821,-0.6958,-0.2854,-1.3135,0.4415,-0.9391,-0.4644,2.2145,1.933,2.5,-0.0485,0.3661,-2.224,1.3712,-1.987,0.1774,5.1685,0.6513,-0.6818,-1.076,-1.5194,0.4269,-1.7234,0.2339,-4.1795,1.0134,-1.7888,-0.4202,-2.217,0.122,0.212,-0.5942,-1.0158,-2.1671,-1.5623,0.2732,-0.3265,1.3434,0.6685,-0.8328,0.3695,-0.3986,-0.7395,-0.6177,-0.9306,-2.3133,-1.7048,-0.282,0.6008,-0.222,0.6852,-1.8174,-0.3955,-1.4212,0.5776,0.0438,-0.6995,0.5072,1.5328,-0.9381,-1.4079,-0.4627,-0.821,0.2985,-1.3923,0.3838,-0.4065,1.045,-4.2613,-1.0492,1.8199,-0.3189,-0.4612,2.6125,-0.838,0.3055,0.644,-1.0712,-0.337,-1.5413,-0.562,-0.389,-0.8872,-2.7824,-0.6145,-0.495,0.5069,1.2753,-0.3279,-0.8625,-1.7936,-0.762,-0.382,-0.8772,0.0308,0.4372,1.5352,0.0725,-0.16,0.2312,0.5393,-2.0776,-0.503,-0.4824,0.0935,0.6555,-0.5194,-0.0928,0.2558,0.3904,0.166,-0.3295,0.6605,-0.2685,0.2979,-1.228,-1.1942,2.412,0.0859,-0.8008,0.097,-1.2895,-0.4992,-0.9829,1.4343,-1.4541,-0.718,1.359,0.1752,0.5213,0.7663,0.4541,-0.0472,-1.3681,-0.1732,-2.4485,-1.3452,-1.2688,-0.5209,-0.3327,0.8291,-2.0213,2.1148,-0.961,0.2242,-2.416,0.3982,0.4147,-1.769,-0.3232,-0.1742,-1.7965,-1.338,0.2611,-0.6115,-0.5967,1.0906,-0.3037,-0.9842,4.581,0.1668,-1.1051,-0.6285,-0.376,-0.6778,-0.2792,-0.36,-0.4284,-1.1044,-1.211,0.0097,-0.1243,-1.0878,0.5539,3.267,0.1608,-0.0418,1.2442,-1.7375,1.7585,0.2155,0.883,4.8737,-0.4145,0.5702,0.555,1.5378,0.1434,-0.1766,-1.8451,-0.3907,-1.3598,0.6182,1.3905,-0.327,-1.6268
TCGA-AA-3695-01,4.533333333,-0.4772,-0.5215,-2.5999,1.5165,-1.8389,-2.474,-0.6507,-0.422,-1.8563,0.1725,-0.4338,-0.9521,-1.054,-0.0494,-0.317,0.0746,0.291,-2.0545,-0.3206,-0.5165,2.6777,-1.7795,1.2288,-0.4215,0.0641,1.091,-0.175,0.1888,0.8482,0.2751,1.4992,-0.0502,0.1557,-0.3809,-1.2582,0.4595,-3.4168,-5.1916,0.8048,-0.3432,1.3235,0.0237,0.221,0.1377,0.8266,-0.8412,0.0058,0.2726,0.7083,0.3615,0.1128,-0.0412,-1.0715,-0.722,-0.3087,-0.2241,1.5546,-0.627,0.7252,-1.0025,-0.8425,0.1856,0.633,-1.1528,0.435,0.3762,-1.2298,0.2166,-0.8998,-0.057,0.3258,-0.2861,-0.604,1.1818,0.441,1.0237,0.7113,0.072,-0.0739,-0.3594,-2.2765,1.5955,0.2377,0.0979,-0.0965,0.457,-1.0492,-0.5702,-2.5195,0.1331,0.3895,0.183,-0.2532,-0.5172,0.569,0.595,-0.3182,-0.548,-0.5602,-3.5337,-0.6409,0.014,-0.1817,-0.2172,0.0075,-2.18,-2.5468,0.2969,0.0397,0.2471,-0.2152,0.0282,-1.0871,-0.0809,0.1145,0.7938,0.734,0.7663,0.5968,-1.0505,1.08,-2.8602,-0.1304,4.304,0.5355,0.1599,-2.0623,-1.16,0.9923,-2.013,0.0104,-5.1261,1.1846,-1.145,0.4808,-2.2729,0.6482,-0.6595,-0.0342,-1.6662,-2.9345,-2.4719,1.0053,-0.166,1.7156,0.3538,-0.2449,0.0348,0.1169,-0.7472,-0.2372,-1.3038,-2.8572,-1.217,-0.6379,0.5181,0.1856,-0.6632,-0.7978,0.3949,-2.3002,0.7941,-0.1672,-0.1675,-0.4317,1.1352,-1.4751,-0.7006,-0.045,-0.516,0.3127,-1.4382,-0.4208,-0.4628,0.4081,-5.3056,-0.2837,1.7772,0.4921,-0.3698,2.9895,-1.9934,1.7091,0.2235,-0.2782,-0.0183,-1.4393,0.1532,-0.7665,-0.9725,-2.4391,0.2372,-0.386,0.8369,1.197,-1.1385,-0.0024,-1.4921,-0.548,-0.2292,-1.7112,0.1158,-0.2158,1.4861,-0.5936,0.3085,0.9693,-0.4761,-1.2314,0.1295,-0.731,-0.1558,1.181,-0.1219,0.3104,0.2062,0.9439,0.2395,0.4402,-0.7402,0.19,-0.109,-0.8282,-0.5412,2.7127,0.3309,-0.303,0.0217,-0.1,-0.0565,-0.7635,2.7513,-0.7066,-1.4175,1.052,-0.2775,0.3599,1.2005,1.1172,0.188,-0.2468,1.1001,-2.9456,-0.9812,-0.4082,-0.5396,0.4667,0.5088,-2.1919,2.2148,0.507,0.5767,-1.642,0.3412,0.8375,-1.4888,-0.5602,-0.0527,-1.3195,-2.0602,0.0364,-0.2846,-0.4952,1.1229,-0.49,-2.5703,2.1392,0.5282,-0.7496,-0.3865,-0.3992,-2.0465,0.6079,-0.5702,-1.7278,-1.5191,-0.3013,-0.2633,0.5365,0.8038,1.3428,3.967,-0.6675,-0.4232,0.8601,-2.7465,2.4142,0.5278,1.8808,3.6915,-1.1762,0.9029,0.2064,1.5893,-0.2401,0.6254,-2.0514,0.131,-0.6322,-0.0409,1.172,0.04,-1.6915
TCGA-AF-2689-01,1.533333333,-0.1794,-1.1239,-1.8092,0.8055,-1.0352,-2.25,-0.7137,0.024,-2.0782,-0.5541,-0.0186,-0.7631,0.0071,-0.497,-0.3665,-0.4925,0.019,-0.6372,-0.2085,-0.1818,2.5172,-2.3602,1.7515,-0.3058,-0.0398,1.0761,-0.3748,-0.0762,0.1677,0.6459,0.6988,-0.2547,0.1998,0.6277,0.134,0.826,-2.9755,-4.3166,0.6766,-0.5121,1.2504,-0.2765,0.752,0.6251,1.4316,-0.0863,0.6578,0.2009,0.9788,0.215,-0.0112,0.1106,-0.5471,-0.5045,-0.8658,-0.2584,0.1776,-0.4807,0.1048,-1.2287,-1.0615,0.3164,-0.446,-0.8464,0.8068,0.838,-1.3588,-0.4287,-0.4715,0.276,-0.1163,0.3647,-0.863,0.7738,0.161,1.3712,0.554,-0.3183,-0.4299,-0.1599,0.2481,1.9204,0.0782,0.3224,-0.2317,0.3045,-0.8981,-0.1875,-2.159,0.7606,-0.4391,-0.1912,-0.1615,0.1398,0.5742,-0.9975,-0.327,-0.7645,-0.0995,-1.9425,-0.0164,-0.3812,0.0597,-0.3975,-0.0948,-1.0067,-1.0765,0.169,0.4508,0.2869,-0.9581,-0.5186,-0.8379,1.006,0.7065,1.21,1.3548,0.7043,0.3854,-1.7646,0.9388,-2.0235,0.2384,4.6412,-0.0407,-0.0176,-0.0468,-1.2963,0.8376,-0.953,0.1894,-4.4786,1.2722,-0.2142,0.6565,-1.993,0.7337,-0.0845,-0.2762,-1.0797,-1.8016,-1.5949,1.8483,-0.3173,1.6108,0.6745,-0.3779,-0.2465,-0.1675,-0.3176,-0.6053,-0.6539,-2.6738,-0.8675,-0.4195,0.0884,0.473,0.5094,-1.2598,-0.2654,-1.2855,1.2824,0.0537,-0.0312,-0.1122,1.263,-1.2825,-0.0909,-0.0147,-0.3795,0.4838,-1.1383,0.4588,0.3165,0.5129,-4.7899,-0.2754,1.62,0.3466,-0.2095,3.487,-0.7358,0.7676,0.1142,-0.2168,-0.0776,-0.947,-0.6392,-0.6033,-0.9002,-2.1598,-0.7075,-0.0498,0.8983,0.8958,-0.702,-0.5444,-1.274,-0.289,-0.4675,-0.6366,1.9088,0.2042,0.4322,0.0131,0.9258,0.296,0.7703,-1.0044,0.0042,-0.4665,0.4262,0.9525,0.6063,-0.0609,0.0472,0.4795,0.2235,0.0275,-0.0062,-0.367,-0.3734,-1.056,-0.4898,2.8262,0.6139,-0.0813,-0.5532,-2.0443,0.5008,-0.8306,2.6962,-0.0291,-0.468,0.4453,-0.2302,0.0252,-0.2053,-0.0254,-0.6832,0.0000833,0.6072,-2.548,-0.9024,-0.5612,0.204,0.7478,0.8872,-1.7531,1.662,0.3998,0.6412,-1.6842,0.4215,0.0023,-0.7295,-0.5493,-0.3668,-0.7038,-1.6748,0.0559,0.3703,-0.2522,1.4215,-0.221,-2.0617,3.0415,0.1783,-0.8678,0.035,0.1792,-1.3107,0.1755,-0.143,-0.7642,-1.3475,-0.084,-0.3063,0.3312,0.0435,1.1098,3.3315,-1.373,0.4748,0.8818,-2.0732,0.167,0.8375,1.525,2.5698,-0.8135,1.1171,0.2584,0.7418,-0.3409,0.2904,-1.5997,0.1965,-1.2925,-0.6229,1.243,0.194,-0.5888
TCGA-AF-2691-01,1.9,-0.0544,0.767,-0.7925,-0.322,-0.888,-0.4753,-0.5028,-0.2212,-1.5931,-0.3234,0.6455,0.5434,-0.1722,-0.2597,-1.5825,-1.517,-0.5528,-1.2018,-0.9241,-0.494,2.5268,0.3508,2.9067,-0.3238,-0.2592,2.6188,0.3435,0.3513,-0.4502,0.1269,1.9246,-1.7545,0.1947,0.579,0.2759,0.9187,-2.6658,-4.8154,2.1439,-1.2954,1.6234,-0.6077,0.66,0.9283,0.8964,-0.2995,-0.0243,-0.7436,1.3665,-1.128,-0.3348,-0.5905,-0.8366,-1.153,0.0553,-0.3824,0.1145,-0.4375,0.047,-0.9108,-1.925,1.1784,-0.6935,-0.4536,0.3202,0.8543,-2.0752,-1.1021,-0.1856,0.253,-1.1187,-0.239,-1.029,0.4593,0.4635,0.9919,0.1685,0.6988,-0.9249,-0.8449,-1.4712,1.5233,-0.7601,0.0669,-0.0014,-0.2052,0.1507,0.3235,-2.2592,0.5236,0.2435,0.4885,1.4008,-0.3402,1.2537,-0.2878,-0.6325,-0.598,-0.3345,-3.948,-0.0428,-0.5292,-1.126,-0.4735,0.2402,-2.7643,-0.892,-0.4144,-0.4904,-0.3008,-0.2958,1.2984,0.2684,-0.1982,0.56,0.9147,1.232,0.6122,-0.6435,-1.1126,0.087,-1.5357,-0.4382,5.2875,0.4755,-0.23,0.1553,-0.8566,1.4351,-1.4371,-0.1741,-4.4333,0.9471,-2.3625,-0.1245,-1.1702,0.7927,-0.1418,-0.0825,-1.4375,-2.5066,-2.0571,1.4985,-0.6328,1.2638,0.6995,-0.903,0.6395,-0.1169,-0.7549,-0.4482,-0.2824,-3.1688,-0.692,0.571,0.0386,0.9559,-0.9028,-1.6513,-0.14,-1.296,1.5904,-0.2417,-0.1013,-0.0656,1.0832,0.356,-0.6069,-0.6558,0.0765,1.237,0.2737,0.2638,-0.2765,-0.0266,-4.8834,-0.7342,2.0807,1.0518,0.2807,3.0995,-0.2256,1.3275,2.2433,0.4388,-0.7503,-1.598,1.2808,-0.9757,-1.9965,-1.8519,-0.0505,1.5098,0.0489,-0.4957,0.0903,-2.3591,-1.05,-1.0925,-1.016,-0.6417,2.318,-0.0548,0.9186,-0.4228,-0.0625,0.0435,0.5739,-1.0153,0.7058,-0.5231,1.1706,0.8058,0.8913,-0.2395,0.0967,0.0405,1.5098,1.0562,0.469,-0.0152,-0.095,-1.6938,-0.8986,2.0467,0.2996,-1.6805,-0.0428,-0.8458,0.869,-0.7417,2.7425,0.231,-0.6825,0.8777,0.399,0.7931,1.2944,-0.2788,-0.1539,-1.4562,1.1411,-1.7844,-0.033,-1.513,-0.3921,1.0107,0.9848,-1.9492,1.4645,-0.4808,0.0618,-1.4865,-0.0867,0.526,-2.0188,-0.5558,-0.5692,-1.668,-1.0792,0.2674,-0.259,-1.5655,1.4919,0.0312,-2.4253,3.5272,0.1345,-0.8688,-0.9615,-0.367,-1.0285,-0.3544,-0.1808,-2.2662,-1.2584,0.195,0.2165,0.791,1.6755,1.0532,3.6715,-1.363,-0.0792,0.9566,-1.8403,1.9025,0.3548,2.2985,3.7798,0.416,1.7198,0.1452,1.3518,-0.4584,2.4772,-2.0133,0.8375,-0.511,0.2372,-1.0782,-0.2778,-1.8155
TCGA-AF-2692-01,1.166666667,-0.5014,-0.5812,-1.7268,0.6665,0.0938,-2.6163,-0.2428,-0.7344,-2.0438,0.7383,-0.0714,-0.6158,-0.0115,0.1872,-0.942,-0.5368,1.0018,0.9103,-0.2677,-0.018,2.9167,-2.653,1.3192,-0.627,-0.2903,2.4571,-0.7738,0.4802,0.2228,-0.0586,1.909,-0.5259,0.7446,0.6392,-0.3987,0.912,-3.4835,-5.056,0.712,-0.9317,1.5496,-0.6727,0.6875,0.7262,0.8689,-0.3033,0.2788,0.018,0.6287,1.2577,0.4248,0.7101,-0.4695,-0.5325,-0.2042,-0.6228,0.1932,-0.4498,0.471,-0.537,-1.2665,0.6342,-0.7505,-0.8611,0.319,0.6075,-0.901,-0.4013,-1.219,0.141,0.3889,0.0074,-0.3355,1.4259,0.1679,1.7554,0.7126,0.5194,0.1536,-0.441,-0.1015,2.0775,0.0271,0.5196,0.2848,0.0055,-0.3661,-1.002,-2.0792,-0.2675,-0.0101,0.5532,0.1744,-0.3648,1.5845,0.1703,-0.5553,-0.0387,-0.4582,0.9593,-0.6009,0.1802,-0.256,-0.32,0.8098,-0.6813,-2.089,-0.4032,0.0564,0.8764,-0.6927,-1.7141,-0.8699,0.7678,0.6765,0.6602,0.4212,0.7742,-0.5126,-0.3653,-0.0055,-2.7187,-0.0022,5.1695,0.3685,-0.0095,-0.1585,-0.8609,0.6461,-1.4744,-0.3398,-4.6202,0.9479,-1.0025,0.0802,-1.737,0.6413,-0.4787,0.4525,-1.875,-2.7408,-2.6832,1.8233,-0.1945,1.4975,0.3042,-0.323,-0.23,0.5252,-0.7414,-0.4434,0.0289,-2.6113,-0.9755,-0.6838,0.1023,1.1011,-0.8565,-0.5783,-0.1507,-1.8228,2.668,0.2477,-0.2968,-0.7227,1.2795,-0.7792,0.4511,-0.2383,-0.4178,1.016,-0.713,-0.6258,0.0716,-0.0081,-5.2471,-0.5184,0.8907,0.6161,-0.335,2.6755,-0.2289,1.0929,1.0358,0.0545,-0.1433,-1.3597,-0.4632,-1.2635,-1.0167,-2.4748,0.3885,0.2011,0.62,0.7007,0.0419,-1.0491,-0.9406,-0.8955,-0.5327,-1.3299,2.7255,-0.428,1.59,0.2509,0.1568,0.8413,0.251,-0.3758,0.302,-0.7161,1.5401,1.0987,2.4609,-0.1318,0.1455,-0.7269,0.71,0.8772,-0.412,0.4732,-0.5544,-1.437,-0.7422,3.0538,0.0504,0.234,-0.4227,-0.5465,0.586,-0.1522,3.267,0.206,-1.3785,0.6545,0.3325,-0.4489,1.0636,0.5981,-0.038,1.0969,-0.8412,-2.5394,-0.2449,-1.0123,0.2698,0.2517,0.1495,-1.7523,2.6252,0.7682,0.1053,-0.8795,0.0925,-0.6042,-1.5298,-0.9649,-0.4322,-0.8845,-1.441,0.1759,0.3668,-0.9175,3.6251,-0.3005,-1.7403,2.4898,0.3298,-1.3278,0.174,-0.618,-1.632,0.3681,-0.1295,-1.3698,-1.0809,-0.1467,-1.0017,1.1253,0.185,1.1832,3.469,-1.9405,-0.343,1.1809,-2.8667,0.3265,-0.2242,3.2985,3.6793,-0.0217,1.0231,0.4622,1.0505,-0.0569,0.5846,-1.9273,0.316,-0.7108,-0.0365,1.7818,0.256,-1.9885
TCGA-AF-3400-01,0.8,-0.4433,-1.177,-0.9801,0.4965,-0.13,-1.4208,-1.1597,-1.2956,-1.8017,-0.552,-1.3939,-1.5036,-0.8472,-1.175,-0.2788,-1.0269,-0.4798,-2.1288,0.0087,-0.3972,0.2722,-1.1758,0.4641,-0.5072,-0.2118,-0.1091,-0.3948,0.0231,-0.6686,0.364,-0.1505,-1.608,-0.13,0.6878,-2.7122,0.8085,-3.055,-3.9729,0.0912,-1.3593,0.6219,-0.335,-0.352,0.4243,1.2568,1.197,0.5291,-0.5908,-0.275,-0.0907,0.5512,0.9242,-0.2738,-0.624,-1.13,-0.7702,-1.2592,-0.725,-0.0158,-1.7165,-1.689,0.1779,-0.2735,-0.7611,0.534,-0.9685,-1.1442,-0.1879,0.0194,-0.028,-0.2452,0.7929,-0.3615,-0.1188,-0.2208,2.3351,-0.2159,0.7172,-0.4575,-0.2888,-2.4366,0.3046,-0.5082,0.1781,-0.677,0.381,-1.467,-1.0255,-1.4722,1.7326,0.0194,-0.0142,-0.3572,-0.226,2.3751,-0.8147,-1.3463,-1.4878,-0.2392,-2.2558,-1.1331,-0.6307,-0.7742,1.8548,0.2435,-2.1073,-0.3225,0.2381,-1.0904,-0.3094,-1.4168,0.7327,-1.0332,-1.1484,3.072,0.5045,0.928,0.0328,-0.3817,-1.3028,0.3992,-1.612,-0.0705,6.0482,3.467,-0.7876,0.9667,0.4939,-0.2141,-1.6156,1.3231,-4.1158,1.5341,-1.5858,-0.0778,-1.3711,-0.8427,0.0685,-0.246,-0.3193,-1.7539,-1.6134,1.2848,0.1407,2.8099,0.173,-0.7334,-0.0653,-0.4722,-0.2802,-0.0228,-0.0015,-1.6622,-1.0163,-0.7088,-0.7225,0.1199,-0.4133,-2.0782,-0.2255,-1.1697,1.9727,0.1578,-0.5605,1.5033,2.2691,-1.2635,-0.2276,-0.6153,-0.757,0.7732,-1.582,0.7138,-0.1158,0.8353,-4.6324,-0.6367,1.6153,0.9159,-0.1438,3.162,-0.0306,0.5992,0.333,-0.8995,-0.4923,0.1992,-0.6498,-1.3973,-1.6433,-1.0285,-0.7085,-0.3569,1.2716,0.0242,-0.2813,-1.1916,-2.1384,-0.966,-0.3055,-1.0742,0.9698,-0.0052,1.4934,-0.0518,2.72,-0.5825,0.4888,-1.4916,-0.7133,-2.2461,-0.5492,-0.253,1.1077,0.2617,0.2985,0.773,1.6795,-0.0565,-0.0165,-0.721,-0.4175,-1.5298,-1.3282,0.8235,0.2365,0.3007,-0.0782,-0.9397,0.7688,-0.806,1.3078,0.4472,-1.245,0.8075,0.0495,-0.325,0.8686,-0.0254,-0.5406,0.7118,-1.5314,-1.0844,-1.376,-0.5092,-0.2152,-0.4245,2.064,-0.5492,1.135,-1.3543,1.424,-1.9518,0.1272,0.2156,-1.1675,-0.2392,-0.8855,-1.81,0.5962,1.4812,-0.1446,-1.1455,1.9273,-0.345,-2.077,4.7752,0.4056,-0.6651,-0.74,0.2228,-0.2403,0.2465,-0.47,-0.9738,0.264,-0.9142,-0.3505,-0.4898,-1.5183,0.5349,2.9645,-0.6572,-0.6142,0.9971,-2.4478,2.3355,1.1455,1.4122,1.6072,-1.5081,-0.4227,0.4311,1.3922,0.1411,-1.0598,-1.1368,0.4763,-1.3893,-1.5315,-1.386,-0.2955,-0.9248
TCGA-AG-3574-01,1.066666667,-0.6597,-1.5289,-1.6204,1.818,-0.4472,-2.2302,-1.0141,-0.5898,-1.9811,0.1176,-0.9099,-1.7766,-1.6264,-0.6484,-0.529,-1.2152,-0.8455,-2.2522,-1.1136,-0.0198,1.9441,-1.9009,0.944,-0.866,-0.6676,1.5451,-1.381,0.5471,-0.4163,-0.218,1.2031,-1.6603,0.1801,0.7353,0.7152,0.3505,-3.1682,-4.7001,-0.2879,-1.6383,1.66,-0.633,0.92,1.0107,0.654,-0.4957,-0.0594,-0.0038,1.4528,-0.5932,0.3863,-0.2475,-0.7325,-1.1745,-0.9953,-0.6494,-0.6261,-1.078,0.9478,-0.973,-1.3095,-0.2766,-0.4537,-1.2742,0.8472,-0.183,-1.6422,0.4063,0.0308,0.3825,-0.0959,-0.9278,-0.8995,1.4809,0.4569,0.5204,0.8268,0.8206,-0.4149,-0.9933,-1.4861,1.5313,-0.4254,0.314,-0.5253,0.0838,-2.1559,-0.487,-0.709,-0.1746,-0.0706,0.7548,-0.7314,-0.0938,-0.1558,-0.5552,-0.8197,-1.4308,-0.273,-3.2008,-0.7259,-0.6279,-0.7663,0.3925,-0.3955,-2.6537,-2.1512,-0.2718,-0.7828,-0.2388,-1.137,-0.7535,-1.2464,-0.2618,0.611,0.724,0.3618,0.0073,0.271,-1.5553,0.214,-2.8252,0.2994,4.8825,-0.0447,-0.5436,-0.3413,-1.8005,1.2562,-1.2692,0.344,-4.7097,0.9782,-1.9832,-0.7822,-2.3865,1.1235,-0.0573,0.179,-1.9368,-2.9744,-2.3456,0.958,-0.1345,1.85,0.171,-1.2081,-0.5167,-0.3605,-0.7896,0.6968,-0.6616,-2.9447,-1.3222,-0.5609,0.2927,1.3034,0.4871,-2.0292,0.1896,-2.019,0.8113,0.454,-0.7155,-0.9128,0.9737,-1.3466,-1.1033,-0.2461,-0.9078,0.4022,-1.8928,1.161,0.2164,1.3954,-4.6086,-0.8356,1.8322,0.0907,-0.4088,2.773,-0.7476,0.756,0.7328,-1.0228,-0.5408,-1.2173,-0.4432,-1.0007,-1.3953,-2.7421,-0.535,-0.5632,0.0981,0.6692,0.1213,-1.7864,-1.6525,-1.627,-1.0708,-0.3114,2.1117,0.0458,2.1442,-0.0093,0.9252,0.578,-0.1003,-0.8531,-0.6232,-0.4282,-0.1686,1.1983,-0.6574,0.0367,0.2927,0.979,0.104,0.37,0.0878,-0.023,-0.4148,-1.9787,-1.3365,3.5067,-0.625,-0.817,0.0578,-0.8435,0.4898,-0.8446,2.4672,1.1128,-1.11,0.7255,0.5863,0.4728,1.286,0.5139,-0.6009,-1.4265,0.1602,-0.5356,-1.3035,-1.7605,-0.6502,0.7067,0.2619,-1.6232,1.4278,-0.4087,-0.1082,-2.3178,-0.119,0.1243,-1.3893,-0.5998,-0.0087,-1.9602,-2.3752,0.1412,-0.4418,-1.107,1.5178,-0.5587,-2.6058,2.637,0.0432,-1.3441,-0.235,0.248,-2.0622,0.0958,-0.3588,-0.0282,-1.0098,-0.5027,-0.0908,-0.3292,-0.7695,0.2474,3.6818,-0.101,-0.1338,1.2972,-2.4175,0.8712,1.8452,1.6532,5.367,-0.5017,1.0728,0.2023,1.3888,0.2982,-0.2781,-1.7027,-0.1123,-1.4368,-0.4435,-0.8405,-0.6935,-0.8998
TCGA-AG-3575-01,1.4,-0.2909,-0.8121,-1.6014,-0.393,-0.207,-2.159,-1.2482,-0.4546,-1.8064,-1.0859,-0.6356,-0.8005,-1.3447,-0.9423,-0.2235,-0.6288,0.881,-1.4515,-0.528,-0.34,1.6406,-2.0798,1.3588,-0.502,-0.1178,1.1799,-0.2412,0.0607,-0.1998,0.7114,0.6636,-0.8034,0.332,-0.9499,-1.5412,0.7547,-2.9732,-3.7368,0.7619,-0.9324,0.9785,-0.0713,0.442,1.1549,1.1612,0.5777,0.3356,-0.5164,0.1742,-0.1,0.0287,-0.3598,-0.4419,0.162,-0.943,-0.1558,0.0661,-0.739,0.1508,-1.8587,-1.746,0.427,-0.0882,-1.0788,0.0615,-0.0807,-1.5575,-0.0988,-0.8036,0.3475,-0.1989,0.0747,-0.4905,0.2495,-0.0066,1.2409,0.7502,0.4086,-0.2794,0.1686,-1.8736,1.7887,0.015,-0.0606,-0.3543,-0.3608,-1.1811,-0.3562,-2.4562,1.0518,0.1369,0.2915,-0.147,-0.0125,0.8338,-0.362,-0.063,-1.2442,0.052,-4.0567,-0.2229,-0.0102,-0.4393,0.8115,-0.2522,-2.3488,-0.5812,-0.2944,-1.0955,-0.3398,-1.2689,0.0545,-0.4307,-0.9669,1.427,1.1512,1.445,0.4627,0.0209,-1.065,0.1282,-1.609,-0.6101,4.8772,0.4367,-0.0644,-0.8787,-1.0326,1.0338,-0.6778,0.7038,-3.8192,1.1468,-1.6668,0.271,-1.548,0.3757,-0.6768,-0.576,-0.6815,-1.4912,-1.3699,0.86,-0.172,1.9533,0.1882,-0.6239,0.02,-0.7568,-0.2788,-0.4684,-1.382,-2.1856,-1.4425,-0.056,0.7469,0.167,-0.6421,-1.2847,-0.4169,-0.7722,0.3277,0.1867,0.4745,0.5472,1.4949,-0.8025,-0.6843,0.3091,-0.4285,0.2068,-1.2193,-0.078,-0.0781,0.5075,-4.5101,-0.6888,1.5416,0.6293,0.0598,4.0575,-0.9605,0.9079,-0.0375,-1.0878,-0.5911,-0.5702,-0.5078,-0.8542,-1.6698,-3.0782,-0.7988,-0.0455,-0.1005,1.134,0.0162,-0.2598,-1.8908,-1.195,-0.2878,-0.6777,2.5288,0.0445,1.209,-0.3218,0.6862,0.1593,-0.0914,-1.3231,0.0177,-0.0182,0.5309,1.2623,0.2076,0.3147,0.1178,1.3161,0.6637,0.1762,0.48,-0.543,-0.292,-1.1602,-1.2231,0.9357,0.5854,-1.6978,0.095,-0.8548,0.3362,-0.7285,2.2193,0.5113,-0.465,0.5347,0.1305,0.3865,0.5044,0.6349,0.5299,-1.5654,0.6105,-1.6098,-0.9344,-0.811,-0.2302,-0.5063,1.5916,-1.5192,1.8628,-0.214,0.5253,-1.818,0.5488,0.2545,-1.5823,-0.6896,-1.128,-1.602,-1.2218,1.0602,-0.9866,-1.1578,0.5104,0.1835,-2.1273,4.506,0.0251,-0.3306,-1.2665,-0.1722,-0.4688,-0.0139,-0.0662,-2.2702,-0.5409,-0.593,-0.0987,0.8727,-0.2562,0.8541,3.4998,-1.0652,-0.0475,0.7171,-2.0537,0.1462,0.2428,1.1242,3.7317,-0.4569,0.3992,1.2681,0.6157,0.2265,0.744,-1.3194,0.15,-1.0312,-0.6802,-0.6712,-0.1832,-1.5925
TCGA-AG-3578-01,0.866666667,-0.2748,-0.8924,-2.18,-0.2265,-0.4122,-1.2952,-0.5493,-0.9681,-1.0788,-0.8222,-0.3182,-1.2818,-0.8175,-0.8292,-0.4895,-0.808,1.7712,-2.1135,-0.6166,0.0475,2.1946,-2.5833,1.1195,-0.718,0.2271,1.2082,-0.4285,0.6272,0.1108,0.1079,0.9318,-0.5719,-0.0354,-0.6282,-1.4182,0.822,-4.0198,-4.533,0.7615,-1.1176,0.6379,0.071,0.8035,0.2512,1.2654,0.454,0.3265,-0.3618,0.9572,1.321,-0.0808,-0.1924,-1.138,-0.4155,-1.3005,0.273,0.2676,-0.2507,0.2785,-0.8517,-1.469,0.377,-0.2632,-1.4568,0.2798,0.3213,-1.3692,-0.2054,0.1415,0.001,0.2748,-0.4333,-0.3432,1.0106,0.3531,1.0386,0.8572,0.3317,-1.0008,-1.031,-2.3752,1.1116,-0.0129,0.4496,-0.1905,0.1636,-1.6339,-1.2402,-2.2665,-0.0401,0.3572,-0.2245,-0.1812,-0.3118,-0.1204,-1.949,-0.6972,-0.0865,-0.276,-3.7217,-0.1595,0.1577,-0.0955,-0.1028,0.0762,-1.8935,-0.6375,-0.1412,-0.7116,0.5299,-1.6038,-1.5254,-0.4542,0.073,0.963,1.8932,1.7525,0.508,-0.4539,-1.4948,0.4064,-1.6648,-0.5874,5.1488,0.045,-0.1067,-1.2558,-1.0246,0.4802,-1.5142,0.0878,-3.9552,1.0628,-1.5865,0.1872,-2.1589,0.2595,-0.7707,0.3825,-2.0302,-1.7291,-1.504,1.1443,-0.5585,1.9212,0.557,-0.0702,0.0365,-0.4049,-0.8735,-1.1891,-1.2671,-2.1994,-0.8708,-0.4221,-0.3568,0.1209,-0.7329,-1.3127,0.5594,-1.8887,3.2435,0.2588,0.022,-0.5475,1.4473,-1.3499,-0.4694,-0.2094,-0.6645,0.4572,-1.2695,1.043,0.3772,1.2344,-4.5318,-0.4879,1.334,0.6424,-0.4689,3.392,-0.785,1.1002,0.3912,-0.6308,-0.425,-1.9112,-0.8645,-0.945,-1.5133,-2.5722,-0.7995,-0.9733,0.7681,0.5953,0.0187,-0.7561,-2.6346,-1.1035,-0.292,-0.9684,0.872,0.1058,0.4408,0.0732,-0.0992,0.5938,0.2514,-1.5735,-0.1425,-0.5721,-0.9454,1.1635,0.1119,0.1889,0.3062,0.2131,0.3062,0.1765,-0.1635,0.0682,-0.095,-1.603,-1.4506,3.0227,0.558,-0.8883,0.5115,-0.8617,0.4998,-0.8313,2.6913,-0.6868,-1.792,0.568,-0.725,-0.1313,-0.4824,0.4562,-0.6429,-0.5882,0.1956,-2.0874,-1.528,-1.1272,-0.5966,0.71,0.966,-1.7134,2.0478,0.7507,0.4637,-1.55,0.4605,0.2046,-0.9755,-0.7641,-0.5005,-1.3185,-1.781,-0.2063,-0.8819,-1.4728,0.2727,0.5455,-2.0227,3.1638,0.1408,-0.4299,-0.6235,0.7718,-0.8407,-0.2704,-0.418,-1.3992,-1.2127,-0.3753,-0.3688,0.0965,-0.2312,1.5101,3.6328,-0.8652,-0.8655,1.2578,-2.3833,-0.3365,0.192,1.7762,3.5282,-0.4362,1.0497,0.4435,0.9722,-0.3979,0.3604,-1.8671,0.4638,-0.7965,0.0556,-1.689,-0.0712,-2.986
TCGA-AG-3580-01,1.066666667,-0.7674,-1.2464,-2.5,-0.105,-0.8198,-2.9795,-1.3382,-0.513,-2.0649,-0.5043,-0.6185,-1.4424,-1.5507,-0.4824,-0.5428,-0.7925,-0.275,-1.6437,-0.2078,-0.0092,1.983,-1.8872,1.4856,-0.8158,-0.4868,0.7826,-0.6637,0.4772,-0.1426,0.2251,0.9505,-0.9617,0.3996,-1.0022,0.0041,0.6924,-4.0998,-4.5904,0.296,-1.7846,1.446,-0.4025,0.1545,0.9586,1.1021,0.0013,0.3553,-0.6164,0.0665,-0.8308,0.1612,-0.3049,-0.5375,-0.887,-0.8158,0.6352,-0.2572,-0.3467,0.3235,-1.1207,-1.786,0.1474,-0.3015,-1.014,0.2335,-0.2812,-1.9202,0.1079,-0.0789,0.2665,-0.5329,-0.5591,-1.0538,0.8394,-0.0861,1.0228,1.0668,0.5729,-0.358,-0.9395,-2.4198,1.4827,-0.4148,-0.0274,-0.1491,0.4154,-1.2951,-0.1727,-2.7103,1.6178,-0.0113,-0.6255,-0.3284,0.1705,1.3857,0.2533,-0.4563,-0.55,0.181,-2.9813,-0.3451,0.1189,-1.1538,-0.2882,-0.4488,-1.8405,-1.6958,0.1888,0.038,-0.0145,-0.2618,0.4911,-1.6064,0.3851,1.3685,0.9463,1.3192,0.4985,0.2028,-1.379,0.3698,-3.2383,-0.0235,4.787,0.8645,-0.3062,-0.893,-2.0259,0.6142,-1.5064,-0.4265,-4.1926,1.1132,-1.0343,-0.2028,-2.7186,0.8735,0.1683,0.359,-1.471,-2.3192,-2.1036,1.1507,-0.4743,1.6725,0.2722,-0.2858,0.1132,0.6059,-0.5491,-0.4692,-0.3949,-3.3612,-0.3888,-0.4412,0.4742,0.9645,0.0711,-1.0809,-0.2029,-1.9045,0.6355,0.3097,-0.23,-0.2448,1.0628,-1.4849,-0.7995,-0.7234,-0.6405,0.4478,-1.4837,0.503,0.3612,0.338,-4.5708,-0.5871,1.7174,0.3701,-0.1325,2.465,-0.8519,0.7941,0.5028,-0.5215,-0.6288,-1.9712,-0.7218,-0.8536,-0.9337,-3.097,-0.4392,0.1724,0.2153,0.4623,-0.9348,-0.7704,-2.1069,-1.0015,-0.489,-1.4679,-0.1482,0.1212,1.4912,-0.0509,0.1048,0.5237,1.6422,-1.7174,0.6012,0.0065,-0.8479,0.6977,0.4825,-0.1021,0.2802,0.5571,1.0243,0.189,0.2268,-0.1962,-0.6255,-1.64,-1,2.691,0.0102,-1.0763,-0.124,-0.7585,0.0952,-0.9653,3.2157,0.5168,-0.4975,0.4717,0.1,0.2632,1.3359,-0.3382,-0.6475,-0.8613,-0.2328,-2.8811,-1.0188,-0.9048,-0.6194,0.441,0.8465,-2.2379,1.9878,-0.3322,0.438,-1.7782,0.5015,0.4852,-1.758,0.0237,-0.42,-1.4013,-0.5863,0.1859,-0.6102,-1.0452,1.5106,-0.7942,-1.9397,3.2047,0.0488,-1.2086,-0.646,0.1328,-1.554,0.3589,-0.9098,-1.2134,-1.4504,-0.7763,-0.1487,0.1115,-0.6205,1.1393,3.5142,-0.504,0.0945,1.18,-2.2518,3.5165,-0.453,1.9232,0.9165,-1.6061,0.4488,0.8259,1.0947,-0.3818,-0.1916,-1.6958,0.5228,-0.8788,-0.276,2.7418,-0.0582,-0.9152
TCGA-A6-3808-01,3.366666667,-0.4633,-0.862,-1.5221,-0.2805,0.1832,-0.9177,-0.7267,-1.2285,-1.5714,-0.3225,-1.0715,-1.1181,-0.2194,-0.9926,-0.7422,-0.9634,0.0595,-1.9722,-0.5384,0.077,1.6557,-2.0133,1.147,-0.8962,-0.2382,1.0029,-0.3542,0.5834,-0.5204,0.7267,1.0165,-1.188,0.2179,0.815,-1.1004,1.1378,-2.4678,-3.9694,0.3791,-1.2972,0.5792,-0.1393,0.6535,0.5134,1.1774,0.4145,0.1379,-0.8066,0.6528,3.1777,0.1913,0.6545,-0.5508,0.3205,-1.0135,-0.4618,0.1922,-0.5967,0.5745,-1.4805,-1.301,0.2455,-0.0815,-0.4855,0.4472,-0.0643,-0.9818,-0.0003,-0.3869,0.4795,0.39,-0.2649,-0.1775,1.1805,0.612,1.9635,0.1301,0.3368,0.0389,-0.1399,-1.5591,1.5874,0.3786,0.1094,0.5034,0.7232,-1.3524,-0.6583,-1.668,0.357,0.4553,-0.3152,-0.0328,0.5202,1.1413,-0.3023,-0.57,-0.7292,-0.566,0.5062,-0.7504,-0.244,-0.6258,0.6392,0.6525,-1.84,-0.297,0.0788,-0.6613,-0.0208,-0.7417,0.7425,-1.0129,-0.8744,1.392,1.362,2.1565,0.5035,0.1161,-0.8764,0.6063,-1.5438,-0.467,4.3317,1.1187,0.132,0.446,0.4921,-0.1389,-1.6452,0.7211,-3.5022,1.2692,-1.7305,0.061,-0.9389,-0.0185,-0.7477,0.194,-1.0065,-1.6879,-2.0584,1.9592,-0.2522,1.8975,0.3715,-0.242,-0.1318,0.5919,-0.1826,0.4509,-0.427,-0.9723,-0.9808,-0.6329,-0.0549,0.5889,-0.3944,-1.298,0.1934,-1.6165,2.8602,0.0007,-0.2882,0.1338,1.8508,-0.8235,0.0837,-0.5605,-0.4465,0.4528,-1.2567,0.0538,-0.0205,0.1357,-3.5884,-0.4393,0.7791,0.5634,-0.2555,2.963,-0.4217,0.922,0.6585,-0.7155,-0.4409,-0.5488,-0.4468,-1.354,-1.2148,-1.6659,-0.2812,-0.3827,0.8039,0.5733,-0.1851,-1.3134,-1.7265,-1.599,-0.276,-0.6501,1.8538,-0.3703,1.763,-0.3969,0.585,-0.6548,1.6764,-1.0735,-0.3272,-0.1496,-0.0538,0.5818,1.0612,-0.0905,0.2328,0.7186,1.0135,-0.3115,0.1232,-0.6295,-0.5235,-1.5517,-1.1786,1.9458,0.217,-0.5365,-0.4405,-0.7183,0.5968,-0.8831,2.5018,0.9336,-1.593,0.9065,-0.842,-0.2023,1.7384,0.1334,-0.7398,0.7271,-1.6308,-0.9393,-0.9116,-1.4522,-0.3705,0.3267,0.9481,-0.3088,1.5747,0.3807,1.1897,-1.4088,0.8258,-0.0908,-1.704,-0.6694,-0.8758,-1.8078,-0.4128,1.2237,-0.5089,-1.3462,2.1839,-0.1492,-1.767,4.0412,0.0984,-0.7076,-0.7615,1.0048,-0.7233,-0.2061,0.6147,-0.8534,-0.0965,-0.743,-1.1075,-0.014,-0.388,1.3584,3.9828,-0.698,0.0802,1.4521,-2.3257,1.0022,0.4895,1.8132,3.966,0.2704,0.2182,-0.0095,0.9803,-0.2407,-0.5285,-1.2431,0.4465,-0.778,0.2276,-0.2382,0.498,-1.819
TCGA-A6-3810-01,3.233333333,-0.5866,-0.779,-1.3874,0.583,-0.629,-2.1423,-0.3361,-0.1629,-0.9449,0.0121,-0.4574,-0.9868,-1.3319,-0.6249,-0.6218,-1.1052,0.3968,1.316,-0.7912,-0.4335,1.7263,-2.4462,1.5348,-0.4212,0.3084,1.0756,0.432,0.4894,0.594,0.1095,1.849,-1.1751,0.7709,-0.0643,-0.9412,0.5267,-2.9925,-4.2471,0.3779,-0.2343,0.9019,-0.4582,-0.07,-0.1768,0.7318,-0.0665,0.1591,0.0625,1.4448,-0.8527,0.0618,-0.6558,-0.6482,-1.2575,0.1963,-0.1405,0.4286,-1.1612,0.209,-1.3283,-1.627,0.3264,-0.0823,-0.9473,0.487,-0.0622,-0.6325,-0.1094,-0.6116,-0.478,-0.3144,-0.4877,-0.0488,0.1518,0.6995,1.4073,0.5522,0.8723,-0.865,0.6727,-2.4394,1.9683,-0.5311,-0.1201,0.0507,0.1476,-0.9713,-0.0877,-1.4415,0.3978,0.4939,-0.194,0.3075,-0.772,1.1989,0.8742,-0.7928,0.0582,-0.9432,-0.6472,0.4499,0.0228,-1.489,0.9725,-0.3088,-2.6485,-0.7492,0.2908,-0.3004,-0.1571,-1.2269,-0.0886,-0.2064,-1.1965,1.5875,1.6648,1.5418,0.5055,-0.7399,-1.6035,0.3208,-2.1012,-0.603,4.5185,1.4625,-0.484,0.0713,-0.2032,1.2524,-2.1265,0.6521,-3.9515,0.7065,-2.4138,-0.3757,-1.2151,0.5438,0.2703,-0.357,-1.662,-2.178,-2.1311,0.7105,-0.4947,2.4524,0.5395,-0.7593,0.6207,0.2695,-0.6329,-0.8934,-0.6928,-1.5331,-0.7948,-0.7119,0.2029,-0.304,-1.0146,-1.4708,-0.2544,-1.8892,1.0612,-0.0975,-0.2952,0.7775,2.0755,-0.3621,-0.5296,-0.4725,-0.7942,0.7028,-1.6352,0.053,0.136,0.1078,-4.7289,-0.4353,1.7837,0.5178,0.4155,2.4995,-1.536,0.6514,0.2785,0.0792,-0.4598,-0.6625,0.4958,-0.8268,-0.3923,-1.6531,0.7548,-0.1834,0.6364,1.3843,0.1632,-2.0712,-1.8144,-1.6635,-1.425,-0.8383,3.496,-0.0882,0.1869,-0.3324,1.3495,0.3693,-0.0675,-0.7866,0.173,-0.8674,1.0624,1.1738,0.4109,-0.2383,-0.1678,-0.0186,0.5645,0.7522,0.2332,0.0772,0.2109,-1.6463,-1.5115,1.6328,1.0534,-1.1965,-0.1102,-0.6262,1.092,-0.761,2.8691,-1.2049,-1.6855,0.9562,0.2938,0.8336,0.7174,1.7641,1.348,-1.0058,0.0265,-2.2363,-1.0078,-1.858,-0.9182,0.2007,0.8519,-1.66,1.6742,-0.657,0.9978,-1.4908,-0.1075,0.3862,-1.7448,-0.3838,-0.7888,-1.6552,-1.2122,0.591,0.0913,-1.9407,1.2976,-0.2378,-0.6898,4.1777,0.4313,-1.124,-1.008,-0.1965,-0.2547,-1.1099,-0.8248,-2.0401,-1.1279,-0.1638,-0.157,1.4095,0.2165,1.0499,3.0558,0.2517,0.085,1.6238,-2.1983,-1.6538,-0.1605,2.096,4.5185,-1.3445,1.4277,0.3313,1.3982,-0.2489,1.1772,-1.2672,-0.0583,-1.5972,-0.6632,0.0558,0.2628,-2.1585
TCGA-AA-3811-01,28.63333333,-0.6868,-0.787,-2.1065,0.578,-0.1991,-2.5905,-0.6426,0.0068,-1.178,-0.1493,-0.3238,-0.6812,-0.5158,-0.4886,-0.326,-0.6792,-0.022,-1.3945,-0.4499,-0.3038,1.5802,0.4262,0.1914,-0.255,-0.2961,1.1946,0.119,-0.0082,4.0221,-0.0696,0.5794,-0.3793,0.2418,0.1206,-0.7047,1.0442,-3.103,-4.4226,1.029,-0.5288,0.9531,-0.6918,0.778,0.8681,0.6446,0.5467,-0.11,-0.1512,0.2792,-1.0603,0.05,0.1828,-0.1099,0.058,-0.3002,-0.1224,-0.5549,-3.1023,0.0448,-0.601,-0.668,-0.0035,0.228,-0.8932,1.0235,0.8328,-1.5955,-0.2498,-0.5869,0.3455,-0.1714,-0.9334,-0.4208,0.6402,0.2658,1.9443,0.5439,0.0012,0.0286,0.4465,-2.006,1.7519,0.564,0.0227,0.4695,0.6262,-0.9431,-0.0722,-3.2075,-0.1615,-0.1097,0.5925,-0.3719,-0.3175,0.8026,-1.4905,-0.4312,-0.4805,-1.0582,-4.395,-0.6493,-0.3388,-1.1265,1.5635,0.5595,-1.6893,-1.0718,-0.6012,-1.0612,-0.1811,-0.6012,0.8564,-0.6624,-0.6254,1.9195,2.2825,1.9192,0.9298,-0.3014,-0.2446,0.7817,-1.3062,0.3694,3.9495,0.556,0.3885,0.625,-0.9006,1.4219,-1.8579,0.2731,-4.3446,0.6977,0.2078,-0.0882,-1.1488,0.318,0.7548,-0.0912,-2.022,-1.786,-1.245,1.3612,-0.2553,2.1416,0.5212,0.2666,-0.1452,0.23,-0.6292,-0.563,-0.0412,-2.4624,-0.192,-0.1282,0.3414,-0.1809,-1.6082,-0.0374,0.6447,-1.9487,0.7884,-0.1,0.2308,0.4025,1.0937,-0.4818,-0.1202,0.2302,-0.2422,0.3832,-0.8737,0.2092,0.0361,0.0217,-4.985,-0.0374,1.6956,0.4849,-0.1107,1.963,0.4198,1.7302,0.3508,-0.6375,-0.1881,-0.7052,-0.0652,0.1406,-0.8593,-2.6001,-0.2445,0.1859,1.0463,0.7547,0.6282,-0.6555,-1.889,-0.7865,-0.6485,-1.9167,-0.6398,0.3152,0.8745,-0.1671,1.5895,-0.1465,-0.4826,-0.4848,-0.7855,-1.3104,0.663,0.9218,0.8939,0.3341,-0.6493,0.2441,0.619,0.8778,0.5695,0.2252,-0.042,-1.1125,-0.3839,0.4697,0.3711,-0.4122,-0.4028,-0.0277,1.2948,-0.4584,1.7184,-2.2312,-1.644,0.6428,0.952,0.902,0.0447,0.502,0.1746,-0.961,0.4551,-0.1758,-0.9008,0.0582,-0.3436,0.3778,0.5649,-1.9736,1.7032,-1.3378,0.1533,-1.4412,1.3502,0.3647,-1.463,0.1932,0.1187,-1.0018,-0.9198,0.3479,0.1295,-1.482,1.8809,0.0362,-2.4733,3.7,-0.1349,-0.1894,-0.673,0.0372,-0.548,1.1659,-0.294,-1.1475,-1.0197,-0.6775,-1.123,0.485,-0.2318,1.8493,4.4322,-0.1678,-0.1678,0.413,-2.7228,-0.1342,-0.429,1.279,1.0602,-0.7669,-0.058,0.2707,0.2265,0.7111,1.3095,-0.5439,0.5332,0.3,-0.7716,-1.0562,-0.8978,-2.1218
TCGA-AA-3844-01,2.933333333,-0.2859,-0.4352,-0.79,0.6755,0.4536,-3.2842,-0.5793,-1.0091,-1.9061,0.1076,-0.1505,-1.0625,-1.1355,-0.4399,-0.5868,-0.5365,0.902,-2.1438,-0.7898,-0.2815,2.1726,-2.8304,0.9955,-1.063,-0.2533,1.0698,-0.7285,0.2074,-0.2368,0.1979,0.6518,-0.7852,0.3284,-0.4609,-0.9887,0.4052,-3.943,-4.5821,1.0251,-1.4127,1.0682,-0.466,-0.1055,0.8533,0.6796,0.5748,-0.0053,-0.1301,0.8578,-0.8203,0.2307,0.0128,-0.5074,-0.309,-0.6285,-0.9081,1.1662,-0.7917,0.6825,-1.4013,-1.514,0.4776,-0.1347,-0.6492,-0.2955,0.6875,-2.0165,0.2597,-0.519,0.5215,-0.0341,-0.8236,-1.022,0.8113,0.2742,1.3582,0.8749,0.3869,-0.2411,-0.0224,-2.75,1.587,-0.1873,-0.2794,-0.7715,-0.2049,-1.3252,-0.1138,-3.0328,1.7924,0.0349,0.307,-0.0707,-0.8045,1.1292,0.5032,-0.2567,-1.3283,0.1282,0.2783,-0.2413,-0.1185,-0.9992,-0.2128,-0.2605,-1.408,-1.8108,-0.4368,-0.5551,0.6872,-1.4641,0.6669,-0.7639,-0.4916,1.7795,0.924,1.059,0.5775,0.6664,-1.5176,0.6313,-1.7087,-0.4082,4.0435,0.6297,0.0894,-1.408,-1.7866,1.2387,-2.3383,-0.1161,-4.686,1.4281,-1.386,0.3038,-2.7739,1.0442,0.6545,0.4528,-1.5687,-2.2645,-2.3415,0.1513,-0.6673,2.3862,0.5792,-0.8498,0.0715,0.1461,-0.524,-0.7748,-1.0281,-3.3321,-0.9298,-0.7352,-0.0436,0.6786,-0.8744,-0.4048,-0.2991,-2.3185,1.437,-0.1923,0.253,-0.4062,1.1255,-1.0952,-0.4872,-0.7375,-0.7183,0.2692,-0.1677,0.7465,0.2835,0.8528,-0.0414,-0.4923,1.3349,0.4679,-0.2758,2.877,-1.259,0.9975,1.1275,-0.205,-0.7438,-2.0105,0.3352,-0.705,-0.6477,-3.0911,-0.7022,-0.1479,1.2529,0.784,-0.6291,-1.1005,-1.6646,-1.2705,-0.6442,-0.9936,1.611,-0.0578,0.7995,0.3281,-0.115,0.1123,0.6296,-1.7428,0.4198,-0.4356,-0.1982,0.5893,0.1148,-0.2315,0.6603,0.1288,0.4258,0.509,0.4272,-0.2542,0.078,-1.6473,-0.4891,1.3022,0.2991,-0.6285,0.2312,-0.558,0.5445,-0.5414,2.5415,-0.6,-1.502,1.5988,-0.0672,-0.2087,0.9016,0.6305,-0.3273,-1.326,0.9698,-1.2473,-0.8481,-0.6932,-0.411,0.619,0.532,-2.4741,1.9958,-0.4027,0.1205,-2.0905,0.2405,0.4918,-1.5383,-0.1675,-0.3745,-1.1498,-1.3312,0.3735,-0.8836,-0.3905,0.7564,-0.6368,-1.2218,4.0447,0.3838,-0.6908,-0.8895,-0.6172,-1.6685,0.1594,0.2425,-2.3012,-1.7366,-0.2582,-0.5907,0.4427,0.7272,0.794,3.1732,-0.2555,-0.6195,1.5528,-2.1463,-0.6482,-0.9418,1.8092,4.6813,-1.2909,0.9668,0.0641,1.4965,-0.2467,0.5608,-1.906,0.091,-0.9315,0.7519,-0.2682,-0.1985,-1.5092
TCGA-AA-3850-01,2.633333333,-0.3922,-0.638,-2.0036,-0.4315,-0.7211,-2.0442,-0.3772,-0.8931,-2.0238,-0.3263,-0.461,-0.6894,-0.2808,-0.7621,-0.9888,-0.8992,0.0075,-1.6997,-0.6458,-0.1698,2.1978,-2.7191,1.8194,-0.507,-0.4248,1.2771,-0.3852,0.3332,0.006,0.7095,1.0945,-1.0831,0.5727,0.4717,-0.8739,1.6135,-2.7985,-3.7115,0.698,-1.0388,0.8664,-0.4102,0.303,0.7129,0.8745,0.2722,0.332,-0.5968,-0.0315,0.202,0.3173,0.1348,-0.5347,-0.6315,-0.8095,-0.4367,-0.6779,-0.4798,0.8628,-1.2812,-1.711,0.3991,-0.3467,-0.7252,0.4018,0.1387,-1.2438,-0.4314,-0.2542,0.2295,0.1028,0.455,-0.6688,0.3264,0.1599,2.3863,0.5476,0.4736,-0.7828,-0.6383,-1.049,1.3908,-0.0076,-0.0482,0.1271,0.3995,-1.4086,-0.3085,-2.048,0.7114,0.1097,-0.5495,0.0831,0.1648,1.1224,-0.1655,-0.28,-0.5863,-0.535,-4.0603,-0.5739,-0.3196,-0.9325,-0.2615,-0.313,-2.211,-0.6975,0.2541,-0.1011,-0.1549,-1.1878,1.8289,-0.6256,-0.5407,1.3345,3.1892,2.8792,0.4137,-0.1284,-1.7257,0.8744,-1.5397,-0.2651,4.6005,0.7083,-0.2353,-0.59,-1.1118,0.6884,-1.6748,0.6719,-3.4792,0.9446,-1.4625,-0.2842,-1.8286,-1.5097,-0.7053,0.1005,-1.2602,-1.2475,-0.4225,0.6585,-0.4365,1.9963,0.313,-0.4579,0.0202,0.3972,-0.3451,-0.2339,-0.6179,-2.314,-0.4998,-0.8001,-0.245,1.5211,-0.0716,-1.1765,-0.0257,-1.7657,0.9561,0.0812,-0.399,-0.5508,1.6007,-1.0898,-0.7966,-0.7485,-0.363,-0.1202,-0.9457,0.8265,0.3812,0.9191,-0.7099,-0.3731,1.1481,0.4961,-0.2283,2.952,0.5689,0.655,0.6718,-0.1722,-1.1003,-1.0637,-0.2602,-1.2213,-0.9347,-2.15,-0.9342,0.0658,1.1226,0.2835,0.5072,-1.1649,-1.9761,-1.1825,-0.5195,-1.4948,0.2665,0.0092,2.4479,0.0524,0.3635,0.2068,0.7742,-2.0196,0.2507,0.3449,0.3872,0.6435,1.0422,-0.3041,0.5668,0.3556,0.6587,0.3622,0.426,-0.1417,-0.6098,-1.3138,-1.0941,2.7262,0.0789,-0.2667,-0.3112,-0.8943,0.2885,-1.0224,2.9133,0.1727,-1.5115,0.8038,0.1015,0.0934,2.0016,0.0418,-0.6979,-0.2678,-1.3386,-2.7064,-0.795,-1.043,-0.4942,0.3607,0.9678,-1.4531,2.4522,-0.5385,0.4985,-1.7785,-0.067,0.1917,-1.267,-0.7052,-0.3208,-1.5365,-0.8898,0.5742,-0.6797,-1.5867,1.7313,-0.421,-1.541,3.6758,0.2938,-0.7914,-0.909,0.2768,0.5828,-0.4147,-0.0158,0.2409,-1.0762,-1.4703,-0.6223,0.0748,-0.637,1.6345,3.3272,-0.947,0.019,1.2254,-1.8653,3.0238,0.783,2.273,4.7047,0.109,0.6983,0.5723,0.9797,0.1072,0.4622,-1.5894,0.9308,-0.7668,0.2711,1.7342,-0.2505,-2.0652
TCGA-AA-3867-01,2.833333333,-0.3973,-0.1769,-2.001,0.6975,-0.6164,-1.4837,-0.4985,-0.0867,-1.5018,-0.3163,0.1766,-0.0751,-1.0421,-0.7561,-0.215,-1.1599,-0.381,-0.339,-0.6313,0.0938,2.4435,-1.3494,1.7876,-0.7688,0.0852,1.3729,-0.3545,0.2794,1.1686,0.1164,1.9692,-1.6358,0.7515,1.3495,0.2382,1.2235,-3.355,-4.7611,1.0269,-0.2339,1.2201,-0.0078,0.968,0.3562,0.5785,-0.5865,0.1129,-0.5401,0.3268,0.1625,0.1622,-1.1358,-0.5194,-0.9195,-0.5673,-0.4201,1.1068,-1.0978,0.8888,-1.4778,-1.709,1.01,0.52,-0.654,0.791,0.5335,-1.4845,-0.8145,-0.1756,-0.6105,0.4354,-0.7803,-0.1745,0.6863,0.5828,0.7505,-0.0238,1.1062,-0.6349,-0.2401,-1.7681,1.3528,0.0246,-0.3387,0.0802,0.6006,-1.5008,0.0978,-1.3438,-0.0295,0.4608,0.186,0.3794,0.1518,0.3058,-0.0085,-0.6383,-0.7477,-0.0632,-1.653,-0.3371,-0.6874,-1.0672,0.3868,-0.4298,-3.0152,-0.8002,0.1703,-0.8607,0.2029,0.2493,-0.2792,-0.5813,-0.7814,0.084,1.7917,2.1965,1.0608,0.387,-1.4886,0.8495,-2.3852,-0.3649,4.3285,0.3102,-0.0139,-1.4285,0.2432,1.381,-1.8924,1.0224,-4.3238,0.9279,-2.4968,-0.389,-1.4296,0.8833,0.199,-0.2305,-1.596,-2.2476,-1.8185,-0.363,-0.7443,2.8079,0.2918,-0.8485,0.153,-0.061,0.0061,-1.2117,-1.5275,-1.724,-0.871,-0.7545,1.1631,0.3905,-0.3508,-2.1558,0.4658,-2.6775,2.312,-0.1168,-0.08,0.4793,2.0642,-0.4866,-0.5051,0.6041,-0.1648,0.895,-0.8475,0.171,-0.195,0.497,-4.2256,-0.7136,2.3097,0.4737,0.1033,2.27,-0.6637,1.6576,0.8882,-0.2695,-0.4915,-1.6127,0.3508,-0.8411,-1.2993,-2.1396,0.0762,0.0077,0.8812,1.666,0.9954,-1.1916,-1.0526,-2.0225,-0.4475,-0.39,4.115,-0.125,0.7045,-0.8259,0.6932,0.5807,0.55,-0.4047,0.287,0.2158,1.6158,0.366,-0.1849,0.064,-0.5728,0.8275,0.5782,1.0245,-0.5327,0.9102,-0.1896,-1.497,-1.2704,3.2508,0.2838,-0.5942,-0.0695,-0.9727,0.1118,-0.1474,2.7292,-1.5502,-2.4265,1.0785,-0.3532,0.9685,0.5779,0.5903,0.3435,-1.3244,0.5564,-2.4596,-1.0665,-1.5712,0.2009,0.5833,0.6074,-1.4942,1.8138,0.1408,0.4277,-2.0492,0.288,0.5878,-2.0985,-0.2366,-1.0672,-1.7132,-2.0698,1.1312,-0.3029,-1.2758,1.2249,-0.6475,-1.312,3.867,-0.5497,-0.737,-1.413,0.0082,-1.1205,0.036,-0.125,-1.8042,-0.8638,0.6938,0.0167,1.1317,0.7143,1.0478,3.8398,-0.9608,-0.589,1.6322,-2.3657,2.4492,1.5475,1.9945,3.6513,0.8162,2.2168,0.2647,1.7955,-0.2344,1.0227,-1.5271,-0.0388,-1.2322,0.1189,-0.434,-0.7582,-0.513
TCGA-AA-3941-01,3.3,-0.6779,-0.3706,-2.6995,-0.371,-0.3978,-2.5997,-0.4214,-0.4884,-1.1818,-0.915,-0.1464,-0.7234,-1.8488,-0.1334,-0.9762,-0.9476,-0.3325,-1.983,-0.7966,0.1588,2.6465,0.3539,0.7687,-0.7512,0.4375,1.2249,-0.6512,-0.0942,0.939,0.3732,1.0018,-0.7761,0.4268,2.1848,-0.0732,1.2625,-3.205,-4.1355,0.2422,-0.75,1.2308,-0.585,0.497,0.8561,0.8044,-1.2545,0.2527,-0.03,0.7,-1.0832,0.418,-0.0469,-0.1545,-0.586,-0.9237,-0.2266,1.0011,-0.537,0.4495,-1.7107,-2.013,1.1441,-0.6593,-0.9822,-0.1417,0.1732,-2.026,-0.7946,0.3081,0.3945,-0.3255,-0.9547,-0.571,-0.2091,0.4045,0.9823,0.6964,0.5542,-0.9191,-0.3832,-2.827,0.8176,-0.5574,-0.2986,-0.237,-0.4749,-1.4191,0.719,-3.2605,0.0086,-0.2152,-0.051,-0.2046,-0.6155,-0.9055,0.5858,-0.8902,-0.117,0.359,-3.7632,0.3632,-0.82,-0.9767,0.3345,-0.9158,-2.3358,-1.7475,-0.7651,0.4797,0.7296,-1.6171,-0.7794,-0.0471,-1.0379,0.3,1.252,1.0718,0.1897,-0.3239,-1.144,0.0546,-1.3042,-0.3959,4.1135,0.0055,0.0625,0.3578,-1.7591,1.6534,-1.8621,0.1381,-4.8368,1.2839,-0.8052,-0.5018,-2.1927,0.919,1.1092,0.0095,-2.3908,-2.4544,-2.4325,-0.1225,-0.6007,1.5924,-0.03,-1.1323,0.1265,0.056,-0.561,0.1195,-0.0741,-2.8085,-0.6462,0.4681,-0.6477,0.2746,-1.1508,-0.8238,0.4476,-1.9468,2.3219,-0.0613,0.1592,-0.0585,0.375,-0.598,-1.3891,0.1528,-0.466,0.334,-0.3555,0.7232,0.3679,0.3209,-1.1184,-0.3729,1.31,-0.4421,-0.2002,2.263,-1.2394,1.9398,0.7478,0.214,-0.8798,-2.5818,0.5072,-0.4753,-0.3197,-3.0199,-0.0652,0.4034,1.5833,0.1633,0.7812,-1.5251,-1.4652,-1.2925,-1.1625,-1.2114,-0.2495,0.6288,0.2559,-0.3955,-0.2402,0.1598,0.4466,-1.3767,-0.5498,0.5961,0.323,0.882,0.3619,-0.7242,-0.4078,0.0201,0.3795,1.1688,-0.5498,0.1768,0.002,-1.986,-0.6928,2.211,0.6944,0.1583,0.7287,-2.1193,1.0582,-0.4689,2.3264,0.4422,-1.8075,0.6395,0.5085,0.7909,0.336,0.7986,0.1664,-1.0698,0.1597,-1.2022,-0.6408,-1.9828,-0.9385,0.8357,1.369,-2.9192,2.4725,-1.7648,-0.1298,-2.3142,-0.2968,0.129,-2.1935,-0.7872,-0.1243,-1.2355,-1.9442,0.1224,-0.4821,-1.435,0.6421,0.016,-2.3608,2.3508,0.6348,-1.1978,-0.9405,0.7677,-1.664,-0.4181,-0.37,-1.7988,-2.0751,-0.5773,0.4853,0.8627,0.6312,1.6758,3.3408,0.0988,0.3245,1.2401,-1.8947,2.6992,-0.2955,1.7935,4.331,-1.1686,1.4855,0.1236,1.541,0.1106,0.7427,-2.2401,0.5077,-0.285,0.2974,-2.8715,0.2072,-0.0992
TCGA-AA-3980-01,3.1,0.0047,-0.8099,-1.5258,0.685,-0.8555,-2.3182,-0.5304,-0.3658,-1.3563,-0.649,-0.21,-1.0419,-0.1885,-0.5109,-0.9278,0.2051,1.373,-1.768,-0.4967,-0.3602,1.8017,-2.6261,1.2403,-0.8488,-0.0726,0.9134,0.0348,0.0867,1.7402,0.3575,1.4508,-0.8713,-0.1872,-0.5228,-1.2157,1.0757,-2.478,-4.45,1.0524,-0.7981,1.0099,-0.1128,0.2615,0.0307,0.6795,1.1198,0.1962,-0.1448,0.9128,-1.2237,-0.0448,-0.4984,-0.8028,-1.151,-0.7725,0.0321,0.3757,-1.1325,0.4748,-0.2917,-0.6015,-0.138,-0.165,-0.9978,0.1448,0.7562,-1.3012,-0.1211,-0.5088,-0.165,-0.0016,-0.5422,-0.7568,0.3102,0.1021,0.9934,0.2849,-0.1729,-0.5183,-0.0867,-1.2836,1.6639,-0.1961,0.0811,-0.2643,0.2168,-0.8594,-0.2375,-1.6365,0.9416,0.4747,-0.146,0.5745,-0.0092,0.9978,-1.8567,0.0102,-0.1082,-0.504,-1.9172,-1.0181,-1.0146,-0.0802,-0.1403,0.4985,-1.3323,-1.1962,-0.0244,0.1421,0.4398,-1.1473,-0.2659,-0.8722,0.0045,2.1275,1.0098,1.2375,0.7288,0.3182,-0.8417,0.4412,-2.3527,0.1798,4.3992,1.6812,0.1232,-0.3448,-1.4205,0.7768,-2.1578,1.2862,-4.2982,0.7772,-0.1148,0.994,-1.6463,0.5623,-0.2788,-0.5062,-1.186,-1.711,-2.333,1.0287,-0.7688,2.1981,0.8128,-0.3717,0.0667,-0.3765,-0.2791,-1.0793,-1.1942,-2.6501,-0.8095,-0.4658,1.7318,0.2302,-0.515,-0.8106,1.0087,-2.3377,4.5134,-0.1798,0.6595,-0.5128,1.2092,-0.8083,-0.7372,0.2855,-0.803,0.4105,-0.6042,-0.0098,0.1154,0.6887,0.6801,-0.3157,1.2157,0.4716,-0.1765,3.3545,-0.6805,0.7278,0.6978,-0.3548,-0.3352,-1.5225,-0.4655,-0.6795,-0.7897,-2.5214,-0.285,-0.0907,0.5223,0.7005,-0.2537,0.0058,-1.5989,-0.488,-0.1383,-1.3166,-0.0158,0.0132,1.5696,-0.0169,0.994,0.3628,0.5609,-1.3269,0.9365,-0.4956,0.9926,0.8672,0.206,0.2693,-0.2488,0.503,0.926,0.2298,0.9845,-0.2308,-0.0798,-0.9355,-0.9999,2.4023,0.3591,0.4877,-0.3393,-0.5747,0.872,-0.6415,2.7944,-0.6448,-1.3885,0.7362,-0.023,-0.6348,0.2301,0.6604,-0.3109,-1.1948,-0.4082,-2.6046,-1.2068,-0.0798,-0.0642,0.4053,1.3388,-1.6584,2.2985,0.9962,0.2058,-1.0468,0.5485,0.0105,-1.3492,-0.7069,-0.1793,-0.8745,-2.1395,0.5179,-0.1608,-0.5275,0.7703,-0.6152,-1.9668,4.0925,-0.2089,-0.8418,-0.014,0.0345,-0.8903,0.8311,-0.1752,-1.3612,-0.9525,-0.5427,-0.4913,0.6222,0.2592,0.7186,4.2465,-1.6745,-0.224,-0.3538,-2.4085,1.7305,0.2018,2.1145,4.4358,-1.6259,0.9552,0.2817,1.1935,-0.3255,0.557,-1.6559,0.6133,-0.3478,-0.2186,-0.2298,-0.6385,-1.7752
TCGA-AA-3982-01,3.033333333,-0.4324,-0.9336,-1.8412,0.6225,-0.5249,-2.4883,-0.7234,-0.4709,-1.2932,-0.2798,-0.4121,-1.3506,-0.5055,-0.6886,-0.5995,-0.5204,0.3998,-1.4122,-0.508,-0.1878,2.5708,-2.3106,1.2882,-0.9652,-0.0065,1.6355,-0.349,0.0027,0.9018,0.2971,1.2844,-0.9892,0.1549,0.3885,-0.6178,2.0655,-3.2968,-4.0684,0.8125,-1.5225,0.9591,-0.3512,0.582,0.4499,0.5246,0.2642,0.1838,-0.7354,0.3225,2.5673,-0.0257,-0.1618,-0.7555,-0.8055,-0.7023,-0.3291,0.6296,-0.6075,0.4875,-0.7903,-1.707,0.374,0.2162,-0.8661,0.1298,0.017,-1.3722,-0.0186,0.0474,-0.355,-0.2454,0.2808,-0.4888,-0.0274,0.3216,0.7562,0.3851,0.8359,-0.479,-0.3339,-1.1345,1.5653,0.0474,-0.1572,-0.1312,0.2201,-1.6419,-0.088,-2.2222,0.034,0.6974,0.3018,-0.0889,-0.121,0.3563,-0.0573,-0.5772,-0.8973,0.3988,0.141,-0.6269,-0.4614,-1.5145,-0.4125,-0.0703,-1.9935,-0.0965,0.238,-0.8601,0.1731,-1.0928,0.1428,-0.23,-0.2964,0.7335,1.558,1.6238,0.7775,0.0631,-1.8428,0.6102,-1.981,-0.0459,4.4858,0.7517,-0.1596,-0.095,-0.4866,0.9917,-1.6225,0.4764,-4.0242,0.7905,-1.2022,0.0538,-1.6945,0.8383,0.0118,0.2388,-1.1127,-1.2219,-1.2095,-0.0133,-0.7568,1.9987,0.1968,-0.4822,-0.0335,0.0217,-0.295,-0.687,-1.126,-2.1463,-1.0238,-0.4868,0.8048,0.3849,-1.468,-0.9532,-0.167,-1.993,1.1054,0.1118,0.527,0.2898,1.3807,-1.0072,-0.7428,0.6816,-0.3135,0.9278,-1.2055,0.195,-0.3989,0.6646,-4.3209,-0.4784,1.3775,0.2552,-0.0928,2.292,-0.6351,1.3665,0.9645,-0.2015,-0.6948,-1.0777,-0.2745,-0.164,-0.9428,-2.1044,-0.2575,-0.3039,0.6232,0.834,0.4752,-0.3888,-1.5598,-1.5305,-0.2635,-0.2247,-0.1708,-0.0652,2.0085,-0.298,0.5115,0.718,0.2814,-1.4314,-0.255,-0.7069,0.424,0.6842,-0.2214,-0.1046,-0.1372,1.2683,0.5675,0.7238,0.655,0.0858,-0.1906,-1.5913,-1.1226,2.4355,0.201,-0.6835,0.2927,-0.96,0.2485,-0.8789,2.0362,-2.0879,-1.312,0.4267,0.0217,0.2332,0.2771,0.2131,-0.1472,-1.514,-0.0922,-2.1974,-1.0806,-1.2288,-0.0904,0.475,0.6715,-1.1561,1.5952,0.3028,0.4267,-1.91,0.2965,0.5393,-1.707,-0.0681,-0.4332,-1.0788,-1.999,0.8555,-0.4426,-0.7973,1.1735,0.218,-1.983,4.208,-0.0342,-0.8314,-0.8455,-0.732,-0.1307,0.0158,-0.0285,-0.7865,-0.7081,-0.3165,0.1538,0.2683,0.1488,0.6782,3.5788,-0.5502,0.4325,1.5228,-2.0163,-0.1995,0.9888,1.4178,3.2235,-0.4231,1.0627,0.1862,1.0993,-0.0665,0.647,-1.5922,0.1832,-0.8018,-0.1909,-0.7538,-1.1292,-2.5358
TCGA-AG-4007-01,4.266666667,-0.4563,-1.4228,-2.255,0.1355,-0.5816,-1.526,-1.3632,-0.1235,-1.5079,-0.5309,-0.8588,-1.606,-1.9244,-0.5959,-0.9898,-0.889,-0.1155,-1.6542,-0.2014,-0.213,2.3307,-1.2653,2.3955,-0.9782,-0.6181,0.0908,-0.3365,-0.0866,0.5424,0.7042,2.2469,-1.5475,0.5228,-0.0464,-1.5939,0.51,-2.6105,-4.4616,0.808,-0.5718,1.9556,-0.9432,0.5375,-0.1864,1.1086,-0.2912,0.6925,-0.2965,0.154,-0.0678,0.2458,0.3725,-0.4406,-0.168,-1.308,-0.2809,-0.1596,-0.9727,0.4932,-1.919,-1.9685,-0.1996,0.175,-1.2294,0.5682,-0.946,-1.5558,-0.2907,-0.3239,0.3475,-0.1219,0.6083,-0.626,0.8071,0.3151,0.8545,0.6109,0.2693,-0.3546,-0.2007,-1.947,1.5341,0.0025,0.0411,-0.8538,0.2322,-1.525,-1.4232,-1.9822,0.7385,0.1069,1.2015,0.3821,-0.8002,1.0882,-0.141,-1.2912,-0.9838,-0.8425,0.7432,-0.5837,-0.4184,-0.9027,-0.5192,0.5833,-2.0538,-1.3678,0.1516,-0.003,-0.3875,-0.9773,0.0979,-1.0071,-0.9466,0.374,2.2033,1.2418,0.5658,-0.1645,-1.5455,0.1973,-2.5503,-0.7479,5.6035,0.6028,-0.5906,-0.9647,-0.8105,0.7646,-1.2487,0.3757,-3.9714,0.7445,-2.1868,-0.2075,-1.6914,0.4133,-0.042,-0.9292,-1.5127,-1.8961,-1.7124,1.7277,0.2887,1.3523,0.3012,0.0689,0.0165,-0.7781,-0.5279,-0.3522,-0.6502,-2.0285,-0.9595,-0.2054,0.9111,0.3703,-0.4824,-1.8127,0.6079,-1.4232,0.5338,0.1537,-0.2037,0.0435,1.8302,-1.497,-0.3957,-0.5563,-0.7802,1.4268,-1.8098,-0.1028,-0.1515,0.955,-4.8245,-0.5804,1.6898,0.3269,-0.1822,2.5715,-0.4733,1.0806,1.1905,-0.673,-0.374,-0.8495,-1.231,-0.7775,-2.2175,-2.448,0.8092,-0.9808,0.9658,0.8445,-0.1072,-1.314,-0.786,-0.331,-0.6108,-0.8969,2.758,0.1125,0.5989,-0.3156,0.413,0.5853,-0.2529,-1.2752,-0.739,0.1954,-0.0949,0.7283,0.4209,0.0821,0.589,0.6394,1.0283,-0.0867,0.6115,-0.0445,-0.0699,-1.0795,-1.3596,2.9868,0.7294,-0.8137,-0.2207,-0.794,1.3598,-0.7279,3.1366,-1.8425,-1.483,1.0942,0.0342,0.309,1.0967,0.0274,-0.1362,-0.1706,0.3114,-2.1526,-1.5269,-1.387,-0.3381,0.2437,0.8499,-0.6744,1.9725,-0.0685,1.5965,-2.1695,0.9045,0.0333,-2.258,-0.2774,-1.25,-1.6125,-1.5912,0.2631,0.2057,-1.2728,1.9253,0.0434,-1.7417,4.0692,0.0619,-0.9868,-0.6925,-0.19,-0.9535,0.4081,0.4045,-1.1979,-0.7661,-0.0502,-0.9043,0.1582,-1.392,1.05,3.94,-1.0232,0.1415,1.364,-2.2537,0.035,-0.284,1.478,2.055,-0.8978,1.0984,0.4872,1.5268,0.1749,0.9808,-1.3893,0.0958,-1.652,-0.3639,0.2537,-0.1595,-2.0448
TCGA-AG-A00Y-01,6.5,-0.0546,-0.6385,-3.2292,1.442,-1.8171,-2.9292,-0.4073,-0.0458,-1.0933,-0.4231,0.0138,-0.7564,-1.0628,-0.2739,-0.859,-0.1605,1.8832,-2.0857,0.4353,-0.4152,2.5537,-1.5068,1.9216,-0.418,0.6892,1.1662,-0.0755,0.1301,-0.9994,0.3509,1.2794,-0.2461,0.6159,-0.2514,-0.7924,1.1023,-3.6505,-4.8649,1.0145,-0.8299,1.7055,-0.115,0.041,0.1004,0.7606,-0.281,0.5466,-0.496,-0.0732,-0.443,0.3457,-0.3527,-1.1105,-0.6495,-0.4272,0.0865,0.6619,-0.8547,-0.0538,-0.8398,-1.36,1.3441,0.1662,-0.3351,0.353,0.691,-0.8018,-0.0331,-1.4029,0.241,0.5795,-0.7984,-0.5337,0.3961,0.3192,1.1476,1.309,0.6169,0.5454,0.2643,-2.4867,1.5858,0.6776,0.2539,-0.4298,-0.7988,-0.5649,0.0033,-2.3468,1.7642,0.0891,0.1598,0.3685,-0.5698,1.1973,0.7158,-0.1067,0.0813,-0.103,-0.046,0.1148,0.2911,0.2143,-0.8225,0.8922,-1.9363,-1.6918,0.0451,0.6726,0.3312,-0.4497,0.2123,-0.4157,-0.0185,1.8645,1.8083,1.6218,0.6245,-0.043,-0.7986,0.7234,-3.2997,0.8354,4.6242,0.5962,0.3461,-1.8243,-2.0686,1.2338,-2.7495,-0.5049,-5.6194,1.5289,-0.509,0.5562,-2.7847,0.9807,-0.7335,-0.018,-2.378,-2.5621,-1.9812,0.6505,0.2422,2.0964,0.5442,0.3494,0.1702,-0.4516,-0.8549,-0.6478,-0.1802,-3.3009,-1.23,-1.0839,1.315,0.1115,-0.8778,-1.6667,-0.506,-2.1783,2.3035,-0.3873,-0.1232,-0.7143,1.0201,-1.0321,-0.7879,-0.0482,-0.457,0.6198,-1.4022,-0.9298,0.472,0.0988,-5.5128,0.0342,2.4431,0.4318,-0.13,3.345,-1.5256,0.9869,-0.0532,-0.2862,0.0038,-1.6442,-0.3592,-0.3925,-0.9658,-2.9849,0.6992,0.1498,-0.0523,1.025,-1.3176,-0.6055,0.0052,-0.266,-0.353,-1.9072,2.8838,-0.1592,0.083,-0.4942,-0.0272,0.6588,-0.31,-1.0024,1.7062,0.373,1.9955,2.0843,0.0647,0.3744,-0.489,0.4576,0.5178,0.6475,-0.292,-0.2078,-0.4574,-1.113,-0.7012,2.7853,0.1838,-0.3708,-0.2135,-0.251,0.9235,-0.6042,3.1647,-0.0362,-1.352,1.1082,-0.23,0.3868,-0.1337,1.8884,1.0036,-1.7878,0.2768,-3.7435,-0.4308,-1.0485,-0.9239,-0.2115,1.381,-2.7013,2.2042,0.5672,0.2443,-0.9872,0.6165,-0.0813,-2.2873,-0.8198,-0.27,-1.32,-1.5743,-0.1984,-0.3897,-0.8123,1.1315,-0.2607,-2.2717,2.8595,0.2688,0.0135,-0.595,-0.749,-1.768,0.4861,-1.0185,-1.8625,-2.1139,-0.3377,-0.6203,1.4545,0.035,1.0931,4.079,-1.2408,-0.099,1.2558,-2.6248,0.467,-1.1805,2.8765,2.9003,-1.3868,1.0171,0.2282,1.2078,-0.0531,0.7412,-2.23,0.0032,-0.8652,0.2526,0.338,-0.516,-2.2268