sampleId,TMB_NONSYNONYMOUS,ABL1,AKT1,ALK,AMER1,APC,AR,ARID1A,ASXL1,ATM,ATRX,AXIN1,BAP1,BCL2,BCOR,BRAF,BRCA1,BRCA2,CARD11,CBL,CDC73,CDH1,CDKN2A,CEBPA,CIC,CREBBP,CTNNB1,DAXX,DNMT3A,EGFR,EP300,ERBB2,EZH2,FBXW7,FGFR2,FGFR3,FLT3,FOXL2,GATA3,GNA11,GNAS,HNF1A,HRAS,IDH1,IDH2,JAK1,JAK2,JAK3,KDM5C,KDM6A,KIT,KMT2D,KRAS,MAP2K1,MAP3K1,MED12,MEN1,MET,MLH1,MPL,MSH2,MSH6,MYD88,NF1,NF2,NFE2L2,NOTCH1,NOTCH2,NPM1,NRAS,PAX5,PBRM1,PDGFRA,PIK3CA,PIK3R1,PPP2R1A,PRDM1,PTCH1,PTEN,PTPN11,RB1,RET,RNF43,SETD2,SF3B1,SMAD2,SMAD4,SMARCA4,SMARCB1,SMO,SOCS1,SPOP,STAG2,STK11,TET2,TNFAIP3,TP53,TSC1,U2AF1,VHL,WT1,AKT2,ATR,BARD1,BCL6,BRD4,BRIP1,BTK,CALR,CASP8,CBFB,CCND1,CCND2,CCND3,CCNE1,CD274,CD79A,CD79B,CDK12,CDK4,CDK6,CDKN1B,CDKN2C,CHEK2,CSF1R,CSF3R,CTCF,CXCR4,DDR2,ERBB3,ERBB4,ERG,ESR1,ETV6,FANCA,FANCC,FGFR1,FGFR4,FLCN,FUBP1,HGF,IKZF1,IRF4,JUN,KDM5A,KDR,KEAP1,KMT2A,MAP2K2,MAP2K4,MAPK1,MDM2,MDM4,MITF,MTOR,MUTYH,MYC,MYCL,MYCN,NSD2,NSD3,NTRK1,NTRK2,NTRK3,PALB2,PDCD1LG2,PDGFRB,PIM1,PRKAR1A,RAD21,RAF1,RARA,SDHA,SDHB,SDHC,SDHD,SOX2,SPEN,SRC,STAT3,SUFU,SYK,TENT5C,TGFBR2,TNFRSF14,TSC2,XPO1,AKT3,ARAF,AURKA,AURKB,AXL,BCORL1,BCR,BTG1,CDK8,CDKN2B,CHEK1,CRKL,DOT1L,EED,EPHA3,EPHB1,ERCC4,FAS,FH,FLT1,GSK3B,ID3,IGF1R,IKBKE,INPP4B,IRS2,MAP3K13,MCL1,MRE11,MSH3,NBN,NFKBIA,NT5C2,PDCD1,PIK3CB,PMS2,POLD1,POLE,PPARG,RAC1,RAD51,RAD51B,RBM10,REL,RICTOR,SOX9,TBX3,TERT,ACVR1B,ALOX12B,BCL2L1,CDKN1A,CUL3,DIS3,ERRFI1,ETV4,ETV5,EWSR1,FANCG,GNA13,HDAC1,LYN,MAF,MST1R,MYB,NOTCH3,PARP1,PRKCI,PRKN,RAD51C,RAD51D,RAD52,RAD54L,SGK1,TEK,VEGFA,XRCC2,BTG2,CD22,CD70,CD74,CTNNA1,EMSY,FANCL,FGF14,KLHL6,MTAP,NUTM1,PDK1,QKI,ZNF217,ARFRP1,CUL4A,EPHB4,EZR,GATA6,GID4,GRM3,IRF2,KEL,LTK,MERTK,PIK3C2B,PTPRO,RSPO2,SDC4,SLC34A2,ZNF703,CYP17A1,DDR1,FGF12,MKNK1,PARP2,PARP3,SNCAIP,TIPARP,TYRO3
TCGA-B7-5816-01,39.43333333,21.8278,40.8908,0.0122,1.2652,4.3895,0.2355,9.4278,5.2462,1.6523,5.2568,10.3899,17.412,1.1312,8.6628,3.505,1.8654,0.9835,1.7401,3.3099,7.1526,108.0124,2.304,4.2223,24.8135,16.8475,28.1597,20.7336,2.8027,8.5263,20.7411,48.0236,4.4428,1.5162,4.0161,8.6243,0.0454,0.0619,0.8812,26.1482,81.5736,7.0226,14.9079,37.9607,69.8405,22.7972,11.8625,2.9607,26.3477,5.4388,1.9232,8.9252,7.4597,26.5199,3.8224,9.5936,9.7086,14.7502,2.8235,0.0656,5.2193,7.4994,53.4059,5.0442,4.4922,17.911,13.4605,14.0147,123.494,17.0661,0.6317,5.1998,9.5819,4.5032,4.508,87.5331,23.7109,0.7928,10.1406,17.5386,11.8978,0.1449,3.0462,6.2966,29.5355,4.8438,4.5647,18.6062,27.5899,3.8809,18.2455,10.7088,10.6271,20.9875,2.1467,110.8219,16.9249,2.0921,6.0709,9.1586,2.2774,15.7436,2.4262,1.8544,17.6962,16.9641,0.7487,1.3993,731.1995,7.1922,22.3952,66.7616,10.4473,18.3263,8.0029,7.8496,6.3916,1.5935,9.3905,56.2851,3.3106,15.3979,4.0167,4.5901,25.2998,15.6872,18.4999,26.1191,12.7336,29.6188,0.0031,1.3103,0.22,11.3034,6.3493,2.3382,11.0846,40.9896,4.6419,30.9564,0.2187,2.433,0.6365,105.8235,4.0069,4.5038,34.4656,4.8701,54.0519,6.2225,21.437,14.3926,1.398,2.6858,6.8909,3.4697,37.8533,0.6142,1.9348,5.587,13.0132,0.163,0.4564,0.0472,3.0246,4.7876,59.3643,26.6647,37.8475,54.4963,27.0145,16.0166,39.6567,72.5827,16.4083,56.7704,0,9.938,30.6142,231.0218,4.2581,7.3275,2.4427,21.3812,11.4501,8.0075,14.7068,2.8667,29.2775,12.1927,18.0265,16.1106,2.5821,0.0824,20.5614,4.3079,5.4903,3.4349,15.6255,7.4526,2.6056,0.3186,0.1924,0.9845,3.377,23.2779,3.1749,8.069,71.9476,3.7193,5.8411,2.1072,7.4124,8.6402,134.6051,1.7656,3.5669,17.6048,307.0513,17.2631,2.6847,13.7516,1.4975,10.9763,4.9789,7.6179,139.9392,5.3025,0.6955,20.2857,3.567,1.3457,46.7386,4.0138,0.0475,8.2475,1.6531,104.5057,86.0916,7.1907,5.6672,46.5039,1.1166,8.1281,36.2648,8.0451,13.3146,58.1255,32.873,6.6936,34.7454,2.78,48.4632,42.8782,26.592,0.1469,2.2618,3.4523,0.6484,4.0726,20.732,1.7102,66.3712,0.9494,70.979,0.4068,1.656,4609.0971,190.0538,1.9532,5.0626,0.1944,1.1422,2.8526,0.0093,2.9168,5.2661,12.361,18.153,8.7171,16.8032,194.5832,24.8004,2.1221,0,29.1877,0.0373,2.9099,3.6477,13.349,0.3278,0.4538,431.0805,0.0535,15.3395,0.0203,74.4566,0.142,6.6373,5.3355,16.0717,0.3554,16.7505,2.631
TCGA-B7-5818-01,11.8,25.3017,56.9495,0.0531,2.0216,2.2917,0.0323,37.6831,6.5372,1.264,5.7681,15.5315,22.5511,1.1469,9.1236,3.9015,5.322,1.2329,1.7041,4.2817,5.9403,101.313,0.8208,23.5148,22.0913,15.6992,23.5526,24.8715,6.5093,4.1995,28.0321,54.6145,6.631,1.6104,32.2089,12.9165,0.1087,0,1.292,36.5136,139.2526,9.8635,19.3205,92.7765,68.6021,23.675,6.3707,3.5672,18.9049,3.5972,0.1811,10.179,10.381,20.0962,3.2373,7.1337,16.7544,21.9296,8.8416,0.1377,5.1473,8.5194,23.799,5.5305,11.9006,15.0782,19.7342,12.448,191.3371,14.8826,0.0329,6.5474,3.6393,4.1549,7.0118,111.06,3.95,1.1049,3.1432,14.2178,22.7252,0.0503,5.3366,7.9051,28.9662,3.0243,2.9562,20.4122,82.4726,0.7294,84.0683,15.7304,9.2084,25.1178,1.6199,12.9115,4.2425,3.1237,8.2862,25.5876,0.1426,26.2502,2.3724,1.6585,16.497,16.1374,1.0862,1.9445,650.4476,6.2704,18.2104,21.0898,3.2574,46.9318,0.5726,1.4161,3.4644,1.3183,11.9524,82.2943,8.1654,20.6647,9.9463,6.1897,13.2416,6.3474,18.9334,18.0211,3.9,41.2806,0.0026,0.5685,0.1061,15.2386,3.0462,2.6606,2.5871,78.4579,3.4723,22.8588,0.1508,2.1558,0.4077,44.6574,4.3704,3.1909,43.0622,5.6779,71.536,3.3662,25.5506,6.5654,1.6336,3.8483,6.7059,4.3987,23.8498,0.765,1.3129,8.4287,6.7139,0.0321,0.0157,0.0106,3.8082,2.7938,13.5328,9.5445,43.5756,40.2483,21.8387,19.7054,51.4699,87.7283,10.3118,58.8961,58.2225,11.3502,36.1546,145.6718,4.3623,3.659,0.6893,38.0176,19.5363,10.2751,16.1959,1.3644,42.5289,9.5247,15.9085,9.4611,3.5301,0.6084,26.2349,6.7881,1.3232,4.467,24.5035,7.3017,5.5497,0.2916,0.1794,0.6875,1.285,19.3702,2.3454,15.4292,21.7663,5.4759,14.024,0.5394,1.2486,5.8943,66.4344,2.1831,3.4245,10.9454,122.2417,11.1812,2.6124,9.6577,2.538,14.6452,6.7809,5.6421,191.8537,7.2508,0.665,28.4031,3.0185,1.0685,104.733,1.2145,0.007,17.6842,0.3526,54.8385,14.2648,8.0272,6.3282,25.8097,15.4418,30.9801,50.7942,7.9091,15.4615,66.8686,17.3656,3.7785,13.7515,3.5846,21.6437,40.92,13.5968,0.3824,1.5989,4.1759,0.7262,6.2677,18.9624,0.5764,84.797,2.1073,32.8965,0.1922,1.4124,3032.3251,91.8375,1.5401,5.0205,0.0972,1.3857,1.9904,0.037,3.3405,1.6939,12.674,10.0306,22.8005,31.5158,281.3986,37.4947,0.9161,0,24.6761,0.7226,0.0487,1.3493,12.6697,0.3273,0.0707,120.2508,0.0073,14.9827,0.0112,86.0555,0.0745,5.468,6.0895,14.7095,0.0504,6.2414,4.575
TCGA-BR-4187-01,0.8666666667,32.8173,27.7067,0.0123,1.7706,5.6279,2.0083,14.7454,8.7856,5.281,15.6118,10.0364,15.0768,3.5741,6.5938,4.713,2.0369,1.1663,3.3617,5.5841,10.8452,59.1782,1.3077,10.4183,15.405,18.4941,44.3862,18.9539,3.1633,8.9678,18.6924,21.85,2.9874,3.9949,26.8755,1.4701,0.7226,0,1.2896,29.0565,91.6187,2.0791,7.6882,37.2846,93.8194,31.989,6.116,2.2914,9.6788,5.1235,21.8203,3.2749,9.8939,16.5178,5.3742,10.9977,6.8447,14.5446,11.7999,0.2904,5.1497,10.0514,27.1442,8.691,3.7334,31.8999,9.5111,19.2442,127.1955,20.5458,0.7117,11.141,34.9227,10.9271,22.1304,51.855,7.2558,11.523,19.5147,28.0765,31.1478,1.1095,15.0247,10.0844,43.4158,9.7263,7.7899,8.634,25.9544,6.2842,6.6754,25.332,18.8749,8.5857,2.6889,17.6602,15.7901,3.0382,6.5361,6.0796,0.3171,11.2867,3.0761,2.138,16.7273,8.9496,0.6095,4.2669,450.7946,5.3907,12.8527,22.6375,40.4948,23.9422,2.4328,0.7374,20.0586,6.4895,8.672,58.1883,8.3749,21.5682,6.1316,5.6776,81.0867,8.3519,20.9477,57.5675,32.2865,17.8634,0.0149,5.7906,0.8035,12.2428,1.4506,2.5079,18.405,7.8568,2.9875,17.4832,7.5429,6.3616,0.8329,45.2788,7.5087,9.8566,16.1551,7.5599,22.0348,10.0115,35.9841,19.2794,1.7375,5.0443,6.7267,3.0767,47.1168,1.5778,0.3355,2.8244,8.0892,0.3661,1.1874,0.2127,6.9655,6.084,69.7475,10.1535,59.5282,58.8464,24.6567,11.8813,48.6148,83.9052,19.6956,91.269,0.3663,9.6389,16.5964,79.6718,5.3606,17.9029,3.3986,120.86,5.8533,12.3008,18.2281,12.7757,32.4373,4.2004,6.5489,25.2417,2.4158,0,31.0357,14.6969,2.0494,3.6543,16.3278,1.8306,4.3869,14.335,6.3944,2.6301,7.4852,23.3236,3.695,11.0437,40.6686,4.4359,2.418,5.0458,9.4239,3.9964,108.5897,3.3388,7.9138,16.3007,85.1556,16.9645,0.8803,7.3173,2.4211,3.648,2.7939,6.4979,124.4112,2.1077,1.5194,10.8979,4.6022,5.4326,28.1184,3.1229,0.0141,9.4295,0.0217,43.4336,54.6399,13.5527,9.0657,17.2334,3.1747,4.6068,18.8759,3.4591,31.0271,19.8321,24.6674,18.1719,4.6263,1.9217,24.9527,26.3218,9.9624,2.1006,3.9742,3.0925,1.1695,1.5184,13.0726,6.5602,7.8412,0.5622,65.6705,2.6431,0.6876,2957.7961,90.4796,3.4005,6.7337,0.543,1.8293,3.0236,0.0415,1.81,11.9458,10.0456,7.1142,13.3349,16.0666,54.9962,13.4104,5.9981,0.063,28.9908,0.0776,0.4542,10.0739,4.6288,1.3441,0.9104,28.9703,2.8637,31.6502,0.1352,19.0845,0.2668,7.7171,9.5875,13.8639,2.7063,6.812,3.8109
TCGA-BR-4191-01,6,15.038,20.9056,0.0902,1.1495,3.7028,0.1696,4.8758,11.8782,3.2669,5.7788,5.8175,17.3709,1.4651,5.9275,2.9591,2.462,0.7582,13.2133,4.3514,10.2011,107.055,3.2475,8.1605,10.3753,6.6536,38.1867,34.8037,4.3382,4.1529,14.4206,21.3812,8.3962,3.6748,18.554,6.9969,0.458,0.0446,1.4282,18.7566,124.266,6.6552,6.3161,64.3362,60.2008,23.3443,4.3458,3.1109,9.8746,6.3493,3.2535,5.2604,16.0875,19.4024,6.6953,6.4337,8.8504,22.1326,10.0232,0.3047,7.8862,9.4167,36.1841,5.3174,4.083,26.5219,5.4445,7.151,68.2411,30.1312,0.3678,7.5797,15.1115,7.5822,6.663,67.5587,11.9797,3.2711,8.1767,15.5094,32.1154,0.1179,8.2466,10.5748,58.2741,7.0501,7.6276,9.6563,29.0818,1.5933,11.5242,14.6601,38.4537,8.5014,3.8569,60.5621,19.1066,5.7591,4.4377,11.3947,0.0548,11.4161,3.2004,3.3083,15.066,9.2503,1.6714,6.1944,844.7091,6.996,18.1531,43.8564,7.3201,41.4336,2.6649,1.9829,22.5701,5.1049,8.5116,73.4816,9.8305,19.1736,4.2296,4.5914,51.2087,8.3057,18.1102,144.8048,3.7807,44.2388,0.096,3.0159,0.5266,14.6124,4.4948,2.9154,5.1865,23.1852,5.5703,24.2779,1.384,5.4616,1.6928,48.6716,5.5915,11.9149,20.206,3.1134,22.4791,12.0167,25.0537,23.0429,4.6861,3.0096,4.6422,6.9583,29.1477,2.0011,2.3025,2.115,5.1003,0.1534,0.2219,0.1256,6.2536,2.9051,32.899,13.1141,49.7046,77.9189,30.5038,8.1055,22.7783,59.7485,16.1884,38.5224,4.725,5.4334,40.7109,65.697,2.971,23.1972,11.0874,45.0076,11.6671,6.0445,21.9922,4.0979,33.0974,20.041,15.827,27.0777,2.7376,0.1444,24.3792,6.3212,3.5147,1.8269,15.1159,3.6184,6.6875,3.2051,2.6614,1.5061,4.8336,23.5727,6.826,11.1069,33.6014,2.9167,8.2809,4.3931,2.1189,8.7277,137.5416,4.1782,6.0705,23.2221,185.6931,15.6295,1.6604,12.3703,2.6719,4.8985,3.6812,12.2403,132.4009,6.0554,1.1504,10.7676,3.8743,3.7278,39.3859,0.7476,0.0181,10.4066,0.0636,140.5087,48.6906,10.2363,7.1419,19.9356,7.8794,12.1157,26.4915,5.6307,29.6793,64.3411,34.7777,8.5327,7.6869,2.724,19.0941,32.6041,47.106,0.5356,5.2773,3.1199,1.0407,5.333,37.0789,5.0086,75.7472,1.9587,30.7419,2.6478,1.0026,4604.107,68.1099,2.8644,12.304,0.3321,2.5591,2.2287,0.0889,5.8214,8.6336,20.7724,6.0497,16.9922,25.9078,165.5086,27.0749,3.2258,0.2418,24.8219,0.0845,1.9887,20.1512,7.9135,2.003,0.4711,384.8165,8.931,10.1509,0.0538,93.7822,0.8824,15.9538,8.1591,8.6675,0.4647,15.304,3.6568
TCGA-BR-4201-01,41.76666667,16.4482,20.1667,0.0199,1.6532,5.2022,0.6887,12.6405,11.2482,3.2249,10.4823,7.2715,14.8257,1.5481,8.2494,3.2519,2.9774,1.6512,1.1359,5.1226,15.1029,99.0399,2.2571,4.9776,10.4146,11.0175,64.9319,21.9843,2.9236,5.6804,18.856,25.0714,7.7383,4.6196,9.0204,1.7624,0.3109,0.033,1.1552,16.9212,155.6402,2.0805,12.545,46.5984,36.1666,15.3702,9.2603,2.5547,11.5973,7.1694,3.5045,4.5908,15.5747,22.5009,6.2397,9.8677,9.4638,10.461,5.6863,0.326,8.3016,13.0206,26.7352,9.5256,5.1841,25.0274,7.2619,20.2069,203.3151,33.6264,0.7311,10.2046,17.3283,7.9001,14.7377,57.2412,13.1604,1.733,14.9223,28.1248,25.9864,0.3352,6.0854,10.0332,74.0874,11.7713,8.1608,13.3055,27.929,2.782,4.4554,19.4051,18.5877,9.2856,3.5668,27.0823,35.3653,4.3271,7.9617,12.9302,2.3835,10.1236,3.1364,4.5633,17.2675,10.5245,1.6125,2.5871,454.1571,7.1177,29.5198,64.2561,8.7177,13.0297,7.3623,4.6685,13.3578,3.4223,12.4977,64.9936,8.0808,20.2231,2.7093,6.2454,25.1559,10.5985,26.345,131.0037,12.9019,27.0719,0.0032,3.0167,0.4344,10.9817,5.0155,2.762,13.8189,12.6365,5.2094,25.3672,0.8005,3.2121,2.2633,37.9083,7.114,4.9097,16.0219,5.9211,19.6827,13.3304,38.828,27.9162,4.0452,5.0368,7.8923,6.7331,54.8136,1.3195,0.2696,5.0766,10.19,0.0548,1.9497,0.3221,6.462,5.3782,53.1754,14.5184,65.6474,108.4306,31.7647,7.5399,20.881,88.8571,15.4009,60.6731,0.3452,9.0067,25.4542,53.1757,3.2863,11.6446,6.1433,44.279,9.8604,6.8061,33.7765,6.8968,12.3858,12.5016,15.819,14.431,3.0541,0.0129,23.1761,12.5804,2.8613,6.9675,18.0319,3.6965,7.9776,0.8493,0.3664,1.3218,9.8276,29.698,3.1887,15.8968,42.4134,4.2482,3.6975,2.5066,4.6538,5.2483,125.1603,3.6468,2.9538,27.5734,129.776,28.1942,0.5744,12.781,2.0804,3.8214,4.391,25.961,149.6602,6.6262,1.4253,10.6468,3.1872,3.8283,59.5258,4.0399,0.0957,8.8609,1.4025,83.9881,104.1003,17.8578,12.0746,31.7354,16.7631,14.7243,32.6638,5.4217,27.4663,32.1567,29.7354,8.8214,12.446,2.3609,26.8212,36.8441,22.3776,0.5473,7.2466,3.3368,2.1353,2.542,22.4994,3.6434,26.0842,1.8186,39.2033,3.7049,43.5014,1397.3157,105.4662,3.416,17.1076,0.6073,2.1128,5.1256,0.0226,11.0697,10.0673,11.6595,5.8052,17.8923,16.8514,186.7889,18.0254,4.1453,0.0249,32.1677,0.4539,0.3926,5.5622,5.8831,0.7567,1.2866,197.5016,0.6363,13.5112,0.2303,57.5898,0.244,10.1844,12.7461,12.4786,0.9074,8.7447,2.9014
TCGA-BR-4253-01,2.533333333,13.6384,23.7085,0.0442,2.9467,5.9541,0.041,12.8121,8.8975,5.7909,13.5977,7.9149,8.4975,1.7583,15.0519,4.7981,6.7579,4.549,10.9342,7.0759,12.6696,112.2452,0.8258,17.5928,8.9347,11.9549,44.7634,18.0557,5.4689,3.7576,24.6321,16.7044,13.9811,4.3125,4.6757,0.571,0.3188,0,3.5608,35.4001,58.7618,4.057,6.4583,77.3904,60.3024,40.9873,30.7268,7.1586,22.14,17.5218,1.1146,9.5208,13.2379,22.3285,12.6892,21.4395,7.878,28.5149,21.2266,0.0546,14.1302,21.6611,50.4274,9.4269,5.1899,30.3634,5.6768,15.9775,255.8759,33.4036,0.294,10.5927,6.1239,9.0931,17.13,66.8558,20.6426,0.3356,11.2414,30.7449,38.0812,0.0632,2.933,15.294,83.1031,8.3565,7.0787,16.2992,22.3604,0.4332,13.6629,16.9617,40.1399,11.5166,3.7222,45.3163,29.6637,4.1847,9.2634,10.8588,0.0164,12.4545,7.6501,5.8609,10.9835,12.3064,3.5643,5.4494,640.1433,13.4599,32.2334,58.8066,7.8212,14.0612,7.3865,18.5483,10.4789,2.2012,17.6836,50.2284,7.4911,18.0108,3.177,9.4944,33.1066,9.2654,28.0715,36.9768,3.4187,26.0618,0.0016,1.3393,0.2644,11.4882,10.0067,2.7472,1.5967,12.1704,5.0267,38.983,0.5982,10.6972,3.623,13.296,8.895,8.9342,22.1975,9.3018,31.0272,16.6149,32.1415,22.4737,4.5538,4.0571,10.8752,3.9308,68.3738,0.6777,1.5655,6.9299,10.5727,0.0624,0.0292,0.0465,8.703,10.8889,19.0155,11.0133,45.9983,83.4898,29.7529,4.8109,31.7419,138.4692,17.701,89.1023,2.2691,12.6458,20.7493,79.4864,2.9661,17.3806,6.9393,58.2943,11.651,6.8071,43.3634,3.7892,42.9725,15.8589,19.7047,15.6113,0.5329,0.0126,20.5368,11.4395,1.2426,10.3424,16.5247,6.5558,10.6709,1.2399,0.1785,2.4515,14.082,46.8888,6.632,12.9822,18.8084,3.3451,8.7395,9.2965,1.3966,6.5587,153.2517,8.2588,6.2687,32.8818,93.4694,32.1074,3.6364,21.7682,2.9815,11.2952,9.9319,15.8906,137.6978,9.0102,1.3922,17.3542,6.1092,6.2533,29.4877,0.322,0.1919,11.3343,1.4748,54.8167,32.2846,19.8869,13.1294,40.0101,4.5661,11.4463,44.5052,7.1292,34.4888,65.8335,55.1,5.8822,18.0983,6.1207,9.5553,44.4077,35.1396,0.0664,4.5933,4.1495,1.6034,6.617,24.7931,1.9742,47.5772,3.5265,20.5764,1.2138,0.9216,6351.5519,99.7646,4.3403,24.8961,0.7846,5.3187,6.0949,0.1526,3.708,6.0679,17.6485,3.9199,15.3521,8.0055,181.3236,24.9288,1.8791,0.0065,51.4667,0.4779,0.066,8.2843,11.9242,1.8207,0.0108,113.5766,0.02,1.5431,0,26.6328,0.1084,11.461,12.7607,15.0729,0.0923,9.0039,3.8051
TCGA-BR-4255-01,1.5,21.9326,32.2552,0.0326,1.6346,3.9868,0.8769,10.1738,11.5452,2.5739,9.0451,7.5537,15.5099,3.268,6.5136,3.4864,1.8673,0.4689,8.6906,5.8057,10.4431,12.0409,15.3533,7.3358,14.3104,11.5551,29.6903,21.5667,2.3789,7.3569,16.4284,24.0501,2.3251,3.0094,3.7749,1.0458,0.3328,0.1585,1.2899,26.1351,125.0646,6.8253,14.5231,47.1431,46.9188,27.035,4.2079,1.4981,11.4236,4.4783,5.3306,4.285,75.7765,17.1566,5.2628,13.3639,6.9707,9.3884,10.7169,0.3301,8.2002,13.284,24.0221,6.666,3.3101,23.0158,7.2293,18.639,175.4573,25.9138,0.4304,7.278,21.3744,11.9523,10.1984,80.9635,10.3585,8.8951,19.3512,31.337,14.8623,0.7053,2.1895,6.9291,44.2512,7.0708,5.4527,11.9542,23.6175,6.2949,4.7457,18.9487,19.6042,11.5568,1.4754,13.3219,20.0722,2.4124,4.5134,3.6603,1.0638,13.221,2.5739,2.6655,16.6081,9.0664,0.3813,2.4569,556.8242,4.2654,16.4434,42.2645,22.1552,32.8845,1.4357,0.6591,36.0143,4.5124,8.8632,68.5761,8.1192,13.4925,3.3178,2.8747,32.2095,3.3733,16.7557,47.2015,29.3213,24.2125,0.0333,3.8539,0.5986,11.0164,1.7791,1.7633,16.9845,11.7066,5.7192,26.8305,2.5581,4.0525,0.9179,33.0381,6.2016,5.5592,23.5332,7.019,32.9665,7.8407,30.2716,8.6732,1.2334,5.4793,9.4514,5.0593,36.1771,0.6822,1.2985,2.2109,8.0455,0.2741,0.834,0.1872,2.5442,2.4424,75.7928,12.5154,51.2598,69.4202,25.4398,11.4067,31.4655,85.9884,21.078,65.0709,1.1528,8.1925,38.0904,67.3566,4.7287,8.2642,6.554,49.9108,6.0966,10.3325,17.2097,11.4779,28.1312,16.7199,11.8961,34.4065,3.6233,0.1842,18.1655,14.6669,11.6898,3.2306,15.0422,2.3842,5.5183,14.0367,0.4049,1.2014,3.6004,40.0449,2.8568,7.9941,29.7714,8.8998,3.8602,9.0116,11.6909,4.2858,83.6415,3.7781,5.7598,16.3285,72.3522,29.3881,0.7879,14.7239,2.1033,4.178,2.1622,11.0285,97.8786,3.672,0.8136,12.4348,2.3088,3.7755,33.2634,2.2204,0.0376,11.5291,0.1618,61.807,58.7699,12.4744,6.0002,15.1682,7.6994,13.8644,21.57,2.9706,20.7887,50.9951,18.0948,6.3851,5.2473,0.8739,33.9133,40.9972,32.1707,1.2038,4.0643,3.1684,0.9364,1.4612,9.5584,3.9526,12.0293,0.466,64.3412,0.916,0.4747,1765.1535,102.1731,2.501,8.193,1.2339,1.064,3.0263,0,3.3407,8.6043,10.075,6.3636,10.7144,28.688,250.2367,4.0386,5.2531,0.005,25.4243,0.2839,2.2106,5.9245,3.7703,0.5785,1.1935,206.432,2.3205,28.3945,0.0238,33.983,0.2015,8.9969,5.116,6.2814,0.7669,8.1945,4.7474
TCGA-BR-4256-01,29,27.0401,28.3519,0.0457,1.4508,5.5763,0.824,17.6543,9.8974,3.2202,8.0037,10.9383,17.5235,2.6518,6.4587,4.57,3.4503,2.1004,2.2601,8.0104,12.9304,55.7622,21.7072,7.492,12.5653,12.5243,40.1465,24.3613,3.6232,6.6425,17.8548,16.3776,6.5072,3.5072,5.8097,1.9046,0.2429,0.0369,2.579,22.3736,99.8533,2.9565,10.2321,50.721,55.4833,27.0422,15.4351,3.2704,9.9358,5.3325,6.3288,5.497,12.4877,21.3539,6.1932,10.8163,8.045,36.4339,6.8619,0.3383,7.684,13.8147,43.1958,5.9161,4.0817,25.7195,8.5309,22.1351,235.1145,34.7164,1.7139,11.0183,19.951,10.8316,11.3964,65.5914,15.3851,1.7547,11.4559,32.4718,26.1495,0.4565,1.8317,12.0302,54.3192,10.7203,7.8103,12.4871,30.0275,3.3403,10.1824,15.9133,20.4918,10.571,3.2156,45.5094,18.5876,3.2602,7.0288,6.7338,0.082,12.7018,3.7443,5.0188,16.8803,11.6244,1.3027,4.3263,520.1279,5.1714,25.4409,66.3489,34.4419,21.0653,3.5809,5.4359,8.8418,2.1875,12.9254,56.5102,5.2214,20.6311,6.3443,4.5463,56.964,43.4103,18.9822,76.9547,24.3973,14.1752,0.0533,4.4047,0.2975,14.5329,5.0645,2.7782,12.244,14.2802,5.7545,28.3973,3.4429,7.534,0.7908,76.7682,7.1562,7.1409,24.6015,7.799,31.9193,12.0821,42.4082,15.8068,2.3349,4.8584,9.1756,2.8991,64.6572,0.9571,0.2591,5.6389,10.2888,0.2096,0.2732,0.0813,4.5507,9.2552,39.8945,20.0092,58.4578,100.1196,32.3271,9.6273,35.3193,95.4036,22.3173,78.9234,0.2772,10.0883,12.3297,69.9095,4.8101,23.5217,7.4637,55.0176,10.8496,7.9412,26.9741,10.0327,28.6674,10.0637,15.2511,19.643,3.9133,0.0302,23.4001,11.9933,3.9045,3.6666,17.2401,4.5197,6.0424,7.2497,0.5318,2.0132,6.1052,36.1835,3.7127,13.3414,69.4713,6.4369,4.255,1.8042,10.1767,6.1742,157.1051,2.8005,5.231,24.5269,173.7052,20.5176,1.344,9.7016,2.1398,5.7713,5.0792,27.231,143.9059,7.0146,1.1977,13.1712,6.3134,5.4068,41.4746,1.8362,0.087,4.9533,0.2689,72.0405,70.6121,13.3836,10.1706,20.6509,12.125,13.6846,28.7164,3.619,35.2897,32.7963,40.8041,8.8559,11.9941,6.8361,21.968,38.4176,13.1097,0.7206,6.2404,3.8965,1.467,3.0302,23.5434,5.3451,24.2304,1.1289,94.026,0.9268,0.7961,2855.1795,111.8486,2.9148,9.1573,0.2914,1.9248,5.5282,0.0252,3.0872,10.4161,7.1726,5.1862,15.5143,14.725,186.5082,18.3076,5.2438,0.0027,34.8493,0.1292,2.0596,8.9964,3.678,0.8172,0.7057,198.2484,0.0301,11.7273,0.0705,31.4866,0.425,10.0863,9.1804,10.082,1.0612,11.6217,3.8314
TCGA-BR-4257-01,30.46666667,16.7176,37.9449,0.0056,1.4038,4.4083,0.1913,13.9666,8.1791,2.2909,6.7786,12.4006,19.083,3.2188,9.2711,5.3163,2.6184,1.5308,1.5324,7.9941,20.8655,160.7472,1.4126,6.7477,7.906,12.2517,49.7008,24.6377,2.1575,10.9879,17.0906,19.1956,10.5202,2.4357,5.5998,1.1537,0.091,0,0.9473,28.2419,134.7154,3.9016,13.1833,161.8193,70.3371,20.8668,3.9178,1.3909,11.8651,2.4626,0.8855,4.1961,15.8394,21.9421,3.2031,10.0265,10.0909,28.2043,3.5313,0.1324,11.5285,14.2011,34.0357,6.7112,3.6152,19.6343,8.0576,14.7235,189.8089,28.2386,0.5509,11.7149,10.2598,7.4406,7.1928,69.3053,15.7248,2.4105,8.3046,26.9239,27.6239,0.4748,3.773,9.7558,55.813,17.5051,8.4542,12.4306,24.4837,2.8859,5.5612,9.1805,17.2543,12.528,2.6103,12.8182,23.6655,2.6013,5.992,11.0908,0.0571,9.4453,2.76,7.026,9.513,8.1922,1.3897,2.8142,1022.9456,7.1144,26.889,69.5893,41.786,17.468,7.3418,1.7731,1.3233,0.7237,12.0582,40.7006,5.5452,15.2265,5.3235,4.4272,48.5685,6.1391,28.3079,54.4655,6.683,29.8939,0.0024,1.2601,0.2845,10.5842,5.7744,2.5093,5.9436,7.0986,4.1818,28.3238,0.9444,3.0101,0.4699,29.8188,6.7267,5.3562,23.1372,6.8036,32.1472,11.7138,35.14,15.4803,2.1255,2.3403,9.6655,2.9866,63.6487,0.4916,0.892,5.3225,13.4266,0.0537,0.3223,0.0263,6.0292,3.6004,43.0127,12.4098,35.4677,130.8889,34.8073,4.7991,53.4163,97.5902,41.7683,109.2402,0.0217,7.6586,25.1705,55.5084,3.0526,14.2198,1.9053,22.6585,5.6831,12.9306,28.748,4.1701,23.7675,14.5705,13.4613,12.9754,2.586,0.1753,21.6811,14.7176,3.3683,9.3544,13.819,4.8911,8.5121,0.6612,0.193,1.0792,3.6337,84.4796,4.8791,18.0855,34.2178,6.378,5.788,1.3313,7.7973,8.8662,126.402,2.9344,7.4948,21.6271,43.775,16.3408,1.1674,18.0203,2.5218,5.4876,5.6611,34.9046,171.0281,8.9705,0.9835,12.7495,6.473,3.2388,47.0704,4.5619,0.035,8.8827,0.0252,37.3646,76.6094,13.5581,11.2836,20.8322,13.1392,10.9597,26.5068,5.8463,27.2296,42.7942,45.2209,5.7511,12.2055,6.1623,18.9849,54.1691,25.5781,0.145,3.0696,3.2389,0.8489,3.9401,14.2346,2.3009,27.42,1.1988,25.1007,0.513,2.1507,1965.8771,103.5329,3.7598,10.7178,0.1375,1.442,4.2869,0.0088,11.5546,5.199,10.4664,9.6313,21.2535,29.0535,227.3045,9.4714,2.6499,0.0043,17.6279,0.0746,2.1538,7.7104,7.4302,1.1819,0.0415,60.7451,1.4543,22.895,0.0629,70.7923,0.0927,7.501,7.9244,4.7956,0.3941,12.3891,6.3335
TCGA-BR-4267-01,2.666666667,11.7231,43.8244,0.0057,1.285,2.7132,0.048,14.2629,8.9183,2.6436,11.8221,9.943,19.4788,0.7289,4.0535,4.4168,2.279,0.8421,18.7316,2.3056,16.3188,149.0683,13.5134,3.6481,12.5405,15.782,36.5006,30.2013,3.2099,5.7657,13.8939,43.9509,3.7734,2.9269,8.5283,12.4835,0.0594,0.0083,0.3659,21.9542,105.7344,10.4258,12.7604,98.0368,47.5726,28.1109,23.4818,1.166,13.3658,8.1402,0.5139,6.5448,22.7629,12.3557,7.0044,12.6702,10.4245,28.6035,11.5109,0.2472,7.3996,10.7654,30.0278,13.7348,2.4786,39.4481,4.8906,9.6294,217.6473,27.2821,0.1673,11.2727,8.8209,12.4216,8.1665,85.3821,6.5954,2.2877,15.4663,39.4458,25.2471,0.1368,25.4584,11.4746,67.5312,6.8822,3.188,14.7183,18.5679,0.8869,3.3867,11.8299,24.3298,13.1151,3.2118,18.647,10.9045,4.5505,5.7971,8.8977,0.0792,11.1301,3.3981,3.026,18.5918,10.2662,1.538,1.034,461.6771,7.0501,11.8337,82.3509,3.0075,16.4945,2.9692,2.4054,11.8178,0.9637,11.6806,63.8151,24.8342,2.0094,10.7519,1.5224,17.744,7.9462,27.859,185.815,3.1053,155.2263,0.0253,0.8367,0.0844,8.8078,3.9326,1.0404,3.1217,38.3382,2.7413,37.0567,0.4708,1.5087,0.3616,56.5122,8.371,2.9674,25.2236,4.0696,34.41,8.0387,24.8733,31.8121,3.5165,5.4168,5.7204,4.3345,45.4333,0.3598,0.8723,3.8615,10.3046,0.044,2.9122,0.0736,5.8089,1.2718,14.6952,12.1487,90.6785,71.3846,27.8305,6.1395,39.8938,48.1502,29.7013,46.08,1.4132,7.0675,44.4066,55.6553,2.367,6.3005,4.9144,72.2513,7.3688,9.7649,25.2108,4.9181,38.4384,10.2149,4.4972,6.4026,2.6963,0.1895,17.5055,6.7286,3.3478,2.2992,10.4592,4.7275,5.5616,0.6355,0.2822,1.1454,8.1099,126.19,2.0497,13.8924,11.2792,3.4681,4.7914,4.7549,16.5625,5.6301,96.2581,4.8079,9.5725,13.9426,115.8345,13.1156,0.4781,18.6555,2.797,4.7897,7.5013,19.9277,117.5321,1.5176,0.8067,18.4818,7.2835,5.6027,97.6679,1.6825,0.0713,31.8168,0.1258,140.7996,40.6619,17.1222,8.5854,19.7612,28.5895,27.146,18.5006,7.3227,26.9035,21.2847,20.7505,2.506,39.5428,0.4029,17.1331,60.2191,38.2956,0.2409,8.4397,6.2582,0.7351,2.5204,15.3944,1.3918,35.672,1.0635,53.0399,0.6027,0.3019,1362.8892,151.407,3.6308,10.9771,0.0816,0.9043,5.5083,0.0384,3.0089,3.9109,11.6656,8.1168,22.2972,29.7076,131.2195,44.8822,2.173,0.0142,31.9368,0.0867,0.0899,2.6111,10.5937,0.3182,0.1434,140.5443,27.7254,5.3717,0.0671,157.5435,0.1122,6.5875,7.9413,14.9945,0.2086,14.008,1.2769
TCGA-BR-4279-01,1.233333333,12.636,16.3495,0.0445,0.7561,3.2824,0.8887,5.4489,5.1615,3.0059,7.4822,2.4267,9.3609,3.2713,3.9266,4.3918,1.682,0.6471,1.7758,3.1492,14.0032,18.1843,3.0764,5.1835,4.0816,4.7873,40.4167,15.8217,1.3495,5.166,9.3128,11.7021,2.5141,2.9884,3.7184,0.6423,0.321,0,1.2574,18.2607,74.8984,1.5975,4.4506,51.439,40.9101,19.4598,7.4372,0.7837,4.8644,3.7056,10.1917,0.9237,15.2042,18.9942,3.3563,5.3565,3.0467,9.8465,11.478,0.0801,7.6181,11.9825,27.411,6.8923,1.8408,30.9024,3.6656,13.9942,134.9996,29.3462,0.0196,9.4541,25.2472,11.8304,25.6269,39.4416,10.4793,5.7762,22.2722,18.9148,34.8948,0.6206,6.2686,4.7152,42.1731,10.7801,8.2897,4.5234,19.4701,4.2238,4.502,22.9754,27.413,5.8243,1.5133,22.6494,12.4628,1.7967,5.196,2.5381,1.134,8.3164,2.1404,4.2658,9.5292,4.0132,0.9913,3.3633,342.2761,5.3687,14.4615,20.9094,25.3023,15.5606,1.1421,1.7624,28.2623,2.1889,6.5632,63.6746,5.5775,18.8073,6.161,3.6381,26.5561,5.4736,15.051,65.7177,24.1909,21.0277,0.0826,4.4809,0.662,9.9217,0.9251,2.051,9.0774,1.401,3.3905,17.1971,3.5311,3.1348,1.0835,52.2925,6.4468,8.7381,15.6428,2.5339,18.1362,9.1115,44.0896,9.1382,0.6345,5.0558,3.1591,4.8997,21.3303,2.935,1.06,1.7098,5.7362,0.1921,1.4536,0.8307,2.9011,3.0924,35.3251,16.0578,78.3797,86.242,27.4442,4.4208,17.6009,72.0341,17.1969,70.5679,0.5825,2.1988,14.4482,63.3974,3.3047,10.9523,11.1421,66.4256,4.1044,4.6253,24.7794,13.4541,17.9131,3.721,5.8351,18.2144,1.2143,0.0122,25.2169,13.65,12.3821,1.9166,21.3486,0.6225,4.0852,7.0118,0.3314,1.6096,4.9206,28.7867,3.7474,11.4356,54.9695,3.4776,2.0426,3.0258,11.333,5.9023,202.1084,3.6056,7.3824,16.1746,105.2267,23.2391,0.3257,10.4436,1.2894,1.8017,1.2343,18.3599,153.4331,3.7709,1.5741,7.5209,4.1555,4.5292,23.02,3.3007,0.0416,10.6759,0,22.3374,79.3769,14.5658,9.6494,20.1701,3.5817,6.0471,15.7007,3.4156,39.8538,30.6056,22.4161,8.809,3.5763,4.5263,12.3439,19.5942,15.8298,0.8363,6.8731,2.2314,0.8358,1.5141,39.72,5.3784,14.6421,0.3143,91.8363,0.4451,0.536,1667.135,89.0963,1.9187,9.5719,0.7642,0.973,3.269,0,3.9138,11.502,6.861,3.8405,16.0511,7.6464,70.7948,13.7338,4.7063,0.0173,37.1547,0,0.7599,5.4468,4.4842,1.002,1.4069,70.5737,0.2676,13.1368,0.0737,18.1668,0.2299,7.4505,5.5231,8.085,1.0627,19.5716,3.1717
TCGA-BR-4280-01,23.2,17.731,30.4496,0.0046,1.9783,5.6701,0.0519,20.1639,11.6796,2.2486,9.338,13.9971,15.7285,2.1032,7.0655,3.0051,4.1977,2.3858,1.0257,3.7443,9.8506,172.8781,2.481,14.8755,12.0393,13.2883,145.5972,26.689,3.2102,8.3187,19.9876,48.0216,9.5174,3.185,3.3088,7.2916,0.0876,0.0959,0.7729,43.3042,107.4797,10.0693,12.345,57.7631,209.2888,20.8691,8.6633,1.8458,28.3839,8.4949,2.73,7.0452,9.5351,21.8808,5.8923,9.4828,13.4793,20.279,1.8614,0.1118,10.1909,14.6612,31.1381,4.1644,5.7939,24.3355,12.9287,6.6262,260.4836,23.1541,0.0117,13.113,5.3582,5.7517,17.9013,87.7851,6.9296,4.7676,13.9709,25.875,32.1029,0.4442,36.0842,9.8653,77.8464,8.3843,9.2305,20.7755,45.169,1.5486,19.8133,16.3612,21.6193,12.3689,3.4572,17.3072,55.1171,5.2945,9.1913,11.8598,0.2056,13.5617,5.0389,3.9014,5.0206,10.2236,1.8679,1.0488,668.1513,9.2401,16.3778,54.1264,61.1754,14.3611,8.8824,2.7505,10.3195,1.6665,12.7855,83.7746,38.0814,47.6608,2.2701,11.2128,13.0949,4.5034,27.5687,17.0922,1.7111,78.0002,0.0018,0.6404,0.0956,15.2657,6.9632,2.3727,1.6995,14.2228,5.6057,38.5805,0.7863,2.446,1.9921,56.5187,7.5896,2.6606,25.9725,6.8096,32.66,11.2606,28.8401,12.2345,3.4574,0.6885,9.3959,5.1056,130.5332,4.6238,1.665,7.036,8.7641,0.0549,0.0225,0.0225,7.8373,1.3839,13.959,14.6547,26.6294,75.6629,28.6315,7.7115,59.9454,124.7798,19.6173,102.3193,0,11.3518,38.197,60.5921,3.1784,20.6401,6.9056,11.4451,18.6989,14.7684,24.781,1.3644,34.5871,20.744,22.3662,5.3558,1.7083,0.064,14.6259,19.2271,1.0141,6.2163,22.165,6.3551,5.6703,0.3363,1.2652,1.0432,3.509,44.881,3.562,16.3028,21.0658,3.5194,9.6541,2.8281,15.9958,4.2548,71.9171,4.8047,5.9509,18.0449,51.3779,14.8653,1.4149,12.6159,2.1647,10.4283,7.4074,10.065,138.527,6.0659,1.1405,20.596,2.1898,4.2676,91.3785,6.6305,0.7183,13.0748,0.074,99.1209,40.8016,16.8005,14.9039,13.4672,20.3835,4.8223,47.546,6.4628,18.3063,65.7647,26.9409,3.2177,16.1828,31.5673,10.9463,51.9433,15.4492,0.2571,5.5781,2.4404,2.2363,6.1566,6.5692,1.093,34.8636,2.0231,49.7371,0.3218,0.6051,2186.5075,106.8813,3.468,12.7833,0.0291,1.1264,5.604,0.0083,16.7376,1.7471,11.7795,9.6686,29.3664,18.5539,105.2472,33.0399,3.9203,0.0076,30.5563,0.0889,7.1992,4.1151,11.8758,13.7106,0.01,105.0302,0.025,54.6479,0.1006,64.6323,0.0312,8.2873,12.143,34.0795,0.04,8.1873,3.6089
TCGA-BR-4292-01,42.23333333,17.4791,30.2462,0.0039,1.6557,4.6395,0.058,20.4903,8.6477,2.2512,7.788,13.7097,17.3178,1.2253,7.1517,3.9833,4.6275,1.8531,1.5855,4.8029,10.2232,171.4458,1.245,14.4667,12.5772,12.6047,59.7651,21.7705,2.3269,9.0554,23.6384,36.4234,10.3225,2.833,4.0736,1.6347,0.1036,0.008,0.9013,66.0282,63.4487,4.5479,9.7463,82.7454,81.8226,21.8743,21.3236,1.8954,22.2498,9.894,0.7947,9.8892,13.4464,23.657,4.2535,9.9643,7.1126,4.7933,2.7869,0.1154,10.3658,16.0155,26.7526,2.1372,7.5055,31.7755,17.4621,8.2403,224.6126,24.7689,0.2337,8.7625,5.3744,5.1748,4.0862,87.9348,8.5678,2.6718,16.6674,21.1252,27.058,0.0857,11.0421,10.367,66.5503,7.9548,8.7711,16.1676,37.2337,0.4517,16.2427,13.5315,16.2824,13.9765,2.2492,17.8759,22.7477,3.6761,7.1469,11.0017,0.0332,11.4295,2.4155,5.5995,5.1581,9.7045,2.2254,1.427,409.5409,11.3241,20.1756,44.5901,46.117,28.1634,11.3664,5.1291,9.7465,1.5103,14.9822,46.7081,10.4667,22.4184,4.1731,8.5132,10.6357,5.3695,26.9955,37.4933,2.0579,58.851,0.0118,0.6958,0.0946,10.5819,9.0771,4.1326,2.515,7.4876,3.5041,35.7424,0.7445,2.8562,1.1584,46.8221,6.2697,3.569,27.9628,5.1915,36.1348,10.7823,33.2388,20.0422,2.7631,1.1896,11.3092,4.3081,103.7002,1.0378,0.5471,5.9831,14.3342,0.0505,0.432,0.0264,5.2649,1.9699,11.9492,21.9993,32.3824,152.5835,26.3042,8.8884,60.004,155.4307,23.4518,131.1001,0.2554,10.1641,40.1723,56.1114,3.3348,9.3959,5.1248,14.2837,11.5024,11.4743,27.0397,1.3508,35.1785,19.0936,15.0431,4.8385,2.5046,0.0233,18.6489,15.3988,2.6458,7.8146,17.652,5.8806,6.2246,0.6206,0.2256,1.3174,2.5773,54.1444,2.8323,7.4666,29.001,2.3828,9.1392,0.8627,8.4307,9.0012,117.5283,2.1129,3.4691,26.3122,83.517,18.295,2.2907,12.9038,2.2328,9.7693,7.8361,13.6294,158.2924,8.0062,0.878,17.5647,3.8305,3.9435,45.1071,9.6211,0.477,11.6655,0.3421,40.4703,129.1055,14.316,11.0578,10.7332,33.5485,9.2554,39.1564,11.648,19.8405,45.7086,56.248,3.9529,20.2827,11.44,8.3234,46.8497,105.1109,0.4111,5.3783,3.4016,1.4517,5.7512,7.6036,1.4037,32.0234,2.5757,50.1228,0.768,0.9229,2404.7928,102.7939,3.2492,8.7185,0.0613,1.2858,4.4221,0.3575,8.4106,2.0335,8.0783,8.6829,18.3969,20.4009,179.9318,25.7549,3.7784,0.0145,11.9693,0.1144,0.573,3.64,10.5309,0.5153,0.0484,82.9189,0.0552,48.6328,0.804,54.288,0.0866,9.7076,8.9112,11.5041,0.054,12.2807,1.5609
TCGA-BR-4294-01,0.9333333333,9.8024,17.826,0.0708,1.3323,2.0765,0.0236,6.3093,10.2204,1.4965,5.4917,2.9951,11.3313,0.3618,6.6722,4.3649,0.8021,0.1157,0.2845,1.0799,12.5267,95.2455,2.8756,5.6312,7.5357,3.8526,31.8201,7.2214,1.7761,6.5772,8.6783,1.4631,1.0075,1.9657,0.1404,3.1987,0.0816,0,0.0561,16.2584,162.694,3.3293,4.7996,37.7967,18.6651,15.5398,3.5171,0.8784,5.9292,4.5516,0.348,4.125,6.7495,8.0425,2.3277,5.9953,3.8003,29.1792,15.391,0.4454,4.4181,13.59,17.5439,4.5339,3.7411,22.3741,5.4064,4.1744,214.3051,8.6931,0.3657,5.4359,2.6781,5.2183,3.9828,64.5296,0.9994,15.175,8.6914,15.2129,12.6157,0.0158,1.0746,6.2441,29.7682,3.5333,3.2703,8.1653,21.3946,3.3619,0.4171,11.0607,17.4371,5.1354,0.5871,2.758,10.333,2.2964,5.7085,4.0724,0,20.4525,2.3472,0.8233,6.3022,8.3122,0.2921,0.4603,368.0751,2.0776,5.5377,4.7225,19.8774,3.48,1.7383,0.9288,1.2973,0.5221,6.7254,77.4101,3.6576,7.9315,1.9909,1.943,3.7388,1.3454,16.1386,7.6695,0.9845,20.4441,0.0218,1.0057,0.027,8.1378,0.4593,1.6989,47.8173,51.3091,3.5114,17.7235,0.3749,0.4955,0.0765,28.1882,3.7763,2.8182,16.437,1.7135,51.8507,8.036,33.3252,7.9102,2.5721,0.8532,2.3746,2.1244,31.3552,0.1538,18.3129,1.0974,2.1208,0.4498,0.0412,0.0139,1.8993,0.2104,5.9909,6.135,74.4546,17.9413,20.6198,4.1001,25.6177,73.6692,25.7332,41.5556,3.2166,3.9769,14.7046,49.3443,1.2653,3.6851,25.9055,23.4959,0.3535,6.3644,15.5521,10.2381,50.1834,23.1107,0.214,1.7044,2.6213,0,113.9694,5.4237,0.4358,1.4301,13.1186,3.1201,1.3339,0.8475,0.4594,0.7194,1.6653,52.2324,2.4565,9.6881,13.8138,2.3104,1.2212,0.2698,17.7465,6.3775,75.5071,1.905,5.1721,5.0413,37.6908,17.1535,0.1586,10.3978,1.9482,1.814,0.9518,2.978,67.608,0.2039,0.8131,9.0441,2.4755,2.3722,27.224,0.0873,0.0932,10.8501,1.173,30.2298,24.9586,14.3248,3.356,47.2072,7.3104,3.2597,13.5611,5.9931,10.9761,12.3021,6.6074,1.2707,0.0693,0.1949,2.1919,57.0856,10.827,0.4331,4.5236,3.0134,2.308,0.2049,3.8919,1.5218,9.6304,0.1599,331.5282,0.1308,0.008,325.2082,45.0095,1.4658,8.4682,1.3246,0.2141,3.0912,0,6.0742,1.5414,6.8699,5.6675,9.8356,22.7375,29.8629,13.5614,2.3118,0,7.5556,0,0.0116,2.3909,2.9662,0.423,0.0145,67.7433,0.0143,0.5395,4.3915,15.626,6.0915,12.9052,9.0991,6.014,0.0788,5.3859,1.7778
TCGA-BR-4357-01,7.2,13.8436,33.4699,0.079,1.0123,3.8991,0.1226,12.7594,13.1825,3.0305,6.8739,7.4662,13.2867,0.8486,12.2326,6.1266,5.2754,2.0133,1.5681,5.2519,9.4123,92.2403,27.6062,5.33,10.8198,10.7099,40.0683,20.7777,3.7491,4.1579,19.1115,398.5839,12.3206,3.5287,5.3501,6.114,0.1948,0.0242,1.1073,20.5901,185.4388,3.299,8.7561,189.482,173.1746,21.8401,6.9321,4.8607,14.8296,10.5951,1.1937,6.3757,8.8337,26.9216,9.5985,10.7659,9.678,13.6162,11.9622,0.1456,12.7711,10.1104,28.0521,7.9531,3.0591,21.6855,9.9237,15.0668,99.9768,38.699,0.2402,10.5285,8.5289,8.7293,5.5939,59.6566,16.8547,1.8526,9.8239,26.7511,24.8773,0.1239,12.6481,13.2945,65.0173,8.6004,5.0141,12.8062,32.1282,3.7723,12.5843,12.2581,18.9406,8.5767,2.3128,23.6441,45.8437,6.0429,7.3715,7.8735,0.2233,10.317,4.1464,6.0985,15.0253,11.1545,1.4632,3.4472,495.4979,9.4667,20.7724,18.8883,6.1317,18.8353,65.7623,4.8345,30.8707,3.4426,43.0092,47.677,4.6685,20.9276,3.3673,10.2242,27.8537,8.4907,23.8684,120.5585,7.5412,40.1868,0.0041,1.179,0.3072,14.0124,5.0793,1.9387,4.5913,22.9321,5.9884,30.8735,0.9099,3.8523,3.2523,25.3176,6.3046,5.2481,15.5611,11.5265,22.872,9.3653,26.9331,7.7377,3.5948,2.3756,19.4936,4.2643,27.5468,0.7439,0.1071,7.4617,7.8685,0.0721,0.2084,0.0855,8.4952,4.5975,24.4717,12.3654,59.0495,212.4802,27.7893,9.9394,45.3895,157.7299,22.1,53.9598,1.0311,14.0707,37.3833,69.8807,3.1639,11.3128,15.191,43.4748,17.9558,7.0466,30.4169,4.5433,55.981,45.0028,30.4165,10.4342,5.5853,0,13.5438,13.1715,3.3703,5.3878,11.7515,4.5223,8.2183,1.0767,8.1322,3.2366,2.6198,33.6924,5.1183,14.9391,30.5677,2.2698,9.683,1.4832,2.5693,5.1498,137.5711,8.5063,4.2963,11.9053,67.151,20.8386,1.8175,22.8081,1.6534,7.6573,6.3217,6.4058,156.7038,8.4652,1.2476,18.635,4.5508,5.0714,42.434,5.907,29.4798,8.5419,0.5315,42.2469,47.9914,10.0699,8.3773,59.4257,26.2617,18.0209,30.5821,7.3657,35.3256,89.1129,33.2711,5.9302,10.4467,5.9014,18.5449,84.0126,18.2239,0.0891,8.1457,2.3209,2.0735,6.8112,24.8569,1.9507,28.993,3.158,36.8172,1.4529,2.8052,3002.0329,84.506,4.5387,7.8918,0.1951,3.233,4.2297,0.0056,13.8649,7.7606,21.5107,11.2345,22.3317,20.9142,153.8855,12.7679,2.9933,0.0271,32.5231,0.2794,1.4788,9.0438,7.1656,1.0209,0.0337,140.1141,8.6234,10.0214,0.2938,38.607,0.1654,11.0398,24.6058,14.7599,1.0085,9.4453,2.2633
TCGA-BR-4361-01,84,13.6398,28.5814,0.0033,2.174,6.6159,0.1977,21.1202,10.5263,4.7084,12.4083,10.2734,13.1497,2.2981,13.0358,5.7647,4.5136,3.0202,1.8303,4.863,16.0248,160.3904,0.8015,9.8134,11.831,11.7263,57.1435,13.3628,2.9838,9.9766,27.3496,25.5874,15.9857,4.528,2.9874,4.843,0.1088,0,1.2203,30.588,109.3736,8.0286,12.6554,64.5019,45.515,26.1818,11.0284,3.0213,18.4881,13.9292,2.0552,8.7186,24.0011,23.229,5.0475,10.9245,8.636,14.0357,4.4285,0.1855,15.7226,12.6189,37.3127,9.1296,2.9581,29.1321,11.6539,20.1462,139.0381,32.9735,0.0427,12.2662,11.0439,7.7615,6.5951,54.3012,13.078,3.3515,19.7419,23.4078,34.8653,0.1977,8.6579,13.7247,89.645,11.0765,9.1259,12.3293,30.3145,2.384,5.4666,16.2725,24.4349,9.6908,5.4075,21.1533,35.2048,4.7537,12.4847,11.3463,1.0257,9.3397,5.2446,5.61,10.379,11.7247,3.0622,2.4955,460.9044,13.1409,33.5723,36.9547,62.985,11.0712,9.7908,4.5542,5.9304,1.0081,15.6685,55.7382,8.0726,23.9974,3.0691,14.8285,23.1977,4.1259,26.2258,57.8651,12.5733,34.1595,0.0153,1.7994,0.2211,12.9834,14.179,3.141,6.493,0.2837,5.6627,44.4599,1.2271,4.4173,0.8919,88.7091,6.3399,3.0176,18.6825,6.8401,15.1861,13.1141,38.3835,19.6436,5.813,3.3954,9.466,5.5199,67.7094,0.6956,1.205,7.6649,14.0103,0.2259,0.3148,0.1556,6.3385,3.9434,37.7174,16.4153,45.2182,146.4219,33.5613,5.7634,39.6026,116.456,16.3392,94.3994,0.1104,12.6249,24.7634,59.6599,2.7099,21.6905,4.7958,23.3216,16.9982,8.4877,35.8006,7.0648,23.1898,22.3574,24.7972,19.8334,2.9343,0.0142,24.336,13.505,13.1774,11.5813,22.0853,5.7699,8.7496,2.3054,0.1648,1.299,9.0555,44.0146,3.0474,14.7241,45.6814,3.7602,4.9578,1.4273,5.5382,8.1664,141.1239,4.7978,3.3219,27.8484,84.3448,22.056,1.1547,15.386,1.952,6.5108,8.8578,17.7435,175.4596,11.8855,1.5305,13.6025,4.5429,5.129,80.9875,6.7446,0.243,10.2834,0.2683,32.425,32.7832,14.9863,12.2916,60.5139,2.4741,5.6727,44.4776,6.2768,34.7067,53.6333,33.4885,8.1844,20.8803,17.6116,22.0728,47.9728,14.8329,0.556,11.7287,3.2535,2.1139,7.9682,18.5562,1.859,25.2285,3.9457,82.3705,0.521,1.6227,2380.2993,114.6349,3.6997,22.11,0.6128,2.6436,6.3708,0.2879,7.1549,6.7808,6.7022,5.4098,19.947,14.0615,208.9325,18.267,3.245,0.005,31.5317,0.1089,10.8287,10.4316,8.7695,1.2897,0.6391,84.0204,3.3808,24.2136,0.0252,12.4883,0.0398,11.5789,20.5825,26.8615,0.449,10.8487,3.9964
TCGA-BR-4362-01,53.8,15.6013,39.9092,0.0047,0.9542,5.4043,0.0544,14.3899,8.5411,2.6955,5.9347,12.8459,19.4484,1.4774,7.2796,4.9859,5.5439,3.6212,1.706,6.7816,11.3765,86.4526,1.1029,3.756,14.3299,10.486,58.8343,43.7195,2.0608,11.4658,21.2597,23.5926,20.0732,4.4646,0.7391,2.114,0.285,0.0063,0.842,21.2328,88.094,4.0502,10.1302,61.5,111.4484,23.9293,21.5738,2.2124,19.9712,8.4058,0.6198,9.2795,22.4564,26.4661,5.8708,8.056,10.3935,39.3913,3.2306,0.209,15.2751,18.7109,49.0883,5.7872,7.9187,27.4555,19.9626,12.8493,135.1193,34.6375,0.3673,11.4951,6.6684,5.8201,5.4883,66.9067,18.4267,1.9994,8.085,35.7197,34.5368,0.221,10.1855,13.1679,67.5348,9.8167,5.9159,16.7898,31.7915,4.9289,6.2008,12.3591,15.2049,8.9339,2.8433,24.1957,41.7151,5.848,9.6079,10.5007,0.0746,9.9363,4.2984,8.0888,9.0564,9.7889,2.213,2.6179,571.4946,12.3534,30.8208,45.0235,112.309,30.379,8.8328,16.0932,19.2153,3.1366,13.2809,64.6849,14.7271,24.4277,4.6951,9.6465,12.7638,10.0202,25.5956,49.5625,4.0716,28.9267,0.0178,1.2531,0.2479,16.1616,8.5577,4.528,2.4421,6.5541,5.714,35.3074,0.3502,3.6462,4.3455,26.5146,6.4722,6.4538,31.4101,7.0307,21.3638,10.8991,35.2644,20.8334,3.8155,1.142,11.1619,4.9287,93.7768,0.6651,0.115,9.9837,8.9423,0.0732,0.0428,0.0281,7.7133,2.649,25.8865,11.307,39.3533,108.8188,29.8427,6.1207,82.4522,115.0295,14.5932,65.8873,0.0583,13.212,20.5793,61.9343,2.8882,11.4721,13.2848,18.1916,13.4664,9.2009,38.0693,2.5527,28.5048,22.0846,29.365,7.0836,5.8004,0.0183,17.2653,24.6658,2.6719,8.2116,18.7219,7.0989,7.8931,0.8553,0.2605,1.2412,5.8196,48.1014,5.0927,13.3576,13.9693,2.8501,7.377,2.7756,9.1858,6.8351,108.5301,4.1128,4.8841,28.7388,77.9644,30.5287,1.1543,20.0162,2.9704,9.0994,12.9932,10.1269,163.889,12.5555,1.4341,16.7989,5.2918,5.6096,44.2806,0.9611,1.2407,8.4478,0.0122,94.3706,130.7511,16.4027,19.9073,21.7845,1.2936,5.514,47.4469,13.5813,25.9276,65.1957,57.4976,3.7781,30.0229,16.8452,14.8771,59.056,14.8186,0.1414,9.2554,4.5716,1.5082,9.3601,10.5593,1.8377,79.2822,6.8115,31.927,1.1694,0.5552,977.386,59.7183,3.3434,17.6969,0.0889,2.8805,5.2155,0.1031,16.6142,3.5502,11.0935,4.8419,27.8586,19.1362,436.6985,6.6806,5.5934,0.0233,23.8112,0.1105,3.4225,7.5003,9.5699,0.542,0.021,46.528,0.0373,11.6677,0.1031,54.1428,0.0895,8.8667,11.8137,8.4236,0.2398,17.8214,5.8843
TCGA-BR-4363-01,18.2,18.2402,28.9849,0.0097,3.2684,6.061,0.2977,18.3075,10.8783,5.7494,21.0601,9.264,7.1825,1.3346,13.5918,5.39,5.2929,2.6024,2.813,5.4432,11.7064,153.5008,1.7003,3.9143,13.5057,15.8625,30.381,12.9957,6.6798,6.3508,26.6313,16.2493,11.653,4.5297,41.3539,9.5942,0.299,0.1142,1.285,17.4267,112.6004,3.6444,9.985,50.9854,55.9346,33.379,12.416,2.6019,33.3171,20.172,14.4467,7.6594,13.3424,18.6105,9.2659,17.7204,8.4025,8.6788,4.457,0.194,11.5849,11.7463,26.6861,10.0488,4.5935,34.3934,9.1594,16.3519,130.2029,31.7975,0.3084,9.5261,14.6817,6.8822,18.1718,61.0146,9.7554,4.2122,25.5242,29.9327,25.2558,0.1151,0.714,9.3091,84.5917,9.0098,9.6605,14.294,27.9668,6.5951,3.5908,14.1906,40.782,6.6848,4.7948,31.3033,8.853,6.1903,4.978,17.2856,3.4258,10.4975,5.0429,5.0038,19.8344,14.0459,2.0097,2.6776,404.6587,7.9811,28.0897,29.8631,8.5481,10.1905,5.3445,2.3854,17.2557,2.5371,13.088,59.6531,6.8147,6.5785,2.2614,12.2721,27.5131,3.9988,26.5785,63.4559,10.5526,41.8437,0.1675,1.5571,0.353,15.0393,7.9688,2.4397,6.2603,27.9018,8.7667,40.0857,0.8316,4.6337,2.0655,60.3606,9.3491,4.9095,22.9557,8.7956,23.5003,13.1662,41.9904,8.1417,4.7904,3.6868,11.6387,6.3543,53.6505,0.9569,3.3381,8.5585,11.1797,0.3248,0.4816,0.1295,6.8661,3.5599,39.9372,12.1892,47.5213,153.3007,48.1932,6.9365,34.7005,90.3973,11.9719,63.5169,5.7719,10.5066,45.836,80.4677,4.0126,14.4636,12.4582,25.1488,21.1561,7.5881,28.5897,6.1373,51.4797,14.0843,19.2736,14.6333,3.5223,0.1296,44.2534,10.5109,10.9821,8.5801,15.5898,5.7767,6.5738,2.2895,0.2816,1.461,4.4741,32.8964,3.3624,14.5277,28.4344,2.1867,6.0021,2.5004,3.4709,2.8346,117.2332,7.1894,4.3541,26.2063,90.6973,21.4834,1.1238,9.4349,2.7668,4.7125,10.6819,3.7851,162.4579,6.8828,0.7946,18.7626,6.6407,5.7371,63.207,1.3513,0.6993,6.6898,0.5831,33.7272,15.6742,12.4866,11.3227,28.5726,0.9688,9.8725,37.2025,8.4778,23.7364,58.2448,43.8571,6.4223,6.6448,3.0294,19.6966,50.8975,55.4499,0.5327,7.1586,5.9704,2.2603,4.6754,18.5696,1.682,40.8506,2.6228,92.6886,1.0678,0.5665,3098.6007,139.5215,3.885,14.542,0.5312,2.4233,5.8288,0.0255,9.3378,7.5191,15.6013,4.5208,17.0801,8.7693,150.7095,43.7828,4.582,0.0652,33.1945,0.1419,0.5551,6.5208,7.9732,0.8021,0.8339,208.2674,4.1206,3.4179,0.0166,23.3164,0.2493,11.139,17.1223,15.3282,1.0349,9.2417,3.7841
TCGA-BR-4366-01,4.066666667,10.5346,23.7266,0.0171,2.0846,4.647,0.2137,14.059,18.5607,3.2988,12.192,3.9735,16.1224,0.8405,11.9474,5.2665,4.8727,3.481,15.9397,5.6525,12.5432,106.0994,17.3006,33.2283,6.8066,8.6987,71.2062,15.93,5.7079,9.38,25.8459,58.9264,6.5331,3.1312,6.5976,10.404,0.0492,0.4998,0.4995,14.5953,129.7551,7.941,5.134,76.6664,79.9624,20,7.06,1.6796,11.3452,11.9702,1.2211,4.4652,19.0883,16.1577,6.7045,11.6088,12.3442,20.16,17.5436,0.3503,10.3866,9.4802,50.5965,13.9221,3.6507,24.4175,15.0565,18.0204,103.782,26.5697,0.0527,18.2256,7.7879,11.4043,12.2668,33.9354,4.6434,2.1229,12.1973,17.9234,97.9907,0.7248,10.8885,17.695,88.3782,6.9544,7.2639,14.0351,24.2333,3.4348,2.4365,17.1764,19.9916,8.6272,3.8846,18.36,5.6437,4.9996,4.0804,9.5628,2.369,5.751,4.1854,4.2894,10.2471,8.7211,0.6533,1.3856,588.7678,12.1351,13.7601,71.3436,4.0364,29.4064,53.7356,0.5892,2.7077,0.5111,20.3922,74.2101,4.2364,18.8427,1.9193,8.0885,16.8383,1.7996,21.2626,60.2074,4.34,58.4355,0.0303,1.153,0.1843,6.0334,2.8061,1.1032,4.3964,18.8637,8.0717,48.796,0.5868,1.7677,0.3267,96.5069,5.215,4.6247,21.705,7.746,6.5618,17.521,36.0712,16.6554,3.325,2.2361,8.7711,6.9555,26.066,1.2614,2.6491,3.8257,13.1687,0.0425,0.17,0.063,4.2985,0.9822,15.7684,20.1561,34.9977,106.4862,47.8725,6.1449,64.8154,79.5549,36.7589,49.6894,3.5069,10.2776,34.0264,61.578,2.5568,16.356,5.9133,67.1047,10.5376,6.2949,38.6777,3.3015,24.9642,25.5386,14.3838,7.3945,3.4414,0.0899,31.8635,15.2098,19.9842,4.4719,16.8949,2.9437,51.4469,1.4736,3.0244,1.0266,3.4556,29.3723,5.8179,17.0268,20.8634,1.8068,2.8965,1.3767,6.3867,9.5338,232.0116,5.5129,4.2922,18.0354,112.1578,24.0504,0.1582,16.5592,1.9561,3.8281,5.6942,25.7407,120.3413,5.0373,1.0419,11.1764,5.6717,12.0563,52.4686,7.1003,0.1699,23.0808,0.8213,49.6292,47.6559,17.2004,13.8292,21.89,10.9826,11.2763,33.3749,4.4365,29.6295,36.931,24.7709,15.6795,12.8182,4.124,12.0788,35.2601,37.2608,1.1001,4.0491,1.4956,0.9361,5.2582,42.8261,1.4737,51.8806,2.3208,140.7545,0.2344,0.1463,866.6492,117.4569,7.1119,11.3947,0.2932,0.9897,4.454,0.0667,7.0481,4.1491,56.4971,7.0253,18.3872,10.3997,325.9871,38.0944,4.5649,0.078,14.4611,0.134,2.5431,16.3264,8.4964,0.7546,0.1157,154.7694,2.1571,27.6766,1.0391,46.1633,2.0586,13.47,14.5735,6.8199,0.6167,8.9972,2.9032
TCGA-BR-4367-01,0,14.3353,19.1839,0.0154,1.4725,3.7357,0.0788,14.011,9.7796,3.8879,8.8851,7.2854,16.7084,1.5932,6.7718,5.9642,2.8667,1.1086,1.4591,6.8053,16.0143,84.6246,3.5895,20.0388,9.1689,10.0509,68.3861,20.7737,1.2013,10.2905,18.5921,28.492,4.5418,2.4978,7.5463,1.0729,0.1134,0,0.9468,17.3994,122.1206,4.5678,3.5063,87.974,41.9662,40.6747,11.9129,1.658,9.7097,6.6179,3.0156,5.3033,275.7652,17.5122,7.6745,11.6971,11.4034,49.5918,12.5109,0.1988,13.9015,16.8744,46.7684,8.2955,2.4001,24.8593,4.4538,18.2852,73.7448,39.2704,0.4889,11.1771,14.8715,15.3346,10.6811,110.9287,9.1509,5.3966,16.6522,25.1222,45.745,0.3552,6.7265,9.1328,57.4315,7.2752,6.305,8.7523,25.0081,2.6738,3.2931,17.9103,26.9176,6.6012,1.4262,14.9319,29.2812,3.5536,3.9124,5.6482,0,13.5276,2.3117,3.1144,10.1166,11.79,1.1921,2.5481,492.5671,7.1886,34.3823,72.4547,16.5752,18.6392,5.1998,2.1758,23.0964,1.9755,10.8415,63.2948,15.9137,19.8089,2.782,3.9215,25.7821,5.8563,23.8341,29.5254,12.645,54.8962,0,2.9056,0.3528,10.8113,2.4759,2.2341,3.3039,17.8267,4.3924,39.5905,2.7215,4.2971,1.8684,15.1489,8.4104,6.1142,17.0642,6.3016,23.0537,9.7176,35.0734,9.2518,1.1116,4.5506,16.1379,8.0173,47.8634,1.1247,1.5422,2.5337,8.8724,0.1003,0.0995,0.0269,4.8127,4.4886,58.2332,17.3814,48.0219,119.2514,27.5694,8.0787,16.6165,70.0675,17.3393,82.5917,0,10.137,41.7826,63.7136,3.5368,11.7927,5.0233,90.5875,6.7638,7.3777,37.4348,7.6739,28.9549,12.5731,12.4273,21.385,2.3913,0.1833,16.7831,9.2338,8.1902,6.7274,16.3352,2.3299,8.6887,8.8754,0.2633,1.3365,5.8218,18.113,4.1186,16.2153,34.2008,7.8992,3.9779,2.4621,6.1146,13.0033,95.8234,5.0515,5.1743,29.0647,73.1396,25.038,1.0973,15.5169,3.3684,6.5933,3.9702,28.0898,200.0663,5.6884,1.3174,11.1823,4.5142,6.373,42.4152,1.4083,0.0402,14.6809,0.0491,109.5573,52.3426,16.3102,11.0396,12.4041,25.0297,20.0629,22.5456,4.6157,27.9158,74.2628,33.6424,7.8556,15.3392,3.0852,40.2101,42.0298,56.8084,0.1869,5.3209,2.2597,1.0519,2.0822,11.1288,4.1989,14.807,1.0817,31.4428,0.7616,0.6508,2139.2258,25.8198,3.3764,16.9585,0.1819,1.4543,3.5682,0.0094,4.3242,7.1971,13.4052,4.8351,19.8096,15.2985,153.531,58.406,3.9921,0,38.8742,0.0231,2.0158,8.5892,6.31,1.1494,0.1787,283.1402,1.3279,16.4063,0.0893,53.588,0.1124,8.0023,7.2312,13.3687,0.5007,18.3454,5.1517
TCGA-BR-4368-01,41.33333333,19.4362,29.7528,0.0397,2.356,5.4843,0.4571,12.8345,12.9006,4.9241,13.388,21.3404,20.1389,3.1506,7.7578,8.1469,3.0368,1.1826,2.7804,10.0788,14.4032,61.0512,1.8921,2.7781,10.7536,25.0047,79.6504,38.6657,1.7255,10.1947,25.8394,31.7098,11.0907,3.9366,11.1638,0.8976,0.3485,0,2.8113,27.4486,82.7302,1.2891,13.4842,24.017,24.4592,21.0014,18.1085,4.086,21.9829,9.5058,3.5702,8.3238,21.1983,21.4006,4.2324,13.456,13.6434,80.2474,5.6571,0.2801,12.327,15.4326,24.3759,8.2698,5.3598,24.1868,9.6192,20.4556,157.267,32.8387,0.428,12.3381,10.9911,15.1939,8.9949,65.5075,9.9242,4.4816,21.5734,50.05,19.3032,0.2939,1.9231,17.2966,70.9038,12.0095,9.4166,16.2896,24.8802,1.511,2.4454,21.1888,29.6681,12.4952,2.2728,21.6146,33.662,4.2685,6.0778,18.0602,0.2142,15.4619,4.2008,3.1262,10.6258,14.1943,1.2147,2.8927,419.1685,6.1691,38.472,75.8404,14.222,13.9272,6.2399,2.5758,11.3684,3.2181,14.3881,80.0085,13.8327,19.6406,1.9084,7.7502,30.7587,4.1518,34.092,57.0485,11.6148,65.2223,0.0202,2.5233,0.2613,13.9332,13.2832,2.6348,8.704,12.5077,5.1138,35.6035,1.327,5.1851,1.4577,36.3776,8.1953,4.7738,27.5325,14.6075,23.5688,10.0713,39.0497,33.6173,4.444,3.7209,9.7866,5.8106,178.7612,0.9738,0.1779,6.1885,13.1372,0.2798,0.238,0.1513,10.0904,4.4691,23.9138,29.002,46.0021,95.0384,42.8459,6.9549,29.4432,78.7032,11.5949,78.0081,0.15,15.3892,12.2449,54.2151,4.1818,11.2051,4.1584,46.126,7.1866,15.5032,31.6631,6.856,23.772,5.8063,7.1239,12.2608,3.6999,0,24.6827,11.356,5.3302,9.8042,17.3084,5.2593,8.4566,4.4669,0.2498,1.7811,13.0464,31.0093,2.7779,19.9187,20.6549,10.1672,3.8658,2.0213,10.7579,8.4565,120.9126,9.6455,5.8228,18.6727,66.9251,25.5814,2.0722,22.6515,4.4806,7.0758,10.6355,50.0925,179.3029,5.875,1.1452,13.348,5.0946,15.2337,63.8991,1.9827,0.1192,5.2007,0.2277,89.38,76.5092,13.7721,11.9003,17.481,24.2191,33.1991,31.6489,7.0774,23.9464,72.9347,26.2447,4.81,26.1128,0.5843,12.3742,51.5934,35.5391,0.6635,5.2257,5.3649,4.9221,4.0508,12.5231,4.0989,23.2559,3.3525,105.7776,1.9224,0.8422,1508.9827,100.5587,4.7827,17.8146,0.3549,1.7226,11.0038,0.0729,7.6354,9.9592,10.8677,4.7886,18.6145,19.1716,288.9773,30.1456,7.9975,0.0088,29.213,0.1213,0.0752,4.2766,4.0805,0.7641,0.4742,105.843,0.4615,6.4073,0.0202,130.7847,0.268,8.63,7.164,23.4709,0.5586,11.0364,1.8147
TCGA-BR-4369-01,4.9,16.1368,18.0228,0.0258,1.9211,6.2959,0.4035,27.6553,39.3951,5.7489,9.952,6.8337,12.4232,1.0984,8.6798,5.6164,5.323,2.9538,20.8045,9.3524,13.1833,160.9263,21.0315,65.0028,11.9857,10.4104,51.3746,17.723,13.8004,213.739,29.1268,143.6474,10.3388,4.0466,5.61,39.7899,0.5252,0,1.6258,33.9243,282.4596,16.0394,10.339,85.1415,62.8359,25.8138,2.4695,4.5672,13.7527,9.1657,3.8757,17.5867,12.7706,10.8232,8.0692,12.8456,9.9095,20.6695,12.0289,0.7317,16.5507,16.7711,16.9688,10.1328,2.8413,20.3508,6.0067,14.5213,110.9482,22.5943,0.1193,14.0581,21.371,5.8716,8.6491,147.8727,23.3216,9.4187,10.1996,31.0812,23.8415,1.3887,4.7399,11.5329,91.4837,5.5849,4.3374,13.2181,34.6214,6.6249,3.585,43.2431,21.8599,7.1024,2.862,19.6435,2.8948,8.4781,5.9631,7.0917,0.1947,11.854,3.2042,4.6804,8.1247,12.3963,1.5013,1.7217,497.2749,12.2458,15.062,76.2158,10.7867,10.8069,10.4167,1.0583,28.8579,2.0395,39.5964,331.0466,8.4539,16.9737,1.4617,6.2471,19.2073,18.3194,26.1893,19.9931,6.341,54.6811,0.0641,1.0373,0.2805,11.1385,5.8793,3.9103,6.8311,40.3428,9.7377,35.2665,0.8492,4.2019,2.4433,34.0786,13.1568,3.0309,12.0912,10.661,20.693,19.9987,38.4404,16.6906,6.823,1.3222,12.9089,10.6513,49.4219,2.4165,4.9266,4.3311,7.2992,0.0939,0.1912,0.2207,6.2262,2.1249,21.6648,9.5177,35.3901,91.4719,22.1241,21.8129,19.6531,93.1386,20.665,72.7111,1.9205,13.7526,53.6776,71.7361,4.7391,7.4316,5.5472,31.003,6.5456,6.4509,38.0888,4.0112,24.6135,37.1469,22.7872,12.6364,6.133,0.1149,16.9205,16.1168,12.4581,7.7493,20.3857,4.2633,7.1787,1.3402,0.1699,1.9664,2.4714,27.0669,3.8701,11.3816,24.9677,9.3924,6.4762,2.7391,7.0652,4.9543,83.4151,9.4529,4.612,30.4624,47.4474,22.1612,0.9292,7.0453,3.8112,5.7604,8.3668,14.0268,144.3903,5.7643,1.0766,12.3966,4.8576,6.4016,30.5092,7.6101,1.4194,27.1814,1.3393,75.2493,37.9671,16.7594,14.1968,15.8698,21.7597,3.2608,48.053,4.2667,14.3182,44.0942,13.1295,16.2334,2.9796,3.0842,20.7897,45.026,13.6231,0.2426,4.7404,4.3737,3.2811,4.9447,8.8615,1.3012,26.3501,2.17,25.4522,0.7049,0.6572,1368.4634,131.0294,5.0307,22.6772,0.7609,1.877,3.273,0.0222,7.0555,6.5652,13.4152,4.5327,23.0301,12.3051,103.0686,29.3849,4.044,0.2397,17.521,0.1198,4.0183,10.6921,6.2029,0.3854,0.5501,141.4792,0.562,17.0879,0.0565,22.3141,2.1262,12.3595,10.4741,4.5712,5.3358,4.9687,9.1674
TCGA-BR-4370-01,33.53333333,18.7333,29.3562,0.0141,1.3869,6.2204,0.4693,18.6548,11.3038,3.9024,12.7488,9.9277,15.0595,2.1946,8.7509,7.0799,2.2196,1.0416,1.8757,7.2173,12.1007,121.1795,20.8124,1.6823,16.4204,13.2064,70.8475,21.7296,3.6977,15.2064,25.087,42.3566,8.031,4.5613,16.4613,5.0314,0.2412,0,1.3134,23.7365,100.6947,1.6617,10.829,34.253,27.6143,18.4305,7.0578,3.6482,19.519,10.9646,4.8481,5.7034,21.7391,17.0264,6.3145,9.7251,7.2962,32.3819,9.1214,0.1624,6.8866,10.5201,32.3014,5.8944,5.2986,24.708,11.0813,20.1294,85.2797,33.1754,1.2202,11.0891,12.8747,10.4692,11.5925,57.6652,13.4706,2.3724,19.6431,30.4886,39.7129,0.236,2.383,11.5229,84.6341,12.7812,8.7808,11.1831,25.7803,2.4606,3.29,14.511,24.7053,8.072,4.6193,31.4319,21.7365,5.1264,6.846,9.0321,0.145,10.9694,2.9701,3.3485,15.4061,9.8935,1.5461,2.6772,382.8169,7.1939,29.188,81.5482,58.2294,13.6477,3.2378,3.9948,19.0289,3.1759,11.486,31.9283,12.3945,18.5543,3.9525,3.6458,22.4429,14.4469,21.9841,66.3726,21.0264,52.7871,0.0093,2.9481,0.2798,16.3486,4.7606,2.4202,9.1147,11.6562,7.4916,27.0123,1.0627,4.2762,2.8643,18.6563,8.3014,6.9964,19.5697,9.1399,17.573,13.5944,39.6464,32.7802,4.2538,4.8108,6.7166,4.188,23.1059,0.8996,0.3624,4.513,10.8784,0.2484,0.3467,0.1227,4.1474,5.6407,44.5966,18.1664,64.4541,94.9275,32.123,8.4726,30.3213,66.5022,14.107,41.8835,0.1672,10.3539,23.4868,72.9713,3.3092,11.3526,8.126,42.0312,14.6316,9.8236,27.8165,16.972,24.5138,6.0748,5.9102,32.4888,3.9701,0.2901,17.781,8.2314,14.5677,5.5191,14.887,3.4394,5.9957,5.0021,0.4683,1.3516,17.0091,21.0364,4.9862,19.0816,46.2717,8.5029,9.0765,3.5323,18.5314,7.5365,114.2632,5.1028,6.722,17.524,114.7005,38.6006,0.4152,24.1358,3.3881,4.2269,4.8256,9.8327,187.2175,4.7585,1.0647,4.882,5.9395,7.2667,64.7587,1.7735,0.0459,8.6407,0.0586,109.4765,103.1083,16.2752,10.1292,22.2176,15.0659,16.4966,33.3684,3.7936,28.2333,36.1852,39.272,8.01,31.0676,3.0991,42.7909,27.6692,34.9709,0.5245,4.5098,3.3257,1.8571,1.7991,12.6087,4.1615,27.6256,1.0501,31.6969,1.4364,0.8774,1208.7636,124.4794,4.0072,17.8068,0.522,2.3674,5.187,0.0534,6.6403,9.7721,17.2176,4.4977,16.7215,34.3054,287.1914,14.7695,4.0329,0.0068,33.4618,0.1756,2.0547,6.1353,8.28,0.5089,0.0644,149.8066,0.1005,13.7908,0.1728,146.7422,0.1595,10.5012,12.4514,10.5892,0.8097,10.0723,3.2263
TCGA-BR-4371-01,4.433333333,13.2781,21.3497,0.0156,3.1816,5.8876,0.0567,19.7397,13.964,4.1317,19.6511,11.7302,14.6443,1.4977,10.9879,6.9755,5.1794,1.8503,0.9027,7.2174,16.3604,163.0443,1.5659,18.6405,9.5958,15.1592,135.7647,16.0237,4.9116,9.6788,24.6308,36.9361,13.165,4.2185,5.263,0.1677,0.181,1.1051,2.1989,39.4561,80.7867,6.9273,6.9777,43.161,125.5625,28.692,7.6258,1.1894,26.5523,12.8362,0.7162,9.2668,10.3313,22.3248,12.398,15.6617,9.0092,38.0094,9.213,0.4165,11.929,12.0166,32.3683,5.0875,4.3814,21.0223,6.3318,14.9034,157.7193,32.5376,1.3498,12.3875,9.0178,7.3934,31.0169,81.4329,3.4898,5.7046,20.9827,29.6584,22.8865,0.6756,49.1185,15.0683,78.53,10.3229,4.909,17.8904,28.6166,0.5799,4.1014,16.9975,38.6038,9.9109,3.8324,18.2972,35.5039,4.9024,8.0634,15.7661,0.0487,11.8007,5.741,4.0918,4.5959,12.5571,2.8412,0.9028,444.6843,11.705,23.6054,45.2658,69.9735,14.8295,5.8774,1.9887,1.2007,0.3192,15.1149,55.3368,38.5659,37.4236,2.7826,9.7645,9.5551,1.4751,25.806,18.53,1.3282,70.4924,0.0212,0.6194,0.1219,16.3025,6.1111,2.5219,1.4588,7.9881,5.5095,30.9349,0.6403,2.0011,0.6038,66.7034,9.7448,2.3822,27.2155,9.5596,28.918,12.0747,30.4197,16.2654,6.9812,0.5293,8.6831,7.0073,74.6021,3.106,0.7416,5.042,19.7581,0.0185,0.1461,0.0447,8.3921,0.6828,7.9349,11.0326,35.6696,109.8961,29.1683,6.2887,34.8409,88.4297,21.9449,64.0242,0.099,13.5097,43.1717,51.2595,3.3547,12.4017,7.1214,46.0522,14.8182,9.9722,35.9333,1.5963,38.1582,16.6516,17.4405,6.2202,3.5545,0.1809,16.7034,17.5209,1.5466,5.4456,21.8013,6.3992,7.6228,0.5916,1.4814,1.7944,9.9225,42.526,2.0747,21.2129,25.7816,4.3954,9.6199,7.1955,5.6377,7.7792,96.2623,9.0038,7.2535,22.6905,45.2319,29.3243,0.348,14.4302,2.5783,6.8922,6.5089,11.3036,150.4206,5.318,1.197,18.3432,8.0182,5.9576,59.574,23.2189,0.1002,17.6251,0.0512,63.0228,45.7295,21.2079,14.3579,7.9117,9.4549,1.992,31.9249,5.5686,21.6445,61.2562,38.5603,2.7604,17.9888,25.7666,8.5638,56.5454,17.9733,0.3789,4.9463,2.7953,2.214,4.2598,4.9914,1.1266,24.7528,2.3039,69.8815,0.177,16.6459,1583.9432,119.6132,3.2106,17.4562,0.0718,0.577,5.6381,0.0397,7.6743,1.7192,26.5209,7.8261,21.264,27.6879,130.8886,28.8367,6.9176,0.0265,28.6299,0.2521,2.0876,9.1034,15.5213,54.5877,0.0832,54.8221,0.0299,38.7907,0.0433,35.9952,0.141,7.965,11.4578,15.3561,0.5469,7.8718,3.9124
TCGA-BR-6452-01,218.1666667,22.5549,62.4927,0.0075,2.8147,4.6416,0.1446,23.0741,7.8933,1.675,6.2778,16.3009,24.5384,1.4141,14.2422,4.7901,3.5878,1.5222,2.1547,5.2696,10.3555,150.6262,1.7091,28.0518,15.1566,16.2288,46.3555,24.2377,3.717,10.6971,21.0001,56.0758,6.8856,2.1295,16.5525,11.9028,0.2057,0.011,2.7595,47.2514,115.4419,11.0175,13.5254,187.4902,78.0782,9.4538,9.7442,3.475,33.1582,14.0093,0.6625,8.3625,15.0858,27.8783,5.8691,12.4939,14.7252,10.1716,2.8935,0.1098,11.9441,10.8344,46.6638,7.0761,10.1699,23.3759,11.7767,11.3005,134.9571,24.8171,0.1283,9.1788,7.8088,5.4348,10.8011,117.0619,10.2825,3.5232,32.8086,24.6912,20.8146,0.1578,3.511,11.3589,41.1661,7.7344,7.408,18.1655,36.7542,2.0725,7.3568,14.9651,15.269,21.4883,3.8004,17.3061,29.7748,3.31,7.8533,20.0596,0.2423,15.0693,3.1668,5.1134,5.0429,11.4717,1.8918,1.6537,561.3395,7.2688,26.6312,89.2262,49.3574,25.1802,8.0461,2.0318,16.7438,2.0495,13.4378,50.2784,4.69,26.5551,7.953,6.443,15.5214,3.9367,27.0691,17.4769,4.2444,43.8727,0.0013,0.8072,0.1425,14.3773,7.4593,3.194,6.0758,33.6002,5.5641,32.6525,0.4954,3.4863,1.8254,59.7155,6.2544,3.9211,45.8743,6.9327,40.7076,11.4251,43.1583,25.0414,2.4514,3.0389,12.5185,4.7883,46.1408,1.0973,4.3377,6.6503,14.4804,0.1904,0.0462,0.0658,5.0192,2.0785,34.5993,14.8434,45.461,96.0028,36.1424,11.7626,52.946,78.0936,17.9261,84.6116,0.2487,10.2919,45.8275,53.7208,4.9937,18.7337,6.5307,18.7394,9.6184,11.2693,22.5266,2.62,35.1579,14.1718,17.6572,9.8754,3.4508,0.2885,23.0184,8.1373,3.4892,4.7909,19.6717,9.132,6.0006,1.0485,0.6553,1.6656,4.128,39.6911,2.1465,16.7902,40.9867,3.6843,9.3302,2.8729,2.4414,6.3863,100.012,1.8691,5.7019,24.834,62.0176,13.1058,2.8722,13.588,3.1096,10.7597,8.1279,31.5239,120.1182,8.6471,0.9084,22.8511,6.2189,2.9094,82.1646,7.2236,0.2423,17.4672,0.471,52.063,82.939,11.6363,8.2452,11.544,6.7518,2.9459,43.5599,9.4685,17.4247,48.1747,46.7032,5.5081,21.168,7.8,20.3586,66.5599,79.7294,0.427,3.3918,6.2643,1.4386,5.9181,11.2931,1.5856,30.3423,1.9678,57.0228,0.4561,0.9963,1155.3185,143.8963,3.2226,9.705,0.1294,1.4689,4.0346,0.0235,7.9743,3.0214,9.2787,5.6096,18.4977,42.1358,351.2839,22.3501,4.1052,0.0075,33.6481,0.1476,0.8073,2.6294,11.3264,0.4379,0.2498,219.3936,5.4527,27.8436,0.0659,99.3007,0.0881,8.8482,10.7393,12.1051,0.3322,7.2313,4.4351
TCGA-BR-6453-01,5.4,21.877,38.5801,0.0918,1.0631,2.3106,0.2427,18.9325,9.2156,2.7066,8.3212,15.5639,21.3064,5.0857,6.4443,1.8945,1.6515,0.7391,14.0988,3.4396,5.2654,55.9319,5.4324,45.8417,22.3716,15.184,32.2574,26.137,3.4388,2.5335,14.3129,31.3455,5.0705,3.1243,2.5549,1.8637,1.2295,0.0096,5.5913,42.0104,119.3951,6.7345,16.449,43.5082,169.4017,19.1348,3.1741,7.9304,13.3115,2.9139,2.6799,8.3777,4.7773,16.112,6.3812,9.0707,13.0408,5.5718,9.6615,0.2797,4.6658,7.1807,30.4055,2.3181,5.8748,16.9508,16.4386,8.9035,140.9942,11.2735,20.1269,5.7822,6.4495,3.2706,5.7926,123.9707,7.1793,9.3799,13.426,9.6838,12.6322,0.6078,10.9091,8.1982,26.2813,4.4213,4.8618,15.6675,54.7547,4.7926,30.8597,17.1594,14.0331,27.5244,1.2484,25.2502,30.8418,3.1149,10.4137,16.8448,0.0242,16.456,1.4437,1.1767,8.8794,14.3247,0.4083,13.3673,429.5003,6.0358,10.908,21.5772,23.9228,35.9235,1.8623,0.7529,724.1433,143.2112,5.7006,82.2899,6.5304,21.6818,7.0289,5.881,17.1218,4.6971,17.6678,366.559,5.6206,31.9397,0.0346,3.3383,0.598,10.8221,4.2327,2.9882,12.9416,19.5463,5.9163,20.398,0.9592,11.757,4.6313,94.0574,6.4836,6.8379,27.1096,6.2518,71.182,6.7059,20.9616,7.2908,2.8993,1.6198,4.7114,7.5518,58.2115,2.4143,1.4799,3.2205,8.3624,0.4383,0.7686,0.4857,2.345,1.7674,38.6066,15.8255,28.3563,51.6106,25.49,25.2728,55.7642,101.6098,17.9675,74.8905,0.0892,10.8695,25.3732,44.5261,5.8632,22.9138,9.2863,52.0033,21.4941,11.8831,11.9143,3.6835,43.9293,8.8487,22.872,11.5544,3.4969,0.5975,66.5184,5.7933,3.6004,2.7762,13.6141,6.728,6.5155,1.3099,3.1608,0.988,3.5059,28.2216,2.6563,7.3242,40.5859,2.1704,6.7918,1.219,11.2027,2.998,92.2979,2.317,4.1935,12.7472,131.9002,10.5808,4.6551,4.8629,1.9027,9.164,4.7425,10.5628,127.8792,4.2868,0.8585,25.4777,4.4868,1.4534,30.5066,5.1912,0.3248,10.6412,0.1698,39.7118,77.9839,7.4047,5.5358,11.5963,7.3079,2.0057,38.9797,6.0325,15.4561,46.6685,40.3162,12.7363,6.4022,7.3044,23.8863,43.4284,5.053,0.6938,3.376,3.6537,1.2992,3.1293,13.3611,4.8246,10.8253,0.4097,101.4872,45.4818,21.247,5666.5253,67.2353,1.6955,6.2217,0.4899,3.2861,1.9159,0.0311,3.0483,4.2032,7.5233,13.3025,11.541,21.0093,141.3318,20.2414,2.6697,0.0062,31.0507,0.9818,3.8114,2.9677,9.3053,1.9297,0.7308,62.0271,0.0263,72.6171,0.1007,33.2841,0.1328,7.5342,6.0668,13.0431,1.1476,6.8191,6.568
TCGA-BR-6454-01,4.466666667,13.8164,33.7126,0.0123,2.658,2.444,0.1196,17.5945,7.8986,1.4846,8.6809,19.6617,18.3555,1.8651,10.2723,2.5979,4.2145,1.4251,14.1678,2.7175,8.1363,200.2591,4.2815,5.3714,15.0899,20.4147,31.0731,22.4467,6.186,6.8704,21.1423,71.1654,3.9712,3.1243,14.675,15.5043,0.3288,0.009,5.0302,34.822,263.9666,11.3673,12.0468,36.0166,174.6999,20.5138,3.8809,6.2899,19.5176,9.3349,4.7811,24.3437,12.3913,12.1747,8.0003,17.9582,10.7268,13.7366,7.6638,0.139,5.1374,12.1892,24.9867,7.7601,6.132,32.8873,26.2956,10.0566,63.0802,13.8372,0.9443,5.5085,6.6337,5.0033,4.8031,64.5168,11.0855,5.1864,11.3775,14.9723,13.6627,0.4755,16.0286,8.4094,39.4992,4.6033,5.4137,15.2021,37.9355,1.9435,20.1036,16.0586,17.5935,15.6349,2.2628,21.6977,11.6241,2.2799,4.8213,12.0753,0.0189,35.3304,3.5762,4.8229,8.8798,10.1443,1.9637,2.1165,622.2224,9.6095,12.9454,46.8501,8.9038,48.2262,11.4397,1.4117,70.9537,6.5098,14.3687,80.8689,60.9527,26.8822,11.6492,3.6636,10.1643,5.3327,18.5561,41.4156,5.3705,110.7471,0.0118,0.9082,0.4395,19.261,5.6124,3.1868,3.9938,78.8039,3.9703,29.0433,0.2877,5.3797,3.2102,56.1732,8.4586,4.3533,28.1878,6.2814,45.9699,4.9451,21.81,16.5296,2.2846,3.9563,8.0252,7.1778,13.9559,2.2079,1.072,8.9206,7.1577,0.182,0.5036,0.0558,5.5791,1.3571,18.4248,13.3302,49.9339,40.0686,21.4864,16.301,62.1857,54.7153,27.4205,36.785,1.7801,10.1179,105.1743,86.817,3.216,10.614,8.3424,26.4767,15.3635,13.8808,20.9833,9.3333,62.9946,55.0924,15.6105,8.2146,6.4504,0.0959,26.1533,4.5278,3.2931,3.8504,22.757,6.9103,5.0759,1.268,0.1215,1.7158,3.4507,36.7857,2.5201,10.9391,22.2046,2.9685,16.0147,2.7151,15.1077,3.8429,114.2224,2.6979,3.6494,9.1327,167.6745,13.8679,7.0043,8.5881,2.4562,6.6853,4.0839,2.9404,117.5094,5.0666,0.6421,26.8158,6.9684,3.7,91.9439,0.4801,0.4118,51.3922,0.4235,80.6054,44.3314,10.5534,5.9805,14.0328,52.4187,3.4604,38.7332,10.5149,14.7183,41.739,17.6524,5.8084,8.9253,8.6726,15.751,64.5704,13.866,0.4394,3.3534,6.7709,1.6195,2.8274,19.8729,1.6398,44.2138,1.1923,54.1195,1.8888,1.2671,3166.8797,67.4793,1.8467,11.3545,0.2896,2.0485,1.4171,0.0188,3.7871,3.9638,18.9769,13.8279,13.5283,31.5569,150.8557,32.0379,2.0868,0,24.472,0.1384,5.1488,3.074,13.1085,0.3722,0.6877,402.0397,8.787,17.3908,0.164,112.7367,0.0324,3.5547,5.9841,13.2941,0.2391,8.5073,6.3577
TCGA-BR-6455-01,2.566666667,25.5835,64.7285,0.0169,5.5419,2.516,0.1137,31.1788,14.1361,2.2882,9.4062,15.9967,20.9274,1.213,5.7007,3.2722,5.2954,2.4637,2.5336,4.9535,9.8196,130.6227,1.7379,25.6841,21.4846,13.2374,46.5015,23.9007,8.1878,3.3934,18.8002,17.6197,9.8078,2.2921,6.5232,3.3779,0.1903,0.0114,1.3255,40.7608,224.3827,11.2118,31.3249,177.0438,109.4762,45.2157,9.8414,2.8134,19.7437,6.2169,1.1904,10.4485,7.9309,21.4411,4.3444,13.0609,25.5154,11.3083,18.3308,0.2206,13.5015,16.6596,32.5543,4.9444,6.6844,28.6256,12.9624,4.6961,250.1501,16.918,0.4799,12.6572,5.262,4.6157,7.5758,95.7106,6.1776,4.7751,3.174,21.3454,21.5813,0.0408,4.1163,14.4941,43.1154,6.3738,6.666,29.6377,50.4498,2.0629,17.741,14.7697,19.4414,29.1048,3.4328,16.585,52.5013,3.6754,11.2997,12.8959,1.2153,23.9405,2.8815,5.1114,9.9996,14.0599,1.5417,2.1377,628.8975,7.5542,22.9312,86.0246,5.907,93.7265,1.5243,0.9423,13.5707,2.3873,12.3561,89.648,4.9113,33.2422,8.6134,6.6887,23.9917,3.559,25.3658,40.0277,5.6837,31.1208,7.202,1.422,0.202,15.5258,11.138,3.4127,4.7172,54.8626,6.1575,38.8139,0.564,3.1182,0.8902,210.2893,7.4047,4.9133,39.7368,11.3787,56.2139,9.9255,34.6196,12.2374,2.5636,1.6025,11.1939,10.242,81.4004,0.8957,6.0315,7.8434,14.9695,0.3216,0.1957,0.1513,4.1833,1.1413,29.5678,17.6292,34.4728,88.8894,26.0088,12.857,52.0723,84.9055,15.1784,95.2616,45.1426,11.3582,61.4941,45.17,3.5912,17.1281,7.1921,26.7865,11.4251,12.2965,26.533,2.7273,42.4228,23.1408,28.1376,10.696,3.2506,0.1946,29.1927,8.8557,5.3067,10.7194,22.8536,8.1741,9.7961,1.49,0.2704,1.4485,2.5997,41.5359,2.8363,10.2342,17.318,2.1543,7.7812,5.0772,2.3626,4.1999,82.7417,7.564,4.6987,18.3084,75.0044,13.605,1.6912,8.3345,2.7412,21.994,11.2265,24.9379,100.448,7.5633,1.0483,35.9008,4.3397,3.7162,125.473,2.6733,0.2072,19.945,0.167,38.1853,87.7794,9.7124,7.5574,15.5453,7.3369,3.1011,61.2868,14.2651,12.9526,76.9886,51.5222,4.225,1.3633,13.0866,24.2693,47.341,26.3666,0.5253,2.6782,5.6838,1.8011,7.108,47.5373,2.0024,37.4581,2.7196,75.9408,0.8651,0.7014,1897.3796,94.8768,3.3537,10.6746,0.1435,1.1558,6.764,0,2.7511,2.7431,21.5054,16.2292,14.8358,36.6788,201.5252,63.8512,3.2874,0,30.2602,0.2682,0.1267,3.0308,12.1484,0.3148,0.477,153.0466,0.0118,12.046,0.0068,22.8239,0.048,6.3624,8.3786,5.1942,0.2304,5.0152,2.3386
TCGA-BR-6456-01,1.166666667,25.8681,54.2069,0.0581,1.8281,4.6044,0.7244,15.1654,14.9962,2.5398,7.4568,19.1395,15.8399,2.035,11.3606,4.6249,3.1568,1.2498,30.3369,6.1535,8.3188,38.6116,38.0448,64.6144,24.0585,18.1768,46.7932,22.8041,4.2131,14.8644,16.1816,37.3258,3.6824,2.0624,2.1594,6.1182,0.1625,0.1038,1.2024,75.4039,70.9783,5.8841,27.2251,47.5779,76.2341,22.8306,3.5602,2.8748,28.7178,11.3279,3.1483,17.6959,8.3369,23.5665,3.7784,14.3838,15.0728,48.4657,7.5717,0.1656,17.908,19.7709,28.4681,6.5071,4.7466,15.2205,27.3097,18.063,91.9676,21.5899,1.7852,5.4091,12.2659,9.4058,7.4117,92.5022,17.4058,6.2834,17.7518,16.0385,6.7503,0.5655,20.3904,6.4709,41.5915,4.5081,5.2247,23.5043,24.7899,6.6006,9.2145,10.9088,24.4743,26.5767,1.6855,34.996,25.4085,3.4701,11.5404,10.966,0.2257,18.1814,3.292,4.8618,10.0446,19.6426,1.3643,1.8691,388.5802,7.3486,12.1075,33.148,13.2796,94.4405,14.4546,1.1903,9.9909,1.7641,7.8416,44.7905,4.8139,15.6744,5.2294,2.6375,19.7313,3.4836,14.8013,35.3246,17.5691,32.1117,0.013,2.8616,0.2547,11.3087,3.096,3.1127,16.593,11.5011,5.1493,11.9587,0.999,3.0318,0.4885,108.4137,5.4124,8.4102,41.4006,8.6918,61.6197,6.1705,22.7138,7.3327,2.1142,3.2683,7.7372,3.8848,128.2908,1.1973,0.4866,4.2201,5.6114,0.1697,2.6273,0.1404,4.0415,1.5332,86.4814,22.4873,37.9825,62.8093,30.0428,19.6938,26.7919,54.3614,10.5773,35.1809,0.2691,11.6828,43.0723,60.6291,6.1732,15.1937,2.209,29.7847,4.6109,13.116,21.9587,11.1536,47.708,19.6101,15.9425,22.7914,5.9337,0.2797,17.9998,8.4948,12.5664,10.7691,13.4665,8.0544,4.1686,2.8536,3.0077,1.632,8.4184,19.1229,6.727,12.8973,71.0039,4.8487,6.2451,6.8481,35.7823,4.3597,159.2143,5.885,3.0558,14.4854,110.5884,36.9688,0.9447,13.4797,2.8604,15.7408,7.7034,30.755,201.2035,7.387,0.6785,20.2377,4.3603,3.6631,59.892,1.9466,0.0881,13.0692,0.0739,64.7387,72.3146,12.6057,6.2601,34.3533,20.4562,5.0059,32.15,5.5416,19.5438,47.6209,18.1214,11.2904,16.333,10.7052,81.1601,26.803,17.539,0.612,4.3937,5.808,1.352,4.8807,23.5253,3.3194,53.2527,1.4731,65.6847,1.5182,0.9625,1220.3848,116.8589,3.017,7.9074,0.3221,2.0364,4.4885,0.0074,1.262,5.3162,19.0694,9.7528,11.0927,30.0443,93.2723,15.7196,3.3403,0.0109,13.1091,0.16,0.0962,9.1684,9.4797,0.6456,1.1478,118.0491,0.0585,96.0802,0.002,76.1209,0.1046,9.9603,6.6747,4.2965,0.6018,6.9628,9.5679
TCGA-BR-6457-01,3.533333333,16.5881,30.3168,0.0523,1.1715,2.9629,0.2513,13.2431,5.1499,1.4922,4.6466,8.2223,13.1802,3.4158,5.4257,2.4583,0.8024,0.2203,2.8997,2.9421,5.1359,102.9839,1.4915,25.644,12.3211,10.5623,32.0184,14.1964,1.6698,3.6769,13.1662,44.5702,1.5496,2.4613,4.158,4.0215,0.5543,0,0.8518,105.5545,90.4246,7.1216,7.7684,69.4127,75.1621,16.5703,2.7466,1.6454,11.3071,4.81,8.2979,5.0376,5.7416,13.4524,2.8977,6.9367,7.2749,4.8226,6.8466,0.0943,2.0561,4.6469,42.1442,3.8508,4.9224,28.013,4.7844,5.6346,52.9284,10.9468,0.3028,4.9226,10.966,2.8956,4.6163,74.0859,21.2022,6.5683,9.7433,10.5141,8.0139,0.337,6.0373,5.9274,18.4432,4.1142,4.3969,9.9389,27.7383,2.6023,5.8241,11.7036,8.0221,15.478,1.584,9.6509,9.4403,1.9609,4.1393,6.9112,0.0092,13.3035,0.8351,0.8314,3.5179,7.6804,0.3068,3.2292,439.3984,3.7833,4.5114,36.349,18.073,26.1988,1.087,0.5188,270.1459,7.6697,5.3284,27.818,2.6177,16.4457,3.3475,1.6814,17.4744,1.6456,12.7815,21.6096,5.5385,31.3045,0.0433,1.1924,0.2807,6.2713,1.7175,1.7014,4.7391,9.1803,4.5165,13.6945,0.6272,6.8242,10.1687,67.4421,3.7822,4.9686,21.0531,4.5761,66.836,6.8633,18.4933,5.3023,0.9095,1.4507,6.8201,4.0412,16.7665,1.6133,1.1292,1.9622,4.9842,0.216,0.1707,0.366,1.2933,0.9887,10.3606,37.614,24.9779,22.7699,26.7444,15.1994,67.5271,88.4483,17.8792,72.5197,1.667,6.9318,36.4157,35.5699,3.1028,14.5024,37.2301,45.8893,13.8721,9.0621,6.4785,2.4238,33.368,5.0144,3.8622,9.671,1.9207,0.0636,22.7564,5.8065,13.1221,1.2462,10.4423,5.168,2.2634,0.3044,0.6414,0.6867,1.9281,29.3351,2.3346,7.4177,48.7771,4.048,3.3401,1.48,11.3184,3.2062,79.4174,1.1001,4.0189,4.8562,78.8179,7.7743,1.1761,5.9114,1.3867,4.0393,1.4806,16.1021,91.8978,1.457,0.4593,14.5018,2.5599,1.2354,15.0837,18.1245,0.0217,13.5268,0.0499,47.3281,136.28,6.2589,3.5787,19.9973,2.0632,2.751,21.5681,3.3259,11.6664,32.967,20.5397,22.4949,11.3095,2.3392,7.313,27.1852,7.0143,1.0177,1.9257,2.0327,0.862,0.652,64.002,3.1376,15.9821,0.2584,81.3756,0.9301,0.3993,1880.7758,88.5884,1.6431,3.2102,0.1718,3.105,1.5247,0.0158,8.1444,2.4309,5.7376,6.52,7.3285,8.4888,151.7218,30.5768,2.1121,0.0224,24.0147,0.0125,2.8767,4.5039,8.7114,0.1025,0.5769,48.7152,11.1252,17.1574,0,38.3412,0.084,5.0992,3.5706,14.3951,0.5006,9.2488,3.3688
TCGA-BR-6458-01,8.5,16.5659,30.3622,0,1.4429,2.9077,0.1741,14.0955,5.7539,2.6323,7.7824,9.0904,14.6439,1.8637,6.4121,3.2188,1.1737,0.4393,4.296,2.6371,6.1927,85.536,1.2898,7.4393,12.7612,11.0097,25.7851,14.3525,2.2124,4.6972,13.8784,45.8108,2.1645,3.58,8.4414,4.033,0.5916,0,1.2809,41.2849,89.6269,4.5813,6.6019,71.9424,86.534,20.8494,6.0166,2.3717,14.606,9.44,7.9113,5.6304,9.9501,12.671,4.3541,6.7245,9.5158,8.9419,8.8913,0.1567,3.566,6.586,28.0438,4.0591,4.8187,45.4282,2.9421,5.5495,63.8246,13.966,0.7626,6.2539,9.6475,4.0393,5.5327,58.8683,18.2478,9.0032,11.9581,12.435,12.7699,0.3181,3.5409,7.5124,29.2068,5.4853,5.7199,10.0674,22.2112,3.0284,6.1079,13.2207,12.4879,15.9111,2.1856,13.9877,12.9112,2.6054,4.3014,10.7783,0,12.0567,1.4205,1.5893,4.5701,7.7219,0.4481,2.5396,413.2389,5.0039,7.3805,52.5328,4.5578,18.8945,1.319,0.7158,241.1593,6.0481,5.7398,26.048,6.1782,15.3693,2.7161,1.5902,15.3015,1.6201,15.1338,33.4542,3.5419,42.1167,0.1569,0.9776,0.2433,8.0704,2.0633,1.6161,3.0426,6.3896,3.8299,16.6041,0.4442,5.2568,8.8607,63.7152,5.2217,4.4923,21.2442,5.0141,38.5089,8.9606,25.8132,7.043,1.9497,3.9784,6.5695,4.5144,21.2739,1.7006,2.2141,1.9827,7.9454,0.1382,0.0374,0.0668,2.2804,1.2326,5.9035,14.0194,37.9547,30.707,27.9517,9.7222,43.7059,49.0598,13.2108,53.5933,5.7641,6.1259,38.5223,37.4969,2.9451,14.9382,29.5815,46.1062,10.6851,11.3893,10.1721,2.0224,43.6328,4.8863,3.2012,5.6251,1.3795,0.4341,34.3252,5.3452,6.9365,1.7666,10.215,5.8153,3.3553,0.4402,0.1131,1.0989,1.2074,29.5688,2.4872,8.7285,68.1949,6.4602,5.8307,2.0106,13.9526,3.8827,87.4187,2.2488,4.8212,7.6779,57.0377,10.9602,1.2993,7.2111,2.0232,4.163,3.2732,18.8552,97.984,1.4521,0.5828,13.2691,3.9563,2.3801,55.4298,2.6609,0.0488,15.2877,0.0625,32.8104,44.7089,9.0703,5.1468,19.8785,1.543,6.5816,21.0076,3.2255,13.3642,31.7399,11.0609,5.8276,14.8717,0.9731,5.028,27.313,15.3134,0.7456,2.6906,2.2276,1.029,0.8691,85.9454,2.4489,44.8921,0.5476,128.0492,2.0538,0.282,1697.4467,113.2962,2.1278,5.5573,0.8411,2.7141,1.9429,0.0401,9.9968,2.7695,9.5018,5.6815,10.3714,11.0541,167.7629,64.236,2.471,0.0651,27.4301,0.0227,4.1197,3.6964,9.5489,0.1266,0.1197,102.0468,0.2415,11.6934,0.0923,58.7953,0.1438,5.4207,4.5159,10.707,0.6912,17.5965,4.4591
TCGA-BR-6563-01,2.233333333,22.6088,30.7278,0.0692,1.3183,3.6473,0.7554,11.9822,9.0886,3.5973,11.3877,10.84,15.9542,4.7548,4.917,2.3518,0.8804,0.4566,10.8046,3.2845,7.3694,49.963,3.8128,24.8453,17.452,13.5112,40.6937,15.777,3.0954,4.0209,12.2741,27.4869,1.8232,3.2952,4.8677,4.2411,0.5997,0.0092,3.0988,31.8,105.8672,6.0615,10.5846,29.7562,70.23,20.7799,4.5071,4.4051,11.5591,4.9628,10.4228,5.4887,6.406,14.6283,5.112,10.0683,5.7839,6.6502,7.3892,0.2053,3.2539,5.736,23.4361,5.0212,3.7935,19.806,9.7176,11.7668,123.2735,11.3081,3.4446,5.9975,12.5961,4.7465,16.1441,88.5318,12.9967,10.1859,17.6352,13.4136,16.0436,3.6638,11.8049,6.4314,26.5829,6.4137,5.9685,9.5238,29.7279,8.5778,16.8068,16.9724,16.8991,18.0096,1.6518,14.9161,19.1155,2.4017,8.3798,12.861,0.0077,13.1881,1.7086,1.4144,7.7973,9.7618,0.3503,5.1842,392.7536,5.8427,17.6923,41.8123,48.7777,32.1457,1.2865,0.9997,158.6576,22.7984,5.7818,57.9494,6.3635,30.8974,4.8496,3.141,32.8814,3.7715,15.8897,100.8092,7.9472,25.6478,0.0228,4.2025,0.8326,12.5054,2.2866,1.8985,13.6837,15.763,5.3218,17.0225,1.5266,8.2199,2.7163,60.5698,6.7773,4.5456,23.0907,6.1221,46.9908,7.5847,21.1587,15.0212,3.5344,3.6218,4.3039,4.8896,34.356,1.577,0.787,1.8158,5.8377,0.5873,0.6368,0.607,2.7716,2.4143,65.566,15.1426,41.0323,32.3308,20.8149,19.7947,36.8615,54.9354,19.9801,70.968,1.5665,7.4452,17.124,49.7653,5.0769,14.0512,7.2862,61.8327,12.84,10.2613,12.0372,7.32,40.3409,3.9175,4.9455,26.0795,1.9698,0.332,36.1759,6.8852,6.1305,1.7729,13.7505,3.3962,4.2348,9.9286,2.4345,1.1525,3.9771,27.046,2.9579,8.8503,31.7852,4.2928,7.2173,2.5401,15.6617,3.2517,81.9125,3.0399,3.9875,9.011,94.7012,12.7201,3.5395,5.3409,1.6539,4.0119,3.1754,5.1693,114.4379,1.5219,0.8631,16.1897,3.0886,2.7678,39.9597,5.0978,0.0678,16.6347,0.1187,52.1962,52.5489,8.2801,6.3933,16.485,4.1511,7.1087,27.7971,3.4896,16.7642,28.5148,18.1887,13.8247,5.9271,2.9679,39.2534,30.0451,7.6574,0.6409,2.9103,2.6053,1.639,1.0436,9.3902,4.6441,11.3616,0.2555,66.5853,9.2644,0.7517,3645.2816,80.3641,2.2978,5.7028,2.2463,3.2163,2.1512,0.0128,3.8893,6.8556,8.2727,11.3564,11.3475,10.2141,67.5462,17.3678,3.3678,0.0237,19.9522,0.3425,0.6246,3.5462,6.4525,1.4514,3.4953,69.7183,2.5927,39.5493,0.0781,37.0784,0.2179,6.0705,4.1928,8.2033,1.1558,5.4881,2.8939
TCGA-BR-6564-01,1,48.9444,47.7461,0.1878,2.2079,2.5633,0.867,16.5872,9.3756,0.8953,6.3375,16.1959,25.3139,3.6455,7.199,2.6178,0.7874,0.2028,10.5135,3.3063,5.8022,8.5234,8.7547,8.27,26.9402,21.7593,31.4279,18.7534,3.8989,7.6642,17.1151,27.4819,0.5995,2.2533,13.0695,1.2407,0.091,0.0667,2.1399,51.7367,97.4988,4.3724,17.8849,11.3434,82.3562,15.2734,2.7621,2.826,23.2464,5.2313,3.6443,11.0594,5.4707,12.6019,2.4173,11.4101,9.0559,4.1039,7.6358,0.469,2.2536,6.7894,29.11,3.6154,7.9884,14.9515,19.954,14.5314,75.7304,4.7951,0.736,5.7719,7.0208,3.7267,7.1691,95.9974,3.5466,10.7676,13.5709,22.1636,6.4086,1.8331,11.441,7.0951,16.9787,4.2514,4.8126,12.8827,22.2924,7.6337,10.0821,27.386,7.5881,18.5175,1.0896,9.8532,17.8833,4.1714,6.1336,9.0273,0.008,19.8072,0.8815,1.1344,14.4952,16.9664,0.1958,1.7403,290.9147,3.3022,5.6045,28.006,30.9162,30.2205,0.8931,0.5604,16.1379,5.1166,6.4346,46.2229,18.2226,22.9099,6.5452,1.0712,19.1802,2.1578,11.482,37.9654,19.7763,16.2696,0.0161,4.3863,0.4113,13.4936,1.5282,1.9139,32.6669,8.0636,4.9763,13.2702,1.0903,2.2385,0.5559,49.9995,4.1811,4.5717,31.4217,8.1723,43.1224,5.1345,17.8208,6.3492,1.8456,4.6345,6.5949,4.5275,33.3383,0.7555,0.6396,2.5414,4.4254,0.3664,0.4979,0.4225,1.6295,0.9638,47.5598,14.103,35.5427,26.1583,24.1586,25.6963,29.3286,44.3629,17.756,37.6327,7.1097,11.8178,44.2454,59.992,5.8698,6.3624,5.3129,47.1178,7.4001,15.6946,8.183,10.6124,36.6242,3.1603,3.0906,42.815,3.948,0.2966,19.7813,11.4192,6.5586,1.1794,11.2112,4.0237,5.1566,4.0016,0.6524,1.2224,5.3022,17.9997,2.7174,6.512,65.8583,7.9626,2.8533,2.0955,12.3122,2.9454,55.6346,1.3812,3.2014,5.7825,94.3047,16.9229,2.1324,4.2759,1.3855,4.6155,3.7871,2.0394,86.3189,0.9644,0.4054,16.7839,1.8918,2.3422,47.1048,3.603,0.1353,7.5214,0.123,87.3247,49.3572,6.6261,2.8207,16.8771,17.9925,24.5435,25.7342,3.3266,10.9714,18.6636,10.7152,10.9625,7.1364,0.2865,27.431,24.957,5.5394,1.9173,3.831,2.3257,1.3269,0.9186,5.3162,4.6643,11.8766,0.1539,117.3702,2.9304,0.5195,2064.5053,67.9392,2.2281,4.2554,1.1939,0.5936,1.8636,0,1.1156,5.9393,4.1352,11.4391,7.4683,17.3022,80.1907,21.9497,5.875,0,20.5594,0.0195,0.4103,2.8254,9.2552,0.3581,2.5481,90.8651,0.9349,81.3792,0.0152,46.0403,0.1037,5.3014,3.5468,8.9473,0.5817,3.9165,2.1723
TCGA-BR-6565-01,4.5,29.5726,41.0818,0.0471,4.1217,2.9929,0.2167,14.5259,13.6719,2.3583,8.1371,66.5637,17.2657,2.413,8.1724,3.6992,16.3624,1.8821,5.7612,5.6981,5.8166,66.3099,2.3609,107.4386,24.5806,21.4147,44.2679,30.5029,6.6096,6.0023,17.8775,144.2592,11.0828,2.5633,0.8153,8.6114,0.1432,1.788,1.4061,33.5538,94.4354,10.756,17.373,56.0296,275.2027,18.5524,7.8698,3.2523,21.0468,5.1478,1.3041,16.3305,7.0836,20.525,5.1197,13.9139,19.0013,17.9695,8.2412,0.1161,16.1342,18.6799,41.152,6.2331,5.4863,12.4649,22.154,12.299,126.7888,17.8727,0.5869,6.6423,7.8294,6.2694,12.2767,68.9904,8.7487,3.7864,12.8275,20.7033,21.8616,0.1284,18.3583,8.3935,33.4476,6.3446,6.9992,18.8041,37.7643,2.6187,21.4046,16.0996,19.5996,16.2402,1.1764,20.8396,32.1019,3.5265,7.3085,10.7387,0.1568,29.5789,3.5857,3.228,7.052,22.9524,1.1223,2.3563,481.4791,5.8669,19.8643,56.8441,32.8474,20.2969,4.9199,2.0536,26.6643,2.9233,20.9244,95.5115,6.5824,22.5368,1.3606,10.6313,15.6675,2.9795,19.6537,27.4433,7.9249,46.0446,0.003,1.2878,0.1649,10.5322,6.2436,3.255,7.6676,39.8756,5.0546,32.1371,0.3155,3.3549,1.9725,78.2463,5.5991,4.5899,46.7237,6.7826,38.8107,7.4952,25.335,5.6481,2.7694,1.9119,7.2895,8.2773,99.361,1.4068,1.1548,5.2513,11.8789,0.173,0.1827,0.0384,7.498,2.2034,35.7476,16.8771,25.8354,96.9594,18.1446,47.8,30.3168,48.569,18.8111,58.2516,5.4253,10.8644,60.7098,164.3623,3.191,14.451,6.6348,32.0933,9.6162,13.6249,29.6466,5.0577,35.2809,27.5517,32.981,14.561,4.9625,0.1659,14.3904,13.087,2.7249,7.0577,16.2981,6.3431,6.7186,0.7955,6.2531,1.5973,1.5737,50.6094,3.0688,10.0272,26.3063,3.2779,6.8777,3.6079,11.5702,3.7631,106.3004,5.9869,4.1055,12.1973,59.688,15.2527,3.6756,14.8013,3.9896,20.4027,8.6957,12.2065,132.2808,4.1892,1.6047,25.4347,4.551,2.1752,45.9241,4.9987,0.3108,11.3091,0.1582,63.7775,42.1014,8.2308,7.7993,14.7759,56.2832,2.1525,37.3431,14.3728,16.1852,45.3979,26.1797,7.6207,9.2088,13.2167,29.3981,62.1735,15.8193,0.302,3.0349,5.4322,1.5999,3.3279,7.2658,1.9293,42.9718,3.1812,55.7198,1.4118,0.836,2898.4624,78.6066,2.2897,13.0459,0.2747,1.5095,3.2728,0.0044,3.9315,3.3,12.3508,8.4269,18.9374,41.678,99.5639,46.765,4.1909,0.0043,17.7939,0.3035,1.5821,3.198,9.4934,2.8036,0.0844,79.4301,0.0845,129.4834,0.0246,41.086,0.0946,7.3119,10.1493,7.8034,3.3139,6.7101,4.7316
TCGA-BR-6566-01,29.5,19.076,41.0634,0.0016,0.8532,1.6673,0.0952,6.4543,3.764,0.5047,5.0228,11.4968,15.6914,1.1982,4.6307,2.0249,1.6413,0.8071,1.2738,1.9948,5.7417,51.6219,1.6669,22.2297,16.7207,11.121,26.2912,21.0239,2.7841,5.2822,13.0303,35.198,4.495,1.2646,3.2333,5.3399,0.0255,0,0.9036,37.7104,46.7646,11.8084,25.3086,37.3316,138.0672,11.2777,2.1743,2.099,15.7293,3.1753,0.2013,5.9038,10.7404,17.1778,1.8275,7.3201,10.3243,6.8256,1.8942,0.1341,3.8129,6.9893,34.3302,2.6368,5.1407,20.36,11.2076,5.3422,171.2181,12.0844,0.046,3.7964,4.0731,2.0018,2.2038,102.1943,11.8906,1.1289,11.9859,11.2247,8.1441,3.6455,5.1926,4.3895,20.2567,4.1517,3.69,19.2347,42.5258,2.1753,15.3093,10.7104,11.2008,12.931,0.9475,6.264,31.4311,1.5011,9.1923,9.1933,0.0975,14.2569,0.6254,1.315,3.543,14.1909,0.5656,1.45,678.7881,9.311,13.6428,52.8095,36.1328,11.4314,6.6908,1.3427,27.1516,2.1014,5.5229,80.6294,2.6719,16.59,4.178,6.949,12.221,2.5785,14.2302,16.3878,2.0792,36.3394,0.0017,0.3718,0.1198,12.4117,3.9887,1.5142,6.4761,0.4243,2.105,16.2799,0.0761,1.2932,0.8713,82.5503,4.5235,1.5965,34.4617,3.4888,58.4407,5.1967,16.852,6.9066,1.1206,1.5927,3.4404,5.5227,53.167,2.7002,2.9288,4.2447,4.2601,0.0671,0.0319,0.0313,2.4643,1.4206,41.096,17.8732,19.8398,35.8066,16.2301,14.0963,50.9006,105.9013,18.1851,72.7876,0,7.6769,24.7036,37.2581,2.5282,5.6424,2.4897,8.9272,21.762,7.4852,13.9247,2.1684,29.9947,15.5978,32.2405,18.5427,4.0777,0.0203,13.4831,6.7242,2.5627,4.356,11.8466,5.3608,4.695,0.1381,0.0825,0.5332,2.4494,41.061,1.8242,7.1512,76.8597,3.5806,6.4576,0.3982,14.7645,3.5183,55.6338,0.6655,2.4332,9.8881,67.8184,7.2573,2.7426,7.2575,1.7612,9.392,5.4112,6.753,174.2226,5.8847,0.4213,21.8004,2.0199,1.0853,62.929,4.2629,0.4162,5.8781,0.3584,55.4191,41.7098,8.4574,5.3123,11.0327,10.4145,3.065,36.2063,5.4141,10.6504,50.6315,16.2338,8.3909,12.0233,11.4531,22.6916,34.2891,5.4785,0.0622,3.9557,2.2003,0.683,4.5671,5.6776,0.3891,15.5455,1.3663,44.0595,0.3564,0.5981,2389.6218,79.2499,0.9183,8.0304,0.0798,0.6408,2.2563,0,9.1682,2.0577,4.3769,8.1755,10.6951,16.7144,195.6374,16.2517,1.4584,0.0009,18.5113,0.0987,1.4316,1.9586,7.6581,0.6169,0.4098,54.2364,0.9282,75.7232,1.6181,73.4184,0.044,4.2446,3.9539,28.6378,0.2524,3.976,1.7167
TCGA-BR-6705-01,3,39.6025,52.3011,0.0598,2.0857,3.0098,1.6883,27.2839,11.4035,2.269,8.1009,13.8911,23.4837,3.1478,7.9177,4.0182,1.5952,1.2274,14.4073,5.8618,7.2227,28.2652,14.7993,27.2705,35.4574,25.5044,68.454,22.1922,6.6391,7.6083,23.595,21.0925,3.2214,2.1328,2.2848,1.2404,0.1764,0.4797,1.8746,50.5454,112.0745,4.6418,12.8376,24.9627,42.0924,23.3441,3.6084,5.5041,24.6348,5.0151,3.2326,13.8875,40.4196,14.55,3.9117,14.0608,14.5542,9.6046,8.5148,0.2484,4.4315,9.0194,52.5888,5.2174,11.6451,19.0802,30.2073,23.8864,89.6395,8.5323,1.6149,5.7028,12.5049,5.7662,11.3061,83.1094,5.7418,6.5105,19.347,15.354,11.0113,1.1425,1.5961,6.7062,28.2293,5.1042,5.5239,24.9033,30.0071,10.3182,10.265,15.8079,11.2902,24.7259,1.8527,12.9809,10.4932,4.4973,8.1885,11.7102,1.4768,22.6362,1.7659,1.6452,23.8233,24.1194,0.2248,1.4596,387.4095,5.6038,13.679,33.5268,29.4398,20.7745,2.3265,0.553,17.3438,7.4473,7.2396,55.8466,5.805,17.7406,4.2515,3.7758,16.1844,2.9153,14.5117,28.0241,22.2262,12.0237,0.0394,8.4874,0.9068,10.0092,4.388,2.5299,26.4595,6.7492,7.0355,21.1395,2.2162,2.6594,0.8648,107.7816,20.2395,19.3953,37.7208,9.4648,39.5099,6.4997,21.0465,4.9257,2.7996,2.7156,7.9966,4.0423,76.6328,1.0377,1.619,3.2364,5.0534,0.4551,2.9477,1.8007,2.2466,1.7519,145.5799,23.5869,42.5005,29.9854,25.6531,32.0473,27.2216,60.3433,15.9892,38.9238,1.0646,14.4216,17.8961,62.8514,7.3316,6.6666,2.8402,74.9149,6.7637,16.175,13.0761,9.9705,39.5257,7.9173,13.3272,27.4107,7.0362,0.2968,20.5078,8.4754,13.7801,2.0343,14.7122,8.5147,3.2929,5.2484,1.0518,1.5305,2.6431,21.7865,6.2894,8.798,75.2417,9.1938,4.8088,3.5203,14.6595,3.1039,84.8274,2.6336,2.9413,6.0642,84.5372,15.0901,1.6582,6.1886,2.4152,12.5504,4.6175,16.7299,101.9599,2.6055,1.2162,22.1751,2.9196,1.758,32.2728,4.0313,0.2573,11.1006,1.1415,28.6003,45.116,6.2303,3.816,20.8787,14.0289,5.8462,29.0297,5.405,10.7498,27.8988,10.4698,10.6707,4.3615,0.8431,141.8821,38.6655,8.3944,1.0899,3.3984,4.2453,5.7827,2.3835,15.495,10.4449,18.7987,1.3981,63.622,2.1957,0.6387,949.4919,67.6938,2.688,5.5478,0.8382,1.2791,2.3543,0.1028,1.7038,6.9421,10.9006,8.8958,11.094,29.6867,59.7088,5.1623,3.9698,0.0299,17.7982,3.0774,3.5526,4.0376,10.5435,0.2458,0.7097,87.3923,6.3187,49.2856,0.0916,34.351,0.1483,7.5019,6.5019,8.8794,1.1908,5.0425,8.4842
TCGA-BR-6706-01,6.766666667,27.5342,32.4622,0.0432,2.4738,1.8987,0.3124,16.4162,11.2435,2.149,7.6249,11.78,17.9611,3.0461,9.2265,3.031,1.4324,0.7467,8.207,4.0569,5.0536,43.4969,2.7927,8.6416,26.9329,17.4083,34.4717,15.7465,4.9691,41.1925,17.3495,21.1385,4.3568,4.0781,7.6867,4.7526,0.4504,0.0147,2.5923,34.7595,119.7845,5.6292,14.8307,22.9164,81.4138,22.5112,47.8274,7.4648,20.5883,5.3831,2.8397,12.2774,4.4957,13.3582,5.312,12.7838,8.8882,12.4338,7.0295,0.1892,4.5939,6.8213,34.8555,4.1645,6.3914,15.6535,17.2262,13.3627,95.0357,10.5823,0.4681,4.6173,8.5323,4.1462,9.8598,76.5467,17.4135,2.932,9.5654,11.9213,10.5524,0.2511,9.2681,6.8483,29.3926,3.619,4.2845,17.5858,25.951,5.3058,19.9256,14.0954,14.2726,19.9459,1.4714,28.9786,23.9356,3.1682,5.9655,14.1175,0.5827,17.6063,2.3238,1.1833,9.5565,16.9274,0.6022,2.591,459.9674,6.0885,12.6211,50.2339,15.2454,19.8219,1.5824,87.446,89.3224,7.3755,7.1451,49.8254,4.7547,18.9444,3.1034,3.0833,21.6778,4.264,13.7454,54.9637,9.9901,17.8279,0.0203,3.1129,0.5131,10.6688,6.0921,2.0877,11.2727,27.617,5.969,18.1105,0.5997,4.9785,4.6508,32.6766,5.1467,5.3845,25.0013,8.827,40.1809,6.2818,15.8399,18.4595,2.5096,2.4319,6.68,4.6204,25.9039,0.9387,0.4558,3.9227,5.661,0.4159,0.519,0.3186,3.151,9.8224,73.8162,13.3536,28.5359,29.5881,19.5657,18.6148,38.9468,53.7264,9.2267,39.9842,1.0342,12.6546,40.7664,51.1329,4.011,6.9295,15.3636,42.2588,17.9336,11.5322,12.3487,6.002,36.8746,11.6608,9.6564,21.9692,2.7569,0.0784,22.8705,4.7611,3.697,2.6182,11.3778,7.7237,4.4279,2.0287,0.27,0.8345,3.6727,17.6405,3.7846,8.7185,40.2015,5.2502,5.9589,2.1019,9.2471,3.9029,81.8319,2.2781,2.9365,10.1115,81.552,16.241,6.1349,7.2487,1.8331,10.5181,5.9046,7.3984,111.3075,3.0854,0.6471,20.9543,3.459,2.188,26.7493,1.8559,0.1348,9.8364,0.0414,115.8761,59.2392,6.7277,5.0321,20.7789,2.944,5.7112,30.6509,4.8692,16.2981,42.2393,18.2017,8.6311,11.1162,3.0131,57.9044,24.584,29.9886,0.4073,2.0911,2.7988,1.0021,3.2674,8.5488,2.5319,39.0509,1.2385,58.9806,1.0325,1.4548,4187.1564,61.7303,1.7563,8.7918,0.5994,2.9245,2.1105,0.0268,5.8308,4.1905,9.8082,15.1146,8.3567,25.5431,141.5352,18.8093,2.2591,0,23.3065,0.1394,0.3732,4.3481,8.1107,0.2909,1.714,166.5999,0.0251,33.4744,0.059,41.4664,0.0797,6.67,5.1948,9.2226,0.5792,4.4984,1.1509
TCGA-BR-6707-01,2,26.2201,35.9965,0.0419,2.5875,1.5774,0.1242,17.057,10.083,1.5958,9.0641,12.986,21.4406,0.8614,5.4586,2.1924,2.7778,1.7791,3.2359,3.5362,6.7616,97.8933,4.4541,20.6533,24.4519,16.27,21.0593,22.1594,7.9811,0.9822,20.7481,23.8995,8.9197,3.0195,13.3429,0.7049,0.1098,0.0123,4.4244,51.952,148.358,8.168,23.0024,91.2358,53.3463,16.1634,6.5145,5.7714,18.1243,4.0298,1.6747,14.5864,6.3142,14.5299,5.0082,14.6343,18.2272,7.974,10.052,0.1651,10.8453,12.8092,25.8836,4.0404,8.0446,21.048,15.7206,3.6245,279.1572,12.4597,0.2611,6.841,5.4096,2.7818,6.8818,73.494,8.0503,3.8402,14.5202,15.3666,14.233,0.0713,4.4307,7.2228,31.3101,4.43,4.5495,23.1902,43.9414,1.4095,9.3812,16.0007,14.4941,29.8214,1.6977,18.5379,47.5025,4.4157,20.6673,20.0229,0.0804,19.9291,1.9917,1.7195,8.9757,15.1595,1.4918,1.4146,510.3987,7.0096,19.8915,85.5448,6.0698,16.7553,0.7676,2.2858,40.3885,3.924,12.4754,82.1742,3.7073,27.3782,5.9696,9.0591,12.0749,2.6046,18.4281,36.8376,0.8413,25.772,0,1.1476,0.1087,10.6063,10.5531,4.3228,3.3242,118.8539,5.1876,24.3234,0.2312,3.2136,1.677,140.5327,5.971,3.7122,30.1738,6.2515,53.042,7.7367,17.3603,13.9312,2.9392,2.4677,6.6435,9.945,56.2503,0.5192,1.5172,6.3763,12.3894,0.0919,0.0283,0.1232,3.708,1.2303,19.3745,9.8286,23.9922,69.3095,21.0928,12.4977,42.7723,90.6993,20.8161,91.6668,43.1872,14.6904,52.1089,49.3406,3.2578,14.6806,5.7053,16.6798,20.7354,9.1176,21.925,2.6204,30.2929,11.7027,32.7635,7.4453,4.4555,0.276,33.127,4.9574,6.0931,6.8324,13.4832,9.8525,7.7186,0.7816,0.1559,0.9123,3.883,31.923,3.6624,7.5044,48.4755,4.591,10.1396,2.3335,4.1334,4.953,56.1437,3.3681,4.9349,21.2532,89.1307,14.3719,4.6081,8.8391,1.7576,16.1893,9.359,20.8246,138.9312,9.7701,0.9152,26.042,2.8779,2.084,101.2084,0.2843,0.1689,12.0251,0.0163,48.6533,23.2627,6.9196,5.589,9.5755,0.7483,3.3429,45.8506,13.2575,10.5133,64.0256,48.4545,7.1926,3.5457,10.4798,20.4581,33.9847,24.6386,0.4082,2.6132,3.2814,1.7883,7.8839,25.5943,0.8676,83.5631,2.8843,134.8557,0.6049,0.7799,2721.9757,70.4245,1.5444,13.2074,0.3435,1.5916,7.2566,0.0554,3.2677,2.7785,13.1949,13.9238,11.2021,18.0559,198.4341,56.8245,2.4834,0.021,28.5761,0.1198,0.1494,1.306,10.5084,0.388,0.1545,279.5233,0.0423,14.8532,0.0326,43.9818,0.0839,5.5352,10.2328,12.0827,0.1898,3.2624,2.021
TCGA-BR-6710-01,0.03333333333,21.5024,34.0769,0.042,1.1333,1.6825,0.6762,12.0817,5.269,0.8311,4.968,9.5425,14.7664,0.9461,4.9407,3.7515,0.4611,0.1427,2.9175,1.7791,5.106,64.8759,0.6577,10.0821,12.6964,9.7045,23.0512,12.7876,2.6751,5.2104,10.9649,25.8652,1.0004,2.7958,4.2754,2.7689,0.1858,0,1.3248,38.0616,94.632,4.959,9.0803,49.3519,158.3756,17.1572,3.8955,0.9619,10.1851,5.0597,7.716,6.4188,10.9085,10.7141,3.0423,5.479,6.6593,6.3505,7.7986,0.1931,1.8232,3.7938,29.0997,2.779,3.8953,28.9785,2.6464,4.2863,49.2167,10.3159,0.0527,4.5029,7.2243,2.7733,4.69,50.0792,5.4342,3.8356,9.6808,11.8125,7.238,0.3479,2.9905,8.5423,25.3194,4.3368,4.9013,9.9212,21.6934,1.8297,4.5246,11.1747,9.4812,17.265,1.2824,8.6276,6.1759,2.6144,4.0834,7.7881,0.0095,10.7122,0.8879,0.6858,9.1607,9.4202,0.0981,0.7307,251.3545,2.7732,3.5643,77.2936,3.9726,21.5566,0.5309,0.3784,24.7656,1.4048,4.5433,25.4564,3.0952,14.5066,1.1974,0.5218,8.7422,1.226,9.8815,9.0866,4.8231,32.8841,0.3624,1.1386,0.2534,5.4488,1.26,1.0635,4.3042,3.3612,4.5467,15.9598,0.2821,1.0824,1.7494,65.8824,3.5871,7.5977,17.9266,3.6862,32.521,7.3138,29.4733,4.0502,1.8716,3.8856,5.7523,4.2535,14.9544,9.05,1.6573,1.3836,5.9231,0.0403,0.071,0.1826,2.1559,0.4468,4.7882,20.9577,28.2102,25.6634,34.1736,10.8971,36.9368,55.2564,13.1133,50.7922,6.113,5.9744,31.8035,34.4568,1.7197,6.0472,13.5894,36.8328,7.202,11.6861,5.1871,1.8777,40.1434,1.3564,1.1897,6.9705,1,0.1428,30.8821,5.5767,3.3973,0.6788,7.707,3.7275,2.3881,0.3033,0.0191,0.9949,0.4173,22.3261,3.5988,6.4195,31.8314,5.115,2.7209,1.466,6.2724,2.6808,50.4694,1.1989,2.721,4.8779,77.0882,10.6645,0.4974,4.4163,1.4833,1.9022,2.504,16.2805,79.3408,0.5439,0.51,12.0413,2.2864,2.1295,12.394,1.9817,0.015,15.9974,0.1116,37.7198,65.7122,7.0711,3.55,26.5624,0.1025,1.5098,21.2219,1.9986,8.6588,28.7493,6.5938,4.7493,11.6564,0.2655,3.449,15.5143,14.2573,1.1058,1.697,1.0941,0.7831,0.4191,86.0382,2.6771,30.6289,0.0752,69.0756,0.2546,0.078,456.5976,90.1602,1.2847,3.6664,0.3955,0.9649,1.5318,0.0628,3.8577,2.5282,8.6604,4.9522,9.0211,9.6776,214.5983,49.4323,2.8044,0.0077,19.7641,0,5.6266,3.5062,7.9211,0.0382,0.6453,105.718,1.481,6.4174,2.3757,50.4265,0.1406,6.9292,4.2567,6.6009,0.4315,7.1537,5.9429
TCGA-BR-6801-01,1.366666667,19.3996,35.6333,0.023,2.5029,0.7383,0.3305,14.4778,10.1932,1.3287,9.983,27.0866,29.1271,0.7271,6.6956,2.6756,1.3477,1.0051,10.7432,2.9631,6.0287,99.4203,32.1888,17.2193,17.0984,13.0512,92.2226,23.0568,3.8427,6.3633,13.836,45.2342,3.4245,1.5576,1.6899,1.2661,0.0252,0.0251,0.431,26.4624,189.3362,13.3756,15.6223,56.9585,144.0295,15.6206,1.4886,0.9152,29.1231,3.8093,0.7555,10.5422,9.109,22.9722,3.235,13.4787,13.1385,24.5068,7.3038,0.2286,4.8178,5.4562,40.2297,4.4824,6.3719,19.6152,15.6189,8.3863,89.2984,12.3894,0.0228,4.882,3.9289,4.167,6.8206,133.4484,4.2291,4.4284,9.9504,15.5533,15.4215,0.0532,65.4972,4.6316,22.9251,7.0975,4.2813,22.8534,35.3254,2.4569,3.8859,17.8465,26.6198,19.5258,1.4067,8.4531,5.2497,2.8394,6.3365,13.5298,0.0527,26.9852,2.91,0.8437,6.8309,14.2234,0.4115,0.5006,426.3515,3.7243,12.2857,55.0037,92.3191,20.0109,3.6267,0.6025,1.225,0.5993,6.116,57.1907,7.5959,30.3474,3.9901,3.6714,5.7494,0.829,14.8008,8.4087,7.9888,30.8243,0.002,1.5996,0.0919,21.922,2.6957,1.5143,9.6231,16.1154,7.0354,18.4773,0.1613,0.3858,0.0345,37.6932,7.5561,2.9535,40.1624,5.0248,73.0325,7.009,23.1471,5.4161,1.5297,1.5987,7.4028,5.4528,33.4708,5.8177,0.3608,4.0095,4.214,0.034,0.3351,0.0752,3.3388,0.3553,38.0812,12.9292,30.2897,56.2729,21.8594,19.1821,29.8785,79.7957,11.9615,55.1742,0.185,10.7253,35.2852,49.5127,5.1463,39.436,0.4935,57.2076,11.9282,15.8258,13.4108,3.8499,62.6162,10.3099,11.9904,11.3569,4.4556,0.6847,17.6499,23.9501,9.5828,2.128,18.3135,5.3369,3.9426,2.0528,4.5006,0.9789,0.9308,23.6035,2.4878,21.8473,42.2165,5.2503,5.8143,2.5837,18.6994,4.6658,53.6368,2.5621,4.3909,11.3886,49.6631,12.8507,0.367,13.2215,3.0405,7.2402,5.1833,11.1141,204.2645,2.4678,0.9668,24.7886,1.8572,1.4933,83.9929,5.1484,0.1157,26.0096,1.0428,120.3264,84.3198,8.9625,12.4637,7.4231,13.2823,3.0127,34.1964,4.2339,12.2945,51.7051,9.1906,4.1163,14.4546,3.3601,30.915,36.4059,11.9629,0.6661,2.7267,2.996,1.7593,2.3892,2.7386,1.1216,29.4499,1.1305,26.5075,0.1933,0.3405,678.4535,114.3548,1.4258,9.1495,0.3063,0.1979,3.6377,0.0117,1.823,2.7143,8.6642,21.5011,35.1019,43.1066,90.8066,13.3724,4.055,0.0057,25.2121,0.0647,0.0303,1.2165,7.9976,2.2462,0.0906,169.2676,0.1723,119.6258,0.2386,69.4855,0.0874,6.4342,7.2944,9.9949,0.7941,5.6624,3.0733
TCGA-BR-6802-01,14.16666667,22.3508,47.9709,0.0189,2.3828,3.4184,0.1626,16.8724,7.1423,1.9702,8.1521,21.7532,29.6345,0.9821,8.7578,3.6438,3.8718,1.4916,3.2617,4.7408,7.0538,83.7913,4.3963,7.3906,23.4784,15.187,56.8727,21.0575,3.3796,8.176,20.0224,36.8169,6.2844,2.5731,4.1445,2.19,0.1572,0.0165,1.4981,40.6944,88.3733,7.6434,19.8964,33.0727,83.9567,24.3469,14.4521,4.8903,27.1912,5.6093,1.2315,11.9448,14.1314,19.9306,3.2264,16.215,15.2779,58.23,2.7116,0.1109,7.9996,10.6675,81.1097,3.43,8.4982,18.7528,14.5614,8.1659,124.3365,16.2527,0.8005,10.1271,4.2529,6.2609,5.3684,89.6954,18.8554,0.9789,14.4688,19.064,16.2272,0.0856,16.1224,13.5409,36.266,4.8883,4.9854,23.2397,30.2243,1.6096,22.1279,10.1289,21.8187,20.7943,2.4444,23.7519,20.3938,3.2622,8.2625,15.9891,0.0763,16.449,2.4628,2.7966,9.6667,16.1429,1.2177,1.8895,564.2842,7.255,16.548,96.3203,22.9103,17.9179,9.5291,8.0768,23.8289,3.845,9.431,44.0961,4.0598,11.9927,2.789,6.1401,8.2873,8.6208,20.0387,30.6278,3.7628,41.1866,0.0126,1.226,0.146,14.2071,10.09,2.0134,3.9379,22.239,2.9495,30.1153,0.157,3.3809,1.9257,45.8123,5.9691,5.3044,34.0691,7.3964,52.1176,10.4464,22.4415,14.3131,2.0203,1.0608,10.1387,5.7813,44.7541,1.5401,0.2184,6.8092,8.2672,0.1147,0.0569,0.0123,4.9062,0.9936,26.4699,10.6352,28.8498,58.3106,34.7817,11.6293,41.7295,61.2934,10.6679,40.6799,0.437,14.3759,34.1585,63.1185,3.7923,9.9744,3.862,23.991,15.1294,14.0173,20.5681,3.3322,61.9208,14.3265,23.2682,8.9334,5.9503,0.2253,20.79,7.2666,4.9221,4.8477,13.5851,10.9094,4.5262,0.4437,0.1699,1.2785,5.0246,29.0334,2.8762,11.8216,35.4322,3.0054,7.9931,5.5845,11.4788,7.419,112.246,3.3709,2.259,15.1747,78.6574,21.6009,4.7642,18.2614,2.3545,13.5389,5.7239,26.9708,191.3766,7.8864,0.6817,24.1566,3.4661,2.727,70.1266,5.258,0.2848,7.5191,0.1165,135.1671,97.1101,11.313,7.1376,30.8124,11.4648,9.7389,39.7249,9.472,17.1601,50.2349,71.2304,4.151,53.5181,4.4629,26.9053,45.3511,13.0327,0.1925,4.5297,2.9068,1.144,6.1633,20.3746,1.7968,28.9165,1.695,35.5966,2.387,11.8597,5075.5407,112.3503,2.3574,10.585,0.0769,1.2343,4.34,0.0115,3.3898,3.5261,9.9203,9.7834,13.9726,29.6951,316.3254,18.7009,3.8577,0,21.0845,0.1416,1.8001,2.1186,20.4585,0.3003,0.1899,135.9209,2.2991,32.5068,0,94.7435,0.1163,8.1248,7.2587,22.7623,0.7233,14.6805,1.3745
TCGA-BR-6803-01,0.5333333333,36.0108,46.7597,0.1017,2.2596,3.4153,1.3426,21.9367,9.6458,2.3307,8.0048,15.7394,18.4558,3.4439,8.2724,3.139,2.4809,0.558,7.8155,4.7109,7.0362,43.9734,7.2874,32.1575,26.4914,20.6612,26.2004,25.1983,3.9679,8.483,22.8006,34.4544,2.1556,1.7419,27.4396,6.0881,0.3401,0,1.9784,45.0205,113.4725,4.7004,14.4823,27.5643,85.7564,22.986,4.8656,2.843,23.701,5.7166,4.8902,10.1999,5.2317,15.542,4.1193,13.6421,10.8999,6.5479,8.1267,0.5149,3.7614,6.9264,20.326,4.0742,7.2327,21.4262,15.7818,16.863,94.0905,9.4246,1.6955,6.3466,7.3742,4.8989,6.6815,103.4868,7.0049,9.1744,13.9094,24.4928,9.5846,1.5095,3.1938,7.4637,23.3403,4.9741,5.1697,16.5374,33.1371,6.348,8.3439,33.4071,10.873,21.652,1.3671,13.9035,15.8845,3.0231,6.7185,7.4806,0.0063,21.0868,1.4063,1.4269,12.7993,15.2895,0.4217,2.1785,396.8134,4.5046,8.6985,24.3509,22.5449,27.5166,6.2189,0.5466,56.6039,9.376,6.1834,58.0714,4.822,21.2983,5.2844,3.244,15.8864,2.4915,16.6006,51.4206,24.8399,25.6595,0.0327,4.3923,0.4482,10.9474,2.7375,1.3835,29.365,20.1388,5.1488,16.1388,1.2265,4.1649,2.1298,77.2758,5.1485,8.5694,30.3382,10.0185,48.1712,5.154,25.0525,5.7907,1.5232,5.8028,8.7373,7.1199,35.025,0.8246,2.25,2.9255,8.4861,0.1139,0.7351,0.449,2.4827,1.0889,51.7576,15.9859,38.682,36.1169,24.9676,22.862,33.9237,63.7393,15.0031,54.4311,4.5561,12.7081,31.6413,59.6898,6.0685,8.5729,5.1172,52.303,9.5217,17.867,11.6702,10.0868,39.7466,5.0618,5.9745,35.0551,3.435,0.1886,29.9377,8.7383,3.2242,2.655,13.141,5.6033,4.4503,5.7091,2.8994,1.3881,2.1047,25.3116,4.319,8.4781,61.0293,5.7229,4.2754,2.8684,15.1269,2.8459,52.678,2.6546,3.5925,9.547,78.9634,12.2281,2.2052,5.6446,1.8377,6.9864,5.4384,5.359,99.7548,3.3148,0.451,19.8705,2.6961,2.2794,33.4352,1.939,0.3324,9.816,0.0434,43.8188,52.8162,7.2128,4.3306,17.2764,7.4564,5.4899,28.8026,4.6742,12.6914,41.3166,13.2895,9.158,4.5404,1.6026,44.8458,33.2264,8.8968,1.7636,4.8727,3.5376,1.5956,1.9644,9.1526,6.1903,24.0549,0.5979,117.0572,3.4133,0.8579,2081.9791,89.2382,2.6264,6.7455,1.1154,1.2127,1.7436,0.0022,2.4948,5.4844,7.3142,9.0467,10.5452,25.924,105.4373,25.314,5.2845,0.0204,21.0976,0.2048,0.6139,3.4277,9.2026,0.3384,2.1116,101.8071,0.3229,89.5752,0.0375,36.2095,0.1759,7.385,4.8312,11.1411,0.7001,4.2701,3.8591
TCGA-BR-6852-01,35.2,18.316,46.4926,0.01,1.8263,2.7212,0.0691,27.8735,7.5489,1.6862,5.5675,15.3428,22.2938,1.5795,9.4706,3.0113,3.2195,1.2946,5.8639,4.4461,6.339,70.3172,19.7705,9.6027,22.3839,15.4786,38.9302,24.4569,2.5628,5.3152,18.6329,44.8793,7.6234,3.3211,0.5943,4.6177,0.1803,0.0157,2.6874,46.5661,128.0477,5.2209,22.9295,37.2069,128.9246,18.6897,19.6265,7.3526,25.3456,6.224,0.7143,12.9195,13.416,21.7248,5.9458,12.0904,14.8006,8.5737,3.5753,0.2712,8.0378,5.9794,70.9323,5.0668,6.4888,19.5632,23.6138,7.7869,120.624,17.2149,0.8277,7.7889,7.7461,4.0482,7.4373,76.5822,9.458,1.1366,20.6325,20.958,15.4353,0.1796,7.0805,9.6056,36.3296,5.812,5.3922,24.038,35.3359,1.7728,26.7852,12.0659,11.9152,25.9191,2.1724,20.2054,23.9243,3.15,8.3399,13.3404,0.266,13.7923,2.3688,4.1697,7.5522,15.3842,1.1835,2.8464,509.3687,9.8231,20.0514,154.6454,23.008,18.1254,6.9231,7.9943,36.1395,4.383,9.2587,39.4229,14.3281,15.5211,4.9295,6.1522,28.3281,6.1865,15.945,26.7167,4.5092,37.4955,0.0121,1.4206,0.3273,11.9135,8.9859,3.4875,4.8528,29.3006,5.4452,28.6665,0.2057,5.9983,2.88,42.8278,5.6771,3.8557,33.9144,7.7722,49.0716,8.7788,24.1866,13.5727,2.6991,1.3285,10.0691,9.5651,47.6792,1.9772,0.0783,6.6077,7.8599,0.5496,0.1847,0.0764,4.1994,3.7062,44.9566,13.5443,36.0425,59.219,24.8085,13.3161,57.3346,86.3225,12.5417,67.2401,0.0183,12.7557,56.6005,65.0906,4.5887,12.9917,9.2016,19.9447,21.1088,14.2033,20.5315,3.5787,32.4014,22.3437,20.2449,12.7797,7.0011,0,13.1357,7.758,6.1087,4.9451,17.2826,9.8087,5.474,0.6616,0.1377,1.0907,5.0634,29.5011,2.9246,10.0537,22.2565,3.8835,12.6714,2.1619,2.7448,4.9294,104.3015,2.4267,2.8775,22.0043,68.5242,19.6718,12.697,6.9277,2.7673,17.642,7.8177,8.8067,136.8029,6.8575,0.7928,20.1887,4.5368,2.3252,56.4299,2.3858,0.1487,8.3929,0.0881,77.683,107.4613,10.1964,5.9853,9.4904,3.3073,3.9472,44.6782,6.654,17.1753,36.8594,67.9895,6.9069,26.6939,8.3013,48.2142,49.9982,12.6833,0.205,4.6527,3.3109,1.1742,5.6674,7.8691,1.6399,43.9194,1.2162,34.3884,1.0745,1.6874,4902.0479,90.1621,2.1056,12.6003,0.2152,3.0384,2.9358,0.1192,4.4613,3.2867,9.7317,17.2229,14.1885,27.3383,246.289,25.6052,4.0866,0.021,27.8492,0.2312,2.9517,3.4336,13.2056,0.5426,0.1046,148.639,0.0215,19.3582,0.0306,70.8373,0.1108,10.5352,8.0779,26.4176,0.1454,4.5079,2.7704
TCGA-BR-7196-01,2,34.9215,39.5501,0.0476,1.5438,2.7725,0.581,11.6148,11.6666,2.5087,9.2638,18.2841,15.9544,2.7056,7.4992,3.1545,5.0545,0.9188,3.7086,5.433,7.285,53.2157,1.2478,24.6385,24.3686,15.4282,41.2083,18.2083,3.5136,6.2231,17.7539,30.2529,4.5673,4.2473,14.126,10.9225,0.5115,0.0181,1.3466,32.4222,150.223,7.1044,13.4402,51.3472,49.3668,25.9457,6.3797,4.5011,16.0557,7.86,3.161,10.2358,9.7822,17.1596,4.2482,11.127,11.4046,9.4716,8.6276,0.1712,7.51,11.6301,25.7787,6.1594,6.039,26.9326,13.6942,13.348,123.8108,15.1066,0.7859,7.2616,12.2523,6.9436,9.672,98.9593,13.7686,6.0728,19.401,24.436,19.7449,0.5355,4.1646,8.4603,45.0159,4.9459,5.1305,13.0483,26.9121,6.3554,12.5091,15.9252,17.1445,24.0733,1.6598,24.13,20.1054,3.6415,8.7781,12.6575,0.1876,17.1911,3.0876,2.5527,20.5609,12.7889,1.1916,2.5047,525.2234,6.6751,15.5666,49.3529,11.9202,21.8158,1.0435,1.2822,56.1503,5.7647,9.3915,59.1948,8.1426,19.6215,3.8467,3.6708,19.0559,4.3493,16.6561,82.9932,13.7455,28.1311,0.0417,5.3873,0.7054,10.9265,4.4992,2.4325,13.9184,42.6172,5.9722,24.6333,1.848,4.0803,2.0257,92.8772,5.3526,9.6394,27.4432,7.828,42.1503,7.9335,26.8437,19.0541,2.7591,3.4422,7.6505,4.8013,34.8543,0.8081,2.7482,5.8687,7.7208,0.3861,1.0726,0.4365,2.8661,2.2041,114.1605,12.6602,53.5113,46.5015,22.5648,21.441,26.4234,40.4258,12.111,50.1857,6.7277,10.4341,41.7197,80.1989,4.7775,12.6443,11.9705,71.191,10.6462,10.1181,21.8122,7.8613,39.5704,18.8121,7.9749,19.6665,2.7267,0.2307,30.5327,4.2069,5.8837,4.5872,19.4897,6.5997,5.189,2.7883,0.6258,1.1415,5.8378,16.5524,7.6649,10.4194,45.6035,5.874,3.6973,2.4361,9.5624,3.1005,110.3573,3.3995,2.8074,6.2974,109.9479,18.9794,1.886,13.798,1.9309,11.9103,8.4306,9.6453,109.7044,5.1776,0.7243,20.9182,4.0015,3.006,65.7537,2.0803,0.0444,16.0545,0.0022,100.5831,74.1685,8.1172,6.2764,39.4219,10.0442,17.5183,39.5046,5.073,21.1402,48.0652,16.5221,6.3355,9.762,0.947,70.4685,34.8488,36.3984,0.7262,1.4697,3.8323,1.2257,3.1116,19.9813,6.6904,48.3299,2.7822,111.8052,1.8471,0.3368,2827.6034,94.3269,2.8026,8.4507,1.2236,2.3151,3.2381,0.0036,5.7869,6.1708,10.2295,10.2967,9.4526,37.1392,205.4859,48.21,2.5538,0.0314,27.2862,0.1004,0.2459,4.665,6.7908,0.2764,1.6755,441.3108,0.0106,24.8046,0.0489,36.5389,0.224,6.9542,5.434,8.8533,0.7675,10.4135,4.4426
TCGA-BR-7197-01,5.133333333,28.0922,62.3238,0.0156,4.9622,1.1807,0.2374,27.4449,19.1478,3.3251,17.0091,23.2718,21.2185,1.5576,16.3454,3.8065,4.6786,1.9903,3.1208,4.1447,9.6137,194.969,4.7559,10.671,13.9455,18.6537,85.4841,26.4278,7.8674,6.1049,29.2475,39.0352,5.5369,2.206,69.6647,14.8162,0.0113,0,0.8369,26.7772,183.1828,12.9597,18.9838,62.2593,254.9556,18.0005,1.5604,1.4556,28.265,7.8283,0.6063,6.7474,5.6457,36.6197,13.0341,10.1094,10.6485,12.565,8.837,0.2279,10.5556,10.2998,28.8906,5.2335,9.313,30.5957,50.178,8.2292,48.2146,15.3906,0.0683,10.3633,4.5649,3.6643,11.8398,118.3071,3.1143,4.7631,31.5326,24.6885,18.0929,9.9455,22.4507,9.1687,48.9863,6.2938,5.5957,23.6066,24.5373,4.0512,2.3134,14.6297,15.8043,10.1896,1.6544,10.9533,4.091,6.2898,10.3695,19.4803,0.0324,16.9806,2.3642,4.404,18.7029,19.6348,0.9467,0.5058,475.2901,10.4464,41.4235,152.3937,9.0834,14.673,7.5284,0.1432,2.2359,0.7573,12.5434,62.6425,15.2913,26.4026,5.0979,5.7111,4.3592,0.5228,34.7152,7.0247,4.6705,37.8284,0.0079,1.3521,0.0557,14.7678,13.5367,5.028,6.2349,21.4338,5.9656,30.3498,0.1759,0.5044,0.1966,74.4897,6.0132,5.1965,29.352,9.4227,24.7345,4.622,33.6354,7.8422,3.7353,1.4589,9.794,9.544,32.2558,4.3686,1.0789,5.2544,9.2058,0.0275,4.8845,0.0519,3.574,0.2828,25.3042,7.2065,31.2596,56.6777,24.754,14.1376,59.3366,55.3408,25.6771,51.2007,19.2177,11.9958,61.6091,39.9205,3.9798,25.1208,19.876,29.8284,10.1036,17.1206,26.0214,3.3032,40.6394,20.9228,11.4131,7.1828,3.5888,0.03,21.2759,13.0471,2.31,6.6895,17.6233,4.0368,5.6322,2.5289,7.5154,1.3309,0.5918,33.0852,3.2773,10.9836,21.214,6.199,5.8379,2.8285,15.3976,4.237,52.6672,4.3941,4.1706,10.1678,37.7145,21.251,0.2465,10.2344,6.1515,10.8789,8.792,14.5001,183.5203,9.0341,1.2845,30.0929,4.2716,7.992,94.7083,13.3737,0.9946,9.5734,0.0287,115.6562,15.3167,13.0953,6.5844,9.2461,31.4531,7.5217,35.0473,6.77,11.7248,60.0507,17.3674,5.5702,7.0771,6.3955,31.8833,45.0956,10.2772,0.473,4.7694,5.3969,2.4217,2.5788,4.4154,1.6369,52.082,4.2613,21.0158,0.3183,0.2853,202.8431,43.1642,2.389,5.8564,0.3469,0.2639,1.8625,0.0135,5.4003,2.1229,35.7581,9.0955,24.359,31.597,85.8507,29.7391,1.986,0.201,14.9359,0.0088,6.6602,7.5733,15.3456,0.1909,0.0676,106.4279,0.4438,197.5861,0.0611,71.2517,0.1422,7.1324,10.6079,5.9236,1.185,4.353,18.4922
TCGA-BR-7703-01,21.86666667,19.5771,57.7841,0.0019,1.9545,1.8484,0.0501,14.2575,7.0255,1.6101,6.5578,24.9359,22.3786,3.1527,4.2895,2.1225,1.9964,0.9045,0.8427,2.4375,7.8567,121.6145,4.4962,12.4229,17.8342,11.1254,40.5615,25.7532,2.8063,5.0334,16.8266,51.9454,7.0029,3.57,3.1322,0.5454,0.0527,0.0125,1.9766,61.0032,109.6555,15.1221,31.8301,53.8958,192.9549,18.0274,8.6494,1.6436,13.3539,0.3471,0.139,10.6834,9.9179,22.2766,2.1496,10.6454,21.0951,18.8617,1.373,0.1047,7.1993,8.1445,49.5386,4.3103,8.3683,16.6548,6.4254,10.3277,173.0497,16.785,0.9459,4.6145,5.5277,2.4854,3.9471,125.2935,7.8205,1.945,15.5849,14.3078,14.1322,0.0788,14.9162,6.9478,35.3361,7.4504,4.5743,24.8456,49.6515,0.9158,11.8697,13.2749,13.7843,35.8101,1.512,7.0023,39.4694,3.0808,18.0963,25.5268,0.0209,15.6739,1.4762,1.7698,2.8823,11.4997,0.9787,0.6874,526.7123,9.6059,20.1257,63.6036,48.3912,20.159,7.4584,0.442,24.6452,1.7911,8.1437,66.8866,8.2961,26.1789,5.9068,6.0009,4.7616,1.4246,18.0906,11.3173,0.5101,69.4477,0.002,0.585,0.0793,15.9862,8.3831,3.2591,1.8877,2.9882,4.706,21.2868,0.1244,1.1244,0.6358,107.8601,6.0111,1.8348,37.7014,4.1082,81.2332,7.4827,25.4188,12.0285,3.1194,2.1029,5.7899,6.5262,87.9452,3.0957,0.1637,3.2711,5.5278,0.0835,0.0754,0.0824,3.6881,0.3231,14.0559,15.8415,20.2742,45.1725,21.9411,15.5816,72.3692,112.8762,19.2301,110.1819,0.1811,8.743,35.808,46.4021,3.1642,4.4758,3.5486,9.046,20.4545,13.1586,15.5069,0.9175,42.7796,11.6462,22.1089,6.2523,3.1123,0,23.2575,5.0848,1.9414,5.8221,12.774,7.3737,5.1525,0.3539,0.6049,0.7568,4.1892,48.9789,1.1385,10.1571,104.3283,2.3416,8.7094,1.1561,10.0353,8.5769,64.176,1.5893,6.3647,13.222,82.8907,14.4225,1.5695,10.7598,1.8872,14.4133,6.982,16.7968,240.828,6.5061,0.5434,23.0665,1.49,2.0133,65.5707,18.0501,0.1249,2.5398,0.0033,58.726,90.1565,10.114,7.4138,15.4563,23.8673,3.1432,49.8089,4.3854,13.106,69.6865,23.6051,2.3907,22.9618,15.2784,12.6889,39.5333,8.1252,0.2364,4.3112,3.0795,1.211,4.4462,5.3179,0.865,21.9607,1.4931,36.385,0.375,9.5929,3676.6118,116.1529,1.3571,12.1602,0.0195,0.5331,4.1412,0.0618,5.9956,0.9686,5.9701,10.1469,17.05,39.4331,280.578,26.1462,2.81,0.0318,24.6465,0.0427,0.4618,1.4873,7.1769,0.9017,9.885,58.0799,0.6414,137.7517,0.0283,110.0793,0.0236,8.213,8.6955,19.2731,0.1889,4.9843,12.6725
TCGA-BR-7707-01,43.63333333,25.083,59.2205,0.0071,1.6075,2.2041,0.049,12.9648,5.3197,0.8591,4.2104,18.3502,26.0385,0.993,16.3068,2.4205,4.1315,1.175,0.9243,3.0392,8.0405,58.9874,4.9466,7.0831,18.4,9.1733,20.4292,25.1317,1.3362,2.9117,14.0881,45.9161,7.4166,1.9913,1.762,4.0371,0.0171,0,0.6498,50.454,91.8303,9.4537,39.5501,50.643,205.2705,13.1469,11.351,1.4985,30.0141,5.5071,0.3667,8.2533,14.282,23.5211,4.473,6.1138,20.2388,13.252,1.5224,0.065,8.2112,17.688,50.205,3.4556,7.5864,19.366,20.0312,8.4726,284.4884,11.1475,0.1716,4.4016,4.2191,3.9907,2.7071,128.835,6.8465,2.2961,10.6161,17.5699,16.9081,0.0715,3.5309,7.5273,29.0888,6,4.7094,20.3378,42.1007,1.3976,14.8793,12.1537,12.0559,29.9,1.2005,10.2219,45.1894,2.8879,14.8786,9.5179,0.0163,17.5813,1.3614,2.7434,8.4131,13.7357,1.3798,0.4775,582.4263,7.2064,24.4192,102.5416,20.3209,24.7384,15.1149,3.6357,7.0033,1.3482,7.4294,84.7869,9.6842,13.0837,8.3303,6.5014,4.8751,2.6876,14.0499,12.1729,1.823,33.5253,0,0.6935,0.0601,10.5956,5.2726,3.4242,2.8728,27.283,2.1825,31.3484,0.1765,1.0456,0.6595,19.8237,3.7581,2.8313,41.0712,5.0077,65.0508,6.9815,23.2026,9.6595,1.4023,1.7711,6.6897,8.5688,115.8056,3.1186,0.0774,6.0215,6.8354,0.0612,0.0172,0.0039,3.6331,1.2522,22.7961,8.6447,33.7138,74.1566,23.7408,13.9797,57.5498,93.711,19.8427,61.5358,0.009,9.0145,40.8589,53.0469,3.7777,12.7951,2.5972,8.8355,15.2554,7.5873,20.4828,2.0044,20.4396,26.6499,42.1303,5.787,5.1192,0.5274,19.1855,8.1697,2.523,6.9056,13.6359,9.9578,5.2289,0.6123,0.1897,1.1029,4.6036,56.4264,1.6344,6.8014,27.05,4.0998,5.7713,3.6118,11.6728,4.9323,82.3131,2.0229,4.365,20.757,72.4005,16.5752,1.8768,8.323,1.8139,13.8187,7.5192,8.951,172.4346,10.609,0.815,24.4208,2.1405,1.8529,87.7361,2.6886,0.1757,9.6247,0.3062,91.8618,104.9207,10.4484,7.3627,10.4992,58.9253,14.7999,43.5362,17.6046,11.4112,69.4408,51.7729,3.0231,18.5576,6.0347,14.7777,73.6448,18.4498,0.0476,7.3967,2.2763,0.8366,10.1824,7.1635,1.2329,36.8509,2.5014,18.3756,0.0794,2.8773,675.708,115.9304,1.7588,8.0168,0.0444,0.3451,7.33,0.0378,3.1403,1.7926,5.9573,9.3603,12.2393,31.0846,478.2409,15.4914,5.2749,0,33.5142,0.0089,0.5221,0.5879,5.5824,0.0903,0.0065,115.3175,0.0104,24.5933,0,137.1654,0.1123,5.7579,7.9761,10.7405,0.1425,7.8868,4.1384
TCGA-BR-7715-01,4.233333333,33.8112,32.0539,0.0357,2.3803,2.759,0.2502,16.5101,23.8947,2.943,7.8001,14.2228,28.3292,1.7774,10.1668,6.5674,2.5021,1.0542,0.4792,5.4026,9.7955,57.8359,55.1608,4.5346,17.0302,12.1681,65.495,27.6914,8.5944,6.06,14.6779,161.9196,5.7461,1.7431,13.5748,6.1885,0.011,0.0187,0.5924,27.8304,218.094,8.2577,24.1054,52.8398,184.2711,21.5909,1.608,1.0428,20.6487,6.0615,1.8142,9.0983,3.9437,18.3426,4.0774,14.9318,23.0352,13.6208,8.1981,0.2771,11.261,14.8074,29.4255,7.2843,4.7014,24.318,21.148,4.6708,135.8849,24.5577,0.0174,8.4477,8.5767,3.5454,5.2845,84.0496,5.4867,4.0111,21.5959,20.4338,14.012,0.7056,40.6893,8.5903,46.1638,5.8285,5.3657,27.6222,40.4019,20.3776,5.8209,18.4126,17.1885,20.3267,1.252,16.6172,27.416,5.4284,6.1264,13.3032,0.0315,16.9018,2.1895,4.1495,8.9804,15.3061,1.5533,0.6266,740.7578,7.0153,20.6665,88.7215,6.1619,15.8691,92.6592,0.6773,0.8285,0.9115,88.4603,79.4608,15.2961,16.0524,3.3742,5.4715,8.4685,0.8637,18.0232,25.7455,7.5526,23.6214,0.0063,1.9684,0.0766,10.2026,5.5573,3.3759,13.907,51.4634,6.0665,23.684,0.6211,0.7505,0.2134,127.7265,3.5908,9.6706,29.9277,5.8633,68.5443,7.075,22.2548,5.4143,1.8772,1.1565,12.5483,8.8427,94.2304,2.2695,6.5856,5.4518,5.6191,0.0655,0.1119,0.1025,5.3222,0.7239,50.3943,8.5573,31.9404,73.2653,24.2351,51.3803,50.4858,69.0826,23.1354,58.219,2.7641,9.3887,62.4228,60.9599,5.2196,24.4746,9.8772,35.9916,8.5239,10.3766,27.3985,3.6028,43.3494,36.7725,25.979,9.3583,5.6072,0.0365,9.2132,13.5896,4.2489,8.402,12.8209,5.9913,4.6633,1.516,0.2642,0.9958,1.4225,28.7641,5.4591,9.447,59.1518,4.5807,4.1427,3.6727,9.416,2.8579,56.5615,5.6306,4.2797,19.7897,33.7998,22.7365,0.8429,6.3226,3.4706,5.9802,7.5923,9.1502,142.5053,7.0879,0.6872,21.0528,3.289,4.0246,126.7025,9.5539,0.3235,6.563,0.1789,95.5313,26.9584,11.4813,9.3174,12.6594,24.9262,19.5992,30.4165,8.1092,18.7028,48.5729,22.949,7.1613,1.688,7.0856,43.0701,44.1831,7.0692,0.203,7.8577,6.1645,1.0417,6.9023,10.0366,2.0334,53.8046,3.5996,43.2091,0.2944,0.2264,435.8307,50.43,2.2298,10.5111,0.2232,0.3075,3.5513,0,3.7535,2.9563,15.5273,10.5979,23.599,57.2163,58.8075,47.4626,3.2591,0.0273,14.7262,0.0086,0.1582,7.0767,7.5383,0.2464,0.6539,74.3207,5.8081,187.3202,0.0983,43.3297,0.1506,8.4463,7.7358,9.7622,1.8863,5.5629,16.9292
TCGA-BR-7716-01,4.6,18.243,40.6689,0.0689,2.7183,2.2667,1.2193,21.4111,14.2668,2.214,9.1986,15.7363,25.5075,1.6527,5.4482,3.8171,2.0352,0.7608,37.8123,4.0084,7.0788,111.2718,26.9078,354.0079,31.1749,9.3013,48.5262,16.7172,6.3664,6.3514,16.2571,55.8616,8.3615,3.3114,3.081,9.5098,0.398,0.0122,4.8892,52.7636,109.8923,16.2587,9.0564,127.871,162.6163,20.6848,2.3305,7.5062,25.3461,12.3117,2.475,17.8879,8.0015,25.3459,4.6165,19.0348,12.2731,21.3064,7.2531,0.1878,6.6263,8.8026,46.8952,6.7639,5.2867,21.1673,9.0413,13.6772,97.2904,16.5406,0.4317,6.6831,6.0478,3.3997,7.297,150.1921,11.6614,4.3559,8.2537,26.2692,9.2535,0.5086,10.8758,8.797,38.2201,4.301,3.6538,20.3178,30.6568,8.9096,18.1296,13.0979,21.1934,19.9305,1.0516,17.9455,35.4405,2.337,5.6319,20.8792,0.0205,45.3391,2.5305,1.4609,8.1981,10.3646,0.7748,2.4157,1119.8957,8.0855,11.0309,123.8154,12.5129,26.9603,20.0958,1.4832,30.8751,4.304,9.0368,86.4845,5.974,20.3497,1.4279,5.1629,18.8792,4.0214,14.6081,47.6078,4.643,44.4826,0.0078,1.0891,0.2428,9.4346,6.1033,1.818,7.449,29.4616,9.8656,26.6845,0.4801,5.0678,1.8022,76.6697,5.4095,3.2686,28.1979,5.3789,67.5408,9.7024,20.4458,9.0235,1.9283,1.5618,7.2171,4.5452,58.4955,2.0286,3.5997,2.3634,6.6786,0.2156,0.1697,0.0425,4.2546,2.2291,22.2648,9.4413,34.1755,62.8426,23.4418,17.7514,86.303,65.3232,21.2564,54.0521,1.7554,7.9007,117.4551,63.4008,6.5189,8.5585,5.1026,31.4854,10.6711,10.13,20.6688,2.7422,43.5889,11.1937,26.5299,12.1507,5.4549,0.004,26.8915,11.2395,13.4926,3.1908,13.0458,5.2606,4.4587,1.0573,0.8769,1.3545,1.5014,28.415,2.4681,12.3337,22.4571,1.4801,5.945,1.1116,3.1636,2.2327,71.9924,3.3873,3.2765,14.4614,47.2205,25.8072,5.0459,10.9434,2.9407,20.2507,7.7922,14.5872,144.14,6.0826,0.4437,27.6111,2.0766,5.963,52.2519,7.2002,0.2263,29.403,0.274,92.7555,59.2967,10.2928,4.8132,11.1837,15.8683,4.3159,28.0347,5.5406,15.7625,64.6082,24.0339,13.1454,6.1022,4.6886,20.9546,38.9969,15.1237,0.1518,3.9902,4.6475,1.0655,5.2039,13.4952,1.3192,23.624,2.4491,36.5254,1.7688,0.8711,2430.3227,85.9568,2.8433,5.5487,0.1266,2.2594,1.5717,0.0194,2.8468,3.0822,32.0791,5.5834,10.6013,33.67,122.3837,35.0779,4.4854,0,30.85,0.2683,0.2796,7.54,9.9849,0.5994,0.7204,205.1751,1.8291,65.492,7.6353,71.0922,0.1765,9.2226,5.3748,11.5198,3.5216,6.7491,16.9452
TCGA-BR-7717-01,3.933333333,12.5408,37.5282,0.0052,1.0733,1.6791,0.2532,9.5447,7.6328,0.7363,4.9654,16.0191,14.5881,0.8621,5.1591,1.486,1.8839,0.7597,10.6336,2.1176,6.6661,83.3659,32.069,43.1737,10.6206,8.9213,19.9151,23.7962,5.4229,147.8072,10.7537,35.6482,2.1621,2.9052,1.3866,4.4171,0.0911,0.0114,2.2371,21.5259,371.8081,11.4943,22.1981,69.4381,95.9126,10.4839,1.5739,1.5077,8.8069,1.5712,0.9062,5.4377,5.9834,18.36,2.5907,6.6251,13.8622,5.0855,5.3037,0.1029,4.8387,6.1877,25.6052,3.5074,4.1442,17.7627,5.1641,4.691,248.3741,10.0036,0.4413,3.8074,3.8839,2.3908,5.3025,100.604,4.4048,1.4305,12.698,15.2445,15.3438,0.1776,3.2338,5.1905,26.6423,4.643,3.2398,14.8964,29.3736,1.9912,9.2926,13.1547,10.4451,24.3415,0.8843,7.5867,60.4143,2.2964,14.4514,13.4265,0.0866,11.7237,0.9106,1.1523,6.7291,11.609,0.5378,0.6127,573.092,8.9023,23.9291,156.0707,7.3679,16.6137,3.0751,0.3779,20.729,3.9419,6.8012,74.9233,3.111,16.5253,4.8677,5.6475,2.9959,0.5985,10.4849,35.9865,3.5811,23.8274,0.0073,1.4269,0.0981,7.9396,2.6059,1.3348,4.99,15.9393,4.0486,22.5543,0.1901,0.881,0.2966,93.7248,3.4283,3.3695,23.6271,3.5517,72.5927,4.2663,17.6839,3.3496,1.4785,1.1428,3.694,9.3581,67.3602,0.6511,0.8146,3.1403,3.594,0.0309,0.2295,0.1773,2.4961,0.371,23.9496,20.7505,21.7126,47.8642,13.9193,21.0894,38.6969,71.9357,23.5675,65.7795,0.5443,6.4194,53.776,29.2648,2.6854,8.6477,1.3775,17.1536,7.4077,7.4671,17.8822,3.6267,23.3295,19.0989,35.8319,9.8877,2.2511,0.3114,18.9078,5.4657,7.0986,3.5483,10.8922,4.3262,6.0234,0.5507,0.7916,0.5513,0.9433,28.1471,1.9884,6.5201,38.9493,7.8188,3.1971,2.8656,7.7116,3.9047,48.6342,4.0344,2.7135,10.4303,62.4189,13.5897,0.4465,6.5379,1.4041,7.8034,1.846,33.2298,146.1436,4.0868,0.6806,17.3934,1.4996,1.7753,110.5869,1.7125,0.6101,12.2605,0.5049,53.6976,89.9081,8.7298,5.967,14.6234,34.1815,7.5659,30.8195,10.9069,13.7215,47.8123,9.6201,5.3558,7.777,8.6463,29.479,36.938,16.8105,0.2386,3.3552,1.8639,0.7311,2.353,6.1929,1.597,21.3176,0.8499,83.7868,1.5183,0.2852,536.0061,62.7121,1.3477,10.1477,0.2124,0.4959,1.9547,0.0053,2.5784,2.1433,9.7926,8.2013,11.7533,18.8841,225.4265,10.9454,2.639,0.0445,17.1513,0.0902,5.4073,2.1062,4.4104,0.1206,2.3666,186.4905,3.1503,53.5096,0.0892,58.1025,0.0796,5.212,14.205,11.0801,0.2705,3.6396,2.0415
TCGA-BR-7722-01,1.566666667,18.9324,38.7923,0.0552,1.0723,2.4014,0.283,23.7755,11.0004,1.5932,21.7128,18.9761,22.7203,1.5611,5.5998,2.9901,1.926,0.5647,24.2111,2.6175,7.1629,87.1249,0.435,4.7624,23.2362,17.5055,33.5689,25.1375,4.4178,3.8476,22.1626,43.0365,3.0297,6.2111,17.014,9.1317,0.1726,0,1.1001,68.951,178.6277,17.1301,16.1043,27.3185,25.3347,19.4978,8.7563,2.672,13.5512,4.853,7.2246,10.7787,11.804,13.2806,4.4245,11.9492,14.094,12.9489,7.3095,0.4742,3.836,8.4921,52.2239,5.4313,4.97,26.4229,6.4706,6.1261,79.3713,15.9018,0.2279,6.7,8.1841,4.4963,5.0334,85.5934,9.7211,4.1815,12.4248,13.3141,12.8128,0.2578,2.4628,15.6958,44.0086,6.0833,2.6769,17.3107,37.1132,2.777,5.6444,18.2241,14.5236,19.2642,1.9509,14.8229,30.035,4.0243,17.7181,35.8627,0.002,12.496,2.8206,1.1798,20.0781,28.3399,0.6121,1.594,377.418,9.1568,15.867,61.9076,8.1246,28.0484,1.7742,0.5717,15.697,1.5563,6.7145,46.5786,3.2937,16.6699,2.9073,2.4287,6.6056,1.6244,21.1268,37.8632,1.7151,87.0282,0.0185,2.1516,0.2312,20.2618,4.7781,2.0008,6.8268,26.7853,5.098,17.1478,0.3862,1.2131,0.4777,113.6552,7.7327,4.2306,26.2627,10.0608,44.0336,8.9834,17.5168,8.4191,5.0199,4.9929,5.6541,12.3373,38.8857,0.4793,1.7685,3.6122,9.8604,0.2799,0.2568,0.5311,4.1835,0.302,37.917,31.0763,28.2841,28.209,34.9764,19.7335,31.054,49.1776,20.0621,36.2592,11.3076,11.8548,80.3077,60.4553,2.6079,15.6856,2.6673,50.9825,30.815,15.4216,13.6255,3.8285,37.282,4.1801,7.3421,17.729,4.3353,0.3436,24.272,3.3751,1.0331,1.9193,13.0875,6.1606,4.598,1.021,2.2828,0.8299,3.54,16.366,2.7484,13.3933,22.749,3.932,7.0905,1.7637,24.5852,14.316,97.3081,3.095,3.8126,7.5436,183.11,17.9228,0.7155,11.7509,1.8347,7.6825,5.4075,38.1787,280.6281,2.7505,0.7028,19.1946,3.3886,3.1908,75.4312,0.9567,0.1201,16.1303,0.3032,189.2783,43.8939,8.9829,7.0075,37.6962,8.012,6.3577,42.093,3.9743,14.6173,56.8779,13.1261,5.1674,48.4848,1.4608,45.0448,23.5597,24.0768,0.4874,3.7381,2.3428,1.9143,1.7258,13.8112,1.8625,72.0494,0.4965,64.7815,2.3994,0.3169,3175.6539,115.0084,2.0008,10.6476,0.2489,0.9746,0.4258,0.3099,2.5018,3.2482,15.2715,13.1893,11.3364,25.5988,203.8213,69.1112,3.051,0.1304,36.4659,0.0463,3.8277,3.9788,14.4299,0.2097,1.9829,545.7573,17.8049,34.5514,0.0821,80.0461,0.1122,8.2404,6.5507,43.5719,0.317,15.3075,1.2856
TCGA-BR-7723-01,4.433333333,26.3061,47.4082,0.049,5.3983,3.9505,1.156,47.1636,49.4308,5.5327,10.0878,22.9699,28.4442,2.552,12.4905,5.9783,4.6935,2.9069,6.649,10.3856,11.6419,112.1233,3.4973,17.1244,26.7284,31.0837,226.8634,33.8675,12.2616,3.2134,40.228,32.8568,8.3901,3.6349,20.1144,92.9538,0.2133,0.0668,1.8363,18.7105,253.3232,12.5767,13.052,36.569,62.9419,13.9026,2.2981,3.4224,23.8536,14.3729,1.3551,12.3342,23.8178,9.7668,15.9963,20.9588,17.0306,6.1967,9.0596,2.7136,17.5259,26.0479,16.812,7.4199,8.1509,16.0056,46.6829,30.6099,181.3045,41.9646,0.2878,18.4048,19.8825,13.3066,9.6761,153.1047,7.8442,5.5318,11.643,37.0615,24.4633,0.0562,80.6137,21.4103,60.4684,5.1121,6.5855,29.062,41.5688,17.8016,10.603,18.0174,20.1007,19.03,2.1244,27.1342,21.6793,5.4173,7.9972,22.441,0.7473,17.6632,5.3306,4.509,20.9934,15.9107,1.2705,2.0449,685.6953,1.2659,17.8148,40.2119,9.5153,10.2297,352.0186,1.1021,28.6616,3.0512,13.4094,58.3611,25.3673,33.1538,2.3548,8.3725,13.0064,2.268,32.5904,116.4528,3.6464,111.197,0.196,1.2452,0.2375,20.1615,7.7013,2.5371,20.1384,144.5198,5.0994,46.3376,0.6008,3.6169,2.6379,75.045,7.1804,5.2645,22.0173,12.6962,37.8924,8.2109,21.6442,11.2542,5.238,1.8396,12.4295,5.1234,28.5147,5.6608,39.0359,9.3134,7.0936,0.1712,2.0796,0.0975,5.309,1.9954,36.066,31.3532,49.6694,76.4856,43.6583,15.6453,20.3543,38.495,29.0515,45.0966,0.181,17.8971,71.9412,31.4206,5.0224,4.1817,16.392,22.5495,3.1898,19.2693,47.4158,2.8237,29.155,33.1138,32.3245,5.9054,9.4981,0.0248,12.743,16.038,3.1119,13.0179,24.2499,10.2593,6.4694,0.8002,1.1606,1.2579,1.0279,31.271,4.7245,22.4294,16.028,9.1123,3.2365,0.5781,26.2595,4.0238,77.3618,10.1181,6.2719,7.9117,35.5444,11.0964,1.8567,14.3686,2.9042,33.4715,12.2283,3.2274,92.2547,8.7729,0.6636,33.6669,2.9095,3.1627,96.1531,27.1766,0.2321,23.1626,0.179,71.4935,15.0731,14.5002,10.7344,25.7413,16.992,94.8119,42.5606,10.5684,26.4499,37.1017,7.4039,6.4117,1.1503,1.7213,70.2388,94.006,44.5613,0.1451,6.9286,3.8812,2.0653,12.6392,18.3142,1.5561,38.4279,3.6475,48.2309,0.9165,0.3535,1029.5653,77.7773,5.6199,6.2972,0.3161,1.8168,2.3181,0,5.7837,6.2242,46.1051,14.162,25.3123,51.3421,26.3312,102.7304,5.4041,0.0806,16.0508,0.2164,0.8055,12.0889,8.9093,0.5003,0.1009,118.8919,14.3775,45.5988,0.1323,28.1148,0.6498,5.7678,9.8529,5.1473,1.4986,8.4249,21.7081
TCGA-BR-7851-01,44.13333333,25.9207,40.9452,0.0293,2.2456,5.0534,0.2001,23.3085,8.9654,2.1569,11.5391,16.5154,18.733,1.7812,9.2036,2.5434,2.7105,2.2832,1.7807,6.1676,8.0053,185.5882,0.33,20.3034,17.6395,22.6079,73.1619,21.69,3.3957,12.267,20.1017,52.4594,10.0945,2.746,6.3573,15.9545,0.0924,0.0052,1.2049,74.8385,62.7042,13.4111,14.9379,60.8045,158.7163,26.6642,8.4169,5.7875,17.8509,4.4832,1.2045,7.1306,10.6546,26.4258,3.3319,11.8588,15.7812,13.1914,2.4278,0.182,15.516,14.9036,37.0193,5.8168,12.6109,27.2598,25.9096,9.8252,137.7271,20.9986,0.5764,7.3468,6.3061,4.9584,18.5488,103.8914,10.2914,0.9633,16.4096,26.234,20.981,0.1615,7.3751,13.6864,45.0555,7.9676,8.6899,21.4039,34.033,1.51,5.6394,13.3306,17.9859,24.2212,2.594,16.5696,32.4236,4.1197,11.1029,25.8596,0.942,13.617,3.408,5.3512,8.9141,16.4273,2.7122,1.7285,379.8941,7.4746,21.0822,64.9534,13.4848,35.0865,8.2025,1.7166,22.2674,3.2116,15.7115,38.5158,14.6538,36.8227,7.4927,6.6862,10.0705,2.7559,19.4769,22.9268,6.6086,43.9794,0.0056,1.3354,0.1798,16.9308,8.9269,3.3875,5.3081,26.353,7.1397,25.7922,0.2903,3.1314,3.1316,90.0825,6.7928,4.2682,37.0351,9.6541,50.8359,11.0211,36.6392,26.9429,3.4343,1.7725,17.6243,5.151,65.2926,2.5355,1.7281,9.4086,8.351,0.1385,0.2321,0.1,6.5566,2.0733,33.3998,16.2128,29.7147,66.3755,32.5427,13.6787,70.327,93.8881,17.7397,82.8698,0.1077,12.1751,29.9131,54.8757,3.926,21.8306,8.3929,24.2183,8.8137,13.0726,26.2047,4.0196,27.31,19.6652,14.4602,9.8094,4.0579,0.3654,18.9323,11.8257,8.3608,6.9616,27.5559,13.0731,8.0711,1.7605,3.8659,1.9544,3.7528,40.9068,3.698,15.7923,14.3698,5.7668,7.1222,4.7373,10.0565,5.648,113.1908,4.7838,5.9841,13.334,74.0358,14.3193,1.6346,15.0808,3.3567,13.1848,11.1977,11.9751,152.0736,8.2193,0.6808,26.0796,3.7039,2.6801,70.3506,8.6861,0.1413,16.425,0.1172,67.9946,82.224,13.9228,9.0163,18.6393,5.1789,2.8978,48.7481,7.0078,30.4318,47.4855,33.4009,8.9667,23.7425,13.8278,30.3335,68.7062,18.3051,0.2997,2.1238,4.3369,1.742,7.0617,10.5722,2.3764,45.941,2.0907,43.6621,1.6272,0.7991,775.9939,112.5563,3.8128,13.5256,0.1117,1.8435,4.5499,0.0668,13.9522,2.8375,8.3372,7.5227,18.3128,22.0588,249.385,35.8242,4.0312,0,22.53,0.1872,3.5533,3.384,18.7326,0.5354,0.2299,73.4845,0.8171,148.0628,0.1022,59.4065,0.0618,8.9842,9.259,8.5505,0.2462,7.6011,5.0513
TCGA-BR-7901-01,5.6,20.5638,36.9056,0.0301,1.5973,3.6062,0.4861,18.4156,20.9101,3.2077,15.0659,11.2322,14.1277,1.8094,14.1526,3.5896,2.4963,1.9064,1.7139,4.1448,7.1814,78.6949,45.1104,16.3885,18.7173,23.4326,54.6923,24.4192,4.6135,8.6474,19.4284,46.9351,1.7276,2.6603,7.9377,4.6635,0.109,0.1273,1.1993,32.9373,62.0163,6.0542,13.3015,40.1392,73.487,26.713,4.2526,5.474,17.7442,9.9465,6.7202,6.1905,17.6308,25.2204,3.9268,16.3248,15.4493,13.9499,5.5719,0.426,5.9852,8.529,27.8225,7.2593,4.3087,25.8937,14.8078,14.1039,56.7988,9.3316,0.2571,9.2812,10.8106,7.375,6.305,68.3448,11.7989,5.6457,13.9617,16.2192,22.7226,0.3301,5.9776,8.9748,34.6041,5.9775,5.528,13.5531,28.1537,4.5399,24.6228,16.6159,22.8378,13.9815,1.8828,31.0444,23.914,2.1346,8.763,22.6332,0.2454,12.9968,2.2388,1.5381,20.1792,17.3205,0.554,1.1519,807.447,4.8563,14.4231,26.8518,12.0846,38.7334,81.2774,1.206,7.4281,1.2524,7.3917,30.2248,4.5763,26.9915,5.8471,3.9726,17.6049,4.5441,14.5873,45.8389,10.5851,36.2149,0.016,2.167,0.2125,5.9874,4.913,1.7232,9.6036,9.048,8.6905,26.7117,0.8075,2.2728,0.7892,173.4093,14.7086,11.1337,29.3333,10.0838,29.8579,6.3838,31.9043,7.7175,2.7612,2.4692,12.876,4.913,24.9838,4.7428,0.5036,3.8305,8.1627,0.0917,0.4172,0.127,3.9309,1.6564,66.9005,74.8835,40.5535,48.3514,29.9412,24.619,39.4754,90.3214,23.4335,73.6926,7.6403,15.2864,64.2942,69.628,3.7558,6.342,4.0143,49.3864,12.1993,14.3834,19.4342,6.2515,61.169,14.2439,11.9795,19.9377,4.9422,0.1599,23.4167,4.9869,26.0529,4.6561,22.1619,3.4219,4.3892,2.0248,1.9532,1.4633,2.1215,22.0973,7.1711,13.2526,31.3452,6.2457,4.9318,2.7339,22.3371,6.0416,182.4666,3.9291,3.4349,8.9485,144.4002,14.2354,0.6911,12.8902,2.7174,8.1063,5.1898,14.2895,193.3221,3.442,0.8547,22.7844,3.052,6.1249,79.9529,6.2505,0.0759,23.117,0.6727,109.4609,125.9902,7.3111,6.8809,39.104,16.657,8.1815,29.6611,4.4623,20.8347,63.8365,18.2787,13.25,13.7328,1.4211,55.5181,32.9159,20.7279,0.7835,4.5715,2.2214,1.7264,2.0386,7.2471,4.1189,80.6223,1.3156,87.2692,3.0837,1.8865,1696.3395,70.856,2.7349,7.772,0.4291,1.0786,3.6506,0.0074,3.8573,5.2766,24.0642,13.0288,14.3275,22.0344,106.2692,29.0906,3.8189,0.2414,24.2624,0.1544,0.5942,5.7115,7.2258,0.3829,1.6544,293.3928,7.6087,65.7258,9.39,114.7064,0.2969,6.7395,6.2728,8.5951,2.5429,10.62,3.1816
TCGA-BR-7957-01,1.5,42.9839,35.9936,0.0957,2.556,6.5349,0.6223,25.7801,10.9538,4.587,14.5499,12.7142,13.9008,2.9677,9.4279,5.142,2.7707,1.2266,6.86,6.3119,9.9022,93.5697,2.5506,16.825,22.9535,22.2125,66.061,17.9627,4.0084,9.2419,24.3872,34.6431,4.769,2.1526,6.2527,2.1546,0.4513,0.0578,1.1178,41.4885,86.7333,5.1176,10.9581,43.4207,83.7376,25.2318,5.075,4.5356,29.7121,10.2964,8.7807,9.5788,10.7838,29.0376,4.7857,12.297,13.9125,11.5251,7.3311,0.4154,5.0478,9.3413,27.9033,7.9086,8.7627,27.4971,25.4704,20.7329,170.4809,10.0404,0.124,9.0792,20.6764,10.1444,22.3067,78.0151,7.3496,11.4613,19.8012,30.6895,21.8218,2.8181,10.4326,10.3117,56.6645,6.4078,5.3811,20.0289,21.8172,9.2003,7.3058,14.1299,18.9451,17.0611,2.2351,12.7031,21.4024,3.7844,9.4219,20.6461,0.2451,15.2445,4.7336,3.3935,19.3016,17.2539,0.6133,1.269,329.6347,3.4709,18.7309,78.2691,92.8573,24.5949,4.4723,0.6817,2.7029,1.7833,8.9201,38.2823,16.542,29.6876,3.7068,4.742,11.7617,5.1658,19.7302,32.544,47.6459,22.5192,0.0211,5.9208,0.5285,15.0388,4.0585,2.3375,19.6606,9.2168,8.1468,22.4408,2.9173,2.4339,0.5768,117.2171,6.6953,10.3153,24.6452,11.9948,37.9661,9.4358,35.062,19.7584,3.0986,4.4529,16.5308,5.4631,90.9909,2.7588,0.6123,3.4292,9.9891,0.3092,0.8516,0.2591,4.6676,1.2387,118.1516,29.3756,48.4292,46.8934,24.8575,22.4922,41.1597,96.433,20.3691,88.9774,4.4657,13.7793,20.1911,86.8403,5.8056,12.7043,2.3641,97.9296,3.6652,18.5445,27.8376,13.4272,29.4866,9.999,13.6739,25.4674,4.3443,0.3933,20.7638,12.8868,9.0896,3.179,22.88,6.6667,6.4507,15.3514,1.3308,2.0628,4.4011,28.7548,5.8312,12.7524,36.8837,9.7497,2.0693,2.5893,15.1685,3.2558,120.3727,3.8507,7.1405,19.2846,51.5746,14.9397,0.5688,9.7466,2.6534,9.859,6.505,4.8186,105.2188,3.6303,0.5362,22.1015,4.0436,3.69,45.1154,5.6125,0.1756,15.9487,0.0537,26.8397,96.5914,11.9993,11.3553,18.4545,4.1241,5.6729,29.5491,4.6709,20.3495,49.7609,39.8877,15.9903,2.0543,5.8871,73.7788,58.3547,28.4678,1.1478,4.4,2.6724,2.0769,1.7232,15.413,10.5222,12.724,2.2945,91.7454,0.9285,0.8509,733.997,111.7095,3.9774,7.6431,1.1415,1.1733,4.5821,0.0321,2.6701,7.9544,13.0309,6.2131,16.2706,25.6504,157.8129,18.5622,4.5968,0.0106,15.8676,0.0311,0.4168,3.6016,13.8174,3.3887,0.1174,46.3815,0.117,116.7998,0.0295,37.0589,0.2619,6.8986,8.7797,4.6609,1.9059,9.7064,6.3061
TCGA-BR-7958-01,4.766666667,22.4663,33.6469,0.0448,1.61,3.0367,0.3656,21.3149,10.994,2.8463,12.5216,10.8348,16.5528,2.1322,10.2314,4.8389,3.3951,1.9969,4.8231,5.3769,8.2336,79.3746,10.4851,13.3167,18.0312,21.2733,81.1418,15.8385,4.4289,7.05,26.553,35.3093,11.2644,3.7921,17.206,13.2974,0.5575,0,4.2645,32.6181,111.7561,10.8901,11.584,33.8735,75.0396,35.1226,17.5685,13.028,14.0236,7.5399,1.9615,11.1395,6.5354,16.5103,11.5964,14.1237,9.4003,40.9497,11.0793,0.1334,8.2149,11.0428,37.0608,6.2107,6.9139,22.144,17.8969,12.3832,97.2023,20.8095,0.1074,8.4497,5.2674,8.6683,9.5757,106.7424,20.0066,1.4584,16.2093,21.9089,25.5182,0.0794,10.5049,11.5904,42.747,6.1061,5.1103,17.5069,33.466,1.7123,40.6513,15.0726,18.2757,15.6595,2.7345,46.9624,42.5685,4.5653,14.4084,20.8762,0.0595,18.7631,4.5807,4.534,20.1096,20.0672,2.059,2.9418,577.8562,8.8463,24.7915,66.1163,16.1357,24.2818,2.2148,5.219,32.3551,2.8826,13.8724,45.8324,11.7472,23.1934,5.2184,6.0679,18.9522,5.6727,21.3223,60.1957,6.8285,42.2281,0.0109,1.8855,0.2621,17.3552,8.2773,3.4284,5.2141,28.0956,7.2559,24.0916,0.4393,7.2336,2.621,75.9836,6.9883,5.9628,29.1081,10.5656,42.3658,8.4197,30.5726,25.5353,3.2779,2.9943,8.542,3.9442,52.125,0.9413,0.4736,9.2369,8.794,0.336,0.1427,0.0484,5.1772,4.6297,45.3107,26.7971,42.2915,68.6915,25.8216,16.7819,34.4928,64.5374,19.6869,46.9905,0.6769,14.3867,57.3559,82.8813,2.8969,9.3728,7.5922,52.5434,20.2729,9.2049,25.158,4.9917,34.6586,17.7634,23.0935,19.0015,2.3678,0.1008,24.0837,3.7691,2.7783,5.4707,23.2964,9.0059,7.632,1.6469,0.3024,1.5211,7.4794,17.3468,4.0027,13.444,29.4463,5.5435,9.0235,4.271,3.768,12.7314,147.6147,3.6212,3.439,19.7985,108.7488,17.2359,7.4848,22.928,2.463,24.7207,10.1926,6.6736,167.0177,6.8129,0.6693,21.3679,4.035,2.905,52.8663,2.5616,0.0258,12.972,0.7406,96.6944,50.0619,13.38,6.8274,26.1043,4.4548,7.3827,40.7059,6.7796,23.0841,53.8874,22.4308,9.3276,14.1705,5.3875,33.8299,48.0159,30.5967,0.4201,1.6329,3.2393,1.2484,4.5291,23.8718,2.2238,46.9507,3.3106,50.0952,1.067,2.5192,7241.5903,67.2071,3.1801,11.1005,0.0751,3.1789,3.6225,0.0497,2.8166,4.5634,18.3029,10.0023,12.6045,45.0105,112.6723,38.0876,2.1065,0,35.9951,0.7452,0.075,3.2503,14.998,0.8049,0.4976,181.0659,3.4306,41.6061,0.0202,45.8207,0.1675,6.7804,10.2513,10.1672,0.1502,6.7459,3.5499
TCGA-BR-7959-01,2.9,42.5504,29.3584,0.0191,3.5322,3.779,0.9532,17.9145,13.3729,4.7482,16.7589,11.9078,14.855,3.4579,10.2227,5.3824,5.0383,1.3117,18.0895,6.3819,8.4373,39.8243,16.3259,3.9194,22.9094,17.4122,81.6911,14.8384,4.7914,9.493,21.9702,71.8631,3.0902,2.6989,9.8968,0.1866,0.0898,0.0362,4.0651,46.9952,140.1549,6.621,9.4769,23.6326,56.1682,22.0565,5.1537,4.6365,21.9384,4.928,6.0858,11.8828,14.0239,24.2567,7.7571,12.1522,9.5752,16.1323,6.229,0.3637,7.9588,10.5604,37.024,12.963,7.6413,24.7116,33.2333,22.6227,98.1222,12.4323,0.4711,9.3993,13.5444,9.7171,10.1517,94.7449,6.1351,5.8685,17.2352,38.9418,19.7888,0.5747,8.2011,10.2118,52.8853,9.0993,9.2517,26.9638,26.959,5.5558,8.8369,18.7936,22.7129,14.6144,1.9704,20.9801,9.9076,5.9175,7.5571,14.0766,1.0314,17.5869,2.6621,3.4336,20.5248,20.785,0.772,1.2955,289.315,5.6384,16.2949,67.9916,56.3607,18.7649,3.0341,1.1004,3.7847,0.7217,18.317,142.6425,12.0254,38.1364,2.2059,6.5985,20.6468,4.2361,19.4274,22.2131,30.3192,134.6876,0.0166,3.7175,0.2819,26.82,2.4355,3.6996,16.9016,5.5494,6.325,18.6363,1.8838,1.7355,0.4369,106.0474,7.3691,5.9094,25.4482,10.8876,47.2067,6.8063,33.4132,9.4426,4.1585,4.5951,8.3582,3.9917,149.5222,4.9537,0.537,4.1777,7.5228,0.1605,1.6677,0.2032,3.8327,1.8081,71.1192,32.2695,46.8737,70.2362,19.4756,34.712,36.01,44.4318,16.6421,48.3139,7.492,12.2167,45.1112,76.5865,4.2971,18.3598,3.2909,44.2696,6.194,13.309,22.7397,10.8392,31.4549,12.1148,9.6021,27.1366,5.7377,0.1476,17.4844,7.1129,9.1137,3.4823,30.8867,6.3985,4.7178,4.0261,2.6903,1.684,2.1871,24.4652,6.3464,10.027,43.6203,12.2483,4.3254,5.2971,54.3179,3.1378,114.0223,6.1756,5.3643,17.1519,69.6011,21.952,0.5507,8.0007,2.2758,9.3901,10.8653,4.737,129.9051,3.2034,0.8989,23.1812,6.399,7.1533,54.3503,7.5912,0.8699,26.1149,0.2801,48.9017,36.4723,11.0272,8.8142,22.4667,36.0868,9.0595,35.3318,8.0004,21.6396,27.6897,16.0367,6.6308,5.8224,5.2883,52.2317,36.9155,16.0834,0.7295,2.6869,5.7783,2.1022,1.6056,7.9838,4.5999,24.4792,1.9762,37.9771,1.024,0.2194,967.374,71.0783,3.4405,9.2161,0.8709,1.3927,2.6859,0.0304,3.4069,8.7671,20.4821,9.009,14.0076,27.402,98.9585,24.2392,4.1174,0.0257,19.2273,0.0633,2.3727,5.9749,12.9243,2.187,0.9724,82.7081,0.4046,92.1452,0.0393,47.9877,0.5764,5.2369,5.0061,5.4503,0.4344,8.2665,5.6942
TCGA-BR-8058-01,1.533333333,17.322,26.3235,0.0328,1.4238,5.2001,0.2988,20.3297,7.629,4.7882,11.2719,10.2585,11.7381,3.724,9.0761,4.202,4.252,2.6412,7.8437,5.1515,9.167,94.8869,4.6274,29.519,17.1235,21.1665,35.6295,12.138,3.2188,7.6375,20.5141,30.5986,4.7039,2.4314,14.1657,6.9059,0.6128,0.0266,2.5974,42.1667,75.4818,6.1484,12.6568,34.1538,87.4062,32.4044,7.5142,11.669,30.2061,16.655,4.9858,9.0673,11.5252,26.5599,9.2321,15.2425,10.1343,15.6819,6.6829,0.2839,5.9279,8.4598,27.4476,6.5222,6.5671,22.5,16.8678,23.0361,104.0265,14.2974,2.4956,9.0014,13.049,7.5561,9.4459,82.8639,21.2814,7.0717,12.4193,22.7046,26.1993,0.6363,6.5097,9.6813,40.6707,7.858,6.2593,24.0029,25.7516,3.8353,25.3664,11.6953,16.8637,17.966,2.0228,43.6886,22.8342,2.0602,9.4562,16.0635,0.39,15.501,4.0614,2.7083,10.546,15.3651,1.1639,3.9983,661.5992,7.7222,22.0512,93.6372,21.1256,41.9753,5.4561,1.5933,59.7202,6.2693,13.0935,40.1041,8.63,26.9263,3.477,3.8279,26.1056,14.5445,19.5928,107.7172,13.6453,32.7715,0.0179,2.649,0.6777,19.6228,6.4927,1.6352,8.7254,24.8422,5.6504,19.4736,2.084,12.2264,3.1786,88.7166,7.2154,9.235,27.7843,9.0132,40.7778,6.7496,29.1892,29.252,3.8383,3.9829,12.4453,6.4641,33.2198,1.6924,1.4282,3.7804,10.0597,0.3109,0.3486,0.1562,5.107,3.4313,68.8502,18.6972,47.7511,42.5448,18.8344,17.1212,37.5393,95.3124,22.8851,44.7011,9.3466,12.6124,33.8214,82.5756,5.1249,14.8438,20.0216,48.3235,13.2487,15.7846,20.2133,6.189,39.3448,10.673,8.7372,23.6449,1.8493,0.0155,44.6191,4.1875,10.669,2.9427,19.7419,7.4811,20.8131,6.7911,5.9672,1.6126,6.1348,41.4602,5.1697,13.2406,23.7522,3.7949,7.4272,2.3656,10.3001,2.5276,92.3659,3.5947,6.7861,14.9251,72.8142,11.91,4.3593,11.9344,2.434,10.7631,8.5936,5.7791,127.8657,5.415,0.3746,20.5567,7.0327,3.9902,49.441,2.0664,0.7907,13.8602,0.1222,48.751,56.3076,9.7638,6.7992,14.7386,5.2969,8.1775,30.9903,4.5564,23.8541,49.6009,25.3448,10.0209,8.5405,2.3024,47.0548,62.1932,20.783,0.7315,5.862,3.8973,1.4653,2.3647,17.1189,3.0671,21.0977,1.8709,59.2867,5.2566,1.3929,3960.8159,122.9485,3.7605,8.4183,0.9173,4.9901,2.1474,0.0172,4.3441,6.7617,12.366,7.8738,13.1098,16.1886,168.4524,38.642,2.2674,0.0073,19.6023,0.2355,0.9437,7.5366,12.8088,0.7938,1.402,166.8877,0.2891,32.9882,0.6521,36.3757,0.0759,9.3751,4.3955,9.0021,0.7799,8.8654,4.3385
TCGA-BR-8059-01,21.13333333,22.9054,32.5901,0.0181,1.1386,4.0702,0.4798,14.039,8.1495,2.5823,10.0039,4.5042,17.2217,1.1612,6.228,3.1561,2.4673,1.4468,0.4804,3.647,5.3561,82.6459,0.57,7.6764,15.5265,14.1445,42.379,14.6758,2.8601,7.8875,16.0697,74.0356,3.4088,2.8508,3.2892,9.9205,0.0285,0.0517,1.7289,32.314,198.1398,3.9942,17.2472,21.3652,43.7829,10.0621,4.0831,2.8493,7.1101,2.508,1.6796,7.6071,8.8483,20.5216,2.4723,7.4072,9.0715,21.7728,8.2356,0.2611,3.5122,4.3002,22.2882,5.5342,9.3298,18.8823,11.0062,11.1635,161.2066,16.4968,0.0574,6.0545,7.5991,5.5911,5.5285,76.2622,14.4855,2.9276,16.6131,21.8136,24.1022,0.1592,9.4063,7.8285,26.4095,6.8202,4.7755,15.0493,30.1178,4.3483,4.3553,18.02,14.4079,15.2837,1.4636,8.7842,30.239,3.2923,5.966,20.6273,0.0272,11.2233,2.4479,1.1602,14.1658,19.2381,0.6613,0.4065,352.3345,2.2407,23.2565,225.9223,14.5949,23.7541,3.7454,0.5252,8.6728,1.2734,10.2918,42.9935,6.931,23.7536,2.6215,1.3236,4.2856,0.9308,17.1662,41.4743,11.7298,32.7694,0.0155,1.9805,0.0938,12.8846,2.1767,1.8537,10.6258,24.9636,3.6241,20.6992,0.2571,0.6403,0.7542,68.6358,5.6311,5.0544,23.6651,7.4095,39.8614,7.7567,28.2856,18.4865,2.8178,4.0015,7.0746,5.6309,65.2558,0.1848,0.2649,3.7,5.8246,0,0.2758,0.0501,3.8639,0.7987,78.4137,18.0943,40.0465,43.6559,27.3024,21.0838,33.1645,60.9321,25.4235,44.955,0.2742,8.1904,38.5203,47.6918,3.5636,5.4343,2.7087,23.671,3.3619,9.9264,18.9006,8.4877,18.6307,12.6284,8.1347,17.2858,2.6044,0.0566,16.3901,6.5267,2.6378,2.3364,17.3604,6.2096,7.0848,0.9294,0.2404,1.8613,3.6191,31.1131,4.7796,12.3347,47.8822,7.4545,2.4721,4.6737,8.6226,6.4709,91.8634,3.0265,6.3156,10.3469,53.1409,13.621,0.29,10.3275,2.4382,5.7821,3.4179,13.7252,191.4503,2.7994,0.7811,11.3493,3.1616,2.5213,62.8782,2.6507,0.1545,8.9628,0.2263,119.1559,158.6172,10.1142,6.94,26.8235,16.983,13.7756,24.3567,6.0094,19.2802,27.9508,11.5835,12.7589,24.7435,1.8165,52.0477,26.0544,58.6657,0.6199,3.2727,2.9509,1.3099,1.4633,7.9159,2.0611,28.1256,1.4785,30.7713,0.0994,0.5498,369.6735,82.0446,3.5621,7.8309,0.2313,0.6304,0.7503,0.0123,4.6077,5.2357,10.2368,9.5272,11.6373,22.8416,308.8395,19.7358,3.9186,0,7.3383,0.0344,0.2063,1.7699,7.2143,0.1429,0.3778,140.4278,0.5762,28.303,0,74.5742,0.2504,5.3455,4.2703,3.9192,0.703,14.6358,3.4508
TCGA-BR-8077-01,3.633333333,13.2855,27.6556,0,1.0716,2.4313,0.0541,25.1707,12.115,2.1687,16.987,9.2175,11.8985,1.1685,6.7786,2.3017,2.9434,2.8088,6.3607,3.8334,8.076,90.5168,26.1063,41.94,11.8685,14.9054,41.6007,13.6576,2.5967,3.942,16.7818,51.3301,8.6274,4.3702,4.6134,24.699,0.2315,1.6381,1.9742,39.7522,205.0509,15.1032,11.895,118.599,425.044,13.5062,2.3238,6.8043,18.6744,9.8154,1.5752,4.1402,6.0455,19.4635,5.4529,8.2489,14.9569,10.6791,5.706,0.1609,9.574,8.5067,22.0558,5.0826,4.2648,14.4301,10.3352,7.4156,142.5628,18.2347,0.109,5.7652,7.8445,3.6421,7.0781,48.0042,14.3191,5.1764,12.8116,14.1016,15.7383,0.1457,15.005,6.6557,20.8949,5.9687,5.6605,13.6302,91.6332,5.9765,28.3523,20.3287,27.2133,14.7834,1.2725,30.008,58.7858,2.0606,15.0152,22.3955,0,10.8338,2.1561,1.3101,7.0359,12.58,1.2044,1.4377,328.2794,7.8295,30.4557,62.0751,22.8694,16.6067,14.8486,1.7012,10.3708,1.8758,10.5225,210.6262,4.7276,27.9405,2.3977,12.2299,12.1856,2.4317,17.2636,38.5564,1.8566,135.4942,0.025,1.901,0.1071,11.5655,2.6666,2.2955,2.932,26.6373,5.9999,24.3065,0.9256,2.5354,0.9882,108.7907,8.4193,6.4782,15.6007,8.9263,47.2563,7.8639,52.0079,14.6484,4.3309,1.5056,3.9031,10.8683,100.2659,2.3902,3.7583,7.389,3.9819,0.0205,0.2053,0.0305,2.5714,1.7662,16.8996,33.9763,30.7118,79.3179,12.8968,23.7466,41.5314,57.2534,16.9719,105.2464,16.1438,7.2171,26.9236,32.7378,3.8297,7.9189,2.95,31.0604,14.2431,8.0109,20.8077,2.43,21.5437,28.1434,32.5519,9.4252,7.4603,0.0158,25.772,6.1911,5.5369,7.2288,45.9131,3.6251,6.6505,1.4168,1.1399,1.235,2.5383,30.4553,3.6874,8.0537,55.9148,2.5522,10.0373,0.7302,23.1291,4.3056,82.7638,5.2915,5.0014,22.8523,135.4037,13.4661,2.3195,7.2244,1.961,4.3501,5.1515,9.8767,265.8333,4.9235,1.2471,12.9369,2.6089,6.2591,100.204,9.3294,0.5838,54.4067,1.9221,189.6392,24.3199,8.0846,9.2586,11.9852,26.2792,2.4968,27.7589,4.0908,15.1192,41.3504,40.8144,7.9628,2.704,2.9014,14.4221,35.4858,13.9887,0.2625,3.6564,3.5263,2.0192,4.044,18.3911,3.1456,34.7064,3.3133,59.9872,0.5041,0.4126,1286.4082,58.4218,2.2408,13.3765,0.2449,1.1936,2.9382,0.0171,2.1001,2.7936,22.1837,7.9665,18.8909,16.0798,73.0562,67.9041,3.7669,0.0361,21.6374,0.3062,2.5165,4.9372,5.6831,0.4585,0.1115,225.8667,1.9406,47.2994,1.2827,51.5421,0.3897,9.6652,6.3168,6.1282,27.1729,4.8707,13.5698
TCGA-BR-8078-01,51.06666667,23.9972,35.2289,0.1786,3.1216,6.2286,0.2996,28.2102,9.2139,2.3949,11.275,13.4716,15.7231,2.3456,10.9226,4.356,3.7168,3.5248,4.6113,6.8172,12.91,137.4557,0.5565,11.9382,18.1187,21.9371,54.2931,21.1351,4.392,9.585,25.8373,46.0063,8.4161,3.2611,13.3095,2.102,0.1558,0.0029,2.2635,30.5082,83.2894,7.1827,16.3739,46.888,64.6063,24.5846,25.7592,6.5273,28.8502,12.3764,0.9451,9.7401,19.2243,28.9496,9.174,16.7772,10.5828,37.2141,2.627,0.384,11.0025,17.0886,39.3697,9.3494,11.8527,30.1638,15.4621,20.6935,168.4713,28.345,0.1089,10.9998,6.8307,7.7682,10.1721,123.9554,15.7923,2.6801,21.4944,44.1267,47.6403,0.1468,12.356,14.0809,58.1918,8.6266,8.0692,18.8294,32.4962,1.7521,11.7482,12.5504,22.8414,15.0184,4.2855,16.8749,40.7964,3.1901,11.919,28.3306,1.6513,16.3292,2.6589,6.7906,9.2589,17.6604,2.8065,2.4074,403.0538,8.9727,33.3516,119.7324,89.6623,15.9802,6.0384,4.2741,7.1232,1.5412,15.9175,63.9047,8.1109,54.0618,6.8166,8.6691,18.4961,9.0163,20.1673,42.8592,7.4372,62.7893,0.0606,1.0246,0.316,26.5397,8.6503,3.5982,4.5481,4.875,6.4508,30.3655,0.4597,5.061,1.3801,36.3024,11.946,4.5696,34.2659,9.1438,40.3012,10.4867,37.2955,32.9951,3.6218,3.3595,12.8093,4.0007,178.0078,1.9458,0.0913,8.5839,15.196,0.1089,0.1709,0.1088,7.1379,3.0376,26.4605,20.6369,44.8262,103.1262,32.4532,11.0253,49.1558,89.7213,22.0861,89.0862,0.9314,15.8392,21.7924,72.1803,4.6985,25.4008,5.0506,61.9395,15.7315,9.1386,28.557,3.5713,28.5621,14.2621,16.0979,11.7949,4.0527,0.5126,20.4769,9.4797,4.8606,8.1616,24.5141,8.5745,5.9215,2.9645,0.2787,1.4828,5.7499,39.7136,4.5395,17.5657,20.5757,6.6914,7.5477,3.5302,21.9871,6.6621,100.4972,1.8619,3.0343,29.4709,85.4736,18.1656,2.841,10.222,2.1155,19.1725,17.3806,29.9817,160.012,9.094,0.8244,23.8344,7.0787,4.5978,54.4683,8.3505,0.0671,13.5089,0.0663,55.6458,36.8103,12.6219,16.0422,19.0893,10.1556,13.0649,51.8599,7.4409,27.9418,73.0406,38.6,10.2891,17.0347,15.1344,18.2776,64.7574,16.286,0.4106,2.7693,3.2887,2.1281,6.39,10.6499,1.6305,47.7894,2.9949,34.803,0.7229,0.8902,1354.1399,107.8194,3.0544,15.5517,0.1605,3.0335,5.7845,0.0247,9.4098,6.3087,11.7727,6.994,24.7685,28.0784,249.5507,27.7113,4.6338,0,33.2287,0.2775,0.0996,4.2871,15.3521,0.7694,0.0844,111.586,0.0207,42.6262,0.0324,59.7024,0.0552,9.3475,9.8061,9.3166,0.2033,8.6388,1.5409
TCGA-BR-8080-01,4.4,32.0794,28.4926,0.0176,1.6858,5.132,1.0545,21.0346,10.7388,4.7045,15.3054,16.3259,15.5918,4.0117,11.3842,4.2755,5.0707,1.8695,19.9108,5.2295,7.4067,28.9892,7.1572,13.9242,21.8537,27.6397,47.0099,14.6966,4.9431,8.8635,19.6233,23.2046,3.8496,3.1458,255.8505,0.597,0.2567,0.0224,1.8548,26.3554,84.2643,4.0513,9.7618,24.1346,73.5908,24.8321,5.7119,8.236,19.3466,6.7129,6.3703,10.7381,9.629,23.596,6.1411,10.4633,6.5823,11.7009,7.7439,0.3222,8.7891,13.1683,27.391,5.2437,7.5535,23.2577,23.0751,18.6036,96.6379,13.8465,2.7682,9.5744,16.4144,7.3204,11.8543,73.3719,18.9434,7.7577,16.5283,26.5368,22.6904,3.0224,4.5375,11.4715,42.9703,9.1536,7.6814,20.5392,22.2725,4.865,13.6004,16.5669,16.3716,11.9782,2.3171,35.0093,17.8872,3.6985,7.8455,16.8235,0.0286,14.9802,2.6349,2.6486,16.3392,23.2852,0.6691,2.6444,333.3332,4.1874,15.9609,43.9606,34.9335,18.4695,5.5605,1.3389,46.593,8.2344,11.6749,34.5503,8.1416,27.9694,3.866,3.8851,22.0645,4.445,16.3129,94.741,20.8977,19.4438,0.0216,4.3803,0.6599,18.2516,3.549,2.7362,15.6325,7.9735,5.5429,25.7787,2.3136,5.4199,2.3283,133.8825,6.5098,9.3578,38.2448,14.8669,28.5621,6.3482,29.0388,8.2294,3.6723,5.1336,9.2163,4.334,53.3025,2.3553,1.6039,5.3461,8.0579,0.172,0.4165,0.2576,5.6683,2.6436,61.2815,16.1384,47.7478,59.1877,19.8217,20.5226,27.994,37.8156,20.0183,28.8965,0.413,11.5733,34.6944,82.2843,4.6598,16.8479,8.8391,67.406,7.4617,16.1102,23.8962,10.3369,32.874,17.0982,15.2068,19.2237,3.7418,0.4737,26.6336,7.7056,8.4937,2.0564,18.9773,3.8643,7.4906,6.5957,3.5174,1.6306,1.872,25.2486,5.2624,11.6068,38.7562,6.1408,2.8321,4.4564,34.8193,3.1962,111.9894,6.1302,6.6381,16.8897,119.8124,15.0758,1.3817,7.4823,3.1111,10.7999,6.4841,4.6754,96.8282,4.4101,0.7031,21.9728,6.9038,3.719,47.6472,6.9682,0.4525,7.3134,0.0694,27.623,29.9467,8.037,8.2852,14.4679,26.1532,6.7187,28.1166,5.7403,17.1262,34.2246,33.3702,14.5958,8.3997,2.1098,47.7501,44.7703,9.8199,0.7972,2.6805,3.0417,1.6104,2.6357,11.2553,5.7309,16.0688,1.9326,69.7863,4.9069,1.1705,1506.4723,81.7804,4.103,8.8369,0.6833,3.1007,3.2452,0.0042,6.1777,6.411,13.7818,9.4508,14.4166,22.8278,64.3485,18.5614,4.2222,0.0066,19.6549,0.1196,0.2799,4.8374,10.9362,0.3651,0.8593,36.2602,1.2631,67.3803,0.0218,33.0969,0.3382,7.4886,4.4471,9.1637,1.0311,5.8517,2.4874
TCGA-BR-8081-01,27.1,21.032,33.9028,0.0203,2.4976,4.0888,0.2261,21.9205,7.864,2.3845,9.9815,11.7905,15.9469,3.1382,7.7305,3.3556,2.9606,2.5328,4.3513,5.1193,8.5811,85.0789,0.9944,31.1725,16.1892,13.8464,50.4138,18.336,1.5172,5.8909,19.1473,32.0497,7.5292,3.4342,1.6355,3.6753,0.1828,0.0275,4.078,48.0121,89.6011,11.2685,17.0906,54.4927,96.344,17.5871,15.1945,9.1494,22.1429,6.8942,1.1509,6.3339,9.0424,27.0435,5.626,13.2409,13.2656,11.7469,3.9656,0.157,9.4938,15.2348,44.7674,5.8115,8.5865,30.8699,21.2228,13.5791,180.6512,15.4091,2.4332,7.5977,7.4024,5.6265,5.2314,70.5541,16.3845,2.2731,17.2281,16.7476,22.0454,0.3195,8.8682,11.2147,40.001,7.2611,6.1594,18.367,29.4289,2.4099,25.2631,11.428,16.0234,9.5437,2.4107,26.1166,28.5505,2.9274,13.4341,13.9682,2.0739,15.5216,2.7464,3.437,11.9586,20.2504,1.5232,4.5485,372.0704,11.9863,25.3809,44.9523,76.1537,17.3298,9.3041,5.4086,59.3859,8.8814,11.5609,54.9635,4.3894,18.7758,4.0212,4.1366,24.3674,6.2778,15.6946,67.1029,6.5428,36.1735,0.0139,1.6355,0.4007,17.7362,9.3276,2.9027,5.858,1.8053,4.9508,25.7573,0.6829,6.4859,3.4593,81.6525,4.7817,5.0787,33.0556,7.7153,45.4292,9.5896,32.1052,11.0209,2.9988,3.492,7.9939,4.4164,140.7837,2.389,1.2907,7.8033,7.1293,0.0896,0.513,0.2429,6.0599,3.8829,46.7425,27.8834,38.4498,54.2286,24.1883,14.105,57.5255,141.0359,20.4298,94.3361,0.2174,13.0778,21.2152,51.1017,3.9807,14.9991,10.3944,31.5088,21.4538,12.1647,23.8828,4.2735,29.5073,13.7697,24.1196,15.884,1.273,0.0911,20.8686,7.4032,5.7036,7.76,20.1849,5.1637,5.7397,2.0224,0.7954,1.0966,4.9986,47.295,2.8316,11.1152,33.4589,4.9016,6.6009,1.1912,14.4395,4.0629,110.1052,2.0635,3.6578,15.9314,117.006,12.8862,6.0847,15.3665,1.8351,16.1027,11.0644,7.7281,128.9135,8.3135,0.8198,21.3696,2.914,2.2821,95.6679,3.8766,0.2097,10.5272,0.0891,28.4363,40.8174,9.6152,8.2195,14.9466,3.117,8.5091,41.5906,8.4343,24.7474,52.7707,27.2844,13.4639,16.493,16.1292,29.9506,53.7762,11.6573,0.3652,5.3653,3.4366,1.318,7.4506,16.374,2.4846,19.7548,1.7709,53.3501,6.4002,1.4784,2679.3761,95.2335,2.0611,11.4502,0.2571,3.2535,4.6558,0.0289,6.8677,4.6089,9.9622,7.7976,15.6224,21.1115,108.6226,14.4285,3.6657,0.0113,26.3634,0.4694,0.0482,3.9647,10.2881,2.1722,0.2253,49.7322,0.0095,53.4669,0.0293,38.77,0.117,7.9236,6.0866,29.0209,0.4929,7.3535,2.5201
TCGA-BR-8284-01,9.1,23.0917,36.3794,0.1461,1.6147,6.5247,0.2343,31.1596,8.065,3.5167,11.7347,12.4651,14.9386,2.9237,9.3616,5.1295,7.2323,4.9174,5.3125,5.1196,9.0711,112.1503,3.4648,17.5555,15.5511,19.359,29.5514,16.234,4.1048,8.1633,22.6266,27.0073,8.5028,2.7381,21.8139,16.8995,0.304,0.0219,3.9312,66.0285,73.7863,8.6086,17.4743,68.6912,65.6441,26.1386,12.6315,8.2311,21.9112,10.0938,2.6261,8.4358,10.1587,21.3186,6.523,10.7964,11.1813,33.1411,11.5595,0.2018,1.8908,5.4751,35.1285,5.4182,8.6866,25.0884,17.3543,11.6675,124.359,22.3187,0.6221,6.1854,8.5458,7.5937,12.2259,90.9346,16.2247,3.0359,13.0265,21.2888,24.6902,0.3136,5.302,11.5173,43.768,8.1964,7.3539,22.2412,29.4078,2.3229,13.9204,12.714,19.028,15.02,2.9039,37.3847,26.6329,2.951,6.7136,21.2765,0.0159,13.6701,4.8683,2.718,8.2699,18.1676,1.58,2.5437,517.9231,10.1327,21.3306,40.37,14.5602,25.2332,3.3989,1.3585,15.7131,2.6847,10.9841,43.3568,8.8994,23.2444,4.8731,5.1391,18.4939,6.7862,23.6389,85.6347,9.5248,32.6138,0.0447,2.7578,0.438,15.6109,9.4925,3.0873,8.5581,33.2561,6.3283,30.9221,1.3254,7.6626,1.7983,73.2057,5.3306,9.8757,29.4202,9.2861,43.8083,10.4821,37.2906,14.2375,4.072,3.5168,10.6016,4.394,70.3092,0.7641,1.6085,7.774,9.7026,0.1646,0.2867,0.0769,5.576,2.4325,50.8344,11.9731,38.2126,69.2645,28.7512,14.8941,51.6976,95.9578,17.1393,93.9802,18.1887,11.5335,31.1842,61.4124,3.1587,14.9846,15.5327,40.7178,14.547,11.359,26.1941,6.2514,33.252,14.0932,24.7891,21.5928,1.5191,0.0906,35.1147,5.9081,9.814,5.8359,22.6336,10.2709,5.8943,6.1223,0.6232,1.3958,3.6569,40.2305,6.5398,12.3889,26.3778,4.4812,8.1506,2.0264,8.3044,5.0137,86.6384,3.9613,8.7007,18.5004,87.3877,12.9498,4.6304,17.5523,3.0662,10.2383,9.9403,8.2695,210.517,5.807,0.6751,19.8881,4.5769,3.4305,63.5299,0.6025,2.8206,10.8523,0.0674,51.0878,29.049,9.2724,7.6341,18.6637,5.7358,10.2179,35.1981,6.5015,25.1789,69.284,57.4824,9.1874,16.5385,5.8874,41.6215,56.6194,36.3213,0.693,4.2961,4.4259,1.4924,4.086,16.6369,4.3575,37.3086,3.1475,54.3748,1.6055,1.6699,2725.5178,140.6343,2.8716,9.3067,0.438,3.2047,3.424,0.1952,2.4592,5.2624,12.1838,7.2198,12.1665,30.9785,208.9893,67.6442,3.3746,0.0973,30.0478,0.2093,5.1893,8.4375,13.2991,0.661,0.3078,166.6439,1.8146,28.9855,0.0861,39.117,0.2006,8.7273,8.053,11.4079,0.5063,10.4487,5.5411
TCGA-BR-8286-01,3.833333333,18.5057,30.513,0.0217,1.7125,3.0279,0.0618,23.1631,9.4892,3.6735,12.108,9.9298,19.4788,1.627,10.2195,4.2639,6.4205,3.1586,1.0718,5.4736,11.2577,73.5814,70.9873,15.7851,25.1645,13.151,68.0785,18.1918,3.077,8.0764,18.7396,43.9413,10.936,0.8746,14.3304,4.2408,0.2371,0.062,3.0308,30.1135,104.6427,7.4701,16.3659,31.0101,33.001,29.5952,8.9268,3.4646,13.683,8.9552,2.0179,12.7389,11.7581,18.9284,7.4084,18.0282,11.4847,35.2336,11.187,0.7764,19.1619,17.2964,28.5629,7.0599,7.8262,18.6637,12.3106,15.0922,100.5707,31.1862,0.1579,11.9318,11.0046,5.8473,6.118,99.9542,7.121,3.3562,22.9518,20.5003,22.1595,0.4583,7.7907,12.1526,38.2996,6.023,6.507,14.3248,30.5579,1.2659,6.707,16.3921,19.0264,14.2882,1.965,16.4612,29.5294,3.1944,12.9008,21.2381,0.1033,17.7745,3.4716,3.3286,7.6472,12.9092,2.0415,1.438,499.8668,3.9751,27.0093,26.4324,4.7818,23.4121,12.0496,0.9487,2.0244,1.3627,9.2773,57.3759,5.3034,22.5745,14.4834,6.7405,9.1114,1.9359,16.0766,14.9496,1.9949,60.4753,0.0388,1.974,0.1322,14.7595,4.9015,5.1832,2.9971,27.2279,5.4444,39.1812,0.8412,1.4891,0.4629,41.5102,5.6074,9.5469,18.245,9.8122,36.5735,6.7511,35.9858,6.541,3.2333,1.5668,14.1417,9.3098,38.544,3.1216,4.9539,9.4699,6.2768,0.1612,0.3738,0.029,5.1398,1.261,26.273,8.2251,46.4423,82.3128,30.6545,14.2792,61.133,100.9797,18.5461,83.6538,10.2215,15.8539,33.3698,54.1331,3.4539,14.972,1.9076,70.259,13.8931,14.6991,32.9182,3.413,41.1412,20.6157,19.9204,13.6582,3.7918,0.7388,11.4445,8.579,8.5943,9.9967,19.7422,6.9353,7.7168,1.1794,0.2522,0.9458,7.7367,45.0568,5.1241,11.9556,39.1252,5.5728,10.1944,2.9201,18.9097,8.275,66.2673,4.6668,6.3047,18.104,68.8759,21.9987,1.0326,15.7913,3.1854,23.6263,11.8883,9.6178,257.6481,5.8716,0.9719,24.5739,3.4872,5.4727,76.15,0.5856,0.193,17.8218,0.6963,82.8626,59.7409,17.6854,6.3358,11.4798,28.2036,32.0457,41.3851,8.573,21.3506,62.327,21.8828,7.7278,29.785,5.4786,19.0785,71.7924,34.4972,0.3446,5.8335,3.7623,2.4131,5.8205,8.3614,3.0329,33.5498,3.0559,22.8375,0.5695,1.1837,1521.9681,95.6654,3.029,17.5564,0.5267,0.6043,5.3662,0.1673,3.4061,5.5211,9.1082,6.9514,19.0959,29.985,193.0902,84.5154,3.147,0.2055,22.8591,0.0653,0.8508,1.9866,8.7627,1.1918,0.0906,131.3645,28.1217,13.0018,0.115,112.0245,0.4342,9.6669,7.6549,5.5829,0.2437,4.547,5.1498
TCGA-BR-8289-01,6.1,26.103,34.6812,0.012,1.9153,3.963,0.2448,22.9695,12.635,2.7532,14.3305,7.8301,30.2755,1.0516,9.9771,6.4234,4.2005,1.8808,11.5105,4.3577,14.1871,101.7405,118.5333,19.186,14.5809,14.2627,32.1423,19.6074,6.2429,2.8235,17.9187,115.7594,5.0388,3.0278,8.5671,0.5136,0.0962,0.4452,0.8226,49.0194,145.9595,10.2188,9.9293,123.2226,37.503,17.6692,6.3071,2.6654,22.4356,7.0511,3.5677,11.022,13.6871,13.6486,6.1341,18.8984,9.2214,6.2749,3.8735,0.2476,8.4092,9.4188,25.0842,10.1369,7.7974,20.4725,10.128,13.0564,155.7254,16.6244,0.1817,7.5165,9.5755,10.8093,5.7486,91.8672,3.0295,2.5585,24.4198,30.3333,16.011,0.5963,3.2301,10.5005,41.0847,2.9903,4.0557,24.2514,34.658,9.4009,20.9331,17.8842,14.4374,26.0977,1.5173,5.7049,16.1095,4.1693,9.9047,19.4532,0.5143,15.4203,3.0072,2.6434,7.6221,19.5747,1.0891,1.1774,655.111,7.3675,16.8452,32.0417,10.6174,14.6944,26.1083,0.5452,5.0229,1.7029,14.7924,75.6988,8.9635,16.1651,2.9158,7.4512,27.5396,1.5117,19.585,13.1652,7.9238,118.0702,0.0078,1.6926,0.2653,8.5677,5.911,4.2504,11.0124,6.5043,4.8215,26.3498,0.7579,1.1329,0.4527,23.2705,6.3575,3.091,43.2549,6.5658,54.5021,3.7413,29.2402,8.4116,4.4626,5.0483,12.3644,5.8824,32.5823,1.5665,31.8067,3.303,116.7164,0.3898,0.1836,0.1001,4.7885,0.8262,36.3647,8.5376,54.2561,41.9744,26.3372,20.5944,41.4678,85.5089,44.6523,54.8332,0.2143,7.776,48.0653,54.9525,5.2449,16.1117,1.9248,37.6539,10.8827,17.5058,27.6168,4.4149,41.6089,26.1455,7.3807,11.7007,4.85,0.1373,10.1571,10.1717,48.4765,3.4046,21.2933,11.1794,6.3489,3.2971,0.2644,1.5419,1.2003,51.9494,2.6769,7.4275,17.0192,3.3132,7.1351,1.7104,9.699,4.0141,66.5771,5.0533,4.6302,11.7175,48.867,76.3664,0.7091,9.1502,2.6131,9.449,5.0154,7.907,110.3849,3.629,0.7114,22.5698,2.5565,3.3572,136.9498,2.6026,0.0797,21.7952,0.2322,34.1663,22.2091,10.4192,5.5654,16.8206,47.8762,7.4348,37.5952,10.6321,17.8858,35.4298,12.4267,4.7553,17.5388,0.5993,25.068,79.548,121.3601,0.6042,8.1718,5.364,1.1781,4.5652,5.0633,1.7608,15.5228,4.2149,47.3179,0.9386,1.0853,583.0142,57.432,3.1728,6.4499,0.6114,0.6222,5.7282,0.0126,2.7292,6.7064,28.1967,10.2803,16.1075,29.2116,208.7564,2.3272,2.1856,0.045,16.0698,0.1812,0.8827,2.5325,11.4697,0.5606,0.0723,505.6542,71.6553,42.9799,0.0324,120.7354,0.5356,7.7847,12.5088,6.2911,0.526,4.1216,4.4279
TCGA-BR-8291-01,0.8666666667,35.1091,37.8232,0.0806,1.5947,5.0969,0.5225,15.412,10.5016,5.0546,16.366,14.1894,12.9663,2.979,6.7233,5.1582,2.1607,0.9594,8.5606,4.8477,7.9399,64.4263,5.8767,19.0656,19.5002,23.6129,57.6108,13.282,4.9429,12.1932,21.9775,31.4165,3.7496,2.6453,6.5301,4.9801,0.6961,0.0034,1.577,31.7515,121.648,5.0567,8.6842,37.7653,90.3193,29.287,5.664,5.5012,13.0492,6.2812,4.2952,9.137,8.4529,19.9209,7.2129,13.5139,8.6023,14.1678,7.4468,0.2851,6.4301,8.1885,24.1396,6.9142,7.1965,29.2914,11.4919,21.0567,85.0404,19.9606,0.4683,8.744,18.8637,7.8057,12.7916,63.9884,8.8629,9.3953,17.6974,21.5293,14.7026,0.9261,6.5786,9.7628,57.2749,7.0981,6.2099,11.7317,22.4193,6.9723,14.5363,9.9642,18.8899,13.2844,2.5835,32.7295,10.8731,3.4926,9.1224,15.3825,0.4909,17.2307,3.2231,2.2862,13.9107,14.5918,0.733,2.6511,414.2527,7.8659,17.4961,51.0906,21.6234,21.0966,7.095,0.4951,9.0221,3.0122,10.2495,43.2839,9.7559,22.6826,4.9628,4.611,34.1364,6.6899,13.5774,71.723,19.7835,38.7721,0.0086,5.7889,1.0151,17.596,2.8558,1.913,18.9575,23.158,7.2483,25.58,6.0253,5.0806,1.1464,133.4401,6.5964,8.3153,17.6678,11.1246,31.5011,6.6471,31.7786,12.1701,4.0592,5.0821,9.7158,5.405,54.3792,2.2556,1.3704,3.2407,8.2758,0.5724,1.8981,0.35,3.8562,1.9261,93.9597,27.237,52.8135,32.4409,19.3269,27.535,31.5144,63.7133,18.5044,63.2311,3.9968,13.6329,38.3137,79.8058,4.5565,11.8262,10.0561,114.2237,16.3975,14.4252,21.054,7.2018,32.4435,8.5441,4.506,17.263,3.4701,0.0928,22.8605,4.8114,7.3232,2.8968,20.1984,4.5814,5.588,6.6223,2.5721,1.7174,3.3742,22.9411,6.6582,15.3486,22.7746,8.9628,4.9017,2.1876,21.7716,4.3021,157.6274,3.6835,6.3691,11.7268,109.1697,11.7031,1.996,12.0487,1.8958,6.7886,6.715,5.2866,110.2241,2.9684,0.645,16.5731,8.8873,3.7974,44.6313,1.2637,0.9053,15.1484,0.0539,48.0196,30.5326,10.6351,8.5188,32.8658,7.8537,8.1286,33.2021,5.1807,22.0827,51.0153,21.1532,17.0485,10.9727,5.2472,46.5448,35.9669,19.0565,0.5839,3.2683,3.1952,1.8321,1.8621,20.2482,5.8596,42.7344,1.2139,47.6021,1.6376,1.0572,2423.463,97.518,3.4212,7.3279,1.1356,2.5347,2.1143,0.0669,2.646,8.4401,20.1508,9.7797,14.5091,20.7927,140.743,23.0727,2.6238,0.0145,16.1672,0.0941,1.2487,7.599,13.0623,0.7184,0.3696,119.7504,0.0517,62.6851,0.119,40.4387,0.1592,9.0111,4.6349,11.5069,1.2559,10.7407,8.4661
TCGA-BR-8297-01,7.433333333,45.9683,38.8453,0.0374,2.007,5.3818,1.1304,20.6136,10.0073,2.7514,15.0291,9.5524,12.7652,3.5014,11.824,5.1533,3.2226,0.9287,1.6845,5.1906,10.0545,46.385,2.0252,10.5604,16.6905,23.4147,32.6054,11.7325,3.2141,13.8289,18.64,22.3687,3.4795,2.8394,10.2768,1.5643,0.1614,0.0342,0.7051,37.1073,99.048,3.463,9.9984,36.2202,93.1495,21.4386,7.5086,2.8613,12.8284,5.8913,6.3301,8.6745,25.3479,18.651,3.4691,15.2965,7.1888,11.3191,7.6517,0.8599,7.1753,9.7627,19.0976,6.3038,5.2058,27.0465,14.4821,18.7986,76.5541,11.6859,1.3393,9.5043,6.3997,7.194,10.474,74.3869,3.3361,4.813,19.2397,41.2265,15.1412,0.5703,2.6085,10.5076,38.1731,6.4727,8.1309,10.5445,20.5481,4.3832,7.3662,37.0152,18.7173,13.1452,1.9933,12.0851,26.6103,3.8492,7.6671,10.9077,0.0081,14.8046,2.3115,2.7323,19.8128,12.7082,0.7632,1.2181,209.2196,5.0751,15.99,37.8904,38.8355,24.3136,2.8144,0.5223,24.635,4.0584,9.7294,38.7082,5.2545,24.9144,3.8198,2.2416,13.3624,0.6915,15.2297,27.0299,30.3333,24.2765,0.0383,2.3836,0.3853,16.6723,4.1818,1.6969,27.7263,14.1789,5.5471,22.71,0.7858,2.6369,0.7031,62.411,5.4587,3.0779,22.503,13.9703,27.0673,7.7359,32.949,7.615,3.765,7.048,9.4372,8.5581,37.9581,1.0481,5.0138,3.4765,9.0022,0.1873,0.9651,0.5836,4.0314,0.8288,30.4317,11.2186,50.6292,69.1026,25.8019,20.6821,41.758,73.5623,15.1715,50.195,0.6162,11.5069,31.0202,71.7352,3.4478,5.5274,3.9808,48.9185,7.4117,15.8961,18.5602,16.6361,39.0559,9.5766,11.2306,29.079,3.4258,0.2711,14.2632,12.9793,3.0045,3.6669,15.9706,3.6183,6.8103,4.9629,0.2798,1.8127,3.2362,32.1234,2.9313,9.3314,24.4999,6.6461,2.6378,4.3916,16.1053,5.0473,66.0267,2.556,3.9628,16.4202,80.0114,18.8126,1.1694,9.5262,2.9807,4.889,5.0951,5.5121,114.3221,2.8306,0.7123,16.7587,4.3078,6.2807,41.1359,1.9179,0.034,12.8048,0.0228,26.4593,23.5347,9.5685,5.4794,35.3501,23.4627,6.2993,30.4451,3.6916,24.4331,32.7205,17.0153,8.7326,6.277,3.1966,23.7261,38.0984,25.5442,3.1041,5.6842,3.2202,2.3921,2.7658,9.8052,3.4778,14.5228,2.1892,106.8672,3.1781,0.4143,900.0829,92.0126,3.5934,7.6877,1.0607,0.974,2.8999,0.0102,3.8216,6.6996,9.1677,7.343,13.3431,20.4182,72.9332,52.9814,7.4255,0.0074,18.9164,0.0706,0.3493,3.045,8.2462,0.2054,1.7608,156.1291,12.6856,90.2977,0.0217,30.6718,0.13,8.049,6.0963,7.9777,0.7471,6.0571,2.7747
TCGA-BR-8361-01,49.83333333,22.0849,23.1904,0.0028,0.2316,4.4603,0.0684,15.4639,8.162,3.6436,17.815,9.631,24.4732,1.7729,10.0568,5.0264,4.8825,1.5375,1.7556,5.1967,11.2457,34.1801,13.2589,7.5469,14.2809,19.0802,40.5782,23.4669,1.4746,16.5381,25.4474,35.3015,7.8491,1.8907,1.0116,3.9416,0.101,5.1255,3.0362,37.9076,100.9646,10.3194,18.4692,49.1266,122.7445,20.6733,6.7011,4.9058,27.5519,6.1351,1.5769,16.0847,42.001,28.2607,10.3197,9.7417,13.6343,15.2045,1.8566,0.6381,14.8638,19.5536,45.89,6.9469,9.6187,41.9037,23.5187,6.9414,257.1221,20.7895,0.1782,9.5635,2.1864,10.8663,4.6026,59.8556,6.9782,1.4535,21.2235,26.7921,32.5585,0.0842,8.8086,16.0176,59.5323,8.6139,2.3729,24.116,22.5555,2.0832,8.6471,10.2953,18.1849,15.2427,1.7036,17.9476,50.742,4.2567,13.8913,24.0678,0.1286,12.8043,4.8065,4.1103,8.1019,16.0006,1.9891,1.1105,386.066,16.0544,25.2818,99.7959,58.2463,10.318,6.1048,4.3508,6.1379,1.2894,16.663,56.5044,2.5991,45.5617,1.9816,9.1066,5.3896,8.9316,20.9137,32.5331,2.5558,43.2575,0.0073,1.0935,0.1062,16.7111,7.4544,4.0204,1.8599,9.1526,6.0393,34.3178,0.2914,2.5358,0.8587,178.5446,7.5684,3.5464,47.7202,15.5588,53.7151,1.118,34.7109,13.7885,3.3243,3.466,15.4721,7.3,187.1248,4.7463,0.079,10.8675,12.4841,0.1193,0.1405,0.1531,9.8615,0.9317,30.3281,13.4158,37.5865,78.3238,28.0754,7.2862,69.5589,83.0953,24.0561,152.1209,0.0106,14.9303,17.7915,62.9786,1.9139,10.6226,3.492,33.9695,22.2789,11.4961,28.1231,2.4812,27.6526,11.0151,17.4243,7.4645,2.6677,0.1837,39.04,10.5389,16.1635,5.8182,18.4805,6.7203,6.6886,1.4671,0.1404,1.3021,5.1933,48.3917,5.4261,18.3314,13.6772,13.8932,3.5805,1.1133,49.5846,6.7569,98.2079,8.7221,4.1953,20.5775,157.7017,17.8717,3.1752,21.6833,6.0528,13.4485,8.1398,11.5368,202.1652,9.5386,0.4367,23.8965,5.0905,3.71,42.5308,4.5482,1.9609,8.2552,0.1772,59.961,8.5176,14.3552,12.995,4.9112,1.0175,7.0586,51.7566,11.1698,21.1268,43.6359,37.7739,4.9595,13.4185,14.8577,28.0823,56.2461,26.8009,0.3289,5.9913,7.6994,3.7192,4.9749,4.5143,0.8176,46.6988,3.5184,34.7472,0.3935,0.8144,2578.7788,113.3513,4.9465,16.6034,0.0511,1.1405,10.0469,0.0052,6.4048,2.8864,13.2607,9.2784,20.7248,19.9266,161.4032,47.3211,5.7826,0,21.5758,0.2448,11.0839,1.3088,9.0272,0.2018,0.0102,32.2291,0.0251,13.5942,0.019,36.1128,0.0462,6.4302,9.0231,23.736,0.0724,7.4012,8.7978
TCGA-BR-8362-01,0,28.9026,38.6052,0.0743,1.5019,6.0723,0.2903,29.0566,9.2757,3.7224,12.4606,16.7646,15.4609,6.023,10.1228,5.5782,3.1568,3.2091,2.1778,7.0589,9.1366,15.1664,28.4871,41.6041,17.9327,24.9559,69.778,15.0903,5.6025,74.2092,22.7656,58.1636,6.0677,2.8591,6.353,4.2863,0.1453,0.0331,2.0112,56.209,74.705,8.7022,10.5966,94.4235,97.9421,25.5449,7.1452,5.9534,15.9881,4.9317,3.7758,10.3491,36.156,22.0037,6.4206,10.9291,9.9465,41.3266,8.4551,0.2095,10.3565,10.7385,45.5484,7.4029,7.1914,27.6534,21.8731,20.9919,71.7658,23.8946,1.0582,10.9677,8.2033,7.5086,15.9201,91.3814,7.6597,12.9264,19.323,19.8005,43.7329,0.5406,16.4461,11.45,52.943,11.1039,9.6428,18.4344,19.6818,4.1271,8.4866,11.9045,32.0152,22.2616,3.6755,21.8864,6.1863,3.7848,8.1263,18.8375,0.063,15.1546,2.882,4.3414,11.0918,18.3883,0.8995,2.274,353.6262,10.593,20.7258,50.674,71.7518,18.5108,3.1868,1.1177,3.9176,1.5021,8.9304,34.1826,11.5079,15.8587,5.0398,3.975,20.2731,2.9921,18.2856,32.7081,14.1835,34.863,0.0914,2.2496,0.5557,30.3597,5.1764,2.9224,9.5663,16.5524,7.3418,22.5144,1.6726,3.9712,0.5685,95.8898,10.5778,4.5025,28.9864,9.8433,51.1561,6.2228,36.5092,8.5358,3.1439,2.7048,10.5113,4.1704,55.8756,3.5253,0.1978,7.2285,5.0665,0.2384,0.8618,0.3862,4.5126,2.4141,70.9801,27.4256,47.9444,74.4647,23.7692,21.0912,42.987,60.5115,12.3219,57.0247,0.1285,13.3427,28.5062,63.764,4.1966,18.9566,2.3067,76.5432,13.2352,15.7527,28.8999,6.421,29.0249,10.8746,8.1211,20.5183,5.967,0,19.3859,17.5348,18.0307,4.6299,29.5601,9.1801,5.8886,8.0574,0.4299,1.5734,4.281,14.2329,4.5027,13.9942,27.2598,8.3631,6.2203,5.1174,28.1481,4.545,87.8725,3.7302,4.8614,22.0114,95.378,15.4274,1.7845,12.7038,4.7599,9.9176,7.9035,18.2828,371.388,4.2508,1.0275,20.583,6.4675,4.7216,61.6594,7.7951,0.1455,25.2641,0.5749,43.4368,42.936,15.0525,10.2255,9.5655,15.2944,4.4799,34.1945,4.6035,24.8683,42.6697,26.0142,9.019,22.1111,12.8432,88.9483,25.1394,15.2135,0.6404,2.4966,5.5866,2.3166,3.0394,10.5664,2.9948,19.2455,2.0986,58.7972,1.2762,0.4173,1195.1133,100.7577,2.8769,14.1864,0.4002,1.857,4.393,0.0847,4.0676,5.7363,10.7864,6.9479,23.1059,40.0138,190.2511,50.0651,2.3882,0.098,25.5024,0.0817,5.188,6.7584,15.691,0.5489,0.2195,93.6525,0.1448,70.9288,0.0686,89.1494,0.1239,9.0325,5.5401,13.9868,0.6182,7.3084,5.3822
TCGA-BR-8363-01,36.06666667,21.888,25.6645,0.0374,1.9603,4.0607,0.1545,19.7994,10.155,3.2573,13.6922,15.499,17.0769,1.7862,9.2278,3.1048,5.4001,3.227,3.6993,5.2217,10.1929,26.6447,1.047,5.9771,20.2859,16.8021,34.4744,21.686,2.9728,11.5707,22.4935,26.633,9.5401,3.9181,1.0006,2.1655,0.3818,0.0547,2.6874,42.4226,110.8981,10.5314,17.9098,34.2537,63.7121,14.5144,16.2062,11.4675,29.2086,7.5874,1.0558,10.0065,17.4913,29.1928,4.4788,9.7589,15.5538,57.8935,2.8572,0.5015,7.4517,20.0607,30.5128,7.1235,9.3096,28.2323,13.8077,11.3293,196.7726,26.6265,2.3,10.1665,7.7679,7.3255,5.7822,66.0537,21.5679,2.8098,15.6618,35.3532,18.3617,0.1529,3.8536,13.2125,47.906,7.4322,7.716,21.6205,25.0706,1.5834,20.1793,9.7841,18.9674,18.9415,3.2831,28.3105,40.5253,2.9807,9.1768,18.0514,0.0312,15.0974,4.0716,5.4496,13.2279,14.6474,3.157,2.6836,442.9661,9.7153,33.0986,110.6861,79.9156,15.4328,8.7494,3.3581,40.7873,4.641,18.34,84.7951,2.7586,41.6675,3.9608,6.2622,15.3662,7.2622,18.1557,54.0727,7.013,54.141,0.0298,1.4104,0.2545,18.2724,12.2836,3.0884,4.234,1.6802,5.584,30.2594,0.4186,6.9871,5.8685,46.5397,9.3938,4.4218,26.2305,9.8019,43.855,10.6477,30.9481,25.2024,4.2388,2.007,10.1162,3.9703,52.5206,1.3117,0.2837,9.9942,8.3238,0.3251,0.1667,0.0455,7.2504,2.9131,28.4431,21.1821,43.8404,55.8799,24.4076,7.9471,105.5208,73.1441,19.1938,71.3178,0.1368,12.4201,10.3794,86.9541,3.6707,10.3314,15.1641,28.9162,15.8763,12.5061,32.0531,3.1222,23.3707,9.7399,30.7261,9.6047,4.017,0.3358,25.2813,7.1691,2.5592,7.0032,21.5428,7.4068,6.2235,2.5618,0.1906,1.3498,4.5264,36.1732,2.4765,9.5532,26.0031,5.1642,3.9337,1.1873,23.7153,4.0375,108.9895,4.5354,2.4835,21.3938,104.937,12.539,4.8628,13.8982,3.0472,17.2228,17.795,21.4231,116.0061,11.405,0.8048,24.3918,5.7424,5.1366,23.9319,7.8217,1.5737,5.5121,0.0497,63.1,19.3181,8.4888,13.7151,15.1027,3.7419,10.6754,42.3831,10.5917,23.107,41.0098,22.0186,8.2796,23.2084,7.2554,22.27,52.6646,18.4705,0.2727,5.3295,4.3965,1.8594,5.9789,9.1484,2.6375,15.5445,3.5619,40.6384,1.1518,1.3705,3947.6774,115.0752,2.5702,9.6552,0.1517,2.6195,6.033,0.1047,8.6613,4.0605,9.3022,8.3879,15.2725,15.4072,112.6464,35.1241,4.8595,0.078,22.8398,0.0548,1.5196,2.1558,4.3244,0.3923,0.0543,78.7461,0.1136,14.3145,0.0815,39.6637,0.1408,6.6952,6.5274,13.0357,0.2995,12.7768,4.3451
TCGA-BR-8364-01,0.6666666667,37.6526,32.0606,0.0704,2.3151,7.3827,1.8884,20.5216,11.2926,5.7381,16.3611,10.557,14.1228,4.3535,10.4879,5.1857,1.6819,0.9133,17.1785,6.8191,10.1696,78.8985,1.1442,18.0655,21.2079,28.5508,52.3959,13.5018,4.6724,16.4352,26.3499,47.8106,2.1444,2.6048,10.9064,5.1291,0.367,0.0045,1.3928,34.6985,83.9145,4.4944,8.8603,28.1482,68.4875,29.019,6.6308,4.9749,21.1152,10.4707,8.7796,8.074,10.5377,20.9746,7.9887,14.0914,7.3106,14.8627,5.8523,0.4731,4.5843,9.3496,33.3998,8.3171,6.7212,28.9982,16.9903,29.1161,74.8503,15.4518,0.9269,9.1712,23.1326,10.5522,15.6077,71.4183,7.6424,17.6491,23.0656,29.6558,18.2801,1.1079,8.3778,13.6073,43.4097,6.6545,7.3779,11.0092,20.1263,10.8018,12.3814,15.3544,18.5093,13.1259,3.1226,25.3949,30.3972,4.2226,7.6126,14.6588,10.3029,18.6861,3.657,2.432,16.3192,15.7414,0.5672,2.9205,272.1446,7.0712,17.9756,34.9153,38.7984,18.1722,1.8307,0.6264,20.0801,3.3503,10.0687,33.0743,6.3735,30.4921,3.98,2.8392,31.1287,3.9568,17.7245,56.7146,38.6121,20.6997,0.1897,3.4747,1.1726,17.4737,2.4504,1.3683,25.4768,14.2968,9.4026,22.8019,2.6665,5.9527,1.2449,118.0698,7.8182,6.5582,21.773,13.218,30.2524,8.8954,37.2561,15.4504,4.3531,8.1048,8.2468,4.7003,49.8505,2.5907,1.3023,2.8109,7.6408,0.2012,1.1068,0.7085,3.9886,1.8547,84.5027,18.6357,58.1507,35.0936,21.9577,29.9638,21.4595,41.0147,16.8705,54.3251,4.3305,12.1987,28.2121,74.2857,5.6921,9.7371,7.3846,91.5284,6.9428,16.8881,17.9122,14.7287,34.6071,2.3374,2.9404,31.6209,4.2238,0.2688,22.6212,8.5656,7.4731,2.1668,23.5316,4.1615,4.9185,13.849,0.8436,2.0436,4.4506,18.0645,5.2635,13.4306,32.5048,9.2287,3.3702,3.5801,13.9522,3.9858,101.12,3.881,5.4933,13.1954,97.9803,15.9929,1.5256,13.6821,2.6237,5.4638,4.9656,3.8656,115.6195,1.5464,0.7065,17.3269,5.7901,4.1419,41.583,2.9056,0.0571,11.0167,0.591,33.7641,26.605,10.0234,7.7282,24.2991,3.4373,7.2491,27.2976,3.0738,22.0851,19.6009,18.7942,21.002,6.8988,1.7116,55.2932,33.225,29.2505,1.7022,3.4969,3.6735,2.2374,1.0807,12.4164,5.4085,16.6228,1.1007,61.4326,3.543,0.604,1561.7618,90.6669,4.0017,7.874,1.4129,1.5564,2.9732,0.037,2.8247,10.3786,12.2845,7.6932,12.522,18.9819,123.9231,35.393,5.4374,0.0178,17.7732,0.2583,0.4162,6.0796,12.1058,0.6122,1.282,102.7468,0.0326,54.8728,0.1089,57.402,0.2016,8.1927,4.9202,9.5307,1.1012,14.8568,5.8096
TCGA-BR-8365-01,0.7,56.2579,34.641,0.2381,2.8637,7.2297,1.29,19.9088,10.4266,2.9898,16.2407,8.7782,13.9501,6.0016,15.1175,5.8138,2.1397,0.9728,4.9037,8.0324,9.3606,22.0212,3.0704,7.9436,19.7932,28.6398,38.7682,12.5193,4.6273,16.7988,25.7,24.715,1.5131,3.0861,15.1323,3.3419,0.3615,0.0168,1.4543,35.4227,97.3573,4.2536,10.2198,16.1409,68.3506,24.8443,6.9925,5.3744,17.8668,8.1011,12.0537,10.0263,7.6991,15.1817,6.3309,12.9827,6.277,69.5476,8.4657,0.9046,4.9584,9.6105,19.8532,6.9434,6.1207,24.1704,24.3747,23.4698,79.5753,9.6329,2.1889,11.5501,8.7104,9.0582,14.1468,69.2359,10.8658,9.933,20.2524,30.1449,17.0443,2.4748,5.2622,12.4203,40.2747,7.4314,8.5588,9.4354,18.6985,9.5575,9.8424,22.9155,18.891,12.015,2.4831,24.2828,17.8571,5.098,8.8408,13.6301,0.2336,16.0899,2.3447,2.1212,24.3513,15.8264,0.646,2.4599,205.0046,4.6571,10.0662,161.0035,44.987,18.0801,2.8347,1.1836,37.0663,4.3165,9.0198,36.2315,5.0376,33.5483,4.2119,1.4262,17.1623,2.6154,15.0242,66.8428,37.2539,25.3673,0.0547,5.3148,0.7309,15.5565,1.7753,1.7794,29.1114,15.6325,8.4192,17.8407,1.8264,5.3848,1.7721,90.3778,7.1138,5.3897,20.6497,16.1573,28.3368,9.7239,31.4724,15.6478,4.0826,7.8742,10.8207,3.4964,33.3924,0.6842,1.6188,3.3933,9.6385,0.2922,1.3589,0.5505,4.0104,1.9598,61.2148,17.034,51.8167,42.5992,28.8129,29.5037,28.296,55.9488,14.1184,49.6432,3.5954,17.3254,23.2052,73.6204,4.6802,7.2258,10.2355,87.2656,13.0875,16.7336,16.6343,17.284,32.3656,2.4565,5.3879,36.7352,5.9189,0.071,24.9108,7.8636,4.3287,1.4526,20.9919,3.5837,4.1197,8.1812,3.2027,2.0272,3.2342,24.9464,5.8485,12.1085,37.4079,6.2101,2.4905,4.8401,23.1221,2.9406,94.7021,3.1747,5.3242,12.6607,140.4993,17.4671,1.3738,9.3474,1.7618,3.7974,5.2235,5.7428,92.6671,1.4147,0.6,14.5529,6.7406,5.1341,14.6563,6.0925,0.2424,8.6732,0.0883,34.6293,54.0655,10.1701,6.164,39.072,6.0588,8.4386,26.5467,2.97,29.5544,23.2382,10.6175,17.424,5.2035,1.4328,33.2215,32.2516,14.5253,2.6939,4.709,3.7544,2.6704,1.1562,9.9148,6.4252,14.6396,1.0297,160.8696,2.3805,0.8649,1509.2809,87.5923,3.6491,7.5271,1.6825,2.2626,3.0364,0.0218,5.009,9.3625,8.6469,6.7832,10.5173,18.4553,42.9027,11.7922,7.3796,0.0056,19.5912,0.078,1.6088,8.2267,12.1778,0.3276,4.737,58.3124,0.0366,64.5103,0.0869,32.2093,0.5507,7.4381,6.1941,7.8583,0.9987,9.969,3.0304
TCGA-BR-8366-01,5.166666667,18.9905,32.4736,0.0556,0.9719,3.4373,0.2355,20.9907,7.4084,3.733,10.452,10.4235,10.8523,2.6614,5.6167,3.1868,1.964,1.0867,23.6702,4.3143,8.6205,76.4632,1.5833,13.6237,11.9538,16.1943,56.3801,13.0435,3.8972,14.2641,20.0199,31.2011,5.4897,3.362,2.096,4.512,0.4559,0.058,3.8637,28.2995,96.7959,5.1461,12.2167,28.0782,60.6455,23.2934,13.6706,9.9854,15.1007,7.5555,1.0402,7.7103,9.1458,28.8651,6.1844,10.705,8.4149,57.354,9.1319,0.2009,5.8922,9.898,44.6503,5.7054,5.5099,17.6562,13.5171,21.6647,116.8299,17.1933,1.4897,8.9997,7.0995,5.8903,6.7132,89.0612,17.4028,3.6728,15.7501,19.1044,21.953,0.1275,5.7005,7.3201,37.34,4.4731,4.2031,14.4851,29.0839,3.0989,29.0628,13.3218,13.8319,12.5965,1.9073,23.9879,27.677,3.1012,10.2324,16.1145,0.1864,12.8261,2.4695,1.7316,11.8411,16.1349,1.2732,3.5758,271.8756,7.3244,42.7106,72.351,15.6572,23.2111,3.7319,9.9076,56.0552,7.8861,11.4774,48.7013,12.1051,20.7134,3.1378,3.3382,24.4504,5.7583,16.927,53.4664,7.3623,28.7295,0.0452,2.1183,0.4406,15.682,5.7917,1.9088,5.8182,8.8549,5.1675,24.1397,0.9447,7.848,4.578,49.0398,6.714,4.0202,21.2789,8.7705,37.3739,10.2813,24.7539,27.3416,3.1779,2.883,6.3611,3.187,46.1348,1.1141,0.5199,3.7583,6.684,0.1508,0.973,0.0592,5.496,6.8363,46.7254,22.4825,53.4367,37.0422,22.3214,14.6403,29.2398,69.5786,9.6284,58.2442,2.3464,10.9948,28.8822,51.1657,3.576,14.745,9.4639,84.2114,14.7321,11.0545,19.1954,4.8553,29.4345,5.6348,10.6501,20.5821,2.0831,0.2201,33.1559,4.1282,8.5427,5.1755,17.2486,4.0473,7.0437,3.3544,0.3711,1.4131,7.9179,20.2267,2.6929,11.2391,36.3718,6.532,7.6647,5.2821,4.1224,2.704,142.4819,2.8088,5.0236,14.1844,79.2251,20.4643,3.1544,10.7621,1.6548,7.4832,6.6443,8.0167,180.545,3.4739,0.7505,16.29,3.1456,4.0814,48.7052,2.201,0.0046,14.7268,0.4965,98.9316,87.2636,8.8258,8.0112,55.5433,12.8986,8.5027,35.8842,3.9808,22.2788,54.6733,22.6273,9.8263,20.2046,2.8609,35.2886,27.0977,13.6104,0.3919,2.8247,2.1512,1.3006,2.6211,13.4762,2.027,14.1368,1.4077,38.5969,6.1241,1.9646,2588.5004,128.4392,2.4362,14.7135,0.5338,4.5832,5.3222,0.1277,4.7893,5.8844,11.0134,11.0329,11.3893,25.1621,202.5928,10.6603,1.6411,0.1204,26.7013,0.6004,0.1914,6.0924,7.9895,1.027,0.2023,132.8854,0.0671,40.392,0.0488,49.7123,0.1805,9.4897,4.9789,13.1383,0.2673,9.6517,4.6811
TCGA-BR-8367-01,1.933333333,35.2905,47.6296,0.0248,3.1234,8.7124,1.1281,27.6335,10.6224,4.9214,19.6307,13.7556,14.9982,3.868,9.2832,5.4841,2.7967,1.3388,3.0205,6.8631,12.4904,163.0572,1.4911,27.581,21.3088,22.5374,59.0109,14.2873,4.0711,14.3721,26.3877,56.1022,4.6198,3.3346,15.7807,17.2767,0.2569,0.0405,1.02,58.3377,103.2591,9.3679,10.2095,70.9639,120.1488,24.1271,8.2086,3.2679,17.2666,6.7259,8.4334,9.7915,13.4275,18.9814,8.0665,14.1225,8.4049,20.113,7.9834,0.5578,7.6696,10.5538,21.7872,7.9211,8.3312,37.6033,24.9291,20.7795,120.0466,18.5777,0.2694,13.2176,15.2843,12.4599,16.103,82.6362,6.5606,30.3053,25.1235,30.2255,23.954,3.4251,11.497,15.9049,56.0252,8.9577,10.0442,21.3016,19.2979,5.6252,5.4733,12.3074,20.4165,17.2221,3.5697,14.5136,23.6831,5.0413,7.0764,18.6636,0.0121,14.7625,5.669,2.9689,11.7055,15.5529,1.2057,1.8812,421.5083,8.0144,15.1037,87.1347,28.5925,22.0106,2.623,0.679,5.3264,1.2523,12.4572,25.8033,6.0127,26.6553,2.5799,3.3809,18.0192,1.5869,20.697,26.3874,22.6865,46.2498,0.0932,2.4951,0.4724,14.569,4.3422,2.8977,15.2761,22.934,7.1918,25.5293,1.8009,2.6523,0.5485,87.4932,8.7934,6.1346,26.6621,13.4422,31.7003,10.0439,38.9449,17.2544,4.285,5.9895,13.7986,4.1046,69.1757,1.9073,3.1157,6.2843,11.1405,0.3157,0.2639,0.848,5.6559,1.3773,58.3491,11.2606,51.8082,59.9006,28.5264,13.2484,58.8327,54.042,25.583,53.6806,4.3127,15.3916,47.6328,64.5937,4.4018,17.3405,7.9216,75.8971,9.3419,19.1616,21.9776,11.1007,24.6241,8.5356,7.3491,23.1067,3.3815,0.4544,23.1271,8.2196,4.5633,3.6351,22.716,8.9819,5.2902,23.0495,6.7839,2.112,2.4271,28.8383,10.1201,16.2205,19.0619,6.9551,4.9563,4.2145,18.1108,5.0121,105.0867,4.5507,11.4173,19.8122,49.5271,13.883,0.6268,17.0743,3.1891,6.6322,8.4928,7.0048,107.4836,3.2769,0.5279,18.7378,5.4296,5.5146,78.8353,8.5945,0.2013,15.9916,0.0452,34.8918,40.101,11.5184,9.0661,24.3965,7.3483,9.0378,31.8267,3.7129,23.4238,39.2979,24.6023,7.0749,18.5397,8.311,85.0264,37.4782,22.287,1.0588,2.8228,3.6592,2.0365,2.0502,6.5291,3.7558,16.6173,1.6177,58.1431,1.5871,0.2324,871.7883,181.3022,3.4786,7.2862,1.2326,1.6318,4.3461,0.1707,3.0823,7.1231,10.9723,6.686,15.5077,20.7742,191.8844,36.5293,5.1182,0.1751,19.4245,0.0517,4.2846,8.1215,12.7661,0.3582,0.5777,85.7244,0.9695,97.425,0.1246,52.3039,0.3113,5.7144,6.0492,6.1832,0.44,9.9216,10.8947
TCGA-BR-8368-01,30.53333333,22.5584,47.5282,0.0208,1.6405,2.7579,0.0636,23.949,8.5735,1.5191,9.6981,18.1226,18.3905,1.9441,15.244,2.277,3.2758,1.1764,1.3937,3.13,12.2356,145.8173,1.1022,42.8783,18.9997,17.9135,68.2406,29.8785,4.352,5.3396,22.3366,48.7956,9.5202,2.3352,8.8454,5.4404,0.1136,0.0272,1.2201,72.1979,138.9123,9.3299,22.819,67.9038,286.6608,25.1779,7.4788,3.0242,30.3027,7.7602,0.5624,8.5898,34.9314,30.4346,4.8505,7.761,17.6693,7.7811,1.4701,0.2039,14.6555,12.1207,35.2743,4.6197,8.6843,13.5188,13.2279,6.3904,174.4313,21.9765,1.0665,8.7491,4.7335,4.4641,9.0989,114.196,9.0549,1.6869,5.7784,18.6942,25.6871,0.0337,17.3635,10.194,56.5734,7.8785,6.9673,26.5858,37.3461,0.6747,13.3448,15.6276,21.4409,26.9229,2.6567,12.7001,31.5889,3.4697,9.0507,19.6309,0.3066,13.0153,2.4436,3.6164,4.7318,18.8046,2.4612,0.6154,542.0296,8.6992,24.8386,85.1589,4.6681,19.2558,9.2291,0.8828,10.5248,1.5668,15.0135,43.9425,4.8313,26.2052,7.5756,8.2492,2.9005,0.9558,27.1926,8.0689,0.8395,45.399,0.0206,0.87,0.0857,16.8798,10.9566,3.4426,1.5108,30.3204,6.6232,23.2398,0.2797,1.6583,1.1761,155.1238,4.0881,5.2692,40.5596,5.9505,50.355,11.5999,32.1586,17.097,2.9805,1.8585,11.0477,6.1262,77.1498,4.661,0.1265,9.2706,9.0014,0.085,0.1827,0.0179,6.6325,0.5645,14.4617,21.3999,33.6347,126.9497,29.6337,12.49,101.0947,101.6541,21.4016,95.0978,0.0379,10.018,41.6741,72.6097,4.4481,2.1847,5.5501,15.2869,15.2219,10.447,28.1971,1.244,29.6556,25.8352,21.7788,3.8261,6.2168,0.206,18.653,8.9523,1.3868,9.4205,19.7486,7.9235,7.2905,0.5917,0.1901,1.0855,2.4976,50.7562,2.4082,12.9998,26.8338,1.1118,10.1306,3.0569,8.0291,5.6203,84.3818,1.3575,5.3801,28.8435,38.5842,15.1366,2.2566,14.7178,3.2962,14.901,12.0753,31.9634,196.8787,12.322,1.0011,23.8584,3.0541,2.7964,112.9372,15.6414,0.2828,21.7483,0.885,32.1826,19.3161,15.5824,9.9721,9.4088,6.9073,8.0858,39.2963,8.9921,22.5967,71.1392,59.8053,2.7663,19.4304,24.1243,11.9873,60.8188,27.9662,0.7803,5.9717,5.696,2.0337,6.5037,5.6656,1.1925,25.7221,1.9944,91.3563,0.4706,1.8571,1529.8936,131.772,3.0521,12.609,0.0364,0.7567,3.7321,0.158,10.3817,1.2832,20.1051,5.7907,20.7663,32.669,251.4419,43.1578,5.0331,0.0709,31.6145,0.0823,3.9158,1.3374,14.5732,0.2542,0.0708,63.0854,24.3378,165.1025,0.3372,55.5412,0.1121,8.3636,10.113,13.2318,1.7409,6.6802,8.2253
TCGA-BR-8369-01,5.933333333,40.4348,32.1612,0.0929,1.4733,5.4698,1.1203,26.8251,16.2005,6.1161,22.5235,30.3047,14.0936,2.6987,11.4753,4.4565,4.2533,2.3527,1.7969,6.9495,13.4001,96.5085,2.8465,14.6301,20.559,35.0038,41.8624,18.751,3.7918,8.4981,23.1681,43.4003,4.5317,4.8826,4.6959,5.431,0.2134,1.0488,1.0629,65.6245,124.8175,8.2738,11.0273,61.8127,45.0059,18.4518,4.898,2.8183,14.3439,6.2053,1.226,11.0113,125.8962,14.7197,4.6295,17.7362,15.143,10.1553,4.7718,0.5324,9.163,11.2254,41.0052,8.7469,5.5852,29.9473,17.6892,11.1526,84.5766,10.8212,2.1388,8.0965,5.4971,8.2849,8.9027,68.815,4.0818,2.9605,15.7533,29.0055,25.1219,0.4538,2.9338,14.2765,62.1372,8.0132,7.9975,21.9883,17.219,2.425,4.5942,25.8454,27.5419,16.4322,2.7019,13.619,10.113,8.0791,5.9743,28.5617,0.7463,12.9493,4.7423,2.0979,20.1989,17.6292,1.025,1.1386,294.1966,8.7896,23.6626,88.2811,15.4414,15.6547,2.9628,0.3405,18.0374,3.6873,15.1598,30.5897,9.7171,17.2315,3.3169,2.5021,3.3896,1.11,24.7421,26.0214,12.3818,55.778,0.0746,2.4273,0.48,14.1148,6.1009,3.5064,12.7621,20.7683,5.1546,24.7682,0.6162,1.7743,0.6525,79.8818,7.0888,4.0365,23.9425,14.9995,42.1894,6.8857,25.8619,8.9443,7.6331,3.406,11.1865,11.0474,60.9299,0.3912,1.3556,6.9057,7.2936,0.1106,1.7532,0.8193,5.5643,0.6498,26.5569,22.8542,49.9742,113.6459,42.5823,17.4513,33.9219,44.9334,16.1118,54.613,0.3687,17.9765,61.0049,68.4232,2.817,10.8516,2.4832,48.0422,7.0244,18.129,28.2708,9.318,20.8494,12.9196,7.4363,16.9188,4.7234,0.013,14.8398,15.0894,4.2128,5.6138,15.6246,8.5746,9.9133,3.2001,0.3181,2.4902,1.713,24.1826,2.5189,12.5032,10.4812,8.5695,3.2812,5.7099,55.5539,5.7291,96.9157,6.2215,5.5034,17.4857,61.626,16.5443,0.2599,12.3004,2.6067,6.8408,6.4204,20.5262,135.4149,3.9391,1.3503,14.0148,7.3848,8.0948,115.1492,3.6409,0.2583,17.7097,0.2248,52.4651,22.5605,10.0032,9.8774,21.7949,84.8707,12.7075,34.9494,4.494,24.0785,33.0794,13.5563,6.2508,20.333,5.131,37.555,36.7298,48.1573,1.5817,7.2375,4.514,2.573,2.1186,6.1895,3.8001,20.1593,1.8263,73.442,2.7099,4.7725,371.8741,107.9745,4.7109,11.1398,0.3837,0.9453,2.591,0.2607,2.515,5.0336,23.9343,7.7379,18.7411,15.2544,223.4589,9.7554,4.383,0.0739,22.3996,0.1089,2.2213,3.0559,12.2734,0.2624,1.3473,146.466,1.6765,43.7953,0.1148,87.77,0.266,7.8873,6.9537,5.4555,0.5933,10.0199,5.2028
TCGA-BR-8371-01,0.5,67.1183,35.325,0.1335,1.4854,2.998,2.6377,19.0793,8.6036,5.1497,25.2588,8.8436,17.9065,6.2649,11.7481,2.5914,1.405,0.5119,6.5318,5.8088,9.2834,10.1234,1.0352,3.6526,29.234,19.431,25.8982,15.0326,4.1805,14.1295,16.913,14.7454,1.0046,5.5447,14.4514,1.0985,0.5136,0.0333,2.4243,62.9224,150.4149,1.631,14.3168,12.441,45.1287,21.3042,4.839,5.2903,11.239,3.4337,2.6499,8.7201,7.0718,16.2417,3.1646,11.6107,5.6359,18.0907,10.0919,1.2882,3.9417,7.5398,15.6411,4.6081,4.8079,20.2684,19.7599,11.0688,117.5213,5.8564,5.373,7.7149,4.5886,4.6184,11.0558,95.4345,1.9423,2.7497,18.3744,19.7846,11.7668,0.4441,0.8549,10.2536,39.6679,6.1661,7.2318,10.9952,21.6706,7.6176,8.0597,32.6093,16.0812,20.4397,1.5233,11.3198,16.149,4.3472,10.3381,15.4961,0.0062,14.6676,1.8675,1.818,24.454,18.8691,0.2779,3.4006,192.1591,3.6244,9.5829,26.0128,38.1367,21.9173,1.0577,0.606,135.4368,21.4056,4.9756,32.9084,2.8057,37.9921,5.5003,1.4902,3.6072,0.6733,15.2489,134.4302,8.2004,8.608,0.0356,1.9611,0.4407,11.5897,2.1685,1.8774,28.2266,3.1787,5.5997,12.9968,0.4052,3.927,1.2618,78.0313,5.6921,1.8233,23.4648,14.6345,34.011,7.7179,22.6012,8.1742,5.9769,7.6813,6.4813,5.265,18.1876,0.513,0.3733,2.441,7.0114,0.1263,0.8392,0.6373,1.8555,1.2253,13.0757,8.1277,44.9443,45.1317,30.6953,25.2563,31.0835,46.3077,15.8513,61.9573,1.6302,9.3861,23.7002,70.5288,3.787,7.467,2.4734,31.9702,8.0313,18.1542,16.0398,13.4403,24.6034,1.5389,1.5991,42.0891,4.7234,0.0791,27.4328,4.8726,1.6911,1.2354,16.5802,2.4691,4.1634,1.898,0.3984,1.4168,2.7904,20.7027,1.6199,6.6327,36.1581,3.4383,2.1091,3.5298,23.0737,3.2856,52.0335,3.2972,4.8981,15.5169,134.734,14.1558,1.4199,6.468,2.2226,3.6728,3.7002,2.6489,123.3907,0.8812,0.7399,15.5929,4.2568,3.8461,12.1204,2.7031,0.0941,5.2995,0.0834,25.4599,24.4331,9.1581,7.2707,29.9168,1.4595,1.8606,31.2439,2.061,30.2511,26.9781,12.9458,16.9087,3.6299,0.5235,13.239,37.3347,10.2631,3.6989,5.1524,2.4399,2.347,0.7066,2.0857,2.5607,8.3585,0.452,138.1986,11.5544,0.64,1300.7379,84.6744,2.4748,8.822,1.3541,2.4398,3.3591,0.0248,5.1569,7.4002,4.2249,9.3922,12.577,5.9717,79.3845,10.3837,6.9986,0.0151,26.203,0.5425,0.336,4.2702,5.104,0.1736,28.5655,54.654,0.0685,76.4289,0.1942,15.5475,0.9227,7.9129,5.8571,9.9836,0.4199,5.3034,1.2834
TCGA-BR-8372-01,39.16666667,11.28,30.9775,0.0629,1.9253,4.2661,0.0715,10.982,7.1028,2.5816,5.7968,12.2708,8.9208,2.4002,4.9791,3.7194,3.634,2.3265,1.5653,2.5876,15.9692,80.5623,0.787,10.5097,6.1358,8.2256,74.5516,28.1415,1.8109,4.0446,9.7971,24.8182,10.5169,2.0604,1.1976,0.3356,0.2583,0.0382,1.4979,21.9774,96.0349,10.6325,17.2725,89.0675,182.2504,12.1264,24.7021,3.6333,12.0526,5.6684,0.5861,4.4039,11.1472,21.6125,4.7518,5.8354,10.8956,17.5658,2.847,0.8073,13.3266,7.5136,33.2722,1.6583,5.5498,27.079,4.7138,6.1724,370.5761,45.1032,0.9247,8.2057,5.1482,6.3699,3.0495,114.6825,5.028,1.6353,24.0311,13.7393,21.3959,0.0538,11.4955,9.5845,56.1344,8.8175,6.3811,9.3921,37.7187,0.6778,14.8538,13.7597,29.2093,10.6409,3.0065,15.9459,41.6795,3.1018,10.4168,13.8762,0.8267,13.3263,3.9404,6.127,6.5626,9.5878,2.2063,3.0965,543.2536,8.8349,25.9223,49.1475,30.0785,20.3586,7.2427,4.019,4.1255,1.898,6.9104,88.4564,5.3575,59.6031,2.7346,9.8207,15.3257,3.7857,14.164,25.4659,3.0325,60.5957,0.0145,1.0102,0.1772,10.9419,7.3941,5.0253,1.605,0.9391,7.5623,28.3688,0.4546,2.8481,0.8977,28.2831,5.3971,1.7177,45.511,3.4434,45.3941,9.8651,33.8223,24.318,3.6251,1.9215,5.7091,7.7803,176.5844,1.3549,0.0791,4.6473,11.1485,0.1712,0.0715,0.0367,9.0881,4.4263,6.939,15.07,33.1406,135.9856,29.9423,6.9032,80.1559,175.536,39.1286,163.5107,0.0414,6.4125,12.4571,41.6138,2.441,8.242,4.7592,18.0035,37.914,7.1393,29.7917,1.5808,23.2955,17.9707,41.8224,8.0214,1.8693,0.0198,31.6381,12.0347,5.0496,9.3213,17.6508,4.6515,8.3727,1.185,0.1898,1.4238,12.658,65.4602,1.194,8.9084,17.9519,3.7671,12.5361,1.0875,12.9399,6.6954,85.054,2.9515,8.776,41.8706,66.6995,17.6586,2.8214,9.9352,2.3003,14.8841,6.2231,9.5406,129.9235,11.5229,1.9805,18.795,3.7945,3.9466,21.3836,2.8122,0.4367,9.6296,0.0139,26.3342,36.6659,9.9996,11.6983,9.0707,14.6031,7.4286,38.2257,13.1891,21.6754,62.6409,55.7976,4.2615,17.0789,18.1986,3.9907,40.7089,15.0389,0.8265,6.8985,2.2673,2.0621,5.4639,10.9778,1.4219,25.8642,2.3371,39.9258,0.4255,1.2358,4304.3342,125.8806,2.1738,15.3828,0.0603,1.5025,6.3492,0.1802,9.3213,3.0105,8.2537,5.4087,20.0095,27.2177,172.592,12.9155,4.1961,0.0828,30.9739,0.2375,0.5057,2.961,5.3592,1.7409,0.1295,43.6475,0.0834,30.7403,0.0127,46.1242,0.0954,10.0072,11.481,31.8776,0.1305,9.2051,3.2228
TCGA-BR-8373-01,2.5,29.2309,25.3824,0.0102,4.569,3.2029,1.7853,41.4116,35.3152,4.6175,17.3631,15.4889,33.4098,1.3281,14.6988,8.3198,5.3808,2.3875,1.7027,10.8556,7.8547,118.7543,27.0285,112.6264,19.6229,34.3455,145.4741,20.1276,10.7757,9.2313,50.682,96.1175,4.4803,2.8065,7.163,27.225,0.2343,0.0143,0.9391,76.6973,160.1652,18.8399,8.375,72.4907,85.8427,34.275,6.76,4.3952,30.5938,18.8719,2.873,10.6807,10.952,11.1525,9.4164,21.4471,13.7974,20.8749,5.6108,0.3234,8.4042,12.2056,45.9305,16.4149,10.8932,31.7186,32.7527,22.6023,42.5794,24.6636,0.1869,20.8975,12.8997,12.3316,37.4904,52.7629,12.5047,14.1191,20.9449,31.5025,36.1669,5.0049,20.3565,36.0649,59.0099,11.0104,11.6493,17.7255,26.3627,14.625,8.844,15.7319,32.1673,26.418,3.5338,50.576,17.9355,5.4104,5.11,32.2204,0.0191,9.5154,6.6737,2.8859,7.2996,16.8755,0.7716,1.0575,391.7291,7.415,13.2382,50.0168,15.702,20.2146,17.0501,0.8953,2.8405,0.8756,19.251,39.7532,17.6775,33.7782,2.5264,5.1782,16.1056,4.6322,17.2105,15.3831,11.9455,94.5321,0.0231,1.4863,0.2398,18.05,3.3098,3.4118,7.1386,18.5008,13.5612,22.7425,1.0929,2.2326,0.7008,140.2398,12.8668,7.3035,25.2452,20.4723,31.7638,10.2024,36.1315,10.452,3.0412,1.6803,18.8388,5.4486,34.2082,4.4289,14.3807,4.5899,11.6473,0.0862,0.2561,0.1052,4.7684,1.2326,41.6598,23.1888,40.3386,42.4786,37.4266,31.502,54.2567,46.6408,14.3125,43.4119,9.0687,19.6957,52.4993,86.4509,5.5305,13.8214,5.1427,72.2557,11.6734,14.3879,29.6804,4.4598,26.2367,10.0937,5.37,14.0528,12.4791,0.0555,9.0916,16.6051,25.1377,3.1105,26.4987,8.5914,6.3407,8.656,8.4152,1.805,1.7473,19.2297,4.5755,25.973,12.685,9.0704,7.7838,1.4985,28.4708,6.6152,145.7187,5.6063,3.6261,14.9375,60.9578,21.1416,0.6336,21.2478,3.2385,7.0482,8.2139,16.1945,96.4995,2.5743,0.8453,20.0726,7.5607,13.5853,103.9256,18.0095,0.2452,35.3278,1.3275,44.8219,40.6233,13.715,10.9549,22.2099,16.742,3.3021,26.7413,5.6767,18.67,63.9527,15.6838,12.6238,19.4572,4.3782,69.5515,43.8965,49.7795,0.6204,1.8552,7.7383,1.4881,2.6817,14.5886,2.9986,50.5097,2.0935,27.3857,0.4819,0.3741,444.2126,80.9103,4.4913,7.4878,0.3859,0.8932,2.5401,0.0308,6.94,3.5377,23.3202,8.4091,24.4356,40.7451,136.8923,45.0714,3.6919,0.2227,15.7106,0.2343,2.7865,12.5028,16.3407,0.3299,0.125,172.7218,1.6501,121.2908,0.0995,110.056,0.7463,7.9978,3.1307,10.1939,1.0788,10.142,3.6062
TCGA-BR-8380-01,2.033333333,57.0529,36.7281,0.2747,2.4753,5.8793,1.0685,22.7955,11.2503,3.8949,16.2562,12.4636,18.5353,5.0025,11.3438,3.9999,2.0537,0.8955,1.7363,5.5711,7.711,36.8119,0.7167,17.1894,25.6228,23.8118,43.0258,12.3709,4.4893,17.4074,22.4654,29.2005,2.5841,3.2103,8.9812,2.7251,0.2067,0.0189,1.0279,58.4274,82.9262,5.046,9.3484,18.4472,89.9155,21.8599,5.2962,3.9577,14.1827,4.2633,6.2321,6.8248,7.7127,16.774,2.5814,12.3784,6.0222,5.8878,8.9442,0.7655,6.611,10.0918,16.1245,5.7158,7.6772,21.391,22.0063,18.4134,116.2282,9.4636,0.8746,11.4656,13.3769,7.2032,12.6173,83.0294,4.3123,7.9521,19.7072,28.968,14.7104,12.3335,15.7064,13.6901,39.9797,7.2673,8.2813,14.6304,19.4084,6.3504,4.8259,18.1248,15.483,19.1264,2.0443,20.0837,31.5979,4.4827,8.0032,15.9484,0.4661,17.0313,2.1544,2.5808,31.5611,17.2735,0.8081,1.0133,218.8332,3.9968,9.3337,34.6877,90.4846,12.4862,2.1318,0.4162,11.8755,2.9445,8.9967,32.1157,5.3951,36.4978,3.1099,3.4762,15.0794,2,16.2211,22.2332,48.0183,25.5175,0.0393,2.9878,0.2695,15.1008,3.1072,2.2488,28.3938,0.6788,7.1451,17.7399,1.2182,2.2414,0.6333,174.2396,5.9758,3.4246,24.1278,11.7724,36.8818,6.8632,28.9071,9.3254,3.8867,6.9886,11.9744,3.6153,79.4422,3.4273,0.4424,5.6119,8.7241,0.2148,0.8595,0.3602,3.9028,1.0806,47.2781,14.5471,46.9864,47.8686,27.8684,21.0872,41.5192,38.4847,20.0209,58.03,1.9408,10.8596,25.3467,74.898,4.6566,7.6455,2.6629,72.5011,7.7095,20.5913,14.6388,14.7039,24.9207,4.2234,7.8706,35.3741,3.4435,0.1149,15.9472,18.3544,6.8259,3.4328,19.9209,3.7293,3.5069,3.5505,5.6106,1.7196,1.914,26.6002,2.5236,11.9095,20.0146,7.5352,1.8968,4.1348,41.8264,2.4749,92.0176,4.1918,6.2326,12.6823,94.0221,13.594,0.7293,7.7206,2.3526,10.5624,6.6785,7.1107,78.6505,2.6496,0.6512,16.9888,3.3837,3.7694,63.1038,6.638,0.4943,10.3711,0.0276,22.0432,51.5555,9.5931,6.5302,50.4279,1.1958,3.4342,31.9875,4.7266,19.8863,25.7045,9.251,12.5604,5.9332,5.9912,31.9183,24.4449,10.7771,2.8282,3.4818,3.8049,2.7537,1.5374,5.2616,3.5354,9.0996,1.333,237.3071,1.5984,0.5126,820.0095,88.7767,3.4602,5.2944,1.5068,0.8408,3.0828,0.0215,3.3851,7.6273,6.2599,6.7236,13.9696,16.0559,69.499,17.3584,7.8396,0.0259,17.1827,0.057,1.1249,3.8706,7.0247,0.4385,2.5528,71.4001,0.4295,138.6698,0.0099,22.556,0.2652,8.2843,5.339,14.147,0.8564,9.3889,3.4743
TCGA-BR-8381-01,3.366666667,19.6451,20.9747,0.0811,1.9214,3.704,0.1232,24.5859,8.8945,3.7333,17.0025,12.2383,15.8452,2.6137,7.336,2.24,4.3135,1.5952,4.9027,4.4707,12.3482,46.0658,2.3228,40.0606,13.1744,14.139,46.1674,18.528,6.1043,1.6492,15.9256,42.9898,10.9626,4.4323,2.109,1.5661,0.3287,0.0258,5.9643,37.4601,170.363,10.0978,12.0077,48.8408,53.507,22.0463,8.9827,13.1076,15.9413,6.6155,0.8632,8.2906,7.6554,21.2848,10.0383,16.1202,8.7016,7.6257,9.3039,0.2637,11.0408,12.4794,33.7473,6.0825,7.9191,19.2639,8.1009,11.3832,181.7093,18.6699,1.0547,8.1958,8.5173,4.8051,6.6375,67.9151,18.8353,2.6438,12.0943,24.431,35.6987,0.1376,5.327,10.7638,44.8826,5.55,6.1307,16.2999,32.2564,2.5188,18.2288,13.0186,17.4342,22.5973,2.4183,28.1661,36.9089,3.2929,10.4691,18.8251,0.0692,14.3489,3.5777,2.9667,9.9605,18.3819,1.5447,4.2364,570.8444,8.7394,25.7088,78.05,14.5034,18.4873,2.6835,1.9956,73.3279,6.5634,11.5391,69.0492,7.0696,30.8845,12.5582,5.8486,19.5237,4.0569,19.6903,70.1837,2.9657,28.4899,0.0281,1.4675,0.5935,16.6071,6.8441,2.9582,7.081,21.7199,5.8034,27.3021,0.5796,6.5127,5.1556,94.6599,5.4319,4.7075,24.1215,9.5696,44.5521,8.6139,21.2996,23.1107,5.4952,2.883,10.0477,6.9262,26.5218,0.7864,0.2238,6.7952,10.6195,0.1584,0.2254,0.1036,4.8208,3.4505,47.9901,17.266,35.0816,66.4509,24.3778,11.7299,33.6597,63.6195,42.4611,66.3154,10.9313,10.5787,34.6156,44.9799,3.3703,23.1875,14.4211,26.8888,14.3075,11.9138,28.7342,4.2458,21.9327,11.7181,16.7483,15.8829,2.6995,0.4841,26.6908,6.9498,7.2161,5.0539,20.6973,5.0091,8.5215,2.3105,0.1738,1.1943,5.9171,55.4162,2.381,9.3811,23.0299,4.1568,9.361,1.9145,4.1729,3.8698,97.0627,3.9971,6.8102,19.4207,107.3668,15.9537,5.0017,8.6193,3.6379,15.1608,10.955,7.8456,162.8453,6.5272,0.6301,24.3663,3.3923,3.2664,64.8256,0.4203,2.0143,13.8091,0.2226,49.1828,30.8601,10.9929,13.8784,13.0298,2.6171,3.71,43.7577,7.3832,16.581,43.6233,33.7944,11.5482,6.5481,4.0122,23.8892,58.7114,15.2528,0.3019,2.5443,3.532,1.9588,4.2822,20.1068,2.269,31.02,3.2005,52.6961,2.1694,1.8718,5152.6726,82.4349,2.3724,27.2705,3.0679,4.1599,6.1675,0.209,7.9863,4.3854,19.6459,11.2518,22.5486,13.6721,131.5582,18.7462,2.2423,0.0535,37.5053,8.0212,0.3148,2.9669,9.8078,0.6425,0.3673,207.1505,0.0847,25.267,0.067,30.3821,0.1988,6.2341,6.7326,11.6728,0.5211,4.3783,8.8701
TCGA-BR-8382-01,25.53333333,18.9226,43.1137,0.0225,1.7814,3.4798,0.191,15.7781,7.3145,2.4585,14.8267,13.6681,15.6674,1.559,8.3986,2.0139,2.8524,2.1388,1.4697,3.5971,8.8277,89.5399,2.0032,11.6391,13.5791,16.3042,71.6555,22.0175,3.1878,4.1498,20.2786,47.3885,6.3777,3.8884,2.8546,4.6268,0.0586,0,1.2926,40.8842,108.6157,10.8295,18.8238,53.6032,89.2189,16.375,9.6231,3.7065,21.2128,6.2468,0.8854,7.6334,11.3885,23.6175,6.7027,8.9563,14.2114,13.5456,2.129,0.3851,7.0523,6.1629,35.4547,2.4707,7.5475,28.9812,15.5088,9.1756,183.0061,17.9392,0.075,4.9118,6.7879,4.9068,5.5369,80.0843,11.8163,2.4058,16.9795,18.8258,22.1938,0.2046,9.4205,9.5639,42.3788,6.93,7.5711,17.3393,33.6087,2.5349,19.5721,15.2174,17.13,21.028,2.5015,11.3286,39.8039,3.1575,18.3182,24.1488,0.1982,13.7289,2.1621,1.8388,10.5423,19.0936,1.0567,1.2863,523.5577,11.5793,25.627,110.3836,8.5569,11.7558,6.6735,3.1648,12.4025,2.1279,8.5544,49.5401,5.9193,26.4759,5.212,6.1088,7.5169,14.086,18.5298,24.7702,3.8183,45.663,0.0247,1.3358,0.2486,18.6416,7.7412,2.1081,5.2732,19.5498,7.1033,27.3549,0.4342,1.5409,1.6285,112.5026,6.5191,3.9933,28.6933,5.9588,43.2457,9.3051,27.3989,16.9329,3.0597,2.7558,7.344,5.635,94.2556,2.976,1.3165,6.0835,7.6182,0.181,0.1657,0.0877,5.1001,1.529,48.0798,17.9313,43.2494,70.9349,21.0978,13.5832,50.9289,80.5986,22.4943,88.7859,7.872,11.0466,25.6908,50.8038,3.7431,13.4821,4.4224,25.4284,19.2076,8.9191,25.9119,3.6316,23.1567,13.0489,20.5453,13.0501,2.1011,0.5338,16.3574,9.2245,6.274,2.9884,18.2424,6.6742,6.7273,1.5803,0.2569,0.9614,2.9479,31.3268,2.4915,11.6679,30.6727,5.4898,5.9956,3.3357,35.967,4.3857,100.8935,2.0815,4.5296,27.316,91.4528,15.975,1.9439,9.9716,2.684,11.609,6.3171,9.9721,151.0115,4.1102,0.9016,21.7728,3.7188,3.1977,90.4581,5.7675,0.1831,13.8252,0.3144,61.6049,46.7042,12.1759,10.8464,12.5315,12.0856,12.7469,43.7431,6.3058,16.5992,52.8308,35.0271,11.7577,23.9176,7.6196,33.2574,40.9501,16.6573,0.3086,3.7765,2.8632,1.2029,3.4142,7.0079,2.1642,23.674,1.7,48.9438,0.215,1.8584,4524.9575,90.1657,1.9084,15.2523,0.6149,1.3136,5.4712,0.1431,3.6302,3.6373,15.1843,12.8343,20.01,15.3249,229.658,29.0249,4.1586,0,31.7291,0.1856,0.0681,1.3687,7.7033,0.3835,0.1238,64.2225,0.0155,56.655,0.0231,82.1677,0.0875,8.2071,6.7625,25.3968,0.4123,7.9192,1.0015
TCGA-BR-8384-01,1.3,56.3425,33.9305,0.3537,2.4562,6.821,3.3017,20.9251,13.7729,6.7384,20.4249,10.7188,15.8251,6.89,14.1368,4.9806,1.7305,0.4694,3.525,7.2284,10.5922,38.1257,0.7928,5.3602,22.5476,24.8912,40.6745,13.176,5.0949,14.7842,25.1354,19.1905,1.0849,3.5988,10.8915,3.2715,0.9341,0.0171,1.7495,36.0908,99.6666,1.9378,7.8512,11.2891,68.506,29.5773,8.9052,4.7938,15.2801,5.5446,15.4553,8.4475,10.7058,17.097,4.309,13.5167,5.4803,9.9575,8.5863,0.5858,4.3507,8.8618,18.8693,7.8275,6.5544,22.0682,23.1697,23.532,58.3375,10.129,1.4315,13.5474,15.1017,10.894,20.9455,63.897,5.6338,8.7422,22.4646,40.7924,16.0747,2.1381,2.0195,15.1671,50.4385,8.3894,9.2767,10.779,15.6908,6.3715,6.4616,34.6423,17.988,13.2565,2.7244,29.8115,14.901,5.5461,6.9045,14.3781,0.1623,16.1577,3.0318,2.4828,26.9315,14.4865,0.4734,1.753,207.4717,3.4623,12.4574,25.9683,52.8026,19.0482,1.0222,0.9653,8.3657,2.6588,9.8393,25.6668,4.4064,32.8419,3.0962,1.4513,19.8154,2.5753,15.8675,42.5528,37.7146,19.4599,0.0795,3.876,1.3323,12.927,2.1603,2.0182,33.0581,6.5197,8.3241,16.6447,1.789,4.723,1.0193,121.3321,8.069,6.2785,19.9676,17.1477,23.9638,7.4019,38.1867,9.3859,5.5355,8.9254,11.7274,4.1372,48.8847,1.3047,0.3275,3.6681,10.1003,0.2942,2.6513,0.5585,3.2547,2.5754,68.3813,22.1735,66.6958,53.0124,27.188,23.8001,24.8496,32.1559,22.8193,41.4774,1.6667,15.2483,24.3899,79.5805,4.8779,6.8642,5.5767,96.5798,7.4934,17.4383,20.4902,22.7209,23.8258,1.5479,1.5291,32.988,4.6261,0.45,18.2775,10.5026,2.1028,1.9698,19.7085,3.8196,4.4532,16.4347,0.7148,2.2304,4.1387,17.5524,5.3548,13.7815,28.4976,10.6394,2.5634,5.7183,16.1163,3.0508,114.4149,4.3756,5.3021,12.604,112.4853,14.962,2.0224,8.9869,2.1616,3.4582,5.1295,3.3614,92.6326,0.7267,0.5908,13.7971,6.0019,6.0244,18.3068,1.6217,0.0366,8.7955,0.0842,31.1984,36.2833,9.7768,6.4418,63.2907,5.2442,9.6557,29.034,2.2259,24.7959,26.3887,10.3056,14.3116,6.5167,0.6601,36.7988,30.8529,23.5469,3.3679,3.3514,3.7101,3.0876,0.9241,8.0455,6.2443,14.0892,0.4675,214.4937,1.6826,0.4075,1110.731,83.1319,3.9467,5.6297,1.7687,1.6804,2.9732,0.0299,2.9117,10.2664,9.6872,6.1354,13.2286,15.9016,101.007,43.2692,6.7669,0.0572,19.4404,0.0263,1.206,5.844,10.0615,0.2963,3.9372,160.9379,0.0353,68.4082,0.1094,20.7734,0.1795,8.3612,4.6733,9.6063,0.8839,13.6095,4.4053
TCGA-BR-8483-01,3.7,14.2231,30.9181,0,1.1946,2.0705,0.8553,15.5875,19.7207,2.7971,26.4231,19.9316,11.966,0.7152,8.3097,3.7962,4.1422,2.6963,17.0632,3.1712,10.434,100.8076,7.5257,22.9967,15.1181,16.0606,43.2857,25.1427,10.1795,7.5283,18.6087,2364.9854,11.1479,3.1723,6.0592,11.0691,0.0321,0.0328,1.2155,46.2851,178.0196,10.0084,23.386,120.1424,62.6798,11.9662,2.2554,0.9391,17.5749,7.4576,1.1436,10.4888,7.8655,13.4425,7.2591,12.5669,18.9986,23.0043,6.539,0.2795,12.1577,11.9839,27.55,6.3554,4.0058,27.3604,8.6374,8.1066,106.2243,8.2021,0,6.3565,4.0606,4.3076,9.449,96.9701,2.7638,3.7243,11.3579,17.2717,27.6205,0.4192,28.2275,7.2913,62.7152,11.3324,2.6622,26.7439,38.0137,13.6665,11.9574,15.5408,20.8551,21.1485,1.2288,7.1426,12.9576,3.4482,14.6015,22.4888,0.0737,14.7621,3.5985,2.4584,6.9459,23.9385,1.7488,0.3616,547.0804,10.6138,27.6698,96.3193,5.3568,14.7196,6.2186,0.4251,4.6107,0.2922,8.5304,63.4558,12.4124,22.55,2.7981,9.3259,1.9228,0.3967,18.6583,18.3988,2.0863,42.9436,0.0422,0.8039,0.0713,10.6068,6.7035,1.849,2.5226,17.0386,8.0087,16.11,0.0708,0.3402,0.3182,152.7585,5.6581,2.0791,26.297,8.433,47.1113,6.1908,26.3708,4.7608,6.5336,1.1487,5.2942,7.4783,47.657,1.1803,0.1701,5.4882,10.9763,0.039,1.6588,0.0219,4.5394,0.4942,22.7037,15.5461,57.5974,75.1951,15.9216,1348.2955,16.5864,42.186,26.993,56.0491,2.109,8.2137,82.2479,32.1538,2.3911,7.5487,1.3863,21.2776,15.4546,13.9119,31.5124,2.3059,24.6674,18.1485,20.8961,7.6479,5.4567,0.0426,16.9265,8.0738,9.201,5.3315,17.6682,5.0118,6.6249,2.7686,0.3044,1.0968,3.7885,29.9023,1.0467,12.4547,25.1804,2.7411,7.1901,3.3837,12.7849,5.6359,71.24,5.8227,4.4143,14.8261,72.9589,22.6829,0.5284,8.9396,3.8012,10.8873,7.5489,8.7114,252.8982,4.3907,1.1102,26.5909,4.1526,2.7326,173.561,11.3562,0.1087,22.2812,0.0592,106.473,12.2985,13.0639,9.9124,18.0594,32.8976,7.9732,41.797,6.0232,17.5798,38.008,11.6728,2.5898,8.2036,7.2602,37.2829,46.8281,16.1381,0.4442,4.5072,3.9518,2.3838,4.374,2.7485,1.1232,38.5948,2.6516,31.6683,0.56,0.7459,256.5848,80.0118,2.6533,19.8627,0.3016,0.2126,3.2849,0,3.2346,1.5917,34.5689,15.6829,23.9995,40.55,109.7315,35.1396,3.0736,0.2317,22.1987,0.1341,0.0949,5.6756,8.6864,0.1803,0.7627,120.5336,3.4065,181.4803,1.4932,100.0883,0.0717,5.7052,6.5288,11.2992,1.2355,4.8892,4.3868
TCGA-BR-8484-01,2.1,14.9691,33.2875,0.0477,2.8111,4.6192,0.1495,27.0101,14.1703,6.6517,23.7011,23.6225,13.8715,2.0837,10.5382,5.6872,4.698,2.3416,3.4071,6.3915,12.1372,63.0994,21.9785,29.586,20.4409,28.5964,41.7495,20.9764,3.8786,6.8733,25.9219,33.4971,4.4187,2.9551,10.628,10.1928,0.4105,0.0095,2.3623,49.7563,57.0097,9.6225,10.8965,47.1103,51.5625,27.709,7.5453,7.9235,25.9968,15.0692,6.1159,13.0203,18.0351,17.933,13.0102,20.8241,13.6427,16.3062,7.4565,0.2572,10.1905,12.2443,22.5126,6.6672,4.3436,23.7261,8.9687,14.3095,118.5895,31.2064,0.7914,9.825,9.3835,15.232,8.3845,71.5542,12.2902,4.0501,13.4727,28.2762,36.1549,0.7427,7.8719,18.8979,66.3402,10.801,11.6224,14.5615,23.2797,1.9042,8.1472,14.5936,32.0186,23.6215,1.9901,43.9079,19.6267,2.9096,5.6323,15.7647,0.008,12.1633,7.1982,2.4499,11.7864,17.0097,1.1149,3.3222,693.9332,6.2448,20.2598,43.8511,9.7698,27.2126,3.4714,2.2064,28.8957,5.1409,12.4943,42.4376,352.9855,31.5023,3.4793,4.3196,21.0928,5.6946,20.8031,78.1075,6.8114,67.7481,0.0131,1.7371,0.3549,15.131,5.3372,2.3568,4.9589,20.6961,6.519,28.9052,1.2829,6.4224,2.5203,169.3931,11.0852,8.1713,27.0635,11.6229,36.6515,7.7279,27.328,10.6818,5.3758,3.9183,21.4113,6.8675,23.0723,1.196,3.5186,8.393,11.5582,0.3623,0.1802,0.1286,5.8587,2.236,38.6796,15.8312,48.3269,62.5721,25.5303,11.322,47.0823,146.2528,26.4122,118.326,21.8826,22.8544,54.1343,59.1065,3.2128,17.438,21.9366,54.046,28.2476,19.1919,24.1837,4.3123,48.9789,15.3633,11.5885,9.0885,2.6353,0.0692,31.5202,6.3943,7.5128,5.5233,17.4343,7.781,6.4132,2.9792,8.7709,1.8202,2.0557,52.9846,4.2644,19.8207,21.3029,2.0887,6.5264,1.5874,10.9421,7.8951,115.6501,6.145,4.7659,17.9658,69.8183,16.8852,2.1384,20.7992,2.4563,8.9971,9.4726,7.8524,136.5804,3.6418,1.0341,22.7656,5.828,4.1701,117.1992,0.6117,0.108,24.662,0.0472,78.791,15.261,10.2003,8.2271,15.1579,6.4555,31.4794,31.7611,5.5298,24.4884,52.6419,28.2193,9.235,9.4914,2.6377,31.7465,60.7066,81.3708,0.6218,3.1971,4.0883,1.5308,4.0123,19.7766,4.4013,44.6233,2.8696,232.0556,3.1838,0.7043,4658.7618,104.1633,3.3305,11.5089,1.5139,3.4054,3.6265,0.0199,5.3866,4.7195,22.8646,13.5254,15.9953,13.1994,221.8379,52.0996,2.5918,0.0179,24.6895,0.2347,0.5719,6.5823,11.696,1.005,0.6859,167.7247,0.118,36.0799,0.0264,62.9047,0.0904,8.6455,6.6485,7.9656,0.3698,20.9591,7.7849
TCGA-BR-8485-01,8.733333333,21.1336,31.5105,0.0222,3.5357,3.3001,0.3801,27.7518,25.1712,4.8932,17.0903,17.8344,20.0428,3.0494,14.0474,5.1158,3.6923,3.6583,15.5647,8.3257,10.171,58.9754,30.0868,135.602,20.8722,22.4331,60.6515,20.4727,12.9329,6.6617,26.1907,41.0234,8.5452,3.7003,8.4788,38.9954,0.2329,0,1.5672,61.9866,260.1739,17.4868,13.6059,93.0637,77.0413,20.6464,3.7447,10.1895,20.7875,9.942,2.4432,15.6688,15.7106,19.0788,6.0359,15.6081,12.1655,18.9086,7.8243,0.1811,9.3959,15.1077,23.0159,7.4245,6.4001,18.1703,14.3807,14.3212,137.2725,23.4988,0.4503,14.8415,13.7162,5.5523,11.0664,107.5597,20.4636,5.6691,14.8179,21.4193,21.6661,0.8768,6.407,12.7213,80.4711,7.0931,6.9806,22.8532,32.8555,9.8146,7.7595,12.6907,23.0251,20.296,2.5041,23.1602,35.0551,3.6004,11.2598,19.5087,0.1978,16.2071,3.4689,5.1916,9.2288,17.6403,0.9485,1.6721,520.016,12.945,17.2108,103.1948,18.0482,15.7317,12.3917,1.0526,23.8095,2.9899,14.097,43.4174,12.1339,32.2237,2.3893,7.8661,11.9282,1.954,18.4163,36.1597,8.2038,39.3305,0.0196,1.8041,0.2635,13.8565,11.4985,2.9574,8.6454,35.9292,8.1238,35.9139,1.3371,5.0804,2.418,73.919,8.9091,6.4574,19.0532,10.4768,46.1973,11.4505,36.182,9.2941,4.4844,1.8099,11.0144,6.5402,43.141,3.4977,13.1583,8.4471,8.6599,0.1694,0.1409,0.1605,5.6806,1.6747,39.9528,16.3823,49.1745,87.0639,19.0506,13.8329,36.4305,55.958,29.6669,74.482,2.2392,15.0284,42.7766,58.41,4.1907,9.0825,12.7834,45.2525,9.5106,14.5942,37.9422,4.1274,21.13,29.8722,30.1797,10.8958,6.681,0,16.3181,13.7994,12.2497,8.5647,23.6523,8.6343,6.8603,1.5659,1.6105,1.8703,1.7682,35.6253,5.4082,15.1572,22.2637,8.4107,5.1835,2.2129,17.539,3.7985,116.5916,5.3463,5.9442,20.0949,63.1228,18.6151,2.3051,8.0642,2.3228,9.8124,9.5483,8.5147,121.8083,5.4533,0.8393,19.9788,6.8961,5.0334,82.1665,8.9602,0.7543,28.4502,0.3228,61.376,29.8071,16.7267,9.971,21.4369,20.2816,3.5996,39.8785,5.1027,17.8151,41.476,15.8825,14.3894,8.0645,2.1614,45.1495,50.9469,18.8199,0.3056,4.1489,2.1934,1.997,4.7719,13.5922,3.2111,32.8632,6.0796,44.9879,1.0545,0.5487,776.3596,76.1503,3.3511,11.135,0.2392,2.4203,3.6052,0.023,5.8876,4.3201,25.5868,9.372,23.1039,24.1755,111.8062,40.9332,3.3798,0.0537,16.8405,0.1113,1.0869,5.5108,11.2183,0.181,0.4775,96.6088,6.2527,52.2098,0.9135,49.9414,0.2644,7.8674,6.0637,7.2869,9.8277,7.0729,10.721
TCGA-BR-8486-01,1.733333333,20.9997,40.7814,0.0058,3.2377,3.9157,0.1823,26.9468,10.0521,2.6999,23.82,18.6589,15.9832,2.4739,10.2525,3.3137,5.9174,1.9001,7.9653,5.292,8.8062,178.7318,6.7873,60.347,17.0699,20.8931,69.0637,16.1941,5.0657,7.4663,27.4342,75.9972,8.6374,3.0109,1.4804,10.8791,0.1982,2.8081,3.2537,61.5944,70.6125,11.6704,14.3653,75.8329,161.0319,25.4523,5.6859,4.5353,41.0669,16.4847,1.9982,12.4872,11.9673,23.8366,7.1822,17.3824,10.6321,16.2922,8.1958,0.1348,9.2234,11.1676,33.7801,5.9322,8.6487,23.1631,22.5127,9.3286,101.0836,16.0595,0.1372,8.1823,13.0356,5.2841,8.0104,89.1329,16.7678,5.2978,14.5158,17.5793,28.4219,0.3451,25.6178,9.1939,47.187,4.2087,4.4982,31.2658,29.1845,3.7077,17.2911,14.9696,29.3766,15.3324,2.3205,31.7101,8.452,3.4159,12.8185,15.6363,0.509,12.9979,3.3367,3.0707,5.6708,18.9945,1.3028,1.3224,517.7153,9.9938,18.3058,51.6015,138.8653,92.3584,10.9157,1.7199,12.9044,2.3363,15.6704,31.6471,5.7568,34.4532,4.7195,11.904,10.251,2.6174,21.8907,21.155,5.6375,43.2875,0.0191,2.8056,0.1612,16.9159,7.4148,1.8478,7.7599,10.998,8.1326,29.7576,1.1104,4.2686,1.465,149.6125,10.7419,26.557,21.7619,7.2669,34.1221,10.2099,29.2427,9.7692,3.3056,1.201,10.4025,10.2665,62.7742,1.2042,1.3867,5.7155,7.6105,0.1781,0.1858,0.0796,5.4468,1.3388,57.2433,16.5615,40.497,73.5994,21.8262,17.1175,48.2115,78.684,25.6466,53.2928,0.4968,12.7635,37.5687,80.6829,3.2888,7.36,6.762,42.2014,14.0329,15.6469,27.5744,4.7253,37.4139,20.0393,25.9821,13.6595,8.6258,0.4883,18.0133,9.3534,5.4,4.2628,20.4876,7.4626,5.7664,2.6156,1.9949,2.1884,2.6437,55.4959,11.7,9.8005,47.3693,2.547,7.0757,2.6996,9.5114,5.601,240.1398,3.5459,4.3404,14.0111,116.9042,16.8964,2.1205,11.215,3.6387,11.7295,7.9524,5.6567,156.3543,8.0317,1.0522,27.6902,5.9191,3.4315,58.4828,11.0911,0.2396,24.7698,0.2267,38.9668,44.8423,9.8485,5.0891,22.8194,11.5883,3.4237,42.0657,8.8413,17.3703,55.2509,26.2434,20.7933,10.7672,9.5228,65.4507,49.4094,13.0244,0.1832,4.4244,3.137,4.5217,4.9069,25.9166,5.0909,209.0517,3.6269,41.9907,0.6347,6.073,1271.7974,91.9192,2.4508,9.1685,0.1049,1.6411,2.1874,0.0764,2.9968,4.0463,22.3551,13.3374,9.1388,20.0339,223.2454,23.841,3.7803,0.1015,23.6472,0.1074,4.0196,10.3754,12.2317,5.6442,0.3734,153.3804,0.3613,115.5435,0.3157,46.1463,0.2317,9.8502,7.872,9.2136,0.8331,10.2002,5.0421
TCGA-BR-8487-01,93.63333333,13.4066,42.0178,0.0218,1.1499,2.4373,0.0203,17.2601,5.5484,1.4279,9.6146,15.7178,12.4817,0.4137,5.2488,2.2151,2.6317,1.1705,0.605,2.5695,12.4399,109.7411,18.2011,36.6201,20.3958,10.819,41.6497,22.4303,0.6117,2.9504,13.9187,42.704,8.0946,4.2084,7.7228,17.5339,0.0487,0.013,2.5678,36.9855,80.9883,12.1639,23.9645,71.6409,101.7002,13.1236,12.2565,1.7062,16.5216,9.5319,0.2265,7.3076,10.6881,24.4602,6.4269,7.7969,10.3611,12.8211,6.1368,0.4004,8.3334,6.5833,22.7824,4.5833,6.3659,22.6748,9.1902,2.7221,199.3415,17.134,0.0267,5.716,3.6387,3.0834,8.2655,85.0652,5.185,1.7016,11.2713,15.8761,15.0064,0.021,6.9714,8.0833,34.0734,7.3464,6.1558,13.8604,34.3752,0.8717,7.415,18.3273,13.3666,20.2587,1.6577,18.7552,26.609,3.0946,16.9852,21.9699,1.4781,11.3779,2.5772,1.9465,6.5817,14.699,1.0815,1.3554,583.6419,9.5944,37.7668,47.9673,2.9629,16.0904,10.569,1.6139,4.5743,1.3134,3.793,69.3545,9.4046,33.3919,3.8468,7.8739,4.777,1.8413,14.269,25.38,1.1702,51.2314,0.0132,0.7464,0.0901,15.0046,6.9991,2.4153,2.7518,39.9409,3.9222,20.4435,0.1198,0.9382,0.3608,120.2528,5.081,2.4947,32.4198,6.8912,41.802,10.0454,23.382,12.4904,5.3824,1.8024,5.6271,7.8036,19.6226,2.0334,1.3248,5.8526,5.8808,0.0474,0.0419,0.048,4.5559,0.7472,15.1764,8.3325,30.7265,56.7557,26.7735,11.6648,37.1992,82.4457,31.9164,121.1249,7.3149,7.4568,31.9321,60.5478,1.8063,16.0969,5.6171,11.5719,25.0524,9.8547,20.8326,3.9642,6.0174,13.4001,19.4756,6.9687,0.8212,0,21.7647,6.8279,5.2748,4.5751,14.9468,3.9653,6.6247,0.5007,0.2382,0.8885,5.4448,64.9065,2.1822,9.9255,22.3691,3.1034,10.5731,1.3353,4.3749,10.8976,92.4462,1.5628,3.4268,12.5377,97.231,17.1252,1.1395,10.8412,3.0321,15.2759,5.712,14.6808,254.2831,8.4681,0.3565,16.2646,2.4101,2.7909,137.4636,0.8755,0.1064,11.2081,0.0458,47.7267,55.9158,9.908,9.9824,20.0743,1.1435,1.6254,44.3777,7.0544,15.6627,47.1745,46.9738,3.7223,20.0652,9.878,17.9306,58.4046,17.4064,0.3455,6.7334,1.4657,1.1676,3.153,8.0718,1.4136,90.1324,2.5816,67.2124,0.205,0.7234,3267.1569,91.2691,1.7739,16.5026,0.2857,1.0189,6.4709,0.0557,6.4899,1.8196,10.3296,9.4982,16.9482,15.1281,187.5571,44.6302,4.2658,0.0269,32.946,0.1311,0.1101,2.9044,6.1629,1.4674,0.0289,87.6125,0.0068,34.0889,0.0463,56.1602,0.0887,6.8271,7.2857,32.1007,0.0926,8.4837,2.9559
TCGA-BR-8588-01,3.3,31.3448,37.1947,0.0579,1.2174,4.5975,0.3384,21.7476,7.6689,3.543,12.9783,10.6823,15.3758,2.49,8.7571,2.8311,3.9177,2.5037,2.6559,5.1828,11.3547,78.6761,1.6118,22.8455,15.5899,16.5393,64.3802,16.611,4.1069,7.3262,19.3859,31.6282,6.2202,3.2167,3.9247,8.2492,0.3963,0.0082,2.0964,52.5547,88.3254,5.3848,10.439,55.4183,127.0107,22.0209,7.6689,6.0897,23.8597,9.0879,3.6367,7.9387,11.4463,21.3206,5.7619,8.9052,10.1117,7.1221,7.7123,0.2644,9.8474,10.8689,27.7954,4.9459,7.3988,22.8475,27.3243,11.8952,138.639,14.4047,2.119,10.4128,8.8961,6.8421,11.2327,70.977,9.5853,3.6632,18.5194,21.4421,28.7558,1.0255,7.4024,11.3765,47.1166,7.7216,6.4457,14.3225,27.5047,2.4769,10.3462,14.687,12.4157,17.3101,2.5733,22.2743,36.7182,4.1306,12.3384,17.2449,0.2068,12.7,4.4928,3.1821,12.2229,16.0402,1.0638,2.4669,483.7692,8.2464,18.8789,23.7425,78.5756,22.5297,4.2658,1.6156,28.4307,6.2644,9.5312,40.1887,11.6508,35.1,5.7549,5.6098,9.8381,16.3758,21.7826,84.8092,9.8057,26.4019,0.0513,2.9567,0.2711,17.3739,5.4089,3.3212,8.6682,20.0073,4.8159,27.6474,0.918,3.9417,1.5284,137.2648,6.125,6.077,20.0528,8.8743,33.9434,9.6859,28.6722,11.8069,4.3714,2.4726,9.0903,4.5115,50.7713,2.0044,1.3635,6.3662,7.8679,0.2547,0.5264,0.1411,4.1899,1.4614,41.1426,22.7208,39.243,62.7403,24.9484,14.1438,53.5667,73.498,37.0544,75.4565,1.6127,11.2803,20.6588,69.0298,3.0144,23.2773,4.6127,36.5719,8.9168,11.932,24.5489,7.4728,27.9314,12.0863,17.6258,14.5477,2.488,0.51,26.8634,11.7344,7.925,4.2781,16.6603,6.645,5.9187,1.8709,4.01,1.0908,2.9221,56.6664,4.207,11.1652,34.4009,4.8392,9.9003,5.4895,12.7001,5.2554,115.4811,3.8992,5.562,12.1555,87.2319,15.3708,1.1473,10.758,1.7463,8.4867,6.5633,6.5436,135.9806,6.1768,0.6542,18.5861,5.8237,2.9302,58.4698,7.0434,0.3024,11.8201,0.1725,24.9307,53.4835,9.6567,11.46,22.6597,2.8511,3.675,37.0994,8.4639,17.654,40.5621,46.0246,8.8708,10.0533,11.1924,35.028,62.8005,20.8827,0.8767,3.41,2.4141,1.8793,3.4692,15.7713,4.4194,24.9704,1.4762,111.3752,3.4644,1.2267,1272.9739,101.5568,2.7708,11.4637,0.6169,2.1121,4.533,0.0268,4.189,4.7812,11.0955,6.7417,19.2311,18.6205,90.7923,27.9772,3.3626,0.0056,13.8766,0.0424,2.5331,3.4717,12.1379,5.1494,1.3502,54.868,0.2022,52.9232,0.1447,41.6634,0.2265,7.7499,6.4866,5.7805,0.5295,9.568,3.0929
TCGA-BR-8589-01,32.66666667,17.6948,24.3509,0.0298,1.8928,3.6083,0.0112,21.2253,17.9433,5.6392,15.2024,17.5852,17.4825,1.2511,12.165,3.254,6.0166,2.6634,9.26,4.8092,9.6905,81.4918,0.7804,17.4221,12.8457,15.3748,93.5552,16.4025,5.4397,0.8391,21.5183,46.8334,8.8729,2.915,9.9064,8.4225,0.3884,0,2.4997,24.4238,146.6268,11.2972,10.3007,82.086,119.9961,24.454,9.6467,6.1803,16.9788,8.2657,1.1298,9.8004,10.0922,31.8109,14.8168,11.9501,15.6291,9.3875,14.0417,0.2064,14.2913,19.0386,30.326,7.5204,8.9556,24.7123,14.7227,8.5317,294.1473,18.7389,0.0264,13.0839,6.4584,7.5521,7.9361,66.4706,11.5692,2.2633,21.3285,39.1696,31.315,0.0303,24.7983,10.9053,51.9637,4.7749,4.6424,15.4304,33.0438,0.4281,52.3691,16.1949,25.16,18.541,1.9066,27.4009,43.9208,4.4106,17.5295,18.2158,0.0282,21.5947,7.1771,4.4939,18.4928,13.9788,2.8505,2.4903,636.1647,11.8708,29.2641,65.1566,7.2768,31.1914,2.6495,2.9037,5.0385,1.2382,16.5882,115.6818,8.7462,33.6408,5.9015,3.9799,22.1366,3.9522,22.2426,35.0216,0.7148,73.8135,0.0448,0.8331,0.1432,8.8711,10.7569,2.9634,0.9508,35.1037,9.371,38.8922,0.4288,5.7048,1.2049,83.635,6.3646,8.0503,29.903,13.2648,56.6522,10.5074,25.3867,28.6186,3.2337,2.605,12.3808,7.254,62.8987,1.2082,1.1269,7.283,10.2595,0.2285,0.0745,0.0203,7.7132,2.1827,7.8055,13.1806,47.3272,54.5406,27.8909,10.6366,44.5,99.9272,37.2203,109.9093,15.7292,10.2545,62.7489,61.8643,3.2141,16.7268,8.394,60.608,15.8483,13.439,34.9403,1.4089,33.2028,16.6993,25.3391,10.6893,1.7231,0.0558,16.4301,6.7474,1.5225,11.0074,25.6763,7.0025,13.6818,0.3748,0.2444,1.3696,4.1007,38.0253,5.2635,10.8227,20.4564,4.8963,10.2438,4.463,2.487,5.2085,85.5051,8.4012,7.1014,21.6822,67.635,18.5953,3.0672,16.7522,3.154,15.1892,14.4402,7.4166,114.2134,9.2884,0.6331,27.1098,4.6778,3.3748,85.8112,15.757,0.1775,35.9259,0.0399,119.7914,24.7243,10.1825,9.14,6.1825,5.7975,11.185,52.4101,12.5741,21.3862,76.1678,36.7794,7.9431,17.7032,8.915,6.5859,50.0936,27.1483,0.2821,4.603,4.6384,2.4735,7.6888,15.2642,1.6708,37.0375,3.494,40.9519,0.6515,1.9177,6823.3691,85.4387,4.6619,8.7898,0.0681,1.9137,6.8258,0.1385,4.4433,5.1033,22.2049,16.9993,17.4222,21.4921,148.8859,30.9261,1.3989,0.0811,39.4799,0.1038,0.0819,4.8859,10.1786,34.7302,0.02,72.5638,0.0079,101.5777,0.0244,42.0681,0.1849,9.1993,7.4124,19.0005,0.3358,7.448,6.5044
TCGA-BR-8590-01,3.533333333,29.7936,39.1713,0.4394,1.6022,5.6313,1.1499,21.2328,10.8869,5.8767,16.4236,15.1781,29.4272,3.4009,11.313,4.4556,2.1479,1.2375,9.031,7.2596,8.3707,88.2339,26.8867,29.2534,20.4209,21.7876,61.283,14.723,3.9489,10.0207,21.9514,95.7142,3.8995,3.4233,12.4455,5.2848,0.769,0.02,1.9991,36.472,116.4072,5.1371,9.2828,60.7902,113.9357,27.9456,7.0762,6.216,15.6106,5.2636,8.6897,8.8056,13.1443,33.4152,6.5871,13.4209,12.2765,19.6308,11.0697,0.4715,6.4465,9.9753,42.6354,9.9932,6.4593,19.2721,13.2435,23.04,162.1194,13.6703,0.9837,13.4065,14.851,9.4167,10.6467,78.8014,12.8111,6.8706,21.4181,28.4943,18.0082,1.4921,5.7262,14.272,53.2756,7.3338,7.2358,18.4938,19.7759,5.0413,7.9233,13.5043,17.5683,20.8412,2.3456,19.9547,19.0707,3.9488,7.4219,19.1986,0.9839,14.3638,6.3096,3.186,15.528,16.3769,0.7866,3.5022,453.4045,12.1469,21.8324,55.7723,31.8619,23.4504,10.6669,1.1837,23.5674,4.4275,23.0769,35.5088,11.7346,24.0922,1.9549,4.2078,23.9469,7.4527,19.8303,55.1634,23.4308,34.4181,0.0341,2.7206,0.5654,14.7165,4.3767,1.7835,12.1676,13.3445,8.0829,33.1529,2.6654,6.8114,2.0402,63.5789,6.8745,5.1986,26.2146,18.7457,28.1553,8.2166,32.1486,11.7087,4.1317,7.1608,23.7935,5.1627,57.1043,1.4124,0.5332,3.8474,13.0206,0.4121,0.9898,0.5242,4.9054,2.5156,59.3036,15.2198,51.4872,50.6656,29.925,16.7974,35.2364,55.6124,20.759,60.4382,0.9115,11.8995,49.9572,74.4369,4.7753,10.78,9.3588,68.4254,9.2996,16.3126,25.1687,10.7779,25.6146,12.4534,8.1484,23.101,4.1694,0.0312,20.4186,7.4217,13.256,3.8964,18.3177,6.23,6.1473,5.7654,1.5749,2.243,2.0708,40.1714,3.4115,14.5336,21.2394,6.5,5.847,6.6298,12.2224,6.8331,95.9628,5.5164,6.0361,18.8791,71.7096,27.6894,1.5252,15.8146,3.9062,11.3273,6.6589,15.9574,102.5052,3.3926,0.8971,16.3232,5.402,4.6224,49.7323,4.8151,0.1932,12.7881,0.0402,45.4458,22.3949,10.5936,7.5733,15.291,5.5066,8.9831,28.1167,4.8605,20.8434,35.8919,23.0366,11.9578,9.8235,3.2892,45.1464,62.8686,96.2778,0.7801,2.8195,3.2625,1.7823,1.8826,13.935,3.9613,10.2523,1.914,102.7868,3.2803,0.5588,1557.5169,101.8147,4.7323,7.2436,0.5232,5.1249,4.3883,0.0509,4.727,7.3249,14.1474,8.8202,14.0728,19.7397,178.6942,18.115,3.9258,0.0537,24.031,0.0866,1.2405,9.2163,10.9861,0.9274,1.7551,137.5934,2.2984,63.3828,0.4423,48.4301,0.1914,7.7384,7.9029,15.0029,0.9409,10.4057,3.84
TCGA-BR-8591-01,44.96666667,23.1097,47.7046,0.0115,2.0289,4.323,0.1753,26.4262,7.7482,2.9533,14.1715,15.4122,19.6483,1.8869,10.4985,3.8022,4.438,2.1777,1.7255,4.9771,10.6388,127.5648,1.0398,13.5768,26.7578,16.7694,58.5889,21.1062,0.9418,7.0399,23.3913,47.1576,6.6888,3.5665,13.3306,7.5298,0.1149,0.0023,1.2812,39.093,56.0352,7.7379,19.4967,51.4593,118.0933,22.8877,15.8697,4.5979,17.1907,6.6654,1.6425,10.7364,18.7093,28.5716,13.0452,11.6953,13.5439,15.7374,2.3868,0.1694,9.999,8.1644,31.91,7.5714,8.8137,22.9814,27.4675,12.6859,187.4788,23.6248,0.3494,7.2728,4.5202,5.4761,11.1307,81.1688,11.7605,2.2784,12.2618,27.9057,28.6462,0.1124,5.8134,13.926,55.9561,7.4674,8.3164,18.3408,27.6867,1.1494,7.9737,14.9669,16.5954,23.7002,3.8399,22.1904,23.4966,3.3438,10.4421,18.8716,0.2078,12.1717,2.4177,5.5052,10.528,15.8295,1.5858,1.5432,618.257,7.6822,25.6969,110.1331,9.2688,16.2819,8.0695,1.9591,22.4711,2.6899,10.1143,49.231,10.882,25.8443,5.4212,5.9161,10.5395,3.2885,22.6415,20.7895,5.8144,44.0251,0,1.4353,0.1973,15.5489,7.1812,2.683,4.0439,41.5304,8.0097,33.6837,0.2189,2.0006,2.2942,36.2335,6.7083,5.4866,38.3634,8.5741,41.6825,9.4159,31.6855,23.8175,3.4725,2.3355,11.7336,6.5687,45.7963,2.6373,1.2673,8.7683,11.0983,0.1838,0.1389,0.06,4.4549,1.5646,31.151,9.9308,42.8832,91.9809,27.8299,10.1142,56.3516,75.8424,19.801,77.3617,0.045,11.6016,50.2452,99.7626,3.8324,11.0035,9.2012,18.0362,16.5009,12.5649,24.9057,3.7726,24.8171,15.7117,13.7089,8.6587,1.4956,0.3282,21.118,7.9566,6.695,6.1825,19.7855,10.7362,7.7328,1.0231,0.3151,1.5149,5.1053,35.2856,3.8829,13.2818,22.369,4.9486,8.1266,4.406,1.6305,6.1789,91.8972,2.8765,2.5019,30.5689,91.1521,23.7035,1.2363,11.7815,3.1506,14.7139,7.6093,10.4381,121.0729,5.6678,0.565,22.878,4.7438,3.2985,62.8696,3.8368,0.1123,15.5807,0.0018,66.3088,69.7183,12.928,10.2603,15.619,1.6377,3.5575,43.8177,8.3556,17.6652,61.2078,38.7953,5.9908,22.096,8.1483,22.0141,58.0196,16.9832,0.147,4.2461,4.4397,1.9461,5.2595,10.7702,2.4025,55.8361,1.7548,53.1557,0.8715,1.7132,1914.6023,117.3136,2.6405,11.7872,0.1299,1.7358,4.041,0.0228,9.4986,3.2767,10.4762,7.573,18.5011,27.261,258.1494,26.2878,4.0333,0.0062,27.0333,0.1167,3.5146,1.9365,9.4181,0.3348,0.1123,180.6348,1.0415,20.7829,0.0189,104.6897,0.1478,7.9069,5.9981,30.0222,0.2201,8.1918,2.2335
TCGA-BR-8592-01,1.133333333,46.6109,33.6647,0.3755,2.2886,6.4316,1.6513,25.0155,12.9714,5.333,17.518,11.8935,15.1112,7.5612,10.967,4.3455,1.9471,0.7117,4.3371,7.742,9.1671,41.4645,1.1883,23.3849,22.6595,25.4457,43.2904,15.174,5.4485,13.877,23.0665,23.4829,2.4579,3.78,7.9409,2.5566,0.6634,0.0082,2.0661,53.5295,98.5431,4.4995,11.036,25.0918,68.6978,24.7935,9.5107,6.0929,22.7984,7.4918,9.8201,10.6231,8.6923,15.1095,4.7047,12.8825,7.1063,5.3432,9.2949,0.6707,4.91,8.9247,19.7097,6.6621,4.9469,23.0601,26.5119,18.9851,87.2523,10.3831,2.2265,11.8127,16.0607,10.1745,15.5796,65.2834,8.4521,17.781,20.6152,33.0897,15.4542,10.9027,12.3846,13.061,46.5106,6.9247,8.711,11.8454,19.5907,6.9367,6.7241,29.8473,16.0937,18.0581,2.3517,14.9429,19.3241,4.9867,8.5723,16.1604,0.6252,14.4542,2.6289,2.0238,21.411,17.0391,0.441,2.893,234.2941,5.1484,10.619,30.3277,67.7927,18.1271,1.8112,0.6235,40.3836,6.9325,8.3793,28.6651,6.2914,45.395,3.2935,2.9767,20.899,2.6478,17.4029,54.5495,28.8287,19.9694,0.0987,3.4301,0.6609,14.0001,2.6797,2.2482,29.5516,1.2973,8.619,17.9964,1.4513,4.9427,1.9586,133.0316,6.9381,5.3513,21.3112,14.7149,31.7781,6.7532,30.9276,8.9942,4.698,6.5641,10.3368,4.4095,46.2683,2.522,0.5632,4.0541,8.3244,0.1856,1.5593,0.3249,3.7385,1.6902,60.0014,21.4173,53.2256,44.0288,26.3738,21.1284,39.5041,42.2567,17.1807,52.9897,0.9465,13.8994,20.6817,69.4055,5.0622,11.398,7.0472,63.4993,8.7982,17.9132,17.9745,16.7853,23.7868,2.9894,4.3732,33.194,6.0062,0.0238,19.5852,13.3039,5.7516,2.3235,18.6559,4.2975,4.4789,9.7726,2.8543,2.2914,2.7758,22.9521,4.2243,10.4396,30.4238,6.4185,2.3999,4.4956,27.4422,3.1743,89.9796,3.8589,6.1983,12.4965,85.9568,17.4511,1.2921,7.4762,2.4644,4.6181,4.9903,6.3371,103.5279,1.3536,0.5863,15.8544,4.4412,4.8841,1.1046,5.8811,0.1301,8.6873,0.0277,18.9815,31.594,9.4507,6.7047,39.1887,0.5541,3.7477,28.2598,3.1621,21.7118,22.9484,14.3492,18.1593,6.481,6.224,49.407,29.8484,11.2898,2.5336,3.6943,3.2155,2.8578,1.4184,6.4809,6.474,10.65,0.7102,89.0185,5.0893,0.4451,1084.3018,81.3044,4.1713,6.6259,2.2249,2.8011,3.1523,0.048,3.801,8.7031,8.9266,7.4913,13.4448,14.8049,61.5479,16.3926,7.7422,0.0964,22.2097,0.1527,1.4572,6.8589,9.3063,0.7547,2.7811,51.3705,1.0476,100.3362,0.0426,18.3342,0.1403,7.4299,6.5202,10.8484,0.9332,6.4673,3.9549
TCGA-BR-8677-01,1.9,25.8616,34.3807,0.0094,2.1401,4.1114,0.6589,15.192,13.8041,4.236,16.0894,15.3954,17.3326,2.7013,7.3571,3.0282,3.453,2.0966,8.6412,5.6472,7.9887,22.3967,1.3284,15.5856,20.556,19.8448,51.4687,24.8307,4.2356,7.9516,15.96,14.8711,4.6455,4.485,2.3965,1.9433,0.3025,0.0206,4.1652,44.9106,104.0982,6.3507,17.6995,23.7549,47.1173,23.927,10.9705,9.5868,20.5268,7.9926,1.3023,15.1533,9.977,22.304,10.2019,16.1341,12.4963,32.4871,8.7336,0.366,7.1992,11.6829,48.2811,6.1364,5.1989,23.8918,23.8731,11.7983,138.8865,20.7776,0.29,7.2345,9.3893,6.7594,11.7878,64.2869,16.2893,1.588,23.5027,21.1861,20.6849,0.1447,5.8706,9.1979,46.0111,3.3692,5.2199,16.9445,23.1363,5.9365,15.1604,20.9426,18.1598,15.314,1.8417,40.8016,43.3551,3.9969,17.2942,22.5136,3.0979,14.589,3.8005,2.2091,12.9909,24.968,1.5968,1.9909,434.9171,9.8157,17.6831,74.1403,38.4358,21.2735,5.132,3.4197,7.9915,2.0144,10.1943,57.0615,5.1447,24.5865,4.6631,4.0914,8.9202,2.2176,16.5622,37.1874,5.3621,38.4471,0.0632,5.0091,0.7141,15.9117,4.9196,2.8961,9.3717,21.4959,7.6641,20.6141,0.9031,3.9209,1.478,103.8663,7.3261,13.9992,33.4952,12.4183,50.0189,9.2067,20.5468,28.1701,6.615,2.422,7.896,5.5055,125.9984,0.7381,0.3777,4.8864,7.488,0.4054,3.1207,0.5649,3.6009,1.8361,65.354,37.8491,46.7551,47.5563,27.6611,19.8346,29.1729,36.1251,16.0408,58.684,1.3413,9.8851,36.6562,66.1948,4.076,10.4964,2.1852,72.5151,15.3809,12.8214,24.3671,7.086,32.1477,16.543,15.9084,14.9177,5.7587,0,26.1324,7.5116,5.0508,4.8795,21.4623,5.3593,6.3938,1.7007,0.2731,1.4483,7.9379,22.0527,5.7359,9.1283,63.8455,4.3096,6.733,3.913,23.5743,5.7861,117.3518,4.2998,5.7257,16.2911,145.0247,24.2075,3.9004,14.2488,3.0637,12.1386,7.3066,7.6711,178.1865,3.5625,1.1962,18.6409,3.4994,3.6187,65.446,4.916,0.1265,10.979,0.5591,141.4311,91.8831,11.157,8.2503,19.127,3.1304,7.319,32.8515,10.0061,20.093,28.8365,19.8823,12.8574,13.6597,6.0373,65.1798,34.8327,11.7695,0.6692,4.0522,3.9894,2.2648,2.8531,13.8687,7.3752,38.6314,1.6682,36.6632,0.7688,8.4094,2697.3339,81.5407,2.7402,12.1493,0.4831,1.6023,1.0868,0.0203,2.4028,8.8251,18.6313,17.0599,13.3817,15.3128,135.9533,30.8678,4.2146,0.0757,23.1994,0.5884,0.1435,3.4302,12.7285,0.4497,0.1403,117.5371,0.081,55.559,0.0428,53.1291,0.209,9.0369,5.9626,11.4165,0.8675,8.7591,4.1804
TCGA-BR-8678-01,3.266666667,28.4596,33.8321,2.9907,3.7079,0.7218,0.09,31.1097,21.4122,4.2908,16.7957,24.8613,25.5926,5.4517,35.9957,4.2171,7.5472,2.0615,2.0727,9.5208,12.8915,101.8228,69.3542,1.796,14.7752,19.2226,200.6469,38.3861,10.2912,0.2668,21.2399,28.7661,13.2085,3.8359,5.6874,16.3893,0.0319,0.0858,0.4589,35.6744,142.6038,0.4213,37.601,37.9923,116.227,11.6952,4.2056,1.961,32.2687,13.2846,1.0357,11.922,47.4201,34.1173,3.4659,12.0964,22.5898,4.909,12.7308,0.3114,23.087,27.4977,26.1404,10.9506,9.8888,48.9934,59.7917,6.5198,106.9435,26.7829,0.1707,22.2864,5.3807,7.2426,3.002,163.9126,12.9692,33.8906,19.3674,50.8354,5.8363,0.1388,96.9133,18.0337,73.273,11.1452,10.7126,27.9974,46.9304,2.6057,7.3835,18.2495,23.5517,20.1258,2.8069,24.8732,6.1354,5.3991,12.5226,31.6058,0.0701,21.0644,2.8332,7.8134,6.3728,19.7897,4.9637,0.6268,587.0171,4.669,51.0069,172.233,3.9529,17.8064,20.21,4.0948,1.6005,0.4972,19.7993,106.9634,26.6594,22.8963,2.6232,5.0243,4.6413,1.0637,28.6002,16.3485,1.8302,36.0277,0.0167,0.9026,0.1129,10.4672,13.1424,8.9289,45.9265,2.8362,8.2243,54.3982,0.1378,0.7086,0.4031,63.6774,8.0528,3.3734,42.4738,12.6099,29.9153,11.8506,37.0382,15.437,4.6415,1.4047,10.8955,5.8504,33.9655,19.9958,50.9305,7.0075,12.9394,0.0448,1.5845,0.0664,5.4219,0.8532,26.3016,13.0035,50.0389,140.5519,42.0074,9.5585,67.2769,40.3486,28.0355,53.3729,166.9855,14.5794,30.2769,43.5557,5.4175,73.6473,3.8776,18.2237,4.0079,9.5903,49.2481,4.5293,32.7126,21.0452,20.8517,4.5768,5.2081,0.0253,59.3819,7.569,26.7898,14.245,24.485,12.871,13.2383,3.1288,0.3749,1.2963,1.5488,32.3327,3.7699,23.3423,105.3567,18.4608,4.8245,1.6391,46.1363,3.1964,84.6487,12.6377,5.1765,15.0323,36.722,24.593,1.7313,12.6339,2.9822,43.6241,17.068,2.9445,68.3301,7.39,0.5662,43.6365,3.5353,10.1122,160.558,24.7695,0.4899,12.8019,0.082,84.7897,19.9105,12.9524,13.6768,18.5093,60.4062,36.3922,51.6293,14.8356,15.9725,63.3971,14.4553,27.0325,5.7963,38.4449,46.341,96.8612,18.0582,0.2577,7.987,6.1263,1.4497,8.4137,26.1498,1.0502,38.3098,4.4632,16.1567,0.2408,0.8973,264.5762,72.9241,6.1011,19.6394,0.3468,0.426,9.3191,0.0155,10.8288,5.8762,12.3064,11.0279,32.2272,16.4542,123.6505,1.2369,4.2711,0.0214,27.464,0.0527,0.7116,2.9959,6.89,1.1723,0.0496,83.1114,2.7584,95.224,0.219,59.3327,0.1077,6.4844,9.2701,5.042,0.1036,5.8044,4.2427
TCGA-BR-8679-01,4.366666667,21.8445,32.1016,0.0239,1.9891,4.9887,0.1624,21.2929,22.4409,3.9524,16.3713,17.0799,14.4961,1.2359,11.7521,4.8712,5.2454,3.2367,7.348,6.2713,15.753,59.8691,1.8381,21.5213,15.643,24.3106,47.0666,26.2205,4.9093,7.1725,20.1497,38.5482,8.9578,3.4429,4.9974,5.0041,0.0199,0.0164,0.3786,38.0175,113.2404,12.0319,13.652,59.5033,71.5311,20.6965,5.7183,1.5333,21.2993,8.9738,0.7117,13.2967,315.6675,16.8084,9.521,14.8267,16.1442,34.2558,7.1852,0.1867,11.4194,12.9889,31.8379,7.299,5.7268,26.6969,18.4885,12.3921,144.1337,19.8085,1.0592,8.9427,7.0298,7.7056,10.4235,78.3576,4.7238,4.2294,14.3521,24.8826,31.6515,0.8418,15.3575,9.5665,73.7069,6.7859,8.2417,20.5877,18.0065,2.1818,3.2117,13.6749,25.3904,18.6848,3.0849,10.4443,5.1819,5.059,7.6192,14.9065,0.0393,9.9029,3.9794,4.8287,7.2143,17.3362,1.5935,0.8426,633.4079,13.5646,24.3542,79.6583,9.3486,15.0058,5.238,1.0734,1.1358,0.5739,17.4762,44.4226,17.6661,27.2138,2.8636,4.0543,8.7973,1.3586,23.9601,36.0529,4.6069,70.7646,0.3311,1.8337,0.1465,12.0959,6.146,2.6929,5.3883,43.2593,5.9492,32.3193,0.6564,0.6787,0.2266,34.2465,7.5505,7.3186,24.7772,12.3676,45.1143,9.1554,20.1782,11.9874,7.7014,1.9817,10.4863,4.8921,69.7585,0.8491,2.385,7.4032,15.3133,0.0309,0.4077,0.1335,6.7789,0.5315,38.0946,10.69,37.5547,105.7993,19.424,10.7851,13.7422,57.3572,21.9921,91.6638,5.0773,16.8558,60.3892,35.1616,2.6163,9.8928,5.3596,41.8466,9.1014,11.8473,33.5149,4.4675,36.4188,24.9917,15.6013,10.1542,2.7442,0.0045,13.3725,9.6258,6.8819,7.9487,15.7121,10.8865,11.0241,2.0046,0.7812,1.5226,1.0186,55.292,2.8428,11.0353,25.8073,7.5669,9.5587,2.9842,32.3841,6.4224,87.3977,7.321,7.5137,26.7753,41.958,29.064,0.2644,12.4643,2.8168,7.7857,8.9274,13.4729,108.0001,4.3001,0.9565,24.0536,5.5527,6.2437,122.7026,6.8982,0.1528,15.1492,0.0607,118.5594,30.7196,15.7551,13.3477,10.2645,49.0704,12.2369,27.7657,5.8611,20.1743,34.6168,26.1711,5.6396,20.9342,8.6514,36.3973,64.4108,27.1762,0.2307,2.848,4.3017,2.1342,2.5597,6.7187,3.3265,27.3208,2.829,40.2167,0.3607,0.8833,421.9046,113.5017,3.7244,15.0495,0.3702,0.7956,3.7794,0.0308,4.0187,2.9404,22.7714,11.6804,24.7188,39.6999,98.4658,31.0394,3.4121,0.0197,24.857,0.0638,4.8695,3.9441,19.5204,0.5224,0.0849,127.9231,1.7354,154.7256,0.0191,151.8636,0.1383,5.4141,8.6751,7.2971,0.3611,7.5501,3.9261
TCGA-BR-8680-01,174,39.0967,46.1637,0.014,2.2338,2.4416,0.1074,27.9897,9.8953,1.3879,14.6018,26.6533,25.2885,0.9228,11.1938,2.4328,5.8677,1.8878,4.7497,5.1143,12.2914,157.5959,0.2594,20.5492,21.185,19.4602,68.9678,29.9558,3.1606,4.3643,18.1658,58.118,11.3233,5.9605,0.7995,29.919,0.0497,0.307,0.3761,55.2615,130.4316,17.317,13.6728,96.4151,90.1583,20.8646,2.0724,0.921,17.3697,8.8736,1.0217,17.885,12.5323,26.7281,3.5641,11.213,27.9963,53.7082,5.8572,0.3256,12.7241,20.6435,30.9226,6.6273,9.0521,23.2818,47.5648,11.4024,266.5913,14.9493,0.2315,8.8307,4.8459,5.4181,11.8316,84.0422,6.6162,3.0481,19.4704,29.9633,14.6309,3.3955,54.5785,15.6095,54.4691,9.4619,4.3241,28.7007,35.2407,5.1389,3.2374,17.6095,39.8641,25.8357,1.867,3.0584,26.6997,4.2434,18.3422,28.624,0.6511,14.3124,3.3144,4.6243,3.5659,31.9888,2.4912,0.2815,423.4826,8.6246,30.4177,86.2743,74.8473,14.3101,10.9483,0.207,2.2243,0.4002,9.9546,92.6406,7.3442,56.2261,3.155,7.2204,0.9097,0.2186,25.5105,26.3266,0.7018,61.7685,0.0309,0.4558,0.0345,21.2369,9.0752,2.917,1.5515,32.7825,5.4061,31.4569,0.0607,0.2518,0.1207,127.2575,4.5212,0.8343,22.4572,9.9792,54.2113,14.9177,35.4678,17.7759,4.9017,1.1658,9.7443,4.7767,116.4126,8.3349,7.5986,12.1774,5.0873,0.0166,0.2404,0.0128,6.2187,0.1668,11.3058,6.6127,34.2669,81.2112,32.9968,8.5116,48.4501,58.5188,27.0141,64.975,0.0899,18.3989,29.2372,41.5196,3.2741,27.0428,0.4784,23.2073,8.2302,18.4258,41.749,1.5865,36.4992,19.1513,29.4032,3.4062,7.201,0.0503,15.2904,12.3619,0.9903,9.3331,28.4524,6.6581,8.669,0.202,3.3317,1.4117,2.1109,54.7039,0.9867,14.3097,22.3209,7.8897,5.977,2.5877,17.0829,4.9003,110.7634,6.4293,6.6264,11.7007,43.2938,24.2713,0.3246,13.8823,3.2704,20.4343,12.4298,12.6218,177.7889,10.183,0.9151,45.223,2.4018,3.3561,98.0862,6.0165,0.1984,17.8593,0.5198,30.4657,72.46,21.0816,9.7441,24.7566,33.3047,1.5392,45.5848,12.9754,16.7096,46.5,13.8591,2.4208,29.4306,35.6704,12.6271,79.0526,15.2722,0.1133,5.4486,3.4856,1.4953,9.6962,1.4047,0.2423,83.498,4.7924,46.9518,0.708,0.5053,102.3453,124.6113,3.2537,16.0915,0.2066,0.2292,6.776,0.0538,7.2146,0.7843,11.6775,6.7191,22.5748,23.4124,51.9105,15.6306,5.7284,0.062,23.9308,0.0585,2.7969,0.9902,12.7812,24.3181,0.0847,41.4446,0.0286,79.3812,0.0384,73.6211,0.117,5.4823,6.3935,10.3912,0.4604,7.0317,5.4806
TCGA-BR-8682-01,1.933333333,46.5926,32.7259,0.1101,2.2252,7.7466,0.7459,28.3887,21.1716,6.5901,18.0547,18.0473,21.9084,4.0418,11.7306,7.3677,1.8059,0.8866,2.6374,8.6714,10.3188,141.8219,8.3237,46.5431,21.9147,29.0368,60.8631,18.1637,4.5853,16.2188,26.7191,106.7676,3.1164,3.4218,8.0761,9.8188,0.4088,0,1.1296,82.9924,54.8413,31.3101,9.3634,68.2708,48.4988,27.4112,5.7105,3.8852,17.9064,5.4626,8.0941,13.9806,10.0094,18.3089,8.4975,14.909,11.0126,28.0862,8.7975,0.4118,5.6252,6.6845,26.0085,12.9431,6.072,23.2487,25.8531,16.3059,79.472,21.3528,1.0121,12.8947,19.5337,9.8988,20.3195,85.9353,4.4516,15.5898,23.9798,28.4891,28.5866,0.9961,32.967,17.2728,58.5175,7.9535,10.7421,16.2715,15.9098,4.319,6.3667,17.5328,23.3114,22.3334,3.9719,20.9938,6.5601,7.3186,7.5367,16.9251,0.0128,17.8997,3.9573,2.2747,16.3613,17.6463,0.3798,2.5744,234.3093,6.7434,11.6492,61.528,58.6808,23.8357,1.0241,0.8525,10.7719,2.9711,15.5564,26.4163,20.0921,30.1738,3.5602,1.7427,21.2469,2.6478,19.7227,15.2422,25.9394,98.4577,0.0174,3.2371,0.4894,17.976,4.0114,3.908,15.6657,22.2475,7.009,24.7265,2.2259,4.17,1.2733,76.0264,8.7336,6.168,21.6052,16.4557,39.3755,5.9105,37.5234,9.4823,4.8016,4.3407,13.2064,6.62,76.1323,2.6167,0.3702,4.6698,8.7355,0.2922,0.705,0.3281,5.4743,1.3373,48.2273,19.9873,49.1437,59.9874,32.9848,28.1512,37.5441,53.4505,20.5639,61.3327,0.6213,19.0789,48.5657,78.8865,6.6419,21.4481,3.1271,100.3989,16.57,17.7377,21.6435,11.2862,24.7272,5.9422,2.3688,19.3409,3.8942,0.155,16.6249,14.2018,19.9049,2.0636,24.239,8.7871,5.1343,12.3032,0.3324,1.8937,2.886,20.8292,4.083,15.2248,20.8193,14.7331,4.3301,6.1824,63.8613,4.6127,74.4792,4.8228,5.5129,15.6126,70.4957,23.4058,0.6731,12.2035,3.2803,5.6268,3.6481,7.7402,126.3146,1.0861,0.8846,17.7776,5.3741,5.9054,74.5521,6.3852,0.2086,24.694,0.007,70.4507,33.5308,13.0866,11.2433,14.4315,22.6981,5.59,30.2459,3.7242,21.8285,30.9812,11.7153,33.7376,12.1548,7.7777,44.0467,31.2347,16.0711,1.4248,1.9351,4.5916,3.2317,1.052,9.6513,4.991,23.3109,0.561,50.7647,3.3712,0.1882,917.1082,105.58,3.9403,5.6162,0.6523,2.1169,3.1737,0.1418,1.8428,6.1038,23.8915,12.8621,28.9896,13.8467,125.7374,38.2741,4.7866,0.0337,26.7142,0.2394,0.6615,4.99,16.9309,0.6461,0.417,160.6939,23.7282,71.385,0.0921,77.2819,0.0815,8.3871,5.383,17.244,1.2663,6.1577,2.7127
TCGA-BR-8683-01,4.033333333,27.4507,34.255,0.034,2.5288,6.5079,0.5116,25.6318,23.9995,6.555,22.1085,20.9206,18.307,2.3903,10.3805,8.2283,3.8892,1.4647,33.4147,13.4749,13.8473,138.2718,0.5905,16.063,21.356,34.0203,59.3883,21.7233,4.7205,34.471,17.5119,58.6833,9.6419,3.0574,2.392,6.9433,0.2924,2.4372,2.3529,61.677,94.3971,14.5846,11.1333,42.1044,46.4199,24.8383,4.538,5.6761,16.3017,5.9216,1.7012,15.0019,11.6004,25.7471,7.4248,17.2602,11.3728,125.8045,6.9218,0.2846,9.2461,11.3197,36.5052,11.7531,6.6983,26.6825,24.5204,17.4311,90.293,26.0042,0.5618,10.262,10.9701,12.3364,12.2406,70.1526,14.8752,8.8999,18.5657,32.747,29.0695,0.215,7.5694,12.953,71.9425,7.0249,2.856,19.7518,16.9355,4.0169,6.7322,12.5495,38.1674,17.4045,2.9679,18.1028,7.748,5.215,8.5885,16.1319,0.2705,14.0786,5.0828,4.8354,9.1998,21.786,0.8861,1.1636,386.097,11.6332,25.8394,64.8297,20.2914,87.9198,3.3017,2.2157,5.8757,1.8787,14.1827,22.56,9.1391,23.4233,2.9088,2.4684,8.1529,1.3027,22.2586,25.961,11.0993,64.8938,0.0511,2.6772,0.2744,13.959,5.4497,3.5708,8.564,6.8371,6.2703,22.8631,1.0644,3.1335,0.8376,91.4983,8.5786,26.2349,25.4006,18.4438,33.8577,8.379,33.6424,8.6854,4.8568,3.3681,11.6062,7.1351,64.4115,1.5918,1.7189,10.9411,8.3476,0.2492,2.1203,0.0888,6.3252,1.4054,69.1681,66.2945,49.6718,61.8749,22.4774,19.481,19.7073,38.3424,16.6456,58.405,0.662,18.2561,65.8636,52.4945,3.8953,8.6981,2.0736,69.4891,13.4278,16.4664,33.3795,13.0845,19.2612,18.2676,7.3757,36.2978,5.8561,0.1085,15.6315,13.2093,8.8709,4.3569,31.0673,6.4466,6.5325,8.6567,0.5025,2.5122,2.4967,24.1881,19.2021,15.8592,31.9995,17.2961,3.5517,5.3632,50.4987,5.8494,116.4832,5.5463,5.4216,17.8706,86.1341,27.9722,1.2426,19.4522,3.2764,7.5804,9.6285,10.6194,133.4862,3.0974,0.8955,14.2808,6.0235,6.4585,70.4787,5.7949,0.0595,15.925,0.3126,135.909,54.7271,14.7898,7.6901,18.9301,13.2742,4.6903,25.1186,5.8103,23.7566,38.8049,14.9105,14.194,25.7646,6.2558,65.5299,31.6656,19.4161,0.8639,2.4671,4.7748,2.1147,2.6666,13.1667,4.7118,328.5792,3.4375,35.5588,1.8095,1.0565,913.9566,121.605,4.2042,12.4307,0.3973,1.0723,3.0356,0.0566,1.6508,6.3765,55.3113,9.256,22.1544,22.8889,135.9292,21.3423,3.7539,0.441,15.5161,0.1245,0.2923,4.0227,15.4639,0.4403,0.1133,77.1131,0.4474,65.2142,0.0236,86.218,0.3197,7.805,6.225,6.8995,0.5947,9.5056,3.6174
TCGA-BR-8686-01,2.9,27.99,33.4452,0.0226,2.4471,5.78,0.5059,26.1313,20.2912,5.871,24.6904,13.0435,14.7709,3.769,14.0837,4.2073,5.5373,1.9818,4.3425,6.6125,8.8378,93.7889,0.7099,13.978,22.0994,25.3452,37.6321,22.529,7.1112,4.7368,34.968,48.6535,7.2417,5.7027,28.8995,12.1131,0.5865,0,3.7369,34.5753,143.2756,9.104,13.2408,44.9267,45.1312,29.5115,7.3576,10.1977,24.5027,16.2623,6.0945,13.7105,6.9824,17.1186,8.2961,22.3961,16.501,18.7544,10.0013,0.3286,8.5257,11.0439,19.1066,9.947,9.1466,25.3639,14.6641,13.5317,138.0686,16.443,1.8545,11.0013,6.9617,9.4318,15.3075,58.3953,19.4866,9.5795,24.8,27.9382,28.2756,0.3173,10.7908,12.9071,63.4686,4.3725,5.9759,17.0609,29.0523,2.855,13.0721,25.2151,26.3632,19.7393,1.7204,39.7254,33.3465,6.1674,11.144,16.1051,0.0045,15.7135,4.4147,3.0136,25.9921,21.7066,2.4176,3.1166,391.4744,8.3547,21.2678,42.7081,12.7097,25.2305,0.5151,0.9914,43.7651,5.7632,17.9207,48.9673,10.8866,33.5058,5.1227,4.2128,26.8603,4.2695,22.1395,126.3255,12.1151,54.5347,0.0115,3.2332,0.6729,14.9297,7.2117,2.9649,8.9044,59.2079,12.2623,22.5258,1.1058,7.2073,2.7081,156.665,6.6459,12.4742,24.5204,18.5282,35.2232,9.9826,28.9328,44.0766,5.6132,3.6489,11.0315,6.8643,56.7771,1.8947,0.9068,6.6911,10.8747,0.3468,0.4363,0.6859,5.2641,3.012,50.253,13.3799,58.8412,43.873,23.9838,16.7773,28.3299,43.8033,12.5542,50.0861,23.0512,16.1397,69.633,73.3093,4.569,11.337,19.2258,103.3551,17.9539,15.9631,29.3676,5.2212,48.7566,9.246,15.4402,15.123,7.12,0.506,42.1192,6.3943,1.1895,5.1391,26.9446,6.5212,8.8504,2.6617,0.6419,1.6462,14.1918,18.573,8.3226,12.585,25.1125,6.2449,9.6578,2.3977,9.024,5.0159,153.6011,4.1432,5.6803,12.2919,129.947,18.7363,2.919,12.5257,2.8229,10.8806,10.6513,5.0623,143.0418,3.6677,0.8194,29.7716,6.135,4.7589,173.4636,1.3775,0.2909,24.8458,0.0938,93.0943,38.2851,9.4811,9.0848,52.9416,6.1087,18.635,39.4091,6.5006,25.1797,60.9795,13.7258,12.4912,12.0229,2.3424,34.1528,34.882,27.6589,1.1752,3.8809,4.3292,2.2431,5.657,35.1738,5.2039,142.4206,1.6533,248.4099,4.7685,0.4333,2204.2415,82.8485,4.1469,13.9007,0.3196,4.2029,3.2858,0.0603,4.6253,5.6287,23.0477,12.076,13.9635,28.3871,208.1953,87.2668,3.4172,0.0036,31.911,0.1365,0.3327,6.5876,14.272,0.4942,3.5181,124.1501,0.1093,85.9946,0.0083,43.3614,0.2372,8.0211,6.0151,11.6431,0.37,11.7573,1.4661
TCGA-BR-8687-01,5,19.5896,38.9709,0.0239,2.666,3.0934,0.2801,29.7504,4.7892,2.938,24.4013,20.3926,13.3924,0.9548,13.1713,2.6807,2.0795,1.2717,4.8375,3.1621,7.7842,112.8386,9.7217,16.4725,16.9116,18.5522,29.5075,19.8513,3.9952,6.0471,15.6949,44.1788,3.2962,2.3448,5.4709,15.1732,0.0877,1.7218,0.4498,46.0961,1523.9522,4.4935,15.3842,36.3224,58.2286,16.2926,3.3592,1.6882,31.5037,5.7205,7.4489,9.5667,24.0168,22.5486,3.8227,11.1326,14.1332,6.889,5.1281,0.2664,6.6937,10.1,16.7611,7.1459,5.8374,21.8993,11.7564,8.6114,178.0795,13.457,0.0621,7.9072,12.4128,5.3666,4.6479,64.0547,6.007,5.7416,15.2942,16.1681,24.3084,2,2.5988,9.4528,35.5915,6.3727,8.9978,13.1459,18.2643,5.9239,5.5486,14.3631,16.0151,15.7493,1.8146,6.9423,14.1403,3.1421,7.14,12.0716,0.0309,9.5121,2.7425,1.753,5.9317,13.3597,0.6074,0.5356,419.3794,3.0513,15.4173,111.8612,6.1665,17.6722,6.119,0.2561,2.7716,0.507,11.7376,131.6478,7.9952,17.3506,3.5143,3.0277,8.2131,0.958,15.3929,22.2998,3.5441,339.2744,0.0083,1.0165,0.0838,10.5111,2.9537,1.9988,18.8758,15.2541,6.3895,22.5965,0.3123,0.8097,0.1724,36.1423,10.9594,3.2194,18.8429,7.9741,33.2349,7.5747,24.5686,115.9846,2.5448,1.8939,8.4737,3.8755,23.2121,1.7194,9.1926,4.2655,9.3511,0.0447,0.1091,0.0608,3.0522,0.3247,33.4834,12.236,52.581,59.6186,18.8551,10.4636,36.4662,59.9833,23.0418,51.3033,0.0569,9.5712,32.3581,46.3843,2.8003,3.5896,4.8452,46.9643,7.2431,18.7577,21.5606,2.6542,43.9365,58.7186,6.0936,8.8217,6.6514,0.7044,13.1476,7.9171,7.5345,2.1798,14.5471,5.5353,3.94,1.7782,0.4244,1.7965,1.9186,36.7778,2.1097,13.4153,26.4364,3.9635,4.3691,0.9172,101.3239,3.3299,70.3185,3.3605,5.456,15.3276,50.7997,14.1661,0.3371,15.1951,3.1209,5.2265,3.7243,6.9056,150.4051,4.7465,0.4298,22.0319,3.4341,3.2231,110.4266,3.9396,1.1398,30.8293,0.2488,22.1911,31.4943,8.8435,8.7072,11.1566,37.8565,24.4562,26.1479,3.4012,13.0233,43.7789,22.035,5.6837,13.6227,0.7564,27.5722,32.3051,63.2504,0.6816,3.0062,2.5177,2.0146,1.6731,39.1383,1.5277,23.3557,1.1134,78.3225,0.3027,0.1364,879.3245,73.8863,3.2673,7.773,0.1872,0.5237,3.025,0.0187,3.0995,2.7597,68.3943,5.6138,17.8211,20.5576,152.6715,31.8075,3.3948,0.4983,20.1137,0.0514,0.3821,1.7718,12.5677,0.2007,0.7157,92.7289,2.1406,45.9695,0.014,73.847,0.2215,4.5674,3.8298,6.1059,0.1715,10.645,5.3722
TCGA-BR-A44T-01,0.5,32.1432,29.5982,0.2443,1.4601,4.713,1.6421,25.491,11.0711,9.5217,23.9141,10.6782,13.5515,8.3282,8.979,3.7921,1.8643,0.8692,15.5264,6.1559,8.6577,10.8668,3.207,6.2991,23.3893,23.2088,25.5594,21.1429,4.3026,6.6964,22.4158,11.3824,4.092,5.321,10.2311,1.0462,0.9851,0,8.3124,37.235,122.2925,1.1929,13.8197,14.8798,59.3338,24.2965,7.7913,18.4098,15.7654,8.2214,3.2749,10.388,8.0449,19.5622,9.1128,10.5499,8.9516,3.5555,10.2864,0.958,5.6937,9.2739,26.8099,5.5116,4.8465,18.9871,16.8343,14.9703,109.6968,11.1254,20.823,8.5646,4.7864,5.5931,10.6422,72.3889,7.4576,2.3905,19.5741,22.3729,18.1367,1.5377,2.237,10.762,49.4837,6.0141,7.3835,9.6762,35.1017,4.5122,41.5064,37.3712,19.7281,15.1756,2.1272,29.4194,25.7239,5.1851,12.1148,20.4708,0.1051,14.9445,2.7127,2.0548,17.5096,23.5307,0.7655,14.0922,156.6052,9.4486,17.0252,11.1548,33.2763,34.3762,2.1693,2.2238,530.9167,95.4859,7.017,33.9208,3.4614,30.5353,4.8761,3.0239,6.8806,2.0038,18.5522,248.7117,10.1279,7.6042,0.0882,1.8846,0.7801,16.7584,4.814,1.5079,20.329,2.7295,5.7635,19.0083,0.6163,16.2913,5.8971,48.6084,8.077,1.9326,16.4413,16.9421,39.8119,9.3492,30.329,48.9299,11.5948,4.6231,6.4867,6.2357,35.6691,0.7999,0.2818,3.3976,9.3512,0.2292,0.9456,0.7568,3.5723,2.4546,14.596,14.7289,43.6379,51.0696,26.1662,18.439,21.3619,52.9658,15.9023,70.1972,1.1604,12.4155,14.9846,52.4624,4.174,20.6016,4.9959,42.458,17.8062,14.0803,20.1663,13.6593,33.6274,3.6847,7.3025,20.3974,3.2799,0.3057,69.2031,9.6723,1.755,2.1374,16.2184,4.5557,6.9153,3.018,3.2279,2.2627,5.5711,19.7616,1.3757,7.3369,44.2427,3.7722,6.3082,2.8122,20.0649,4.1457,72.9249,4.8904,3.7647,14.7478,190.4795,15.1436,6.8906,6.103,2.3194,6.1047,4.106,2.1243,132.8363,2.2189,1.1042,15.7088,7.8822,5.6197,21.3781,1.7988,0.1764,5.4449,0.185,19.7201,15.5383,11.3338,8.7711,27.1635,4.284,2.3702,37.7191,4.1409,29.9313,30.1196,31.1651,12.4839,3.0692,1.7437,13.7398,42.6317,7.4276,1.9502,5.4478,3.1875,3.4285,1.6667,5.1981,2.1434,12.0191,1.0878,110.6039,93.277,1.5181,4736.0626,55.3621,3.1889,13.7704,0.6809,6.7922,2.9296,0.0953,4.5541,7.6204,10.7578,8.734,12.8772,7.2438,97.1409,7.3213,5.2245,0.0171,36.2147,2.1885,0.4778,4.5384,11.9738,0.9759,3.7765,43.0838,0.0482,60.8796,0.0989,15.6362,0.2891,9.5645,6.871,10.0579,0.7118,6.6019,2.6433
TCGA-BR-A452-01,3.033333333,19.5846,26.0921,0.1493,1.2924,1.955,0.0461,15.5453,13.1808,2.8476,12.4202,16.3698,17.303,1.1688,25.1152,2.6249,5.616,2.7042,2.8864,5.3055,14.9109,178.5738,58.0067,13.8877,21.7394,9.7954,93.4783,33.8977,4.2782,1.1195,29.7729,15.8956,15.6475,2.3681,9.9135,47.9204,0.0401,0.0127,1.4592,32.1727,180.7459,14.4191,22.6995,50.9026,161.2055,18.4588,2.0856,1.9739,25.4566,7.351,0.4932,17.6529,6.7128,31.8286,4.3043,10.5818,19.4767,16.5126,7.6562,0.6313,10.7494,22.6308,24.4908,5.2419,7.1713,23.5674,74.8505,2.1944,171.3091,18.1826,1.9641,10.5139,6.2885,3.7825,6.1413,123.9384,10.3062,8.7723,11.079,37.5471,3.7397,0.1034,23.2836,11.1556,48.932,4.3496,4.3916,32.4511,71.8873,1.2781,5.3527,15.8955,18.8439,20.1536,0.8327,18.2767,42.4533,4.8838,18.0921,20.3051,0,16.2104,2.5741,4.1159,9.1524,25.7329,1.8672,0.6394,597.0403,7.4301,49.1927,155.7598,19.0621,14.5918,26.3379,0.8812,16.2354,2.6552,12.3112,105.978,15.4149,13.8163,2.4073,14.8507,1.5351,0.5371,30.1829,41.9901,1.4158,41.3239,0.0835,0.4792,0.0349,9.2127,22.5005,4.9105,16.6945,54.5079,4.5017,28.8968,0.4142,1.051,0.5375,112.9446,6.314,2.282,41.3623,9.04,48.0916,9.2056,48.1506,17.0149,4.7138,0.4717,9.6409,9.3859,90.6216,3.7888,5.4685,4.5322,9.8748,0.0467,1.2153,0.0463,12.186,0.5749,13.1151,6.4358,33.3761,98.5156,25.6941,9.1737,23.0536,53.703,39.2098,57.9573,47.9926,13.2575,26.7496,33.1231,2.7479,23.5258,10.5232,28.148,6.0839,10.1954,34.8433,6.9851,30.5483,22.9457,33.5144,4.1047,4.9421,0.1875,70.4529,10.525,17.2618,15.8909,31.2384,14.2115,9.8557,0.5557,0.8481,1.9903,0.763,52.6077,2.7585,11.6666,141.2396,8.9183,10.4859,0.5416,18.7383,2.6361,60.5024,9.742,5.6908,12.819,82.1782,20.3648,10.7355,6.6996,3.7285,18.766,15.3669,3.7956,140.2717,10.5485,0.5762,30.6931,2.7588,4.1114,109.919,5.6761,0.3607,7.4096,0.2317,63.7252,47.2414,12.8779,10.0922,20.7152,21.338,4.6084,58.2909,15.2782,12.2278,27.352,13.7802,20.606,7.1122,15.9213,27.261,106.5576,17.8597,0.1331,6.8858,7.2824,2.0773,5.8273,20.3765,1.1962,24.1611,3.2652,55.2304,1.9332,0.3279,334.4253,80.4132,2.8905,28.3467,0.0895,0.4631,7.9718,0.0252,3.746,3.283,22.8153,10.493,24.2074,13.2536,91.704,12.8406,3.3293,0.0174,11.5149,0.0966,1.8965,1.2017,9.3012,3.5569,0.1608,96.4888,12.0052,129.0107,2.1284,44.5094,0.0569,4.3456,15.27,6.833,0.3818,4.1715,8.255
TCGA-BR-A453-01,1.8,55.6409,47.7906,0.2479,1.2276,3.575,2.7846,14.6706,7.7671,2.2271,17.981,7.2809,14.0152,2.1812,6.2171,1.9804,1.0098,0.2506,0.8563,2.9747,8.0448,5.0205,0.697,4.5496,18.341,14.8237,28.4066,9.4498,3.5812,3.7622,11.4258,9.7152,1.6469,3.0066,15.9105,0.8385,0.2006,0.0179,11.8942,47.3227,117.9505,1.2735,14.1339,11.5367,146.6963,15.378,4.2156,2.2039,8.0899,2.4494,4.5702,6.9075,7.0732,12.9639,1.2863,7.3883,4.7152,2.1793,8.6365,0.5842,3.382,6.7935,15.247,3.5597,4.5909,16.3363,13.0058,13.3914,83.7056,4.8585,0.1911,7.7097,11.5473,3.6702,8.6625,90.8996,2.4844,2.3203,17.8617,24.9333,10.3318,0.9064,0.3392,7.6611,22.3096,6.4199,5.8085,9.0822,21.6668,7.4653,6.344,47.8749,13.9375,13.5803,1.0732,10.1956,13.4447,2.4272,8.4497,11.0363,1.0764,15.9619,1.1164,1.3162,29.4596,15.133,0.3123,0.8583,179.1608,2.6482,7.5003,14.8812,42.1465,14.809,1.7898,0.4222,4.5297,2.1487,4.2248,33.5255,3.0373,25.5411,7.8356,2.1102,12.2271,1.1131,11.0134,22.4415,10.3475,5.4407,0.012,2.4655,0.473,12.299,1.4617,0.7642,39.2347,0.6732,5.3995,10.6215,0.7269,1.0912,0.2261,312.7159,4.1457,2.8743,19.1457,7.1282,34.2303,6.7162,23.7716,5.6015,3.4192,6.9746,5.9198,3.2559,57.4411,0.4065,0.4279,2.816,6.0065,0.1344,1.7108,1.0712,1.9704,1.0707,33.0741,49.6588,44.0272,34.2522,23.4966,25.101,30.6466,58.7252,15.7057,62.9405,2.5968,5.6916,16.8266,46.3727,4.1439,2.5422,2.1679,47.197,5.3849,14.1684,12.6242,14.2533,28.0139,2.0229,3.8783,37.178,3.6144,0.0153,23.319,10.4513,1.2637,2.7491,11.0936,1.9143,3.1408,3.3699,4.7594,1.596,2.8069,26.776,1.6321,7.2233,36.6721,5.3811,1.3685,2.8487,12.3119,2.5237,84.9299,2.034,4.5086,11.3169,100.4724,8.3777,0.6616,3.7954,1.375,5.0894,2.1786,2.5583,121.1187,1.2918,0.6719,11.0988,1.9066,2.0246,4.6414,5.4672,0.0509,4.2384,0.0238,16.6997,54.977,6.8994,4.0558,24.3688,0.2184,2.3249,24.1376,2.9811,15.4144,15.1134,7.2235,13.8432,1.0699,1.4855,27.9936,25.2363,6.6245,2.7712,5.1696,2.4157,2.1792,0.8632,9.307,4.2013,13.2319,0.7189,268.446,1.0989,0.3211,730.0042,76.2653,1.94,5.6161,0.6683,0.4071,2.2612,0.0023,2.3575,9.1378,3.899,7.5265,7.6459,9.362,22.8527,8.0838,5.7941,0.0078,16.6218,0.0519,0.4783,2.1875,6.525,0.3863,9.8224,59.2047,0.305,60.2023,0.0215,11.1502,4.4632,7.2695,5.0351,12.4441,1.0084,6.8554,3.0789
TCGA-BR-A4CR-01,1.633333333,28.5667,30.4442,0.0114,1.6934,3.4093,0.0888,46.0085,23.2199,5.9302,14.8996,14.9469,15.55,7.3654,15.4741,5.3027,6.0048,4.5963,1.762,6.7249,16.6154,130.0728,28.4499,3.4745,38.9882,16.6079,39.2332,29.0113,4.7817,6.3258,24.8768,2.3518,17.8305,5.2945,3.6702,0.6663,0.4581,0.2483,0.1351,52.0523,125.5288,14.0321,15.9242,16.1545,73.6573,17.9982,2.8238,1.406,29.7695,7.8514,34.2362,25.4646,21.0867,25.1278,4.8255,15.1679,19.4378,35.9083,11.5781,0.5046,24.8287,29.5411,17.103,6.913,8.9855,16.8758,3.5151,15.8656,190.4327,24.9906,19.888,26.5719,5.3216,3.8878,6.922,123.6635,3.8392,4.5357,8.302,63.1546,11.1603,22.9217,1.5941,19.1192,76.4969,7.9083,12.6435,53.8238,39.5641,1.1946,5.0314,13.2788,48.0043,16.5465,2.2913,10.3759,29.0852,3.3681,12.9859,27.6333,0,31.3398,2.6223,7.2268,4.5823,28.2615,2.5919,0.3899,521.454,4.3954,21.514,4.6408,3.8356,23.2624,8.9258,0.6268,1.4171,0.1831,14.563,44.7141,8.6277,59.4088,13.7818,8.0323,3.3971,1.155,19.7699,17.5586,2.342,32.2781,0.0196,2.3537,0.064,26.2467,8.9169,4.6266,4.5532,0.9353,9.1345,25.4803,0.194,0.5459,0.1527,75.4952,17.8108,2.2402,26.4486,15.5229,47.439,7.5562,50.8269,14.1912,5.9272,1.0889,18.6487,7.0974,197.9996,2.1539,0.0214,12.4825,11.2216,0.0366,0.0189,0.0543,4.1438,0.4674,19.1179,27.3757,57.2904,108.5486,21.9977,5.6888,117.8818,45.2545,14.2167,54.5027,58.9013,29.181,33.3142,44.6619,3.5311,13.9614,6.5295,8.8105,4.5662,17.2813,40.1204,12.8443,27.4992,18.6845,17.1484,3.9472,6.2267,0.0094,23.0701,26.0177,2.7054,9.9934,37.832,19.6626,8.0088,0.4169,4.81,1.1934,0.2897,24.6506,7.5401,14.7132,16.1138,13.2463,3.8756,3.3655,239.863,2.1492,73.7948,9.9506,6.5328,14.7566,19.2435,14.7015,0.1331,6.7161,2.1304,35.4464,24.2373,1.4146,109.4472,3.3593,0.7149,40.1106,1.7412,18.6256,11.7753,4.69,5.6298,9.5284,0.1435,71.8312,19.1556,15.7342,36.8956,14.3228,6.5847,8.8263,46.4307,5.7934,24.3486,84.6551,5.8022,34.8308,3.5243,21.4375,19.8762,102.0564,16.3339,0.3456,5.9299,5.8256,3.7225,5.4819,2.4855,0.6768,34.462,3.3588,64.0297,0.1603,0.071,140.39,46.0297,4.3647,24.5303,16.3815,0.3803,6.4973,0.037,11.9375,1.7749,5.2555,4.5899,40.7687,2.434,56.2814,2.8138,4.5642,0.0755,9.7163,0.0104,2.4405,1.4687,4.7903,0.6265,0.0455,100.829,2.415,9.3202,0.1115,42.4408,0.5955,6.1357,17.1762,3.1014,0.4753,12.2457,3.791
TCGA-BR-A4CS-01,4.333333333,10.1322,26.0818,0.0053,1.4473,2.3902,0.1248,15.1612,11.5926,2.0065,24.0641,10.4157,11.0578,0.5187,5.5372,1.6395,2.9467,0.7918,0.4655,1.7717,9.9433,136.1283,35.9964,19.7758,12.2218,9.318,19.2578,18.6847,11.0958,1.224,16.5439,31.702,3.6404,3.3219,0.2333,14.3414,0.0967,0.0273,3.0096,22.6803,221.6796,9.6763,15.3767,58.0252,110.9908,13.4913,2.121,2.3023,25.8107,7.1109,0.6447,6.9826,7.6596,28.6635,2.765,13.0524,11.2905,8.3325,7.2081,0.1117,7.8594,9.6967,16.8768,7.3133,4.9944,14.8769,6.3318,3.773,77.4856,17.8397,0.0106,5.013,4.6785,3.1658,2.2401,56.5644,4.9349,1.8287,14.5571,22.7931,10.9417,0.2782,8.3746,5.387,42.3903,3.6377,3.5953,15.4621,30.4139,1.2086,6.8174,22.7282,23.6082,13.8105,1.283,12.1767,15.1204,3.5875,6.1429,18.5103,0.0631,7.6931,2.7106,1.3598,11.3106,16.5484,0.6497,0.6632,547.9257,19.3448,54.2521,353.8072,6.9979,19,2.7504,1.0094,2.2431,0.7225,8.4494,128.83,1.5915,32.3205,6.4464,4.856,4.5785,17.2985,18.8137,8.8959,2.7449,42.2014,0.0246,1.9189,0.1408,7.6071,8.3806,1.2485,4.2118,12.2799,7.1706,18.7194,0.3555,0.6035,0.7759,63.6747,6.1818,7.2766,15.5943,5.7855,34.6899,5.9711,25.6735,8.0494,4.0586,1.3401,6.3034,4.8857,10.9024,0.6866,0.3489,3.5717,8.1721,0.078,0.0329,0.0314,8.0789,0.5485,36.6704,9.2095,49.2922,64.3842,18.2999,20.7541,14.9026,62.7817,17.8712,45.5955,18.6444,8.9333,76.2829,48.9687,3.1465,3.7874,1.2076,36.5148,21.3843,11.7844,24.642,3.065,53.1655,14.7139,15.1274,9.9907,4.3733,0.0532,22.4065,2.5044,11.9375,3.4932,13.0433,3.8341,5.2904,1.543,0.5421,1.2629,0.8869,30.9483,4.5624,10.3322,29.8683,0.9934,3.7862,4.5536,7.0219,5.8178,83.6701,37.8117,3.0504,19.5363,90.691,20.5385,0.3166,9.9291,6.0691,5.9388,7.6512,6.1598,342.0977,4.0649,2.0915,22.7995,4.3509,2.5875,34.2668,2.7235,0.0969,11.0698,0.0529,53.2792,29.6721,11.6406,4.4444,9.91,16.7588,6.2964,35.673,6.1104,11.1432,61.2194,18.5989,7.5847,11.6091,0.5604,34.263,30.4773,10.5803,0.5378,5.6263,4.852,2.0134,3.3999,5.9338,3.4567,64.7491,0.8714,16.7573,0.4377,16.415,325.0937,55.6326,1.9568,17.4803,0.4711,0.6849,6.1445,0.0764,2.7244,4.1727,13.5677,13.7824,12.3709,15.8542,90.5007,12.2192,2.9181,0.0608,13.6808,0.1663,16.0428,4.0656,8.2597,0.1184,0.0399,108.8586,1.8844,114.6313,3.5118,50.8681,0.1209,8.9333,8.1668,12.6587,0.4572,4.5029,4.8891
TCGA-BR-A4IU-01,0.7,41.6917,39.8713,0.0763,1.9709,6.5375,2.01,22.6589,11.7742,5.949,22.014,12.2258,16.9975,6.6806,9.2661,3.9931,1.9809,0.8778,8.3006,5.6799,9.5923,45.8059,0.5881,13.5698,19.742,23.0694,33.4538,12.2017,3.9338,7.2505,20.8735,25.7778,2.7278,4.1358,12.3987,3.1847,0.7749,0.0092,2.1707,46.342,93.1299,2.2265,12.7422,24.9434,85.5449,24.9751,7.8566,5.637,22.33,9.1689,11.7334,9.5652,7.7087,16.3071,6.7623,11.5714,7.7892,12.19,9.4854,0.5958,4.8755,8.2896,21.6593,6.834,6.4554,19.6598,16.3941,17.5791,88.5351,9.8511,4.8044,11.6806,11.8665,9.2835,11.2447,82.2011,4.0371,13.344,21.9664,34.5312,17.8815,0.5266,4.105,12.421,39.6172,6.6896,6.6833,15.1739,25.2754,6.0634,8.3078,40.6575,19.083,15.9241,2.1679,12.6491,16.641,4.59,7.442,16.5008,0.0039,14.2302,4.7536,2.5434,17.4484,19.2473,0.5508,5.1541,218.9503,6.3966,15.6515,25.5841,36.7739,15.4634,2.2626,0.6511,59.9223,15.5079,8.6869,30.8463,5.3765,31.6413,4.4634,2.6061,13.0869,2.5135,18.8653,75.9955,22.7924,16.2943,0.0077,2.7325,0.6136,12.6006,2.9862,1.9461,23.7972,4.5977,6.565,16.2874,2.3967,6.3187,2.0458,77.8145,7.2496,5.2813,21.9444,12.933,36.2163,6.129,34.4712,8.0292,5.4279,6.6561,8.705,4.4056,33.5934,1.3854,0.7151,4.0373,11.074,0.1894,0.884,0.1769,3.4387,0.9667,42.9626,13.2838,51.6596,49.1816,24.6914,16.342,26.9495,37.3617,18.0277,63.697,0.1685,10.8367,20.9456,65.8821,4.7294,9.1892,6.4032,49.5226,8.1687,14.7152,21.6667,16.279,32.5694,7.2133,3.5429,29.2747,2.9311,0.0896,19.1988,13.2791,2.6665,3.3273,18.8815,4.4922,6.044,16.9788,0.6917,2.4516,2.9414,26.3007,2.7136,9.6849,30.96,6.2995,3.5459,3.8487,10.3524,4.948,75.5179,4.5497,5.3381,18.4199,62.3798,21.36,1.4245,12.9528,2.5739,4.1046,3.4015,4.3994,117.6591,1.6024,0.7129,14.9478,4.7653,4.1444,36.6696,2.1367,0.0126,7.3093,0.0265,33.1489,16.0781,11.1127,6.7435,20.8086,7.1342,9.9168,27.2092,2.9902,21.2971,24.1474,18.3869,10.1738,7.8317,2.3599,25.2374,39.5381,17.4655,1.9593,4.6082,4.6333,2.8342,1.1721,5.649,4.5241,10.9744,1.1411,67.6248,11.8068,0.3887,1519.0404,115.3983,2.873,7.6734,1.1743,2.6896,3.0385,0.0224,2.6385,7.1343,10.3089,9.0482,15.1334,16.646,75.252,8.1456,6.1986,0.0032,22.9785,0.3157,0.2006,4.5773,9.4674,0.7053,0.343,81.5,0.025,126.6123,0.0987,27.0117,0.1161,6.7148,5.5478,8.0666,0.6891,6.4861,4.4063
TCGA-BR-A4IV-01,0.6666666667,52.1238,35.0217,0.0646,1.3608,4.6009,0.8891,18.6903,11.3144,4.9757,24.1128,6.9937,15.7177,2.4476,6.4044,3.2095,1.104,0.3188,1.7456,4.4383,8.6569,6.2302,0.5189,5.9226,21.3318,17.824,35.494,14.7513,3.9276,6.1509,16.7449,12.3502,1.419,4.6868,15.204,0.5252,0.1563,0.0493,1.4306,39.7779,88.5567,0.7346,11.7187,14.5016,77.1535,23.0308,6.2307,3.7068,12.8441,3.5898,4.294,7.0448,7.2658,15.3073,2.539,10.3361,6.1977,5.4747,8.7913,0.4884,3.4177,9.7203,14.8973,5.9437,6.0455,21.2741,9.3716,23.7582,79.7422,7.7537,0.4155,10.4569,15.448,8.203,18.2608,62.1285,4.312,4.8502,17.2196,37.7757,11.2709,1.1402,1.3862,10.886,35.0843,5.8854,7.5916,9.9764,15.1084,7.5694,6.6747,33.5627,15.526,13.1266,1.7742,13.4931,13.405,4.7431,8.6185,14.5697,4.6591,13.2586,2.1218,1.5088,27.8848,17.8531,0.2117,0.8682,228.1711,2.7753,8.3142,14.9975,42.9503,10.4319,1.8774,0.7036,10.097,2.2184,6.0348,27.377,3.498,22.8757,5.0713,1.7,8.6897,2.3038,12.6989,12.169,40.9261,5.7473,0.0315,3.2357,0.3781,14.2619,1.5751,1.5267,32.0843,3.1961,6.9413,13.1131,1.341,1.3339,1.4648,93.0439,6.6761,6.821,16.6551,11.3283,27.9903,8.3875,33.4134,7.7137,4.3559,7.7487,7.7903,2.8099,31.8868,0.5927,0.6768,3.0336,7.5443,0.4191,1.2491,0.5906,2.3629,0.9326,28.955,35.1845,51.9581,31.7744,26.6186,17.8338,23.0552,31.98,13.8223,47.0356,4.8952,8.7368,18.4277,77.2053,4.0741,3.6733,5.1484,52.7412,4.7449,13.2934,14.6031,21.5825,27.964,1.4951,2.1272,37.9405,4.03,0.075,15.9479,17.684,1.7445,1.6771,13.6224,3.4426,5.5343,7.818,0.3491,2.4653,3.9161,21.3098,3.8499,8.9489,37.2428,7.6153,1.2577,1.7778,12.3063,2.6806,79.8366,3.1817,4.8557,13.0081,62.1011,13.1999,0.3224,5.6311,1.4436,3.1376,2.5622,3.8702,121.2894,1.0913,0.3883,11.7587,2.5683,5.1705,12.4134,1.7723,0.083,5.3047,0.0137,15.6567,34.4772,9.1121,5.914,19.1112,2.4669,5.7785,25.686,2.4708,18.01,16.3259,9.5593,16.6787,1.9008,0.6668,23.7933,29.9357,8.7685,1.6563,3.8706,2.7904,2.6055,0.7721,21.164,4.773,13.7859,0.4277,61.5097,0.7714,0.429,574.6901,76.0845,3.3095,7.2241,1.8519,0.7505,2.2446,0.015,3.0683,8.8591,5.3408,6.7064,10.3784,13.5349,37.1021,13.4998,7.4158,0.009,16.4603,0.0209,0.5363,2.5792,5.3971,0.6844,0.8505,38.6611,0,76.5906,0.1197,13.6005,0.1996,7.0203,4.8114,7.3197,1.4492,5.326,3.8611
TCGA-BR-A4IY-01,4.1,20.9837,24.3107,0.027,1.4683,2.8534,0.1755,19.9205,10.0047,3.734,10.859,13.0248,18.6415,1.2384,6.5074,4.6397,2.9273,1.165,12.8813,7.6306,7.7291,68.1177,20.0041,6.9392,26.5533,19.0105,33.3253,23.8431,10.616,45.7365,16.9205,41.5345,8.8494,3.4614,11.3841,39.3409,0.1568,0.0133,1.4963,22.8151,109.3517,0.119,39.7704,30.936,25.4067,19.9247,9.7003,5.039,14.1403,3.7551,1.1402,10.1477,6.376,22.6857,4.7993,8.021,18.4452,102.352,6.9767,0.1103,11.5163,19.9274,23.7703,7.2472,12.9246,20.787,11.943,11.1583,131.58,10.7601,0.3696,4.2866,10.964,5.6994,5.5782,79.1169,12.9156,1.7722,15.7274,15.3646,15.9383,0.207,4.1144,6.1534,36.6302,4.2676,3.7838,18.7796,31.1115,3.7668,20.5183,14.2452,15.3072,13.9636,1.6606,17.0924,37.8557,2.9172,7.0146,11.5003,0.63,14.6219,2.729,3.0864,9.8763,18.7879,1.8735,2.0816,463.5226,5.1314,20.106,52.5669,10.2751,16.2311,4.2986,5.8438,20.7434,2.5622,12.856,33.6509,13.9586,18.7531,6.014,5.5843,15.9037,2.4282,15.7577,8.8743,6.3986,10.8589,0.0024,0.8837,0.5612,11.4672,19.3914,2.0709,10.2867,1.7336,5.2309,26.143,0.1997,2.1817,4.0938,53.3127,6.1464,2.844,51.4915,10.0315,29.2836,7.5871,24.0182,11.0608,1.632,2.9003,8.6371,3.2602,42.803,4.0605,1.4567,7.8688,7.5072,0.1409,0.0296,0.0151,7.1131,10.4913,69.2654,26.3883,42.4507,45.0448,16.2352,16.4804,37.1965,51.9402,8.7321,64.0051,0.1721,12.1929,39.253,51.9217,4.2878,3.7087,9.4232,23.1513,6.7699,11.6152,33.8134,4.2555,27.4399,19.6324,18.4683,43.522,3.371,0.0486,12.7796,3.9663,4.9253,6.0677,19.2317,3.0839,10.138,0.549,0.2249,1.6293,5.184,25.2198,1.5286,12.3589,34.0515,14.4289,6.4868,6.6946,2.8709,2.1039,92.8564,5.8874,4.5847,12.3022,53.738,10.8338,3.0909,7.7283,4.6975,10.1887,6.3865,0.3312,200.625,5.2099,0.7043,19.842,5.2713,3.5101,43.5949,3.5304,0.0428,11.3369,0.4785,38.6127,37.5672,11.2011,7.1427,21.1857,2.5023,4.9006,32.9187,7.943,19.6076,26.7172,15.905,9.3996,6.8902,0.5666,34.8212,26.2187,12.9597,0.1853,0.9369,3.7245,1.4387,6.2853,30.3686,0.9555,16.8583,2.4759,26.8858,0.893,0.9843,2503.4038,77.3835,3.6853,17.2206,0.1494,1.4042,4.9978,0.0357,4.8379,3.9491,15.398,10.9425,17.338,29.2947,87.3014,2.408,3.5911,0.0195,23.5296,0.1134,0.0913,1.9103,5.4749,0.4702,0.1013,162.2749,0.036,18.2155,0.0252,88.0666,0.0721,9.4836,8.8124,8.9446,1.0789,5.2573,3.5661
TCGA-BR-A4IZ-01,0.3,31.8849,27.9011,0.0316,1.3821,5.3455,1.0811,17.2275,9.7519,6.0568,14.3405,8.7372,16.035,2.9933,5.1224,2.7778,1.559,0.7664,2.7216,4.5198,8.9049,11.2464,2.4725,8.0653,25.0725,18.7854,45.8989,17.6532,4.6582,11.3265,15.9206,20.9802,2.213,3.5984,5.4472,3.6129,0.3258,0.0267,1.8757,29.5854,112.1658,1.1492,10.7305,30.8301,41.9902,23.7234,5.9639,5.1545,16.3745,6.6498,1.6528,6.2961,10.1456,15.9155,12.4077,9.1776,10.3066,9.6001,8.4302,0.1233,5.8734,10.3529,31.4017,6.4778,6.8393,28.4681,16.5644,28.794,114.5945,15.2869,0.4991,9.0291,19.7859,6.2646,10.8567,70.4815,5.5818,8.0895,25.5758,17.4045,15.6567,0.5548,1.5177,8.9579,33.16,6.9862,7.016,11.4023,25.1228,18.4998,19.8161,14.4188,14.3736,12.615,2.2197,33.052,25.9497,3.3872,7.613,16.3761,33.3553,13.23,2.2849,1.1924,16.4696,14.7398,0.6066,2.0263,329.315,5.0181,17.9796,20.1604,26.791,19.5817,1.7387,0.5049,14.1336,4.969,6.2819,50.7025,9.887,17.0285,5.0966,2.6779,19.4956,3.1976,14.8496,65.6605,14.6569,7.3523,0.0713,5.282,0.7612,8.6824,2.5793,1.9046,19.8308,3.8539,6.1094,13.9227,1.2914,3.2232,0.8055,321.8965,6.1721,17.8678,19.3055,8.5201,35.368,8.2259,25.5195,13.9817,2.9999,2.255,5.6728,2.9856,78.9305,1.138,0.6626,2.4341,6.4858,0.0629,2.229,2.5263,2.7664,1.2409,90.2914,46.8002,57.1045,33.3143,19.9806,45.1828,21.1422,37.2086,13.5666,64.57,1.0699,9.0484,15.2875,60.3654,7.7177,4.8253,4.6106,66.5657,5.8496,11.5438,21.3602,10.2074,24.4272,2.1024,3.3511,25.5813,4.2012,0.013,22.9794,4.2016,2.8989,3.2141,15.5354,4.476,5.3722,5.1341,0.4953,1.8783,10.0711,19.1718,3.0601,9.2674,66.913,5.1141,3.2331,1.8231,7.9636,2.6311,126.8498,3.1215,4.7478,12.8997,131.6385,11.7163,1.4515,5.0424,1.8045,5.5073,2.7524,5.0522,109.8935,2.2714,0.651,14.1872,3.3653,3.1579,16.612,4.8088,0.0303,7.8654,0.0088,29.4093,43.5348,8.5759,6.6046,16.7868,2.0693,8.3226,20.6745,4.685,15.5701,17.8071,12.4079,33.2319,6.4016,0.7526,67.7216,26.2655,13.6591,0.7121,2.9861,3.1849,1.6036,1.5203,23.088,4.6071,17.4064,0.6747,106.3768,4.9857,0.3846,1225.9683,72.9601,2.5494,8.8701,0.2528,0.9284,2.6406,0.0184,1.9531,12.2439,11.1583,7.2488,9.396,21.1312,111.6774,53.5575,4.182,0.0617,18.5069,0.0917,0.5533,3.8155,8.498,0.5087,0.0557,55.3195,2.2972,31.153,0.0149,14.8022,0.2583,6.4323,4.7291,8.2846,3.5297,11.3114,11.2917
TCGA-BR-A4J1-01,1.966666667,16.4854,28.4686,0.0148,1.5688,2.318,0.0773,20.4142,18.66,1.9566,10.4182,17.2804,15.3877,1.2507,7.6429,4.5403,7.9234,1.7552,0.8203,3.7209,8.4821,64.1383,0.0986,78.0664,16.4251,17.4516,28.1089,20.1142,11.0121,4.5245,20.0573,37.4647,19.7212,4.7779,10.2118,19.1746,0.0221,0.0554,0.9083,55.1577,237.344,20.0016,20.1826,140.5437,113.5304,13.1557,0.8733,1.2415,12.7385,5.226,0.3763,17.0917,129.272,16.3626,10.9969,15.1984,16.7304,12.4047,9.0161,0.3413,18.8703,15.2367,17.2654,4.4659,6.1596,17.44,4.5534,9.3643,312.2462,25.2421,0.0385,6.5396,8.6234,3.3544,3.6581,123.0229,12.9686,4.205,15.4461,28.114,18.9739,0.1415,4.0632,8.4917,61.4848,6.6157,8.3474,23.7759,47.8832,6.7395,4.1058,12.95,16.6305,27.5263,1.3117,13.4188,2.1479,4.7354,26.578,18.1709,0.3069,15.4687,2.488,2.2818,5.6028,23.9324,1.9503,0.1554,321.9051,6.1622,30.3352,31.7867,40.1548,9.5313,17.2019,0.2881,1.0779,0.4005,10.8366,121.3221,8.9722,39.0685,1.8397,13.4944,9.1779,0.3301,20.026,23.6356,0.7467,74.9883,0.0138,0.9403,0.057,12.4932,9.8081,2.6119,2.3795,61.0293,4.5051,28.3568,0.2474,0.2846,0.1848,107.6553,8.6338,4.0329,18.1229,6.9588,58.0283,9.1358,20.3248,8.5382,5.512,0.4592,10.0784,13.8043,147.379,1.5564,8.1664,7.8416,5.8324,0.015,0.4275,0.0782,4.0004,0.2432,13.6978,14.5642,29.8485,147.516,29.0305,20.9377,38.4594,172.0916,26.4341,72.3985,1.877,16.9685,50.2319,21.623,3.1607,4.4546,1.203,12.32,9.2572,8.2065,46.5976,4.7374,16.4364,46.3016,67.3952,7.0738,6.4213,0.1485,17.5232,10.4333,0.7781,8.9828,18.5514,12.413,10.012,0.165,0.4886,0.9225,1.059,60.2744,2.1116,8.874,37.094,7.0881,7.331,0.2104,13.4616,4.497,75.963,4.5113,4.3023,13.7658,78.1456,21.8886,0.2491,6.8909,3.4156,36.6007,15.1879,5.4659,234.1543,8.4724,0.819,24.1692,2.3908,3.4211,123.56,6.9697,5.8241,41.4204,1.779,56.2395,9.9693,12.2319,18.941,32.9184,56.7255,2.9511,52.5319,7.5056,11.742,86.88,9.6415,3.7344,3.2252,3.9558,27.3969,54.8513,18.7874,0.0693,4.0053,4.8692,5.1999,13.8145,16.1301,1.4276,34.4705,4.8834,63.211,0.1417,0.1648,172.4882,75.5236,1.9504,20.7021,0.0926,0.2394,0.562,0.0091,3.953,4.8916,12.9017,7.6187,21.9659,30.3175,147.8791,106.6882,4.1922,0.0697,13.6058,4.7387,0.2896,6.8435,5.8324,0.1092,0.0939,221.2437,9.232,46.4867,1.4877,29.6207,0.325,9.7432,9.5345,2.7866,2.7988,5.3763,12.5775
TCGA-BR-A4J2-01,1.066666667,43.0123,39.0345,0.0686,1.3965,3.7559,1.0651,23.7746,13.6312,6.6249,15.7705,16.3064,21.4669,3.4569,9.8074,4.8614,3.0808,1.5,8.806,6.3043,9.0436,37.7852,1.3088,2.2832,30.2865,24.6581,41.8473,21.3694,4.1646,14.4639,21.6539,25.985,5.7996,5.2366,4.9675,1.8751,0.4915,0.0733,3.1499,43.9961,108.9068,3.6021,12.7458,43.6441,39.0445,30.1522,6.409,14.7623,14.6704,4.5693,5.2951,12.0925,50.7619,19.0648,5.1301,15.3891,12.5935,15.608,9.5725,0.3117,8.0559,10.611,30.379,6.9522,6.5957,32.522,18.1605,15.8928,81.1464,13.1077,9.962,9.0084,17.724,7.5646,11.0422,74.1308,8.9055,3.4236,18.5513,19.9408,25.972,0.5674,2.3326,12.0712,50.5194,6.3067,6.4951,17.7161,32.8857,7.4522,19.0707,16.7432,21.7238,16.2218,2.1631,23.8096,20.3068,5.157,9.9945,18.2859,2.0688,14.2744,3.555,2.0545,47.474,23.3941,0.9303,5.1073,335.0765,6.6512,23.5757,19.2453,22.0119,28.1465,2.373,1.6197,132.9571,33.1454,10.1082,41.0823,5.4297,22.9094,4.8525,3.5473,11.8579,6.9052,18.1973,68.7142,22.1915,26.169,0.0726,6.4655,0.6513,12.2123,7.2047,2.4061,14.9272,10.3684,6.0069,23.1306,2.2271,9.4552,3.7867,83.3363,8.2184,9.3384,20.9802,13.0584,39.8172,7.6624,26.4424,10.5575,6.099,2.208,9.924,6.4696,42.4256,0.5817,1.4535,5.1729,11.1068,0.4949,1.616,1.8977,3.2761,1.4908,67.8603,32.6142,56.2658,55.7889,28.2061,21.4094,19.3291,42.6201,19.1637,57.3848,2.7528,14.963,23.8639,79.207,4.5827,15.0835,7.9423,72.7847,10.5457,15.3303,22.8534,12.1015,29.7187,8.8262,11.2922,26.0318,5.4564,0.0178,34.8477,11.2779,3.6662,2.861,17.2434,7.1144,7.4982,7.8396,0.652,1.9315,8.7161,21.4617,6.7567,9.92,68.3227,9.2688,5.2337,2.4647,19.7564,4.0212,103.2775,3.9348,3.7682,10.6902,98.8722,18.2815,4.7585,9.3257,1.9411,7.719,5.1513,5.9894,117.7781,3.5403,0.8242,19.5235,6.4267,3.4164,79.4094,2.5167,0.5336,8.8574,0.1306,22.6707,53.2436,12.131,8.4766,18.6505,21.7869,17.7169,33.5202,4.3089,22.6585,38.1441,16.7371,15.8367,7.5595,2.0053,60.6232,47.4359,24.7526,0.6891,4.6519,4.6166,3.051,2.8037,11.5996,6.4879,24.4411,1.8341,74.0912,35.9574,0.7245,1469.9351,69.4265,3.1264,14.022,0.7608,8.8505,2.2969,0.0331,3.6695,7.2568,13.6581,8.96,16.0701,39.2553,89.8785,15.2892,4.4605,0.0157,27.017,1.0613,1.2949,4.2438,9.0752,0.4655,0.5007,92.9219,3.073,55.4401,2.8083,32.655,0.2671,8.0389,6.6693,8.907,2.0074,6.2173,5.4073
TCGA-BR-A4J4-01,2.466666667,30.7446,43.9015,0.0052,2.3237,3.983,0.1321,20.0438,8.1837,3.8178,17.9349,10.4549,12.5003,6.1873,6.9962,4.0738,3.0113,1.2536,1.4323,4.2287,10.7338,118.989,10.1264,12.3525,22.3157,13.6159,39.6215,17.2615,2.4128,36.182,19.4842,2249.3777,6.5116,3.5606,0.5219,49.7128,0.1355,0.0171,1.1836,42.7623,135.1293,7.0665,21.4266,57.4457,84.944,28.5028,8.5821,3.6296,15.0841,5.2616,0.5582,9.4212,13.0395,46.7383,8.1508,9.0894,14.8129,39.653,6.4432,0.1249,9.2884,12.1835,15.7688,9.0784,11.4766,28.6429,25.2093,22.1298,162.1739,16.3252,0.1964,5.1897,6.5961,10.3008,15.2427,86.6131,5.0187,3.1804,16.2311,29.5264,36.4333,0.0555,16.6349,7.0627,44.2248,5.8742,8.1063,14.8256,30.9147,1.0909,6.3245,18.197,21.0737,17.6483,1.2079,9.3304,28.1656,6.3705,13.2234,15.7173,0.2606,16.1405,5.8521,2.6516,10.7888,16.3239,2.0728,1.1639,299.6865,9.2714,46.8379,83.5483,19.6349,23.5592,2.2826,3.798,5.9471,1.7438,11.8449,68.2542,34.2425,13.4722,2.8589,4.3059,14.2609,1.4656,20.8362,12.3078,4.3521,25.6112,0.2987,1.0982,0.1063,12.6348,4.0315,5.3583,3.4404,30.8027,8.109,13.9037,0.3172,1.9464,0.4987,41.5515,7.2352,2.7895,23.5009,9.8702,31.0487,13.0664,31.55,37.3649,4.8703,4.341,4.8082,3.1964,30.3732,1.1621,0.2023,4.3788,10.4645,0.0448,0.1829,0.0508,7.4284,2.7791,20.9563,14.1154,104.2243,40.4132,14.5228,25.6642,96.6266,32.3544,13.0955,72.433,0.0728,8.2261,110.0052,86.1396,3.2773,27.2265,1.1314,34.4296,8.8897,10.3626,24.4968,3.3816,27.7168,9.3603,6.573,8.7719,2.4119,0.0776,20.854,5.5698,6.544,5.3896,45.7099,5.0196,8.5032,0.229,0.106,1.5592,13.3831,20.9425,2.0229,19.7837,16.6501,9.4864,6.2962,10.0956,2.1019,8.6777,122.9545,3.6793,6.7213,17.9621,48.3011,18.7766,0.4461,16.2373,7.9464,8.0934,7.574,4.2046,303.963,2.6578,1.1465,16.7438,3.6879,3.8361,80.8547,6.3225,0,41.8474,0.8342,242.388,166.5372,12.4302,6.2397,12.8739,14.3958,10.2747,35.5424,6.8239,32.6259,63.2388,22.8148,4.7275,13.8547,1.9475,18.127,31.8837,26.2763,0.3501,1.0607,3.2383,1.171,3.0728,19.8658,1.3071,29.2552,3.0099,48.4393,1.0615,0.3578,1636.6288,129.0593,2.5649,12.5421,1.827,3.0995,14.6462,0.042,5.1482,2.9404,19.7195,11.3717,16.5691,52.9333,126.2179,15.0898,1.3,0,29.4974,0.4708,0.0212,2.3158,8.4933,0.3792,1.0562,126.1397,0,29.6605,0.0205,150.2506,0.0621,10.2313,5.5257,8.691,0.2162,10.7033,5.9199
TCGA-BR-A4J5-01,0,33.1167,36.7514,0.0471,1.0113,4.329,0.7381,17.8551,8.4203,3.9946,20.5845,10.8336,13.556,1.6233,6.8537,2.7324,2.1074,0.9365,6.9898,4.8133,11.2969,75.7415,1.7536,11.3923,18.0003,17.6131,40.0658,14.0447,3.2396,4.513,17.713,20.585,4.9967,4.6652,6.9861,4.0276,0.2269,0.4915,3.2808,43.6124,84.7374,3.7788,13.2776,54.2262,63.9089,21.8809,5.3202,3.7461,11.3238,4.1421,5.0753,6.923,9.9771,18.6135,2.6382,7.4488,6.4352,9.4693,9.392,0.5315,5.2368,7.8291,25.0797,5.8345,6.5284,20.4421,11.3746,12.8753,80.4737,13.3822,0.4686,9.8356,26.3489,5.6418,9.1005,71.5674,10.9095,6.6941,17.7833,24.6122,14.2792,0.1964,4.4044,9.3469,37.5902,6.3353,6.978,12.783,24.221,5.974,8.6684,22.0933,14.8062,14.1035,2.2303,13.7923,20.1718,3.4068,12.0731,19.5645,0.1545,11.6085,2.168,1.7826,10.0022,19.2397,0.5797,1.6948,290.9397,5.8825,20.8548,36.0165,36.4177,17.2506,2.665,0.6088,13.7607,2.4885,6.5925,34.3031,5.1053,23.9348,6.3724,3.1146,17.2059,3.3227,18.2768,18.1265,18.5195,19.3895,0,2.985,0.2067,15.73,3.5978,2.6266,20.1062,10.9192,5.6831,20.4716,1.8777,2.1373,1.1872,65.7622,7.0728,7.1888,16,9.4748,39.5768,9.2219,31.1583,11.6063,5.5399,5.4158,6.532,4.3054,12.3103,1.3584,1.1736,3.51,9.4604,0.2526,0.2751,0.1594,4.631,1.6957,51.1429,14.0808,47.9456,45.6162,25.2293,18.3209,31.1658,52.4672,20.0336,63.6615,0.1607,9.0181,15.8618,53.4802,3.5169,9.5453,3.1834,47.6743,8.4807,13.5603,19.3702,12.2365,29.3116,4.8292,6.8914,29.7017,3.5662,0,20.7673,9.6879,4.7672,3.0451,12.052,6.1638,6.2923,7.0198,1.2224,1.8402,3.4051,35.349,3.5097,10.7177,41.2537,7.1589,4.8698,3.0688,16.1215,4.1727,91.8582,3.2814,5.2437,14.5291,67.6565,16.2733,0.6912,7.9151,2.0602,5.1743,2.9782,7.8022,166.7014,3.6513,0.622,12.5914,4.2807,3.7067,45.6609,4.4917,0.0103,6.9629,0.0192,31.3221,44.1169,9.8996,8.2433,17.252,8.206,3.3384,32.7756,3.5505,18.4558,30.3986,19.7525,12.0181,5.6921,3.2678,30.5954,34.0011,13.7764,0.8445,3.1788,2.4973,2.5131,1.6717,16.7907,5.3244,14.5076,0.8012,42.6927,1.7992,0.7897,741.1966,113.2256,2.5592,11.764,1.6774,1.031,2.9472,0,2.7429,6.8866,5.8211,8.3244,13.7636,18.8404,105.6972,8.1599,3.5757,0.0559,19.8722,0.0795,0.8454,2.9085,11.0637,0.3076,0.1179,44.0948,0.0723,80.4509,0.0426,41.2274,0.1421,8.7375,5.4557,7.5513,1.6461,7.2793,3.3806
TCGA-BR-A4J6-01,0.9666666667,13.2314,22.1911,0.0037,0.8123,3.2771,0.6978,14.1688,4.8257,4.9641,22.6546,8.7703,13.3155,0.9972,7.0436,1.8665,1.4282,0.3778,5.317,2.775,8.288,64.9611,13.8518,5.1742,15.6779,12.2009,31.768,19.9535,2.4047,3.3286,16.536,52.7095,2.2905,2.6527,3.498,5.9812,0.1148,0.0107,2.8882,22.3535,117.8511,2.4557,21.5789,123.7931,30.5097,12.8566,1.882,1.4668,10.1846,5.7299,8.3782,6.1563,8.2268,18.61,4.5951,7.3996,7.4775,8.2707,7.1293,1.2153,8.3212,8.4495,35.527,4.143,4.7755,41.9575,4.8057,5.6761,136.3145,44.6089,0.0979,5.8761,13.3348,3.1772,4.3286,71.4328,13.0325,6.7067,13.031,9.1412,10.5143,1.4528,5.275,7.9576,52.9602,8.1773,4.1259,8.8442,28.7463,3.8252,4.9519,18.833,13.6943,9.0417,1.3924,5.9308,31.3091,3.4103,12.1314,21.8013,0,10.43,2.852,1.2621,11.4413,16.0522,0.6182,0.5616,440.3661,10.7149,23.8589,98.0739,23.868,16.0268,3.9377,0.328,51.7455,1.7669,7.6087,27.2679,4.6241,23.1441,3.2575,3.806,4.0873,0.6293,14.3562,18.6774,2.1339,32.0875,0.0082,0.9317,1.3257,24.2417,2.9278,1.9472,6.7441,5.8905,2.6237,15.6141,0.3449,1.0952,1.2908,78.917,5.3853,2.0316,20.1637,8.381,52.4083,9.0668,19.2719,67.6041,3.1214,7.0753,6.2577,9.807,6.6738,0.4902,1.0235,1.3382,7.1959,0,2.114,0.4182,3.3289,0.3613,19.5774,8.2372,44.397,33.1848,21.5483,7.8591,20.9888,70.0706,18.2763,80.0674,1.3029,7.264,24.5569,46.7747,2.6009,10.0463,5.7609,38.3934,12.3022,13.0858,17.5876,4.0936,24.5814,3.758,4.8512,9.4357,2.3471,0.6093,14.2895,1.9691,6.0276,2.9813,11.3248,1.1932,5.4239,3.2499,0.1396,1.554,2.1081,20.8487,1.6638,6.5301,16.8706,5.9868,3.208,1.4932,57.9931,7.9455,54.1476,2.8676,5.6855,11.8788,31.2333,25.3958,0.3884,11.0002,2.1452,3.9632,1.257,10.57,219.9317,1.4416,0.4958,14.9646,2.9421,2.715,100.3686,1.2261,0.0586,6.2763,0.015,46.1809,10.5503,17.2104,7.8951,18.7213,20.2042,7.3651,26.03,4.0827,11.5356,48.1851,16.4538,4.6744,9.2858,1.1941,13.4899,28.9794,30.6312,0.6411,4.9533,2.7876,1.4787,1.273,11.702,1.0606,22.3487,0.6414,72.3098,0.4112,0.2522,2608.6795,93.6396,2.3072,17.7152,1.2391,0.6995,2.6211,0.0384,7.8592,3.4579,11.3038,6.3826,13.3973,15.1008,173.7113,39.1277,3.4983,0.6603,25.7159,0.0245,0.1665,1.3639,7.2205,0.0878,0.2548,72.1567,0.7158,36.1047,0.05,55.1165,0.3595,8.2578,5.2376,13.0763,0.2957,7.5747,3.3495
TCGA-BR-A4J7-01,1.366666667,25.8711,25.1253,0.0945,1.468,3.5974,1.1073,17.7069,11.856,4.5273,26.0959,12.6823,13.3052,2.983,8.1699,2.8494,1.166,0.433,3.1554,4.9644,9.1459,17.881,2.4155,7.7897,17.5348,21.6605,36.6395,15.0441,4.7835,4.6746,17.8335,25.7057,2.0181,5.3355,18.3489,1.6595,0.3301,0,6.6375,42.6605,112.6625,3.7697,15.1146,17.3675,55.911,15.6922,7.5471,7.5414,10.3399,6.8042,5.2136,8.4984,6.9323,15.5295,5.3087,8.7527,7.5012,6.3901,7.2394,0.8389,4.3581,8.6856,16.732,6.073,4.949,18.9439,9.3569,16.5191,82.2246,8.2457,0.1762,7.6506,13.9156,6.1542,9.7912,73.0499,6.3505,8.6456,19.7444,16.6068,15.506,0.7897,15.9525,9.2068,32.6861,5.828,7.4649,9.2391,17.5973,6.9868,11.0495,32.2432,19.0956,16.2908,1.8652,17.5368,19.353,3.8808,8.8412,21.1626,0.1436,13.7675,2.9191,1.0439,16.3159,18.0414,0.3704,1.7235,238.5259,6.1209,12.5203,39.974,33.4701,13.5857,0.9949,1.9899,12.5718,2.5101,6.9725,45.3451,5.1249,37.1893,10.3939,1.8366,18.7305,3.1616,16.2611,93.4223,11.5128,42.2802,0.0172,2.606,0.2886,17.9324,2.77,3.026,22.4023,5.288,7.1424,14.4536,1.04,4.0444,1.8377,49.8527,7.9251,3.7062,18.2014,15.049,34.7389,7.9297,24.6792,12.7409,10.2617,7.6526,4.7133,5.3124,31.801,1.4582,0.6665,3.6392,13.7373,0.1203,1.2785,0.2312,3.2504,2.4617,21.898,15.9071,44.1432,37.2799,23.2539,17.2114,19.7033,42.1829,16.2218,67.6112,1.9873,9.4795,26.1473,54.1126,4.0994,5.9585,4.9944,49.874,13.7018,15.4967,21.5402,11.2903,32.513,2.0144,2.418,28.7861,3.7172,0.0773,22.6304,6.8116,3.1866,1.5446,13.5797,3.0584,6.3844,7.7516,0.2442,1.9493,5.904,26.3467,2.1739,8.137,39.4297,10.7486,4.2096,1.3269,17.4192,6.5326,72.258,3.7678,5.0353,12.8767,115.2565,21.3379,1.5934,9.0035,2.7258,4.1942,2.7415,4.6524,155.4513,1.1079,0.5749,15.6069,4.7491,4.3337,64.0109,4.2127,0.0642,15.8251,0.0526,40.6574,24.8872,8.6071,5.8688,17.0297,38.267,27.8494,28.0992,3.7179,17.8473,30.9062,12.3182,12.643,3.3619,2.722,17.0262,32.6054,19.4977,1.6834,5.32,3.1889,3.4094,1.2093,5.3611,3.8138,12.1206,0.3668,100.1263,0.744,0.43,2572.8577,59.5415,2.9374,12.6379,4.2509,1.3427,2.5051,0.0338,3.507,8.7599,8.4507,11.5215,10.7111,46.2058,69.647,10.3285,5.7931,0.0109,24.3976,0.1448,0.6055,3.7432,7.2433,0.5236,2.9459,50.1135,0.2548,108.3325,0.1307,41.4048,0.1111,7.7358,5.3346,7.1826,0.9024,6.1566,3.5291
TCGA-BR-A4J8-01,2.4,17.66,40.3521,0.0229,1.2944,3.2516,0.5531,17.5804,12.1129,3.078,21.9406,13.8406,11.5052,2.5622,8.6387,2.3477,2.3702,0.8538,1.1282,4.2979,9.5791,81.7559,17.8977,15.9844,21.1338,19.1934,48.7985,11.6929,1.6728,9.6624,21.9317,30.8498,9.7395,4.0798,16.6403,3.8743,0.0756,0.0439,1.0876,56.5372,91.9024,11.2897,20.9907,35.0718,54.4286,25.1655,4.585,2.5752,16.4781,6.0418,4.549,11.1244,8.6649,16.5419,6.1509,9.3357,8.088,16.8085,6.4035,0.5557,6.3186,7.3726,30.8747,5.5099,4.4613,22.4322,14.2826,9.6267,96.0408,15.9165,0.355,6.5462,8.0652,4.6363,8.5023,97.5634,5.8378,5.3598,19.9654,16.5474,17.2318,0.3193,5.679,8.2922,42.7727,4.7851,6.0856,19.5453,33.7372,4.1002,7.048,19.4635,18.3604,22.9508,0.8603,9.7645,8.6483,3.272,12.2197,14.5758,0,12.1973,2.3809,2.3613,17.2774,21.1946,0.8571,1.0315,346.0942,7.9566,22.008,21.392,15.7294,119.5832,2.4972,0.6466,9.4806,2.5952,6.7799,37.2581,5.7938,27.6993,7.9384,5.4187,5.0984,1.0689,18.7716,20.905,11.3974,65.0018,0.036,3.1006,0.296,17.1831,6.2264,1.7559,10.3761,15.2367,5.7218,16.0348,0.603,1.0096,0.2169,109.4349,8.6262,6.9535,28.0566,10.9142,63.6697,5.7781,25.502,6.4737,5.2681,2.2389,7.9837,13.9171,25.8306,1.1959,1.0347,3.3895,7.4191,0.0414,0.6701,0.7081,4.6665,0.6004,43.5697,7.3394,35.3904,40.7413,22.6299,17.7714,26.7167,63.1643,15.0433,60.263,11.8404,14.0962,57.5762,47.2525,3.01,9.1371,2.3481,34.9257,24.3951,17.8354,20.6289,7.1902,32.2612,10.1605,21.4777,17.0134,4.0348,0.0035,22.2003,4.8923,9.094,2.4222,17.3531,6.1984,5.468,2.1813,6.8228,1.9029,1.7711,26.6674,4.2325,9.9276,46.7113,3.8856,5.5495,3.5857,23.0493,7.6288,73.7777,4.4119,3.8919,9.506,127.9272,17.3258,0.4177,9.4906,2.0397,8.5787,5.434,8.4206,268.8356,3.0202,0.9923,21.0358,3.6126,3.496,80.6808,1.5051,0.6515,12.2726,0.0161,81.8962,22.9162,12.8068,7.2684,22.4988,10.7056,4.8241,37.1253,4.2791,19.2765,60.013,19.3026,13.3852,14.7155,4.8617,54.231,44.6066,15.1395,0.7215,3.3737,2.0934,2.0515,3.081,7.3341,5.2954,56.4407,1.3034,93.5591,1.2821,0.1752,1267.8449,80.4919,2.4942,17.2449,0.7155,0.854,2.527,0.067,1.2181,4.6272,18.7996,12.0041,14.9194,22.5622,113.0306,38.7509,3.6862,0.0617,24.5716,0.0675,1.1502,4.4375,8.9684,0.2054,4.6821,243.8626,4.6202,74.5752,0.1121,186.5108,0.1531,12.0181,8.0842,15.6465,0.7042,7.7973,9.367
TCGA-BR-A4J9-01,0,63.3993,36.8114,0.0632,1.7153,4.2641,1.6464,17.1251,8.9509,4.4062,20.4554,8.1189,13.9791,4.3495,7.3952,3.7901,1.1968,0.4109,3.2719,6.3792,10.454,8.9022,1.57,2.1938,15.635,17.7006,33.4575,10.156,3.4366,10.4288,16.783,10.1265,1.0888,3.8806,14.6325,0.2927,0.2616,0.0396,1.8708,39.9795,98.3076,1.7957,10.5081,9.2641,78.4156,20.6464,5.9964,3.2522,9.7842,3.5076,2.4723,7.2887,8.5423,12.5407,2.8295,9.3535,3.6869,4.4356,9.0209,0.7032,2.7682,7.0495,12.8775,6.2425,5.3083,17.8969,16.6965,15.8784,77.7426,5.4085,1.4563,12.0235,4.6969,7.838,12.1293,71.8242,4.8183,3.7095,17.7211,46.0855,15.8564,0.9439,2.8687,11.2076,31.0901,6.6364,7.4693,10.2401,16.5628,4.4159,6.5411,41.7965,15.8291,13.3754,1.8339,10.3307,15.7203,4.5464,8.1553,10.4956,0,12.9765,2.0279,1.8615,34.3056,16.0617,0.2109,1.2984,126.2403,2.7559,7.6692,15.4971,46.0152,15.9703,0.9045,0.4591,37.2067,5.9489,5.6512,27.4772,4.8939,24.7328,4.5582,1.3557,4.309,0.8255,12.051,30.9665,28.559,8.5297,0.0336,2.6169,0.4,13.3447,1.398,1.5799,32.4709,2.7139,2.9199,12.4583,0.6066,2.9458,1.488,37.7431,5.8024,3.5522,16.7354,14.3904,25.3233,7.9759,33.4831,8.2105,4.6659,5.7323,8.437,2.7851,17.1429,0.4591,0.3572,2.8149,7.6633,0.0241,0.7677,0.4507,2.2847,0.838,17.2892,5.8843,53.2311,46.5938,24.9969,12.7762,21.1806,39.3887,14.9878,60.3021,1.2819,9.3999,19.0345,72.0343,3.2307,6.0451,7.1717,43.932,4.5954,14.1737,14.745,21.0216,23.5687,1.1762,1.7187,34.4881,3.3785,0.26,20.8402,12.6654,1.6576,1.7846,13.8926,2.1113,3.6988,4.3748,0.9686,2.0584,2.5288,22.7364,3.1109,8.9397,29.9988,6.335,1.3819,5.2429,18.5561,2.4781,53.301,2.8781,4.1953,12.8289,85.6293,18.7419,0.9814,5.7867,1.7698,1.9121,2.4416,1.7972,94.7552,0.8836,0.4532,10.0423,3.2668,4.8324,23.0769,2.0632,0.0115,5.266,0.0539,19.7053,23.9329,8.8702,6.5868,44.3213,6.2628,3.4835,24.0274,1.5976,27.4324,14.2485,10.8108,8.7128,1.9015,1.1478,20.8832,26.6518,8.8824,3.0247,4.645,2.1697,2.5024,0.6931,2.1791,4.5247,6.8403,0.319,67.6423,2.9503,6.8357,746.405,73.6382,2.9498,7.6643,1.9899,2.0334,2.6624,0.0035,4.3662,8.641,4.7425,6.3159,11.9845,9.0445,37.0156,6.157,7.44,0.0116,17.6349,0.3138,0.1777,3.5317,6.7911,0.1516,2.6262,64.4086,0.4196,70.0278,0.0604,15.5174,0.2044,6.41,4.7853,8.8306,0.5765,4.6603,1.2855
TCGA-BR-A4PD-01,4.4,14.6142,35.0929,0.03,1.733,2.4471,0.0749,18.8014,9.8351,2.4153,14.1417,15.4141,13.9996,0.9134,7.4669,2.68,2.698,1.3927,4.7929,3.019,6.5623,111.3784,31.3015,30.5204,9.7846,17.3087,32.0113,26.5032,2.7463,5.4885,17.365,33.3652,10.8191,3.6303,4.0924,31.4705,0.2368,0.2227,2.8086,53.7839,35.391,10.9647,32.1566,51.3635,35.7951,20.8577,9.5566,4.4317,24.2429,16.2523,0.2466,6.1788,8.3426,18.5816,8.2299,14.3229,11.455,24.4648,6.407,0.4092,8.4505,9.3109,31.5277,4.4597,4.3005,25.5951,9.3055,7.917,143.1789,18.7428,0.1023,3.9153,10.0088,4.6767,5.166,115.7856,9.3577,5.0095,20.4944,15.4382,38.8443,0.2061,2.5428,6.7991,56.8988,6.2696,6.6121,9.4242,28.851,1.1402,19.2412,15.2529,15.9989,17.5927,1.9311,34.4659,5.608,3.8483,9.6104,14.0891,0.0034,8.7357,4.16,1.4783,7.6314,16.6976,0.732,1.4675,605.0907,11.1935,25.1004,66.1866,3.7684,64.1647,7.3313,1.0914,14.6058,1.651,6.3701,35.699,36.774,17.7722,6.9361,3.9456,15.2026,2.3785,16.2468,39.3388,1.3111,38.9956,0.0069,0.9966,0.1299,12.419,4.0624,2.2985,3.4781,21.0796,3.7331,31.4283,0.3403,2.9401,1.4933,124.3664,4.9437,7.8577,22.3694,7.4151,52.8886,7.9011,23.1025,8.6289,1.9814,0.9014,8.3121,20.7385,18.2676,3.6206,3.0181,12.2806,7.0846,0.1365,1.9808,0.0401,4.4218,0.8981,15.918,15.4969,29.4415,45.7027,17.6183,16.11,32.8235,95.6954,23.2932,76.3258,0.1175,9.5935,119.6883,36.1526,2.8505,13.7351,6.6954,26.8023,12.8796,16.7836,28.6116,3.3103,34.5977,25.3199,16.519,8.7994,1.0154,0,34.1437,5.6636,9.7103,3.4728,16.831,5.9478,7.8555,0.6057,0.5425,1.8994,6.0259,26.7712,3.3236,15.753,66.8053,0.847,8.4034,0.9594,0.8455,8.0444,213.2981,4.3489,2.3792,8.0502,98.714,15.7888,1.4192,15.3227,1.7507,34.511,9.8883,6.9565,180.4632,4.0401,0.7171,30.8312,1.7041,3.8297,100.8598,3.5437,0.3483,15.3265,3.2485,141.631,88.186,11.6581,9.5089,14.4408,16.7394,15.2177,44.0052,3.6359,20.0859,48.7382,20.676,6.6083,17.3813,1.1165,13.0902,26.4218,34.8269,0.9054,6.2058,1.8006,1.3966,3.2606,7.9233,1.6927,42.3347,2.5467,34.1992,0.9035,0.4867,2580.0313,165.6499,1.9856,16.1301,0.1777,1.0401,2.4496,0.0989,4.4157,3.9471,45.9788,5.6632,13.7945,25.5338,190.2522,50.0784,3.2091,0.0115,25.0487,0.0819,0.4103,2.6914,6.8327,0.3703,0.1601,400.6427,9.2804,23.8435,0.1291,66.6858,0.2509,7.5877,7.042,6.2912,1.4694,11.2828,7.2094
TCGA-BR-A4PE-01,5.9,20.9736,51.3772,0.0055,1.67,2.0912,0.0946,13.9717,10.8075,2.5711,10.0522,15.5345,12.3371,0.9431,7.6465,3.056,5.9545,2.6656,11.077,4.4902,11.9995,101.5748,9.9587,4.6241,13.3206,13.6469,25.1352,30.3259,3.9299,5.0913,17.9845,3209.694,11.4624,2.4558,4.7042,1.6696,0.0331,0.0208,1.9496,31.9592,165.2246,9.0901,17.7776,85.329,54.1196,25.3237,7.1886,3.7769,19.3278,5.4713,0.2718,9.8605,14.0906,21.2898,4.7551,9.2604,16.0204,13.9309,8.3338,0.1282,9.7696,18.2691,30.6475,8.6375,6.3629,33.4013,20.5115,6.3425,97.743,13.1215,0.1888,6.5261,4.6521,6.734,4.8035,91.3702,6.425,2.6343,14.2257,22.8162,27.2093,0.2354,8.4614,6.6988,51.8286,4.1931,4.3979,22.5313,30.7872,1.5569,21.5715,13.2499,17.9069,16.0262,2.5439,9.395,31.9946,3.4722,11.7722,11.0003,0.0146,12.951,4.4712,6.4543,5.3481,17.8302,2.0211,1.8193,592.2154,9.1047,22.4677,79.191,4.0774,32.5786,7.2622,2.1491,7.3859,1.3501,11.1699,62.7225,14.6171,33.0555,5.5432,5.6715,15.8107,2.2164,20.466,16.3112,2.5167,28.2303,0.0047,0.7315,0.1092,14.8468,6.7793,3.9783,2.1003,15.5315,3.8941,24.423,0.3903,2.2413,1.6873,56.9492,4.5501,5.5567,29.4591,7.5684,39.9352,6.4253,31.605,8.8165,2.6471,1.555,6.4144,4.5344,57.1213,0.7861,1.6107,10.6602,10.5579,0.1564,0.0983,0.0101,4.9701,2.554,25.6255,11.762,42.4857,57.7246,16.6599,12.6693,35.4857,45.8823,21.9016,70.3895,2.4828,7.859,48.9383,42.9581,2.2833,15.4037,9.8715,23.4745,6.9577,7.9521,38.1508,3.7191,46.3977,21.9382,23.0199,7.8605,3.1042,0.0337,18.1601,9.4766,1.0854,6.5449,19.7552,8.529,10.1096,0.724,0.3247,1.2031,1.3208,48.1357,4.0809,13.6185,19.1901,1.2518,9.7875,5.7773,5.0832,5.1166,75.7275,4.1821,3.652,13.8835,95.7252,16.278,3.9722,13.6039,2.1851,10.1734,7.9044,12.606,158.2464,7.9933,1.1307,27.5309,2.7934,2.258,90.7851,3.1444,0.3608,9.5482,0.0509,89.3015,33.3121,16.8555,8.128,10.1157,31.3519,21.8301,32.434,15.4914,17.9463,32.6837,29.5411,6.3455,11.4161,12.3526,28.0471,78.274,36.5718,0.0386,4.7988,4.346,1.1114,5.3148,8.8265,1.2179,107.0801,3.5097,24.0936,0.573,0.4401,2070.4987,69.6237,2.356,13.9867,0.0351,1.3678,1.4803,0.0225,7.1139,3.8044,12.589,7.6222,17.9168,41.4103,127.2967,3.0671,1.9127,0.0391,23.2752,0.0576,2.1409,4.2478,15.1956,0.6577,0.0738,135.4348,3.9686,175.3527,0.0065,98.9594,0.1516,5.9996,9.8717,8.3913,0.2599,9.551,3.1573
TCGA-BR-A4PF-01,3.033333333,15.8846,28.3555,0.0278,1.538,6.258,0.0561,25.2145,13.8556,2.0611,11.0343,15.0587,13.1295,2.4254,10.5541,2.6637,5.9589,5.6532,1.6899,5.5165,12.0103,95.0363,51.0521,26.3346,11.307,15.9211,79.4609,12.9524,6.0162,13.5033,21.9115,16.9237,7.4575,3.4207,3.9037,9.535,0.072,0,0.8023,31.7419,60.1151,13.9532,14.7688,140.4404,247.7489,26.4016,9.1358,4.0458,12.5243,14.9827,2.538,10.7678,144.8377,19.8015,10.833,7.9302,8.5275,16.1161,8.846,0.1145,10.3336,16.067,27.9151,7.4918,4.7163,22.7271,17.1938,11.1266,135.3134,21.455,0.4985,11.0894,6.6055,5.8481,13.9098,64.4747,8.6377,5.3736,18.4011,30.7707,21.1451,0.0608,10.3292,13.3387,89.6696,11.975,10.7106,18.8503,23.5586,1.3296,13.0125,9.8341,36.1703,17.1447,2.2158,17.5321,3.8102,2.3534,10.5143,23.1524,0.017,9.7876,4.4063,4.889,5.6649,16.8995,2.121,1.9679,475.3298,18.6109,19.9953,301.7523,5.9831,10.1768,6.603,4.3417,3.0733,0.5873,14.2559,378.3822,77.2562,32.8588,1.7237,10.5195,13.2816,18.7998,21.037,41.1227,2.7015,185.1296,0.0021,0.4171,0.1895,12.4343,7.1244,3.0377,2.2182,13.2902,7.2342,38.4918,0.6265,3.1484,0.4324,60.6398,7.7488,2.6802,19.0542,9.2555,42.1306,8.4948,31.7335,42.1457,3.8313,1.3865,9.5107,5.658,54.3911,1.6903,0.2385,12.3423,7.2414,0.0613,0.0282,0.0302,4.5878,2.4588,20.0374,9.3047,39.7055,77.4588,19.0576,8.0191,66.1343,85.4627,25.4579,92.1354,9.6904,12.0356,40.7879,46.1906,4.1159,19.0102,4.8761,26.324,14.4976,9.4392,42.9097,1.5057,53.9037,36.7057,24.1883,8.3961,4.0511,0.061,16.8413,14.3748,7.4362,6.5793,18.0531,9.3124,6.3192,0.3599,1.0848,1.2055,3.3985,77.6781,2.4799,10.782,8.128,4.9428,11.4006,4.2584,23.322,3.3451,105.1798,4.9728,10.3434,29.0231,100.818,22.1723,3.4242,11.7894,2.8321,8.5032,11.7396,12.2663,152.5608,10.5486,1.3448,30.3343,6.3476,6.2816,50.2034,4.4457,2.354,17.3931,0.7222,38.6092,28.9796,16.5914,13.9467,12.6937,7.4928,5.3623,41.6065,7.5249,23.3957,52.4194,40.6128,7.097,17.6228,12.2353,14.176,45.4103,18.0153,0.0788,2.6049,3.0838,1.3518,4.0535,14.7766,1.5176,17.3051,2.6963,29.0327,0.7791,0.363,2140.1921,132.4534,2.3976,11.8797,0.1701,2.1805,3.7804,0.0207,5.9913,3.535,15.8847,10.4863,25.9328,44.7943,76.5696,39.0661,1.8273,0,23.8961,0.0595,23.5167,7.1272,11.9312,0.6546,0.142,93.0546,0,75.4495,0.0036,48.3595,0.0295,7.3524,5.9046,18.2563,1.8069,5.2787,1.657
TCGA-BR-A4QI-01,3.633333333,18.8917,29.9336,0.0219,0.7827,2.8434,0.1171,13.9932,9.5605,2.4032,25.5215,24.2233,12.7367,0.9242,6.9644,2.6463,6.4705,1.2841,0.7605,3.5174,12.6267,165.8698,23.6372,132.4447,7.2982,12.0013,45.745,24.7706,4.3565,17.5377,13.2581,98.479,3.7922,2.5684,2.6643,0.8518,0.0459,0.0202,3.3541,57.0117,105.5403,18.8679,18.2758,126.3645,107.8302,27.4891,3.3047,1.6859,18.7489,4.217,0.3267,20.7764,9.6701,17.2647,4.9198,9.0195,10.5853,58.9027,10.3596,0.3899,9.1846,8.9058,16.8031,3.6591,3.5483,34.7423,8.5094,5.8091,104.0026,19.8463,0.13,6.4097,3.4457,5.0078,6.488,113.986,2.8244,1.5841,13.5911,30.6564,5.7942,0.0216,20.158,8.5784,47.1728,5.0568,5.8914,25.5239,20.8216,1.3099,9.6832,19.5594,60.2407,52.023,1.2059,18.1896,62.5378,4.7218,12.0919,16.4549,0.0279,3.1705,4.2438,2.7727,7.6085,19.9238,0.8934,1.025,635.4699,12.1079,43.9601,111.2898,6.3209,22.107,4.311,1.6859,1.1896,0.4434,11.5818,35.3085,2.2801,33.552,3.7389,3.2975,4.9738,1.2946,27.911,13.8799,1.4056,93.6736,2.2347,0.8572,0.0714,12.2214,9.0243,2.3216,2.0993,14.5311,11.6298,21.198,0.1873,1.1553,0.2961,84.7452,5.7559,3.2756,31.0102,7.9439,54.2908,11.3783,33.4852,6.08,3.0071,1.1904,7.2057,9.5644,45.8248,2.7586,0.3547,3.7809,3.4413,0.073,0.1793,0.0211,7.8481,0.6727,12.2349,48.6465,30.0284,69.685,22.4324,42.1813,31.5394,55.7295,20.8491,54.5367,0.143,10.432,25.8119,74.5787,2.0663,2.3676,0.6605,34.3854,6.4929,10.3012,24.1453,2.0104,57.1478,22.0809,28.7534,5.3698,3.6855,0.0251,18.8291,23.1225,11.0866,4.3233,30.3562,16.9906,6.1133,2.889,0.1866,1.2944,0.8623,23.0477,2.2934,6.9011,14.8658,5.1978,3.7242,1.889,12.976,4.9362,110.8956,4.2747,4.2788,22.4993,102.5221,16.3163,1.3251,32.6067,5.3173,5.5756,6.2813,28.8638,247.6812,1.827,1.8641,15.8022,3.3179,7.5816,58.139,29.574,0.287,10.5719,2.1737,111.5749,54.7326,19.6986,10.1043,18.7675,59.5218,5.1587,34.6308,4.8848,30.9657,28.8054,20.0908,3.1154,18.3949,32.461,9.7033,24.8004,35.9713,0.1308,3.7523,4.7866,2.0593,1.8869,11.5699,1.1779,96.55,0.5832,26.2223,0.5546,0.3838,1898.7131,76.5471,2.309,18.9956,0.3117,0.6721,4.0908,0.0175,2.0961,1.8488,12.1095,5.4681,13.9292,25.2141,251.6147,60.7805,9.1677,0.0214,18.8081,0.0676,0.0187,1.4235,5.4264,0.3604,0.0476,77.4865,6.2172,59.7103,0.0296,60.9218,0.0532,5.5239,13.6725,13.1613,0.3206,28.5467,2.2029
TCGA-CD-5798-01,2.566666667,26.8193,42.6082,0.0156,1.2385,2.5536,0.9322,11.3844,5.5399,1.3211,7.1838,10.8121,16.4624,1.8703,4.6259,1.82,0.866,0.2608,4.9352,2.4743,6.324,56.009,0.6982,6.6058,18.4022,11.0892,30.8289,14.6692,3.2251,5.3292,13.5793,29.1928,1.532,1.8832,11.7093,3.3173,0.0956,0.0344,3.7229,26.3899,121.4888,3.7369,27.6637,24.9998,76.3421,15.9892,2.8118,1.2962,10.2363,2.0868,2.3991,6.6616,10.0759,16.4653,2.1634,7.2769,8.9991,23.9133,6.4677,0.2756,2.8813,5.9518,37.9842,3.1762,4.5409,15.4513,9.1101,10.7419,100.8405,10.5095,0.1763,5.4719,5.1311,4.4088,4.7602,84.5871,7.2529,1.4563,14.7459,18.7275,10.9773,0.1576,5.207,4.3966,18.9876,6.3356,5.2766,12.4289,29.8142,5.2425,7.2357,28.0384,9.675,15.8393,1.2472,8.7448,17.9955,2.5137,9.8117,7.2543,0.0029,14.6805,0.9274,1.2078,11.1707,11.7396,0.2166,1.2996,405.8107,3.3431,12.0211,53.1776,20.1022,17.2301,2.1929,0.6807,3.8266,1.3758,4.9323,47.2882,3.9468,20.9468,3.6857,1.33,21.6316,2.6163,11.0693,19.8497,11.6332,24.5247,0.0017,2.1791,0.0802,15.578,1.1358,1.0991,21.178,8.3434,4.0765,17.0871,0.3402,1.2926,0.3041,61.2725,4.3267,3.2715,23.6733,4.7438,52.9684,5.8613,24.5978,8.7375,1.0821,5.3031,4.6429,3.212,37.3534,1.2095,0.3516,2.3489,3.8711,0.0805,0.3856,0.0532,1.8435,1.0093,43.9967,27.5641,33.5135,25.699,19.0872,19.8096,27.2059,60.886,15.3353,51.2686,1.2393,7.0382,22.3917,42.4579,3.3465,9.5616,0.7605,30.9235,8.2686,10.5028,9.4278,10.491,32.443,3.2429,5.5125,34.8838,2.3758,0.1005,24.8302,8.1635,5.0651,1.7672,9.6847,4.495,4.8477,3.5513,0.264,0.8948,2.6845,21.9493,2.4671,7.0749,146.9126,6.8493,3.151,2.5558,11.7393,3.7782,54.2493,1.4508,3.5467,8.2754,74.329,12.8686,0.4727,5.6089,1.0208,3.8761,2.2704,11.1317,158.6737,1.2251,0.5774,15.3969,1.3404,2.0394,34.6545,3.2467,0.0046,2.2096,0.0241,76.1881,79.2178,7.7994,4.0233,17.5442,13.3603,5.7498,25.4641,3.8658,15.1292,32.2471,16.0948,10.0908,16.68,1.4653,25.9875,21.2,5.3769,0.8427,3.6367,2.152,1.0079,1.1253,4.397,2.1409,11.6373,0.2155,32.1039,0.4671,11.7632,1492.2612,91.4667,1.3658,6.9775,0.176,0.5467,1.014,0,2.0756,6.198,5.129,9.4399,9.1365,17.2682,248.6309,19.6641,4.0913,0,19.7338,0.0039,0.2132,2.522,4.956,0.5983,0.1294,80.8052,0.3403,56.0828,0,60.7714,0.1109,6.0227,3.7388,7.5449,0.4466,5.5553,1.4001
TCGA-CD-5799-01,1.3,11.8315,44.0732,0,1.5364,2.017,0.0929,12.9355,6.7061,0.7472,6.0837,15.3111,17.0578,0.2893,5.2796,1.7031,2.2832,0.9262,1.1577,1.5815,5.3696,98.4353,77.4401,20.8244,19.8577,13.1765,37.1819,22.9234,3.7018,3.6624,12.3759,2267.5096,5.5075,1.6834,2.7164,18.0519,0.0206,0.014,0.9229,49.4408,36.8736,14.2891,17.9489,57.7067,217.0408,11.1824,2.6042,2.1753,18.3521,3.3561,0.5612,9.6518,6.1027,26.4688,2.6196,12.4928,9.4769,15.543,7.5577,0.1161,5.8904,9.0879,25.6488,2.9721,7.6464,15.6091,7.766,6.4382,165.9652,17.3296,0.0492,6.2407,3.7479,2.9284,3.4809,114.6223,1.7151,1.594,11.1194,16.9486,10.1534,0.0656,6.0347,6.0062,25.2973,3.278,3.1611,21.0545,61.1416,2.1637,8.5268,10.7798,12.9696,19.3257,0.7796,9.5229,26.0782,1.5194,17.4858,15.7474,0.5813,15.0501,1.7647,1.6539,7.9269,12.6673,0.6105,0.4013,753.0278,6.8877,21.6504,119.3236,3.6766,52.3511,3.8756,0.3399,2.1204,0.8125,6.0245,97.4067,5.6965,23.8202,6.0192,8.8266,3.7767,1.5581,17.7194,13.5125,1.6909,46.2558,0,1.4122,0.0517,12.8283,5.0917,1.8376,3.9237,64.6906,4.7646,26.2358,0.0999,0.3762,0.0691,58.1502,4.8062,3.3023,33.6926,2.8837,54.1913,4.4879,26.1801,8.4188,1.1235,0.485,13.812,7.3748,35.4158,2.0118,1.5156,8.7024,4.1492,0.0143,0.0934,0.0863,3.0884,0.3944,19.2978,18.7728,22.1861,39.3305,20.1293,12.9812,46.8478,235.9418,20.5873,60.2453,20.4655,20.4793,51.1215,33.8119,2.6774,8.2836,2.7922,21.3519,25.8582,10.4402,16.7206,1.8168,48.3812,22.019,23.3278,7.306,3.7926,0.3276,20.6615,6.7802,5.172,3.2876,14.6574,10.489,4.3092,0.172,1.6534,0.7446,1.3433,37.7775,2.532,11.903,36.8342,2.3874,4.1799,0.8286,4.5986,5.7052,55.1218,1.6115,3.5611,8.9787,54.3996,9.6948,0.1472,11.9066,1.4838,13.8702,7.9346,11.4561,192.4589,7.9433,0.8654,31.1335,1.3041,1.1733,38.7323,0.8773,1.4407,19.544,0.2295,84.4736,36.755,8.211,5.8507,18.2116,18.3513,7.6846,49.3108,5.7353,9.9389,59.7405,27.8687,3.7009,17.9231,8.3087,22.2933,45.0035,13.8983,0.1017,2.6415,2.163,1.2063,4.7025,3.3789,1.1159,39.457,1.3212,21.2317,0.1027,1.3849,685.4682,106.1898,0.9925,7.4617,0.1789,0.2136,2.2737,0,3.8537,1.6526,7.2723,14.0728,15.5682,23.5436,309.8138,32.6287,1.2614,0,14.7934,0.0353,1.251,2.0965,6.6129,0.296,0.1024,107.756,0.0048,54.7686,0.3282,60.9946,0.0682,7.3947,5.1998,10.2383,0.1609,5.3458,7.6305
TCGA-CD-5800-01,4.4,26.9512,50.2647,0.0173,2.5854,1.7947,0.0948,21.2748,15.2698,0.6821,4.54,19.6112,30.6218,0.6165,6.9113,5.2137,4.4762,1.1098,12.5459,2.7283,5.0944,53.914,110.1427,66.4365,19.9788,14.4395,39.1955,21.4853,8.6285,2.8214,16.1514,466.4174,9.4097,2.3133,4.5367,38.5632,0.0636,0.2461,1.0748,52.0937,204.2165,17.1157,24.5743,84.0507,260.828,9.9956,0.8162,5.2105,39.3353,7.9487,0.5355,11.3018,4.5755,15.1633,3.6799,17.2669,34.3661,5.6623,10.1867,0.1616,8.4063,8.9616,53.9673,6.2404,5.5293,12.0273,18.4853,10.91,99.1911,18.1325,0.4949,4.9525,4.841,5.7436,3.5288,122.5159,5.1077,2.7101,9.9906,11.9991,9.0051,0.4854,9.9803,11.0304,28.1261,3.6384,2.5301,56.4845,48.2422,16.399,30.5489,19.9722,15.2889,15.5539,0.9371,7.758,24.2747,5.6779,19.023,17.6631,0.073,20.4464,1.201,2.0742,8.8176,47.1683,1.1684,0.8699,534.4937,12.2302,13.2852,18.841,3.3003,20.9251,333.0846,0.164,17.9637,3.6505,11.8327,179.6649,1.5096,18.1138,4.7771,5.2421,6.5466,2.8757,17.1442,48.09,0.7812,85.3754,0.0146,1.0888,0.0248,7.8335,9.4695,3.2241,3.6165,43.5042,15.1238,38.8095,0.0727,1.5009,0.3969,115.3086,6.003,3.7764,112.5314,3.5308,74.2399,6.9397,14.8137,4.6018,2.6342,0.7054,5.9294,14.6874,48.1563,2.652,3.4224,10.3204,3.815,0.0636,1.2004,0.3173,4.5072,0.2825,15.3929,7.4848,37.1275,88.469,30.6016,54.9113,28.4031,82.129,25.3016,47.8504,12.8969,8.1526,63.3912,42.3575,4.6122,8.9071,0.9962,14.0524,9.5746,9.4442,20.2434,1.2523,32.0553,43.3811,50.7966,9.1045,7.6231,0.1252,19.4004,7.2099,8.7313,4.9246,10.8209,8.2195,4.9507,0.4385,0.2462,1.1686,0.7418,31.7311,1.7488,10.1033,37.6884,8.708,11.0579,0.2603,14.8733,6.0821,99.6359,3.1593,2.9933,7.2727,102.1659,17.6339,1.354,6.3346,2.7612,17.8335,6.6718,9.5088,144.7194,10.4229,1.8592,40.004,1.936,1.3344,80.901,6.6247,4.9862,22.4656,2.0401,54.5261,42.2758,7.4378,7.0072,9.1034,37.0009,4.7026,47.4579,12.5579,18.7992,65.749,18.1945,5.5721,4.4731,3.0616,92.5088,48.8914,8.6487,0.095,8.2801,5.3685,2.3733,12.2094,15.2531,1.3286,47.0369,3.213,37.8769,2.4236,3.5778,835.4014,69.4749,1.8678,10.7446,0.0729,0.6789,2.3046,0.0438,1.4443,1.6117,7.2187,10.9327,36.294,23.7271,77.4445,34.2536,3.8164,0.0415,21.6495,1.3732,1.524,13.0243,7.3186,0.1662,0.1948,66.1313,12.8451,56.5786,3.1785,65.8184,1.2216,9.5767,12.9642,8.2875,28.7309,3.7658,8.2461
TCGA-CD-5801-01,15.43333333,18.7992,41.8186,0.0044,1.0784,1.1772,0.0412,13.5371,8.1134,1.8343,11.075,19.153,14.1175,0.9628,6.8154,3.2006,2.253,0.7732,13.4901,3.0011,5.4734,81.38,3.3734,9.0393,13.7933,11.5515,40.3265,19.2164,2.0367,2.4428,11.8887,36.5889,4.7726,3.0559,12.8374,3.2493,0.1993,0,4.1837,30.2618,221.5931,4.9225,20.1148,66.5663,69.08,17.14,5.2266,5.7616,13.9676,4.5824,0.3108,8.898,3.9341,12.5844,3.0826,6.2006,14.6699,20.6861,5.9264,0.0844,5.96,11.8074,28.4958,4.3817,5.9276,19.151,5.3355,5.6615,96.2097,12.1824,0.0743,3.6633,3.7631,3.1743,6.6794,84.5853,16.2205,2.6773,17.1011,9.1431,13.4823,0.0274,19.7309,4.086,36.7686,2.7399,2.91,16.3869,34.2622,1.1989,22.9306,11.6656,13.5485,24.7786,0.7769,15.4233,41.5836,2.9144,11.6546,14.0869,0,20.8674,2.6571,1.7551,14.5489,14.295,0.5732,1.6629,545.2803,10.3754,25.7195,34.1458,7.3671,39.749,0.5651,1.4499,24.4968,2.3533,6.0277,86.452,9.7398,28.0486,7.0713,4.3609,12.3188,3.9909,14.4044,147.2583,1.4383,38.5354,0,0.5516,0.1464,11.7503,4.57,3.8113,2.3982,17.2503,3.2298,15.7176,0.3774,3.1704,1.0454,35.9507,6.0403,1.3621,37.4468,6.1822,78.0526,6.2126,17.0652,15.7055,1.402,1.7713,2.916,8.9337,22.6626,0.4619,0.3329,3.9865,5.2476,0.1016,2.0947,0.0126,4.4905,1.9633,15.4727,11.1948,32.3599,26.1483,11.6114,11.6167,58.3575,49.3634,13.4903,49.2874,35.1598,5.2078,41.5044,43.3558,5.1514,13.2401,7.247,61.9393,14.4737,8.0292,17.1688,1.4365,56.0574,11.2257,21.5006,14.7798,1.0228,0.0684,39.2831,4.1111,7.2583,6.3481,11.7285,4.8957,5.7383,0.4213,0.085,1.248,19.8019,21.8715,1.2118,10.5546,32.4351,2.6554,6.3333,3.4356,2.8421,5.6912,74.9239,2.1018,3.0229,9.2724,55.5611,30.2025,5.6188,9.7385,1.9571,9.3467,4.534,4.1061,212.1782,3.2295,0.5483,19.0268,3.495,2.7357,98.0226,4.647,0.0441,15.2249,0.0431,116.6244,73.2487,11.0161,4.7862,11.5337,43.0121,36.3081,26.5631,8.8554,14.3348,65.3518,17.2006,5.9161,15.4512,3.7842,11.4482,27.0139,23.2088,0.133,2.3993,2.9991,1.4617,3.8836,12.7237,0.535,29.7951,2.0531,52.4159,0.7801,2.5111,6570.4618,45.3694,1.6065,14.4133,0.2547,1.8152,5.6951,0.0617,2.0239,2.6768,12.2408,11.8938,8.9233,81.91,128.3185,17.8372,1.4993,0.0172,29.7284,0.6281,0.1627,1.9931,5.6506,0.2785,0.2766,179.7717,3.5288,64.4749,0,82.1266,0.0228,5.8204,5.5739,14.1194,0.08,7.9574,4.034
TCGA-CD-5803-01,1.133333333,26.6614,35.7138,0.0736,1.9779,3.8537,0.7297,14.8746,10.5533,3.843,8.415,14.1965,21.2315,4.9002,7.2537,4.1844,2.6953,0.9185,10.5033,4.7855,7.8564,1.1571,2.7927,6.7859,24.2653,18.4584,42.1889,28.8356,4.5086,7.9721,23.2184,39.7854,3.5776,2.357,18.8405,4.2107,0.4994,0.0047,5.2836,39.4401,121.4598,6.8066,15.5974,20.6331,70.2033,28.695,5.569,10.0343,22.7609,6.1926,2.6331,11.6338,6.8199,16.122,10.3392,20.8192,15.0607,12.0908,11.0017,0.2112,7.7851,10.223,48.7179,5.4594,6.421,21.2672,15.9682,22.4205,151.9928,14.4584,5.2957,6.5059,7.6118,7.2344,7.8799,107.0218,9.0219,6.1526,18.2671,17.7884,12.6085,0.6977,5.4267,8.5409,36.7532,4.8016,4.9409,21.1131,39.6113,7.1959,21.9601,16.4555,14.6011,20.0922,1.7544,40.4134,30.1495,2.655,7.4197,11.0167,0.0079,20.7098,2.362,1.6139,16.2883,14.9783,0.8937,4.3525,515.7155,5.7662,13.1688,35.9599,21.2056,36.5129,2.7771,2.1821,60.2789,33.2133,10.3125,65.4274,6.7675,29.7718,4.5938,5.1591,44.9386,5.3499,16.5757,100.7587,18.9371,45.4447,0.0136,6.0184,0.4302,13.9651,3.8602,1.8222,16.4035,36.6181,7.2849,28.2712,2.6311,12.6486,1.5044,82.6578,7.5767,7.3783,36.4157,11.8669,57.0089,7.7058,24.1522,10.8153,2.0111,3.6275,7.4128,8.9216,47.0187,2.2464,0.3353,3.5101,8.6579,0.3536,0.9421,0.3456,3.157,4.3148,87.3759,21.0769,39.8932,44.7671,25.4669,22.4707,40.6427,54.7922,16.2595,57.2684,9.2255,11.4189,30.8451,70.6336,7.3216,12.9175,2.6218,76.8172,12.3331,12.3945,16.0707,7.7982,48.5251,8.028,17.5195,29.3708,4.8487,0.1561,41.9589,7.556,12.6013,2.9124,14.3768,5.6642,6.3303,6.6799,0.4085,1.2669,9.7685,24.7587,5.2878,10.8415,38.7493,9.599,10.5698,2.727,14.3825,4.0323,93.8872,4.1083,5.2848,13.203,109.7685,21.1271,7.0977,10.0394,2.0845,11.5428,5.5901,11.0275,84.4363,3.151,0.7932,25.9348,4.4366,3.3981,43.1213,0.7424,0.3708,10.241,0.1381,96.4669,53.7011,7.8306,6.2107,12.5597,21.1804,26.4887,39.5822,7.0495,17.719,55.6111,17.6365,10.5169,7.517,2.9804,42.3176,55.7842,10.7947,0.8184,4.0048,4.7729,1.9178,3.5848,7.2563,5.016,23.2621,1.0667,48.7259,12.1907,5.0281,3699.8802,96.6364,3.4815,8.1242,0.4042,2.4875,2.2134,0.0066,1.4695,6.9729,10.5259,10.9268,11.688,19.7605,114.5521,20.7911,4.7931,0,21.359,0.4886,0.4653,5.8535,9.0215,0.5062,0.299,125.4511,0.3555,68.8334,0.0592,71.4653,0.1028,8.3595,4.8322,8.3068,0.9173,7.1608,2.7349
TCGA-CD-5804-01,2.766666667,15.791,51.6414,0.04,0.7669,1.6554,0.2963,11.6684,8.2274,1.2143,8.4109,16.9077,18.1763,1.178,3.1172,1.9297,1.8716,1.8131,13.2212,1.962,4.7743,65.4134,5.9264,23.6217,20.0526,9.8064,24.7565,21.4273,4.3369,2.4496,10.1749,884.6175,4.366,2.2999,4.3542,19.3885,0.0921,0,1.5419,28.493,183.4556,9.2222,18.6415,68.5119,90.9971,11.2575,4.0218,3.0496,17.2132,4.4227,1.1192,6.5107,7.6482,18.2571,1.9636,9.6675,16.3153,4.9975,6.8485,0.124,4.5658,7.1002,35.2226,6.3553,5.8474,10.8861,9.3444,13.6549,100.9023,8.9175,0.0972,3.0725,3.2699,2.9671,4.5908,91.8553,3.824,1.3306,9.6479,14.276,9.6914,0.2254,1.8484,5.2821,22.6251,2.8164,2.2114,7.6532,27.9038,2.8341,26.7938,16.7829,10.3156,14.2274,0.8245,6.6454,21.3509,2.9491,8.7733,14.3911,0.8418,13.5719,1.6944,0.7098,8.778,10.2229,0.3608,1.7841,812.7947,5.8491,10.122,20.7989,7.7191,35.6013,6.3357,0.4076,10.834,2.5293,5.3694,49.1136,2.929,12.0529,4.3128,4.1955,19.072,10.2308,11.3783,39.2473,6.8847,37.1964,0.1416,2.6883,0.1265,13.1143,4.5702,1.6162,7.4216,46.2472,5.534,16.029,0.2678,1.6009,0.4205,74.3919,3.905,5.7707,18.6586,3.1353,35.6601,6.6892,16.2978,6.0499,1.2772,1.8139,4.8457,11.1954,14.1978,0.3368,1.3528,3.0588,2.8526,0.1022,0.2307,0.1735,3.4481,0.5873,25.3285,10.7923,24.0755,24.4833,23.9319,19.2083,91.869,66.005,18.6161,43.007,0.7188,5.7992,107.4267,56.4576,3.0964,12.3944,3.1553,25.8953,11.8696,13.9398,10.4174,4.6735,36.5401,15.7687,14.2011,14.6783,2.5738,0.0463,21.0992,5.1983,5.0195,2.2883,10.4625,3.3471,4.452,1.2758,0.255,1.0183,1.1895,41.2943,4.2139,7.4845,62.2826,1.3563,7.3792,2.6021,2.4427,6.3287,66.5262,1.5354,2.4371,6.6517,67.9205,11.9618,0.494,8.3147,2.0259,10.6537,3.8202,7.2973,200.4718,4.2244,1.1235,18.8483,1.1654,2.7874,60.1169,1.7619,0.0788,14.6105,0.1026,96.0264,50.3767,6.3166,2.3079,10.4925,18.4364,4.1561,28.4501,5.2349,9.2888,41.1684,21.9171,7.5323,9.016,0.3628,35.7497,27.7969,15.1959,0.4316,3.3821,1.5357,1.0085,2.176,6.1713,2.414,28.5425,1.3184,21.4484,0.6945,0.6279,3983.4599,91.5078,1.0283,7.453,0.2602,0.843,2.4692,0.061,2.458,3.3316,9.6888,14.1852,5.2322,31.8672,90.9488,36.5352,3.0549,0.0066,20.394,0.4319,1.2076,4.7018,5.5269,0.4501,0.8157,309.2666,4.9668,24.1296,12.1659,61.9308,0.1566,6.0345,4.3279,8.5055,4.2075,4.2678,5.4703
TCGA-CD-5813-01,5.166666667,25.7915,37.8028,0.0764,1.2214,2.4785,0.867,20.5394,10.042,2.0316,5.2866,9.5584,17.4154,3.4857,5.9736,3.3231,1.6103,0.6038,8.0166,3.3166,5.6849,0.721,5.6309,25.7828,37.3823,16.5788,32.5525,24.7875,3.9882,6.6878,14.2241,18.5449,2.9914,1.7833,3.4476,1.4192,0.3833,0.0224,4.7094,27.8938,111.8433,6.3345,10.8753,21.4603,54.1491,16.8814,2.8297,6.9819,14.1706,3.0315,2.8392,17.989,6.553,12.6932,3.6077,10.4621,12.9026,7.8315,7.406,0.1492,5.0355,7.2999,27.2174,4.371,5.0187,13.7005,23.56,12.2208,79.0203,8.1345,3.3078,5.0715,11.5989,4.324,7.1298,115.3282,8.5728,16.2499,15.4409,12.7392,10.3479,0.8012,2.96,6.4674,20.5189,4.4555,3.9823,13.6584,35.1826,9.6601,13.7995,12.6323,9.4863,15.3215,1.1198,15.3707,19.3136,3.2797,5.017,10.4593,1.6899,25.5352,1.1981,1.0912,11.3682,15.3535,0.3263,3.943,407.5174,2.6123,10.3484,22.2295,12.0854,26.5727,2.9567,0.9783,83.7688,19.9887,8.1371,80.4036,4.8728,20.0468,5.0459,3.3858,42.356,8.5456,13.7852,101.8007,13.4917,26.0295,0.0202,6.0774,0.5496,9.0624,1.9494,2.8561,10.4706,11.5467,6.9407,13.3291,2.4641,6.1922,2.5172,173.4429,4.2276,14.6109,26.5084,6.2681,50.5691,4.973,17.7332,5.1547,1.8402,1.874,6.7102,4.7727,43.7912,2.7127,0.1863,2.4872,4.7892,0.2481,1.8882,1.1889,2.5566,2.011,88.6843,40.5724,32.5739,46.3901,20.7808,32.0769,23.411,59.9491,12.2074,41.4136,0.7794,10.4977,54.7569,59.5231,6.772,8.8227,7.0643,62.8761,10.9841,10.0515,11.2326,5.0595,37.5402,10.0995,11.3398,17.2672,6.8483,0.0218,28.8317,2.4523,10.1169,1.554,13.0949,4.9244,3.2994,3.2323,0.4824,1.0766,3.0032,17.6739,4.9683,6.8775,70.6184,6.8749,4.8554,1.0226,12.2054,1.5547,75.2867,2.7091,3.3357,9.9079,70.4995,13.4982,2.9128,4.2295,1.6065,12.1531,5.0872,4.9436,86.5811,3.5852,1.2076,20.7184,2.3616,1.6492,36.6892,6.2487,0.1556,10.1092,0.2875,39.1474,65.3266,5.5551,4.6252,5.551,19.5424,4.0166,25.9161,9.6195,9.6957,32.2404,18.9325,10.3888,2.08,1.9362,78.5596,34.5207,5.4505,0.5499,2.9581,3.1808,1.1512,1.7035,17.7551,6.9487,13.5374,0.8689,80.7241,6.6462,0.7698,2673.8235,64.8567,2.1359,4.4755,0.3163,2.1666,1.7453,0.0742,1.8268,6.3181,11.5746,9.743,6.4743,37.3015,39.1675,20.3924,2.7695,0,19.5985,0.2856,0.3697,4.9428,12.6496,0.4605,0.1533,72.121,0.6512,72.4956,0,31.6003,0.1733,6.6204,4.4602,5.7653,0.8014,4.8926,4.2025
TCGA-CD-8524-01,4.433333333,14.6498,31.5304,0.0174,0.9246,2.4405,0.5464,24.8207,11.0907,3.2202,17.0539,12.2054,16.1956,1.1391,4.9453,2.829,1.3973,0.9081,4.6276,4.1022,12.5821,40.483,0.8115,21.4351,14.9707,12.6059,31.5679,20.2094,3.8438,5.3687,14.8367,28.3414,2.3367,3.7817,0.9724,1.2091,0.1191,0.0213,2.7735,25.9663,197.8364,6.8483,14.0997,110.5454,17.217,22.6841,3.5613,2.8514,14.8942,3.1073,1.8673,10.0665,87.9578,26.0343,3.6237,15.5794,11.1086,9.314,6.5586,0.3552,6.3763,6.2734,44.0217,4.6596,4.7531,55.3232,6.5188,8.8976,78.7711,15.8171,0.1638,5.2453,6.2127,6.6027,4.7785,94.2825,4.8292,2.0932,12.7575,15.8767,13.9569,0.2194,1.3134,6.4243,72.2044,5.871,3.9232,15.3614,23.815,3.9527,11.9623,14.1832,21.5635,23.2631,1.489,7.9362,7.6384,2.7514,11.8371,23.7246,0.2697,17.0666,1.7076,1.7655,14.8037,16.6181,0.3878,1.1965,610.4684,12.2588,31.8618,158.5347,6.6767,22.7899,3.4047,0.5502,11.7178,2.8011,5.1173,46.4652,10.4823,27.6573,2.2097,3.1166,8.7335,2.2589,13.5861,20.9971,1.957,45.0585,0.0142,3.7975,0.3227,12.2465,3.96,1.1247,5.0333,4.7089,5.6076,33.7825,0.7125,1.423,0.667,125.8361,4.8188,4.4064,35.4363,7.2059,37.8088,6.6975,15.5923,6.8232,3.5157,2.2585,4.9369,9.1147,31.8278,0.5347,4.3638,3.8701,7.6804,0.1218,1.9566,1.0358,2.6854,0.8528,64.611,39.8943,38.7072,50.7948,22.9773,21.2899,22.2612,76.4847,25.7946,59.8204,0.7903,8.6596,84.5381,49.9636,2.4835,6.2076,2.4168,45.4263,8.7876,9.2783,21.2634,5.1216,15.5868,12.1705,11.8304,29.2699,4.0961,0.3401,25.4339,4.5219,60.1773,2.9986,14.7731,4.4743,6.6642,2.5948,0.3742,0.9549,1.4449,20.8805,2.2813,9.5874,64.1248,4.8708,4.8803,6.976,75.6059,7.0042,119.0789,4.511,3.859,8.253,70.1256,20.7904,1.2189,10.6426,3.267,7.5123,3.6687,25.3524,220.2294,2.6068,0.5204,13.7126,2.5398,29.6083,103.2004,2.9841,0.0206,20.6097,0.042,66.9909,131.7573,13.0021,6.1377,24.1612,14.5338,5.3357,33.0581,3.0865,12.0959,69.3782,16.9469,5.658,13.4108,0.3173,57.7255,29.7719,32.4345,0.3685,2.786,1.5757,0.792,2.3565,7.9314,3.1645,22.885,1.0965,37.2886,4.1097,0.9693,1201.1916,88.2053,2.3904,11.6156,0.5841,1.1608,0.6935,0.0478,3.8021,4.7884,20.8729,11.4978,17.2772,18.157,191.0085,4.5763,2.3864,0.1148,21.2934,0.0743,1.6136,3.3227,7.1294,0.2617,0.0736,361.4691,2.8378,54.4073,0.0516,62.5446,2.6205,8.59,5.2754,6.1122,0.7396,6.6153,6.4422
TCGA-CD-8526-01,1.433333333,24.7845,27.8494,0.0038,1.8732,3.0648,0.2532,36.3537,19.7094,4.291,9.8749,15.6156,17.1107,1.1755,8.1875,5.2957,4.8575,2.0733,6.7298,4.4899,9.1222,92.9376,37.381,41.7077,41.6661,18.2116,31.7335,36.6618,10.9321,7.4542,18.8881,33.108,8.6638,5.0645,14.7293,24.2063,0.1505,0.1214,11.2738,34.8224,181.3816,16.8976,28.9752,37.9082,42.0289,15.372,2.6082,6.3229,15.0068,5.3964,2.1825,24.3295,17.1975,15.2489,7.1253,11.9652,32.206,9.2902,8.09,0.2044,13.9511,20.4031,21.1576,6.4132,4.518,19.6107,21.1502,8.856,97.414,18.5523,1.5489,7.0964,12.724,56.1144,5.0376,113.7034,9.4638,7.2358,10.6937,26.4751,7.4315,0.3282,12.6303,8.4106,66.2772,3.6685,1.418,26.1304,35.1535,13.2656,9.6109,19.0765,15.7364,31.5272,1.2617,12.6004,50.1142,4.9562,17.0873,14.3555,0.1262,28.0962,3.244,2.2489,9.1849,22.7538,1.3634,1.5373,605.1079,12.5221,13.7788,51.0059,17.7274,16.7189,17.9552,1.2441,34.5465,4.4521,7.9275,118.749,9.3084,27.6111,3.106,10.0157,7.8135,2.6771,18.7458,16.0016,4.7921,82.5244,0.0013,1.9334,0.1173,20.6749,6.9584,4.7839,4.9586,32.496,6.8753,38.2293,0.4767,2.5885,2.9476,61.6628,10.5547,11.4279,22.2849,9.769,40.6154,7.8163,19.4422,10.7684,4.0858,2.4402,13.2366,17.8674,21.5907,5.4104,11.2528,7.1949,4.255,0.33,0.3643,0.0331,3.7115,1.2404,29.3963,19.9436,33.5722,94.0067,20.1763,16.2009,30.7222,85.7804,16.0517,65.0478,10.7378,14.85,54.7214,57.7902,3.2901,9.3509,5.5741,29.5728,6.6682,10.6978,40.4731,7.4632,16.4522,27.2354,45.1845,8.1486,5.7837,0,30.224,8.044,9.2518,7.6999,15.7375,7.9674,8.9445,4.4451,0.5899,1.8316,1.4463,26.0005,5.212,10.6872,34.8104,7.6484,4.8386,1.0418,5.0464,5.0229,83.6918,5.8819,4.452,19.5976,75.1783,9.7627,2.7191,7.5578,2.8566,29.4771,12.243,6.9297,106.5891,6.0998,1.3464,21.9622,2.4806,2.9186,66.0569,5.8776,0.9759,34.7938,1.2514,47.4712,10.3319,11.0588,8.9478,10.6685,24.5578,5.964,34.5609,14.2539,13.3258,59.6602,20.8682,5.2035,4.1804,2.725,51.4626,56.495,54.6785,1.0252,6.7099,4.2358,3.9746,8.1191,11.9064,4.3948,25.0978,3.579,34.3327,1.8712,0.8687,790.5322,71.9207,2.1862,16.1801,0.3997,1.6562,2.7645,0.111,3.5955,6.547,15.7199,9.9704,10.7091,31.2295,92.1301,67.3697,4.8189,0.1312,18.843,0.2329,0.5717,10.7522,7.6758,0.366,0.1193,165.177,5.3764,32.7888,0.0487,33.9888,0.7174,9.2874,14.2574,4.209,4.8143,5.2118,7.9294
TCGA-CD-8528-01,2.966666667,20.9082,28.2813,0.0088,4.7892,2.9914,0.0866,18.1761,8.2659,3.4497,9.2478,21.3193,12.4972,1.2121,14.3101,2.2249,4.0269,1.9591,0.7919,5.1056,15.7969,146.6757,4.3351,44.6532,11.8257,18.4219,90.9439,13.8971,2.5379,258.2415,22.4603,17.6228,5.0236,2.1487,0.872,8.1968,0.0119,0.0052,0.5834,71.7685,84.8582,14.6344,9.4289,68.2108,207.7629,16.0489,3.3311,1.5258,27.6,10.596,0.5143,9.2697,12.1279,25.5295,3.9164,9.462,13.3687,60.2667,3.827,0.257,10.2743,20.0763,37.5369,3.2595,10.9634,17.8356,9.9442,14.6098,204.1771,26.3842,0.8692,11.6296,6.1094,4.862,3.9896,56.7888,7.3005,0.6762,14.1336,38.7167,16.1657,0.0446,3.8898,12.5871,45.8839,4.6614,5.2409,24.2331,22.011,1.3078,8.0656,6.514,24.2845,21.0484,1.26,6.2806,21.5019,2.2378,6.7276,27.3414,0.4334,12.301,6.8197,4.9428,5.8484,18.3442,1.2592,1.1882,376.2429,9.0553,29.6865,78.3706,53.9864,11.2477,7.15,0.9937,0.6702,0.2038,10.601,57.0174,6.5355,16.447,1.9602,7.8052,5.4705,8.4432,23.096,24.817,3.8473,22.2154,0.0015,0.4575,0.0873,8.4195,10.0205,2.1634,3.4424,18.3474,2.9862,39.0749,0.1245,0.9574,0.2432,86.2497,4.6109,2.7997,31.735,8.9753,42.8951,4.3218,44.6141,10.2607,4.1447,3.4978,11.0742,4.8006,392.9323,2.6236,0.1678,8.4631,8.8009,0.0199,0.0146,0.025,8.6379,1.2332,33.097,7.3438,21.8171,57.4125,28.7651,8.9195,55.6145,62.7067,33.7488,72.4656,0.0272,15.344,52.6223,45.3611,1.6525,15.9174,0.6819,25.6303,4.3998,13.5347,35.1363,2.1992,24.6435,15.2812,14.8338,11.5578,1.3178,0.0152,8.363,14.9668,3.6338,10.4776,30.7053,19.3449,7.6078,0.8222,0.1684,2.0322,0.7192,78.5961,1.9588,14.0003,20.7897,718.8408,3.02,4.2978,4.3741,6.225,140.7159,7.2141,5.6414,14.4716,46.5401,10.3376,0.3343,11.9735,3.3268,13.9292,6.6135,14.6176,167.1019,6.2447,0.917,28.934,5.3821,3.1364,47.5839,5.0398,0.3729,12.3741,0.0248,20.7339,18.8728,11.0421,7.1812,55.1838,10.1024,2.5718,45.7431,4.928,20.2524,45.9267,27.2751,6.2189,34.9922,8.446,18.562,70.9802,18.4179,0.1076,3.0238,3.0808,1.539,4.1089,7.3333,1.1622,15.6214,2.353,64.6657,0.4021,6.5964,369.6742,75.747,2.0888,9.2756,0.0378,1.2401,11.6169,0.0073,5.7319,2.4925,15.8559,6.0872,21.5519,26.4052,244.4622,8.4499,2.0878,0,13.4047,0.0544,9.1352,3.1825,12.6014,0.3851,0.013,46.0523,0.1089,34.3045,0.7318,41.9416,0.049,5.9809,7.3502,4.3045,0.1048,9.9667,13.1816
TCGA-CD-8529-01,11.43333333,21.1152,38.9755,0.0726,2.357,3.6911,0.5404,19.122,7.5891,3.1029,11.6549,18.7354,16.3687,2.651,6.251,3.3549,3.6443,0.6722,12.0282,5.4468,6.4385,113.9957,5.6845,14.0417,19.0314,22.8639,55.2091,20.8947,3.6913,3.4239,17.2458,43.1515,3.3851,3.8417,7.5039,14.0657,0.5022,0.0053,2.1218,39.8858,158.0263,5.056,12.3379,66.5647,83.4617,25.4461,6.489,11.1342,16.7178,6.4142,2.7503,6.3465,10.1677,19.416,5.866,13.6976,8.7018,7.3868,7.1479,0.1592,5.6503,8.3238,34.4102,7.1128,11.4952,21.8463,22.0271,12.3648,87.0688,18.9887,4.007,9.3479,6.7595,6.2634,7.752,74.0467,16.8764,3.3643,13.3116,17.736,16.3317,0.8984,7.4484,9.0514,38.5102,4.765,4.1004,13.2659,28.2479,3.6053,9.5056,18.0192,13.3759,14.4923,2.2855,22.7423,16.4346,2.8897,8.7143,19.824,0.2388,16.3253,2.2503,2.7269,10.241,16.7904,0.9814,5.4548,712.3294,6.1292,28.0632,25.2255,21.6928,29.4664,13.5336,1.2977,70.9599,12.7464,10.2813,34.5468,12.0501,27.9737,6.2243,3.4872,38.2609,6.9197,22.3831,110.355,8.3456,27.8803,0.0159,3.3488,0.3341,13.6283,3.3776,2.8412,9.2942,16.8754,5.3078,27.6354,1.0603,7.0153,4.3958,81.6996,6.8267,12.3592,21.3776,7.5845,34.3313,5.4057,28.8238,15.5509,2.6802,4.9038,8.902,5.3895,32.7674,1.5052,1.0502,5.2873,10.0164,0.313,0.4053,0.2169,4.664,2.4895,41.373,18.6758,45.5258,40.0987,28.9864,17.4587,53.5412,47.418,29.4612,32.2471,0.3033,8.7353,43.5063,84.241,3.9832,16.6834,16.295,56.4889,14.3726,17.4972,18.5758,5.2897,45.5832,21.7851,8.6807,19.2364,2.8384,0.0571,28.912,9.3342,9.6161,3.6432,19.0583,5.7519,6.357,1.5936,0.7935,1.2277,3.493,24.1996,7.9175,12.9583,34.5005,3.3967,5.0471,2.8126,12.036,3.7693,138.3351,3.5463,4.3484,16.7199,87.3896,13.1835,3.0674,8.4643,3.1329,9.4336,3.8844,7.9859,125.5663,3.1554,0.8192,23.3082,5.2223,2.7649,75.3771,3.6786,1.6897,10.3585,0.0472,46.1537,70.2405,8.5893,6.7555,16.497,10.9816,8.083,35.2599,7.9913,23.816,25.9006,36.9828,14.9378,11.3332,2.2568,43.953,34.2434,17.3811,0.4527,2.9695,4.2285,1.0491,3.0634,16.0631,5.0921,38.0659,1.3481,53.9162,9.8881,20.3595,3328.9557,91.3331,3.1039,7.8673,0.2013,4.6225,2.6209,0.0402,4.7337,6.1871,18.6146,12.6505,31.9685,38.6728,100.5827,24.9625,3.0769,0.0037,21.6869,0.2509,2.0096,7.8073,10.5814,1.0324,0.9536,74.8594,2.0175,78.2,0.5093,74.8758,0.1678,8.0003,5.6435,10.1127,0.7275,5.8429,3.136
TCGA-CD-8530-01,2.466666667,26.3383,32.3625,0.0184,2.0487,4.7991,0.6565,28.2814,13.8045,3.7692,20.7016,8.7125,15.758,2.1623,7.4112,3.7752,1.9575,0.8166,8.0595,5.4566,8.918,23.6225,1.7199,11.269,14.8519,17.097,43.2638,15.3449,4.6623,5.7346,20.6968,16.5183,3.7092,4.7263,3.1208,2.1368,0.3288,3.8364,1.681,46.4592,119.443,5.7174,16.9609,31.4044,51.0237,22.6228,4.0327,5.5731,14.1764,5.8796,5.3158,12.2752,44.8201,19.1487,5.3876,10.1598,12.9635,11.8613,6.3916,0.3936,5.381,11.2389,22.4086,5.8217,6.9969,23.4653,16.3002,14.4227,105.1392,15.9749,0.7355,8.8343,14.9755,7.8968,6.6712,51.8832,9.9882,5.4574,17.6314,25.4522,15.5096,1.3492,1.5163,10.4932,40.9582,5.9394,6.1989,19.4877,20.3051,6.8143,11.5438,16.7687,15.5632,22.2473,1.8029,20.0227,20.267,3.5473,15.7559,19.2982,0.4749,12.4558,2.7305,2.059,13.3757,24.2234,0.6671,1.8062,433.4141,6.2843,13.6411,49.9502,22.0753,17.1853,3.3057,1.2079,11.9506,3.0598,8.1302,47.4975,10.1073,28.1169,4.4149,3.1433,11.6102,2.7264,16.2882,34.4267,14.6686,33.3861,0.0148,7.1728,0.4643,17.7602,2.9176,2.5434,19.6439,10.5257,6.3981,22.6105,2.8419,1.9113,0.6377,54.8373,8.9185,17.0738,17.1652,10.1504,36.8294,8.0154,25.1001,12.8107,5.9612,4.509,8.2087,5.6227,32.3134,1.4117,36.6419,3.9229,10.8784,0.8247,0.5489,0.556,2.5022,2.26,63.9714,14.3138,48.1015,49.6191,24.2586,16.4448,26.7285,52.0635,22.696,50.9341,1.0909,11.3488,33.4166,61.4392,3.4011,9.6163,3.2326,89.5131,9.0443,11.0205,20.2818,11.95,31.9703,28.7623,14.0957,26.0333,8.5407,0.0067,23.155,6.1311,4.0089,3.0846,16.1208,5.341,5.6419,6.8724,0.5098,1.9519,3.0174,31.2635,12.6455,8.8166,44.8965,7.1522,3.6683,3.5244,22.0243,5.7174,87.2079,4.4538,5.4867,11.988,116.0678,15.8227,0.5439,8.5003,3.2443,4.3167,4.4651,7.0908,193.0135,2.4042,0.6413,16.3207,4.8129,3.6544,67.6002,5.4227,0.0728,13.3341,0.2118,29.3406,25.8029,9.0356,6.4077,14.4536,31.0785,17.7145,27.9836,4.3206,18.6371,36.7076,18.1165,7.6207,8.2228,0.4149,50.8784,42.298,41.6214,0.8221,5.6311,2.6434,2.3833,1.8843,13.3171,7.155,19.8265,1.8719,55.9769,3.1812,0.2256,924.6166,80.6528,3.8423,9.6101,0.7161,1.4503,2.6221,0.023,2.8906,6.8787,12.7798,9.3975,10.4616,27.5847,71.0961,6.2028,5.1549,0.0858,20.5768,0.0592,1.3348,4.414,12.2563,0.3694,1.8191,104.0146,2.3442,48.9943,0.1117,21.4915,0.7973,7.6397,5.1103,5.0232,1.8791,4.2429,4.1881
TCGA-CD-8531-01,6.9,16.7831,28.5359,0.0014,0.8722,5.071,0.0344,33.4335,10.3524,5.2686,17.1371,10.7465,11.8777,3.9261,28.774,5.4404,6.5123,2.434,14.3769,34.8522,8.0458,0.1524,39.9783,2.0134,24.3333,18.1978,27.6682,41.3881,3.5151,0.3808,30.1727,1.6065,10.664,2.6222,0.1091,0.0698,0.0565,0.0237,4.9691,5.7791,178.532,0.3828,19.4668,8.5893,15.9028,55.2939,2.7909,10.1792,51.6709,9.1612,0.1648,12.3116,12.4217,54.8732,4.9204,12.0311,19.5084,9.7241,12.8079,0.011,11.232,23.147,29.3722,5.1445,11.0684,10.074,6.3876,6.7107,240.3885,12.2308,16.455,5.5317,5.2475,8.9312,5.7123,110.3222,100.2887,3.9702,39.7488,21.5705,21.7199,0.2539,0.0614,11.177,58.5258,5.728,4.0694,20.1931,66.0079,0.8281,84.0314,12.3326,19.7671,16.0126,2.2703,13.764,43.1566,4.3187,19.4797,30.3462,0.0908,24.4883,4.4679,5.4548,72.3091,24.7555,1.8877,36.8478,561.6751,7.3787,50.6333,20.9569,2.7139,64.4854,5.2829,0.5071,1295.3006,638.5056,15.9742,44.4443,10.2957,19.6633,18.7513,3.5121,8.2478,0.8706,26.9935,11.0254,2.4312,0.0844,0,1.2337,0.4364,5.7699,5.3696,1.7667,4.2387,0.1909,2.7905,46.7864,0.2129,23.9298,9.3249,11.1495,11.0039,5.1871,21.676,15.0623,53.7247,9.1739,28.1629,14.7193,7.7542,0.7445,10.8164,5.6597,26.4407,0.2298,0.1625,8.7652,8.9942,0.0502,0.0228,0.0184,4.1744,1.5119,31.5195,6.6275,66.2054,84.845,29.6436,21.628,22.6977,89.0141,21.8326,83.1969,0.1238,15.7855,143.9742,21.6163,2.7056,70.8947,0.5804,16.0174,5.6444,14.6206,28.5829,4.2914,85.1998,16.4813,43.4995,5.1118,3.5068,0.0115,37.4805,5.4555,0.91,16.5004,24.2858,18.1213,17.544,0.3327,0.2879,2.2734,18.2999,27.0272,1.4852,11.1636,45.4156,0.7272,8.3913,0.1531,0.8066,0.2955,121.0822,5.2898,14.5972,15.1301,61.5093,13.9527,6.2832,5.2923,6.2968,24.3999,13.0093,1.2796,83.3803,7.4423,0.9525,51.2728,8.2468,1.9724,0.6043,0.3569,0.1431,4.3118,1.0177,48.723,20.457,13.9947,7.5502,4.9937,16.6212,6.042,56.2102,6.7488,97.1801,121.1278,31.4487,6.1425,0.1026,1.3582,17.7215,334.7625,3.3898,0.0804,8.9746,3.2997,2.4958,4.1348,14.8954,1.5176,2.9305,2.113,172.4181,157.6718,102.2697,10721.4329,52.6278,2.7759,12.6966,0.0571,16.3183,4.3693,0.0207,5.0165,4.9563,9.2483,8.2479,13.1565,4.0087,252.1838,0.3418,2.784,0.0048,24.4338,5.8004,0.0326,2.1615,32.6081,0.2158,0.0198,2.6603,0.0061,3.0567,0.0284,0.6072,0.0296,7.0244,10.4566,1.6771,0.2209,4.1003,0.4319
TCGA-CD-8532-01,1.266666667,12.099,29.7689,0.1036,1.3697,4.5143,0.2422,6.7543,7.7696,2.5269,16.0237,10.0405,11.7771,2.1164,8.1429,3.5815,4.9742,1.3168,8.9689,3.2967,10.3006,184.7318,0.7952,18.8054,17.5438,20.4149,33.4709,13.5033,4.8149,6.8175,24.7081,40.623,4.3815,2.9576,33.1731,6.1493,0.6945,0.2279,2.7061,49.3107,130.998,16.1616,8.5687,50.9859,103.0572,17.9957,7.4966,7.9216,7.09,8.6058,3.6268,9.7833,10.0703,26.9926,11.8461,15.4023,11.8685,9.6231,10.0288,0.6425,6.6769,7.6072,49.4229,6.4188,7.1239,34.8454,10.1749,11.885,105.2837,18.8428,0.7122,6.5727,6.1646,5.3106,8.6949,80.879,19.8683,5.4238,23.2929,18.342,24.6358,0.3591,6.6258,8.2486,49.3816,4.2138,3.7305,18.6031,29.2699,2.3069,29.7044,14.3115,17.0742,13.3238,1.5915,52.0833,33.8912,1.7573,12.6666,23.3434,0.0128,13.2514,2.7194,2.5019,10.9611,17.4268,1.0828,2.9575,530.4447,13.0086,16.7086,111.0937,11.2856,27.5079,4.8241,1.4204,67.265,4.3023,10.4696,43.1578,3.6024,30.0641,3.1221,5.6094,17.3451,1.9772,20.982,80.0727,4.845,60.7997,0.0137,1.4867,0.2801,19.3147,6.3956,1.3412,6.4619,40.7814,4.7911,25.1305,0.4073,6.2634,2.6614,156.0093,5.5145,5.6427,31.817,5.7681,44.1964,7.4332,25.7782,22.6086,2.6711,5.4719,10.6532,10.3006,42.6408,2.0711,1.1732,3.0699,8.3554,0.2882,0.4472,0.1243,5.8346,2.1244,28.9898,15.8894,35.0476,37.7087,32.016,16.9364,52.6748,97.9379,27.2808,51.6928,18.6376,10.8758,60.9816,68.0858,3.7387,11.3959,12.5087,51.4206,19.9945,12.7186,17.3506,3.4683,45.6272,13.2997,15.3092,10.4932,3.1358,0.016,57.4053,5.1933,3.66,2.4388,21.9937,6.1331,9.9658,1.6453,1.3098,1.5829,6.9664,29.0569,3.54,12.6971,22.0749,1.7513,9.583,1.802,7.1821,7.4468,98.0475,2.5626,6.5694,12.7932,186.8923,15.1099,1.7679,14.3356,2.9515,14.7314,5.0455,25.1088,129.5313,3.3379,1.2771,20.1748,4.2374,2.9215,95.4036,2.0892,0.1702,19.5354,0.1183,113.0572,44.0703,11.3769,6.3988,13.8335,1.562,3.4293,34.4321,4.4014,19.0817,29.9761,46.4592,8.1628,12.6882,5.9514,23.8751,43.555,32.5044,0.3552,3.3712,4.0025,1.867,2.9246,28.3216,2.1005,32.784,1.7043,272.5968,2.2808,2.1068,5548.8301,108.4279,1.6135,12.835,0.4558,2.4049,0.685,0.0695,5.4317,4.0957,18.1092,11.0195,10.7728,27.1705,166.0613,60.6452,2.6493,0.0573,33.3225,1.0784,4.8567,5.0143,16.5276,0.5666,0.8933,441.3588,3.1678,35.7628,402.8588,52.6176,0.0709,8.2212,8.6091,24.2156,0.141,11.7055,2.7079
TCGA-CD-8534-01,2.166666667,27.0522,19.7887,0.041,2.1224,6.547,0.4134,22.7466,11.5418,5.954,22.8018,15.3749,19.1652,1.7015,10.4829,2.5542,5.7845,3.7396,18.2772,6.2043,8.701,41.1833,0.4091,9.6118,17.5522,31.1712,59.3727,21.8648,6.0131,16.6002,19.1335,58.2968,4.758,3.4353,20.9323,2.1414,0.2817,0.0351,2.4539,56.682,119.9597,15.0115,11.7123,24.9667,226.2301,13.632,5.6326,3.906,13.0938,9.5128,2.4207,11.922,10.4505,16.7249,5.4094,14.2676,12.7208,9.2045,11.1476,0.7467,10.2129,12.8203,35.1453,8.1854,5.3287,14.59,21.6834,15.9086,130.486,10.7008,0.8838,13.2555,5.0588,6.4663,14.2224,91.1669,5.0968,9.0325,27.5065,22.6339,36.8892,4.3883,22.2629,18.7482,36.3944,7.0303,6.1923,20.1492,16.3382,1.4889,6.7902,22.4871,22.5575,15.5173,2.0046,11.6805,89.8573,6.1328,15.6358,24.836,0.1351,12.3075,4.4096,1.8593,6.3883,18.5947,2.9499,1.3063,262.4619,6.3268,9.777,39.3646,55.4038,21.4757,1.8256,0.9025,13.4884,2.7992,13.0372,62.8811,43.2887,27.6005,7.44,3.689,8.3513,1.6752,17.9387,19.1831,5.2118,53.2821,0.0043,2.4543,0.2,30.3908,3.3489,5.1594,6.9627,14.0592,7.76,20.8932,0.6279,2.6842,0.9263,63.7,9.4853,7.7871,25.3917,16.306,47.1945,8.6191,18.6981,19.0144,8.71,6.2603,6.7552,9.4987,29.6732,9.7768,1.9171,5.2462,13.7952,0.1047,0.5704,0.1645,6.4991,0.5923,17.2514,6.891,36.6433,42.0434,32.7944,13.4365,42.2914,48.8631,19.5474,75.6218,1.7959,10.5887,32.4999,60.8979,4.608,16.6388,5.2177,51.5798,9.9309,17.9393,28.2436,4.698,41.9552,7.6398,16.162,6.9089,5.1651,0,24.26,11.226,0.4126,6.419,15.762,8.2652,9.9756,1.7137,0.9655,2.5289,8.8007,37.9405,4.82,15.0503,21.9651,17.0261,8.7401,2.1345,17.1248,8.9439,59.6744,6.2683,6.0616,15.7678,50.9392,24.1435,1.085,13.8438,5.1319,7.7022,7.847,17.9656,219.6382,6.1707,0.8434,21.8095,7.6283,5.0606,111.044,6.6274,0.2727,27.2817,0.3557,43.027,11.1512,8.8448,10.9593,7.5282,13.4412,6.5819,32.8975,4.4646,20.0277,48.9534,20.1189,6.5986,16.7842,28.6512,21.792,40.0942,18.3578,1.6204,6.067,4.701,2.8255,4.6461,15.7239,5.0581,14.6431,1.73,68.7837,2.5853,0.4278,2071.2152,100.1314,4.8279,12.3208,0.2864,0.9498,0.5293,0.1194,1.8147,5.0557,14.7501,7.9123,13.9835,140.9011,121.2427,20.0694,5.8255,0.0855,23.0227,0.0591,1.433,2.6395,17.7513,0.8159,0.0294,63.8882,1.08,68.5957,0.2068,93.9245,0.158,5.4901,5.4959,24.7579,0.528,8.2681,2.5176
TCGA-CD-8535-01,7.233333333,37.7662,29.9267,0.0075,3.4201,3.0917,0.1739,22.3866,17.9282,4.251,9.6855,9.0966,23.0017,4.1372,11.7822,5.5103,6.9724,4.0182,19.1671,9.9201,11.954,78.2901,98.2315,8.8339,16.7295,7.2915,87.0533,15.9043,5.801,8.838,25.8481,20.5984,9.2714,2.2912,11.7691,3.5347,0.0028,1.5394,3.1684,29.567,154.539,2.6216,19.9539,24.2066,53.9461,14.173,5.5811,3.5682,29.1029,7.5841,0.3635,29.7602,9.7371,22.783,4.4941,15.0761,14.3437,11.7712,15.8978,0.3622,9.8125,12.2486,31.9506,12.6804,12.6319,20.178,69.408,5.2672,101.9819,16.7136,3.7674,12.3428,3.7732,6.5883,4.4544,84.9159,2.1346,19.7083,16.9609,46.6115,18.985,0.1366,24.6279,16.1426,33.3276,9.5776,9.6164,18.6384,34.5883,1.483,3.5792,22.9628,20.9858,9.9339,0.8459,12.7362,5.1866,8.34,7.9139,28.354,0.1447,49.3243,4.4313,4.0184,15.288,18.8665,2.0544,0.4684,276.3485,4.5747,41.2542,277.2427,3.189,11.6111,61.193,1.1675,0.1508,0.191,15.037,89.5602,28.071,1.5581,7.001,8.6227,4.4197,0.3377,26.7822,13.7384,2.5307,38.0499,0.014,1.0803,0.0737,14.9426,7.5425,6.2583,2.9996,10.447,6.8458,33.8354,0.2749,0.5845,0.0353,94.3055,5.8394,3.3115,22.7128,12.1817,26.9361,8.1153,39.8076,14.959,3.5046,1.6142,9.2546,3.2572,61.8659,1.5171,3.7541,8.0114,11.3241,0.0402,4.8687,0.11,6.9839,0.5198,20.5491,10.5695,42.3395,105.1549,36.1034,13.9274,36.1823,62.7226,26.393,61.4183,19.0753,11.8254,27.9025,46.8789,4.0998,53.3739,0.7267,39.3336,2.8834,5.4489,30.7574,1.7805,30.2262,37.1145,18.3427,5.0598,12.4174,0.0057,77.1648,10.3986,31.3252,8.6374,29.7256,6.6093,9.1472,2.6973,0.9673,1.6013,1.1221,33.9058,4.6664,14.6585,56.378,6.3417,7.6609,1.7301,15.5392,3.7434,75.5838,11.5742,4.4437,17.8207,21.3605,19.2363,2.8721,12.4406,5.7688,9.897,13.7938,8.5124,161.6851,6.424,1.1734,31.4146,2.8112,5.8729,139.6294,1.615,0.3546,24.5456,0.3422,97.496,24.9133,13.2815,12.0898,16.355,72.1365,22.2166,45.2367,21.6517,16.1433,28.9867,15.2015,20.8806,7.5208,4.4447,25.4054,49.0309,24.7513,0.9651,7.248,9.8193,1.5605,4.6718,7.3536,0.3784,51.6038,5.1287,5.6216,7.3218,0.1097,274.5728,61.1444,5.3682,16.3697,0.0981,0.1767,9.3201,0.0388,6.0536,5.4746,8.0542,13.9079,20.7335,10.1899,90.9032,6.6955,2.9841,0.0331,10.9281,0.2099,3.0421,2.1341,7.6966,0.19,0,72.0481,4.8777,258.6808,0.2751,75.1,0.1339,5.5671,9.0084,6.4655,0.1063,6.0002,3.8835
TCGA-CD-8536-01,28.2,14.1271,38.3331,0.0083,0.9608,2.8319,0.058,4.6433,5.4116,1.2599,4.9766,11.2828,13.7246,0.9259,9.9149,5.2546,2.1914,0.8997,1.3071,1.7081,10.2806,95.6689,2.9554,12.9505,10.3925,8.7829,44.7096,24.3433,1.1307,7.1332,11.4757,41.7052,8.4173,1.5627,5.0016,16.2093,0.0714,0.011,0.7906,27.1227,114.4315,8.0287,18.7093,59.6189,86.4395,4.4808,4.8478,2.5945,9.6803,3.4348,0.7451,4.0669,13.4774,23.1635,2.8439,4.8498,12.1168,51.862,2.5454,0.1529,12.9413,12.424,33.9268,4.1793,5.419,27.9795,12.1536,5.1614,237.7934,22.6693,0.0984,1.9782,4.4812,3.5823,3.033,102.4376,13.7658,0.6046,20.7967,13.3003,27.6919,0.0263,2.5574,6.896,36.5737,6.7877,6.5801,10.3403,37.4094,2.0065,8.987,12.2279,16.9719,15.7494,1.7589,11.083,47.4115,1.8738,11.18,15.5621,0.1711,12.9485,1.6455,2.8557,3.9185,10.8827,1.3017,1.1958,428.5727,5.9344,28.1643,78.2941,14.2707,12.6564,7.2267,0.8502,15.3268,2.4719,5.5784,71.0069,2.3845,24.737,6.5445,7.8394,6.8034,1.7245,16.0499,21.551,2.8702,56.6817,0,0.5773,0.0708,8.872,4.0096,1.9772,3.3843,27.4715,4.1912,23.2752,0.1746,1.3988,0.6709,65.5174,2.5048,1.4747,39.0533,3.2019,25.2169,10.0528,27.3106,17.0446,2.0936,1.446,4.8771,4.3856,59.3166,3.9392,0.2016,4.3982,6.4413,0.1163,0.0204,0.0064,6.4617,1.8119,26.4888,38.1898,27.837,82.8747,19.7554,12.224,42.2458,127.0016,21.4013,114.2069,0.2428,4.9851,23.4033,30.4292,2.3247,15.8756,3.1923,18.2376,12.1714,7.3512,22.2785,1.706,32.5228,13.7402,23.0235,9.3465,1.705,0,16.9026,7.7154,3.2122,6.069,16.7727,3.1689,6.6007,0.5874,0.0859,0.8936,5.9361,34.1708,1.1855,8.607,57.8431,3.3957,4.0367,0.6765,10.9275,6.7894,65.3756,2.9974,4.4987,14.0071,106.6775,15.6215,1.6079,11.9162,3.5202,9.6804,4.5098,47.2814,302.6233,8.5089,0.7663,19.8344,2.7986,2.8729,53.1963,2.9521,0.1058,4.6111,0.0725,112.7451,81.4116,10.3755,9.155,26.3912,11.9749,10.5016,32.4059,8.2829,20.4708,68.2401,25.3449,5.6482,15.3495,8.4296,8.131,31.8188,34.2212,0.0954,5.1777,3.8134,1.1506,4.0283,12.1667,0.7047,49.6105,2.1329,54.2294,0.5541,4.4278,988.5282,119.8843,1.738,18.626,0.0531,0.5649,3.1081,0.0198,11.804,3.4121,5.5941,5.1035,14.2207,36.9397,303.1435,26.6036,3.6954,0.0075,26.3974,0.0063,0.2673,1.5178,5.0941,0.2427,0.1145,92.758,0.0535,18.0452,0,87.6528,0.0536,6.9799,7.9973,8.3258,0.2175,12.5941,5.2158
TCGA-CD-A486-01,2.8,14.9429,39.3382,0.0079,1.4211,2.9044,0.1627,22.5745,16.5053,2.801,11.4177,11.8043,19.4302,0.4923,6.6945,3.4961,1.9937,2.0129,1.9066,2.9888,9.8353,51.4747,21.8001,13.3257,17.4646,15.7137,33.7578,28.2271,8.7593,22.8234,16.4945,48.7636,3.3429,4.0254,6.2813,28.2187,0.0272,0.0445,1.4879,33.4884,186.437,9.4127,22.8965,81.0521,204.9934,12.755,3.1579,2.8732,19.2667,5.3718,2.0864,9.0729,6.0763,38.0983,5.4227,11.9643,20.0188,2.8044,6.3253,0.1254,6.0539,5.6915,22.8588,7.4476,5.9395,11.2449,16.3994,5.0432,122.3619,10.126,0.0269,9.2386,4.6535,4.2152,2.8167,92.0747,6.3882,1.2218,9.3491,20.1429,8.9821,0.2206,6.3269,8.7314,29.0055,5.9062,0.8431,6.2462,31.7724,4.4183,36.3608,16.5578,12.632,12.1257,2.1201,16.9994,20.3373,3.5636,13.9206,42.63,0.4471,8.8614,2.1959,1.041,25.2778,13.8406,0.6248,1.4366,434.5481,7.3421,13.5112,19.1165,4.758,28.4789,59.8709,0.6983,14.6921,1.4635,11.7522,49.0969,7.7479,21.4078,3.6971,4.4714,11.216,11.8927,13.1395,115.906,1.1868,25.5486,0.0072,1.3618,0.1111,10.7778,4.2194,1.5559,5.2663,45.2908,11.5006,9.8391,0.1386,0.7856,0.4381,63.9594,5.044,3.3519,16.9362,6.2735,33.4665,7.3745,17.1741,7.1756,7.9297,2.0269,7.809,3.8816,20.5078,2.0538,5.2116,6.0946,5.5446,0.0479,0.0523,0.1902,3.7948,0.6702,26.9864,18.2792,47.3286,73.1767,34.1083,14.7916,52.6752,90.2137,18.5456,93.8034,11.4324,7.6727,54.6834,64.8442,2.8573,3.8259,4.7157,14.6109,25.0938,11.529,27.0273,2.2403,23.1279,52.5107,29.6936,11.2587,5.2997,0.0192,25.514,4.8572,5.8191,4.4404,12.8951,6.8736,8.215,0.4343,1.3121,1.5015,1.0679,31.4821,5.6783,10.2968,36.0449,5.1779,12.7692,0.7562,44.0645,4.3428,129.1924,4.0153,2.5602,21.8111,267.4069,11.1172,0.709,8.5812,2.5161,11.5108,7.3514,7.3653,155.2542,6.2966,1.0261,21.8414,2.4778,4.5211,42.5991,2.6905,2.1595,34.2633,6.6208,41.8324,38.9431,7.5631,5.4581,47.333,9.2282,2.3786,40.5429,5.5293,15.4457,50.0916,36.7422,5.9811,2.827,1.7347,34.0337,24.3113,13.104,0.4526,6.0716,6.2615,1.5473,5.8687,17.0364,0.9057,216.3142,0.8945,26.6334,0.4283,8.8893,3352.2112,99.6067,3.1261,8.9851,0.5446,1.1897,2.8842,0.0805,4.7881,4.6011,31.2937,12.8541,33.7719,60.6587,93.0189,26.2166,2.5135,0.036,22.6955,0.1044,7.1119,6.6177,10.6121,0.3605,0.0082,105.6455,48.5128,59.7268,16.9495,264.4732,0.7212,6.9712,11.0561,7.3275,24.5056,5.6128,3.4855
TCGA-CD-A487-01,5.2,26.8806,34.6161,0.0226,1.679,3.9163,0.4359,20.3564,14.0492,2.896,27.531,10.8656,14.55,1.0872,6.428,1.9425,4.1332,0.5976,2.63,3.6591,5.7313,0.6133,120.9664,8.3819,21.6749,13.3884,32.4415,21.4306,3.2135,2.3216,21.0239,31.6974,7.766,3.4196,5.8359,9.4982,0.0072,0.2109,0.7356,43.2406,207.1755,9.9315,25.208,44.0049,56.3374,13.3371,2.5088,1.9087,15.1341,6.8452,3.2302,8.0158,10.139,12.8993,3.3176,13.3718,19.483,10.0247,7.5563,0.4037,8.1158,8.0782,22.0359,6.1946,4.5867,17.1513,7.6424,9.3274,279.8765,15.7241,0,6.174,6.8488,8.1312,4.436,135.6735,6.0368,1.1457,13.7494,27.5711,7.3786,0.2781,17.6223,7.6287,40.6237,7.0506,5.1136,15.2308,29.8821,4.8413,6.7992,26.3195,21.2527,18.5059,1.3682,4.8043,23.675,6.12,15.7144,15.0878,0.7165,11.7557,5.57,1.5948,14.6589,24.0175,1.6241,0.6826,477.6007,22.3362,17.3972,42.5446,8.866,13.6714,73.9188,0.7119,0.8074,0.6338,9.8211,79.7993,2.5558,19.7886,3.8213,7.3643,2.3445,18.7853,18.2897,27.0846,8.3482,43.3247,0,1.2321,0.0802,11.4305,3.8206,2.3301,8.2354,22.2005,3.8926,26.0947,0.2694,0.4934,0.119,72.0274,6.6568,3.2273,18.0928,9.4711,47.2283,9.6825,21.6213,7.4375,7.3571,4.0469,7.4312,3.571,94.0326,1.1134,0.4186,4.9565,9.4442,0.212,0.1574,0.0808,4.0162,0.9181,25.1658,11.0578,35.0881,66.7586,20.651,14.4832,15.4534,68.1055,23.7511,108.6319,0.1139,8.9836,32.9436,68.0971,2.7834,7.0638,0.9328,21.116,8.2118,10.2167,26.9491,5.2222,42.7525,37.931,30.6361,12.9169,3.9684,0.0477,14.2451,7.2855,5.6562,6.4491,27.5051,5.0154,10.6118,0.4498,1.2652,1.3675,1.6185,46.1986,2.5562,14.142,83.2874,2.3787,4.867,2.4588,7.5274,11.9301,72.6077,6.8144,4.5869,18.8573,81.9345,12.8404,0.2913,13.2644,2.1285,15.0706,5.9156,10.2718,177.0397,4.0521,0.6523,21.1565,1.8455,2.5543,46.5144,11.0042,0.0228,11.3388,0.0383,97.9107,25.1426,10.6628,4.5673,10.215,3.2016,2.6196,35.7864,5.4998,12.4863,39.4696,19.1279,7.0249,9.8736,2.0453,18.7514,43.7523,22.2655,0.3158,7.4879,2.7102,1.4797,4.224,4.3638,1.8725,20.3692,2.24,45.8347,0.5255,0.4424,219.8476,128.1968,2.9682,12.8636,0.258,0.3443,12.8988,0.0234,3.0983,4.1829,10.8009,15.2502,12.8021,8.1957,146.8828,17.2287,3.7643,0,19.3831,0.0562,0.1749,1.5176,5.6651,0.1959,0.1555,84.5502,0.3295,83.2653,0.0153,36.8684,0.0588,6.6455,7.808,4.4261,1.5667,8.0818,2.4181
TCGA-CD-A489-01,2.166666667,36.3012,30.6801,0.1187,1.2284,4.3751,1.1762,15.2907,10.7225,5.4434,23.2282,13.1603,16.2492,3.6497,7.4811,3.3116,1.1583,0.5758,26.3398,6.8181,13.5686,45.7434,24.007,1.7793,13.3426,18.4651,49.9209,18.5098,4.7714,10.3919,16.6152,49.2316,1.4808,2.8667,10.0452,0.4184,0.3974,0.2174,14.3218,28.7755,164.6848,2.2178,18.2457,17.4358,55.7217,19.526,5.1207,3.742,11.5911,4.146,3.7296,5.7277,7.4163,26.072,4.1818,11.8898,8.4838,15.0698,10.5908,0.7571,5.9086,9.1283,53.9272,7.8018,4.3892,28.864,11.8569,13.1942,77.9967,9.933,1.117,11.7996,7.6488,6.895,7.7746,80.2001,6.8926,5.0668,18.8388,25.7216,22.0134,0.7175,1.8619,10.7258,47.3389,9.9077,7.4244,7.0004,19.5323,4.3291,2.739,25.4468,21.9392,7.8128,1.8118,11.1303,20.7757,4.5286,9.9045,26.6979,0,10.0028,2.4854,1.4733,22.9211,13.8068,0.2884,1.9855,254.0804,13.5928,31.2934,39.3909,33.984,30.6698,1.3858,1.1968,24.0435,6.2956,10.9755,61.8533,7.4512,20.6842,4.6865,1.3547,9.9456,1.5929,16.5267,35.1784,15.4032,15.2469,0.0319,2.6267,0.1599,14.9871,2.7954,1.4814,16.079,3.5104,5.9568,20.0763,0.5541,2.4401,0.5975,60.0781,4.8972,3.1343,17.6814,13.7372,20.6699,8.3691,27.0436,6.1556,6.5053,6.2808,5.6318,4.3217,19.2239,0.4103,0.2615,3.2016,7.7228,0.2248,0.3424,0.1351,3.8978,0.85,35.8844,21.7609,52.6548,54.8863,26.3227,42.8169,22.3469,50.7756,17.5821,91.8443,1.2149,9.3349,18.9674,56.1067,3.3994,5.5479,1.6233,66.1784,8.0111,15.6956,23.8772,16.1346,24.9857,3.3521,3.9632,52.1685,2.6384,0.0932,23.8957,12.1085,17.552,2.3208,12.6041,2.1973,7.9134,13.8836,2.3232,1.904,2.6245,23.9576,2.5807,12.2296,48.0115,9.7081,4.2669,7.4256,23.0865,5.0173,99.7193,4.7151,4.448,11.1118,56.8274,23.7731,0.4428,9.6189,2.7379,2.4014,2.236,8.577,279.0451,3.2224,0.6182,12.8118,3.7254,6.3555,46.4399,2.7252,0.0073,4.8693,0.0238,78.9973,44.5568,8.9522,7.909,14.9759,11.908,6.288,27.6319,4.6552,21.108,26.8406,11.8729,18.1482,18.2402,0.43,19.1651,24.5822,12.7779,1.7106,4.6352,3.5487,1.8407,1.1491,5.4821,3.942,14.2035,0.5895,92.3069,4.2584,0.1729,1065.0595,88.3199,3.3796,14.209,0.4192,0.9859,5.804,0.126,2.2966,10.1944,8.3725,8.3415,14.9096,10.2264,154.7077,8.2512,5.1291,0.2119,22.9092,0.0967,3.1919,1.9791,6.2754,0.2764,0.5926,84.423,0.0211,46.0123,0.1626,80.2062,0.7824,8.3782,5.5093,27.2569,1.1935,5.7569,1.4755
TCGA-CD-A48C-01,5.933333333,10.7056,18.8496,0.0115,0.9412,3.052,0.1816,10.9027,14.987,2.6557,17.4123,12.0863,12.9045,0.5822,5.3823,2.0117,2.1717,1.1573,4.1709,3.3605,11.5387,65.0997,35.8828,24.6085,14.078,10.4822,34.89,22.0327,4.4466,4.896,14.0587,21.0077,5.3122,3.1302,3.4103,2.8385,0.0331,0.0479,1.4703,31.6106,219.4626,7.9991,30.2151,85.038,35.5887,14.9733,4.1716,2.2873,16.2873,7.3511,0.4595,9.3477,216.1396,18.7567,2.2254,9.4288,9.3085,26.8706,9.1541,0.1471,7.7525,10.3116,33.1303,5.6926,3.3925,23.3913,3.6777,9.2254,140.9551,19.0577,0.1213,7.1707,5.3921,4.6063,2.9366,100.8737,5.8913,1.3443,13.9189,18.5304,15.9327,0.0604,3.0294,8.284,39.2484,6.1091,3.7631,11.9926,24.3266,2.8883,6.8396,15.1002,15.198,15.7976,1.3527,11.8758,41.2275,2.2176,14.9975,26.2504,1.3913,11.2792,4.6313,1.096,9.6889,14.4041,1.0766,0.8176,345.0764,10.318,42.6146,199.7025,7.7327,16.7748,4.9961,0.8224,6.1236,1.5167,7.1627,503.14,6.6256,16.5091,6.6899,4.5554,6.8502,1.4377,15.8158,15.581,2.7046,27.716,0.0097,1.5496,0.1675,13.0603,4.2734,1.315,3.8411,6.6226,5.3461,26.056,0.2771,1.3154,0.5072,72.0486,6.3034,3.2657,20.6769,11.7339,56.1556,8.5265,20.4589,10.1639,4.815,1.2908,5.3969,5.2893,50.6284,1.0401,0.5889,4.5918,7.6271,0.0881,0.3866,0.0393,2.9452,0.8164,22.4691,50.0566,39.6751,60.5624,22.7019,14.5548,50.137,75.3717,23.2979,117.1678,0.0848,8.9086,50.7965,36.7891,2.561,9.1698,2.3235,33.2184,10.5706,7.5968,21.3461,2.7534,22.5208,22.7345,29.3561,20.382,3.3736,0.0637,18.6127,3.1869,7.9037,8.2122,12.6083,4.273,7.1022,0.3389,0.0945,1.017,2.0636,36.0083,1.7734,15.5012,33.813,2.4865,5.0267,3.672,11.426,9.0126,97.7759,7.9484,3.1465,11.3234,75.1586,16.5867,0.8651,20.156,2.0529,6.8571,5.5775,41.6162,349.9842,5.1002,0.6636,15.8446,1.7363,8.0592,62.1962,1.7338,0.0533,12.1227,0.0476,83.9005,72.3265,10.1781,8.164,30.0022,19.559,11.1352,31.8299,5.144,16.1063,58.3034,14.3825,6.8214,13.4914,1.1507,23.1819,39.7362,34.823,0.1401,3.5658,2.2165,1.1322,4.581,8.3399,1.1266,25.105,1.888,26.2226,0.4883,0.6565,706.9695,114.6865,7.0403,13.8274,0.2954,0.638,1.6301,0.0088,4.5406,3.7625,15.5204,13.0042,11.2229,17.5129,162.9122,14.312,2.2531,0.01,15.4132,0.0478,3.3522,3.7982,8.9814,0.4128,0.1627,345.7515,0.2556,34.978,0.0284,43.3191,0.2477,5.3692,6.633,10.4861,0.3458,10.7866,3.3171
TCGA-CD-A4MG-01,76.56666667,14.111,42.4768,0.0016,1.2569,3.4029,0.2112,16.2428,8.6755,2.598,17.309,13.4322,14.0485,2.174,8.3169,2.5497,3.0083,1.252,10.7578,3.336,11.2127,55.8914,9.9781,11.7944,14.5026,11.9028,43.7682,23.1561,1.7055,3.3809,18.1945,26.8869,9.2893,4.652,7.488,0.2569,0.0455,0.0069,0.9678,32.196,155.4809,6.96,34.6332,57.65,67.1106,8.3032,4.3694,3.3964,10.601,3.051,0.5348,9.1842,9.1489,20.4019,3.2311,8.7477,17.7603,13.2126,2.4111,0.0913,10.9184,10.8981,21.567,2.6346,6.5119,17.2693,13.1388,5.3582,276.715,14.7128,1.1349,5.4008,4.9377,3.9078,5.5552,72.5591,9.8548,1.1757,14.2486,17.0415,21.9311,1.0678,5.1515,7.9056,35.9574,6.3568,6.3454,13.1918,33.0212,1.9568,7.2551,16.3726,18.6828,21.0882,2.1531,7.967,30.3005,3.2717,18.6823,16.8172,0.3949,8.1716,2.378,2.1949,6.2398,17.1597,2.1125,2.2134,489.999,7.536,23.7781,32.322,44.558,19.3419,9.3058,0.8899,21.2761,5.6124,4.9099,60.6549,11.2157,25.6532,7.675,5.1618,13.7398,3.6561,18.4225,19.9057,2.3041,42.254,0.0579,1.5932,0.1127,17.1594,7.4856,1.5032,8.3823,7.072,2.6758,17.5589,0.4553,1.7314,0.5501,67.5494,7.8837,5.2894,22.2693,7.3798,45.5415,7.0915,21.6064,14.2241,4.7629,2.0336,7.0529,8.2405,57.2155,1.5897,0.6336,5.1566,9.2719,0.0421,0.139,0.0827,5.5436,1.343,27.6342,9.122,36.1174,82.1063,24.3364,9.1715,39.3871,101.2915,24.0445,119.7084,0.0522,10.3542,17.3354,25.4133,2.3994,11.768,2.859,15.9019,14.2164,11.8579,24.1364,3.0945,10.2012,15.316,27.9881,10.6506,2.1268,0.1143,17.4581,5.5209,3.7457,7.8105,11.5941,6.8806,7.9572,2.6994,3.2578,1.2158,2.5156,74.9926,3.1214,9.9714,31.2816,6.7135,6.0806,1.9817,19.2519,5.2799,58.2087,1.991,4.3233,13.1498,86.7107,14.5078,1.0766,9.1524,2.4877,12.8705,7.0079,10.683,197.2258,6.8734,1.2614,20.6834,2.4564,2.2884,88.9918,6.0227,1.0137,12.0878,0.4286,38.0841,26.5518,10.6546,12.6046,9.2463,32.2508,4.9808,39.1736,9.767,14.9357,46.797,16.1839,6.795,7.3943,8.8752,26.4211,57.4323,19.9722,0.3394,5.3458,3.1165,2.4607,4.0526,13.544,2.3069,25.8975,3.256,32.7525,3.7947,2.2016,1264.861,114.8954,2.6884,17.6778,0.3322,1.2616,4.4891,0.0358,5.8374,3.2723,9.2132,9.0471,20.2579,30.1617,120.9671,21.0049,5.4642,0,25.614,0.2491,1.6531,2.866,5.9208,0.5901,0.0115,48.8681,0.0783,80.9162,0.0283,50.5504,0.1822,6.846,7.6004,14.2598,0.3873,6.164,4.0879
TCGA-CD-A4MH-01,2.266666667,11.7592,40.2349,0,1.3229,2.9376,2.5422,21.8216,24.8742,3.116,18.0586,8.8292,18.4107,1.7631,15.4582,3.4115,4.0611,2.6432,1.1643,5.22,9.1176,85.1394,149.1259,243.3559,13.6631,13.1824,50.9787,17.78,5.454,5.1521,20.064,24.365,14.2315,5.3777,3.5855,89.8632,0.1626,0.0225,1.33,47.5653,359.3891,30.4431,28.7048,85.5675,145.551,12.8009,7.2764,3.6189,53.8508,15.1717,1.2087,22.2174,8.9752,17.0241,5.3567,9.2001,18.6081,12.6912,4.8022,0.1859,9.0924,8.9355,28.2819,7.0516,3.8188,19.4058,9.1188,5.3144,67.4868,9.8135,0.0915,12.2614,7.9633,4.4142,12.1451,50.9394,23.4258,4.2105,13.5325,12.9199,26.6887,26.1764,6.8936,11.0792,57.6169,4.9171,4.818,14.2253,27.0202,9.3116,62.0633,20.6017,23.6287,20.2665,2.6455,25.8961,9.2318,3.1931,17.5419,26.6971,0.0238,6.3304,3.5739,2.0138,5.656,13.02,1.1786,0.6135,553.7363,17.6048,12.8586,32.1195,32.2021,22.2072,34.0273,1.181,27.7041,1.5598,7.0219,50.7314,7.6422,45.6374,9.9069,14.9989,5.2238,2.5335,17.5134,20.2455,0.9263,28.4507,0.0022,0.62,0.1639,12.2021,9.3497,3.0694,3.1037,52.6876,8.9534,23.0319,0.1306,1.121,1.2121,227.4401,5.542,3.5637,14.5487,11.6327,38.4695,8.5516,19.8391,6.2601,4.9273,1.1663,7.9224,8.1328,2.0197,3.8129,20.6334,7.1311,5.3749,0.077,0.0272,0.0706,3.1346,0.2935,21.3374,31.965,21.2719,50.3355,29.7693,9.7665,60.7958,90.2919,19.96,115.6568,13.9744,13.5094,46.0992,37.1191,2.2829,6.7129,6.6674,18.4456,42.1407,9.8175,36.9071,1.7344,23.9367,26.4769,29.8647,5.8533,5.7955,0.0385,16.0457,8.3085,40.5532,10.4414,12.9664,7.0623,13.9171,0.9305,6.8504,0.8157,1.4296,40.6519,2.157,12.542,29.8753,4.2833,13.3112,1.101,11.0583,6.9156,61.0062,7.2334,3.4705,7.5326,122.9085,13.6503,0.6401,10.529,2.9731,11.0943,11.2361,17.2734,222.0117,7.0531,0.8405,18.1383,2.8785,8.5992,113.4219,7.0814,0.629,27.1886,0.3372,75.8083,34.9193,12.5268,11.0429,18.5392,9.2514,0.6925,45.6082,11.3106,10.0227,44.7128,8.5124,14.5268,10.5563,5.4751,15.9491,33.4615,16.7972,0.0909,3.4608,2.4144,2.0266,6.421,6.41,0.9121,56.3066,9.2499,63.5169,0.6378,0.2135,475.0061,75.6226,5.1225,15.5224,0.6969,0.6641,5.6887,0.0134,9.9844,1.6629,23.524,9.1636,21.2376,24.7486,62.6892,54.468,2.1432,0.3549,19.211,0.6287,10.3636,5.8502,6.9405,1.1596,0.233,100.2053,4.5567,37.9166,5.053,37.9746,0.0456,6.2496,6.8542,3.1782,4.432,7.0558,3.4713
TCGA-CD-A4MI-01,28.86666667,26.675,34.5836,0.0859,0.987,3.9938,1.2591,15.995,8.5376,4.0852,18.7362,9.5073,15.1435,2.8648,13.8585,2.2458,1.2656,0.5601,3.1415,3.8814,9.3758,41.2584,1.9418,12.2845,18.7092,15.0412,39.4809,17.31,2.8456,3.9914,17.5126,21.247,3.4048,4.6206,20.8497,2.1481,0.1743,0.0092,7.5144,32.817,148.8812,3.3114,13.0539,38.386,52.665,23.914,11.2223,8.2606,13.3007,5.4647,2.1391,6.5166,8.8773,16.327,6.6551,7.7934,9.6287,5.6549,5.532,0.3837,5.494,7.4215,34.9313,5.8914,5.8339,22.3869,12.4323,12.1398,119.9063,13.2944,1.2179,7.4264,5.7224,5.0612,10.4951,57.9823,15.1138,3.8834,23.1939,24.3864,21.2235,0.1901,2.2651,9.5057,40.5873,7.291,7.2315,9.3076,26.8944,4.8104,13.921,29.7398,15.7314,12.1841,2.9661,25.5482,27.1136,3.1671,12.4474,15.5357,0.05,11.3431,1.9815,1.2307,15.5477,16.8004,0.6108,3.543,334.1302,7.9705,24.7822,44.1399,27.0888,16.7869,2.3994,2.7138,41.7445,7.5432,6.1718,43.4288,6.6873,28.3189,4.3987,2.8862,15.0375,5.4613,14.4435,53.9261,8.2709,19.5656,0,2.3201,0.2402,22.7422,3.8327,1.4978,17.1393,10.8948,5.0923,18.0957,0.7719,4.8997,1.7481,52.6105,6.2476,4.1756,20.9082,10.1029,35.3742,9.5862,25.1551,19.6534,4.4348,7.0219,5.7491,4.463,18.3815,0.6328,1.0528,2.8263,6.845,0.3002,0.2996,0.2018,3.2435,3.9235,41.5265,17.9511,53.0201,41.5858,23.7114,15.5798,24.5828,62.5642,15.4309,81.7725,0.394,8.2572,26.6588,55.2661,3.4351,9.8858,4.8718,27.2222,16.5421,9.8528,20.7242,11.954,23.9996,4.4023,4.8203,27.3884,2.4415,0.0179,27.1599,8.9103,13.8782,2.3979,12.1109,3.5055,7.3152,12.5596,0.1914,1.5802,6.515,21.0224,2.4632,9.5291,69.9489,5.6546,6.6236,1.8699,13.0811,5.7508,79.366,2.6653,4.4946,15.3816,139.7712,19.8662,3.1616,9.7355,1.763,5.1832,2.8529,4.9054,182.5226,1.9176,0.412,11.9715,3.1061,4.507,66.1699,3.9056,0.1465,8.6508,0.2484,64.1087,33.282,10.0295,7.2824,14.9463,2.6963,5.5557,29.2503,4.1267,22.0096,28.6535,37.2019,13.3523,5.6015,2.8866,26.1548,26.7473,20.7335,0.8685,5.3976,2.2449,1.7173,1.5161,20.4543,3.2512,14.8672,0.5306,59.3945,5.7409,1.6664,5167.8689,83.047,2.4451,16.2528,1.1442,3.5395,2.6526,0.0047,3.2847,8.5572,7.2643,8.1306,11.9367,10.7908,93.7081,18.9851,4.315,0.022,37.3898,0.4508,1.1919,4.991,5.1974,0.7656,0.057,171.2459,4.7196,53.9987,0.6248,30.0727,0.1313,8.3541,6.3031,20.0492,0.5172,6.7643,1.5381
TCGA-CD-A4MJ-01,20.8,20.3804,49.9073,0,1.4223,2.9116,0.1373,22.7878,8.5273,1.4272,10.4399,18.6424,20.6988,1.0601,7.8567,3.3824,3.3169,2.3497,0.9194,4.8627,9.5866,165.0417,0.3191,6.3802,24.3065,16.8535,67.5498,31.4542,0.6564,9.0938,22.4743,69.1389,8.6877,3.546,9.4215,2.5262,0.0416,0.0084,0.4545,47.5839,68.1167,10.3186,18.9397,77.9492,114.8385,25.7896,11.6945,2.1961,15.58,4.561,0.6333,9.749,17.8597,26.3403,8.3744,12.2496,14.6889,30.5741,1.736,0.1161,13.1104,13.1033,49.4631,6.5233,8.1644,27.0536,17.085,6.0693,234.7231,23.4601,0.0114,8.8664,5.3815,5.3638,7.1538,100.5931,9.2548,2.2167,17.3879,21.8266,21.7898,0.0722,26.2364,8.1031,54.2885,8.4779,7.0499,27.4161,43.8393,1.759,6.4844,11.8312,19.8086,17.281,3.6402,14.7472,44.084,3.8786,15.456,16.3946,1.2928,14.2065,2.8553,4.0873,8.1783,18.3215,2.6077,0.4763,387.889,6.8461,37.6247,93.5243,20.835,18.7178,8.5902,2.3909,1.3433,0.6422,12.5761,42.4614,7.6524,21.7669,4.9141,7.5136,4.6915,0.7718,23.2534,6.6621,2.4074,61.1243,0.0025,0.6914,0.0845,15.8048,9.8653,3.4457,5.1509,29.2725,3.7626,29.2351,0.1293,0.7033,0.3776,89.3,6.2411,3.0228,34.262,8.7909,45.7266,11.0414,30.945,17.2913,3.4047,2.1578,5.8095,5.7952,94.7428,4.4596,0.5206,10.1109,8.5213,0.0821,0.0763,0.0216,5.8755,0.625,45.7992,22.3088,35.3246,99.6076,24.6512,16.2362,62.5686,85.6902,12.1536,80.8029,0.0711,14.2923,45.5104,40.1938,3.6423,12.7967,2.7736,18.6037,8.8053,14.9093,28.373,2.9574,26.3665,17.3001,18.309,9.6407,3.307,0.0164,20.6216,7.8612,7.619,9.1333,18.6641,9.0731,7.0688,0.578,0.2033,1.0878,4.7751,39.2938,1.7295,13.4902,40.3174,8.3226,5.7685,1.714,16.0037,4.983,87.3701,4.2402,7.5579,17.5829,60.0957,21.0204,0.677,12.9855,2.267,19.7058,11.437,26.1376,213.1137,8.8157,0.8033,22.5496,3.2493,4.917,98.7346,7.7123,0.4323,15.5834,0.0187,85.9511,56.0628,12.1446,8.4794,37.6191,38.1452,11.9387,46.4616,7.9147,20.4905,68.1699,45.1628,5.8985,20.9327,12.6135,41.2943,53.9059,21.8761,0.2955,1.9675,2.4155,1.3307,7.734,3.9083,1.0286,43.5369,2.5088,27.7682,0.1912,0.6485,1161.8145,156.587,2.3276,20.6903,0.1848,0.2923,7.0395,0.227,7.2583,1.9603,9.9234,6.2436,19.5773,36.4297,449.6553,27.3427,3.6968,0,27.278,0.1499,0.0633,0.8881,15.628,0.483,0.0793,113.6086,0.0042,67.9175,0.0117,102.8969,0.0383,7.5054,8.9173,11.2014,0.2073,12.8442,2.5403
TCGA-CG-4301-01,1.5,17.087,26.938,0.1493,1.249,7.2668,0.5774,14.9947,11.0998,3.7343,11.6338,6.4663,9.5453,1.475,7.7386,3.6435,2.9043,3.8688,14.8774,5.2943,13.7661,156.3111,9.1431,8.5233,9.087,13.6251,39.8268,18.9759,4.0462,5.8116,24.8527,1151.4456,3.5671,4.0545,6.9433,8.5501,0.3733,0.0061,1.7625,19.3805,126.2679,3.5241,8.4164,74.6585,48.9296,19.9061,5.3511,1.4408,33.059,13.0224,5.724,5.8668,19.8806,22.8079,8.8326,8.4806,7.2218,12.7863,10.4632,0.1164,7.3721,10.3283,26.9617,10.9701,4.3108,41.1315,8.7838,11.9373,143.2691,18.2951,0.0424,8.7587,9.549,13.838,15.903,52.3379,13.836,4.1374,18.609,28.2705,19.1019,0.3603,10.3639,9.2792,76.1248,8.3067,6.2756,9.9951,25.7817,2.2748,2.8945,15.1442,19.6029,8.3353,4.1783,21.1091,14.3027,6.5053,7.3694,7.165,1.4085,7.3279,4.4749,4.071,9.9436,10.4472,1.2176,2.9898,335.5469,8.2956,22.5829,54.1872,10.483,26.1894,4.0996,1.6519,2.6982,1.0354,14.6363,51.3852,27.3291,11.6702,1.6566,4.0103,16.2853,3.7428,28.117,62.1485,9.0323,78.4346,0.2485,2.7419,0.3178,9.6189,2.5378,1.4319,5.3687,17.3906,3.5814,28.267,1.3929,4.3811,1.0485,52.697,6.3704,9.2944,13.2414,5.5936,15.9447,9.8894,38.2017,96.5929,3.6853,6.7269,7.4565,2.3964,32.9663,0.7976,0.8081,3.2074,7.7409,0.1102,0.6508,0.2415,6.2173,2.0702,31.6149,11.0467,55.6846,156.0768,24.3862,7.3952,20.0844,62.9105,14.5356,43.8997,1.367,9.9005,56.97,52.5563,3.424,12.6565,9.9535,53.9756,5.8496,9.414,27.0656,6.6339,27.0017,10.9742,3.5294,14.1294,1.746,0,35.118,12.0061,14.0616,2.7122,18.4064,3.8878,4.0313,3.2745,0.7403,1.4925,7.574,24.3655,6.6863,16.9054,53.9189,4.069,3.7507,10.581,3.7569,9.1231,145.9592,4.4158,5.7489,15.9743,74.2958,32.2754,0.2515,16.7203,1.8605,1.7823,3.4566,13.8846,128.6769,2.9859,1.4778,8.6328,5.7613,6.6939,48.0647,3.4669,0.0201,14.7664,0.1068,131.3034,110.0602,19.1117,8.1347,37.8157,11.656,16.5221,26.8561,2.6828,24.8016,33.1686,19.3969,7.8478,9.4818,1.3042,20.9319,28.3485,49.1972,0.5465,5.2874,2.6315,1.2633,1.0688,27.4642,3.7257,35,0.6324,112.6125,1.8971,0.3796,1239.6853,154.2299,3.0727,14.9331,0.6553,2.3127,4.7721,0.0325,2.9136,7.3597,18.5106,6.4928,10.9121,11.1317,106.5124,33.0977,3.1657,0.0159,20.6064,0.0802,1.4789,9.3393,7.3632,1.1657,0.9878,126.7011,0.4953,5.3996,0.0633,63.5616,0.1885,7.2218,9.8993,5.0165,0.5479,24.1601,1.9934
TCGA-CG-4304-01,1.866666667,15.5245,27.3509,0.0141,1.5735,4.3922,0.1446,29.2367,22.862,4.0109,11.0436,13.0889,20.4181,1.5228,11.2226,4.946,3.5632,1.153,2.1095,4.469,10.8656,180.4994,0.6377,51.1004,19.7853,17.3847,69.55,23.8279,4.129,8.3638,27.9834,66.5627,10.6279,5.959,17.5938,6.2397,0.3614,0.0339,1.2475,35.1667,125.3046,10.7043,9.0363,61.7595,84.4502,27.3029,3.0836,4.3811,12.7023,9.3477,2.0344,9.5079,13.7065,15.8798,6.1947,11.0884,11.896,30.4395,11.9723,0.3141,8.1719,9.696,28.6009,10.9178,6.06,32.9194,21.4128,10.8375,63.9158,35.5057,0.5444,11.5352,21.2004,7.0565,20.9412,57.6956,23.541,5.0681,6.7968,24.1612,30.9863,2.747,45.0907,15.7362,89.1615,6.8808,2.5079,13.0121,29.4361,3.2239,6.2653,14.6645,21.0188,12.2182,4.8319,23.8844,13.1284,8.0444,8.7859,14.8487,0.1101,15.7877,4.8566,1.8276,12.7384,13.2625,1.4476,3.1782,332.2548,7.4758,15.3441,40.3031,43.7412,15.7227,3.6372,2.5372,36.2038,4.7886,13.4251,53.4838,18.6816,29.6777,3.3444,4.8383,22.0933,17.1283,26.4121,55.9796,7.4317,80.9473,0.0228,1.9096,0.3672,13.4235,3.8067,1.9269,6.2935,26.8258,5.9182,27.4029,1.0703,5.6957,9.5113,35.194,7.8465,7.8174,17.1889,5.5951,21.3533,9.2367,36.5751,21.2564,3.5725,1.925,11.5604,10.4755,37.3299,2.0041,2.5308,5.1834,8.783,0.2101,0.3866,0.1018,9.0306,3.3422,37.4239,15.5928,52.7435,62.7285,40.4337,10.5001,27.1233,94.331,12.2682,32.3012,0.5012,13.7678,24.3968,60.6703,4.1188,29.6733,19.0614,58.4417,22.0575,12.5979,29.2048,4.9548,37.3811,8.6192,6.0589,9.5509,2.8328,0,24.8295,10.6567,8.4264,2.5558,21.0542,6.4454,7.1804,1.031,3.3675,1.7721,4.6127,26.1798,3.3476,20.6107,23.5537,3.4476,3.853,2.4573,3.5058,6.7857,124.5009,5.0025,3.4278,11.5906,104.1629,19.7794,0.9312,19.0942,3.1304,5.3896,7.288,15.8196,138.2071,2.9553,1.159,12.4426,5.254,5.4469,85.1833,6.9693,0.2411,28.65,0.1288,101.2094,64.2855,17.2601,9.3675,18.9866,11.003,4.6453,41.8746,3.8227,29.1921,38.1587,36.9455,12.2437,15.9511,6.5423,18.9239,37.241,19.2585,0.4495,4.4648,3.6302,3.4063,3.1848,29.6375,4.0087,52.2093,1.9664,71.374,1.9687,0.7038,1352.3865,62.666,4.0555,10.9094,0.4712,2.7742,0.793,0.1194,7.2681,5.2638,13.7406,9.035,17.7769,31.2063,129.1417,41.7476,3.0646,0.0808,30.4729,0.0953,0.4982,6.8139,5.8762,0.5497,0.2968,97.8774,2.3497,45.6186,0.1222,44.3313,0.3211,10.1821,15.4551,13.9282,1.1748,7.7582,1.6687
TCGA-CG-4305-01,35.1,18.3006,28.4822,0.031,1.9291,5.7772,0.5026,17.6688,13.8401,4.519,11.6455,11.6945,17.7659,2.159,6.4101,5.7908,5.1277,1.8446,3.526,5.6004,10.1709,120.5452,1.2628,10.9458,12.375,13.5838,52.9418,24.7345,3.0723,6.7289,22.8049,46.0475,12.605,3.94,6.9824,11.2488,0.5829,0,1.8378,32.468,147.2477,3.6674,11.3591,68.5229,35.127,13.959,18.2955,4.9372,14.1855,9.1946,2.0907,6.2416,12.5467,17.5997,4.7184,13.9997,11.5367,28.8498,5.2833,0.1941,9.8579,11.9421,37.915,8.1199,7.0106,26.5372,7.891,23.7327,106.4934,30.2708,0.6338,10.791,8.6674,12.2121,12.0522,65.4962,7.4772,3.4272,16.5537,29.6774,32.0923,0.166,1.1055,12.4643,70.9745,10.1253,7.6746,12.4169,23.6485,3.0808,3.9687,16.2461,17.4358,12.8403,4.6271,21.0736,26.6029,5.8286,8.3405,13.1361,2.3276,14.6444,5.0065,1.9335,6.2844,12.8724,1.2174,3.3507,488.1572,10.3366,26.9687,63.4175,9.6099,18.6636,8.2311,2.9693,13.2657,3.6584,12.1227,68.5395,8.0542,13.2092,3.8907,6.1694,34.6307,9.7039,26.0215,52.5506,9.168,70.3339,0.0169,2.1082,0.2964,11.0036,6.5263,2.1615,5.8052,28.8096,6.341,33.2981,1.3963,6.13,1.7321,14.9658,7.9617,3.4036,26.8771,7.2388,20.8641,13.287,41.0946,21.7577,4.4979,3.4826,9.1251,4.9095,80.1786,1.9245,0.91,6.282,11.4525,0.1704,0.2208,0.2151,4.3517,5.5636,59.2195,18.017,41.187,135.2906,36.0168,10.6438,37.5929,94.0589,14.3367,59.7214,0.1176,14.5801,46.1635,47.5259,3.4586,21.1891,4.6405,32.7574,24.7949,9.6231,25.808,5.9103,38.1478,15.5251,16.685,14.0971,1.296,0.0757,18.762,10.7122,14.6908,3.3909,18.0671,8.0806,6.6045,3.2435,0.3621,1.3909,4.3991,29.5267,1.5465,26.6248,25.2155,2.6315,6.7821,1.3974,3.8068,8.894,130.0496,4.1091,4.4308,24.0529,63.686,25.2247,1.6247,28.6826,3.9877,6.4929,7.4475,21.2175,181.4355,6.4654,1.4839,13.733,4.6835,4.6768,37.2535,1.2945,0.0155,8.3268,0.0142,107.3539,62.4867,16.809,12.9352,14.8792,25.3,26.1895,39.8118,7.2342,26.6918,58.7012,36.2846,7.3052,32.9843,3.0405,29.1269,42.4884,52.5359,0.496,4.5943,4.3972,2.5213,4.3519,12.242,2.6024,16.0621,2.8458,25.4377,2.4435,2.0665,2222.7466,153.086,3.6516,16.4534,0.3879,3.0391,8.06,0.0985,7.6409,5.4739,9.9685,7.7943,23.4213,15.7618,200.124,22.6881,4.3795,0.0133,30.1189,0.1166,0.5866,6.3947,7.2833,0.9573,0.234,145.0809,0.6363,6.1104,0.1194,84.1511,0.1209,11.3346,11.1404,13.9121,0.3983,15.9782,6.611
TCGA-CG-4306-01,33.56666667,16.4094,27.4689,0.0082,0.3468,6.3367,0.1738,15.3778,10.2094,3.6711,10.6235,10.3416,17.965,1.7227,8.0323,5.3317,4.4056,2.0104,3.5079,5.1283,14.2822,103.2398,0.3897,4.5483,12.5743,14.4014,59.0402,16.2752,1.7491,9.4767,21.7894,40.7558,13.6218,4.4657,14.8676,2.3431,0.6091,0,0.985,26.4035,100.1714,3.6773,12.2242,48.7061,54.1213,27.621,13.1984,2.2632,13.0965,4.4484,2.5866,5.1991,33.5068,20.6977,5.5651,10.8869,8.372,31.7748,4.1311,0.3106,7.214,18.2562,32.6039,8.6469,5.5663,31.423,7.4334,15.3825,153.9126,39.2744,0.6245,14.9694,14.254,8.235,7.9762,53.0712,24.8876,3.8686,20.0605,28.813,40.8322,0.124,2.5628,13.6771,93.3517,14.3587,10.5039,13.41,30.1059,1.4209,2.3721,15.836,23.0951,9.8537,5.2367,21.9047,23.487,5.1461,9.0803,9.4544,0.1193,11.6787,2.666,3.6959,13.7885,13.0446,2.1646,1.7815,499.1464,9.25,34.3426,65.662,57.6471,14.081,6.3965,2.9796,14.4314,1.635,12.845,57.0041,7.5368,18.4471,4.5881,7.3279,20.8377,12.0733,34.449,36.5576,6.9839,53.7325,0.0015,1.5845,0.0973,13.9814,6.4544,2.5302,4.8442,4.0056,4.5256,37.3439,1.1143,2.492,1.6078,22.0625,6.7943,3.7327,22.1052,8.316,20.9797,13.3253,39.0737,19.6262,3.8868,3.688,12.9711,5.2187,52.1348,1.9291,0.2928,6.9208,9.8853,0.1423,0.0646,0.0484,8.0906,1.7294,32.4537,13.852,52.8304,99.839,32.9136,5.8655,49.0003,126.8471,17.8002,106.3261,0.2083,12.1135,18.7125,81.8292,3.2762,14.4964,7.989,27.1001,14.5493,9.9072,37.9334,4.797,29.4805,11.4092,19.9792,10.3316,2.1286,0.0306,27.849,10.5186,9.0399,4.7362,16.3352,5.2599,9.3662,1.3388,0.6905,1.7358,7.0644,42.6534,3.7906,14.7844,39.0755,9.1288,3.4051,2.1731,7.8976,4.6717,122.1103,4.073,2.2885,23.6887,87.8241,24.3119,0.547,16.7221,1.9451,4.0176,8.0011,30.8782,211.3295,9.5469,1.3242,15.1316,5.3104,6.2584,43.651,5.8557,0.0431,7.3867,0.0073,46.0405,46.669,21.9126,11.7338,22.5208,18.7394,7.9729,36.5805,7.6162,27.7802,63.601,30.0378,5.7863,23.5432,6.9458,13.4578,51.6696,30.4767,0.5661,5.4823,4.0364,1.3066,3.9533,27.1615,2.1721,30.4405,1.5241,48.5945,0.6587,0.9585,2369.8009,148.1855,4.0585,17.4107,0.2062,1.5197,5.4451,0.0374,9.4324,4.4219,8.8309,4.7684,18.0422,10.7904,353.5042,16.656,3.6281,0.0237,34.1151,0.036,1.4483,3.6653,6.9095,0.3487,0.0761,110.6934,0.7764,7.3235,0.0418,67.3477,0.0528,9.5878,14.5925,13.0784,0.4163,15.0501,3.1324
TCGA-CG-4436-01,5.233333333,17.6556,21.1111,0,2.1387,0.6137,0.0448,14.697,13.5945,2.4936,7.4479,19.129,14.5375,0.5328,9.3649,7.3197,7.8802,4.7951,0.9038,6.928,15.1715,114.0557,3.2829,19.2303,7.0345,13.0633,79.7249,27.6034,2.9478,6.6912,22.5795,25.8682,9.1758,3.0949,0.3365,4.1889,0.019,0,0.3071,24.5887,92.6585,5.7069,10.7641,75.6977,139.2268,22.547,4.7782,1.1443,21.2652,6.9342,0.6597,7.7673,9.9294,16.6957,4.0819,13.7376,13.8499,37.1264,11.2493,0.0816,9.4,14.7248,26.9172,12.0911,6.2134,27.3576,13.6477,5.9211,131.2383,32.3638,0.0404,11.2852,7.1302,6.9561,9.3149,75.1324,8.5021,5.3835,8.6844,25.5048,76.6612,0.0221,51.3584,10.3489,68.6716,11.3669,6.5334,10.6434,36.809,0.5497,12.4275,18.0008,27.605,6.3275,1.8673,33.9195,3.3881,5.187,9.8535,8.6177,0.0055,16.5866,7.6323,5.6559,6.8094,6.0373,1.7743,0.518,370.3643,13.3778,19.6572,48.7059,36.5539,17.2733,10.2851,3.7077,2.3267,0.46,19.9967,63.826,10.5269,17.6123,1.8043,15.1851,8.5861,10.0703,26.1513,23.5208,1.3627,30.4914,0.0031,0.8131,0.1074,9.0744,4.7903,4.2383,0.9109,17.8835,4.5348,43.3396,1.3151,1.5073,0.5445,40.4788,5.0926,4.7302,14.2221,6.4599,16.3539,9.3198,51.4133,5.3131,2.3228,0.5173,12.0507,4.3036,176.4783,2.2278,0.3741,7.5759,29.9552,0.0066,0.0053,0.0032,12.4756,0.8872,10.2556,11.1521,39.1689,151.4741,21.6859,7.6172,51.5535,122.5885,24.0111,103.7251,0.2034,9.4788,30.161,71.6152,1.3935,28.2599,1.4137,32.3962,4.9077,5.6785,44.9883,1.4925,53.2847,29.5755,23.1176,3.6044,2.8234,0.0378,8.5924,51.8604,0.8954,11.7594,17.9322,3.1631,7.8441,0.457,2.5508,2.4912,1.2303,39.6411,2.7299,22.3587,17.894,1.7411,5.7754,2.6589,12.0296,6.822,70.4783,7.5093,7.0864,21.7258,90.8447,11.988,0.2501,15.2636,4.0309,6.3897,4.6328,19.5428,152.3682,6.896,2.1504,19.2737,3.9509,9.002,54.1383,5.0528,0.0682,9.59,0.1098,58.5883,24.5947,17.1116,25.4668,10.0632,36.3277,2.7125,39.241,7.8611,21.4025,37.7189,33.5781,1.898,8.8518,10.2424,6.3313,51.0496,16.1217,0.3753,8.5338,2.2682,1.3433,5.0443,11.9775,1.4134,30.9631,5.3334,32.8339,0.5784,0.2177,1731.9816,72.8257,3.5938,13.2635,0.0031,0.5506,7.5627,0.0155,7.5897,2.2108,19.5096,7.5478,51.5467,32.19,80.9494,18.6763,3.8459,0,9.7061,0,1.4646,9.4662,11.2585,15.9574,0.0054,61.2228,0.035,85.8374,0.0261,38.0873,0.0719,6.579,14.8493,3.7549,0.1759,7.4983,3.7528
TCGA-CG-4437-01,15.56666667,16.0725,42.6533,0.0092,0.954,2.6371,0.1016,14.1665,6.7267,1.0067,3.3182,21.2044,8.8812,0.8872,4.0063,2.4888,2.2243,0.9674,2.6047,2.3737,8.6672,66.5732,14.5669,23.5412,18.0953,14.1248,17.883,26.0705,3.0897,10.6343,11.9598,46.0259,4.7776,2.3474,2.1251,7.5427,0.1266,0.6333,1.6155,38.8206,118.4287,9.5992,17.115,38.328,101.8671,13.6017,6.3796,2.2966,12.3794,2.1922,1.1308,7.7223,5.5493,23.2181,3.0605,10.1015,13.1518,13.8506,6.8418,0.0631,4.9698,7.6157,37.3856,4.3267,3.8871,16.9795,11.883,5.5625,188.7537,12.9374,0.5021,2.4645,4.7445,5.3027,3.636,116.6789,6.368,1.8043,5.2993,13.2949,18.9767,0.0804,2.1774,4.0063,24.6309,3.8229,3.4977,15.3678,36.3583,1.7335,14.6399,10.9155,8.1434,24.0478,1.8767,16.3479,27.6339,2.4153,6.0643,7.6601,0.1291,21.1357,1.5366,2.3483,9.4336,12.2981,0.9248,1.939,881.4241,4.9551,15.1293,99.3588,4.4612,41.0663,3.785,2.266,52.9736,5.6375,8.9969,90.3961,2.6444,16.2036,3.8921,4.5391,19.0692,15.7319,14.4246,40.1639,3.6452,32.0962,0.0045,0.9837,0.1066,9.6646,5.1745,1.5622,4.897,68.1131,4.4562,25.3447,0.2726,2.3726,1.2833,56.7692,3.8117,2.9172,40.0265,3.6168,89.5999,4.4816,17.3285,9.1511,1.7684,1.2981,5.4854,12.6999,77.5484,2.1146,0.5454,3.1657,5.7105,0.2259,0.0419,0.0326,5.3739,1.9156,31.4204,14.6002,41.413,41.3337,20.4104,17.9823,60.0676,79.6242,25.9163,36.221,0.4056,6.5483,36.8272,55.8786,3.2159,9.0697,3.7146,25.1358,17.4188,10.1402,12.5212,2.5611,29.0143,16.8051,26.8762,12.3063,1.9127,0.4166,18.9013,7.1537,3.877,3.3291,11.222,11.1743,4.8766,0.555,0.2287,0.77,5.7733,35.6767,1.9004,8.5339,59.669,3.3237,6.2475,0.986,4.5627,9.4861,99.8033,2.2521,2.7119,10.8479,82.4606,10.9017,3.3085,6.8457,1.9303,12.2873,5.9854,24.9746,193.6767,7.8035,1.1891,16.7003,5.1578,0.9834,44.9421,0.5428,0.1729,7.0827,0.0317,74.3179,115.6646,8.2124,3.5307,23.5936,3.4399,2.5861,41.8037,17.6598,15.0173,40.488,13.9144,7.6475,16.134,6.7996,26.6636,46.1018,15.0042,0.0773,7.2171,4.1147,0.9828,5.4045,9.2049,1.2396,39.249,0.6716,63.6972,2.3497,0.7656,5395.9562,96.0829,1.8371,6.8697,0.123,1.4907,3.0256,0.0145,3.0544,3.1736,6.0502,9.8032,11.6047,42.0108,220.535,31.2492,1.7737,0.0128,10.6032,0.2236,0.2545,4.8178,8.6371,0.5373,0.2754,146.1988,0.0382,18.2422,0,86.3219,0.019,7.2557,6.3585,9.9932,0.1759,9.2168,5.2848
TCGA-CG-4438-01,4.166666667,15.5109,20.9065,0.0319,1.9157,4.7586,0.146,17.1026,21.086,5.2476,12.134,11.9918,11.9399,0.982,11.5121,3.8923,8.6139,3.7453,28.0137,9.0623,14.7904,151.4781,14.7824,23.0389,14.2721,13.9135,56.6443,25.268,5.0478,10.7247,22.584,38.3277,8.6557,3.7668,4.9794,9.9189,0.2466,0.0078,1.2964,34.301,184.2517,12.4348,14.0256,89.574,83.3302,18.9111,4.0836,4.3801,21.8114,11.6825,1.4003,13.4454,15.9495,19.3372,15.4998,18.6875,11.4519,728.8783,10.5802,0.2064,12.0943,10.3981,30.9689,11.3525,3.3236,23.713,10.1655,13.026,93.3239,26.0825,0.1004,11.9128,5.4194,6.4345,8.2549,128.1004,9.557,4.5416,14.5448,38.5342,38.3845,0.677,9.57,11.9837,94.5671,4.922,4.2474,14.6036,25.5007,1.2868,5.619,13.2973,29.5826,10.3181,2.364,18.7227,29.7751,7.3009,7.7839,9.8805,0.0427,15.2028,3.8197,5.0577,11.8173,10.4388,0.8943,2.0241,393.1322,9.452,29.5569,56.3256,6.5969,20.7906,6.1983,3.4353,2.9295,1.0902,17.6915,59.0954,148.2336,14.5092,1.2171,7.2375,16.784,2.5061,36.0372,47.741,8.1057,70.8102,0.053,0.8042,0.1892,15.5304,4.6569,2.6936,3.4001,18.5101,6.3921,43.9719,0.6211,3.5934,1.0296,28.974,10.6411,1.5764,15.0366,11.5682,22.8967,8.7582,29.2371,7.3049,4.6181,2.1899,9.2109,5.3513,80.6742,1.4711,0.5416,7.0384,4.2684,0.0809,0.2724,0.1381,9.7305,3.7563,17.6712,12.3427,32.3772,168.1355,24.8775,9.6048,37.4436,74.699,18.3471,75.4722,2.766,13.406,63.6991,93.1628,3.2629,13.3131,2.1187,48.7094,14.025,8.3892,34.458,4.4151,30.9363,43.2464,17.5018,16.5743,4.2872,0.0304,22.3386,28.1493,5.1309,9.7614,17.6159,5.6553,11.9271,2.4413,0.9177,2.0658,2.6008,31.0016,5.2972,12.8193,19.1519,6.5777,4.8565,3.0263,11.8303,4.0615,112.3111,7.9265,5.1806,26.0934,50.6508,31.654,1.8475,12.3093,2.2045,8.3726,7.2718,25.7838,168.6925,4.6187,1.1218,15.5343,3.9391,11.8266,45.9894,10.7233,0.5996,17.6776,0.2462,136.6249,50.5919,21.8257,14.023,47.6534,41.5016,5.2971,35.1819,3.3232,19.1642,51.0744,21.6507,6.5217,9.2223,12.7892,12.1008,32.4974,10.0543,0.2901,4.9764,4.3782,1.9041,3.7009,12.0928,0.684,42.5411,2.0562,28.2413,0.5462,1.0931,1902.8528,102.9357,4.7231,17.5822,0.1472,1.9405,4.8646,0.0423,7.6076,8.9421,23.0759,7.448,20.3269,12.2554,205.2641,18.8776,2.9021,0.0073,24.9083,0.3158,1.3668,4.7871,9.8307,0.8705,0.1581,79.5311,1.0865,13.8303,0.058,46.4228,0.129,8.1176,10.5374,5.8267,0.5026,7.7223,8.0616
TCGA-CG-4440-01,3.666666667,14.9132,54.0396,0.01,1.2293,3.4022,0.0714,17.3841,13.5461,4.7869,6.5312,15.994,19.8901,0.6426,8.8882,5.6003,5.9979,1.8424,18.4015,7.6758,13.2442,41.3488,0.041,9.532,24.2987,12.1098,44.9495,28.7146,2.7344,17.9999,20.0398,20.4207,20.7922,2.4859,0.0518,4.5572,0.1013,0.0421,0.4645,27.127,120.8784,11.0841,29.6709,100.5088,35.8318,18.4864,3.0808,1.4756,15.6493,6.1149,1.0152,7.1912,10.5089,21.2356,3.6796,10.888,10.7051,1167.5096,14.2889,0.1707,19.7869,16.5826,25.7526,8.6346,4.8164,22.0739,11.1367,20.728,259.3007,30.462,0.0827,8.791,9.9013,6.3365,2.4404,113.9283,3.3915,1.174,10.5595,30.6593,27.131,0.2855,0.4878,11.0629,86.0843,8.7006,4.7846,12.4156,32.6123,0.8942,12.9823,15.1727,20.4916,9.5324,1.3847,6.6169,2.461,5.0883,10.8188,9.1729,0.029,19.8479,5.3838,5.1462,7.7482,7.7696,1.0229,1.1489,428.1871,12.2098,29.9698,26.2914,2.5056,21.718,6.927,0.8453,1.0121,0.5108,17.7462,70.9071,11.4858,9.8918,2.7141,10.1184,9.0044,10.5669,25.5983,27.506,2.2354,37.7544,0.0001,0.848,0.1124,7.6968,12.6509,2.9417,2.4128,46.2793,4.6912,52.1695,0.7928,1.3414,0.1907,19.526,6.6835,3.4095,13.744,11.0932,30.5782,7.2422,42.2926,7.5203,3.3197,0.6259,14.7107,6.4529,103.2058,0.5031,0.8135,9.6848,7.4633,0.0726,0.1049,0.0678,6.5834,0.7133,17.9268,6.492,37.4426,79.4263,28.6495,12.1144,48.4966,168.701,17.8422,78.583,0.0189,13.9532,40.2976,58.7692,2.9256,5.176,0.548,40.3228,11.5154,12.0452,48.4186,2.5969,39.1319,40.5968,24.6842,32.6875,3.6161,0.0947,14.8117,16.1035,0.5325,7.742,21.8774,4.5116,11.7904,0.6043,0.0831,1.9213,1.9598,43.2657,2.2742,9.1107,11.7084,0.9082,2.7373,0.3406,0.4784,3.0639,98.3152,6.4386,3.4146,12.661,31.5709,16.3514,0.1618,15.5536,2.4305,22.143,11.0411,37.4935,213.0144,6.3866,1.2497,20.7039,1.819,4.4526,31.2036,0.6275,0.2335,10.3405,0.3756,58.7399,47.2522,17.6599,12.3604,66.5256,11.1536,12.7325,45.2925,6.5711,19.3592,72.3839,13.48,2.477,13.6819,1.0151,11.8254,53.4722,15.0176,0.1079,6.1041,4.5763,3.1158,7.0412,5.2865,1.177,20.2807,5.023,9.1722,0.5562,2.3356,440.8026,162.9368,2.9185,16.3191,0.072,0.6652,0.2647,0.0435,12.2513,6.9056,19.3629,12.9716,27.278,20.3258,192.1053,17.2428,3.045,0.0397,14.4827,0.3601,0.3569,3.4841,6.6193,0.5285,0.0758,92.3802,0.0067,8.4664,0,28.3783,0.1156,9.1579,12.3641,5.0029,1.3275,6.0031,10.3833
TCGA-CG-4441-01,3.3,26.1331,45.9365,0.0071,0.35,3.5099,0.1149,3.5635,8.6322,1.5803,5.8361,17.0346,21.9813,1.0134,9.2643,3.5363,2.1884,1.1034,1.2092,3.3006,7.7909,218.7437,0.5836,11.8548,16.6009,11.2598,48.8456,24.1753,4.3906,8.9866,21.9552,47.867,8.1909,1.8354,14.4099,17.1284,0.0495,0.0169,0.5935,49.7249,128.4756,11.9623,18.5808,86.0475,298.7962,25.0133,4.9874,2.1399,17.8317,5.6405,12.2146,11.3348,9.0316,22.0513,7.4744,13.6473,15.3888,18.8741,11.1716,0.1837,8.1539,12.1479,35.8071,5.8544,4.4312,22.9421,23.6161,15.2963,136.3954,22.3574,0.0962,9.6832,6.285,4.4244,12.5688,114.7547,6.497,3.7321,8.4767,18.5503,19.7235,1.2124,5.9807,8.5511,43.3315,5.5748,3.1204,15.7526,42.4389,5.705,18.0666,10.8582,15.4316,20.4827,2.7698,17.0765,34.4095,3.6963,8.8442,15.0471,0.1982,18.7139,1.8061,4.2263,8.7929,14.5061,2.019,1.1621,683.6632,4.7609,11.3983,37.1031,5.2207,17.0681,4.5523,1.4123,12.861,1.5011,11.2731,69.2885,4.587,23.8782,4.162,3.3613,13.2054,12.6245,18.9022,32.5238,8.9161,60.6679,0.0014,1.2757,0.1344,13.9254,4.6304,1.4176,8.235,89.1567,13.9246,22.2837,0.6111,1.9586,1.5044,64.5189,5.9648,6.8169,38.4516,6.7537,45.959,8.4602,32.4243,9.0786,2.4195,1.6147,9.0083,7.5396,29.2359,1.4499,4.5684,6.3547,9.4497,0.0551,0.1033,0.0221,5.9485,2.208,62.7137,10.7178,38.5867,62.8584,33.453,17.1498,53.4728,95.1853,19.1012,67.4262,6.4185,8.849,72.8027,67.0311,3.8416,8.4907,2.9955,34.6809,20.828,13.7973,19.1313,3.2008,44.5387,25.7693,33.7338,13.1849,3.1827,0.1043,29.0607,7.6737,4.4058,5.7359,20.2151,9.688,6.3657,1.1217,0.2356,1.1319,1.8331,36.7681,6.4068,14.0256,32.7404,2.1552,10.7962,2.0115,6.7716,3.5041,70.8927,4.0061,5.3288,10.7213,71.9358,18.3217,1.29,9.0912,1.8114,10.2853,10.8311,3.077,120.9108,5.3311,0.6618,26.5763,5.4419,2.6812,73.4527,0.8911,0.5158,28.851,0.0617,93.6604,73.8017,8.2743,6.2133,18.4772,5.6291,4.5394,39.4152,10.3053,21.8637,67.2877,89.749,6.7811,24.8325,16.2798,46.392,39.1856,15.0163,0.193,3.4882,4.1809,1.7598,4.8181,14.1655,1.6321,88.0813,2.5079,49.7966,0.2759,0.5586,1189.1806,141.9944,2.3475,7.8636,0.2276,1.0794,1.5042,0.007,6.724,4.102,10.1336,11.7553,15.2232,58.5794,187.7984,26.4761,2.3347,0.0233,20.8369,0.077,5.6733,2.6908,8.1624,0.3415,0.0495,220.4636,7.5924,54.4974,2.2014,117.7603,0.3243,10.1714,8.1039,11.0814,0.2627,7.7901,5.0313
TCGA-CG-4442-01,47.93333333,18.7681,22.6472,0.0148,2.0249,6.5555,0.1459,20.6938,10.7689,4.463,16.6296,14.6075,18.5264,1.4066,7.8866,5.6237,3.4464,2.058,0.6101,7.584,19.9362,100.1018,3.7476,2.8918,12.4851,17,57.7215,23.5781,3.6041,8.2522,23.3183,36.0133,13.1017,5.0892,3.2064,2.9213,0.1328,0.008,0.5638,19.0408,128.0464,3.9144,12.4414,94.744,40.8827,5.9812,10.4439,1.194,15.731,8.8336,0.8944,7.6966,19.3613,23.8236,6.1285,12.0643,9.8471,120.3591,2.0819,0.3979,10.3528,19.4495,16.7614,3.5902,6.9263,34.7499,7.1325,24.4191,219.556,35.1769,0.1084,13.4784,4.1041,9.0503,6.0474,55.0744,5.3944,3.2192,20.9978,36.9638,38.5732,0.0805,5.5518,13.7515,101.3563,17.7468,11.5503,18.9276,29.7875,0.7566,2.0109,15.5791,9.2068,10.7861,5.1211,10.3969,39.0464,6.8956,9.4616,16.0257,0.0168,11.3252,3.2468,3.7659,8.7534,14.546,1.7478,0.6903,505.8647,9.2028,41.4244,126.358,100.0344,8.1382,8.4544,1.9462,1.9272,0.4437,16.0977,88.4194,1.591,33.1854,2.4102,5.267,6.8996,5.7197,31.5161,14.7357,4.4444,49.2965,0.0591,0.9996,0.1034,9.3062,5.0654,3.1539,2.1567,20.3472,7.9542,46.04,0.2488,1.3082,0.5138,17.7402,5.8481,4.0431,21.7245,8.501,19.452,12.3475,38.8925,25.4018,5.232,2.2072,10.4966,6.7186,129.6008,0.665,0.0714,9.6383,13.5051,0.0404,0.053,0.0917,8.1026,2.5393,19.1478,11.5003,56.8893,155.3336,35.9057,5.2729,37.677,104.4657,15.3924,64.1648,0.1494,16.2999,20.2994,41.3722,3.5147,11.0575,2.1174,17.0945,7.398,7.7701,43.2816,3.2414,31.1263,13.1523,20.0527,25.2188,4.3308,0.0469,14.8412,13.0313,3.3209,8.5164,20.3715,6.4427,8.6633,1.6638,0.2003,1.7382,4.2705,30.5586,4.2423,18.928,13.7513,8.507,2.3153,1.275,9.5448,4.6018,84.3088,4.2373,7.0054,28.5511,46.9178,15.6899,0.3205,12.001,2.4856,5.6688,7.0051,103.5205,139.9221,6.401,1.0107,14.7846,5.3453,7.7253,42.3347,0.8502,0.1386,5.9883,0.1602,121.2904,71.1527,17.4678,18.2827,41.9355,17.0007,15.3474,45.1653,5.2091,26.4177,58.9012,15.0272,2.2133,57.1231,7.6741,14.5591,34.9984,27.8198,0.1833,8.414,2.8087,3.4127,5.4836,5.5081,1.1769,51.315,3.3873,26.705,0.1763,2.6735,401.4538,145.9325,3.9703,15.2342,0.2323,0.7799,7.6202,0.0945,9.647,4.5053,7.2802,3.3842,26.0966,20.8933,260.4141,2.0386,4.5672,0.0481,23.6972,0.0184,0.0791,2.6123,2.827,0.3203,0.0185,111.6791,0.5433,6.0024,0.0544,71.3834,0.2596,8.934,12.5315,8.362,0.0852,8.5007,1.409
TCGA-CG-4443-01,2.8,17.6588,18.8377,0.0452,2.2784,3.4701,0.1117,16.2553,13.3053,4.7335,14.2088,8.4281,25.6973,2.3995,18.6523,5.2329,3.2084,0.807,0.6623,3.5884,15.0883,190.3357,3.9941,4.0402,12.2605,10.0747,129.0467,28.1644,5.7537,0.5525,26.9861,60.9545,4.9333,4.0347,34.0804,61.1106,0.0286,0,0.4255,13.7795,270.3688,3.6471,11.0324,109.1242,34.5009,22.8374,1.8136,0.7138,17.9719,6.5671,1.1643,13.3022,5.9294,19.7569,13.058,19.1021,18.3329,23.4398,13.3417,0.5007,11.846,10.0744,17.718,11.3861,3.3548,58.6296,53.8908,9.3785,73.5362,16.0796,0.0521,4.7327,5.1182,10.1873,45.776,98.1327,4.0934,19.5096,2.4445,18.3083,30.4239,0.1169,97.4313,13.0254,71.724,11.023,12.3632,8.6619,22.5803,0.9288,0.4779,14.9916,24.927,8.3651,3.4594,6.2072,19.4853,9.2479,6.7599,17.2495,0.008,14.0187,6.6587,2.6545,24.5094,20.9877,0.966,0.5886,1104.0796,5.9699,22.2362,327.8195,5.4487,9.9041,3.6134,0.1767,0.0118,0.8725,16.3514,36.7931,6.2008,15.9052,2.9784,2.6529,17.6184,1.2079,28.165,31.6005,2.8738,77.8033,0.0509,2.6407,0.1717,15.3641,1.9757,3.2768,14.9267,71.9792,6.5026,33.1562,0.5272,0.7832,0.0756,13.7435,8.7331,11.8657,17.6194,5.2644,12.5798,6.9656,19.5792,20.9663,4.0937,1.9628,20.6941,8.5705,50.8718,0.3325,0.7099,5.3801,9.2179,0.0055,33.7905,0.0908,8.3674,0.454,29.7947,1.5019,115.3615,127.3454,39.4153,9.1534,32.5113,118.8583,25.2946,60.1536,0.0333,12.6289,35.7359,80.157,5.0951,26.4023,1.5311,130.5803,5.049,8.0437,41.2313,3.3419,29.104,29.6443,6.2843,4.9614,1.0734,0.0372,8.4984,10.657,5.8131,2.3874,14.063,2.7772,6.0717,5.7413,1.1176,1.9765,3.5917,26.8896,5.1478,19.9275,120.6215,10.6975,2.3788,0.7576,18.8307,6.6456,41.373,2.7952,3.895,32.7023,57.6095,28.9765,0.9045,13.2279,1.9126,8.5825,4.1892,7.631,54.8657,4.7282,1.495,17.8547,3.9545,4.4337,51.0833,11.6412,0.0247,7.2541,0.1633,50.1043,141.4088,27.6245,22.989,17.1438,36.0903,49.4431,24.8871,6.9408,25.0318,42.7885,11.1582,7.6233,10.5204,4.5822,28.7734,49.0442,19.6015,0.459,6.5387,3.1883,3.9375,2.6547,7.7501,2.3953,53.2767,1.4602,70.5967,0.1035,0.4071,515.4759,50.3587,3.6498,17.5375,0.3379,0.3997,2.8431,0.1064,2.0216,3.2877,33.0562,28.0716,26.4743,23.9958,43.9944,43.6885,8.6424,0.0426,32.7141,0,0.0435,4.1453,14.7797,0.6593,0.0239,265.4091,0.89,60.9363,23.3873,66.8319,0.2656,10.4828,10.3364,18.622,0.0616,8.4106,0.844
TCGA-CG-4444-01,4.7,20.055,22.2756,0.0161,1.5653,5.5694,0.1093,12.4291,13.3166,4.5864,8.3222,16.2699,11.6497,2.0729,10.0134,5.7117,4.3749,5.085,1.8613,6.8376,5.5083,91.0565,9.5078,19.9025,8.4491,17.3091,42.4424,26.1339,4.5597,9.7843,21.0007,47.6333,9.3521,4.0621,8.3449,3.3453,0.3328,0.0292,1.1498,39.6732,100.5024,5.7088,7.9585,70.1669,244.378,25.0217,2.7767,3.072,13.1642,5.9665,3.1114,12.6563,15.7531,16.8598,6.4227,12.1025,10.055,21.0893,9.4464,0.2777,28.994,16.1884,21.1072,6.571,3.9614,25.7581,8.6891,16.2494,122.4026,42.991,0.5995,8.8357,13.6731,9.5916,8.6577,80.3485,9.0542,5.5789,10.4119,28.4657,27.0628,0.4221,3.9847,11.5632,62.5093,8.15,7.0296,14.6566,21.8218,0.9452,3.687,13.3298,32.3872,10.2382,2.7238,25.3419,36.0491,5.1644,7.6208,8.9799,1.4624,10.1869,5.7025,5.3973,6.3071,16.4323,1.4103,2.4156,445.6691,7.176,13.2601,61.633,49.414,16.3156,16.079,1.2796,24.1179,4.1092,13.6138,96.9539,11.0246,28.4223,1.751,11.7096,25.6026,6.5325,23.0506,28.1005,7.2547,69.1164,0.0217,2.3695,0.2803,21.5232,4.6942,2.7578,4.1356,17.9042,4.4066,43.2611,1.7349,3.832,2.6232,25.0478,12.11,6.9565,24.3131,8.9498,23.3167,8.7272,34.4269,14.2141,3.5882,1.7072,12.3653,9.3729,112.1478,3.2014,0.4443,4.9939,6.5898,0.0926,0.2566,0.1547,8.8894,2.2978,22.5595,12.049,41.0363,84.5069,25.0108,18.1383,30.7291,130.2133,11.6882,70.0454,0.0466,21.3905,29.3727,45.4776,2.5491,8.806,21.5531,37.5316,11.593,11.8539,29.8476,4.2979,30.5468,26.5078,26.3473,7.3916,7.9827,0.0497,22.0472,11.6995,6.7568,7.5995,23.4284,7.7584,7.4239,1.562,0.7216,2.0022,1.9234,28.3511,3.2665,14.0925,24.4901,7.6357,3.6676,2.0403,11.8556,4.9116,216.2146,10.1831,3.9197,22.6577,75.0718,17.2182,0.609,12.7783,2.0035,7.6744,4.5856,8.4958,83.5409,7.9074,1.4726,14.094,6.0553,8.2182,45.6379,7.1263,0.59,18.4085,0.1991,39.8787,24.1057,17.8048,6.9079,16.8385,11.8557,4.1432,33.2927,12.6356,22.914,35.5768,19.2941,5.3482,6.0714,26.705,15.2528,40.8764,16.2896,0.1663,4.7108,4.1445,2.9826,5.492,36.539,2.8104,26.0641,2.7673,52.0758,1.7911,0.2548,1236.3639,75.6923,4.5919,17.0894,0.2126,2.0233,3.3705,0.2283,5.4709,4.0498,9.514,6.719,24.092,15.2679,134.3581,19.6674,4.8099,0.0197,25.9285,0.0968,4.895,10.4423,8.5087,1.8496,0.6601,57.6167,0.6353,38.7272,0.0492,23.4097,0.2528,10.8118,13.8412,7.0123,0.3333,15.0082,3.9506
TCGA-CG-4449-01,3.133333333,17.2703,22.0123,0.0156,2.6473,5.7549,0.3567,14.0116,14.9168,6.1111,11.0959,8.5864,19.1895,1.347,10.2989,3.73,4.7259,3.0037,1.2009,7.9289,13.6464,49.7178,10.7694,32.088,11.7351,10.8708,65.0508,38.3534,5.1334,5.9684,37.2034,85.4998,5.8981,2.9434,29.5803,1.9274,0.2346,0.0064,0.8174,19.6213,106.5733,1.5108,20.7273,73.9614,85.357,33.6889,5.3216,2.0359,14.1223,7.9761,4.3055,10.1638,17.0047,26.0807,4.8621,12.8435,11.3678,6.5985,16.2993,0.2614,11.4562,17.0751,36.8681,6.3213,4.9628,29.5127,25.8718,21.3663,77.0944,31.3794,0.1313,17.3832,12.2372,9.5423,7.1628,52.2598,11.5427,4.214,18.0553,34.1511,21.9073,1.4572,11.8791,17.4239,91.2242,10.2529,14.9332,25.5064,23.0239,3.1854,1.9311,15.6916,20.9634,6.2266,3.1847,31.6528,31.5351,5.0219,6.1788,9.0274,0.2311,12.2521,4.3068,5.3073,8.013,68.1703,1.6084,2.5487,978.0929,6.7095,16.1254,65.5493,13.6034,16.2165,44.0159,1.9611,2.6284,1.3811,20.335,61.4496,16.1376,20.1318,4.7413,4.4182,21.6618,4.2769,22.3544,49.0747,12.8201,51.2717,0.0117,4.5244,0.2158,21.7165,3.3881,3.003,8.1253,12.536,3.4033,56.0155,2.3069,2.7009,0.7005,16.1606,10.4506,24.8015,37.5781,12.0463,14.0235,7.3682,25.4222,12.5629,4.3388,4.5429,7.9913,5.9138,81.886,1.5708,0.4284,3.4712,11.9379,0.056,0.41,0.1313,4.1661,2.7416,63.2935,9.289,52.603,119.4887,37.2483,8.5969,14.7513,53.5287,13.2677,47.1278,0.6892,9.7854,27.331,40.3193,4.357,11.0736,9.3022,49.8904,7.2668,16.1393,27.8022,8.7366,32.2702,32.128,27.9582,14.7229,2.8535,0.0248,19.0521,9.0133,21.3958,6.2916,12.7057,3.2368,7.6571,7.5872,0.8135,1.7174,2.3941,36.0687,15.581,14.54,37.9411,9.7959,7.3012,2.7943,10.6516,5.3273,86.7289,6.7113,3.8377,16.0049,80.4085,29.6363,0.4223,17.807,2.7218,4.4682,5.3849,9.891,207.0933,11.6799,1.3525,14.2823,5.5106,3.7878,71.784,2.5475,0.2413,33.0377,0.7384,44.5613,27.3525,19.5238,10.2933,20.9865,8.5813,18.4905,37.4521,4.9974,22.0194,59.8688,26.6517,6.2938,12.8519,5.213,87.1491,109.199,37.894,0.3241,8.4946,2.5829,2.3136,4.9518,49.5328,6.1107,127.8335,2.2011,36.449,0.5865,0.6089,1181.7445,108.2784,5.5717,12.6255,0.9136,1.4927,3.4344,0.2468,3.627,6.7784,15.7498,4.9075,17.9502,11.1188,136.1197,24.5546,3.766,0.0655,25.7534,0.0256,1.4746,5.2818,13.5228,1.1559,0.1279,82.8223,6.9277,7.5831,0.1284,62.3854,0.7743,10.9701,18.5124,8.9856,0.5066,18.3233,3.2268
TCGA-CG-4462-01,1.866666667,28.0271,29.9706,0.0447,1.5981,7.0133,1.1661,21.0903,12.1949,4.5434,12.9908,10.4185,17.606,2.1857,7.658,5.0516,1.6783,0.8809,3.8558,9.3959,10.15,125.101,5.1474,7.9234,18.5661,20.7665,51.1133,20.505,3.533,9.0845,26.855,38.6129,2.7474,3.8153,7.5919,5.6291,0.8722,0.021,0.8262,29.4034,103.3587,2.5072,7.6262,41.4351,43.4378,36.6285,7.6994,4.7633,20.6969,10.9359,7.0795,6.7901,12.5086,19.0468,7.6592,12.6234,8.4225,18.6882,12.4353,0.2057,4.7707,9.4238,33.8723,9.1018,4.5617,27.2263,16.9884,31.4232,59.9323,23.0172,0.0487,12.8555,26.4126,10.9131,11.1511,63.1852,10.9356,27.7375,19.4256,27.2177,24.5891,1.9526,4.304,13.0682,58.1575,9.4659,8.7899,11.0149,22.5247,7.3052,7.136,13.5606,19.8877,8.9751,5.3254,34.9226,19.2123,5.5682,5.9028,8.5934,0.0059,14.0661,4.0275,1.6085,30.3928,12.4633,0.4297,4.8218,415.4927,6.1807,19.1589,28.8178,23.7522,19.5855,2.0979,2.127,4.883,3.042,9.0882,41.8336,9.1741,15.1214,4.1326,3.1959,77.7439,30.4801,23.1095,57.8334,28.1373,35.1311,0.0194,7.8265,0.6089,13.3809,2.8285,2.047,13.3012,11.8112,7.1464,22.6791,6.5286,6.3683,2.2878,25.6798,9.0317,16.0731,19.6168,9.937,22.137,11.4061,40.4286,11.1327,3.0496,6.4582,10.8239,4.6313,37.0919,1.9703,0.8561,3.1222,12.2288,0.3357,0.2586,0.0942,6.8172,3.8816,111.0669,14.5499,74.1571,59.0832,30.5136,16.695,24.888,53.3367,12.9157,39.6035,0.0406,13.4339,28.5231,82.8038,7.2705,17.6067,3.7252,102.5475,9.17,14.8021,21.4207,15.0657,33.7129,2.8239,3.529,21.9536,3.5639,0,34.3794,7.6232,4.5351,2.2924,15.4239,4.3774,4.7827,18.4289,0.7184,2.2382,6.589,17.1728,8.76,14.2455,51.6788,11.2462,3.717,4.6945,6.9811,3.9531,138.96,4.1316,4.1546,16.6055,97.9841,23.2382,0.7878,9.7743,2.2386,3.256,3.72,9.1188,122.2497,1.9853,0.9449,12.02,6.8986,5.1114,34.5917,2.4126,0.0023,10.985,0.0281,52.5586,48.9142,12.9895,7.9625,27.5494,7.0203,7.7184,21.9561,3.1916,25.3511,34.2007,31.9307,17.057,12.7839,1.8189,65.9801,28.8311,33.6918,0.9091,4.1532,3.5122,1.7861,0.9216,23.6641,8.9722,32.0989,0.4072,61.9198,1.3592,0.5725,2488.6928,117.7886,4.2093,8.1334,0.9275,3.2242,3.5047,0.0561,1.7787,11.8532,12.9754,6.0888,14.2505,17.3989,113.0318,14.2891,5.0826,0.0331,32.3925,0.0819,1.317,15.7708,7.3316,0.9218,0.1371,58.5134,0.115,17.5827,0.057,35.0991,0.1412,9.2001,7.1631,8.7362,1.8803,7.521,3.3566
TCGA-CG-4465-01,19.46666667,14.8121,25.2795,0.062,1.6055,6.7923,0.1031,14.087,7.7452,3.0447,10.3028,9.0466,13.9193,1.2228,7.8679,4.2931,5.8897,2.8479,1.4335,6.3734,13.479,224.594,4.4571,12.7459,8.6624,13.1489,76.7431,23.6269,2.5716,10.013,26.5348,29.1993,8.2133,3.4071,1.8633,1.8721,0.0642,0.0121,0.4177,61.5009,85.9,7.111,14.4179,80.2559,76.3643,27.4517,8.3472,1.3688,20.9971,13.8779,1.0469,6.0221,27.7145,21.4661,5.2422,9.423,7.8783,26.9522,3.6713,0.197,13.2668,15.2998,48.2391,9.6677,4.708,36.5573,9.9044,13.685,174.2047,36.588,0.0206,14.6683,8.4692,8.4558,6.6563,62.8878,11.0636,1.8157,18.0641,30.4329,35.2558,0.152,15.7751,14.0894,74.4977,10.2751,8.6018,16.2923,27.503,0.8798,8.7387,15.1714,22.6022,8.5377,3.401,14.8515,26.7387,4.0459,8.8785,10.198,0.5723,9.98,3.3801,4.9626,6.5859,8.4637,1.9448,2.7462,616.7312,12.9008,19.8969,46.2197,112.623,9.3677,10.0024,2.2142,2.8298,0.8997,13.0679,57.4296,6.2196,14.1795,2.7161,9.3056,26.3241,5.5654,28.3785,27.0234,6.0466,70.6632,0.0109,1.1975,0.2428,12.9877,5.7902,2.3471,3.7259,3.4675,4.8149,32.9966,0.8787,3.1705,0.6794,12.817,7.5635,5.4139,22.7827,6.9557,25.7595,15.0396,41.4587,28.9116,4.4261,2.0999,10.3672,5.5638,76.6085,1.2301,1.3056,7.3368,8.2931,0.0246,0.0847,0.1307,8.3814,2.6017,36.6183,15.7209,38.5348,90.2712,32.6072,7.0088,54.4057,129.3586,21.1751,93.0494,0.042,11.8273,23.453,84.7998,2.6457,16.2583,4.5107,19.0623,9.9007,8.0673,31.248,3.9108,31.2599,16.4145,17.3984,15.0853,2.0218,0,16.326,15.2689,14.2897,9.0822,19.2012,5.1069,7.269,0.4251,0.2067,1.523,6.6526,24.7834,4.5482,14.5848,21.1309,4.0551,6.0215,2.536,13.4763,5.9543,121.1721,4.1491,9.065,20.2626,86.8699,23.6996,0.6841,19.2512,1.9167,6.9874,7.8655,16.2949,175.8712,7.7611,1.3191,13.953,3.4673,3.9903,144.4027,4.2962,0.1227,9.4101,0.174,63.1472,125.0281,18.7999,7.4637,24.9254,7.6923,6.2814,33.9982,5.5096,31.6549,65.5314,34.3628,6.9357,18.6897,20.6763,18.3594,52.1884,13.8819,0.0648,4.7749,3.9586,1.9908,5.7522,9.5132,2.3903,21.0239,2.3732,64.9489,0.4676,0.4366,2031.1292,167.3112,3.2092,11.0326,0.0684,1.7538,6.4596,0.0358,7.3502,4.9461,9.0784,6.6302,18.4673,9.018,220.3279,17.9583,3.905,0.0081,29.5764,0.0613,2.3003,10.9962,18.0341,2.1264,0.0604,61.0749,0.4706,22.6937,0.0184,37.173,0.0664,8.0221,11.7126,12.3731,0.2317,8.8267,3.311
TCGA-CG-4466-01,5.633333333,29.528,27.4838,0.0307,2.1,3.3827,0.0866,21.7876,20.7116,6.0529,9.2578,13.3645,13.229,1.2643,14.6533,4.9669,10.1566,3.3777,0.803,6.4997,13.7443,156.4646,25.4151,4.0322,7.757,17.3079,44.624,25.8742,5.8184,15.4601,20.2657,1748.6437,8.0894,4.1433,10.116,3.1225,0.0966,0,0.5214,21.3667,151.1391,6.499,13.0056,121.9241,64.239,23.1889,2.0991,1.0719,16.0014,7.7112,0.5639,6.9613,14.2493,18.2838,7.0309,9.755,14.4491,43.8757,12.0149,0.3002,16.7714,19.3995,26.1111,12.6249,4.7117,33.8071,24.8203,11.7801,77.3808,20.0104,0.1409,14.6603,10.0698,6.2152,8.4122,69.6046,6.1047,5.8179,9.7695,35.8957,27.605,0.066,23.8673,12.5693,80.3874,9.9772,8.8116,16.2896,31.4477,5.6949,7.0621,18.2193,23.3323,7.53,3.2154,25.7919,3.6179,13.7915,9.9579,10.5425,0.0384,9.6473,5.6011,4.7452,9.8211,10.2853,2.8773,0.3849,327.7891,9.0841,30.3967,82.6526,2.6067,14.1089,5.1413,0.824,0.7734,0.3755,18.179,93.2516,228.7675,19.6383,2.3041,9.3154,3.1084,2.4301,35.6629,59.4995,2.5069,46.5178,0.0868,0.8024,0.0951,11.8342,10.3479,5.6069,5.5918,24.808,8.8771,36.9771,0.5278,1.3011,0.487,45.5424,7.0788,3.2538,15.6232,10.7521,16.882,13.3519,32.752,11.5731,4.2972,0.591,12.9476,11.4877,110.4843,3.2566,0.6819,10.006,12.1951,0.0597,3.2989,0.0327,8.6897,0.8106,14.6599,7.0706,39.3221,129.3138,24.9376,6.4568,55.7027,110.7868,21.0472,75.2775,4.712,16.8248,42.7245,50.0428,1.6064,13.4664,9.6466,30.6035,8.0291,9.1613,50.933,2.2677,27.0936,26.432,35.3877,3.9457,3.5415,0.2734,24.5731,13.4468,2.2496,12.3907,19.8359,7.023,10.435,0.3997,0.1969,2.7153,1.4091,53.5712,3.1479,14.266,34.1996,5.4906,4.2244,2.6217,10.3291,6.0274,164.2972,8.9831,2.8132,24.4412,105.5368,12.6356,0.5048,8.3109,1.9638,5.3121,10.9283,10.0431,111.2893,8.7428,2.6046,18.9602,5.9604,13.6275,110.7951,18.1308,0.4149,14.5837,0.2799,109.5577,23.5252,9.5714,14.8717,30.7141,43.0306,8.496,34.2822,13.2606,18.5971,59.5144,52.7693,1.4419,9.6305,13.0224,9.9693,61.6337,15.6519,0.1584,10.5243,4.497,2.6038,8.385,24.2774,1.1388,59.9072,2.7207,21.4158,0.0955,0.4596,249.2707,53.9298,6.6511,25.0363,0.0827,0.4813,3.8335,0.1377,15.193,3.9898,21.667,10.0831,23.2903,25.2946,117.5746,31.1111,4.7886,0.0866,22.7564,0.0394,2.8478,2.9569,10.1417,0.1306,0.015,91.5729,6.7503,29.6813,2.6245,68.5045,0.3437,7.9491,18.8493,4.5229,0.4501,13.0131,2.9965
TCGA-CG-4469-01,9,16.0574,25.1837,0.0404,2.2243,8.0665,0.0924,16.439,21.1067,5.3548,13.7696,10.6715,15.575,0.8844,15.5637,8.2433,9.9155,3.7827,3.3908,7.5621,13.3859,181.1329,1.9676,14.841,11.9409,18.3252,28.8791,27.311,4.2705,11.1343,33.4877,52.0968,17.0093,3.8217,157.0825,2.9903,0.301,0.0076,0.6875,40.413,106.5891,6.2038,8.7559,37.0302,81.7873,28.0828,7.4543,1.842,12.3008,6.174,0.9741,8.8238,19.1437,18.646,8.1819,12.5765,9.0462,55.1699,14.0889,0.3905,14.7991,16.3383,44.9184,11.5356,4.6124,30.3046,16.5668,9.5055,162.2884,38.2813,1.0393,16.268,5.5527,8.8732,13.2334,47.1579,6.3259,3.0173,19.4486,31.5741,52.6983,0.0536,7.9744,16.3687,90.7639,6.0061,6.1752,16.0079,25.9708,0.2574,4.3689,21.7725,27.8597,10.9475,4.2529,19.5011,3.6428,6.0254,5.5682,12.7068,1.2347,11.216,7.1036,4.1904,9.3895,11.1919,1.4116,1.962,292.2917,13.5199,23.349,39.9284,6.0581,10.1896,6.8198,2.1637,0.4655,0.6414,14.1569,58.9424,3.6895,18.74,2.9803,9.3337,17.8232,9.4355,31.1725,24.6753,2.1509,120.1511,0.0232,1.8757,0.1161,14.456,9.0064,2.9754,1.3622,12.4263,3.3662,35.4681,1.0294,2.6012,0.6551,36.753,10.2955,7.1149,22.9644,11.4784,25.2601,5.7251,37.1437,8.6492,5.5057,0.8906,10.9267,9.1219,76.3109,4.4698,0.4807,4.4719,17.5135,0,0.025,0.0169,8.9391,2.7417,13.6716,15.348,25.4667,119.3254,29.8853,8.1585,31.1009,90.5499,19.4894,74.1239,1.0553,15.6493,55.9258,46.4803,3.2264,19.5086,1.0296,58.5071,19.9882,11.0065,39.7144,3.2941,26.7972,18.9606,10.7456,5.0648,8.8123,0.2958,23.0022,19.1629,3.174,3.6134,18.2012,5.8495,8.2013,1.1677,0.499,1.5317,3.4786,30.9131,4.0307,17.531,12.4204,5.9786,4.6169,3.3246,13.3417,7.0394,99.6451,8.4572,6.9744,28.0248,74.4866,28.4185,0.2879,16.7562,4.5072,5.5311,9.5035,22.8417,262.6731,7.4639,1.6301,14.4685,5.6408,7.5162,38.0744,1.3606,0.2242,13.5172,0,78.0566,17.4045,21.7851,19.8396,20.5623,8.9709,8.8669,38.5799,7.9085,17.2421,83.6254,35.3074,4.8143,27.9558,18.0325,15.0433,55.2955,16.1367,0.1549,4.135,5.0842,2.7929,4.5641,9.1088,2.0074,45.0448,3.9107,62.4884,0.5575,0.7167,1395.3012,116.6265,4.2289,18.8299,0,1.3104,5.5089,0.0609,7.0962,3.6786,36.9701,6.1414,29.7092,14.4047,178.1961,45.3924,3.5739,0.0234,30.8709,0.026,2.573,7.2511,15.7487,0.9072,0,128.1322,0.0141,24.9428,1.2364,52.9876,0.1419,10.7652,14.3058,29.8239,0.1024,7.112,4.538
TCGA-CG-4472-01,0,15.3047,21.7622,0.0553,1.5563,7.4942,0.7351,21.3464,9.9168,6.5598,12.0379,10.9257,12.8296,2.9979,10.054,4.8146,1.7368,1.1028,9.5071,8.6952,12.0113,109.5711,0.4862,8.3063,14.482,26.7417,47.2468,19.744,4.1591,12.8163,31.252,32.8414,2.03,3.6121,39.3135,1.4859,0.3261,0,1.729,22.9687,140.5544,4.1708,4.7886,55.5013,30.3203,27.3627,5.2961,2.2127,9.3548,8.469,22.5327,5.6416,157.9869,14.5062,14.315,11.7341,6.2866,22.7324,10.1184,0.3886,12.2409,13.3719,28.6011,9.8022,2.9777,31.7295,8.0032,22.7393,68.4039,19.7171,1.2286,11.8311,10.2526,14.6766,17.7863,58.0406,6.5816,5.8152,15.2329,23.6879,40.6515,0.4018,8.2798,14.1068,60.3924,8.0555,7.313,8.5326,25.1445,1.7045,1.7449,18.3799,21.8301,6.2608,3.8495,10.2295,16.3092,5.697,6.686,7.118,0.1776,9.4241,4.3017,5.2532,22.7514,10.838,0.7817,4.9036,276.0341,9.0983,18.6338,30.8829,13.5338,14.4678,1.2661,1.3666,19.71,4.0116,9.3243,47.9849,20.9814,17.2818,4.9939,3.1337,37.6124,3.7457,36.2782,54.8758,20.7174,98.2303,0.0087,4.1517,0.3903,18.7717,2.5875,1.6708,9.3536,7.7968,4.1675,33.7715,2.7059,7.8887,1.3786,19.4618,9.8816,5.5564,14.8099,14.7293,18.1367,8.1972,32.4212,8.3204,3.0777,9.3104,7.7546,5.6813,37.2695,1.8363,0.7802,3.8659,13.3154,0.3919,0.5906,0.1145,7.2214,3.1721,32.8145,10.5784,49.7907,74.1073,25.5807,8.0194,26.6902,62.7606,15.9367,73.2216,0.337,17.1575,18.9872,68.7535,4.458,15.3353,4.9961,59.3357,6.7556,9.8194,25.1299,10.7649,30.5962,3.8301,4.8885,14.3606,3.7067,0.0128,27.0538,11.8819,2.2546,3.2357,15.4326,3.2964,7.3564,6.5678,0.2542,1.4927,3.2946,19.3258,2.5799,18.1633,40.9576,9.3891,3.3594,11.9067,17.6671,16.2844,114.6888,6.7994,5.4167,16.3552,60.3902,23.4233,0.6146,15.3073,2.2227,3.0086,2.7081,25.4865,151.2577,2.094,1.5828,10.0785,8.3986,10.2333,50.731,3.9379,0.0131,17.8608,0.9656,59.6607,12.9615,55.1461,14.3519,11.6041,14.5805,23.5304,23.5836,3.5246,20.6383,28.7435,24.6855,9.2866,7.6602,5.9725,19.0157,33.2713,37.7842,0.7386,4.7623,2.0608,1.4727,0.8632,13.5971,4.5306,10.0231,0.2133,45.594,3.6588,1.5164,3270.5243,102.7131,5.0456,20.0132,0.5178,2.0957,1.3612,0.0413,3.6342,7.5638,18.9856,6.1613,22.7892,12.6359,68.5835,27.1002,4.5535,0.019,44.3314,0.0734,1.0487,6.2439,9.4773,1.0984,0.1184,87.8788,0.4244,24.2124,0.0266,61.0635,0.115,8.5238,7.7089,12.3851,0.791,12.8653,1.6396
TCGA-CG-4474-01,2.933333333,17.1064,21.3136,0.0515,1.547,6.703,0.1872,22.6499,8.6849,4.099,9.8337,10.3286,16.8143,4.4062,7.7316,6.9716,3.4812,2.264,3.5212,6.7558,10.8401,147.8374,12.6488,33.7486,12.1676,14.2082,58.1554,21.7953,4.2492,12.3976,24.3158,26.9127,12.4962,3.3286,4.4356,5.2476,0.2886,0.0179,1.2187,46.284,62.8379,7.723,9.291,66.3193,73.1879,25.7905,6.4159,3.2615,19.9192,9.4079,4.0346,9.8971,19.3782,19.1911,5.4877,11.3767,7.404,26.4867,8.3493,0.0893,9.1547,11.975,26.0375,8.061,3.7684,37.5189,14.0434,16.2953,108.1373,27.0924,0.3699,15.0916,14.8004,6.7862,12.3561,97.8153,21.5339,11.78,16.3437,25.6421,33.8932,1.9956,19.5205,12.7823,78.6524,12.1644,9.3605,22.6968,38.1301,3.0382,6.1853,13.8767,19.762,12.7052,4.6333,37.6405,27.4255,5.2976,9.17,9.4758,0.0694,15.1973,4.2982,3.8711,8.7217,12.6514,1.4211,3.9403,557.1403,7.6818,12.2605,63.5603,92.0348,12.3151,4.7596,1.6076,25.889,2.2753,11.6145,61.806,21.6396,21.0817,3.0854,6.959,30.6241,4.783,27.1579,61.6438,12.8303,37.8276,0.0095,1.2441,0.4004,19.8085,4.5928,3.1705,6.5192,1.4108,6.454,27.38,2.0514,6.2146,2.2745,45.5383,9.0231,3.9998,22.6065,8.4641,49.2457,9.6474,36.5355,30.9113,4.2475,3.087,12.482,4.8267,34.3779,4.1086,2.8189,7.1272,9.2178,0.193,0.1173,0.1255,6.0469,2.6151,59.9136,19.5114,35.9352,70.869,34.0195,8.665,37.2633,132.6139,16.838,52.9465,0.3431,12.3925,24.953,64.7689,4.0151,28.7389,8.4977,42.8481,15.6646,11.9209,28.5168,7.8188,34.3429,10.6281,16.3737,18.1677,1.3882,0,26.5214,15.8123,26.744,4.5324,19.3774,8.6335,5.494,3.8535,4.838,1.5339,6.311,44.4047,3.1492,14.4939,56.3931,5.778,5.2257,4.7722,12.2688,5.3539,104.8353,4.8524,5.7866,17.0962,81.4451,17.5466,0.7942,11.7117,2.2957,7.7163,8.895,19.1396,184.3297,5.5189,1.0472,15.6585,5.3437,4.1519,25.5588,8.6445,1.0001,2.8235,0.7387,39.6669,113.7438,13.7567,10.8088,33.8156,4.2899,7.2568,36.9815,5.1466,24.9149,47.2273,27.0163,10.1114,15.5274,15.6892,31.9565,41.1233,14.4885,0.3546,4.5753,4.0225,3.5288,4.1484,20.0416,2.3341,27.0265,2.4535,65.0658,2.0306,6.5642,2174.5326,129.9989,4.1737,16.2403,0.4919,3.9047,4.7067,0.0646,5.5762,6.3075,11.1172,6.4978,21.2102,22.6515,131.7573,24.9912,3.4665,0.0709,30.352,0.1456,2.4226,15.3207,10.2118,1.4734,0.5086,73.2767,0.3361,20.2676,0.0169,23.4482,0.0381,10.7624,12.9378,9.6546,0.6633,8.9723,3.0529
TCGA-CG-4475-01,1.5,20.7264,35.7316,0.0181,1.2449,6.4504,2.2887,20.1981,11.9803,6.33,12.1061,18.0188,16.842,1.4796,3.7574,4.0434,6.4002,1.8807,0.8523,5.6795,9.0696,95.9429,5.0624,10.8648,20.5104,21.7996,44.6944,20.68,3.1984,11.3624,28.9876,44.3703,5.1598,4.7694,5.9463,58.4279,0.1651,0.0793,2.054,17.7238,133.3628,2.7071,18.0412,110.6462,54.4763,29.2167,3.9923,2.4848,15.5627,13.7714,6.8526,10.3908,16.239,18.1263,4.5176,10.9243,8.5757,16.5134,13.5531,0.1236,11.9604,21.059,18.9523,12.9313,6.6396,34.6742,18.0712,13.4972,100.8248,12.4817,0.0131,10.1051,12.755,8.7109,8.7341,77.4255,12.2221,3.0539,17.2211,25.5113,20.3275,6.3777,26.3438,13.8426,67.3616,9.2138,7.1906,8.6037,26.9446,2.8522,3.8578,17.4824,18.9455,7.6868,2.4213,34.6547,16.6736,5.754,8.5284,9.1727,0.7873,12.6671,4.262,2.7176,41.7782,11.2897,1.4004,1.0426,337.7599,6.8375,16.0366,40.9311,8.3889,13.9803,6.5388,1.227,1.2308,0.9508,13.5229,37.0048,89.8048,13.9549,2.8342,5.2995,13.6111,6.6767,21.4647,44.4758,30.4854,51.7232,0.0348,3.1478,0.1631,19.5819,2.7049,2.6457,8.4705,12.2596,6.5251,24.9555,0.902,2.0222,0.4364,55.503,7.5911,12.3964,13.8354,10.0533,18.2931,8.8356,35.2544,141.5008,3.5844,4.6834,25.0567,2.8779,31.5115,0.4309,0.5589,8.2478,5.0619,0.1439,0.5511,0.0786,7.8487,2.5736,38.826,8.5538,46.2646,147.0222,28.7064,10.146,43.9441,93.3644,15.0957,57.8382,2.7775,18.6856,49.4263,86.5927,2.9816,6.0789,1.2972,33.2984,5.3732,16.3163,46.0084,10.1731,30.2703,17.0805,8.6793,11.0161,2.842,0.055,31.8286,8.2678,6.9404,5.1582,14.4676,3.6283,5.564,1.6784,4.2117,2.4464,2.56,22.4272,11.5884,16.0661,40.3597,11.5884,1.6595,3.1894,11.5167,5.6029,192.6854,5.435,3.8779,21.4071,110.6409,23.987,0.2109,10.523,2.1449,5.1248,3.5013,7.649,134.7369,5.074,1.1273,13.2812,6.4161,7.8907,42.292,3.0535,0.0192,11.5102,0.2791,84.2948,66.03,17.7918,9.9532,63.4721,32.3074,8.6269,31.7967,4.4765,22.9267,37.9784,17.8109,6.1668,9.835,0.8681,26.6902,30.8316,22.9837,0.6806,7.6256,2.8052,1.7869,2.408,14.8458,4.5932,53.3234,1.2889,16.6727,0.5143,0.1112,1142.1965,178.114,4.3142,19.0292,0.4552,1.062,4.5976,0.0027,3.2798,8.3134,23.9057,7.1946,13.3253,12.1947,143.2631,11.1503,3.806,0.0504,19.6187,0.0209,1.08,7.5697,6.4109,0.3813,1.0969,89.5601,63.8643,6.4423,0.0199,45.778,1.7502,8.3567,13.5383,4.1422,0.6445,18.3877,2.3975
TCGA-CG-4476-01,3.8,23.2138,27.4572,0.0803,2.0141,7.1521,0.684,23.6926,10.6464,6.4107,16.3669,13.5704,13.4932,2.839,12.3303,6.477,4.2242,2.3918,3.1368,8.2514,11.3604,92.8844,0.6993,7.4832,12.7304,24.1844,41.4624,20.87,4.2539,13.9129,24.7293,32.4449,8.4641,4.2139,8.7004,3.3767,1.04,0.0065,1.4085,29.7016,93.1651,6.2094,7.1979,41.4621,97.8367,32.7859,8.207,2.9285,12.8762,8.2915,14.2774,6.4705,13.681,16.7355,10.3661,13.7595,8.5366,17.0788,12.5772,0.2623,13.3075,12.9996,26.6133,10.2528,3.2844,39.4603,15.5571,14.3553,60.48,23.1354,0.8063,12.2113,22.8921,11.2588,15.5232,47.0856,7.127,9.5988,17.7078,28.6488,43.9997,2.9194,13.0502,14.4352,72.5944,9.6577,9.0389,10.5206,22.4377,3.7702,4.9875,16.5464,25.3944,8.2616,3.5354,14.9544,8.7145,6.7414,6.8354,11.3966,0.0141,10.095,5.0628,3.3133,13.1179,10.7118,1.346,3.7945,345.4984,5.7324,16.2353,60.2298,13.5183,16.3037,2.7151,1.138,18.4842,5.4605,12.9243,43.6656,11.7193,21.6413,3.1702,3.7642,40.9482,6.8288,27.6244,55.3838,18.0232,147.175,0.1453,4.507,0.5904,15.6233,3.7496,2.8803,9.9167,12.5447,6.932,36.8842,3.881,6.6115,1.4044,30.6262,10.4955,8.8626,16.0079,10.6508,17.3843,9.6339,46.1666,8.4373,4.8879,3.2978,16.9188,4.9474,26.7199,3.0158,6.4492,4.3965,10.1174,0.532,0.5717,0.4835,4.2985,2.8266,51.0126,11.6237,56.9833,76.5754,34.1718,10.2182,27.0218,80.5459,18.9057,68.2154,1.3937,15.7291,40.5078,69.4353,4.3472,19.2013,7.6604,75.5783,14.16,14.3882,28.707,9.0386,37.1867,11.3977,8.1726,13.1377,2.9214,0.1397,25.3671,13.7967,6.0128,3.7049,24.4294,4.204,7.2728,10.0808,6.7526,2.5268,3.9399,33.7708,5.4185,16.5358,35.9151,6.2708,4.5912,4.3344,9.0569,8.6425,104.9497,5.4336,5.0074,13.5981,70.3985,23.3847,0.8016,14.979,3.6606,3.5291,7.7201,13.7347,169.8404,4.4032,1.4839,11.241,8.3918,5.854,46.6708,2.6319,0.1225,14.4847,0.0518,34.3206,27.7307,15.343,13.1754,15.756,13.8741,12.4151,29.1715,3.5933,26.8174,41.5434,25.8057,8.1995,9.9564,6.0934,21.4113,48.4238,42.9372,0.8471,4.3947,4.1832,2.2143,2.3601,27.6964,6.3857,24.9342,1.669,66.0005,3.5697,0.344,3228.7399,106.6291,5.2045,12.6729,1.0244,2.7565,2.9781,0.0358,3.5146,7.8611,23.1798,11.7091,28.1305,11.9152,115.9106,31.0696,3.9895,0.0133,35.735,0.1214,3.1625,15.8938,12.6518,0.7964,0.9444,82.6219,0.5794,10.4184,1.9191,38.882,0.1752,10.8333,10.7567,10.8166,1.4569,10.2634,6.0312
TCGA-CG-4477-01,4.4,14.7769,14.4771,0.0336,1.4319,3.3001,0.2293,13.5786,10.3243,5.9209,10.953,13.2877,18.2928,1.5559,6.7343,4.941,6.6262,3.2914,2.5945,5.6652,11.8681,80.1773,1.4728,3.4671,8.1067,14.4777,46.2354,26.79,3.5858,6.0834,23.8496,29.0844,7.792,4.9928,16.4711,7.8777,0.6763,0.0149,1.5236,25.6507,83.8876,4.398,10.2711,35.2169,110.7614,22.5157,12.4531,2.5807,14.6496,10.7566,2.3505,7.9701,12.396,20.3191,5.1792,8.4486,7.9265,21.7195,11.3557,0.395,12.0923,19.7318,26.6912,10.1008,3.1331,49.7019,11.6991,10.6355,123.2156,33.8044,0.3797,13.0213,9.4442,11.4812,8.5403,34.8307,23.5336,8.4096,16.8836,29.6703,28.0424,0.2563,36.8754,10.0037,93.2527,7.9603,6.0047,14.4981,25.3006,1.5529,5.4579,19.4394,22.9167,9.3582,3.8139,43.8193,6.1513,5.812,7.0081,11.3789,0.0711,9.0891,6.402,4.6951,15.0218,14.6175,3.7863,3.2646,401.7306,13.0806,20.1559,45.2032,7.3117,16.1953,4.8196,7.649,34.0503,3.614,13.9898,62.9431,9.3415,17.0309,3.8007,5.0049,22.6428,12.1129,20.932,109.3649,6.2146,33.0224,0.1426,2.0907,0.9577,8.3139,8.155,3.6702,4.142,25.4851,3.637,32.5832,1.5278,5.6265,2.5597,33.1956,9.3509,5.8611,21.9837,10.3563,26.08,8.5995,31.8263,12.9391,3.306,2.091,11.6394,5.7846,61.8789,1.9743,6.0687,9.5512,10.4377,0.0739,16.6156,0.164,8.7702,3.5721,24.2628,17.668,58.354,83.1975,33.8018,6.6105,24.2888,101.5144,13.3732,102.7822,0.9729,13.9323,16.2732,68.5297,3.0467,37.7436,14.6171,29.6952,12.7295,8.9151,37.4235,5.5757,29.6097,13.5487,12.1934,13.3496,2.6038,0,52.8469,12.6346,7.7708,10.7542,20.245,4.3921,8.3561,1.5662,0.2984,1.9015,6.4986,29.5811,5.4922,12.6299,231.3013,7.2623,3.0445,2.7204,13.8538,5.8854,183.7484,7.4104,3.8609,18.2446,72.0164,30.5369,1.8286,10.6677,2.3619,3.4624,10.4088,4.2222,138.5947,7.923,1.0471,12.6268,9.7188,6.6932,68.1089,1.7279,0.4181,2.8478,0.1039,71.4113,56.233,18.5606,11.1935,47.07,8.1331,12.6601,35.3315,6.4293,37.6947,30.784,35.5306,6.6104,9.2006,10.5355,18.0506,35.9678,16.6707,0.6182,9.6762,2.7766,1.8362,6.2791,34.388,3.6909,23.7674,3.3763,64.4056,1.721,0.8103,4937.9569,106.0365,4.7384,18.4439,0.3842,4.3447,1.5313,0.1031,4.4854,8.1465,8.5105,5.6613,17.7712,7.6286,265.6462,14.0905,4.9563,0.0357,32.4106,0.2345,0.3982,8.3424,4.4602,0.7603,0.4034,61.6109,1.4618,38.2769,1.0485,27.0957,0.3553,10.3913,10.0225,27.6257,0.3373,17.9502,1.187
TCGA-CG-5717-01,5.1,17.5747,29.8963,0.0242,2.4119,3.8073,0.811,17.1609,5.8576,2.1698,6.3768,12.8278,20.4142,2.0135,8.3463,4.2369,1.4067,0.4807,5.4124,3.1264,7.8776,101.6717,6.3306,14.7067,21.0447,13.9526,32.6896,15.9279,2.5143,13.8326,18.4826,57.724,3.1676,3.5367,14.653,41.8627,0.3872,0.0193,1.2555,25.7196,93.4346,0.8811,28.2934,40.7123,83.1902,17.1258,7.352,2.8715,17.2751,6.1934,2.0403,9.1312,14.2214,22.1847,8.1992,8.1706,9.621,6.2782,9.0188,0.254,5.6316,7.7657,59.5654,3.3767,4.4165,47.3748,14.0046,20.2303,98.0041,17.9395,1.6067,8.4181,5.2293,6.2067,4.0774,101.2992,48.6543,2.2505,11.0757,13.153,19.6901,0.214,6.1481,9.2801,38.6629,4.9897,4.1984,21.9761,23.9101,6.4421,7.8554,10.8272,13.4559,16.9075,4.3117,14.4998,14.6576,2.6393,5.1678,7.9577,0.0054,17.0479,2.4149,4.1845,13.0758,12.9237,0.7321,2.1816,327.9869,4.3143,10.8437,68.4472,8.8775,17.6268,2.4485,3.0495,30.197,7.0108,7.8183,30.4655,3.0762,15.0301,2.1023,2.5958,13.1996,3.0879,15.1389,35.7576,3.2333,23.8855,0.0166,1.9769,0.3099,8.8631,3.3695,1.2617,4.9692,10.2359,3.0381,20.1896,0.4171,3.2717,1.304,152.1214,6.5966,3.6718,35.1538,5.0919,43.8101,13.9179,27.3092,9.4004,1.6559,2.1361,8.1184,3.1611,94.2816,4.5365,0.5269,2.4541,6.6369,0.1304,0.7601,0.3275,3.5606,1.6226,16.3677,100.6923,45.0782,37.2238,29.6219,10.5212,29.1099,43.0378,15.2419,54.1227,12.1423,10.8233,25.0143,63.7244,6.1932,12.3265,2.1565,29.3764,6.1489,11.7157,15.3642,2.464,31.6514,3.8253,4.3711,7.9452,2.2258,0.0125,20.4803,4.7893,27.1056,3.1214,17.8304,6.2796,3.995,0.7059,0.6979,1.0695,3.2927,24.1652,2.0018,8.6784,22.1666,5.0165,6.5201,1.3737,4.4127,3.2407,182.5804,2.8284,4.1309,11.6891,100.3268,39.8646,1.4961,10.7221,2.07,5.8591,3.9088,3.2014,144.3618,2.3893,0.7959,17.582,5.2937,2.8655,45.677,3.1214,0.0296,12.7415,4.4452,40.5663,154.5364,11.8987,6.475,16.1264,3.9828,5.1318,27.5567,3.7772,15.7229,33.7136,10.7308,10.7458,5.7276,1.1675,56.4963,27.4619,16.4702,0.4788,1.4916,2.2379,0.8608,2.0426,19.2746,2.2286,40.3282,0.4927,58.5574,3.9909,0.6113,1151.3938,117.2219,2.0472,6.2549,0.3311,0.9742,2.8191,0.0339,4.4351,5.3675,8.486,7.466,9.8884,13.622,268.6332,6.7745,6.0095,0.0199,18.5377,1.3374,0.1489,2.662,6.5433,0.2135,0.7466,75.6739,5.1293,16.7199,0.0165,81.2302,0.1054,6.8272,5.5428,7.4878,0.7936,27.2251,9.0391
TCGA-CG-5718-01,2.533333333,16.4336,50.2671,0,1.5243,0.8352,0.0632,28.9974,12.3825,1.2879,4.0767,27.4884,23.384,0.5558,5.7377,2.5902,1.3504,0.6844,3.6053,1.7359,6.6926,42.6575,4.6763,42.5616,22.9331,16.0834,44.8158,22.7488,6.4546,4.7419,14.0626,39.7986,4.7845,1.528,32.6582,16.7252,0.0487,0.0135,0.813,17.2299,92.0374,14.4065,20.0865,44.0789,218.308,13.0263,1.7978,3.1756,41.2984,8.142,0.4952,13.7096,4.0534,19.4284,3.3412,8.1242,26.4957,8.7621,8.0723,0.1216,7.9227,11.8892,34.9458,2.7144,7.0064,20.5347,31.3298,6.3554,59.8544,9.1131,0.0806,4.4334,3.355,2.096,2.6447,125.6739,6.6157,1.4427,7.4243,8.608,7.2102,0.9577,11.3828,5.984,31.9211,3.7194,0.9133,11.2508,40.3777,12.1165,34.7017,13.4336,7.9898,14.5778,1.3081,55.2504,35.5259,2.8326,7.8022,14.122,0.0081,28.9236,1.1351,2.2001,15.391,18.7141,0.5165,1.7789,617.3647,7.198,7.1951,45.7383,2.8124,58.1917,3.3033,1.0263,36.091,2.6835,6.4946,72.4001,5.7585,13.6217,7.8515,5.3038,21.9869,19.5175,10.6823,23.8983,1.5811,52.5657,0.0016,1.2763,0.1208,8.4093,8.7321,2.3407,2.7236,41.1171,5.8947,21.5224,0.172,1.8391,1.7067,94.8213,3.5637,7.3179,25.2948,2.1653,40.43,3.1953,22.1716,4.656,1.2583,0.6358,8.4243,8.886,54.9766,2.0614,5.7982,5.1405,3.3784,0.1242,0.0814,0.0101,2.8968,0.9821,17.1359,40.6653,20.0606,84.8434,23.4793,16.3424,135.5293,89.5347,25.1425,31.5457,6.1559,16.2627,42.9803,29.7219,4.3381,13.3398,6.9628,17.3892,40.2353,11.833,17.3051,1.2267,35.8547,23.2052,50.2401,10.9562,2.7031,0,12.2562,4.4526,1.8185,3.8065,9.9393,5.0542,3.4938,0.4718,0.313,0.6547,0.7333,20.0682,5.865,6.7219,29.6722,2.1191,6.4568,1.2535,3.2581,3.0691,75.9893,2.1138,1.8162,9.8853,166.2479,9.8948,1.6738,5.5192,2.5575,17.2514,8.7646,7.6793,122.9473,6.5177,0.8109,25.6171,2.816,3.5321,49.6684,10.5502,0.2357,9.2551,0.1493,105.8804,26.0765,7.2383,4.6996,18.0424,10.445,5.5661,40.4675,6.0857,7.7124,41.6419,25.8258,9.1581,7.6657,2.8065,23.4146,45.2194,5.6346,0.2452,2.2279,2.7491,1.6628,5.9157,13.9744,1.1222,226.4826,2.4953,25.5215,0.5675,0.7009,3049.602,50.6505,1.6745,9.0839,0.0261,0.9354,1.2358,0.0259,4.9971,1.9375,19.2393,13.5985,7.6637,21.7062,83.1851,36.1323,1.4372,0.0231,21.011,0.0308,0.5197,12.663,7.722,0.3381,0.031,103.9486,4.086,72.0136,0.1471,85.3922,0.1237,9.0966,12.5594,14.4335,10.08,4.6306,5.3526
TCGA-CG-5719-01,2.666666667,24.8503,40.2233,0.0228,1.0721,2.5225,0.5421,11.9285,8.1393,1.335,8.2967,15.0105,16.3264,1.4308,4.7187,2.6491,2.2396,0.6202,20.2919,2.478,6.4519,134.729,3.5448,5.591,28.3805,18.0688,40.1536,18.5261,3.8344,3.9866,14.4835,64.7979,3.2729,3.7801,14.7439,10.7569,0.019,0.0087,1.2366,44.3136,138.1265,7.2071,19.5209,31.5476,78.0319,17.5851,2.1561,3.4835,17.468,4.1152,2.1501,8.5302,6.3309,25.3539,4.4991,9.2551,12.8003,14.7452,9.7089,0.2381,4.1541,6.7051,41.0966,5.4865,5.8408,17.1653,14.6027,12.7614,80.9016,14.1579,0.2499,3.7977,8.3898,4.4432,4.6809,122.2472,9.5835,2.0688,14.4428,12.6838,13.8682,0.2611,9.6972,4.8238,24.9566,4.8661,4.2833,16.299,41.3088,5.4326,6.3864,17.3997,10.778,19.5087,1.4526,13.8807,16.9857,2.6452,7.5917,10.4894,0.3393,20.1888,1.632,1.1464,13.9985,15.066,0.754,2.3896,525.6178,6.61,11.8356,55.2623,14.5101,24.6158,3.2174,0.566,5.4031,5.0408,6.3653,64.805,5.6206,17.746,6.6204,1.9911,14.2475,5.8722,16.3832,37.3214,6.9168,49.4526,0.0105,3.753,0.2166,12.4832,4.1253,1.474,13.6999,52.1831,3.9279,19.9414,1.0528,2.2371,1.4875,38.7704,4.8732,10.7193,37.445,3.7644,61.9402,4.018,22.2236,11.3096,1.1808,3.3165,5.8894,7.6127,47.9208,0.6603,0.9037,3.2999,5.8488,0.224,0.8597,0.0622,3.4038,1.2967,67.6817,11.6929,47.4102,30.2653,23.2845,23.0974,38.389,54.937,17.1751,33.9632,0.1514,8.0207,42.5245,56.3639,5.4354,10.4545,5.2235,61.0576,10.0779,14.2979,12.1794,6.5701,47.5267,7.1311,8.6046,22.2738,3.7951,0.1521,27.6087,4.1806,5.7553,1.7408,11.2144,5.9807,3.562,1.3219,1.1339,1.1112,3.8763,23.4869,3.3101,8.7618,49.3264,5.5837,5.2219,7.2681,15.3387,3.9735,75.6483,2.2391,3.9385,9.4628,82.1637,14.9004,0.5883,8.0912,1.2985,8.3557,3.4233,20.0825,142.1547,1.9631,0.926,20.0785,2.2465,1.9158,60.5896,2.3919,0.2859,14.0061,0.1247,105.9536,72.9926,7.0352,4.7433,12.5333,22.4796,6.0934,30.9053,4.9706,15.9639,29.5424,17.4019,7.8644,12.5455,1.3203,69.624,36.0103,13.3229,0.4907,3.7969,4.1874,0.8544,1.8978,11.8826,3.9023,20.7158,0.8747,47.2045,0.6272,3.4764,2696.3693,110.7124,1.4478,7.736,0.4919,0.9823,1.0861,0.0243,1.414,4.508,7.7294,14.2572,16.3291,32.4365,121.5548,25.4664,2.2521,0,19.1879,0.2403,0.6134,2.1273,9.5224,0.2528,1.2682,111.0131,5.0573,29.1075,0.0675,75.5009,0.3517,5.971,4.8168,9.8655,0.6665,4.5066,2.7143
TCGA-CG-5720-01,2.6,21.4261,39.1987,0.0176,1.975,2.386,0.0766,16.572,6.2696,1.4163,5.3364,17.9899,19.3819,1.9335,5.8995,2.2155,1.971,0.6551,1.5091,3.0745,5.5652,115.0132,0.7997,34.8656,17.5034,13.4479,61.5844,23.7791,2.2634,6.8171,14.9996,58.5483,5.9091,1.939,3.0451,8.5042,0.2593,0.0064,1.1151,82.1441,70.1539,13.6909,17.0876,25.0918,314.6596,16.6149,3.9712,2.0354,14.3942,2.6466,6.3331,6.8442,6.6978,20.1592,2.9689,9.6598,13.9967,12.3931,11.0828,0.2265,6.8112,8.6579,40.3423,3.9998,6.5389,12.2825,16.9475,4.4041,164.3991,15.8598,0.3836,7.1815,10.7652,2.8822,10.0503,117.9636,9.5225,4.7143,12.879,11.6009,16.746,0.8004,17.214,7.3163,20.7451,5.1044,5.3675,20.8585,44.5462,1.5456,15.338,12.0578,10.8459,20.7595,1.4907,30.3711,44.6858,2.1625,10.5728,13.9439,1.8074,18.1776,1.4548,2.2352,4.7826,11.1117,1.1713,1.9892,537.3737,4.8069,10.1594,37.461,34.4221,31.5635,4.0763,1.5303,25.5953,3.7052,7.2613,81.2966,17.9427,31.2195,7.7213,6.4079,20.8125,11.9714,18.7616,20.1156,3.7239,54.7596,0.0031,2.4096,0.269,11.0385,4.9061,3.2153,5.1056,32.8578,6.519,24.9139,2.2627,2.8152,1.9695,80.6081,4.4799,5.3839,34.0434,4.4113,72.6965,7.3078,22.6779,7.4805,1.453,0.8042,5.6804,7.7491,60.8685,3.9032,4.8886,5.4933,6.2219,0.3812,0.0735,0.0575,3.775,1.8621,31.1019,14.9598,23.8208,41.7228,26.2955,16.4998,82.3537,101.6344,23.3206,89.7659,0.0223,9.8777,34.261,48.9409,3.6318,17.1021,5.2472,35.9658,17.4971,13.1797,11.8145,2.1775,48.6092,14.142,25.0388,10.0809,1.7769,0.05,23.5188,6.7023,0.5896,5.1847,13.5043,10.0342,5.2359,1.0914,5.3088,0.9688,3.0312,49.7978,2.0884,10.4405,31.3799,3.9444,7.7387,2.2111,11.5349,3.8744,80.8558,2.3797,4.2595,11.2406,104.67,11.4537,1.3443,8.6445,1.5165,12.4407,6.7242,8.9629,123.7621,7.1744,0.6631,20.0884,2.5342,1.3118,61.1089,10.0277,0.2462,20.278,0,65.2264,85.4702,8.8243,5.9334,13.4883,7.0441,3.1316,45.7287,8.2411,13.7516,56.2776,31.8099,7.4744,19.4562,19.6874,21.528,41.3422,7.9958,0.6005,3.1064,3.5098,1.0705,2.7773,16.8904,2.5369,14.5785,0.9184,79.3042,2.0182,0.9119,2026.6695,115.76,1.5787,6.8725,0.0908,1.3938,0.4047,0.0175,1.6734,2.3953,5.4981,11.1166,13.6322,32.232,221.5966,42.6718,2.5121,0.046,28.1992,0.1121,7.1026,2.9661,8.4179,0.638,0.1202,57.1982,0.0749,118.0281,0.02,67.31,0.0902,8.5547,5.9644,17.6378,0.3342,5.9013,7.046
TCGA-CG-5721-01,127.0666667,17.633,54.4997,0.0031,4.1812,3.4724,0.1011,19.3175,7.7533,1.7103,9.4088,15.5262,23.7397,1.8712,37.8916,2.1393,3.6241,1.5408,4.9518,4.3315,10.3057,73.2068,29.8331,9.3183,18.3879,13.9694,25.9684,28.5386,1.9673,7.0933,19.7952,31.5971,7.2757,2.2282,9.1236,0.1711,0.224,0.0137,10.7478,25.9531,59.2878,8.3601,20.813,54.2641,90.9856,19.9886,10.8519,10.268,27.0486,9.4134,0.4721,7.9689,11.4196,22.6697,6.2497,14.7677,15.9664,13.5391,10.611,0.0509,0.9628,8.3794,80.0243,4.8156,9.1738,15.7659,15.7911,11.7519,157.3424,12.7981,0.6422,3.4846,4.4465,4.2595,4.5756,108.574,10.3706,2.6339,13.5124,17.3037,14.3458,0.3474,0.3918,6.9647,37.4539,6.6913,4.8509,17.987,35.9546,1.044,75.7856,14.2465,18.0288,19.2195,1.6572,25.4763,24.5218,2.5429,9.8051,16.9803,0.0691,19.1659,1.8494,4.0564,11.3136,14.6281,0.6672,3.6104,750.4982,7.1904,16.9911,110.7754,23.1538,35.2701,8.2549,11.0898,35.9573,5.5318,11.5015,67.1843,4.314,16.4226,9.2067,4.6148,44.8871,7.2879,19.0364,35.2975,5.0283,18.2866,0,1.221,0.2931,16.5334,8.4588,3.7588,8.2369,4.0293,5.0472,25.6789,0.3163,6.2425,2.8588,36.0755,5.3316,3.9093,55.5525,8.2732,76.4609,8.0385,25.7873,10.1738,1.889,1.739,11.1774,7.7596,67.672,2.0834,8.5825,7.4542,6.7692,0.2665,0.4641,0.0326,4.0341,3.3221,21.159,16.3805,31.9891,50.3044,29.8691,13.365,37.3088,96.474,23.1922,57.7079,0.1355,13.0116,21.1806,61.638,4.1721,17.2878,3.7065,19.6011,20.983,13.5842,17.1906,2.5519,53.9255,12.5736,21.8802,14.717,4.3802,0.5407,19.0064,5.8823,3.4927,3.7393,13.4227,6.9368,5.0662,0.8753,0.2456,1.6892,5.1559,34.2583,2.8948,8.6059,23.9495,4.214,6.2981,1.0705,7.1744,4.7456,129.7669,1.3546,2.3999,15.2528,106.0623,10.5259,9.6469,11.0503,2.3223,30.2329,7.5086,17.4156,123.6897,9.1066,0.4277,34.0365,2.4238,1.9521,32.0611,15.6169,0.1266,9.3055,2.9437,56.445,53.9683,6.9278,4.0617,9.1399,14.6306,17.2691,51.5568,13.4324,14.387,42.7889,36.7248,9.8289,11.4551,2.4745,15.4345,60.6854,5.8569,0.1924,6.2989,4.395,1.2266,5.1571,9.3002,1.5151,21.814,1.2987,19.5454,1.6238,62.0602,6937.1639,91.6256,1.9406,15.0208,0.2793,1.7457,4.7699,0.0755,3.5702,4.2068,7.3633,7.8885,13.6466,32.791,183.9387,4.2793,3.5769,0,35.9033,0.1175,0.111,3.5981,12.2674,1.0287,0.0346,100.8104,0.0283,8.2469,0.0212,67.668,0.0248,12.5541,7.481,20.4031,2.025,5.7162,4.222
TCGA-CG-5722-01,2.566666667,21.9621,24.5444,0.167,1.853,3.6189,0.1127,17.9393,7.9554,1.8798,5.0981,13.504,15.9136,3.0568,4.2429,2.6517,3.171,1.3554,10.7505,6.2305,6.494,86.6389,1.779,4.1035,16.4409,14.1597,44.3872,19.1988,5.5502,4.5622,16.0714,73.2442,4.6073,3.5163,3.8605,0.7007,0.5185,0.0099,2.4131,38.1007,72.594,7.3271,20.4489,26.4259,55.5119,17.6306,12.9547,5.8884,34.8143,12.6986,5.319,16.2386,5.8024,32.8303,4.1788,9.1082,13.0628,4.2218,9.1405,0.201,5.8192,11.244,37.6608,4.1998,5.223,17.8979,18.6922,11.0937,212.1723,11.1955,2.5505,7.5566,8.5291,3.6156,3.5288,95.1905,12.9526,1.3666,13.9018,14.7735,23.1702,0.2097,6.7132,7.4405,29.8737,3.7595,4.5858,33.4512,37.5665,1.5254,206.7621,15.6594,12.6907,38.5085,4.1535,50.2541,78.1645,2.6911,12.7624,10.68,0,22.7969,2.2618,1.7289,7.5672,19.4086,1.3525,4.6465,724.2986,5.9443,15.9146,134.1995,9.9973,21.8859,1.9431,9.5147,120.7596,16.5967,12.1115,84.6672,1.4934,27.3661,6.3838,3.9267,36.7362,2.2423,17.4594,92.181,3.5797,17.6662,0.0356,2.4449,2.6303,16.4064,6.2191,2.2142,5.3574,15.5115,4.1,14.7394,0.9767,6.5822,3.5028,46.1993,5.6119,8.291,50.8862,6.662,86.0684,6.3071,16.7462,17.33,2.1728,1.0585,6.2873,5.6046,103.437,1.8282,1.2417,5.7004,7.3929,0.5109,0.2648,0.3046,5.1033,2.5879,25.4857,18.1674,32.6295,51.3756,16.1725,15.0892,31.5083,64.9277,20.0272,65.9572,1.1285,9.1244,38.1205,45.6849,4.8794,16.7205,8.0978,31.9599,14.0962,12.4283,15.735,6.5041,39.3514,5.7845,32.8388,10.2333,1.739,0.1439,130.9878,4.2194,2.1707,4.7956,11.2962,8.6833,9.922,1.2574,0.2425,1.3748,5.3746,31.8381,5.3459,6.7139,37.3046,4.022,12.2576,1.2106,2.9702,1.957,68.9142,4.552,4.5776,16.4609,196.8347,10.7089,3.6415,6.9005,1.8169,145.0295,7.1895,2.7337,111.0371,4.6024,0.4879,22.09,5.5924,2.3172,129.4595,1.0845,54.4419,12.425,26.0676,83.183,60.2675,10.8325,6.7104,7.6076,0.5825,1.7115,41.6998,7.0325,13.1165,36.4118,43.6212,6.6246,17.3659,6.4334,17.282,40.832,5.339,0.2649,6.6523,4.8517,1.2591,4.8426,33.5883,2.2388,58.2828,1.4703,62.8552,6.3528,2.4273,5978.5864,63.3924,3.0868,25.7279,0.199,2.9364,2.883,0.0141,3.5498,2.7284,14.628,14.8059,12.5335,27.3903,182.3687,22.7234,2.8978,0.0068,31.9358,11.4931,0.5322,2.5779,6.5176,0.2885,0.4612,192.9673,0.2598,6.8363,0.0386,35.1387,0.0961,5.5201,6.5393,10.5213,0.4895,3.1611,13.5147
TCGA-CG-5723-01,53.83333333,13.7874,36.5366,0.0049,1.5847,2.5608,0.8847,17.0373,5.3615,1.144,5.4333,8.7976,14.8145,0.8664,5.5366,2.7691,2.7972,1.0848,7.3329,2.4486,10.1649,53.7021,75.5552,3.3588,10.1339,9.7395,26.155,24.2484,2.6951,4.5761,12.8635,13.8724,4.7801,3.2559,1.2772,1.8284,0.0716,0.0425,4.4784,26.6106,123.2393,4.4479,42.8894,45.89,28.8375,9.606,5.3741,3.4414,2.9056,3.8522,1.0119,6.6049,10.0591,20.8723,3.2074,5.9943,11.1649,17.742,3.0634,0.352,5.4062,7.3556,47.3084,4.6993,4.3316,30.698,5.5655,8.5055,187.4115,20.3332,0.3529,6.0943,4.4809,3.6049,2.9116,85.5001,10.2695,0.5697,11.1464,14.3998,15.9584,0.4948,2.3591,6.9645,30.5889,4.9074,5.0593,10.8042,40.445,4.8905,21.8385,17.5277,14.2469,15.0523,1.4904,24.3862,26.192,2.6336,11.5779,18.043,0.0268,12.0414,1.247,1.7049,25.2659,10.6562,1.0026,1.3372,741.0279,9.9551,11.7963,155.8435,16.115,24.6761,9.425,4.845,21.6148,1.952,5.0841,62.9773,1.219,15.2961,3.5046,6.3194,12.9545,5.6568,15.7594,25.0788,2.0383,11.6475,0.0025,0.954,0.156,10.0537,3.7045,1.4363,2.6738,2.0114,3.8119,17.385,0.1142,1.9633,1.3017,58.6123,4.02,1.9469,27.6368,3.9898,49.975,8.9188,25.211,13.061,1.5412,2.8744,6.3102,5.0984,56.7958,0.2628,0.1708,3.9335,4.4342,0.0973,0.2244,0.0021,4.1852,3.6717,12.5112,9.6032,36.941,41.2319,30.1839,9.6091,32.685,105.0189,23.9465,93.7556,15.4037,6.428,6.5153,56.3512,3.1443,8.9715,4.1181,14.2454,11.66,6.4274,18.8089,3.4818,24.7112,12.9451,26.9485,7.6397,1.9288,0.1033,20.4198,7.664,2.5794,5.1114,9.6334,4.6506,7.1262,0.2248,0.5775,1.5826,6.2685,38.7367,1.4867,8.7821,29.1932,1.2808,6.5543,1.4141,40.7099,4.6714,127.1466,0.9178,3.6469,16.9622,174.9562,11.4714,2.4741,7.8735,1.658,5.928,2.3867,7.4148,203.6662,4.9269,0.5589,16.3159,1.1216,2.3016,31.3535,3.3078,0.0632,6.1425,2.3747,86.9835,77.5864,5.8825,6.8144,36.4027,10.3156,9.7465,36.6124,7.9954,13.9274,37.2519,15.8991,5.8431,18.8734,0.9626,6.5792,43.2386,10.0931,0.1703,8.6903,2.4172,0.6389,4.0378,22.2024,0.9388,16.4574,1.6076,52.4916,0.3653,1.6336,8597.5466,14.9744,1.6092,10.5627,0.1587,1.0393,5.5069,0.0074,3.4082,4.1569,6.3612,6.2494,13.4443,14.255,198.9658,2.7748,3.6858,0,28.1112,0.0291,1.4644,3.5359,5.7416,0.477,0.6817,72.3004,9.5612,4.4175,0.0052,58.7977,0.3633,7.076,9.0625,15.2616,1.5782,6.41,3.6167
TCGA-CG-5724-01,3.266666667,14.6737,63.343,0.0151,0.8291,1.2761,0.0834,8.8909,11.206,0.9273,3.5079,14.3036,14.9204,0.2717,3.5732,3.5208,4.2467,2.0143,42.6924,2.674,5.2507,57.5519,1.0283,4.3367,12.7702,11.285,23.4014,18.8024,2.7457,19.2421,9.0319,64.7828,4.5919,1.4864,0.3351,0.9573,0.0377,0.0534,1.2755,38.75,124.7848,2.2365,39.7921,17.2719,85.8719,10.1897,1.1698,1.7576,13.7672,2.9226,0.3361,8.0315,7.6675,20.2414,2.2761,6.0672,34.8767,156.3046,7.2233,0.1474,5.7855,11.6148,37.5633,6.7689,8.3453,7.6883,5.4579,12.1621,191.5644,13.7459,0.5807,3.6581,4.5662,3.4489,1.3272,128.0464,9.2497,0.7034,11.8773,15.236,26.9844,0.05,0.8417,6.3919,17.8619,3.4258,3.2467,21.6435,38.681,1.2528,7.2834,14.8124,10.0018,19.7071,1.1088,12.5898,2.4436,2.239,7.811,15.9592,0.1853,20.6261,1.325,1.5709,8.7602,15.1947,1.0965,0.3963,561.2677,3.4292,17.0645,207.1779,2.1939,22.7376,5.2755,1.4962,3.8383,0.8182,9.6795,90.2755,7.3542,25.416,2.6466,3.7797,8.7767,5.2836,12.7041,16.6859,2.2742,27.4383,0.0178,0.7324,0.119,14.8684,4.0463,2.0577,4.4177,12.953,5.0029,20.4658,0.0937,0.6432,0.1978,39.2773,5.5915,1.6617,34.8981,4.0958,74.6856,6.4822,19.0207,4.2463,1.1113,1.1566,4.5202,6.7015,108.2689,0.8262,0.1065,9.5296,4.8045,0.0399,0.0916,0.0477,6.0434,1.3702,26.4133,27.293,32.5578,35.7022,25.24,33.5286,64.3618,74.9349,12.5831,33.3721,0.0331,7.9575,36.386,36.3257,4.0647,6.274,0.5267,21.5611,6.9019,9.4304,15.6238,3.1391,54.7984,27.6151,61.0865,112.8163,4.2536,0.8034,21.8251,5.137,4.8271,3.9834,10.5261,7.7041,4.0469,0.1467,0.1659,0.6391,2.4844,22.0432,1.2861,6.8844,48.9,6.4173,6.2745,5.1721,1.1698,2.9835,57.5449,2.1659,3.4725,6.843,112.4115,12.2709,0.8419,4.8592,1.9626,11.9336,7.1603,26.5137,188.3633,6.1124,1.7707,22.6512,2.3097,2.7545,52.7588,2.7425,0.1875,8.2509,1.0759,164.6048,81.2909,7.7465,5.2145,42.2046,30.841,4.5079,39.4028,13.2422,14.9863,37.1754,10.0587,4.5712,14.5046,1.796,31.6058,28.6419,9.6783,0.0603,5.6173,5.054,1.3044,4.7182,4.0339,0.5392,25.3629,1.857,9.5576,0.206,1.3578,1975.2991,87.0851,2.5766,10.7939,0.0825,0.318,4.6936,0.0006,4.0499,3.7729,7.5111,15.77,11.5405,33.4108,386.3934,11.1643,2.8848,0.0205,14.5485,0.0587,4.1863,1.3984,3.892,0.2413,0.0213,269.7811,0.0331,21.6668,0.0242,104.1302,0.0771,6.522,9.0645,5.8557,0.0805,7.5096,3.9127
TCGA-CG-5726-01,42.76666667,19.9343,67.0036,0,1.8957,3.5986,0.021,17.1174,12.1138,0.5748,4.3798,21.0047,23.2391,0.6865,8.7354,5.3163,2.6666,1.5913,0.4038,2.9353,7.8426,140.6962,0.3308,8.7408,18.3215,13.2609,40.286,26.062,1.809,6.4372,17.0239,83.1837,11.8235,1.5662,6.8937,7.4749,0.0164,0.1232,0.6364,59.5059,130.1921,16.5902,18.8683,82.1748,160.8675,11.9307,6.1104,0.6716,17.7084,4.5666,0.27,9.3612,6.9242,22.1174,3.045,15.9134,22.7041,13.9813,1.0373,0.1764,8.5469,13.3385,35.9388,4.4764,9.3341,21.6787,14.3447,7.7291,234.6011,16.2822,0.1451,5.4963,5.0202,2.4289,2.6042,185.9798,1.9477,2.8848,21.4122,15.4089,15.288,0.0288,3.7847,8.2108,33.3168,6.0844,5.3896,27.5082,60.2351,0.6765,3.7165,11.5896,11.9741,27.1945,2.4025,9.1489,32.8632,3.2804,9.5441,17.7131,0.0063,18.5971,1.9272,3.7739,3.0805,11.429,1.1535,0.3017,615.8321,5.4387,13.7156,61.8135,44.9981,30.0188,6.5981,0.5686,2.2392,0.4218,13.7309,79.0191,2.0192,20.079,8.6458,5.9053,7.2373,0.9058,20.9097,5.1104,0.6091,64.812,0.0072,0.5828,0.0136,8.8498,11.0932,3.8679,3.0027,52.3701,5.4193,33.1013,0.2531,0.3429,0.1298,100.0856,4.3523,2.1319,53.5813,4.9,64.8796,7.8426,26.1233,9.0682,1.7706,1.4183,9.2862,7.5801,127.2156,0.7257,0.12,6.7127,14.7815,0.0228,0.0193,0.0242,4.0228,0.2241,5.3473,16.1455,21.481,101.6412,28.8795,15.6051,82.1069,133.3374,18.3445,98.6852,0.0824,11.5135,51.4466,37.3465,4.0521,11.2057,1.8855,6.0865,16.1234,14.4114,18.1166,0.7427,59.5599,30.8955,37.9043,2.8538,3.9167,0.4066,19.1815,7.9055,0.5624,6.7778,13.7276,12.9439,6.683,0.2082,0.3091,0.7675,6.2836,54.0025,0.8223,9.0686,102.8144,1.2533,8.4623,0.7253,3.2868,6.4536,62.5609,3.119,3.43,21.5711,67.0659,11.179,0.4278,12.0809,3.536,11.5119,10.6841,31.2945,224.7803,7.7718,0.9961,29.7452,3.3272,1.6435,101.0351,6.5432,0.1516,19.3722,0.5657,52.7835,33.4867,8.6032,6.1804,5.5064,40.6132,6.9863,57.6013,12.3739,9.1995,65.3027,49.7451,0.8877,24.8446,15.2712,5.6404,62.5715,17.468,0.4126,4.4626,3.4901,1.6987,7.6889,5.6268,0.8264,26.2913,3.2162,89.7673,0.1434,0.288,2222.6072,117.4215,2.015,7.0655,0,0.1571,4.9773,0.0561,2.5865,0.6558,5.9865,10.1937,15.1183,80.7675,223.4572,25.7257,2.7045,0,36.8026,0.1149,0.0777,0.7193,11.3104,0.035,0.087,170.1096,0.555,58.2754,0,131.4939,0.0237,8.3141,7.0004,7.9627,0.1198,8.0429,6.1786
TCGA-CG-5728-01,43.16666667,11.3954,28.7544,0.0134,0.9966,1.8528,0.1371,16.22,5.6534,2.4708,5.6238,8.4433,12.5752,2.9666,7.0896,2.062,0.805,0.5494,9.7679,3.4376,3.7144,38.3299,1.5923,11.5042,16.1147,11.3904,14.241,17.4014,2.751,2.8026,12.0424,17.1823,1.944,3.0773,3.52,3.461,0.2902,0.0439,2.2663,27.9732,81.0303,3.5299,8.5202,26.5163,117.5251,15.3732,3.6806,6.955,12.5456,6.5369,5.1333,7.4054,5.6115,10.5954,4.84,6.876,8.4557,3.5708,6.0252,0.0771,1.738,4.938,29.5216,2.3916,4.3985,24.7594,5.691,5.7916,61.9876,7.2667,7.6474,4.072,4.6697,1.9902,2.986,56.5785,15.8968,5.0199,8.3891,6.2238,6.8655,0.3315,2.2899,5.8005,19.1236,2.7835,3.3905,9.4707,32.9351,1.9515,11.5736,9.7711,8.1518,13.5433,1.4705,8.6326,9.6186,2.3457,4.2419,9.5761,0,12.2262,0.9187,0.5426,6.2817,10.2925,0.185,5.6963,342.2397,3.5963,6.7129,34.4213,5.6523,19.2749,1.6534,1.0655,602.1542,37.3641,4.0093,27.7943,3.3467,15.909,2.4582,2.3436,21.5141,3.1686,10.7016,33.0028,2.9772,21.845,0.1111,0.8657,0.441,6.6905,2.8722,0.8513,3.3389,4.8323,2.8708,13.8032,0.2038,10.6331,21.4846,61.4272,4.0339,2.8002,18.0109,5.3315,39.8309,4.596,13.9551,4.7378,1.9842,2.1997,4.9653,3.9609,14.7587,0.9954,1.5109,1.8661,5.3045,0.0943,0.0671,0.0073,1.2762,1.3912,5.5367,16.413,17.3993,20.3349,18.2185,10.8368,34.0184,53.4217,13.6323,41.7748,5.7196,7.5311,25.8343,26.4912,2.7833,15.2157,29.1966,25.1997,14.3665,10.2579,6.6846,1.3071,41.5093,4.1724,6.5436,4.6427,1.5117,0.1993,21.3293,2.594,3.6303,0.9196,7.6783,5.7103,2.5775,0.6356,0.1115,0.8076,1.7665,18.4,1.1736,4.9066,91.4666,2.8389,5.6859,1.0976,3.629,2.7414,42.3688,1.3917,2.1831,4.6546,59.9235,8.1173,4.8169,3.1154,1.2766,4.2187,3.3652,11.8226,81.9572,1.4462,0.5151,13.8354,2.6184,1.6447,18.9989,3.4269,0.068,7.7534,0.0604,26.2589,54.3082,5.4559,2.9778,3.5857,0.8178,2.7684,26.402,3.3711,7.2196,27.0065,13.3954,9.5801,9.2978,0.5898,4.0518,27.3878,6.0556,0.4366,2.3512,1.3821,0.8276,1.1402,11.8179,1.0489,14.261,0.5545,100.3242,19.4303,3.0291,3375.9835,53.503,1.3409,3.238,0.3071,5.4839,1.0295,0.0204,7.7398,2.3973,6.9642,6.4755,5.4308,7.0609,128.7729,50.6454,1.9793,0,21.6153,0.3173,2.6965,2.3532,9.0973,0.2475,0.8545,66.7461,0.0854,5.2663,0.1941,31.3507,0.0166,4.2603,2.5824,8.9082,0.2444,4.2261,3.1494
TCGA-CG-5730-01,4.4,15.6443,21.7949,0.0114,1.3337,3.064,0.2223,14.8212,5.1934,0.8837,3.7592,12.0992,13.906,2.4991,3.5062,2.1326,0.6757,0.2348,1.3228,2.027,4.7232,120.9571,2.0175,50.6818,17.7824,14.2162,35.4243,15.156,1.3387,4.0504,15.8564,42.9188,1.8086,1.6009,2.6506,5.7609,0.284,0,0.9144,174.3588,86.9998,7.7927,12.1659,61.1304,107.4336,9.9979,1.9135,1.6528,17.2806,5.5093,5.5493,6.6767,5.572,8.5161,1.7621,7.4974,9.0092,5.6896,4.7893,0.1144,1.937,2.744,36.7665,3.0832,5.6534,21.584,6.3043,4.745,69.8513,10.5857,0.4071,4.4232,9.9194,2.2379,2.254,88.2188,10.8086,4.9145,10.405,7.0663,8.5606,0.4568,4.6007,5.7596,14.6524,3.7341,3.7528,11.4006,31.0835,1.7621,9.0916,8.8511,7.7619,14.4677,2.059,6.3742,11.5931,1.9327,6.9091,9.8641,0,11.1092,0.6524,0.527,4.6751,9.6413,0.3573,1.2938,467.7469,3.649,3.3065,21.2447,25.6845,36.1215,1.1385,0.9649,93.4255,4.6222,5.6848,27.2479,1.8664,13.7241,3.4173,2.0488,8.3045,1.7653,11.5768,11.1049,4.0741,30.2964,0.003,0.8489,0.2727,7.1966,1.8931,1.2682,4.2053,13.6788,4.8388,12.1581,0.4424,1.9931,4.1885,84.1782,3.2482,2.8845,18.7975,4.1837,110.9773,5.5793,13.6475,4.0988,1.2996,0.6489,5.0651,3.9922,25.0122,1.2626,0.8805,1.7811,5.3134,0.2392,0.0989,0.1704,1.7216,0.7745,7.6163,64.8592,16.7343,22.4361,21.0511,24.6138,83.7119,176.0942,22.878,127.1905,0.3192,9.244,36.0814,32.727,3.022,8.9097,10.7641,24.0884,17.901,8.3053,6.0851,1.4685,32.3429,6.6239,6.5309,8.527,4.4024,0.0608,28.1409,6.9414,20.3915,1.3583,10.4695,8.381,3.3564,0.4285,0.943,0.6031,2.5882,36.0165,1.409,7.9604,75.1357,2.5794,2.8164,1.5005,14.2227,3.7347,94.2005,0.7459,3.1745,4.5312,82.1195,6.5975,0.8802,5.9404,1.4369,4.2102,3.0991,11.128,131.1952,1.6371,0.3874,15,3.9474,1.0414,11.8507,20.9699,0.09,10.9215,0,63.6254,234.9179,5.4373,3.9411,42.5938,6.5498,1.346,27.0509,3.0967,15.6977,28.7241,20.7351,30.9365,12.7785,3.0985,5.0572,18.4668,4.8697,0.6538,1.9455,1.2798,0.8725,1.3219,29.0724,1.247,15.7198,0.297,47.8887,1.3366,0.3737,1488.2607,77.0681,1.6527,3.3404,0.2597,1.4636,4.1041,0.0865,4.9507,1.2576,4.0435,7.4795,6.2663,8.0476,158.1803,18.284,2.0012,0.0043,18.1049,0.0283,2.9715,3.6784,5.647,0.1056,1.4753,40.3143,1.858,25.0182,0.117,33.5114,0.0227,4.841,3.2286,15.366,0.5607,5.1755,3.2435
TCGA-CG-5732-01,1.966666667,17.518,60.237,0.0065,1.3409,3.5654,0.0307,17.5176,6.0348,1.8263,5.5406,8.8239,20.4567,1.9699,7.9177,2.3325,1.6518,0.8623,12.6431,3.3289,5.8943,116.2254,2.706,54.5355,13.5241,17.436,30.6796,19.3501,3.5517,3.3619,11.6062,67.4537,2.4029,2.2229,7.2836,17.5075,0.388,0.0566,1.0248,33.6886,112.9073,10.747,15.8925,83.849,170.7245,17.1158,3.309,2.4237,15.744,5.3601,2.6523,5.4056,4.6826,26.7704,3.6513,10.4703,18.4615,8.4604,10.6228,0.1381,5.0887,7.0587,39.425,5.3668,3.6966,20.8047,9.3089,7.6792,110.8151,13.3954,2.6603,6.0268,5.7124,3.5417,2.3885,60.6948,12.4261,5.2161,10.2776,15.1698,16.4302,0.2608,5.5843,7.6883,24.6749,4.2419,3.7459,7.8245,25.5509,3.6341,14.1513,12.8082,10.0585,13.3607,1.4013,24.6774,4.0811,3.0219,7.4162,14.9319,0.0296,10.3592,1.7101,1.7492,9.8282,14.72,1.4152,2.4636,677.6825,5.42,8.8073,37.8839,3.2019,85.322,2.0259,0.6524,152.8429,16.8114,11.6578,47.6139,3.4115,15.1345,3.6654,2.0074,11.1335,5.6846,15.0201,57.5842,1.7482,69.3186,0.0017,0.9317,0.188,5.7169,3.6495,1.4526,2.7923,40.6192,3.9627,28.3134,0.3726,4.3682,4.427,39.6648,4.7989,3.1613,21.785,6.1347,40.512,4.3322,11.3965,5.3081,1.2622,1.8412,11.896,11.0333,35.8476,1.3692,0.6715,2.5252,4.7698,0.1068,0.0186,0.0402,3.1002,0.9559,7.628,8.3929,28.5178,36.6675,23.1449,22.8954,32.3501,121.9581,20.9842,67.2532,6.3081,9.6004,68.9842,30.5059,4.3699,10.1009,15.0726,33.3838,19.7979,6.9787,14.365,1.6171,45.6549,24.1214,9.8205,5.4463,3.7679,0.0138,24.9464,8.1028,2.9994,2.0759,7.5509,4.3473,4.8818,0.8083,2.3556,1.3673,0.8309,32.1441,1.7989,8.9052,78.4235,0.7246,9.5621,1.2996,19.0888,3.9721,80.4816,2.1026,2.0342,9.0004,127.4989,14.2265,1.642,8.4371,1.8921,4.5942,3.6085,12.7202,87.7583,1.6251,0.8755,18.5173,3.6314,1.9054,56.2684,5.6377,0.1657,19.3915,1.1059,84.933,55.161,6.4135,6.2577,13.229,8.3577,3.1533,21.9093,8.0068,10.1303,37.9806,24.5317,4.2053,11.607,3.869,10.9075,43.5127,16.6089,0.1563,4.2227,3.3461,0.5582,2.5769,25.6298,1.2207,32.9547,0.6408,65.5368,5.0627,0.9591,3135.5028,82.9559,2.1489,4.4575,0.0171,2.3187,1.4249,0.0509,5.8387,1.4499,17.0832,14.6562,16.1262,18.3454,110.2062,40.1794,1.8421,0.0056,23.1317,0.2502,0.6684,4.9269,10.1374,0.1877,0.401,354.6474,12.9594,12.9145,106.9675,106.6872,0.0193,6.8454,6.4248,15.5322,1.8189,11.3303,3.8952
TCGA-CG-5733-01,36,9.959,23.9303,0.0076,0.7292,1.5616,0.109,10.6128,4.2506,1.568,6.0369,6.1784,8.9951,2.0569,4.7748,1.6343,0.5269,0.3403,4.3052,2.3044,3.6031,37.5587,1.8289,10.1637,11.0462,8.2609,13.9221,12.4494,2.1238,2.4409,9.3361,24.8438,1.2802,3.19,4.6708,2.395,0.4957,0,1.189,25.3036,90.6405,2.6853,9.8659,32.2882,82.3401,13.0682,3.2218,2.7543,9.4394,5.1771,6.0827,4.4785,5.2263,10.4494,2.7861,5.2979,7.731,3.9009,4.6495,0.1326,1.7659,3.2957,24.6179,2.1825,2.8142,25.2792,3.3828,4.1279,61.932,7.2365,1.8058,3.4587,5.752,1.7692,2.9071,54.7594,17.2364,6.0325,8.6303,6.6783,6.5549,0.2246,1.7183,4.8131,14.149,3.3334,3.1494,7.9721,26.279,2.3213,11.1238,9.4376,7.416,12.7667,1.0828,6.3027,12.5595,1.5971,5.6332,8.0506,0,9.3831,0.6441,0.6055,4.2987,6.3113,0.2447,3.1952,342.4748,3.5876,5.8152,33.6898,4.3861,16.4309,0.8574,0.5047,535.8234,20.1473,3.483,27.5065,2.9871,16.982,3.0854,1.5719,12.8193,2.0007,10.2438,29.2257,2.1783,25.5036,0.0282,1.022,0.2949,6.1942,1.6768,0.9363,2.5065,6.6668,2.3968,11.6399,0.3338,5.6884,14.7986,53.092,3.4685,4.133,17.0931,3.9137,41.4394,4.5844,12.9184,4.2734,1.3263,2.0795,3.523,5.4395,16.4674,0.982,2.5987,1.384,5.2251,0.2095,0.0179,0.0806,1.1624,1.0275,5.8269,13.2603,19.4274,17.3779,17.4625,9.8281,31.1347,48.8668,13.7595,42.101,6.6062,5.0351,24.1456,21.3399,2.186,11.0342,31.2221,27.7454,11.7377,7.8211,5.6386,1.5762,40.5368,2.3642,4.4362,4.9528,1.3979,0.0872,25.819,2.4019,3.692,0.9264,7.123,3.816,2.484,0.6232,0.068,0.6976,1.2282,18.2018,1.971,5.3166,99.1315,2.7414,4.3967,0.9609,2.6196,2.7679,43.8525,1.2595,2.1159,4.3608,73.0897,6.7204,2.9808,3.6713,1.0158,2.9447,2.312,11.2724,83.9845,1.2532,0.3885,12.5997,1.7122,1.2479,27.3408,2.2494,0.064,8.837,0.0102,29.4508,39.4181,5.0514,2.9488,4.401,1.5137,5.9675,17.991,3.1757,7.8339,26.1245,9.8045,6.8529,7.1045,0.5951,5.8732,19.0775,8.3687,0.3879,2.7866,1.1965,0.6681,0.6367,21.097,1.8136,13.1488,0.1496,69.3917,5.6084,0.5836,2661.1526,53.355,1.153,3.7525,0.2853,3.9547,1.191,0.0421,8.2184,2.0581,5.7811,5.9844,5.866,9.4602,112.8423,48.0021,1.7351,0.0849,21.1226,0.1256,2.7831,2.4093,7.2091,0.1785,0.2269,83.3937,0.2035,5.8369,0.0426,38.5881,0.0764,4.2696,3.1349,9.1351,0.4029,3.5501,2.731
TCGA-CG-5734-01,3.133333333,15.565,24.7116,0.0221,1.5555,2.3871,0.2627,8.8097,3.3145,0.7923,5.3659,12.5897,13.6764,1.4303,2.2032,1.9051,0.5369,0.2593,1.1907,1.3627,4.4487,88.0109,2.5127,23.8523,13.5347,9.3132,29.0184,15.0565,0.9843,3.1474,12.8524,25.3791,2.0759,3.0774,2.1753,5.2862,0.2497,0,0.794,123.1127,93.0235,4.1021,14.7971,59.1329,97.0901,9.4902,3.01,0.718,9.545,2.8946,2.647,5.1102,7.0489,10.4193,1.1443,5.4807,8.1229,6.8768,4.3103,0.1562,1.1238,2.7741,38.6727,2.3449,3.0303,29.665,3.3373,3.4736,62.5515,10.8434,0.0403,3.4945,4.8536,1.5835,2.6464,87.9373,9.0233,1.9491,9.0208,6.0584,7.1877,0.2532,3.1883,4.4572,13.9259,3.1764,3.0504,8.5736,26.5238,0.8615,6.1935,9.702,7.3013,14.295,1.18,6.6936,8.5131,1.3805,7.5696,9.5503,0.0272,10.1868,0.5294,0.304,4.3318,9.2833,0.2023,0.8797,420.7415,2.7699,5.5373,33.488,21.1245,31.6323,1.0009,0.7453,58.942,3.1696,4.3634,25.9534,1.7631,11.1778,2.8351,1.9853,10.1138,3.5263,9.605,10.1429,3.2594,22.6678,0.0058,1.0935,0.277,5.5292,1.5158,1.1922,4.819,8.8999,3.0069,11.52,0.5289,1.1631,2.371,76.4023,3.8117,2.6443,19.1783,2.7899,135.0135,5.7172,12.7303,3.8123,1.0301,0.7811,3.5241,4.4479,41.2394,0.6044,1.4592,1.2229,4.3787,0.1036,0.4594,0.3963,0.9108,0.6273,6.5567,52.1082,21.5383,17.942,19.7223,23.7554,81.0541,149.8118,21.1323,94.7693,0.4691,6.5378,38.8154,34.2128,1.7279,8.6006,7.4032,28.0526,21.0009,8.4648,4.9105,1.2836,42.7177,9.2569,6.8196,9.0913,2.4805,0.165,30.9712,4.7329,12.4127,1.0058,6.6829,7.7735,2.4181,0.3599,0.3629,0.5759,2.1813,32.647,1.515,7.8708,86.4931,1.6473,2.4451,1.2331,17.1704,3.5127,183.5527,0.7093,3.0231,4.1462,74.8466,6.9856,0.4834,4.2983,0.7915,3.1671,2.6135,14.5463,141.3715,1.5578,0.5162,14.2144,3.2794,0.8547,28.2057,14.132,0.0639,8.3229,0.0457,98.9611,357.5701,5.7804,3.6511,29.0862,5.568,1.8795,23.5588,2.9795,20.2657,30.9934,14.5018,14.4915,14.2464,1.7168,4.9485,14.3737,7.3092,0.5296,1.9347,1.3152,0.4481,0.9605,41.458,1.4828,22.1275,0.2,59.2277,0.3646,0.2788,1971.0359,83.93,1.0738,3.3803,0.2165,1.014,3.3806,0.0384,2.9043,1.4791,2.5851,9.5794,6.286,7.9113,285.1288,18.8542,1.252,0.0166,16.524,0.0093,3.8938,3.4675,4.3258,0.0699,0.2855,70.9796,3.0296,31.8024,0.0139,38.5037,0.0183,5.579,2.7611,18.4077,0.2871,5.7935,3.8697
TCGA-D7-5577-01,3.566666667,19.4183,36.4829,0.0383,1.0722,2.5705,0.0518,15.7931,7.7537,1.6681,6.2251,13.1445,14.415,0.9234,5.9959,1.9297,2.6584,1.3008,19.6251,3.7319,7.7803,106.3761,0.8711,119.5886,22.7099,12.1474,52.9771,20.9432,4.2067,1.7503,19.6997,48.801,7.4981,1.4164,4.6741,3.3416,0.2239,0,2.5704,35.8574,156.132,7.8695,17.2566,78.1543,62.3901,22.6608,6.6314,3.6327,19.6812,7.9996,0.7724,16.0276,3.3404,19.2267,5.1132,11.0979,13.2532,13.9102,9.3627,0.2568,6.8786,10.2921,64.4438,5.0809,4.6693,26.6397,8.8603,8.5614,185.6946,16.3011,0.0338,8.3573,4.5628,2.8804,6.2874,149.1135,8.7906,2.6423,11.4763,15.9963,29.395,0.0844,5.9305,8.7866,32.4297,2.9265,2.9994,17.4339,45.1072,1.0441,22.6975,12.4811,11.3495,21.1679,1.8747,15.8598,46.9603,2.7327,13.2655,8.5086,0,31.5161,2.2818,2.2536,10.8255,12.1236,1.1147,1.9502,521.9598,4.35,21.7921,89.922,5.0209,37.0102,1.5724,3.9201,7.1392,2.0179,10.0019,77.4676,4.4666,22.1152,4.9587,4.9677,21.3984,6.0764,19.0846,21.5074,2.464,31.5751,0.0045,0.594,0.1275,11.0113,5.9846,2.123,2.8863,25.593,4.4323,26.5048,0.2912,3.8715,0.8479,74.0707,4.5979,2.0854,28.7057,5.2467,57.0343,8.2825,20.9409,11.6568,1.4468,2.5128,8.9963,5.6529,65.8708,0.7694,2.4686,4.8864,6.7858,0.1377,0.0321,0.013,4.9157,3.1318,21.8383,11.1469,28.1362,35.2803,20.1588,12.2017,55.6567,107.5153,20.1638,60.4059,18.6846,10.4129,35.651,54.6854,3.5697,14.888,1.7772,46.5713,22.3249,9.6362,18.6834,2.358,44.2707,13.8074,29.9202,15.1809,2.3716,0.2279,24.3204,8.5069,9.0991,5.2898,15.1441,6.2095,7.1736,0.2703,0.0832,1.0358,3.8392,39.46,1.8221,8.1085,37.133,2.6071,8.2119,5.7121,0.8356,3.6022,78.3273,2.9675,3.3561,12.2081,78.2397,16.2906,4.186,6.4044,1.7614,22.8392,5.9964,14.5585,162.606,6.9902,0.8382,23.0628,3.5311,1.9751,71.9995,0.2257,0.177,12.5127,1.0771,95.2684,87.5754,8.7291,9.4598,29.6052,3.9049,3.7196,46.2202,7.1651,13.476,61.2478,28.7166,7.0684,18.9928,4.8816,20.0431,35.6673,15.7137,0.1608,2.3622,3.039,0.627,5.2359,23.5155,0.6839,29.6643,1.6034,46.2779,0.8054,1.0634,6877.8427,102.5254,1.9582,16.004,0.0335,1.6648,3.9481,0.0303,2.034,2.4786,10.7091,12.582,15.7268,21.4423,228.1547,38.5933,1.7129,0,32.8237,0.3842,0.081,3.7775,10.6303,0.7009,0.4389,268.5715,0.006,18.4601,0,56.3728,0.0492,7.9248,7.8993,15.745,1.4654,4.2098,3.8772
TCGA-D7-5578-01,6.766666667,23.9276,29.1123,0.0234,1.7399,2.8035,0.1055,23.2071,9.4989,1.1839,4.3615,18.4753,12.8438,1.6162,7.3044,3.1408,2.9961,1.1294,9.4651,3.3828,6.4459,103.8303,9.7494,95.5214,19.2028,18.6112,44.0456,18.2567,3.918,7.634,11.9366,37.4789,8.9076,2.6943,2.4593,9.1526,0.2523,0.0678,1.1073,51.4433,133.4537,13.7703,13.804,43.0629,106.6711,13.9352,2.0078,3.2188,17.537,5.2655,2.4036,13.5727,6.426,17.7151,5.3342,15.8935,14.3887,16.788,8.0149,0.1148,6.6642,10.4061,32.8614,3.7717,3.3016,16.3389,21.7898,6.5007,169.945,12.348,0.7047,3.0888,10.619,3.0975,7.8837,147.4036,10.1819,5.4484,11.6193,11.8253,14.0442,0.7648,18.7338,4.0818,27.281,4.43,5.5531,37.7171,36.5101,2.8784,15.265,11.0996,12.3722,23.4612,1.1319,14.3572,30.7469,3.719,12.0917,10.3692,0.0299,23.4065,2.3726,1.4659,8.2844,28.0012,0.6585,2.2346,550.9483,3.8908,11.0093,42.8848,60.5157,53.2646,5.46,1.0538,66.1376,7.5903,8.2011,85.081,7.1462,31.0428,3.0953,5.6028,17.4694,4.7504,19.868,20.9497,4.8995,55.6454,0.0051,1.9623,0.219,11.3528,5.6061,2.8405,6.3281,43.8802,7.1745,36.9153,1.2995,3.0264,3.9151,113.7083,4.9705,7.1803,64.1851,5.024,52.6776,4.6445,12.8508,4.5158,1.893,0.7718,10.0495,13.5606,112.0609,1.6016,2.7496,4.8972,4.6822,0.4659,0.0403,0.1182,4.1084,0.9027,37.3042,17.2801,21.6383,98.1601,23.8253,20.1167,65.6047,130.648,23.7247,58.4731,0.0989,11.976,54.125,40.3181,4.7293,18.3722,7.2469,25.0342,17.6625,14.4938,15.7621,2.7556,52.2305,26.1543,33.9771,11.0009,2.6781,0,22.273,12.5922,6.1056,4.3083,10.7987,6.0928,4.7668,1.9965,7.6256,1.1426,1.76,42.0208,2.0022,13.2951,40.6892,1.4539,5.7339,3.4521,16.2447,3.208,66.8805,2.4542,4.4528,14.0568,86.2598,11.9512,1.6027,7.1299,1.5871,14.3789,7.0779,12.5343,132.2679,3.9436,1.0742,29.431,2.5034,1.9394,57.361,11.8903,0.7186,18.5475,0.0837,49.9017,50.5826,6.9849,5.6991,9.69,24.4288,2.9218,36.9288,9.6731,10.6725,56.2169,42.5085,9.7135,4.7541,8.8964,29.7766,56.6377,11.2517,0.3418,3.2104,3.2121,2.485,4.187,10.4672,2.5592,26.3488,1.7043,113.187,2.0665,1.0294,2622.7121,83.078,1.999,6.1007,0.1197,1.5355,1.8811,0.0354,3.5686,2.4115,11.6826,15.1003,15.3857,26.4547,84.3286,33.4815,3.6011,0.0049,17.9473,0.2008,0.8019,4.0522,13.5033,1.6627,0.9542,114.3811,0.6411,75.5561,0.1604,65.8664,0.135,8.5781,8.8416,4.3529,0.7304,4.2031,5.7334
TCGA-D7-6518-01,2.766666667,27.154,40.0123,0.0352,2.1107,3.3514,0.9198,15.4518,9.1923,1.6009,7.1078,9.4304,17.4679,3.54,7.9401,2.6857,0.7353,0.4043,1.357,3.8035,5.6001,27.0933,13.8659,15.4127,29.5764,15.4311,34.8496,18.0726,3.6549,10.0237,15.8728,13.0952,1.7303,2.5264,7.6501,0.3762,0.1716,0.0213,1.7541,42.3769,119.8755,4.6265,20.1661,19.9428,49.4653,20.0589,3.0912,2.982,17.6391,3.1057,3.2148,10,5.7744,12.654,2.2293,10.8976,8.308,9.7508,6.4426,0.4318,2.7988,7.323,26.4523,3.6932,4.9874,16.3685,16.5497,12.236,94.1568,8.5632,0.3939,6.0133,11.1046,4.3991,10.2034,118.713,8.6364,12.6818,13.8356,12.8627,10.7646,1.4877,3.9211,5.8276,19.698,4.2496,4.5943,19.83,29.9687,7.0237,15.0094,18.206,15.6004,19.8243,0.9069,11.3859,29.109,2.3926,7.7456,8.4206,0.397,17.3206,0.8019,1.6921,13.4013,14.1353,0.2218,1.5743,378.5278,2.679,9.5446,26.8079,39.7716,20.1577,1.4901,0.892,69.0878,5.9909,4.5782,56.6791,4.8985,25.4315,7.0491,2.4236,16.7198,2.8282,13.4684,14.4196,18.1895,13.7864,0.0644,4.4784,0.5177,11.8424,1.3473,1.8669,20.3437,2.6599,4.7112,10.7141,1.9588,2.1487,3.0106,84.6093,4.962,11.641,36.281,6.1287,66.8103,4.7627,19.5667,4.4653,1.3951,3.4569,5.4375,4.5387,21.1577,3.552,1.4523,1.9341,4.7562,0.1101,0.196,0.1359,1.7189,1.1338,71.4114,17.798,40.656,31.8912,17.6918,21.9342,28.3375,51.597,11.1671,40.9243,5.3905,9.3883,22.9595,49.1338,5.1472,5.4378,5.5715,37.8823,9.2523,13.4645,9.327,9.5251,52.2302,2.2414,9.3432,30.5669,5.4445,0.2247,20.1452,5.9434,8.4696,1.3826,13.4689,4.5684,3.5185,3.9949,3.2723,1.3421,1.3948,17.5955,3.2501,6.6662,59.6545,4.0267,3.3249,2.0608,132.8204,2.3203,52.6688,1.9727,3.3058,10.7241,62.8344,10.1875,1.6121,4.2911,1.3611,4.6543,2.3887,4.1847,129.0639,1.2463,0.5381,19.7213,1.3517,2.0074,34.0688,6.4,0.0569,9.6035,0.5944,45.8543,29.9394,7.3239,5.1597,9.4597,8.9935,3.6166,24.5602,3.5342,12.6176,26.6675,10.9958,9.6763,1.8603,3.4134,58.2392,29.0409,6.9364,1.022,3.8356,2.7375,0.789,0.9504,8.9469,5.3872,9.4719,0.4542,71.8047,1.0104,0.5051,1334.0127,65.6756,1.9055,5.7843,1.2762,1.4392,2.0904,0,2.6767,6.2101,7.5174,10.4863,9.23,27.8851,51.1339,16.6298,4.2461,0.0282,18.8234,0.1198,0.1891,3.1132,7.3467,0.9052,9.6403,59.1578,0.025,56.4649,0.0735,33.1711,0.2703,5.4758,6.7113,5.5714,0.8628,2.8847,2.4286
TCGA-D7-6519-01,1.666666667,15.941,36.248,0.0455,1.1086,4.103,0.3568,13.6404,13.0025,3.0056,8.1682,16.8557,14.1308,0.757,5.6264,1.6783,1.6714,1.7404,18.7316,3.626,8.4614,66.6961,0.6876,7.0019,21.4004,10.2387,31.2932,17.6919,5.7432,7.0361,14.0639,66.1065,4.4532,3.7848,39.047,8.0895,0.3963,0.7635,0.5274,51.4724,144.8408,7.2634,29.2124,36.1542,58.563,9.6611,1.403,1.4721,41.1574,10.0195,0.8017,15.4581,46.1651,15.9768,3.1139,12.4518,18.2578,18.9488,6.537,0.1148,6.3166,10.4373,37.4262,4.1683,4.9651,19.8746,5.8225,16.7638,176.369,13.5253,0.0188,4.2927,3.9091,5.9017,5.2815,132.4913,5.4945,1.6275,16.9115,17.6682,12.91,0.9994,12.5986,6.1433,50.7356,4.118,3.5327,25.4888,37.3758,8.75,5.1194,10.0684,15.6055,43.1727,2.8495,5.3716,42.4593,2.3405,7.121,19.529,0.0116,27.3114,2.8847,2.1416,18.7749,17.7854,0.8352,0.736,659.2521,9.0466,14.5032,44.6797,4.4379,13.0453,9.3315,0.3837,1.5265,0.7799,7.4713,127.2867,4.2523,10.1594,10.2571,3.3569,7.7969,1.7025,13.3921,35.9151,2.0181,64.0794,0.4265,0.9087,0.095,9.8897,6.9716,1.4132,9.2518,15.2996,5.7812,21.2506,0.383,1.3224,0.145,40.1562,3.7911,1.4367,73.4309,6.2099,114.3582,9.3112,16.1757,84.5661,2.3727,0.7798,4.6265,5.5703,47.7109,2.8513,0.1878,5.8236,10.0773,0.1292,0.3898,0.1013,4.4011,0.4033,18.3217,9.5338,53.1992,52.2053,37.4594,13.4741,49.9615,55.2769,17.5524,66.6313,37.5795,7.3619,49.0532,41.5047,6.8483,8.6348,0.4104,49.2155,12.5068,9.6174,15.9729,4.8971,47.5747,16.8942,25.7298,7.6125,4.5955,0.262,21.5354,7.7771,2.1867,5.3224,10.4501,13.3753,6.919,0.6945,0.3213,0.6745,4.5442,28.0664,0.5912,6.31,22.47,8.9105,4.592,11.0379,11.8065,7.2702,88.9161,3.6119,4.3994,9.5611,33.1782,32.3784,0.9094,10.9901,1.8096,9.4645,9.3567,38.2472,139.674,3.1419,0.7021,27.5913,2.8205,3.6553,71.9357,4.1192,0.0292,5.9076,0.1317,80.8695,49.7541,11.2185,9.6316,18.1607,7.8572,15.77,40.6641,5.1229,11.4581,56.917,13.2969,4.4831,0.0642,7.1681,15.7183,36.1104,12.9406,0.2599,4.2934,2.7306,1.2587,3.0271,14.8195,0.6119,10.1755,1.1574,41.491,0.7474,24.3116,903.7114,136.9267,2.0902,14.7025,0.1632,0.3343,4.6957,0.0248,3.6699,3.7274,12.6155,11.1534,15.0262,44.9095,144.4889,26.3993,2.4712,0.0047,21.3282,0.0158,1.1837,1.3934,6.6043,0.1915,0.2706,93.1358,0.6715,34.3574,0.0399,113.2259,1.0691,6.7372,5.8103,15.8253,0.8512,8.723,3.4572
TCGA-D7-6520-01,1.9,18.0163,38.7684,0.0233,1.1961,2.1209,0.8076,30.9355,17.7281,1.0277,6.018,21.7901,14.6712,0.7319,10.1986,3.151,1.2577,0.5599,0.9874,2.98,8.1277,235.1325,0.3591,218.0016,28.0142,21.1161,85.7337,25.3318,6.4536,7.3487,21.395,85.6047,3.3023,1.3158,30.6182,30.2724,0.0385,0.0066,0.8013,36.4429,65.1149,16.7583,10.1526,58.5565,138.1024,42.7162,1.7113,2.3343,19.7778,4.3666,0.5994,16.1474,5.8533,15.0084,5.8098,13.9727,17.3817,18.2972,8.3852,0.4229,6.524,8.3882,55.3757,4.8864,7.1565,20.9623,13.2201,16.4473,74.3153,23.7228,0.0102,3.5244,8.6811,4.8553,8.4394,131.7192,5.9193,6.8239,18.9587,14.3048,14.6071,0.2288,9.2708,4.994,23.5365,5.7079,5.9381,4.3757,44.903,13.7036,12.0373,12.7138,11.2766,23.5499,1.8984,12.3363,11.5306,0.7261,10.3713,13.4478,0.0055,18.6903,1.5882,2.7121,7.7996,12.1796,0.3852,0.9036,519.3478,10.1678,10.1813,80.1735,8.7776,28.6811,5.2342,0.4152,5.02,1.179,8.915,93.2246,1.9118,11.9367,4.6136,4.5187,12.6958,2.6547,19.5309,10.0248,6.4812,76.7206,0.0082,1.0175,0.0723,13.8794,3.9869,1.5568,7.2193,53.2199,9.6799,27.6927,0.3549,1.0758,0.4907,57.0506,6.4092,3.6609,28.2557,5.1417,40.3584,5.6534,35.3145,7.9223,0.8519,1.4226,9.7914,8.939,10.7986,1.6945,0.5086,3.5549,7.7951,0.0935,0.1333,0.1997,4.4538,1.1288,46.9193,6.9873,39.4181,48.6697,33.5552,34.1995,22.145,89.2698,16.9877,55.6751,3.0471,11.0896,86.3126,78.9829,5.869,2.2187,1.6272,41.5862,22.7366,14.0276,13.2051,3.0711,38.7092,9.5622,6.3652,33.4889,7.3608,0.1403,27.7422,5.3542,5.3278,2.9232,21.5325,3.8641,4.8589,5.0722,0.1828,1.185,3.0029,25.839,1.6783,10.9985,30.0204,1.4842,10.9202,4.3225,2.8103,4.5101,73.2454,2.2774,3.7232,16.3522,126.8784,29.7533,1.191,8.719,2.4759,8.3319,4.0459,30.3561,150.4969,2.1381,0.8935,25.9993,3.4818,1.4758,67.6276,0.4858,0.0121,37.8979,0.1213,145.3797,114.0022,8.2351,3.657,21.8947,1.7349,4.1659,37.5931,4.6759,13.5849,42.3433,6.142,2.8119,7.1059,1.7485,37.8611,60.666,14.9787,0.4655,3.2274,6.2452,1.0293,2.7023,20.5918,1.2258,34.9284,0.8222,49.0066,0.4773,0.2281,1320.8341,97.4287,2.2785,9.6217,0.1351,0.3594,1.4708,0.0343,1.3504,3.7607,11.1503,9.0067,14.4006,34.3456,115.4383,34.7454,2.3565,0.3434,25.3032,0.0669,5.2941,8.239,15.1926,1.4194,0.0329,572.7292,3.6461,67.5404,21.6234,115.0399,0.4493,8.0265,4.6536,9.4779,1.4851,3.5583,2.6451
TCGA-D7-6521-01,2.366666667,21.4441,37.2986,0.1672,1.4576,2.3411,0.4124,11.6474,7.8107,2.3101,9.3259,14.7074,20.7122,2.5226,10.5713,3.0502,1.7893,0.472,6.8053,3.6217,6.7712,151.5209,7.4187,55.6656,23.5813,17.1685,34.4526,18.197,3.9912,7.2992,19.4607,35.9984,2.3334,1.9903,22.6775,25.0385,0.3574,0.0446,1.8984,43.0764,71.3513,8.6552,13.3796,60.9552,60.1228,28.3862,2.8516,4.1314,16.7703,6.0327,3.5363,8.7428,8.4456,17.9093,4.9793,12.9332,9.3607,67.7485,6.2585,0.2527,4.9956,7.7431,28.6012,4.8262,4.988,26.5135,11.0666,12.5104,72.1522,12.944,2.0501,4.9556,7.68,5.6838,7.757,124.5293,9.0194,2.7002,11.4556,20.7669,14.867,0.6456,5.5913,6.793,30.5354,3.7009,3.5886,24.5839,41.1475,3.4823,11.6737,13.6597,15.2457,25.2437,1.3612,18.4704,12.7026,2.196,6.2611,10.14,0.186,22.5242,2.3215,1.385,15.0304,15.977,0.4535,3.9279,635.895,5.9498,16.2501,30.4963,9.2467,29.3328,3.4917,0.8401,63.4671,9.207,7.235,58.1929,8.4596,18.2021,7.0311,3.7747,21.6364,8.7116,19.5254,46.3641,12.5643,43.3673,0.0443,2.6519,0.3241,12.955,3.1138,1.9197,8.4283,47.0839,4.0957,18.6497,1.2769,5.6256,1.5746,65.382,6.5482,8.6332,42.2653,4.9675,90.1315,4.8132,31.398,6.1035,1.7997,4.4302,8.9687,7.2811,20.7375,1.0265,4.1088,2.9267,5.9386,0.3564,0.2256,0.2045,4.1658,1.3707,47.7023,13.7908,42.9241,32.5056,24.3273,22.9062,30.1364,82.0834,24.6188,46.4719,10.6358,9.8702,39.8229,84.0048,4.1644,14.9568,7.123,47.4769,12.5541,15.7222,13.0993,3.6752,55.6617,6.3052,3.0496,17.4861,3.2553,0.1302,36.0284,5.5294,5.3247,2.0314,22.1264,8.1214,3.2805,2.8215,1.6702,1.3364,2.9698,31.3451,5.4851,13.0527,37.3232,3.791,4.5145,1.3187,12.4914,6.0942,96.1284,2.4639,3.3375,8.3881,81.3843,12.0891,2.2986,7.3727,2.2563,7.8921,4.1259,5.6702,185.1066,2.7421,0.7362,23.1871,3.2831,2.1544,37.428,0.9993,0.0379,14.9385,0.0916,96.5368,37.5872,8.9548,4.7664,20.5303,13.7437,8.4259,25.5812,2.6614,15.8495,44.4548,21.4176,12.5999,8.5564,1.0846,33.7556,58.0403,12.9795,0.5629,5.0422,3.6862,1.0139,1.7287,21.6297,4.4002,33.2673,0.58,67.6866,5.5389,0.9174,2243.9251,86.2549,1.9399,7.0158,1.0514,2.6655,1.4592,0,1.5763,4.8376,11.6768,8.8813,12.2647,16.9187,177.3729,28.6434,2.1218,0.0087,23.2471,0.3028,0.6956,6.6605,12.1208,0.6333,2.2801,231.0343,1.4716,34.8176,57.5416,48.7027,0.07,7.5078,3.7962,9.9674,0.5532,5.3199,6.5623
TCGA-D7-6522-01,2.066666667,25.9804,37.9392,0.0444,1.5934,2.1447,0.5274,20.1298,7.5779,2.1867,5.8796,11.4725,20.6842,4.0756,7.2591,2.175,0.9354,0.4393,10.6304,3.9144,4.5633,33.531,4.6011,33.5151,27.2428,17.0336,31.582,23.0865,3.1865,3.7338,16.2664,20.0069,2.2491,1.6868,0.6514,2.5724,1.0667,0.1309,5.0099,42.4701,107.6725,5.3546,14.8478,18.6543,126.7611,20.7991,3.2534,8.5102,15.796,3.0733,5.2136,8.8305,4.215,17.5485,5.226,13.9309,12.2316,4.733,8.1523,0.166,3.449,6.3807,38.5569,2.5501,6.1358,15.5705,18.6134,18.0906,116.1533,9.1278,8.7805,4.6713,12.5862,2.8856,5.905,100.6135,7.9643,6.2814,13.8705,8.84,9.5242,1.2272,6.7613,6.407,20.5506,4.3817,4.1486,16.8041,48.679,7.0157,27.2561,11.0883,9.6768,18.4696,1.4022,25.1202,24.861,2.3909,6.7013,9.9347,0.0504,19.1484,1.3002,1.3894,10.054,14.3284,0.2845,7.8463,518.4266,4.6245,10.5155,43.1459,36.4956,36.227,1.9572,1.3138,274.8991,56.5753,5.9269,67.2694,2.9295,22.0497,6.2075,4.4229,73.4437,12.8562,14.7601,85.0753,13.4774,13.3074,0.0099,3.6623,0.435,11.6497,3.9698,1.7789,16.5041,2.2646,5.499,18.7627,1.708,11.9073,4.0182,82.6411,4.5788,6.5084,31.279,6.2664,68.6927,4.6861,17.8616,5.3359,1.2484,2.4952,5.6425,6.4335,36.17,3.8397,1.4681,2.8388,4.923,0.5687,0.4748,0.552,1.9915,4.0961,86.666,28.9537,30.6706,26.4627,19.6474,28.0663,39.1183,81.1834,14.7987,57.159,0.0608,9.7037,19.551,50.6621,7.1192,18.2561,5.6579,59.6925,17.754,13.2864,9.1797,4.7441,54.1823,5.8482,11.4341,31.523,3.5001,0.087,34.4271,3.724,7.7639,1.8264,12.4906,5.3585,4.4344,3.1112,0.6626,1.0235,3.5083,26.3038,1.9514,6.3619,103.2289,4.5156,7.8632,1.4116,10.5846,2.1517,72.4697,1.9055,3.0419,6.3403,108.1632,10.1966,6.7873,4.2706,1.6083,9.7812,3.9781,3.9831,105.03,2.8164,0.7733,22.9919,3.1827,1.353,22.6236,3.0641,0.4983,6.9618,0.5029,38.4083,63.8989,5.3168,3.8418,6.5739,6.1321,4.8348,33.0351,6.209,10.767,30.333,17.9948,19.7347,6.4174,3.5849,45.6543,39.3807,3.9763,0.5352,3.2106,3.4416,0.8173,1.9739,13.0277,4.324,7.6306,0.4962,80.7445,20.3624,3.1349,6804.2848,59.5793,1.8966,4.7247,0.4197,4.041,2.0537,0.0196,1.7224,5.3999,7.9021,12.7597,7.622,19.5015,84.0504,12.721,2.9196,0,24.2304,1.2641,1.8614,6.4362,6.6075,0.8106,0.3774,23.8892,0.5026,40.7717,0.4983,24.4893,0.0666,7.0162,4.4863,10.8905,0.8773,3.5602,3.5836
TCGA-D7-6524-01,2.933333333,30.1497,43.6162,0.0255,1.4765,4.0019,0.8069,19.9554,8.4496,2.5905,9.2819,15.8223,21.7552,1.6014,6.4577,3.3298,2.1801,0.7846,8.0332,6.1063,7.8998,55.2178,3.0035,20.1914,25.0556,15.5923,45.5026,20.458,3.6932,7.2224,18.5327,45.3548,3.7792,2.3895,11.1743,5.7908,0.1839,0.0265,0.7966,44.3669,89.7946,5.9283,15.2775,45.2188,104.2796,33.7164,7.4455,4.42,16.9339,4.1417,2.2845,8.6808,11.6011,18.426,3.6993,10.9163,11.2049,18.8885,9.6186,0.1812,4.9894,9.0081,46.4672,5.4037,7.1257,21.2544,21.5905,16.555,99.69,19.7871,1.5392,8.0527,23.5688,6.1316,7.8411,122.4218,19.6083,6.8194,17.8023,18.8834,18.5871,0.6563,5.6821,8.5511,35.8838,5.9687,5.8226,20.1876,31.4293,8.8112,9.1132,12.7483,13.8222,21.415,2.4915,50.3045,28.8723,3.089,7.0886,14.0974,0,16.9812,2.6751,1.8575,9.5974,13.8836,0.5705,1.5336,520.8121,6.3142,16.7745,51.322,20.3261,23.1954,3.8399,1.9742,4.1227,1.8542,7.8213,46.9451,6.9138,14.4552,4.3744,3.6944,19.4952,32.7925,17.8504,40.631,13.9535,29.6792,0.0032,4.289,0.1593,12.2751,4.4127,2.2419,11.2932,40.6193,6.2381,23.5605,2.9486,2.455,0.5208,56.2593,6.4088,15.7488,28.2321,6.3573,51.1241,9.9115,29.8302,10.2096,1.8981,3.3868,9.3092,5.595,27.5815,3.1025,3.201,3.8443,8.4276,0.2773,0.0816,0.1734,3.6757,1.3473,128.4427,14.158,48.2487,55.0056,27.5238,22.2552,40.588,56.6552,14.4227,48.4714,0.0845,9.7277,35.4772,64.8522,5.959,12.0821,2.1663,52.8785,12.484,14.7804,17.9478,8.1825,36.8147,7.334,10.9455,21.8967,3.2384,0.5271,26.8506,6.9441,7.4761,3.1631,15.6174,8.2922,4.2225,3.0726,0.8574,1.4475,4.4552,25.7793,4.424,11.4921,53.0164,6.6243,7.9577,2.7328,3.6212,4.1006,107.5347,3.1794,4.8203,18.1828,146.5012,19.1242,0.6933,8.2584,2.2743,7.7939,4.6808,9.7331,139.5223,3.6406,0.5118,20.3954,4.0615,2.7991,54.7339,5.2746,0.0452,10.4479,0.0108,58.944,88.5435,9.9588,7.4218,19.128,12.2361,6.2569,35.3368,5.3792,18.348,45.0032,50.2845,8.0854,17.8437,5.2498,110.9849,34.9221,16.3053,0.3672,2.8109,3.612,1.2606,2.3456,19.1785,7.0224,20.9514,0.889,84.555,0.926,0.5986,1197.4837,135.1715,2.1797,7.5353,0.0702,1.4194,3.0948,0.0164,2.4286,6.2958,8.1145,10.9918,15.6993,33.3598,213.3965,21.6208,3.238,0.0034,22.1601,0.0767,0.2179,4.494,8.9679,0.3494,1.7419,134.1798,0.446,63.1886,0.0361,91.3638,0.2432,8.9387,5.5792,9.6736,2.0486,6.9923,5.1704
TCGA-D7-6525-01,4.466666667,13.3653,35.7339,0.0104,0.9442,1.9285,0.1492,18.5742,14.1448,1.9327,5.8302,18.4867,13.6341,0.8914,4.2606,5.725,3.7042,0.7018,4.7773,3.3697,5.1915,125.5047,48.451,4.3269,15.5821,15.2042,27.1532,20.4703,6.4415,17.2816,8.5265,65.7365,5.3289,1.6403,4.0385,38.7446,0.0158,0.0031,3.946,20.6303,58.3214,19.0146,16.729,23.7661,46.3365,17.5019,1.0354,2.8456,16.1917,3.6977,1.1726,11.4779,6.6166,37.8873,5.8317,9.6267,20.2816,137.7622,7.8375,0.1048,8.4993,12.1026,25.4832,7.1765,9.6873,15.9371,7.2126,16.6618,206.7613,16.2879,0.0534,3.7175,7.3337,5.7099,2.536,125.0315,5.0113,1.156,12.991,21.7288,7.9938,0.1172,4.6288,5.3632,37.2916,2.2177,2.2846,9.3549,63.8698,1.917,3.9115,15.7484,14.0081,13.4134,1.333,9.012,3.3181,2.9712,5.2203,6.8091,0.0995,21.8725,2.4132,2.1718,8.9445,9.5147,0.8995,0.9131,612.9665,8.6297,14.8977,83.67,4.3103,34.2778,10.4024,1.8533,2.1003,0.5403,10.1128,97.496,9.0943,30.2488,4.8216,6.6249,11.1209,3.6854,15.9679,18.2266,3.6494,48.9459,0.0158,0.6581,0.1098,10.941,7.7081,1.5753,5.5151,16.8022,4.8033,40.5579,0.2801,0.6424,0.1884,66.3261,4.6964,2.0973,17.7583,6.6305,42.6372,4.3979,74.9703,5.8132,1.1457,2.4496,10.7257,7.0837,57.0631,0.2664,1.7287,6.3013,7.1813,0.0441,0.031,0.0219,4.4075,1.1168,32.6155,23.7816,49.778,55.3136,16.2434,24.0334,27.8235,83.9464,15.7703,55.7453,8.7289,10.47,60.5225,46.6656,5.0759,1.7308,0.4624,71.8499,15.5977,13.8871,17.6199,2.4513,50.4233,22.474,21.0449,75.1475,3.325,0.152,12.9132,5.3259,9.5686,7.1411,36.4047,3.4105,4.8806,0.5295,0.1285,1.1373,1.4101,26.7793,1.4981,10.1857,30.0857,8.997,4.6348,18.237,13.713,4.8672,84.7822,3.4596,3.8669,18.649,82.085,16.2078,2.7848,9.44,2.3004,11.4897,8.9875,15.7347,116.8829,3.7767,1.3348,31.0624,1.605,3.3361,29.3166,0.4525,0.1762,12.4605,0.7526,116.2874,78.5939,6.9125,2.9996,81.4282,8.483,2.3279,51.3571,8.0157,14.0818,61.2199,15.7614,6.5496,19.7134,0.6116,31.076,50.0607,12.3135,0.1561,5.4149,7.0713,1.2538,4.8607,3.6699,0.573,45.4697,0.7496,9.5816,2.0993,0.9904,1488.9349,103.4622,1.9279,11.9337,0.1547,0.4436,5.4153,0.0044,3.2222,1.566,7.6365,9.2866,10.4396,31.8197,358.4957,5.8346,1.6633,0.0086,17.7039,0.0437,0.7931,6.7167,6.8145,0.286,0.5503,115.4366,0.1049,22.7762,0.0615,214.3942,0.0836,7.5141,7.7155,8.2589,0.1671,4.3555,4.1713
TCGA-D7-6526-01,5.933333333,22.0272,60.495,0.0027,1.7545,3.6482,0.1112,19.7356,13.5152,3.8994,6.2737,44.5529,20.4513,0.3705,11.7024,1.9988,8.3778,4.8632,17.6437,8.0433,13.4599,90.5769,24.9446,22.1286,27.0838,24.7768,66.0771,23.0446,4.6224,10.021,30.5889,145.7831,5.2311,3.1554,9.2321,8.7424,0.0573,0.0421,0.8605,113.1807,98.0713,11.7402,8.805,74.4642,63.6237,13.0621,1.5274,2.0128,27.4469,7.5011,0.5179,37.2863,10.0397,19.9798,5.001,15.0968,21.2259,452.3486,9.7416,0.1646,8.342,13.3255,49.4886,7.6137,10.7237,13.8584,15.6912,20.5488,124.5054,12.6009,0.1268,8.7198,5.2107,4.3491,3.9995,96.225,3.2838,3.0657,12.7524,26.6849,10.0749,0.1422,12.5596,11.6239,33.3492,3.5981,3.1283,29.9196,27.8501,3.4902,5.6141,16.0924,15.9818,19.114,1.4036,9.2387,8.0694,3.2833,5.5626,11.6247,0.0307,47.7624,4.2654,3.4374,8.4122,19.2133,0.6609,0.4057,375.2218,7.9457,13.7454,45.9393,12.7209,27.3151,60.1714,0.2719,2.1151,0.5337,23.6942,89.788,15.6619,17.9834,1.7981,15.722,5.3321,3.9424,22.1258,23.6146,4.1557,66.5744,0.0183,0.5275,0.0246,16.2217,8.0561,3.4054,5.3458,60.4608,5.741,33.9709,0.3992,0.6683,0.3245,51.9772,6.0508,2.343,27.723,11.2143,48.7111,8.3917,25.9257,5.9688,2.8775,0.6044,9.2691,7.1266,143.7108,4.722,0.1534,5.9289,3.9129,0.0608,3.3993,0.003,7.7628,0.307,12.5983,13.8583,17.7544,86.4948,22.0662,47.2714,47.7445,53.648,17.6339,78.2074,7.8219,13.756,62.6876,85.1723,3.6995,12.5226,3.3991,50.5673,6.9673,20.1294,27.0154,2.0452,56.3915,22.8239,21.2182,4.6395,7.0859,0.2395,16.4166,16.4056,6.4032,6.0763,18.2598,10.933,10.4987,0.8275,0.1537,2.3631,4.5842,59.0064,1.8947,11.1587,10.1934,1.1207,13.15,4.5526,1.3459,3.8186,103.6994,12.0676,2.9395,19.2814,36.2244,24.4336,0.3028,9.7894,2.7987,17.017,8.3215,15.1185,149.8535,7.5378,1.7779,20.134,3.5419,3.111,69.0408,11.8329,3.4527,26.8559,2.3687,44.7641,69.9737,11.0252,9.0777,18.3372,75.193,4.4355,50.2809,28.746,12.7749,50.3588,14.5422,1.7644,8.5953,7.6123,18.0033,80.3228,36.3193,0.1089,3.4533,5.0071,2.0491,4.9962,3.833,0.8353,33.6459,1.1748,36.8428,7.0874,0.6858,449.4596,80.7554,2.218,7.4048,0.1244,0.2269,2.1017,0.1838,3.5535,1.3954,17.4965,6.3512,25.4386,45.6428,180.4764,53.3534,2.587,0.0082,16.1425,0.3353,4.0046,3.1892,14.8086,0.1473,0.0451,43.7463,3.1738,107.0407,19.2697,75.8029,0.0321,5.3014,7.4787,2.8346,30.8491,5.3086,15.2742
TCGA-D7-6527-01,6.5,12.8428,46.9364,0.0029,1.5865,0.7006,0.0859,12.3003,8.6835,0.9933,4.837,14.195,17.4892,0.4165,9.7951,2.3431,2.9815,0.8675,11.0395,1.3711,7.5632,111.9228,4.8242,37.419,12.5577,13.3881,44.4747,25.4897,2.3986,4.4039,11.8314,39.7795,3.9573,1.9427,1.9141,7.4333,0.0809,0.2247,0.622,55.1231,98.1579,8.4645,12.6691,64.6012,69.9792,13.3326,1.7965,0.8964,15.9909,5.7871,3.8977,6.2248,8.6639,10.6243,3.3669,8.8211,13.2306,7.3062,12.2241,0.2661,4.9898,10.2781,66.9087,3.981,4.6264,14.8766,8.572,12.2717,61.4505,10.0989,0.0686,6.198,8.3636,3.4014,2.9578,69.8221,3.1002,4.1632,8.0405,14.7653,19.8568,1.2863,3.8761,6.0104,28.6698,4.051,6.6813,11.2668,35.3881,11.3179,7.2769,13.4142,9.2305,18.0907,0.617,10.3578,15.3348,2.3996,7.0933,8.4502,0.0583,9.3428,1.1826,3.8983,3.0382,9.2297,0.5462,0.8078,610.7148,2.9789,7.1838,21.0341,5.1863,28.614,20.7232,0.4239,31.4972,2.3689,7.5875,51.3216,5.2418,19.1719,7.0871,6.0996,25.427,3.7227,15.4679,28.456,3.5539,92.0571,0.003,1.2429,0.0866,7.3496,3.1897,2.0604,7.5957,24.6451,5.0065,22.2871,0.6299,1.1916,1.4319,58.8462,4.821,7.6595,26.8562,3.3445,63.6642,5.9365,18.1977,8.0066,1.1381,0.5864,5.6751,8.941,22.1745,0.4231,5.0449,2.2032,6.263,0.1485,0.0557,0.03,1.726,0.5709,19.2339,14.776,35.2441,32.7971,34.983,10.4566,36.0606,57.7847,27.3237,39.7615,0.0882,5.664,35.0894,38.5035,3.3079,6.465,22.9596,100.269,7.0007,13.9569,15.4285,2.0069,44.0464,17.4078,17.3155,6.7416,3.9622,0.0246,28.9692,3.7807,2.6074,1.8492,10.2081,3.8146,3.149,1.2025,0.2459,1.0843,0.7531,47.697,2.2248,8.3375,18.0012,0.6344,13.7444,1.536,27.9918,4.5566,54.3397,2.0753,3.2471,6.332,68.1992,11.0755,0.3642,5.7773,1.8,6.9911,6.0587,9.0261,89.2976,5.3944,0.4766,28.629,2.5269,2.1224,85.2751,1.4153,1.1414,17.7151,0.0273,50.8973,21.1009,7.5916,6.0466,4.6437,24.5868,9.0197,25.4616,13.9349,9.2454,46.4029,20.1356,2.1503,10.3229,3.0194,14.3459,63.9014,62.7,0.3579,4.3967,2.6499,1.1511,2.5865,17.6761,2.3946,28.4383,1.6375,73.4995,0.3481,0.3852,1533.7794,61.536,2.0941,4.9204,0.0305,0.5543,1.5107,0,3.0966,1.6384,100.6539,6.1642,16.894,25.9283,165.2184,112.1319,2.5284,0.052,17.7539,0.0415,1.9243,4.2322,11.9421,0.2073,0.4165,120.5903,10.8616,44.558,8.4491,113.683,0.2029,4.6034,3.7005,8.8594,0.3127,6.0459,4.659
TCGA-D7-6528-01,10.13333333,32.4502,64.557,0.0039,3.1308,1.872,0.0474,19.6972,19.0691,3.0412,10.0686,35.1252,19.4262,0.9452,11.087,2.7743,7.87,1.8799,1.3788,7.6013,7.9206,77.0877,50.5318,22.8216,21.5486,16.8518,94.2456,18.2873,2.6091,12.8771,18.6635,29.9602,15.5256,1.1488,8.7084,1.7917,0.019,0.0298,0.2634,57.7297,72.6726,16.9175,19.8137,14.8452,212.6305,17.2438,4.5839,0.904,45.3216,8.437,0.1583,14.4153,6.4038,32.208,7.6715,10.8601,17.8734,37.3955,9.9357,0.1934,12.1917,13.6278,45.5927,4.5434,11.8538,19.5005,27.9029,1.3447,166.3936,9.3064,0.0177,5.4094,2.6017,3.8561,3.6004,88.6203,2.4614,10.2042,6.1829,15.9334,13.5363,0.5142,46.0521,7.5206,22.3222,7.405,7.0766,28.1432,30.5953,0.5283,11.4938,14.0206,36.4105,25.1167,0.5068,10.7659,35.7657,4.0654,10.5975,13.0553,0.1107,21.7338,4.8314,2.3242,7.3933,20.7272,1.2509,0.1958,780.6203,6.2762,17.4916,53.9413,1.7992,57.0255,93.2153,3.111,1.3055,0.2662,12.4108,78.7395,8.9695,14.0569,6.4927,28.4474,2.7218,0.8627,18.9543,5.1312,1.3629,45.4901,0.0118,0.4862,0.052,11.0074,12.0775,5.2302,1.5892,40.3644,3.2995,19.0202,0.0436,0.3058,0.1183,82.4983,5.1088,3.4396,41.2151,9.611,73.0467,4.8605,38.5224,5.002,1.4214,0.1525,14.8764,10.4512,80.6957,4.5667,0.9322,4.5855,3.5609,0.019,0.325,0.0406,6.0643,0.7622,12.6468,14.9894,18.5052,72.1212,16.055,12.5862,45.1732,66.8948,11.6819,83.8446,3.1718,21.3643,67.0075,39.5283,2.929,27.4691,0.8363,23.3374,10.8381,14.262,20.8092,1.3553,46.017,43.2003,32.1131,3.0849,5.8561,0.3546,15.2632,8.4277,5.234,10.0426,25.4904,11.9356,7.9507,0.262,6.118,1.4747,0.4079,43.2787,2.915,8.5443,17.2475,8.2323,3.6017,2.297,18.9353,4.6041,56.9552,8.0536,2.9829,19.4174,26.4266,11.832,0.2689,11.4845,5.0519,11.5973,13.0644,8.3306,151.8468,11.6514,1.2509,34.4736,2.6247,2.6193,96.9602,10.4167,1.122,13.5802,0.024,104.7601,31.3291,6.6013,7.3528,16.2907,40.1854,7.1676,49.0471,19.6002,12.7751,57.4574,34.2912,1.5842,15.8731,14.9971,19.9623,55.6736,9.6617,0.0835,8.7061,5.7879,1.0791,9.0491,3.2583,0.4746,147.6474,4.9018,19.9832,0.0887,0.3693,926.861,95.2517,3.0222,10.1624,0.0278,0.147,6.4377,0.0433,4.0681,0.7599,11.442,22.0856,23.7786,38.1237,190.9066,24.7076,2.9362,0.018,14.8536,0.0665,0.6411,3.3953,8.9449,11.0655,0.1134,96.214,0.0254,128.661,0.0362,47.5426,0.1046,7.4248,12.7035,9.3237,0.0903,5.4856,7.6728
TCGA-D7-6815-01,4.066666667,19.7042,31.7678,0.0064,1.559,2.8595,0.2203,19.9442,12.4789,2.8309,4.355,22.9587,24.4737,0.7517,7.1909,5.5619,5.3466,1.8962,13.3573,4.5625,10.1794,222.6427,0.3467,42.8826,20.8966,19.9145,83.2249,32.5693,4.533,9.998,26.9081,307.2012,5.5202,1.7792,4.2819,6.4031,0.1242,0.6631,0.4942,52.0922,77.8843,11.1958,9.764,102.4261,165.1228,28.1105,6.0166,1.4669,22.2339,7.8487,5.989,9.8548,12.7542,22.0144,4.497,7.6751,13.5037,19.4664,11.1699,0.1852,9.2816,14.4248,34.6746,8.3075,9.9652,29.0729,15.3332,13.0887,75.9877,23.5033,1.2368,13.1413,8.752,5.7652,5.9249,150.0511,4.6178,5.2134,14.3618,25.0128,30.6544,1.2583,21.1098,15.5801,47.3801,5.5032,2.8181,26.9165,42.198,3.638,6.8193,14.8544,24.5538,12.0977,1.7934,8.411,43.569,3.5279,8.3407,19.4923,0.1378,15.569,4.924,2.9516,7.7093,16.788,1.1194,0.8083,439.3888,6.9225,20.5863,25.7233,59.0223,51.0488,2.8445,0.994,4.8854,0.6261,40.0613,53.5643,9.0865,19.9867,3.9543,8.3833,13.2992,2.2529,20.6272,8.4574,7.3104,52.3628,0.0049,0.7021,0.0994,16.0692,5.7223,2.6548,8.7827,28.0097,3.4831,32.8319,0.3825,1.5348,0.8416,50.5776,7.2165,3.0822,32.3266,8.2922,23.2776,4.3321,45.9835,7.7569,2.2002,1.2152,14.928,9.2999,56.412,3.681,1.2332,6.7726,10.4471,0.0349,0.0218,0.0517,7.0132,1.0162,37.4451,15.0654,32.8549,94.898,29.346,110.4411,29.169,87.6894,15.5943,48.1113,0.0164,12.9578,63.4123,37.3781,3.3883,21.1588,4.8771,32.138,8.6435,15.8992,27.6379,3.3556,26.3701,14.1569,18.9735,9.949,5.117,0.1304,21.6453,12.4659,2.588,3.8065,32.7953,4.9648,4.8735,0.9951,6.1565,1.5539,2.5874,37.001,2.1935,14.9839,11.8956,6.0642,6.7606,3.2614,6.6616,4.8664,55.243,3.2805,4.4209,18.073,35.7734,16.0577,0.5082,13.0282,3.9219,14.7874,9.5099,22.6727,160.6092,6.6214,0.976,19.923,7.137,2.4671,44.7031,14.2306,0.2126,32.5528,0.4886,63.9571,44.4702,11.7437,9.6603,9.6167,11.8652,6.2161,37.2992,5.8373,17.6423,60.6169,31.1463,9.8754,18.6324,18.6285,26.9444,64.6777,17.9166,0.3899,4.4768,4.836,1.8201,4.2421,8.7254,1.0068,27.9471,2.1717,24.3192,0.2216,0.9865,724.339,88.7615,2.1711,8.8972,0.1517,0.6958,0.345,0.0466,7.0199,2.567,13.6276,7.2855,20.0788,39.1927,298.1296,29.3606,1.6609,0.0138,16.471,0.0719,1.9342,3.9609,9.8789,0.3307,0.2914,121.2748,6.1813,63.3387,3.2916,160.2902,0.0706,8.4594,7.2139,13.691,0.3965,9.9385,4.0226
TCGA-D7-6817-01,2.6,17.731,37.5651,0.0574,1.7274,4.7555,0.1168,30.87,10.9616,4.9414,13.8873,30.4793,15.4976,1.8345,15.4336,5.8748,6.2691,4.0079,21.9398,8.3825,13.8079,142.3032,2.0144,20.2384,22.5474,47.6648,137.2682,26.5665,4.8291,9.5575,28.6745,96.342,4.1738,3.5021,9.1418,15.333,0.3754,0.0983,0.9816,44.6473,81.4182,15.436,13.3927,167.4601,70.9181,23.3579,6.1928,3.9397,27.0208,13.0827,3.297,11.6111,50.1461,12.8776,7.7544,38.1226,21.449,49.9156,10.8674,0.3191,7.3301,12.5897,62.0754,14.1729,6.6548,28.1691,10.7797,18.4927,53.3473,16.1003,2.4069,8.6185,10.4404,8.3414,8.4692,82.1121,10.8296,7.6872,15.1297,31.2751,14.7302,0.517,11.9443,12.5088,58.2018,10.8654,13.1498,18.0225,24.8082,3.2151,4.0346,17.8096,26.7096,15.0236,4.8467,16.3932,23.8943,4.1505,5.7062,39.262,0.0963,12.9134,5.5455,5.1555,8.7891,13.8613,1.5724,1.9333,373.5034,9.1711,11.9835,30.1789,6.2323,54.2001,4.3063,0.9686,61.4877,6.5243,19.9439,34.8635,6.0828,11.0774,3.2314,4.1133,11.3484,7.5406,20.3831,32.48,4.8739,82.3845,0.0289,0.7377,0.242,10.8215,5.4441,2.0385,4.0839,58.2402,11.0191,35.5703,0.795,4.7798,4.5771,62.6276,8.1576,3.9739,28.3823,17.1218,32.2557,17.0791,29.8634,39.5386,3.1794,0.9834,18.111,13.3055,22.5028,1.0407,2.1251,9.2061,15.3464,0.1772,0.0868,0.0594,12.36,0.7558,18.5877,10.41,42.9555,88.3348,79.8289,20.3771,63.5575,52.8997,21.7148,58.9266,6.4436,21.3624,44.4003,59.4743,3.4854,11.0577,10.2788,39.183,12.4981,22.9439,35.5387,2.5952,55.0318,20.5526,13.8359,8.1207,9.2117,0.085,29.7136,9.3725,2.173,4.5648,16.7577,8.8845,6.2278,1.2806,1.4931,2.9384,1.7501,44.0656,1.8687,15.7106,22.488,1.8583,9.1932,5.7979,6.1635,5.0714,105.7346,5.286,6.1817,12.4145,70.3394,14.2243,0.8056,13.4456,3.538,9.3821,13.2011,34.1619,116.5113,3.5239,1.1959,30.8982,10.7941,4.5871,124.0383,1.8027,0.5794,23.0039,0.2474,57.0703,42.2005,13.454,5.6238,17.928,22.4296,7.5997,34.4595,7.6289,21.3346,43.5857,29.0839,3.221,22.5856,6.0279,18.4522,66.6783,30.5993,0.3418,4.7597,4.1975,1.4186,5.6752,9.4175,1.4788,25.6916,1.285,63.8424,4.3129,7.1749,768.248,138.7501,3.3015,7.0827,0.1308,2.3808,3.0206,0.2046,6.3289,2.5647,20.1734,15.7028,20.4229,44.5181,205.0216,47.6364,4.3934,0.067,17.3074,0.0765,0.7162,3.2043,16.7031,0.2283,0.7286,133.0921,4.7311,30.3504,0.5589,173.9,0.0638,7.4594,3.6963,6.5141,0.3731,6.5609,2.5483
TCGA-D7-6818-01,4.8,44.0554,43.2931,0.0182,1.7961,2.5256,0.2749,27.7656,12.4658,1.271,7.9429,19.2452,22.9122,1.084,12.8914,3.487,3.2417,1.3039,19.6225,4.6764,6.6697,34.7545,83.8431,14.3086,36.2041,25.6162,30.7793,35.3075,5.332,2.3874,19.9519,12.949,2.7916,4.5491,1.7259,1.1547,0.2107,0.0423,6.0879,38.5946,168.1084,11.9567,22.6346,22.9695,232.128,17.5858,3.5025,3.0254,23.4209,6.0885,2.5682,13.7266,7.0728,17.0643,3.1033,19.1404,16.9596,5.1245,8.0453,0.7648,6.723,14.8329,30.2954,4.557,8.2544,14.7173,24.3941,13.376,70.1453,12.7217,15.172,7.0247,8.1931,3.9115,4.8984,132.2159,4.0788,12.7666,12.8898,14.0682,6.5426,37.8398,2.0295,7.4758,24.3072,4.6031,4.5139,28.3036,31.4221,5.9921,39.4979,14.9253,17.4109,15.3082,1.5304,8.5675,9.5284,3.2825,5.6108,6.6597,0.2771,24.7471,1.2268,3.9573,8.9193,19.5794,0.979,2.752,711.1264,2.5855,9.4329,11.5232,7.7287,40.3748,67.4409,0.8028,10.0033,3.1043,9.1653,52.5619,1.4774,14.5814,40.1405,4.5313,68.2431,24.3626,14.8377,31.4097,11.757,16.4042,0.0081,2.1696,0.3848,10.5711,1.4598,3.5636,13.4183,29.7026,5.1532,22.3839,0.651,2.8509,0.7623,29.3052,5.1555,9.7396,31.8669,7.3902,41.7051,7.2896,30.5242,5.6698,1.2038,1.977,7.8947,4.8855,13.4522,2.8031,1.4616,7.564,8.2069,0.0484,0.084,0.057,3.3897,1.4129,71.4224,11.153,64.6005,69.1297,21.2499,17.53,47.7251,50.65,17.5393,42.0359,13.4741,15.3975,41.225,55.0848,6.9654,18.3778,11.216,27.3479,6.6125,19.146,13.5858,12.1453,58.4889,22.5583,20.7151,23.6246,10.5142,0.0575,15.7455,6.5951,8.4267,3.8009,16.7818,7.6844,3.8847,0.5928,2.2594,1.293,1.5346,57.3151,4.6507,8.8108,30.0507,2.7641,7.5064,3.1883,46.6596,3.0629,56.8986,2.6332,4.6853,7.8331,43.1482,14.5643,0.4612,6.1923,2.1812,15.3166,7.1742,2.9314,126.2754,4.4549,0.7512,27.4135,2.3002,2.7335,9.4481,1.9261,0.5023,13.4719,0.0656,58.1738,108.2724,7.3671,3.7206,6.3153,11.4874,5.126,34.1086,15.8713,13.6434,33.6054,24.928,11.2759,6.6431,3.6107,56.3749,70.91,5.0911,0.3745,5.3458,4.9981,0.9525,4.3019,5.2448,3.3898,22.0598,0.3673,33.6629,1.3792,0.3853,2191.1693,74.5292,2.7218,5.4725,3.9971,1.4,3.0018,0,2.6712,5.5231,4.35,7.0955,15.7709,13.0682,83.0359,4.6991,3.7798,0.026,19.2305,0.0484,4.7121,6.338,5.0289,1.252,0.8926,36.4053,4.0307,39.4101,0.0132,100.4785,0.1834,6.9061,6.395,7.1935,0.784,2.8164,2.8292
TCGA-D7-6820-01,2.633333333,23.6723,78.9453,0.0057,2.3113,1.6541,0.0481,30.7909,6.9202,1.5291,4.0403,19.8825,23.4627,0.6179,12.6437,1.6488,2.5332,1.414,13.7538,3.0331,6.808,147.198,3.2102,18.2184,24.7369,22.196,35.4928,20.0142,3.7618,5.8612,16.4629,133.7932,3.2182,1.5188,8.9277,15.0558,0.0888,0.0771,0.401,69.1539,66.0736,12.1998,24.0021,52.7824,80.7536,28.5935,2.6529,1.4366,25.0553,4.1405,3.9688,14.2726,14.6044,15.4481,3.0478,8.903,22.2705,3.8685,7.4721,0.0909,6.4112,9.0381,33.6858,6.1446,9.4462,14.6439,37.1502,5.7315,110.1584,9.8614,0.0585,8.3056,3.2787,2.4574,2.4953,79.25,2.9379,1.4222,11.4262,17.5179,21.2154,0.9989,0.8803,9.0742,36.328,4.6917,6.0064,20.5654,33.5092,4.2629,21.8154,8.0738,8.0979,29.1702,1.0747,12.3988,27.6287,3.4604,5.9487,14.1509,0.2926,12.1251,1.5008,1.8377,4.5979,13.9376,4.0351,0.3923,531.7698,4.1355,11.3887,55.7408,2.7431,57.0736,6.5576,0.5052,3.6106,1.2103,27.5552,26.6363,10.0791,16.0451,3.7817,1.2449,6.42,5.8892,16.3394,15.2183,1.1681,58.7423,0.0014,1.3951,0.0315,13.3636,4.5466,2.5596,1.9291,51.5385,4.7235,20.9307,0.2017,1.4262,0.6955,51.6413,6.2412,7.3917,24.82,5.6546,49.7424,6.3766,16.6757,6.0436,1.0828,0.3622,15.9848,7.9118,35.1975,0.2776,1.3765,4.8072,3.6245,0.0561,0.1258,0,2.9341,0.5155,14.3121,5.5109,187.0611,57.441,23.9537,10.7542,112.4056,107.3039,19.7108,70.5931,0.0464,15.0346,82.7319,92.5196,3.9559,2.5137,1.9005,27.9954,9.6895,21.7978,18.5396,1.728,52.9057,50.4501,16.2714,4.0789,2.6468,0.8055,13.8573,11.0927,1.5783,2.6435,10.5216,10.8835,3.9145,0.4953,1.7065,1.0977,0.4187,35.8652,2.4582,7.4517,29.6158,0.6539,18.8436,1.3949,8.9015,2.3508,72.6047,2.1314,2.7651,8.3565,77.8918,15.9437,0.9504,7.7123,3.2122,7.5919,13.4886,6.9281,121.0678,5.27,0.3174,24.7007,3.0708,2.211,170.1263,3.8797,0.8486,20.0672,0.0133,80.06,65.7584,11.128,6.2318,8.8295,9.4128,4.2412,27.9648,5.344,18.1837,60.8323,26.1269,3.083,20.6408,1.267,32.104,39.7834,24.784,0.0458,1.7523,3.2942,0.9627,4.4991,19.0557,1.3371,66.025,0.837,37.3483,0.337,0.6093,1026.8688,134.8157,1.9191,4.4287,0.0055,0.476,1.1174,0.0079,4.8218,1.8877,100.4026,15.8581,21.1428,16.5027,329.951,12.5065,2.6743,0,15.8369,0.1006,0.4997,1.4633,11.508,0.1318,0.0048,278.6355,20.1305,34.5929,0.0847,190.7036,0.1108,8.5699,6.4132,5.4382,0.4402,5.1608,6.7848
TCGA-D7-6822-01,7.533333333,21.0103,36.4516,0.0147,3.2663,2.5216,0.0861,21.9742,18.3112,4.2011,12.4123,9.2538,20.1246,1.1807,12.0021,6.219,3.9629,3.3729,2.5349,7.8551,20.0051,99.9484,97.2947,6.0356,47.017,14.7838,325.1054,26.9087,6.0992,2.5971,32.7006,43.5729,3.2395,1.2599,2.7935,20.1127,0.0605,1.9279,2.009,43.1173,173.2444,7.6162,15.766,40.986,139.2095,15.1632,3.9037,2.0257,22.6042,6.5408,0.7287,31.8319,5.3199,17.7676,3.3277,34.6055,12.6283,15.8123,15.618,0.7719,7.975,15.1845,32.8433,10.6705,10.3421,23.173,75.3538,18.4059,61.9119,20.5788,0.8797,15.1186,12.7842,5.839,4.0919,181.1731,8.7154,13.7053,13.3746,31.3547,5.8319,0.3611,53.9075,14.9347,57.3324,4.0313,3.9537,29.2685,35.5315,4.6879,2.878,18.8247,15.2945,14.4605,3.0889,14.418,9.5548,6.9403,8.0583,13.6753,0,19.6811,4.3389,5.7016,12.6451,17.6407,1.3833,0.5411,558.7721,4.7651,20.1164,97.6955,4.7325,14.1943,16.2781,2.1486,0.617,0.2071,13.2832,62.7526,4.4484,6.3769,9.0588,6.9627,11.8329,12.8723,27.7306,24.1539,3.8641,74.6134,0.0124,0.5329,0.085,7.0392,7.1091,8.5116,41.0068,22.0062,10.8918,26.6533,1.8786,1.5668,0.2946,55.6322,5.2064,4.0761,32.8346,11.112,36.0395,1.1104,36.4849,7.5975,4.2015,0.5227,27.5012,7.4002,29.7583,1.7668,5.4844,5.8377,18.8899,0.0352,0.596,0.0029,3.0429,0.8643,26.1868,6.5045,65.8693,112.2781,43.6385,10.4027,30.6685,54.7656,19.8173,40.2635,40.167,17.5332,19.1594,49.303,5.7539,15.9892,12.7912,56.7381,5.5853,11.3347,28.8877,1.5599,29.8089,22.155,20.5575,6.1745,6.9009,0.045,23.5313,16.1064,6.8197,5.2726,19.2397,11.1031,6.0446,1.519,0.1403,1.4982,1.0366,43.9709,2.6987,18.0481,19.6361,4.9727,9.4997,6.4724,7.101,2.6877,139.9309,5.3193,4.2668,16.9865,22.0573,21.298,1.0002,11.3917,3.6518,17.0982,10.4922,5.9066,92.9761,2.2602,0.5022,23.1196,4.4674,5.2018,109.6018,6.1172,0.3564,7.997,0.8018,152.071,34.0623,12.577,8.9715,10.2374,19.5069,7.1504,41.599,14.3166,11.6905,47.9311,24.28,7.3813,6.9752,11.342,57.2588,74.9631,9.7595,0.2478,5.8616,3.6539,0.909,3.9322,22.9143,1.1513,22.7077,2.9171,27.8014,0.3869,0.2334,391.423,60.3829,2.9281,12.4076,0.0391,0.496,7.4927,0,1.7902,1.895,15.3808,7.8783,25.4744,23.6923,82.2685,5.0398,4.9097,0.0119,10.4289,0.0441,0.2974,3.2091,14.6964,2.7294,0.0701,73.7246,33.6147,174.8768,0.0815,76.0968,0.0228,6.8287,5.1642,3.8026,0.2423,3.6021,2.968
TCGA-D7-8570-01,3.633333333,20.2555,44.6994,0.1093,0.3768,1.8655,0.1669,17.8256,14.0909,4.0708,12.8398,8.8795,14.0202,1.5412,5.9554,3.0321,3.4463,1.6264,5.696,4.8995,7.112,90.9147,0.7184,35.5248,21.2609,14.3265,48.268,14.7469,5.2693,2.8023,15.0955,25.8924,6.3852,3.7845,26.8027,11.9984,0.3052,0.0173,3.8668,37.8651,208.207,9.462,13.4498,72.2483,60.1317,19.7926,4.8776,10.7069,13.4234,5.8107,1.0839,12.9662,8.7719,19.6866,5.5187,9.4042,12.3507,6.1955,8.2551,0.1814,7.9749,10.8266,32.6292,4.1378,9.0898,18.9978,16.9377,12.8588,92.791,10.6804,0.4266,6.869,5.3192,4.9613,5.11,82.7135,14.6551,1.7202,12.3157,16.3547,26.74,0.0766,7.1492,8.9294,42.3478,5.1028,3.274,15.0324,22.029,2.0416,17.9271,13.0933,10.9086,17.2631,1.8951,25.3106,27.0892,3.251,8.7518,19.2864,0.0357,24.7513,3.1787,2.3349,14.9293,15.3436,1.0952,5.42,916.3649,5.9034,14.0903,73.6655,12.0574,21.1985,1.3908,3.8527,51.998,3.7434,8.6856,47.5506,17.0591,25.2515,4.5439,5.9677,33.138,7.357,15.7052,64.549,4.96,35.164,0.0077,1.2096,0.4003,13.4959,6.3972,2.3545,4.6067,28.5086,6.5201,16.6967,0.2402,7.6605,3.0995,127.8451,5.6837,5.5432,23.1136,7.5148,42.8881,9.2418,22.894,23.3414,2.7266,3.8756,8.7253,6.4362,28.3693,1.1931,6.9156,3.3757,4.4219,0.3013,0.0684,0.0475,4.3865,3.9645,51.8275,16.3304,34.9534,54.2186,23.6457,9.9777,50.177,54.4022,19.1914,49.7889,23.2525,9.7875,63.9174,61.2495,3.9113,16.1395,22.3367,26.7865,24.6245,10.8961,18.7106,3.5667,29.4338,9.2163,14.3972,20.837,2.2444,0.2414,19.5454,4.9594,1.5986,4.2213,16.4208,5.3354,6.3036,1.7917,0.2461,1.8961,5.4479,32.1005,3.6974,8.2759,16.7444,8.4538,8.6289,1.2565,3.3307,5.1742,104.872,3.2632,3.1157,14.6267,83.3968,15.7798,4.6067,11.1125,3.3253,19.5465,7.027,6.378,128.5413,5.197,0.6321,18.8386,3.9596,3.6223,60.285,0.8481,0.0309,8.5021,0.064,109.5197,53.7652,6.6189,6.33,15.7542,2.0947,7.8642,31.6866,5.5289,16.6038,37.596,19.4265,10.3772,2.0628,1.2948,34.7459,55.7041,31.2251,0.2257,1.2464,3.4975,1.5741,3.3895,19.1758,1.6732,35.779,3.0165,71.0003,2.0214,0.7118,5800.2666,59.7911,2.0772,13.0617,0.1431,5.6234,2.7414,0.0264,5.2632,4.7421,15.9685,9.5158,11.5123,37.1163,56.8668,40.6603,2.4856,0.0041,23.3438,1.2382,0.3483,4.6711,10.825,2.0704,0.8575,262.549,0.0125,27.3369,0.0214,28.0339,0.1248,9.7693,5.8696,5.4749,0.2155,5.7675,21.3142
TCGA-D7-8572-01,5,29.4865,34.1757,0.0165,2.3662,5.5288,0.3181,30.5235,13.4739,4.5916,13.3246,14.4131,19.4571,1.9573,11.605,7.0819,5.3118,3.0194,14.7724,5.951,8.3887,124.7852,2.6161,92.6671,20.4367,22.5654,67.7124,32.2217,11.1355,11.639,28.434,30.7793,10.6323,4.539,3.9114,14.1709,0.1704,0.0312,2.1891,56.6583,141.2569,17.1205,8.0988,72.2069,87.4682,24.3571,5.0046,8.8505,20.0065,8.2418,3.3905,11.6128,12.5412,21.0747,11.4407,15.6393,19.8565,14.1296,12.0102,0.262,11.9863,17.4689,37.118,8.7132,8.4727,17.381,16.4634,17.5601,123.5516,26.2434,0.4521,13.3479,13.387,7.9148,14.4866,83.8647,21.0573,7.1305,9.3591,29.1501,22.8869,0.339,10.634,12.5635,58.9505,8.1668,7.2588,28.5671,30.3591,10.1814,16.1087,12.3323,18.7686,18.8049,3.3175,24.5591,42.0465,4.4994,7.6981,21.366,0.399,18.3389,3.5759,5.781,9.7455,19.501,1.828,2.2432,541.4466,11.2987,17.4467,64.0378,65.705,21.1483,6.6937,2.8965,16.7215,2.2869,13.9354,70.5769,14.2457,47.6577,2.2001,6.9068,20.864,7.7329,22.0944,24.0431,14.5803,59.2155,0.0406,1.5236,0.3009,14.8805,7.4725,3.0252,8.7807,29.3839,6.0349,29.5174,0.8478,4.8234,2.2393,131.0852,8.4233,6.7981,22.1602,10.0331,34.6169,9.6108,33.5163,16.345,4.6047,4.1276,8.6931,7.1096,39.6203,1.9739,4.8063,8.3651,9.0661,0.1313,0.2101,0.0925,5.7014,2.7814,77.4599,21.685,50.6884,53.7236,26.6722,18.9144,24.621,39.2918,25.1251,49.654,0.0553,11.8588,39.407,67.9986,4.8806,11.0121,6.6319,39.4539,5.8112,25.7792,27.8873,6.7841,27.8663,16.3057,23.9145,21.7009,10.7629,0.3013,16.2505,8.6873,4.8334,7.1867,27.3588,7.8456,5.9816,4.8126,1.4316,2.4551,2.1462,22.5379,4.298,16.1519,25.1815,5.0099,11.8821,0.9558,9.0806,3.9273,127.4734,5.6806,7.5386,15.2858,81.0953,17.9554,1.864,9.8067,3.5136,22.9036,8.3217,10.0426,89.4064,5.7871,0.6478,25.3913,4.9422,3.6977,78.8212,7.6283,1.2129,27.6461,2.028,36.5366,30.1497,11.3678,12.3657,7.3464,18.4258,3.2246,38.5419,10.0149,19.8583,39.073,18.862,16.3848,6.506,2.75,69.483,50.2279,19.8949,0.4371,4.4227,4.6286,2.0476,5.0752,13.6151,2.9346,30.0146,5.0077,47.6869,1.5123,1.2963,895.4555,98.5073,3.5135,7.4648,0.2988,1.8958,4.4229,0.1248,4.891,5.2908,16.8548,7.9545,15.3861,26.9785,120.3957,34.847,4.5679,0.0991,20.6458,0.2431,0.486,7.6962,9.8506,0.7506,0.0298,109.4399,8.7349,99.0245,0.9446,43.7941,0.9213,8.9678,7.0315,8.0645,20.6109,5.965,13.6654
TCGA-D7-8573-01,2.333333333,23.8157,40.2875,0.0463,2.578,4.2993,0.0363,24.6753,17.4418,2.3968,17.626,17.8681,17.9109,0.9473,11.3248,4.8112,5.9063,2.5882,34.9174,5.9613,10.1135,99.9239,0.1156,6.2663,16.9073,14.9048,91.4724,23.9625,4.71,0.2878,24.8575,851.9673,12.376,3.3149,0.1599,2.0046,0.1461,0.0198,0.5083,53.4463,126.8299,13.0848,18.6187,63.9669,38.0037,21.6639,10.5951,1.954,25.4716,6.6272,0.4768,12.3198,5.0921,22.3937,11.0349,14.6463,19.4651,33.5577,11.7195,0.1936,12.5956,18.2988,35.5729,12.4547,9.2956,22.0025,12.8813,10.6321,251.7855,19.2898,0.2573,9.6122,6.2812,4.5773,11.4402,96.3469,20.3383,3.4143,20.4836,33.6885,32.8569,0.0179,41.9508,12.5536,50.6882,5.4056,4.9224,29.4211,34.7229,0.8366,5.861,19.5013,29.5475,21.1275,1.69,10.181,59.8195,4.398,15.2177,21.8859,0.0241,21.3004,4.1573,5.2397,12.4284,19.7189,4.0032,0.5575,446.5245,7.2411,31.4106,173.0565,3.4911,33.627,3.7687,0.9705,6.8363,1.2639,30.2125,68.3213,8.8434,35.3039,3.2618,4.6026,4.4293,4.1677,24.2756,35.9178,1.2865,47.4948,0.0527,0.4788,0.058,14.9262,6.8525,4.1317,1.729,43.1676,7.2945,20.526,0.2953,1.1128,1.1346,63.6759,9.0171,3.1988,25.3895,8.2378,52.7245,19.1555,23.4346,69.9469,3.0532,0.6888,12.3339,3.9464,156.035,1.0038,1.537,5.8426,7.4227,0.0211,0.0589,0.0175,6.8916,0.4765,17.8813,7.8931,45.8515,61.954,25.4097,64.8788,49.3014,72.8738,19.3888,57.1154,38.6724,12.1158,68.0279,50.9194,3.7376,6.9827,9.0877,92.9155,7.779,12.357,38.2186,1.5639,38.5378,29.5347,37.1275,4.2325,5.4039,0.5907,14.7515,13.455,1.5195,8.6491,20.6354,7.8796,9.1278,0.3551,0.076,1.8446,8.1934,33.4864,2.1352,16.4615,11.0695,5.8363,11.8491,3.3946,0.6234,4.0235,72.3279,5.6262,7.2714,17.6385,40.5293,18.8209,0.3465,19.0044,2.4254,19.328,13.9529,20.783,128.8625,7.3744,0.8811,33.0817,3.806,3.7324,129.0639,0.3159,0.0751,17.3208,0.0453,215.8282,60.3931,12.3286,15.8607,8.8688,53.0372,18.1906,47.9901,8.5436,28.6683,75.7758,29.5913,2.0121,19.4763,9.7181,34.1895,53.9576,19.3912,0.1,1.854,4.1866,1.855,5.8296,5.9751,0.8219,44.4445,4.2606,43.9666,0.6044,0.533,1114.7284,97.961,3.0811,11.8425,0.0515,0.5701,6.7692,0.1801,7.6459,1.5828,17.1109,8.9741,22.649,48.7404,267.4511,50.9056,2.1463,0.0661,21.165,0.4386,0.0241,0.9955,15.794,0.2521,0.0248,61.0773,0.028,288.5554,0.0278,59.6809,0.1225,5.876,9.6534,5.7877,0.0983,3.6771,6.3603
TCGA-D7-8574-01,0.8,30.3,28.3242,0.0269,2.0441,5.4456,0.3018,35.583,15.059,11.3254,27.591,12.4178,18.2222,12.991,10.2283,4.7475,2.6676,1.9476,26.6285,7.7443,8.1826,4.9979,2.0954,17.4781,26.1351,34.6863,58.0326,17.2369,5.4755,8.7019,25.463,46.4493,3.9764,5.6939,4.3446,2.6242,0.887,0,6.0022,37.4163,94.9474,4.2397,7.8258,28.1922,75.8606,34.6034,8.5748,23.8126,15.987,9.4703,3.1788,13.1913,7.9674,16.9635,18.1403,17.6889,10.273,10.4541,7.2602,0.4253,5.548,9.0035,27.393,6.7086,6.9946,22.4354,34.0146,22.2569,80.7422,14.4882,16.3734,10.1229,19.1814,7.2044,22.444,62.7616,11.0271,17.9034,19.612,15.389,27.6475,4.1009,33.207,14.4125,52.7099,7.097,8.6306,14.4748,32.9928,7.7655,12.9766,17.9796,24.7178,19.9959,2.9343,21.5196,42.083,4.7886,10.206,35.0885,0.0133,16.4387,3.3508,2.1524,10.74,24.7266,0.9024,12.2261,236.7043,11.18,16.8471,23.3867,60.759,27.2029,0.931,1.0908,210.7178,41.8033,11.005,31.6031,27.8224,58.1846,5.6649,4.125,33.7253,4.9108,19.8755,147.7451,10.6782,24.1933,0.0416,3.4649,1.7867,19.6531,6.1332,4.3349,18.0522,11.6873,12.2963,23.9389,4.34,24.9891,7.7303,76.6186,8.5183,4.6482,22.2689,17.1252,39.1413,10.6818,30.2304,16.416,9.6491,5.1479,8.3486,6.0399,19.291,3.3932,2.0299,4.6296,10.6617,0.1724,0.5429,0.441,3.9925,2.9353,95.065,17.6355,46.3897,41.7031,26.726,22.1927,27.1045,37.3655,13.9921,48.1892,0.1817,15.8372,15.6679,70.9695,6.1496,27.9264,15.3973,74.0952,16.7408,17.2821,24.8132,8.4068,42.0451,3.3468,6.6653,16.3176,5.3711,0.125,30.8351,7.9287,3.5748,1.82,23.4086,6.609,6.1915,5.5212,7.4407,2.0145,4.8859,15.9971,2.5799,12.6618,22.0493,5.8695,7.6482,3.7224,16.7536,3.4499,83.7701,4.3261,6.0086,11.1248,74.9699,15.7452,4.7196,8.3015,3.3783,7.2993,5.712,4.6983,97.8169,1.4138,1.0356,23.6191,9.2048,4.8784,38.7919,5.8752,0.5771,14.5216,0.1564,25.3704,26.666,10.8564,9.0168,9.8496,7.7344,7.2752,33.6234,4.2017,28.21,29.8903,24.4493,22.1564,6.8428,8.2337,37.0678,42.1379,12.2302,1.1669,3.432,4.5968,3.3276,1.7012,6.2253,4.8593,10.1124,1.0765,90.4111,36.3928,2.6906,3353.6093,65.1047,3.9263,7.5322,1.9062,8.9933,3.1187,0.0544,5.2373,7.643,18.5861,7.7867,13.6915,25.256,67.039,23.3103,5.1684,0.011,26.2058,0.7071,1.0402,6.3461,13.8965,6.9661,2.7004,45.1109,15.9592,52.4317,0.0904,33.9644,0.1883,8.6644,5.0913,10.5059,1.354,5.8825,3.7117
TCGA-D7-8575-01,1.633333333,14.0179,18.6433,0.1882,2.2539,7.0165,0.1131,20.7158,9.9072,3.5859,16.6301,13.8201,15.2694,2.3759,9.2598,4.4276,1.7936,1.1026,42.6919,5.7747,11.561,127.6637,1.3905,14.4521,18.6824,33.1184,46.6633,14.6335,5.8259,44.8307,21.2944,75.169,1.4452,2.5915,8.2812,3.2258,0.1949,1.1269,2.6283,41.7183,75.1581,9.6673,7.7613,50.5465,33.1,28.9301,15.1503,4.3955,16.6365,9.8647,4.6336,10.3099,210.3878,19.4629,17.0961,16.5377,16.3261,18.8055,9.1445,0.396,7.7684,15.0083,74.262,10.5445,1.5848,5.6706,6.5156,23.5212,84.8814,23.9523,0.4891,13.8159,15.7814,12.1421,7.6602,58.9691,14.2195,10.9438,22.2389,26.7893,17.9238,0.4903,6.5722,17.4324,77.3568,7.3619,6.1137,17.1961,11.9962,2.5729,4.6349,12.9495,24.3773,13.5326,2.9243,30.0823,33.4958,4.8248,10.839,18.6866,0.1269,12.0043,3.5767,2.7254,18.1397,17.8565,0.7133,2.6529,332.9198,9.6397,14.1379,109.2076,4.8914,31.3381,1.1979,1.7308,23.4779,1.6791,12.7172,27.5168,5.5005,23.363,4.1668,1.6444,19.3087,4.2372,14.7197,32.0786,3.7508,73.5037,0.095,0.6734,0.4018,22.3152,1.8253,2.321,3.6171,4.5107,7.9918,25.7921,0.4833,4.9589,2.2595,129.5595,11.0454,2.4975,22.3909,11.0319,33.1678,11.8096,21.2174,21.9795,6.8748,5.6281,6.4325,5.0585,23.7777,1.5885,1.6684,2.7505,8.5725,0.1154,0.1312,0.1393,4.0911,1.7564,12.7053,42.739,65.4466,39.4562,28.7782,13.119,29.7048,26.0294,17.3114,27.5396,0.0146,13.406,44.1209,58.8239,4.6953,16.5743,11.1382,69.0425,10.1815,15.4783,27.0843,4.1505,39.4384,5.3231,4.1771,13.4832,6.32,0.0244,18.4888,7.6667,8.432,1.0232,16.4757,6.6388,7.9483,1.6181,0.1352,2.6924,2.4946,15.477,2.8436,16.5554,15.21,24.3511,10.7693,5.7554,29.9717,10.2525,139.647,2.887,11.6187,11.0709,132.6018,21.1425,0.73,23.7382,3.5574,5.5621,6.6607,19.4097,205.1696,1.1774,0.9119,18.2649,12.2347,8.4336,65.0107,4.3984,0.1531,17.6794,0.4128,76.7469,61.8412,14.06,9.4407,45.5995,5.9555,6.1823,24.4078,4.3314,22.6579,20.8442,11.0958,10.8419,27.2223,1.3077,20.3393,32.538,41.4119,0.818,3.2012,3.8164,2.0111,1.1794,30.5034,0.9911,23.9881,0.6664,100.3531,2.3073,0.2732,1140.3134,123.4087,5.5075,9.7447,0.1575,3.9844,0.6488,0.1818,5.3718,6.4104,26.6027,6.5384,13.7913,46.5603,234.2991,4.3785,4.1572,0.0451,19.2833,0.1858,2.8194,8.1046,24.1545,0.8279,0.4936,202.8887,0.5392,14.304,0.0592,90.0362,0.0379,7.1991,6.1314,8.9263,0.6257,26.279,2.9545
TCGA-D7-8576-01,1.6,13.3528,27.8384,0.5656,2.3233,6.6928,0.1362,21.4694,22.1753,3.8283,11.8193,15.9748,17.8402,0.7739,9.1235,4.0062,5.1939,3.2642,6.1948,4.1349,9.1811,198.1503,0.3971,24.6165,17.2298,15.5344,53.5995,24.1908,2.6496,4.1555,38.1132,43.5621,6.0276,2.9099,1.4828,6.438,0.2161,0.0114,1.8319,71.3654,202.2094,9.5212,13.162,107.4311,63.084,20.9926,5.2884,2.7021,17.5916,3.8242,3.4443,12.0082,11.5594,29.2178,10.4442,13.773,14.0855,445.6599,9.5736,0.3309,5.0961,7.8001,35.9262,9.7054,15.2849,43.2457,8.4606,12.2502,96.0451,29.0293,0.0797,10.1269,10.104,5.1035,7.3214,83.6952,3.778,4.1138,16.8805,25.6011,15.4455,0.3706,3.6805,10.9452,42.9926,4.0902,4.6685,23.5504,28.577,1.9404,8.4224,12.7161,18.6823,17.3604,2.2812,7.5364,22.5212,2.0304,9.819,24.0092,0.033,15.4423,4.6379,2.7326,8.9676,19.7014,1.5132,1.8876,633.3414,9.7673,19.8233,85.2993,7.1334,40.0461,5.9307,0.7505,10.2573,0.9064,18.7955,47.2102,4.3799,27.1052,6.63,5.4659,8.4271,5.0313,21.6423,6.9643,4.1799,45.3234,0.0107,1.7834,0.1595,15.1758,7.3981,1.8974,3.9142,13.3944,6.1591,21.6802,0.5942,1.8084,1.4934,52.4184,6.4425,9.7376,37.0684,9.9402,62.9423,1.3225,39.6051,10.7805,1.9005,3.3554,11.2776,7.9475,54.1315,0.4773,0.4905,5.4995,11.945,0.2229,0.0709,0.0744,7.2854,0.6512,30.1412,11.2042,31.0596,65.1579,29.2901,18.0179,51.4922,69.3354,27.0007,63.8237,9.6704,14.5163,100.1338,66.2123,3.5323,7.8975,6.4809,45.5919,11.623,17.9218,21.3573,2.8893,36.2578,28.6508,11.7265,12.6033,3.6564,0.8043,36.1033,6.4711,0.8059,5.2937,21.3479,11.1288,6.3464,0.7904,0.3424,1.8162,0.9815,31.4602,3.7059,12.7615,17.7841,1.6226,5.1978,2.531,5.3846,5.707,59.144,5.9432,5.5464,23.1524,46.7256,13.5629,0.3299,15.3582,3.5119,10.3594,9.8776,13.1246,173.9783,4.4865,0.5883,21.3923,2.9543,4.2142,44.3178,0.6487,0.188,17.6689,0.0432,125.3791,35.0153,11.4297,4.5658,14.8802,11.1696,8.0203,46.5008,4.1273,13.075,50.3276,21.6285,10.363,26.6667,1.8212,27.0442,34.9095,41.2209,0.2213,5.4272,3.5158,1.5579,3.8978,13.2191,3.4786,30.7781,2.5403,17.3953,1.2009,0.2993,1227.3761,181.7784,2.8755,5.9953,0.0985,2.047,3.2298,0.0842,2.971,3.476,36.6715,18.5693,17.0292,23.5437,198.1947,50.7053,2.4516,0.0378,21.3803,0.1073,0.9913,3.8988,11.1886,0.4789,0.0475,413.2106,6.3903,52.494,2.4551,92.164,0.1035,7.4568,10.3278,10.8967,0.4992,8.8084,6.1425
TCGA-D7-8578-01,1.566666667,29.1592,43.9089,0.0373,1.4002,5.0336,1.3167,21.1407,13.5778,2.6779,14.4322,14.5471,14.5713,1.9367,8.119,5.7671,2.3553,1.3509,17.9432,5.1649,5.9653,179.9689,0.5795,23.27,29.6315,26.034,58.1215,15.5592,7.0152,10.5628,16.2979,66.7412,3.484,3.6727,4.767,35.5507,0.17,0.2083,6.2098,55.6421,201.6747,9.1619,9.7281,50.122,69.7052,27.8096,3.0962,4.6971,19.5912,6.9594,2.6061,10.6966,9.0491,19.5531,10.6481,17.1265,7.0841,37.1036,5.9382,0.271,5.2651,9.0109,29.0837,8.8225,8.1712,23.3607,11.1872,22.7924,59.0549,18.3421,0.6558,5.8233,13.1339,7.1141,8.1042,124.7681,26.9032,4.3706,14.2409,18.0063,20.3283,0.3243,9.8241,7.4044,44.5415,5.8882,5.6027,14.709,26.6497,11.2508,10.1062,12.9426,16.7718,10.7351,2.4869,20.7294,28.356,2.9723,7.7223,23.2784,0.0803,25.0648,2.8108,2.0253,14.368,13.8062,0.618,1.1465,402.907,7.2122,22.0868,119.3867,26.1972,27.7061,3.8446,1.1529,11.9509,1.5217,10.5449,43.932,6.8303,22.1954,4.6432,2.3954,11.0984,1.9886,17.3445,32.6798,14.896,38.1628,0.0252,1.3277,0.1594,18.7339,3.7094,1.9533,15.8012,17.1766,8.6667,22.3054,0.6715,2.5931,1.3983,138.0969,7.2704,3.3976,19.0585,8.4142,36.39,9.0625,25.2241,10.2399,2.9452,6.1196,11.5294,3.0576,12.5348,0.8659,0.4074,3.5383,8.1633,0.085,0.3343,0.4737,3.7425,1.3624,78.3593,37.7762,45.8254,35.6034,30.8035,28.5739,35.1824,45.7767,15.3857,42.1854,5.8179,9.6602,89.6891,66.7486,4.1691,7.5329,5.6962,50.9303,11.4796,16.3792,22.7185,8.4716,37.5568,11.4619,10.075,30.1895,5.826,0.2562,17.4401,6.7569,9.8116,2.7388,13.81,4.603,4.3631,3.9682,0.3768,1.4736,2.8755,18.0355,4.0843,14.5533,55.5933,6.4914,3.6642,3.5507,11.7638,4.0598,123.6109,3.2896,5.3608,12.2642,82.964,12.2901,0.7921,12.3353,3.2782,10.1182,5.1404,9.9209,143.1683,2.1207,0.7651,18.2204,5.3594,4.0411,68.3413,5.6721,0.0298,24.975,0.9958,86.6914,80.0255,10.8758,6.0408,38.7317,10.964,6.0137,24.2089,3.077,24.1211,26.4034,15.6978,16.8252,8.1041,1.9043,45.6539,35.9315,17.4332,0.4219,4.7315,3.3947,1.3138,1.4823,29.279,1.6964,37.0389,1.6148,74.5335,1.3452,5.453,904.2987,117.1795,2.8787,6.4039,0.5603,0.8421,1.6441,0.0864,3.1923,6.5097,27.5079,11.982,11.1642,38.1446,112.0736,16.9934,2.9079,0.055,19.761,0.4622,1.1969,6.6508,12.0656,0.2944,0.5151,247.7668,1.246,78.7076,0.1149,66.8932,0.529,6.9063,6.4151,5.1456,1.1914,13.3367,5.4739
TCGA-D7-8579-01,2.9,38.2501,36.5827,0.0686,1.8078,5.6399,1.2583,20.918,11.9256,5.0991,19.3829,12.6108,17.5433,3.7014,7.9142,3.9119,1.9285,0.9339,6.2104,5.4224,8.214,69.2125,6.0624,13.6832,21.5966,19.8234,72.5927,13.2174,5.4373,14.0938,20.6891,143.4342,1.8649,3.9998,11.5883,6.7951,0.3086,0.0396,1.2948,45.5675,74.2599,6.7206,10.9325,36.7537,105.6716,30.4976,9.9805,6.3018,25.6958,8.9312,8.9971,8.9104,7.7142,17.0097,6.9434,10.3691,8.0501,15.5462,8.3834,0.5305,3.8221,8.2507,32.9176,6.9102,7.9587,19.1851,19.7658,17.4509,81.9371,14.5804,1.0587,11.1576,8.8581,7.1144,10.1499,91.9708,6.2305,10.4403,16.885,31.8968,17.0619,1.3902,9.6721,12.8542,48.7094,6.72,7.0737,15.2316,23.1845,5.759,9.2299,20.1844,14.1985,14.7479,2.8125,22.843,22.0803,4.6225,8.2617,20.5332,0.018,14.3804,4.4151,1.6983,18.3739,16.0627,0.4139,2.9625,348.0794,8.1325,11.5983,56.5461,32.7315,15.9924,2.3152,0.895,16.1091,3.985,22.3016,30.3098,10.1405,21.6655,2.8092,2.2167,21.4328,9.2078,16.1155,26.9218,24.4013,27.9099,0.0286,3.5784,0.4945,13.4761,2.6751,2.3697,16.7564,21.0501,7.3894,22.9047,2.4012,3.9444,1.4701,93.5138,8.5664,7.0663,23.7248,9.6964,37.0447,8.4762,32.4641,13.8293,3.9385,7.1957,12.7115,3.9089,55.7999,3.2279,1.9161,3.7017,9.6045,0.7519,0.5764,0.2204,4.2032,1.2065,56.4162,10.5791,46.592,38.5841,28.7742,35.4092,40.4707,43.9486,18.1548,45.2438,0.3681,12.1444,37.7665,96.54,4.0601,13.7937,6.7438,63.9305,11.1062,16.1805,18.6291,11.7674,27.874,4.7492,4.6418,17.6379,4.1167,0.4293,16.9146,13.3083,3.4301,1.983,18.5546,6.9455,5.5354,12.8113,1.183,2.0478,3.5305,22.2936,4.2736,10.363,18.8315,5.7053,6.529,5.1447,10.5537,4.1851,98.2744,4.4383,5.0258,16.6707,94.4131,16.8629,0.7881,11.7188,3.4848,4.7329,5.0295,7.3894,131.5124,1.3726,0.5005,16.3199,6.5591,4.2686,36.7846,5.8276,0.0407,13.0924,0.0594,59.3331,34.7956,9.0688,8.7704,26.2888,3.5914,2.8756,32.4716,2.8598,15.7359,36.0011,31.4482,8.8932,19.2308,5.3076,66.3381,34.5542,16.9256,1.8751,2.4746,3.47,2.2056,0.9745,11.8895,5.9193,11.2342,1.0979,46.9249,3.8917,0.8192,1153.7465,115.5661,2.5661,5.9745,0.4256,1.9574,4.1666,0.0449,3.6348,5.6775,11.2191,10.7271,15.523,29.2764,132.8744,20.4063,5.1849,0.0174,20.6113,0.1421,1.7347,4.6616,14.4685,1.0849,0.172,138.2192,1.9939,86.7776,0.0257,47.3027,0.1117,9.3342,4.8339,10.0147,0.9586,9.2751,3.8018
TCGA-D7-A4YT-01,8.033333333,55.7018,20.5228,0.0328,2.6478,3.1405,0.1299,20.46,12.2087,6.6169,17.008,24.5662,12.7959,0.904,12.909,5.4477,11.0786,1.9479,12.6612,5.0466,11.3987,89.093,11.249,2.3585,22.3235,25.0531,37.0703,32.7033,5.3953,3.9147,27.7332,100.1744,10.0601,2.2155,53.8385,8.4614,0.0398,0.0342,0.9257,40.2881,140.3998,8.604,9.2513,55.3701,71.7733,15.8904,6.9492,2.4544,20.8091,6.9839,28.9304,18.2895,11.4067,15.6802,10.503,12.9594,11.3007,13.1494,5.9316,0.396,8.3886,9.223,17.139,6.3058,8.4197,31.5993,219.334,10.0343,147.5222,17.2951,0.0452,8.9415,7.4924,6.5146,14.4983,88.9853,7.1361,7.9692,4.4078,27.3238,20.4045,1.2217,7.993,10.316,68.5762,5.9214,5.6574,28.5482,31.2534,10.4686,4.3931,19.5408,21.841,30.2286,3.8558,27.3464,33.5348,13.6495,7.0872,20.5375,0.3982,20.8403,6.1619,5.908,3.7621,18.4567,3.356,0.5017,355.4447,8.6806,15.3113,37.0745,20.4321,22.8772,7.8263,1.0328,4.5239,0.7517,36.3405,43.6023,31.9298,14.5847,3.6282,6.2741,3.2154,0.6668,17.1786,17.148,2.7114,36.8561,0.9725,1.2174,0.115,8.8512,4.4585,5.7617,8.4417,42.6779,10.8266,18.5713,0.256,1.652,0.7119,96.8519,4.5464,8.3965,36.5761,6.4961,37.0063,12.0191,34.2959,40.9103,5.1646,1.6676,13.6964,17.4943,54.0948,9.2588,4.2438,8.365,11.0373,0.4662,37.5575,0.0098,7.7593,0.5933,31.7111,11.5564,109.3849,103.1004,36.1937,17.6023,15.2454,47.5397,24.7341,32.3809,36.5692,13.7659,18.6317,71.0672,5.7087,48.9787,8.5743,21.2772,6.1344,20.0225,59.8262,2.8248,23.4092,24.7998,18.5311,5.7644,6.055,0.7772,10.0534,10.4472,4.9216,6.0909,36.9621,12.8928,8.4258,1.7854,0.5706,2.6744,0.7255,28.2605,5.2468,15.9981,40.6773,12.9497,7.7072,3.2767,22.0781,3.4234,131.3821,6.6536,4.739,14.8311,38.3951,37.5618,0.5767,13.378,4.0513,17.7388,8.853,4.4419,162.0411,4.8561,0.9127,25.0587,8.6104,4.4111,163.8305,7.5147,1.1884,13.7382,0.6527,59.4255,63.9394,15.3143,16.0486,5.7668,7.2072,4.7004,41.1667,9.6578,29.599,3.4611,107.6828,5.2417,5.2873,19.88,62.8493,48.6485,18.8527,0.3732,3.9202,8.6931,1.2231,8.634,22.0479,1.5716,67.8962,3.423,128.7706,0.0642,1.1116,335.8707,105.1304,2.7162,23.8979,0.1944,0.7438,2.6034,0.0587,3.0388,4.2668,17.9851,10.5804,26.1163,35.3144,128.8027,53.0903,6.3126,0.0711,16.4503,0.031,1.105,1.8818,13.3836,35.3702,0.0453,65.8468,9.8097,193.1443,0.0657,116.7903,0.4431,10.1478,8.9934,2.8454,0.3608,12.2339,5.4454
TCGA-D7-A4YU-01,6.5,17.5162,22.4717,0.0169,2.5697,6.0701,0.3612,30.174,15.3124,7.6228,13.06,15.7884,22.3067,4.1002,10.4851,6.6543,8.6488,1.8393,5.0717,8.6104,12.521,49.3375,13.5361,6.1375,18.3982,22.4959,62.4696,26.6171,4.3,13.0387,24.1641,30.4979,11.5151,3.6171,20.6551,4.6122,0.8633,0.0053,2.8466,26.1873,100.5445,9.5423,9.6198,33.8055,49.4051,31.3792,9.227,9.2783,15.8231,8.4083,2.4677,13.0606,10.1809,20.5323,16.3015,15.1169,9.8476,57.7276,15.091,0.3537,22.2176,17.6921,61.7427,7.4538,4.9569,23.9042,16.6241,14.0704,159.8465,33.143,4.3715,6.0254,5.2467,8.616,11.9285,79.6024,18.4912,3.3667,21.6776,24.7663,32.0527,0.1086,7.1859,11.7939,75.2048,6.1679,6.148,24.3397,26.3209,1.9716,11.2868,12.3478,37.704,18.959,2.6454,31.9291,8.3709,3.8999,7.9175,18.3821,0.5844,16.1664,6.482,5.0434,11.6066,20.6056,1.4802,4.4862,441.736,15.201,24.1146,67.7562,15.7921,21.1902,6.1227,3.3822,64.8987,11.9547,14.2779,47.4941,15.6983,31.085,4.9692,8.4772,27.9386,4.355,21.2041,23.6883,9.4972,67.2278,0.0178,1.714,0.4768,20.6484,11.2388,2.11,6.1575,18.5839,3.5567,21.9462,0.9872,9.7839,10.5818,35.0421,10.8425,9.6761,32.7579,13.8873,41.9482,7.1154,31.86,10.9661,5.9018,2.3085,16.2283,6.9226,109.6507,3.6599,0.5133,7.1272,7.7875,0.2038,0.3832,0.0949,7.7155,4.2648,32.8316,14.047,36.8562,81.8643,32.2755,11.8075,21.6068,63.5346,16.8487,54.129,0.1377,20.5075,39.617,66.7302,5.7206,14.9679,12.9543,91.7977,18.8131,17.0463,43.0863,5.9395,28.0632,17.993,15.4647,23.9604,2.7734,0.1077,15.0948,4.0633,2.5874,7.5827,22.6513,6.5317,6.2943,5.2587,0.3433,2.455,4.6303,27.7033,4.8712,14.2235,22.423,9.0351,7.2728,4.4907,13.6261,6.209,88.1796,7.4499,5.3624,29.4086,59.4368,39.911,5.1064,26.3553,3.4582,22.5599,13.9289,0.5202,138.4302,8.0787,0.9193,24.3875,7.6957,7.7907,48.2165,0.5034,1.1205,8.7605,0.108,110.9777,11.9416,16.7553,7.5333,15.1657,21.5598,9.5723,42.1093,4.7662,22.5319,66.137,21.9631,7.4298,25.3702,10.2547,37.5167,77.0654,22.123,0.656,3.454,5.3366,2.1835,5.9441,7.3228,3.8711,41.2599,3.6114,42.5048,12.7073,0.741,2800.852,81.138,2.9195,21.9282,0.1951,8.0804,2.4196,0.0037,8.407,12.6262,23.6386,7.9633,11.2452,18.4839,223.3082,12.4698,3.9832,0.005,24.9931,0.4629,0.1753,4.515,12.1466,0.6207,0.1127,62.1824,0.0423,60.2699,0.0097,51.8827,0.1798,10.4403,6.135,14.2472,0.243,5.9174,1.7378
TCGA-D7-A4YV-01,27.23333333,19.4951,31.6291,0.05,3.0992,8.7512,0.2128,43.2499,15.5441,7.4857,19.9667,17.8901,15.108,4.2866,20.5601,6.433,5.5003,3.5657,4.1855,7.8953,11.8186,87.8671,7.8579,6.0061,24.0303,27.7294,66.0432,11.685,2.0767,7.3308,30.7121,32.7746,8.3297,3.7287,37.191,11.2477,0.3317,0,2.2999,26.85,70.307,8.0628,13.152,43.6146,60.0596,25.4145,10.0835,8.8684,32.2361,18.4186,7.9625,12.301,20.1404,20.8774,12.8738,15.1265,10.4943,12.7011,3.5826,0.224,16.1185,14.6978,38.3279,11.2903,8.0785,26.4605,49.6473,8.4613,114.2795,21.3781,1.3588,19.4367,6.9596,11.4734,9.2652,66.0984,10.22,2.3532,23.1321,32.0869,34.3957,0.1303,7.3164,19.3613,67.6087,9.7287,10.365,20.3083,25.4226,1.8448,6.8698,22.0206,30.838,13.1664,7.0322,16.8456,24.4832,5.7771,8.6454,24.2554,0.1326,9.4119,6.0402,4.741,8.1144,17.3068,2.9364,2.4466,386.0754,13.7838,18.5403,116.0918,14.714,13.1837,2.9479,3.1133,12.5551,3.9044,14.3327,49.248,13.5516,28.5589,5.8019,4.7581,21.5291,2.4265,24.7033,32.3173,11.2362,94.7819,0.1128,1.8426,0.3691,23.8788,10.6103,4.3916,6.4839,14.1779,8.0472,33.1393,1.3107,8.2713,2.1352,38.5043,17.6398,6.7349,24.7621,14.66,40.25,10.2492,41.403,63.1861,7.107,2.9206,16.8547,4.9889,49.2385,9.2182,0.1141,9.3438,14.8487,0.1377,0.3877,0.1069,6.6552,2.5938,37.2265,13.1929,48.3205,96.6795,29.1887,10.7803,43.9596,44.4448,18.002,71.0569,0.4937,19.8245,39.919,63.8534,4.6958,19.1688,15.7903,41.1406,16.4693,16.2909,31.6229,6.5219,26.2839,11.4235,10.0876,11.2659,1.4187,0.5005,29.3647,6.9759,6.068,6.4817,20.6613,10.4093,7.6229,4.5555,1.1384,2.4477,1.6321,37.9073,3.7626,17.4806,8.896,6.3736,6.4258,2.7067,18.3105,4.4292,93.7013,7.5444,8.014,35.6661,39.5907,22.5432,3.5823,13.0411,3.2475,12.1117,16.5615,2.1001,102.8951,4.5681,1.1435,18.623,9.2156,7.7273,92.7192,2.3772,1.6522,19.1073,0.1778,44.7859,45.4825,17.359,10.379,6.0351,2.8019,2.7511,34.5128,7.7606,24.7107,44.8265,22.7219,6.8267,18.4239,14.3577,33.4308,54.5224,21.4485,0.6463,5.423,6.5201,2.5202,4.493,6.668,3.7079,21.0472,4.2379,41.6787,3.4121,0.5357,1077.3248,141.1621,4.8528,14.2119,0.2547,2.8486,4.6792,0.0237,5.4147,5.2202,23.7053,7.2394,17.8393,24.7336,116.9011,22.6937,6.6079,0.0052,32.092,0.1141,0.1335,4.3131,24.3926,0.5499,0.0309,69.8959,0.0441,59.631,0.003,52.2478,0.0868,9.6763,8.1942,12.9399,0.2927,11.6834,1.0108
TCGA-D7-A4YX-01,2.266666667,25.8896,45.5913,0.0085,1.8345,3.9713,0.0374,15.0716,13.1851,2.4575,13.0308,16.0704,17.6784,1.4007,12.0366,3.4901,5.3488,3.0008,1.9592,5.9106,9.5382,105.4663,8.0883,6.1227,14.1213,13.5222,319.1535,19.0922,6.015,2.2185,26.3485,552.6286,10.2801,3.5983,4.5476,4.6811,0.0626,0.0053,1.1519,36.9126,117.3801,8.1575,19.8288,74.0467,51.3479,24.1558,16.3355,4.4928,13.964,5.0696,0.3278,12.6113,7.5164,24.3861,11.119,8.7303,14.4989,43.7064,12.9039,0.0379,11.9247,18.5656,47.8735,8.1953,8.8663,27.2597,13.3283,6.1442,362.0133,20.0282,0.0207,10.3077,5.0915,5.4666,18.5977,78.619,20.2756,1.7744,23.5443,27.3846,19.9984,0.0628,19.515,12.3945,42.2264,3.8631,3.3806,21.3801,34.774,0.6106,9.6734,13.6724,24.8291,16.7156,1.9879,26.8403,52.4897,5.9735,16.1513,18.5062,0.1611,14.9577,5.2625,3.6908,12.1282,16.3652,3.2158,1.1813,495.5751,12.2759,28.3943,95.3319,5.6008,29.6356,3.5716,6.2148,3.3113,0.8522,22.3748,57.1543,11.7596,31.3688,4.315,6.3163,9.8375,2.8559,21.0864,18.2451,1.9874,45.0128,0,0.6865,0.1273,14.4223,11.8914,2.8448,2.0283,34.7459,6.5927,26.6636,0.277,3.1568,0.875,45.145,7.0098,5.2298,24.4972,10.305,43.1851,13.1397,25.6015,51.3235,3.6328,1.292,12.3184,6.1749,103.3231,1.0287,1.2515,9.2045,12.8841,0.0359,0.0307,0.0216,8.1486,2.4224,19.7115,7.2272,37.0338,77.7117,22.7963,10.0611,42.0559,90.9096,18.891,69.53,32.2284,13.8162,54.4367,49.5486,2.7446,5.8944,6.1776,128.2103,14.0937,14.0213,36.7114,1.7841,26.6291,24.8611,20.7446,6.1018,1.9012,0.202,14.915,9.7446,1.5658,8.9605,19.4422,5.9809,7.9152,0.6792,0.0901,1.6264,8.2363,33.707,4.0375,11.1569,14.9754,7.8742,12.2183,8.6743,0.7992,4.953,112.2544,5.5799,6.0534,30.012,59.9996,27.8349,1.2597,25.829,3.1935,13.9739,11.9562,9.9151,235.8201,8.5847,0.8759,23.622,3.8232,3.7626,62.667,1.1964,0.0919,14.9489,0.0736,158.3882,57.6328,12.1232,11.4266,21.4138,23.7957,12.5202,47.3214,8.2619,24.678,98.8465,54.1798,4.6388,30.2363,8.4317,12.6342,35.6402,21.1081,0.1112,1.8987,4.8567,1.4873,8.9401,14.4861,0.7827,69.6431,2.7404,31.5306,0.3315,0.9424,3033.2479,92.7267,2.6039,17.3845,0.0629,1.4255,9.0102,0.1308,3.5918,3.0155,28.3947,8.3203,17.9677,18.8467,328.1525,27.5451,2.0048,0.0018,30.9104,0.0941,0.0446,2.6201,19.0301,0.3077,0.0333,74.3943,0.0055,82.9321,0.0209,52.9659,0.1099,5.8527,8.7729,12.9257,0.1025,4.0882,5.5536
TCGA-D7-A4YY-01,13.63333333,19.5973,36.4454,0.0566,0.6766,5.4669,0.0667,13.5533,9.3731,4.0156,16.8537,18.6649,12.0576,1.49,7.0435,4.1546,4.4923,2.4317,1.3933,5.0083,10.5979,170.8348,0.6504,8.198,11.9024,18.5333,31.2647,12.5012,2.9363,7.8667,18.8404,84.0781,5.5018,2.4136,9.0164,7.6172,0.0055,0.0149,1.3494,41.0153,64.9,12.9587,13.437,76.8729,133.2415,23.4802,20.6668,3.0112,13.5222,4.6496,0.1753,6.6721,16.1512,32.6931,7.3743,12.3407,14.3898,40.3646,2.0311,0.2607,11.9839,11.4041,28.5781,8.0094,7.5042,30.8155,11.0634,16.1607,144.7583,23.9282,0.011,5.8764,8.2294,7.1001,12.4596,74.6494,5.6922,6.8315,17.4406,23.2099,37.3603,0.0741,5.1568,7.3198,57.6314,13.1951,14.7744,22.1059,28.3496,3.3,8.4927,13.7876,21.3825,16.2328,2.4865,30.3912,24.0294,3.9092,12.8975,20.0242,0.0445,8.054,5.1673,2.6827,9.1577,18.3629,1.4069,2.0166,428.5902,13.4539,23.7122,71.318,24.4657,25.5117,7.7172,3.0368,1.2571,0.8514,11.4256,42.2174,19.3641,23.7768,7.1238,5.2341,18.9713,3.3698,20.0041,12.7838,4.9739,86.7368,0,0.7052,0.1355,19.7614,10.0892,3.155,5.4598,27.7478,5.9314,26.3387,0.6366,2.3294,0.3987,43.2213,7.503,2.1904,19.8576,10.2589,24.7566,9.0204,35.0261,26.3508,3.3375,1.6844,12.1807,11.9934,72.0595,3.6529,0.1154,5.754,8.6543,0.1531,0.0751,0.1509,6.6449,2.5522,49.1813,13.8286,52.3094,32.1373,24.8325,15.6999,50.1376,85.0637,20.7001,124.7417,0.1698,14.0203,43.1355,62.8142,3.7566,16.9459,3.5226,19.2013,30.2136,17.2311,27.743,2.6656,31.1517,8.8728,12.9102,15.7676,1.9475,0.2796,28.3369,5.5055,8.2187,6.5016,19.4878,6.7376,8.2691,3.4571,0.0682,1.781,4.3437,35.1525,2.4662,12.8288,19.4454,8.8493,6.969,1.5517,20.5554,6.1558,87.2214,5.818,5.1926,13.9222,132.5712,10.8878,2.5784,14.6793,3.9203,18.0123,7.49,10.417,144.3404,5.0932,0.9807,22.2404,5.1884,4.5568,92.0025,3.7582,0.244,1.3435,0.0678,79.3748,20.9988,14.0513,5.2286,5.8289,33.1098,26.859,43.3723,6.0721,21.1455,49.462,19.1243,10.1486,24.6131,12.975,25.8765,57.8775,67.3855,0.225,4.6481,5.5764,2.092,3.6338,8.0807,1.2049,26.1604,1.9132,36.2206,0.7473,94.4458,5911.6397,141.14,2.1703,18.1965,0.8005,1.4561,6.2636,0.5528,2.0038,3.6644,11.9979,12.1681,20.8086,24.5822,263.7118,53.8545,3.9467,0.0034,39.1116,0.2758,0.2581,5.1903,8.1168,1.1843,0.0703,135.4288,0.0182,66.5074,0.0077,62.376,0.0589,10.2136,6.7469,24.1259,0.1277,8.5304,2.217
TCGA-D7-A4Z0-01,8.733333333,29.6537,38.7199,0.0479,1.3877,6.3396,0.4782,23.617,10.253,4.3314,15.4767,12.9186,15.9943,2.4466,8.6129,4.2542,1.6889,1.7238,20.1839,6.8074,9.9547,142.2604,0.6208,33.1864,20.364,17.0865,53.7752,18.198,2.8035,8.531,24.8569,33.6034,4.1546,4.5952,3.1199,9.4163,0.7036,0.0341,1.6154,59.4052,52.2808,5.0578,12.397,59.4746,48.1515,29.3711,8.9163,9.772,24.9625,7.7913,2.7796,9.1368,14.073,21.3918,5.0751,11.2924,8.0479,17.492,9.3708,0.2658,4.1728,7.0969,40.1935,6.664,7.2761,24.1151,17.2841,10.9223,83.8785,21.1613,5.0023,11.4489,24.7385,6.2568,5.7183,72.7407,22.6383,7.971,16.3132,22.2485,38.0076,0.7955,7.1771,11.4838,47.2572,7.2264,6.2715,16.3962,29.8096,3.6095,11.6575,13.1765,17.048,18.203,3.5306,27.036,17.5453,4.7039,10.2092,16.9559,0.0096,11.1093,3.541,1.5996,12.8852,17.098,0.5756,3.2527,356.8178,8.3274,16.4881,34.5837,27.4993,24.7786,1.4584,1.7086,35.1257,10.2714,9.354,24.2301,4.4082,13.8255,2.5379,3.2171,7.6133,10.7228,17.4456,39.189,8.0761,20.7918,0.0109,4.401,0.2029,14.2706,4.1321,2.1524,8.6613,9.2283,5.597,18.9655,4.5032,5.8698,2.8666,140.3233,8.3731,19.5887,21.2271,10.2793,41.3868,10.866,42.4199,12.4824,4.6902,2.7535,10.5663,3.9816,22.5858,1.4547,2.2454,3.8949,10.4626,0.4686,0.0504,0.4701,4.1678,1.203,24.2777,17.9943,48.8921,55.4124,27.9719,17.5598,55.3132,78.137,18.3334,86.1721,1.6347,11.2307,26.7876,69.8,3.2753,15.209,5.0492,87.7358,14.2982,15.5006,18.331,7.7716,33.424,4.8805,5.4288,14.5619,3.0298,0.0607,24.8275,10.9521,7.545,1.9178,16.6788,11.4367,6.1507,3.1091,4.3049,1.8569,3.0878,27.3223,10.1747,11.5624,32.9058,4.0732,5.5368,3.8018,9.9334,4.638,151.6365,2.9157,6.14,16.297,117.394,17.7938,1.902,10.8492,1.7587,4.5193,4.3096,14.6043,171.6095,2.542,0.6246,15.2091,6.5768,4.3111,71.8647,6.9349,0.1173,11.3427,0.0295,45.6652,82.039,12.0911,10.7739,24.1837,2.7196,2.3764,37.1919,2.9927,28.7407,45.0956,27.3984,4.5086,26.984,3.254,28.1895,33.5038,40.5282,0.6519,3.1095,2.5728,1.7655,1.4392,31.4602,7.745,22.5219,0.6263,58.0127,12.1434,0.4839,784.6997,173.5107,2.8156,8.2054,0.1337,3.8234,3.2815,0.1869,2.9961,5.4581,10.4241,10.9075,26.2538,19.1776,248.4367,22.5286,3.4238,0.0251,21.5229,0.1988,3.5316,3.354,12.6271,0.3356,3.4601,128.6831,0.0224,56.6744,0.0078,62.695,0.08,8.185,4.6609,7.1798,1.1566,9.4127,9.1987
TCGA-EQ-8122-01,5.333333333,23.5833,35.6985,0.0285,1.4912,3.18,0.3694,18.1148,14.7068,3.0413,12.7119,13.2928,18.2833,0.7843,8.4929,2.8796,8.5126,1.7164,17.2359,6.5854,10.9204,157.3828,2.9374,21.7783,21.0467,13.6443,76.0636,22.035,5.0318,3.9957,18.5611,4127.5106,6.1099,2.7997,5.9035,4.3383,0.0136,0.0692,1.2143,52.195,122.1416,8.6273,27.2351,90.2952,78.4973,17.2361,2.6504,3.0082,19.9256,5.2133,1.5873,13.1983,5.949,16.5671,4.2561,10.5643,13.6324,18.4481,8.2349,0.3488,7.76,12.062,34.0182,13.1377,8.0273,26.5246,13.6021,12.5952,110.4245,12.7794,0.0591,9.1536,5.6693,4.4464,6.1738,114.8309,6.8081,2.1964,10.7505,23.8761,21.1515,0.3603,7.7004,8.6695,58.0047,4.2617,3.9186,20.6482,26.9242,8.0086,13.4365,15.8609,22.2288,16.8323,1.1722,15.6862,9.9797,2.5648,14.8328,14.6857,0.0617,19.8272,3.7325,2.7671,12.6678,18.2727,1.9179,0.5158,466.3248,8.8618,29.0912,77.6464,9.0702,44.1183,8.5196,0.6137,1.0352,0.5641,22.2798,43.6495,6.8072,17.7439,3.234,8.6993,6.4047,5.6412,21.5309,34.9102,9.8322,42.3192,0.0183,2.3447,0.0688,13.027,8.3434,2.3381,7.9729,40.6861,4.7742,25.7301,0.5986,0.5072,0.1711,83.0104,4.5548,6.2831,20.9653,12.0325,43.0277,8.192,26.0098,7.1307,3.4492,1.4068,10.2714,8.8006,83.0623,1.905,0.6737,5.9611,7.2725,0.1493,0.4961,0.0881,3.2372,0.6575,35.4113,19.1437,26.1797,60.9419,21.4589,20.2958,49.6308,67.811,27.52,55.5765,11.6197,11.9464,109.7988,89.1265,2.6726,8.9274,2.035,41.2068,7.9778,11.6234,23.004,4.8135,27.7912,17.7465,20.354,13.1844,7.4581,0.6236,12.8378,9.4907,5.3096,6.7879,14.6979,7.7695,7.0756,2.7568,1.6893,1.0482,1.0892,37.7258,4.4555,11.7993,19.6933,3.5997,8.1304,2.2759,7.1157,4.4626,114.1415,7.036,5.2659,16.2225,55.1862,15.2977,0.1434,13.0435,2.4021,13.4529,8.6546,5.4603,126.4144,6.2492,0.8304,23.8869,3.3779,3.89,102.3953,5.1027,0.6006,16.658,0.3196,106.4854,43.3627,12.6687,10.6064,24.9222,73.6401,9.5513,53.4656,5.5788,13.3314,44.1671,16.7429,6.087,11.8553,7.161,41.4598,74.5752,16.4725,0.3681,4.0179,5.8277,1.3717,3.4863,9.7369,3.1612,52.2424,1.8972,37.2684,0.4256,0.2458,328.674,83.6656,3.2701,9.806,0.2593,0.7106,2.9271,0.0256,6.2702,3.0364,21.9732,6.9077,16.1953,34.0269,311.5029,26.9965,2.871,0.0217,14.1982,0.1649,0.5763,3.5433,10.1923,0.141,0.3124,241.985,2.2945,101.945,0.8266,86.1511,0.2259,7.3024,5.8726,4.1633,9.3814,9.172,3.6478
TCGA-EQ-A4SO-01,5.3,17.5953,20.8427,0.0038,1.3725,1.2244,0.0663,11.155,6.2684,2.9613,10.0823,20.471,8.073,0.2592,12.2296,5.7379,2.8604,0.6165,47.056,3.5704,16.092,80.7344,0.9812,15.6947,12.3111,12.6951,43.6372,10.4825,2.4865,6.5606,10.3462,62.1764,3.1175,4.0442,8.2058,25.3554,0.0113,0.0116,0.378,78.8739,117.6837,5.8126,15.0359,60.64,111.9618,2.5809,14.5634,1.3776,17.3007,9.1919,0.6425,10.3713,27.062,13.5358,4.0753,12.4168,12.3168,9.6522,8.8392,0.1919,6.5767,8.7145,49.0328,6.8442,3.2956,27.0544,9.8027,4.8551,256.2041,9.1822,0.2135,4.1715,4.3055,8.8871,5.1246,107.2739,12.2207,1.6379,20.3265,24.6475,16.4509,0.1525,6.4086,4.4771,50.679,3.7631,3.9771,21.7259,16.0503,0.725,3.4789,11.5332,18.203,37.1788,2.3313,13.424,23.9458,3.5702,11.7337,12.8197,0.0745,16.5692,2.7024,2.1125,13.1777,18.8034,0.6676,0.1847,352.4224,6.6798,24.587,89.7396,1.1402,24.8107,5.8658,0.3386,2.3508,0.5581,9.7479,38.2881,7.5069,52.9116,12.4986,2.9632,3.8803,0.5368,10.4922,12.7578,0.5492,53.8728,0.2017,0.4855,0.0173,16.0309,3.7913,1.5612,1.0041,65.6653,3.0622,21.3062,0.285,1.331,0.2985,47.5834,9.2467,1.7871,25.9534,7.9373,85.2659,5.3691,19.6977,14.8219,4.5878,3.1434,4.2285,6.637,93.985,1.1855,1.1476,4.6945,10.2488,0.0392,0.2443,0,1.7783,0.2787,6.4324,10.7088,25.2273,68.5882,33.5947,16.0386,44.8139,55.8624,29.4152,106.8321,8.757,6.0472,63.0251,47.2479,1.6183,15.6246,0.9804,35.3453,7.8708,13.1988,30.0227,1.2242,29.0551,13.6831,8.5395,2.7792,3.5317,0.4381,18.2129,15.3711,0.9182,3.1208,12.5244,7.9446,7.85,0.7737,0.7521,0.8774,8.9055,71.737,2.238,13.7808,27.9961,0.4477,9.5678,1.9554,38.1703,7.8886,151.396,6.248,7.5313,6.7018,67.9741,13.405,0.6306,10.8229,1.75,6.5769,2.3735,15.6332,195.1168,2.1707,0.373,17.9709,6.4267,5.7242,100.2357,22.7533,0.2968,17.2606,0.2402,59.0102,19.4681,16.2524,10.8867,30.8904,57.1975,9.698,31.0475,5.146,20.6993,43.016,26.1242,1.4045,21.7284,2.7725,9.24,67.7302,71.6684,1.3003,4.3887,4.3859,2.0749,2.9114,17.7639,0.3749,73.8758,1.2887,116.0113,0.1614,0.29,322.3173,70.4981,1.9152,17.3527,0.2815,0.2788,5.5477,0.1212,5.022,3.8127,9.2484,5.8415,18.7283,25.4395,233.1789,54.043,3.6896,0,15.4054,0.0406,1.2073,0.7834,13.2847,0.0795,0.1334,119.2987,40.7358,36.4932,0,53.253,0.0802,5.5391,5.6913,2.2728,0.0212,16.256,3.6859
TCGA-F1-6177-01,40.23333333,35.5031,66.5059,0,2.0235,3.064,0.0497,42.7176,10.2258,2.8242,6.2629,21.1095,27.5658,2.5672,8.2361,4.7609,4.7107,2.4608,1.0123,4.5482,10.3188,135.3939,0.9402,25.6734,39.0245,18.5514,63.3297,31.7913,2.6837,21.1351,21.4293,91.1381,18.525,2.4642,2.1285,26.4758,0,0,0.3587,58.8416,83.7726,16.7897,26.6319,74.3026,334.6573,14.2976,6.123,0.8446,18.8028,4.5485,0.0646,32.7597,8.1301,20.4786,5.5753,17.6846,17.7469,31.3961,1.3723,0.1627,9.8696,10.0578,61.3023,4.7884,9.8474,19.0208,50.7301,11.02,134.3757,15.086,0.0047,11.4429,3.2225,3.0322,9.3775,137.6961,4.1412,2.9098,17.8675,16.438,15.4392,0.0124,28.0568,11.8915,43.5904,6.4581,7.7228,32.6947,51.3131,0.3356,19.297,11.4792,13.0258,20.4454,3.3045,9.2181,62.6967,4.5151,9.401,12.8653,3.0863,21.1164,4.067,5.1845,5.1252,21.8864,2.2031,0.4548,533.1071,10.0846,19.5347,48.2001,51.4299,15.3888,7.6171,1.1816,0.2813,0.3419,9.4908,90.5574,33.7466,27.5794,7.3647,14.5411,5.7419,1.1043,27.7905,10.686,1.0606,87.2212,0.0015,0.5635,0.0495,20.4096,18.1706,4.7998,1.4932,39.9623,7.5164,29.3593,0.0754,0.6305,0.1594,22.3325,6.4051,2.8446,36.6857,9.3786,41.7104,8.6315,25.8659,10.8082,2.8393,0.263,12.1018,14.7983,110.0257,3.834,0.0492,11.628,4.7813,0.0494,0.0103,0,6.0746,0.898,11.6551,8.8886,19.1972,79.6996,35.0548,16.4671,68.2681,69.1178,11.5455,62.1285,0,18.4826,55.3286,70.3584,4.3786,10.8331,5.4186,10.2824,25.7978,21.2436,18.4236,1.0132,38.2147,12.9219,32.1176,3.9173,2.5597,0.3302,25.6,9.2631,1.66,6.6824,18.9466,15.3177,4.8015,0.2517,3.5576,1.2421,3.7623,33.4091,2.3417,17.073,17.8891,7.1947,12.9136,2.3914,11.5433,4.7149,58.7864,3.072,5.424,20.2826,35.8536,20.9313,0.7943,15.4366,4.9037,27.2188,25.8259,9.3153,155.1503,10.613,0.9979,32.5942,3.0433,1.9854,72.6273,6.74,6.4567,18.6832,0.0004,69.2405,42.8241,9.6905,8.0861,12.2125,5.1573,4,56.2976,14.4664,13.9559,61.8709,58.0255,1.8148,26.2005,31.5509,19.6134,51.8782,7.3549,0.2005,5.1151,6.1053,2.3873,7.8506,2.9993,0.4377,109.4236,3.6338,102.3403,0.1479,0.565,1365.3905,75.1488,3.0516,10.9923,0.0117,0.3037,4.8857,0.0162,10.6763,0.9953,8.6103,11.8212,15.4468,99.077,221.5405,39.4726,2.7052,0.0144,25.9814,0.1593,0.0251,2.9285,14.2254,0.1738,0,70.6418,0.0447,54.4167,0.0002,113.134,0.0602,7.1696,10.7404,25.6777,0.0789,5.7078,5.8878
TCGA-F1-6874-01,28.53333333,16.8027,42.1734,0.0336,2.0441,6.9228,0.188,24.6886,11.3771,3.604,8.1046,13.9806,22.1693,2.7306,15.6326,9.6647,4.571,3.4352,1.8756,8.9088,10.5947,171.068,5.1628,27.3088,25.5368,23.434,63.9197,14.3563,2.108,15.8718,29.6156,48.3818,9.5914,2.5186,13.5085,16.1834,0.1943,0.0207,1.0431,87.3316,35.1249,14.3826,10.8476,39.4862,127.4486,30.9027,11.5261,5.8273,20.1109,6.3533,2.6842,11.951,17.224,22.2203,10.8932,15.444,14.5509,21.3497,4.2694,0.2146,9.4301,10.9935,37.7427,10.3016,9.1087,20.3098,31.4655,18.3702,110.5101,23.7116,0.1103,11.8541,6.74,9.1497,7.5831,68.1031,19.459,3.0983,25.4312,24.7748,24.5386,0.0441,7.6295,17.5067,52.1224,8.3059,9.4153,23.5363,25.7442,1.2513,10.0459,12.5624,20.6332,17.9013,5.244,53.2407,31.1422,4.4912,8.0968,15.1347,1.4029,14.6933,4.1834,6.0556,11.3623,15.1943,1.51,0.8721,363.0139,7.6607,17.6758,59.6505,8.0951,24.271,4.9418,2.0566,1.5004,0.8094,14.6992,32.289,9.5871,18.2099,3.6088,5.0101,14.6408,20.049,23.0933,39.1596,8.8531,59.0736,0.0892,2.294,0.2233,18.3298,9.5042,2.4275,5.3222,26.9818,6.6013,25.2695,2.1297,3.6749,1.1803,49.9742,9.8956,12.5362,32.1263,11.4267,37.8147,7.305,41.3792,11.8826,3.7653,1.9354,16.171,9.5963,50.8459,3.0848,2.2052,7.1892,10.8988,0.1335,0.0339,0.0104,5.8846,2.1055,75.0805,23.1998,43.8496,65.9402,29.1489,14.9702,64.79,87.1216,11.3791,81.7581,5.5302,19.4861,69.9577,53.5299,4.3926,9.3607,7.3524,27.0687,20.5702,21.7074,26.2734,5.1292,37.6186,17.59,17.5419,11.3736,3.8937,0.0605,24.1022,10.0682,10.2696,4.208,23.5466,12.9613,4.856,1.9607,4.7495,1.4027,3.1802,36.5971,6.8015,14.9823,20.8023,4.615,7.8607,3.7523,21.9302,6.6536,115.1538,2.7928,4.0969,15.3954,76.3659,18.6288,2.0893,18.8164,2.9068,11.7426,9.0676,21.116,130.9403,4.7218,1.145,24.4778,8.9134,5.3959,52.491,3.9378,0.8923,19.5031,0.8569,62.7608,69.0511,13.0361,9.0321,26.8908,9.4593,7.3157,32.8282,7.2889,28.1313,43.9891,30.536,5.3334,30.8252,13.9447,58.8604,27.5292,23.3728,0.5544,2.6775,2.8883,1.8855,4.6618,11.9969,2.2869,46.872,2.552,46.4233,0.5151,0.4758,1978.6152,103.0535,3.8841,6.4989,0.0371,1.773,4.3011,0.1821,3.121,4.9,25.0937,8.9425,16.0181,35.5999,188.971,36.8061,2.2428,0.0554,24.6415,0.11,3.5107,9.8001,15.4061,0.2382,0.0271,78.1,0.0192,81.4355,0.206,36.3305,0.197,7.0689,4.8596,30.6719,0.2794,11.2388,7.9392
TCGA-F1-6875-01,2.533333333,22.4621,45.4928,0.0053,2.5273,0.6499,0.0266,17.7863,21.04,6.2619,11.7009,23.4455,26.5421,2.0911,22.8097,4.7105,5.1438,1.8693,16.6508,11.7532,14.1128,77.0665,0.6701,0.1556,34.4103,11.8864,107.4486,17.309,6.71,0.3782,21.5207,48.576,6.0907,2.1963,23.0286,22.3084,0.0082,0.5615,0.1178,27.409,151.5339,10.9451,18.2401,37.2237,422.7984,21.934,8.4957,0.9456,38.5468,6.2439,0.4137,16.7333,3.3208,61.7512,3.3833,19.704,39.8462,16.7591,10.1307,0.2528,11.3277,10.4922,22.6898,10.275,8.051,38.0605,49.1258,2.8447,51.1417,22.3082,0.042,8.7491,3.6129,5.2459,2.6292,135.5372,3.5177,4.0599,15.2297,26.2639,22.5665,0.0353,49.3123,10.0731,60.979,10.8496,8.4247,23.8072,70.0205,3.0994,1.4409,22.9065,25.1058,18.8926,1.3259,39.8757,22.9325,4.1709,7.0608,19.0296,0.0097,22.589,2.4597,3.2249,8.4328,15.4056,1.2515,0.1007,571.6903,5.3896,26.872,297.8591,1.2165,12.3195,5.4039,1.668,0.4666,0.4027,12.3418,72.1024,13.5393,6.4891,6.8753,6.3113,2.4658,1.0463,21.8364,19.272,0.6857,44.9564,0.1997,0.7141,0.0418,7.3338,7.4846,3.9642,42.7445,42.6596,7.2053,33.3037,0.1154,0.373,0.0461,120.5039,2.9239,3.4295,30.7846,11.058,43.7446,6.4383,49.1022,5.4857,4.9722,0.6814,9.2896,7.4623,81.6941,1.1414,0.7583,8.9674,8.4032,0.0214,19.535,0.0371,4.4415,0.3358,14.1632,9.4503,62.4672,118.8589,27.0252,13.4301,55.8713,52.0797,18.8961,86.7255,24.4525,11.1777,38.996,44.7356,4.5595,40.3455,1.0435,51.6479,7.4599,14.5561,27.0493,13.4955,60.9555,24.2322,14.2102,12.6905,7.7384,0.1512,77.5118,8.9084,0.5229,10.6336,39.9373,8.5803,8.0042,1.0293,2.9427,1.1791,0.5313,26.3669,3.857,10.9309,55.6132,20.8781,5.976,3.9647,32.3928,2.3531,50.0066,9.8958,1.8745,15.439,49.2009,18.969,3.8922,8.6338,3.4115,18.7571,7.604,2.4303,113.2233,4.0307,1.0803,30.5036,2.1996,5.0192,154.5702,5.1358,0.2254,6.9223,0.0357,119.534,22.6572,14.404,7.9481,20.9391,50.8844,20.571,45.9618,5.3361,20.0617,37.7171,12.9736,8.3216,8.573,5.4818,18.9845,62.3596,12.2895,0.5851,5.4467,7.5991,1.6313,3.5845,6.6274,1.1578,35.232,2.3839,18.7873,0.0272,0.0745,160.6076,43.9204,5.2117,10.7257,0.0903,0.1745,0.186,0.0126,4.9975,3.8709,8.7307,19.8007,28.0251,12.6396,56.5365,2.4981,3.0435,0.0197,14.0973,0.6816,6.2828,3.3755,5.4833,0.177,0.0048,95.9089,3.6058,29.1954,1.4579,69.6468,0.0677,7.1687,8.7482,11.4833,0.0757,2.7934,13.0682
TCGA-F1-A448-01,16.4,24.8792,44.0484,0.0003,1.2036,4.2573,0.1645,17.2048,7.4338,3.7336,15.7091,14.0413,20.3986,1.9587,4.8771,3.63,2.7306,1.2859,2.9388,4.3385,8.2999,86.0688,2.3862,6.6412,18.4493,16.8027,62.6629,17.5734,2.3867,5.8097,19.5422,36.5828,5.8058,4.5697,12.5953,7.2076,0.1685,0,1.0202,41.2701,88.0585,5.2781,15.7702,55.5133,110.7885,22.3123,7.1373,6.7831,13.5745,5.0728,3.5113,7.8912,14.0643,24.3496,4.0829,8.5922,7.7425,9.5468,3.6027,0.2023,6.5461,9.152,33.9153,4.8054,7.311,19.2811,17.302,8.3919,125.0619,19.4562,3.6028,10.1862,14.2744,5.8283,5.61,66.7797,27.083,4.0505,20.8939,17.9673,20.3668,5.3715,6.7779,11.0982,40.7753,7.9314,5.7909,13.8953,24.7049,2.0588,13.1165,12.0224,17.5014,15.3531,2.8889,51.237,19.7293,3.8267,11.5309,27.2905,0.0604,10.8561,3.6688,2.1844,16.1555,16.0197,0.9094,2.4198,498.1581,5.7929,17.6672,60.5713,35.1524,18.9161,3.8225,1.558,32.4595,5.8582,10.4594,31.6425,3.616,18.605,3.4931,5.1491,19.9246,13.1102,16.1771,51.9695,6.1671,38.6472,0.0006,2.8754,0.2114,15.1946,5.9046,2.8456,10.9638,11.9439,4.5666,21.6423,1.9316,3.6103,2.1037,76.0111,7.1384,8.4988,23.2119,5.3441,38.9044,9.022,27.2027,16.8418,3.6999,3.4139,7.7868,3.8752,39.9274,2.8142,1.8062,4.7056,11.2434,0.192,0.0727,0.1469,3.5467,1.7473,42.2252,14.8872,42.5922,73.0748,29.1635,12.7354,45.4446,73.5374,13.9038,74.1451,0.0883,9.2875,35.5699,64.3685,3.1678,14.1587,12.1285,29.6968,14.1276,11.7666,19.2754,5.6491,31.3497,12.336,12.3875,16.8869,2.7477,0.1987,28.4039,5.1074,4.3744,3.493,14.0515,7.843,5.2072,1.0756,3.7988,1.2339,3.4112,24.5162,5.8139,14.2602,37.4351,4.2757,4.6038,2.864,31.5326,6.0877,173.2664,3.2404,4.5353,19.3981,98.3325,17.1376,1.1548,14.7669,1.7601,7.3777,5.2123,11.8151,131.7637,5.4669,0.8504,14.6936,6.6218,3.4323,51.2814,10.4225,0.1151,11.5098,0.2495,33.1766,45.2826,11.3094,8.4853,31.183,6.0506,4.1218,35.4963,5.7516,20.289,38.9471,35.7952,6.917,17.205,6.5573,30.71,32.19,21.8933,0.439,3.3727,2.3165,1.2582,2.9339,58.2194,4.4691,36.3914,1.4288,90.9785,5.4216,1.0031,1398.1102,94.3644,2.9014,8.528,0.2028,2.9304,1.5962,0.1042,6.1977,4.7478,9.3074,7.3232,16.8903,20.9052,130.9646,19.084,2.8875,0.01,22.7885,0.3486,0.6869,4.0795,9.9859,0.4036,0.8355,61.8219,10.4051,68.0952,0.0537,51.4619,0.2388,7.6497,5.968,9.2529,0.7024,16.5296,4.239
TCGA-FP-7735-01,1.8,16.2388,34.3957,0.0137,1.2601,2.1068,0.187,11.5472,9.4109,1.4823,7.9545,25.1415,14.6561,1.2638,4.2961,1.8253,3.8444,0.9728,23.0533,2.5328,7.0236,142.1066,15.8225,30.4206,21.1367,16.8142,56.5921,23.8138,3.0156,5.1401,10.8791,391.2711,2.3486,2.7086,8.454,6.1927,0.098,0.0109,7.432,41.0439,146.6684,6.8208,13.3461,70.2981,64.0665,14.2471,1.5526,2.5736,19.0827,7.8053,0.9159,12.2284,9.2982,19.874,5.8756,9.6435,9.7698,11.7282,6.9367,0.1377,6.2449,7.4907,22.4364,5.4404,6.4961,12.7347,8.9977,4.2682,80.8975,12.132,0.7628,3.8179,4.5306,4.1195,6.0406,212.9737,4.2337,1.8809,7.0742,12.7198,31.0565,0.1188,12.0307,6.306,24.4993,4.7593,3.7987,17.4898,29.0464,1.3086,27.0699,13.0876,13.4927,19.937,1.0904,13.5188,30.2627,2.2488,7.9726,14.0424,0.0869,31.2178,1.9245,0.8989,4.8402,10.7233,0.5028,1.2688,1552.4899,3.8355,16.406,49.1946,5.9967,32.6206,9.1619,0.387,32.7237,4.6674,7.5897,54.9376,8.2014,13.5233,4.1825,5.2484,10.3969,1.426,16.5566,48.7106,1.6384,27.8483,0.0121,2.5083,0.1174,20.1003,6.7536,4.0647,17.7706,78.0641,4.9923,19.5462,0.3877,2.3353,1.2675,43.0786,7.0787,8.113,24.1427,2.775,54.0514,6.5621,22.1603,4.3281,3.1883,0.6348,5.2789,5.3842,40.4516,0.2144,1.4767,3.6905,6.6381,0.1359,4.197,0.0403,4.6789,0.7805,25.8958,5.2444,29.1531,43.4131,20.5945,33.3116,48.626,44.0925,29.1615,35.2555,0.6989,6.3611,85.0168,89.3916,4.0854,18.5848,6.0789,29.7371,7.6278,15.74,11.6303,3.1084,40.776,9.9328,14.4778,8.3966,2.6436,0.1064,13.6475,7.4506,3.0727,2.844,11.4592,5.7143,3.3203,0.4635,0.3682,1.3035,2.1199,55.4217,5.9843,9.0953,27.6029,1.2054,8.6745,2.3068,4.0388,7.2294,83.1915,2.8786,2.7258,8.8632,66.8127,15.4541,2.632,7.0915,2.7793,24.9562,4.1092,4.6495,177.2687,4.1206,0.9355,23.2525,2.275,2.2168,87.736,8.9965,0.8178,13.6688,0.363,123.7195,22.2119,8.5024,4.0662,8.7756,56.674,12.9363,36.8477,4.8928,9.1643,42.2285,25.6901,7.627,5.5547,1.9252,26.6646,66.7396,23.1386,0.3543,5.1341,2.3441,1.5822,2.4515,9.5093,2.3117,54.9342,0.7683,29.4901,1.9382,0.4953,3553.8387,86.6144,0.9874,9.8452,0.727,1.4121,2.591,0.0286,1.5888,2.6979,6.765,11.7279,9.5592,48.9567,174.8929,33.4704,2.7438,0.0075,20.1179,0.6411,0.2671,3.6323,10.1809,0.1798,0.2459,165.9343,23.3009,102.7499,0.0992,67.3981,0.3027,5.1987,4.0302,4.2451,0.9547,3.7407,8.3344
TCGA-FP-7829-01,7.033333333,18.5763,49.5746,0.0113,1.7402,3.2387,0.2757,22.0248,7.7945,2.0831,8.0739,18.1791,13.1239,0.5526,9.2094,2.659,4.0798,4.2096,16.9644,4.543,7.7488,168.7482,27.1646,16.0313,17.9371,14.5968,50.6401,20.8599,3.9465,12.2886,21.9002,39.8216,5.8093,2.0162,6.9942,11.2125,0.0517,0.0083,1.1681,60.5438,64.3003,6.7671,16.928,128.4145,227.697,23.5629,2.6945,1.3273,20.8379,6.5618,0.334,8.8744,22.3944,23.5042,3.0493,14.1989,18.3264,12.5046,8.0128,0.1495,9.0982,9.7992,28.7614,6.6621,5.013,24.7163,20.2627,11.2418,140.3885,17.6154,2.6836,7.1245,7.8553,6.7749,4.6908,117.5663,7.0581,2.5188,12.3113,15.7593,35.261,0.1099,10.6764,7.8337,55.5186,4.3223,2.7085,22.8545,40.453,2.8285,5.7281,13.3151,25.0555,21.9643,1.4496,6.25,24.6503,2.7577,6.5025,18.7996,0.1578,12.904,4.0121,5.4762,3.5602,11.4634,1.4996,0.8472,751.8018,8.8221,21.6909,76.915,6.736,79.8372,4.6512,0.3192,2.9908,0.9021,18.1098,43.4397,6.6124,18.1908,4.7437,5.6737,13.1636,2.8233,22.3214,22.9014,3.1859,30.3353,0.001,1.0216,0.0502,13.3172,9.3266,3.3597,4.2901,17.4042,7.7744,33.8446,0.2039,0.7599,0.1868,45.6567,6.4068,7.2973,36.203,5.9825,65.7942,13.2314,29.9371,7.8295,1.7487,1.1978,12.7812,4.7875,24.8017,2.0702,2.166,15.6574,12.3347,0.0379,0.4084,0.025,4.48,0.656,38.8687,12.057,31.1728,99.593,28.9971,12.0634,67.7782,108.1131,19.2273,81.9668,0.7106,13.4793,43.4006,49.388,2.3565,11.9547,2.2098,20.0592,7.4618,12.4387,31.4824,2.8122,50.6592,28.3342,23.4017,8.0864,5.6647,0.1377,17.2737,15.19,9.8886,8.6418,15.5153,10.0874,6.2905,0.9828,0.7121,1.3743,0.948,46.9569,5.3507,12.1443,28.0814,1.604,5.2899,0.9236,1.4749,3.1777,97.4304,4.4517,4.361,19.1258,49.2603,17.2753,0.2013,15.1204,3.7463,11.6849,2.6113,16.9487,276.0905,7.5577,0.9466,26.1638,3.347,3.5849,74.6083,7.3446,0.2914,23.5192,0.3214,66.9063,60.04,17.3901,11.1147,13.7473,28.596,3.3741,45.2219,8.0444,18.2826,102.474,56.4752,4.6029,12.7025,14.91,35.6388,46.901,28.5663,0.8661,5.7138,3.9118,1.2205,9.3472,8.734,2.2092,66.4751,2.2893,24.9328,0.8661,0.3915,467.5485,128.8105,2.439,13.5127,0.0989,0.7742,5.0974,0.0879,4.0476,2.7135,11.2954,12.4151,26.2796,16.0308,355.7505,23.1889,2.1572,0.0144,20.7298,0.0807,8.8772,6.3968,11.9313,2.1928,0.1874,95.2288,1.2209,126.6616,0,165.2472,0.4256,10.4389,7.7027,5.4352,0.7763,9.6516,11.3536
TCGA-FP-7916-01,2.666666667,24.5355,32.4749,0.0252,1.4809,4.5782,0.257,20.1947,11.0011,3.9314,16.8541,16.2263,12.1084,3.6549,11.0235,3.6353,2.3474,1.322,9.6992,3.9973,10.0952,140.8159,1.8068,11.0024,22.7783,22.7929,53.7226,15.3545,5.1197,4.1943,23.3001,43.39,6.0973,4.5599,8.985,7.4072,0.6982,0.0121,4.4051,30.8947,113.2673,9.1075,10.178,48.2633,66.255,37.6341,12.0876,9.7537,16.2231,12.1385,3.7028,11.9296,9.6009,16.5648,13.9546,14.7172,5.1825,20.7918,7.8463,0.3169,8.0254,9.6625,36.3622,7.4094,7.2361,22.8824,12.8313,14.8875,83.4729,21.6494,0.8087,7.6048,5.995,7.0097,11.5452,92.6903,22.3058,6.4471,23.8732,24.2527,24.5149,0.5963,26.2489,9.739,54.6239,5.4911,5.6939,13.1765,23.085,3.023,15.4225,14.7964,19.0451,13.072,2.4047,34.436,22.1443,3.8338,10.3474,16.476,0.0112,19.7971,5.4136,3.291,12.0522,12.1899,1.883,3.9236,399.8895,9.0966,33.3041,73.0669,18.654,20.5645,2.0515,2.8968,90.7231,5.4235,13.6484,31.3786,9.736,27.2755,4.6518,3.0423,32.1523,4.6072,22.8807,46.9275,7.2997,54.2403,0.0255,2.8247,0.5758,20.178,6.5343,3.0953,6.6772,24.0774,5.3033,31.6656,1.2518,7.7072,5.3373,85.556,7.6551,6.554,18.0562,8.8098,26.4727,8.6709,23.496,38.0059,4.1284,3.831,10.7472,3.75,23.9406,1.676,0.6806,4.2078,9.4084,0.3033,0.2718,0.21,6.7226,3.7387,49.6187,13.768,52.4221,45.9971,21.623,15.6533,30.2671,55.37,16.6796,37.7974,1.0658,13.2327,55.9171,73.3114,3.8356,16.7119,15.5066,52.0814,11.4539,13.3663,21.1584,5.376,33.2052,9.9872,5.3638,22.2365,2.3619,0.0619,23.3951,4.676,7.3736,3.4238,18.4782,4.5868,6.1077,4.4891,0.8985,1.9922,7.758,17.4365,4.2986,16.3099,27.2105,4.9453,7.0895,5.1319,5.9683,7.5333,115.4989,3.5959,5.0763,14.1136,83.3135,21.8644,2.0091,15.2427,2.7369,10.3441,8.4238,3.3563,157.1113,4.014,0.5425,19.9765,4.9882,4.7567,68.7093,1.4651,0.0419,12.6783,0.1517,110.2079,42.0038,11.1091,6.954,24.5044,5.7789,7.6146,36.6287,4.5507,24.0755,52.7278,41.6848,9.2381,11.6967,3.2661,50.1484,34.1042,18.1378,0.5876,2.354,3.539,1.5786,1.9884,16.4008,3.0685,35.1413,1.482,55.6086,2.3707,1.0763,4336.6829,118.3116,2.6107,14.7484,0.5687,3.7294,4.5796,0.0532,7.3953,5.7296,21.7715,8.4084,11.5847,26.5809,248.4881,26.2389,2.5436,0.0555,25.2482,0.3967,0.7033,6.9422,16.5743,0.7945,0.5423,262.2962,0.0946,38.5721,0.0595,62.5687,0.1042,8.0582,5.5099,6.4506,0.3482,7.5634,5.2606
TCGA-FP-7998-01,2,31.8299,30.2611,0.0374,3.0615,4.6569,0.4574,21.4323,13.7081,6.1574,14.9719,11.6008,16.9077,3.8742,11.0822,4.7291,3.7041,2.3037,8.5232,6.631,7.8138,90.6755,1.3594,9.668,20.7493,21.9823,74.256,17.2994,4.6166,2.8311,27.4755,33.4536,5.0606,4.3204,10.5419,2.2999,0.7616,0,3.9181,35.5342,84.2853,5.9266,7.7206,33.6765,59.3223,39.278,55.4086,22.9299,24.0877,11.9746,2.9502,11.6321,6.6719,14.9945,18.8705,16.6042,9.151,23.9403,11.408,0.2279,6.8799,12.1192,34.8386,8.098,9.3389,19.6219,23.1129,20.1994,87.1322,17.233,2.184,11.2341,6.5515,8.212,13.958,72.5387,22.4798,2.4045,19.1,25.0366,27.874,0.1767,14.5966,12.8038,49.6494,5.5358,5.7215,19.2766,20.2457,2.864,20.4234,13.7275,22.9391,13.0496,2.53,49.4644,44.7987,4.0977,7.9599,22.866,0.0548,16.5294,7.1453,3.9619,15.3757,16.7792,2.4347,5.0176,416.1581,7.925,20.4806,48.6836,20.6701,20.5235,1.7454,25.2608,56.0685,4.5261,17.9228,32.9787,9.925,29.5768,3.4958,4.6423,54.5892,9.4462,19.2558,50.2958,14.645,34.9854,0.0025,3.1505,0.8891,23.2005,7.7156,2.9574,10.5009,16.9265,8.0829,26.0065,1.1688,12.9799,5.609,42.1689,9.5144,10.3369,29.081,12.71,30.261,9.6414,30.2941,54.8864,4.1814,3.6184,12.564,3.9007,38.425,2.0281,1.3635,5.7632,8.6237,0.2416,0.3257,0.1836,6.571,8.1796,46.8756,18.6744,51.8648,43.0796,26.1586,14.5286,32.4025,44.3681,16.2458,32.0798,2.6276,13.2862,45.8392,93.1997,4.9038,16.4368,25.9641,74.3292,15.3699,13.9719,19.5709,6.408,37.8628,10.8269,11.5323,31.2216,2.0112,0.04,23.7784,6.5976,1.5349,3.2478,21.4229,5.9375,5.6787,4.7471,0.549,2.8071,8.7215,17.3105,7.4195,12.1442,17.2987,7.6653,10.9805,3.1521,9.4528,4.9522,137.9148,4.3553,4.8305,18.4518,67.3086,16.8601,5.2511,15.4322,2.8686,12.7111,8.3537,2.8124,94.6927,2.2777,0.737,22.6954,6.542,5.259,40.3149,0.2893,0.0716,12.9003,0.119,84.2492,31.8009,9.081,8.2474,13.8021,4.0823,13.0516,43.2143,5.185,26.9907,39.0892,33.1937,10.3962,8.3104,5.9029,39.5543,40.9957,17.5743,0.8459,1.4827,4.2288,1.8305,3.9901,17.6139,3.9616,40.5827,1.6429,57.2646,2.6042,1.8282,6307.1099,63.6991,3.2067,10.3398,1.0624,8.9468,3.175,0.0148,8.5407,7.2983,22.3663,8.0855,11.9296,26.8806,133.777,21.3756,3.4627,0.0035,32.2484,0.4423,0.2968,11.9518,14.1129,0.8884,0.1801,96.5085,0.1303,33.8209,0.0146,38.2358,0.1094,8.5746,3.9644,10.939,0.3423,8.0146,0.9105
TCGA-FP-8099-01,3.633333333,14.7564,33.0307,0.094,1.2229,4.1761,0.132,11.9745,15.9281,2.2135,14.5299,20.8956,15.6758,1.1498,12.2349,5.1918,5.3103,3.8445,10.4804,4.5553,8.7243,132.7666,9.0519,16.176,17.6447,28.2848,80.5766,20.2851,5.4304,216.2803,23.3285,46.3926,7.3426,2.3863,46.4717,8.7572,0.0754,0.0203,3.8554,40.2179,144.6269,10.9949,18.9512,53.4159,103.0267,29.126,4.0772,2.9239,16.6744,4.6661,1.3912,11.5762,6.1849,28.4764,10.2579,9.605,22.7266,23.4405,5.9438,0.4004,12.2136,8.678,43.3156,8.402,4.3249,24.9325,13.3615,13.0886,99.0807,16.7203,0.1086,6.5138,5.3729,6.5661,7.2194,75.804,10.358,2.1419,16.6083,20.0358,34.9623,0.096,7.1758,9.5267,61.2207,5.9387,5.3125,28.3344,20.6434,1.9626,7.168,10.4052,22.065,19.302,2.1572,29.5723,30.8964,2.8309,8.0477,15.4875,0.055,10.7911,2.1549,4.5318,9.366,22.2837,1.3831,1.4118,646.2822,8.3495,24.6306,313.5852,6.6189,26.6235,6.5794,0.81,14.0476,1.0755,11.4485,42.3368,3.5066,54.0705,2.9128,6.0347,8.6657,3.0889,22.8173,19.1165,4.2485,58.3548,0.007,0.7325,0.0842,23.0417,7.4245,3.1598,4.7347,14.4011,5.8032,28.7338,0.3434,1.2252,0.9235,91.4316,7.3488,3.5275,33.3453,7.8242,42.125,5.2164,23.7284,7.8853,3.7196,1.8148,7.9642,9.6893,49.6014,2.366,0.1095,7.1183,7.4422,0.0822,0.1939,0.0728,6.3321,1.3225,36.2098,24.2221,35.6491,82.2715,22.065,16.2622,33.0892,52.2121,17.7319,35.0906,0.7952,13.5364,83.9243,49.8895,3.2525,8.4985,2.9513,28.885,14.6962,17.9426,26.5753,2.8066,27.0935,16.6117,12.1005,24.122,4.9925,0.0395,13.7465,9.0051,4.9972,5.4644,34.4917,7.6069,3.7437,0.8875,0.1237,1.917,1.3499,19.515,4.0939,10.3369,24.2736,7.5907,13.6002,8.3577,49.1436,5.9643,55.6071,4.6382,7.0469,9.7721,89.3855,29.4721,0.4006,14.7434,3.4961,13.4595,8.9281,15.3577,152.4224,8.0568,1.2306,22.1971,6.9869,4.467,78.685,2.8318,1.0863,19.0253,0.3775,89.8558,35.7667,11.5038,7.6859,21.6948,16.5641,5.7329,38.643,4.4052,21.7404,45.3081,23.2022,4.9295,18.057,12.8792,60.9848,30.1973,22.0896,0.2757,2.9037,4.3503,2.0196,6.0659,10.6992,0.9483,155.0548,4.059,35.4978,0.662,4.1209,3600.2109,121.43,2.0952,14.0647,0.2507,1.4049,1.6369,0.0548,4.38,4.1381,32.6567,8.3411,28.8211,35.8793,192.9582,23.0348,2.4887,0.039,19.6262,0.2074,1.3929,8.7718,13.7438,0.4365,0.1307,186.7178,24.3416,92.8186,5.522,124.2969,0.0678,8.0086,8.3526,16.5365,0.478,6.5615,3.8334
TCGA-FP-8209-01,0.03333333333,55.5024,34.024,0.2766,1.8675,7.711,1.8794,28.5792,13.5629,9.1856,19.8335,9.6254,16.1359,8.6785,9.7377,6.6049,1.7408,0.9508,12.1275,9.8213,9.7094,9.7787,2.7488,3.6537,27.2687,31.535,40.5907,12.638,6.0378,16.2072,28.1331,14.5437,1.2974,3.1774,18.3403,2.1448,1.7205,0.0126,3.8537,34.7435,93.1109,1.6899,7.5949,9.9901,72.6424,32.9548,8.9682,15.5515,14.2842,5.4359,15.4932,10.5098,7.9676,18.8544,10.5534,16.943,6.0076,8.11,8.5883,0.7053,3.6614,9.1695,21.8217,7.9207,7.1158,18.2193,24.7698,31.1103,57.1551,11.092,13.3395,15.1315,16.376,11.3504,19.6677,63.484,13.5728,9.8302,25.6688,35.2839,19.6206,2.2618,1.6506,16.4314,49.8248,6.738,10.0796,10.4683,19.3548,7.0725,22.7938,39.166,20.8631,14.5711,3.2242,59.2087,16.8101,5.1828,7.6884,16.3397,0.0188,17.6769,3.0505,2.8831,28.8051,19.4165,0.3266,6.4432,190.9007,6.1247,12.6711,22.3275,50.3905,28.2129,0.5353,1.2753,105.6371,21.9323,10.2492,21.251,6.9958,30.8823,3.9023,1.5937,30.2598,6.2974,15.9051,138.1779,38.1364,9.5185,0.1016,4.3082,0.6757,17.0886,2.3214,2.0907,41.3157,4.2578,7.2517,22.1429,2.1858,18.567,4.3994,234.0311,7.9569,9.7933,18.2772,20.9979,28.453,7.965,44.7839,10.6464,6.4479,8.5125,11.7347,3.0227,47.418,2.4168,0.5398,4.6291,11.0732,0.36,1.2104,0.4863,2.9122,3.8628,61.4923,16.6187,56.4316,40.3801,28.9052,21.7393,25.2106,33.2123,13.4105,38.2455,3.4764,17.0557,21.1019,77.744,6.2123,15.7686,3.7162,119.0173,10.3687,18.2171,21.1465,21.0148,25.5205,1.1767,1.3877,38.4135,4.4231,0.0612,35.2956,9.2543,3.2231,1.3659,19.593,4.51,5.3787,14.4704,0.4604,2.51,3.9036,16.7054,5.2879,13.0458,20.45,12.9559,3.6988,5.2549,22.5041,2.973,118.294,4.1931,4.7766,13.6266,153.633,14.5745,2.8124,7.9407,2.3474,4.6567,5.1364,2.5585,74.9203,0.9012,0.7294,17.2142,8.785,6.7465,11.9796,2.4238,0.0551,5.2148,0.1942,29.1574,30.8297,9.4265,6.8778,50.3262,2.8178,9.1266,30.5058,2.165,25.4871,20.3279,14.3562,14.0287,2.5419,1.0438,39.2439,36.0009,13.1059,3.0836,3.5332,2.6906,3.2385,0.6921,12.8662,8.0499,13.1167,0.4364,375.6202,23.2602,0.5627,2145.3325,73.7714,4.774,4.5514,1.0329,3.6804,2.9497,0.0505,2.7941,12.1774,12.8872,6.2079,11.2935,17.0426,51.8802,12.549,6.4308,0.0302,22.9474,0.5901,0.3789,6.383,11.2993,0.6114,0.2776,79.2426,1.3925,80.7448,0.0911,19.0501,0.5654,8.6237,4.6337,8.9771,1.0696,12.3213,3.5108
TCGA-FP-8210-01,0.1666666667,37.1805,30.2747,0.1651,1.9782,6.1353,1.718,27.1996,13.5407,7.6083,16.8479,10.6914,17.3399,6.587,11.0558,4.29,2.3921,1.28,12.9842,7.6115,8.1342,52.8193,2.4172,11.7738,27.45,29.3839,50.7021,14.7089,4.6835,8.7513,25.6263,28.7318,2.5948,3.8318,11.3167,2.207,1.0101,0.0551,4.1464,37.2688,101.5361,3.5233,8.4478,23.8619,68.7234,33.4189,8.7961,16.7937,13.3573,6.3095,9.4985,10.2778,7.4113,19.6377,11.8396,16.9948,8.6018,14.131,9.985,0.5093,5.9974,10.2103,34.1714,6.8471,7.958,25.1722,23.0402,26.4076,82.4398,13.8291,11.5748,10.0809,19.7027,8.7032,14.6386,79.7119,9.2339,10.5551,23.7407,23.3075,20.4167,2.4587,5.4453,13.156,46.7304,6.7055,6.8593,14.6597,28.1738,8.4959,13.7641,19.3687,18.3038,14.893,3.621,20.3493,31.5253,4.8602,8.3254,23.9817,0.0272,15.1875,3.8472,2.2437,20.8119,20.3474,0.6459,6.6546,254.7284,7.8978,18.2818,42.0319,36.9933,19.9619,1.8947,1.4782,143.6531,28.1744,9.6564,32.663,6.1036,32.1224,3.4193,3.446,27.0994,10.2062,19.0448,102.0448,23.435,22.5445,0.0182,6.194,0.8182,18.4216,5.0197,2.4735,17.6812,13.5008,8.6233,24.4381,3.4928,15.2688,6.1572,69.2796,6.8246,8.8083,21.1732,17.0477,38.3461,10.538,33.9683,13.8686,6.7182,5.9586,9.9688,4.6982,45.1353,2.3382,0.5951,3.5004,10.3497,0.449,1.219,1.1674,4.5262,2.4237,77.0016,22.0161,50.7891,41.6087,26.6387,26.1872,30.2703,48.7844,15.4864,54.6963,2.2392,16.2147,18.456,75.5789,5.6881,16.8896,7.3947,116.593,13.9476,16.8983,21.186,12.1906,34.5468,2.7838,6.1582,25.4173,4.0041,0.0378,27.9742,5.7468,4.4145,1.9595,22.4449,6.176,5.3627,15.9483,0.5102,2.1522,4.4065,19.3059,5.2793,13.4928,46.406,8.7668,5.0895,2.9101,14.0391,3.9192,76.2843,4.2613,6.0845,14.2031,77.2556,15.5157,2.5681,8.2071,2.451,6.3459,4.7675,6.4134,112.2761,1.5396,0.5548,17.4778,7.5275,4.5034,37.6011,3.0656,0.11,9.0976,0.1724,33.5315,26.8528,10.7181,7.7792,13.4346,4.644,8.0336,29.2223,4.19,24.8692,30.8539,22.855,17.0152,8.2741,3.1953,56.0234,38.4851,13.0882,1.051,3.4346,2.6898,3.3903,1.2521,8.9871,10.5953,12.567,1.0799,67.0966,24.3776,1.3796,2918.0014,89.1549,4.1169,7.2215,1.0019,4.4296,3.2559,0.0716,3.5554,8.7179,15.2245,7.5285,11.3954,21.8163,131.4991,20.8418,4.4025,0.0666,24.5643,0.2893,0.5782,5.7189,17.3792,0.7556,0.7792,49.7573,0.5259,63.3506,0.1101,33.9444,0.1346,9.5109,5.5326,10.2185,2.007,5.625,3.9893
TCGA-FP-8211-01,3.333333333,11.906,45.907,0.0021,1.1034,1.9757,0.1023,15.8282,8.1312,1.8077,15.7921,17.1136,25.7448,0.9329,4.7167,2.337,0.5174,2.4385,21.7516,2.2234,10.1145,112.0847,0.2723,4.3837,12.7995,10.2146,34.1034,21.4239,3.7927,11.0141,23.1582,48.2538,5.8086,2.5341,10.403,10.9666,0.1759,0,8.0391,45.3265,135.6937,6.5349,9.9732,76.8539,102.1658,22.6297,17.0664,3.3572,12.6809,4.3879,1.9528,9.7303,10.3073,25.2218,4.455,11.1567,15.8547,14.9608,8.0029,0.987,12.7029,18.6801,41.7825,1.8441,5.7844,34.5162,7.059,9.4227,202.2395,24.7858,0.2135,7.3911,4.6812,7.2885,4.4854,57.2131,9.0697,0.7016,4.9934,10.0497,11.8107,0.2659,16.1848,10.0368,34.7177,4.8507,3.6103,18.0892,37.066,7.7849,9.694,17.0071,15.2577,19.2895,3.1321,11.0505,34.7767,2.327,17.424,27.0934,0,8.1161,1.563,2.598,17.0985,19.8755,1.1088,0.8361,581.9564,13.8425,23.4042,95.5391,4.9742,15.8286,7.5333,1.0947,8.2218,1.6505,8.4146,32.3192,15.9657,24.2021,7.3688,4.1442,4.1731,0.8859,18.3597,121.5678,0.9792,50.6112,0.0663,0.9871,0.2669,24.0979,5.1155,1.6131,2.2562,37.5824,3.3067,18.3616,0.1586,2.135,0.7258,143.0161,7.712,4.1167,37.084,4.5982,66.1935,6.7344,29.3646,16.8646,4.1092,6.341,4.4663,10.9624,41.6485,1.2697,8.392,7.5218,10.6213,0.0699,1.4559,0.0321,6.993,0.5554,13.7018,15.7758,35.2316,46.0277,28.6272,12.2955,38.4534,41.8828,30.5791,39.9299,0.9806,5.1504,56.5481,56.2629,1.5997,8.7103,3.1586,55.4266,9.8233,11.3747,24.828,1.8606,40.0659,16.0518,13.6844,5.2905,2.8866,0.6233,22.1231,5.5161,0.7282,4.171,16.5753,5.5521,7.7527,0.5419,0.4313,2.1948,6.067,23.6439,3.4333,7.3028,34.9536,7.2505,11.3262,2.7743,6.3182,17.1493,103.3398,3.6418,4.6017,11.4318,109.1404,12.4663,1.2016,9.5872,2.6979,7.203,4.2,15.1228,231.8578,4.4789,2.3479,16.967,5.7753,2.2783,145.3315,3.1182,0.2891,8.8646,0.1592,126.5234,50.3645,10.7642,4.102,14.8643,22.0023,11.046,33.284,6.9479,18.4941,43.0426,21.5,3.3067,70.9553,2.1396,58.0506,34.6851,31.5297,0.4268,8.244,4.0362,1.6975,4.6187,10.2208,0.6515,37.5185,3.3524,115.056,1.0674,0.4936,2745.7008,133.2301,2.3045,25.1631,0.0817,0.6828,0.427,0.0023,4.1612,2.1429,9.8618,9.1034,9.2057,41.7688,187.9277,50.6887,1.6311,0.0403,22.4956,0.0768,0.1977,1.028,11.917,0.0905,0.404,128.1558,31.7926,86.4263,0,169.6367,0.0675,6.1928,12.7562,22.1558,0.2195,18.3548,4.9221
TCGA-FP-8631-01,2.466666667,17.9266,44.2049,0.0325,1.4532,2.4014,0.2604,19.1526,11.2343,2.1798,16.2914,10.5934,12.2428,0.6192,9.0323,1.7592,2.5208,3.0364,16.599,2.6798,9.1371,77.8948,33.4358,45.7996,11.7263,13.9231,26.0971,29.732,5.5461,6.1535,15.4404,347.8953,1.8532,4.8721,3.6975,24.6073,0.1962,0.0771,0.4988,43.1349,212.474,11.1039,32.1408,78.7544,57.043,20.1569,2.9363,1.8577,18.7248,8.2936,1.4068,8.1808,7.1656,22.1518,3.6111,16.5007,20.0745,13.7019,3.8147,0.28,8.9107,9.5866,22.5065,7.1162,2.6139,15.4897,8.6822,7.5181,89.8139,16.1613,0.0315,6.3649,12.8105,5.444,5.0579,53.1894,14.8898,2.6238,12.6247,25.0113,17.3679,0.4995,3.6241,8.3538,33.6581,4.9372,3.9964,13.4154,18.9125,3.1912,4.7908,18.8535,18.6672,19.076,2.24,9.577,16.2791,2.2394,32.865,25.7824,0.0818,9.4107,3.9728,2.3923,12.4078,15.424,0.9097,0.5955,736.7451,11.6294,30.6512,55.7532,7.3434,41.5181,143.1311,0.6061,3.6166,0.7655,27.818,34.8593,8.413,25.1021,10.2297,4.7914,3.5713,2.0023,20.1556,20.0177,3.3164,38.206,0.0563,1.0499,0.1796,10.0503,6.5701,1.7518,7.3994,44.8667,10.9033,33.1128,0.2863,0.9246,0.3007,148.4755,5.8624,7.5783,15.3811,6.0655,37.2519,5.9238,17.3746,15.0921,7.1287,3.3784,8.5897,6.6986,24.4506,0.5383,1.1731,5.4482,10.4227,0.1621,0.0884,0.1238,4.7108,0.6457,43.2836,37.2581,38.5369,89.9647,19.6765,11.9485,17.0993,71.2678,30.5304,42.6503,10.6939,10.6842,41.2572,44.7397,2.0497,6.511,4.0347,20.1865,21.5491,20.8626,28.7987,3.7009,35.9587,16.8078,17.7422,11.8753,6.5556,0,19.0494,6.5596,8.3742,3.6427,15.2056,5.3437,5.9913,1.0013,0.4565,1.8882,1.197,38.6915,6.7155,12.3318,45.6382,2.2401,10.548,7.2783,10.8848,1.9785,168.4414,5.4398,4.7811,18.3631,127.4833,12.7639,0.1141,12.1607,4.8806,6.1765,8.151,21.6694,348.9333,7.0896,0.6273,19.0018,5.9284,2.9042,103.3059,1.7377,0.0409,19.7132,1.2349,63.8338,46.7683,7.4781,8.0727,64.0916,8.725,3.4422,32.6412,4.6527,13.525,48.2169,19.2,6.1732,23.4437,0.7172,31.6729,35.6781,38.6626,0.1843,4.0279,2.4689,1.1846,5.9643,19.4788,1.5149,112.4279,2.1057,134.9294,0.4249,0.3667,334.0637,71.2645,2.6427,11.636,0.2783,0.8282,3.8088,0.4331,4.2559,3.045,13.3782,10.915,9.6368,39.1436,120.0456,21.4714,3.4142,0.0819,22.7108,0.0451,0.8454,2.7225,10.2695,0.2143,0.2228,126.5227,1.0833,19.0618,6.6894,122.5516,0.9496,8.4215,4.5037,5.3872,0.4491,12.9139,2.5873
TCGA-FP-A4BE-01,45.33333333,15.179,46.1305,0.043,4.3247,3.6882,0.0726,13.2076,10.1347,2.1698,17.0828,17.8654,19.4375,1.907,4.9099,4.149,2.6527,0.9761,2.5226,4.7895,15.0559,101.2191,10.2653,11.7483,25.2546,15.6363,39.8089,21.6083,1.0317,2.1202,17.5556,36.2291,7.1355,3.0781,11.9473,18.919,0.1001,0.0286,2.1706,79.6074,116.1162,8.9921,16.7731,79.2686,127.9604,15.8693,4.2784,6.3193,23.4588,8.2375,0.4862,7.016,21.6168,22.2475,5.8364,20.0136,17.3329,19.2517,8.298,0.2542,2.4488,14.5586,34.6737,7.8219,11.8481,19.1169,18.6675,8.0357,176.9317,32.5009,0.0668,9.3377,2.9402,6.7405,3.8355,91.7454,10.0447,1.5766,6.394,20.5559,25.3365,0.0916,3.4424,12.4716,45.1242,7.7972,6.2383,24.2464,38.7364,0.7335,11.188,14.5469,29.4202,20.5263,2.874,22.1772,34.6856,3.059,15.9098,17.016,0,10.9627,2.4305,2.0244,7.9628,15.9129,1.3411,1.8856,809.391,8.7469,22.4292,67.9075,8.4608,33.1503,5.827,2.2767,9.9141,2.5526,11.8869,51.3861,6.6026,30.2274,8.0374,6.704,13.7172,3.047,21.461,36.5841,1.9464,51.7574,0.0011,0.9999,0.1946,12.2803,5.0319,3.6507,1.976,47.2204,6.1757,28.5557,0.3267,4.0759,1.744,94.4072,4.4473,3.6048,32.2403,7.6859,58.7635,8.7055,28.732,11.7549,3.7833,2.2055,14.9682,9.4888,73.6964,2.9116,0.3242,7.406,9.5462,0.093,0.0809,0.0213,5.5453,1.9697,23.3562,16.8501,31.3742,79.9994,28.1444,16.1993,54.9555,189.7872,22.1519,133.088,22.0384,17.2301,53.2293,40.6099,3.4435,4.0606,8.6631,14.5567,26.8603,17.7788,28.7266,1.8697,59.686,26.2259,30.8234,11.1665,0.541,0.1539,22.7169,8.3469,2.3315,7.0199,16.8521,9.809,7.4284,0.941,0.1709,1.1627,1.6232,67.6461,3.0711,18.1338,18.4287,4.0654,9.2023,0.8638,1.5334,8.6518,113.9354,2.8516,3.244,28.3918,60.4041,12.9503,3.7242,18.6483,1.4619,15.8238,8.7884,6.7804,143.7918,6.1286,0.6096,35.2164,2.9282,2.7708,45.3479,0.1475,1.5504,8.9532,0.0556,61.204,17.5163,9.0743,6.9578,8.0746,21.1811,2.6815,47.6546,9.2555,24.6226,78.5542,66.7644,7.2566,20.5877,7.475,17.5847,78.1083,22.9402,0.1228,3.2493,4.5751,1.3621,8.0391,13.1563,1.1202,37.5518,1.5855,52.0715,0.3763,0.9779,4231.8864,111.5532,1.8346,13.3465,0.0842,1.89,2.4088,0.034,5.3955,2.9898,14.802,8.5858,17.7802,19.1755,240.7024,23.0501,3.0554,0.0042,26.7788,0.0604,1.1496,4.4784,24.627,0.8096,0.1229,95.8242,0.0211,63.1148,0.1809,49.0361,0.0797,10.1933,5.0925,37.0133,0.1116,10.7592,12.5814
TCGA-HF-7132-01,37.53333333,25.1835,40.3309,0.0292,2.2034,6.3531,0.2933,21.0222,8.5707,3.3031,9.744,17.5547,19.8899,5.7808,9.0606,3.8832,4.4083,1.9112,5.702,5.6215,10.6225,121.793,6.1329,19.3927,21.195,17.8379,52.7893,16.3993,1.8602,8.0081,22.2226,63.3266,5.8954,3.5071,7.8035,8.3776,0.3907,0.0092,1.9506,55.7952,70.2572,7.9421,12.5216,51.9363,145.0424,26.3393,10.1637,5.371,15.1963,6.4538,2.7613,9.6358,12.4045,22.3964,8.9444,12.0694,12.3675,10.5377,4.9652,0.2433,9.7529,11.0546,42.0105,5.4921,6.9264,26.4709,29.3001,15.0287,147.0216,18.5304,2.5218,10.0713,9.0576,6.1522,10.2232,89.9685,9.0815,8.7607,20.2605,20.2886,25.6854,1.1087,13.0017,13.4175,51.9981,8.0078,8.6218,20.2251,28.5578,3.0501,10.4576,13.2546,18.5696,25.2963,3.2809,24.2949,19.7699,4.6203,7.2557,14.3571,0.0108,13.0308,3.4481,4.6878,5.5998,12.4152,1.386,2.7816,397.9549,8.0741,20.4765,76.226,63.69,16.2352,6.0912,1.9908,56.3913,7.2153,9.818,39.1386,15.4856,31.9792,5.3311,4.4232,30.8538,4.2769,21.9996,43.5889,6.2033,68.4598,0.1178,1.3725,0.2476,18.965,5.6908,2.7366,5.3082,4.0245,5.2502,28.7359,1.2825,7.8496,4.2523,88.5684,7.6796,4.724,33.8965,8.7837,63.2196,6.0922,32.329,12.4797,3.7251,3.4349,12.8984,6.949,50.7483,7.4408,1.3732,6.4599,13.1593,0.2132,0.0979,0.0795,5.1683,2.0732,28.5641,14.3863,42.4315,59.1923,28.2922,14.5989,74.2461,72.3974,13.9399,75.962,2.2436,12.907,35.6838,63.5273,4.6458,24.086,13.248,35.9768,14.2033,21.0551,21.4391,3.9368,38.0573,12.7089,6.8102,9.0415,2.6059,0.302,24.0351,8.3285,10.6891,4.906,20.1465,10.2621,5.0105,2.3155,1.2089,1.7527,3.5654,46.2093,2.1438,13.3057,31.664,7.275,9.9238,2.6345,19.1253,4.2757,104.1596,3.572,3.1232,18.0961,75.504,17.1182,2.8908,9.0846,2.8227,11.6216,7.1807,9.8786,130.2839,5.5441,0.9713,19.3769,5.1488,5.6982,113.7835,5.791,0.2813,15.7824,0.0952,34.4706,31.3925,13.2206,10.939,9.2375,4.7475,8.1562,39.0788,5.5256,21.4708,39.1359,31.3324,6.6489,18.1706,18.8736,23.9655,57.9145,20.3893,0.7856,3.9176,3.2298,1.7684,2.439,12.2372,2.7117,10.1222,1.2117,67.0696,5.622,0.763,1724.6801,130.1944,3.4599,10.0422,0.255,2.6369,3.4752,0.0423,5.5664,4.0613,11.4712,8.0046,16.6123,23.6976,136.041,30.648,2.9177,0.0329,32.6069,0.061,2.2264,4.8683,12.0248,1.3455,0.8593,114.8898,0.4327,51.5091,0.0109,50.4154,0.1267,8.5669,7.7619,22.6412,0.4977,12.0539,7.6574
TCGA-HF-7133-01,2.266666667,28.4012,33.3468,0.0313,1.8159,4.3916,0.1467,14.8899,8.9377,1.2362,8.9253,8.6307,19.2593,1.2186,9.3061,3.8243,5.7788,5.0854,14.0373,4.1758,5.2073,62.7107,16.6999,8.406,23.2112,11.0745,34.834,17.0913,4.5577,5.5082,14.6256,25.6983,9.7523,2.3634,7.6255,2.5222,0.4769,0.4978,0.8891,34.6607,207.1539,6.5681,8.755,35.72,132.935,26.7936,4.5746,3.6205,29.9488,11.0615,14.9517,14.5053,27.5976,25.0938,4.6671,12.0593,23.2971,12.1519,11.5802,0.3932,13.3802,23.1433,30.5019,8.768,3.7674,20.1125,24.2545,16.7405,188.9687,21.8549,0.3496,10.8787,14.606,5.9134,4.4824,89.1193,11.9955,4.2324,15.7503,28.2166,11.7998,1.1933,2.4835,15.3414,36.7262,8.6797,4.7328,17.3379,55.7681,7.3419,8.5579,12.3267,15.8726,19.4937,1.3747,37.3344,15.9159,4.6441,5.1336,12.676,0.0271,17.9483,3.3333,3.7195,10.6018,11.5874,2.3151,2.326,611.5983,4.1441,11.7181,34.6263,6.5682,24.2902,30.4043,2.8021,17.4895,2.5189,10.4902,48.0687,3.9768,27.5944,20.1453,2.4769,29.5949,9.0195,19.4467,34.8771,4.0665,31.8895,0.0111,1.336,0.1846,13.1541,3.8607,2.1877,6.0284,16.2705,3.9271,26.4766,1.5784,4.2073,2.9616,25.7001,6.5537,7.059,28.6144,5.876,51.4794,6.5646,32.9794,17.4973,3.5475,4.2134,9.5181,8.2953,22.0491,2.6057,11.1034,6.4535,10.3216,0.248,0.322,0.043,6.9846,3.2807,25.1585,12.9576,71.6805,62.0502,30.1741,8.4073,37.4982,42.4443,22.5085,32.165,3.1966,8.6445,44.3399,65.56,4.5421,10.5645,7.1698,47.8984,7.0608,11.249,25.4899,3.9901,39.4287,120.8351,11.7713,8.8022,3.4272,0.0416,13.7569,14.4987,5.4487,5.0061,18.4676,8.1286,8.8937,2.2324,0.2755,1.6408,3.799,35.2373,2.845,11.9449,44.8133,9.3444,5.6564,1.5528,109.2176,3.3285,85.8524,3.0944,5.3309,19.4326,107.8378,21.2558,1.9511,11.3796,2.3796,16.7682,6.2977,12.2994,97.2256,3.3071,1.5621,24.1393,3.9648,3.2035,60.1328,24.2654,0.2929,15.0536,0.2645,50.8355,72.2355,8.2953,6.2419,7.0674,24.2083,9.5924,27.0292,11.4247,19.2352,24.7935,17.9879,6.8975,32.8084,2.1369,24.9745,72.2145,22.8453,0.2148,6.4783,6.826,1.6414,10.4014,62.1702,2.3573,16.0275,2.7521,53.4162,1.2101,0.4181,1953.8816,112.5483,6.4462,8.9918,0.0546,2.0679,2.5435,0.1429,3.2626,4.0852,12.9565,6.7831,22.724,39.2686,78.9879,59.7133,2.6582,0.0235,19.4024,0.1647,1.3745,4.2104,8.0393,0.4581,0.2118,56.6062,21.683,10.7295,0.0209,68.8137,0.0918,8.0901,8.8929,13.939,0.2993,7.3751,3.6918
TCGA-HF-7136-01,2.533333333,30.15,33.9885,0.0035,2.1358,4.2305,0.4412,27.9308,18.2034,2.6083,5.7297,18.8283,24.8812,0.6954,10.5878,9.8559,1.7281,1.1519,35.7766,13.9925,12.5552,134.7998,151.6725,128.4099,49.6557,24.6924,94.8557,42.5157,10.633,21.1738,27.8455,31.9856,6.7677,3.9632,9.3212,24.1264,0.0974,0.2292,1.754,48.3292,190.8276,14.722,24.6851,41.8322,40.4831,32.2229,4.8163,2.6386,18.2793,7.1181,1.0371,26.7199,29.8907,19.2135,3.9994,15.1801,24.7533,24.5146,8.2988,0.1358,9.9306,17.4741,25.4267,7.2611,4.2516,20.4477,13.5589,21.1217,160.177,36.1085,0.0521,13.8473,16.0964,12.8361,12.3672,130.6196,11.9129,3.6842,18.2048,35.4578,22.6135,0.8964,10.0913,15.3465,108.3724,5.9166,2.7889,19.5762,24.3507,9.1059,5.7456,12.7403,15.8204,21.0808,3.1291,25.9717,4.8953,5.5322,7.0973,17.6575,0.0155,26.1343,1.9245,9.6981,13.3032,22.1513,0.996,0.4254,779.8554,8.6496,15.107,131.4145,21.772,23.561,8.7831,1.1389,1.9516,0.5528,10.8495,70.7322,11.8073,15.8101,2.3024,3.0257,8.0773,1.0758,24.7847,19.8721,4.3144,73.5345,0.0113,1.1715,0.0892,8.8386,4.2153,4.3493,11.905,65.4798,7.7029,52.8229,1.3503,1.2968,0.765,106.6091,6.825,2.2317,17.916,13.2308,42.7555,7.3035,32.5375,8.6667,5.0732,0.8371,9.7569,5.057,71.2701,1.9962,10.5451,5.6945,7.9065,0.0683,0.0735,0.1177,3.9912,1.0331,31.0781,28.9318,41.6274,90.8144,34.9294,12.733,33.7023,50.1779,19.0709,56.5403,14.8695,23.8369,45.6023,69.9791,5.2759,10.4398,2.6988,43.3004,10.9366,11.3572,33.5621,7.864,22.2467,18.3548,16.924,35.0606,11.2862,0.0753,16.146,21.1619,33.4465,9.3266,22.228,10.4768,7.414,0.3447,0.306,0.8985,1.3013,22.729,5.6879,14.9009,17.1227,14.8148,6.0168,2.733,12.2217,5.5241,156.0319,5.0104,5.2436,14.1218,81.0256,24.9436,1.3364,14.4242,1.3591,12.9329,9.6935,19.9361,143.7404,2.4806,0.55,19.4814,5.6495,5.089,66.9657,21.1697,0.6819,34.1984,0.3601,163.6772,72.5912,24.4923,12.4393,41.4309,22.3561,6.7252,32.9247,4.5935,24.9411,58.5636,11.2185,7.3432,5.8417,2.7935,57.3339,47.7662,34.0301,0.1968,3.4187,3.0393,0.8869,6.554,11.1473,1.5407,43.2512,2.4879,18.5957,0.1246,0.2449,470.7622,91.4416,4.3535,8.6945,0.1107,0.9037,9.1829,0.0011,6.4857,5.8664,10.4374,6.0636,17.9601,32.8667,203.2595,67.8034,3.1844,0.036,13.2621,0.4556,2.5381,8.6183,5.5326,0.1711,0.071,135.538,1.1655,92.3527,0.9316,116.2073,1.7279,6.292,12.1299,2.1487,0.3578,9.0529,7.1549
TCGA-HU-8602-01,46.96666667,18.6895,43.4918,0.0084,2.9251,4.8297,0.0478,13.1364,7.7966,2.8841,12.9166,18.945,21.2261,3.9064,11.8306,6.4981,7.0408,2.4105,1.9039,5.3496,15.6739,59.7888,0.2758,2.2096,13.2573,19.9629,46.1825,21.5798,0.8766,8.2821,25.2069,50.9198,10.7297,4.5198,111.6936,0.072,0.1478,0.0092,0.8916,37.6101,78.4562,2.2995,18.1285,52.2539,69.254,19.3255,16.4955,6.5282,33.5175,12.4528,0.823,10.2353,25.1862,39.2077,13.0149,13.9958,15.7501,0.325,2.0054,0.0431,11.8097,15.4504,35.6224,9.2518,7.571,27.2201,17.3189,13.6877,227.8675,28.0364,0.0481,8.577,4.2129,7.8572,6.0052,129.2967,25.66,3.4281,35.6106,36.57,37.2399,0.0996,0.0044,14.1008,66.8777,8.409,6.6994,27.2407,18.4036,0.3019,12.526,12.0506,33.1169,14.7035,3.6121,33.8387,44.5131,2.0291,10.4809,23.178,0.0038,12.7932,2.8633,8.7657,23.8968,18.9432,3.5822,1.924,378.8243,11.41,36.9153,155.1987,17.5087,32.8668,8.0179,6.9355,2.3244,1.0778,20.0809,39.0813,5.8542,25.9733,8.9012,6.7299,21.6171,11.3861,24.3602,29.5925,3.3277,37.4945,0.0017,1.05,0.1143,19.0982,10.4475,3.0131,1.9948,1.2616,4.3591,43.7828,0.1638,3.0015,1.4733,56.0234,7.8948,5.0394,33.5171,9.8318,43.2953,13.765,50.2999,30.6195,3.9445,1.3639,14.1108,5.1297,229.1565,2.4343,0.1809,12.2977,18.5463,0.0578,0.0162,0.0069,7.0693,4.8907,20.8289,13.5048,55.5717,181.5222,31.6839,8.7968,44.5899,68.0406,23.8084,49.3107,0.0053,14.2664,54.0004,84.0371,7.2159,9.9355,5.6845,30.1562,12.8784,12.2691,34.8775,2.5128,24.6528,24.4988,22.083,10.4851,4.269,0.0669,10.8841,9.1707,1.3548,5.7712,22.7807,8.9042,6.4823,0.9783,0.2768,2.2828,8.7075,42.9456,3.2491,13.7729,9.5417,5.6631,5.4299,3.0861,1.7758,9.433,143.3499,2.7922,3.2893,63.9151,125.4779,52.5177,2.8741,18.3842,3.3549,46.9991,12.3451,4.5806,127.5308,9.2497,1.6168,22.6152,5.3601,4.8309,60.8603,1.1102,0.3566,11.4337,1.0994,78.116,39.3851,10.476,10.1281,14.9313,25.6843,21.9076,51.0893,11.126,29.1098,58.0104,40.2745,4.8131,18.8723,0.2783,17.739,87.5916,64.7044,0.3519,6.3323,6.2259,1.5163,8.1518,8.8201,1.0757,32.4747,5.5404,43.8149,0.4733,1.5718,1552.1825,62.404,4.0482,21.1927,0.0091,2.215,6.4216,0.0399,6.1848,3.2315,12.0127,5.083,19.6931,15.9225,533.9639,48.4076,7.9619,0.0031,40.774,0.4233,0.0845,3.3991,10.6994,0.6835,0.0077,54.3715,0.004,1.757,0.0275,97.23,0.0717,10.9835,9.9969,14.8437,0.0389,8.6695,0.1365
TCGA-HU-8604-01,5.733333333,23.8001,37.73,0.0503,2.0688,1.6992,0.0471,18.4279,9.8363,2.6358,9.1838,12.591,16.3085,2.5355,7.2392,2.4563,4.4581,3.4869,3.8442,3.4614,6.181,63.1653,2.725,19.0808,17.6098,12.4764,74.9481,22.1347,3.4429,2.4313,20.0931,18.4199,9.2108,4.4255,0.2231,0.6491,0.1499,0,1.5897,33.3093,106.275,11.6466,13.2587,26.7019,83.9473,20.5278,4.3864,9.0022,35.7612,8.12,1.0254,13.3197,9.4531,17.5434,4.0185,8.6492,17.3482,16.7385,10.3421,0.1199,8.5401,15.1659,29.6881,4.9789,8.3311,22.1963,21.4494,7.3557,238.0756,11.918,0.1659,8.5844,6.1155,3.6505,5.9571,70.0195,19.3811,7.083,10.1669,23.9065,19.1309,0.1451,82.3046,9.8309,42.1558,2.2584,2.8766,30.3521,41.3848,2.4034,13.4879,20.7204,40.0316,15.1015,1.0719,35.3024,22.4673,2.348,12.2174,17.136,3.5202,17.931,3.672,2.3864,6.0866,20.976,2.5587,2.7214,382.4739,7.6567,14.6143,49.9741,49.6111,11.8535,6.263,92.1877,43.536,3.8963,9.5322,98.8657,3.4453,23.7763,3.3899,11.4842,8.3359,10.6635,16.5183,34.7687,4.629,35.7966,0.0018,1.2873,0.2114,15.4344,6.0121,2.3661,4.1338,7.4476,4.0305,14.4749,0.3006,4.6038,2.7503,73.3161,5.9,4.9925,44.6222,6.7549,49.8572,5.992,23.1121,12.865,2.7048,1.5116,4.9419,3.7577,149.9834,4.889,3.4391,5.5058,6.1233,0.0866,0.0687,0.0638,3.8493,4.8577,34.845,46.2803,34.1855,54.9711,24.173,9.8144,22.5969,52.0394,12.2884,43.7491,0.0663,9.8307,20.0174,42.9132,2.611,20.6599,16.5823,29.18,11.0982,9.3958,24.9927,3.738,32.8493,22.4869,29.566,12.0759,4.7108,0.0148,23.1683,10.6563,1.4478,5.2009,29.0665,9.2208,5.3624,1.5529,0.3131,0.9677,1.8664,24.1659,4.4821,12.1789,73.3717,3.7729,8.8611,0.9529,58.8415,2.545,66.5088,3.6561,4.4353,16.9048,80.4048,9.2043,2.6323,8.1923,1.9322,15.4845,10.6264,5.9759,99.7122,4.6127,0.7498,28.9564,2.1318,2.6194,40.1912,11.7499,0.4941,13.3756,0.8263,55.1234,26.1569,11.3678,11.457,14.6806,43.8819,6.2377,55.4603,6.1357,19.1961,42.7237,17.4367,6.4228,10.7847,35.7513,22.3534,34.1381,9.9039,0.1316,4.9227,4.7091,1.7293,5.7206,13.4751,1.428,30.8487,2.609,43.403,1.2241,0.9788,1347.5324,83.6316,2.3335,12.1722,0.1137,4.3174,2.9476,0.0187,8.0636,3.6378,9.6107,11.6644,19.1881,18.1609,95.2982,11.8388,7.7627,0.0186,20.5596,0.2918,3.2858,3.0418,7.6922,56.4464,0.0572,56.555,0,94.1501,0.0121,24.5981,0.0673,5.2802,6.6286,6.0047,0.1908,5.2453,0.7941
TCGA-HU-8608-01,2.966666667,20.6186,35.7964,0.0504,1.7677,4.3898,0.0152,21.6469,15.1576,6.1608,12.1831,13.5041,20.0818,2.7731,7.9677,3.2166,8.0648,5.4207,7.009,9.4007,9.8937,113.8702,0.9441,11.4186,20.381,16.4661,37.971,17.3543,6.2134,2.3111,26.8486,22.482,10.9083,6.1355,1.0877,3.0486,0.7544,0,3.8717,35.9523,121.182,8.7225,8.7958,50.5888,97.0197,29.3103,152.9087,17.1306,18.918,5.5614,0.8256,14.4247,9.9849,23.9145,11.4588,14.2576,16.0312,21.3648,13.4492,0.0643,11.7839,16.4882,44.5026,8.0038,9.1082,26.3002,16.0105,7.7551,242.9868,25.0116,3.1569,16.4401,7.1372,7.0083,10.4663,55.4939,28.4022,2.8874,16.1349,31.1582,29.7888,0.0456,2.2656,14.9437,54.5671,4.2042,4.5883,23.222,24.2788,5.5818,177.1342,11.3282,22.0071,17.7205,3.4207,43.3638,26.4309,4.7492,14.3597,20.0596,0.0142,15.5469,7.2069,5.035,16.1895,16.8973,2.6291,4.8709,828.0172,18.3981,32.2916,75.3992,20.0033,20.295,2.9122,153.2074,29.6202,5.853,19.7918,41.2264,8.7815,33.9527,4.3807,4.8227,35.4648,9.5988,22.0513,32.7031,3.3077,41.2781,0.0003,1.5874,0.5748,17.9648,11.5988,2.56,2.6237,21.2586,7.5335,36.2061,1.4193,12.3817,11.3582,26.0562,8.7427,15.24,26.1544,13.6405,36.1353,10.9642,25.4098,32.6695,5.8985,3.2313,15.4337,5.3904,60.8866,0.8901,0.2468,9.8251,10.4608,0.1221,0.0499,0,8.0774,11.0246,28.4391,16.7691,55.7513,60.9975,24.0187,9.5501,42.6259,63.6943,18.6628,50.2771,5.9296,15.2363,50.1418,178.2789,3.3161,14.4282,26.64,43.205,18.0192,12.8056,32.2675,3.5255,27.6614,25.4469,18.4594,13.8401,2.1336,0.0493,14.2947,7.7106,1.2286,7.575,24.2394,11.7374,7.9471,2.2915,0.4109,3.5425,6.2665,30.5577,7.8294,11.7286,24.8768,5.3261,13.095,5.0628,5.1543,3.6324,170.8187,5.1645,6.6211,30.4662,105.567,19.6699,5.9477,13.851,3.1681,22.3465,12.8254,1.5038,91.138,6.114,0.524,21.8886,5.9072,4.639,40.1654,1.1856,0.4334,13.6292,0.0392,44.5965,30.5634,12.3953,11.7327,14.1412,0.5733,7.3077,49.6133,9.7674,27.228,52.4072,61.8946,11.1238,20.5165,8.5336,27.2496,56.9487,22.5133,0.047,1.8279,5.1888,1.7603,6.6771,19.7764,2.6643,61.2997,4.4253,43.6806,1.8732,2.181,3797.6446,93.1326,3.2661,8.8668,0.0487,6.4087,4.6612,0.1477,8.1048,6.6218,25.0171,9.3189,16.8615,15.9082,139.7115,28.8811,3.2152,0,34.062,0.1676,0.2921,7.9701,13.3493,0.962,0.1644,103.2387,0.0379,2.8416,0.0036,34.0871,0.2165,9.6217,7.2121,12.1141,0.1301,16.1093,2.0644
TCGA-HU-8610-01,1.933333333,25.4039,37.0533,0.0033,0.9836,2.8121,0.0843,17.0817,15.0417,3.5217,13.8898,16.6495,25.2074,2.2605,10.709,2.5954,2.6596,1.211,4.3276,6.4012,12.4871,54.4141,1.6195,29.0293,21.3061,19.2958,76.3514,18.6957,5.7939,4.853,22.7637,43.2441,3.5092,3.0468,3.8189,9.3688,1.0048,0.0071,2.076,29.9586,126.1724,8.1186,10.6216,64.4058,51.3334,39.4652,9.8652,9.9784,16.7737,5.8799,3.1504,10.8165,12.068,25.5732,9.0254,11.9621,11.9797,8.1533,10.8626,0.2702,8.4969,10.1073,36.9982,6.2814,6.9237,27.4159,19.7348,7.2027,63.6471,23.01,0.1883,8.9377,7.4208,5.7449,9.1939,68.241,15.8432,3.0363,23.8799,22.7645,20.9079,6.9765,17.1904,11.6418,71.8911,8.9673,9.398,19.0163,23.5089,2.6921,23.2845,11.0863,15.3181,22.3712,4.6488,48.99,20.655,5.7456,9.2454,23.7847,0,14.6079,3.4878,3.3148,13.4674,17.9704,0.7593,2.5592,516.4535,10.8977,15.6174,163.4303,13.3071,21.1349,2.7922,3.4391,6.0006,2.3224,12.7944,42.0079,6.9433,38.4413,3.2002,4.7537,26.9443,8.7253,13.658,26.9827,3.156,53.0598,0.0009,4.2649,0.2315,15.1728,3.1089,2.3633,4.3353,13.2932,8.0947,22.179,1.8623,6.3196,4.6721,58.6149,8.6262,15.1466,21.9456,6.0612,40.097,7.9873,28.8689,11.5571,4.2701,1.715,13.1804,4.6217,34.2163,1.8477,4.173,5.0987,5.9324,0.2337,0.0894,0.0107,5.2702,2.861,32.0874,10.1684,49.91,74.0812,25.2127,17.8076,21.5003,42.306,18.4322,26.4273,0.0166,12.2835,68.7763,59.4393,4.7056,20.0816,11.0799,47.0229,15.6974,14.6906,31.0732,6.4401,26.5096,10.0128,8.6118,16.8996,4.9678,0.0694,11.9465,6.5331,3.2766,2.4635,26.3702,8.4662,3.8654,0.4552,2.3796,1.6571,2.4698,30.0921,6.7818,14.7222,47.4486,6.6982,8.3737,9.1436,7.7948,6.2317,95.2458,2.9304,3.2117,17.2531,161.0368,36.5677,2.8281,12.2233,3.6034,10.5928,6.0953,8.5899,77.0869,3.3375,0.8145,18.4149,7.3563,2.7242,70.4571,14.3574,0.1969,20.1238,0.0248,74.1206,62.6314,12.7449,6.827,13.564,10.9348,11.0165,35.7746,8.7707,18.6081,38.4967,32.3937,7.5088,17.0361,2.8975,58.9143,38.1115,34.5139,0.1123,2.2793,2.5173,2.6773,1.5921,8.2762,4.2735,47.9939,1.7361,58.7843,1.2924,3.187,1460.1828,62.7177,1.8494,10.9503,0,2.0013,3.2709,0.0571,4.1672,5.767,18.6312,10.8625,16.9107,25.0643,98.9412,39.6479,3.8847,0.0046,21.9085,0.0245,7.8657,8.7515,15.4635,0.7902,0.006,148.4176,3.7195,42.0025,0.0352,75.0271,0.3813,11.0096,6.4849,13.7287,0.286,6.1654,4.9399
TCGA-HU-A4G2-01,1.333333333,14.0301,24.2888,0.0111,0.8927,3.2202,0.0927,18.4901,8.5387,2.7685,13.5993,8.5037,11.5005,1.415,4.4636,2.1787,4.0453,1.7624,5.4057,3.4366,9.3381,84.6683,0.7631,10.0667,12.0449,7.8386,47.0858,13.0914,2.3056,1.5246,15.9713,24.8031,9.563,4.097,8.4867,0.4468,0.1161,0.0049,0.8267,34.1985,142.0399,7.2799,19.0516,79.8182,32.434,23.1231,8.3095,2.7025,7.538,5.7765,2.0487,9.7016,11.0041,21.4992,4.3003,6.9121,12.4963,12.4742,14.3879,0.368,11.3952,13.0523,34.4925,5.0082,4.0811,32.1054,8.318,6.7338,246.3514,21.5282,0.0171,9.9958,7.6298,3.4467,5.0131,93.2975,9.8572,2.1462,20.7063,25.278,22.3284,0.0566,4.4857,8.6679,43.5287,4.1755,4.2985,10.9158,28.238,0.5801,6.3542,17.228,19.4499,12.469,2.0895,10.1369,33.7709,2.8039,15.2294,13.3957,0.0128,12.3257,3.3714,0.9341,8.0044,11.2306,1.9782,0.7652,374.1833,7.8748,19.2404,115.2378,5.116,21.4485,1.7002,1.1161,2.4156,1.3143,7.697,78.3625,5.7585,25.4912,5.2059,6.0373,7.286,1.1221,17.2064,22.8252,0.8969,36.069,0.0027,3.6245,0.0379,19.1224,4.5693,2.2044,2.6122,12.7444,3.038,19.5943,0.2035,1.4337,0.2937,18.1221,6.9009,13.0319,16.0357,8.795,43.8424,12.4569,23.8562,27.0677,2.9156,3.9435,6.1813,6.5004,42.0934,2.3594,1.4813,4.6389,8.1925,0,0.0199,0.0024,5.0767,0.7588,25.0696,7.1904,43.3217,70.4159,22.4821,7.0999,55.7138,87.6788,15.9372,144.512,16.7258,7.4244,37.7335,56.4078,1.8959,11.836,4.6452,46.2445,12.9617,7.0469,28.6034,3.8321,36.5683,16.9598,14.0168,7.0542,1.2396,0.0095,68.0512,4.8619,1.8938,10.8583,13.5514,5.1481,12.9603,1.1761,1.0696,0.9335,8.2481,45.1295,4.7383,8.3702,41.2901,3.9871,4.6239,2.6191,3.8751,5.163,66.8169,4.1749,5.5067,21.6587,63.3372,17.2498,0.2768,12.2187,1.2682,12.7456,6.4593,20.8932,215.7702,7.1868,0.4742,14.4885,1.8426,4.6472,58.8458,1.2779,0.0556,15.8568,0.0386,69.6061,42.7348,12.0206,10.2096,11.6292,4.9703,3.7491,37.6583,7.3027,17.513,71.5927,38.9385,6.9527,9.9567,9.6775,26.3883,31.6934,29.8103,0.1314,4.9739,3.1073,2.1369,3.4857,23.4483,4.8576,41.3868,1.4758,26.7252,0.223,0.2299,1691.3585,124.1429,2.253,25.8785,0.0519,0.7915,4.4316,0.0652,5.251,4.5551,11.1083,7.5991,11.6486,26.9761,168.1564,40.7642,1.5772,0.0062,28.7651,0.0698,0.1509,2.4314,10.0939,0.3052,0.0081,181.4966,0.0062,10.5811,0.0041,30.4126,0.5046,5.7311,7.0189,6.6667,0.4296,3.9242,4.214
TCGA-HU-A4G3-01,2.933333333,17.9402,44.5218,0.0029,1.581,4.971,0.0883,25.6664,8.0249,4.4312,16.0741,4.7557,16.9549,1.208,5.2485,2.5993,3.4262,1.9109,4.8938,3.1212,8.2439,119.4745,6.7326,17.1444,6.0222,10.3237,39.71,17.4976,2.3928,7.4187,21.4442,60.6299,4.9549,3.073,4.9527,7.6583,0.0487,0,0.4019,46.5527,98.6148,8.0984,7.1619,77.7285,71.4038,17.657,5.712,1.9394,16.9607,7.6893,5.3342,9.7428,8.1871,23.5892,4.2117,10.7469,12.3668,15.6269,9.5018,0.3424,5.4628,7.8568,28.138,5.4275,5.9764,36.5044,10.5006,5.1589,184.0006,17.0229,0.5081,9.1921,15.4254,3.4161,5.182,78.0468,6.4774,5.3614,18.0854,20.0926,20.9445,0.1271,5.0382,15.282,51.5408,9.5674,6.7673,15.9301,27.6028,1.6064,2.5801,13.2977,14.1237,4.3252,2.4091,8.7784,21.8667,3.8169,11.3786,16.5449,0.1478,8.0223,3.1985,1.7497,9.3098,16.2222,0.8059,1.3351,413.8676,6.8814,13.6603,75.4417,25.0062,19.3645,6.0077,0.3354,4.3535,0.8714,8.73,34.5309,13.8115,23.0085,3.7745,2.303,6.1457,3.062,18.1949,18.2255,1.9895,50.0661,0.0046,1.5775,0.0521,15.5018,3.0021,1.7558,3.123,19.6972,5.1444,27.1339,0.6051,1.0947,0.3518,29.9711,7.7187,8.6865,22.8487,7.032,51.4962,11.4224,26.9081,17.5345,3.1889,4.9701,9.7314,8.4988,24.7125,1.9132,8.5776,3.6141,8.1528,0.1874,0.0225,0.0315,2.7311,0.3395,18.7985,9.0451,38.3556,27.5795,25.9547,9.8341,54.534,83.8781,19.1824,72.4528,1.763,10.9738,76.8559,59.1134,2.8652,8.0502,2.7998,67.245,15.6707,16.5877,19.889,2.2467,40.7678,14.2303,9.1738,5.9389,1.9319,0.0247,17.0048,8.0059,5.0195,3.2601,14.258,10.1128,6.5614,0.9448,3.1968,0.9593,2.1061,41.2269,3.6244,11.2556,35.6302,5.3073,4.6286,2.9231,42.3336,5.4034,74.117,2.8872,9.0564,14.0354,58.7348,17.4291,0.2728,12.9166,2.0476,5.889,5.5084,19.8594,140.5037,4.5026,0.6282,19.4412,3.1587,3.4304,58.485,5.0254,0.1043,14.664,0.0791,51.3035,60.3892,11.2881,8.523,13.1115,45.6988,8.6535,38.8151,5.6087,12.3503,49.2609,17.212,5.8514,25.5768,2.5644,19.1483,29.9216,41.8845,0.226,2.8413,2.4089,1.9197,2.1143,76.3674,2.6439,17.2531,0.931,39.3595,1.5505,0.2026,759.3974,131.368,3.0642,8.4003,0.107,0.6171,4.4954,0.131,3.1137,3.0365,8.7732,8.1536,15.4989,24.2672,120.2625,52.6373,2.1956,0.0086,25.8694,0.0145,0.8834,2.2249,9.2671,0.3103,0.1455,58.4604,4.1979,26.9016,0.0198,68.9793,0.0951,8.2714,5.2032,14.424,0.3514,6.5252,3.749
TCGA-HU-A4G6-01,2.466666667,29.5399,45.7316,0.0085,5.1779,4.8479,0.0206,17.282,16.2437,2.9093,28.6003,16.9486,10.393,0.6662,11.0104,5.6049,6.067,4.7268,38.3592,6.3301,9.4358,109.323,0.2067,8.9379,16.7866,13.4133,75.2629,18.8747,7.1762,1.3142,26.0026,845.6338,7.485,3.9004,11.822,15.6375,0.0486,0,0.3933,39.1414,140.4122,10.6853,18.45,91.6383,51.5171,21.1431,5.894,1.0254,26.1448,10.8806,0.1927,11.4773,5.5514,21.4938,10.3163,14.6202,15.2976,24.9905,6.6401,0.0548,15.0162,16.2749,28.8616,9.922,7.978,40.9819,14.335,10.7837,288.7029,16.5382,0.0343,8.7486,5.4281,6.0149,21.0506,78.2858,9.8682,7.3566,22.9527,28.3106,51.0452,0.0378,59.3438,8.4861,51.5533,4.5162,4.467,17.3998,26.3852,0.237,6.7,11.5024,39.5189,16.0191,2.2844,8.9001,47.2479,7.9182,18.0718,11.9648,0,15.7932,9.8272,3.6165,13.5874,16.8689,2.055,0.1369,313.8749,13.4796,26.4085,91.3087,1.9713,21.5383,3.6139,0.6431,0.9236,0.2619,18.8638,76.9068,11.2342,38.606,2.1915,5.0118,3.3322,0.8441,17.3119,16.1396,0.4997,44.4115,0,0.599,0.0445,15.2211,7.3257,3.2633,2.5164,60.2748,6.6956,28.3664,0.2642,0.5925,0.2164,53.7384,6.0635,3.5317,23.6473,9.7548,44.9251,14.3843,25.9249,59.1385,3.5904,0.222,10.7335,4.6145,159.1015,1.0481,0.293,6.7219,9.0603,0.016,4.622,0,7.901,0.1731,7.5675,2.0384,38.3873,60.4466,13.1054,207.7205,41.5259,74.6864,23.9976,70.3363,1.771,11.9179,62.8852,50.7193,2.7737,21.0707,8.8982,86.5085,6.779,10.2713,39.7242,0.9269,50.3765,19.0032,20.9876,2.0893,3.0798,0,19.2628,15.3085,1.9031,5.5208,22.8011,5.9935,9.1782,0.2982,0.1521,1.7435,11.226,22.2433,1.7204,17.1367,60.0241,2.6723,9.9005,5.0754,0.2222,4.7452,68.7518,4.3599,4.403,14.6631,73.4807,25.2594,0.1601,15.7059,3.4381,13.5112,8.2665,9.1255,210.0596,5.6583,0.6538,29.2653,5.4989,4.3207,124.3249,25.0859,0.4231,18.9266,0.0359,173.2807,129.3631,15.885,17.6152,8.2764,22.3744,43.5519,47.9803,10.9027,17.543,85.0721,38.5963,1.6983,11.8018,5.5521,27.0946,34.305,28.2184,0.1979,2.9183,2.9147,2.2386,4.0366,7.2117,0.7387,35.0214,3.7914,53.7635,0.0871,0.3625,1774.8665,99.5852,2.3944,21.4438,0.0002,0.2101,11.0559,0.1371,5.7803,0.8262,20.6501,7.3499,28.2108,60.9557,136.8912,36.7877,3.6437,0.0063,28.7353,0.0288,0.087,1.139,14.2777,0.4338,0.0112,78.976,0,207.0568,0.0646,59.2779,0.1386,5.5844,5.1004,4.3452,0.8685,5.2412,4.6865
TCGA-HU-A4G8-01,44.33333333,14.9518,36.2931,0.0199,3.4902,5.7803,0.0994,23.3924,9.4434,4.1563,13.8226,13.0575,17.4174,1.8443,12.6065,5.8576,5.0856,5.2871,3.1388,4.7126,11.3316,106.494,18.1492,3.3505,15.9117,13.0334,44.1406,23.4105,5.4528,6.0252,26.7247,54.3903,13.7053,4.2073,22.3794,2.6865,0.0964,0.2452,0.8852,39.7695,75.0932,3.5036,17.6444,43.3122,109.6369,19.7288,17.1676,5.0728,24.8779,10.3144,1.4821,12.7148,18.9402,23.4985,6.5395,12.8924,11.6358,8.4183,3.1412,0.3264,16.7123,21.8572,53.076,8.354,5.8936,35.828,22.009,6.7018,223.2238,24.6669,3.3433,12.2714,5.4724,7.294,6.0059,84.4515,10.9326,0.9318,16.4395,24.6745,38.8514,0.5895,4.1616,13.5249,53.1509,7.5842,9.0043,17.1658,37.637,0.7705,11.4495,13.1883,27.7672,17.9525,5.5378,15.6182,45.4402,4.3306,10.0124,27.3174,0.3816,11.3963,4.2128,4.6717,7.4385,20.027,3.4086,2.2382,427.7863,10.7155,28.2798,82.5175,55.1273,14.0913,7.3138,5.081,25.3132,6.4353,16.8896,42.9388,7.4674,28.3381,3.2256,8.9216,6.6131,1.1969,25.4122,27.7649,2.5328,101.3432,0.0158,0.9138,0.1433,17.2174,16.1222,4.061,3.1886,5.4584,4.8358,40.9493,0.4097,3.6493,1.7384,32.6998,6.7105,6.8475,27.2516,9.0057,32.3991,10.5109,31.2379,34.8189,5.8398,3.9201,11.9131,11.5458,44.6434,0.9892,0.364,9.9138,14.8625,0.0781,1.8256,0.0196,5.9687,1.4408,18.5619,11.4242,40.7496,123.3075,25.0582,6.7026,83.6073,126.0055,21.889,112.1138,2.3407,14.6069,16.0599,57.9387,3.1994,9.4954,5.0333,21.1931,31.8622,10.6363,38.9338,2.2572,29.347,24.7801,24.7041,4.76,6.8102,0.1703,18.3581,12.7526,5.1088,9.5189,18.655,8.2616,9.5703,1.0755,0.2268,1.3747,5.3088,64.4943,4.26,12.5329,22.0677,2.8587,10.7098,1.8291,49.9211,8.06,121.97,5.0782,3.3943,37.8188,86.9665,28.6217,2.6725,18.5851,2.9243,9.5801,11.7155,18.1477,131.0968,9.2919,1.258,18.409,8.2575,6.2193,108.7167,2.5812,0.6955,12.8194,0.1559,42.4701,43.9573,21.1752,16.3777,10.8726,9.4103,6.9276,59.5003,8.4593,29.797,96.6832,36.1566,4.4114,38.6974,16.3371,21.2521,43.5588,27.1527,0.5728,6.9768,4.0998,1.8467,8.4934,38.291,1.6334,93.0082,3.6252,117.2041,7.4545,0.8008,2959.1666,142.3208,3.7791,19.1104,0.0041,2.5386,7.7767,0.145,4.6121,3.4406,11.1856,5.3637,26.3423,15.7704,257.1407,25.8997,4.4317,0.0497,45.6687,0.1859,3.6652,2.1345,16.1663,0.3639,0.2191,42.4452,0.3507,13.6325,0.041,75.8704,0.4587,9.323,11.9817,26.3261,0.1393,14.6156,3.2787
TCGA-HU-A4G9-01,23.73333333,17.3171,39.5176,0,1.9332,6.2913,0.0127,18.2775,8.0337,2.8096,17.137,17.5615,25.901,0.5837,9.613,5.8741,3.8883,2.3187,0.144,3.7895,9.5625,163.0381,0.2448,12.2297,25.9569,16.4184,54.9988,17.3531,1.9811,10.7415,23.9466,78.9244,10.2885,2.8217,49.2514,24.7867,0.0183,0,0.8843,82.3141,71.1448,8.2563,15.9924,96.1261,51.2545,18.8385,19.8566,0.7752,18.9459,10.8765,0.1304,9.0262,15.5397,26.3849,5.9259,11.0682,9.8288,10.6476,1.1528,0.2145,9.6486,13.0654,36.4522,6.5218,8.3934,35.8947,10.9169,7.665,248.2931,18.8597,0.7211,14.6939,3.9955,7.0414,3.6809,83.0022,1.0155,2.2223,51.5547,24.2191,22.4786,0.03,8.1687,17.7232,53.0442,10.7312,7.5969,21.6034,26.8585,0.1533,2.4469,9.7002,20.8251,16.0836,2.7154,5.7319,37.9775,5.3046,9.4877,27.9934,0.007,14.0617,4.8605,3.6529,2.029,15.0117,2.2954,0.0792,397.1447,8.3568,19.0704,64.4425,54.2022,15.9959,3.9571,0.2569,0.4718,0.2487,11.1442,50.6618,5.7288,27.5446,7.2432,6.0795,0.7221,1.0758,22.7285,3.6454,0.6867,92.7758,0,0.4407,0.0102,16.2667,7.8227,2.7581,0.5448,24.1796,6.076,33.1171,0.2774,0.2155,0.1238,35.1621,6.3278,2.8178,30.9001,9.6483,45.668,11.2169,36.9512,14.2169,4.6823,8.0359,11.0336,3.4074,106.1584,2.6776,4.5509,7.2553,19.7034,0.03,0.0068,0,5.4609,0.1602,2.8281,4.569,36.7303,119.1679,43.4245,11.5076,78.6128,96.749,19.6287,110.6537,0,11.9696,39.4006,55.0834,4.9604,8.5167,8.6623,13.6101,17.2237,16.5422,26.4074,0.5846,31.895,13.5493,16.5429,0.9552,4.4663,0.2345,21.6907,8.2294,0.7351,6.5315,15.1162,8.2406,6.994,0.2633,0.0796,1.4907,2.313,51.4625,1.0057,20.9201,40.6268,5.6321,7.9377,0.693,4.9424,9.2327,78.3303,3.6214,5.2923,33.5174,36.2838,24.7699,0.0689,18.6177,2.4298,11.2913,8.8057,29.7234,175.3314,6.1078,0.7149,16.5233,5.4362,3.407,77.4045,9.635,0.1771,17.2024,0.0095,37.9402,14.3584,14.0765,8.8191,2.0966,6.1096,11.2156,40.0572,6.9535,17.6812,57.0413,47.5761,0.915,48.8417,13.8348,20.153,35.3568,30.9406,0.3366,3.492,4.208,1.8834,4.1175,3.8675,0.7954,19.182,1.8798,31.3405,0.0815,0.0957,611.0163,159.9423,2.7717,7.0485,0,0.1555,3.6816,0.1722,6.199,0.485,8.219,6.3084,20.2302,25.2778,167.8788,39.4154,4.0005,0,27.5808,0,0.1267,0.4902,14.1216,0.0219,0.0069,134.2278,0.6574,140.991,0.0706,83.7341,0.0517,7.7178,7.3145,11.5667,0.047,14.4918,5.2694
TCGA-HU-A4GC-01,4.133333333,50.7787,35.3109,0.4505,1.2931,4.7626,1.6489,14.6465,8.5373,3.3082,26.7876,7.456,13.6104,5.8733,6.5313,2.5056,1.0513,0.0348,0.198,4.2132,11.4814,0.5139,0.1543,2.1731,16.8793,18.3608,31.3303,11.1958,3.3283,6.0384,15.1634,7.6566,0.3036,4.1373,6.7175,0.2475,0.2403,0.0173,0.5401,42.6436,141.9639,0.4224,12.492,7.0395,74.1103,18.7455,4.485,0.7163,8.3572,3.2234,12.1193,5.9483,9.1003,16.1513,1.31,8.362,3.6394,1.1351,11.2426,1.181,2.9366,8.9179,8.2156,4.6207,4.2788,19.5645,14.0538,12.7549,112.0613,3.9094,0.0026,10.4137,11.379,5.4764,17.7252,73.7805,1.0238,3.3969,18.1836,33.628,11.9401,2.9293,0.0819,9.8802,32.7842,8.0308,9.2919,6.5059,19.2173,5.4729,2.8852,43.089,18.6929,13.2012,1.2649,10.0457,7.6066,3.8744,12.7148,9.7607,0.0058,12.3909,1.4047,0.7054,15.1505,14.3872,0.0438,0.4649,138.4343,1.8055,7.3587,6.5573,39.361,14.8747,1.1695,0.3173,0.0797,0.6099,4.9217,27.5204,1.4471,26.8826,4.0963,0.7719,8.4035,1.1523,14.0084,5.8948,10.9235,5.7778,0.0509,1.6695,0.3454,8.9086,0.958,0.6447,35.7421,0.6169,5.4761,10.2885,0.3588,0.6075,0.1313,141.5773,4.2824,3.0457,18.9617,10.8855,28.1164,9.5872,30.2821,6.6438,4.5814,10.4038,6.6918,2.8541,33.1892,0.1879,0.237,2.2263,6.4499,0.3327,2.4815,0.6553,2.1058,0.8574,12.5714,11.8059,68.0154,63.9439,29.3109,14.9604,30.9645,68.9526,16.1894,94.4804,5.1632,8.3318,11.1762,43.2834,2.6255,1.5731,0.9208,47.7683,5.1376,14.0986,17.4602,20.5062,23.4396,0.4446,0.0312,41.7586,3.8351,0.1175,14.455,7.523,0.6037,0.9856,13.7194,1.3222,3.9994,4.6555,0.4218,1.9324,1.9789,33.2024,1.9314,8.033,45.8722,4.1906,0.1664,2.9986,26.083,3.4993,63.4196,3.0548,5.0325,14.0987,145.0055,14.7063,0.1496,5.3225,1.5452,1.6948,2.144,1.1781,130.6108,0.2532,0.4687,11.6436,1.7901,3.3807,0.3803,3.0997,0.0092,3.6405,0.0081,15.2363,32.9093,10.6151,6.3006,92.3674,0.1495,2.4774,28.656,1.9757,23.697,15.0801,3.6091,11.5219,0.5013,0.0421,7.2962,20.7903,7.2076,3.9791,6.8627,1.483,3.0576,0.6398,5.735,2.6117,6.0486,0.1998,496.5208,0.1243,0.1276,397.3356,76.6452,2.7773,8.6432,2.4562,0.1345,2.4866,0.0097,3.4672,11.4911,1.0752,7.1161,12.4098,4.397,22.3303,0.9769,9.3912,0.0498,21.6574,0.0808,0.5095,4.5582,2.8072,0.2724,3.991,62.5311,0.0095,62.674,0.0692,7.0913,0.4477,8.5421,8.0179,9.1541,0.779,6.1998,2.4595
TCGA-HU-A4GF-01,3.933333333,27.2151,19.656,0.0019,3.3349,2.2724,0.0851,13.9957,21.1712,3.2265,22.4085,8.1647,20.8617,1.0121,16.819,3.7818,5.5308,2.2402,11.5159,4.5412,12.4297,94.9889,41.7081,22.3742,15.0911,10.2671,94.8201,34.6502,7.2258,9.6171,20.6089,307.6398,8.0424,3.2654,3.6415,16.637,0.1529,0.0344,0.7731,51.3385,80.069,8.9925,14.3296,65.1509,196.8129,32.6925,2.5793,3.0795,28.9683,9.3502,0.5073,11.3066,10.0324,20.6714,5.1194,20.8436,16.9292,22.0214,8.7419,0.394,16.0255,17.8625,32.3149,11.0741,6.015,18.2919,21.3029,12.7281,152.2403,30.8713,0.0778,11.3234,5.5517,6.7458,5.5715,87.0323,6.1362,2.1889,12.5559,24.2074,9.8331,0.804,18.653,11.3076,47.2198,6.8039,6.5955,21.5325,63.7558,3.7817,15.3212,11.6459,32.813,21.14,1.8725,22.1086,41.3998,4.0824,11.9951,18.3012,0,12.0024,7.3056,2.7016,6.4254,20.4022,1.406,0.876,585.6099,8.2618,21.2442,49.0838,4.1744,22.0683,69.5456,1.2663,2.2543,0.9099,49.6605,47.2759,12.1724,30.8157,4.6244,7.924,8.6627,8.3969,18.3074,11.9774,1.3712,66.6665,0,2.3788,0.0783,15.4222,5.9717,2.7907,3.5532,44.6175,9.7199,26.4483,1.3109,1.6442,0.8542,81.5828,8.635,11.474,20.2407,9.9342,43.9306,11.2706,31.8277,9.0273,4.3297,0.7326,10.8192,12.9937,117.8546,3.6877,1.8909,6.6489,7.3335,0.0216,0.1456,0,3.5121,0.9288,18.7421,18.3519,32.6231,67.6841,27.0922,59.3063,74.4908,47.2541,26.2737,54.6861,6.8459,9.0511,68.7823,55.1011,2.7386,11.7268,8.502,37.372,9.5803,7.9087,40.5333,2.063,44.6237,24.8076,35.3146,5.5912,10.5198,0.0834,10.0609,9.3608,5.8529,5.9836,17.5993,6.1318,4.5468,0.7911,1.1543,0.9784,1.2885,36.8034,4.8489,22.9427,40.8526,5.0832,15.4804,3.4483,5.6108,4.4055,139.0075,5.8275,4.049,23.7993,95.8494,20.1416,0.758,21.3008,3.4093,16.3097,8.378,12.2692,194.4096,7.0312,0.799,22.1199,5.1864,9.0672,82.3616,18.4745,1.428,9.1821,0.0947,130.2398,64.8373,12.1685,9.9925,14.3023,17.4842,6.1061,45.0037,6.3088,19.7977,82.2123,30.0844,3.7984,17.7823,6.5813,36.9522,71.2147,20.3497,0.3284,3.5808,5.6326,2.371,6.9954,10.1277,3.3468,48.4394,4.2139,47.3747,0.256,0.383,884.8084,109.1826,2.2299,13.3485,0.011,0.7461,3.96,0.012,3.0938,2.4772,14.7771,10.0797,19.2974,27.0387,133.2821,25.0748,4.6855,0.0039,19.6097,0.0373,2.0337,4.5881,16.8386,1.3877,0,148.9867,13.7308,116.2957,0.2862,116.5019,0.2314,12.234,6.2849,5.9254,17.6415,10.5683,5.2715
TCGA-HU-A4GH-01,23.26666667,9.963,42.0537,0.0128,0.7059,3.2569,0.0384,39.0395,11.0769,2.5114,23.1762,17.0478,16.4402,0.4626,8.7054,2.347,3.8854,2.0433,0.8043,1.6903,8.9837,65.5735,76.5328,1.3255,22.4035,11.5811,62.4717,14.9245,2.6116,5.4321,28.1177,1427.4327,3.3034,4.9667,4.5578,6.5878,0.079,0.0291,0.4901,47.6947,133.1781,6.5557,28.2645,63.1941,42.319,23.7744,4.8204,1.669,22.7954,6.2675,0.5153,4.6457,7.963,38.3897,4.0464,11.5423,14.5216,21.2563,7.3692,0.3183,7.7906,6.7946,24.566,7.0013,11.5123,21.0892,8.7624,8.6777,46.3606,3.4239,0.2487,9.4519,4.4392,4.7534,2.3769,78.6147,6.4997,1.0366,9.5621,12.6049,11.2348,0.1253,10.5216,12.4287,47.5773,6.6714,4.3332,14.9961,35.3754,1.3108,16.3122,16.4109,20.0997,18.12,2.6082,8.2483,9.9847,2.8816,20.7944,27.0813,0,7.2546,3.0492,2.5669,14.9374,8.9664,0.7998,0.4669,468.4235,12.4708,20.2268,17.1516,3.0901,21.3854,390.7,0.7988,9.9875,1.1426,7.6997,13.7276,1.5746,19.3674,25.1423,9.3576,3.5693,2.1288,14.4697,15.6595,0.7848,28.8144,0.0206,0.6166,0.0521,15.2996,5.0176,1.6658,2.9054,5.8125,4.1493,34.554,0.0809,0.8004,0.4133,56.1027,6.2201,3.4323,17.1386,6.1406,42.2489,6.8454,30.2992,8.2421,3.1664,3.2826,13.2744,11.67,7.5112,0.6736,1.3805,7.619,9.4988,0.0423,0.1077,0.005,2.7637,0.2355,5.4648,6.0439,53.9377,69.1464,34.2903,20.4058,45.5814,78.8106,34.949,45.1156,44.1588,12.3063,51.8355,76.7535,2.0802,8.5491,4.9001,44.429,24.4904,14.1966,24.2833,1.0144,26.6738,29.2772,14.4504,2.3899,2.3115,0.8322,17.7859,2.6155,9.8737,3.5155,18.8045,7.436,5.1088,0.3256,0.2628,1.234,0.668,41.0091,2.8155,13.4062,57.8378,2.0225,10.1199,4.4438,34.2255,10.794,131.6594,3.7561,5.3609,7.0903,98.3255,12.9322,0.2448,13.094,1.8514,7.2973,5.946,9.0462,243.0485,7.2305,0.816,18.3695,5.936,3.5056,55.5605,5.7315,0.0406,11.9534,0.0537,57.0998,52.1284,10.606,6.5834,17.6727,28.0109,7.7604,55.7691,7.1274,14.7299,92.8471,35.2313,2.4963,30.9677,1.3307,15.336,48.9659,14.8167,0.3386,3.2382,1.7678,1.1839,3.8425,23.7776,0.7018,30.6337,1.6093,11.2489,0.562,1.9025,1015.8897,105.658,1.7745,11.9208,0.0232,0.4957,3.5997,0.1172,3.5507,1.0693,15.2633,16.7575,17.599,15.4993,495.9429,21.0969,1.5391,0.0948,24.9807,0.1001,5.9762,2.2735,6.8905,0.1286,0.0486,92.4052,13.3925,75.578,0.1287,58.4469,0.1144,8.6903,5.9989,5.0919,8.1754,13.061,3.4818
TCGA-HU-A4GN-01,34.76666667,22.2502,53.922,0,2.5957,4.0584,0.0307,8.397,9.7286,2.7249,9.6529,22.0613,22.2856,1.0421,6.7046,3.9579,7.2326,2.8194,0.8644,4.8791,10.4461,127.4606,1.6673,6.8726,19.159,16.4883,56.2233,24.3722,0.5534,7.3363,19.1786,53.7559,14.6207,5.3187,16.4427,7.4909,0.0433,0,0.9868,59.4735,72.9711,10.1474,19.2673,43.7037,99.8994,17.2807,18.6774,3.2253,17.3448,5.3157,0.1894,6.7183,13.6437,26.0233,5.7642,13.4018,13.7187,51.6673,1.4734,0.4186,11.2902,9.769,49.4635,6.8297,9.685,24.7374,15.9061,13.4827,266.1732,27.1534,0.3339,9.0292,3.468,5.8566,3.5599,78.1134,6.6414,0.6939,15.8949,30.0065,33.5495,0.0263,6.1448,14.9041,49.5142,8.029,8.0057,25.4627,34.7698,0.5625,7.4359,13.1922,15.8804,16.7231,2.4782,16.3738,40.8552,3.4595,17.3174,19.9367,1.0146,17.2607,3.4758,4.2716,6.8517,21.8506,2.1441,0.3728,399.6861,11.2392,40.0265,103.6785,4.339,18.9211,16.9588,1.2788,1.5395,0.5777,13.0279,51.8768,15.0259,21.4155,4.6172,7.3714,3.1573,1.7949,23.7337,7.583,1.0209,57.165,0,0.9248,0.0454,17.0009,10.3851,3.8705,2.3093,50.6079,4.231,31.1102,0.1354,0.9064,0.4576,31.3377,7.3262,3.8999,39.6407,9.7573,51.7822,9.35,32.1832,24.4618,3.8072,1.1602,13.9028,8.2442,127.5071,4.5678,0.2263,9.9003,10.0638,0.0799,0.0534,0.0163,8.4066,0.4754,18.0143,7.2531,38.4768,76.0517,33.9268,11.799,60.9306,83.6978,15.7698,69.0076,0.0513,14.8966,58.1534,60.7258,3.3176,14.9867,2.2875,12.0591,18.2481,12.5772,34.2474,1.7062,34.3944,23.0977,33.6528,4.3017,3.073,0.0466,9.5274,10.2613,5.7372,8.1482,19.551,13.7896,8.9472,0.5451,0.6779,1.9838,9.2682,39.4453,1.5104,12.7293,12.2143,9.4831,10.5299,0.6417,3.7863,5.8888,93.8086,4.8131,1.5987,23.1438,81.7839,15.6034,1.4208,18.5798,3.1526,22.2,10.5947,17.6126,186.6666,10.6964,0.9174,25.5852,3.4183,3.8512,88.5824,1.8146,0.2645,15.626,0.0278,88.5224,37.2916,14.9589,12.1669,9.6662,18.2328,17.5821,52.3454,11.4258,19.033,62.8687,34.9923,3.0228,60.8299,10.7698,27.6925,28.9245,30.5661,0.0396,6.0866,4.4134,2.103,8.4709,12.0284,1.3931,16.8862,2.7124,22.5885,0.1995,1.3673,2590.5566,155.1613,2.4825,16.9618,0.0514,0.4182,7.8298,0.1665,3.4889,3.1374,9.8085,12.5766,19.22,33.0555,347.8394,36.1786,3.9656,0,30.4384,0.0288,0.0313,1.018,11.4488,0.1387,0.0308,136.0665,0.0277,14.8835,0.0138,99.4663,0.0628,9.0343,9.0926,30.7534,0.1262,8.8033,3.7743
TCGA-HU-A4GP-01,5,68.598,38.1869,0.4448,2.1451,6.617,2.5723,20.4043,10.9525,4.758,25.5201,7.396,14.2245,5.5817,9.2732,3.597,1.2985,0.0898,0.3516,6.3715,11.0402,0.3574,0.1703,3.4483,24.9618,23.5424,32.3055,10.9119,4.6316,9.9951,21.327,7.8231,0.2151,3.7023,11.6247,0.3254,0.0976,0.0158,0.4698,44.5249,119.0011,0.2625,10.7794,7.2375,119.0162,21.3578,4.5085,0.9485,15.7708,5.7881,16.0643,8.0548,9.5457,16.078,1.7301,10.6681,3.8736,1.5059,11.1559,1.3676,3.1719,9.9407,9.0242,6.0799,4.5951,21.0675,23.7108,17.4074,85.51,4.8714,0.0041,14.274,11.7227,7.7202,13.9706,74.8185,1.4418,4.3849,19.2864,26.9974,14.3006,3.3468,0.1359,13.6135,39.2364,7.9925,10.5311,7.9539,19.0168,7.9198,3.8811,41.6741,20.3933,14.3257,1.5732,23.5199,8.5232,4.7077,10.0793,10.6351,0.2013,15.7096,1.7658,1.2681,38.5431,14.7655,0.045,0.6075,154.4305,2.254,6.6819,8.022,52.7715,13.9821,0.7022,0.6738,0.061,0.9343,6.3905,26.831,3.0501,28.9364,4.7733,0.8217,10.4437,0.9296,14.0344,5.3389,23.2377,4.6333,0.0598,2.033,0.5276,9.9365,0.9594,1.2533,35.1848,0.9147,5.7845,13.9807,0.5437,0.7833,0.1074,131.0029,5.0747,2.1576,20.8193,15.0588,27.5068,8.4844,30.5083,8.2425,5.0001,10.0621,10.4586,3.0051,47.3072,0.1571,0.1229,3.1044,8.3578,0.2261,2.6679,0.8011,2.1614,1.0392,19.1349,13.179,69.0486,35.9086,29.0947,23.0303,33.1486,57.0989,16.3288,79.429,3.8736,10.4506,11.675,53.2766,3.9408,2.442,2.2144,53.8605,4.9325,17.2596,18.1688,22.6259,21.3675,0.5724,0.0438,47.1482,5.4703,0.0616,13.9368,6.2727,0.5416,1.2803,15.4291,1.9195,5.8992,12.7476,0.5244,2.3593,1.789,29.7984,3.8273,11.6291,26.3625,6.6883,0.3411,4.669,18.0433,2.5388,74.0035,3.4299,4.9286,16.3473,99.4595,10.9164,0.2069,5.4876,1.6955,2.1813,2.4444,2.1149,95.5633,0.3562,0.6331,13.463,3.5953,4.0948,0.6847,2.6178,0,3.5058,0.0269,16.1972,27.8871,10.6177,6.1988,59.8404,0.1874,2.3749,29.6723,2.1641,23.0244,14.6231,2.9776,18.7646,0.5274,0.0489,11.7296,23.2722,7.871,3.9706,5.721,1.7399,3.4622,0.5685,5.2958,3.3148,9.1444,0.3681,564.833,0.3285,0.1448,354.991,66.0468,3.8101,7.5942,5.4606,0.2759,2.9675,0.0018,3.6918,11.2217,1.6951,7.623,11.2342,9.5869,16.2001,1.5468,9.5571,0.0289,17.1036,0.0187,0.5645,4.6671,5.612,0.2772,8.4777,34.4641,0.0818,88.3515,0.0733,8.7732,0.3669,10.3185,6.5222,10.0913,2.5615,6.5055,3.1475
TCGA-HU-A4GT-01,51,9.9044,37.2882,0.0155,1.2382,4.9817,0.0599,17.1731,4.8487,1.2115,8.4026,12.7249,12.9729,1.8369,7.5876,2.8233,3.5778,2.4053,0.5381,2.4543,14.5254,142.1299,7.0214,44.463,8.3558,12.0338,54.5819,16.1765,1.5314,3.7606,15.4129,37.5957,9.1767,2.9867,1.3616,11.0805,0.036,0.3637,0.6265,84.2173,88.7127,10.0693,20.1816,107.4413,149.2647,13.2505,7.7751,1.3541,20.6235,7.92,0.3788,5.0937,13.8991,22.3525,3.6422,7.2843,10.6936,9.0408,0.996,0.1968,11.3347,11.1112,36.2361,1.3609,7.1496,24.819,12.5049,4.3047,282.1233,14.5297,0.4813,9.059,5.2578,3.7274,4.8674,93.1773,7.1798,1.6564,4.4738,26.7637,28.242,1.3782,9.2031,9.5046,45.2675,7.6395,6.8976,17.4944,34.1667,0.7513,12.4357,15.5609,21.4625,21.6922,2.0167,8.2765,47.332,1.961,17.777,15.4839,0.6441,11.3761,2.6006,2.288,3.3988,14.0285,1.4169,0.5072,520.9889,12.4853,22.6903,41.8623,58.9262,21.1919,6.897,1.4226,3.7917,0.6354,7.2106,86.6889,12.4272,43.8061,5.0658,10.3505,3.629,1.1038,16.4475,9.8197,1.1971,58.787,0.0033,0.6993,0.0667,16.4762,5.296,2.6936,2.9258,8.1139,4.5557,24.988,0.2577,0.6703,0.3108,37.7919,4.9313,2.0251,29.8727,5.7173,57.544,10.0865,26.8269,21.2344,3.8853,0.482,6.4236,8.4749,67.695,2.4466,0.6166,5.8598,7.8066,0.0783,0.0336,0.0423,5.4205,0.7212,12.6655,10.3521,27.497,133.5929,22.9786,10.5575,71.5783,184.8677,41.3279,147.674,0.0679,7.7021,23.556,44.9661,2.199,10.2703,3.6203,7.6447,13.4359,9.6147,27.6928,1.5241,23.612,20.0229,36.0225,3.2593,2.494,0.024,21.5235,12.2504,3.625,8.4121,15.6151,8.8659,7.2708,0.1828,2.4833,1.0681,3.0506,104.3793,1.7898,11.9641,17.9836,1.7022,12.7649,1.6623,19.3245,5.0393,84.626,2.149,8.3554,37.455,74.0506,13.1987,0.8169,11.3502,1.7964,10.9597,5.5709,13.1018,189.8805,8.6554,1.1483,18.632,2.462,2.6188,41.1274,8.1836,0.783,24.3575,0.5262,26.7363,59.4006,14.3449,12.3031,17.6848,17.5408,3.6833,51.9231,8.1687,17.3775,68.6998,34.274,4.8363,11.9438,21.3043,8.986,67.7433,16.3832,0.1458,5.9369,2.2118,2.0545,5.3818,3.8827,1.1234,19.8159,2.4726,23.5953,0.1938,1.3901,804.4396,132.3543,1.9498,11.611,0.0233,0.477,5.3256,0.0227,6.511,1.2285,8.9712,5.9152,16.168,19.1952,123.9714,23.4995,3.0099,0.0084,19.7881,0.0572,3.5038,2.3037,12.9898,1.0079,0.0386,62.9212,1.3311,81.6373,0.2833,71.0054,0.1859,6.3324,9.7325,10.3973,0.1249,6.3676,5.7751
TCGA-HU-A4GU-01,43.03333333,38.2852,41.1175,0.0011,1.9092,3.6234,0.0325,23.7524,12.8582,3.5477,14.919,31.7618,14.4813,1.9263,10.2742,3.1342,6.3882,2.5403,0.6731,9.3528,8.3627,160.0835,12.948,18.3923,16.182,18.7937,77.472,15.6443,4.1071,4.3914,29.5609,62.4742,8.6771,2.8086,6.0169,2.8317,0.0115,0,0.3496,34.0826,129.0536,8.8232,15.0761,80.6282,236.1746,31.5067,2.9822,1.304,20.8812,7.0478,0.128,9.0513,11.5882,20.8059,6.3088,11.9186,24.4907,13.1759,0.9642,0.1639,20.1215,15.3484,29.9342,9.4801,13.0738,14.0615,36.9927,5.4303,378.704,21.0163,0,5.9656,5.0452,3.8602,10.848,82.1509,5.0039,5.8781,15.8949,29.2259,17.2162,0.0322,72.0118,5.5904,39.3489,6.6583,6.0606,18.3028,32.4371,0.5947,18.1803,12.5109,30.4915,16.4793,2.71,14.5996,12.2914,7.3724,12.7806,16.3977,0.0109,12.4925,3.07,4.5404,5.621,13.8955,3.1391,0.3899,359.4741,10.0497,18.6658,19.2207,79.8351,16.1291,4.4066,0.7077,0.1693,0.3141,15.9134,56.2301,148.8982,37.2717,5.5412,12.5366,2.3233,0.7241,15.872,5.1612,1.4925,81.1649,0.0007,0.4454,0.0396,22.0577,6.4726,5.6787,1.9984,36.5156,3.432,44.9565,0.0837,0.7388,0.1125,91.6755,6.4044,2.0936,19.5598,13.2539,32.8573,3.7479,25.4039,12.512,2.4334,1.1042,15.4647,9.3573,65.0691,4.2155,0.1336,8.8568,6.1689,0.0662,0.462,0,8.4131,0.378,15.3542,10.2059,31.8486,68.9446,21.1587,12.2247,60.1531,102.4959,18.3035,92.1742,5.7147,17.148,42.4452,70.6733,2.8363,19.4335,5.6562,10.9862,13.5568,16.5923,37.1796,1.4231,35.7264,26.7588,9.3937,4.157,1.0198,0.0204,19.6093,9.3831,4.1899,6.2054,20.2513,8.4008,9.8864,0.3677,8.3255,1.8883,1.3789,50.9484,2.5706,11.1102,8.5042,7.8375,3.9468,7.522,9.9569,4.408,72.0381,7.1405,7.6651,21.2891,59.0778,10.2158,0.7253,8.055,2.2259,10.7691,10.4208,7.7335,141.5687,5.6936,1.335,27.5165,4.3143,2.7819,91.2507,11.0585,0.035,32.0796,0,69.5037,17.1232,16.5148,9.1893,7.1418,25.562,12.0608,63.7469,8.6973,20.5695,71.2599,16.491,3.465,14.0773,10.2285,14.7399,64.6257,10.5789,0.0193,5.0606,8.0694,2.0102,7.9811,5.2981,0.6398,39.9791,2.7456,19.5698,0.1038,0.5084,688.2487,147.0984,4.3732,15.632,0.0405,0.3605,3.8569,0.0186,6.4458,1.0787,16.6178,9.2845,23.0837,23.904,105.6249,23.7487,2.1381,0,20.9138,0.0207,0.1934,6.827,12.6979,2.5605,0.0044,78.8506,0.0126,112.4672,0,80.9192,0.0395,8.8696,8.4721,7.9604,0.1714,7.3704,5.8718
TCGA-HU-A4GX-01,37.7,13.8508,42.5548,0.0103,1.7408,4.103,0.0424,17.5176,8.5686,2.8107,14.3999,12.5162,8.2821,1.6781,9.026,4.1656,4.244,1.7585,2.9799,2.4763,9.5888,201.4554,8.483,16.1314,14.6363,17.1419,36.7927,17.9269,3.3101,10.0189,22.0224,41.6246,8.7146,5.4427,16.3019,2.3473,0.1387,0.1657,4.9694,38.8126,129.8414,13.579,16.9282,62.203,90.8174,16.369,10.1693,4.9153,22.2322,11.5142,1.3046,9.3355,15.0845,18.8758,9.9387,9.3647,14.7878,8.7752,2.3996,0.1709,12.1385,8.1164,37.0346,8.3924,5.6487,29.2926,8.3622,7.1321,188.8398,24.9609,0.1591,3.0101,4.5393,4.6219,15.6885,69.9278,7.7112,2.0324,19.418,31.903,21.0974,0.1269,2.6616,8.0904,47.7218,7.3389,7.9743,14.2516,29.1557,5.0574,13.1166,17.6436,24.5233,20.9492,3.4315,15.7076,40.1242,2.8586,17.4373,25.6617,0.4143,11.1866,3.2409,1.8645,4.9018,17.5742,1.7343,1.4159,477.0845,14.6406,20.4355,65.6485,49.746,14.1669,5.7053,2.4076,44.7271,2.2357,12.8823,83.6316,2.2724,30.6111,4.6355,8.2916,8.8862,1.9815,20.4727,14.0331,1.3865,63.7435,0.0027,0.9302,0.1121,25.5067,7.8473,1.8963,1.9389,22.1992,6.3341,30.653,0.4625,3.4827,1.9088,46.966,8.0437,2.3687,28.9201,9.4988,42.8495,11.1386,27.9424,25.058,4.9555,1.3226,7.8315,6.1023,73.025,3.6954,0.7367,4.8217,8.4546,0.1114,0.1641,0.0308,6.7057,0.97,9.0096,11.0134,37.2876,65.4418,27.7354,11.1329,59.0695,93.0466,19.4469,139.9829,3.1111,11.1319,38.3297,50.5163,2.3921,7.2865,7.2403,22.9185,24.3285,8.7917,27.909,1.7322,30.7208,14.2177,20.3421,9.2694,3.4419,0.153,48.0254,5.1322,2.2048,5.6884,15.2346,7.7182,7.2931,0.4676,0.065,1.6451,11.6719,41.1784,2.2977,11.0902,12.5947,1.8962,5.0312,5.468,14.7921,6.5061,74.2669,3.3343,4.0701,20.902,58.2072,13.4345,4.0207,14.7921,3.3307,10.2427,8.5194,20.6023,220.2656,5.1871,0.7615,20.5147,5.0012,3.9045,101.5807,7.5578,0.856,25.063,1.8726,71.3488,25.2012,13.021,15.5341,11.2675,0.7956,3.4909,55.3486,7.7588,16.6736,64.6939,35.3048,4.1268,11.1113,16.1745,7.5417,38.9248,16.2898,0.332,5.2917,4.3521,1.8876,3.8474,8.668,1.0765,31.1291,2.4447,69.8057,0.727,2.2314,2894.7505,119.5679,2.2708,12.5951,0.0976,1.8622,5.6078,0.0401,4.5564,3.2479,19.0574,9.5703,16.9657,14.4394,154.6735,48.3873,4.3309,0,36.9452,0.0449,0.6895,3.9752,4.2257,0.2717,0.2573,49.0086,2.1188,23.9379,0.0044,70.4164,0.0459,6.8576,7.0695,16.1699,0.2364,4.578,3.7386
TCGA-HU-A4GY-01,1.8,23.7089,28.0984,0.0864,1.5473,5.9093,0.8063,30.0677,15.5851,14.8462,26.6512,16.5122,19.1522,8.8806,8.6603,4.2331,3.4231,1.673,15.4205,8.0369,9.7921,17.5195,3.4893,23.0632,25.8572,24.5127,53.2474,20.8718,4.4443,6.0814,19.6766,16.9714,7.4304,6.336,310.0258,0.7657,1.6966,0.0217,6.5769,32.838,105.1871,1.5616,11.8464,29.4927,1053.456,34.1664,11.4248,23.0925,22.3481,10.161,2.5446,12.7956,14.2022,21.2926,14.4199,12.7069,10.1937,6.9568,10.8319,0.2958,8.5363,11.4867,36.1013,6.136,6.0673,20.8871,18.1522,22.2272,123.1318,22.2163,11.9735,13.0724,9.9867,8.2923,15.9301,52.7427,12.0627,20.8055,22.345,20.5216,35.752,0.9769,5.0878,14.9405,77.6996,8.0213,8.158,14.6561,21.305,5.7847,18.4355,18.2846,28.0568,19.0266,2.8937,36.3589,25.5611,5.1801,12.7081,25.211,0.003,14.2089,5.5015,2.7207,13.2067,21.1541,1.1739,13.6979,301.7426,11.7526,22.8481,48.0969,28.146,27.7018,3.0307,2.4831,109.7692,33.7735,10.2508,35.9552,11.3589,29.7443,6.3107,4.445,42.9004,7.6101,19.327,148.711,12.5608,15.7548,0.0437,3.4489,1.1654,14.5281,6.6593,2.3686,12.8082,5.8963,6.0912,25.9375,1.7887,20.5546,6.736,54.8878,11.2855,6.4921,18.8093,16.3281,34.8271,9.6383,30.2566,14.9761,10.4061,6.9998,9.9117,4.904,28.0288,2.5956,0.3573,4.7505,11.7315,0.2246,1.5298,0.858,5.2993,4.9132,52.203,16.3489,61.0046,64.2471,29.0189,13.8513,27.9709,43.7441,15.436,59.0711,0.1971,14.6688,16.9945,56.424,5.2647,23.3297,3.9864,77.6453,17.7738,18.005,35.0012,9.6851,29.2606,7.3744,7.1616,16.1092,2.993,0.5689,45.203,8.174,2.8228,2.943,16.5717,8.2886,12.0083,13.8672,0.6729,2.642,5.7939,27.073,3.884,11.111,23.5474,4.237,8.8388,2.5352,15.6121,3.9374,113.8456,6.782,6.5562,23.9167,87.4018,21.7067,5.4204,10.7812,2.5495,9.216,6.6079,4.6314,128.3835,3.3675,1.0668,17.3072,8.2054,7.3117,36.7159,2.9904,0.1874,6.8479,0.1186,29.6133,19.4721,12.6486,12.5971,14.955,9.387,7.1257,40.097,5.2392,30.0084,35.3238,33.1401,20.2641,6.2869,5.7957,45.639,47.5093,10.7548,0.5793,4.35,4.8819,3.2277,2.715,16.2786,6.1896,22.3976,1.5411,46.4226,37.4632,2.2693,3582.1957,72.6083,3.867,13.4003,0.5997,8.6248,3.0874,0.0642,3.5781,11.5847,17.9499,9.567,20.5497,16.2304,149.5105,9.7477,3.7923,0.0128,32.3276,1.1533,0.3887,8.3877,10.8297,2.1986,0.36,40.8527,0.0325,48.7694,0.1274,28.3505,0.1048,12.0059,6.9496,8.6986,0.8299,7.8979,2.6198
TCGA-HU-A4H0-01,4.9,23.8352,34.7451,0.0058,2.1065,4.2857,0.0318,26.609,15.8676,3.2654,9.3815,22.3666,14.4432,1.1495,11.0349,5.6316,11.7843,3.6954,2.607,4.9054,10.3006,158.1432,5.2543,7.7748,21.47,17.4466,68.9135,25.6148,6.082,2.037,23.8928,91.1029,13.9499,3.07,8.4917,0.0923,0.1481,0.0043,3.1826,39.3961,89.8857,11.211,10.4175,82.5733,72.781,31.0067,43.0716,5.1396,18.9002,7.4181,0.6347,26.5927,6.9013,22.0372,11.2209,21.4638,12.3195,33.9451,17.7069,0.0846,22.2707,27.0756,23.7376,13.4562,7.3938,28.7764,12.9046,15.1261,195.3709,27.3728,0.0331,10.6356,5.9625,5.9499,7.935,127.2212,18.7387,3.0761,24.0703,27.42,37.0692,0.0145,64.938,11.8081,66.587,5.0842,4.9289,20.2995,25.0997,0.6606,22.344,21.9667,27.0366,19.1274,2.137,22.9379,19.7808,4.8456,17.4233,16.8022,0,31.2766,11.6061,5.7836,9.5636,15.0586,3.6811,1.6201,524.6944,13.8694,42.5258,66.7377,34.3254,25.2391,1.8028,11.1317,5.7593,0.872,32.4241,49.5436,11.8232,26.6126,6.549,7.6249,14.6086,2.4265,24.5161,20.6873,2.6601,45.2545,0,0.8378,0.1466,17.3323,12.483,3.9888,1.8162,40.7414,4.236,33.2993,0.353,3.8989,0.8526,22.0688,7.6648,6.4994,24.2751,9.0264,36.8524,8.0273,26.0402,73.1911,4.0104,2.2412,13.9316,4.5533,60.8127,0.2866,1.115,8.3712,10.121,0.0826,0.7112,0.0063,9.0431,2.065,9.354,5.7175,54.582,91.8604,28.1532,18.9034,74.0717,69.5346,16.737,54.7133,0.4293,13.104,74.4171,123.1403,3.7026,10.7104,3.9608,111.28,11.2276,12.156,51.2081,1.2027,35.2695,30.1825,13.2789,8.7447,2.2946,0.0083,18.8343,10.6151,1.6766,9.6124,21.0112,9.637,8.9566,0.4705,0.0874,2.2516,19.4362,32.4671,3.4319,15.7774,14.5717,3.9484,11.5516,2.8699,1.0435,5.1517,122.1175,5.6974,5.5986,27.9534,51.447,23.8659,1.9398,18.7477,3.2062,34.5953,13.4134,12.2688,147.3242,7.2544,0.8322,22.9998,5.9498,5.542,79.8773,7.9714,0.0379,20.181,0.0442,94.1952,55.565,16.2552,12.2747,8.8895,70.8092,14.2301,49.7571,8.0283,22.5381,66.6025,56.817,4.7841,16.9366,14.9606,6.547,43.0104,21.1244,0.0827,2.1351,6.2127,1.6229,9.3575,16.1893,1.5926,53.522,4.0339,47.8012,0.5827,31.843,5297.3197,93.4309,2.5633,20.6513,0.0267,1.3688,32.5658,0.1084,3.2065,4.4151,18.1661,9.8941,24.6732,80.2111,156.6934,15.701,0.6521,0.0029,21.054,0.0401,0.1414,2.911,22.4025,0.8597,0.1188,49.2379,0.0058,127.0022,0.0066,41.0179,0.072,7.0585,10.9348,8.0304,0.1462,5.2252,5.3991
TCGA-HU-A4H2-01,4.766666667,12.5793,53.7589,0.0116,2.5907,2.4077,0.0546,18.6893,10.0112,3.0708,11.9691,27.794,18.5547,0.6816,16.2113,2.9122,3.9978,1.9957,2.0202,4.1646,10.7396,87.4544,175.618,10.9769,25.6477,17.6103,34.2444,19.8149,5.513,7.1625,20.9418,29.5932,5.732,3.797,4.1105,1.521,0.1162,0.0212,1.8347,33.1818,126.4111,6.7793,22.5817,101.9353,60.1898,22.8088,12.3326,3.149,19.4416,9.5061,0.6621,8.0371,12.4777,16.5579,3.5964,13.3756,14.4298,5.6421,11.2387,0.4294,9.3405,14.2205,63.1726,7.7003,9.7435,41.4121,9.4297,9.3947,139.5969,26.4646,5.2758,7.9759,5.8599,4.1014,2.8435,281.3488,6.3425,2.3637,13.4032,15.0601,14.4543,0.0909,3.9459,10.072,68.8389,5.5723,2.2255,6.3275,38.4668,1.1872,10.6005,11.4403,21.652,16.902,1.3205,11.4715,4.4697,3.1113,9.1271,26.6604,0.2639,9.5251,4.7699,2.3482,7.6583,14.372,1.284,1.3271,386.5903,20.0359,13.1285,43.6551,6.1258,20.3556,29.698,0.9358,19.9135,1.9022,11.3567,43.5025,15.1032,18.2103,7.2479,5.8617,5.46,1.7068,19.9694,11.8081,1.3353,25.5135,0.0023,0.6873,0.1185,15.5599,20.6075,4.001,2.3032,14.4971,6.2382,38.7806,0.3303,1.6931,1.1479,62.2695,4.5346,2.4691,20.5951,6.5253,29.324,7.0765,20.6786,6.6898,4.1158,2.4697,10.8105,8.762,39.8642,0.4113,15.1858,6.955,8.2658,0.1413,0.0279,0.0377,3.9464,0.6912,13.7544,8.799,46.6164,60.5587,29.9292,11.4183,55.9763,80.6303,26.9031,88.6526,0.1366,10.1603,68.6938,55.4931,2.472,17.8167,5.8975,30.2852,16.0637,15.078,33.9542,2.1735,37.4977,69.063,28.1836,5.5568,10.2887,0.1835,11.4352,8.1028,8.8833,6.0943,11.9189,6.4207,7.626,0.7152,0.0667,1.7488,1.6517,51.2798,1.5122,10.6338,12.9231,0.6114,11.1134,5.5636,3.0293,11.0983,90.8918,5.9617,3.1539,8.6019,61.185,24.7417,1.4616,12.7059,5.3654,18.3721,7.6872,26.1749,242.7,6.1974,0.8675,26.176,5.2826,2.7697,73.3628,13.8564,0.3205,16.3514,0.2542,62.3501,18.6583,11.2516,6.2975,8.6621,18.6635,6.0812,52.6601,12.7937,14.8983,50.0267,20.9885,3.6961,30.5095,6.0494,16.3473,50.5103,64.4826,0.0764,7.2087,5.4893,1.0921,6.186,12.7212,0.8294,20.2378,2.4716,36.8237,1.342,2.2266,1752.4517,46.9072,2.8864,14.4723,0.0655,1.1483,6.0167,0.0533,8.2957,2.7821,18.7557,11.054,19.1611,46.3959,330.3064,0.4897,2.1253,0.0374,25.2695,0.1971,0.2915,1.421,10.0036,0.1173,0.5204,175.2995,11.8278,45.1388,0.1484,45.963,0.2367,10.2364,6.7334,8.6932,0.3088,9.3539,2.6662
TCGA-HU-A4H3-01,27.96666667,13.1488,39.6672,0.0145,1.166,4.0457,0.0695,20.3548,13.2623,2.197,13.8756,11.1543,11.0164,1.61,7.9701,4.7555,1.8494,1.2932,0.8648,4.7798,10.2833,130.4539,1.9217,8.0122,15.9534,15.2399,28.8601,22.1745,2.6286,8.6055,20.369,82.3445,10.117,3.6107,8.4138,15.0764,0.0329,0.0263,0.7286,49.0959,169.3852,10.9802,23.0523,56.7488,29.9077,14.3113,2.9425,3.6431,25.0686,8.1631,0.6413,7.5494,13.7589,24.424,5.0726,9.6671,13.7267,16.4849,1.2827,0.2065,11.9175,6.4926,39.6611,5.8057,4.4774,23.2661,18.6838,10.6024,166.407,13.5673,0.0832,6.8981,3.3781,8.3364,9.019,66.8305,5.3723,2.6682,21.7109,18.671,24.827,0.0359,4.4648,9.9213,47.4327,7.6542,6.1297,13.566,29.1363,0.4484,5.8607,12.2387,23.0664,17.8251,2.9209,13.1382,4.9625,6.7684,8.4282,20.9069,0.1265,9.6397,2.4598,2.1511,13.4898,15.7638,1.4202,0.4909,473.5974,8.3205,30.2876,91.5793,3.825,13.1086,5.748,0.8984,2.8246,0.8191,9.5845,48.2484,1.4131,24.3069,7.4567,5.9636,1.9099,1.8775,17.8529,11.9837,1.5521,67.1608,0.0006,0.7172,0.0626,8.9659,7.0657,1.7888,2.2649,53.5577,4.7918,28.1325,0.1792,1.0995,0.5665,147.0941,6.2958,2.005,32.4944,9.7224,38.1597,9.3034,26.7157,13.1236,4.3148,2.4606,4.8391,4.1983,87.1065,3.8021,0.4524,6.406,10.3469,0.1154,0.0888,0.0703,5.2287,1.2829,18.6492,59.7388,37.4373,94.7737,23.5182,13.2886,44.4108,79.0427,16.2967,100.2506,0.0947,10.8426,33.0415,48.0293,2.7889,8.8845,2.799,15.4845,19.515,8.0115,22.2179,3.1852,17.8141,16,24.3685,5.9589,4.5781,0.1438,23.8592,4.9862,6.7523,5.6877,13.8152,5.8863,5.8664,0.384,0.1251,1.0452,3.6004,25.2619,3.5483,14.6501,16.8784,3.4122,3.1119,1.1335,33.9433,12.2038,122.9184,5.3477,3.5642,12.0473,82.0743,16.9079,1.892,20.6834,2.3449,7.5869,9.8137,28.7116,262.4835,5.9509,0.5771,20.3003,4.3357,4.1991,140.6096,3.4624,0.5459,7.4437,0.4125,81.2473,25.5343,9.8765,6.5832,76.5792,7.6523,13.492,43.9694,5.5095,21.0021,70.0923,13.0591,3.5884,27.4828,5.7363,45.217,35.6425,24.147,0.2252,4.2551,2.5103,1.7329,5.091,6.1103,0.7134,114.3265,2.6869,139.2982,0.3116,0.5543,323.1354,118.8533,2.3801,13.7732,0.0204,0.5508,7.6758,0.0448,11.0455,1.4724,10.7777,6.4488,16.5306,33.1795,348.7161,50.2046,5.8748,0,27.8328,0.2876,5.8617,0.9934,9.6024,0.1079,0.2376,81.9245,0.0325,49.8184,0.0247,145.9233,0.0574,6.8034,9.4916,11.4065,0.1961,8.9842,5.2821
TCGA-HU-A4H4-01,19.4,20.7042,32.309,0.0088,1.5153,3.4493,0.0751,10.2336,12.0116,2.8508,14.3094,15.5645,16.581,1.257,5.7369,1.521,4.2043,3.1701,2.1814,4.7493,7.8026,58.1421,2.3939,5.5239,11.8788,9.9239,36.9326,32.1896,3.5593,6.9553,16.126,29.7013,10.8186,4.7064,11.5002,8.7007,0.3183,0.0057,3.4359,50.6799,104.9154,10.0454,17.1569,54.0359,175.2175,18.8441,22.0169,7.4835,18.0263,4.3253,0.7751,8.2756,7.9591,18.0847,7.1087,12.4951,13.7612,16.1721,2.6762,0.0995,7.5065,12.2109,39.5904,4.9887,7.5974,22.6859,14.451,6.8208,210.9827,21.8646,0.9085,5.2823,4.5312,7.7478,9.4211,66.8813,9.6059,1.6862,18.4339,24.4121,23.7162,0.2099,15.8384,8.5224,51.2604,3.4641,3.0638,15.1443,24.8275,1.2405,16.5151,13.6831,25.5095,17.2259,1.5182,22.1298,34.4254,4.6676,9.5524,15.1931,0.0149,10.4552,5.1729,3.1855,4.8747,14.5809,2.7039,1.9126,530.5149,11.1866,20.7145,77.3298,9.184,26.6843,4.5967,3.7527,15.9622,3.665,9.6845,72.9398,3.78,17.0168,8.6024,6.3335,5.5616,6.8679,19.2851,21.1971,1.4655,55.795,0.0032,1.8191,0.1708,11.4084,6.6668,2.273,1.979,62.6719,3.9514,30.4429,0.3932,3.6007,2.9473,25.9953,5.2073,9.4866,24.4413,11.6203,48.7191,8.8728,21.2704,16.3685,5.0148,1.3587,9.1486,5.5862,54.2823,2.5911,1.3723,7.579,9.7685,0.1511,0.1266,0.0235,4.3071,1.6291,20.6183,13.2843,43.8378,68.0753,24.2339,7.9916,63.1471,97.6104,19.2469,85.0429,2.4381,9.59,42.7465,51.8339,2.342,13.3048,5.6516,31.0969,17.0665,12.5989,34.4678,2.4913,35.9841,32.3346,28.9472,5.9087,2.6025,0.1076,29.3902,8.4745,1.7318,7.6478,17.6275,6.9671,7.4753,1.0422,0.3565,1.4886,4.3853,43.3394,3.2648,10.0136,24.6182,0.6988,7.4356,5.8599,2.6078,8.4377,96.3832,3.3093,3.5571,23.9122,87.9764,19.6405,3.8047,14.912,3.1116,10.055,7.9336,8.8751,303.9634,6.6602,1.2006,17.0488,3.422,2.8896,62.6745,2.7401,0.154,13.5358,0.0095,150.4792,26.5228,17.4386,8.0257,8.3212,2.2833,7.091,46.7392,11.884,19.6368,57.8508,40.75,4.7312,16.1022,16.8215,16.276,54.8622,35.0019,0.1021,4.268,4.2136,1.0462,5.5265,8.1798,3.3754,37.3383,1.9465,24.5357,2.1679,0.904,3414.704,80.3144,1.9617,17.6044,0.0445,2.116,2.679,0.0296,2.9854,3.0636,12.6041,12.4922,16.1634,14.4942,248.8213,24.5831,2.0526,0.0061,19.5511,0.1585,1.1267,2.8023,8.532,0.3537,0.0911,146.8728,0.0319,57.5628,0.0222,87.7037,0.1759,9.1828,7.541,11.4639,0.2177,11.0821,1.8816
TCGA-HU-A4H5-01,7.933333333,18.9617,22.0231,0.0402,2.2519,9.8784,0.0882,15.619,11.0777,5.3732,22.661,21.1005,24.9567,0.8128,7.9717,5.4963,5.91,1.6772,9.0631,2.8948,9.3242,109.7756,4.4381,1.1816,14.5554,11.1767,183.9705,30.1404,4.0895,0.3539,27.4057,47.968,7.0504,2.4995,21.9484,6.6392,0.0816,0,0.4173,24.36,243.4982,9.7484,10.8436,114.8925,64.1271,24.1036,4.9614,1.7264,17.8411,6.3844,1.3897,16.6509,9.1523,17.7787,18.7311,12.2458,19.8296,5.5456,11.3046,0.2682,9.3921,12.5636,42.7606,7.7125,6.734,16.5545,31.7048,6.1547,62.6605,19.6094,0.0859,19.0386,2.8371,5.4333,11.6386,50.2061,7.5547,5.7182,8.2516,16.0177,35.2582,0.038,100.4937,17.3219,68.6547,8.6394,3.3064,21.77,40.9841,1.8376,2.832,19.6693,33.9918,12.6893,2.5662,39.6002,2.555,4.8707,9.6765,15.2547,0,15.3248,3.2337,3.1699,10.9716,24.8033,2.8797,0.7209,416.6492,8.5377,13.4942,393.0275,3.5263,11.9953,4.818,0.6445,15.4242,2.1704,12.4994,35.8974,6.5554,33.8382,3.2287,8.7031,3.9857,4.1641,15.0802,28.7909,1.2427,37.1435,0.2822,0.983,0.0984,17.9485,3.58,2.2219,1.321,10.4398,8.3239,42.4725,0.2116,1.0715,1.7309,78.373,9.0984,6.4288,29.7354,7.4755,37.7235,7.1131,34.8323,18.5057,5.5913,0.5901,8.2498,6.385,38.6724,3.0926,14.7814,6.2311,10.4517,0.0226,5.7527,0.0048,1.999,0.6178,20.0287,3.9905,51.8567,74.3541,34.7396,8.9867,33.472,66.0965,26.0111,87.6945,24.0543,10.7737,38.0256,51.9043,2.6557,7.5698,7.5248,60.8785,11.9785,13.352,33.0897,2.0581,28.1786,32.857,16.2492,12.3753,5.861,0.0093,18.8312,7.75,4.1397,4.925,29.8811,4.682,9.2241,2.6575,0.2587,1.085,0.7152,9.1598,4.0831,19.3999,23.3153,9.5394,5.5719,0.554,49.3879,5.2137,88.3038,7.2101,6.0544,13.95,64.2253,17.4726,0.7477,6.5682,2.9492,8.7743,5.7883,9.6558,133.5047,3.9531,0.4683,19.9628,6.685,4.9898,179.7864,16.5885,0.8375,8.6141,0.0533,77.5822,25.251,14.0993,14.2693,14.3751,12.9013,18.4704,41.3495,12.1327,30.2154,54.1659,14.6842,7.5758,7.8298,16.2634,40.4831,40.312,21.4216,0.1894,7.4723,3.4343,2.5817,3.2216,20.3227,1.2473,112.3619,3.0785,113.2879,0.2681,0.2099,986.0595,103.8126,7.4766,14.8682,0.0311,0.6898,2.208,0.0759,7.075,2.8067,33.3439,15.8236,32.2841,32.8713,250.481,26.2969,7.3661,0.055,23.9412,0.022,0.3702,4.2616,13.8773,0.3636,0,147.0047,0.4507,248.3997,0.298,87.4241,0.1588,5.6717,9.6727,9.8753,0.0364,5.9968,1.8968
TCGA-HU-A4H6-01,2.433333333,9.3892,32.1087,0.0131,1.6939,2.7563,0.0959,22.9017,11.0087,2.9657,24.9555,11.4718,12.5495,1.4205,6.6601,2.4119,3.1506,1.2689,4.0904,2.6078,9.8016,62.5058,3.4982,17.8024,12.5946,12.9474,33.8491,27.3651,3.1724,3.6171,17.4277,27.0054,6.8889,10.8571,55.0108,3.0547,0.1545,0.0129,2.6518,52.0246,143.8976,5.7306,18.8076,49.5153,37.3128,18.281,3.3342,5.1831,11.4698,6.2724,1.9096,10.763,11.2836,15.982,5.0891,9.3557,7.972,10.7866,6.3705,0.4361,8.1348,11.5043,29.5455,5.1061,5.5361,22.1473,6.1431,5.76,130.3419,15.892,4.6561,7.8313,8.3491,4.8573,3.3026,104.6035,14.4984,2.4851,15.0669,16.9323,19.6579,0.2658,3.6189,7.8983,35.0172,4.7862,4.0567,15.0539,23.8574,1.1318,11.8768,19.5456,19.5424,16.7099,1.4083,16.4276,6.6673,3.6394,13.3234,22.6986,0.224,12.144,2.3981,2.0432,9.7564,22.9745,1.0284,2.4247,516.6882,8.118,18.6669,135.6821,6.7,24.5452,6.3082,1.0087,75.0531,13.2226,7.8815,64.5597,4.9063,26.5399,4.4134,6.5811,5.2127,6.5952,16.4229,42.0354,2.2929,55.6123,0.0031,2.8638,0.228,12.9912,4.8515,1.5761,3.4935,9.7379,3.3062,21.3436,0.7433,3.1346,2.6554,57.847,10.4677,11.1471,18.7954,14.8579,43.9318,9.0193,22.2223,9.6662,5.0941,2.0212,7.2987,5.1273,36.9948,1.2499,2.6822,4.5061,12.2686,0.1389,0.062,0.0113,3.8233,0.8015,13.6001,16.0072,32.5235,60.8986,20.2736,10.3762,28.892,88.4641,25.4545,59.7697,15.1446,10.6934,38.5796,55.7499,2.6073,13.164,9.8518,30.2487,13.0456,8.7029,25.4729,3.3698,26.9114,21.5294,21.8008,5.9665,3.6096,0.0063,17.5905,3.9631,3.3176,3.6285,11.3022,5.9472,9.6503,0.8606,0.7145,1.701,1.7215,38.5428,4.6068,8.1672,39.6387,3.4139,6.2457,1.3881,11.2994,10.1858,83.2018,6.0475,4.5133,12.1077,109.5367,20.175,1.2398,11.0237,2.2909,12.0805,4.2551,11.7532,192.992,5.996,0.637,14.1974,4.6326,2.7996,61.5709,3.9449,0.5217,13.4537,0.161,114.207,33.7382,11.3364,9.0032,10.5873,18.6927,10.8426,33.5966,14.4764,13.2097,69.7473,25.1279,4.0081,12.871,2.794,12.6467,56.954,29.7657,0.2086,3.0883,3.5683,1.7551,3.7666,19.9734,4.2647,29.5879,1.2143,37.4173,11.7611,0.8669,932.7223,72.8359,4.9291,14.1,0.1339,3.8244,1.7317,0.0204,5.0876,3.6718,10.4538,9.5762,9.9501,14.565,235.4373,30.4684,2.6087,0.0287,16.3673,0.2873,4.128,2.1419,11.1625,0.1945,0.8101,177.8515,1.7438,63.0131,0.0093,54.5562,0.2706,6.6793,5.4302,5.8417,0.3268,8.174,2.9098
TCGA-HU-A4H8-01,36.2,19.3704,50.0181,0.0047,2.9519,5.9804,0.018,30.5021,9.9942,3.872,20.7518,10.6873,23.7573,0.6848,14.327,4.92,3.7079,2.7288,0.9449,4.7473,10.89,191.9055,2.4168,6.836,27.7393,22.7101,48.8239,21.7756,0.9629,9.4465,24.3627,80.1589,11.158,3.2517,102.2443,3.0553,0.0431,0.0051,0.4645,53.8607,96.0162,7.7762,12.6651,116.5882,103.0776,22.1334,15.5082,1.4997,17.6573,8.8716,0.3798,9.0125,14.2596,17.2083,8.4349,17.408,11.5746,12.2986,1.3514,0.2269,12.7405,14.3056,40.0184,9.5818,12.9855,30.3065,5.5389,3.9276,176.8624,25.2524,0.5355,12.0497,4.4834,4.6324,6.4869,79.3599,4.0846,3.3403,24.7651,21.6512,37.6373,0.1031,6.2905,16.1555,76.9406,9.2065,11.3748,17.8681,27.2841,0.2862,2.2613,16.9974,25.8752,16.2734,6.4261,10.1337,36.1181,6.1594,12.9993,27.2302,0.6405,15.7244,3.7022,5.5976,5.2992,17.0505,2.3203,0.4395,682.6,11.5563,22.8606,52.3041,57.3153,17.5616,4.8474,1.3924,1.1568,0.3489,15.0779,41.3773,6.6052,25.1365,9.2418,6.3766,3.8463,0.7931,23.6563,3.1579,0.7216,98.2672,0.0043,0.7955,0.0178,21.0506,11.4151,4.95,1.1063,3.8433,5.5537,29.4267,0.2675,0.845,0.2897,52.0822,5.1475,3.851,38.7198,10.8411,29.5094,10.3249,41.6341,22.2356,6.1186,5.6137,14.9576,5.5255,29.607,0.5477,0.1563,8.7326,15.0679,0.0499,0.0451,0.0166,7.0644,0.2498,5.8776,4.7633,43.7701,111.9684,36.2523,8.4216,99.2431,120.449,25.5068,193.8569,4.8549,12.6731,31.9242,56.5787,4.3973,19.0227,5.7817,17.3143,22.1255,13.2755,36.8791,1.1209,34.5846,13.4757,19.8486,2.7011,2.6902,0.1295,27.1831,6.8179,1.8591,6.5623,16.0555,10.0864,8.3878,0.2495,4.2953,1.3731,2.8914,63.3991,1.3703,16.1243,77.3813,6.205,7.7071,2.076,3.0711,11.1703,87.2136,4.5003,6.2021,22.0406,84.4003,19.4694,0.4036,15.934,3.0036,13.9719,12.7751,27.9254,185.8206,5.4244,0.9913,22.3816,4.5404,5.7993,136.2221,19.0653,0.0277,17.9545,0.1897,42.9712,32.1496,14.7377,13.3366,2.6938,1.3771,4.8753,51.3033,8.6576,19.3045,61.6202,33.4676,2.5673,26.5541,8.1261,8.8999,48.2694,26.9518,0.4869,4.1763,4.7097,2.3527,4.9256,34.6772,2.2706,22.0992,2.156,42.7498,0.1901,0.4584,3988.776,189.4925,4.2703,16.4736,0.0173,0.3863,4.7462,0.1725,4.749,1.0889,12.869,4.6944,19.4061,23.786,314.3015,37.7721,2.9982,0,45.943,0.1968,0.584,1.0994,13.0878,0.2076,0.0981,180.0963,0.7757,29.0134,0.016,108.0937,0.0637,10.4754,10.8539,41.8218,0.1631,17.0249,7.3342
TCGA-HU-A4HD-01,4.9,20.0964,34.2125,0.0176,1.6122,3.4296,0.0974,24.7434,19.5551,2.9107,14.816,13.7324,17.374,0.5944,10.7493,3.6977,5.2135,3.0353,23.9756,5.7643,9.09,136.6675,82.4216,19.357,14.7114,16.6051,58.8157,21.1568,10.6654,9.8672,17.1975,2101.9428,4.7911,3.6416,1.983,15.2886,0.0312,1.2855,2.22,48.9417,227.8055,13.2846,23.5243,77.8446,129.0652,17.2348,1.8837,2.5376,25.2181,7.4525,1.7148,9.8781,18.881,12.1411,9.7264,19.709,12.807,15.5003,7.9844,0.0992,11.4304,9.5981,25.964,9.3085,5.1096,12.3385,14.6878,7.0052,127.8109,12.9936,0.0553,10.1349,8.9762,7.2456,7.3385,74.6782,5.1719,4.8222,9.1663,18.8954,18.8119,0.1223,21.4597,9.2843,43.4878,7.4653,6.7695,25.9052,31.3005,4.4127,4.0184,16.5353,15.9194,16.8091,1.892,12.8301,4.4307,4.4836,7.4265,22.9717,0.6905,12.7649,6.1326,2.6196,10.3613,17.5087,1.1579,0.7759,346.3784,6.2562,21.5395,86.9737,4.4757,19.2371,42.0193,0.4745,4.7023,0.9763,11.7696,71.0417,6.1629,25.9203,1.2469,7.1335,6.4287,1.417,17.9979,10.0092,3.0771,69.0039,0.0019,1.1543,0.0922,10.166,4.4941,2.775,4.0848,51.5667,7.1944,33.2079,0.6403,1.3061,0.459,50.5426,11.9603,4.286,19.6939,8.6874,39.2079,7.6992,26.4997,8.2025,4.905,1.4673,7.8704,8.3528,55.607,1.2269,0.5216,5.4868,5.9446,0.0858,0.099,0.6263,3.8031,0.678,22.9825,20.9742,51.5242,156.514,19.3283,21.9902,52.3988,52.8333,22.4794,75.1758,6.0425,12.0468,72.4174,72.5326,3.1855,8.8299,2.0253,59.253,11.0178,14.5425,29.1076,2.1556,32.7244,22.2428,24.1928,6.2639,6.2877,0.0384,20.3124,10.1887,31.8527,7.3901,16.4322,7.3403,7.7859,0.7783,0.5522,1.2582,1.2178,34.0452,2.2351,18.4093,16.0841,5.5313,13.7963,2.7301,12.2002,6.1958,89.1435,8.5784,3.5665,20.1929,53.9816,8.962,0.7041,13.6643,2.4806,11.1658,5.6726,9.7331,137.1853,6.3484,1.4172,24.4713,3.3301,5.9245,105.9243,8.1785,0.087,30.3065,2.1463,77.5834,20.3272,9.7517,17.8527,21.6426,51.4939,4.9201,45.6813,6.5553,14.8553,37.8123,15.1073,5.3591,18.7703,5.0187,30.2104,45.4733,33.1541,0.2223,7.4713,3.2921,2.2314,5.9879,10.4692,2.1641,27.2927,1.9164,29.9561,0.3739,0.1911,383.1575,111.008,3.0708,12.8857,0.2028,0.6842,7.4675,0.0211,1.9501,4.3336,20.2157,9.1497,21.1362,23.5432,123.0994,51.392,2.8962,0.0992,18.8545,0.0889,4.7542,5.7711,10.309,0.2071,0.1086,151.721,1.43,54.7296,0.3764,67.0323,1.505,8.8096,6.0654,8.9313,5.6471,8.4052,3.3584
TCGA-IN-7806-01,2.266666667,34.72,31.6842,0.0293,3.2387,3.7158,0.2216,22.6906,19.8787,5.9233,10.7971,38.4452,18.231,3.2859,8.6229,5.56,4.719,0.9466,0.857,5.0473,12.728,136.8155,11.8734,31.1547,26.1913,27.9005,40.3898,30.7984,7.3038,12.3545,26.3908,83.1742,5.9097,3.7744,35.6842,19.0262,0.1732,0.0064,0.618,39.7429,27.8733,19.6315,26.6852,76.5038,79.2119,24.0789,2.9994,1.1748,20.7308,6.225,0.8374,23.6843,9.2952,24.7166,6.969,19.7313,14.5486,21.5698,6.7188,0.2569,13.676,11.0398,18.9621,7.4359,5.7769,36.7067,34.8746,16.4221,98.5683,16.9939,0.3909,6.5632,3.7806,5.4116,10.0968,166.8611,5.0275,6.0954,21.3214,25.6083,28.707,0.2114,24.7161,10.4231,80.1539,9.8239,10.0479,31.3347,46.3434,1.7261,4.8504,19.5793,22.0343,22.9854,2.034,24.1768,19.275,6.9377,7.3145,15.7244,0,16.592,2.2008,1.865,20.7057,23.9116,0.8888,0.9333,261.9096,10.8278,9.8142,46.2056,26.1558,22.5403,3.5627,0.2895,8.531,2.4184,11.3836,36.9863,13.6774,28.6538,2.356,7.1776,2.8147,0.8077,23.6818,16.2657,3.0326,47.2813,0.0139,1.1491,0.0771,21.5088,7.4152,2.5589,3.7038,31.7369,5.099,37.5785,0.1955,1.0336,0.261,91.5869,8.3654,2.5825,36.8937,13.0844,54.6486,5.1917,28.2812,13.3859,5.7837,1.385,16.9196,24.31,72.2849,4.1857,0.2657,3.8741,10.2509,0.0646,1.3092,0.2169,6.1469,0.2617,22.9096,19.0633,34.0833,55.0826,24.1487,21.2138,23.793,117.3484,15.6092,80.4505,1.7601,20.5751,74.3608,57.2054,5.4934,17.4514,4.8409,34.2658,48.8033,19.28,27.1138,4.5501,30.265,10.9759,9.2317,5.9124,5.6595,0.1866,41.8936,10.9189,6.2034,3.7831,27.6303,6.2776,7.6179,1.9471,6.4427,1.1707,1.7276,35.4857,1.3497,7.0361,16.4908,8.2267,4.2339,8.0127,35.0662,4.1142,57.0933,5.9015,3.7336,13.316,34.3642,23.8303,0.3176,7.0957,2.8154,14.9357,11.5298,14.6905,136.8904,2.6846,0.6872,35.6373,3.4857,3.2386,86.5009,12.319,2.6593,21.0151,0.1182,127.0427,26.7488,12.5932,7.9135,16.0681,42.6656,6.7736,41.0358,3.0421,19.8989,70.7003,12.1064,3.2991,11.7,14.6421,20.3173,51.5589,14.6991,0.7359,5.3276,7.5735,4.0004,3.7181,10.1819,2.5987,46.7991,1.739,82.8521,1.8408,0.1664,710.0355,81.3189,2.7566,16.9989,0.2875,0.8059,3.109,0.0179,3.2585,1.9577,14.4951,14.4259,27.1147,30.1098,241.4865,45.574,4.8057,0.005,31.3629,0.3177,2.4691,9.1238,10.1418,0.1104,1.3599,74.8171,0.0044,122.7572,0.0483,94.9169,0.2176,13.4097,6.532,14.0897,0.2145,4.0391,6.9236
TCGA-IN-7808-01,3.2,50.2788,26.9285,0.0111,1.8019,4.0828,0.327,30.4011,13.8914,8.8394,21.7701,10.2642,14.4717,8.179,9.506,3.3976,2.3526,2.375,18.6696,4.6623,7.6825,33.2452,4.6565,7.4141,25.8622,24.5203,21.5412,23.037,6.2312,2.4845,25.4543,7.724,5.2205,5.3374,8.7096,8.5416,1.4862,0,7.5999,22.6083,113.3454,7.4665,9.8558,15.1852,69.5462,21.1907,5.388,27.4975,12.4326,5.4694,0.7277,17.4458,15.2822,19.0014,10.911,12.5142,9.3625,5.5786,8.7693,0.1696,6.4636,11.9067,29.061,3.9959,7.1753,16.7838,70.1138,9.5411,90.6753,10.4237,20.0256,6.9478,4.7006,3.5219,6.192,91.0357,17.9442,15.1281,13.6289,12.1378,17.2827,0.1103,2.2871,11.3959,63.1217,3.7702,4.2108,20.5916,44.2189,4.0857,31.2107,18.2855,23.91,17.6913,2.5487,44.2552,15.5763,10.4479,14.1342,21.5155,0.0778,15.6885,2.3531,1.6764,14.9187,24.7966,0.7678,10.309,293.7856,12.1697,15.8828,7.5594,49.2268,21.1823,2.446,1.4565,308.8555,63.0804,8.1387,47.9228,10.3947,32.6022,3.6712,5.3808,10.9772,1.7219,22.5885,285.9255,2.5381,44.0329,0.0457,2.1541,0.6222,34.3285,5.656,3.9504,5.2932,2.0369,4.4404,23.9489,0.7028,20.3568,8.2456,134.1793,11.0499,5.5315,16.3906,10.8878,54.9521,7.876,21.205,9.9128,11.5007,0.8761,10.2427,6.4608,45.1965,4.3962,4.5264,6.5874,10.7399,0.0423,0.9188,0.6043,4.1227,2.1306,27.199,24.9988,25.0946,55.3782,26.0663,15.7714,32.1404,61.6114,19.8826,50.4696,2.794,17.2092,24.829,46.0022,3.3408,25.4317,15.5156,41.5588,20.9643,19.0958,24.067,4.5368,31.7377,5.8157,14.4939,4.4321,1.8193,0,86.5386,4.4921,1.0105,2.0623,30.2832,9.1953,6.7139,2.9726,0.302,1.2078,5.629,17.7794,3.1435,7.8296,34.597,6.294,9.9129,1.4916,5.6663,3.9716,100.0831,3.5846,5.4586,11.215,140.8744,13.173,6.9976,5.9535,2.4691,8.7522,7.2423,3.8436,194.0376,5.9959,1.2543,20.7845,11.1315,8.1861,48.8997,1.2334,0.8766,7.6701,0.7179,30.9914,19.9511,12.2018,7.728,8.4811,1.0204,1.3507,57.838,4.4753,19.828,61.6442,21.7149,8.8261,2.5955,5.2019,16.8595,50.7834,5.1889,0.5575,3.4169,2.5382,3.3934,1.777,6.0478,2.0975,16.9798,1.9649,129.559,62.6433,2.3713,4206.672,45.7655,2.7256,19.6906,0.2346,8.45,1.9875,0.0612,5.9672,4.6046,16.7273,7.7474,9.7886,18.0259,92.4584,12.2673,3.2522,0.0551,31.3184,4.0849,6.984,2.6621,18.1541,0.7609,0.0239,142.8435,0.0431,18.4067,0.1132,12.4321,0.737,7.212,7.8519,8.2099,1.6084,6.0378,3.5306
TCGA-IN-8462-01,3.333333333,18.4065,23.054,0.0277,1.4312,3.3238,0.5824,18.0996,7.3591,1.7354,14.6521,11.3053,14.8382,0.8893,5.0476,2.4638,2.4098,0.8542,16.6889,4.2534,8.1677,102.3057,40.7137,9.0556,17.1224,14.0948,29.25,21.029,2.4652,20.4626,18.047,45.1646,2.5731,5.6547,6.481,13.2518,0.0624,0.0529,0.8634,32.8361,135.6736,3.7565,21.0042,29.491,62.5697,14.9716,3.3271,2.5034,12.0677,4.417,1.4895,7.4863,9.6892,16.526,4.2842,8.5537,10.9424,7.814,5.9023,0.5024,4.4317,4.461,48.2908,5.1451,6.4751,37.5707,5.4475,13.5516,69.3756,15.2816,0.2452,6.64,4.3796,4.5259,3.8746,90.8806,21.9566,1.5168,9.5387,13.2204,21.1058,0.2668,2.5471,7.2816,32.5113,4.692,3.1047,14.319,24.7382,2.9117,8.0804,24.4723,14.502,15.792,2.2724,9.3599,11.0219,3.5193,8.7377,15.4055,0.0102,12.1504,1.5648,1.8609,15.8432,19.6911,1.3964,0.4843,297.1455,7.6726,17.1135,68.0086,9.2559,11.1433,2.2056,1.1342,10.2203,1.4441,7.1332,47.1597,3.1219,12.2871,2.7222,1.5814,4.66,0.9005,12.0104,8.1132,7.6383,41.0775,0.0331,2.2378,0.2758,14.0328,2.4988,1.3784,5.8453,4.1292,5.783,23.88,0.5311,0.7046,0.4485,176.1687,5.2235,3.1688,18.3331,12.27,39.6432,8.3677,23.5408,7.0288,3.1215,4.1935,5.5718,9.3991,76.5141,3.3697,0.1444,1.7463,6.8411,0.175,0.9731,0.4186,3.2884,0.6547,21.5061,56.6399,43.9723,31.217,25.2623,23.4204,15.4293,51.1769,14.3799,54.4499,13.4626,11.2291,35.5947,80.6292,2.21,8.0693,1.5171,45.1437,8.4245,13.0129,13.2095,3.6317,27.2279,3.5404,6.043,16.5744,2.0098,0.1028,18.7177,2.5147,14.1656,3.4367,14.1133,4.1587,4.0623,0.6417,0.135,1.0333,3.3516,16.8415,2.8298,8.8973,34.4166,4.2712,4.1677,3.371,7.3619,8.176,147.1572,2.1099,3.8788,9.9217,191.8719,19.5688,0.2842,8.4845,2.0461,4.2866,3.6656,22.414,378.177,1.687,0.7349,13.1949,4.0997,2.2988,66.4521,3.0726,0.0986,12.6101,1.3664,88.864,76.7804,10.9391,6.2294,32.3912,9.2443,2.462,27.5778,2.5113,19.2628,50.9391,10.7364,6.8444,18.2933,0.8209,49.1093,17.8409,16.7799,0.4153,2.7818,1.7449,1.1742,1.5664,18.9643,1.7992,24.5277,0.6302,53.2742,0.7547,8.1651,760.9595,85.4619,2.1887,10.2884,0.4786,0.538,2.826,0.1221,2.5649,5.4927,7.8384,4.6192,7.9584,9.8457,386.8884,35.5021,6.7654,0.0099,22.1678,0.5398,1.8248,3.6771,7.7733,0.1099,1.1418,131.2496,0.5501,32.8721,0.0332,84.7753,0.5008,8.1599,3.4144,8.6534,0.4848,24.5273,5.0057
TCGA-IN-8663-01,4.6,26.4039,33.8441,0.0113,0.6597,4.2105,0.0335,26.6494,15.2458,4.7815,8.7516,8.4081,21.3714,0.6389,4.0833,2.6369,3.3341,3.1547,37.9447,17.3159,10.0486,123.5004,50.0798,3.5656,38.1996,17.7579,123.333,17.7469,5.26,33.4527,21.0535,33.0778,5.0151,2.9965,5.823,20.0311,0.0161,0.0082,5.5087,24.3688,85.3127,0.1963,21.7889,68.6336,57.2093,15.5208,4.6504,2.2859,20.6566,3.9429,0.2961,12.9918,329.3281,58.0075,6.4289,6.5373,6.9882,29.8239,10.2437,0.1796,11.9288,10.6477,38.7753,20.5602,8.7648,22.9907,10.2545,11.5848,71.2042,27.0229,0.0128,14.042,3.18,7.7685,2.3739,75.4761,9.5454,5.2577,29.8259,38.77,17.2733,0.3339,2.2687,15.3296,54.3262,9.2709,6.9393,17.7085,15.554,0.7125,1.8849,8.866,63.3977,17.6219,1.6368,2.9843,12.6537,6.1236,7.3333,22.4077,0,17.7249,4.5661,2.7393,6.6197,14.1085,1.4039,0.2946,451.1853,8.8392,44.8713,164.46,3.0147,36.5073,4.9705,13.223,1.35,0.2542,9.4538,55.6899,73.9419,14.4154,6.5462,2.4895,5.31,0.4245,21.9483,4.0374,2.2658,34.2708,0,0.6701,0.0651,11.8886,6.9565,3.716,1.7497,0.1535,5.4061,34.7197,0.1282,0.2732,0.1222,76.4244,8.6479,2.9971,21.6246,17.7799,27.277,9.1764,29.0289,26.4063,3.5826,1.5638,11.3945,5.4546,25.5477,1.0123,0.0458,21.9941,3.7753,0.0181,0.0732,0.1827,5.0719,2.4862,22.5896,67.8512,5.5669,91.0766,30.1035,8.1598,16.3347,34.9333,13.5483,41.0244,5.2922,14.6111,47.4938,40.3051,5.3941,15.7825,0.3689,37.4653,3.845,13.7041,37.6498,2.1773,16.6406,19.6507,13.8234,140.3482,4.8618,0.717,33.3949,9.3281,28.1553,5.0307,20.6289,8.432,6.9608,0.3842,0.0713,1.5895,5.7304,16.6764,3.1456,17.8238,17.0706,26.8359,6.5559,11.9241,186.1711,2.3413,160.8992,5.9974,6.48,33.6218,15.4163,37.3968,0.187,8.0511,2.754,9.242,9.5903,5.2018,156.0997,8.5587,1.0079,14.246,5.786,8.786,62.4013,0.1184,0,13.8531,0,89.0391,137.4617,10.8708,24.2833,37.7591,8.1435,9.5242,34.5048,12.593,11.7872,76.2876,14.4829,2.0822,38.7616,1.0516,50.7367,18.8738,21.0671,0.0577,1.8455,2.8691,1.3248,3.6289,6.6378,0.9304,53.4066,1.5839,2.8331,0.1372,0.2955,195.4008,8.2246,4.248,9.8998,0.054,0.2559,10.6749,0.0318,3.446,2.5196,20.2709,18.4506,10.2375,55.3699,329.4074,2.6487,2.1629,0.0096,12.8463,0.0095,0.2035,1.5946,5.4791,0.1296,0.2203,397.7611,0.0113,10.8821,0.0193,210.8101,0.098,13.2473,6.055,9.126,0.023,8.2984,1.6742
TCGA-IP-7968-01,3.433333333,19.1881,27.155,0.0179,1.1183,3.4549,0.4473,15.9531,5.466,1.3633,8.2015,8.4352,14.0467,0.9668,6.5677,3.2475,0.8807,0.4786,0.8959,2.893,5.785,88.2416,4.0124,10.1241,18.3586,11.387,40.9517,9.9717,1.7441,17.5355,14.4064,51.8695,2.6954,3.1796,6.6981,29.9126,0.1256,0.0862,0.7739,26.074,97.4454,0.1837,23.2354,35.9176,65.1904,11.4971,4.1042,1.5222,13.095,5.1247,4.2519,7.0845,7.304,25.3536,4.2835,6.4152,8.3116,5.4906,5.17,0.444,2.4521,4.503,39.642,2.6464,7.0316,39.3231,10.0829,18.0663,68.246,12.6043,0.2346,6.3383,4.2614,4.0204,5.3725,88.4055,50.236,1.0639,12.8742,11.0792,23.2741,0.3601,4.9009,7.165,28.173,6.0495,4.0245,17.0507,22.5347,4.1022,5.7671,7.8626,11.2892,11.8517,3.5546,9.8498,16.6373,2.1812,6.6486,9.2567,0.0264,16.7117,1.4178,2.2278,32.1989,14.2504,0.4994,0.4913,256.7084,2.5031,13.0746,57.5585,11.4931,16.92,1.7931,0.4364,11.0551,1.3083,5.9386,24.0049,4.0951,16.6684,2.7333,2.2638,7.294,1.842,8.746,7.0976,3.0985,17.1009,0.3249,1.9649,0.3135,14.5072,1.3834,0.861,6.6243,0.8165,3.163,13.3669,0.4511,0.9034,0.5525,90.7889,3.6153,1.6558,20.497,4.4637,40.3682,12.6069,26.1003,9.2463,1.6559,1.4795,5.9413,2.5058,105.7531,2.5793,2.7377,2.3272,5.3002,0.211,1.6639,0.2298,3.1248,0.8971,11.2088,125.7678,36.1687,24.2311,23.5832,11.3906,20.6816,60.5701,15.0031,46.8326,14.6386,9.7001,17.8491,60.3197,2.8254,6.7258,4.4257,32.3617,4.1583,15.0685,11.0725,2.6517,30.6293,1.9981,4.2852,7.0342,3.5154,0.0914,17.1756,4.1038,23.0743,1.2473,18.0778,6.7653,1.8679,0.5268,0.1896,0.6884,2.0181,20.5586,1.0786,9.3816,12.3234,4.7989,3.8483,1.815,11.6855,3.3618,113.9622,1.553,4.5821,6.9773,115.0469,22.1264,0.3926,7.4391,1.1854,4.7157,2.8356,2.5111,164.1634,0.9064,0.7257,11.7997,4.8892,2.3898,41.1066,1.8954,0.0468,16.8689,1.2075,43.6082,109.2852,9.5431,5.6193,19.8304,5.6817,2.3953,23.621,2.535,10.1419,19.8016,7.9949,6.4962,2.5838,0.5625,63.0939,16.3865,11.2929,0.6282,2.7617,0.7163,0.7585,1.4126,30.2434,1.6534,50.9638,0.2679,62.1629,0.62,0.4938,615.8446,107.1848,2.2191,4.9898,0.6926,0.5455,2.4589,0.0204,4.9378,4.7858,10.4295,5.4045,8.005,13.341,197.0659,2.4135,6.6982,0.008,13.8035,0.5198,0.1079,2.4024,5.4925,0.0708,0.2796,137.7075,23.6897,14.5717,0.0054,82.7132,0.2777,7.1302,3.37,6.7255,0.6889,23.1503,7.6873