sampleId,TMB_NONSYNONYMOUS,ABL1,AKT1,ALK,AMER1,APC,AR,ARID1A,ASXL1,ATM,ATRX,AXIN1,BAP1,BCL2,BCOR,BRAF,BRCA1,BRCA2,CARD11,CBL,CDC73,CDH1,CDKN2A,CEBPA,CIC,CREBBP,CTNNB1,DAXX,DNMT3A,EGFR,EP300,ERBB2,EZH2,FBXW7,FGFR2,FGFR3,FLT3,FOXL2,GATA3,GNA11,GNAS,HNF1A,HRAS,IDH1,IDH2,JAK1,JAK2,JAK3,KDM5C,KDM6A,KIT,KMT2D,KRAS,MAP2K1,MAP3K1,MED12,MEN1,MET,MLH1,MPL,MSH2,MSH6,MYD88,NF1,NF2,NFE2L2,NOTCH1,NOTCH2,NPM1,NRAS,PAX5,PBRM1,PDGFRA,PIK3CA,PIK3R1,PPP2R1A,PRDM1,PTCH1,PTEN,PTPN11,RB1,RET,RNF43,SETD2,SF3B1,SMAD2,SMAD4,SMARCA4,SMARCB1,SMO,SOCS1,SPOP,STAG2,STK11,TET2,TNFAIP3,TP53,TSC1,U2AF1,VHL,WT1,AKT2,ATR,BARD1,BCL6,BRD4,BRIP1,BTK,CALR,CASP8,CBFB,CCND1,CCND2,CCND3,CCNE1,CD274,CD79A,CD79B,CDK12,CDK4,CDK6,CDKN1B,CDKN2C,CHEK2,CSF1R,CSF3R,CTCF,CXCR4,DDR2,ERBB3,ERBB4,ERG,ESR1,ETV6,FANCA,FANCC,FGFR1,FGFR4,FLCN,FUBP1,HGF,IKZF1,IRF4,JUN,KDM5A,KDR,KEAP1,KMT2A,MAP2K2,MAP2K4,MAPK1,MDM2,MDM4,MITF,MTOR,MUTYH,MYC,MYCL,MYCN,NSD2,NSD3,NTRK1,NTRK2,NTRK3,PALB2,PDCD1LG2,PDGFRB,PIM1,PRKAR1A,RAD21,RAF1,RARA,SDHA,SDHB,SDHC,SDHD,SOX2,SPEN,SRC,STAT3,SUFU,SYK,TENT5C,TGFBR2,TNFRSF14,TSC2,XPO1,AKT3,ARAF,AURKA,AURKB,AXL,BCORL1,BCR,BTG1,CDK8,CDKN2B,CHEK1,CRKL,DOT1L,EED,EPHA3,EPHB1,ERCC4,FAS,FH,FLT1,GSK3B,ID3,IGF1R,IKBKE,INPP4B,IRS2,MAP3K13,MCL1,MRE11,MSH3,NBN,NFKBIA,NT5C2,PDCD1,PIK3CB,PMS2,POLD1,POLE,PPARG,RAC1,RAD51,RAD51B,RBM10,REL,RICTOR,SOX9,TBX3,TERT,ACVR1B,ALOX12B,BCL2L1,CDKN1A,CUL3,DIS3,ERRFI1,ETV4,ETV5,EWSR1,FANCG,GNA13,HDAC1,LYN,MAF,MST1R,MYB,NOTCH3,PARP1,PRKCI,PRKN,RAD51C,RAD51D,RAD52,RAD54L,SGK1,TEK,VEGFA,XRCC2,BTG2,CD22,CD70,CD74,CTNNA1,EMSY,FANCL,FGF14,KLHL6,MTAP,NUTM1,PDK1,QKI,ZNF217,ARFRP1,CUL4A,EPHB4,EZR,GATA6,GID4,GRM3,IRF2,KEL,LTK,MERTK,PIK3C2B,PTPRO,RSPO2,SDC4,SLC34A2,ZNF703,CYP17A1,DDR1,FGF12,MKNK1,PARP2,PARP3,SNCAIP,TIPARP,TYRO3
TCGA-AB-2803-03,0.4333333333,1437.2428,2645.0617,2.0576,180.0412,1013.3745,64.8148,7668.7243,3434.1564,2556.5844,6501.0288,910.4938,1459.8765,1280.8642,2091.5638,186.214,1002.0576,432.0988,45.2675,1528.8066,629.6296,48.3539,105.9671,12175.9259,996.9136,2623.4568,5071.9033,843.6214,1195.4733,0,3985.5967,23.6626,643.0041,1041.1523,0,29.8354,3009.2593,0,42.1811,22.6337,18254.1152,19.5473,157.4074,5547.3251,1554.5267,3330.2469,1028.8066,6235.5967,3311.7284,2054.5267,3323.0453,7135.5041,1209.8765,473.251,3361.1111,1735.5967,674.8971,11.3169,662.5514,138.8889,691.358,1587.4486,1117.284,1342.5926,1064.8148,1896.8416,1746.9136,2303.4979,11631.6872,1876.5432,26.749,2491.7695,28.8992,389.9177,3013.3745,1798.3539,82.3045,223.251,4120.3704,1900.2058,614.1975,125.5144,280.8642,2451.6461,11521.6049,1974.2798,1881.4506,2133.7449,489.7119,4.1152,173.8683,1359.0535,3704.7325,604.9383,2905.3498,825.1029,1963.9918,1895.0617,4456.7901,1544.2387,662.5514,2566.8724,1425.9259,33.9506,674.8971,2593.6214,105.9671,1868.3128,68011.3169,1677.9835,1173.8683,51.4403,14543.2099,1334.3621,54.5267,0,207.8189,73.0453,1731.4815,2171.8107,13699.5885,808.642,419.7531,299.3827,2625.5144,38003.4774,1677.9835,12570.9877,2.0576,2.0576,0,2930.0412,2.0576,10639.9177,684.9794,32.9218,1426.9547,2.0576,883.0144,1128.6008,13771.6049,3628.6008,73.0453,1551.4403,3074.0741,59.6708,855.9671,5069.9588,1306.5844,651.2346,2334.3621,2332.3045,5659.465,598.7654,1040.1235,153.714,1067.9012,0,39.0947,3010.2881,1816.8724,8.2305,49.3827,9.2593,294.2387,0,116.2551,1179.0123,4884.7737,2267.4897,2256.9342,1118.3128,520.5761,592.5926,1322.0165,1259.2593,0,4055.5556,67.9012,4334.3621,550.4115,5069.9588,1990.7407,1326.1317,2851.5021,2055.5556,7446.5021,246.9136,1155.3498,201.6461,41.1523,54.5267,940.3292,3062.7572,8883.7449,111.1111,17.4897,198.5597,1796.2963,2460.8745,191.358,5.144,1.0288,270.5761,696.5021,440.3292,94.6502,1179.0123,20.5761,3334.3621,782.9218,12.3457,7912.5514,34.0226,24212.963,759.2593,470.8951,1380.6584,1632.716,5410.4938,9.2593,4111.1111,880.6584,855.9671,2843.6214,628.6008,3959.8765,159.465,64.8148,994.856,271.6049,2018.5185,7.2016,0,1.0288,1316.8724,0,805.5556,96.7078,1443.4156,1363.3745,43.2099,0,62.7572,5146.0905,292.1811,3068.93,1342.5926,1095.679,90.535,2.0576,11170.7819,166.6667,2257.2016,753.0864,10.2881,322.0165,224.2798,575.1029,119.3416,52.4691,230.4527,6079.2181,124.4856,6304.5267,83.3333,0,1866.2551,651.2346,522.6337,356.677,0,1112.1399,716.0494,2.0576,353.9095,2520.5761,1243.8272,386.8313,2492.7984,117.284,1498.9712,6.1728,384.7737,0,593.6214,57.6132,1372.428,311.7284,340.535,8.2305,1.0288,181.07,1.0288,1.0288,0,7.2016,0,2788.0658,263.3745,72.0165,8.2305,227.3663,2.0576
TCGA-AB-2806-03,0.5666666667,1940.802,1684.9141,0,667.091,2287.7148,11.4577,9267.3456,3465.9453,3282.6225,7455.1241,966.9001,1266.7091,2131.1267,2260.3437,548.0586,1401.655,1242.5207,64.9268,8506.0471,1514.3221,5.0923,49.6499,971.9924,1381.9223,4359.007,5787.3647,1104.3921,2530.2355,0.6365,6210.0573,57.2884,1370.4647,894.3348,11.4577,2.5461,21212.6034,0,21.6423,17.823,18234.8822,16.55,68.1095,2934.4367,2277.5302,5045.8307,1619.3507,1554.4239,2671.5468,1321.4513,15588.1604,11443.711,2353.2782,689.8281,5866.3272,4016.55,924.8886,1.9096,895.6079,472.9472,2220.2419,2753.0236,3096.1171,3015.2769,1292.1706,1458.3132,1638.4468,1077.6575,13226.6073,3385.7416,259.0707,4819.2234,7.6194,1131.1267,7141.9478,2325.2705,130.4901,126.0344,9455.1241,4499.6817,3216.4227,29.2807,164.8631,4089.7518,16364.7358,3007.0019,3376.9828,3641.6295,948.4405,131.7632,6.3654,1255.2514,6441.7568,781.0312,3756.8428,1871.4195,2796.9446,1750.4774,2343.0936,1513.049,235.5188,1722.4698,2063.6537,283.8956,129.2171,2238.0649,592.6162,4162.9535,21060.471,2577.3393,3120.3055,456.9764,9036.2826,580.522,323.9975,1.2731,134.9459,203.6919,3287.7148,1541.0567,70355.8243,703.3736,665.1814,440.4838,776.5754,14577.3393,2355.8243,1355.8243,9.5481,0.6365,0,3192.8708,2.5461,12149.5863,951.9351,189.0516,3442.3934,1.2731,509.8663,3238.7015,9084.0229,8816.6773,237.4284,1037.5557,3882.8771,2.5461,842.1388,11789.9427,774.0293,931.254,4444.303,2626.3526,6992.3616,28.0076,2607.2565,128.0013,10413.1127,1.2731,182.6862,3591.3431,2946.5309,33.0999,3.8192,0.6365,632.718,8.275,12.0942,506.6836,6320.1782,8481.2222,2024.1884,476.1299,1720.5602,616.8046,1344.3666,1197.3265,0,6071.2922,17.823,3537.874,789.9427,2733.9274,2488.2241,2068.746,330.2419,2255.888,9082.7498,94.2075,1056.6518,310.6302,155.3151,26.7346,2073.2018,5248.2495,2402.2915,312.5398,9.5481,466.5818,2942.0751,2457.6575,439.2107,0,1.9096,521.9605,446.8491,626.3526,3.8192,2562.6989,1.2731,1658.816,700.8275,526.4163,338.0013,24.825,42150.2228,1760.662,903.0236,4179.5035,941.4386,5460.853,11.4577,1692.5525,450.0318,747.9313,8268.6187,2.5461,1570.9739,228.5169,168.0458,930.6174,947.8039,3325.9071,0.6365,1.9096,16.55,845.958,0,880.9675,1038.1922,2262.2533,2205.8243,12.7307,1.2731,31.1903,6481.2222,374.2839,5494.5894,2476.7664,5889.8791,49.6499,35.6461,13577.9758,7.6384,5409.93,1218.9688,0.6365,273.711,346.9128,339.2743,295.3533,147.0401,1.2731,740.9293,350.0955,2798.2177,69.3826,4.4558,36693.1891,1595.7989,1024.1884,559.7772,0,1928.7078,1216.4227,16.55,3880.331,3922.979,2185.2323,231.063,3538.5105,66.1999,2460.2164,0,691.916,0,936.3463,4.4558,459.5799,151.4959,1171.8651,9.5481,0,56.0153,0.6365,1.2731,0,18.4596,0,1130.4901,344.3666,58.5614,25.4615,651.063,14.6404
TCGA-AB-2815-03,0,1924.297,2645.2776,1.442,231.4348,1660.4182,152.1269,8211.9683,2356.1644,3940.8796,5426.8205,574.6215,1282.6244,1403.0281,1672.6748,354.0014,2454.9387,1969.7188,460.7066,6916.3663,1297.765,5.0469,56.9575,1811.1031,2196.8277,5082.1918,4237.7361,1016.5826,1299.2069,1.442,6321.5573,54.0735,1464.3115,710.8868,12.9776,12.2567,4659.6972,0,23.7924,21.6294,14702.235,11.5357,84.3547,2259.553,2643.8356,5404.4701,4020.9084,1984.1384,2102.8767,1009.3727,4762.0764,9099.4593,1793.0786,2197.2314,4064.8882,2912.7614,552.2711,0,1111.031,296.323,1201.8745,2280.4614,4115.3569,2456.3807,1160.7787,1873.3093,2159.3367,11786.5898,6231.4348,2398.7022,42.5379,4316.5105,35.2199,930.0649,3487.3828,2291.2761,201.8745,10.0937,5271.0887,2906.9935,2780.1009,154.2898,145.6381,4620.7642,10826.2437,2033.8861,2241.0671,3020.9084,873.1074,31.0022,10.0937,1152.1269,4674.8378,650.3244,4963.951,1381.3987,2200.4326,1578.2264,2101.6583,2041.8169,205.4795,1612.8335,1529.1997,282.6244,744.7729,2774.3331,729.6323,2734.6792,16721.7015,1836.3374,1157.8947,28.8392,8720.9805,1684.2105,333.814,6.4888,101.6583,310.7426,2527.7578,1237.9236,8957.4621,792.3576,728.1903,512.6172,10819.0339,11855.8039,2090.1226,3636.6258,10.0937,5.7678,0,1325.8832,5.0469,6053.3526,1418.1255,263.1579,285.5083,0.721,798.8464,1961.788,1484.4989,7414.5638,510.4542,5542.1774,3367.7001,3.6049,946.6474,6802.4513,912.0404,853.641,4956.7412,3227.8298,8396.5393,281.1824,2390.0505,124.7441,1630.137,491.7087,77.8659,5186.013,2622.9272,39.6539,44.7008,0.721,536.4095,10.8147,144.1961,347.5126,6265.3208,5409.5169,2522.4874,1159.3367,981.9755,679.1637,1370.584,1406.633,0,6907.7145,473.6842,3565.2487,692.8623,8085.0757,143.4751,2560.9229,1194.9531,2064.1673,8074.261,442.682,1197.5487,811.1031,529.1997,149.964,903.3886,2002.1629,2956.7412,179.5242,47.5847,599.1348,2500.3605,2148.522,459.2646,2.8839,2.8839,412.4009,909.1565,741.168,13.6986,1973.3237,4.3259,302.8118,741.168,5.0469,2049.0267,22.4513,25624.3691,1571.7376,970.858,1898.3417,1273.9726,3126.1716,1.442,2397.9813,759.1925,979.8125,3293.4391,3.6049,3564.5278,406.633,180.2451,1054.0735,774.3331,2206.2004,2.1629,0.721,3.6049,929.3439,1.442,463.5905,1005.7678,2118.2408,1281.9466,56.2365,10.0937,124.7296,6110.31,540.7354,3969.7188,2015.8616,5064.8882,151.4059,3.6049,5448.4499,209.0844,3280.4614,906.9935,0,204.7585,417.4477,569.5746,565.9697,976.9286,3.6049,231.4348,454.2177,2341.0238,74.261,5.0469,64456.3807,2894.0159,1012.9776,274.4124,0,1769.2862,766.4023,3.6049,910.5984,5679.1637,2294.1601,251.6222,2089.4016,320.1154,2493.1507,0,518.385,0,1033.1651,5.7678,229.2718,243.6914,442.682,602.0187,0,250.9012,0,67.0512,0.721,41.0959,0,1424.5999,382.8407,90.1226,0,613.8212,16.5826
TCGA-AB-2819-03,0.3333333333,1765.5602,2475.7953,2.0747,587.1369,954.3568,11.065,7410.0968,2228.2158,2516.5975,6589.2116,568.4647,1374.8271,860.3043,968.1881,358.2296,2095.4357,1215.0761,125.8645,4744.8133,1265.5602,15.9059,2.7663,1216.4592,1764.177,3330.5671,5033.6584,1255.1867,1542.8769,3.4578,3699.8617,27.6625,1206.7773,661.8257,6.9156,12.4481,4069.1563,0,53.9419,11.7566,16388.6584,22.8216,82.9876,1896.2656,3891.4246,4310.5118,1300.1383,3334.0249,3529.7372,1088.5201,14801.5214,7869.9931,1788.3817,810.7815,3389.3499,2896.9571,979.2531,14.5228,1264.177,843.0152,2026.971,3972.3375,2679.8064,2228.2158,1488.935,1514.6404,1661.8257,3085.0622,17827.8008,2450.899,366.5284,3246.888,32.9322,615.491,4525.5878,3126.556,204.0111,18.6722,4899.0318,4038.036,3135.5463,75.3804,60.166,3783.5408,9645.9198,2054.6335,2141.1411,4133.4716,1318.1189,209.5436,13.8313,1781.4661,4523.5131,875.5187,2008.9903,1283.5408,2908.7137,1080.2213,3776.6252,1495.1591,327.8008,1672.8907,1816.0443,141.7704,208.852,2578.8382,473.7206,3039.4191,50298.0636,1735.823,2158.3679,989.6266,7874.8271,612.0332,457.8147,2.0747,356.1549,499.3084,2891.4246,2777.3167,28225.4495,392.1162,1557.3997,619.6404,5264.177,15598.8935,2240.6639,921.1618,13.8313,0,0,1491.0097,2.7663,7823.6515,1405.7331,168.0498,2822.9599,8.2988,450.491,2726.1411,1132.7801,4997.9253,136.9295,5842.3237,2441.9087,36.6528,963.3472,7791.8396,1056.7082,646.6113,3365.8368,2243.4302,5164.592,140.3873,2002.7663,166.5214,5600.2766,6.9156,26.971,3984.0941,2109.2669,31.1203,17.2891,3.4578,558.7828,4.8409,591.2863,3760.0277,5517.9806,5367.9115,2020.0553,354.7718,1365.8368,1333.3333,1881.7427,1943.2918,0,4291.8396,31.8119,4494.4675,563.6238,2985.4772,892.1162,1597.5104,471.5837,1778.6999,10407.3306,32.5035,1340.9405,606.5007,430.8437,93.361,1133.4716,4520.0553,3214.3845,253.8036,2.0747,715.0761,2398.3402,2307.7109,500.6916,3.4578,0,355.4633,378.2849,1323.6515,24.2047,1309.1286,13.1397,151.4523,1095.4357,307.7455,764.177,24.8963,17898.3402,1070.5394,655.1591,2430.1521,2232.3651,4087.8285,6.9156,1408.7137,883.1259,1480.6362,2656.9848,20.0553,4296.6805,478.5615,159.0595,1473.7206,609.2669,1952.2822,4.1494,1.3831,42.8769,472.3375,1.3831,846.473,1300.8299,2329.184,1613.2849,31.1203,8.2988,65.0069,7011.7566,646.6113,3450.899,3009.6819,2951.5906,163.2089,6.9156,10428.0775,58.0913,6614.1079,992.3928,1.3831,560.166,311.2033,354.7718,513.8313,107.8838,11.7566,1688.7967,300.1383,711.6183,145.9198,15.2144,65085.7538,2728.2158,798.7552,718.6584,2.0747,1176.3485,1039.4191,5.5325,1556.7082,3815.3527,1130.7054,307.0539,2781.4661,92.6694,2909.4053,0.6916,585.0622,0,975.1037,15.2144,183.2642,232.3651,776.6252,49.7925,0,79.5297,0,9.6819,0,169.4329,0,1067.0816,390.0415,119.6404,0,1621.6183,4.8409
TCGA-AB-2823-03,0.03333333333,2268.9916,3436.0108,0.6377,240.4187,1749.8912,252.5353,6709.4042,3162.4309,2925.2008,4013.781,1347.4927,1715.4546,1821.953,1295.2001,455.3288,1514.5742,830.9432,137.7465,4145.7881,842.4221,16.5806,114.7888,1891.464,2038.7763,3703.2136,5017.0222,1107.074,1082.2031,0,5882.2873,26.1463,1045.8533,654.296,0,380.0784,7716.3569,0,12.7543,195.1409,22321.3161,12.1166,231.4907,1192.5279,2099.997,3799.5086,1203.3691,1829.6056,4342.2045,1760.7324,1341.1156,10628.8799,1761.3701,1124.8344,8269.8939,3964.0392,939.9926,1.9131,781.2014,183.662,959.124,2068.1112,2506.2217,2156.7536,969.3275,2670.9755,2304.7036,2426.5073,5512.4123,2666.2883,6.3772,5127.2322,0.6377,1000.5755,2886.9378,3143.9372,131.3694,1054.1436,2205.8577,3091.0068,1978.831,65.047,174.0963,3782.2903,13934.0825,1869.7817,2202.6692,3678.9804,1179.1359,47.1909,29.3349,1050.9551,4836.434,610.9314,3165.6195,1406.1626,1543.9091,2129.3319,2402.2741,923.412,596.2639,3715.3302,1454.6289,158.7911,372.4258,2899.0544,218.7364,3061.6719,68823.5202,2836.5583,1372.3636,11.4789,15912.2759,2511.9612,115.4265,2.5509,58.6698,320.1332,2469.2342,1455.2667,31121.1516,359.6715,334.1629,283.7834,2281.7459,14997.7919,1747.3403,1883.8114,7.0149,7.0149,0,2427.7827,1.2754,4657.8736,734.8076,184.2998,945.732,1.9131,786.6156,1963.5259,34898.3402,4203.8202,177.9226,1448.2518,2655.4471,1.2754,967.4143,6775.0889,1040.1139,687.4573,5127.2322,1935.4664,5833.8209,241.0564,2400.9987,151.2406,5706.9155,14.0297,79.0767,3553.9882,2380.5918,30.6103,0,100.1213,370.5127,2.5509,353.2944,1954.5978,4877.2477,7508.4553,2309.6013,1087.3048,1105.1609,662.5864,1511.3856,907.4691,0,5548.7621,176.0095,3462.1572,746.1271,2904.7939,2143.3616,3872.2082,1426.5631,2194.3789,6584.412,283.7834,1472.485,237.2301,158.1534,345.6418,1142.1484,3223.0139,2217.3366,256.3616,29.9726,323.9594,2438.6239,2171.3765,303.5526,0,3.8263,294.6245,951.4714,685.5441,5.1017,1641.4796,2.5509,2705.1889,790.1294,10.2034,1076.4637,17.3459,10034.4526,965.5012,499.3822,1586.636,1044.5779,3812.2629,3.8263,3814.8138,697.6607,988.4589,3827.5681,197.0541,3372.2393,196.4164,95.6573,1269.0537,396.659,2200.1183,0,0,2.5509,961.0372,0,1100.6969,1008.8658,1703.9757,1265.2274,36.9875,1.2754,15.3052,5340.8669,378.803,3177.7361,1837.2582,3233.855,36.9875,0,8619.362,757.606,4319.8844,911.2954,0.6377,198.9672,297.1754,475.098,163.8929,116.7019,1.9131,1148.5255,183.662,934.2531,21.6823,5.7394,4861.3049,3100.5725,908.7445,243.7285,0,1594.9263,672.7898,4.464,628.7874,2754.9307,1462.9192,294.6245,2514.512,1431.0335,3477.4623,1.9131,509.5346,0,719.9807,5.1017,2135.0713,220.0118,1570.0554,198.3295,0,508.2592,0,5.1017,0.6377,21.0446,0,2583.6276,218.0987,42.0892,0.6377,830.8348,130.7317
TCGA-AB-2828-03,0.3,1462.44,2080.3074,5.3794,298.1748,1733.7176,182.9011,9699.1354,2184.0538,5137.3679,5673.7752,581.7483,1245.7253,1544.6686,1367.147,366.5706,1789.049,1517.0029,239.001,7787.1278,1319.5005,0.7685,12.2959,1684.5341,1847.4544,5738.3285,4529.4755,946.0134,956.0038,0,6733.5255,21.5178,1002.8818,703.9385,1.537,9.9904,2841.8828,0,72.2382,68.3958,11534.2939,16.9068,71.4697,2512.1998,1796.7339,5458.5975,3203.8425,1379.4428,2189.4332,1082.805,2496.0615,5237.7791,2063.4006,2028.3727,6099.5197,2295.4851,494.9087,3.074,872.2382,125.2642,1022.8626,2529.1066,4278.9625,2405.3794,1262.6321,2004.3266,1973.487,14257.829,7243.804,2751.9693,16.9068,4099.1354,17.7675,949.0874,2980.2113,2322.3823,328.9145,16.9068,6020.365,3355.2354,2778.8665,385.0144,112.9683,4670.8934,10476.8492,2218.6359,2280.0845,3173.1028,813.8329,13.8329,7.6849,1165.8021,4906.0519,683.9577,4878.3862,1791.3545,2288.5687,1510.8549,2644.3804,2397.6945,183.6695,1631.5082,1627.6657,252.8338,1355.6196,2704.3228,458.0211,2968.684,14568.2997,1833.6215,1052.8338,49.1835,6775.024,2005.7637,251.2968,2.3055,76.0807,222.8626,2795.0048,1015.1777,7890.8742,896.0615,560.999,312.7762,12268.9721,10339.2891,2047.2622,4956.0038,0,0,0,810.7589,4.611,5961.1912,939.3506,154.4669,793.8521,1.537,689.245,1915.0817,1305.6676,7320.6532,547.9347,1573.8713,3733.3333,12.2959,769.2603,6695.8694,894.5245,802.3055,5391.7387,3646.4938,7751.0086,47.6465,2612.8722,96.0615,2359.2699,508.7416,46.1095,4202.8818,2383.0932,16.1383,13.8329,3.074,588.6647,2.3055,146.0134,497.9827,7707.9731,5663.0163,2290.8742,1530.8357,1103.5543,1050.5283,1264.1691,1782.9011,0,6137.9443,277.4256,3591.9308,727.7618,9855.9078,428.8184,3570.4131,1201.7522,1695.293,8524.1114,438.8088,1019.7887,576.3689,217.4832,16.9068,532.5648,1845.1489,8029.2027,168.2997,141.4025,454.9472,2516.8108,2013.4486,512.5841,0,20.7493,421.902,802.3055,940.634,16.1383,2118.732,3.074,88.3766,651.6811,43.804,3727.1854,21.5408,33113.5447,1284.9183,871.8079,1982.7089,1213.4486,2713.5447,5.3794,1961.1912,615.562,849.1835,1805.1873,5.3794,3714.121,309.7022,100.6724,1025.1681,814.6013,1976.561,1.537,0,2.3055,1301.8252,0,458.7896,750.8165,2051.8732,1475.6042,11.5274,6.9164,229.0106,5414.025,257.4448,5139.6734,1966.5706,7232.2767,197.5024,3.8425,4980.5956,91.4505,3300.6724,753.122,0,131.4121,307.3967,401.1527,338.1364,1466.2824,3.074,219.7887,292.7954,2561.3833,33.8136,59.1739,57391.6619,3099.3276,989.8175,223.4083,0,1749.0874,760.8069,2.3055,1087.4159,7517.3871,3359.8463,245.9174,2260.1345,165.2257,1769.0682,0.7685,503.3622,3.074,1485.4947,0.7685,312.0077,312.7762,371.1816,282.805,0.7685,105.2834,0,119.1162,0.7685,62.2478,0,1210.3746,269.7406,76.0807,3.8425,903.3468,9.9904
TCGA-AB-2840-03,0.03333333333,2113.7295,2985.6557,0,290.9836,1710.041,195.6967,8466.1885,3201.8443,3636.2705,3687.5,780.7377,1480.5328,2766.3934,1081.9672,248.9754,2686.4754,1502.0492,331.9672,2438.5246,571.7213,2.0492,143.4426,1902.6639,1895.4918,3293.0328,3523.1352,1155.7377,1123.9754,2.0492,5310.4508,65.5738,1923.1557,650.6148,0,641.3934,8600.4098,0,12.2951,89.1393,21601.4344,27.6639,251.0246,1195.6967,2144.4672,3019.4672,850.4098,3363.7295,2677.2541,910.8607,3129.0984,11692.9816,1375,1330.2459,3248.9754,2726.4344,889.3443,0,724.3852,258.1967,1246.9262,2580.9426,1234.6311,1603.4836,1178.2787,2489.8566,2889.3443,1299.1803,5894.4672,1488.7295,170.082,3620.9016,46.5164,551.2295,2584.0164,1942.623,217.2131,741.8033,2255.123,1776.6393,1648.5656,43.0328,345.2869,3599.3852,12490.7787,1601.4344,2267.7049,3019.4672,1294.0574,112.7049,279.7131,1073.7705,2731.5574,588.1148,2630.123,1388.3197,1372.9508,2401.6393,4167.0082,1340.1639,471.3115,4435.4508,1404.7131,222.3361,220.2869,3559.4262,588.1148,2187.5,60273.5656,3463.1148,1435.4508,34.6926,7693.6475,2159.8361,309.4262,9.2213,349.3852,220.2869,2577.8689,1495.9016,12147.541,516.3934,1217.2131,402.6639,764.3443,19241.8033,1489.7541,8174.1803,3.0738,7.1721,0,1962.0902,0,5617.8279,2441.8135,202.8689,1804.3033,7.1721,488.7295,1681.3525,10092.2131,4814.5492,410.8607,1295.082,2586.0656,20.4918,783.8115,7673.1557,938.5246,515.3689,3229.5082,5790.9836,7483.6066,153.6885,2397.541,184.5389,2652.6639,27.6639,75.8197,6993.8525,2021.5164,2.0492,15.3689,10.2459,304.3033,4.0984,112.7049,2476.4344,2605.5328,3703.8934,2678.2787,1155.7377,862.7049,544.0574,873.9754,1188.5246,0,6069.6721,65.5738,3400.6148,600.4098,3733.6066,1890.3689,2350.4098,2047.7254,2141.3934,6779.7131,375,973.3607,486.6803,776.6393,228.4836,668.0328,2726.4344,8054.3033,157.7869,30.7377,544.0574,1956.9672,2964.1393,360.6557,5.123,4.0984,360.6557,1055.3279,634.2213,62.5,1118.8525,46.1066,1607.582,1039.959,12.2951,1982.582,25.6148,20045.082,1159.8361,604.5082,1295.082,2197.7459,4067.623,40.9836,2769.4672,634.2213,1528.6885,5554.3033,924.1803,3287.9098,501.0246,106.5574,1118.8525,337.0902,2432.377,1.0246,2.0492,9.2213,922.1311,3.0738,1608.6066,2697.7459,1428.2787,1386.0041,47.1311,13.3197,16.3934,8920.082,889.3443,2490.7787,2163.9344,1077.8689,54.3033,0,6865.7787,331.9672,3355.5328,840.1639,0,392.418,426.2295,569.6721,848.3607,226.4344,28.6885,1058.4016,599.3852,1389.3443,268.4426,3.0738,11269.4672,1297.1311,849.3852,377.2643,2.0492,1600.4098,759.2213,9.2213,559.4262,2030.7377,1380.123,360.6557,2179.3033,623.9754,2161.8852,0,428.2787,0,717.2131,5.123,888.3197,171.1066,523.5656,143.4426,0,354.5082,0,4.0984,0,65.5738,0,3479.5082,355.5328,72.7459,27.6639,870.4406,79.918
TCGA-AB-2841-03,0.1,2297.1223,5328.0576,0,263.3094,848.2014,254.6763,6322.3022,3636.6906,2160.4317,2015.8273,1584.8921,2205.7554,1013.6691,1109.3525,280.5755,619.4245,623.0216,249.6403,2431.6547,518.705,13.6691,79.8561,4375.5396,3787.7698,3681.295,3394.1871,1064.0288,1077.6978,0,5325.1799,106.4748,1130.9353,531.6547,0.7194,22.3022,3327.3381,0,52.518,83.4532,21849.6403,12.9496,333.8129,863.3094,2469.0647,3826.6187,789.2086,7351.0791,5243.8849,1348.2014,2162.5899,11998.9856,1649.6403,570.2086,5730.9353,3283.4532,1365.4676,0,700,97.1223,574.1007,1337.4101,3851.0791,905.7554,861.1511,1851.8489,2974.8201,1535.2518,3007.1942,1735.9712,33.8129,2604.3165,4.2806,592.8058,2311.5108,3438.1295,118.705,117.2662,1878.4173,1455.3957,1010.0719,381.295,220.8633,2082.7338,10863.3094,1238.1295,1730.518,3033.0935,1261.8705,16.5468,28.0576,852.518,2873.3813,1164.0288,2705.036,1058.9928,1373.3813,2262.5899,2623.741,1219.4245,612.2302,5787.0504,768.3453,88.4892,627.3381,3230.2158,190.6475,1900,111997.1439,2057.554,944.6043,3.0647,6512.9496,4666.9065,146.0432,0.7194,258.2734,110.7914,1993.5252,1963.3094,14589.9281,570.5036,534.5324,176.9784,1388.4892,47868.3597,1276.9784,3489.9281,10.0719,0,0,2943.8849,0.7194,7992.5827,1154.554,57.554,2164.7482,4.3165,1342.446,1619.4245,21841.0072,4111.5108,116.5468,8059.7122,2022.3022,0,838.8489,3727.3381,2267.6259,552.518,3090.6475,1988.4892,5423.0216,233.0935,1719.4245,288.1655,4187.0504,0,289.9281,3934.5324,1659.7122,2.1583,0,42.446,277.6978,1.4388,46.0432,2822.3022,3415.8273,2699.2734,2530.0288,1730.2158,836.6906,579.1367,1116.5468,606.4748,0,5305.036,165.4676,6176.9784,675.5396,3728.0576,3954.6763,2120.8633,3374.2014,3028.0576,4056.8345,227.3381,2620.1439,279.1367,299.2806,2.1583,779.1367,3438.1295,4683.4532,187.0504,24.4604,264.0288,2225.8993,3136.6763,244.6043,0,0.7194,207.9137,1034.5324,390.6475,1.4388,1264.0288,2.1583,2938.1295,1292.8058,15.1079,5044.6043,37.6043,9070.5036,760.4317,217.0072,946.7626,1062.5899,3654.6763,6.4748,2151.0791,554.6763,1958.9928,3257.554,599.2806,2334.5324,219.4245,63.3094,1458.2734,221.5827,1974.1007,0,0,7.9137,1446.7626,0,5714.3885,1292.0863,1183.4532,874.6331,5.036,0.7194,51.7986,7764.0288,656.8345,2592.0863,1432.3741,2594.2446,106.4748,6.4748,7357.554,205.7554,2866.9065,668.3453,0,250.3597,276.259,415.1727,235.9712,126.6187,20.8633,2080.5755,195.6835,1212.2302,200.7194,2.8777,6160.4317,1599.2806,643.8849,180.6619,0,1399.2806,476.259,5.036,574.8201,2197.1223,1072.6619,341.0072,1857.554,855.3957,5220.8633,0,381.295,0,664.0288,117.2662,6492.0863,158.2734,1037.4101,7.1942,1.4388,246.7626,0,2.1583,0,12.2302,0,3659.6978,267.6259,58.9928,33.8129,383.3237,87.0504
TCGA-AB-2846-03,0.4666666667,2146.1864,2716.8079,3.5311,461.1582,1582.6271,466.8079,9507.7684,2570.6215,3326.9774,4432.9096,777.5424,1785.3107,1434.322,1689.9718,405.3672,1463.2768,1339.6893,602.4011,5506.3559,1133.4746,8.4746,11.2994,1554.3785,3010.5932,6103.8136,5501.0734,1233.7571,1322.0339,2.1186,7612.9944,66.3842,1096.0452,620.0565,11.2994,33.1921,6978.8136,0,13.4181,26.8362,16158.8983,20.4802,132.0621,2200.565,2199.8588,4403.9548,2763.4181,3551.5537,3852.4011,1869.3503,8562.1469,11799.1808,1796.6102,1475.5438,3992.9379,4569.209,781.0734,3.5311,877.8249,622.1751,1183.6158,2581.2147,4080.5085,2718.9266,1081.2147,1533.1003,3605.9322,11079.096,9670.1977,2138.4181,38.8418,3215.3955,11.8291,781.7797,3781.0734,2932.9096,211.1582,16.9492,3650.4237,2728.8136,3237.2881,174.435,124.2938,4602.4011,13789.548,1963.2768,1919.6328,3521.8927,1123.5876,60.0282,6.3559,928.6723,4536.0169,802.9661,4906.7797,2091.8079,2190.678,1555.791,3660.3107,1279.661,268.3616,2167.3729,1628.5311,240.8192,1641.9492,3738.7006,461.8644,2762.0056,21809.322,1424.435,776.1299,24.0113,7449.8588,1954.8023,230.9322,6.3559,120.7627,413.1356,3206.2147,1545.1977,13070.6215,422.3164,305.791,449.1525,7819.209,22867.9379,1768.3616,5569.209,9.887,2.8249,0,1948.4463,8.4746,7790.2542,1299.5056,170.1977,1015.5367,4.2373,682.2034,2318.5028,2451.9774,5800.1412,343.2203,1722.4576,2980.226,16.9492,1122.1751,8127.1186,1335.452,768.3616,4168.0791,2295.1977,6828.3898,359.4633,2442.0904,258.8983,2906.0734,243.6441,89.6893,3588.9831,2247.8814,86.1582,26.1299,0,488.7006,6.3559,162.4294,524.0113,4452.6836,4041.6667,2766.7444,1180.791,1208.3333,852.4011,1066.3842,1402.5424,0,7854.5198,459.7458,3706.9209,706.9209,6701.2712,238.7006,2763.4181,1132.0268,2621.4689,7000,255.6497,1538.8418,324.8588,245.7627,157.4859,1024.0113,3341.1017,2716.1017,204.8023,22.5989,472.4576,2469.6328,3007.7331,511.2994,0.7062,11.2994,322.0339,615.8192,806.4972,24.0113,1600.9887,10.5932,74.8588,1188.5593,14.1243,2984.4633,19.1667,32823.4463,1186.4407,540.9393,1586.8644,2510.5932,2995.0565,1.4124,2030.3672,625,1321.3277,3225.9887,4.9435,2839.6893,295.904,119.3503,1338.2768,771.1864,2341.8079,5.6497,0.7062,10.5932,810.0282,0,432.2034,538.1356,1939.2655,1374.096,43.0791,2.1186,99.5763,6540.2542,410.3107,3935.7345,2021.1864,4752.1186,79.8023,3.5311,6961.8644,606.6384,3533.1921,764.1243,4.9435,241.5254,327.8602,487.4929,386.2994,1134.887,9.887,260.5932,331.9209,2848.8701,169.4915,4.9435,53995.0565,2740.8192,967.5141,425.7698,0,1951.9774,1024.0113,4.9435,864.4068,4454.8023,1118.6441,312.8531,2271.1864,248.5876,1594.6328,0,533.8983,0,870.7627,17.6554,341.1017,502.1186,331.2147,197.0339,0,77.6836,0,49.435,1.4124,284.6045,0,1612.6624,274.7175,112.9944,0.7062,1708.2203,7.0621
TCGA-AB-2858-03,0.3333333333,2227.918,3238.1703,5.5205,488.1703,1339.9054,4.7319,9104.8896,3404.5741,4443.2177,5247.6341,1094.6372,1802.8391,615.142,1675.0789,359.6215,1239.7476,804.4164,287.8549,3881.7035,981.8612,15.7729,67.8233,954.2587,2604.8896,4895.8991,4805.3155,1477.918,2169.5584,0.7886,4947.1609,97.0032,1075.7098,587.5394,8.6751,6.3091,13342.2713,0,100.1577,9.4637,16053.6278,22.082,89.1167,1623.817,2404.5741,6440.0631,1162.4606,7640.3785,4395.8991,1543.3754,7471.6088,10963.7145,1347.0032,818.1388,4224.7634,3936.1199,1231.0726,0.7886,985.8044,2391.1672,1298.1073,2759.4637,3226.3407,1715.2997,1116.7192,1516.4905,2907.7287,2832.8076,12728.7066,2380.9148,651.4196,2926.6562,23.4779,805.205,5268.9274,2905.3628,207.4132,67.0347,5205.836,3409.306,2720.0315,2.3659,196.3722,4160.0946,13994.5505,2067.8233,2000.4022,4467.6656,1225.5521,22.082,43.3754,1223.1861,4503.9432,1216.877,2341.4826,520.5047,2558.3596,1690.0631,2488.959,1251.5773,100.1577,2761.041,1619.8738,112.776,351.735,3251.5773,248.4227,4332.8076,32857.2555,2343.0599,1798.1073,30.4495,4358.0442,2008.6751,367.5079,4.7319,631.7035,424.2902,2962.1451,2062.3028,26520.5047,361.1987,979.4953,400.6309,933.7539,23050.4732,2127.7603,4231.8612,12.6183,3.9432,0,2836.7508,7.8864,9134.0694,953.3833,90.694,2765.7729,4.7319,628.5489,2299.6845,670.347,6838.3281,160.0946,2763.4069,2642.7445,10.2524,1140.3785,12877.7603,1102.5237,686.9085,3576.4984,1705.0473,5857.2555,26.0252,2619.0852,250.9779,5764.9842,0.7886,101.735,3082.8076,2239.7476,495.2681,24.4479,0.7886,499.2114,3.9432,38.6435,4799.6845,4797.3186,4294.9527,2222.1372,1663.2492,1463.7224,948.7382,1394.3218,1302.8391,0,5258.6751,22.8707,5104.1009,917.9811,3778.3912,1490.5363,3838.3281,883.4937,3261.8297,6889.5899,103.3123,1522.082,304.4164,201.8927,67.0347,1261.8297,6582.8076,5828.0757,283.123,21.2934,330.4416,2623.0284,2975.5521,428.2334,2.3659,1.5773,337.5394,1097.0032,697.1609,8.6751,1548.8959,6.3091,2321.7666,1413.2492,97.0032,1026.0252,20.6546,15768.1388,947.9495,509.4716,2107.2555,1918.7697,5920.347,15.7729,1001.5773,805.9937,1328.8644,5462.1451,5.5205,2487.3817,207.4132,112.776,1410.8833,700.3155,1881.7035,0,0,25.2366,1675.0789,0.7886,2447.1609,1358.0442,2117.5079,1473.9984,29.9685,4.7319,54.4164,6316.2461,451.8927,4221.6088,2962.9338,3384.858,285.489,5.5205,10488.959,44.9527,5539.4322,724.7634,3.1546,300.4732,314.3691,467.6656,249.2114,145.1104,6.3091,1763.4069,220.0315,1199.5268,78.8644,3.9432,62059.1483,2798.8959,814.6688,402.6341,0.7886,3455.0473,1141.1672,7.0978,688.4858,2335.9621,1535.489,419.5584,2655.3628,287.0662,2343.8486,1.5773,562.3028,10.2524,1115.9306,17.3502,308.3596,166.4038,1078.8644,55.9937,0,135.6467,0.7886,0.7886,1.5773,65.4574,0,2012.8312,322.5552,227.918,0.7886,719.1167,4.7319
TCGA-AB-2862-03,0.2,2916.6114,3654.0188,2.0011,281.1553,924.5108,339.1874,8988.9664,3871.1388,2462.3304,3200.7684,1015.5611,2132.178,1644.9088,1317.728,245.1354,863.4771,489.2703,364.2012,1906.0531,453.2504,16.0088,273.1509,4606.5451,2831.5644,4754.6269,3203.55,1307.7225,1872.0343,0,5215.8818,88.0486,1191.6584,544.3007,1.0006,342.1891,5554.0686,0,222.1227,312.1725,22600.4868,24.0133,280.1548,1616.8933,3700.0443,3441.9017,666.3682,5492.0343,5612.1007,1394.7706,3959.1875,11086.2552,1003.5545,815.3205,4517.4959,5006.7662,1497.8275,1.0006,726.4013,1247.6893,1125.6219,1782.9851,2292.2665,1309.7236,1332.7363,1636.234,3356.8547,1421.7855,10399.7459,1239.6849,166.0918,2181.2051,19.3907,369.204,2570.4202,3656.02,299.1653,780.4312,2252.2444,1569.8674,889.4914,53.0293,352.1946,2980.6468,13134.2567,1587.8773,1761.9035,4471.4705,1522.8414,325.1797,64.0354,981.5423,2706.4953,993.5489,1761.9735,1206.6667,2608.4412,1686.932,3143.7369,1465.8099,1026.5672,5241.8961,1258.6954,59.0326,150.0829,3684.0354,239.1321,2687.4848,92513.1135,1859.0271,1264.6987,33.3684,11970.6138,2494.3781,240.1327,3.0017,412.2278,532.2941,2514.3892,2096.1581,15359.4861,600.3317,590.3262,459.2537,4375.4174,40024.1133,1787.9879,3975.1963,1.0006,3.0017,0,4333.3942,1.0006,9058.0045,1192.3788,136.0752,3749.0714,2.0011,639.4933,1836.0144,6870.7961,4203.3223,89.0492,2559.4141,2318.2809,6.0033,1165.644,7094.9199,1726.9541,595.3289,2125.1742,2434.345,6126.3848,159.0879,2241.2383,272.3605,5815.2129,5.0028,419.2316,3957.1863,1418.7839,174.0962,13.0072,15.0083,391.2161,3.0017,621.3433,1551.8574,3390.8735,3914.1626,2393.0121,1821.0061,1097.6064,774.4279,1424.7872,952.5263,0,5236.8934,42.0232,3744.0686,835.4616,2425.34,2832.565,2337.2914,1887.873,3704.0465,5238.8945,195.1078,1817.0039,410.2267,314.1736,49.0271,1110.6136,4775.6385,2020.1161,239.1321,28.0155,312.1725,2270.2543,3599.8789,400.2211,0,1.0006,288.1592,724.4002,791.4373,6.0033,954.5274,31.0171,1603.8861,1837.015,18.01,1336.7385,26.1344,10012.5319,758.419,509.2914,1001.5534,1376.7607,3855.13,12.0066,2686.4843,813.4494,1645.9094,5025.7767,312.1725,2735.5114,196.1083,53.0293,1777.9823,296.1636,1664.9199,0,51.0282,53.0293,1035.5722,1.0006,1703.9414,1787.9879,1292.7142,1051.531,33.0182,5.0028,112.0619,7087.9161,589.3256,1975.0912,1985.0968,1228.6788,85.047,0,9505.2517,258.1426,4489.4804,663.3665,2.0011,318.1758,388.2145,616.0304,296.1636,116.0641,3.0017,1276.7054,260.1437,1102.6092,468.2587,16.0088,8168.5131,2270.2543,809.4472,296.1636,0,1609.8895,630.3483,20.0111,701.3875,1641.9072,1072.5926,493.2725,1993.1012,1300.7186,1932.0675,0,391.2161,0,698.3859,25.0138,3082.7032,345.1907,1407.7778,80.0442,0,117.0647,2.0011,4.0022,2.0011,21.0116,0,2247.2416,347.1918,72.0398,9.005,461.9752,81.0448
TCGA-AB-2870-03,0.2666666667,2348.903,3591.649,5.6617,520.8776,1430.2902,289.4551,8848.5492,2719.0375,2895.966,3994.3383,907.9972,1810.3326,1889.5966,1881.8117,395.6122,2007.0771,1382.1656,922.1515,6058.7403,703.4678,14.862,4.2463,1318.4713,3597.3107,5493.2767,5102.9229,1383.581,1797.5938,0,6740.2689,81.3871,1418.259,645.4352,5.6617,9.2003,6088.4643,0,50.9554,72.8946,15341.8259,14.1543,141.5428,1556.971,3213.0219,4854.2109,2429.5824,3856.334,3104.034,1035.3857,5605.8033,12614.4374,1189.6674,1729.4621,3731.0686,4455.0602,994.3383,0.7077,991.5074,789.1012,1314.9328,2927.1054,5037.5088,2651.097,1142.9582,1826.0085,5089.8797,11644.7275,6167.0205,1610.7573,43.8783,3200.9908,4.3524,793.3475,2863.4112,3538.5704,240.6228,53.7863,2781.3163,2612.1727,1748.7615,176.9285,114.6497,4089.172,12874.7346,1636.9427,1865.2795,4139.4197,1123.85,121.0191,31.1394,928.5209,3515.9236,924.9823,3440.1982,2373.673,2486.1996,1669.4975,2318.4713,1261.8542,429.5824,2232.8379,1763.6235,318.4713,1429.5824,3390.6582,675.1592,3111.8188,19571.833,1970.276,686.4827,46.7941,10311.3942,2253.3616,496.1076,28.3086,178.3439,482.661,2721.1607,1604.3878,13629.8655,530.0778,226.4685,429.5824,7899.5046,17857.0418,1971.6914,4759.3772,3.5386,1.4154,0,2072.8946,12.0311,6876.8577,2109.5188,185.4211,669.4975,0.7077,838.6412,2625.6192,1518.0467,6108.988,1079.264,1024.77,3036.0934,1.4154,1411.8896,9171.2668,1281.6702,656.7587,4452.2293,2652.5124,6024.0623,82.8025,3247.6999,308.3581,4639.0658,271.0545,326.2562,5150.7431,2717.6221,273.8854,2.8309,0,542.8167,5.6617,49.54,1025.4777,4021.9391,3346.0722,2662.4204,1602.9724,1525.8316,646.143,1094.126,833.6872,0,7271.0545,802.5478,4039.632,777.7778,6145.0814,314.2251,2761.5004,2095.3928,3100.4954,5707.0064,372.2576,1576.0793,200.9908,309.2711,150.0354,1238.4996,3246.9922,1733.1918,197.4522,41.7551,585.9873,2795.4706,3811.0191,443.029,0,19.1083,326.2562,685.0672,707.0064,13.4466,1535.7396,24.77,369.4268,1127.3885,59.448,1436.6596,12.7389,22410.4742,1340.4105,497.7141,1266.8082,1454.3524,2585.9873,16.9851,1289.4551,779.9009,1871.196,5327.6716,0.7077,2341.1182,387.1196,140.8351,1536.4473,794.0552,1883.2272,0,0,9.908,937.0134,0,627.0347,1624.9115,1308.5633,1233.7792,11.3234,5.6617,248.4076,5956.8294,674.4515,2808.2095,2395.6122,4550.6016,93.4183,12.0311,5564.7558,266.1005,4895.2583,638.3581,0,266.8082,459.3064,452.937,663.8358,2865.5343,2.8309,106.8648,590.2335,5359.5188,214.4374,12.0311,64443.029,2709.1295,1101.9108,329.7452,0,2714.0835,805.3786,5.6617,895.2583,2434.5364,2462.845,322.0099,1985.8457,711.2527,2974.5223,0.7077,493.2767,0,1111.1111,10.6157,381.4579,374.3808,697.8061,425.3362,0,284.5011,0.7077,84.218,0,142.2505,0,1639.0658,426.7516,179.7594,0,960.8634,26.8931
TCGA-AB-2872-03,0.3333333333,2261.7969,2497.4673,1.0664,395.6278,1607.0381,45.8544,9776.5929,6846.1744,4175.9211,3342.0421,1283.9243,1899.2269,749.6668,2469.7414,711.277,1572.9139,1063.1832,166.3556,3645.9611,695.2813,100.2399,39.4561,4980.0053,1777.6593,3882.6979,7111.373,855.2386,1355.3719,12.7966,7385.7638,66.1157,1890.6958,918.1552,0,77.8459,1997.334,0,19.1949,83.1778,14057.0515,21.3276,129.0323,3696.081,1964.2762,2490.0027,1287.1234,6011.197,3865.6358,1602.7726,3669.4215,16748.0565,2010.1306,532.8499,2353.5057,3952.0128,879.7654,4.2655,892.562,244.2015,648.3604,1958.9443,1073.847,2619.0349,1338.3098,1816.9342,3986.137,6498.5337,6628.6324,1296.7209,206.8782,3125.5665,42.7406,815.7825,5561.1837,2442.0155,190.8824,256.9981,2305.5185,1687.0168,937.35,73.5804,980.0053,4971.4743,19234.3375,2119.968,2759.7974,3460.4106,980.0053,7.4647,52.2527,679.2855,2828.0459,1019.4615,3470.008,777.3927,1721.141,3269.5281,5308.4511,1310.5838,87.4433,4225.0067,2790.7225,223.9403,1589.976,3317.5153,402.0261,2130.6318,46169.0216,1331.9115,1199.6801,40.4159,3194.8814,1940.8158,210.0773,4.2655,553.4524,376.433,4436.1504,1770.1946,12532.1248,462.8099,641.9621,445.7478,914.956,31399.6268,1820.3146,5097.3074,86.377,4.2655,0,1505.7318,8.5311,5268.9949,1213.3724,83.1778,4809.3842,14.9294,978.9389,2455.8784,5084.5108,3241.8022,251.6662,1174.0869,4061.8502,55.4519,922.4207,8221.8075,1472.674,614.2362,3509.4641,2576.3796,9651.8262,91.7089,2466.5423,305.5932,932.0181,3.1991,2.1328,6106.105,3224.7401,0,69.3148,148.2271,291.1224,11.7302,325.2466,878.699,3779.2589,2961.3436,3049.8534,1022.6606,746.4676,537.4567,1230.6052,747.534,1.0664,8483.0712,37.3234,3157.558,659.0243,4408.4244,2312.9832,1208.2111,3219.2589,2284.1909,5942.9485,437.2167,1662.49,482.0048,476.6729,20.2613,1475.8731,3258.8643,2033.591,185.5505,13.863,244.2015,2348.1738,5900.0693,491.6022,3.1991,2.1328,315.6492,515.5425,488.4031,46.9208,1636.8968,17.0621,4542.7886,826.4463,23.4604,1679.5521,59.9307,16175.9531,1244.4681,305.1133,1212.4767,1168.755,6123.1672,26.6596,4015.9957,737.9366,1651.8262,6723.5404,390.2959,2215.9424,245.2679,294.3215,1203.9456,1062.1168,4283.6577,1.0664,1.0664,3.1991,863.7697,1.0664,815.7825,109.8374,1579.3122,1225.8598,68.2485,5.3319,135.4306,9128.2325,668.6217,2672.354,1835.2439,959.7441,50.12,1.0664,8186.6169,409.4908,2155.1586,750.7331,19.1949,242.0688,264.4628,899.0989,424.4202,35.1906,28.7923,3648.0938,319.9147,1779.7921,356.1717,0,5015.1959,1109.0376,1157.0248,280.9064,1.0664,1142.0954,677.1528,14.9294,791.2557,2842.9752,1145.2946,485.2039,2801.3863,189.816,2064.5161,1.0664,360.4372,1.0664,603.5724,171.6875,1495.068,1257.2647,309.2509,4.2655,2.1328,104.5055,2.1328,12.7966,1.2797,26.6596,1.0664,2415.3559,330.5785,92.7753,2.1328,188.3444,18.1285
TCGA-AB-2875-03,0.3333333333,2263.4483,3382.7586,0.6897,653.7931,1507.5862,6.2069,9615.1724,3231.7241,4333.7793,4960,1071.7241,1964.1379,822.069,1337.2414,488.9655,1691.7241,1117.2414,392.4138,5943.4483,1091.0345,7.5862,3.4483,965.5172,2930.3448,4586.8966,5751.2207,1262.069,2230.3448,0,5980,104.8276,1203.4483,608.2759,0.6897,4.8276,5639.3103,0,110.3448,44.8276,15917.2966,20.6897,120,1729.6552,3136.5517,4795.1724,1315.1724,4953.7931,3062.069,972.4138,10369.6552,16686.8276,1385.5172,738.5103,4895.1724,5415.8621,1280,0.6897,951.7241,2537.2414,1519.3103,2402.7586,2855.1724,2981.3793,1067.5862,1113.0828,3235.8621,4639.3103,8502.069,2318.6207,1134.4828,3728.9655,1.7034,858.6207,6202.7586,3287.5862,202.069,80,4655.8621,3815.8621,3175.8621,16.5517,142.069,4313.1034,13171.7241,1869.6552,2091.9655,5761.3793,1271.7241,6.2069,17.931,1006.8966,4758.6207,1332.4138,3466.8966,651.0345,2635.1724,1697.2414,2348.9655,1117.931,122.7586,2461.3793,2162.069,253.7931,255.8621,3159.3103,418.6207,4465.5172,35915.1724,1991.7241,1788.2759,174.4828,5997.2414,1097.931,251.7241,11.0345,1023.4483,691.7241,3524.8276,2038.6207,39429.6552,459.3103,992.4138,398.6207,1555.1724,16935.8621,1975.1724,1477.931,0,3.4483,0,2583.4483,2.7586,8292.4138,1427.5172,95.8621,2147.5862,4.1379,519.3103,2837.931,1513.7931,5925.5172,105.5172,993.7931,3054.4828,0,1166.8966,13471.7241,1208.9655,519.3103,3850.3448,1915.8621,6037.2414,82.7586,3669.6552,223.6552,7302.069,2.7586,173.7931,3720,2731.7241,162.069,0,0,606.2069,2.069,218.6207,3582.7586,4259.3103,3860.6897,2095.1724,838.6207,1420,795.1724,1277.931,1126.8966,0.6897,6518.6207,57.931,3607.5862,711.0345,3553.7931,662.7586,2471.7241,1415.2552,3184.8276,7192.4138,124.8276,1795.8621,287.5862,221.3793,16.5517,1762.7586,6840.6897,3046.8966,276.5517,2.7586,464.1379,2512.4138,3425.4828,404.8276,0.6897,3.4483,314.4828,404.1379,770.3448,4.1379,1536.5517,9.6552,2083.4483,1309.6552,188.9655,897.2414,17.931,14975.8621,1093.1034,698.6414,1835.8621,1230.3448,4017.931,11.0345,1351.0345,695.1724,1822.069,5208.9655,2.069,2060,215.8621,153.7931,1472.4138,1064.1379,2633.1034,0,0,65.5172,828.2759,0,1564.8276,2820.6897,2028.2759,1463.3172,4.1379,4.1379,53.7931,6118.6207,504.8276,3563.4483,2842.7586,3324.1379,148.9655,6.8966,9154.4828,2.7586,6356.5517,748.2759,2.069,165.5172,431.7241,427.4828,371.7241,93.7931,7.5862,1528.2759,296.5517,668.2759,402.7586,10.3448,92235.8621,2319.3103,1064.8276,315.9172,0,1799.3103,995.1724,18.6207,1314.4828,2538.6207,1426.2069,442.7586,2513.1034,486.8966,2049.6552,0,475.8621,7.5862,842.069,16.5517,310.3448,228.9655,991.0345,105.5172,0.6897,26.8966,0.6897,14.4828,0,402.7586,0,1520.9517,281.3793,137.2414,0,677.8483,4.1379
TCGA-AB-2881-03,0.2333333333,1715.39,2891.7779,4.9192,368.9389,1322.558,490.513,7692.1996,2542.5158,3356.2684,5126.4933,728.7421,1567.1117,1177.7934,1158.1167,449.754,1405.4814,1066.7604,524.2446,4522.1363,973.9986,16.8658,42.1644,1244.5538,3458.1869,4745.6079,5000.4216,1219.2551,1269.1497,0.7027,5723.1202,67.4631,1041.4617,645.8187,1.4055,37.948,2689.3886,0,75.1933,36.5425,14184.8208,15.4603,93.4645,1478.5664,2196.0647,5335.91,2030.9206,5409.6978,4368.9389,1803.9353,6971.1876,10181.4055,1900.2108,1124.8489,4553.0569,4014.7576,814.4765,0.7027,977.5123,618.4118,1437.1047,2209.4167,4260.7168,2461.7006,945.1862,1797.2171,3356.9923,7935.3479,10289.5292,2133.5207,235.4181,3013.3521,1.6022,854.5327,3424.4554,3333.8018,340.8292,56.2193,3351.3703,2606.4652,2129.3043,75.1933,139.8454,4011.2439,15715.39,2063.9494,2026.0014,3087.1398,981.026,37.948,33.0288,1130.7098,4678.1448,855.2354,3780.7449,1914.2656,1947.9972,1427.9691,2678.8475,1198.8756,354.884,2251.5812,1653.5488,178.4961,1343.6402,3304.9895,369.6416,2928.3204,22623.331,2141.9536,709.7681,17.8426,12340.8292,2205.2003,243.851,8.4329,510.8925,817.2874,2993.6753,1540.4076,11773.0148,673.9283,208.714,368.9389,4342.9375,11293.0429,1784.2586,6546.0295,2.1082,1.4055,0,2806.0436,2.1082,10741.3914,1215.1581,193.9564,241.7428,2.1082,569.22,2550.9487,3345.7484,4823.6121,160.2249,2151.0892,3073.7878,2.811,1095.5727,9923.4013,1312.7196,713.9845,4052.7056,2170.766,6522.1363,104.7084,2271.9606,316.7393,3581.8693,104.7084,496.1349,3481.3774,2350.6676,193.9564,2.1082,1.4055,465.9171,4.9192,22.4877,1950.8082,4744.9051,3802.5299,2432.1855,1016.8658,1229.7962,763.8791,1058.3275,1204.4975,0,7175.6852,848.9108,4509.487,579.7611,3972.5931,354.1813,2314.1251,1507.9691,2860.1546,6780.7449,105.4111,1571.3282,221.3633,182.7126,108.9248,1086.4371,3349.9649,2007.7301,226.9852,22.4877,491.9185,2255.0949,2427.9269,527.0555,0,0.7027,237.5264,987.1047,750.5271,9.8384,1425.8609,16.163,321.8552,1041.4617,58.3275,1686.5777,8.4329,16158.1167,1217.8496,599.8665,1613.4926,3445.5376,3231.9044,14.7576,1808.1518,631.7639,1159.5221,2604.357,0.7027,2500.3514,260.7168,145.4673,1318.3415,669.0091,2537.5966,0,0,4.9192,560.7871,0,541.8131,1429.3746,1841.1806,1381.293,18.2713,4.9192,22.4877,5642.305,439.2129,3599.4378,2052.0028,6458.8897,153.1975,4.2164,7148.981,50.5973,3732.2558,661.9817,2.1082,273.3661,427.2663,435.6852,300.8995,903.7245,2.811,92.059,241.7428,2517.9199,653.5488,5.6219,51505.2706,3000.7027,910.7519,396.9712,0,2307.8004,891.0752,4.2164,853.8299,3518.6226,1601.546,333.0991,2162.3331,416.7252,2457.4842,0.7027,528.461,1.4055,1139.1427,29.5151,302.1785,163.7386,434.2937,189.74,0,368.9389,0.7027,30.9206,0.7027,97.681,0,1566.676,284.61,131.4125,0,726.2966,11.2439
TCGA-AB-2886-03,0.4333333333,2015.9782,3454.0201,2.7197,597.6543,1415.6043,12.9186,9991.5009,3612.4426,4825.4224,5183.7498,1036.8859,1805.8814,776.4746,1478.1574,535.7811,1373.4489,1027.367,228.4549,6382.4579,1062.7231,6.1193,4.7595,678.5654,2827.8089,4842.4273,5356.9879,1222.5055,2938.6367,0.6799,6320.5847,78.8713,1420.3638,619.4119,0,4.0796,7245.283,0,42.1554,7.4792,14564.6779,22.4375,125.1062,1497.1953,2500.085,5576.0666,1446.2009,6799.2521,3575.7267,1051.1644,13115.7573,17407.4996,1714.0914,694.9448,4577.2565,5212.3066,1497.8752,2.0398,830.1887,2290.668,1616.1822,2337.5829,3120.1768,2878.1234,1040.2856,1308.1149,3365.6298,4067.3126,8318.205,2280.4691,645.249,3645.079,4.7595,1064.7629,5550.9094,2770.0153,89.7501,32.6364,5370.7292,3466.2587,3167.7715,0.6799,154.343,4612.6126,16582.016,2037.0559,2230.3791,4971.6131,957.3347,30.5966,10.1989,964.1339,4639.8096,1361.2103,3649.8385,538.5008,2105.7284,1893.5917,2007.1392,1214.3464,291.6879,2702.7027,2343.0223,174.7408,136.665,3122.2166,446.7109,3581.1661,27364.2699,2166.2417,1672.616,721.4074,7029.7467,857.3857,286.9284,8.1591,603.7736,482.7469,3456.0598,1786.8434,44014.9584,469.1484,866.2247,474.5878,1148.3937,25281.659,1827.639,747.2378,3.3996,2.0398,0,2531.3616,2.7197,11577.0865,1596.6208,70.7122,5857.5557,4.7595,660.8873,3427.503,1086.5205,6468.8084,73.4319,463.709,3184.7697,2.0398,1237.4639,15670.2363,1036.206,544.6201,3398.2662,1550.9094,7323.4744,20.3978,3204.4875,306.6395,7548.5297,1.3599,441.9514,3851.0964,2850.2465,99.2691,2.7197,0.6799,624.1713,2.7197,335.8831,2692.5038,4637.0899,2213.1566,2072.412,1131.3955,1370.0493,716.6412,1151.1134,988.6113,0,6007.8191,52.3542,4405.2354,757.4367,1710.0119,689.4442,2586.4355,1920.9315,3607.0032,7938.8067,61.1933,1359.8504,339.2827,293.7277,14.2784,2118.6469,6285.2286,1990.1411,262.4511,5.4394,443.3112,2568.0775,3098.4056,464.3889,3.3996,2.0398,399.1161,405.9153,657.4877,4.7595,1473.3979,10.8788,2906.0003,1330.6136,564.3379,810.4708,12.2387,8229.8147,1151.1134,612.3134,1758.2866,1404.0456,6313.7855,10.8788,996.7704,796.8723,1803.1617,11248.6826,0.6799,2016.6582,227.7749,193.0988,1437.3619,1345.572,2787.6934,0,0,42.1554,1206.1873,0.7547,1334.0133,1469.9983,1917.3891,1688.941,6.1193,0.6799,19.7178,7063.743,484.1067,3458.0996,3068.5025,3007.9891,93.8297,6.7993,11315.3153,3.3996,5716.1312,813.1905,0,167.9415,433.5135,522.5769,356.9607,31.2766,4.0796,2644.2291,320.2448,282.8489,216.2162,5.4394,60900.9009,2617.0321,1084.4807,522.3049,0,2682.3049,836.9879,30.5966,1971.7831,2362.7401,1888.1523,423.5934,2705.4224,414.0745,2218.596,0,524.2223,0,902.9407,12.2387,817.95,497.7053,1579.4663,40.7955,0.6799,49.6345,0,2.0398,0,21.0777,0,1417.6441,339.9626,249.5326,1.3599,450.906,2.0398
TCGA-AB-2888-03,0.2333333333,1258.499,2667.0943,3.8486,150.7377,1962.7967,62.2194,7641.4368,2099.4227,6697.2418,4674.7915,630.5324,1406.6709,1039.7691,1223.22,331.6228,520.2053,438.7428,701.7319,6227.0686,1036.5619,17.9602,12.1873,1449.0058,2321.3598,5661.3214,9567.4856,990.3784,677.3573,0,7072.4824,36.5619,551.6357,1091.7255,7.0558,6.4144,2446.44,0,193.7139,48.7492,14199.4869,7.6972,104.5542,2889.0314,1050.0321,7007.0558,4127.0045,3978.8326,2325.2085,1230.2758,1751.764,8880.3528,2097.4984,2291.8345,6257.8576,2442.5914,486.8505,0.6414,776.78,87.8768,483.0019,1218.73,9738.2938,1891.5972,818.4734,2157.0686,4318.1527,16729.3137,4143.0404,1988.4541,42.3348,3500.3207,0,908.2745,3649.7755,2123.1559,622.8352,111.61,4029.5061,2397.0494,3151.3791,30.789,85.9525,3809.4933,18302.1167,2029.5061,1883.2585,2289.288,686.9788,25.6575,32.7133,1034.6376,4152.0205,789.6087,5910.1988,2942.2707,1361.7704,1894.1629,3207.8255,1640.7954,17.3188,2008.3387,1776.78,105.8371,6449.6472,3089.1597,135.9846,2728.6722,8639.5125,2444.5157,985.8884,11.7447,3805.0032,3414.3682,72.4824,11.5459,131.4945,388.0693,2553.56,695.3175,4377.8063,1365.619,243.746,242.4631,15038.4862,16443.8743,1506.7351,9018.6017,1.2829,1.9243,0,336.1129,10.9044,3674.1501,480.8852,96.857,461.8345,1.2829,1091.084,2066.7094,1400.2566,7949.3265,959.5895,1332.2643,3418.8582,0,581.1418,6651.6998,1159.0763,859.5253,5840.2822,3413.7267,7692.1103,254.009,2146.2476,104.7915,770.3656,575.3688,2.5657,1853.111,2355.9974,23.7332,0.6414,0,318.7941,4.4901,33.3547,1178.3194,6164.2078,3646.5683,3512.508,2660.0385,955.7409,1091.084,1011.5459,1556.7672,0,6030.789,441.3085,4152.662,815.2662,7933.932,613.855,3907.0045,2774.7081,2035.279,5816.5491,164.2078,1409.2367,160.3592,78.2553,20.526,592.0462,1296.9852,7929.4419,198.204,38.4862,153.3034,2071.8409,1842.2065,448.3643,0,10.9044,313.0212,1327.1328,674.7915,29.5061,1717.7678,18.6017,358.5632,985.247,228.9929,4177.0366,35.1379,78218.0885,1410.5196,508.1911,1388.7107,2245.6703,2967.2867,14.1116,1677.9987,552.9185,447.0815,1531.1097,0.6414,3851.8281,73.1238,96.857,899.2944,940.3464,2491.3406,0.6414,9.6216,3.8486,892.8801,0.6414,481.7191,2879.4099,1983.3226,1336.5362,14.1116,3.8486,35.279,5324.567,164.8493,7082.1039,2426.5555,6741.501,346.3759,0.6414,1744.0667,50.0321,2232.2001,597.1777,2.5657,152.662,196.9211,336.7479,98.7813,7305.9654,0.6414,744.0667,101.9885,8459.2688,164.8493,14.753,75823.6049,3361.7704,858.2425,152.7838,0,1810.1347,576.6517,0,693.3932,6173.1879,2076.9724,298.9096,2099.4227,222.5786,2372.6748,0,396.408,0,1323.2842,21.1674,101.347,989.0956,300.8339,622.8352,0,76.9724,0.6414,118.0244,1.2829,201.4112,0,1987.1713,202.694,109.6857,0,1747.9602,1.2829
TCGA-AB-2889-03,0.06666666667,1997.5537,3228.3767,2.7957,366.2415,1397.8683,427.0488,7888.8695,2256.8583,2601.4328,4968.7227,663.2885,1613.8389,1635.5059,1622.2261,362.7468,1528.5689,1321.6844,474.5763,4582.2121,886.2485,5.5915,39.8392,1935.3486,3084.3963,4571.7281,4644.606,1283.2431,1476.8478,0,5529.2679,62.2051,1056.0895,512.3187,2.7957,9.0861,5286.7377,0,110.4316,87.3668,15533.112,20.968,127.206,1845.1861,2890.0926,4459.8987,2400.1398,2275.0306,2764.9834,988.2929,15117.2462,9827.3563,1336.362,1320.8387,2983.7498,4574.5239,829.6348,0.6989,986.895,896.0335,1281.1463,2463.0439,4030.7531,2476.3236,993.1854,1951.8225,3110.2569,7916.8268,10453.9577,1959.1124,11.8819,2704.1761,2.3834,745.0638,3911.2354,3296.1733,275.38,13.9787,3813.3846,2590.9488,1687.227,75.4849,97.8508,3514.2408,13872.4445,1754.3247,2040.0349,3310.851,1010.6587,88.0657,19.5702,970.8195,4352.9617,930.2813,3946.1821,985.4971,2322.5581,1347.545,2115.6736,1350.3407,372.5319,1923.4667,1510.3966,228.5515,796.086,2936.2223,541.6739,2869.8235,27571.5534,1471.9553,653.5034,34.4365,10754.4994,1760.6151,339.682,9.7851,73.3881,481.5656,2451.162,1623.624,13150.4456,820.5487,717.8053,360.65,9791.3682,22557.4,1880.8317,7164.0748,0.6989,0,0,2340.0315,8.3872,8273.2832,1414.1185,247.4227,578.7175,6.2904,692.6437,2539.9266,1757.8193,4814.2583,233.444,1259.4793,3131.2249,8.3872,1340.5557,7809.191,1338.4589,710.816,3559.6715,1900.4019,5624.3229,92.9582,2399.4409,191.6827,4599.6855,208.9813,348.7681,3600.2097,1969.5964,130.7007,1.3979,0.6989,491.3507,4.1936,66.3987,327.8001,4893.9367,3506.5525,2489.177,905.8186,1287.4367,689.149,1196.5752,1289.5335,0,5868.2509,604.578,3355.5827,693.3427,6783.1557,138.389,2641.971,1751.9553,2860.0384,6412.0217,112.5284,1499.2137,302.6385,204.0888,220.1642,1061.6809,2973.2658,1525.0743,209.6802,25.1616,410.9733,2597.2392,2593.7166,482.9635,0,1.3979,366.2415,565.4377,807.2689,7.6883,1502.7084,6.9893,703.1277,1185.3923,11.1829,2126.8565,24.6304,18333.0421,1539.7519,711.5918,1544.6444,1480.3425,2895.6841,7.6883,1636.9037,694.0416,1460.0734,3873.4929,2.7957,2800.629,303.3374,125.8081,1447.4926,566.1366,2012.9303,0,0,6.9893,715.0096,0.6989,478.7699,487.1571,1821.4223,1430.7671,9.7851,4.1936,62.9041,5439.1054,547.2654,3150.795,2031.1026,4111.8295,118.8188,4.8925,6453.9577,229.9493,3863.7078,682.8586,4.8925,225.0568,424.9519,428.4466,405.3818,1124.585,4.8925,159.357,315.2193,3263.3234,60.8073,0.6989,53769.0023,2457.4524,879.9581,407.7372,0,2458.1513,949.1525,11.8819,887.6463,3439.4548,2435.7854,304.7353,1952.123,338.2841,1290.9313,0,548.6633,0,972.9163,14.6776,130.0017,287.2619,302.6385,255.8099,0,200.5941,0,25.1616,0,180.325,0,1539.7519,304.0363,148.174,0,496.0545,6.2904
TCGA-AB-2897-03,0.2,2514.0924,3236.7531,1.1274,260.4284,1224.3517,226.6065,9342.7283,4307.779,3123.9684,3593.0101,1680.947,2055.2424,1205.186,1597.5197,473.5062,749.7182,651.6347,131.9053,2239.0079,695.6032,7.8918,57.4972,11758.7373,1948.1398,4565.9526,7170.1804,866.9673,1354.0023,1.1274,4818.4893,98.0834,932.3563,736.1894,0,27.0575,3588.5006,0,57.4972,110.4848,21803.8331,34.9493,250.2818,2426.1556,2206.3134,3553.5513,975.1973,4613.3033,5844.4194,2396.8433,2346.1105,14523.8895,1252.5366,536.7756,2509.5829,3930.1015,936.8658,5.637,696.7306,656.1443,927.8467,2139.7971,1426.1556,2550.1691,1148.8162,2054.2954,2688.8388,3033.8219,13306.6516,1704.6223,75.5355,2806.0879,13.4949,639.2334,3295.3777,3144.3067,84.5547,395.7159,3286.3585,2032.6945,842.1646,117.2492,1030.4397,4007.8918,13684.3292,1992.1082,1765.0958,4033.8219,1078.9177,11.274,258.1736,645.9977,3348.3653,507.3281,2526.4938,1391.2063,1974.0699,1718.1511,7732.8072,1683.2018,720.4059,4631.3416,1891.77,78.9177,868.0947,3348.3653,100.3382,2064.2616,78863.5851,1695.6032,1453.2131,18.1511,8330.3269,2887.2604,117.2492,1.1274,848.929,420.5186,3568.2074,1795.9414,15067.6437,288.6133,562.5705,316.7982,1444.1939,44544.5321,1505.0733,10040.5862,23.6753,6.7644,0,2947.0124,1.1274,9589.628,590.3946,117.2492,5149.9436,7.8918,668.5457,2301.0147,12271.7024,3792.5592,71.0259,4824.1263,2644.8703,10.1466,1372.0406,6899.6618,1950.3946,549.0417,2661.7813,2197.2943,6325.8174,216.46,1792.5592,135.0282,1228.8613,3.3822,29.3123,4334.8365,2297.6325,11.274,18.0383,45.0958,192.7847,1.1274,83.4273,369.7858,4985.3439,3275.0846,2874.8591,1845.5468,806.0879,784.6674,1367.531,952.6494,0,5959.4138,23.6753,3689.9662,622.3224,7058.6246,2437.4295,1354.0023,1793.6415,2928.9741,4474.6336,374.2954,1746.336,254.7914,213.0778,19.1657,1136.4149,5201.0034,3388.9515,200.6764,11.274,188.2751,1962.7959,4133.9684,279.5941,1.1274,2.2548,199.549,594.6787,532.1308,30.4397,1378.805,6.7644,4350.6201,1214.2052,16.9109,2832.018,53.4724,20382.1871,1408.1172,370.1127,1201.8038,1737.3168,4051.8602,125.1409,5339.3461,578.354,1253.664,3335.9639,553.5513,2343.8557,164.5998,164.5998,1501.6911,468.9966,2989.8534,1.1274,1.1274,9.0192,1042.841,1.1274,837.655,243.5175,1571.5896,1134.7012,23.6753,7.8918,99.2108,8661.7813,395.7159,3077.7903,1763.2469,1335.9639,30.4397,1.1274,9103.7204,202.9312,2356.257,657.2717,40.5862,301.0147,294.2503,572.5479,198.4216,37.2041,19.1657,1540.0225,107.1026,2440.8117,133.0327,6.7644,2802.7057,1206.3134,837.655,232.097,0,812.8523,755.3551,1.1274,603.1567,2792.5592,684.3292,420.5186,2703.4949,74.4081,2334.8365,0,337.0913,0,534.3856,31.5671,2393.4611,744.0812,297.6325,2.2548,0,63.1342,2.2548,4.5096,5.637,13.5287,1.1274,2208.929,215.3326,92.4464,1.1274,339.1094,15.7835
TCGA-AB-2914-03,0.4666666667,1438.0952,1918.5185,2.1164,435.9788,3167.1958,348.1481,7676.1905,2271.9577,4307.9048,8283.5979,459.2593,937.5661,3035.9788,1776.7196,566.1376,2522.7513,3634.9206,385.1852,7915.3439,1457.1429,21.164,3.1746,1138.6243,1970.3704,4479.3651,4303.6931,1152.381,1467.7249,0,5923.8095,34.9206,1350.2646,656.0847,1.0582,28.5714,9149.2063,0,384.127,19.0476,14447.619,14.8148,59.2593,1815.873,2364.0212,5425.3968,2998.9418,1908.9947,3187.3016,2228.5714,9606.3492,9280.0529,2383.0688,1012.1058,5028.5714,3423.2804,521.6931,0,971.4286,1215.873,1663.4921,3369.3122,3105.8201,3405.291,1085.7143,1894.6349,2571.4286,6279.3651,13195.7672,2469.8413,119.5767,4052.9101,6.3492,1244.4444,4989.418,2547.0899,233.8624,29.6296,5221.164,2956.6138,2584.127,95.2381,177.7778,6215.873,13044.4444,2859.2593,2811.6402,3039.1534,970.3704,15.873,11.6402,1010.582,5967.1958,554.4974,6435.9788,1259.2593,2317.4603,1464.5503,3215.873,1294.1799,530.1587,1400,2408.4656,303.7037,433.8624,2624.3386,1015.873,3119.5767,16609.5238,2417.9894,918.5185,79.4709,16076.1905,1228.5714,278.3069,5.291,220.1058,325.9259,3657.1429,1597.8836,28431.746,879.3651,324.8677,318.5185,2939.6825,8694.1799,2249.7354,2532.2751,0,8.4656,0,4488.8889,6.3492,10653.9683,995.619,188.3598,1674.0741,0,521.6931,2706.8783,3342.8571,6364.0212,235.9788,558.7302,4412.6984,4.2328,882.5397,15967.1958,665.6085,722.7513,4220.1058,3331.2169,7975.6614,50.7937,2000,155.1746,5790.4762,106.8783,417.9894,4486.7725,2760.8466,32.8042,0,0,805.291,8.4656,19.0476,385.1852,4074.0741,4590.4762,2102.6455,684.6561,834.9206,630.6878,1059.2593,1385.1852,0,8723.8095,300.5291,3687.8307,580.9524,4248.6772,259.2593,2612.6984,726.582,1910.0529,8138.6243,735.4497,876.1905,416.9312,206.3492,214.8148,1103.7037,2964.0212,1840.2116,203.1746,34.9206,780.9524,2374.6032,1912.1693,528.0423,0,11.6402,384.127,822.7407,767.1958,20.1058,1926.9841,17.9894,274.0741,834.9206,23.2804,1223.2804,8.4656,19068.7831,1590.4762,792.8148,2312.1693,1170.3704,3551.3228,13.7566,2033.8624,766.1376,593.6508,3062.4339,1.0582,3182.0106,285.7143,224.3386,919.5767,832.8042,4650.7937,0,0,13.7566,659.2593,0,406.3492,518.5185,2188.3598,1965.9894,9.5238,6.3492,314.2857,6111.1111,305.8201,4593.6508,1820.1058,5494.1799,74.0741,5.291,9642.328,85.7143,4931.2169,1061.3757,0,200,278.3069,522.7513,323.8095,870.8995,4.2328,68.7831,511.1111,4101.5873,142.8571,3.1746,40471.9577,2355.5556,1195.7672,442,0,2524.8677,1144.9735,8.4656,1609.5238,4168.254,2834.9206,172.4868,2382.0106,433.8624,2238.0952,0,463.4921,0,1130.1587,4.2328,340.7407,211.6402,389.418,142.8571,0,130.1587,1.0582,23.2804,0,12.6984,0,801.0582,259.2593,29.6296,3.1746,1075.1746,29.6296
TCGA-AB-2937-03,0.4,3378.6408,4603.0205,12.945,620.2805,914.7789,7.5512,12642.9342,2565.2643,1608.4142,2118.6624,1707.6591,2263.2147,994.6063,1962.2438,442.2869,583.603,483.2794,98.1661,6117.5836,845.7389,7.5512,0,1615.9655,3916.9364,5860.8414,2130.0647,2413.1607,2705.5016,0,6097.0874,196.3323,722.7616,281.5534,2.1575,71.1974,1798.274,2.1575,58.2524,28.0475,28699.0291,40.9924,93.8511,956.8501,5482.2006,2236.246,628.9105,6346.2783,5600.863,1285.8684,4379.7195,16134.52,1563.1068,1150.2265,2288.0259,4135.9223,1687.1629,2.1575,414.2395,10017.26,545.8468,1081.9849,5513.4844,1928.8026,2187.7023,916.4725,3619.2017,3768.069,5031.2837,1459.5469,806.904,2090.6149,1.37,432.5782,2329.0183,5996.7638,122.9773,29.1262,4298.8134,1936.3538,2035.5987,57.1737,114.3474,2881.3376,4014.0237,1527.5081,1948.2201,4445.5232,1980.5825,58.2524,5.3937,994.6063,1577.1305,1329.0183,1063.6462,447.6807,3820.9277,704.4229,1500.5394,1661.2729,106.7961,2817.6915,441.2082,111.1111,138.0798,4899.6764,318.2309,1980.5825,36193.096,2677.4542,2140.2373,1585.9008,9611.6505,2475.7282,457.3894,2.1575,2779.9353,1644.0129,2940.6688,3948.2201,26888.8889,747.5728,1636.4617,207.1197,990.2913,21382.9558,1477.8857,1250.2697,1.0787,1.0787,1.0787,2827.4002,0,10599.7843,1173.5167,71.1974,1235.1672,0,758.3603,1683.9266,97.0874,7791.8015,90.6149,1116.5049,1355.9871,4.315,1733.5491,9046.3862,1792.8803,235.1672,3030.205,1745.4153,7322.5458,28.0475,1121.8986,481.8662,6661.2729,5.3937,719.5254,3558.7918,1742.1791,116.5049,2.1575,2.1575,366.7745,5.3937,145.6311,7522.1143,4636.4617,2176.9148,1643.7217,1360.302,1337.6483,852.2114,2305.2859,1089.5361,0,4627.8317,317.1521,5422.8695,1627.8317,2491.9094,621.3592,2355.9871,1984.1208,4026.9687,3662.3517,65.8037,2425.027,231.931,586.8393,85.2211,4595.4693,8337.6483,2175.836,210.356,3.2362,309.6009,2748.6516,2531.8231,240.5609,8.63,3.2362,183.3873,266.4509,249.1909,4.315,1750.8091,4.315,1329.0183,1714.1316,46.3862,829.5577,10.7983,11832.794,535.0593,249.1046,1016.1812,2713.0529,3797.1953,37.7562,896.4401,744.3366,1565.2643,3163.9698,0,4623.5167,170.4423,114.3474,1579.288,949.2988,1221.1435,0,0,67.9612,1048.5437,5.3937,3012.945,2938.5113,1134.8436,472.9989,9.7087,4.315,93.8511,6317.1521,731.3916,2423.9482,2058.2524,5495.1456,227.616,47.4649,4325.7821,21.575,2474.6494,608.4142,1.0787,117.5836,526.4293,270.7659,421.7907,26.9687,4.315,1198.4898,270.7659,536.1381,104.6386,12.945,154639.698,1367.8533,571.7368,229.288,0,2170.4423,693.6354,19.4175,1139.1586,3114.3474,1489.7519,477.8857,1207.1197,970.8738,2462.7832,0,914.7789,0,1481.1219,8.63,454.1532,270.7659,1934.1963,51.7799,0,562.028,0,4.315,1.0787,675.2967,0,1087.3786,203.8835,182.3085,0,349.4391,6.4725
TCGA-AB-2942-03,0.06666666667,1821.0718,3003.6331,4.5413,266.1217,1091.7348,284.287,6693.0064,2154.4051,2653.951,4433.2425,733.8783,1518.6194,1660.3088,1183.4696,324.2507,1091.7348,968.2107,514.0781,4037.2389,996.3669,7.2661,12.7157,1209.8093,2820.1635,3768.3924,3915.9855,1073.5695,1472.2979,0,4808.356,72.6612,1059.9455,499.5459,2.7248,15.4405,4397.8202,0,63.5786,4.5413,16500.4541,9.0827,97.1844,1343.3243,2550.4087,4381.4714,2083.5604,2154.4051,4199.8183,1506.812,8026.3397,9680.8174,1984.5595,1269.2098,2964.5777,3222.525,813.8056,0,861.9437,673.9328,1062.6703,1960.0363,3551.317,2000,1059.9455,1230.772,2519.5277,6181.653,9589.4641,2192.5522,75.386,2417.802,0,680.2906,3226.158,3041.7802,236.149,9.9909,3810.1726,2244.3233,1999.0917,54.4959,120.7993,3117.1662,12106.267,1637.6022,1868.3015,3247.0481,1128.0654,34.5141,9.0827,1130.7902,3900.0908,752.9519,3358.7648,1378.7466,1956.4033,1445.05,3762.9428,1303.3606,316.9846,2256.1308,1350.5904,94.4596,1115.3497,2904.6322,449.5913,2878.2925,18306.9936,2817.4387,731.1535,31.9074,11982.743,1577.6567,212.5341,17.257,286.1035,366.0309,2669.3915,1456.8574,11113.5332,820.1635,229.7911,331.5168,5134.4233,12703.9055,1657.584,6130.7902,0,6.3579,0,2285.1953,0.9083,8703.9055,1205.3043,131.6985,302.4523,5.4496,480.4723,2395.0954,1923.7057,4678.4741,356.04,4510.445,2454.1326,0,852.861,7742.9609,1216.1671,494.0963,3418.7103,2044.505,7538.6013,89.9183,1840.1453,166.2489,3029.9728,191.644,855.5858,3528.6104,1898.2743,246.1399,0,0,368.7557,9.0827,13.624,504.9955,3983.6512,3680.2906,2247.9564,1196.1853,979.1099,807.4478,1189.8274,1427.7929,0.9083,6299.7275,600.3633,3074.4777,612.1708,4316.0763,128.9737,2030.881,1684.1962,2652.1344,6285.1953,544.9591,1258.8556,209.8093,198.0018,72.6612,957.3115,2902.8156,2897.366,179.8365,13.624,371.4805,2052.6794,2597.6203,405.9946,0,5.4496,227.0663,623.0699,677.5658,5.4496,1493.188,4.5413,88.1017,851.9528,39.0554,1990.0091,26.3397,26615.8038,1308.8102,510.5268,1475.0227,1818.347,2811.0808,22.7066,1432.3342,688.465,1000,2661.2171,0,2960.0363,233.4242,141.6894,1173.4787,541.3261,2355.1317,0,0,13.624,473.2062,0,382.3797,876.4759,1493.188,1236.7757,6.3579,2.7248,36.3306,6886.4668,457.7657,3821.0718,2233.4242,4575.8401,313.3515,4.5413,6168.9373,45.4133,3047.2298,840.1453,0,144.4142,356.04,368.7557,287.9201,1913.7148,0.9083,143.5059,269.7548,5085.3769,206.1762,14.5322,44537.693,2305.1771,717.5295,311.6167,0,2389.6458,861.0354,9.9909,1131.6985,3757.4932,1479.564,307.9019,2062.6703,569.4823,2124.4323,0,416.8937,0,1118.0745,12.7157,291.5531,208.901,342.416,215.2589,0,244.3233,0.9083,36.3306,0,75.386,0,987.2843,284.287,79.9273,0,1135.1589,2.7248
TCGA-AB-2950-03,0.3,1996.1059,2648.7539,0.7788,471.1838,1950.1558,81.7757,11641.7445,3629.2835,3894.0654,6661.215,840.3427,1823.2087,448.5981,1346.5732,584.891,2151.0903,1238.3178,140.1869,8797.5078,1219.6262,36.6044,14.0187,454.8287,2651.0903,5906.5421,6785.9346,1381.6199,2000.7788,3.1153,7077.8816,31.1526,1985.2025,759.3458,10.1246,12.4611,7266.3551,0,21.8069,12.4611,17659.6573,28.0374,116.0436,1637.0717,2978.1931,5926.0125,1836.4486,3471.1838,3070.8723,102.8037,8014.7975,13782.5156,2057.6324,803.2165,5397.9751,5153.4268,1340.3427,5.4517,1204.0498,630.8411,1612.1495,2471.1838,2598.1308,3235.2025,1169.0031,1632.6713,2105.919,1483.6449,10595.0156,2904.9844,392.5234,4041.2773,30.0935,1035.8255,6130.8411,2961.0592,238.3178,28.0374,6871.4953,3856.6978,4257.0093,70.8723,133.9564,5661.215,17924.4548,2056.8536,2328.6604,4897.1963,1180.6854,198.5981,7.7882,1260.9034,4975.8567,1234.4237,4271.8069,1267.134,2281.1526,2155.7632,2820.8723,1449.3769,83.3333,2144.081,1992.2118,275.7009,279.595,3547.5078,551.4019,3539.7196,40867.6012,2704.8287,1776.4798,508.014,6124.6106,1200.9346,309.19,2.3364,139.4081,448.5981,3361.3707,1629.2835,35469.6262,406.5421,1253.1153,484.4237,2214.1745,11186.9159,2031.1526,2781.1526,19.4704,3.1153,0.7788,2526.4798,7.7882,10059.19,1088.3567,153.4268,1820.8723,3.1153,629.8832,3259.3458,1079.4393,6963.3956,193.9252,2268.6916,3151.8692,102.8037,982.0872,13910.4361,1169.7819,571.6511,4141.7445,2486.7601,6922.1184,36.6044,3095.0156,252.2897,3245.3271,3.1153,88.0062,5097.352,2865.2648,17.134,31.9315,2.3364,545.1713,3.8941,177.5701,5153.4268,4369.1589,5517.9128,2358.8084,475.0779,1259.3458,821.6511,1345.7944,1089.5639,0,6788.162,18.6916,4770.2492,716.5109,2637.0717,1299.8442,2891.7445,334.8209,2801.4019,10882.3988,80.2181,1473.5202,585.6698,361.3707,13.2399,1968.8474,6043.6137,2456.3863,346.5732,13.2399,562.3053,2487.5389,2450.1402,457.9439,4.6729,2.3364,415.8879,468.0685,866.8224,66.9782,1911.9938,27.2586,575.5452,784.2679,186.9159,1621.4953,25.0156,16332.5545,980.5296,640.8489,1762.4611,2807.6324,5401.0903,13.2399,1594.2368,865.2648,1531.1526,4204.0498,11.6822,3656.5421,242.9907,152.648,1580.2181,1605.1402,2861.3707,3.1153,1.5576,20.2492,551.4019,0,1338.785,1197.0405,2508.567,1609.2523,35.8255,1.5576,25.7009,7546.729,567.757,4558.4112,2747.6636,3543.6137,128.5047,109.0343,12436.9159,137.8505,4862.9283,863.7072,2.3364,221.9626,343.4579,472.5467,428.3489,47.5078,17.134,1666.6667,371.4953,488.3178,94.2368,35.0467,66723.5202,3967.2897,1312.3053,513.1854,0.7788,2186.1371,809.19,13.2399,1162.7726,3024.9221,1537.3832,408.0997,2601.2461,115.2648,3074.7664,3.1153,660.4361,0,1122.2741,80.2181,1425.2336,228.1931,735.9813,31.1526,0,119.9377,0.7788,7.0093,0,49.8442,0,1880.8411,355.1402,176.0125,14.7975,909.3458,32.7103
TCGA-AB-2954-03,0.03333333333,1680.8923,3399.612,32.9777,384.0931,1586.8089,335.5965,9056.2561,2698.3511,2582.9292,4287.0999,868.0892,1569.3501,1213.3851,1578.0795,312.3181,990.3007,903.0068,343.356,4753.6372,986.421,1.9399,0.9699,1810.8632,3146.4597,5131.9108,3650.2425,1239.5732,1287.0999,0,7923.3754,47.5267,1036.8574,525.7032,3.8797,30.0679,4830.2619,0,138.7003,111.5422,14337.5364,27.1581,171.678,2305.5286,3042.677,4473.3269,2596.5082,2499.515,4206.5955,1831.2318,2841.9011,11999.3792,1600.388,1747.0417,4148.3996,3662.4636,1106.6925,0,663.4336,406.4016,780.7953,1923.3754,5019.3986,1207.5655,1076.6246,1904.7333,4738.1183,7987.3909,8419.9806,1548.9816,51.4064,2983.5112,1.1833,688.6518,2964.1125,3230.8438,228.904,12.6091,3424.8303,2158.0989,1690.5917,91.1736,118.3317,3752.6673,10716.7798,2173.6178,1910.0485,4211.4452,1559.6508,135.7905,16.4888,1023.2784,3545.1018,1251.2124,4558.6809,1061.1057,2280.3104,1523.7633,2576.1397,1185.257,429.6799,1967.9922,1330.7468,168.7682,1150.3395,3284.1901,364.6945,2949.5635,21419.0107,1820.5626,618.8167,19.6023,7597.4782,2685.742,198.8361,37.8274,112.5121,502.4248,2648.8846,1301.6489,11248.3026,471.387,180.4074,338.5063,6970.902,15862.2696,1192.0466,2751.6974,0,2.9098,0,2252.1823,2.9098,6083.4142,1264.7333,127.0611,1436.4694,5.8196,787.5849,1575.1697,1740.0582,5825.4122,368.5742,3225.9942,2670.2231,0.9699,1338.5063,6829.2919,1841.9011,648.8846,4814.743,2740.0582,6000.9699,175.5577,2279.3404,243.7827,3460.7177,269.6411,530.5529,3310.3783,2129.001,161.9787,0,0,385.063,8.7294,13.579,502.4248,3829.2919,3255.0921,2511.1542,1725.5092,1526.6731,755.5771,1131.9108,1093.1135,0,6828.322,490.7856,3462.6576,830.2619,5919.4956,100.8729,2400.582,2218.0795,2979.6314,5389.9127,52.3763,1543.162,305.5286,204.6557,75.6547,1399.612,4025.2182,2086.324,176.5276,16.4888,315.2279,2732.2987,3159.9612,387.0029,0,6.7895,264.7915,758.4869,737.1484,11.6392,1372.4539,28.128,401.5519,883.6081,24.2483,1855.4801,15.5189,15914.646,826.3822,577.7983,1371.484,2433.5597,2745.8778,8.7294,1871.969,639.1853,1245.3928,3514.064,1.9399,2676.0427,175.5577,88.2638,1363.7245,698.3511,2023.2784,0,0,21.3385,1094.0834,0,515.0339,1001.9399,1506.3046,1210.7565,4.8497,8.7294,195.9263,6471.387,367.6043,3471.387,1939.8642,5682.8322,59.1659,17.4588,6377.3036,239.5732,3132.8807,544.1319,0,157.129,256.0621,412.2211,257.032,789.5247,11.6392,124.1513,240.5432,2286.13,158.0989,52.3763,53782.7352,3100.8729,909.7963,236.6828,0,2257.032,894.2774,12.6091,1240.5432,3210.4753,2748.7876,378.2735,1963.1426,687.6819,2744.9079,0,483.0262,0,1172.6479,2.9098,1789.5247,624.6363,578.0795,229.8739,0,130.9408,0,117.3618,0.9699,14.549,0,1657.1387,204.6557,102.8128,0,923.3269,89.2338
TCGA-AB-2980-03,0.1666666667,1925.3219,2007.7253,0.8584,326.1803,1732.1888,220.6009,6086.6953,3128.7554,3702.1459,4597.4249,609.4421,1529.6137,2565.6652,1132.1888,400.8584,2117.5966,1571.6738,123.6052,2698.7124,1066.9528,1012.8755,31.7597,1847.2103,1212.8755,2827.4678,3855.5365,1025.7511,1387.1245,11.1588,4402.5751,31.7597,2171.6738,727.897,2.5751,319.3133,6083.2618,0,55.794,115.8798,19656.6524,11.1588,138.1974,1198.2833,2903.8627,3791.4163,884.1202,2594.8498,2600.8584,1181.1159,4350.2146,6765.5708,1698.7124,855.8026,5837.7682,2800,778.5408,2.5751,1545.9227,703.8627,2056.6524,3745.9227,1380.2575,2370.8155,1408.5837,2752.0858,1657.5107,1176.824,12632.618,2692.7039,24.0343,4055.794,74.0858,710.7296,3435.1931,2499.5708,139.0558,688.412,3386.2661,3212.0172,2501.2876,38.6266,162.2318,4050.6438,15402.5751,2196.5665,2670.3863,2922.7468,1232.618,173.3906,29.1845,1310.7296,4921.03,605.1502,2384.5494,2267.8112,2205.1502,1880.6867,3717.5966,1406.0086,860.9442,3264.3777,1765.6652,251.5021,81.5451,2608.5837,764.8069,2181.1159,67079.8369,2109.8712,2022.3176,80.6609,15521.8884,1774.2489,519.3133,3.4335,86.6953,159.6567,2903.0043,2344.206,34683.2618,799.1416,484.1202,568.2403,628.3262,13826.6094,2387.9828,3733.0472,42.0601,12.8755,0,4121.8884,4.2918,6683.2618,1374.5751,238.6266,1612.0172,6.867,665.4936,2899.5708,13182.8326,5345.0644,59.2275,5400,2869.5279,99.5708,825.7511,8225.7511,973.3906,871.2446,3375.9657,2674.6781,5687.5536,202.5751,2228.3262,129.0215,3419.7425,0.8584,112.4464,5712.4464,2069.5279,4.2918,101.2876,11.1588,625.7511,5.1502,617.1674,2294.4206,4375.1073,6680.6867,2412.5837,593.133,1013.7339,900.4292,1641.2017,1437.7682,0,5077.2532,54.9356,3083.2618,609.4421,2086.6953,4280.6867,2786.2661,676.8498,1632.618,8986.2661,185.4077,1021.4592,933.9056,500.4292,157.0815,571.6738,2379.3991,2222.3176,296.1373,11.1588,836.0515,2486.6953,1679.8283,545.0644,20.6009,0.8584,374.2489,727.897,1118.4549,68.6695,1681.5451,24.0343,1970.8155,760.515,81.5451,680.6867,18.9442,11454.9356,1548.4979,755.6395,2077.2532,881.5451,3862.6609,9.4421,3042.0601,727.897,995.7082,4794.8498,144.206,3763.9485,418.8841,201.7167,1063.5193,369.9571,2820.6009,16.309,0.8584,24.8927,705.5794,0.8584,2127.897,783.691,2084.9785,1832.3348,178.5408,4.2918,60.0858,7580.2575,555.3648,3359.6567,2157.9399,1017.1674,129.6137,0,10829.1845,555.3648,5056.6524,1121.8884,0.8584,378.5408,282.4034,416.1202,548.4979,269.5279,27.4678,706.4378,442.0601,1192.2747,88.412,5.1502,1880.6867,2343.3476,1254.9356,479.3906,8.5837,1261.8026,897.8541,4.2918,1195.7082,3612.8755,1117.5966,211.1588,2683.2618,659.2275,1440.3433,0,565.6652,0,822.3176,692.7039,1030.9013,157.9399,884.1202,18.8841,0,169.9571,0,6.867,0,12.0172,0,1435.1931,527.0386,75.5365,5.1502,905.485,105.5794
TCGA-AB-2982-03,0.06666666667,1809.4576,2774.6871,1.3908,374.1307,1374.1307,426.9819,7610.5702,3662.0306,5813.63,3904.0334,908.2058,1812.2392,1721.8359,1258.6926,479.8331,881.7803,564.6732,698.1919,2528.5118,776.0779,144.6453,111.2656,1969.4019,1641.1683,3984.701,4705.6467,1048.6787,1464.5341,43.1154,4719.0542,66.7594,1232.267,938.8039,1.3908,250.3477,4545.2017,0,130.7371,107.0932,16208.6231,13.9082,203.0598,963.8387,2286.509,4443.6718,938.8039,6108.484,4922.114,2176.6342,4828.9291,9787.5382,1618.9152,599.2907,6723.2267,3189.1516,906.815,8.3449,878.9986,1261.4743,1235.0487,2001.3908,1949.9305,1922.114,991.6551,2191.9471,2179.4159,2140.4729,7959.6662,1663.4214,369.9583,2634.2142,85.0626,655.0765,4045.8971,2247.5661,340.751,721.8359,2756.6064,1904.0334,1161.3352,132.128,499.3046,3692.6287,18610.5702,2051.4604,2389.4298,2780.2503,1223.9221,121.0014,66.7594,852.573,3668.9847,726.0083,2484.0056,2689.847,1870.6537,2321.2796,3753.8248,1532.6843,682.8929,4272.6008,1735.7441,125.1739,486.7872,3136.3004,186.37,2239.2211,118901.3352,1574.4089,1215.5772,79.4715,9431.1544,1815.0209,161.3352,4.1725,929.0682,941.5855,2844.2281,1904.0334,21670.3755,998.6092,460.3616,336.5786,1567.4548,32745.4798,1666.2031,12180.8067,59.8053,11.1266,0,4134.9096,29.2072,8936.0223,814.8401,144.6453,4321.2796,2.7816,927.6773,2944.3672,21002.7816,4947.1488,445.0626,16464.5341,3286.509,161.3352,894.2976,8421.4186,1407.5104,673.1572,3179.4159,2136.3004,7328.2337,139.0821,1955.4937,206.7733,4504.8679,1.3908,193.3241,4394.993,2095.9666,5.5633,179.4159,488.178,351.8776,6.9541,1002.7816,898.4701,3944.3672,3748.2476,2885.9527,1033.3797,1031.9889,755.2156,1214.1864,1047.2879,0,5307.3713,50.0695,4453.4075,627.2601,2955.4937,5002.7816,3172.4618,1416.5786,2605.007,5636.9958,401.9471,1464.5341,367.1766,275.3825,100.1391,752.4339,4325.452,7243.3936,179.4159,23.6439,244.7844,2141.8637,2018.0807,349.096,12.5174,1.3908,324.0612,806.6759,573.0181,289.2907,1436.7177,79.2768,3482.6147,1650.904,126.5647,5297.6356,40.3338,24136.2865,1083.4492,314.395,1232.267,1746.8707,3995.8275,27.8164,2595.2712,746.8707,1077.886,3867.872,662.0306,2525.7302,180.8067,129.3463,1257.3018,539.6384,3182.1975,15.299,5.5633,6.9541,927.6773,1.3908,970.7928,808.0668,1716.2726,1319.9444,172.4618,6.9541,62.5869,7308.7622,425.5911,2856.7455,2121.0014,1230.8762,260.0834,4.1725,9795.5494,1136.3004,3001.3908,760.7789,15.299,361.6134,335.8136,443.6718,235.0487,415.8554,84.8401,2065.3686,200.2782,2745.4798,1084.8401,19.4715,18336.5786,1408.9013,1006.9541,357.0515,6.9541,1525.7302,771.9054,4.1725,995.8275,3019.4715,1151.5994,425.5911,2748.2615,912.3783,2331.0153,0,439.4993,0,799.7218,305.9805,2838.6648,392.2114,1221.1405,25.0348,1.3908,55.6328,0,16.6898,0,54.242,15.299,2367.7747,331.0153,91.7942,9.7357,685.3408,58.4145
TCGA-AB-2991-03,0.2666666667,2623.7846,3279.9801,0,439.7906,1375.2182,428.8207,8594.3655,3733.7322,4144.6023,4038.893,1480.9274,2185.9885,2040.3889,1252.5555,561.456,921.466,1032.1616,317.1279,3553.2286,703.0666,37.8958,186.4872,2828.2224,2540.015,6005.4849,6725.814,975.3179,1390.177,2.9918,7074.545,60.8327,1157.816,657.1927,0.9973,370.9798,4288.2074,0,148.5914,178.5091,19851.4086,24.9314,188.4817,492.6452,2629.7681,4321.1169,1083.0217,6302.6677,5338.3196,2469.2097,4454.7494,18308.1127,1308.4019,909.6285,4508.6013,4919.4715,1030.167,4.9863,731.987,739.9651,1142.8571,2243.8295,2460.2344,2367.4894,1303.4156,1379.3368,4459.7357,1596.6093,10344.5525,2697.5817,218.3994,3457.4919,11.9671,796.8088,3670.905,3152.3311,142.6078,505.6096,3144.353,2888.0578,1608.5764,158.5639,565.445,4681.1269,15621.0421,2242.8322,1704.8118,4551.4834,1276.4897,393.9167,30.915,748.9404,4506.6068,832.71,2805.2855,3068.5615,2144.1037,2097.2326,7202.194,1761.1568,874.5949,4864.6223,1463.9741,235.3528,400.8975,3898.2797,310.1471,2336.5744,115033.6574,1856.8935,1485.9137,36.5096,15034.6547,2293.6923,215.4076,2.9918,326.1032,232.361,3633.0092,1649.464,26914.9838,283.2211,422.8372,417.8509,2006.4822,38450.2618,1514.8342,3562.2039,18.9479,7.9781,1.9945,3450.5111,8.9753,7687.8584,1271.284,161.5557,6330.5909,11.9671,814.2009,3458.4892,15289.9526,4624.2832,151.5831,4190.4762,2472.2014,16.9534,1185.7392,10071.3039,1345.3004,596.36,3029.6684,2482.174,7865.3702,169.5338,2335.5772,159.5612,2097.2326,5.9835,219.3967,5014.2109,2541.0122,17.9506,18.9479,1264.5226,280.2294,8.9753,130.6407,1077.0381,3557.2177,5079.0327,3073.5477,1368.2373,965.3453,614.3106,1219.646,697.083,0,5900.7729,95.7367,4673.1488,637.2476,4282.2239,3895.288,2808.2772,1895.4575,3005.7342,5638.4941,245.3254,1866.8661,164.5475,227.3747,61.83,765.8938,4922.4632,3507.3548,194.4652,29.9177,421.8399,2990.7754,3205.106,270.2568,8.9753,4.9863,223.3857,620.2942,546.4971,209.4241,1674.3954,12.9643,3628.0229,1334.3306,23.9342,4663.1763,24.9314,19521.3164,1159.8105,542.0793,1323.3608,2654.6996,3596.1107,31.9122,2910.9948,669.1598,1814.0115,7226.1281,514.5849,2557.9656,167.5393,136.6243,1568.6861,641.2366,3587.1354,2.9918,0,34.904,861.6305,2.2438,1346.2977,1334.3306,1802.0444,1444.2284,55.8464,0.9973,190.4762,8971.3288,509.5986,4378.9579,1837.9456,1701.3214,71.8025,0,10612.8148,567.4395,3207.1803,738.9678,5.9835,188.4817,346.0484,347.0456,246.3226,236.35,11.9671,1317.3772,194.4652,1454.0015,418.8482,348.0429,10550.9848,1794.0663,877.5866,275.9711,2.9918,1209.6734,747.9432,3.989,1119.9202,2921.9646,858.6387,330.0922,2607.8285,259.287,1831.9621,0,439.7906,0.9973,548.4916,78.7833,3246.0733,913.4879,1963.6001,12.9643,0,25.9287,0,14.9589,0,36.8985,0,2185.9885,257.2924,85.7641,9.9726,887.5093,257.2924
TCGA-AB-2994-03,0.2,2087.4882,4335.842,3.7629,242.7093,1772.3424,259.6425,8812.794,3448.73,3076.1994,2842.8975,1648.1656,2022.5776,1233.302,1633.1138,434.619,1037.6294,838.1938,410.1599,4867.3565,747.8833,21.6369,133.5842,3650.9878,3732.8316,5220.1317,5468.2126,1187.206,1031.9849,0,9392.286,52.6811,1138.2879,709.3133,0.9407,181.5616,3279.3979,0,111.9473,135.4657,18366.8862,21.6369,328.3161,1465.6632,1566.3217,3817.4976,1773.2832,6869.238,3428.0339,1414.8636,543.7441,18113.65,1783.6312,1282.9915,9394.1675,3867.3565,1051.7404,0.9407,754.4685,86.5475,655.6914,1631.2324,3596.4252,1935.0894,985.889,1975.1364,5180.6209,3253.9981,2923.8006,1694.2615,96.8956,4506.1148,16.9332,785.5127,2550.3293,2694.2615,483.5372,625.588,1640.6397,1772.3424,1452.4929,328.3161,268.1091,3691.4393,16635.936,1837.2531,2034.8071,3997.1778,1055.5033,51.7404,94.0734,873.9417,3371.5898,896.5193,6164.6284,1213.5466,868.2973,2453.4337,4174.0357,1301.0348,765.7573,3591.7215,1530.5738,174.0357,1208.8429,4136.4064,222.9539,2948.2596,58047.0367,2941.6745,1195.6726,6.7262,9623.7065,6682.9727,122.2954,5.6444,195.6726,135.4657,3081.8438,947.3189,13251.1759,529.6331,448.73,208.8429,4337.7234,16132.6435,1383.8194,4204.1392,4.7037,5.6444,0,1909.6896,2.8222,6506.1148,1220.0659,257.7611,1911.571,5.6444,1117.9398,2079.0216,27739.4167,5404.5155,420.508,9134.5249,2827.8457,0,838.1938,7575.7291,1838.1938,544.6849,4323.6124,2492.9445,8083.7253,257.7611,3188.1468,183.8852,1827.8457,19.7554,78.0809,5042.333,3108.1844,245.5315,4.7037,2.8222,297.2719,4.7037,242.7093,3733.7723,3940.7338,3174.9765,3278.2596,1915.334,1037.6294,546.5663,1242.7093,648.1656,0,8356.5381,795.8608,4622.7658,794.92,3768.5795,1725.3057,3273.7535,2658.2785,2626.5287,4794.92,336.7827,1738.476,200.3763,199.4356,289.746,1105.3622,3438.3819,6022.5776,190.0282,57.3848,285.9831,2300.0941,3572.8786,376.2935,0.9407,1.8815,214.4873,644.4026,445.9078,17.8739,1454.3744,8.4666,2991.5334,1125.1176,51.7404,4220.1317,22.6811,25092.1919,960.4892,403.1515,1031.9849,1561.6181,3815.6162,20.6961,3618.0621,528.6924,1360.301,3586.0771,316.0865,2976.4817,154.2803,109.1251,1292.5682,487.3001,3124.1769,0,0,0.9407,1380.0564,0,1466.604,1379.1157,1336.7827,1166.1524,16.9332,4.7037,43.2738,7053.6218,418.6265,2839.1345,1904.0452,2625.588,162.7469,0,9206.9614,845.7197,2624.6472,629.3509,0.9407,158.0433,295.3904,414.8636,248.3537,363.1232,10.3481,1813.7347,235.1834,1893.6971,194.7319,5.6444,15478.8335,2866.4158,888.9934,171.7404,0,1775.1646,602.0696,12.2295,726.2465,2571.0254,1662.2766,368.7676,1934.1486,910.6303,5973.6595,0,279.3979,0,710.254,19.7554,2028.222,247.413,1344.3086,119.4732,0,607.714,0,16.9332,2.8222,35.7479,0,3598.3067,259.6425,51.7404,79.9624,1193.556,99.7178
TCGA-AB-2998-03,0.1666666667,2378.337,3560.0076,0,265.426,1567.813,314.1624,8846.784,3355.3147,2511.7848,3546.5114,1048.2078,1734.2666,1403.6087,1336.8773,480.616,2370.0893,2049.1788,56.9841,4376.53,819.5216,0.7498,348.6528,1851.9838,2457.8149,4460.5066,4280.9917,1024.9643,1014.4672,0,7000.0487,80.9774,1768.757,632.0738,0,456.6227,9963.9725,0,8.9975,88.4753,20976.9027,17.995,230.1858,1471.8397,2777.2258,3211.3548,1144.9309,2951.1774,3913.909,1916.4658,2977.42,13020.0682,1295.6388,1682.426,4028.627,3706.9667,907.9969,0,1288.8907,264.6762,1483.8364,2373.0885,2369.3395,1597.8046,1084.9476,2576.1244,3613.9926,831.5182,5009.3536,2033.4332,16.4954,4869.1427,7.1155,843.5149,2752.4827,2806.4677,125.2151,895.2504,2724.7405,2771.9773,2123.4081,162.7046,257.9281,3845.678,11097.6565,2016.9378,2100.0821,3395.0536,1279.1434,16.4954,149.9582,1003.2204,3988.1383,606.5809,3653.7315,1083.448,1734.2666,2019.1872,2905.4401,1159.1769,468.6194,3816.4362,1200.4154,281.9214,572.0905,3409.2997,750.5408,2765.979,66805.6279,3167.867,1511.5786,3.1866,11392.3244,3794.6922,361.3993,9.7473,94.4737,434.8788,2704.4961,1632.295,18309.1463,482.8654,786.5308,370.3968,1105.9417,19715.7542,2014.6884,5698.4116,8.9975,2.2494,0,1594.8054,0.7498,4398.274,2034.2879,275.9231,1832.4892,1.4996,697.838,2008.6901,15651.1372,6480.4436,71.2301,5756.1455,2653.5103,0,1136.6831,6754.1173,990.4739,588.5859,4802.4113,5608.4366,6484.1925,202.4436,2812.466,175.7135,3765.4504,15.7456,63.7322,5565.6986,2464.563,27.7423,0,2.2494,466.37,0.7498,107.9699,2118.9094,4437.2631,4802.4113,2608.2604,1210.9125,1117.1886,613.329,1335.3778,865.2588,0,6063.5598,198.6946,3801.4403,805.2755,4881.8892,2016.188,3791.6931,1816.6086,2391.8333,6500.6879,182.949,1475.5887,498.611,602.832,114.718,834.5174,3747.4554,6996.2998,244.4319,25.4929,651.5684,2309.3563,2347.5431,374.1457,0,2.2494,321.6603,1435.1,696.5558,7.4979,1571.5619,5.9983,2115.9102,1234.156,17.2452,3260.841,28.7695,13640.9476,1069.9518,499.3983,1432.8506,1798.7486,4065.3668,35.99,3689.7215,725.0479,1559.5653,5175.8072,874.2563,2219.3813,526.3533,85.4762,1365.3694,504.6093,2221.6307,0,0.7498,2.9992,1159.1769,0,1833.9888,5948.8418,1655.5385,1246.2426,83.9766,3.749,35.2402,5546.9538,903.4981,3164.8678,1885.7244,1815.9938,22.4937,0,7530.9008,1951.706,3835.9307,881.7542,0.7498,368.1474,421.3825,453.0537,764.037,230.9356,0.7498,1601.5536,500.1106,925.2421,30.7414,8.2477,15842.3339,1900.7202,972.4789,253.3694,3.749,1534.0724,970.2295,4.4987,672.5625,2563.5354,1672.0339,323.1599,2270.3671,1306.1359,3926.6554,0,512.857,0,778.2831,3.749,1183.1702,275.9231,1119.438,371.8963,0.7498,575.8395,0,5.2485,0.7498,27.7423,0,4915.5848,421.3825,81.7272,0,497.6288,190.4469
TCGA-AB-2999-03,0.2666666667,2210.9122,2673.1788,0,239.8475,1302.9776,193.3718,6647.6753,3925.5311,5217.645,4456.6812,943.6213,1828.3182,2229.1705,1268.1208,322.0097,652.3187,383.424,326.9893,2605.1252,770.9975,76.3528,50.6252,2558.6496,1607.5589,3828.4302,4311.9594,956.9001,1693.8708,1.6598,4450.8717,101.2505,1132.0136,952.7505,7.4693,200.8411,5682.476,0,200.0112,151.0458,15304.5918,10.789,253.9561,1268.1208,1733.7071,4894.88,1268.9508,6037.6826,2918.0058,1295.5083,4512.286,8965.7885,1736.1968,595.5603,6610.3288,2901.4073,913.7441,1.6598,858.9693,640.6998,965.1993,1855.7056,1954.4663,1610.8786,961.0497,2581.0906,2136.2192,1922.9293,9633.7347,2141.1988,93.7812,2920.4955,29.5701,643.1896,3798.553,1757.7748,249.8065,976.8182,4470.7899,2336.2305,1159.401,86.3119,304.5814,3503.9307,18025.906,2181.865,2767.8065,2350.3391,775.9771,18.2583,63.0741,1068.1096,4439.2528,717.0526,2802.6466,2140.3689,1680.5921,2670.689,2789.3679,1542.825,870.5882,3696.4726,1682.2519,57.2646,229.0585,3200.1793,73.8631,2362.788,62143.73,1597.5999,1277.25,36.5166,13298.6703,1418.3367,181.7529,6.6394,278.0239,431.5594,2364.4478,1817.5292,23041.9546,977.6481,317.8601,370.1452,1737.0268,32571.9491,1666.4834,7471.7878,1.6598,3.3197,0,4220.1534,8.2992,11169.9203,395.3831,114.5292,4122.2226,6.6394,796.7251,1971.8947,12961.7219,4751.3035,213.29,6286.6592,3155.3635,29.0473,874.7378,7616.1943,1199.2373,767.6779,2986.8893,2258.2178,7750.6416,258.1057,1512.1179,176.6323,4705.6578,3.3197,365.9956,3339.6062,2084.7641,191.712,12.4488,31.537,371.8051,6.6394,132.7875,946.941,4795.2894,4357.9205,3022.576,834.0716,765.1881,649.8289,1085.538,1215.0058,0,4504.8167,42.326,4307.2952,590.0745,2839.9931,4240.0715,2110.4917,1577.1257,2231.6603,6015.2747,322.0097,1450.7037,273.0443,117.8489,53.115,857.3094,3640.0379,8703.3921,224.9089,22.4079,150.2159,2373.5769,1706.2367,380.1043,0.8299,0,421.6004,976.8182,408.3216,18.2583,1410.0375,49.7953,3254.9541,1268.9508,140.2568,6594.5603,53.9449,24925.0477,1456.5131,406.8195,1406.7178,1797.6111,4396.9268,6.6394,3348.7353,870.5882,800.0448,3588.5828,578.4556,2664.8796,89.6316,81.3324,1279.7397,361.846,3073.2012,4.9795,0.8299,13.2788,1095.4971,2.4898,900.4654,270.5546,1804.2504,1541.0988,40.6662,8.2992,65.5638,7256.0081,397.5326,2971.9507,1785.1622,997.5663,234.038,3.3197,13819.8613,219.0994,2464.0384,933.6623,0.8299,348.5672,325.3294,650.1775,164.3246,412.4712,38.1764,3048.3035,142.7466,3741.2884,280.5136,7.4693,3881.5452,1210.8562,719.5424,411.16,2.4898,1605.0692,711.2432,8.2992,601.6935,2947.883,1744.4961,468.9059,3200.1793,668.0872,2091.4035,0,494.6335,0,691.325,195.0317,3639.208,394.213,992.5867,12.4488,0,31.537,0.8299,2.4898,0,24.0677,0,2720.4843,251.4664,105.4001,79.6725,560.6621,18.2583
TCGA-AB-3001-03,0.3333333333,2768.5714,3210.4762,1.9048,351.4286,1574.2857,21.9048,10714.2857,3960,4003.8095,4831.4286,1843.8095,2104.7619,2992.381,1908.5714,623.8095,828.5714,641.9048,463.8095,4072.381,946.6667,161.9048,96.1905,3920,2602.8571,7218.0952,4027.4286,1154.2857,1576.1905,19.0476,7885.7143,105.7143,1087.619,667.619,1.9048,55.2381,10431.4286,0,116.1905,163.8095,18874.2857,25.7143,220.9524,1030.4762,2257.1429,4667.619,1140,3586.6667,5694.9524,2244.7619,7890.4762,17348.3333,1392.381,705.0857,6033.3333,6619.0476,1079.0476,3.8095,725.7143,83.8095,1397.1429,2333.3333,2703.8095,2487.619,1258.0952,2303.7524,4100,3314.2857,9736.1905,2209.5238,172.381,4751.4286,73.5048,903.8095,3681.9048,2765.7143,303.8095,986.6667,3385.7143,3001.9048,1648.5714,66.6667,326.6667,4519.0476,13931.4286,1954.2857,2611.4286,3904.7619,1062.8571,66.6667,17.1429,953.3333,6124.7619,941.9048,3935.2381,2617.1429,1609.5238,2402.8571,3424.7619,1331.4286,798.0952,3795.2381,1657.1429,153.3333,295.2381,4225.7143,259.0476,2279.0476,78340,1505.7143,1571.4286,29.3429,9100,2168.5714,132.381,12.381,383.8095,540.9524,3175.2381,1552.381,33232.381,571.4286,374.2857,306.6667,1362.8571,33680.9524,2085.7143,5518.0952,56.1905,3.8095,0,5655.2381,13.3333,10164.7619,1064.2667,149.5238,6701.9048,19.0476,1181.9048,2379.0476,12770.4762,6460,140.9524,2531.4286,3333.3333,47.619,1151.4286,12005.7143,1829.5238,856.1905,3680,2861.9048,6217.1429,184.7619,2549.5238,184.7524,2587.619,37.1429,800,4283.8095,2366.6667,24.7619,72.381,1.9048,382.8571,5.7143,421.9048,1231.4286,4326.6667,4759.0476,2509.219,1378.0952,1016.1905,640,1017.1429,784.7619,0,7347.619,217.1429,3527.619,805.7143,3578.0952,5181.9048,4024.7619,1326.8476,3121.9048,6200,306.6667,1450.4762,268.5714,192.381,25.7143,927.619,6308.5714,3920,232.381,9.5238,298.0952,2538.0952,3006.6286,304.7619,12.381,10.4762,372.381,564.7619,594.2857,105.7143,1713.3333,18.0952,2460.9524,883.8095,69.5238,4976.1905,30.6952,25259.0476,1141.9048,579.6571,1430.4762,2042.8571,4043.8095,34.2857,3658.0952,767.619,1394.2857,4736.1905,759.0476,2676.1905,149.5238,86.6667,1552.381,585.7143,3460.9524,2.8571,10.4762,28.5714,1034.2857,0.9524,1800.9524,1020,1789.5238,1454.2857,105.7143,6.6667,145.7143,6106.6667,441.9048,3302.8571,1379.0476,2960.9524,176.1905,2.8571,13380,726.6667,3631.4286,799.0476,18.0952,194.2857,362.8571,482.8857,230.4762,456.1905,12.381,1214.2857,169.5238,2655.2381,458.0952,14.2857,8467.619,2228.5714,1224.7619,231.8,10.4762,1676.1905,629.4857,3.8095,841.9048,2986.6667,1828.5714,435.2381,2218.0952,258.0952,1989.5238,0,666.6667,0,839.0476,387.619,3914.2857,451.4286,1915.2381,51.4286,0,67.619,0.9524,28.5714,2.8571,20.9524,0,2453.3333,218.0952,113.3333,10.4762,627.4762,104.7619
TCGA-AB-3007-03,0.2,2932,2500.8,0.8,392.8,1599.2,290.4,7559.2,3656.8,3952,3780,1558.4,1788.8,1804,1108,268,976,706.4,275.2,2749.6,820.8,85.6,67.2,1422.4,2569.6,4672,4505.208,1092,1688.8,0,5501.6,83.2,728,560.8,0.8,441.6,5826.4,0,69.6,264,18733.6,22.4,190.4,996.8,2859.2,3531.2,1049.6,3999.2,4076.8,1159.2,6468.8,15116.232,1133.6,638.392,6066.4,4348.8,1144,3.2,925.6,803.2,1131.2,2228.8,1249.6,2510.4,1204.8,2482.168,2693.6,2836.8,9356,1559.2,149.6,2747.2,0,659.2,3924.8,2970.4,88.8,1145.6,2608,2440.8,1102.4,100.8,294.4,3856.8,15182.4,1874.4,2306.2,3418.4,1212,136.8,31.2,970.4,3837.6,854.4,2600.8,1566.4,2248,2323.2,2979.2,1080,740.8,4962.4,1748,190.4,205.6,3532,341.6,2417.6,113732.8,1481.6,1211.2,35.512,11642.4,1185.6,162.4,4,253.6,374.4,3024,1504.8,28760.8,531.2,524.8,359.2,2144,41236,1853.6,2998.4,6.4,2.4,0,3446.4,3.2,6979.2,1017.848,164.8,6956.8,13.6,805.6,2159.2,24090.4,3630.4,79.2,4224,2993.416,1.6,1104.8,9844.8,1264,616,3265.6,1956,7722.4,141.6,2088,212.048,8258.4,4,202.4,5016,3196,3.2,0,47.2,395.2,0.8,312,994.4,3450.4,4872.792,2612,1090.4,1047.2,664.8,1591.2,961.6,0,5965.6,45.6,3341.6,928,3128,4276,2466.4,963.04,2989.6,6551.2,246.4,1611.2,376,264,21.6,1069.6,4120.8,2316,246.4,12,451.2,2474.4,3087.912,379.2,0,0.8,462.4,525.6,671.2,7.2,1509.6,19.2,2531.2,1321.6,57.6,2310.4,13.6,15420,1283.2,465.696,2117.6,1203.2,3773.6,12.8,2791.2,663.2,1424.8,5516.8,191.2,1740,172,154.4,1610.4,440.8,2766.4,0,0,29.6,882.4,5.6,1711.2,258.4,1451.2,1254.744,31.2,2.4,49.6,6752,500,2636,1932,579.2,56,0.8,13838.4,151.2,3884,891.2,48,250.4,400,561.096,367.2,50.4,1.6,1267.2,172.8,1060.8,340,0.8,2482.4,2196.8,1088.8,358.552,0,1688,844,3.2,780.8,2212,1154.4,384.8,2454.4,1240,1545.6,0,568.8,0,740,180,2120,321.6,1284.8,12,0,108.8,0,10.4,0,18.4,0,3033.6,283.2,108,2.4,610.8,127.2
TCGA-AB-3012-03,0.3,2810.987,3331.4711,0,402.2346,1253.2588,417.1322,10895.7169,3564.2458,3192.7374,3774.6741,1467.4115,2049.3482,2191.8063,2070.7635,482.3091,702.9795,550.2793,63.3147,3135.9404,934.8231,21.4153,116.3873,6072.6257,2732.7747,6584.73,4836.8901,943.203,1693.6685,11.1732,7649.9069,90.3166,1031.6574,666.6667,3.7244,187.1508,6445.0652,0,17.6909,128.4916,23361.2663,18.622,168.5289,939.4786,2413.4078,4745.8101,1054.0037,5997.2067,3619.1806,1310.987,8360.3352,15264.3017,1390.1304,711.1173,7429.2365,6611.7318,1090.3166,1.8622,650.838,433.892,1002.7933,2108.0074,2799.8138,2294.2272,1246.7412,2187.8026,3847.2998,3021.4153,11680.6331,2334.2644,33.5196,3957.1695,124.1248,821.2291,3387.3371,3134.0782,117.3184,563.3147,3650.838,2649.9069,1350.0931,169.46,297.9516,4584.73,14594.9721,2329.6089,2343.0261,4060.5214,1202.9795,97.7654,74.4879,870.5773,5437.6164,876.1639,3543.7616,2928.3054,1848.2309,1926.4432,3965.5493,1456.2384,900.3724,3727.1881,1198.324,84.73,424.581,4344.5065,156.4246,2527.933,88809.1248,1718.8082,1415.27,33.2868,12421.7877,1699.2551,100.5587,1.8622,135.0093,282.1229,3217.8771,1599.6276,36447.8585,578.2123,480.4469,254.1899,1881.7505,39480.8566,1891.9926,8399.4413,35.3818,2.7933,0,4978.5847,12.1043,11958.1006,878.3892,90.3166,5809.1248,9.311,901.3035,2066.108,11466.4804,5440.4097,93.1099,10323.0912,3447.8585,58.6592,1123.8361,9785.8473,1611.7318,774.6741,3127.5605,1973.9292,6273.743,164.8045,2032.5885,245.689,3725.3259,0.9311,327.7467,3976.7225,2023.2775,130.3538,168.5289,31.6574,292.365,3.7244,583.7989,648.0447,5547.486,5413.4078,2928.6127,1123.8361,974.8603,704.8417,1139.6648,971.1359,0,7223.4637,246.7412,5388.2682,1083.7989,3738.3613,2834.2644,3363.1285,1485.5493,3389.1993,5295.1583,216.0149,1782.1229,231.8436,163.8734,516.7598,1402.2346,7048.4171,4960.8939,270.9497,23.2775,227.1881,2961.825,2304.3948,274.6741,10.2421,1.8622,252.3277,756.0521,544.6927,180.6331,1806.3315,21.4153,4259.7765,1285.8473,13.0354,6845.4376,18.622,34979.5158,812.8492,454.46,1543.7616,3162.0112,4145.2514,16.7598,3506.5177,639.6648,1215.0838,6260.7076,974.8603,2814.7114,110.8007,122.905,1576.3501,447.8585,2608.9385,10.2421,11.1732,12.1043,1476.7225,0,1253.2588,958.1006,1886.406,1301.7225,145.2514,3.7244,51.2104,6526.0708,415.27,3462.7561,1436.6853,2003.7244,106.1453,2.7933,13614.5251,1347.2998,2809.1248,817.5047,44.6927,236.4991,305.4004,369.6462,154.5624,81.9367,32.5885,1682.4953,103.352,2455.3073,139.6648,3.7244,4425.5121,2214.1527,969.2737,323.5847,4.6555,1324.9534,516.7598,4.6555,917.1322,3576.3501,1092.1788,314.7114,2795.1583,559.5903,1945.0652,0.9311,624.7672,0,783.9851,54.9348,2538.175,391.9926,1248.6034,2.7933,0,36.3128,0.9311,25.1397,0,16.7598,2.7933,2571.9181,236.4991,77.2812,80.0745,803.3426,46.5549
TCGA-AB-2805-03,0.4,1122.49,1423.6948,8.0321,204.8193,2629.8527,80.9906,6822.6238,2175.3681,6176.0375,6442.4364,522.7577,1047.5234,578.3133,1303.8822,382.8648,963.1861,1081.66,322.6238,10769.7456,1543.5074,2.6774,0.6693,628.5141,2192.7711,4659.9732,5211.7871,971.8876,459.17,0.6693,6584.3373,48.8621,798.5274,945.1138,0,8.7015,11809.2369,0,31.4592,33.4672,11159.9732,14.7256,95.7162,2334.672,1378.1794,6883.5341,4704.8193,3469.2102,2123.1593,1253.012,827.3092,9418.3199,3297.1888,1657.0683,6457.162,2445.7831,449.1299,0,771.0843,109.1031,622.49,2194.1098,6260.3748,2951.1379,964.5248,2640.1272,2414.324,17078.3133,6384.2035,2632.5301,28.1124,4467.8715,4.3373,1287.1486,4589.0228,2123.1593,295.1807,15.3949,5039.4913,3364.1232,5115.7965,13.3869,110.4418,4661.9813,13728.9157,2539.4913,2869.8929,1785.8099,722.2222,40.83,8.7015,1540.83,6236.2784,501.3387,5504.0161,825.3012,1473.8956,1693.4404,1819.2771,1904.2838,2.6774,1576.3052,1794.5114,334.672,2010.7095,2744.9799,416.332,3733.6011,6505.3548,2067.6037,2497.3226,62.249,3117.1352,2044.8461,107.095,2.6774,155.2878,351.4056,2752.3427,842.0348,17237.6171,1125.8367,121.1513,305.8902,11424.3641,6654.6185,1761.0442,6273.0924,1.3387,6.6934,0,1593.7082,26.1044,8583.668,912.5234,213.5207,657.2959,0.6693,589.6921,2188.755,3472.5569,8161.3119,1129.8527,110.4418,4129.8527,0,706.8273,11578.3133,798.5274,831.3253,7264.3909,3178.7149,9489.9598,511.3788,2581.66,124.1499,2420.3481,471.2182,14.0562,3385.5422,3072.2892,0,0.6693,0,444.4444,10.7095,94.3775,933.0656,7519.411,4943.1058,2129.1834,1674.0295,1309.2369,914.9933,1496.6533,1873.494,0,5744.3106,866.8005,3684.0696,769.0763,6480.589,383.5341,2810.5756,1226.7202,1285.8099,8784.4712,2398.2597,911.6466,178.7149,93.0388,17.4029,841.3655,1363.4538,4006.6934,249.6653,12.7175,432.3963,2650.6024,1549.5315,497.3226,0,4.0161,617.8046,714.8594,801.2048,12.7175,2580.3213,8.7015,30.7898,738.2865,103.7483,1106.4257,23.6145,20769.7456,1803.8822,471.2718,1947.7912,1951.8072,3031.4592,14.7256,1427.7108,651.9411,421.6867,1779.1165,1.3387,3770.415,180.7229,96.3855,728.9157,989.9598,3969.8795,0,0,18.0723,888.8889,2.008,540.83,832.664,2305.2209,1667.1954,11.3788,13.3869,22.0884,5955.8233,240.2945,6115.1272,1680.0535,5957.162,106.4257,4.0161,3629.1834,219.5448,2509.3708,900.2677,0,163.9893,232.2624,339.3574,194.7791,688.0857,0.6693,180.0535,233.6011,4075.6359,133.8688,4.6854,61872.8246,3625.8367,984.6051,236.573,0,2895.5823,393.5743,8.0321,1249.6653,5008.0321,4003.3467,205.4886,2637.2155,387.5502,5101.071,0,473.8956,0.6693,1631.8608,11.3788,4.6854,235.6091,834.672,734.2704,0,161.3119,0.6693,79.6519,2.008,273.7617,0,1237.6171,236.9478,180.7229,0,931.7001,10.7095
TCGA-AB-2807-03,0.9,2764.6475,2231.3803,10.9235,412.1152,1840.1192,14.8957,7149.9503,3262.1648,4523.3366,7564.0516,824.2304,1980.139,3257.1996,1773.5849,523.3366,1523.3366,1713.0089,2223.4359,4585.8987,1369.4141,267.1301,5.9583,1185.7001,3922.5422,5692.1549,6066.0675,916.5839,1684.2105,26.8123,8211.5194,141.0129,1079.4439,1244.29,0.993,23.8332,15618.6693,0,30.7845,78.4508,22902.7507,15.8888,84.4091,688.1827,3001.9861,6553.1281,2105.2632,2784.5084,4450.8441,2345.5809,4910.6256,12234.5978,2172.7905,843.8828,2183.714,3480.6356,750.7448,7.9444,672.2939,656.4052,973.1877,2668.3217,2256.2066,3054.6177,1365.4419,1584.3793,4466.7329,5042.7011,10128.1033,3783.5154,352.5323,4786.4945,108.5005,1190.6653,7623.6346,2881.8272,710.0298,22.8401,3491.5591,4686.1966,5031.7776,234.3595,262.1648,5874.8759,20909.6326,2989.0765,2979.8312,3000,1754.717,509.434,46.6733,1001.9861,5455.8093,736.8421,3885.7994,5463.7537,1754.717,2158.8878,8636.5442,2478.6495,6.9513,2379.3446,2011.9166,445.8788,771.5988,3781.5293,782.5223,3105.2632,12546.1768,2080.4369,1854.0218,30.7845,6263.1579,1550.149,295.9285,9.9305,393.2473,304.8659,3255.2135,1433.9623,36488.5799,1134.0616,163.853,364.4489,2344.5879,6876.862,1846.0775,31139.0268,136.0477,2.9791,0,4147.9643,110.2284,8430.9831,1307.001,332.6713,81.43,2.9791,686.1966,2717.9742,1448.858,11581.9265,2142.999,2221.4499,3825.2234,46.6733,626.6137,11479.6425,1201.5889,630.5859,4035.7498,3142.999,19432.9692,92.3535,2491.5591,141.9563,828.2026,220.4568,21.8471,6126.1172,3860.9732,1.9861,81.43,7.9444,455.8093,21.8471,609.7319,1891.7577,4360.4767,4384.2999,2320.1589,546.1768,1497.5174,624.6276,1659.3843,803.3764,0,6506.4548,562.0655,2825.2234,591.857,9360.4767,2972.1946,3155.9086,540.1688,2109.2354,9927.5074,1505.4618,1020.854,180.7349,245.283,64.5482,462.7607,3854.0218,2420.0596,168.8183,16.8818,613.7041,2590.864,2323.7339,459.7815,4.9652,605.7597,405.1639,864.9454,643.4955,89.3744,2164.8461,12.9096,638.5303,319.7617,33.7637,3709.0367,41.708,53788.4806,2173.7835,622.2542,1451.8371,1751.7378,2945.3823,33.7637,738.8282,646.4747,1083.4161,4455.8093,56.6038,2910.6256,188.6792,147.9643,1088.3813,741.8073,5892.7507,37.7358,4.9652,7.9444,266.137,3.9722,1987.0904,197.6167,1854.0218,1776.7527,221.4499,14.8957,23.8332,8187.6862,456.8024,5445.8788,2118.1728,2966.2363,368.4211,199.6028,4324.7269,339.6226,3926.5144,1013.9027,2.9791,186.6931,242.3039,491.5591,311.8173,248.2622,36.7428,99.3049,299.9007,3482.6216,82.423,0,98893.7438,2408.143,984.1112,270.6653,7.9444,2863.9523,528.3019,1.9861,1129.0963,4516.3853,2213.5055,219.4638,2652.433,371.4002,1909.6326,0.993,424.0318,0,624.6276,477.6564,1.9861,234.3595,1121.1519,200.5958,0,28.7984,0,14.8957,0.993,246.2761,0.993,844.0914,433.9623,270.1092,9.9305,1522.3138,10.9235
TCGA-AB-2808-03,0.3,1813.0401,1586.0173,0,430.4792,1773.7628,0,8172.8201,2761.9796,4330.7148,8341.7125,710.1335,1427.337,1186.1744,1520.0314,387.2742,2034.564,1594.6583,91.9089,4626.8657,1508.2482,504.3205,234.8782,4876.6693,1016.4965,3062.0581,5327.447,899.4501,1482.3252,4.7133,4890.0236,14.9254,1589.945,799.6858,0,23.5664,2181.4611,0,10.2121,21.9953,13772.9772,14.9254,59.7015,2189.3166,2216.0251,4326.0016,2307.1485,3963.0793,1832.6787,1452.4745,6722.7023,7157.3291,2320.5027,1060.652,2923.0165,2205.0275,663.8727,10.9976,1153.967,633.9356,1983.5035,3015.7109,2993.7156,2826.3943,976.4336,1863.7156,2034.564,5323.6449,10272.5844,2763.5507,80.9112,4183.0322,32.4352,966.2215,4693.6371,1900.2357,203.4564,19.6386,5941.8696,3615.868,3750.9819,14.1398,170.4635,4804.3991,14233.3071,2282.7965,3009.1359,2531.0291,750.1964,25.1375,2.3566,1465.0432,5635.5067,558.5232,3472.8987,710.9191,2266.3001,1483.1108,3872.7416,1743.1265,183.0322,1443.0479,2036.9207,278.0833,2006.2844,2570.3064,536.5279,2706.2058,19467.4156,2732.9144,2592.3016,285.9387,8424.9804,1804.3991,366.0644,2.3566,125.6874,87.1956,2930.0864,1642.5766,33814.6112,897.879,648.861,529.458,1415.5538,7302.4352,2166.5357,2461.901,3.1422,1.5711,0.7855,2179.89,10.9976,7284.3676,1261.7518,229.3794,241.9482,3.9277,693.2207,2694.4226,3824.8233,7349.5679,274.1555,260.0157,3516.8892,50.2749,834.2498,8355.0668,934.0141,868.0283,4852.3174,5142.1838,9611.9403,359.78,2136.685,97.5727,2979.5758,66.7714,262.3723,4604.8704,2553.0244,9.4266,18.8531,5.4988,622.9379,4.7133,14.1398,3166.5357,5746.2687,5337.7848,2290.652,402.1995,808.3268,708.5625,1377.8476,1509.8193,0,5825.6088,94.2655,3782.4038,539.6701,4601.7282,1485.4674,1644.9332,1257.4941,1236.4493,12251.3747,94.2655,867.2427,545.9544,222.3095,32.2074,868.8138,2336.2137,2894.7368,256.8735,37.7062,662.2152,2355.8523,1768.2639,658.2875,0,10.9976,489.3951,870.1335,860.1728,30.6363,1984.2891,3.1422,1442.2624,479.183,59.7015,1699.1359,23.6449,19780.8327,1662.2152,701.6339,2384.132,915.161,4207.3841,3.9277,2929.3009,719.5601,700.707,5644.9332,11.7832,2780.8327,358.209,145.326,856.2451,772.9772,3384.9175,3.1422,0,14.9254,608.0126,1.5711,977.2192,333.0715,2331.5004,1714.4698,37.7062,2.3566,176.7478,6895.5224,410.8405,5003.9277,2249.0181,3560.0943,168.1068,1.5711,8733.6999,25.923,3981.1469,1077.769,2.3566,304.0063,307.1485,495.6795,350.3535,449.3323,26.7086,816.1822,563.2364,1043.205,57.3449,14.9254,26189.3166,734.4855,908.8767,552.1131,0.7855,2036.1351,1259.2302,4.7133,1186.1744,4349.5679,1714.8468,221.524,2900.2357,454.8311,1932.443,5.4988,481.5397,0,796.5436,749.4108,146.8971,245.8759,567.1642,60.487,0,194.0299,0,7.8555,0,1.5711,0,1066.7714,368.4211,46.3472,0,1423.4564,0
TCGA-AB-2811-03,0.3,2813.8042,6622.2579,0.535,198.5019,288.3895,1.0701,6681.6479,5290.5297,753.8791,1093.0979,1002.1402,4406.0995,222.5789,1971.6426,272.8732,138.6517,348.8497,493.847,1670.412,554.8422,1.6051,74.9064,4852.3274,6810.0589,5356.3403,7461.3483,607.2766,652.2204,0,4240.2354,52.9695,1088.2825,628.1434,1.6051,10.1659,5168.0043,0.535,103.7988,10.7009,39802.0332,2.6752,464.9545,873.7293,2979.6683,2225.7892,808.4537,5291.0647,4718.5661,2215.0883,276.0835,6273.451,1123.0605,763.5313,2410.3799,1173.3547,963.6169,1.6051,554.8422,210.2729,194.7566,1082.932,2353.6651,580.5243,548.4216,1231.5088,2566.6132,2045.4789,6871.5891,1248.7961,13.3761,842.6966,0,754.9492,3663.9914,4531.3002,217.7635,7.4906,2147.6726,1064.7405,360.0856,18.7266,34.2429,3398.0738,12172.8197,600.321,1291.0647,4684.8582,1804.1734,4.8154,62.6003,630.8186,2704.1199,1225.7892,1318.3521,3216.6934,680.5778,931.5142,6560.1926,881.2199,242.3756,4777.9561,663.9914,92.5629,6646.3349,2562.8678,56.1798,1754.9492,55389.5131,4489.0316,906.9021,10.4922,1512.5736,4154.0931,289.9946,2.6752,306.046,478.8657,1575.7089,1219.9037,2551.0968,3500.8026,371.3216,178.1701,1456.9288,14339.2188,1164.259,6330.1231,2.6752,0.535,0,404.4944,20.3317,3874.2643,1241.1557,130.5511,125.2006,47.084,980.7384,1901.5516,10.7009,2336.5436,134.2964,11805.7785,4850.7223,0,766.1851,2317.282,3012.306,150.3478,1548.4216,1368.1113,4004.2804,76.5115,1039.5934,451.985,682.183,23.007,695.0241,2108.0792,1246.656,154.0931,0.535,0.535,81.862,4.2804,41.7335,1840.0214,1008.0257,2789.1867,4806.1744,3506.153,2170.6795,788.657,425.8962,456.3938,0,8737.2927,626.0032,4854.4676,555.9123,3665.0615,798.2879,1386.8379,2998.9567,4385.7678,3785.4468,48.1541,5269.1279,57.2499,311.3965,3.2103,583.1996,3550.5618,9991.9743,79.1867,4.2804,333.3333,1844.8368,5086.6346,347.2445,0,0.535,37.9882,559.6576,499.7325,2.6752,890.8507,92.5629,532.3703,655.4307,10.1659,1697.6993,37.0787,12312.4666,430.1766,194.7887,887.1054,9741.573,3317.282,28.3574,584.2697,733.5474,1470.84,2225.2541,17.1215,4344.0342,100.0535,64.2055,2659.176,438.7373,3454.7887,0,0,14.4462,1147.6726,2.1402,868.3788,2248.7961,2794.5425,767.817,10.7009,13.3761,791.3323,10949.7057,545.7464,4390.5832,1886.5704,7018.1915,51.8994,4.8154,2452.1134,11.771,2765.6501,256.8218,0.535,112.8946,79.8823,266.9877,141.7871,113.4296,0.535,214.0182,21.4018,1440.3424,129.481,13.9112,156082.932,2319.4222,172.2846,183.7346,1.0701,1219.9037,371.8566,0.535,555.3772,2962.0118,988.229,557.5174,1770.4655,382.0225,5845.3719,0.535,140.1819,2.1402,148.2076,224.1841,487.4264,424.2911,366.5062,85.6073,0,537.7207,0.535,75.9765,0,5.8855,0,1761.1343,370.7865,757.6244,1.0701,684.6709,9.6308
TCGA-AB-2812-03,0.2333333333,1759.5796,2292.9713,7.8826,586.8185,1950.5146,0,7379.0234,2937.5958,5224.4362,7562.0758,412.5246,1340.0482,2022.3341,1647.471,533.3917,2244.7996,1826.1441,185.6799,3780.162,1361.9444,1.7517,131.3773,2302.6056,1382.0889,3164.4406,7016.8776,1050.1423,992.3363,0,5611.5612,34.1581,957.3024,661.2656,0.8758,64.8128,7709.2183,0,1.7517,20.1445,13143.8581,24.5238,87.5848,2147.5805,1445.15,3223.9982,952.0473,1685.1325,3475.3668,2363.0392,3809.065,10110.6109,2658.2001,631.2415,4137.5082,3000.6569,754.9814,0,1008.9774,209.3278,1427.633,3493.7596,1352.3101,4022.7721,1100.9415,1688.811,2782.5706,6640.6832,13476.6805,2820.2321,8.7585,4266.2579,3.1618,956.4265,4521.1298,2012.6998,131.3773,0,5057.1491,3044.4493,3221.3707,7.8826,272.3889,6419.9693,12906.5032,2462.0101,2539.0847,3518.2833,866.2141,44.6683,15.7653,1427.633,5637.8367,576.3083,4706.8097,3497.263,2023.21,1493.3217,7207.3571,1395.2266,529.8883,1815.6339,2401.5765,177.7972,128.7497,2757.171,768.995,2391.9422,23389.5336,2328.8811,2491.7889,8.7585,2779.0672,2276.3302,150.6459,1.7517,63.0611,207.5761,3803.8099,1403.1093,27829.2095,700.6788,169.0388,354.7186,585.0668,6169.4767,1660.6087,2049.4854,2.6275,8.7585,0,1570.3963,2.6275,8665.6448,1144.5588,307.4228,99.8467,19.2687,437.0484,3335.231,416.9039,6057.3681,16.6411,5823.5165,2998.9052,0,793.5187,8070.9437,918.7651,733.961,4058.6818,4385.3733,8138.3841,337.2017,2434.8588,92.6735,2580.2496,0.8758,197.9418,4162.9078,2810.5978,16.6411,0,1.7517,524.6332,0,77.0747,3986.8623,5708.7804,4756.7331,1752.5728,402.8903,674.4033,679.6584,1194.6573,1184.1471,0.8758,7556.8207,129.6256,3229.2533,530.7642,4510.6197,3297.5695,1315.5244,236.9608,1647.471,12351.2152,101.5984,1060.6525,136.6324,113.8603,7.0068,698.9271,3238.0118,3732.8662,232.0998,28.0272,684.9135,2712.5027,1773.5932,469.4548,0,0,524.6332,656.0105,829.4285,4.3792,2263.1925,0.8758,206.7002,734.8369,58.6818,764.6157,32.4064,50525.947,1993.4311,823.8143,2554.85,8330.1949,3482.3735,20.1445,5245.4565,751.478,809.284,1999.5621,4.3792,2265.82,345.9601,190.0591,1072.0385,922.2684,3850.2299,0,0,6.1309,484.3442,0,1019.4876,724.3267,2364.7909,3306.5732,10.5102,5.2551,526.3849,9965.404,441.4276,4425.6624,1940.8802,2979.6365,25.3996,4.3792,10192.2487,20.1445,4555.2879,1615.0646,0,255.7478,290.1073,723.4508,414.2763,55.1785,5.2551,564.0464,451.062,811.0357,18.3928,0,6554.85,1586.1616,1001.0948,646.8579,0,1515.2179,1190.2781,1.7517,674.4033,4003.5034,548.2811,177.7972,2770.3087,57.806,609.5905,0,500.1095,0,536.8951,19.2687,241.7342,200.5693,507.9921,27.1513,0.8758,49.0475,0.8758,4.3792,0.8758,6.1309,0,1150.8649,262.7545,79.7022,66.5645,2704.0508,54.3026
TCGA-AB-2816-03,0.2,1615.3846,2769.2308,8.6538,162.5,1469.2308,13.4615,8543.2692,1650.9615,3739.4231,3863.4615,775.9615,1320.1923,825.9615,1210.5769,298.0769,511.5385,364.4231,147.1154,5966.3462,1088.4615,82.6923,11.5385,1714.4231,2089.4231,5043.2692,4281.2596,860.5769,395.1923,0,7485.5769,62.5,115.3846,841.3462,0,25,7040.3846,0,18.2692,34.6154,13602.8846,25,61.5385,1764.4231,1079.8077,5179.8077,2776.9231,4661.5385,3010.5769,1662.5,2106.7308,10563.3558,1643.2692,1796.1442,4158.6538,1768.2692,560.5769,3.8462,501.9231,176.9231,358.6538,1711.5385,6823.0769,1847.1154,639.4231,2161.5385,3489.4231,14027.8846,3716.3462,1803.8462,66.3462,3391.3462,0,412.5,2487.5,2600,126.9231,17.3077,5103.8462,1619.2308,2203.8462,25.9615,97.1154,3555.7692,8261.5385,2139.4231,1879.8077,2518.2692,679.8077,5.7692,15.3846,1555.7692,3157.6923,519.2308,4214.4231,5778.8462,1354.8077,1168.2692,2734.6154,1656.7308,100.9615,1989.4231,593.2692,35.5769,3664.4231,3146.1538,62.5,2467.3077,6565.3846,2306.7308,1505.7692,20.8173,1440.3846,5799.0385,38.4615,20.1923,236.5385,190.3846,2561.5385,794.2308,7589.4231,536.5385,162.5,125.9615,4069.2308,5625,1507.6923,4126.9231,0,0,0,578.8462,16.3462,5300.9615,439.1058,161.5385,65.3846,1.9231,542.3077,1069.2308,190.3846,6414.4231,676.9231,1672.1154,2280.7692,0,724.0385,6842.3077,1514.4231,586.5385,5968.2692,4385.5769,6478.8462,218.2692,1666.3462,98.0769,965.3846,303.8462,162.5,2419.2308,1753.8462,34.6154,0,0,346.1538,37.5,22.1154,2217.3077,7242.3077,3455.7692,2158.6538,2555.7692,1013.4615,1040.3846,1149.0385,1101.9231,0,5856.7308,503.8462,4542.3077,1207.6923,7150.9615,290.3846,2635.5769,691.5673,1575.9615,5308.6538,67.3077,1289.4231,74.0385,39.4231,0,961.5385,1307.6923,5383.6538,68.2692,659.6154,72.1154,2146.1538,2292.3077,140.3846,0,0,348.0769,843.2692,435.5769,19.2308,2045.1923,0,61.5385,963.4615,29.8077,2917.3077,8.6538,35825,819.2308,254.5192,1143.2692,4749.0385,2943.2692,30.7692,2087.5,521.1538,346.1538,969.2308,19.2308,3248.0769,107.6923,125.9615,699.0385,1218.2692,1564.4231,0,0,0,1168.2692,0,645.1923,2477.8846,1640.3846,1260.5385,6.7308,5.7692,52.8846,4729.8077,157.6923,3044.2308,1955.7692,7734.6154,84.6154,5.7692,3357.6923,48.0769,2538.4615,686.5385,0,153.8462,203.8462,439.4231,106.7308,733.6538,0,84.6154,105.7692,4688.4615,450.9615,25,93533.6538,2163.4615,618.2692,70.0865,0,2092.3077,509.6154,0,441.3462,4654.8077,1928.8462,299.0385,1664.4231,51.9231,2313.4615,2.8846,398.0769,0,1290.3846,0,39.4231,416.3462,356.7308,245.1923,6.7308,160.5769,0,39.4231,0.9615,38.4615,0,1108.6538,76.9231,37.5,0,1026.9231,8.6538
TCGA-AB-2818-03,0.2666666667,1068.8253,3048.0439,5.5175,342.8754,1996.5594,0,7042.7392,2394.6102,5818.6032,5921.8914,857.5826,1279.2799,623.4814,1830.2452,536.7773,912.7579,1134.2475,126.1151,6143.381,1302.9265,0.7882,147.397,2195.1907,1424.3122,4302.889,5556.7173,1088.5308,596.682,0.7882,5806.0232,35.4699,673.9275,750.3847,12.6115,43.3521,6190.6742,0,31.5288,14.1879,12503.5224,11.8233,92.2217,3225.3933,982.9094,4839.6663,2962.9163,2431.6565,3177.3119,2416.6803,1947.6898,8651.5815,2591.665,1045.2339,4068.7879,2441.1151,630.5754,4.7293,859.9472,139.5148,824.4774,1727.7767,4582.7069,2498.6551,653.4338,2867.66,2754.0381,9665.1447,5314.1744,2207.014,88.2806,4242.1961,3.9411,986.8505,4656.7995,1963.4542,355.4869,29.9523,5224.3174,2545.9483,2326.8233,17.3408,74.0926,4040.412,17389.6936,2446.6326,2454.2547,2028.0882,623.4814,3.1529,23.6466,1325.7848,5316.539,704.668,8166.7399,825.2656,1441.6531,1966.6071,2764.285,2003.6534,188.3844,1833.398,1729.3531,167.8907,4634.7293,2400.1277,235.6776,3210.4171,12659.5898,2935.3286,2095.8751,21.4947,1244.5982,4037.2591,111.1389,17.3408,223.8543,277.4532,2765.0732,852.065,13030.0528,1156.3177,123.7504,266.4181,1466.0879,11583.6705,1776.6462,7987.8141,5.5175,2.3647,0,993.9445,3.1529,5337.0327,763.2721,122.174,137.9384,2.3647,1031.4953,1980.0068,164.7378,7484.9302,313.7113,3407.4719,3791.3347,14.1879,748.0201,5899.0331,891.476,897.7818,5488.3708,4577.9775,7675.6793,322.3817,2266.9186,104.6282,1979.2186,66.9986,349.1811,2946.3636,2553.0422,26.7995,16.5526,0,409.0858,6.3058,46.5049,1753.7879,7698.5377,3333.3793,2630.2877,711.762,900.9346,756.6905,1226.4692,1332.8788,0,5660.2026,241.9833,4481.8148,746.4437,7685.1379,1215.4341,2443.4798,749.8645,1580.3796,9032.9929,212.031,1072.7664,227.0072,72.5162,10.2469,854.4297,1545.698,10486.4692,235.6776,172.62,238.8304,2730.3916,1725.3726,532.8362,5.5175,4.7293,440.6146,1196.5169,548.6006,24.4348,2347.317,8.6704,438.2499,832.3596,105.6214,3368.8492,31.3554,30036.6719,1250.904,702.9339,2165.2383,1219.3752,4198.0559,10.2469,3297.9094,688.1154,485.5431,1357.3136,77.2455,2602.7,209.6663,148.1852,905.6639,1044.3905,3284.5097,0.7882,0,1.5764,792.9486,0,730.6793,1072.7664,2061.1934,1590.6028,19.7055,4.7293,178.1376,7202.7477,321.5935,5106.0845,2225.9312,6190.6742,179.714,6.3058,8487.5452,26.0112,2952.6694,905.6639,2.3647,155.2792,267.2063,506.825,174.1965,1261.9391,29.1641,121.3858,270.3592,7127.8669,249.0773,3.1529,13847.4362,2294.5063,921.4283,296.8986,0,2102.1808,935.6163,4.7293,454.8025,4930.3116,3456.3415,244.348,2364.6578,40.9874,1345.4903,0,490.2724,2.3647,1148.4355,212.8192,170.2554,477.6609,396.4743,200.9959,0,194.6902,0.7882,11.0351,0,2.3647,0,1541.4495,267.2063,148.9734,4.7293,891.4287,9.4586
TCGA-AB-2821-03,0.4,2210.6344,2697.598,11.4966,1016.629,1880.5173,113.3238,9449.3944,3122.1515,4142.0489,6151.5089,1327.0376,1694.108,1661.2605,1951.1394,659.4129,1382.8783,1070.8273,499.2815,6865.1201,1176.7604,125.6416,5.7483,2441.3878,3141.0388,5810.7165,5885.0257,1224.3892,909.0536,39.417,7607.4728,141.2441,962.4307,831.0409,18.0661,319.4416,4682.4061,0,73.9068,101.006,15085.1981,19.7085,155.2043,1681.7902,2040.6487,6029.1521,2400.3285,6118.6615,3683.022,1347.5672,9436.2554,17054.1244,1587.3537,1011.9236,2640.115,4463.9704,1017.4502,12.3178,776.0214,2786.2862,1247.3825,2619.5853,3394.7855,3174.7075,1090.5358,1702.5334,4588.7908,11367.6863,7460.4804,1713.8165,258.6738,3623.8965,337.9758,904.9476,4312.0509,3060.5625,362.9645,152.7407,3320.8787,3154.999,2128.5157,4.1059,284.9518,4492.712,12286.5941,2274.6869,2551.2954,4339.9713,903.3053,520.6323,30.3839,1009.2383,4753.0281,1051.9401,4349.8255,1905.1529,2171.2174,1628.4131,3601.7245,1486.3478,297.2696,2657.3599,2269.7598,229.1111,1543.8308,4407.3086,411.4145,1529.8707,17172.6545,2402.792,1543.0096,41.9873,8123.9992,2562.1022,95.2576,8.2119,496.8179,556.7645,3572.1618,1377.9511,13363.1698,410.5933,147.8136,286.5941,4871.279,20628.2078,1932.2521,7246.1507,459.8645,2.4636,0,1984.808,55.8407,7352.9049,1707.8218,232.3958,237.3229,3.2847,859.1336,3098.3371,1157.0519,5736.8097,331.7594,2588.3802,3741.3262,78.0127,1433.7918,12301.3755,1265.4486,675.0154,4334.223,2663.9294,9115.9926,386.7789,3001.4371,205.8058,4806.4053,32.8475,151.9195,4352.2891,4794.0875,7.3907,269.3492,6.5695,475.467,4.9271,640.5256,2034.9004,4083.761,5766.3642,2815.8489,1118.4562,1288.4418,692.2603,1224.3892,876.2061,0,9060.9731,289.0577,5202.2172,832.6832,6038.1852,1076.5757,2460.2751,2138.6656,2300.9649,5990.5564,997.7417,1363.991,242.2501,191.3365,73.9068,1250.6672,2690.2073,4693.0815,245.5348,12.3178,564.9764,2404.4344,3815.0606,509.1357,9.8542,2.4636,312.8721,555.9433,793.2663,118.2509,1795.1139,41.8805,3399.7126,1471.5664,587.9696,4501.745,23.2396,40507.4933,1735.1673,428.3556,1984.808,2498.8709,2717.3065,18.8873,1595.5656,817.0807,1550.4003,4061.589,213.5085,1570.1088,205.2967,170.8068,1249.0248,1178.4028,3990.1458,22.9932,6.5695,7.3907,633.9561,12.5149,955.04,602.751,1549.5791,1727.1197,116.6085,6.5695,44.3441,5942.9275,456.5798,3476.9041,2247.5878,3902.2788,185.5882,1.6424,5194.8265,2239.3759,3964.689,820.3654,22.9932,161.7738,516.5264,614.2476,238.9653,501.745,23.8144,944.3646,422.0899,1795.9351,486.1425,3.2847,32486.9637,2544.0361,1323.7528,313.4469,1.6424,2294.3954,1260.5215,2.4636,1052.7612,3193.5947,840.0739,270.9916,2633.5455,528.8442,1266.2698,0.8212,546.0891,2.4636,797.3722,194.6212,6.5695,567.44,660.234,104.2907,6.5695,64.0526,6.5695,34.4898,0,114.1449,0,1275.6559,347.3619,152.7407,4.9271,1711.3611,23.8144
TCGA-AB-2822-03,0.5666666667,3189.4964,2759.1613,7.0547,601.215,1543.4058,565.1578,7160.4938,3543.7978,2027.8268,8957.8679,824.613,1536.3512,2966.0984,1952.5769,483.6371,1222.0263,808.1521,350.3821,5140.5056,1172.6435,24.2994,22.7317,2729.3749,1442.2888,4693.7096,5197.8601,1032.3339,1578.6792,3.1354,4456.9861,86.2238,901.4305,638.8399,0.7839,14.1093,15053.8899,0,44.6796,37.6249,14274.7403,15.6771,94.8462,1135.0186,2076.4256,6791.2992,1905.5458,4794.0427,3126.7882,1407.0155,6159.514,8938.2794,1986.2826,538.5616,2340.584,1252.5965,879.4827,0,728.1991,2567.9012,1803.6449,2739.565,2165.001,2959.0437,1096.6098,1419.7296,3209.8765,3118.1658,9599.8432,3104.0564,47.0312,4116.794,7.5015,874.7795,5402.3124,2836.7627,115.2263,26.651,3544.5816,3576.7196,1708.0149,73.6821,748.5793,4322.9473,15579.0711,2925.338,3263.2883,3202.8219,979.0319,667.8424,14.1093,1128.7478,6898.687,860.6702,4825.3968,751.7147,2097.5897,1681.3639,2864.9814,2458.1619,491.4756,2261.4149,1544.1897,130.1195,152.8513,3095.4341,465.6085,3630.0216,13022.1438,2058.397,1667.2546,50.6761,7346.2669,2321.7715,98.7654,7.0547,160.6898,114.4425,3000.5879,1394.4738,25682.1478,732.1184,402.9003,445.2283,8135.6065,17319.224,2299.0398,1307.4662,6.2708,3.9193,3.1354,2117.9698,17.2448,7782.089,1016.1866,177.1507,46.2473,21.9479,530.9269,2841.4658,383.3039,4928.8654,59.5728,435.0382,3292.9649,3.1354,1157.7503,11286.6941,780.7172,794.8266,4551.8323,2202.6259,10105.4282,413.0903,1874.9755,140.4037,3700.5683,1.5677,692.9257,3002.1556,4638.056,32.138,19.5963,0,581.6187,9.4062,15.6771,921.8107,4776.798,9269.8334,2260.3802,623.1628,1119.3416,411.5226,1220.4586,973.545,0,6393.8859,34.4895,4464.0408,1033.9016,6259.0633,703.8997,2366.4511,350.9465,2096.0219,8366.843,1428.9634,1080.1489,130.9034,102.6847,87.7915,709.3866,4526.749,1791.8871,239.8589,13.3255,359.7884,2794.4346,2367.1801,380.9524,0,1.5677,388.7909,437.3898,562.0223,5.487,2593.7684,3.9193,5466.5883,939.0555,818.3422,1113.8546,37.6249,15279.6394,2174.4072,544.5503,2914.3641,1184.4013,3582.9904,10.1901,873.9957,886.5373,971.9773,3400.3527,3.9193,2395.4537,170.8799,144.2289,1275.3282,750.9308,4199.8824,2.3516,0,21.9479,168.5283,7.0547,576.1317,65.0598,1954.1446,1805.9808,32.138,4.7031,61.9244,6228.493,431.9028,4770.5271,1989.418,7847.1487,122.281,3.9193,7427.0037,1719.7727,4240.6428,1381.9322,3.1354,256.3198,415.4419,596.5119,159.1221,54.8697,10.9739,13.3255,259.4552,5020.5761,206.9371,0.7839,22859.4944,2837.5465,1025.2792,548.3598,0,4414.658,1113.8546,7.0547,1926.7098,4129.3357,1608.4656,257.1037,2748.1873,313.5411,312.7572,0,633.3529,0,981.3835,40.7603,432.6867,1191.456,663.9232,178.7184,0.7839,110.5232,0.7839,2.3516,0.7839,68.1952,0,857.5348,322.9473,44.6796,0,1138.6087,10.9739
TCGA-AB-2824-03,0.1666666667,1734.6327,3724.1379,1.4993,463.2684,1853.0735,1.4993,9134.9325,4566.7166,2989.5052,4329.8351,1034.4828,2631.1844,676.1619,3064.4678,337.3313,2287.8561,1895.0525,175.4123,2488.7556,1116.9415,634.1829,271.3643,2074.9625,2115.4423,4944.5277,3146.8366,1607.1964,701.6492,0,7836.5817,77.961,1404.7976,476.7616,0,427.2864,8718.1409,0,104.9475,91.4543,20730.1349,16.4918,229.3853,1425.7871,4367.3163,3167.916,2700.1499,1140.9295,2946.027,1280.3598,1520.2399,8220.1049,1052.4738,911.8891,1889.0555,3850.075,1322.3388,0,1475.2624,116.9415,1604.1979,2587.7061,1919.0405,2550.2249,1248.8756,2325.6522,2064.4678,5317.8411,9685.1574,1551.7241,49.4753,3493.2534,31.3643,413.7931,1694.1529,2893.5532,134.9325,50.9745,2256.3718,2589.2054,2409.2954,47.976,140.9295,4562.2189,9487.2564,1700.1499,2101.2444,4709.1454,1499.2504,80.9595,62.9685,1328.3358,4251.8741,1659.6702,3722.6387,1238.3808,2827.5862,1415.2924,2040.4798,970.015,218.8906,2242.8786,1470.7646,223.3883,1080.9595,3781.1094,571.2144,2503.7481,13494.7526,1176.9115,1314.8426,62.9685,2200.8996,4523.2384,425.7871,4.4978,190.4048,320.8396,2778.1109,2298.3508,13302.8486,806.5967,674.6627,340.3298,1470.7646,5446.7766,2755.6222,2496.2519,5.997,10.4948,0,532.2339,31.4843,4587.7061,1728.2609,308.8456,289.3553,34.4828,824.5877,1779.6102,38.9805,5970.015,127.4363,4560.7196,3065.967,10.4948,1749.6252,6271.3643,3865.0675,695.6522,3632.6837,2863.5682,2175.4123,403.2984,3550.2249,270.6897,2290.8546,62.9685,52.4738,4386.8066,2263.8681,10.4948,16.4918,0,364.3178,20.9895,248.8756,3406.2969,3455.7721,4163.4183,2331.3343,608.6957,2127.4363,1130.4348,1068.9655,1205.3973,0,9025.4873,601.1994,3853.0735,686.6567,4895.0525,1923.5382,853.0735,576.7316,2910.045,6623.6882,211.3943,1827.5862,863.5682,437.7811,77.961,875.5622,1746.6267,2893.5532,247.3763,11.994,553.2234,3199.4003,3125.937,613.1934,17.991,0,316.3418,614.6927,1074.9625,109.4453,1514.2429,23.988,599.7001,557.7211,43.4783,1574.2129,35.982,9040.4798,887.5562,746.6267,1590.7046,3878.5607,2208.3958,29.985,2229.3853,754.1229,2428.7856,3686.6567,28.4858,3314.8426,539.7301,80.9595,1805.0975,766.1169,2566.7166,5.997,1.4993,26.9865,467.7661,4.4978,3139.4303,1863.5682,2208.3958,1313.6582,50.9745,31.4843,454.2729,6997.0015,712.1439,2833.5832,2389.8051,3280.3598,74.9625,11.994,6212.8936,238.3808,4857.5712,622.1889,7.4963,260.8696,389.8051,490.2549,664.1679,196.4018,22.4888,748.1259,241.3793,556.2219,181.4093,35.982,33436.2819,3734.6327,1128.9355,307.4813,25.4873,1271.3643,1073.4633,0,500.7496,2589.2054,1644.6777,503.7481,2371.8141,884.5577,2568.2159,7.4963,362.8186,11.994,937.0315,2994.003,236.8816,83.958,211.3943,80.9595,0,125.937,1.4993,146.9265,10.4948,11.994,0,1014.9925,292.3538,379.3103,0,734.5577,188.9055
TCGA-AB-2825-03,0.1,1658.4198,3566.6401,15.9617,361.5323,1809.2578,1.5962,8302.4741,2007.1828,5504.3655,3728.6512,1053.4717,1625.6983,323.2243,1538.7071,439.7446,1229.8484,1177.9729,146.0495,6782.921,1039.1061,38.3081,63.0487,2382.2825,1998.4038,5209.8962,5972.9449,1067.8372,561.0535,0,7731.0455,39.1061,722.2666,553.8707,0,14.3655,10327.2147,2.3943,9.577,79.0104,11565.842,22.3464,175.5786,5639.2658,1565.0439,4557.8611,2828.4118,1075.02,3845.1716,1793.2961,392.6576,10978.8986,1721.4685,2705.0279,4665.6026,2478.0527,741.4206,0.7981,824.4214,27.933,818.0367,1674.3815,6590.5826,1723.0646,871.5084,2702.7374,4062.2506,9229.8484,4035.1157,2418.1963,17.5579,4022.3464,3.7271,666.4006,3806.8635,2764.565,209.0982,11.9713,6154.8284,2458.8986,2395.85,71.8276,38.3081,3707.103,11916.2011,2642.4581,2001.7558,2845.1716,797.2865,9.577,264.9641,1328.0128,3840.3831,899.4413,4604.15,2928.1724,1517.1588,1513.9665,1758.9785,1660.814,18.3559,2005.5866,1185.1556,257.7813,3341.5802,2921.7877,400.6385,2972.067,10240.2235,2010.3751,1711.0934,6.6002,632.083,6352.7534,286.5124,13.5674,84.597,263.3679,2481.245,862.7294,4742.2187,429.3695,367.1189,199.5211,1824.4214,7777.3344,1703.1125,11034.3176,3.9904,0.7981,0,134.0782,15.1636,2442.937,1075.403,211.4924,43.8947,3.9904,825.6265,1325.6185,181.9633,7014.3655,509.178,370.3113,3067.0391,0.7981,1141.261,4957.7015,1398.2442,809.2578,6875.4988,7264.9641,4998.4038,270.5507,3035.9138,156.656,1487.6297,239.4254,27.933,3278.5315,1909.8164,10.3751,1.5962,0,442.937,16.7598,15.9617,5209.8962,5950.5188,3470.8699,2727.0551,3243.4158,1938.5475,1098.9625,1387.071,1390.2634,0,6547.486,739.0263,4083.7989,1161.2131,7861.9314,314.4453,3638.4677,707.7733,1975.2594,6264.166,424.581,1900.2394,220.2713,122.905,4.7885,949.7207,1322.4262,3504.3895,204.3097,213.0886,287.3105,2793.2961,2618.4597,355.9457,0,1.5962,411.0136,1013.5674,995.2115,19.154,1999.2019,2.3943,175.5786,864.3256,6.3847,3171.5882,22.6496,26422.1868,960.0958,622.2426,1357.5419,2592.1788,2859.5371,47.8851,2586.5922,619.3136,998.4038,2665.6026,457.3025,2996.0096,282.5219,73.4238,1023.9425,1391.0615,1922.5858,0,33.5196,3.1923,1491.6201,0,631.2849,2549.0822,1885.8739,1335.9617,25.5387,6.3847,16.7598,5260.1756,341.5802,3807.6616,2235.435,6258.5794,47.8851,7.9808,2541.8994,74.2219,2610.5347,621.7079,0,184.3575,371.1093,361.5323,303.2721,271.3488,2.3943,324.8204,266.5603,1183.5595,37.51,35.9138,62317.5658,4191.5403,836.3927,124.2059,0,1691.9393,1041.5642,12.7694,383.8787,3881.0854,2917.7973,409.4174,2338.3879,83.0008,3673.5834,0,501.9952,0,1120.5108,0.7981,126.8955,733.4397,339.984,526.7358,5.5866,676.7757,2.3943,21.5483,0,13.5674,0,1890.6544,248.2043,233.8388,0.7981,948.0686,43.8947
TCGA-AB-2826-03,0.1666666667,1307.0943,2081.6327,0,258.5034,1672.4976,0,6801.7493,1838.6783,5221.5743,4757.0457,639.4558,996.1127,932.9446,1631.6812,328.4742,1917.3955,1484.9368,57.3372,6166.1808,1057.3372,1.9436,63.1681,2903.7901,1189.5044,3519.9223,4089.9223,1046.6472,697.7648,0,4915.4519,30.1263,643.3431,865.8892,0,21.38,3303.207,0,17.4927,53.45,14349.8542,21.38,111.759,2148.688,2059.2809,4443.1487,2379.9806,2294.4606,2647.2303,1582.1186,835.7629,7303.586,1944.6064,1434.3052,5544.2177,1544.2177,482.9932,4.8591,955.2964,38.8727,1036.9291,2636.5403,6625.8503,1556.8513,849.3683,2448.6395,1767.7357,9913.5083,7529.6404,1794.9466,41.7881,3524.7813,0,616.1322,3192.4198,2172.9835,172.0117,37.9009,4680.2721,2273.0807,3185.6171,162.2935,83.5763,3158.4062,8611.2731,2313.897,2073.8581,2084.5481,884.3537,30.1263,5.8309,1572.4004,3881.4383,429.5432,4778.4257,1050.5345,1837.7065,1360.5442,3026.2391,1678.3285,168.1244,1567.5413,1015.5491,189.5044,3519.9223,2699.7085,643.3431,2752.1866,22734.0914,2192.4198,2000,10.69,3388.7269,3822.1574,229.3489,0,122.449,173.9553,2059.2809,1578.2313,8379.0087,1083.5763,511.1759,260.447,2055.3936,4410.1069,1868.8047,9601.5549,5.8309,1.9436,0,135.0826,0.9718,4722.0603,1367.4636,296.4043,199.2225,3.8873,575.3158,1420.7969,564.6259,6618.0758,89.4072,1769.6793,2882.4101,1.9436,804.6647,4994.1691,1101.069,874.6356,6227.4052,4194.3635,6267.2498,163.2653,1865.8892,109.2517,1738.5811,41.7881,160.3499,3579.2031,2535.4713,0,0,0,440.2332,8.7464,14.5773,1694.8494,8654.033,4050.5345,2503.4014,1604.4704,1186.5889,1448.9796,1757.0457,2055.3936,0,5065.1118,103.9845,3338.1924,855.1992,9189.5044,818.2702,2042.76,823.7415,1224.4898,6456.7541,701.6521,1116.6181,409.1351,259.4752,11.6618,811.4674,703.5957,9206.0253,140.9135,53.45,517.0068,2458.6978,2056.3654,451.895,0,2.9155,390.6706,903.7901,889.2128,2.9155,2229.3489,1.9436,1447.036,688.0466,7.7745,7751.2148,13.6832,30898.931,991.2536,701.9145,2018.4645,1247.8134,3506.3168,5.8309,2168.1244,578.2313,729.8348,2229.3489,121.4772,3410.1069,416.9096,97.1817,776.482,768.7075,1931.001,0,0,0,1472.3032,0,589.8931,1655.0049,2072.8863,1595.1506,9.7182,28.1827,283.7707,5917.3955,477.1623,4220.6025,2067.0554,7104.9563,51.5063,4.8591,8690.9621,3.8873,2686.103,824.1011,4.8591,473.275,300.2915,447.036,366.3751,2203.1098,37.9009,86.4917,304.1788,2867.8328,94.2663,67.0554,32206.9971,2605.4422,923.2264,292.5073,0,1092.3226,1098.1535,1.9436,410.1069,4479.1059,2751.2148,211.8562,1839.6501,43.7318,2278.9116,0.9718,412.0505,0,1364.4315,0,52.4781,500.4859,156.4626,645.2867,4.8591,194.3635,0,107.8717,0,19.4363,0,792.0311,274.0525,135.0826,291.5452,1552.9155,20.4082
TCGA-AB-2830-03,0.4666666667,2512.5589,3665.6201,7.0644,390.1099,1197.0173,11.7739,9002.3548,3026.6876,6349.2936,4708.0063,871.2716,2176.6091,1618.5243,2021.1931,452.9042,1749.6075,1379.1209,1747.2527,8077.708,1010.2041,193.8776,81.6327,1706.4364,3596.5463,5278.6499,4001.1146,1434.8509,1303.7677,0.7849,6731.5542,154.6311,1231.5542,539.2465,1.5699,37.6766,12016.4835,5.4945,224.4898,52.5903,21353.2182,10.989,174.2543,1738.6185,2978.8069,4601.2559,1131.8681,2412.8728,4975.6672,1622.449,11687.5981,11648.3987,1052.5903,746.1224,3292.7786,4587.9121,2109.8901,1.5699,1160.1256,179.7488,1421.5071,2043.956,2149.1366,2091.0518,1125.5887,1195.8634,3822.606,6703.2967,9361.8524,1524.3328,915.2276,3560.4396,11.0283,569.8587,3964.6782,3432.4961,596.5463,127.1586,3966.248,2508.6342,1773.1554,18.8383,284.1444,4614.5997,12628.7284,1434.0659,1902.5196,4665.6201,1562.7943,41.6013,45.5259,987.4411,4486.6562,1386.9702,2344.584,2859.4976,3500.7849,1745.6829,3034.5369,1299.843,608.3203,3464.6782,1726.8446,237.8336,262.9513,3970.1727,674.2543,3064.3642,23883.0455,1857.9278,1842.2292,16.3187,3744.898,3329.6703,219.7802,11.7739,1222.135,631.8681,2580.8477,1821.0361,14058.8697,982.7316,1456.8289,430.9262,9129.5133,5707.2214,2092.6217,3954.4741,7.8493,8.6342,0,876.7661,6.2794,5783.3595,1816.3658,243.3281,418.3673,6.2794,598.1162,2693.8776,2906.5934,7230.7692,352.4333,6725.2747,3069.8587,14.1287,1260.5965,15689.168,1817.1115,508.6342,3401.0989,2102.0408,7733.9089,88.697,3089.4819,295.832,2645.2119,96.5463,51.8053,5096.5463,2338.3046,3.9246,11.7739,1.5699,381.4757,14.9137,428.5714,1996.8603,3407.3783,4393.2418,2154.1758,706.4364,1761.3815,797.4882,1085.5573,2439.5604,0,7081.6327,428.5714,2748.0377,813.1868,5118.5243,1672.6845,2694.6625,1017.7473,2922.292,7267.6609,184.4584,1854.0031,513.3438,491.3658,12.5589,831.2402,2283.3595,1792.7786,192.3077,39.2465,971.7425,2511.7739,3587.8493,864.9922,1.5699,118.5243,262.9513,428.5714,949.7645,8.6342,1420.7221,7.8493,1615.3846,1273.1554,189.9529,581.6327,43.7834,18387.7551,2981.1617,788.438,1597.3312,1613.0298,2292.7786,21.1931,1273.1554,674.2543,1786.4992,4238.6185,2.3548,1865.7771,368.1319,186.8132,1875.9812,568.2889,2255.102,0,0.7849,63.5793,156.2009,1.5699,2115.3846,488.2261,1529.8273,1306.8132,18.8383,7.0644,36.8917,6894.8195,720.5651,2852.4333,2239.4035,2193.0926,484.3014,16.4835,4514.1287,275.5102,5007.8493,662.4804,2.3548,205.6515,485.8713,426.2951,479.5918,53.3752,10.989,100.471,341.4443,1916.0126,645.2119,3.1397,59692.3077,1830.4553,1696.2323,291.6797,10.2041,2051.8053,933.281,3.1397,1097.3312,2383.8305,1711.146,511.7739,2091.8367,212.7159,1200.157,1.5699,434.0659,0,1031.3972,326.5306,229.1994,252.7473,1896.3893,490.5808,2.3548,35.3218,2.3548,13.3438,0.7849,80.0628,0,1084.1287,409.7331,360.2826,1.5699,920.3611,15.6986
TCGA-AB-2833-03,0.2666666667,957.9173,2611.2696,4.9929,209.7004,932.9529,49.9287,8710.4137,2027.1041,2746.776,4456.4907,609.1298,1477.8887,308.8445,1016.4051,174.7504,1062.0542,521.398,259.6291,3893.7233,938.6591,9.9857,15.6919,1822.3966,2899.4294,5694.0086,4597.8673,1166.9044,718.2596,0,5226.1056,29.2439,628.388,897.2896,1.4265,0,3623.3951,0,151.2126,154.7789,17745.3638,17.8317,101.2839,3130.5278,3121.9686,5377.3181,2273.8944,3030.6705,2198.2882,686.1626,530.6705,7657.9387,1791.7261,1911.3481,3766.7618,1639.087,673.3238,4.2796,869.4722,84.8787,675.4636,2120.5421,10018.5449,877.3181,1306.7047,1672.0185,2440.0856,12894.4365,8609.8431,2087.0185,139.8003,3074.893,10.3067,733.2382,2238.9444,3836.6619,179.7432,18.5449,4921.5407,2781.7404,2281.7404,22.1113,83.4522,3164.7646,8682.5963,1717.5464,1574.893,3331.669,1168.331,32.8103,47.0756,1308.8445,3912.9815,770.3281,3131.2411,2161.1983,1731.8117,968.6163,2795.2924,2076.3195,2.8531,2240.3709,704.7076,131.2411,2917.2611,4432.2397,222.5392,3520.6847,10613.4094,1504.9929,830.2425,107.7033,4454.3509,4136.9472,121.9686,9.9857,215.4066,298.1455,2100.5706,1615.5492,4286.7332,748.2168,375.8916,253.923,10385.1641,16348.7874,1554.9215,8548.5021,0.7133,1.4265,0,736.0913,11.4123,5262.4822,949.7076,143.3666,815.9772,1.4265,786.02,1806.7047,1835.2354,6552.0685,82.7389,450.0713,2365.9058,17.8317,1009.2725,5192.582,2111.2696,723.9658,5669.0442,2497.1469,3985.7347,256.776,1819.5435,164.194,2818.117,392.2967,1.4265,2802.4251,2169.7575,11.4123,14.9786,0,415.1213,4.2796,88.4451,4317.4037,6379.4579,4540.6562,2896.2197,2984.3081,1768.1883,1868.0456,2050.6419,2134.0942,0,5251.0699,972.1826,5115.5492,950.0713,9681.1698,150.4993,3632.6676,1293.6448,1636.9472,5063.4807,139.8003,1547.0756,357.3466,365.9058,20.6847,714.6933,1529.2439,5958.6305,159.7718,196.8616,504.2796,2109.1298,2408.6662,317.4037,0,0,295.2924,625.535,1230.3852,10.699,1752.4964,6.4194,206.8474,849.5007,157.632,5678.3167,48.5735,18893.7233,736.0913,641.9971,1708.2739,6519.2582,2458.6305,0,851.6405,522.8245,848.7874,1917.9743,62.7675,6487.1612,380.1712,74.893,1274.6077,567.7603,1485.0214,1.4265,0,47.7889,1121.2553,0,598.4308,1432.9529,2159.0585,1407.1541,16.4051,9.2725,45.6491,6320.2568,370.1854,4570.6134,2514.9786,7935.806,348.0742,32.097,3747.5036,27.8174,4285.3067,542.796,1.4265,187.5892,151.9258,220.3994,296.0057,2323.8231,12.8388,534.2368,153.3524,2528.5307,151.9258,0,81320.97,4174.7504,696.8616,158.9586,0,1472.1826,781.0271,3.5663,566.3338,4577.0328,2412.9815,247.5036,2057.0613,126.2482,5019.2582,0,412.2682,1.4265,1849.5007,19.9715,9.9857,513.5521,368.7589,214.6933,0,65.6205,0,399.4294,0,134.8074,1.4265,1257.9315,257.4893,209.7004,0,886.8117,1.4265
TCGA-AB-2835-03,0.1,1601.4258,4495.1393,0.6481,296.1763,970.1879,1.2962,7931.3027,2624.757,2900.1944,3065.4569,1517.8224,2358.3927,259.2353,1705.1199,275.4375,1355.8004,1058.3279,46.0143,6546.9864,906.6753,5.1847,184.7051,4627.3493,2904.083,5603.3701,8709.9222,1105.6384,495.7874,3.2404,6176.28,31.1082,1018.7946,681.1406,0,51.199,14125.7291,0,2.5924,56.3837,18872.9747,9.0732,209.3325,2650.6805,2430.3305,4064.1607,1760.8555,2512.6377,2639.0149,1233.3117,67.4012,10880.35,1321.4517,1994.3227,2858.7168,2618.2761,1007.129,1.9443,942.3202,7.7771,672.7155,1532.0804,5146.4679,1151.0045,982.5016,1402.7544,2701.2314,6714.1931,5721.3221,2369.4102,35.6448,3157.4854,14.7051,445.8846,3143.8756,3391.4452,226.8308,10.3694,3623.4608,2532.0804,2538.5612,108.8788,19.4426,3499.0279,12419.313,1777.0577,1332.1517,3928.0622,1228.127,1.2962,13.6099,1057.6798,3155.5412,1255.3467,4968.8918,3366.8179,1791.9637,1093.9728,4109.5269,1908.6196,7.129,2804.2774,1023.3312,150.3564,4217.7576,3963.059,240.4407,2714.8412,17441.9961,1314.9708,2655.2171,13.6099,278.6779,7535.3208,203.4997,0,173.0395,470.512,2390.7971,1427.0901,8387.5567,939.7278,453.0136,375.243,2926.118,5889.825,1639.663,18729.7472,5.1847,0.6481,0,25.2754,6.4809,3909.9157,1322.3266,209.3325,141.2832,1.9443,683.72,2042.1257,76.4744,6888.5288,128.3215,3914.4524,2259.8833,25.2754,1014.906,4679.8445,2145.8198,523.0071,5184.7051,3294.8801,5319.5075,160.0778,3220.35,158.7103,576.1504,24.6273,2.5924,5156.1892,2236.5522,0.6481,25.2754,1.9443,245.6254,3.2404,97.2132,1385.6124,5613.0914,5045.3662,3050.4148,1533.3765,1670.1231,1515.2301,1419.9611,1506.8049,0,6420.6092,141.2832,3607.2586,964.3552,13990.9268,292.2878,1896.3059,846.2476,2949.4491,6298.7686,344.1348,2211.2767,294.232,491.2508,5.1847,316.9151,1562.5405,6570.3176,180.8166,40.1815,436.8114,2349.9676,4023.3052,324.6922,0.6481,0.6481,137.3947,806.8697,1090.7323,37.5891,1702.5275,7.7771,287.103,1242.385,5.1847,9044.7181,17.1679,48930.0065,793.2599,664.0052,1121.1925,6383.0201,3384.3163,11.0175,1141.2832,448.477,1565.1329,2971.4841,327.2845,3657.8095,389.501,82.3072,1487.3623,683.733,1693.4543,2.5924,1.2962,1.2962,1035.6448,0,598.8334,644.8477,1969.5399,1176.8308,27.8678,31.7563,171.0953,8442.6442,526.2476,4871.0305,2777.7058,6860.013,18.1465,1.9443,5032.4044,143.2275,4103.046,480.8814,1.9443,176.9281,263.7719,265.7161,294.232,457.5502,10.3694,53.7913,167.2067,854.1802,105.6384,1.9443,41729.0992,2545.0421,613.7395,170.4666,0,830.2009,941.6721,0,438.7557,3401.8146,1395.3338,370.0583,2079.0668,54.4394,2329.2288,0.6481,287.7511,0,875.5671,11.6656,109.5269,2270.2528,255.9948,193.7784,0.6481,542.4498,0,35.6448,0,5.1847,0.6481,2154.245,226.1828,217.1095,7.7771,1671.6332,21.3869
TCGA-AB-2837-03,0.03333333333,1460.7653,3164.9914,36.558,266.7958,2198.1484,0,9156.6181,2196.5927,5598.7757,3277.7768,889.06,1513.6577,284.6859,1666.8903,485.3661,841.6124,1138.7435,125.2307,7887.1991,1052.4044,1.5557,76.2274,2219.1498,3297.2226,6391.4314,5161.215,1060.9605,505.5897,0,8687.5864,51.3368,488.4774,689.9355,2.3335,10.8896,5052.7855,0,28.0019,80.1165,9649.7625,21.0014,163.3444,2264.2639,1051.6265,5606.6007,2705.2937,3765.4764,3998.0476,1928.2413,490.8109,13251.5911,2226.1503,1986.4619,6718.1201,3071.6518,654.1553,0.7778,755.2732,35.7802,528.1468,1390.7605,9651.3181,2234.7064,815.944,3420.4231,4937.6666,24065.2911,2828.1909,1902.5729,117.4524,3772.4769,1.8746,861.836,2937.0871,2839.8584,258.2397,26.4462,3398.3405,1908.7955,3165.7692,10.1118,59.8929,3739.808,11392.1023,2239.3734,1916.2627,2962.7555,689.1576,4.667,22.5571,1304.4214,4243.0642,995.6228,6405.4324,1480.211,1437.4304,1949.2427,1753.2295,1435.8747,109.6741,2325.7125,1534.6591,174.234,3877.484,3522.7933,163.3444,2990.7574,10776.8385,1988.912,1365.87,1.579,650.2661,4632.7572,76.2274,6.2226,268.3514,549.1482,2466.4998,665.8227,5234.02,739.7166,181.2345,170.3448,18703.7069,8149.3279,1726.7832,3669.8033,1.5557,2.3335,0,297.909,7.0005,3406.1188,646.0658,168.7892,178.1231,2.3335,1154.3001,1379.8709,406.8052,6585.889,234.1269,1481.7667,3318.224,0,840.8345,6628.6697,1368.2035,730.3826,5646.27,5213.7964,5331.2487,430.1401,2963.5334,168.7581,1040.7369,179.6788,67.6712,3034.3159,2129.6993,14.0009,0,0.7778,327.4665,18.6679,24.1127,2233.1507,7552.732,3378.1169,2531.0597,3483.124,1092.8515,1038.4034,1161.3006,1288.0869,0,8461.2378,513.368,4866.1062,1431.9855,8522.6864,403.6939,3748.3641,1676.8543,2765.9645,6998.139,289.3529,1824.012,151.6769,111.2297,7.0005,959.0647,1444.4308,6231.1984,210.792,686.8241,171.1227,2578.5074,2710.7385,445.6968,0,3.8892,463.5868,1037.6256,587.2619,9.334,1856.6809,7.7783,187.4571,1090.5181,42.7807,2160.0347,24.4394,35829.1962,791.8312,576.2167,1488.7672,2498.3909,3125.3221,31.1132,1847.3469,468.2538,714.0482,1610.1087,218.5703,3477.6792,126.7863,145.4543,1165.1898,1349.5355,1955.4653,0,0,2.3335,1519.1025,1.5557,562.3713,3304.223,1851.2361,1154.0279,13.2231,13.2231,147.7878,5402.0313,274.5741,4809.3246,1976.4667,9155.0624,148.5656,9.334,2894.3065,319.6882,2499.9465,609.8189,0,121.3415,266.7958,421.0706,148.5656,612.9303,6.2226,222.4595,182.0123,4260.1765,250.4614,4.667,32104.9449,3108.2098,1060.9605,165.9812,0,1329.312,706.861,9.334,403.6939,5546.7077,4163.7255,353.9128,1944.5757,128.342,2507.7248,0,448.8081,0,1379.8709,7.7783,68.4491,3140.1008,294.7977,997.1784,0,230.2378,0,228.6821,6.2226,83.2278,0,2262.1871,196.7911,224.793,0,908.2257,13.2231
TCGA-AB-2839-03,0.6,2429.4372,2107.3593,18.1818,514.2857,1608.658,1.7316,8020.7792,2940.2597,3234.5541,7780.0866,675.3247,1440.6926,3066.6667,2248.4848,654.5455,1659.7403,1248.4848,347.1861,4712.5541,1312.5541,5.1948,55.4113,3707.3593,1499.5671,4317.7489,4634.1385,1128.1385,1148.0519,0,5524.6753,63.2035,1038.0952,648.4848,5.1948,39.8268,8911.6883,1.7316,16.4502,10.3896,16172.2944,27.7056,70.1299,1361.039,1748.0519,4459.7403,1895.2381,2898.7013,4529.0043,2200,7066.6667,11238.2684,2022.5108,604.5281,2615.5844,3439.8268,871.8615,0,866.6667,412.987,1647.619,2375.7576,1703.8961,4267.5325,1219.0476,1757.5584,3393.9394,6484.8485,11271.8615,2549.7835,21.645,5025.974,2.5974,850.2165,3826.8398,2371.4286,46.7532,6.0606,5238.0952,3801.7316,3191.342,6.0606,243.29,5350.6494,13437.2294,3448.4848,3155.974,3290.0433,1196.5368,36.3636,13.8528,1524.6753,5978.355,615.5844,3665.8009,1054.5455,2116.0173,2125.5411,3975.7576,1819.9134,473.5931,2021.645,2060.6061,154.1126,62.3377,3290.0433,505.6277,3333.3333,11812.1212,2720.3463,2048.4848,62.3377,4959.3074,1676.1905,96.9697,6.0606,82.2511,293.5065,3234.632,1445.8874,39406.0606,512.5541,64.0693,299.5671,3643.29,6021.645,2101.2987,1719.4805,1.7316,2.5974,0,2652.8139,3.4632,13476.1905,816.355,188.7446,109.9567,0.8658,486.9524,2577.4892,722.0779,6893.5065,20.7792,7083.1169,3653.6797,2.5974,1004.329,10847.619,1063.2035,683.9827,4387.013,2295.2381,8520.3463,345.4545,2366.2338,92.684,3927.2727,0,791.342,3964.5022,2787.013,12.987,0.8658,1.7316,400.8658,8.658,83.1169,990.4762,4304.7619,5195.671,1893.5065,614.7186,999.1342,598.2684,1140.2597,1058.8745,0,7896.1039,290.0433,3680.5195,794.8052,5082.2511,1380.0866,1344.5887,247.1082,2102.1645,9199.1342,121.2121,1137.6623,219.9134,176.6234,9.5238,1064.0693,3942.8571,2520.3463,227.7056,12.1212,426.8398,2915.1515,1947.1515,406.0606,0,0,367.0996,345.4545,711.6883,8.658,2659.7403,2.5974,355.8442,679.6537,427.7056,633.7662,30.303,17515.1515,1814.7186,716.7619,2045.8874,2041.5584,3466.6667,20.7792,2451.9481,787.013,766.2338,4841.5584,0,2664.9351,286.5801,220.7792,1235.4978,864.9351,3245.8874,0,0,3.4632,331.6017,2.5974,924.6753,181.8182,1995.671,1644.3117,8.658,5.1948,287.4459,6634.632,355.8442,3892.6407,1974.8918,5149.7835,35.4978,1.7316,10683.9827,9.5238,4834.632,1125.5411,0,200,412.1212,584.4156,313.4199,163.6364,15.5844,64.9351,458.0087,3804.329,53.6797,7.7922,16650.2165,1593.9394,1122.0779,540.0606,5.1948,2832.0346,941.1255,6.9264,1667.5325,3758.4416,1215.5844,268.3983,2370.5628,35.4978,725.5411,0,639.8268,0,825.1082,390.4762,499.5671,805.1948,950.6494,46.7532,0,89.1775,2.5974,0.8658,2.5974,0.8658,0,848.6667,314.2857,174.026,3.4632,1092.2078,31.1688
TCGA-AB-2843-03,0.3333333333,1123.8938,2309.7345,3.3186,488.9381,1642.6991,243.3628,11245.5752,3658.1858,4556.4159,4993.3628,940.2655,2210.177,817.4779,1580.7522,422.5664,1894.9115,1315.2655,1886.0619,4898.2301,901.5487,65.2655,24.3363,1241.1504,3305.3097,7425.885,2977.6881,1378.3186,1353.9823,0,7508.8496,38.7168,1167.0354,637.1681,15.4867,16.5929,6285.3982,0,237.8319,179.2035,16535.3982,37.6106,157.0796,1212.3894,3297.5664,4655.9735,2171.4602,4423.6726,3075.2212,1008.8496,3050.885,14782.4336,1250,879.5465,2515.4867,4696.9027,969.0265,6.6372,861.7257,140.4867,1220.1327,2393.8053,4422.5664,2317.4779,1463.4956,1554.9336,4780.9735,9248.8938,8548.6726,1688.0531,290.9292,2741.1504,2.6881,587.3894,3740.0442,3240.0442,632.7434,64.1593,3047.5664,2853.9823,2703.5398,7.7434,194.6903,4995.5752,11018.8053,1588.4956,1972.3451,4898.2301,1355.0885,48.6726,81.8584,1116.1504,3928.0973,1288.7168,2955.7522,1587.3894,2446.9027,1629.4248,2341.8142,1273.2301,138.2743,2715.708,1255.531,222.3451,559.7345,4404.8673,682.5221,2769.9115,12305.3097,1599.5575,1369.469,171.615,5849.5575,3254.4248,403.7611,8.8496,1185.8407,654.8673,2648.2301,1684.7345,9658.1858,590.708,75.2212,355.0885,12365.0442,6735.6195,2419.2478,3921.4602,6.6372,5.531,0,1307.5221,46.4602,4725.6637,2044.5465,244.469,910.3982,15.4867,884.9558,2514.3805,1410.3982,6706.8584,980.0885,882.7434,2933.6283,3.3186,1284.292,10517.6991,2513.2743,725.6637,3212.3894,1944.6903,5460.177,70.7965,3224.5575,263.2743,2350.6637,132.7434,18.8053,4784.292,2127.2124,23.2301,4.4248,0,442.4779,35.3982,2078.5398,4102.8761,3049.7788,4431.4159,2466.5265,1230.0885,2204.646,984.5133,1039.823,1051.9912,0,7586.2832,518.8053,2912.6106,720.1327,7285.3982,2314.1593,1686.9469,2279.4912,2649.3363,7422.5664,142.6991,1853.9823,355.0885,382.7434,80.7522,986.7257,2683.6283,1871.6814,226.7699,7.7434,724.5575,2557.5221,3829.6239,508.8496,3.3186,44.2478,338.4956,550.2434,1007.7434,21.0177,1502.2124,17.6991,155.9735,909.292,316.3717,1334.0708,11.0619,12045.354,1058.6283,485.0774,1257.7434,1480.0885,2574.115,29.8673,644.9115,596.2389,2116.1504,4891.5929,5.531,2594.0265,380.531,88.4956,1891.5929,672.5664,2575.2212,0,0,165.9292,477.8761,1.5155,2464.6018,420.354,1618.3628,1374.115,11.0619,16.5929,89.6018,6763.2743,609.5133,3404.8673,2412.6106,3003.3186,184.7345,305.3097,4223.4513,91.8142,6502.2124,522.1239,2.2124,248.8938,399.3363,431.4159,598.4513,553.0973,0,654.8673,497.7876,1971.2389,553.0973,15.4867,111101.7699,2392.6991,1147.1239,399.7677,1.1062,2741.1504,618.3628,3.3186,1272.1239,2282.0796,957.9646,430.3097,1734.5133,523.2301,2910.3982,1.1062,505.531,0,995.5752,1009.9558,38.7168,38.7168,1880.531,412.6106,0,15.4867,3.3186,53.0973,2.2124,456.8584,2.2124,1355.0885,349.5575,250,0,547.5221,6.6372
TCGA-AB-2845-03,0.2,3099.9351,2425.6976,1.9468,399.0915,1199.8702,5.1914,9552.2388,2865.0227,3164.1791,5463.3355,1046.7229,1807.268,1127.1901,2151.2005,378.3258,1547.6963,1195.9766,891.6288,4660.61,837.1188,74.6269,56.4568,7807.9169,1908.501,3645.6846,5075.9896,1487.3459,2232.3167,0.6489,5225.8274,60.3504,1618.4296,642.44,0.6489,25.9572,4268.6567,0,44.1272,14.9254,17255.0292,10.3829,146.658,2391.3043,3611.9403,5079.8183,1587.281,4068.1376,4510.0584,1838.4166,8848.1506,10595.4445,1306.2946,782.8228,2133.0305,3448.4101,1148.6048,3.2446,1101.8819,787.1512,1560.026,2902.6606,3254.3803,2465.9312,1050.6165,1638.0208,3891.6288,6840.3634,9918.2349,1902.6606,109.669,3495.782,17.3589,649.5782,4341.3368,2472.4205,198.5724,20.7657,4149.2537,2788.4491,2480.2077,18.8189,170.0195,3848.1506,14874.1077,1896.8202,2327.1512,3863.7249,1626.2167,49.9676,22.7125,1168.7216,3944.841,949.3835,2914.3413,1045.425,3013.6275,1854.6398,2603.5042,1223.2317,151.8494,2604.8021,2188.8384,268.0078,519.1434,3492.5373,602.8553,3104.4776,24436.0805,2256.976,1804.6723,17.6055,6554.8345,1497.7287,211.5509,8.4361,295.9117,319.2732,2678.1311,2358.8579,23927.3199,500.9734,488.6437,577.547,3164.828,10336.1454,2156.392,3897.4692,5.1914,2.5957,0,2138.2219,9.085,7911.0967,1493.355,218.6892,273.1992,11.6807,795.5873,3414.6658,2550.9409,6865.6716,701.4925,270.6035,3313.4328,3.8936,1426.3465,8863.0759,1106.4244,635.9507,3756.6515,1903.3095,8134.9773,174.562,2982.4789,265.6132,5033.7443,305.6457,573.6535,4428.9422,2580.7917,27.904,23.3615,0,567.1642,2.5957,38.2868,2432.1869,4072.0311,4321.8689,2541.8559,628.8125,1251.7846,1001.9468,1256.3271,1324.4646,0,6155.743,111.6158,3574.3024,662.5568,5672.2907,1067.4886,1951.9792,2859.8313,2416.6126,6875.4056,428.9422,1601.5574,374.4322,362.1025,69.4354,1058.4036,3848.7995,1740.4283,229.072,13.6275,617.1317,2526.2816,3114.1661,547.0474,0.6489,115.5094,328.3582,529.2148,905.2563,6.4893,1764.4387,7.1382,941.5964,865.0227,158.3387,480.8566,13.7833,15798.183,1526.9306,521.7975,1692.4075,1539.2602,3326.4114,14.9254,1775.4705,839.7145,1619.0785,6687.865,3.2446,2388.7086,350.4218,162.2323,1460.7398,817.6509,2310.1882,1.2979,0.6489,123.2966,547.6963,1.9468,711.2265,77.2226,1704.0883,1509.0461,31.7975,7.7872,30.4997,7515.2498,615.1849,3094.7437,3006.4893,2874.1077,87.6055,1.9468,7572.3556,53.8611,4905.9053,853.9909,7.7872,330.305,433.4848,482.7385,406.8787,414.0169,3.2446,377.6768,504.867,1481.5055,206.3595,3.2446,90118.7541,502.2713,1006.4893,731.8624,3.8936,2817.6509,1221.2784,3.8936,592.4724,2638.5464,2293.316,545.7495,2243.9974,266.061,2054.5101,0,515.8988,1.9468,879.2992,354.3154,796.2362,377.6768,826.087,206.3595,0,29.2018,0,23.3615,0.6489,10.3829,0,1071.3822,516.5477,114.8605,0,769.6042,3.2446
TCGA-AB-2848-03,0.03333333333,1640.3823,3063.3214,11.9474,359.6177,1997.6105,4.779,10053.7634,3701.3142,6439.6655,3444.4444,2143.3692,1982.0789,866.1888,1568.6977,561.5293,913.9785,1151.7324,244.9223,4692.951,813.6201,11.9474,76.4636,2555.5556,3376.3441,6210.2748,8721.4934,1109.9164,729.9881,0,9185.1852,52.5687,580.6452,940.2628,7.1685,32.2581,11763.4409,1.1947,31.0633,66.9056,14486.2605,16.7264,139.7849,1272.4014,1248.5066,4015.5317,2367.9809,3290.3226,2694.1458,1694.1458,782.5568,18771.9952,2029.8686,1470,5814.8148,3206.6906,787.3357,8.3632,698.9247,25.0896,587.8136,2181.601,6156.5114,2377.5388,933.0944,2984.994,4149.3429,17210.2748,3762.2461,1796.8937,170.8483,5019.1159,0,672.6404,3897.2521,2189.9642,256.8698,63.3214,3980.8841,1739.546,1555.5556,19.1159,266.4277,4885.3047,17636.7981,2259.2593,2364.3967,3569.8925,854.2413,53.7634,15.5317,1297.491,3583.0346,959.3787,7185.1852,2966.5472,1301.0753,2203.1063,4641.5771,1495.8184,56.1529,2874.552,1780.1673,121.8638,4700.1195,4851.8519,284.3489,2327.3596,9551.9713,3414.5759,1660.693,12.0669,2489.8447,5430.1075,90.8005,7.1685,260.454,201.9116,3753.8829,727.5986,7808.8411,536.4397,205.4958,179.2115,5289.1278,7078.853,1467.1446,10001.1947,2.3895,7.1685,0,974.9104,7.1685,11627.2401,1536.5711,200.7168,109.9164,39.4265,529.2712,1930.7049,863.7993,8334.5281,163.6798,338.1123,3526.8817,0,985.6631,7328.5544,1511.3501,744.325,5743.1302,5857.8256,10396.6547,289.1278,3556.7503,214.2413,624.8507,78.853,283.1541,4037.037,2841.0992,1.1947,0,1.1947,235.3644,9.5579,17.9211,2060.9319,6995.221,3074.0741,4155.3166,1965.3524,945.0418,598.5663,884.1099,675.0299,0,10267.6225,873.3572,3581.8399,985.6631,7935.4839,340.5018,1897.2521,3205.2808,2513.7395,5175.6272,497.0131,1991.6368,101.5532,155.3166,9.5579,1064.5161,3370.3704,7096.7742,179.2115,215.0538,241.3381,2629.6296,4394.2055,461.1708,2.3895,2.3895,228.1959,496.141,451.6129,15.5317,1615.2927,2.3895,3123.0585,1395.46,22.7001,3109.9164,41.9594,45445.6392,1568.6977,597.8614,1280.7646,5298.6858,3459.9761,52.5687,2323.7754,599.7611,747.9092,2708.4827,35.8423,2424.1338,112.3059,175.6272,1169.6535,1200.7168,3627.2401,0,0,2.3895,849.4624,1.1947,585.4241,749.1039,1910.3943,1300.9916,26.2843,8.3632,58.5424,10050.1792,383.5125,4635.6033,1630.8244,5672.6404,86.0215,15.5317,4000,144.5639,2174.4325,692.951,0,201.9116,392.7121,664.2772,234.1697,930.7049,38.2318,27.4791,229.3907,1722.8196,305.8542,3.5842,20367.9809,1952.2103,935.4839,318.5424,0,1597.3716,761.0514,3.5842,545.9976,3162.4851,1236.5591,424.1338,2444.4444,169.6535,3166.0693,1.1947,279.5699,0,1040.6213,40.6213,60.9319,318.9964,654.7192,115.8901,0,19.1159,3.5842,69.2951,1.1947,32.2581,0,2614.098,222.2222,83.632,74.0741,1068.0406,8.3632
TCGA-AB-2851-03,0.2333333333,1736.2722,4474.8647,3.867,369.6829,1710.7502,2.3202,9475.6381,2310.9049,4726.2104,4000.7734,1312.4517,1927.3009,615.6226,1773.3952,372.0031,460.9435,585.4602,389.0178,6305.4911,945.8623,22.4285,201.8561,3345.7077,3116.0093,6276.8755,4072.3898,1370.4563,599.3813,0,7485.6922,71.9258,392.8848,558.3913,0.7734,30.9358,8448.5692,0,35.5762,44.0835,15742.4594,29.389,132.2506,2643.4648,1422.2738,4505.8005,2757.9273,3433.1013,4474.8647,1624.1299,2766.4346,12296.164,1649.652,1752.181,4946.6357,3101.3148,1023.9753,0.7734,606.3418,240.5259,503.4803,1471.7711,7822.1191,1892.4981,893.2715,2374.679,6023.2019,14815.1585,3869.2962,1850.7347,188.7084,3218.8708,2.7997,612.529,3010.8275,3031.7092,100.5414,53.3643,3858.4687,1874.71,2556.0712,61.0982,146.1717,3368.1361,11586.2336,2030.9358,1827.6257,3221.191,1019.3349,5.4138,35.5762,1337.2003,3580.8198,1215.7773,5753.2869,1120.6497,1860.0155,1457.85,2823.6659,1523.5886,238.2057,2921.1137,1393.6582,73.4725,2944.3155,3965.1972,99.768,2880.1237,12075.7927,2143.0781,1273.7819,18.9559,1915.6999,6030.1624,70.379,4.6404,461.7169,826.7595,2689.0951,935.8082,8115.2359,563.8051,127.6102,154.679,6518.9482,13248.2599,1621.0363,3559.9381,3.0936,3.867,0.7734,948.9559,3.867,4383.604,582.9389,104.4084,116.7827,13.1477,907.1926,1600.1547,120.6497,8593.9675,235.1121,2139.9845,3201.8561,1.5468,1208.8167,6672.0804,2048.7239,639.5978,4918.7935,2168.6002,5310.9049,218.8708,2951.2761,207.5019,2013.9211,325.5994,405.2591,1971.3844,1831.3998,3.867,0.7734,0,356.5352,17.7881,58.778,1378.9637,5431.5545,3142.3047,2355.7618,3212.6837,1337.9737,1003.867,1047.9505,1407.5793,0,7304.7177,409.8995,4118.3295,1287.703,9425.3674,497.2931,2801.2374,1389.1106,3064.1918,4621.0363,354.215,2095.1276,130.7038,56.4578,6.1872,1229.6984,2677.4942,4968.2908,153.1323,251.3534,112.1423,2389.0178,3011.5932,358.082,0,2.3202,344.9343,651.9722,581.5932,23.2019,1703.7896,9.2807,186.3882,1308.5847,76.5661,2900.232,29.7525,27256.7672,973.7046,388.1052,1251.3534,2713.0704,3165.5066,55.6845,1890.1779,577.7262,1006.1872,1635.7309,88.9404,3564.5785,101.3148,112.1423,1221.9644,996.133,1845.321,0,0,0.7734,1061.0982,0,716.164,1580.8198,1631.8639,1277.0224,12.3743,10.8275,77.3395,5453.2096,236.6589,3760.2475,1934.2614,7943.5422,31.7092,4.6404,4253.6736,35.5762,3432.3279,518.1748,0,150.0387,296.9219,443.604,108.2753,531.3225,3.0936,138.4377,144.6249,8114.4625,483.372,29.389,64967.5174,2440.8353,866.976,146.6589,0,1634.1841,859.8531,9.2807,402.1655,4000,2234.3387,402.1655,2102.8616,144.6249,2496.5197,0,521.2684,0,1274.5553,28.6156,65.7386,1257.5406,544.4702,546.7904,0,101.3148,2.3202,156.9992,1.5468,9.2807,0,1411.4462,160.0928,320.1856,0.7734,695.9551,2.3202
TCGA-AB-2853-03,0.2333333333,1251.763,2103.6671,0.7052,556.4175,1412.5529,0,5738.3639,2540.9027,3593.0889,7476.0226,621.2976,1118.4767,1410.4372,2015.5148,452.7504,1636.1072,1031.7348,43.7236,4023.2722,1408.3216,1.4104,14.1044,1817.3484,1067.701,2735.543,4739.4006,1110.0141,1094.4993,0,4175.5994,32.4401,1042.3131,615.6559,0,18.3357,8711.5656,0.7052,9.1678,55.7123,12688.9986,6.347,68.4062,2775.0353,1334.9788,3830.7475,1631.8759,1013.3992,1952.0451,1105.7828,5168.5472,5992.5458,2521.8618,546.3681,2778.5614,2909.732,744.0056,0.7052,932.299,470.3808,1830.0423,2857.5458,1732.0169,2525.3879,870.2398,2524.591,1359.6615,4216.5021,12846.2623,2593.7941,9.1678,4105.0776,6.6784,828.6319,4535.2609,1885.7546,47.9549,15.5148,4665.0212,3770.0987,1894.9224,16.9252,83.921,4022.567,15814.5275,2571.9323,3017.6657,2104.3724,717.9126,2.8209,2.8209,1558.5331,6359.6615,502.8209,3661.4951,351.9041,2289.8449,1587.4471,2854.725,1952.7504,334.9788,1500,2012.6939,161.4951,188.9986,2253.1735,488.0113,3355.4302,15492.9478,3154.4429,2379.4076,5.6417,4876.5867,1339.2102,180.536,3.5261,100.8463,279.2666,2350.4937,1379.4076,31606.488,939.3512,669.2525,361.0719,695.3456,4139.6333,2059.9436,1601.5515,3.5261,0,0.7052,3233.4274,2.1157,9738.3639,830.9238,204.5134,19.0409,3.5261,505.0917,2781.3822,27.5035,6687.5882,35.9661,1578.9845,3275.7405,0,867.4189,7023.2722,593.7941,779.9718,4583.2158,3077.574,6448.519,354.725,2124.1185,154.8166,3983.78,3.5261,414.6685,3700.9873,2230.6065,0.7052,0,0,607.1932,5.6417,21.1566,1138.9281,5388.5755,5504.9365,1922.1721,315.2327,744.0056,781.3822,1387.165,1459.0973,0,5716.5021,114.9506,3078.2793,687.5882,3780.677,2000.7052,1748.9422,190.3032,1456.2764,11404.7955,76.1636,844.1467,260.2257,123.4133,8.4626,795.4866,2718.6178,2320.1693,250.3526,12.6939,497.8843,2510.5783,1465.4443,440.0564,0,5.6417,520.4513,782.4189,925.2468,7.7574,2145.9803,0,2279.2666,593.0889,112.835,446.4034,23.0889,12636.8124,2011.9887,594.1255,2480.9591,951.3399,4430.1834,2.8209,2540.9027,771.5092,667.1368,2021.8618,1.4104,2144.5698,255.2891,148.8011,784.9083,530.3244,2712.2708,0.7052,0,0.7052,155.8533,0.7052,423.8364,107.8984,2318.0536,2013.8082,7.7574,2.1157,69.1114,7677.0099,338.5049,4659.3794,2023.9774,5270.0987,36.6714,0.7052,11489.4217,9.8731,5849.0832,1267.9831,4.9365,291.9605,319.464,499.1467,211.5656,27.5035,1.4104,114.9506,348.378,1052.1862,52.8914,1.4104,24550.7757,1978.8434,985.1904,591.1283,0,2063.4697,1572.6375,7.7574,525.3879,4057.8279,1215.7969,175.5994,2821.5797,28.914,1064.8801,0,765.1622,4.9365,931.5938,2.8209,419.6051,176.3047,232.7221,45.134,0.7052,82.5106,1.4104,0,0,4.2313,0,726.3752,326.5162,157.2638,1.4104,657.2638,38.787
TCGA-AB-2854-03,0.3,1296.173,2293.6772,1.6639,234.609,1326.9551,18.3028,7024.9584,3304.4925,5382.6955,6183.0283,587.3544,1966.7221,1308.6522,986.6889,246.2562,1293.6772,1019.9667,399.3344,2349.4176,964.2263,898.5025,15.807,2277.8702,1324.4592,3702.995,4716.822,861.8968,755.4077,9.9834,5253.7438,41.5973,1586.5225,765.391,12.4792,51.5807,3838.6023,0,248.7521,199.6672,16134.7754,9.9834,127.2879,3823.6273,2257.0715,3707.1547,2110.6489,3242.9285,2169.7171,1102.3295,1081.5308,8561.5141,1653.0782,862.1797,1123.9601,1654.7421,716.3062,0.8319,1022.4626,38.2696,930.9484,1587.3544,6123.9601,1148.9185,954.2429,2253.6356,2142.2629,2365.2246,6510.8153,1509.9834,54.0765,3250.416,134.2512,546.589,3325.2912,2188.02,194.6755,60.7321,2803.6606,2148.0865,2212.9784,28.2862,135.6073,2673.8769,12759.5674,1278.7022,1896.0067,2736.2729,896.8386,67.3877,21.6306,1227.9534,3348.5857,1275.3744,4341.9301,2474.2097,1747.9201,1695.5075,4400.1664,1813.6439,37.4376,2072.3794,1334.4426,203.827,3008.3195,3673.8769,360.2329,2316.9717,13067.3877,2316.1398,1311.1481,69.9418,1441.7637,3168.0532,524.9584,0.8319,346.9218,193.0116,2378.5358,1599.0017,6154.7421,1707.1547,588.1864,368.5524,188.02,8898.5025,1774.5424,10905.99,34.9418,4.9917,0,1529.1181,159.7338,2653.0782,1909.0433,193.0116,368.5524,11.6473,1433.3195,1721.2978,1497.5042,5221.2978,414.3095,1989.1847,2786.1897,27.4542,923.4609,5141.4309,1775.3744,629.7837,3932.6123,2772.8785,7557.4043,400.1664,2154.7421,162.8785,1324.4592,196.3394,1.6639,4970.0499,1589.8502,2.4958,74.0433,1.6639,258.7354,10.8153,168.8852,3550.7488,3450.0832,3740.4326,2728.411,1040.7654,1353.5774,1072.3794,1009.1514,1702.1631,0,4830.2829,94.8419,3504.9917,566.5557,5261.2313,4211.3145,1896.8386,1606.8053,1717.1381,5322.7953,87.3544,1316.9717,639.7671,522.4626,244.5923,455.0749,1354.4093,7024.9584,188.8519,24.9584,420.9651,1738.7687,2657.1381,620.6323,3.3278,0,322.7953,484.193,842.7621,38.2696,1185.5241,17.4709,577.371,1146.4226,127.2879,2516.6389,26.4476,54347.7537,1024.1265,491.0566,1173.0449,1524.1265,2347.7537,14.975,1089.8502,480.0333,1135.6073,5083.1947,58.2363,3357.7371,334.4426,99.8336,1170.5491,550.7488,2327.787,13.3111,8.3195,49.0849,902.6622,0.8319,3135.6073,993.3444,1635.6073,1108.7022,65.7238,6.6556,52.4126,9049.9168,396.0067,4594.8419,2287.8536,3878.5358,581.5308,6.6556,4322.7953,119.8003,2945.0915,642.2629,0.8319,222.1298,244.5923,562.396,391.8469,329.4509,15.807,556.5724,435.9401,2300.3328,311.98,3.3278,48345.2579,1445.9235,857.7371,256.8552,12.4792,1514.1431,163.0616,0.8319,830.2829,2600.6656,1462.5624,448.4193,2317.8037,849.4176,3221.2978,0,329.4509,4.1597,877.7038,1405.99,14.1431,213.8103,488.3527,157.2379,0,76.5391,0,18.3028,0,16.6389,0,1583.1947,381.0316,133.1115,1.6639,1109.8918,14.1431
TCGA-AB-2859-03,0.3333333333,2006.7771,2756.0241,9.7892,396.8373,1539.1566,4.5181,8317.7711,3130.2711,5876.491,4948.0422,1291.4157,1738.7048,1548.1928,2138.5542,632.5301,817.7711,701.8072,878.012,3932.2289,1095.6325,29.3675,12.8012,1507.5301,2539.9096,5338.8554,4513.8253,1302.7108,1395.3313,0,6304.2169,91.1145,647.5904,539.9096,4.5181,164.1566,9042.1687,0,181.4759,12.0482,15085.8434,16.5663,105.4217,2078.3133,1466.1145,4763.5542,1526.3554,2927.7108,2903.6145,1096.3855,7350.1506,10683.863,2258.2831,727.2063,2618.2229,4724.3976,1216.8675,6.7771,838.8554,1381.0241,1168.6747,1960.8434,2621.988,3036.1446,948.7952,2221.0241,4149.8494,7287.6506,11525.6024,1949.5482,96.3855,3313.253,11.762,697.2892,4083.5843,2600.9036,325.3012,181.4759,3140.8133,2791.4157,1503.012,45.9337,225.1506,4389.3072,15445.0301,2128.012,2408.8855,3187.5,864.4578,30.8735,31.6265,1347.1386,4760.5422,919.4277,3515.8133,899.0964,1809.488,1820.7831,2326.8072,1317.7711,236.4458,2769.5783,1995.4819,130.2711,290.6627,3280.1205,215.3614,2954.8193,10650.6024,2612.9518,1823.7952,103.0873,4812.5,4111.4458,72.2892,49.6988,326.8072,458.5843,2867.4699,1172.4398,16521.0843,728.1627,484.1867,259.7892,2856.1747,5938.253,2107.6807,1423.9458,7.5301,5.2711,0,3018.0723,64.759,8566.2651,811.0241,169.4277,103.9157,7.5301,725.1506,2536.1446,24.8494,8183.7349,457.8313,426.9578,3182.2289,7.5301,1256.7771,9989.4578,1279.3675,768.8253,4079.0663,1799.6988,6141.5663,179.9699,2719.8795,226.5437,2499.247,11.2952,610.6928,3093.3735,2397.5904,12.8012,9.0361,1.506,522.5904,15.8133,153.6145,2951.8072,4649.8494,4176.9578,2187.2666,760.5422,1085.8434,697.2892,1042.9217,988.7048,0.753,7213.8554,1298.1928,4307.9819,924.6988,4009.0361,2057.9819,2881.0241,1452.131,2695.7831,8286.1446,163.4036,1500,146.0843,66.2651,11.2952,1143.0723,4090.3614,2398.3434,200.3012,25.6024,231.1747,2881.7771,2417.8991,394.5783,1.506,0.753,442.7711,338.1024,687.5,11.2952,1799.6988,15.0602,1986.4458,814.759,403.6145,683.7349,31.8675,11155.8735,1500,641.5587,1777.1084,1652.1084,3842.6205,26.3554,2591.8675,768.0723,956.3253,2902.1084,1.506,1945.7831,109.9398,149.0964,1244.7289,777.8614,2907.3795,1.506,0,4.5181,296.6867,2.259,1089.6084,188.253,1836.5964,1577.4021,29.3675,11.2952,143.0723,6553.4639,356.9277,4088.1024,2220.6325,6332.0783,187.5,7.5301,7228.1627,51.9578,5405.8735,872.741,3.7651,204.8193,399.0964,509.0889,124.247,60.241,6.7771,141.5663,253.7651,930.7229,264.3072,0.753,27482.6807,1686.747,1189.006,323.8253,0.753,2821.5361,1005.2711,9.0361,665.6627,2501.506,1756.0241,344.1265,2220.6325,215.3614,1840.3614,0.753,723.6446,0,1115.2108,72.2892,473.6446,462.3494,909.6386,60.994,0.753,57.9819,0.753,58.7349,2.259,25.6024,0,1042.9217,198.7952,434.488,5.2711,367.0256,52.7108
TCGA-AB-2865-03,0.5333333333,1646.5306,2613.8776,13.0612,662.8571,2026.9388,66.1224,8650.6122,2454.6939,2493.8776,4368.1633,1004.0816,1923.2653,971.4286,1990.2041,399.1837,763.2653,551.0204,498.7755,6343.6735,1125.7143,3.2653,21.2245,1158.3673,4590.2041,5441.6327,5827.6408,1253.0612,1853.8776,0,6960.8163,96.3265,656.3265,542.0408,0,71.8367,2092.2449,0,106.9388,157.551,12289.7959,17.1429,135.5102,991.8367,2765.7143,4819.5918,2480.8163,6737.1429,3474.2857,816.3265,2070.2041,13321.0939,1672.6531,1072.4816,2305.3061,4980.4082,1289.7959,38.3673,691.4286,2750.2041,1023.6735,2055.5102,5660.4082,3045.7143,1253.8776,1358.8,6027.7551,11841.6327,5675.102,1963.2653,672.6531,3659.5918,0,933.0612,3148.5714,3201.6327,200,60.4082,2229.3878,3527.3469,4114.2857,599.1837,321.6327,5102.0408,10015.5102,1590.2041,2214.9469,3526.5306,928.9796,93.0612,17.9592,1340.4082,4297.1429,1048.9796,3092.2449,1135.5102,1999.1837,1466.1224,3548.5714,1573.8776,38.3673,2725.7143,1366.5306,158.3673,1058.7755,4067.7551,231.0204,4150.2041,12764.898,1311.8367,1412.2449,62.0408,8742.0408,5080,177.9592,79.1837,471.0204,1584.4898,2705.3061,1384.4898,14321.6327,682.449,8.9796,286.5306,9915.9184,17975.5102,1729.7959,1142.8571,2.449,0.8163,0,2910.2041,27.7551,7977.9592,1067.0204,65.3061,2522.449,6.5306,658.7755,2204.898,1854.6939,5750.2041,186.1224,433.4694,3151.8367,0,1424.4898,13449.7959,1222.0408,494.6939,4164.898,2071.8367,5059.5918,110.2041,2861.2245,200.6694,4105.3061,173.8776,287.3469,3133.8776,2252.2449,48.9796,0.8163,0,444.898,64.4898,266.9388,2621.2245,4253.8776,2891.4286,2441.6327,1988.5714,1599.1837,906.9388,1353.4694,1003.2653,0,7628.5714,2040,5835.102,926.5306,1972.2449,196.7347,2768.1633,1988.2612,2706.9388,5898.7755,1281.6327,1630.2041,115.9184,62.0408,12.2449,1946.1224,2840.8163,1800,217.1429,34.2857,333.0612,2635.102,3181.9837,334.6939,0,11.4286,416.3265,565.7143,637.551,0.8163,1966.5306,11.4286,62.0408,1503.6735,1115.102,1320,30.4816,17047.3469,975.5102,468.0816,1731.4286,2382.0408,2231.8367,29.3878,1321.6327,702.0408,1227.7551,3917.551,3.2653,2919.1837,171.4286,138.7755,1405.7143,733.0612,2248.9796,0,1.6327,10.6122,151.8367,1.6327,1269.3878,1226.9388,1733.0612,1198.6041,5.7143,5.7143,27.7551,5697.1429,312.6531,4262.8571,1840,5956.7347,309.3878,196.7347,4149.3878,966.5306,5528.1633,834.2857,4.898,158.3673,262.0408,375.0122,160,1249.7959,40.8163,256.3265,213.8776,2056.3265,270.2041,1.6327,75407.3469,2031.0204,1043.2653,291.4367,0,3409.7959,743.6735,4.0816,790.2041,3111.8367,1618.7755,376.3265,1724.0816,164.0816,2310.2041,0.8163,552.6531,0,1417.1429,46.5306,18.7755,686.5306,1062.8571,391.8367,0,70.2041,0,218.7755,0.8163,237.551,0,1036.9224,266.9388,645.7143,0.8163,592.3918,4.898
TCGA-AB-2866-03,0.03333333333,2366.5123,4445.216,13.1173,357.2531,1327.9321,10.0309,9299.3827,2424.3827,3657.4074,2864.1975,2259.2593,1902.0062,519.2901,1837.963,280.8642,1040.1235,667.4383,304.784,5918.9815,733.0247,3.0864,148.9198,2342.5926,3029.321,4516.2037,5305.7099,1156.6358,528.5494,0,6628.858,105.7099,760.8025,834.1049,0,37.8086,5222.9938,0,93.3642,2.3148,21219.9074,18.5185,211.4198,3133.4877,2699.8457,3466.0494,1872.6852,1728.3951,3035.4938,841.0494,1030.0926,13454.6836,1604.1667,1366.5664,3521.6049,3083.3333,727.6235,0,821.7593,16.9753,781.6358,1733.7963,6841.821,1337.1914,993.0556,1548.912,3243.0556,13128.0864,4772.3765,1541.6667,11.5741,3166.6667,2.3148,609.5679,2738.4259,3852.6235,422.0679,88.7346,2432.0988,1899.6914,2022.3765,274.6914,101.0802,2978.3951,10065.5864,1369.5988,1661.8673,3763.1173,1020.8333,6.9444,135.8025,1158.9506,2846.4506,967.5926,2981.4815,2779.321,2052.4691,1496.142,3239.1975,1206.7901,4.6296,3088.7346,1015.4321,122.6852,2128.858,3992.284,297.8395,3124.2284,9381.1728,1832.5617,1825.6173,9.5139,1324.8457,4758.4877,182.0988,6.1728,81.0185,234.5679,2388.1173,1348.7654,6797.8395,439.8148,353.3951,266.9753,6079.4753,6443.6728,1581.7901,11959.8765,3.858,8.4877,0,651.2346,18.5185,4635.8025,1579.7762,420.5247,277.7778,10.8025,905.5478,1660.4938,1675.9259,8748.4568,85.6481,2534.7222,2741.5123,0.7716,1408.9506,5997.6852,2013.1173,685.9568,4628.0864,4409.7222,6243.8272,85.6481,2904.321,250.3704,2496.142,22.3765,1.5432,4335.6481,2297.8395,0,0.7716,0,297.8395,15.4321,40.8951,1618.0556,4830.2469,3162.0293,2360.3395,2188.2716,1868.8272,1021.6049,1158.179,1128.858,0,6037.037,1075.6173,2678.2407,1030.8642,6482.2531,74.8457,1486.1111,4170.9491,2557.0988,5706.7901,1334.8765,1773.1481,206.7901,257.716,5.4012,1250.7716,877.3148,3922.8395,161.2654,31.6358,377.3148,2117.284,3644.2747,347.9938,2.3148,1.5432,271.6049,550.9259,952.1605,6.1728,1654.321,1.5432,874.2284,635.0309,30.8642,5152.7778,23.588,38969.9074,920.5247,356.3272,1053.2407,6316.358,1939.0432,103.3951,1323.3025,681.3272,1929.784,3327.9321,102.6235,2270.8333,283.179,84.1049,1300.1543,700.6173,1567.9012,0,2.3148,1.5432,907.4074,0.7716,611.1111,1125,1481.4815,1176.7438,5.4012,5.4012,10.8025,6522.3765,486.8827,2440.5864,1864.9691,4109.5679,77.9321,2.3148,3480.7099,7.716,3006.9444,357.2531,10.0309,198.3025,430.5556,407.3071,318.6728,857.2531,20.8333,221.4506,212.963,867.284,94.1358,172.0679,98227.6235,4125.7716,719.9074,163.858,0,1148.9198,817.1296,2.3148,420.5247,2611.8827,1408.9506,397.3765,2050.1543,274.6914,3766.9753,4.6296,340.2778,0.7716,1260.8025,6.1728,107.2531,173.6111,405.8642,601.0802,6.1728,341.0494,0,11.5741,1.1188,13.1173,0,1139.5062,279.321,298.6111,0,1307.4691,19.2901
TCGA-AB-2867-03,0.3,1727.0855,2639.5469,4.1195,418.1256,1683.8311,22.6571,7488.1565,2496.3955,4605.5613,9467.5592,1281.1535,1421.2152,3311.0196,1283.2132,480.9475,1397.5283,1157.5695,521.1123,5439.7528,1519.0525,29.8661,24.7168,8218.3316,1558.1874,5178.1668,5470.4222,877.4459,1042.2245,0,5760.0412,58.7024,1074.1504,686.9207,5.1493,5.1493,3038.105,0,246.138,2.0597,18308.9598,14.4181,79.2997,810.5046,2499.4851,7838.311,2228.6303,4157.5695,3208.033,2564.3666,19474.7683,8783.9444,2524.2019,1118.898,3574.6653,3073.1205,533.4706,8.2389,943.3574,912.4614,1358.3934,2985.5819,2877.4459,2989.7013,982.4923,1771.0608,3165.8084,7780.6385,10886.7147,3601.4418,227.6004,4091.6581,2.0597,1102.9866,8848.6097,3024.7168,671.4727,94.7477,5323.378,3681.7714,2298.6612,16.4779,349.1246,5108.1359,13801.2358,2525.2317,1980.4325,3182.2863,952.6262,33.9856,38.105,853.759,6245.1081,471.6787,5224.5108,5549.9485,1865.0875,1017.5077,5451.0814,1916.5808,176.1071,1883.6251,1996.9104,202.8836,1223.4809,2454.171,478.8877,2363.5427,23643.6663,2157.5695,2559.2173,2.2142,5843.4604,2961.895,90.6282,1.0299,532.4408,148.3007,3414.0062,1507.724,20729.1452,1328.5273,279.0937,356.3337,4323.378,11510.8136,1868.1771,8515.9629,3.0896,12.3584,0,1920.7003,15.448,9256.4367,944.7992,114.3151,25.7467,3.0896,446.9619,2704.4284,1245.1081,8065.9114,341.9156,693.0999,3248.1977,0,734.2945,8178.1668,1112.2554,720.9063,4865.0875,2691.0402,8929.9691,607.621,2072.0906,91.9361,1542.7394,66.9413,788.8774,3772.3996,3369.7219,4.1195,0,0,420.1854,7.2091,56.6426,2733.2647,5587.0237,6122.5541,2271.2461,597.3223,1046.344,768.2801,1320.2884,1474.7683,0,7202.8836,79.2997,5017.5077,656.0247,5556.1277,1964.9846,2374.8713,1266.9104,1529.3512,8538.62,786.8177,1299.691,105.0463,160.6591,25.7467,752.8321,2542.7394,7696.1895,215.242,25.7467,552.0082,1836.2513,2039.1349,359.4233,0,2.0597,260.5561,546.8589,886.7147,21.6272,2740.4737,5.1493,433.5736,606.5911,617.9197,3193.6148,29.2688,41975.2832,1544.7992,573.2647,1652.9351,7912.3378,3098.8671,16.4779,1714.7271,602.4717,885.6849,2383.1102,56.6426,2006.1792,279.0937,131.8229,1000,1200.8239,4722.966,0,0,2.0597,204.9434,0,845.5201,263.6457,1962.9248,2196.0556,27.8064,4.1195,28.8363,6735.3244,381.0505,7010.2987,2294.5417,4791.967,258.4964,6.1792,5204.9434,249.2276,3609.6807,972.1936,10.2987,216.2719,258.4964,375.9011,161.689,846.5499,2.0597,145.2111,269.8249,2088.5685,399.5881,4.1195,36082.3893,1312.0494,830.0721,327.9094,0,1421.2152,972.1936,1.0299,2595.2626,5428.4243,962.9248,227.6004,2176.1071,56.6426,1616.8898,1.0299,325.4377,0,749.7425,31.9258,14.4181,264.6756,665.2935,59.7322,9.2688,157.5695,0,13.3883,0,15.448,0,808.4449,228.6303,36.0453,0,1581.8229,5.1493
TCGA-AB-2869-03,0.3333333333,2393.4031,4175.3821,8.8496,741.7538,1650.8447,0,8991.9549,3123.0893,4826.2269,6362.8319,770.716,1835.8809,1964.6018,1904.2639,578.4393,1727.2727,1070.7965,785.1971,2768.3025,1014.4811,19.3081,91.7136,3554.3041,2543.041,3773.934,4530.9574,1515.6879,1040.2253,0,5728.8817,193.0813,913.9179,471.4401,1.609,142.3974,5981.4964,0.8045,107.8037,95.7361,14398.2301,24.9397,152.856,2292.8399,2454.5455,3956.5567,1034.5937,1601.7699,4638.7772,1836.6854,2308.1255,13220.3701,1643.6042,615.1891,4125.5028,4473.8536,1365.2454,7.2405,1028.9622,588.8978,1526.9509,2687.852,2436.8463,3049.0748,1304.103,2050.1931,5355.5913,6478.6806,8909.0909,1552.6951,113.4352,3457.7635,0,665.3258,4296.8624,2882.5422,548.6726,78.8415,3540.6275,2561.5447,1190.6677,17.6991,209.9759,4460.177,12570.3942,1832.6629,2382.3089,4596.1384,1304.103,176.9912,83.6685,1242.1561,3894.6098,1230.0885,3772.325,1126.3073,3127.9163,1922.7675,2551.0861,1339.5012,738.5358,2608.206,2279.1633,255.0282,125.5028,3574.4167,506.8383,2837.4899,22054.7064,2078.037,1565.5672,8.1818,4400.6436,3088.4956,185.0362,8.8496,278.3588,397.4256,3188.2542,1897.0233,17537.4095,1049.8793,242.9606,306.5165,1387.7715,6377.313,2169.7506,4275.9453,4.827,3.218,0,2379.7265,5.6315,7995.9775,1273.2261,191.4722,31.3757,14.4811,669.3484,3020.1126,677.3934,5965.4063,130.3298,860.0161,3089.3001,0.8045,1514.0788,9604.9879,1708.7691,716.8142,3868.8656,2892.1963,6231.6975,316.1706,3012.8721,265.3178,8282.3813,3.218,980.6919,4635.5591,2695.0925,74.0145,1.609,0.8045,584.0708,5.6315,147.2245,5881.7377,4610.6195,3897.0233,2176.9912,587.2888,1241.3516,661.3033,1309.7345,1019.3081,0,7632.3411,507.6428,3447.3049,864.0386,3981.4964,2089.3001,1686.243,539.284,2502.8158,7038.6163,90.9091,1505.2293,286.4039,258.2462,12.0676,1209.1714,4030.5712,2621.078,210.7804,20.1126,417.5382,3175.3821,3267.8439,588.0933,0,11.2631,512.4698,546.2591,949.3162,7.2405,1789.2196,20.1126,1140.7884,1124.6983,108.6082,927.5945,36.959,12295.2534,1436.8463,865.1327,1918.745,1014.4811,2990.3459,19.3081,3924.3765,810.9413,1275.9453,2761.0619,0,1708.7691,273.5318,250.2011,1500.4023,627.5141,2210.7804,0,0,8.0451,399.8391,3.218,1641.9952,830.2494,1563.1537,1523.6444,19.3081,8.8496,106.1947,6957.3612,584.0708,3345.1327,2022.5261,2764.28,341.1102,6.436,8107.8037,11.2631,5396.6211,1013.6766,3.218,294.4489,516.4924,449.3966,444.0869,14.4811,7.2405,188.2542,457.7635,2044.2478,310.539,4.0225,24219.6299,2090.9091,1131.1344,432.2204,1.609,2346.7418,1101.3677,46.6613,637.9726,2377.313,2214.8029,329.0426,2232.502,218.8254,788.4151,0.8045,592.1158,4.0225,829.4449,408.6887,83.6685,118.2623,583.2663,36.2027,2.4135,37.8117,4.827,21.7216,0.8045,39.4208,0,1054.7064,410.2977,189.0587,172.1641,468.9622,69.992
TCGA-AB-2871-03,0.5,2517.715,3066.8752,16.6678,812.3359,1269.3845,20.1768,8850.6017,3523.0465,7252.2299,5847.766,867.6028,2012.4175,1766.7868,2445.7803,721.9789,1163.237,671.9755,1470.2754,3852.0163,1046.5624,200.0136,46.4944,2111.5471,2887.9156,5853.9067,4162.397,1303.5974,1562.3869,0,6691.683,154.3965,912.3427,606.1816,15.7905,101.7613,7146.9771,2.6318,309.6702,24.5631,12533.3082,16.6678,194.7501,1306.2292,1529.0513,5047.7116,1134.2876,4835.4164,3378.2998,1248.3305,3021.258,16649.4564,1354.478,654.4129,3442.3393,4266.0795,1310.6154,1.7545,839.5308,1246.576,1422.0265,2040.4896,1541.3329,3528.31,1216.7494,1426.1671,4866.1203,6232.8799,11653.4238,1754.5052,466.6984,3184.427,28.8441,713.2064,4093.2607,2655.4437,495.6477,442.1353,3257.239,2672.9887,2049.2621,7.018,385.9912,4419.5987,16123.0259,2408.9357,2640.1093,4339.7687,913.22,29.8266,42.1081,1174.6413,1873.8116,1276.4026,2829.1397,1257.9803,2421.2172,1927.324,2440.5168,1175.5185,605.3043,2944.0598,2572.1047,146.5012,218.4359,4186.2495,286.8616,2447.5348,15899.3265,2172.9547,1418.5175,47.4418,3523.0465,3679.1975,175.4505,24.5631,808.8269,750.051,3648.4936,1458.8711,18219.6597,1269.3845,119.3064,282.4753,3347.596,10436.6744,2078.2115,2564.2094,10.527,6.1408,1.7545,1951.0098,30.7038,7688.242,765.2362,169.3098,143.8694,19.2996,739.138,3601.122,122.8154,7046.9703,457.0486,2106.2835,3654.6344,5.2635,1247.4532,12045.5557,1434.308,689.5206,3957.2866,2557.1914,6614.4848,160.5372,3370.4046,309.8369,4768.7452,0.8773,915.8517,4078.3474,3001.9585,14.036,7.018,0,481.6117,6.1408,671.0983,2035.2261,3507.256,3976.5861,2199.2723,710.5746,1127.2696,659.694,1164.9915,959.7144,0,8326.8819,221.0677,4309.9421,870.2346,3501.9925,3221.2716,2696.6746,1692.5712,3235.3077,7217.1573,330.7242,1381.6729,168.4325,119.3064,9.6498,977.2594,3956.4093,3289.6973,216.6814,29.8266,252.6488,2771.241,3118.5629,452.6624,0.8773,2.6318,415.8177,470.2074,677.239,19.2996,1893.9884,17.5451,2101.8973,1149.2009,956.2054,941.2921,47.3541,7153.9951,1265.8755,633.0869,1617.6538,943.9238,2683.5158,56.1442,2111.5471,792.1591,1213.2404,2502.8017,0,1462.3801,174.5733,154.3965,1472.9071,814.0904,3368.6501,0,0,23.6858,289.4934,6.246,2025.5763,312.3019,1663.271,1625.2772,26.3176,14.9133,470.2074,6642.5568,369.3234,3493.2199,1973.8184,2816.8582,503.543,2.6318,8653.2198,28.0721,5865.311,907.0792,11.4043,176.3278,348.2693,385.8508,218.4359,25.4403,16.6678,59.6532,285.9844,1299.2111,826.372,10.527,17811.7372,1618.5311,1234.2944,431.0995,3.509,3176.5317,1073.7572,21.0541,743.033,2621.2308,1765.0323,446.5216,2552.8051,293.0024,1582.5637,3.509,571.9687,0,867.6028,362.3053,681.6253,264.9303,708.8201,35.9674,0,33.3356,7.8953,6.1408,2.6318,56.1442,0,945.6783,311.4247,284.2298,0,319.32,97.375
TCGA-AB-2873-03,0.06666666667,1716.6416,3263.06,31.5228,227.8648,1902.1757,0,9373.9797,2393.9314,7269.0764,3695.3727,1163.6416,1882.3614,476.4446,1298.7393,426.0081,1119.5097,1418.5259,299.9169,7193.5027,1037.5504,349.4527,132.3958,1535.6106,1874.2556,7543.8561,8416.4342,1058.2654,609.741,1.8013,8515.659,38.728,824.096,807.8843,2.702,34.2248,7138.563,0.9007,55.8404,64.8469,10155.7451,18.013,175.627,3956.5616,1824.7197,5098.5876,2821.7408,1451.8501,2411.0438,2697.4509,335.0423,11611.2789,1542.8158,3624.7526,4785.1609,1916.5862,556.6026,4.5033,933.0748,37.8274,735.8322,1608.5634,6436.9555,1690.5227,957.3924,2058.745,2639.8092,15192.1877,3575.586,2396.6334,130.5945,4061.0371,29.5954,809.6856,3765.6235,2687.5438,769.1563,105.3762,7182.6949,2175.9738,2065.1937,135.0977,99.9723,4275.3922,13596.2335,2209.2979,1642.7431,3043.3011,716.9185,8.1059,44.1319,996.1204,3758.4183,1010.5309,6724.2633,9052.4472,1372.5927,1587.8484,4374.4638,1670.7083,0.9007,1968.824,1350.9771,225.1628,4113.2749,3683.6642,262.0896,2894.6936,11214.0105,2230.0129,1632.881,18.2832,852.0162,6889.0825,393.5847,7.2052,343.1482,304.4202,2942.4281,803.381,3659.3466,676.3892,492.6563,200.8453,5858.7373,10022.4487,1503.1872,18672.3047,7.2052,1.8013,0,60.3436,14.4104,2773.1056,1069.7667,241.3746,145.0049,9.9072,1375.1326,1727.4494,246.7785,7182.6949,236.8713,3297.2848,3192.8092,18.9137,989.8159,6653.1119,1618.4706,745.7394,5277.8172,10684.4275,6246.0174,392.684,2665.0275,138.6643,648.469,217.057,1.8013,3510.7391,2338.091,1.8013,11.7085,4.5033,318.8306,18.9137,125.1905,775.4609,5461.5501,3780.0249,2874.8793,1721.1448,1563.5308,1220.3826,1388.8045,1502.2865,0,7506.0287,247.6791,4119.5795,1676.1122,11011.364,1078.9804,4378.0664,1514.9407,2090.4119,5334.5582,443.1205,1729.2507,262.9902,181.0309,12.6091,731.3289,1355.4804,12554.1798,219.7589,636.7605,255.785,2166.0666,2355.987,500.7622,6.3046,6.3046,278.3013,792.5732,821.3941,44.1319,1801.3028,22.5163,748.4413,1130.3175,96.3697,9991.8266,26.5422,70664.2079,888.0423,757.4118,1323.0569,5608.3562,2770.4037,32.4235,2065.1937,496.2589,940.2801,2368.7132,906.0553,3942.1512,315.228,156.7133,1020.438,1561.7295,2297.5617,4.5033,0,15.3111,1805.806,0,975.4055,4917.5566,1944.5064,1189.3912,67.5489,3.6026,63.9462,6012.7487,344.0488,8009.4929,1830.1236,6030.7617,130.5945,3.6026,2359.7067,192.7394,2453.3744,534.9869,3.6026,135.0977,262.9902,506.1661,309.8241,1555.425,49.5358,443.1205,287.3078,1522.1009,301.7182,28.8208,24912.0176,3428.7799,944.7833,85.697,0,1105.0993,860.1221,0,662.8794,7252.045,1630.179,297.215,2263.337,216.1563,1963.42,0.9007,374.671,0,1296.938,608.8403,8.1059,4894.1397,145.0049,346.7508,573.7149,1334.7654,0,62.1449,0.9727,16.2117,0.9007,3308.9932,199.044,155.8127,1.8013,1211.259,24.3176
TCGA-AB-2877-03,0.7,3058.4906,2670.7547,0,475.4717,1487.7358,144.3396,8949.0566,3821.6981,3471.6981,6054.717,1003.7736,1772.6415,1438.6792,1631.1321,277.3585,1862.2642,484.9057,133.9623,3148.1132,677.3585,0.9434,23.5849,4357.5472,1802.8302,3216.0377,8600.9906,1158.4906,1634.9057,0,5076.4151,130.1887,681.1321,712.2642,0.9434,66.0377,9763.2075,0.9434,68.8679,34.9057,11240.566,23.5849,186.7925,2129.2453,2355.6604,3178.3019,774.5283,1470.7547,4671.6981,1957.5472,2312.2642,10239.4717,1635.8491,678.2736,9135.8491,3704.717,1065.0943,15.0943,909.434,49.0566,1133.9623,2569.8113,2990.566,2632.0755,1334.9057,1778.6698,3179.2453,6878.3019,8757.5472,1760.3774,15.0943,3311.3208,8.1132,669.8113,4396.2264,2559.434,638.6792,450.9434,3529.2453,2186.7925,1760.3774,12.2642,98.1132,3594.3396,14383.0189,2402.8302,2602.8302,4092.4528,1283.0189,260.3774,15.0943,1261.3208,2974.5283,791.5094,3762.2642,1384.9057,2569.8113,2125.4717,4525.4717,1036.7925,812.2642,2603.7736,2105.6604,124.5283,164.1509,3207.5472,434.9057,2268.8679,27667.9245,2449.0566,1591.5094,11.6038,2735.8491,2582.0755,59.434,1.8868,84.9057,59.434,2968.8679,1811.3208,18175.4717,595.283,92.4528,378.3019,1389.6226,9083.0189,1988.6792,6872.6415,5.6604,6.6038,0,402.8302,2.8302,5123.5849,1402.1509,281.1321,159.434,15.0943,712.2642,2067.9245,350.9434,4428.3019,100.9434,4011.3208,3421.6981,0,976.4151,6409.434,1165.0943,870.7547,3170.7547,2550,10569.8113,314.1509,2468.8679,214.1887,2249.0566,0.9434,598.1132,5061.3208,2255.6604,259.434,1.8868,0,366.9811,0.9434,51.8868,3045.283,4162.2642,3811.3208,2592.1887,653.7736,916.9811,657.5472,1350,639.6226,0,8439.6226,36.7925,2443.3962,648.1132,2708.4906,2554.717,1494.3396,768.2453,2283.0189,8010.3774,46.2264,1332.0755,148.1132,235.8491,9.434,820.7547,2710.3774,7500,219.8113,14.1509,466.0377,2348.1132,3654.5755,491.5094,0,8.4906,256.6038,433.9623,716.9811,5.6604,1855.6604,6.6038,1687.7358,993.3962,26.4151,5446.2264,38.0566,39205.6604,1263.2075,545.934,1349.0566,1593.3962,3317.9245,105.6604,1822.6415,957.5472,1110.3774,3286.7925,3.7736,2436.7925,255.6604,89.6226,1395.283,424.5283,2840.566,0,0,12.2642,783.9623,1.8868,1516.9811,192.4528,1538.6792,1537.7358,27.3585,1.8868,189.6226,8425.4717,511.3208,3451.8868,1942.4528,1308.4906,66.0377,10.3774,14973.5849,4.717,4419.8113,1080.1887,0,232.0755,424.1698,572.6415,330.1887,354.717,7.5472,70.7547,442.4528,1174.5283,56.6038,3.7736,1412.2642,2691.5094,1075.4717,668.8113,0,1451.8868,1287.7358,20.7547,329.2453,2317.9245,772.6415,278.3019,2069.8113,517.9245,1135.8491,0,387.7358,0,554.717,8.4906,22.6415,118.8679,927.3585,4.717,14.1509,20.7547,0,0.9434,0,47.1698,0,1625.4717,400.9434,118.8679,3375.4717,4070.3491,64.1509
TCGA-AB-2879-03,0.1666666667,2800.4789,3031.9234,0.7981,665.6026,1716.68,29.5291,9051.0774,2904.2298,4519.5132,5624.1022,770.9497,1961.6919,1952.913,2272.9449,495.6105,1412.6097,611.3328,460.4948,3138.8667,848.3639,0.7981,35.9138,4288.1085,2193.9346,4225.0599,6412.3065,1304.0702,1750.1995,0,6237.8292,90.9816,762.9689,557.063,0,118.1165,7584.996,1.5962,13.5674,126.8955,13271.3488,16.7598,148.4437,2440.5427,1651.237,3245.012,822.0271,1614.5251,5171.5882,1806.0654,2979.2498,14360.814,1902.6337,521.4445,7284.1181,5222.6656,1300.8779,19.154,922.5858,86.9912,1375.0998,2153.2322,2572.2267,3280.1277,1056.664,1631.1891,3955.3073,6531.5243,7387.8691,1675.1796,25.5387,3968.0766,4.6289,703.1125,4179.569,2441.3408,900.2394,466.8795,3664.8045,2180.3671,1632.083,11.9713,191.5403,4611.3328,16887.4701,2152.4342,2539.9761,4543.4956,1201.1173,321.6281,77.4142,1130.0878,3561.0535,1130.0878,5621.7079,1129.2897,2972.067,2112.5299,3215.4828,1049.4812,768.5555,2766.9593,2660.016,169.992,167.5978,3386.2729,324.8204,2696.7279,27893.0567,2004.7885,1521.1492,15.842,5533.1205,2100.5587,130.0878,1.5962,74.2219,125.2993,3135.6744,1359.9362,31183.5595,901.0375,1231.4445,335.9936,2019.154,7466.8795,1886.672,2413.4078,6.3847,1.5962,0,2553.8707,1.5962,7644.0543,1143.759,214.6848,129.2897,16.7598,615.818,3553.0726,442.1389,4299.2817,71.0295,4398.2442,3758.1804,0,1169.1939,9048.6832,1194.7326,684.7566,3104.5491,4469.2737,8766.1612,249.0024,2970.4709,267.1828,7739.0263,0,1391.0615,4269.7526,2810.854,217.8771,2.3943,0.7981,523.5435,5.5866,146.0495,6647.2466,4810.0559,3277.7334,2211.4924,694.3336,839.585,511.5722,1201.1173,805.2674,0.7981,9469.2737,457.3025,3134.0782,853.1524,3205.1077,2451.7159,1465.2833,158.5874,2974.4613,11215.4828,37.51,1285.7143,117.3184,122.905,15.1636,1313.6472,3887.4701,4198.7231,198.7231,7.1828,321.6281,2782.921,2703.0806,509.9761,0,5.5866,423.7829,390.2634,566.6401,7.1828,1889.8643,21.5483,2900.2394,1077.4142,19.154,1628.0926,73.0088,30129.2897,1699.9202,589.593,1584.1979,1703.1125,4039.9042,9.577,3514.7646,937.7494,941.7398,2371.9074,0,1631.2849,182.7614,136.4725,1545.8899,650.4389,2253.7909,0,0,6.3847,547.486,1.5962,1417.3982,2079.8085,1530.7263,1621.1891,75.818,8.7789,39.9042,7788.5076,521.1492,2995.2115,2131.684,1786.1133,151.6361,11.1732,11631.2849,3.1923,5012.7694,1093.3759,6.3847,301.676,456.5044,754.9082,402.2346,48.6832,24.7406,225.8579,441.3408,4226.656,51.0774,0.7981,2359.9362,2885.8739,1154.0303,490.9976,3.1923,2026.3368,1003.9904,26.3368,330.407,2561.0535,1465.2833,364.7247,2078.2123,85.3951,743.8148,0.7981,528.332,13.5674,644.8524,5.5866,425.3791,201.1173,1480.4469,3.1923,0,34.3176,1.5962,3.1923,0,143.6552,0,1826.7757,379.8883,161.2131,128.4916,1614.988,59.0583
TCGA-AB-2880-03,0.06666666667,2737.8247,2750.8117,3.2468,409.0909,1269.4805,0,11211.8506,3000.8117,2622.5649,5574.6753,1584.4156,1867.6948,711.8506,1908.2792,478.0844,1639.6104,888.7987,108.7662,5689.9351,872.5649,2.4351,163.961,8798.7013,2098.2143,4073.8636,6443.5795,1278.4091,2095.7792,0,5987.013,40.5844,1357.1429,619.3182,0,11.3636,2885.5519,0,3.2468,20.2922,18452.1104,24.3506,143.6688,2542.2078,3241.0714,4705.3571,2042.2078,4343.3442,2758.1169,1007.3052,2875.8117,12486.5016,1480.5195,1017.5162,2935.0649,3704.5455,1221.5909,4.0584,1029.2208,308.4416,1467.5325,2232.1429,3965.9091,2857.9545,1110.3896,1067.9302,4176.9481,6878.2468,6795.4545,2264.6104,206.1688,3728.0844,2.914,762.987,3696.4286,3353.0844,179.3831,7.3052,4414.7727,2717.5325,3068.1818,19.4805,155.8442,4497.5649,13962.6623,2248.3766,2173.7825,4758.9286,1268.6688,14.6104,12.987,1060.8766,3985.3896,836.039,3616.8831,1640.4221,2346.5909,1931.0065,3534.9026,1154.2208,189.1234,2511.3636,2227.2727,260.5519,812.5,3786.526,383.1169,3774.3506,25412.3377,2263.7987,1868.5065,1.7045,7965.0974,1601.461,121.7532,5.6818,626.6234,306.8182,2964.2857,1336.039,34199.6753,547.8896,573.8636,352.2727,2930.1948,6323.0519,1642.8571,3252.4351,0,1.6234,2.4351,1935.0649,9.7403,6965.0974,1524.3019,193.1818,142.8571,8.9286,682.2565,2932.6299,4076.2987,5609.5779,155.8442,615.2597,2807.6299,0,1146.9156,10804.3831,1213.474,510.5519,4177.7597,2071.4286,9222.4026,180.1948,3279.2208,189.9351,2671.2662,135.5519,578.7338,4155.8442,2703.7338,44.6429,1.6234,0,437.5,7.3052,8.9286,1972.4026,4474.026,3734.5779,2381.4935,1210.2273,1349.026,744.3182,1167.2078,970.7792,0,7130.6818,405.0325,3717.5325,827.9221,5228.0844,596.5909,1405.0325,2750.1623,2609.5779,8598.2143,41.3961,1526.7857,236.2013,170.4545,6.4935,1437.5,4658.2792,1629.8701,294.6429,43.0195,551.9481,2257.3052,2952.8815,401.7857,0,1.6234,250,402.0373,795.4545,2.4351,1729.7078,0.8117,824.6753,1029.2208,24.3506,496.7532,18.6688,16396.9156,1431.8182,664.7159,1334.4156,2301.9481,3663.1494,30.0325,1515.4221,762.1753,1443.1818,6760.5519,4.8701,2176.9481,298.7013,146.9156,1485.3896,970.7792,2443.9935,0,0,62.5,578.7338,0,921.2662,275.1623,1443.1818,1382.2403,10.5519,2.4351,11.3636,6438.3117,548.7013,4347.4026,2702.1104,3642.0455,44.6429,3.2468,7165.5844,4.0584,4218.3442,726.461,0.8117,186.6883,476.461,577.9221,380.6818,412.3377,1.6234,552.7597,362.013,577.1104,106.3312,0.8117,67241.0714,770.2922,1045.4545,371.9481,0,2045.4545,1273.539,0.8117,776.7857,3059.2532,1868.5065,374.1883,2297.0779,169.6429,2377.4351,0,415.5844,0,778.4091,156.6558,1255.6818,163.961,952.9221,72.2403,0,32.4675,0,60.8766,0.8117,5.6818,0,1040.0406,344.9675,105.5195,0,1023.8718,7.3052
TCGA-AB-2884-03,0.2,1964.8876,3056.1798,9.1292,450.8427,1455.7584,3.5112,10191.0112,3025.9831,3553.3357,3561.0955,1157.3034,1792.8371,967.6966,1617.9775,365.8708,863.764,636.9382,323.0337,5235.9551,849.7191,11.236,45.6461,1888.3427,1957.8652,5022.4719,6089.3188,1209.2697,737.3596,0,6685.3933,84.2697,818.118,747.8933,0,38.6236,13490.8708,0,52.6685,30.1966,13319.5225,16.1517,213.4831,2514.7472,1563.9045,4378.5112,2457.1629,3341.9944,4418.5393,1947.3315,3047.7528,10882.0787,1576.5449,2047.5,3658.0056,3223.3146,875,1.4045,857.4438,117.9775,787.9213,1537.9213,4711.3764,1827.2472,927.6685,2093.8904,3161.5169,10875.7022,6101.8258,1708.5674,111.6573,3274.5787,18.7219,662.2191,3900.2809,2844.1011,311.7978,42.8371,5308.2865,2240.1685,1753.5112,41.4326,150.2809,4044.2416,12486.6573,2180.4775,1967.8441,3143.2584,997.191,11.9382,160.8146,992.9775,3312.5,918.5393,4080.0562,4656.6011,1740.1685,1679.7753,3205.7584,1542.8371,212.7809,2698.0337,1389.7472,193.118,2518.2584,3875,207.1629,2737.3596,13903.7921,2273.1742,1726.8258,23.2584,1740.1685,4399.5787,137.6404,18.2584,371.4888,399.5787,2685.3933,1006.3202,8511.9382,681.882,323.0337,266.8539,2547.0506,9799.1573,1874.2978,20893.2584,3.5112,4.9157,0,707.8652,12.6404,4080.0562,1087.2542,150.9831,313.9045,9.1292,1076.5449,2088.4831,40.7303,6038.6236,263.3427,3540.0281,2976.6854,0.7022,1034.4101,6079.3539,1461.3764,698.0337,4386.9382,4235.2528,6451.5449,232.4438,2992.2753,160.8778,1966.9944,37.2191,143.2584,3504.9157,2025.9831,55.4775,0,0,416.4326,9.1292,13.3427,2056.882,4117.9775,4281.6011,2547.5913,1405.8989,1506.3202,922.0506,1346.2079,1063.2022,0,7248.5955,367.9775,4091.2921,1168.5393,6462.0787,1075.8427,2549.1573,1047.6545,2218.3989,6320.927,125.7022,1499.2978,273.1742,281.6011,4.9157,960.6742,2758.427,8786.5169,252.809,537.2191,247.191,2587.0787,3071.5169,424.1573,0,0.7022,323.736,683.9888,921.3483,7.0225,1909.4101,2.1067,395.3652,891.8539,33.0056,6023.8764,36.3764,40823.0337,1146.7697,472.8371,1259.1292,4633.427,3689.6067,72.3315,1795.6461,801.264,976.1236,1978.2303,316.7135,2566.0112,191.0112,96.9101,1157.3034,1158.0056,2136.236,0,0,13.3427,1267.5562,1.4045,675.5618,993.6798,1891.1517,1300.8919,4.2135,16.1517,198.736,6590.5899,363.764,3976.8258,2160.1124,4254.9157,44.9438,2.809,5334.9719,261.236,3263.3427,604.6348,1.4045,135.5337,312.5,421.1517,234.5506,332.1629,4.2135,159.4101,261.9382,2031.6011,358.8483,7.7247,25160.1124,2135.5337,916.4326,306.6011,0,1785.8146,1096.2079,5.618,512.6404,3474.0169,1396.7697,376.4045,2306.1798,129.9157,1915.7303,0.7022,500.7022,0,1211.3764,30.1966,87.7809,2240.8708,316.7135,332.8652,11.9382,499.2978,0.7022,42.1348,1.4045,23.8764,0,1956.4607,306.882,179.073,0,960.2949,37.9213
TCGA-AB-2890-03,0.2333333333,1776.8595,2150.5969,6.4279,429.7521,1704.3159,112.9477,9674.0129,3994.4904,6157.0064,7104.6832,1070.7071,1887.9706,702.4793,2761.2489,530.7622,654.7291,519.7429,1377.4105,6404.0404,1044.0771,22.9568,4.5914,606.0606,3498.6226,7209.3664,5537.64,1356.2902,2041.3223,0.9183,8276.4004,112.0294,944.9036,863.1772,201.1019,5.5096,5721.7631,0,626.2626,120.2938,15045.9137,21.1203,101.0101,1090.9091,1955.0046,7126.7218,2587.6951,8703.3976,3140.4959,1299.3572,1839.3021,14233.9027,1906.3361,1182.5987,4539.0266,3584.9403,1000,10.101,744.7199,749.3113,776.8595,1503.214,4525.2525,2254.3618,947.6584,1516.2351,12069.7888,8641.8733,5632.6905,2097.337,206.6116,3176.3085,0.9183,1022.0386,5977.0432,2884.2975,1302.112,498.6226,3940.3122,2372.8191,2890.7254,11.0193,326.9054,5843.8935,17261.708,2058.7695,2675.5188,3470.1561,1025.7117,10.101,45.9137,1177.2268,4426.9972,1033.0579,4422.4059,4517.1901,1368.2277,4454.5455,3538.1084,1619.8347,68.8705,2271.809,1843.8935,188.2461,868.6869,4246.0973,202.9385,6148.7603,7186.4096,2297.5207,1498.6226,510.8724,8007.3462,3556.4738,89.9908,27.5482,447.1993,489.4399,3258.0349,863.1772,16954.0863,786.0422,85.3994,202.0202,3200.1837,8056.0147,1976.1249,6224.977,6.4279,3.6731,0,3450.8724,33.0579,9602.3875,698.742,177.2268,950.4132,14.6924,952.2498,2399.449,1299.3572,8496.786,357.2084,827.3646,3560.1469,0,976.1249,16719.0083,1431.5886,559.2287,4695.1331,2267.2176,9542.6997,12.8558,2781.4509,185.1882,1083.5629,67.034,486.685,2801.6529,2820.0184,28.4665,0.9183,1.8365,317.7227,21.1203,440.7713,3061.5243,4046.832,3787.8788,2514.7199,1641.8733,1464.6465,630.854,1093.6639,751.1478,0,7917.3554,1186.4096,4869.6051,733.7006,7102.8466,2064.2792,2865.0138,2175.0597,2889.8072,5950.4132,1441.6896,1386.5932,88.1543,100.0918,4.5914,1576.6758,3569.3297,3667.5849,285.5831,24.7934,213.9578,2089.0725,2572.9752,391.1846,0,8.2645,335.1699,471.0744,508.7236,11.9376,1660.2388,4.5914,1294.7658,996.3269,868.6869,1711.6621,29.3848,18331.4968,1026.6299,525.2342,1319.5592,2455.4637,3803.4894,43.1589,805.326,696.9697,722.6814,4740.1286,0.9183,3002.7548,123.0487,158.8613,1278.2369,1040.404,4798.8981,0,0.9183,21.1203,396.6942,1.8365,1644.6281,401.2856,1966.9421,1310.3306,22.9568,3.6731,19.2837,6869.6051,362.7181,4784.2057,2250.6887,4547.2911,607.8972,524.3343,5373.7374,64.2792,4625.3444,584.9403,2.7548,146.0055,312.213,447.9155,157.9431,564.7383,177.2268,574.8393,189.1644,2536.2718,285.5831,5.5096,58525.2525,2550.0459,1254.3618,205.326,0,3500.4591,393.0211,7.3462,2719.9265,2669.4215,1728.191,280.0735,2187.3278,138.6593,2347.1074,0.9183,399.449,0.9183,1258.0349,136.8228,106.5197,225.8953,2251.607,178.1451,0,87.236,0,134.9862,0.9917,235.0781,0,2467.4013,220.3857,327.8237,0,600.3949,3.6731
TCGA-AB-2896-03,0.1,2374.4076,3064.7709,3.9494,590.0474,1271.722,4.7393,6273.3017,2551.3428,3804.8815,5125.5924,778.0411,1562.4013,1560.0316,1781.2006,501.5798,1824.6445,683.2543,829.3839,3908.3728,936.019,30.0158,22.1169,2760.6635,1851.5008,3605.8452,5290.6003,1489.7314,1669.8262,0,5292.2591,52.1327,1037.9147,474.7235,7.109,38.7046,6739.3365,0,24.4866,18.9573,16289.0995,16.5877,121.643,2256.7141,2317.5355,4289.8894,1170.6161,1612.1643,2675.3555,1513.4281,3487.3618,10162.0221,1821.485,516.6272,2537.9147,3899.684,1059.2417,0.7899,1182.4645,211.6904,1448.6572,2503.1596,2112.1643,2769.3523,934.4392,1104.376,3819.9052,6061.6114,9264.613,1936.8088,14.218,3761.4534,0.7899,512.6382,4210.9005,2410.7425,192.733,10.2686,3210.9005,3017.3776,1216.4297,24.4866,111.3744,3953.3965,16526.8562,2112.9542,2526.1058,3162.7172,1428.91,59.2417,45.8136,1252.7646,3773.3017,788.3096,3577.4092,686.4139,2429.6998,2135.0711,2509.4787,1334.9131,493.6809,2635.861,2223.5387,150.079,315.1659,3153.2385,413.9021,3509.4787,15179.3049,2326.2243,1101.1058,9.2259,5671.406,3022.1169,136.6509,6.3191,209.3207,337.2828,2499.2101,1842.812,18772.5118,496.0506,191.9431,331.7536,4079.7788,6617.6935,1930.4897,1784.3602,1.5798,2.3697,0,2341.2322,2.3697,6204.5814,1213.2938,210.1106,19.7472,18.9573,721.169,4013.4281,346.7615,5815.9558,139.0205,139.8104,2802.5276,0,1161.1374,7118.4834,1101.8957,543.4439,4194.3128,1908.3728,7540.2844,274.8815,2865.7188,326.09,5065.5608,56.0821,1570.3002,4082.1485,2457.346,57.6619,0,0,438.3886,5.5292,56.872,6570.3002,3572.6698,4074.2496,2330.7504,937.5987,1362.5592,840.4423,1280.4107,1261.4534,0.7899,7108.2148,540.2844,3431.2796,692.733,5214.8499,1462.0853,1291.4692,268.831,2304.1074,7010.2686,101.1058,1548.9731,75.0395,112.9542,2.3697,781.2006,4039.4945,1193.5229,197.4724,16.5877,474.7235,2387.0458,2418.6414,496.0506,0,0.7899,274.0916,569.5103,937.5987,7.109,1819.9052,0,2272.5118,917.0616,246.4455,476.3033,33.0253,7127.9621,1969.1943,564.6367,1489.7314,1540.2844,3737.7567,35.545,2015.7978,725.1185,1364.9289,4233.8073,1.5798,2010.2686,354.6603,180.8847,1473.9336,711.6904,2135.0711,0,0,8.6888,192.733,1.5798,1054.5024,464.455,1638.2306,1518.5229,3.9494,2.3697,19.7472,7641.3902,481.8325,2760.6635,2397.3144,3186.4139,266.1927,15.0079,5319.1153,403.6335,6467.6145,981.0427,1.5798,274.0916,430.4897,493.8705,327.8041,117.6935,6.3191,48.1833,481.8325,1011.0585,127.9621,3.9494,55396.5245,1725.1185,1026.0664,623.981,1.5798,2175.3555,830.1738,4.7393,439.1785,2530.0158,1054.5024,336.4929,2169.8262,342.812,912.3223,0,545.8136,0,898.8942,51.3428,230.6477,288.3096,680.8847,71.09,4.7393,64.7709,3.9494,7.8989,0.7899,25.2765,0.7899,1855.7346,377.5671,206.951,55.2923,758.436,45.8136
TCGA-AB-2898-03,0.4,2400.9479,2775.3555,9.4787,437.9147,1759.2417,163.0332,8763.981,3059.7156,3589.545,5227.4882,1673.9336,1978.1991,2141.2322,1724.1706,545.9716,1503.3175,966.8246,454.9763,4433.1754,859.7156,133.6493,6.6351,2105.2133,3730.8057,5870.1422,4474.1232,1137.4408,1494.7867,5.6872,6982.9384,152.6066,1051.1848,747.8673,92.891,511.8483,1604.7393,0,87.2038,163.981,15090.9953,21.8009,209.4787,847.3934,2096.6825,5244.5498,1653.0806,3418.9573,5704.2654,2449.2891,7228.436,14415.1754,1665.4028,992.0664,2441.7062,4856.872,1056.872,3.7915,1006.6351,3090.9953,1114.6919,2085.3081,2851.1848,2225.5924,879.6209,1704.8531,6212.3223,7590.5213,5703.3175,1436.9668,319.4313,2569.6682,53.7915,737.4408,3090.0474,2984.8341,157.346,74.8815,2599.0521,2438.8626,1123.2227,182.9384,254.0284,3985.782,12286.2559,1837.9147,2495.7346,3255.9242,955.4502,938.3886,18.9573,858.7678,4232.2275,1145.9716,4469.1943,940.2844,1532.7014,2072.0379,2530.8057,1428.436,139.3365,3061.6114,1421.8009,195.2607,3283.4123,4232.2275,437.9147,1353.5545,15522.2749,1816.1137,1263.5071,34.872,5801.8957,3920.3791,205.6872,6.6351,327.0142,290.9953,2879.6209,1296.6825,17466.3507,689.0995,777.2512,357.346,942.1801,34727.0142,2170.6161,5669.1943,26.5403,1.8957,0,2847.3934,24.6445,8517.5355,1697.8768,127.0142,67.2986,6.6351,1611.3744,2648.3412,244.5498,5079.6209,277.7251,1757.346,3346.9194,52.1327,1153.5545,10309.9526,1919.4313,650.237,4629.3839,2109.9526,7112.7962,90.9953,2148.8152,225.2891,1880.5687,4.7393,2586.7299,4559.2417,4154.5024,12.3223,36.019,1.8957,371.564,4.7393,220.8531,1682.4645,3822.7488,5562.0758,3227.2701,1000,1448.3412,624.6445,1215.1659,797.1564,0,8135.545,524.1706,4734.5972,982.9384,5490.0474,1148.8152,2242.654,2352.8436,2710.9005,5632.2275,1111.8483,1548.8152,322.2749,377.2512,32.2275,2442.654,3738.3886,4332.7014,239.8104,25.5924,297.6303,2586.7299,3575.2227,415.1659,18.9573,2.8436,324.1706,497.6303,563.981,110.9005,1989.5735,27.4882,6171.564,665.4028,263.5071,4224.6445,40.91,18400.9479,1452.1327,451.2796,1544.0758,1020.8531,3942.1801,19.9052,2106.1611,732.7014,1238.8626,5027.4882,187.6777,1990.5213,296.6825,127.9621,1568.7204,578.1991,3034.1232,6.6351,3.7915,4.7393,515.6398,7.5829,1167.7725,202.8436,1593.3649,1302.6256,142.1801,7.5829,69.1943,5595.2607,472.9858,3259.7156,2151.6588,4430.3318,145.9716,28.436,7368.7204,1690.9953,3659.7156,705.2133,28.436,240.7583,393.3649,482.3602,390.5213,363.981,18.9573,1290.9953,326.0664,4322.2749,287.2038,9.4787,12575.3555,2480.5687,1103.3175,277.7725,1.8957,3021.8009,745.0237,20.8531,1092.891,2607.5829,1349.763,310.9005,2280.5687,495.7346,1054.0284,0,527.9621,0,890.9953,452.1327,18.0095,1030.3318,561.1374,24.6445,127.0142,53.0806,0.9479,11.3744,1.8957,174.4076,0,1401.8957,332.7014,244.5498,2.8436,515.8199,14.218
TCGA-AB-2899-03,0.4333333333,1314.1798,2180.7229,16.6821,571.8258,1835.9592,526.4133,10237.2567,3170.5283,8278.0352,5482.8545,998.1464,1811.8628,1109.3605,2442.076,417.0528,1524.5598,1148.2854,2815.57,6013.9018,1065.8017,184.43,31.5107,2835.9592,3215.9407,6493.9759,4399.1381,1447.6367,1835.0324,13.9018,7056.5338,62.0945,1449.4903,667.2845,37.0714,17.6089,10707.1362,0,67.6552,225.2085,15913.8091,35.2178,198.3318,1972.1965,2468.0259,5167.7479,2119.5551,3291.0102,4788.6932,1766.4504,2547.7294,14437.544,1255.7924,1191.8536,3822.0575,2850.7878,1036.1446,3.7071,1070.4356,65.8017,978.684,2281.7424,3939.759,2499.5366,948.1001,1900.2039,8990.7322,9162.1872,5237.2567,1578.3133,985.1715,3500.4634,68.8693,728.4523,4583.874,3007.4143,426.3207,105.6534,4227.9889,2434.6617,5541.2419,36.1446,356.8119,4834.1057,14719.1844,1946.2465,2410.5653,4263.2067,1430.0278,180.7229,46.3392,1000.9268,3972.1965,1029.6571,3358.6654,1061.1677,2018.5357,1788.6932,1307.6923,1949.0269,211.3068,2367.0065,1921.2234,313.253,1061.1677,4507.8777,559.7776,2822.9842,9063.0213,1319.7405,2107.507,1284.4949,5504.1705,3765.5236,279.8888,10.1946,2781.279,2022.2428,2824.8378,1079.7034,11135.3105,706.2095,263.2067,378.1279,7102.873,9290.0834,2439.2956,7225.2085,45.4124,1.8536,0.9268,1346.6172,137.164,3981.4643,1877.5904,268.7674,879.5181,9.2678,774.7822,3405.9314,746.988,11302.1316,878.5913,2187.2104,3426.3207,15.7553,1131.6033,11064.8749,1661.7238,671.9184,4011.1214,2629.2864,10880.4449,113.0677,2974.9768,210.9639,2905.468,175.1622,10.1946,5481.9277,2455.051,1.8536,69.5088,1.8536,351.2512,24.0964,1787.7665,1046.3392,4315.1066,4246.5246,2431.8814,1396.6636,1794.2539,726.5987,1045.4124,924.9305,0.9268,7518.0723,1253.9388,3353.1047,911.0287,8088.0445,1129.7498,3120.4819,2646.0148,2508.8044,6856.3485,1724.7451,1371.6404,450.4171,575.5329,13.9018,1071.3624,4734.013,3198.3318,278.0352,15.7553,479.1474,2921.2234,3451.2512,462.4652,2.7804,164.0408,341.9833,357.7386,759.9629,30.5839,1851.7146,111.2141,153.8462,895.2734,153.8462,1944.393,25.0232,18219.6478,1142.7247,652.0297,1414.2725,1400.3707,2987.9518,16.6821,886.0056,666.3577,1315.1066,4464.3188,11.1214,2876.7377,316.0334,140.8712,1447.6367,998.1464,2463.392,5.5607,0,63.0213,1112.1409,0.9268,1276.1816,653.3828,2035.2178,1909.4439,28.7303,7.4143,26.8767,6780.3522,426.3207,4188.1372,2513.4384,2804.4486,429.101,493.0491,6417.9796,484.7081,5556.9972,690.4541,0.9268,202.0389,396.6636,467.2196,522.7062,471.7331,13.9018,416.126,396.6636,8008.3411,1381.835,11.1214,81037.0714,3240.9639,1189.0639,240.8063,3.7071,2923.0769,223.355,14.8285,3168.6747,2725.6719,2606.1168,359.5922,2718.2576,781.279,2732.1594,0.9268,482.8545,8.3411,1192.7711,188.1372,79.7034,201.1121,2872.1038,220.5746,19.4625,25.95,0.9268,148.2854,0.9268,830.3985,1.8536,1255.3846,417.0528,295.6441,0.9268,429.8795,15.7553
TCGA-AB-2900-03,0.5666666667,2186.3244,4111.5291,5.3109,293.8703,1000.2213,0.8852,7830.0509,3283.0272,3222.8192,3573.3569,1083.4255,2065.9438,323.0803,1311.7946,331.9318,1578.2253,947.9973,140.7391,5197.6101,830.2722,11.507,13.2773,1793.3171,2654.5696,5333.0383,5562.5935,1112.6355,732.0204,0,5811.0201,45.1427,955.9637,707.2361,0,45.1427,13689.7544,2.6555,13.2773,47.7982,16002.6555,14.1624,228.3691,2026.9971,1849.0817,3106.8821,1795.0874,1058.6413,2443.9035,1216.1983,1074.574,12338.3757,1409.1613,2464.74,2068.5992,2881.1684,976.3222,0,1011.7283,83.2042,706.351,1279.044,3178.5793,1544.5895,826.7316,1371.4362,2347.422,7124.5851,7614.9591,1977.4286,26.5545,3029.8739,12.516,516.0434,4816.9949,3216.6408,116.84,18.5882,4177.0303,1986.2802,1769.418,18.5882,87.63,3789.3339,12891.3476,1945.5632,1561.6021,3633.5472,1034.7422,7.9664,94.7112,1104.6692,3118.389,1138.3049,4536.4019,2405.842,1558.7519,1783.5804,4319.5397,1588.8471,146.9352,2486.3908,1116.1761,184.9967,1200.2655,3791.9894,269.0861,2624.4744,18227.9265,2448.3293,1655.2335,6.3377,1171.9407,5112.6355,277.0524,15.9327,132.7727,329.2764,2451.8699,1221.5092,8104.4479,826.7316,272.6267,337.2428,6059.7477,6526.2226,1540.1638,10987.3866,3.5406,1.7703,0,298.2961,0.8852,4153.1312,1664.4833,196.5037,161.9827,15.0476,848.8604,1902.1908,140.7391,4848.8604,45.1427,5779.1547,2470.4581,2.6555,1217.0834,4941.8013,1754.3704,462.0491,4331.9318,3679.5751,6407.6123,407.1697,2753.7066,170.2589,958.6192,3.5406,50.4536,3844.2133,2063.2883,54.8794,2.6555,0,300.0664,30.9803,17.703,1045.364,3359.1503,3987.6079,2999.6017,1109.9801,1429.5198,930.2943,1156.008,1107.3246,0,6498.7829,102.6776,3350.2987,1220.624,7161.7615,743.5273,2147.3777,889.0728,2913.919,7377.7384,172.6046,1782.6953,275.2821,398.3182,9.7367,719.6282,2657.225,7911.4848,194.7333,16.8179,439.0352,2209.3383,3361.788,359.3715,0.8852,0,168.1788,460.2788,840.894,4.4258,1579.1104,4.4258,642.62,1152.4674,23.0139,2100.4647,16.0566,20642.62,875.4149,457.6853,1075.4592,5017.0392,3457.4021,132.7727,1472.0071,563.8416,1723.3901,3543.2618,236.3355,3308.6966,338.1279,89.4003,1451.6486,755.9195,2275.7247,0,0,18.5882,680.6816,0,754.1491,493.9146,1649.0374,911.8743,10.6218,5.3109,198.274,6928.0814,524.0097,4204.47,2065.9438,4483.2928,9.7367,2.6555,4616.0655,47.7982,3409.6039,533.7464,0,243.4167,310.6882,486.4439,462.0491,70.8121,0.8852,126.5767,297.4109,847.0901,83.2042,0.8852,21168.4001,2751.9363,555.8752,222.0845,0,1400.3098,774.5076,2.6555,282.3634,3067.0502,1196.7249,355.8309,2194.2908,167.2936,2156.2293,0,385.0409,0,884.2664,377.9597,300.9515,3268.8648,146.05,256.694,11.507,547.9088,0,19.4733,0.8852,2.6555,0,3056.4284,362.9121,234.5652,0,1498.4377,67.2715
TCGA-AB-2903-03,0.03333333333,2183.2359,2329.4347,0.9747,546.7836,2723.1969,6.8226,8686.1598,2489.2788,5429.8246,9524.3665,752.4366,1474.6589,2107.2125,1735.8674,321.6374,1171.54,404.4834,88.694,4559.4542,1051.6569,2.924,39.961,4369.3957,1388.8889,3420.078,6264.1228,1054.5809,1974.6589,0,4722.2222,91.6179,636.4522,591.6179,4.8733,42.885,9810.9162,0,5.848,91.6179,13902.5341,38.9864,100.3899,1824.5614,2174.4639,4116.9591,1298.2456,1978.5575,3552.6316,1416.1793,2475.6335,8536.6082,2327.4854,657.1735,5904.4834,3052.6316,970.7602,2.924,810.9162,154.9708,1730.0195,3382.0663,3585.77,2993.1774,1058.4795,1988.0604,2246.5887,4393.7622,10816.7641,2251.462,15.5945,3958.0897,2.3099,803.1189,4027.2904,2751.462,141.3255,588.694,4871.345,2700.7797,1693.9571,1.9493,199.8051,4627.6803,12751.462,2509.7466,3134.5029,3020.4678,1112.0858,413.2554,33.1384,2113.0604,4117.9337,588.694,4076.9981,566.2768,1761.2086,1897.6608,3069.2008,1516.5692,700.7797,2087.7193,1781.6764,79.922,140.3509,2851.8519,210.5263,3355.7505,20713.4503,2937.6218,1837.232,5.848,5965.8869,2275.8285,74.0741,4.8733,68.2261,25.3411,2760.2339,1297.271,25848.9279,922.0273,28.2651,225.1462,721.2476,3388.8889,2049.7076,12173.4893,2.924,6.8226,0.9747,1546.7836,0,12595.5166,689.9805,230.9942,75.0487,10.7212,600.3899,2980.5068,824.5614,4644.2495,20.4678,910.3314,3563.3528,0,1059.4542,8581.8713,1099.4152,819.6881,4603.3138,2447.3684,9612.0858,340.1559,1991.2281,209.3762,2415.2047,0.9747,1793.3723,3382.0663,2634.5029,28.2651,0,0,498.0507,8.7719,15.5945,3462.963,7127.6803,4061.4035,2054.5809,665.692,835.2827,639.3762,1504.8733,1046.7836,5.848,6035.0877,345.0292,3530.2144,769.9805,3493.1774,1631.5789,1505.848,776.5692,1836.2573,9968.8109,41.9103,858.6745,119.883,55.5556,25.3411,1247.5634,3575.0487,7625.731,228.0702,13.6452,352.8265,2750.4873,2409.3567,470.7602,0,4.8733,591.6179,441.5205,619.883,12.6706,2349.9025,2.924,4171.54,686.1598,25.3411,1933.7232,45.809,11402.5341,1245.614,799.2788,1602.3392,1560.4288,3738.7914,27.2904,2063.3528,857.6998,533.1384,1379.1423,0.9747,2854.7758,135.4776,98.4405,1159.8441,470.7602,2479.5322,0,0,6.8226,873.2943,3.0994,1244.6394,395.7115,2022.4172,1929.9318,27.2904,32.1637,146.1988,6146.1988,372.3197,4249.5127,2084.7953,2029.2398,783.6257,13.6452,11588.3723,9.7466,4234.8928,1398.6355,5.848,212.4756,379.1423,552.3879,187.1345,336.2573,13.6452,6.8226,243.6647,3511.6959,37.037,0.9747,1122.807,2558.4795,1078.9474,541.4327,4.8733,1909.3567,1201.7544,22.4172,171.54,2504.8733,1300.1949,195.9064,2220.2729,384.9903,1219.2982,0,616.9591,0,752.4366,3.8986,50.6823,199.8051,997.076,6.8226,5.848,47.7583,0.9747,0,0,28.2651,0,826.5107,415.2047,159.8441,4216.3743,1359.5322,38.9864
TCGA-AB-2909-03,0.03333333333,1914.2486,3363.4274,13.3258,583.003,1186.6609,558.3503,9459.3064,3372.7554,3771.183,5172.4023,862.8444,1655.7284,1324.5827,1723.0236,474.3978,1507.146,1018.756,491.7214,7800.9128,946.1305,0,63.9638,982.1101,3082.2534,5177.7326,5949.3154,1253.9561,2597.8612,0,6804.8106,87.9502,1234.6337,533.6976,0.6663,23.9864,11762.6678,1.3326,11.3269,237.8652,20927.4744,25.319,137.9218,1201.9855,3124.8959,6457.0077,1075.3906,4590.0656,3067.595,1260.619,2437.2855,16104.6407,1798.9806,668.8077,2690.4754,4658.6934,1041.4099,2.6652,1077.3895,179.8981,1252.6235,2634.5071,2595.8623,3325.4489,1152.6801,875.1707,6554.2859,3500.6829,7154.6124,2358.6634,545.0245,2717.127,0,1143.3521,5003.8312,3400.0733,91.2816,4.664,3563.9804,2865.7094,2316.0209,151.9139,129.9264,5015.1581,16173.5017,1701.0361,2749.402,4875.9037,1453.8428,503.7146,18.6561,824.1996,4325.5489,1065.3963,3360.0959,2221.4079,2221.4079,1855.6152,5204.3842,1191.3249,413.0992,1996.8684,1803.6446,267.1819,379.1185,3595.296,522.3707,4087.6836,17977.1463,2662.4913,1525.802,636.9124,16370.7233,717.5934,284.5054,3.3314,438.4182,438.4182,3303.4614,1770.3301,38298.2976,1350.568,117.2669,299.1638,464.4035,9726.4883,1663.0576,1513.8088,5.3303,1.9989,0,4547.4231,9.9943,17447.4464,1509.7178,21.3213,780.8908,3.3314,578.8453,3078.9219,5069.1275,4827.9308,141.2533,13275.1441,2627.8442,0,1052.7368,15239.3644,1072.7255,456.408,4336.8758,2160.1093,9354.0327,23.9864,3325.4489,188.853,2394.643,0,1413.8655,4698.0045,3072.9253,34.647,0,0,419.7621,0.6663,22.6538,581.0041,3136.2228,3632.6082,2271.8526,922.8104,1708.3653,610.3208,985.4416,658.9599,0,8362.5945,345.804,4039.0445,504.3809,5019.1558,1158.6767,1160.6756,1337.3222,3150.2149,6955.3919,711.5968,1489.8224,79.2884,98.6108,7.9955,1722.3573,6446.3471,3372.7554,235.2001,22.6538,567.012,2265.3829,3399.367,352.4669,0,0,252.5236,639.6375,710.9305,31.3156,1429.8564,11.9932,2354.6657,597.6613,793.5503,2835.0601,10.6606,44744.6447,1559.7828,641.3832,1375.887,2808.4086,3969.7505,9.328,616.9837,624.3129,1447.8462,5924.6427,0,2098.8107,235.8663,203.2182,1441.8496,964.1203,3737.2156,0,23.9864,9.328,627.6443,1.3326,646.3004,2164.107,1591.0984,1185.1418,7.3292,11.9932,369.1242,7136.6226,441.7497,3859.1465,2299.3637,5677.4494,10.6606,51.3043,11291.6014,124.5961,5083.1196,880.8342,0,195.2227,383.1162,443.3688,329.1468,56.6346,4.664,27.9841,427.7576,2891.6947,201.2193,155.2454,71414.8649,2441.2833,1060.066,302.322,0,3314.7883,604.9505,1.9989,1725.6888,2399.3071,1807.6423,333.1446,2071.4928,470.4001,2355.332,0,533.0313,6.6629,1005.4303,1.3326,2539.2278,578.3389,1361.8949,8.6618,0,261.1853,0,7.3292,0,177.8992,0,1237.5587,352.4669,192.5576,0,7635.2334,181.2306
TCGA-AB-2912-03,0.6333333333,1349.5763,1852.7542,26.4831,362.2881,3023.3051,310.3814,7989.4068,2743.6441,7516.8856,7191.7373,569.9153,1205.5085,1091.1017,2002.1186,547.6695,4030.7203,5148.3051,165.2542,8523.3051,1960.8051,21.1864,2.1186,1212.9237,1484.1102,5484.1102,5305.1695,917.3729,822.0339,10.5932,6450.2119,11.6525,1796.6102,937.5,3.178,10.5932,5091.1017,0,9.5339,83.6864,13123.9407,22.2458,68.8559,1916.3136,2612.2881,5491.5254,3689.6186,1209.7458,1813.5593,1486.2288,1865.4661,9436.3559,2220.339,1293.5381,5973.5169,2460.8051,500,5.2966,1488.3475,27.5424,1226.6949,2968.2203,2426.9068,4483.0508,1328.3898,1684.089,1721.3983,8100.6356,7996.822,2617.5847,43.4322,5318.8559,47.6589,942.7966,4271.1864,1819.9153,990.4661,27.5424,5246.822,3976.6949,5597.4576,27.5424,40.2542,6953.3898,13949.1525,3208.6864,2409.9894,3038.1356,1122.8814,82.6271,6.3559,1061.4407,6846.3983,562.5,8670.5508,1151.4831,2198.0932,1583.6864,4177.9661,2240.4661,21.1864,1263.7712,2490.4661,494.7034,1980.9322,3147.2458,1263.7712,2302.9661,9654.661,2519.0678,3149.3644,542.3729,5720.339,1623.9407,306.1441,13.7712,117.5847,289.1949,3488.3475,1324.1525,15322.0339,1138.7712,472.4576,528.6017,4674.7881,5208.6864,2241.5254,6398.3051,42.3729,4.2373,0,1418.4322,29.661,8164.1949,2143.9936,181.1441,96.3983,4.2373,471.3983,2706.5678,3509.5339,6417.3729,776.4831,2468.2203,4435.3814,21.1864,622.8814,12494.7034,651.4831,715.0424,5242.5847,4417.3729,9366.5254,301.9068,2244.7034,132.8072,850.6356,176.9068,52.9661,6747.8814,5002.1186,0,13.7712,1.0593,582.6271,19.0678,95.339,765.8898,5346.3983,11650.4237,2517.7436,521.1864,1340.0424,1171.6102,1445.9746,1717.161,0,8148.3051,138.7712,3054.0254,566.7373,8380.2966,1537.0763,2042.3729,712.9873,1445.9746,11026.4831,2092.161,894.0678,812.5,672.6695,39.1949,461.8644,1582.6271,6266.9492,233.0508,33.8983,966.1017,2421.6102,2511.6102,626.0593,2.1186,7.4153,400.4237,473.5169,1068.8559,31.7797,2270.1271,9.5339,113.3475,587.9237,112.2881,3835.8051,31.7797,21111.2288,1962.9237,860.1695,3376.0593,939.6186,4633.4746,15.8898,1824.1525,671.6102,794.4915,3739.4068,15.8898,3234.1102,375,239.4068,780.7203,1220.339,4637.7119,0,1.0593,52.9661,859.1102,0,507.4153,472.4576,2611.2288,1858.7818,51.9068,228.8136,833.6864,7441.7373,436.4407,4884.5339,1978.8136,7297.6695,146.1864,95.339,7070.9746,108.0508,4080.5085,971.3983,2.1186,364.4068,288.1356,408.8983,595.339,345.339,10.5932,271.1864,893.0085,1130.2966,47.6695,0,43837.9237,3275.4237,1555.0847,531.6419,1.0593,1951.2712,1234.1102,4.2373,1941.7373,7292.3729,1781.7797,190.678,2221.3983,469.2797,2347.4576,0,440.678,9.5339,829.4492,10.5932,12.7119,28.6017,876.0593,158.8983,4.2373,20.1271,0,18.0085,0,169.4915,0,1503.178,456.5678,185.3814,1.0593,1691.6208,24.3644
TCGA-AB-2913-03,0.4,2144.2495,1755.457,18.2079,573.0137,1580.8753,25.7053,7201.7651,3259.2164,4565.9019,7701.9472,652.2717,1335.604,2245.9996,1963.2414,636.2059,2024.2915,1289.5487,682.2612,3084.6347,1383.8014,19.279,3.2132,2056.4231,1875.415,4035.7304,4656.5666,1050.7037,1558.3831,1.0711,5355.2685,82.4711,1298.1171,564.4453,2.1421,88.8975,10543.4526,1.0711,14.9948,5.3553,13021.8709,24.6342,59.979,2386.3076,1484.4804,3273.1401,1142.8143,2575.8842,2633.7211,1369.8777,3536.6193,10451.7169,2197.8022,482.1348,6402.759,3320.2665,967.1615,1.0711,932.8878,393.0767,1229.5697,2796.5212,1700.8333,3999.3145,1239.2091,2607.6088,4023.9488,5485.9371,11995.8015,2075.7021,24.6342,4193.1752,12.6384,712.2507,7107.5124,1892.5519,189.5765,25.7053,5278.1526,2930.4029,2357.3892,9.6395,268.8345,5629.4583,15220.7442,2489.1288,3151.8861,3274.2112,1107.4695,40.7,21.4211,1468.4146,5635.8846,624.4243,3852.5802,545.1663,2384.1655,2497.6972,2680.8474,1468.4146,420.9241,2023.2204,2382.0234,225.9923,73.9027,3115.6952,623.3533,2422.7235,14537.4119,3492.7061,1743.6754,23.0384,2645.5026,1302.4013,76.0448,2.1421,196.0028,370.5846,3520.5535,1146.0275,41229.1412,1255.2749,159.587,310.6056,314.8898,8130.3687,2223.5075,2094.981,3.2132,4.2842,78.1869,2820.0844,78.1869,8931.5168,951.5455,196.0028,290.2556,11.7816,533.3847,2808.3028,414.4978,6750.8515,83.5422,2360.6024,4071.0751,2.1421,848.2745,11939.0356,830.0666,656.5559,4400.9597,2703.3395,9850.4809,111.3896,2795.4502,175.3101,6156.4167,0,623.3533,5297.4316,4664.4389,1.0711,6.4263,4.2842,565.5164,19.279,28.9184,2042.4994,4230.6621,7680.5261,1846.8393,369.5135,888.9746,617.998,1423.4304,1303.4724,0,8820.1272,224.9213,3027.8688,925.3904,4463.0808,2870.4239,2156.0311,236.5315,2196.7311,10262.8366,152.0896,894.3298,339.524,188.5055,7.4974,845.0614,3200.3085,3351.327,239.916,6.4263,371.6556,2721.5475,1780.027,462.6952,1.0711,1.0711,646.9164,565.5164,621.2111,24.6342,2609.0868,0,570.8716,885.7614,284.9003,522.6742,43.1206,10683.7607,1979.3072,705.246,3903.9907,1112.8248,3422.0166,18.2079,2448.4288,918.9641,760.4481,2790.0949,1.0711,1796.1571,245.2713,305.2503,1231.7118,809.7166,3552.6851,0,0,9.6395,668.3375,6.4263,1015.3589,89.9685,1715.828,1692.4041,10.7105,18.2079,119.958,8791.2088,436.9899,3837.5854,1990.0178,2952.8951,74.9738,0,12417.7966,100.679,4481.2887,1162.0933,6.4263,293.4687,419.8531,675.8349,342.7372,34.2737,10.7105,215.2818,624.4243,846.1324,86.7553,0,15852.6659,1353.8119,1298.1171,538.3866,7.4974,2442.0024,683.3323,14.9948,791.5087,2690.4869,1984.6625,249.5555,2655.1421,350.2346,1143.8854,0,589.0795,0,895.4009,48.1974,259.195,217.4239,922.1772,9.6395,13.9237,2.1421,12.8526,0,0,9.6395,0,1148.523,389.8635,198.1449,3.2132,652.336,48.1974
TCGA-AB-2916-03,0.3,862.4448,1961.7084,35.3461,267.4521,3696.0236,10.6038,8110.7511,2116.053,15559.2813,6883.0633,609.1311,888.3652,1224.1532,1768.4831,620.9131,643.299,662.1502,446.539,11539.3225,1665.9794,8.2474,3.5346,1019.1458,1956.9956,6494.2563,4440.3299,934.3152,633.8733,2.3564,8087.187,21.2077,391.1635,823.5641,5.891,5.891,3066.863,0,262.7393,88.3652,13365.5376,7.0692,80.1178,2171.4286,977.9087,8182.6215,5932.2533,3323.7113,2896.0236,2376.4359,1075.6996,9858.4389,2078.3505,1831.1399,7039.7644,2286.8925,620.9131,3.5346,675.1105,130.7806,374.6686,1323.1222,10977.3196,2463.623,983.7997,2944.4359,2431.8115,17802.651,4187.3343,1856.8483,62.4448,4318.1149,8.3299,1212.3711,4453.6082,1960.5302,413.5493,116.6421,5165.243,2289.2489,2402.3564,3.5346,127.2459,5815.6112,13584.6834,2828.866,2330.7923,2139.6171,504.271,48.3063,9.4256,1082.7688,5265.3903,657.4374,14114.8748,1283.0633,1598.8218,1477.4669,2901.9146,2146.6863,4.7128,1425.6259,2258.6156,181.4433,4543.1517,3000.8837,111.9293,2846.539,8272.1649,2709.8675,1952.2828,15.8586,2193.8144,2295.1399,32.9897,27.0987,161.4138,272.1649,3456.8483,493.6672,9109.8675,1212.3711,103.6819,175.5523,8114.2857,13161.7084,1716.6421,3553.461,2.3564,2.3564,0,870.6922,20.0295,5022.6804,430.8807,77.7614,170.8395,3.5346,677.4669,2126.6568,1953.461,9120.4713,333.4315,2220.9131,4479.5287,7.0692,521.944,15475.6996,816.4948,830.6333,5987.6289,2892.489,8902.5037,444.1826,1987.6289,79.6583,1128.7187,708.1001,38.8807,1820.324,3111.6348,4.7128,0,0,351.1046,17.673,29.4551,1503.3873,7207.0692,3681.8851,2536.6716,1233.5788,883.6524,946.0972,1155.8174,1743.7408,0,8213.2548,1207.6583,4762.2975,907.2165,7717.2312,1420.9131,5726.0677,1406.2209,1287.7761,5344.3299,336.9661,942.5626,135.4934,34.1679,5.891,616.2003,1556.4065,8681.0015,177.9087,86.0088,139.028,2448.3063,1278.3387,589.1016,1.1782,11.782,426.5096,649.8144,582.0324,11.782,2455.3756,9.4256,362.8866,812.9602,604.4183,1512.813,22.5272,31167.0103,1570.5449,676.1001,1643.5935,1726.0677,3897.4963,7.0692,2245.6554,566.7158,267.4521,1111.0457,1.1782,3055.081,63.623,150.81,688.0707,2060.6775,3480.4124,0,0,9.4256,989.6907,1.1782,1127.5405,810.6038,2285.7143,1434.9809,11.782,2.3564,7.0692,5437.408,82.4742,5887.4816,1894.5508,9103.9764,331.0751,94.2563,2986.7452,36.5243,2040.648,717.5258,1.1782,91.8999,221.5022,309.8675,49.4845,2372.9013,0,395.8763,89.5434,8746.9809,147.2754,0,51584.0943,3536.9661,1879.2342,63.0221,0,2504.8601,942.2327,1.1782,1132.2533,8107.2165,3762.0029,269.8085,2117.2312,65.9794,2248.0118,0,439.4698,1.1782,1981.7378,22.3859,24.7423,354.6392,366.4212,921.3549,0,54.1973,0,116.6421,0,235.6406,0,1181.7378,149.6318,200.2946,2.3564,1196.6657,3.5346
TCGA-AB-2919-03,0.3333333333,3692.7939,2760.4298,4.4248,603.6662,1224.3995,122.6296,8481.0367,3371.6814,2642.2061,4520.2276,1206.7004,1965.866,2066.3717,2025.2845,534.134,1840.0759,845.1327,303.4134,2632.1113,730.7206,12.6422,92.9204,5972.8192,2935.5247,3527.8129,4541.1947,1352.086,1169.4058,0,4522.1239,213.0215,1261.6941,600.5057,1.2642,53.0973,7015.1707,1.2642,19.5954,51.8331,14733.8812,32.2377,221.871,1166.8774,2518.9633,4726.9279,856.5107,5912.7686,6071.4286,2028.445,8931.0999,12708.0973,1384.9558,593.7547,6654.8673,5477.8761,1440.5815,10.1138,1118.2048,733.2491,1477.244,2834.3869,3053.7295,3504.4248,1115.0442,1398.9191,4816.6877,7887.4842,7118.2048,1395.7016,44.2478,3465.2339,22.2819,600.5057,3163.0847,3158.0278,204.804,16.4349,2855.2465,2194.0582,1108.091,4.4248,95.4488,3945.0063,13827.4336,2223.7674,2579.9241,4322.3767,1433.6283,530.9735,13.9064,1005.689,3550.5689,1130.2149,3556.89,506.3211,2391.909,2020.8597,2123.8938,1034.134,995.5752,3655.4994,2055.6258,231.9848,221.871,3475.3477,581.5424,1984.8293,24851.4539,1637.1681,1575.8534,20.9039,6917.8255,2109.9874,187.737,2.5284,157.3957,123.8938,2777.4968,1984.8293,22599.8736,1004.4248,316.6877,403.287,1554.3616,12783.818,2106.8268,3673.8306,6.3211,3.1606,0,2114.4121,2.5284,8103.6662,1973.3944,312.263,238.9381,67.0038,864.7282,3596.713,809.7345,4790.1391,186.4728,682.048,3079.0139,1.8963,1484.1972,7242.0986,1316.6877,716.8142,2774.9684,1646.6498,8659.9241,239.5702,2893.1732,399.2288,6220.6068,1.2642,4652.3388,5481.6688,3383.6915,2.5284,7.5853,0,520.2276,0.6321,268.0152,1427.3072,3694.0582,3876.1062,2328.6979,567.6359,1078.3818,500,1024.0202,788.8748,0,8094.1846,182.048,4149.8104,815.4235,2541.7193,1294.5638,1558.1542,667.0164,2891.2769,7821.1125,66.3717,1554.9937,202.2756,348.9254,14.5386,1386.8521,3644.7535,4401.3906,245.2592,12.0101,479.1403,2761.0619,4301.4539,455.1201,0.6321,1.8963,460.8091,336.9153,704.804,2.5284,1835.019,13.2743,1647.914,1120.7332,25.9166,828.0657,30.0948,9692.1618,1718.7105,389.0392,1441.2137,1138.4324,3865.9924,7.5853,1338.8116,771.1757,1890.0126,4843.8685,2.5284,1756.0051,337.5474,139.0645,1826.8015,518.3312,2639.6966,1.2642,0.6321,33.5019,978.5082,16.5107,838.1795,204.1719,1238.3059,1492.6991,30.3413,8.2174,319.8483,8242.7307,845.7649,2649.1783,2273.0721,1482.933,51.201,10.1138,11603.0341,32.2377,4716.8142,1000,0,237.0417,585.335,637.8003,630.847,57.5221,22.1239,52.4652,529.7092,2180.7838,199.115,2.5284,2837.5474,1738.3059,1288.2427,880.1264,0.6321,1807.2061,1016.4349,79.0139,501.2642,2718.7105,1104.9305,416.5613,2183.3123,233.8812,1054.3616,1.2642,507.5853,0,682.6802,168.1416,130.2149,417.1934,1579.0139,10.1138,4.4248,24.6523,5.0569,0,0,106.8268,0.6321,1276.2326,482.3009,231.9848,1657.3704,269.8483,108.091
TCGA-AB-2921-03,0.2666666667,1620.6897,2483.2375,1.9157,389.3678,787.3563,0,5633.1418,1972.2222,2950.1724,3772.0307,1259.0996,1739.9425,1814.6552,1787.8352,294.0613,806.0345,476.5326,392.2414,2824.7126,908.046,2.3946,127.3946,2312.7395,1922.8927,2051.7241,4436.4176,1294.0613,1095.7854,0,3580.4598,71.8391,822.318,557.4713,0.9579,17.2414,7878.3525,0.9579,35.9195,32.567,20035.4406,17.2414,183.908,4293.5824,1965.0383,3828.5441,1056.0345,2446.3602,3535.4406,1407.0881,3069.9234,5074.4828,1590.5172,744.1619,2809.387,2909.4828,1148.9464,3.8314,943.0077,115.9004,1075.6705,1799.3295,3586.6858,1728.4483,733.2375,1539.1284,3273.4674,4769.1571,8305.0766,1749.0421,223.1801,2404.6935,2.7586,460.249,3516.7625,2774.9042,263.8889,31.6092,2648.4674,2263.8889,2820.8812,34.0038,147.9885,3149.4253,12738.5057,1489.4636,1793.5728,2821.3602,1108.7165,29.6935,48.8506,1269.1571,3304.5977,956.4176,2168.5824,761.0153,2159.9617,1424.8084,1930.0766,1309.8659,433.908,2782.0881,1632.6628,76.1494,1489.4636,2436.3027,199.2337,3303.1609,19072.7969,2304.5977,2032.0881,11.0105,1709.7701,3152.2989,193.9655,3.3525,613.5057,729.4061,1819.4444,1704.5019,16285.4406,674.8084,2025.3831,315.1341,2871.6475,9189.6312,1416.6667,2476.0536,1.4368,1.4368,0,2555.5556,38.7931,5491.3793,945.7328,105.8429,617.8161,15.3257,570.3017,2668.1034,646.0728,4963.1226,79.023,740.4215,2098.1801,0,1173.3716,4237.069,1452.1073,733.7165,3825.6705,5040.2299,5347.7011,83.3333,2181.5134,285.1389,7810.3448,48.3716,373.5632,2570.8812,1579.023,3.3525,0,0,444.4444,20.5939,84.7701,7220.7854,4470.3065,3352.9693,1757.6628,917.1456,1446.3602,1133.1418,1180.0766,1326.6284,0.4789,3818.9655,349.6169,3688.2184,685.3448,4169.0613,1193.9655,1764.3678,1240.4837,2055.0766,8803.6398,330.4598,1438.6973,124.5211,100.0958,5.7471,529.2146,3811.7816,2519.636,193.0077,4.3103,254.3103,2240.9004,1771.0393,397.5096,0,1.9157,379.3103,714.0805,1014.8467,4.3103,1543.1034,5.2682,306.0345,653.2567,192.5287,531.1303,19.636,19715.0383,1037.3563,393.477,1639.3678,1603.9272,4148.9464,9.5785,1628.8314,756.705,969.3487,2252.3946,13.41,2142.2414,189.1762,121.1686,1369.2529,378.3525,1529.6935,0,0,15.8046,825.6705,0.9579,1183.4291,3706.4176,1642.7203,1512.9119,6.2261,2.8736,61.3027,6731.3218,441.092,3130.2682,2553.6398,3768.1992,53.1609,3.3525,7815.613,15.8046,4579.023,817.5287,0,287.8352,439.1762,349.569,245.6897,776.341,0.9579,431.0345,208.8123,2858.2375,246.1686,1.9157,80653.2567,1486.59,621.6475,510.0192,0.4789,1943.4866,812.6772,9.5785,642.7203,2225.5747,2115.4215,404.6935,2365.9004,504.3103,1913.3142,0.4789,486.1111,0,964.5594,40.2299,1046.9349,379.3103,843.3908,208.3333,12.931,15.3257,0.4789,16.7625,0.9579,57.4713,0,2324.8563,335.728,295.977,1.9157,536.6331,31.1303
TCGA-AB-2924-03,0.3333333333,1696.6581,3057.1979,7.0694,377.892,1143.3162,1.2853,7065.5527,2217.8663,4670.3021,3901.671,1013.4961,1715.2956,861.1825,1895.8869,568.1234,1026.9923,913.2391,187.6607,5859.8972,987.7892,41.7738,45.6298,1512.2108,2082.2622,4325.8355,5078.6697,955.6555,812.982,0.6427,5656.8123,50.7712,833.5476,665.8098,0,35.9897,12512.2108,0,16.0668,22.4936,14953.0848,5.1414,113.7532,2575.1928,1464.0103,3967.2237,2986.5039,1901.671,2755.1414,1201.7995,2445.3728,10082.7378,1482.0051,1014.3573,3221.7224,2840.617,815.5527,1.928,994.2159,96.401,814.91,1475.5784,3532.7763,2282.7763,703.7275,1641.3368,2920.9512,8896.5296,6329.6915,1855.3985,19.9229,3510.2828,1.2853,758.3548,4079.6915,2651.671,98.329,16.7095,4496.144,2492.2879,2572.6221,18.6375,70.0514,3874.6787,17222.365,1973.6504,2020.1671,2521.8509,870.8226,3.2134,12.2108,1048.8432,4447.9434,980.0771,6392.6735,676.7352,1664.5244,1788.5604,2774.4216,1566.1954,132.3907,2602.1851,1831.6195,216.581,2581.6195,2764.7815,245.5013,3283.419,15167.0951,2397.8149,1638.1748,14.4087,933.162,3651.671,162.5964,5.1414,99.6144,279.563,2474.2931,1034.7044,10697.9434,877.2494,146.5296,232.0051,3486.5039,8396.5296,1699.2288,6348.9717,3.2134,0.6427,0,767.3522,20.5656,5897.1722,999.9871,192.8021,64.91,5.7841,1115.6812,2891.3882,483.2905,6595.1157,147.8149,8036.6324,3231.3625,2.5707,880.4627,4586.1183,1411.9537,744.8586,3869.5373,3546.9152,6575.8355,432.5193,2802.0566,184.6015,1557.1979,201.1568,253.856,3281.491,2524.4216,6.4267,0.6427,0,408.7404,3.2134,23.7789,1260.2828,5163.2391,2539.8458,2755.7841,739.0746,1274.4216,875.964,992.9306,1072.6221,0.6427,5449.8715,296.2725,3578.4062,848.9717,7739.7172,803.9846,1851.5424,969.608,2551.4139,8172.8792,281.491,1610.5398,199.8715,123.3933,1.928,528.2776,1728.1491,7144.6015,215.2956,52.0566,245.5013,2120.8226,2671.581,388.8175,0,1.928,298.8432,757.1272,738.4319,2.5707,1642.0308,1.928,218.509,1039.8458,66.838,2206.2982,23.2519,29867.6093,1659.383,505.0257,1509.6401,1515.4242,3445.3728,23.7789,1804.6272,624.036,1057.1979,1940.2314,8.3548,2276.9923,183.8046,138.1748,1257.7121,1027.635,2812.3393,0,0,3.2134,962.0823,0.6427,890.7455,951.7995,1704.3702,1362.4679,7.0694,2.5707,354.7558,7792.4165,336.7609,3452.4422,2107.3265,5559.7686,48.8432,0.6427,9742.9306,3.2134,3517.3522,691.5167,0,160.6684,361.8252,421.6003,190.2314,241.6452,3.856,178.0206,210.1542,1743.5733,108.6118,1.2853,44511.5681,2450.5141,884.9614,222.1979,1.928,1733.2905,1072.6221,3.856,779.563,3706.9409,2055.2699,276.3496,2336.7609,158.7404,1289.8458,0,438.3033,0,1068.1234,356.6838,175.4499,402.9563,376.6067,351.5424,0.6427,280.8483,3.2134,10.2828,0,1.928,0,1821.9794,252.5707,448.5861,0,802.892,10.9254
TCGA-AB-2925-03,0.5333333333,1854.745,3568.754,0,325.3712,980.6327,0.6456,8973.5313,2887.6695,2504.1769,2857.3273,1163.3312,2266.6236,539.703,2048.4183,194.9645,1388.6378,827.6307,70.368,3840.5423,670.1097,49.7095,361.5236,4370.5617,2883.1504,4557.7792,4497.5016,1533.2473,679.7934,0.6456,5280.8263,60.0387,1120.723,473.2085,0.6456,83.2795,8034.2156,1.2912,10.3292,39.3802,15077.4693,25.8231,197.5468,3853.4538,2661.0717,2417.0433,1053.583,766.3008,2558.4248,873.4668,608.1343,7075.113,954.164,889.7482,2124.5965,3367.3338,1315.042,0,1232.408,38.0891,810.8457,1921.2395,3276.9529,1051.6462,1072.3047,1800.3744,2172.3693,4449.9677,9125.2421,1449.3221,9.6837,1839.2511,1.5429,359.5868,1914.7837,3659.7805,118.7863,10.9748,2995.481,1630.7295,1660.4261,716.5913,52.2918,2892.1885,8887.6695,1397.0303,1391.9045,3608.1343,1304.7127,10.9748,49.7095,1297.6114,2384.7644,1440.2841,3005.8102,626.856,3194.9645,1438.9929,2646.8689,1402.195,53.583,2690.1227,1030.3422,118.7863,1452.55,3670.7553,301.4848,2663.0084,23053.583,1347.9664,1528.0826,9.419,480.3099,6535.8296,378.9542,2.5823,72.9503,420.9167,1860.5552,2206.5849,4032.2789,561.0071,1061.3299,440.9296,2598.4506,10879.9225,2090.3809,7959.9742,1.9367,1.9367,0,494.5126,5.1646,5942.5436,1649.3932,331.827,113.6217,12.266,1064.0865,1701.0975,207.876,6440.9296,76.8238,2291.8012,2253.0665,3.8735,1595.8683,3326.0168,2357.0045,643.6411,2652.6791,4364.7515,4429.3092,348.612,2438.3473,380.8909,1696.5784,132.3434,38.0891,3851.5171,1196.2556,1.9367,1.9367,0.6456,345.3841,3.8735,81.3428,3770.1743,3914.7837,3480.9555,2666.0813,1355.7134,2480.9555,1726.275,1687.5403,1731.4396,0,5244.0284,242.0917,3035.5068,958.0374,9174.9516,453.8412,1125.2421,692.2402,2863.7831,7340.2195,342.8018,2515.1711,688.1859,530.6649,7.1014,845.0613,1723.0471,4043.8993,189.7999,109.7482,432.5371,2326.0168,3527.4177,469.9806,0.6456,0.6456,228.5345,685.6036,1393.8025,18.0762,1378.3086,8.3925,297.6114,903.8089,3.2279,3958.683,21.6527,23657.8438,820.5294,465.5907,1194.9645,1887.6695,2830.213,12.266,1378.3086,666.8819,2347.3209,3206.5849,107.1659,2914.1382,455.7779,116.8496,1966.43,283.4087,1025.8231,1.2912,5.1646,12.266,1018.0762,1.2912,748.8702,2932.8599,1781.7947,1119.0575,27.7598,14.2027,163.9768,8169.1414,757.9083,2416.3977,2581.02,4115.5584,14.2027,3.2279,7730.1485,56.8108,3890.2518,386.7011,0.6456,397.0303,367.3338,433.9703,542.2853,188.5087,0.6456,361.5236,191.7366,939.9613,51.6462,183.9897,64330.5358,2499.0316,630.7295,335.5972,0,1075.5326,1036.7979,3.2279,244.674,2145.255,1219.4964,442.2208,1666.8819,150.4196,1677.8567,0,446.0943,0.6456,914.7837,109.7482,258.8767,83.9251,378.9542,328.5991,3.8735,284.6998,5.1646,45.836,0,16.1394,0,3130.4067,376.3719,429.3092,0,1273.5249,61.9755
TCGA-AB-2927-03,0.6,1352.3404,2544.6809,18.7234,283.4043,1301.2766,119.1489,8194.0426,3605.9574,4742.9447,5565.1064,1104.6809,1914.0426,1474.8936,1159.1489,342.9787,698.7234,711.4894,2620.4255,3950.6383,908.0851,91.9149,24.6809,2394.0426,4594.0426,5938.7234,4898.7489,1442.5532,929.3617,5.1064,5128.5106,98.7234,1248.5106,936.1702,70.6383,26.383,11982.9787,0,255.3191,142.1277,20110.6383,19.5745,220.4255,1227.234,2378.7234,4931.9149,1915.7447,7157.4468,4062.9787,1714.0426,1754.0426,8201.2255,1617.8723,1069.8809,2971.9149,2706.383,1004.2553,9.3617,941.2766,442.5532,721.7021,1714.8936,3447.6596,1846.8085,951.4894,2083.7447,4774.4681,7823.8298,6254.4681,1268.9362,564.2553,2691.0638,97.5915,725.9574,5724.2553,3161.7021,793.1915,182.9787,3185.5319,2271.4894,2665.5319,138.7234,278.2979,4159.1489,19251.9149,1554.0426,2298.2638,2920,1241.7021,155.7447,132.766,1288.5106,3200.8511,1352.3404,3250.2128,4368.5106,1903.8298,1954.0426,3482.5532,1365.1064,19.5745,3068.0851,1667.234,207.6596,2622.9787,4052.766,167.6596,2829.7872,10285.9574,1631.4894,1554.8936,957.9915,4176.1702,4316.5957,267.234,11.9149,715.7447,828.9362,2208.5106,1329.3617,9307.234,1474.8936,289.3617,382.1277,6654.4681,12766.8085,2130.2128,38430.6383,34.8936,10.2128,0,4120,105.5319,11112.3404,1336.5872,210.2128,418.7234,11.9149,866.383,2222.1277,1721.7021,8169.3617,607.6596,23473.1915,2565.1064,17.0213,981.2766,8577.8723,1866.383,665.5319,3795.7447,1908.9362,11382.1277,122.5532,2295.3191,352.9191,1207.6596,360,2.5532,3712.3404,2170.2128,17.8723,109.7872,0.8511,214.4681,22.9787,331.0638,1514.8936,3388.9362,3652.766,2760.8511,919.1489,1827.234,862.9787,1107.234,836.5957,0,5777.8723,1030.6383,3745.5319,847.6596,6297.8723,1216.1702,3000.8511,2628.1106,2648.5106,5622.1277,970.2128,1803.4043,271.4894,461.2766,64.6809,804.2553,3553.1915,5647.6596,195.7447,15.3191,236.5957,2054.4681,2760.8511,408.5106,3.4043,291.0638,349.7872,546.383,689.3617,126.8085,1253.617,38.2979,2274.0426,714.8936,374.4681,5311.4894,36.7319,36124.2553,1018.7234,492.2298,1104.6809,3883.4043,3065.5319,31.4894,764.2553,635.7447,1167.6596,2888.5106,35.7447,3345.5319,248.5106,138.7234,1403.4043,777.8723,3211.0638,19.5745,0.8511,135.3191,424.6809,3.4043,1291.9149,2837.4468,1874.8936,904.0681,87.6596,5.9574,43.4043,7997.4468,494.4681,4831.4894,2481.7021,3688.5106,474.8936,531.0638,8699.5745,141.2766,3448.5106,596.5957,6.8085,209.3617,295.3191,511.8723,293.617,1324.2553,28.0851,280.8511,204.2553,4364.2553,528.5106,5.1064,194648.5106,2988.0851,964.2553,352.034,5.1064,4231.4894,311.4894,2.5532,1407.6596,3256.1702,868.9362,533.617,1949.7872,828.0851,3862.1277,1.7021,377.0213,3.4043,1142.9787,388.0851,30.6383,738.7234,2507.234,238.2979,0.8511,20.4255,2.5532,97.0213,2.5532,522.5532,0,2745.5319,382.9787,339.5745,5.9574,965.9064,12.766
TCGA-AB-2931-03,0.3666666667,2089.3084,5835.1881,3.3808,605.1557,1947.88,2.2538,7158.7548,2914.7767,3947.5701,4699.8169,932.5257,1643.0483,1488.6604,2449.9225,507.1137,946.6122,424.2851,547.6828,3470.3479,981.5467,1.1269,100.2958,2603.747,2891.6749,3922.806,6240.2648,1485.2796,1170.3057,0,5985.6318,109.8746,848.5702,464.8542,0,125.6515,9346.6685,0.5635,11.8327,15.7769,17798.5632,15.2134,148.1899,3982.5328,2595.8586,4366.8122,917.3123,1078.4618,2887.1672,990.5621,735.8783,10794.078,2177.7715,745.2768,3801.6622,4813.6357,1326.9475,5.0711,945.4853,123.3977,1436.2586,2000.2817,2779.5464,2603.747,678.4054,1449.5337,4880.6874,6507.9589,6465.6994,1817.7208,15.7769,3451.7538,1.3748,691.365,4174.109,3426.3981,102.5497,20.848,3080.9973,2322.0172,630.5113,7.8884,74.9401,4559.5154,16348.7815,1964.7838,2472.3482,4304.2682,1341.0339,35.498,126.215,1443.5836,3444.9923,1226.0882,3745.3162,1916.3262,2794.1964,2057.7546,2317.5095,1114.5232,642.9075,3044.9359,2032.9624,193.2667,185.9417,3364.4175,155.5149,3457.3884,16606.846,3304.1273,1643.0483,16.0361,2639.8084,5383.8569,77.7574,8.4519,112.6919,249.6126,2495.5628,1508.3815,23795.4641,610.2268,316.1009,162.8398,580.9269,1470.6297,1924.2147,3441.6115,2.8173,1.1269,0,2873.0807,0.5635,7211.72,813.4892,198.3378,36.0614,6.7615,879.414,3190.872,432.1735,5501.0565,50.7114,1108.8886,2869.1365,0,1306.6629,7468.6576,1486.97,690.2381,4456.4023,2129.314,5534.3006,256.9376,2854.4865,352.5961,2833.6385,3.3808,735.8783,3615.7205,2436.963,509.931,0,0,371.3199,1.1269,21.9749,8814.1992,4837.8645,4176.3629,2267.3616,1022.6793,1657.1348,753.909,1270.6015,877.3067,0.5635,7438.2307,1404.7049,4358.3603,937.0334,3615.7205,1879.7014,1998.0279,245.8262,2607.1278,9787.8574,29.8634,907.17,116.0727,122.2707,9.0154,983.8005,5377.0954,1755.7402,258.0645,18.5942,254.6838,3118.1857,2596.9742,404.0006,0.5635,1.1269,343.7104,432.5116,809.128,3.3808,2199.7464,0.5635,639.5267,1000.1409,41.1326,410.7621,21.5805,14098.3237,1443.5836,393.4582,1225.5247,2661.2199,3218.4815,14.0865,3384.1386,707.1419,778.1378,2004.2259,0.5635,2119.1717,143.6822,135.2303,1572.6159,665.4458,2231.8636,0,0,17.4672,318.3547,1.6904,1949.5704,782.082,1626.1445,1369.2576,32.1172,3.9442,74.3767,8171.8552,384.8429,3015.0725,2595.8586,4503.7329,314.4105,26.4826,6606.0008,21.4115,6305.6769,1065.5022,0.5635,171.8552,464.8542,458.2336,213.5512,78.8843,10.7057,107.6208,234.3992,1378.7857,60.8536,1.1269,26615.5797,3208.9027,898.1547,513.4188,0.5635,2731.0889,912.7934,8.4519,496.4079,2674.1795,1304.4091,336.9489,2232.4271,54.6556,1199.6056,0,447.9504,2.8173,913.3681,64.7979,708.2688,54.6556,1826.7362,21.9749,1.1269,67.6152,2.8173,4.5077,0.5635,45.0768,0.5635,1899.4225,351.5988,237.78,26.4826,1100.6057,112.6919
TCGA-AB-2932-03,0.2,1734.0302,4758.4204,1.7422,331.5912,968.0604,0,7439.6051,2458.7689,4262.4506,2293.8444,1574.3322,2072.0093,378.0488,1909.9884,259.0012,1073.7515,887.3403,55.1684,5712.5436,775.2613,4.065,59.8142,3371.6609,2931.475,4797.9094,5829.7503,1263.6469,642.2764,0.5807,5613.8211,30.7782,680.0232,675.9582,0.5807,15.0987,7914.6341,0,10.453,41.2311,17232.8688,14.518,211.9628,2054.007,2293.8444,3385.0174,2163.1823,2908.2462,2654.4715,961.6725,472.1254,7162.0267,1295.0058,1313.7224,2925.6678,2314.7503,1131.2427,1.1614,883.2753,49.3612,588.8502,1365.2729,5817.6539,1248.5482,931.475,1435.2265,3128.9199,10247.9675,3859.4657,1675.9582,12.1951,2400.6969,9.5122,519.1638,2185.8304,3842.6249,106.2718,19.1638,3051.6841,1828.1069,1879.2102,52.8455,44.7154,2885.0174,12596.3995,1873.9837,1534.7096,3259.0012,1150.9872,5.2265,10.453,1137.0499,3191.0569,1490.7085,4768.2927,2410.5691,1828.6876,1555.1684,2614.4019,1515.6794,58.072,3465.1568,959.9303,168.4088,3064.4599,3646.9222,202.0906,2932.0557,16798.4901,1801.3937,1582.4623,15.4762,722.4158,5438.4437,192.2184,0.5807,89.4309,418.1185,2133.5656,1336.8177,5147.5029,926.2485,343.2056,289.7793,5794.4251,9691.0569,1497.0964,7426.2485,2.9036,1.1614,0,262.4855,6.9686,3865.8537,1507.3868,267.712,60.3949,3.4843,1465.9872,1643.4379,178.8618,6481.9977,70.8479,1352.4971,2113.2404,12.7758,1176.5389,4033.6818,2128.3391,550.5226,3955.8653,2239.8374,5049.3612,649.2451,2157.9559,329.3554,579.5587,67.9443,49.3612,3583.6237,1926.2485,4.065,5.8072,0,325.784,16.8409,65.6214,1065.6214,5248.5482,3407.6539,3386.0801,1475.029,1824.6225,1202.6713,1272.9384,1008.7108,0,5352.4971,569.6864,4045.2962,1322.8804,9323.4611,395.4704,1978.5134,1432.2242,3253.194,5845.5285,310.6852,2165.5052,130.662,252.0325,8.7108,572.59,1667.2474,6650.4065,152.1487,86.5273,299.6516,2145.7607,3164.9013,269.4541,0.5807,0.5807,232.288,740.6969,801.3937,9.8722,1548.1998,6.3879,428.5714,998.2578,3.4843,3870.4994,30.8653,32241.5796,653.8908,334.2276,1042.9733,6174.7967,2972.7062,5.2265,1060.3949,574.3322,1860.6272,3155.0523,193.3798,3885.5981,331.5912,99.8839,1742.1603,622.5319,1551.1034,1.7422,1.1614,4.065,1484.9013,1.7422,727.0616,2755.5168,1541.2311,841.0511,37.1661,3.4843,113.2404,7444.8316,560.9756,3776.4228,2549.3612,6717.77,22.6481,4.6458,6004.065,48.7805,3450.6388,525.5517,0,130.0813,320.5575,430.3717,340.8827,130.0813,4.6458,181.1847,295.5865,1256.0976,52.8455,15.0987,62486.6434,3637.0499,684.669,181.5796,0,1213.705,759.5819,5.2265,314.7503,4044.1347,1035.4239,393.7282,2063.2985,166.0859,2220.6736,0.5807,435.5401,0,1064.4599,62.7178,134.7271,959.3496,221.2544,409.9884,1.1614,411.1498,0.5807,9.8722,0.5807,9.2915,1.1614,1975.7956,224.7387,352.4971,1.7422,1075.4878,5.2265
TCGA-AB-2933-03,0.03333333333,1588.5526,2160.7181,25.5888,371.5494,2756.4253,33.7772,9637.765,2115.6818,5502.6152,6708.3593,657.1203,1301.9581,2422.7474,1779.9568,472.881,2202.6838,1778.9333,2165.8359,4550.7119,1175.0376,102.3552,12.2826,1272.275,1594.6939,5508.7565,3729.0556,1494.3858,967.2566,0,7049.2021,66.5309,887.4195,854.6659,24.5652,8.1884,7547.6719,0,129.9911,52.2011,19305.2129,12.2826,93.1432,905.8435,2213.9428,5618.2765,3365.4387,1931.4425,1978.5259,1176.0612,2256.932,8339.0516,1904.8301,1618.3687,4201.6807,2060.41,731.8396,3.0707,923.2438,180.1451,920.1732,2365.4285,6729.8539,3944.7691,1281.487,1746.8858,3197.5762,12939.7435,7728.8406,2206.778,20.471,3714.47,7.9018,682.7091,3946.8162,2967.277,215.9695,15.3533,4734.9512,2336.7691,2806.5794,147.3915,223.1343,5248.7743,8969.3856,2615.1752,2473.925,2395.1115,1095.2006,223.1343,40.9421,1729.8028,4317.342,479.0223,6729.8539,1035.8346,1438.0905,1356.2063,2992.8658,1515.8804,1.0236,1649.9657,1724.685,277.3826,2194.4953,4080.9015,767.6639,2751.3076,10541.5613,1625.4005,2202.6838,261.0057,5622.3708,4115.7023,226.205,9.212,417.6092,272.2648,3580.3847,1670.4367,12964.3087,1291.7225,326.5131,254.8644,2926.335,9022.6103,2232.3668,11949.9688,2.0471,4.0942,0,1529.1866,110.5436,6988.8126,1038.9769,349.0312,148.415,3.0707,313.3297,2319.3687,1186.2967,9789.2507,1518.9511,856.713,4487.2517,2.0471,733.8867,10834.2972,1145.3546,453.4335,5122.8774,2943.7354,7643.8858,195.4984,2032.7741,139.807,2394.088,828.0535,249.7467,3712.4228,2597.7748,0,0,0,481.0694,12.2826,58.3425,852.6188,6487.2721,4088.0664,2450.3833,2007.1853,1375.6538,941.6678,1374.6302,1570.1287,0,6566.0856,630.508,4641.808,807.5825,8770.8165,458.5513,2654.0702,1161.6188,1290.699,6731.901,1310.1465,1164.8021,263.0528,226.205,176.0509,1204.7206,2842.4037,5627.4885,200.6162,76.7664,456.5042,2419.6768,1880.2649,403.2795,0,551.6945,458.5513,585.4615,678.6149,16.3768,2405.347,18.4239,614.1312,472.881,141.2502,3240.5654,21.5662,13707.4074,1012.2929,679.2802,1417.6194,1142.284,2928.3821,14.3297,1341.8766,556.8122,736.9574,2385.8995,6.1413,4003.1116,327.5366,239.5112,1032.7639,803.4883,3201.6704,0,0,57.3189,755.3813,2.0471,756.4049,753.3342,2161.7417,1519.7801,16.3768,29.683,207.781,5497.4974,326.5131,5479.0735,1854.6761,5793.3039,158.6505,151.4857,5192.4789,80.8606,3827.0607,796.3234,5.1178,292.7359,364.8553,403.2795,327.5366,629.4844,4.0942,137.156,316.2775,3439.1345,244.6289,9.212,107993.8382,2679.659,1163.7785,253.9739,0,2283.5444,931.4323,1.0236,871.0427,5047.1346,2488.2547,216.993,1882.312,276.359,3839.3433,0,296.8301,1.0236,1332.6646,40.9421,49.1305,142.2737,745.1458,240.5347,3.0707,155.5799,0,44.0127,0,182.1922,0,682.7091,306.042,218.0166,0,615.0728,15.3533
TCGA-AB-2934-03,0.2666666667,2043.6052,3257.747,4.2428,251.0311,1320.2114,14.8497,6780.6678,2858.2187,3447.2225,3746.3737,1004.8315,1727.5181,892.3978,1137.7719,412.9638,589.7463,351.4435,1175.2497,3708.1887,753.0933,28.9923,32.528,1132.822,3690.5105,3731.524,5183.8343,1230.4059,1062.8161,0,5250.4389,60.106,753.0933,717.7368,0,19.7996,7209.8956,0,39.5993,43.842,17924.3265,19.0925,169.004,1876.7225,1434.0593,4785.8546,2093.1042,6331.6403,3277.5467,913.6117,1428.4022,8280.9002,1245.2556,1673.4793,2756.392,3201.1767,1125.0435,2.1214,783.4998,471.6556,591.8677,1214.849,6398.1105,1755.0962,618.7386,1746.4268,5674.7168,8204.8272,3695.4604,1198.585,142.1331,2587.388,4.066,569.9466,2491.2183,2810.841,185.268,30.4066,2909.8392,1752.9748,1594.5777,29.6995,113.1408,3245.0187,17569.3473,1458.1017,1547.2,2728.8139,940.4827,30.4066,129.4048,1412.8454,2942.3672,1130.7006,3993.8692,3439.4794,1482.8512,2523.0392,1823.6878,1187.9781,29.6995,3677.075,1709.1328,132.9404,3723.0385,3129.0494,134.3547,2338.4783,11884.0236,2189.981,1163.2285,31.3329,2368.1777,5372.7723,111.0194,38.8921,539.54,434.1777,2146.139,985.739,10354.5019,767.2358,837.2417,237.5956,4961.2228,14187.1454,1493.4582,4304.2992,0.7071,2.1214,0,2071.1832,24.0424,6017.6747,793.4774,107.4837,33.9422,17.6782,1308.8973,2375.249,446.906,5509.9555,548.7327,6860.5734,2602.2377,0.7071,916.4402,10252.6752,1734.5894,643.4881,4582.2012,1748.732,6462.4594,153.4472,2625.573,280.2285,2715.3785,474.4841,1286.2691,2395.0487,1996.2275,23.3353,0,0.7071,346.4936,36.0636,28.9923,4065.9964,4611.1935,2878.7255,2649.3255,2765.5847,1250.9126,882.498,960.9894,1137.0647,0.7071,5063.7566,1016.1455,5035.4714,857.7485,5560.1617,388.9214,3305.1247,2557.5683,3117.7353,4815.554,134.3547,1755.8033,118.7978,77.7843,10.6069,801.8852,2899.2322,3255.6257,175.3682,177.4896,173.2468,2360.3993,2525.797,345.0793,0,218.5031,306.8943,684.5017,576.3108,33.9422,1367.5891,10.6069,424.2779,990.6889,233.3528,3010.2516,32.8957,26595.8594,1057.1591,434.1706,931.9971,2619.2088,3237.9474,20.5068,1209.192,622.9814,832.9989,2974.188,71.4201,2450.2048,111.7265,101.8267,1504.7722,745.3148,1851.973,0,1.4143,20.5068,625.1028,0,1120.8008,1108.7795,1228.2845,1226.7005,10.6069,1.4143,22.6282,6393.1606,423.5708,2778.313,2049.9693,5128.8125,229.1101,8.4856,2885.7968,45.2563,2884.3825,609.5459,7.7784,172.5397,330.9368,683.7945,185.9751,1330.8183,8.4856,405.8925,217.0889,2685.679,552.9755,7.7784,83037.5468,2519.5035,982.9104,283.1418,0,2395.7558,509.1335,9.1927,481.5554,3368.7664,1806.7167,411.5496,1919.8574,289.2161,1987.7419,0,453.9773,0,1195.7565,90.5126,193.7536,507.7192,782.0856,333.0581,2.1214,49.4991,1.4143,39.5993,0,77.0771,0,2154.8508,280.7305,212.8461,0,922.861,4.2428
TCGA-AB-2936-03,0.1666666667,1719.1732,2056.3079,9.2659,446.8995,1970.0641,195.2958,8199.5723,3993.5852,6824.6329,5488.2395,1171.7748,1794.7256,2453.3143,1834.6401,781.8959,848.8952,1019.2445,1382.0385,6743.407,1242.3378,313.6137,7.1276,1025.6593,3647.1846,6615.1105,4512.4448,1188.881,1229.5082,0.7128,7751.9601,109.7648,1579.4726,750.5346,18.5317,13.5424,20908.7669,0,120.4562,71.2758,13116.1796,20.67,119.0306,826.087,2205.9872,6895.2245,2363.5068,8348.5388,6560.9408,2454.7398,10695.6522,14714.9323,1588.0257,673.015,2327.1561,5103.35,812.5445,1.4255,1040.6272,1267.2844,1130.4348,2396.2937,2583.0364,4803.2787,732.0029,1408.8026,5942.2666,9253.0292,4608.6957,1848.1825,330.0071,3384.8895,6.5716,1178.9024,7504.6329,2681.397,391.3043,193.8703,3885.9587,2921.5966,3071.9886,34.9252,348.5388,5963.6493,23255.8803,1967.9259,2663.2074,2395.5809,879.5438,117.6051,44.9038,1181.7534,6024.9465,1054.1696,3344.9751,925.1604,1208.8382,2351.3899,2321.454,1285.1033,173.913,3223.8061,2151.1048,288.6671,1391.3043,3989.3086,481.1119,3616.536,7278.6885,2133.2858,1414.1126,20.4704,5965.7876,2851.7463,131.1475,27.7976,647.8974,761.9387,3315.752,982.8938,26237.3485,1060.5845,159.6579,285.1033,1221.6679,11496.7926,2424.0912,4437.6336,7.1276,4.9893,0,4295.082,44.9038,8889.5225,1142.9793,140.4134,410.5488,11.4041,948.2324,4315.752,3347.1133,8176.0513,307.1989,960.7983,4334.9964,4.2766,988.5959,16732.7156,1303.6351,693.5139,4682.8225,2059.1589,11023.521,124.7327,2767.6408,277.4555,2756.2366,20.67,400.5702,4415.5381,3641.4825,7.1276,7.8403,13.5424,510.335,4.9893,61.2972,4536.7071,3685.6736,4724.8681,2310.8838,543.1219,1645.7591,538.8453,893.799,780.4704,0,7478.9736,691.3756,4642.1953,686.3863,5315.752,3003.5638,2572.345,2087.5624,2400.5702,7318.603,1776.1939,1363.5068,240.9123,173.2003,12.1169,773.3428,3863.8632,2191.732,208.1254,19.9572,317.1775,2482.5374,2619.3371,362.0813,0,1.4255,440.4847,662.8653,508.1967,13.5424,2087.6693,18.5317,545.2602,991.4469,1595.1532,892.3735,28.5388,10441.9102,1725.588,534.8468,1789.7363,1382.0385,3904.4904,20.67,917.32,713.4711,691.3756,4019.9572,2.1383,1937.2773,171.062,171.7748,1290.8054,1234.4975,5902.3521,0,0,19.2445,141.1262,5.7021,2696.3649,100.4989,1682.8225,1523.8988,20.67,5.7021,9.9786,6471.1333,372.7726,4496.0798,2481.1119,2345.6878,228.0827,306.4861,11647.8974,116.1796,3646.4718,885.9587,1.4255,232.3592,442.623,678.3393,251.6037,86.2438,3.5638,196.0086,210.2637,3053.4569,843.1932,3.5638,54781.8959,2255.8803,1393.4426,237.0278,0.7128,3334.9964,331.4326,7.1276,2683.5353,2141.8389,2067.712,426.2295,2513.8988,473.2716,2173.2003,1.4255,459.0164,0.7128,1348.5388,597.2915,30.6486,382.0385,1235.2103,441.9102,0.7128,121.8817,0.7128,21.3828,0,598.0043,0,1592.9223,334.2837,528.8667,2.851,326.1511,17.1062
TCGA-AB-2938-03,0.5666666667,1858.9587,2724.7083,6.2685,486.1571,1445.9342,74.5255,9052.4116,3692.147,4810.7122,7079.2269,924.2556,2425.2133,531.4296,2814.5569,468.0481,1457.7747,1383.2492,449.2426,1082.3611,1424.3427,2462.1278,148.3545,156.7125,1746.8222,3644.0885,5445.1262,1425.0392,722.2706,20.895,5535.7827,257.0085,919.3801,810.7261,2.786,406.0596,64.7745,0,160.195,119.1015,17542.7477,21.5915,116.3155,1845.0287,2588.1943,5023.1586,2768.5878,2040.7453,2951.7674,1672.2967,3117.5344,7229.5386,1508.6192,700.108,2240.6408,3301.4104,1204.2487,31.3425,1195.1941,2990.7714,1620.0592,2285.9133,1813.6862,1273.2022,1223.7507,3188.9883,1512.1017,7275.6399,6981.7169,2874.4559,87.759,3403.7959,222.8661,1288.5252,3020.0244,3264.4959,520.2856,70.3465,2689.8833,3314.6439,2180.0453,13.93,195.7165,4430.4371,12496.6046,1736.3747,2179.3488,11554.9364,1157.5831,128.156,40.397,1234.1982,5722.4447,754.3096,2942.7129,1027.3376,4058.506,2223.2283,5803.2387,1158.2796,162.981,2107.6093,1288.5252,299.495,335.0165,7892.739,339.892,6432.1783,19148.1804,1379.0702,1168.7271,1360.6965,5874.9782,4162.981,482.6746,202.6815,287.6545,275.1175,2857.7399,2411.2833,21245.3422,855.9986,999.4776,481.9781,1265.5407,667.2471,2416.8553,2724.0118,98.903,3.4825,0,2261.5358,34.825,3527.0764,869.3993,291.8335,240.989,23.681,622.6711,3162.1104,160.195,6136.1658,699.2861,1110.2211,3169.0754,352.429,5202.1592,10152.8818,6379.2443,776.5976,3577.2244,2299.1468,4706.9476,278.6,2318.6488,187.6998,6051.8893,73.1325,133.728,3440.7104,2788.0898,897.7886,173.4285,94.724,465.2621,71.043,851.1231,5852.6902,4243.775,5477.9732,2756.0508,478.4956,1469.6152,761.9711,1134.5986,1056.5906,1.393,6209.9948,523.0716,3998.607,619.8851,2916.9424,4412.3281,3471.3564,1227.9575,1927.2157,8969.5281,134.4245,1683.4407,440.8846,828.8351,586.4531,1590.1097,1846.4217,1383.2492,339.1955,52.934,512.6241,3658.715,1258.5757,642.8696,3357.8269,12.537,392.1295,352.0878,752.9166,156.016,1388.1247,108.654,1517.6737,350.3395,289.0475,1710.6042,86.965,9154.1006,961.1701,528.3789,1939.0562,1335.8872,1425.0392,59.2025,4952.1156,672.8191,1001.5671,2600.0348,142.7825,3131.4644,279.2965,192.234,1544.1407,395.612,2275.4658,25.7705,6.965,29.9495,204.771,85.4884,2939.9269,316.211,2129.2008,1614.6056,174.125,2.786,179.0005,5429.9147,353.1255,3479.0179,1909.8032,3053.4564,610.8306,43.8795,6452.3768,1195.1941,7451.1579,664.4611,302.281,333.6235,193.627,385.1645,328.0515,405.3631,1025.2481,2147.3098,307.1565,2709.3853,141.3895,9.0545,13915.3752,2853.5609,1055.1976,352.9862,105.868,2155.6678,988.3336,4.8755,1291.3112,2992.1644,1216.0892,898.4851,2554.0658,1348.4242,1666.0282,7.6615,682.5701,29.9495,1000.1741,3212.9549,321.0865,372.6275,263.277,52.934,0,258.4015,147.658,30.646,4.179,40.397,20.895,1039.9303,522.3751,227.059,23.681,417.0503,48.0585
TCGA-AB-2940-03,0.1,3111.7965,2627.6022,1.542,393.9861,1884.3485,1.542,11259.8304,2727.0625,3276.7926,5516.5767,1242.8682,1966.8466,1673.0918,2352.3516,423.2845,2042.4056,1272.9375,238.2421,3754.0478,952.9684,14.6492,235.1581,6622.9761,2236.7001,4726.2914,3553.9938,1387.047,1614.495,2.313,5973.0146,89.4372,1302.2359,646.1064,2.313,37.7795,2279.1056,0,60.1388,40.8635,18463.377,16.9622,187.3554,1743.2537,3348.4965,4791.0563,1406.3223,3635.3123,3057.8258,1398.6122,4300.6939,10305.3894,1467.2321,1179.283,2249.0362,4070.1619,1146.4919,6.1681,1061.6808,410.1773,1667.6947,2609.8689,2797.2244,3015.4202,1111.0254,2160.1311,4862.7602,6335.3894,8713.9553,1989.9769,84.8111,3747.8797,28.643,925.983,2986.8928,2670.7787,415.5744,69.3909,5555.8982,2962.2205,3056.2837,3.8551,181.1874,4708.5582,11074.788,2607.5559,2045.4279,4382.421,1247.4942,12.3362,20.0463,1343.8705,4589.0517,1362.3747,2657.6715,1221.2799,2862.7602,1754.0478,2893.6006,1108.7124,253.6623,2601.3878,1942.9453,212.0278,1229.761,4355.4356,596.7618,2639.9383,20000.771,1506.5536,2091.7502,36.2375,6311.488,2796.4534,235.1581,31.6114,302.2359,205.0887,2819.5837,1860.4472,32651.5035,486.5073,399.3832,377.0239,1759.4449,4873.5544,2578.2575,2018.5042,12.3362,2.313,3.8551,2103.3153,9.2521,6782.5752,1783.5544,316.1141,422.5135,9.2521,1069.3909,2307.633,1700.8481,7187.3554,378.5659,292.9838,2896.6847,27.7564,1565.1503,9890.5166,1878.1804,822.6677,4447.1858,2698.5351,5990.7479,118.7355,3272.9375,258.3192,3103.3153,125.6746,1034.6955,5413.2614,2570.5474,95.6052,23.1303,0.771,535.081,8.4811,47.0316,2494.2174,4922.128,4580.5705,2604.1095,956.0524,1414.0324,776.4071,1356.2066,1041.6345,0,6725.5204,164.2251,4201.2336,954.5104,4976.0987,1989.9769,1841.1719,1819.7456,2361.6037,8690.054,239.0131,1582.8836,494.9884,370.8558,9.2521,1455.6669,4502.6985,1815.7286,298.3809,67.0779,704.7032,3160.3701,3083.963,535.081,0,4.6261,431.7656,769.1288,801.8504,35.4665,2092.5212,16.1912,797.2244,744.7957,230.532,776.4071,15.4973,8797.2244,1195.8365,668.165,1417.8874,1471.8581,2317.6561,15.4202,2334.6184,743.2537,1531.2259,8614.495,16.1912,2371.6268,306.862,189.6685,1627.6022,616.808,2028.5274,3.8551,0,19.2753,853.5081,3.084,1952.9684,512.7217,1757.1318,1362.7679,44.7186,10.0231,10.7941,6242.0971,639.9383,3957.5944,2551.2722,3427.1396,101.0023,2.313,8079.414,127.2167,4706.2452,799.5374,2.313,280.6476,478.7972,650.7325,464.148,702.3901,13.8782,572.0894,590.5937,1325.3662,207.4017,17.7332,20861.2182,768.697,1166.5382,500.9329,3.084,2636.8543,1043.9476,10.7941,777.1781,2740.9406,2337.7024,488.8204,2025.4433,185.8134,2588.2806,1.542,579.0285,0,1040.8635,1112.5675,160.3701,463.377,1097.9183,50.1157,0,127.9877,1.542,31.6114,2.313,14.6492,0,1191.2105,501.9275,39.3215,0.771,537.9877,3.084
TCGA-AB-2948-03,0.06666666667,2086.3747,3474.4526,8.5158,405.7178,1588.1995,47.4453,8136.253,2729.927,4253.0292,3142.3358,1267.0316,2065.6934,682.4818,2209.854,418.4915,1402.0681,958.0292,316.91,7017.0316,948.9051,197.6886,144.7689,2324.8175,3113.1387,5694.6472,3703.1204,1201.9465,560.219,3.0414,6400.2433,109.4891,1224.4526,885.0365,0.6083,76.0341,3703.7713,0.6083,69.9513,67.5182,17397.8102,8.5158,151.4599,1866.7883,2291.3625,4699.5134,2773.7226,3261.5572,2961.6788,1324.2092,843.0657,10721.8796,1263.9903,1592.3844,4769.4647,2989.0511,899.0268,3.6496,1112.5304,267.0316,971.4112,1814.4769,5249.3917,1725.0608,712.8954,1797.5547,3890.5109,11784.0633,4807.7859,1813.2603,60.8273,2979.927,16.7762,695.2555,2869.2214,3247.5669,215.9367,38.9294,3771.8978,2076.0341,1885.0365,241.4842,104.6229,3696.472,13594.2822,1812.6521,1983.0049,2815.6934,959.854,56.5693,13.382,1000.6083,4665.4501,1003.0414,5632.6034,1387.4696,2328.4672,1872.871,2330.292,1677.0073,11.5572,2580.292,1549.2701,281.0219,4931.8735,4204.3796,504.2579,2889.9027,12296.2287,2315.0852,1599.7567,12.2749,1628.9538,6560.8273,329.0754,8.5158,201.3382,320.5596,2311.4355,1163.6253,5669.0998,608.8808,412.4088,316.3017,6633.2117,17818.7348,1814.4769,6268.8564,16.4234,3.0414,0,409.3674,84.5499,3768.2482,1714.0146,349.7567,218.3698,1.8248,1228.9477,2153.8929,864.3552,8049.8783,569.9513,12712.8954,3231.1436,10.3406,1116.18,6952.5547,1443.4307,731.1436,5141.7275,2669.0998,6320.5596,283.455,3000,254.7263,1326.6423,508.5158,112.5304,4643.5523,2794.4039,6.691,9.1241,1.2165,388.0779,6.691,127.129,1393.5523,5051.0949,4700.1156,3236.618,2044.4039,1658.7591,1096.7153,1021.8978,1374.6959,0,6021.2895,158.1509,3890.5109,1084.5499,10263.9903,989.0511,2603.4063,2269.854,2770.6813,5817.5182,1179.4404,1762.1655,328.4672,366.7883,5.4745,680.0487,1125.3041,5146.5937,209.854,184.9148,384.4282,2602.1898,3101.5633,422.7494,1.2165,4.8662,373.4793,850.9732,923.3577,15.2068,2074.8175,10.9489,2880.1703,1251.2165,78.4672,6646.5937,23.8686,18400.2433,1432.4818,408.7105,1508.5158,2816.91,2764.5985,32.2384,1236.618,680.0487,1501.2165,3655.1095,21.2895,2335.7664,325.4258,84.5499,1191.6058,795.6204,2428.2238,1.2165,2.4331,2.4331,939.1727,1.2165,1224.4526,1025.5474,1709.2457,1268.601,21.8978,0.6083,9.7324,6419.0998,602.7981,3413.6253,2329.6837,5947.0803,155.7178,1.2165,4948.9051,121.0462,2711.0706,577.8589,5.4745,231.7518,351.5815,414.2336,465.9367,1301.7032,13.382,324.8175,262.7737,3223.236,333.9416,82.1168,77809.6107,3541.9708,922.7494,308.753,2.4331,1591.2409,832.1168,0.6083,459.854,4475.6691,2362.5304,319.9513,2121.0462,246.3504,1877.7372,0.6083,470.8029,0,1117.3966,944.0389,41.9708,80.9002,293.1873,472.6277,18.2482,267.0316,0,10.3406,0.6083,32.2384,0.6083,1356.545,428.8321,334.5499,13.382,905.3285,20.6813
TCGA-AB-2955-03,0.4,1997.076,1508.7719,2.924,510.2339,2972.2222,0,8741.2281,2777.7778,4814.3275,11054.0936,1152.0468,1081.8713,3105.2632,2500,792.3977,1790.9357,2248.538,457.6023,2935.6725,1592.1053,0,39.4737,7276.3158,823.0994,3280.7018,5649.5906,1039.4737,2561.4035,0,5978.0702,30.7018,1131.5789,880.117,0,5.848,3944.4444,0,10.2339,5.848,16527.7778,19.0058,45.3216,2165.2047,2635.9649,5494.152,3255.848,2532.1637,3152.0468,3305.5556,14364.0351,8999.1959,1995.614,568.4357,2264.6199,2704.6784,728.0702,11.6959,827.4854,184.2105,1543.8596,3358.1871,2732.4561,6290.9357,973.6842,1798.0263,3112.5731,6821.6374,8750,2209.0643,49.7076,5089.1813,6.8421,1160.8187,5770.4678,1923.9766,250,11.6959,12564.3275,2877.193,1972.2222,7.3099,308.4795,7299.7076,19352.3392,6244.152,3228.0702,3023.3918,1143.2749,7.3099,2.924,1171.0526,5331.8713,432.7485,6223.6842,447.3684,2175.4386,2048.2456,3640.3509,1217.8363,74.5614,1624.269,4697.3684,501.462,251.462,2592.1053,713.4503,3904.9708,15162.2807,3241.2281,2248.538,16.0819,7090.6433,884.5029,48.2456,29.2398,118.4211,45.3216,4719.2982,1002.924,66480.9942,517.5439,228.0702,402.0468,131.5789,644.7368,1872.807,3255.848,1.462,13.1579,23.3918,4828.9474,2.924,10320.1754,652.1491,247.076,1059.9415,4.386,318.7135,4077.4854,1049.7076,8112.5731,65.7895,30.7018,6571.6374,1.462,761.6959,17301.1696,697.3684,795.3216,4953.2164,3105.2632,12426.9006,80.4094,3476.6082,137.8947,2752.924,17.5439,1114.0351,3957.6023,3792.3977,11.6959,2.924,1.462,676.9006,33.6257,5.848,514.6199,4637.4269,3559.9415,1871.345,171.0526,826.0234,602.3392,1457.6023,1106.7251,2.924,7785.0877,64.3275,2847.9532,621.345,4492.6901,839.1813,757.3099,2146.4474,1447.3684,8959.0643,114.0351,827.4854,238.3041,36.5497,16.0819,978.0702,3599.4152,1258.7719,374.269,90.6433,347.9532,2059.9415,1704.6784,505.848,0,2.924,543.8596,442.9825,700.2924,8.7719,2950.2924,0,147.6608,669.5906,95.0292,39.4737,7.3099,7260.2339,1581.8713,945.7895,2128.655,1109.6491,3991.2281,68.7135,2450.2924,938.5965,479.5322,4849.4152,0,1558.4795,122.807,358.1871,855.2632,1653.5088,5858.1871,0,0,121.345,166.6667,0,597.9532,26.3158,1983.9181,1931.1111,11.6959,2.924,2.924,7419.5906,302.6316,4027.7778,2859.6491,3640.3509,49.7076,2.924,8685.6725,1.462,3456.1404,1036.5497,8.7719,209.0643,426.9006,546.7836,154.9708,42.3977,2.924,14.6199,431.2865,276.3158,26.3158,1.462,39210.5263,127.193,1678.3626,512.6462,4.386,4014.6199,2396.1988,5.848,1494.152,3964.9123,3248.538,229.5322,2460.5263,29.2398,1951.7544,1.462,422.5146,0,1087.7193,222.2222,175.4386,302.6316,750,70.1754,0,4.386,0,1.462,0,1.462,0,486.2281,372.807,64.3275,0,476.5058,0
TCGA-AB-2956-03,0.1,1477.0408,3157.5255,7.6531,419.6429,1538.2653,0.6378,6753.8265,1665.8163,4868.6097,3568.8776,936.2245,1692.602,584.8214,1658.801,348.852,2088.0102,1646.0459,257.6531,9501.9133,1139.0306,3.1888,252.551,2954.0816,2244.2602,3980.2296,6171.773,1038.2653,472.5765,0,5339.2857,23.5969,914.5408,487.2449,2.551,28.699,16598.852,0,112.8827,117.9847,14134.5663,19.7704,222.5765,3880.102,2007.6531,3362.8827,2682.398,711.0969,2168.3673,1099.4898,1473.852,8801.6582,1370.5357,1903.1888,2337.3724,1957.2704,765.3061,0,1195.7908,8.9286,996.1735,1979.5918,3716.8367,1598.852,830.3571,1673.8393,2389.0306,5707.2704,4576.5306,2170.2806,156.25,3114.7959,24.2347,623.7245,2784.4388,3231.5051,124.3622,22.9592,4623.0867,2591.199,2491.0714,163.2653,202.8061,3514.6684,12551.0204,1239.1582,1544.2028,2968.1122,1142.8571,33.1633,35.7143,1055.4847,3144.7704,873.7245,3834.8214,678.5714,1937.4936,1330.9949,3167.7296,1564.4133,115.4337,2448.9796,1465.5612,285.7143,923.4694,3327.1684,620.5357,2730.8673,17066.3265,1609.0561,1711.0969,71.6582,2517.8571,4386.4796,489.1582,3.8265,450.2551,375,2457.2704,1626.2755,12114.7959,158.801,1266.5816,419.0051,1716.8367,5057.398,1346.9388,11764.0306,9.5663,1.9133,0,887.7551,1.2755,2813.7755,1684.8916,269.7704,1130.7398,5.7398,723.852,1945.1531,341.199,6654.9745,89.2857,3984.6939,2756.3776,0,1366.0714,2719.3878,1532.5255,705.3571,4007.6531,6778.0612,4565.051,132.0153,3781.8878,236.1033,533.1633,131.3776,0,3171.5561,2429.8469,0,3.8265,0,529.9745,31.8878,72.0663,393.4949,4783.1633,3695.1531,2400.9566,880.102,2238.5204,1442.602,1413.9031,1926.6582,0,5161.352,280.6122,2671.5561,661.9898,6702.1684,83.5459,607.1429,1573.6862,1991.7092,7248.0867,481.5051,1482.7806,323.9796,179.8469,83.5459,1081.6327,1155.6122,3559.3112,207.2704,78.4439,470.0255,2149.2347,3249.8214,407.5255,0,0.6378,340.5612,882.6531,1339.9235,10.2041,1862.2449,10.2041,363.5204,954.0816,25.5102,6827.1684,37.0153,40313.1378,1109.6939,764.1135,1285.0765,1683.0357,3501.2755,27.4235,1911.9898,528.699,1769.7704,3000,464.2857,2392.8571,509.5663,138.3929,1036.352,1165.1786,1572.0663,0,2.551,7.6531,885.2041,6.3776,487.2449,3978.9541,1723.2143,1602.4681,12.1173,3.8265,153.0612,6144.1327,753.1888,2767.8571,2377.551,3257.0153,61.8622,6.3776,6088.648,0,3255.7398,547.8316,2.551,297.1939,427.9337,396.6645,521.6837,182.398,51.0204,515.3061,413.2653,2730.8673,603.3163,330.3571,11846.9388,2915.8163,878.8265,435.963,0,650.5102,1041.4541,1.2755,367.9847,3437.5,773.5969,431.7602,1931.1224,146.0459,2539.5408,1.2755,429.2092,0,1195.7908,3.8265,40.1786,1209.1837,424.7449,366.0714,214.9235,474.4898,5.7398,39.5408,0.6378,50.3827,0,1969.7449,378.1888,626.9133,0,1131.014,82.2704
TCGA-AB-2959-03,0.7666666667,1643.7195,1339.327,34.7877,409.8427,3436.3738,649.0083,8303.3923,3404.8475,7561.9792,10904.861,693.58,1142.559,2576.465,1799.1771,659.8794,2180.7548,3450.5063,1161.0399,6994.5046,2292.7277,76.0981,1.0871,815.337,2439.4884,6230.262,3681.6598,1029.4989,1803.5255,4.3485,6780.3428,35.8748,1919.8469,3311.3555,1.0871,5.4356,26173.8625,0,90.2306,92.4049,13784.6314,11.9583,55.4429,1229.5282,1691.5526,6823.8274,3063.493,3503.775,2185.1032,1382.8116,7026.031,11595.9298,1787.2188,660.9231,3977.7576,3862.5233,660.9666,1.0871,854.4732,715.3224,1282.7969,3659.2326,2259.0271,5189.892,1067.548,1847.8907,5624.7384,8097.9274,7657.6454,2651.476,550.0807,5851.9457,27.9171,1463.2582,10409.1361,1708.9464,568.5617,83.7079,6523.7834,3950.5797,8260.9948,42.3975,452.2403,8309.915,17502.5683,2666.6957,4064.8465,2496.0184,850.1247,268.5177,57.6172,1102.3357,7226.0603,548.9936,6909.7096,1196.9148,1475.2165,1941.5893,3630.9676,1831.7905,33.7006,1613.2802,2774.3201,526.1642,323.9606,3298.3101,845.7763,3900.5724,6970.5881,3093.9323,2935.2133,50.4096,12049.5942,2779.7557,125.0183,43.4846,373.9679,445.7176,3620.0964,1074.0707,55536.4102,1036.0216,145.6735,362.0096,2330.7768,8941.5295,2287.2922,8285.9985,4.3485,3.2613,0,7456.5289,67.4012,17548.2272,1343.6428,163.0674,713.1481,4.3485,342.4416,2794.9753,3580.9602,11254.9124,248.9496,4279.9759,5700.8365,10.8712,718.5837,26144.0537,631.6144,662.0537,5259.4674,4885.4995,18158.0993,38.0491,2356.8676,90.9373,3567.9149,22.8294,8.6969,5147.4945,4085.3821,0,16.3067,0,639.2242,34.7877,97.8404,1396.9441,3134.1556,5399.7054,1965.5058,600.0881,1199.089,550.0807,1343.6754,947.9652,2.1742,9495.9586,606.6108,3589.6572,629.4402,4371.2936,845.7763,2513.4123,1026.9007,1365.4178,10108.005,2582.9877,695.7543,263.0821,223.9459,10.8712,1040.3701,3983.1932,3189.5985,255.4723,10.8712,585.9555,2387.3068,1956.8089,502.2476,4.3485,11.9583,541.3838,495.7249,472.8955,25.0037,2596.0331,21.7423,144.5864,640.3114,655.531,981.6658,24.047,33116.8161,2240.5462,576.0193,2371.0001,1785.0445,4560.4518,5.4356,1329.5429,752.2843,569.6488,4346.2899,5.4356,2432.9657,232.6428,293.5213,849.0376,1301.2779,7966.3864,3.2613,1.0871,35.8748,345.7029,3.2613,1181.6951,268.5177,2582.9877,2148.587,32.6135,5.4356,28.265,7068.4285,365.271,6847.744,1870.9267,2530.8062,466.3728,82.6208,9243.7477,290.26,4176.6998,1005.5823,0,270.6919,380.4906,522.9028,395.7102,132.6282,13.0454,758.807,528.3384,4564.8003,291.3471,3.2613,63070.1244,2747.1422,1888.3206,353.2257,1.0871,4036.4619,578.3457,5.4356,3698.3688,4060.3784,2011.1647,251.1238,2638.4306,414.1912,1943.7635,2.1742,602.2623,0,1489.349,44.5718,14.1325,136.9766,2264.4627,899.045,0,18.481,0,5.4356,0,775.1137,0,1922.0212,391.3618,289.1729,0,822.7946,16.3067
TCGA-AB-2963-03,0.5,1514.9682,2193.5289,7.8621,642.274,1672.8152,0,6763.2295,2541.2761,3410.9465,5463.5621,627.1545,1231.3275,1707.8923,2122.7699,440.883,2435.44,1522.8304,35.6819,4821.893,1247.0517,87.6928,24.1911,1986.0901,1081.3426,2920.4717,3977.7502,1220.4415,1208.3459,0,4827.336,46.5679,1147.8682,711.2186,0,38.101,9044.4512,0.6048,7.2573,11.4908,11746.5981,13.3051,73.7829,2545.5095,1843.3626,3687.3299,1454.4905,1963.7133,1895.9782,1135.1678,4952.5249,7058.1373,2192.9241,789.5615,2628.3641,2884.1851,755.9722,1.2096,1188.993,165.7091,1628.0617,3377.0789,2877.5325,2651.3456,1122.4675,2414.5147,1782.28,6577.5627,14497.1273,2579.9819,13.9099,3522.8304,5.4188,742.6671,4101.6027,2037.4962,146.3562,8.4669,4026.6102,3608.7088,2840.0363,22.3768,53.8252,3860.2963,9918.9598,2578.1675,2419.5162,2876.323,800.121,33.8676,15.1194,1544.6024,6002.4191,583.6105,3908.6786,467.4932,2067.1303,1428.485,2460.8406,1583.3081,358.6332,1495.6154,1646.8098,198.9719,944.0581,2606.5921,638.0405,2992.4403,19980.6471,2232.8394,2542.4856,19.9577,2315.694,2336.2564,277.593,4.2334,80.4354,257.6353,2765.0438,1769.5797,19860.9011,786.8158,439.0686,414.2728,2013.3051,5156.335,2155.4279,3478.6816,4.2334,3.0239,0,1303.296,4.2334,6697.9135,1232.1137,178.4094,84.0641,6.6526,547.5295,2500.1512,22.3768,7155.7303,156.6374,731.7811,3501.0584,1.8143,895.0711,6022.9816,796.4923,873.2991,4598.1252,2555.7907,4460.8406,296.9459,2530.9949,104.4995,5239.1896,15.1194,295.1315,4212.8818,2306.6223,1.2096,1.8143,1.2096,666.4651,0.6048,36.2867,2544.9047,6443.9069,5735.7121,2198.2643,400.9676,936.1959,981.5543,1480.4959,1603.2658,0,5876.6253,160.2661,4316.9035,668.8842,5899.0021,2220.7439,1931.0553,292.2467,1531.902,11034.1699,104.6265,1089.2047,549.743,234.6538,5.443,954.3393,2156.6374,5850.0151,301.7841,40.5201,645.2979,2853.3414,1619.5827,514.6659,0,1.2096,544.9047,527.971,1022.6792,11.4908,2008.4669,3.6287,665.8603,526.7614,114.9078,1299.0626,26.2957,19507.7109,1402.4796,736.3774,2596.3109,1090.4143,3438.7663,2.4191,3083.7617,861.2035,878.1373,1805.8663,66.5256,2594.4965,464.4693,172.3617,1160.5685,546.7191,1915.9359,2.4191,0,9.6764,678.5606,2.4191,688.8419,133.0511,2178.4094,2075.5488,14.5147,24.7959,547.3239,6859.3892,452.3738,4780.1633,2316.2988,4727.5476,30.2389,0.6048,11356.5225,24.1911,5282.7336,1074.0853,0.6048,340.4899,362.8666,397.9438,452.3738,243.1207,5.443,180.8285,475.9601,1385.5458,36.2867,0.6048,13797.3995,1991.5331,876.9277,411.4545,0,1653.4624,1555.0892,11.4908,757.1817,4475.3553,2088.9023,215.3009,2724.5237,62.8969,1990.3236,0,697.3087,0.6048,978.5304,132.4463,247.3541,786.8158,266.1022,129.4224,0.6048,265.4974,1.2096,4.8382,0.6048,3.6287,0,1210.1603,336.2564,107.6504,4.2334,639.7823,55.0348
TCGA-AB-2964-03,0.4666666667,2224.261,2361.8756,2.0387,793.0683,1862.3853,231.3965,7449.5413,3006.1162,4820.5912,7770.6422,658.5117,1590.2141,1191.6412,2431.1927,574.9235,1817.5331,1728.8481,208.9704,2558.6137,1357.7982,951.0703,187.5637,3217.1254,1533.1295,3799.1845,3717.6351,1012.2324,1647.2987,6.1162,5042.8135,42.8135,837.9205,581.0398,6.1162,31.6004,8657.4924,65.2396,69.317,115.1886,15196.738,22.4261,97.8593,1248.7258,3151.8858,4843.0173,1294.5973,3186.5443,3629.9694,1950.051,9956.1672,8576.3507,1735.9837,669.5821,3973.4964,2868.5015,742.0999,3.0581,1096.84,1759.4292,2094.8012,3347.6045,1420.999,3265.0357,1352.7013,2308.4913,2358.8175,4302.7523,14865.4434,2177.37,140.6728,4544.3425,113.2926,881.7533,4377.1662,2687.054,349.6432,29.5617,4773.7003,3214.0673,2097.8593,0,407.7472,5454.6381,10856.2691,3209.9898,2672.4363,4418.9602,1218.1448,174.3119,17.3293,1301.7329,1045.8716,967.3802,2669.7248,674.8216,3043.8328,1215.0866,3715.5963,1847.0948,397.5535,2074.4139,2477.0642,209.9898,172.2732,3152.9052,590.2141,1995.9225,22884.8114,1837.9205,1694.1896,13.792,5478.0836,1922.528,425.0765,13.2518,345.5657,272.1713,3583.0785,2267.0744,31786.9521,927.6249,423.0377,332.314,1747.1967,9755.3517,2385.3211,2354.7401,62.1814,4.0775,100.9174,1964.3221,6.1162,8822.63,1097.3904,236.4934,1723.7513,4.0775,452.5994,3557.5943,516.8196,6225.2803,158.002,1813.4557,3903.16,31.6004,1264.0163,12669.7248,1561.6718,652.3955,4051.9878,3433.2314,6252.8033,154.9439,2766.5647,173.1295,4726.8094,2.0387,278.2875,5452.5994,3766.5647,9.1743,69.317,0,503.5678,3.0581,266.055,2387.3598,4866.4628,5757.3802,2255.8614,518.8583,1266.055,944.9541,1706.422,1345.5657,0,6584.0979,32.6198,4603.4659,854.2304,2389.3986,2380.2243,1192.6606,787.3191,1835.8818,7890.9276,63.2008,984.7095,567.788,244.6483,28.5423,985.7288,2408.7666,3750.2548,233.4353,46.8909,618.7564,3002.0387,2105.9429,502.5484,0,1.0194,455.6575,287.4618,1142.7115,40.7747,2458.7156,4.0775,3900.1019,793.0683,65.2396,2255.8614,61.8654,9602.4465,1772.6809,1040.7645,2109.0724,1216.106,2969.419,9.1743,2561.6718,667.686,1062.1814,2613.6595,17.3293,2158.002,283.3843,164.1182,1306.8298,857.2885,2867.4822,15.2905,0,12.2324,522.9358,6.1162,1746.1774,99.8981,2069.317,1902.9154,68.2977,1.0194,113.1498,6586.1366,498.4709,3083.5882,1913.3537,1772.6809,122.3242,4.0775,10634.0469,120.2854,5655.4536,1143.7309,8.1549,290.5199,327.2171,389.8165,405.7085,180.4281,32.6198,110.0917,437.3089,1492.3547,145.7696,0,6783.894,2712.5382,975.5352,414.8624,19.368,2255.8614,931.7023,1.0194,483.1804,3797.1458,942.9154,276.2487,2574.9235,280.3262,1425.0765,1.0194,546.3812,0,676.8603,1071.3558,63.2008,250.7645,668.7054,28.5423,8.1549,104.9949,1.0194,5.0968,1.0194,5.0968,0,768.6035,401.631,171.2538,523.9551,1356.6667,3.0581
TCGA-AB-2965-03,0.3333333333,1234.5183,2011.7183,12.0558,408.2912,1740.8637,0.8037,7053.4717,2006.8959,4605.3319,5818.1497,524.831,1052.8769,636.5485,2184.5187,366.4976,2436.0839,1408.1224,58.6718,5423.5218,1426.608,65.9053,36.9713,2276.1431,935.5334,3437.5226,5809.2605,1059.3067,701.65,0,5053.8092,35.3638,1035.195,648.6043,3.2149,38.5787,9291.0361,0,16.8782,29.7377,13942.9839,7.2335,69.1202,4130.3317,1764.1716,4042.7259,2296.2362,1483.6724,1838.1141,1026.3541,2272.9282,6129.2949,2146.7437,1052.8287,3951.9052,2080.0347,620.474,0,1108.3338,205.753,1334.9836,3264.7222,3133.7154,2002.0736,1219.2476,2490.7934,1262.6486,7581.5176,9071.6197,2383.0382,20.8968,3828.9356,5.0233,688.7905,4117.4721,2066.3714,282.9104,17.6819,4822.3371,3026.8202,3221.3212,288.5365,76.3537,3922.9712,10674.2431,2425.6355,2577.4427,2239.1718,846.3202,9.6447,28.934,1590.5675,4641.4994,492.6821,4678.4707,626.9038,2420.0095,1240.9481,3271.9557,2247.2091,178.4265,1316.498,1604.2308,209.7717,1179.8651,2433.6728,546.5315,3301.6934,13153.7281,2337.226,2571.9131,13.6633,2085.6608,3203.6393,339.171,3.2149,104.484,214.594,2866.0757,1494.1208,13059.6925,1101.904,643.782,388.1981,1039.2136,3554.0624,2019.7555,11105.0385,4.0186,5.6261,1.6074,1069.7551,20.8968,5605.1631,1049.3405,280.4993,49.8308,6.4298,585.1102,2161.2107,207.3605,7550.9761,239.5094,2025.3816,3251.0589,26.5229,800.508,7823.4382,772.3777,790.0596,4971.0258,6755.2905,5731.3476,478.2151,2569.5019,73.6853,3218.1063,137.4366,231.4722,4250.0864,2474.6626,2.4112,11.2521,0.8037,547.3353,15.2707,62.6904,3281.6004,7190.1046,2661.1103,2081.1358,731.3878,1211.2103,1206.388,2096.1092,2225.5086,0,5556.136,237.0982,3802.4128,888.9175,7268.8694,1372.7586,1933.7572,268.2184,1216.8364,9833.3963,677.5384,902.5808,618.8666,157.5297,12.0558,692.0054,1368.74,7890.1472,245.9392,98.0542,608.4182,2718.1907,1407.2946,629.315,0.8037,3.2149,585.1102,904.4856,1244.9667,16.0745,2201.3969,4.0186,435.6178,547.3353,71.5313,4051.5669,25.9201,31755.8933,1239.3406,1079.7454,2435.2802,1464.383,3740.5261,5.6261,3248.6477,753.892,585.914,1833.2918,234.6871,4173.7327,565.8209,211.3791,830.2457,712.0984,1784.2647,0,0.8037,3.2149,824.6196,0,758.7144,1825.2546,2610.4918,1848.9323,28.1303,5.6261,31.3452,6929.6984,433.2066,4287.8614,2152.3698,5575.4254,74.7462,3.2149,8292.0086,24.1117,4828.7668,1035.195,2.4112,294.9663,344.7971,484.6449,483.0374,578.6804,12.8596,193.6972,416.3284,3050.9319,28.934,34.5601,29888.0414,2383.842,954.8227,348.1004,2.4112,1495.7282,1476.4389,0.8037,585.914,4768.4876,1873.4779,150.2962,2198.9857,53.8494,1519.0362,0,546.5315,0,1154.9497,57.0643,92.4281,298.9849,325.5078,300.5923,5.6261,315.8631,1.6074,6.4298,0.8037,1.6074,0,901.777,375.3386,144.6701,1.6074,1539.0891,40.1861
TCGA-AB-2966-03,0.4,2553.5866,1550.5301,6.7709,295.0166,1507.9703,2.9018,8894.0262,3064.304,2469.4343,10509.3632,828.9484,1343.5348,8568.057,1900.681,555.2116,1145.2449,1204.2482,792.1922,5790.0642,1179.0993,12.5745,232.1442,402.3833,1623.0751,4049.9497,3857.6666,1411.2435,735.1234,0,5457.3242,172.1736,1146.2122,607.4441,0,2.9018,2164.745,0,128.6466,2.9018,15235.4329,40.6252,43.527,1500.2321,2787.6654,7584.3457,1289.3678,7285.46,3207.4596,2243.0937,5350.9247,11086.8897,2243.0937,584.5779,1881.3356,4166.9891,1242.9389,5.8036,717.7126,2396.8893,1752.689,2751.8765,2390.1184,5285.1505,1004.9911,1170.3939,6404.2792,3406.7167,8226.6115,2362.0676,318.2311,4825.6984,0,879.2463,3959.0265,2764.451,260.195,41.5925,6780.5463,4049.9497,3480.229,29.9853,388.8416,5378.9755,13120.9858,2560.3575,3247.5238,4292.7339,1094.947,208.9298,16.4436,1448.967,5418.6334,558.1134,2940.4937,864.7373,2068.0183,2290.4898,2618.3936,1499.2649,113.1703,1756.5581,1980.9642,136.3847,148.9592,3236.4776,506.8483,2087.3636,15687.1469,2482.9761,2304.0316,45.568,11090.691,1335.7966,54.167,14.509,507.8155,313.3947,3842.9544,1621.1406,60199.8085,988.5476,434.3032,213.7662,280.5076,9480.1904,2676.4296,1070.7653,0,5.8036,0,3555.6759,62.8724,13865.7819,781.9489,161.5337,111.2358,14.509,753.5015,2895.9994,219.5698,9634.9532,194.4208,328.871,4481.3511,2.9018,967.2677,15331.1924,1141.3758,803.7994,4203.7453,2586.4737,10959.1426,10.6399,2760.5819,76.4141,1505.0685,6.7709,2511.9941,3799.4274,3094.2893,2.9018,0,0,591.9678,5.8036,10.6399,829.9157,6060.8992,5068.4729,2015.7858,728.3525,866.6718,689.6618,1505.0685,1207.15,0,6306.5852,35.7889,5903.2345,916.9697,4408.806,613.2477,2009.0149,2518.6779,1676.2749,7018.4942,1162.6557,1277.7606,182.8136,93.825,9.6727,1200.3792,5259.0343,1522.4793,293.0821,51.2652,467.1903,2796.3708,2704.4804,370.4635,0,13.5417,625.8222,509.7501,332.7401,32.8871,3666.9117,4.8363,304.6893,622.9204,275.6713,850.2283,21.2799,4711.5608,1342.5675,650.0329,2128.9561,1027.2383,3250.0193,8.7054,1342.5675,797.9958,413.9906,4041.2443,0,1652.0932,200.2244,198.2899,1123.965,698.3673,4559.6998,0,0,27.0835,385.9398,3.8691,916.0025,117.0394,1957.7497,1758.7151,15.4763,2.9018,141.2211,6374.2939,287.2785,4405.9042,2628.0662,4518.1073,241.8169,4.8363,7664.629,32.8871,3936.7794,662.5783,2.9018,176.0427,375.2999,620.9858,199.2571,18.3781,8.7054,97.694,313.3947,1221.6591,179.9118,47.3961,24183.6261,172.1736,1765.2635,653.0991,0,3638.8609,905.3625,18.3781,1672.4058,3459.9164,2394.9547,253.4241,2333.0496,19.3454,1161.6885,0,472.0266,8.7054,1132.6704,25.149,195.3881,342.4128,1318.3858,56.1015,0,36.7562,0.9673,1.9345,0.9673,5.8036,0,492.5327,310.4929,122.843,0,354.9872,24.1817
TCGA-AB-2967-03,0.3333333333,1832.9466,2987.239,6.9606,349.1879,2309.7448,2.3202,8930.3944,2401.3921,6126.4501,4348.0278,975.6381,1484.9188,839.9072,2299.3039,509.2807,1678.6543,2048.7239,56.8445,5931.5545,1387.471,46.4037,127.6102,2742.4594,1795.8237,5145.0116,4122.935,1171.6937,530.1624,10.4408,6596.2877,41.7633,816.7053,707.6566,3.4803,121.8097,5733.1787,1.1601,22.0418,38.2831,12243.6195,15.0812,74.2459,1699.536,1799.3039,3612.529,3503.4803,1342.2274,2194.8956,1544.0835,1008.1206,12133.7239,1531.3225,898.7123,3169.3735,2315.5452,776.1021,15.0812,1040.6032,313.2251,936.1949,2129.9304,3122.9698,2881.6705,1472.1578,2070.406,2296.9838,8742.4594,7651.9722,2020.8817,35.9629,3874.71,68.4107,803.9443,3593.9675,2491.8794,243.6195,23.2019,3998.8399,2535.9629,2614.8492,68.4455,131.0905,4685.6148,9082.3666,2809.7448,2677.4942,3208.8167,877.0302,4.6404,8.1206,1412.993,4129.9304,988.3991,8951.2761,690.2552,2279.5824,1426.9142,3425.7541,2245.9397,71.9258,2098.6079,1307.4246,232.0186,1330.6265,3851.5081,534.8028,2744.7796,11532.4826,1972.1578,1716.9374,59.1647,2816.7053,4069.6056,332.9466,8.1206,178.6543,233.1787,3218.0974,1426.9142,14599.768,781.9026,424.594,359.6288,2459.3968,6324.826,2031.3225,5332.9466,12.761,6.9606,5.8005,424.594,26.6821,4626.4501,1222.2042,314.3852,89.3271,0,802.7842,1967.5174,47.5638,8045.2436,219.2575,846.8677,3713.4571,51.0441,1047.5638,7527.8422,1439.6752,668.2135,4330.6265,3653.1323,6520.8817,346.8677,2481.4385,156.1949,2365.4292,66.1253,120.6497,4525.522,2922.2738,5.8005,52.2042,4.6404,408.3527,4.6404,113.6891,1803.9443,5468.6775,2213.4571,2534.8028,827.1462,1114.8492,955.9165,1385.1508,1351.5081,0,8175.174,491.8794,3341.0673,1048.7239,8133.4107,1310.9049,2143.8515,689.884,1897.9118,7052.2042,560.3248,1317.8654,479.1183,302.7842,18.5615,965.1972,1480.2784,7093.9675,232.0186,212.297,316.7053,2512.761,2663.5383,451.2761,4.6404,2.3202,436.1949,1038.2831,743.6195,48.7239,2135.7309,15.0812,631.0905,723.8979,49.884,3733.1787,27.8422,18023.2019,1121.8097,796.6473,1602.0882,1563.8051,3228.5383,6.9606,2975.6381,701.8561,979.1183,2280.7425,122.9698,3924.594,344.5476,218.0974,1236.6589,1185.6148,2881.6705,5.8005,0,1.1601,1104.4084,0,1650.8121,317.8654,2191.4153,1280.4872,75.406,5.8005,179.8144,6788.8631,409.5128,3264.5012,2067.2854,5151.9722,82.3666,6.9606,8131.0905,121.8097,3671.6937,743.6195,0,141.5313,324.826,544.0835,359.6288,519.7216,30.1624,207.6566,382.8306,1491.8794,60.3248,13.9211,29909.5128,2491.8794,1143.8515,191.1021,18.5615,1780.7425,1321.3457,3.4803,853.8283,4611.3689,2544.0835,360.7889,2136.891,154.2923,1477.9582,0,447.7958,3.4803,1073.0858,784.2227,312.065,274.942,223.8979,285.3828,1.1601,133.4107,3.4803,35.9629,1.1601,6.9606,0,837.587,216.9374,219.2575,0,845.6032,32.4826
TCGA-AB-2969-03,0.2666666667,1458.0153,2754.9618,3.0534,286.2595,820.6107,0,8048.0916,1912.2137,2002.2901,2092.3664,972.5191,1335.8779,759.542,2193.1298,203.8168,1062.5954,863.3588,48.0916,5328.2443,845.0382,3.0534,327.4809,3529.0076,1446.5649,3860.3053,3898.2977,1364.8855,618.3206,0,5069.4656,41.9847,818.3206,461.8321,0,29.0076,8122.9008,0,9.1603,46.5649,16870.229,15.2672,148.0916,3169.4656,2541.9847,3258.7786,1886.2595,1186.2595,2089.313,839.6947,108.3969,7542.7481,1161.0687,1441.8321,3157.2519,2103.8168,762.5954,2.2901,1202.2901,19.084,526.7176,1852.6718,4529.0076,1126.7176,1296.1832,1896.1832,1963.3588,8239.6947,7687.0229,1848.0916,39.6947,2513.7405,1.8931,293.8931,1754.9618,3073.2824,104.5802,9.9237,4650.3817,2071.7557,1867.1756,182.4427,87.0229,2197.7099,4991.6031,1879.3893,1632.458,3123.6641,1094.6565,5.3435,41.9847,1500.7634,1948.855,809.1603,3283.9695,1032.8244,2731.2977,1012.9771,2393.8931,1981.6794,12.9771,1984.7328,558.7786,117.5573,1702.2901,3074.0458,196.9466,2903.8168,17178.626,1496.9466,2193.8931,7.9542,279.3893,6166.4122,393.8931,1.5267,189.313,287.0229,2615.2672,2117.5573,4714.5038,1098.4733,763.3588,351.145,2382.4427,5823.6641,2134.3511,14104.5802,1.5267,1.5267,0,67.9389,3.0534,4452.6718,1158.6031,240.458,56.4885,3.8168,663.3588,1683.9695,214.5038,7741.9847,87.7863,1400,2038.1679,19.084,1072.5191,4309.1603,1498.4733,680.1527,4335.1145,7695.4198,4258.7786,264.1221,2600,150.6412,3737.4046,270.229,25.1908,3902.2901,1789.313,0.7634,6.1069,0.7634,396.1832,11.4504,54.1985,1587.0229,5755.7252,3406.8702,2470.229,1498.4733,1550.3817,1761.8321,2086.2595,2443.5115,0,5119.8473,353.4351,3364.8855,1006.8702,10336.6412,105.3435,1642.7481,387.8779,1422.9008,5393.8931,331.2977,1623.6641,657.2519,383.2061,9.1603,854.1985,1003.8168,7376.3359,199.2366,376.3359,361.8321,2580.916,2501.5267,389.313,0,0,436.6412,821.374,1391.6031,21.374,1777.0992,17.5573,54.9618,843.5115,16.7939,6325.9542,26.3817,27949.3435,685.4962,554.0687,1184.7328,2411.4504,2761.8321,12.2137,1943.5115,665.6489,1018.3206,1971.7557,355.7252,4651.9084,447.3282,98.4733,1305.3435,580.916,742.7481,0.7634,0,0.7634,1509.1603,0,652.6718,4130.5344,1671.7557,971.2519,16.0305,28.2443,306.8702,6471.7557,487.0229,2416.7939,2361.8321,7206.8702,35.1145,4.5802,6580.1527,27.4809,3841.9847,484.7328,0,228.2443,348.0916,339.626,388.5496,454.1985,5.3435,252.6718,222.9008,3686.2595,102.2901,361.0687,73067.1756,2514.5038,677.0992,169.5878,0,1024.4275,1200,1.5267,394.6565,3361.8321,2700,294.6565,1774.0458,41.2214,2185.4962,0,500.7634,0,1335.1145,1.5267,42.7481,238.9313,180.916,324.4275,0,478.626,0.7634,29.771,0,16.0305,0,1102.4427,306.1069,164.8855,42.7481,603.6031,29.0076
TCGA-AB-2970-03,0.2,1472.9521,2089.6445,8.5008,343.1221,1778.2071,353.9413,7543.2767,2640.6491,5962.9057,7134.4668,695.5178,1244.9768,1661.5147,3970.6337,461.3601,2042.5039,1828.4389,1659.1963,4837.7125,1297.527,22.4111,71.8702,1257.3416,2000.7728,4823.8022,4259.9304,1189.3354,1210.9737,17.7743,7204.0185,64.1422,1537.0943,798.2998,8.5008,37.8671,7188.5626,0,40.1855,27.0479,16146.0587,9.2736,89.6445,1762.7512,1912.6739,6115.1468,3276.6615,2390.2628,3295.2087,1860.1236,3558.7326,8831.8856,2112.8284,1479.7836,3884.8532,2442.0402,686.2442,8.5008,1163.0603,248.068,1153.0139,2331.5301,3611.2828,2511.592,1156.1051,1875.4096,3476.0433,8815.3014,7357.8053,2672.3338,38.6399,4452.0866,105.8423,818.3926,3929.6754,1933.5394,240.34,41.7311,4531.6847,3006.1824,4234.9304,758.1144,199.3818,5187.7898,13803.7094,1969.8609,2742.0479,2342.3493,1010.8192,52.5502,21.6383,1332.3029,4965.2241,758.1144,3935.085,1602.7821,1881.762,1895.6723,2891.8083,1749.6136,309.119,1696.2906,1982.9985,244.204,1125.1932,2779.7527,560.2782,3224.8841,7969.0881,2016.2287,2530.1391,123.9645,6515.456,3433.5394,236.476,10.0464,189.3354,228.7481,2813.7558,1098.1453,12689.3354,1074.1886,676.9706,422.7202,3967.5425,5095.0541,2425.8114,3881.762,27.0479,0.7728,0,1524.7295,30.9119,6784.3895,1545.9119,279.7527,172.3338,2.3184,714.0649,2704.0185,655.3323,10296.7543,1636.7852,860.1236,3569.5518,53.323,732.6121,10548.6862,918.8563,700.1546,4891.0355,2497.6816,12428.9026,90.4173,2227.2025,112.0325,1812.983,403.4003,229.5209,4891.8083,2470.6337,13.9104,91.1901,2.3184,459.8145,20.8655,262.7512,1642.9675,5666.9243,5862.442,1984.544,964.4513,1136.0124,697.8362,1219.4745,1347.7589,0,6472.9521,506.1824,3152.2411,741.8856,7199.3818,1109.7372,3704.7913,776.7233,1676.1978,9674.6522,1079.5981,1034.7759,658.4235,340.8037,34.7759,862.442,1829.2117,2001.5456,179.289,32.4575,414.2195,2693.1994,1741.8547,527.0479,1.5456,176.9706,518.5471,680.0618,853.1685,28.5935,2207.1097,12.3648,1191.6538,347.7589,352.3957,1146.0587,23.323,18982.9985,2041.7311,582.5425,1714.0649,1296.7543,3551.0046,5.4096,1951.3138,840.8037,765.0696,2833.0757,18.5471,3968.3153,309.8918,184.6986,1014.6832,738.0216,3412.6739,11.592,0.7728,17.0015,336.1669,0,869.3972,260.4328,2257.3416,1693.8563,99.6909,13.1376,120.5564,7397.2179,437.4034,4248.068,2171.5611,4510.8192,200.1546,6.1824,4943.5858,218.7017,3619.7836,904.9459,0.7728,283.6167,340.0309,540.9583,476.8161,557.187,31.6847,411.1283,440.4946,2210.2009,419.6291,3.0912,85697.0634,2047.9134,1054.8686,344.0804,3.0912,2512.3648,725.6569,6.9552,1459.0417,5068.779,2816.0742,285.1623,2159.1963,125.1932,1588.0989,2.3184,516.2287,0,1000.7728,318.3926,286.7079,281.2983,1256.5688,425.8114,13.9104,10.8192,10.0464,10.8192,0,115.9196,2.3184,1185.4714,388.7172,164.6059,3.864,867.7357,17.7743
TCGA-AB-2971-03,0.3,1663.4262,2765.1761,10.233,417.2778,2500.2558,2.274,7805.4826,2956.1915,7467.7605,5772.5324,760.6508,1484.9177,1084.6949,1309.8202,452.5247,1301.8613,1328.0122,320.6331,4698.0705,1166.5587,17.055,226.2624,2526.4067,1607.7134,4816.3182,7077.2134,828.8706,1239.3264,1.137,6895.8852,46.6169,749.2808,967.5842,3.411,19.3289,8376.255,0,142.1246,51.1649,14146.5134,15.918,80.7268,1766.8929,1653.1933,4594.6038,4073.8593,4317.1766,3342.7704,2214.8696,2831.1219,10882.0821,1980.6483,1200.5321,7753.1807,2700.3672,716.3079,5.685,849.3366,138.7136,814.0897,2351.3093,4508.1921,3458.7441,1065.3659,1777.4443,3218.8378,11474.5711,5570.147,2061.3751,43.2059,4335.3686,3.411,737.9109,5524.6671,2130.7319,469.5797,311.5371,5041.4435,2107.992,1955.6344,25.0139,167.1385,5086.9234,15665.541,2690.1343,2459.7333,3036.9183,823.1856,152.3576,17.055,1258.6554,3788.4731,627.6222,10353.4923,1790.7699,1916.9765,1815.7838,5165.3762,1761.2079,212.6184,2377.4602,2511.6258,221.7144,2088.663,3060.7952,345.647,2670.8053,15499.5395,2992.5754,2040.9091,17.7826,6161.3853,2915.2596,118.2477,11.37,179.6455,97.7817,3408.7162,1019.8861,13069.7775,809.5417,177.3715,230.8103,5287.0348,8698.025,1561.0965,7838.4555,7.959,7.959,2.274,750.4178,7.959,9513.2517,1497.9932,287.6602,88.6857,3.411,528.7035,2271.7195,957.3513,7224.4773,379.7569,3098.3161,4085.2293,1.137,652.6361,9044.809,956.2143,709.486,3637.2526,4336.5056,10828.7569,496.8676,2242.1576,166.9225,884.5835,316.0851,435.4698,3482.621,3051.6992,0,6.822,1.137,395.6749,22.7399,28.4249,2803.834,7231.2992,3511.0346,2746.7908,1162.0107,767.4728,671.9651,974.4062,1134.7227,0,8890.1775,413.8668,4004.5025,762.9248,5357.5286,1147.2297,2017.0322,2053.9732,2068.1971,6798.1035,320.6331,1243.8744,94.3707,142.1246,7.959,724.2669,1907.8805,9871.4057,169.4125,466.1687,306.9891,2236.4726,2499.0392,466.1687,2.274,3.411,314.9481,530.5682,470.7166,21.6029,1951.0864,3.411,2241.0206,1275.7103,162.5905,3772.5552,59.3626,47484.3947,1308.6832,523.2573,1597.4804,2391.1041,4023.8315,47.7539,2032.9502,613.9782,604.8823,1957.9084,27.2879,2317.1993,204.6594,297.8931,920.9674,993.7351,3760.0482,0,0,9.096,1006.2421,0,532.1145,665.1431,1909.0175,1392.1502,29.5619,6.822,61.3978,9203.9886,314.9481,4742.4134,1849.8937,4768.5643,317.2221,10.233,9039.1241,15.918,2720.8332,832.2816,1.137,168.2755,313.8111,536.6625,243.3173,544.6214,3.411,275.1532,321.7701,4021.5575,168.2755,25.0139,39251.4013,2530.9547,1218.8605,427.6017,0,1557.6855,1392.821,1.137,699.253,4901.5929,2217.1436,229.6733,2032.9502,310.4001,1928.3465,3.411,260.3723,0,989.1872,10.233,35.2469,260.3723,426.3738,120.5217,21.6029,67.0828,1.137,40.9319,0,67.0828,0,1546.3156,217.1664,176.2345,1308.6832,3083.4556,9.096
TCGA-AB-2972-03,0.7,2345.9459,2429.7297,12.6126,775.6757,2337.8378,5.4054,7528.8288,3209.009,6123.4234,6911.7117,645.045,1843.2432,991.8919,3435.1351,539.6396,2476.5766,1624.3243,378.3784,1461.2613,1669.3694,111.7117,155.8559,1410.8108,2018.018,4754.955,3480.1712,1238.7387,867.5676,2.7027,7033.3333,75.6757,1444.1441,618.018,0,508.1081,5617.1171,5.4054,112.6126,74.7748,18113.5135,12.6126,102.7027,1448.6486,2191.8919,3472.0721,1803.6036,2056.7568,4507.2072,2722.5225,2081.0811,9873.5135,1752.2523,584.2523,2994.5946,3057.6577,1087.3874,2.7027,1309.9099,738.7387,1662.1622,2404.5045,1272.973,4042.3423,1494.5946,2245.4685,2012.6126,3262.1622,13236.036,2338.7387,63.0631,3680.1802,12.4595,831.5315,3829.7297,2429.7297,472.0721,102.7027,3712.6126,3009.009,1995.4955,9.009,229.7297,5304.5045,16398.1982,2651.3514,2739.1351,3849.5495,1066.6667,9.009,24.3243,1161.2613,1784.6847,1475.6757,3471.1712,1612.6126,2327.9279,1874.7748,4484.6847,1479.2793,517.1171,2070.2703,2245.045,216.2162,145.045,3795.4955,424.3243,2748.6486,11876.5766,2067.5676,1467.5676,17.982,4185.5856,1355.8559,597.2973,8.1081,193.6937,191.8919,4241.4414,2143.2432,26905.4054,1657.6577,396.3964,321.6216,1386.4865,6170.2703,2443.2432,1745.045,11.7117,11.7117,0,1021.6216,33.3333,4671.1712,1641.7297,190.0901,467.5676,4.5045,1040.5405,3439.6396,75.6757,5574.7748,227.027,3107.2072,3758.5586,0,1291.8919,9803.6036,1984.6847,772.0721,4127.027,3086.4865,7338.7387,254.955,2688.2883,196.5225,3550.4505,4.5045,65.7658,4685.5856,3071.1712,3.6036,4.5045,0,527.9279,0.9009,222.5225,2818.018,3254.955,4897.2973,2151.3514,335.1351,1675.6757,920.7207,1450.4505,1281.982,0.9009,10679.2793,53.1532,3906.3063,615.3153,3010.8108,3309.009,1281.0811,549.8468,2425.2252,10333.3333,102.7027,1063.964,556.7568,245.045,9.009,602.7027,2316.2162,2728.8288,323.4234,34.2342,408.1081,2690.0901,2946.8018,657.6577,0,0.9009,450.4505,650.4505,982.8829,3.6036,1899.0991,3.6036,2002.7027,706.3063,191.8919,1297.2973,52.3333,8238.7387,1461.2613,844.4685,2131.5315,767.5676,2477.4775,27.9279,2267.5676,1000,949.5495,2972.0721,2.7027,2378.3784,252.2523,263.0631,1363.964,606.3063,3883.7838,0,0,9.009,207.2072,2.7928,3004.5045,149.5495,1855.8559,1765.7027,28.8288,21.6216,300.9009,8234.2342,451.3514,2576.5766,2286.4865,1778.3784,254.0541,0.9009,10525.2252,18.9189,5390.991,926.1261,1.8018,251.3514,289.8919,528.8288,440.5405,43.2432,14.4144,683.7838,400.9009,1951.3514,150.4505,3.6036,6736.9369,2609.9099,942.3423,429.1982,158.5586,1948.6486,1129.7297,0,876.5766,2425.2252,2245.045,310.8108,2557.6577,1336.036,1499.0991,1.8018,521.6216,0,920.7207,3398.1982,540.5405,224.3243,279.2793,16.2162,0,17.1171,0,9.9099,0,9.009,0,721.6216,390.0901,241.4414,6.3063,665.5405,69.3694
TCGA-AB-2973-03,0.1666666667,1281.675,2444.6992,29.6627,189.0996,2626.3831,0,7897.6885,2242.0042,8113.9418,5383.7764,835.4988,1125.9459,677.2979,1354.5957,519.0969,837.9707,977.6325,262.0203,6365.1167,1407.7413,22.247,14.8313,1659.8741,1878.6364,5194.6768,4707.7021,1087.6316,456.0637,6.1797,6747.0237,32.1346,414.0416,1275.4952,2.4719,2.4719,965.273,0,119.8867,22.247,11375.6377,8.6516,105.0553,1941.6696,1207.5183,5970.8502,4707.7145,5759.5036,3340.7593,2197.5102,123.5945,10196.7933,2302.5655,1689.6975,6677.8108,1454.7073,501.7937,3.7078,725.4997,39.5502,379.4351,1557.2907,8216.5623,2463.2384,978.8684,2141.0275,2871.1002,16740.8749,3522.4432,2182.6788,229.8858,3769.6322,11.5066,756.3983,3082.4468,2306.2733,406.6259,67.977,4597.7154,1903.3553,4050.1917,28.4267,127.3023,4628.614,10119.9176,2897.0551,2394.0254,2044.253,713.1403,3.7078,16.0673,1502.9091,3811.6543,681.0057,9299.2501,1928.0742,1552.3469,1417.6289,2861.2126,1930.5461,18.5392,1708.076,1638.8631,142.1337,4569.2886,2837.7297,135.9539,2916.8302,10915.8661,3117.0533,1950.3212,26.8818,965.273,3920.4175,98.8756,14.8313,613.0287,478.3107,3011.9979,566.0628,4476.5927,1057.9689,311.4581,219.9982,8960.6012,6494.8909,1832.9064,4458.0536,0,8.6516,0,127.3023,4.9438,3565.7013,705.7246,93.9318,32.1346,1.2359,708.1965,1663.582,81.5724,8294.4268,559.8831,1043.1376,3707.835,30.8986,583.366,6116.6917,870.1053,857.7458,5765.6834,3958.7318,7834.6553,522.8047,2094.9268,94.3768,470.895,463.4794,55.6175,2434.8116,2788.2919,0,34.6065,3.7078,281.7955,70.4489,107.5272,2135.7129,6855.7868,3921.6534,3408.7363,2138.1848,972.6887,1065.3846,1488.0778,1662.346,0,7303.1989,669.8822,4607.6029,1143.2491,8180.7199,845.3864,3177.6146,1187.2364,1474.4824,5471.5285,458.5356,1259.4279,171.7964,80.3364,24.7189,578.4223,588.3098,8403.19,106.2913,134.718,119.8867,2239.5323,2201.218,358.424,0,1.2359,383.1429,957.8574,573.4785,37.0783,2033.1295,21.0111,363.3678,1116.0583,149.5493,3721.4304,40.9469,22010.9443,1045.6095,451.8491,1696.9525,4547.0416,3077.503,18.5392,2176.4991,580.8941,376.9632,1201.3385,300.3346,4464.2333,117.4148,177.9761,715.6121,1333.5846,3120.7611,2.4719,0,0,1306.3939,1.2359,658.7587,1143.2491,2240.7683,1351.2834,54.3816,8.6516,29.6627,6478.8236,164.3807,5207.0362,2098.6346,11396.6487,242.2452,3.7078,4257.8305,95.1678,1976.276,626.6241,8.6516,117.4148,211.3466,556.1752,92.6959,1090.1035,22.247,328.7614,144.6056,2983.5712,694.6011,70.4489,42306.3969,3076.2671,1102.4629,99.4936,0,1452.2354,783.5891,0,967.7449,7288.3676,2995.9307,247.189,2297.6217,51.9097,1872.4567,0,363.3678,1.2359,1662.346,11.1235,9.8876,2015.8263,216.2904,812.0159,0,312.6941,1.2359,126.0664,0,19.7751,0,1415.5649,165.6166,63.0332,2.4719,921.4341,1.2359
TCGA-AB-2975-03,0,2270.2703,3458.3784,14.0541,734.0541,1083.2432,242.1622,8408.6486,3189.1892,3657.2973,2961.0811,834.5946,1726.4865,1244.3243,2110.2703,501.6216,1235.6757,1152.4324,198.9189,3561.0811,949.1892,4.3243,10.8108,4658.3784,2583.7838,4058.3784,4564.1838,1322.1622,1565.4054,0,5795.6757,71.3514,1207.5676,560,2.1622,14.0541,14422.7027,0,32.4324,3.2432,18935.1351,5.4054,87.5676,1394.5946,2217.2973,3547.027,846.4865,4715.6757,3246.4865,1175.1351,4401.0811,12895.9892,2242.1622,851.9135,3082.1622,2860.5405,1196.7568,5.4054,858.3784,1037.8378,878.9189,2211.8919,2657.2973,1804.3243,1477.8378,1939.8486,3416.2162,5203.2432,8656.2162,2631.3514,43.2432,3374.0541,5.2108,580.5405,3663.7838,2944.8649,712.4324,57.2973,3145.9459,2353.5135,1549.1892,20.5405,236.7568,3469.1892,7600,2122.1622,2669.1892,2929.7297,1298.3784,59.4595,136.2162,1492.973,775.1351,672.4324,3045.4054,628.1081,2366.4865,1538.3784,5280,1110.2703,485.4054,2707.027,1498.3784,211.8919,931.8919,3886.4865,310.2703,3061.6216,34592.4324,2580.5405,1907.027,13.3946,8568.6486,2980.5405,248.6486,12.973,193.5135,210.8108,3682.1622,2201.0811,22907.027,991.3514,287.5676,477.8378,2847.5676,9770.8108,1553.5135,4335.1351,0,6.4865,3.2432,1791.3514,82.1622,11604.3243,1683.827,243.2432,339.4595,3.2432,524.3243,2876.7568,592.4324,6851.8919,369.7297,11781.6216,2091.8919,1.0811,977.2973,10656.2162,750.2703,477.8378,4461.6216,3040,10935.1351,315.6757,2623.7838,288.8973,10554.5946,0,427.027,4674.5946,2511.3514,9.7297,4.3243,0,498.3784,9.7297,15.1351,3745.9459,4344.8649,1508.1081,2571.5351,734.0541,1335.1351,848.6486,1851.8919,1236.7568,0,6661.6216,24.8649,5668.1081,852.973,4549.1892,1349.1892,1660.5405,305.7081,1968.6486,5834.5946,833.5135,1237.8378,172.973,152.4324,36.7568,993.5135,3857.2973,4221.6216,196.7568,14.0541,457.2973,2642.1622,2482.1622,364.3243,0,5.4054,430.2703,552.4324,611.8919,10.8108,2042.1622,1.0811,3099.4595,1246.4865,17.2973,2216.2162,61.373,35945.9459,1025.9459,385.7081,1274.5946,2102.7027,3859.4595,115.6757,1353.5135,948.1081,1094.0541,2731.8919,2.1622,2395.6757,265.9459,232.4324,1205.4054,576.2162,1980.5405,1.0811,0,16.2162,571.8919,2.1622,662.7027,536.2162,1339.4595,895.6432,20.5405,3.2432,11.8919,9515.6757,457.2973,3138.3784,2070.2703,3085.4054,446.4865,4.3243,9274.5946,125.4054,4983.7838,949.1892,18.3784,297.2973,446.4865,594.5946,330.8108,82.1622,0,88.6486,378.3784,7165.4054,65.9459,4.3243,35477.8378,1578.3784,862.7027,359.4486,1.0811,2204.3243,1184.8649,6.4865,675.6757,3775.1351,1463.7838,304.8649,2645.4054,153.5135,2444.3243,0,598.9189,0,1009.7297,20.5405,38.9189,372.973,321.0811,14.0541,0,248.6486,0,1.0811,0,4.3243,0,1417.2973,383.7838,131.8919,94.0541,903.3297,6.4865
TCGA-AB-2976-03,0.5,1632.5148,2102.4555,21.1685,472.4809,1930.5673,0,6515.6647,2760.3726,3767.9932,4478.4081,558.0017,1291.2786,2064.3522,1911.939,497.8831,2966.1304,1812.8704,441.1516,2889.0771,1088.061,6.7739,12.7011,1676.5453,1394.5809,2517.3582,4008.8061,1325.1482,1238.7807,0,4853.514,52.4979,1356.4776,615.58,2.5402,104.9958,7783.2345,0.8467,17.7815,16.9348,16436.0711,13.5478,91.4479,3149.873,1556.3082,2727.3497,958.5097,876.376,2115.1566,1183.7426,4096.5284,11525.9272,1956.8163,672.9382,2887.3836,3000,856.0542,4.2337,1177.8154,391.1939,1389.5004,2533.4462,1414.0559,3137.1719,1204.0644,1902.718,2881.4564,4858.5944,10459.7798,1694.3268,30.4826,3683.3192,11.2193,684.166,5117.6969,2011.0076,563.0821,16.0881,3056.7316,2527.5191,1801.8628,30.4826,108.3827,4502.1169,12447.9255,2508.044,2659.6105,2900.0847,1105.8425,70.2794,110.9229,1433.5309,3322.608,638.442,5375.9526,972.0576,2257.409,1860.2879,3339.5428,1243.8611,499.5766,1743.4378,1970.3641,301.4395,353.0906,2983.9119,707.0279,2649.4496,13389.5004,2862.8281,2110.9229,11.2278,5370.0254,2906.0119,260.7959,9.3141,287.8916,355.6308,2936.4945,1858.5944,21790.0085,765.453,712.1084,508.044,416.5961,4452.1592,2045.724,3259.1025,8.4674,6.7739,0.8467,3301.4395,5.9272,6941.5749,1679.1194,209.9915,60.1185,4.2337,542.7604,2645.2159,52.4979,5940.7282,117.6969,1750.2117,3000.8467,6.7739,944.9619,9981.3717,699.4073,725.6562,3961.05,3327.6884,7393.7341,131.2447,2796.7824,206.1812,3534.293,1.6935,194.7502,5173.5817,2565.6224,71.9729,14.3946,1.6935,664.6909,0.8467,195.597,7329.3819,3719.729,3607.9594,2058.4251,438.6113,905.1651,824.7248,1042.337,1409.8222,0,8535.1397,342.9297,2886.5368,734.9704,4853.514,2418.2896,1731.5834,208.1372,1668.9246,9673.1583,81.287,922.0999,226.9263,306.5199,8.4674,1017.7815,2989.8391,2057.5783,215.072,16.9348,589.3311,2251.4818,1839.0855,537.6799,0,16.9348,469.094,736.6638,837.4259,11.8544,1793.3954,2.5402,258.2557,596.9517,370.8721,565.6224,20.3218,18267.5699,1439.4581,560.1948,1891.6173,1195.597,3707.8747,13.5478,3806.9433,982.2185,850.9738,3357.3243,23.7087,2165.961,452.1592,252.3285,982.2185,649.4496,2530.0593,0,1.6935,22.0152,313.2938,0.8467,1160.0339,316.6808,1609.6528,1414.2591,27.0957,2.5402,109.2295,8198.9839,574.0898,3052.4979,2253.1753,3081.287,116.0034,1.6935,8737.5106,127.8577,5555.4615,990.6859,0,318.3743,415.7494,509.7375,758.6791,11.0076,21.1685,274.3438,902.6249,1245.5546,138.0186,3.387,24732.4301,1729.0432,1235.3937,586.6215,0,2122.7773,1077.9001,15.2413,523.2854,3160.0339,1063.5055,297.2058,2232.8535,71.9729,1000,2.5402,624.8942,0,769.6867,54.1914,225.2329,53.3446,806.9433,35.5631,2.5402,83.8273,3.387,0.8467,0.8467,16.9348,0,1164.2676,475.8679,176.1219,0,932.591,65.199
TCGA-AB-2977-03,0.1666666667,1786.3054,4407.5975,1.5307,156.8949,387.2624,58.9312,6195.4336,2170.5064,708.7056,2905.9989,3017.7387,2325.1053,797.4851,800.5465,57.4006,134.7,68.8807,335.2193,1663.0855,470.6846,2.296,29.8483,5241.0536,3295.5574,2253.1632,3049.1177,1386.7975,649.009,0,3238.9222,84.9528,337.5153,609.9766,2.296,22.9602,4876.7514,0,64.2886,12.2455,16789.2806,17.6028,526.5545,2138.3621,1892.6877,3197.5938,893.918,3600.163,3652.2062,1126.5816,3241.2182,4717.4534,1350.0611,1013.5025,1607.2156,2348.0655,1420.4725,3.8267,329.8619,560.9948,260.9812,733.9618,5231.8696,1164.8487,673.4999,1207.6465,3527.4556,4746.6435,5935.9831,1060.7623,40.5631,1676.0963,5.985,184.4471,1369.96,4948.6935,234.9596,17.6028,2188.1093,919.1743,887.03,7.6534,54.3392,1738.8542,4954.0509,1304.1407,1222.2492,2835.5876,1334.7543,70.4114,95.6676,1817.6843,2074.8388,1374.552,799.0158,2534.8087,1864.3701,817.384,2870.0279,608.4459,192.8659,2932.0205,455.3778,5.3574,1301.0793,2603.6893,20.6642,1855.9514,14245.2879,1776.3559,1516.1401,42.331,3990.4868,7364.8743,17.6028,9.9494,1007.9538,1086.0186,1105.9174,1601.0929,6834.4931,759.9834,1842.9406,264.8079,7977.9123,23122.4756,1177.8595,5111.7111,0,4.592,0,1760.2838,1.5307,7983.2697,383.0071,58.9312,342.8727,11.4801,518.901,1125.0509,282.4107,3946.8624,115.5665,6863.5761,1787.0707,3.0614,1205.4117,3969.0573,3924.6675,518.901,2557.0035,1413.5844,3059.8324,166.8443,797.4851,356.8631,1682.9844,131.6386,440.0709,1412.8191,957.4413,84.9528,0,0,173.7324,0.7653,19.1335,1469.4543,2853.1904,1457.9742,2143.1991,2689.4075,1157.9606,1048.5169,1149.5418,945.9612,0,3101.1608,1276.5884,3822.1118,896.9794,3802.213,234.9596,935.2464,5089.8147,2714.6637,2789.6671,41.3284,3008.5546,58.9312,58.9312,6.8881,999.5351,1705.9446,4857.6179,115.5665,1.5307,69.646,1294.9566,3013.912,182.1511,0,0.7653,163.7829,755.3913,416.3454,3.0614,1154.1339,10.7148,371.9556,1085.2532,22.1949,1466.3929,6.934,32403.7632,267.1039,192.8659,769.1675,8498.344,2677.9274,91.8409,883.9686,776.0555,911.5209,1337.8157,11.4801,3291.7307,48.9818,65.054,1266.639,166.0789,1170.9714,0,0.7653,0,490.5834,3.8267,1476.3424,2292.1956,1053.8743,742.7862,3.8267,4.592,72.7074,5010.6861,392.6198,2088.615,1716.6594,4470.3555,84.1875,0.7653,2889.1614,311.4937,1508.4867,524.2584,0,154.5988,151.8589,342.8727,26.0216,1144.9498,0,244.909,7.6534,3431.788,285.4721,55.8699,63374.8084,2668.7433,309.963,257.4071,0,1096.7333,329.8619,7.6534,395.6812,1773.2946,416.3454,617.63,1400.5736,302.3096,2230.203,0,267.8693,1.5307,1018.6686,29.8483,380.3744,536.5039,718.655,100.2596,0,13.7761,0,25.2562,3.0614,33.675,0,1817.6843,319.9124,296.1869,319.1471,483.6495,17.6028
TCGA-AB-2978-03,0.5333333333,1507.97,2255.5653,4.5641,459.1458,1455.9396,57.5073,6679.0657,2266.5191,2940.1764,6693.6708,618.8884,1295.2842,1397.5194,1755.3428,306.7058,1276.1151,815.1436,354.1721,2761.2647,1037.8704,276.5829,151.5273,2692.8036,1786.3785,3557.2392,3240.4925,1162.926,993.1425,0,3727.0227,64.8098,1090.8137,712.9083,11.8666,52.9433,2949.3045,0.9128,162.481,109.5378,16773.8844,8.2153,95.8456,1527.1391,2377.8825,4523.91,1811.0245,2226.3552,2585.0915,1548.1339,5271.5053,5882.2149,1513.4469,987.5561,2662.6807,1915.0854,791.4104,23.7332,1211.3052,2155.1557,1374.6991,2930.1354,2420.7848,1967.1158,1052.4754,1702.4635,1714.2662,5276.0694,14326.6279,1951.598,20.0819,2993.1197,28.8176,458.233,2945.6533,2841.5924,492.92,51.1176,4021.8619,2606.0862,1923.3007,12.7794,160.6554,3722.4587,10534.7954,2137.8122,2319.4624,2108.6021,1162.0132,389.7719,23.7332,1424.9039,1294.3714,568.6836,3157.4263,1188.4848,2245.5244,1330.8839,3362.8096,1600.1643,11.8666,1866.7062,1421.2526,198.9936,1383.8272,3583.7108,564.1195,2712.8855,17748.7706,1822.8911,1649.4563,109.5378,6522.9744,2575.0505,344.1312,10.9538,344.1312,302.1417,2137.8122,2346.8468,17149.9641,1199.4386,388.8591,410.7667,1788.2042,10679.0201,2026.4488,4989.4456,9.1281,3.6513,0,2362.3646,59.333,7752.5359,1204.5413,260.1522,238.2447,2.7384,559.5555,2285.6882,636.2319,5451.3299,848.0049,5998.1059,2910.0535,75.7636,931.9839,9189.3064,1120.0237,814.2308,4292.0551,2135.9866,5265.1156,167.9579,1479.6728,141.961,3815.5658,103.1481,827.0102,3992.6518,2282.9498,18.2563,27.3844,0.9128,461.8843,16.4307,271.106,1162.926,4308.4858,5769.8931,2270.4807,763.1132,1577.3439,1204.0027,1353.7043,2026.4488,0,4775.8469,575.0733,3885.8525,720.2109,5203.0442,1895.9163,2090.3458,848.2879,1227.7359,6765.7831,1057.0395,1068.9061,587.8527,522.1301,81.2405,778.631,2308.5086,4225.4196,185.3014,41.0767,668.1804,2341.3699,1585.5593,508.4378,16.4307,3.6513,355.9978,525.7813,1026.9166,93.1071,1992.6747,11.8666,2888.146,575.9861,79.4149,2220.8784,30.5884,8732.899,1157.4491,625.3785,1803.722,1230.4743,2640.7732,21.9076,1776.3376,743.944,797.8001,1577.3439,15.5179,2802.3414,382.4694,201.7321,986.7528,382.4694,2448.1692,12.7794,3.6513,36.5126,489.2687,12.7794,1032.3935,554.9914,1986.285,1381.0888,62.0714,0,41.9895,5966.1574,493.8328,3612.9209,2284.7754,4319.4395,213.5987,5.4769,10371.4015,327.7005,4230.8965,1032.3935,20.0819,282.9726,281.6855,277.4957,298.4904,475.5765,67.5483,192.6039,238.2447,2402.5285,81.2405,0,42364.6467,2761.2647,999.5322,611.0565,3.6513,2413.4823,990.404,0,1162.0132,4163.3482,1238.6897,317.6595,2184.3658,270.1932,1965.2902,3.6513,611.5859,3.6513,1081.6855,437.2383,10.041,346.8696,224.5524,104.0609,0,155.1785,0.9128,8.2153,0,24.646,1.8256,709.7956,446.3664,374.2541,63.897,779.4069,39.251
TCGA-AB-2979-03,0.2333333333,4473.8471,3921.6149,0.5894,367.7619,798.5855,1.1787,10682.1865,3261.5294,2123.4713,2284.3672,2848.976,3098.8655,1066.7452,2300.8693,296.4491,843.377,549.2854,485.0449,3979.9617,591.7195,40.0766,566.3769,22394.5779,4755.5621,5159.8644,3414.3569,1621.9243,2822.4547,5.8936,5903.0499,66.5979,1487.5497,410.7853,1.7681,195.6682,6443.4949,0,38.8979,18.8596,25344.3348,13.5553,207.4554,1402.0922,5424.488,4318.2555,1184.0283,5171.6517,6601.4439,1367.3199,3931.634,14194.407,856.343,709.1204,1281.8624,5813.4669,2144.099,1.1787,776.7791,742.0068,884.6324,1683.2179,3958.1553,1735.6711,885.8111,841.497,13588.92,5906.5861,6089.2883,1486.9604,354.7959,3007.5144,31.413,472.6683,3174.8932,4958.3026,93.7086,18.2702,4261.0874,2224.8416,2102.8437,71.9022,159.1277,2973.3314,10298.5119,1392.6624,1725.3278,6168.8522,2297.3331,37.1298,13.5553,1001.3261,2829.527,2472.963,1764.5499,1040.224,3233.8294,1691.469,2231.3246,946.5154,163.8426,4539.8556,1155.7389,157.3597,435.5385,3678.7977,314.13,2870.193,29805.8052,1502.8731,1383.822,8.6813,6097.5394,2184.1756,318.8449,4.7149,1026.6686,430.8236,2480.0354,2261.9714,29249.4475,919.9941,595.2556,342.4193,2102.8437,17802.8584,2061.5883,3615.736,12.966,0.5894,0.5894,2498.3056,1.1787,6627.9652,1426.1677,142.0362,752.6153,4.1255,2388.1892,2626.1971,2982.7612,7460.1444,236.9235,528.0684,2264.9182,9.4298,1956.6819,6824.2228,3610.4317,444.379,3192.574,1164.5793,6249.5948,63.6511,3312.8039,430.5407,5094.4453,116.1043,1185.207,5024.3112,2013.2606,90.7618,38.8979,0.5894,264.6235,0,77.7958,3104.7591,2850.7441,2890.8207,2296.1544,871.0771,1928.3925,680.7131,860.4685,666.5684,0,6831.2951,237.5129,3909.8276,1110.358,4467.9534,2482.9822,1302.4901,4029.4033,4771.4749,5300.722,57.1681,2817.7398,423.1619,478.562,19.4489,1956.0925,8295.2704,1057.3155,232.798,48.3277,363.6364,2468.8375,6715.7684,272.8746,0,27.1107,215.7065,461.1935,528.0684,11.7872,1600.7072,7.0723,1932.518,1050.2431,128.4809,598.2024,10.6085,12123.766,808.0153,374.905,948.8728,1051.4218,2992.7803,28.8787,860.4685,690.1429,2794.7547,12433.7704,3.5362,1637.2477,206.2767,112.5681,2393.3991,397.8194,1545.8966,0.5894,0,96.6554,539.2662,2.3574,3144.8357,413.1428,1090.3197,836.3931,35.9511,1.1787,5.3043,6910.859,779.1366,2348.6076,3090.6144,2602.0333,81.9213,2.3574,6077.5011,147.3405,4741.4174,552.8216,0.5894,222.7788,413.1428,469.362,363.6364,141.4469,3.5362,555.179,251.0682,1036.6878,366.5832,2.9468,137546.4918,458.5236,786.7983,266.3563,1.1787,2569.6184,857.5217,1.1787,539.2662,1984.3819,1026.0793,717.8429,1852.9542,358.3321,2115.8096,1.7681,467.9534,0,829.8217,2770.5908,1771.6222,660.6748,800.943,67.1873,0.5894,64.8298,0,34.183,0,12.966,0,1184.5646,370.7087,139.6788,1.1787,557.6249,2.3574
TCGA-AB-2981-03,0.1333333333,966.4,2864,14.72,353.92,2144,1.28,6288.64,1664.64,7674.24,3953.92,682.24,1216,259.2,1110.4,339.2,516.48,608.64,118.4,5462.4,1136,8.32,35.2,1720.32,2038.4,5122.56,6862.7136,990.08,496,0,6778.88,19.84,492.16,881.92,1.28,7.68,4012.8,0,13.44,74.88,10879.36,11.52,133.76,3248.64,1145.6,5856,6860.16,4749.44,3294.08,1871.36,606.08,8283.648,1693.44,1733.248,5622.4,2280.32,554.24,0,937.6,34.56,538.88,1200,13490.56,1623.68,782.08,2099.3856,3982.08,20524.16,3113.6,2188.8,14.08,3119.36,2.9632,740.48,2956.8,1998.72,259.84,7.04,4513.28,1978.24,2645.76,24.32,30.08,3415.68,15948.8,2363.52,1600.9088,2188.16,723.2,7.68,35.2,1261.44,3613.44,890.88,6953.6,4357.12,1217.28,1629.44,2442.88,1428.48,77.44,2063.36,1615.36,97.28,7757.44,2713.6,76.8,4226.56,13130.88,2500.48,1611.52,6.7392,747.52,4186.88,58.88,49.92,59.52,757.76,2110.72,744.32,4675.2,1079.68,168.96,200.96,14368,7411.84,1536.64,4205.44,0.64,1.92,0,338.56,0.64,3841.28,688.3584,50.56,43.52,1.92,779.776,1880.96,305.92,6469.12,208.64,9815.68,2966.4,0.64,777.6,4932.48,1136.64,664.32,5371.52,3548.8,6186.88,342.4,2309.12,145.1904,963.84,381.44,133.76,1922.56,1894.4,26.24,0.64,0.64,320,216.96,32.64,3519.36,8279.04,3830.4,2915.7248,2823.04,1313.28,1361.28,1352.32,1670.4,0,6254.08,836.48,5999.36,945.92,7843.84,376.32,4166.4,1951.7952,1817.6,5219.84,213.76,1589.76,147.84,67.2,1.92,581.76,1100.8,6658.56,183.68,633.6,121.6,2053.12,1464.9408,440.32,0,1.28,320.64,1254.4,668.8,23.04,1663.36,6.4,108.8,1224.96,50.56,3530.24,19.2192,42820.48,975.36,481.696,1358.72,4742.4,3857.92,29.44,1964.16,454.4,587.52,1351.68,46.08,3503.36,86.4,158.72,924.8,1242.24,2076.8,0,0,1.92,1098.88,0,611.84,3719.68,1893.12,1156.8576,19.84,3.2,10.88,5524.48,192,6700.16,2431.36,14346.88,201.6,3.84,2636.16,39.04,2585.6,585.6,0.64,128.64,183.68,343.04,83.2,1468.8,1.92,292.48,135.04,3310.72,74.88,22.4,118709.76,4822.4,972.16,262.5792,0,2014.08,611.2,1.92,365.44,5043.2,2705.28,313.6,2383.36,65.92,2047.36,1.28,461.44,0,2309.76,35.2,80.64,238.08,154.88,956.16,0,127.36,1.28,284.16,1.28,135.68,0,1802.88,192.64,375.04,0,1188.384,8.96
TCGA-AB-2983-03,0.4,1688.3174,2061.6271,15.961,514.2984,1770.7825,159.6098,8563.0681,2728.4416,4621.5473,6332.0771,710.2638,1588.1179,4308.579,2810.9067,621.5917,1667.9229,1765.4622,1393.926,5641.3212,1180.2261,118.8207,3.5469,1752.1614,2363.1124,5218.3551,3765.072,1468.4106,1258.2576,6.207,6639.7695,69.1643,1238.7497,688.9825,4.4336,33.6954,16747.5061,0,45.2228,24.8282,18610.5076,34.5821,100.1995,2376.4132,1864.775,4321.8798,2751.4963,2376.4132,2725.7814,1291.0663,7313.6777,12093.4161,1411.6604,875.9566,3892.7067,3475.061,784.7484,9.7539,991.3545,305.9189,1243.1833,3030.8136,2748.8362,3851.0308,1382.3986,2211.7845,2982.0439,8845.0454,9197.9605,1795.6107,280.2039,4127.6879,76.0098,673.0215,4112.6136,2507.648,218.1335,30.1485,5194.4137,3027.2667,2451.7845,62.0705,299.7118,5675.0166,12102.8597,2199.9557,2975.0122,2773.6644,1350.4766,117.0472,7.9805,1333.6289,4821.104,791.8422,4501.8843,1395.6994,2479.2729,2034.1388,2510.3081,1706.0519,475.2826,2126.3578,2148.5258,296.1649,717.3576,4031.0352,617.1581,2027.9317,10721.3478,2029.7052,2205.276,164.5223,50301.0419,1573.9304,179.1177,10.6407,383.9503,336.0674,3357.127,1563.2897,18010.1973,973.62,1833.7397,367.9894,7012.1924,6923.5203,2426.9563,4576.3689,24.8282,6.207,0,3388.1623,103.7464,6802.0395,1228.65,193.3053,146.309,13.3008,495.225,2478.3862,890.2682,9482.5981,588.783,1858.5679,4076.258,6.207,851.2525,19004.2119,1293.7264,774.9945,4691.6427,2794.9457,10497.0073,96.6526,2783.4183,217.5659,3178.896,266.0164,104.6331,5114.6087,2773.6644,0,98.4261,2.6602,649.08,30.1485,102.8597,1107.515,4563.9548,4740.3857,2089.8337,463.7553,1131.4564,798.0492,1208.6012,1246.7302,1.7734,7569.0534,417.6458,3319.8847,851.2525,5566.8366,956.7723,2684.1055,2344.8814,2296.6083,7861.6715,210.153,1251.1638,367.1026,241.1882,46.1095,641.9863,3864.3316,1956.1073,243.8484,7.9805,466.4154,2583.906,2504.8459,571.9353,0,327.2002,593.2166,439.8138,710.2638,48.7697,2089.1155,23.0548,410.552,504.5444,387.4972,665.9277,58.0093,14132.5648,1563.2897,677.7389,1703.3917,1620.9266,3245.4001,18.6211,2082.0217,881.401,964.7528,4092.219,22.168,2252.2722,233.2077,256.2625,1333.6289,1185.5464,3185.1031,4.4336,1.7734,127.6879,797.1625,1.7734,754.5999,229.6608,1921.5252,1700.6251,55.8634,22.168,124.141,7854.5777,477.9428,3248.947,1872.7555,3217.025,152.5161,7.0938,8734.2053,68.2775,4286.411,894.7018,8.8672,282.8641,382.1769,524.939,375.9699,155.1762,14.1875,101.0862,382.1769,1855.9078,508.9781,0,105927.7322,1962.3143,1460.4301,513.0126,7.0938,3715.3624,800.7094,13.3008,1291.953,4153.4028,2686.7657,452.2279,1982.7089,315.6728,1690.9776,0,575.4822,5.3203,987.8076,109.0667,115.2738,363.5558,2426.0696,420.3059,1.7734,39.0157,3.5469,26.6016,5.3203,73.5979,0,1086.2337,467.3022,254.489,1.7734,326.6504,18.6211
TCGA-AB-2984-03,0.3333333333,2137.6623,4255.8442,12.987,354.5455,490.9091,16.8831,9400,1437.6623,1303.8961,3487.013,896.1039,1141.5584,3401.2987,1457.1429,585.7143,267.5325,410.3896,162.3377,3120.7792,1574.026,5.1948,254.5455,29371.4286,3520.7792,3384.4156,2992.4286,1449.3506,1029.8701,0,4466.2338,77.9221,875.3247,819.4805,0,35.0649,3233.7662,0,16.8831,24.6753,20172.7273,18.1818,301.2987,719.4805,1306.4935,1897.4026,967.5325,3246.7532,1583.1169,1305.1948,2546.7532,9258.5974,2705.1948,896.7532,4077.9221,1633.7662,1440.2597,1.2987,396.1039,146.7532,680.5195,1111.6883,1811.6883,3242.8571,828.5714,1102.5974,2725.974,5340.2597,6867.5325,2485.7143,15.5844,2846.7532,6.0649,587.013,3424.6753,2567.5325,331.1688,10.3896,8419.4805,1584.4156,3122.0779,7.7922,20.7792,2429.8701,3700,3192.2078,3111.2987,1596.1039,1802.5974,246.7532,20.7792,1011.6883,3159.7403,2309.0909,3072.7273,394.8052,5859.7403,377.9221,2946.7532,5442.8571,590.9091,5120.7792,823.3766,153.2468,157.1429,4914.2857,349.3506,729.8701,15977.9221,2567.5325,3303.8961,9.4675,10368.8312,6429.8701,172.7273,1.2987,536.3636,15.5844,2762.3377,5093.5065,17888.3117,1100,444.1558,209.0909,1580.5195,11468.8312,1445.4545,4724.6753,2.5974,1.2987,18.1818,1106.4935,1.2987,6024.6753,376.5974,106.4935,40.2597,27.2727,588.3117,2014.2857,518.1818,5866.2338,76.6234,3867.5325,1629.8701,7.7922,1190.9091,2910.3896,2514.2857,466.2338,2148.0519,2325.974,15490.9091,294.8052,507.7922,112.1688,3381.8182,6.4935,1797.4026,2015.5844,2294.8052,6.4935,10.3896,2.5974,171.4286,3.8961,36.3636,2898.7013,9137.6623,2774.013,896.8701,1887.013,344.1558,480.5195,3171.4286,1932.4675,1.2987,4293.5065,94.8052,3814.2857,889.6104,1354.5455,314.2857,1109.0909,967.0909,710.3896,8307.7922,16.8831,2524.6753,66.2338,341.5584,12.987,1075.3247,1490.9091,17540.2597,192.2078,31.1688,327.2727,1758.4416,2503.8961,489.6104,0,5.1948,366.2338,364.9351,222.0779,16.8831,3364.9351,18.1818,442.8571,345.4545,6.4935,4954.5455,20.3766,42324.6753,1642.8571,325.4026,1320.7792,2410.3896,1661.039,48.0519,1157.1429,841.5584,494.8052,477.9221,1.2987,4270.1299,85.7143,125.974,719.4805,790.9091,3338.961,0,2.5974,5.1948,759.7403,10.3896,1937.6623,885.7143,1344.1558,630.6623,19.4805,54.5455,980.5195,7672.7273,329.8701,4144.1558,1101.2987,1354.5455,374.026,2.5974,5537.6623,62.3377,1327.2727,1454.5455,0,429.8701,180.5195,358.4416,144.1558,193.5065,15.5844,138.961,172.7273,3187.013,15.5844,3.8961,3320.7792,475.3247,954.5455,787.1169,2.5974,910.3896,1037.6623,3.8961,685.7143,7054.5455,774.026,651.9481,862.3377,454.5455,300,6.4935,892.2078,1.2987,749.3506,88.3117,6.4935,542.8571,1296.1039,12.987,14.2857,63.6364,0,22.0779,0,16.8831,0,355.8442,79.2208,72.7273,151.9481,1321.4675,10.3896
TCGA-AB-2986-03,0.4,1705.2083,3148.9583,5.2083,321.875,547.9167,0,6706.25,2033.3333,1242.7083,8365.625,488.5417,1613.5417,1254.1667,1055.2083,188.5417,1092.7083,455.2083,307.2917,1438.5417,740.625,0,42.7083,3818.75,1104.1667,1971.875,2909.125,1383.3333,1239.5833,0,2756.25,41.6667,638.5417,1123.9583,0,93.75,5731.25,0,112.5,8.3333,17012.5,11.4583,163.5417,2081.25,2250,2445.8333,664.5833,2114.5833,3255.2083,896.875,4411.4583,3551.375,936.4583,433.8542,1648.9583,1475,1263.5417,0,880.2083,698.9583,1270.8333,1904.1667,1704.1667,1213.5417,1272.9167,1330.3021,1379.1667,2316.6667,17727.0833,1311.4583,35.4167,1853.125,3.6354,201.0417,2467.7083,3514.5833,240.625,13.5417,2901.0417,1808.3333,1063.5417,17.7083,55.2083,2094.7917,6384.375,1706.25,1434.375,3320.8333,1441.6667,7.2917,65.625,2730.2083,2990.625,987.5,1436.4583,606.25,3425,951.0417,4173.9583,1144.7917,365.625,1836.4583,712.5,36.4583,201.0417,5118.75,155.2083,3064.5833,18222.9167,1763.5417,1171.875,12.5,2211.4583,3332.2917,129.1667,0,359.375,333.3333,1628.125,3062.5,10167.7083,837.5,181.25,436.4583,2269.7917,8063.5417,1777.0833,2198.9583,0,5.2083,0,1869.7917,29.1667,7876.0417,544.3854,106.25,12.5,2.0833,381.25,1847.9167,2.0833,4096.875,34.375,6036.4583,2548.9583,0,1125,6319.7917,1725,434.375,2787.5,1422.9167,4606.25,173.9583,1237.5,195.0208,5942.7083,10.4167,445.8333,2239.5833,1841.6667,13.5417,0,0,272.9167,0,196.875,3153.125,3457.2917,2072.9167,1361.4583,496.875,1000,1120.8333,1603.125,1641.6667,0,3196.875,279.1667,3696.875,804.1667,3643.75,1686.4583,1150,237.4271,1471.875,4753.125,27.0833,1335.4167,200,179.1667,16.6667,834.375,3164.5833,2887.5,72.9167,0,304.1667,2116.6667,1215.625,387.5,0,5.2083,362.5,689.5833,791.6667,1.0417,1046.875,3.125,89.5833,787.5,188.5417,871.875,39.8438,9140.625,748.9583,551.0521,1398.9583,2504.1667,3116.6667,19.7917,2245.8333,720.8333,1066.6667,1064.5833,0,3541.6667,341.6667,133.3333,1312.5,317.7083,1464.5833,0,0,3.125,307.2917,9.375,1292.7083,406.25,1362.5,1294.3438,0,3.125,79.1667,6011.4583,416.6667,2023.9583,2154.1667,3078.125,56.25,0,6269.7917,8.3333,6579.1667,558.3333,0,301.0417,233.3333,221.875,253.125,35.4167,10.4167,23.9583,160.4167,1684.375,50,2.0833,49167.7083,1226.0417,497.9167,472.6771,0,1412.5,959.375,0,514.5833,2197.9167,663.5417,454.1667,1838.5417,42.7083,690.625,0,641.6667,0,929.1667,25,368.75,127.0833,477.0833,44.7917,0,43.75,0,14.5833,0,3.125,0,690.625,272.9167,210.4167,3.125,603.8229,64.5833
TCGA-AB-2987-03,0.2333333333,1376.4151,2330.1887,14.1509,258.4906,2081.1321,1.8868,7903.7736,1758.4906,8125.4717,6676.4151,753.7736,1402.8302,922.6415,1102.8302,333.9623,283.9623,262.2642,860.3774,7874.5283,1314.1509,17.9245,153.7736,1655.6604,1992.4528,6036.7925,6048.783,1137.7358,678.3019,16.9811,6574.5283,86.7925,212.2642,988.6792,6.6038,9.434,455.6604,0,346.2264,119.8113,12748.1132,22.6415,162.2642,1737.7358,1350.9434,8327.3585,2756.6038,3489.6226,2683.0189,1440.566,53.7736,7083.6698,2286.7925,3192.2453,5664.1509,1464.1509,487.7358,5.6604,930.1887,24.5283,465.0943,1175.4717,11515.0943,1333.0189,1460.3774,2144.3396,1609.434,16773.5849,3633.0189,2168.8679,537.7358,2904.717,33.6038,664.1509,3654.717,3200,2078.3019,217.9245,5208.4906,1984.9057,3927.3585,8.4906,63.2075,3124.5283,8129.2453,2815.0943,1519.8113,2583.9623,723.5849,16.9811,112.2642,1644.3396,3466.9811,850,4041.5094,8549.0566,1433.9623,1111.3208,4379.2453,2013.2075,0,2357.5472,1083.0189,52.8302,2915.0943,3829.2453,27.3585,3756.6038,8844.3396,1453.7736,2151.8868,195.283,1431.1321,5037.7358,61.3208,9.434,1106.6038,1169.8113,2298.1132,794.3396,2204.717,1050,184.9057,208.4906,24959.434,3395.283,1491.5094,8457.5472,40.566,8.4906,0,19.8113,44.3396,2870.7547,207.0377,72.6415,168.8679,2.8302,685.8491,1087.7358,281.1321,7879.2453,247.1698,8733.0189,3203.7736,86.7925,628.3019,8616.0377,1607.5472,794.3396,5783.9623,4504.717,4343.3962,501.8868,1628.3019,69.8302,626.4151,156.6038,4.717,1476.4151,1976.4151,1.8868,70.7547,6.6038,243.3962,126.4151,535.8491,2944.3396,9792.4528,4338.6792,2119.8113,4093.3962,1271.6981,1699.0566,1823.5849,2365.0943,0,5748.1132,866.9811,5967.9245,1266.0377,6093.3962,960.3774,6689.6226,1987.8962,1711.3208,5317.9245,470.7547,1655.6604,103.7736,14.1509,142.4528,534.9057,1126.4151,19913.2075,150,1100.9434,26.4151,2252.8302,1381.1321,402.8302,9.434,0,320.7547,1029.783,714.1509,123.5849,2131.1321,55.6604,377.3585,686.7925,166.0377,6183.9623,18.0189,37188.6792,655.6604,633.217,1355.6604,6300.9434,2625.4717,116.9811,1275.4717,500.9434,363.2075,738.6792,337.7358,7295.283,35.8491,200,823.5849,1380.1887,1771.6981,15.0943,8.4906,0.9434,1080.1887,0.9434,1065.0943,6234.9057,2525.4717,1116.5094,153.7736,0,342.4528,4059.434,145.283,8016.9811,2241.5094,14257.5472,1580.1887,1.8868,486.7925,577.3585,3048.1132,535.8491,7.5472,155.6604,158.4906,425.4717,12.2642,2781.1321,80.1887,116.9811,6.6038,4250.9434,744.3396,46.2264,98058.4906,2866.0377,838.6792,96.3491,5.6604,1000,524.5283,2.8302,519.8113,7342.4528,2093.3962,266.9811,1925.4717,118.8679,3885.8491,0.9434,458.4906,0,2193.3962,15.0943,7.5472,2972.6415,410.3774,1084.9057,0,255.6604,0,1049.0566,1.1415,33.0189,0,1296.4811,147.1698,260.3774,2.8302,942.2925,2.8302
TCGA-AB-2988-03,0.4666666667,1774.3396,2796.2264,3.7736,680.7547,1313.9623,0.7547,6535.8491,2847.5472,2839.2302,5126.0377,606.0377,1601.5094,1122.2642,1372.8302,556.9811,1956.9811,1258.8679,565.283,4263.3962,1028.6792,13.5849,2.2642,2138.1132,1615.0943,3797.7358,6418.2415,1354.717,1206.7925,0,5565.283,40.7547,1469.434,607.5472,0,46.7925,6605.283,0,6.0377,17.3585,12073.2075,7.5472,103.3962,3815.0943,1936.6038,3120.7547,1221.1321,1082.2642,4294.3396,1873.2075,7684.5283,10257.6604,1969.8113,548.0075,2386.4151,4033.9623,1064.9057,0.7547,1363.7736,404.5283,1519.2453,2193.2075,1610.566,3240.7547,936.6038,1455.0943,3563.7736,6496.6038,8975.0943,1820.3774,67.1698,3363.0189,3.4792,626.4151,5908.6792,2238.4906,251.3208,6.0377,2649.8113,2772.0755,1612.0755,39.2453,115.4717,4544.9057,16960.7547,2156.2264,2476.5887,3031.6981,1345.6604,12.8302,154.717,1258.1132,4153.9623,793.2075,3820.3774,928.3019,2033.2075,2202.2642,3050.566,1284.5283,532.0755,2281.5094,2209.0566,230.9434,141.1321,2922.2642,594.717,3279.2453,12909.434,2535.0943,1412.0755,10.7245,616.6038,3058.1132,186.4151,4.5283,215.0943,622.6415,2896.6038,1604.5283,13435.4717,720.7547,99.6226,405.283,2845.283,6385.6604,1992.4528,2634.717,6.0377,0,0,2243.0189,53.5849,4843.7736,1603.7057,148.6792,18.8679,3.7736,516.9811,4230.9434,72.4528,5461.1321,86.7925,769.0566,3174.3396,0.7547,1188.6792,7730.566,1126.7925,603.0189,3996.2264,1750.9434,7295.8491,227.9245,2955.4717,203.3509,2601.5094,5.283,158.4906,4253.5849,2513.2075,70.9434,0.7547,0,512.4528,13.5849,461.1321,5532.0755,3934.3396,4707.1698,2181.1321,568.3019,1321.5094,895.0943,1251.3208,1208.3019,0,6547.1698,481.5094,2643.0189,619.6226,4526.0377,1487.5472,1780.3774,373.2604,2171.3208,9711.6981,86.0377,1365.283,243.0189,267.9245,5.283,685.283,3243.7736,1487.5472,208.3019,4.5283,534.3396,2493.5849,2289.0566,461.1321,0,2.2642,379.6226,463.3962,1025.6604,7.5472,1665.6604,0.7547,141.1321,873.2075,110.9434,338.1132,32.3925,22806.7925,2185.6604,574.0151,2244.5283,1140.3774,3238.4906,55.0943,2164.5283,796.9811,1116.9811,3320.7547,0.7547,1673.2075,365.283,196.9811,1338.8679,756.9811,2492.0755,0,0.7547,106.4151,142.6415,2.2642,811.3208,86.7925,1718.4906,1680.7774,15.0943,3.0189,110.1887,7744.1509,476.2264,2973.5849,2627.9245,3667.1698,39.2453,6.7925,5568.3019,240,5655.0943,888.3019,0,242.2642,497.3585,461.8792,388.6792,15.0943,1.5094,176.6038,550.1887,689.0566,298.1132,2.2642,34945.6604,1941.8868,1090.566,698.2943,3.7736,2065.6604,1136.6038,9.0566,741.1321,2952.4528,1200,313.2075,2391.6981,115.4717,1018.8679,0,529.0566,0,890.566,11.3208,209.8113,61.1321,717.7358,87.5472,11.3208,76.2264,0,6.7925,0,55.0943,0,1688.3019,444.5283,237.7358,1.5094,1135.1623,26.4151
TCGA-AB-2990-03,0.2666666667,2393.276,2939.0149,2.3456,412.8225,1294.7615,3.9093,7053.1665,3865.5199,3772.4785,4205.6294,971.853,1822.5176,1673.964,1683.3464,283.0336,1684.1282,1096.1689,314.3081,2562.9398,692.7287,50.821,43.0023,4116.4973,1587.1775,2198.5927,5717.8108,1290.8522,1225.1759,0,3724.785,161.8452,1789.6794,925.7232,3.1274,66.4582,11308.0532,0.7819,52.3847,67.24,15366.6927,21.1102,208.7568,1472.2439,2786.552,3991.3995,892.1032,4829.5543,2845.1916,1096.9507,2693.5106,7708.5301,1472.2439,628.2252,5903.0493,2826.4269,1089.914,25.0195,1380.7662,72.7131,1372.1658,3078.1861,2320.5629,2068.0219,1032.8382,1351.7983,3150.1173,4584.8319,12830.3362,1611.4152,127.4433,2802.9711,9.1321,612.9789,3249.4136,2317.4355,913.9953,53.9484,3193.1196,2118.061,1863.9562,21.8921,90.6959,3204.8475,12338.5457,2034.4019,2406.5676,3275.215,1369.8202,258.0141,39.093,1241.595,3099.2963,819.3901,3222.0485,1040.6568,2033.62,2015.6372,3913.2134,1053.1665,541.0477,2591.8686,1845.9734,225.9578,1268.9601,3344.0188,641.9077,2563.7217,42740.4457,1746.6771,1810.7897,17.2869,7560.5942,2566.8491,221.2666,5.473,599.6873,320.5629,2063.3307,2210.3206,14088.3503,891.3213,377.6388,565.2854,1253.3229,8776.3878,1985.9265,18415.95,4.6912,7.8186,0,736.5129,14.8554,7422.2048,2538.6474,301.0164,165.7545,10.1642,585.9578,2891.3213,1532.4472,4786.552,783.4246,12245.5043,2487.0993,3.9093,1116.4973,4655.9812,1330.7271,701.3292,3200.9382,2641.1259,7865.5199,276.7787,2559.0305,388.0844,3835.8092,10.1642,703.6747,5627.8342,2336.2002,16.4191,4.6912,0.7819,461.2979,3.1274,31.2744,3154.0266,3627.0524,5470.6802,2759.9687,573.104,1160.2815,988.2721,1161.8452,1020.3284,0,6951.5246,55.5121,3357.3104,454.2611,3240.0313,2074.2768,849.8827,1082.0563,2001.5637,8382.3299,96.9507,1551.9937,468.3346,938.233,14.8554,676.3096,2725.5668,10723.2213,250.9773,17.2009,773.2604,2089.1321,3202.4941,458.1704,0,1.5637,254.8866,505.864,890.5395,14.0735,1351.8374,6.2549,1248.6317,930.4144,23.4558,3500.3909,36.5598,37587.1775,1771.6966,393.9015,1373.7295,2038.3112,3274.4332,43.7842,1068.8038,856.9195,1475.3714,4389.3667,4.6912,1911.6497,448.0063,153.2447,1576.2314,270.5238,2521.5012,0,0,24.2377,790.4613,6.2549,583.2682,243.9406,1675.5278,1458.4754,35.9656,21.1102,703.6747,8798.2799,763.0962,2935.1056,2543.3933,1563.7217,93.8233,5.473,12522.283,20.3284,4064.1126,801.4073,1.5637,473.8077,432.369,622.3612,560.5942,457.3886,6.2549,129.007,433.9328,2668.491,505.0821,13.2916,8548.8663,1958.5614,900.7037,921.337,1.5637,1634.871,1380.7662,10.1642,685.6919,2563.7217,749.8045,376.0751,2169.6638,360.4378,1930.4144,0.7819,447.2244,0,651.2901,37.5293,36.7475,210.3206,583.2682,22.674,1.5637,96.9507,2.3456,3.1274,0,209.5387,0.7819,1410.4769,597.3417,215.0117,747.459,2301.2744,60.2033
TCGA-AB-2992-03,0.2666666667,2043.9771,2548.7572,5.7361,264.8184,2004.7801,47.8011,9701.7208,2929.2543,5078.3748,4363.2887,1130.0191,1659.6558,1152.9637,1626.195,652.9637,1743.7859,1349.9044,574.5698,5906.3098,1087.9541,107.0746,14.3403,2695.9847,2447.4187,5708.413,4840.1338,1096.5583,984.7036,19.1205,7827.9159,108.9866,1896.7495,838.4321,3.8241,93.6902,1565.0096,0,77.4379,33.4608,12982.7916,17.2084,108.9866,1938.8145,1959.847,6527.7247,2542.065,4742.8298,5661.5679,3102.2945,2812.6195,15904.0535,1511.4723,1882.7438,4670.1721,4109.9426,723.7094,20.0765,883.3652,360.4207,828.8719,2368.0688,4964.6272,2956.979,804.0153,2097.8776,5567.8776,12316.4436,5059.2734,1413.9579,177.8203,3657.7438,117.218,881.4532,3507.6482,2763.8623,398.6616,52.5813,3836.5201,2439.7706,1693.1166,202.6769,142.4474,4400.5736,12994.2639,2249.522,2254.6176,3567.8776,896.7495,139.5793,33.4608,759.0822,4448.3748,1013.3843,6414.914,1653.9197,1643.4034,1707.457,2328.8719,1554.4933,112.8107,2419.6941,1695.9847,330.7839,4037.2849,3813.5755,717.0172,1805.9273,16300.1912,1503.8241,1684.5124,56.4054,3391.0134,5196.9407,122.3709,21.0325,326.9598,296.3671,3552.5813,1005.7361,11316.4436,823.1358,531.5488,320.2677,5765.7744,22048.7859,2228.4895,10259.0822,124.283,0.956,0,1521.9885,22.9446,4228.4895,1953.7572,215.1052,234.2256,7.6482,1348.9484,2721.7973,1156.7878,7323.1358,981.8356,1625.239,3480.8795,98.4704,978.0115,7699.8088,1679.7323,736.1377,5141.4914,2214.1491,7426.3862,254.3021,3071.7017,171.5105,3721.7973,300.1912,350.8604,6456.979,3908.2218,10.5163,159.6558,17.2084,468.4512,21.9885,580.3059,2410.1338,5145.3155,4946.4627,3839.1969,1497.1319,1355.6405,928.2983,1065.9656,1038.2409,0,8090.8222,392.9254,4809.7514,835.5641,8517.2084,2209.369,3248.566,2460,2662.5239,6797.3231,437.8585,1533.4608,497.1319,574.5698,82.218,1139.5793,1802.1033,6966.5392,176.8642,80.3059,434.9904,2780.1147,4895.5545,527.7247,18.1644,3.8241,363.2887,827.9159,737.0937,701.7208,2259.0822,93.6902,2423.5182,1018.1644,86.9981,3591.7782,38.413,23344.1683,1327.9159,765.9847,1453.1549,1422.5621,3819.3117,19.1205,2312.6195,523.9006,1413.0019,5717.9732,129.0631,1901.5296,311.6635,125.239,1363.2887,1076.4818,2933.0784,9.5602,3.8241,16.2524,1083.174,5.7361,1732.3136,429.2543,1722.7533,1486.979,97.5143,8.6042,86.0421,5901.5296,583.174,3899.6176,2107.0746,4265.7744,269.5985,2.8681,5318.3556,1057.3614,2479.9235,584.13,3.8241,219.8853,449.3308,565.9656,587.9541,1553.5373,63.0975,2218.9293,435.9465,4325.0478,346.0803,5.7361,22513.3843,2507.6482,1594.6463,171.6444,6.6922,2035.3728,682.6004,19.1205,1451.2428,4105.1625,2099.4264,319.3117,2067.8776,242.8298,962.7151,3.8241,444.5507,0,973.2314,277.2467,40.153,436.9025,695.0287,196.9407,24.8566,98.4704,0,59.2734,1.912,61.1855,0,1335.8222,356.5966,86.0421,41.109,472.8298,40.153
TCGA-AB-2993-03,0.4,2491.2503,3483.3411,8.2674,888.2887,1885.8912,0.9186,8698.2482,3403.4227,5552.8977,5665.941,659.5567,1626.8452,1380.6597,2272.6229,747.7425,2186.2742,1744.4264,235.1623,3852.6194,1072.0093,6.4302,5.5116,3355.6554,1886.8098,3682.6779,5037.58,1142.7417,1387.09,4.593,6096.7656,93.6975,1442.2061,618.2196,0.9186,31.2325,9044.5614,0,5.5116,53.279,13722.086,21.1279,144.2206,1853.7401,2055.8327,3323.5043,1137.23,1438.5317,4514.9319,2529.8316,5893.7544,13632.3844,1903.3446,490.1204,4937.4891,3945.3983,1219.9043,6.4302,1086.7069,348.1504,1818.8332,2944.1214,1897.833,3810.3637,1037.1024,1876.9899,3953.6657,5530.9064,7688.7039,1579.9965,50.5231,4401.0252,43.5693,649.4521,5404.1392,2320.3902,126.7672,7.3488,4215.4674,2602.4012,1499.1595,17.4534,279.2552,5338.9184,16980.3695,2506.8666,2828.8919,4299.0603,1075.6837,217.7088,55.1162,1207.0438,4370.7113,841.44,5921.3125,1214.3927,2742.0288,2334.1693,3242.6673,1103.2417,722.9403,2302.0182,3202.2487,214.0344,268.232,3559.5852,865.3237,2509.6224,19873.9677,2245.9834,1769.2286,10.3251,4401.0252,2573.9245,194.7438,4.593,133.1974,195.6624,3692.7825,1563.4617,20615.28,642.1032,108.3951,318.7551,1739.8334,10955.2549,1987.8561,8779.0853,14.6976,0.9186,0,2071.4489,5.5116,9140.0961,1998.0158,215.8716,50.5231,4.593,588.8243,3261.9579,724.7775,6815.1129,100.1277,709.1612,3408.9343,13.779,1158.3579,10138.6171,917.684,681.6031,3902.2239,2220.2625,9626.9555,262.7203,3474.1551,255.7757,6081.1494,0,699.0566,5297.5813,3412.6087,66.1394,40.4185,3.6744,716.51,10.1046,227.8135,1756.3682,5006.3843,3887.5263,2074.2047,368.3597,850.626,618.2196,1026.0791,829.4982,0,9302.6887,263.639,3217.865,835.9284,4139.2234,1744.4264,1472.52,464.62,2441.6458,7840.2734,68.8952,1200.6136,194.7438,191.9879,13.779,1139.0673,4004.1888,6282.3233,211.2786,11.0232,545.65,2784.2845,3530.1439,545.65,0.9186,2.7558,457.4641,589.6602,743.1495,26.6395,1952.9492,2.7558,627.4056,1221.7415,14.6976,1772.9031,35.8255,17387.3104,2405.8203,645.1622,1859.2517,1854.6587,4157.5955,33.9883,2934.9354,944.3235,1342.997,3451.19,2.7558,1490.8921,318.7551,225.0576,1252.0554,922.277,3346.4694,6.4302,0,40.4185,614.5452,3.8398,941.5677,168.1043,1774.7403,1855.1547,95.5347,13.779,556.6732,8085.5403,571.3708,3229.8068,2061.3443,2313.96,34.9069,2.7558,10838.5923,216.7902,5231.4419,1451.3921,5.5116,289.3598,534.7829,517.1733,527.2779,45.9301,17.4534,135.9532,635.673,1617.6592,78.9998,1.8372,8288.5515,1753.6124,1336.5668,641.6256,1.8372,2691.5057,1455.0666,16.5348,1091.2999,2973.5167,1381.5783,274.6622,2466.448,256.2901,698.138,0.9186,546.5686,0,624.6498,72.5696,47.7673,255.3715,1060.986,24.8023,10.1046,47.7673,3.6744,3.6744,0.9186,35.8255,0,1504.1016,383.0573,137.7904,31.2325,707.4159,49.6045
TCGA-AB-2995-03,0.1666666667,1613.3134,2496.6343,13.463,620.7928,1857.8908,367.2401,8451.7577,3611.0696,6175.0037,6071.0546,990.2767,2169.7831,1147.3448,2387.4346,714.2857,1309.6485,1077.7861,1395.6619,3241.5856,1115.1832,435.3029,5.2356,762.1541,2968.5864,5657.442,4411.4361,1369.4839,1780.8527,8.9753,6863.8743,170.531,1115.9312,664.1735,26.178,47.1204,2323.1114,0.7479,477.9357,153.3283,13510.0972,16.4547,127.8983,702.3186,2255.7966,5824.2334,1540.7629,7216.9035,3169.0352,1321.6156,5192.9693,13343.7023,1338.0703,608.3844,1855.647,5744.9514,1143.6051,14.9589,900.5236,3113.6874,1371.7277,2663.4256,1654.4503,2873.5976,1247.5692,1607.1578,5918.4742,9980.5535,10237.8459,1648.4667,150.3366,4665.6694,71.4286,747.1952,3698.5789,2955.1234,530.2917,302.169,2820.4936,3447.27,1307.4046,42.6328,268.5116,6561.7053,15608.8257,1778.6088,2556.7913,3476.4398,1019.4465,833.9566,47.1204,926.7016,4585.6395,1199.7008,9251.3089,2409.8728,2772.6253,1924.4577,2518.3246,1227.3747,28.4218,2500.374,2386.6866,302.169,186.9858,4055.3478,493.6425,1825.7292,10235.6021,1659.6859,1473.448,72.917,10778.6088,2439.0426,332.8347,47.8684,403.1414,394.166,3018.6986,1464.4727,21083.0217,703.8145,259.5363,563.2012,140.6133,6502.6178,2704.5625,3522.8123,73.2984,6.7315,0,4144.353,148.8407,6356.0209,2465.0711,341.0621,178.0105,11.2191,1227.3747,3566.9409,303.6649,7135.3777,448.018,3207.1803,3652.9544,26.178,1409.8728,17009.7233,1621.5408,857.8908,3709.7981,2511.5931,6185.4899,115.9312,2685.8639,382.6477,2839.1922,6.7315,1180.2543,5202.6926,2760.6582,14.2109,122.6627,1.4959,473.448,23.9342,344.0539,4914.7345,2889.3044,4596.8512,2260.2842,409.1249,1779.3568,575.1683,1257.2924,685.8639,0,9343.3059,979.8055,4289.454,883.3209,3894.54,3794.3156,2097.2326,3240.8601,2538.5191,7038.893,1005.2356,2127.8983,404.6372,297.6814,67.3149,1246.8212,5225.8788,2036.6492,246.8212,9.7233,520.5684,3221.3912,2392.6253,455.4974,1.4959,8.2274,363.5004,499.626,705.3104,14.9589,2168.2872,15.7068,2357.5168,643.2311,1323.1114,845.1758,58.4218,14955.1234,2308.1526,671.1668,1692.5954,1344.8018,2845.9237,41.1369,1813.7622,795.8115,1215.4076,5507.8534,12.715,1851.9073,249.813,187.7337,1615.5572,735.9761,3193.7173,7.4794,0,43.3807,386.6866,22.184,2588.6313,154.0763,1766.6417,1396.0957,60.5834,5.9835,74.7943,5696.3351,507.8534,3430.0673,2408.377,3046.3725,439.7906,60.5834,9352.2812,164.5475,6293.1937,824.2334,25.4301,192.9693,638.7435,501.4734,444.2782,76.2902,203.4405,263.276,545.9985,2209.4241,347.0456,7.4794,39255.0486,2983.5453,1337.3224,412.2962,6.7315,3647.7188,957.3672,2.2438,768.1376,2793.5677,1294.6896,362.0045,2232.6103,440.5385,1651.4585,0,564.6971,18.6986,920.718,823.4854,113.6874,572.9245,1027.6739,18.6986,0,90.5011,0.7479,5.9835,0,213.1638,1.4959,643.4929,391.9222,395.6619,23.1862,528.8706,97.9806
TCGA-AB-2996-03,0.4,2044.0598,2781.2077,15.6665,477.4145,1939.342,69.2622,10973.938,3133.2906,4025.4539,5235.8935,805.5855,1896.4654,1142.002,1297.0174,639.0264,1879.1498,1681.2578,284.4698,5216.1043,1127.9846,632.43,0.8246,2163.6196,3288.306,6295.4404,4546.4211,1127.9846,1063.6697,10.7192,8104.5035,26.3856,1123.8619,744.5688,15.6665,27.2102,2211.4435,0,126.9807,119.5598,12063.1688,12.3683,92.3496,1708.4679,2602.2803,4977.8093,2755.6466,3228.9384,2925.504,1359.6832,9763.4984,14277.7786,1460.2783,881.9224,4389.0805,4697.4622,831.1466,2.4737,1182.4049,944.1099,1308.5611,2105.9011,2516.5271,3083.8176,1078.5116,1748.1535,3437.5496,14927.656,7388.794,1690.3278,136.0508,3461.4616,49.5967,948.2327,4976.9847,2547.0354,348.7847,127.8053,3643.6871,2903.2411,2434.0721,9.0701,122.0334,4281.889,14949.9189,1725.7835,2330.4508,3618.1261,865.7777,226.7513,27.2102,831.9711,4989.353,1140.3529,6069.5137,1882.448,2570.1228,2017.6742,2308.7404,1442.9628,166.5591,2288.9512,2387.8973,290.2417,1198.8959,3993.2964,683.5521,2161.9705,15879.1869,1878.3253,1362.9814,19.616,6048.8999,2529.7199,320.75,23.0874,270.4525,285.2944,3145.6588,1296.1928,15092.5661,568.1151,337.241,380.9422,6787.6969,15523.8058,2282.3548,3515.0573,51.9467,1.6491,0,2068.7963,71.7359,7845.5947,1841.303,225.1022,53.5958,7.421,983.6883,3086.2912,1890.6935,6624.436,640.6755,3383.1293,3308.0952,16.491,1137.8792,10206.2818,1856.0624,731.376,3863.0175,2650.1042,6557.6474,357.0302,3041.7655,207.7289,3225.6402,273.7507,72.5604,4837.6358,2971.6788,213.5585,74.2095,1.6491,426.2924,32.1575,167.3837,2124.8658,4420.4134,4415.4661,2835.4136,883.9178,1503.9795,725.6041,1230.2288,978.741,0,9379.258,146.7699,4457.5181,1032.3368,6988.0626,1205.4923,2274.9339,1583.4496,2536.3163,8526.6732,914.4261,1539.4351,446.9062,330.6446,32.982,1069.4416,1983.8677,3800.3517,227.5758,10.7192,501.3265,2472.8259,3075.5226,572.2378,0.8246,20.6138,484.8355,625.009,775.0771,18.1401,1891.5181,7.421,1832.975,853.4094,323.2237,2800.9969,27.1112,32467.487,1266.509,552.0446,1491.6112,1738.9763,3148.957,15.6665,2215.5663,691.7976,1386.0688,3463.1107,10.7192,1790.9229,234.1722,127.8053,1276.4036,1120.5637,3408.6903,3.2982,2.4737,9.8946,514.5193,0.8658,998.5302,310.8554,1749.6954,1597.9947,34.6311,4.9473,80.8059,6089.3029,443.608,3844.8774,1956.6575,3693.9847,333.1183,1.6491,7663.3692,787.4454,3711.3003,563.9923,9.8946,197.892,367.7494,502.9756,437.8361,366.9248,96.4724,535.9576,617.5881,2044.8844,252.3123,8.2455,55815.4492,3497.7418,1217.8606,438.8833,2.4737,2734.2083,753.6388,2.4737,795.6909,4079.0496,1592.2064,305.9081,1809.8876,507.0983,1470.9975,0.8246,465.8708,12.3683,927.6189,621.7108,160.7873,328.171,375.1703,218.5058,3.2982,182.2256,0,5.7719,5.0462,70.9113,0,1326.7012,395.7841,212.7339,4.1228,1014.5512,18.9647
TCGA-AB-3000-03,0.1,3383.7877,3058.1062,0,384.505,1146.3415,0,10296.9871,2850.0717,2812.7618,5530.1291,1738.1636,1969.8709,1121.2339,2075.3228,423.2425,1723.8164,1017.2166,511.4778,4656.3845,839.3113,12.1951,45.911,11304.1607,2381.6356,4497.1306,4655.2798,1304.878,1837.1593,2.1521,4947.6327,70.3013,1093.2568,517.934,0.7174,10.7604,10842.8981,0,10.7604,30.8465,22521.5208,17.2166,151.363,2700.1435,3474.8924,4620.5165,1722.3816,5900.2869,3191.5352,992.8264,7125.538,10405.3228,1204.4476,796.1406,2274.0316,3855.8106,1276.901,0.7174,939.7418,762.5538,1487.0875,2529.4118,3555.9541,2626.2554,957.6758,1360.5595,5546.6284,5748.2066,9834.2898,1802.0086,248.924,3343.6155,20.0789,744.6198,4061.693,2935.4376,139.1679,8.6083,4452.6542,2664.9928,3015.0646,19.3687,245.3372,3663.5581,12980.6313,2060.2582,2412.3314,3905.3085,1354.3759,12.9125,7.1736,1421.8077,4529.4118,1083.2138,2305.5954,952.6542,3021.5208,1539.4548,2042.3242,1197.274,64.5624,3045.1937,1824.9641,270.4448,459.8278,3429.6987,509.3257,2878.0488,29233.8594,2151.363,2307.7475,12.2884,5662.8407,2040.1722,198.7088,13.6298,579.627,387.3745,2470.5882,1923.9598,35407.4605,645.6241,621.2339,518.6514,2546.6284,7934.0029,2190.1004,2820.66,4.3042,3.5868,1.4347,2342.8981,7.1736,6523.6729,1476.7145,168.5796,1091.1047,6.4562,903.1564,2998.5653,7242.4677,7209.4692,65.2798,91.8221,2747.4892,2.8694,1532.9986,9963.4146,1495.6958,615.495,3875.8967,1434.0029,6902.439,89.67,2910.33,277.7044,6697.274,96.8436,598.9957,4262.5538,2321.3773,21.5208,11.4778,0.7174,549.4978,2.8694,35.1506,2851.5065,4850.7891,4081.7791,2522.9555,752.5108,1527.977,795.5524,1324.9641,1207.3171,0,5657.8192,124.8207,3565.2798,909.6126,4450.5022,588.2353,1517.2166,3641.3702,2647.0588,7361.5495,110.4735,1535.1506,433.2855,368.7231,9.3257,1444.0459,5955.5237,1005.7389,237.4462,14.3472,600.4304,2548.0631,3470.5667,407.4605,0.7174,12.1951,347.2023,317.0732,786.2267,10.7604,1757.5323,7.1736,2183.6442,921.8077,188.6657,398.8522,15.9326,9250.3587,1445.4806,558.6801,1695.122,1375.1793,3746.0545,15.0646,1422.5251,733.8594,1854.3759,8309.8996,4.3042,2115.495,246.0545,124.8207,1629.1248,610.4735,1863.7016,1.4347,0.7174,236.0115,936.1549,0.7174,930.4161,105.4519,1611.9082,1435.1435,21.5208,6.4562,4.3042,6337.8766,725.9684,3543.0416,2522.9555,3133.429,46.6284,0.7174,8255.3802,55.2367,4852.2238,728.8379,8.6083,239.5983,531.5638,575.66,439.7418,92.5395,6.4562,388.0918,403.1564,1078.1923,248.924,0.7174,70638.4505,386.6571,921.8077,449.2898,3.5868,2581.7791,1007.891,12.1951,507.891,2095.4089,2052.3673,478.4792,2074.6055,211.6212,1836.4419,0,493.5438,0,885.2224,203.0129,1014.3472,309.8996,1109.7561,151.363,0.7174,12.9125,0,22.2382,0,6.4562,0.7174,1362.9842,423.2425,39.4548,0,369.4692,10.043
TCGA-AB-3002-03,0.7333333333,2583.5415,2472.5149,3.8618,325.3563,1769.668,0.9654,8469.884,4629.3279,1989.7904,5165.1521,1080.3374,2514.0292,2568.0943,1939.587,546.4441,1397.0047,1115.0936,1827.5949,3893.6558,1206.8112,27.0326,2.8963,1923.1744,7250.5219,5717.3889,7922.822,1047.5122,1305.287,6.7581,8698.6954,119.7157,986.6889,1075.5102,4.8272,31.8598,13904.3964,0,39.5834,15.4472,20161.4713,20.2744,195.9861,1055.2358,2768.9077,5722.2162,1570.7855,5650.773,3751.7348,1282.1163,2796.9057,16115.458,2273.6324,848.6683,1628.7125,5311.9004,977.0344,6.7581,706.7087,815.8044,1101.5773,3165.7073,2212.8091,3966.0645,1281.1508,2007.5836,10240.5175,4911.239,10509.8778,2794.9748,982.8271,3797.1109,19.3766,825.4589,8677.4556,4100.2619,586.993,150.61,2087.3007,3750.7693,5472.1649,139.9901,126.4738,5888.2734,16575.7938,1983.0322,2574.6401,4600.3645,2372.1082,572.5113,59.8578,1034.9613,4796.3506,787.8064,3055.6461,3352.0389,1592.0254,1951.1724,5673.9437,1370.9376,52.1342,3204.3252,1502.2386,219.1569,2435.8278,4827.245,523.2734,2801.733,18538.5516,1873.9365,1527.3403,26.6078,5984.8183,1988.8249,191.1589,9.6545,1298.5289,381.3524,3900.4139,2008.1339,24841.0026,621.7492,158.3336,350.458,2849.04,9356.1662,1552.442,28984.7097,9.6545,10.6199,0,4638.9824,20.2744,10969.4315,1350.75,237.5005,63.7196,7.7236,474.0355,2863.5217,2132.6768,6328.5182,829.3207,1123.7826,2886.6925,30.8944,1145.0225,11860.5409,1358.3867,695.1233,3571.1958,2255.2889,11745.6525,116.8193,3180.189,171.6954,1840.1458,83.0286,12.5508,5469.2686,3018.959,2.8963,47.307,7.7236,375.5597,8.689,280.9457,3088.4713,3542.2324,4917.9972,2674.9985,839.9406,1632.5742,899.7985,1466.517,1013.7214,0,7884.8219,740.4994,4871.6556,497.2062,6178.8736,732.7758,2877.038,1935.9859,2500.5129,7113.4282,1398.9356,1369.0067,126.4738,246.1895,59.8578,501.068,4100.2619,3477.5473,211.4333,1.9309,636.2309,2069.9226,3802.4305,309.9091,2.8963,49.2379,193.0898,311.9269,695.1233,24.1362,1413.4173,19.309,1352.594,476.9318,158.3336,5886.3425,10.6199,53914.5336,1279.2199,628.4397,1696.2939,7698.4903,2648.2266,523.2734,808.0808,501.068,1494.515,4659.2568,13.5163,4537.6103,193.0898,108.1303,1425.0027,864.0768,3674.4989,0.9654,0,57.9269,284.8075,1.9309,889.1785,1347.7668,1801.5278,1509.7595,30.8944,1.9309,27.998,10116.94,583.1312,7648.2869,2353.7646,2630.8485,146.7482,22.2053,5366.931,115.8539,3660.9826,755.9466,3.8618,165.0918,366.8706,285.2129,395.8341,778.1519,15.4472,131.3011,247.1549,1784.1497,400.6613,2.8963,96608.619,1984.9631,924.9001,248.0432,1.9309,1413.4173,641.0581,1.9309,986.6889,3592.4357,1117.9899,417.074,2336.3866,415.1431,3527.7506,1.9309,309.9091,0,647.8163,87.8559,37.6525,376.5251,824.4934,67.5814,0,38.618,0,16.4126,0.9654,129.3702,0,945.1746,345.6307,523.2734,0.9654,572.434,83.9941
TCGA-AB-3006-03,0.4666666667,2419.1022,2831.7096,4.5845,725.1194,1311.1748,114.6132,9454.0592,3258.0707,3549.9522,5770.3916,658.6437,2091.3085,1574.7851,1719.9618,563.8968,1963.7058,1326.4565,515.7593,3659.2168,1107.9274,32.0917,130.659,3355.8739,2536.0076,4987.9656,3894.7393,1415.0907,1719.9618,1.5282,6453.4862,123.7822,1496.084,552.4355,0.7641,14.5177,9846.8004,0,25.2149,19.1022,16515.7593,23.6867,157.4021,2482.5215,3349.7612,3765.425,992.5501,3222.9226,3181.6619,1187.3926,4090.9265,13559.4575,1492.2636,391.1595,3917.4785,4408.0229,1404.3935,2.2923,998.6628,1222.5406,1553.3906,2925.6925,1314.9952,3989.3028,1286.724,2008.1681,3654.6323,5105.6351,12249.0926,1796.3706,131.4231,3071.6332,32.2751,698.3763,5123.2092,3128.1757,297.9943,54.2502,3634.766,2693.4097,1528.9398,9.9331,214.7087,4565.425,13763.5148,2150.1433,2429.5091,5068.1948,1456.3515,61.8911,60.3629,1144.6036,4618.9112,1130.85,2814.8997,840.4967,3099.9045,2365.616,2626.9341,1061.3181,645.6543,2785.8644,2246.4183,258.2617,68.0038,4075.6447,717.4785,2584.1452,27106.0401,1625.2149,1460.936,20.1261,2787.3926,2759.8854,246.0363,20.6304,455.3964,496.6571,2982.999,1894.9379,26142.5024,774.021,451.5759,403.4384,2508.5005,13285.9599,2516.1414,2325.1194,4.5845,0.7641,0,2727.0296,45.8453,7884.6227,1639.4881,182.617,56.5425,11.4613,813.5702,2848.5196,354.5368,6502.3878,87.106,1311.9389,3125.8835,3.8204,1467.8128,11000.5731,1425.788,663.9924,3329.8949,2990.6399,5790.2579,235.3391,3239.7326,322.277,5130.85,0,240.6877,5817.765,2866.8577,104.68,16.0458,2.2923,642.5979,12.9895,897.8032,3380.3247,3357.4021,5123.9733,2195.2245,348.4241,1390.6399,787.0105,1352.4355,974.212,0,8381.2798,77.1729,4080.2292,989.4938,4680.8023,1841.4518,1903.3429,405.3486,2976.1223,10295.32,66.4756,1419.6753,488.2521,337.7268,46.6094,903.916,4232.2827,2659.0258,226.9341,11.4613,535.6256,3047.9465,3249.6504,641.0697,0,3.8204,416.4279,709.0735,833.6199,8.405,1891.1175,11.4613,2693.4097,1224.8329,203.2474,1107.1633,23.6867,15504.107,1300.4776,740.7679,2064.5654,1170.5826,3148.8061,13.7536,1888.0611,887.106,1851.3849,3253.4862,2.2923,1818.5291,304.107,162.7507,1886.533,688.4432,2497.0392,0,0,11.4613,654.8233,5.3486,1318.0516,200.191,1717.6695,1693.9064,21.3945,10.6972,64.1834,8301.0506,618.1471,3371.1557,2409.9331,2024.0688,79.4651,3.0564,10724.7373,41.2607,6828.6533,911.5568,0.7641,284.2407,385.8644,641.0162,551.6714,34.384,34.384,178.7966,511.1748,1781.8529,332.3782,3.8204,24079.4651,2138.6819,1273.7345,677.7994,2.2923,3039.5415,1107.1633,15.2818,525.6925,2370.9647,1408.978,440.1146,2234.1929,297.9943,1023.8777,0.7641,605.1576,0,734.2884,367.5263,46.6094,242.9799,351.4804,26.7431,3.8204,27.5072,2.2923,1.5282,0,12.2254,0,1488.68,338.4909,294.1738,4.5845,776.382,75.6447
TCGA-AB-3008-03,0.1,4064.5819,3453.433,6.1183,511.2169,1167.2332,0.6798,12780.4215,3415.3637,1957.172,6048.2665,1781.1013,2201.9035,2927.2604,2685.2481,431.6791,2371.1761,1526.8525,353.501,5086.3358,868.7967,53.705,193.7458,12439.157,2469.7485,4609.1094,3589.3814,1485.3841,2680.4895,11.5568,5492.862,292.998,2090.4147,735.554,3.399,66.6213,4424.881,0,21.7539,25.153,23634.2488,26.5126,190.3467,1342.6241,5694.7655,4712.4405,1416.0435,3876.2746,2971.448,1081.5772,5766.1455,11673.3311,1205.3025,727.0428,1256.2882,4228.416,1396.329,5.4385,1201.2237,286.1999,2000.6798,2996.601,2794.6975,2936.0979,1322.2298,1185.3229,10897.3487,4949.6941,9440.5167,1958.5316,892.5901,4234.5343,80.7886,795.3773,3525.4929,3555.4045,172.6717,7.4779,9019.7145,3055.0646,3371.1761,19.0347,320.8702,4577.8382,11318.1509,2906.1863,2364.4935,6227.7362,1870.1564,74.0993,10.877,1166.5534,4768.1849,1455.4725,1676.4106,1018.3549,3407.8858,1580.5574,2493.5418,1159.0755,86.3358,2905.5065,1891.9103,297.0768,410.605,3802.8552,802.1754,3367.0972,18080.2175,1759.3474,2393.6098,50.8226,4393.6098,2771.584,473.1475,16.9952,1543.8477,817.811,2756.6281,2282.121,45203.9429,612.5085,978.2461,432.3589,396.329,3106.7301,2650.5778,3970.0884,46.2271,2.0394,10.877,2968.7288,9.5173,7394.2896,1999.5989,353.501,607.07,14.276,785.86,2680.4895,1393.6098,8169.2726,73.4194,187.6275,2840.9245,150.9177,2063.2223,12530.2515,2123.7254,698.1645,3897.3487,2498.9803,7059.1434,104.6907,3800.136,311.5432,2356.9001,16.3154,853.8409,6251.5296,2967.3691,18.3549,84.2964,6.7981,627.4643,36.7097,187.6275,1331.0673,4486.0639,4461.5908,2407.8858,577.8382,2048.9463,845.6832,1002.0394,957.8518,0,6352.8212,91.7743,3517.3351,1022.4337,5125.7648,1949.6941,1462.9504,2233.0591,3440.5167,7386.1319,45.5472,1616.5874,456.1523,528.2121,206.6621,1529.5717,8522.7736,1099.932,283.4806,44.1876,785.1801,2815.7716,4606.363,443.2359,2.0394,1.3596,295.0374,674.7179,868.7967,66.6213,1878.9939,20.3943,1017.6751,831.4072,192.3861,583.2767,13.4466,11110.809,1290.2787,624.7451,1494.9014,1478.586,3121.0061,23.7933,1170.6322,796.7369,2305.2345,8989.123,36.0299,2109.4494,528.8919,163.8341,2145.4793,718.5588,2041.4684,8.8375,2.0394,307.9538,403.1271,2.0394,1477.9062,514.6159,1547.9266,1371.6111,53.0252,3.399,36.0299,6104.6907,912.3046,3585.3161,3097.2128,4913.6642,146.8389,2.7192,7961.2508,373.2155,6853.1611,838.8851,3.399,380.6934,549.2862,519.3746,874.2352,126.4446,36.0299,121.0061,571.0401,1064.5819,1437.7974,57.7838,39915.4861,528.8919,1149.5581,492.1686,2.0394,2481.985,1132.93,5.4385,730.7954,2196.465,1632.9028,541.8083,2250.17,269.2046,2012.9164,0,638.3413,0,974.1672,1709.0415,59.1434,296.397,1752.5493,22.4337,0,72.7396,0,16.9952,0,3.399,0,624.0653,541.8083,133.9225,0.6798,445.1054,2.0394
TCGA-AB-3009-03,1.133333333,2376.1302,2716.094,10.8499,468.3544,1914.1049,1.8083,9547.9204,4005.425,5361.6637,5027.1248,1893.3092,1561.4828,3894.2134,2302.8933,640.1447,676.311,1027.1248,519.8915,5409.5841,842.6763,11.7541,50.6329,2160.0362,2720.6148,5042.4955,5368.7703,1122.0615,2680.8318,7.2333,7899.6383,63.2911,1288.4268,1116.6365,0,28.0289,8055.1537,0,179.9277,100.3617,13905.0633,14.4665,127.4864,2022.604,2201.6275,4953.8879,1603.9783,2934.9005,3339.0597,1062.387,6175.4069,16150.6148,1800.1808,808.1103,5764.9186,4688.0651,1170.8861,3.6166,714.2857,799.2767,1519.8915,2027.1248,2477.396,1533.4539,1505.425,1764.4756,4135.6239,7723.3273,7968.3544,1945.7505,119.349,3547.9204,42.1338,799.2767,5305.6058,2458.4087,398.7342,30.7414,4292.0434,3311.9349,1837.2514,62.387,269.4394,3830.9222,19895.1175,2731.4647,2959.1591,3547.9204,1188.9693,487.3418,4.5208,1283.0018,5198.915,1162.7486,121.1573,773.0561,2247.7396,2694.3942,2874.3219,1600.3617,396.9259,2699.8192,2443.9421,307.4141,544.3038,3399.6383,578.6618,1896.9259,33414.1049,1673.5986,2865.2803,313.481,8461.1212,1479.2043,199.8192,8.1374,179.0235,367.0886,4039.783,924.0506,29396.0217,505.425,273.9602,334.5389,3962.0253,16236.8897,1730.5606,2103.0741,18.0832,0,0.9042,2632.9114,7.2333,8567.8119,1337.2061,403.255,2491.8626,10.8499,1421.3382,2524.4123,3643.7613,6462.9295,272.1519,585.8951,3439.4213,40.6872,1223.3273,10554.2495,1343.5805,845.3888,4138.3363,3107.5949,8273.9602,2.7125,3006.3291,147.3418,3702.5316,4.5208,124.774,4710.6691,2740.5063,1.8083,43.3996,6.3291,462.9295,3.6166,268.5353,1425.859,4154.6112,4490.9584,2380.651,558.7703,1196.2025,824.5931,900.5425,904.1591,0,7009.9458,605.7866,3246.8354,958.4087,4327.3056,529.8373,2589.5118,2103.0922,3223.3273,7720.6148,1192.5859,1481.0127,276.6727,119.349,11.7541,1608.4991,7843.5805,2156.4195,264.9186,22.604,376.1302,2600.3617,4233.2188,539.783,0,18.0832,269.4394,433.5172,678.1193,36.1664,2400.5425,7.2333,382.4593,776.6727,37.9747,2447.5588,52.4412,10783.906,1414.1049,924.5479,1571.4286,1180.8318,3862.5678,4.5208,1820.0723,655.5154,1126.5823,5357.1429,10.8499,2410.4882,185.3526,106.6908,1465.642,603.0741,3606.6908,4.5208,1.8083,44.3038,920.434,6.3291,746.8354,420.434,1971.9711,1807.0344,90.4159,41.5913,1132.9114,7115.7324,347.1971,4052.4412,2241.4105,2238.698,50.6329,2.7125,12924.0506,137.4322,3833.6347,795.66,0.9042,190.7776,426.7631,488.9241,318.264,205.2441,66.0036,987.3418,294.7559,598.5533,283.906,232.3689,31245.0271,2718.8065,1551.5371,458.038,4.5208,2981.0127,1019.8915,19.8915,1625.6781,2675.4069,1784.8101,293.8517,3016.2749,136.528,2134.7197,0.9042,542.4955,0.9042,746.8354,22.604,51.5371,782.0976,1580.4702,42.4955,0,3.6166,0.9042,23.5081,0,145.5696,0,972.5316,384.2676,290.2351,2.7125,944.6655,307.4141
TCGA-AB-3011-03,0.2,2791.1255,2775.974,12.987,568.1818,1583.3333,17.316,11589.8268,3915.5844,2863.6364,4717.5325,993.5065,1953.4632,1680.7359,2095.2381,601.7316,1772.7273,953.4632,281.3853,3451.2987,966.4502,25.974,43.29,4147.1861,2869.0476,4440.4762,6702.8463,1211.039,1740.2597,3.2468,7159.0909,84.4156,1772.7273,905.8442,1.0823,24.8918,8795.4545,1.0823,17.316,58.4416,13419.9134,34.632,142.8571,1201.2987,2277.0563,4096.3203,1273.8095,4755.4113,5567.0996,2392.8571,7148.2684,16838.0519,1346.3203,644.9134,5737.013,4673.1602,1077.9221,1.0823,825.7576,232.684,1287.8788,3162.3377,3123.3766,3170.9957,1396.1039,1435.0866,5159.0909,7376.6234,7168.8312,1707.7922,207.7922,3784.632,32.6407,732.684,4218.6147,2602.8139,119.0476,9.7403,3713.2035,2043.29,1400.4329,12.987,336.5801,4805.1948,10713.2035,2260.8225,2399.3506,4882.0346,1264.0693,443.7229,7.5758,943.7229,3484.8485,984.8485,4426.4069,725.1082,2542.2078,2440.4762,5314.9351,1187.2294,554.1126,3413.4199,2098.4848,211.039,358.2251,4380.9524,630.9524,2606.0606,21518.3983,1971.8615,1557.3593,19.4048,6401.5152,1877.7056,132.0346,4.329,316.0173,155.8442,3950.2165,1495.671,16758.658,238.0952,205.6277,281.3853,3012.987,12180.7359,2032.4675,4116.8831,6.4935,7.5758,0,1619.0476,10.8225,8508.658,2038.2792,326.8398,70.3463,42.2078,612.5541,2489.1775,1147.1861,6582.2511,185.0649,1285.7143,3310.6061,7.5758,1291.1255,8254.329,1379.8701,638.5281,3590.9091,2751.0823,10705.6277,211.039,3742.4242,277.6407,1410.1732,2.1645,377.7056,5632.0346,3043.29,5.4113,14.0693,1.0823,412.3377,1.0823,38.961,1574.6753,4415.5844,3854.9784,2728.4091,509.7403,845.2381,573.5931,976.1905,685.0649,0,9161.2554,91.9913,4074.6753,797.619,3126.6234,1036.7965,2050.8658,536.3961,2649.3506,7180.7359,96.3203,1648.2684,211.039,265.1515,17.316,1247.8355,3662.3377,6790.0433,183.9827,44.3723,553.0303,2992.4242,4515.0541,482.684,0,19.4805,322.5108,478.9286,607.1429,22.7273,1827.9221,14.0693,1677.4892,1551.9481,15.1515,2260.8225,48.4416,34096.3203,1643.9394,502.3052,1388.5281,2101.7316,2949.1342,83.3333,1716.4502,769.4805,1695.8874,4415.5844,1.0823,1729.4372,354.9784,216.4502,1661.2554,609.3074,3630.9524,1.0823,1.0823,10.8225,613.6364,2.1645,627.7056,291.1255,1602.8139,1567.5325,43.29,19.4805,215.368,9686.1472,675.3247,3264.0693,2043.29,1610.3896,36.7965,6.4935,10165.5844,95.2381,3980.5195,1329.0043,2.1645,271.645,551.9481,712.7056,524.8918,102.8139,6.4935,35.7143,536.7965,706.71,382.0346,1.0823,5579.0043,1375.5411,1354.9784,793.1602,1.0823,1989.1775,1263.9502,9.7403,1051.9481,2548.7013,859.3074,391.7749,2293.29,385.2814,883.1169,3.2468,509.7403,0,690.4762,106.0606,5.4113,337.6623,1115.8009,21.645,73.5931,31.3853,0,7.5758,3.2468,14.0693,1.0823,1469.697,345.2381,84.4156,466.4177,3729.1234,15.1515
TCGA-AB-2810-03,0.4,2707.0619,3635.3103,3.95,294.9328,961.165,2.6333,10479.3317,4584.6253,1084.9314,4697.8584,1672.1637,2597.7788,1024.3649,868.9985,202.7663,1238.9812,485.8491,175.1164,1531.2807,504.2825,2.6333,9.2167,8244.9522,3331.1608,4148.8094,5093.9111,1240.2978,1190.2646,0,5369.3573,121.1331,667.5488,845.2985,0,44.7666,7662.9866,0,51.3499,96.1165,27244.419,38.1833,271.2329,413.4326,4767.6417,3394.3607,510.8658,3590.5437,4183.0427,1465.4474,2534.5789,9709.4122,1163.9313,496.8301,2268.6127,3286.3942,990.1316,1.3167,807.1153,184.333,725.4821,2387.1125,3058.6113,1161.298,1393.0309,926.3524,3801.21,3037.5447,16316.1048,1992.1132,30.2833,2172.4962,1.3167,271.2329,3049.3947,3569.4771,155.3664,19.75,3763.0267,1445.6975,857.1485,107.9665,118.4998,3350.9108,9237.7172,1194.2146,1267.2631,4828.2082,1743.2636,171.1664,28.9666,1274.5311,1910.48,903.2318,2279.146,1104.6814,2367.3625,1159.9813,7659.0366,1099.4147,338.3827,3324.5775,662.2822,60.5666,912.4484,4829.5249,275.1829,2052.6797,37867.2671,1827.5301,1406.1975,12.087,4958.558,2348.9292,126.3998,1.3167,256.7496,115.8665,2643.862,3157.3611,9206.1172,398.9493,130.3498,362.0827,2292.3127,14216.0251,1383.8142,3481.2606,2.6333,9.2167,0,1125.748,3.95,11277.2303,1443.7225,252.7996,32.9166,30.2833,643.8489,1849.9134,304.1495,3719.5768,31.5999,8850.6178,2222.5294,1.3167,1709.0303,5311.424,2210.6795,391.0493,2239.6461,1374.5976,6414.7888,277.8162,1512.8474,252.4309,1119.1647,3.95,1581.3139,3511.5439,2167.2295,17.1166,0,0,192.233,0,14.4833,908.4984,1641.8805,3716.9303,2665.3763,843.9819,1080.9814,1132.3314,1083.6148,605.6656,1.3167,5802.5398,267.2829,3499.6939,510.8658,5361.4573,705.7321,990.1316,1218.3227,2837.4117,3387.7774,51.3499,1973.6799,44.7666,413.4326,21.0666,816.3319,4125.1094,7640.6033,157.9997,1.3167,550.3657,2161.9629,3855.1011,210.6663,0,0,123.7665,214.6163,762.3487,3.95,1323.2477,13.1666,1103.3647,953.265,10.5333,7448.3703,30.9021,24975.8063,705.7321,406.0725,766.2987,6284.439,2712.3286,53.9832,942.7317,567.4823,2259.396,3907.8598,5.2667,3777.5101,410.7993,46.0833,2183.0295,338.3827,1482.5641,1.3167,0,2.6333,546.4157,1.3167,654.3822,388.416,1664.2638,1349.7916,6.5833,1.3167,44.7666,11458.9299,772.882,2807.1284,2211.9961,2724.1786,51.3499,11.85,6622.8217,7.9,3117.8612,443.7159,0,225.1496,344.9661,354.1827,251.4829,240.9496,1.3167,46.0833,117.1831,1640.5638,101.3832,1.3167,25272.0558,2140.8963,576.699,311.3121,0,751.8154,708.3654,5.2667,335.7494,1974.9965,246.2162,442.3992,1599.7472,233.0496,1747.2136,0,338.3827,0,400.266,59.2499,6.5833,132.9831,592.499,3.95,3.95,34.2333,0,36.8666,0,11.85,0,1148.5132,421.3326,76.3665,1156.0313,972.9228,101.3832
TCGA-AB-2895-03,0.4,2309.4607,4259.0628,7.0734,580.0177,1656.9408,0.8842,7987.6216,3085.7648,3221.8833,5871.7949,943.4129,1671.9717,1713.5279,2012.3784,564.9867,910.6985,524.3148,349.2485,3785.1459,1042.4403,0,22.1043,2245.8002,2635.7206,4074.2706,5713.4836,1302.3873,1573.8285,0,6121.1317,85.7648,749.779,480.9903,0,71.618,3786.0301,0.8842,12.3784,26.5252,11484.527,22.9885,97.2591,2638.3731,1641.9098,3755.084,1061.008,1400.5305,5148.5411,2082.2281,2720.6012,14553.8373,1755.9682,577.9222,2079.5756,4453.5809,1187.4447,0.8842,711.7595,762.1574,1493.3687,2006.1892,1778.0725,3679.9293,1048.6295,2016.2865,4733.8638,6113.1742,6781.6092,1760.389,26.5252,3744.4739,2.1397,576.481,3468.6118,2571.176,115.8267,6.1892,3169.7613,2453.5809,472.1485,11.4943,243.1477,4815.2078,16822.2812,2090.1857,2535.9859,3521.6622,1015.9151,75.1547,76.0389,1312.1132,4000,1067.1972,3767.4624,984.9691,2372.237,2203.3599,2407.6039,1312.1132,705.5703,2710.8753,2255.5261,173.298,38.0195,3292.6614,306.8081,3218.3908,10789.5668,2635.7206,1712.6437,13.2626,4666.6667,3063.6605,128.2051,2.6525,99.0274,346.5959,2960.2122,1123.7843,19089.3015,778.0725,779.8408,229.0009,1821.397,7455.3492,1888.5942,670.2034,2.6525,0.8842,1.7683,4129.0893,0,9034.4828,657.4271,223.6958,19.4518,8.8417,799.1424,3494.2529,95.4907,5213.0858,30.0619,484.527,3351.0168,1.7683,1412.9089,11063.6605,1166.2246,629.5314,3940.7604,2526.9673,6930.1503,161.8037,3044.2087,256.5606,3971.7065,0,1261.7153,3854.1114,2821.397,49.5137,5.305,1.7683,508.3996,1.7683,462.4226,8294.4297,4572.0601,3457.1176,2057.4713,735.6322,961.0964,438.55,1282.9355,811.6711,0,7558.7975,857.6481,3923.9611,1092.8382,4386.3837,2304.1556,2336.87,364.8276,2671.9717,8569.4076,42.4403,1288.2405,70.7339,29.1777,18.5676,1768.3466,5856.7639,1062.7763,175.9505,3.5367,236.0743,2692.3077,2506.6225,443.855,0,0,458.0018,347.4801,717.0645,9.7259,1775.42,0.8842,3164.4562,1084.8806,172.4138,287.3563,21.4943,11920.4244,1504.863,694.2617,1588.8594,1333.3333,3911.5827,24.7569,4591.5119,772.7675,929.2661,2035.3669,0.8842,1679.0451,118.4792,167.1088,1288.2405,788.6826,2762.1574,0,0,12.3784,266.1362,0,1250.221,672.8559,1409.3722,1605.7383,15.9151,13.2626,191.8656,6732.0955,374.8895,3194.5181,2023.8727,4676.3926,249.3369,8.8417,6236.9584,47.7454,6317.4182,1793.9876,0.8842,233.4218,549.0716,479.2219,190.9814,12.3784,17.6835,111.4058,292.6614,1712.6437,68.0813,0,21551.7241,2592.3961,1098.1432,567.5597,0.8842,3147.6569,1066.313,39.7878,532.2723,2458.0018,1703.8019,343.0592,2249.3369,53.9346,579.1335,0,618.9213,0,796.6401,106.1008,293.5455,772.7675,911.5827,4.4209,0.8842,43.3245,9.7259,1.7683,0,46.8612,0.8842,1138.5588,427.0557,271.4412,6.1892,593.855,45.977
TCGA-AB-2946-03,0.03333333333,2434.1884,2533.5005,6.9449,289.6024,1357.7285,0.6945,7815.7934,2559.8911,2987.0026,4867.6822,908.3933,1647.3309,1575.1039,2004.9934,429.8895,1592.4662,1340.3662,82.6443,3780.805,1016.7337,5.5559,195.1518,9930.5162,1601.4945,3887.7565,4655.328,1127.1577,1695.9452,2.0835,4779.482,44.4474,1565.381,630.5972,2.778,25.6961,2340.4322,0,19.4457,16.6678,19502.6755,20.1402,120.8413,1966.7964,3243.2695,6017.7581,2180.0049,2360.5724,2625.1732,1411.8987,7783.8469,9907.4453,1084.0993,900.8164,2298.0683,2825.1864,927.1445,2.778,1016.0393,697.2682,1646.6364,2423.771,4022.4876,3144.6519,713.936,1468.2149,3371.0557,5201.0376,9436.7337,2049.4408,70.1435,3510.6483,19.8277,992.4266,3307.8571,2849.4935,184.7344,22.9182,5008.6638,2389.0465,2702.9561,4.1669,153.4823,3796.0838,19220.7125,2571.6974,2332.9525,3030.7555,1259.8053,11.1118,20.1402,1110.4899,4699.6156,916.0327,4048.8782,697.9627,1950.8231,1814.0086,2785.6004,997.288,79.8664,2323.0699,1974.4358,247.2385,658.3768,2798.1013,634.0696,2936.9993,16018.4179,2545.3068,1671.6381,25.0016,3318.2745,1789.7014,159.7328,19.4457,243.0716,238.9046,2706.4285,1959.157,24574.5379,474.3368,554.8977,478.5038,2791.8509,8933.2282,1900.1254,3468.9789,9.0284,0.6945,0.6945,2257.0933,4.8614,4716.9779,1459.5893,159.0383,361.1349,6.2504,869.9463,3405.7802,644.487,5546.8937,254.1834,4757.9528,3093.2596,26.3906,1290.3629,8739.4655,1169.5216,691.7123,3998.8749,1804.9802,7527.5799,189.5958,2462.6625,237.4046,2014.7162,139.5925,945.2012,3932.2039,3049.5067,4.8614,47.2253,1.389,480.5873,10.4174,49.3088,980.6202,4168.3305,2856.4384,2780.8987,789.6354,1340.3662,988.2596,1191.7453,1397.3144,0.6945,5344.1026,129.8697,3835.6697,689.6288,5328.8238,2296.6793,1938.3223,3194.4746,2109.1669,6503.9013,266.6843,1300.0858,309.0482,245.1551,10.4174,859.0845,4021.7931,3212.0175,266.6843,53.4758,650.0429,2436.9663,2739.0279,513.2283,0.6945,2.0835,285.4355,828.5269,943.8123,22.9182,1822.3424,11.1118,355.579,856.3065,563.2316,891.7255,23.0154,11028.5054,1666.7766,586.6151,1636.2191,1896.6529,3541.2058,31.9466,2023.7446,622.9578,1405.6483,6373.3371,15.9733,2187.6443,406.2768,225.0148,1220.9139,933.3949,2869.6338,3.4725,1.389,6.2504,469.4754,3.4725,991.7321,956.3131,1575.7984,1443.2341,25.6961,1.389,56.2537,6084.4292,561.8426,3584.2642,3155.0693,3856.5044,86.1168,1.389,8619.3186,58.3372,4227.3622,784.774,2.778,286.8245,402.8044,461.836,442.3903,827.8324,9.7229,242.3771,532.674,1737.6146,125.0082,1.389,47590.6397,905.6153,1086.8773,721.374,2.0835,2806.4351,1206.3296,3.4725,1407.0373,3269.6602,1670.2491,451.4187,2255.7044,54.1702,1570.937,1.389,412.5272,2.0835,1045.9023,1011.8723,559.0647,403.4988,525.0346,159.0383,0,49.3088,0,38.197,1.389,5.5559,0,1226.0392,455.5856,86.8113,0.6945,719.3808,6.2504
TCGA-AB-2813-03,0.5,1307.3329,3068.8605,7.3126,247.0039,1178.9559,0,9852.5289,2482.2263,5527.467,4284.3794,1155.3931,1434.0849,479.3825,1700.5891,474.5074,901.8891,1119.6425,212.8783,7505.9923,1238.2693,30.8755,13.0002,2325.4113,2770.6683,6826.7317,3852.4964,1328.4583,612.6346,2.4375,8285.192,26.8129,1042.4538,808.4501,0.8125,10.5627,4354.2555,0,59.3134,41.4381,16730.4489,12.1877,138.1272,3333.7396,2296.9734,5729.8395,2940.4834,3722.1207,2608.9783,1577.0871,1252.8946,11309.153,1509.6486,2512.4924,3654.6821,2755.2306,793.8249,7.3126,892.1389,32.5005,784.0748,2194.5968,6260.4103,1368.2714,886.4514,2728.897,4009.7502,11908.1861,2167.7839,2169.4089,56.8759,3361.365,36.2462,676.8231,1938.6553,2512.2893,1085.517,56.8759,4337.1928,3247.6132,2691.042,35.7506,82.0638,3669.3073,16523.2582,1261.0197,1379.6466,3224.8629,931.9521,4.8751,21.9378,942.5147,5480.3981,873.4511,5128.5801,3070.4855,2124.7207,1438.1475,5591.7124,1368.2714,0,2120.6581,1096.0796,307.9423,2431.038,3497.0546,298.1922,2625.2285,12971.7652,2307.5361,1009.1408,22.9129,2585.4154,4611.8221,68.2511,13.0002,242.1288,239.6912,2319.7237,1448.7101,10093.0327,523.2582,489.9452,424.9441,5312.208,17241.5194,1335.7709,9544.5866,30.8755,2.4375,0,1340.6459,47.1257,2607.3532,547.1054,71.5011,688.1983,1.625,1496.6484,1453.5852,3293.114,7088.3608,832.013,3609.1814,3822.8722,42.2507,1000.2031,6306.7235,1414.5846,573.634,6081.6575,2355.4743,6363.5994,78.8137,2305.0985,139.5328,1677.8387,794.6374,19.5003,3089.9858,2991.6717,0,56.0634,1.625,433.8818,5.6876,156.815,2161.2838,5365.8338,5209.8314,2860.4834,1742.0272,1300.8328,1283.7701,1298.3953,1651.0258,0,6731.6677,429.8192,4689.0108,1408.897,10689.417,2249.0351,2995.7343,2646.3945,2448.1008,6101.1578,165.7526,1640.4631,537.8834,389.1936,13.8127,858.8259,2008.5314,7150.1117,233.1911,96.689,377.0059,2632.5411,2358.6512,424.9441,3.2501,0,364.8182,979.8903,714.1987,37.3756,1651.0258,8.1251,463.9447,1228.5192,109.6892,7709.1205,34.3368,55345.1148,1001.0156,221.101,1542.9616,1928.0926,4470.4449,43.0632,1759.09,577.6965,963.6401,4960.39,198.2531,3979.6872,340.4428,121.0644,1025.391,1456.8353,2512.2893,5.6876,0,82.0638,1196.8312,0.8125,684.9482,524.8832,1945.1554,1442.1938,53.6258,4.8751,15.4377,6282.3482,420.8816,4661.3853,2302.661,6469.2261,200.6906,6.5001,3859.4353,142.1897,2811.2939,498.0703,2.4375,187.6904,221.0035,444.4444,442.0069,1726.5895,34.1255,845.0132,388.3811,4281.1294,195.8156,2.4375,15757.8712,1772.0902,1230.9567,168.4989,0.8125,1369.0839,602.0719,4.8751,926.2645,5604.7126,2406.6626,261.6291,2543.1647,177.1278,1993.9062,0,462.3197,0,1159.4556,24.3754,11.3752,449.3195,537.0709,82.8763,0,200.6906,0,5.6876,0.8125,45.5007,0.8125,2162.0963,344.5054,195.8156,0.8125,1651.3264,29.2505
TCGA-AB-2814-03,0.2666666667,1365.6405,1418.8679,11.1221,738.0338,1943.1976,0,7189.6723,2483.4161,3318.3714,6616.0874,602.1847,1182.9196,1845.4816,2105.2632,413.1082,660.9732,316.1867,58.7885,4752.3337,1520.5561,12.711,176.3654,3652.0357,1611.1221,5028.004,2774.0298,1117.7756,1223.4359,0,5121.7478,137.4379,787.289,4676.0675,0.7944,9.5333,12854.8163,0,119.9603,81.8272,13808.143,18.2721,127.9047,1325.1241,1425.2234,3734.6574,1475.2731,1107.4479,3637.7358,1690.566,3145.1837,11266.145,848.4608,505.5174,1266.3357,4038.1331,867.5273,0,783.3168,27.0109,1371.2016,1965.4419,1646.8719,3116.5839,1052.6316,1825.994,2682.8203,3238.1331,11818.0735,2315.7895,73.8828,3357.2989,0,772.9891,2454.8163,2147.3684,95.3327,1044.6872,4784.1112,4807.15,2137.8352,142.999,269.3148,4242.3039,12544.9851,3111.8173,3413.7041,2971.2016,846.0775,200.993,3.9722,1266.3357,6611.3208,715.7895,2202.9791,413.1082,1847.8649,2290.3674,2173.5849,2192.6514,60.3774,1623.8332,2141.8073,135.0546,322.5422,2858.3913,198.6097,3497.1202,6164.0516,2965.6405,1758.8878,50.0497,10860.7746,2744.7865,43.6941,32.572,327.3088,239.1261,3256.4052,1167.8252,34387.289,720.5561,778.5501,155.71,315.3923,5332.2741,1711.2214,1121.7478,2.3833,0.7944,0,367.8252,74.6773,11412.1152,602.7646,192.2542,219.2651,0.7944,529.0963,2425.422,835.7498,6217.279,42.8997,2178.3515,3508.2423,23.8332,869.1162,9428.4012,1267.9245,687.9841,10955.3128,3285.7994,7733.0685,138.2324,2321.3505,145.1519,10987.8848,2.3833,458.3913,2043.2969,1973.3863,0,3.9722,0,521.9464,4.7666,5.5611,2317.3784,4631.5789,4194.6296,1783.5154,255.8093,1007.3486,766.6336,1176.5641,1286.9911,1.5889,7567.0308,400.3972,3016.4846,1153.5253,5672.2939,285.2036,1329.0963,1255.6107,2178.3515,8786.4945,213.7041,797.6167,57.994,39.7219,46.0775,1994.0417,3595.6306,1389.4737,171.5988,26.2165,130.288,2504.8659,1731.0824,363.0586,1.5889,7.15,577.5571,1300.4965,556.9017,5.5611,2361.0725,13.5055,2552.5323,473.4856,70.7051,342.4032,24.6276,11536.0477,1597.6167,752.0318,2274.4786,1561.0725,2915.5909,6.3555,815.0943,952.5323,378.1529,14550.9434,20.6554,1681.0328,78.6495,177.1599,1279.0467,919.9603,4126.3158,8.7388,0,3.9722,310.6256,3.1778,2439.7219,657.7954,2052.0357,1900.2582,38.1331,7.9444,26.2165,5670.7051,266.137,4121.5492,1875.6703,3051.4399,100.8937,1.5889,4313.0089,9.5333,3644.8858,1453.8232,12.711,215.2929,369.4141,552.9295,125.5214,103.2771,1.5889,159.6822,161.2711,1072.4926,274.0814,141.4101,2008.3416,97.716,987.4876,261.148,122.3436,1588.8779,867.5273,6.3555,849.2552,3211.1221,2767.0308,353.5253,3213.5055,548.9573,803.1778,0,790.4667,1.5889,822.2443,11.1221,0,201.7875,920.7547,6.3555,0,24.6276,0.7944,0,1.5889,41.3108,0,1203.575,272.4926,429.7915,0.7944,378.7329,22.2443
TCGA-AB-2817-03,0.4,3851.7787,2196.6403,3.9526,475.2964,2032.6087,60.2767,8588.9328,4059.2885,3657.0949,5799.4071,890.3162,2032.6087,849.8024,1461.4625,278.6561,977.2727,765.8103,484.1897,5250,1107.7075,47.4308,1.9763,1289.5257,6187.747,6929.8419,4946.6008,1307.3123,1536.5613,3.9526,6689.7233,152.1739,571.1462,4691.6996,8.8933,20.751,3553.3597,0,535.5731,260.8696,15883.3992,24.7036,158.1028,1548.419,2187.747,6203.5573,1813.2411,2611.6601,2882.4111,1036.5613,1377.4704,16302.5494,1763.834,960.504,2682.8063,4561.2648,1175.8893,2.9644,753.9526,916.996,1157.1146,2442.6877,3369.5652,3816.2055,1213.4387,1805.2569,6410.0791,8669.9605,10718.3794,1420.9486,1289.5257,2969.3676,26.1759,946.6403,3352.7668,3216.4032,144.2688,45.4545,3458.498,2904.1502,2277.668,72.1344,433.7945,5124.5059,13254.9407,2514.8221,2422.9249,5447.6285,1725.2964,73.1225,26.6798,1211.4625,3915.0198,1094.8617,3916.996,1393.2806,2579.0514,2639.3281,2860.6719,1371.5415,59.2885,2621.5415,1673.913,228.2609,914.0316,3925.8893,346.8379,2972.332,9586.9565,2072.1344,1238.1423,197.085,11938.7352,3460.4743,88.9328,11.8577,1397.2332,2159.0909,3016.7984,1452.5692,7870.5534,542.4901,607.7075,253.9526,7306.3241,9736.166,2048.419,2691.6996,12.8458,5.9289,0,4908.1028,59.2885,8117.5889,1136.2945,301.3834,979.249,21.7391,598.8142,2712.4506,417.9842,4890.3162,144.2688,698.6166,3358.6957,19.7628,1116.6008,14137.3518,1646.2451,632.4111,4393.2806,3294.4664,9221.3439,241.1067,2638.3399,257.5395,5652.1739,134.3874,0.9881,3544.4664,2174.9012,46.4427,22.7273,1.9763,345.8498,8.8933,83.9921,759.8814,3937.747,3763.834,2415.0198,1353.7549,1631.4229,776.6798,1145.2569,1004.9407,0.9881,6570.1581,866.6008,2713.4387,903.1621,6520.751,254.9407,2722.332,2129.3379,3551.3834,5862.6482,1304.3478,1377.4704,226.2846,230.2372,105.7312,1234.1897,3761.8577,2661.0672,213.4387,11.8577,316.2055,2311.2648,3778.6067,450.5929,0.9881,3.9526,371.5415,331.0277,797.4308,40.5138,1470.3557,395.2569,4283.5968,887.3518,852.7668,1845.8498,67.2431,12671.9368,1440.7115,424.832,1652.1739,2671.9368,3141.3043,7.9051,888.3399,295.4545,1029.6443,5007.9051,3.9526,1486.166,239.1304,150.1976,1565.2174,875.4941,2532.6087,1.9763,1.9763,144.2688,733.2016,1.9763,1555.336,838.9328,1797.4308,1232.5988,25.6917,2.9644,217.3913,7527.668,384.3874,3418.9723,1957.5099,3137.3518,305.336,180.83,6905.1383,120.5534,6311.2648,779.6443,3.9526,253.9526,353.7549,564.2292,394.2688,1216.4032,57.3123,311.2648,129.4466,1852.7668,1419.9605,5.9289,97929.8419,2515.8103,1112.6482,383.2016,7.9051,3337.9447,719.3676,8.8933,619.5652,2827.0751,1116.6008,403.1621,2679.8419,405.1383,3553.3597,0,434.7826,5.9289,1086.9565,40.5138,18.7747,429.8419,1845.8498,205.5336,0.9881,1.9763,1.9763,78.0632,0.9881,405.1383,0,1860.6719,331.0277,268.7747,2.9644,938.6759,2.9644
TCGA-AB-2820-03,0.4,1800.4246,3324.8408,21.2314,458.5987,2254.7771,23.3546,13703.8217,3663.482,8435.1699,4653.9278,1522.293,1540.3397,1668.7898,3249.4692,589.172,550.9554,616.7728,2027.6008,11958.5987,1483.0149,9.5541,1.0616,1248.4076,4688.9597,6820.5945,5348.8535,1274.9469,1984.0764,0,11299.3631,61.5711,649.6815,686.8365,1.0616,14.862,20243.0998,0,201.6985,106.1571,10059.448,14.862,333.3333,680.4671,1015.9236,7991.5074,1059.448,11884.2887,2819.5329,1296.1783,923.5669,14579.3524,1616.7728,1009.8301,2038.2166,3763.2696,2358.811,0,751.5924,45.6476,912.9512,1807.8556,2436.3057,1239.9151,1621.0191,1655.8386,12337.5796,6607.2187,4985.138,2833.3333,99.7877,2681.5287,9.1507,817.4098,3407.6433,3273.8854,492.569,144.3737,4050.9554,2860.9342,2387.4735,71.1253,358.811,4721.8684,15941.6136,2313.1635,2248.7367,5069.0021,1255.8386,37.155,505.3079,947.983,3996.8153,1251.5924,2615.7113,1391.7197,192.1444,2232.4841,2109.3418,1166.6667,446.9214,3891.7197,2252.6539,322.7176,1105.0955,5771.7622,107.2187,1595.5414,11159.2357,1342.8875,1304.6709,196.9321,6596.603,4592.3567,42.4628,8.4926,635.8811,509.5541,2643.3121,891.7197,24229.2994,572.1868,6.3694,343.949,1279.1932,2355.6263,1606.1571,14117.8344,6.3694,3.1847,2.1231,1994.6921,11.6773,6987.2611,927.4522,78.5563,159.2357,59.448,959.7452,2953.2909,1235.6688,10684.7134,107.2187,1391.7197,3116.7728,0,1273.8854,21769.6391,2149.6815,498.9384,7587.0488,1589.172,10581.741,46.7091,3919.3206,283.1529,10179.4055,25.4777,167.7282,2869.4268,3658.1741,105.0955,1.0616,0,325.9023,6.3694,1451.1677,11731.4225,3030.7856,4382.155,2751.3588,1539.2781,1100.8493,669.8514,1082.8025,961.7834,0,12466.0297,903.397,5108.2803,1146.4968,4022.293,720.8068,1923.5669,934.8514,2805.7325,6671.9745,1171.9745,1191.0828,70.0637,16.9851,21.2314,1584.9257,8074.31,1764.3312,283.4395,5.3079,500,3676.2208,4252.6327,598.7261,0,1.0616,227.1762,336.518,559.448,45.6476,1486.1996,5.3079,440.552,1023.3546,1261.1465,2911.8896,10.6157,18218.6837,2518.0467,319.8832,1354.5648,4248.4076,4462.845,654.9894,858.811,664.5435,1066.879,2814.2251,2.1231,1748.4076,92.3567,140.1274,1697.4522,1473.4607,3526.5393,0,0,81.741,997.8769,0,736.7304,107.2187,1528.6624,2630.7113,23.3546,16.9851,165.6051,7506.3694,254.7771,5195.3291,3261.1465,4504.2463,226.1146,67.9406,6604.034,467.0913,5969.2144,615.7113,2.1231,136.9427,386.4119,769.6391,153.9278,88.1104,3.1847,114.6497,142.2505,10030.7856,1668.7898,4.2463,27220.8068,949.0446,2348.1953,242.8769,1.0616,3864.1189,652.8662,3.1847,511.6773,1942.6752,1801.4862,259.0234,4713.3758,479.8301,2830.1486,1.0616,273.8854,13.8004,867.3036,15.9236,44.586,555.2017,3048.8323,13.8004,0,62.6327,5.3079,289.8089,0,160.2972,1.0616,1864.5435,364.1189,182.5902,256.879,703.6943,5.3079
TCGA-AB-2832-03,0.2666666667,2771.2544,3838.2517,1.8365,465.5487,1024.7581,0,13304.4087,2732.6883,3065.0919,4240.4417,2550.8763,2865.8334,1019.2486,2195.5167,242.4159,511.4608,204.768,234.1517,4933.7144,844.7827,4.5912,86.3148,2631.6816,4026.4913,4677.5249,4691.9688,1556.4202,798.8706,0,6572.7764,117.535,516.052,684.0903,0,15.6101,9535.0252,0,15.6101,3.673,25017.504,32.1385,197.422,697.8639,2127.5668,2713.4052,1557.3385,7807.8119,3232.2119,756.6314,1891.5786,11397.9087,1467.3508,1141.834,1006.3933,5666.4715,1534.3824,3.673,762.1409,15.6101,830.0908,1200.1423,6274.3478,656.543,1757.5152,1237.5423,2387.4293,3483.8102,12043.6624,1640.8985,1563.7662,2154.1958,0,444.4291,2837.3679,3575.6344,2571.0777,3.673,4125.6614,1976.9751,3167.935,477.4859,253.4348,3721.6349,12369.6383,1313.0861,1291.287,5357.024,1311.2496,2.7547,23.8743,1415.9292,2179.9066,1212.9977,1520.6088,355.3597,2907.1543,1111.0729,3146.8154,1615.1877,0,3954.8684,1568.3574,78.9688,498.6054,3528.8041,70.7046,4679.3614,12346.6823,1364.5077,1905.3522,7.5939,2873.1793,2552.7128,280.9821,2.7547,572.0648,765.8138,2346.1084,1281.8659,19054.4403,298.4287,1242.3815,557.3729,655.6248,8267.8512,1594.0682,24736.5219,0,2.7547,0,374.6427,4.5912,6019.0765,1318.1823,130.3904,705.2099,22.9561,566.4268,1987.994,568.3918,13686.3974,112.9438,2886.9529,2549.0399,0.9182,1238.7085,3364.4388,2443.442,452.6933,2825.4307,2149.6046,4578.3547,25.7108,4413.0712,351.9714,2099.1013,0,0.9182,1934.7359,1378.2813,0,9.1824,60.604,260.7807,6.4277,957.7264,4856.5821,3668.3769,3073.3469,2520.5744,1121.1735,1709.7667,1395.7279,1345.2246,1622.5337,0,5311.1119,101.9249,3944.7677,852.1286,4398.3793,207.5227,519.725,1242.2896,3426.8792,7559.8866,186.4031,1879.6414,175.3842,101.0066,78.9688,1177.1863,3490.2379,4811.5882,216.7051,16.5284,130.3904,2016.4595,3865.7438,224.0511,0,2.7547,273.6361,101.9249,707.0464,1.8365,2014.623,2.7547,61.5222,648.2789,9.1824,1597.7411,46.2794,29630.7519,519.725,379.6563,955.8899,1632.6343,3863.9624,47.7486,804.38,887.0218,1038.5317,1390.2184,3.673,1865.8678,107.4343,56.0128,2129.4033,350.7685,1131.2742,0,1.8365,37.6479,344.3408,4.077,855.8016,485.75,1961.365,1267.0914,16.5284,2.7547,19.2831,9593.7927,451.7751,3023.771,3237.7214,3277.2058,27.5473,12.8554,9537.7799,5.5095,6764.689,377.3975,0.9182,196.5038,373.7245,443.4834,86.3148,31.2202,0,716.2288,56.0128,893.4495,235.9882,40.4026,333600.9917,974.2548,771.3233,225.4743,0.9182,1427.8663,974.2548,4.5912,906.3049,1840.157,751.122,563.8006,2186.3343,465.5487,3955.7866,0,530.7439,0,1099.1357,9.1824,2388.3475,12.8554,716.2288,130.3904,0,11.9371,3.673,1.8365,1.8365,0,0,1717.3146,239.6612,487.5865,0.9182,713.3914,29.3837
TCGA-AB-2834-03,0.03333333333,1285.9738,2067.4067,0.8073,299.4955,1715.439,4.0363,10222.4016,2658.3249,2411.3017,5530.5752,754.7931,1491.8264,2349.1423,1903.5318,347.9314,2856.9122,2450.0505,181.6347,5886.5792,1028.4561,60.5449,12.9162,2119.0716,1700.1009,4251.0595,2897.1302,1079.3138,876.6902,6.4581,5783.2492,32.2906,1390.9183,649.8486,0,12.9162,5294.8537,0,29.0616,16.9526,14363.6731,9.6872,104.9445,3136.226,2784.2583,3968.5166,1834.9142,1577.3966,1840.5651,1063.9758,1917.2553,9598.5227,1922.9062,1460.3996,2846.4178,2060.9485,525.5298,4.8436,1313.4208,73.4612,1268.2139,2983.6529,2684.9647,2268.4157,1321.4934,2386.5913,2413.7235,6308.779,6402.4218,1940.666,5.6509,4155.8022,55.0313,530.3734,3253.2795,2534.8133,118.668,16.9526,5124.5207,2983.6529,3387.2856,46.8214,129.9697,4047.6287,8448.0323,3132.997,2453.2795,2791.5237,934.8133,29.0616,18.5671,1475.6811,4720.888,476.2866,4223.6125,418.1635,2410.4945,1464.3794,2830.2725,1884.1574,259.1322,1933.4006,1188.2947,359.2331,892.8355,3348.5368,839.556,1828.4561,17477.2957,1622.6034,2591.3219,53.5217,850.8577,4071.8466,164.6821,0.8073,118.668,76.6902,2808.4763,1387.6892,11093.441,1236.7306,970.333,467.4067,3502.7245,8957.4168,2739.8587,8213.9253,8.0727,6.4581,0.8073,1230.2725,50.0505,4328.557,1405.4168,289.8083,318.0626,0,824.218,2038.3451,13.7235,7453.4813,187.2856,278.5066,3702.9263,64.5812,1005.8527,5442.5832,1386.0747,806.4581,5545.9132,2948.9405,6331.3824,349.5459,2298.2846,120.4279,1730.777,259.9395,47.6287,7585.8729,2219.1726,0,42.7851,0.8073,396.3673,1.6145,70.2321,1477.2957,7405.8769,7346.115,2860.9485,712.8153,879.9193,1012.3108,1600,1728.3552,0,6009.2836,108.9808,4222.8052,738.6478,8574.773,978.4057,1769.5257,697.0252,1413.5217,7835.3179,143.6932,1231.0797,1205.2472,859.7376,20.1816,613.5217,1208.4763,4460.1413,152.5732,19.3744,802.4218,3044.1978,2550.9586,719.2735,0.8073,8.8799,388.2947,582.8456,896.0646,55.7013,1920.4844,9.6872,642.5832,559.4349,364.884,2590.5146,16.9526,10146.5187,1611.3017,642.8739,2091.6246,959.8385,3961.2513,7.2654,2953.7841,624.0161,1190.7164,3255.7013,44.3996,3604.44,648.2341,135.6206,1146.3169,603.8345,3039.3542,3.2291,0,1.6145,814.5308,0.8073,668.4157,192.1292,2127.1443,1467.9798,50.0505,4.0363,46.8214,6006.8618,697.4773,4722.5025,2374.1675,3707.7699,110.5954,0.8073,8016.9526,98.4864,3241.9778,895.2573,3.2291,337.4369,439.9596,456.1049,741.8769,199.3946,25.0252,505.3481,723.3098,1410.2926,155.8022,6.4581,28148.5368,1637.1342,1138.2442,531.5358,0,1690.4137,996.1655,7.2654,538.446,3451.0595,2419.3744,305.1463,2020.5853,422.1998,2480.7265,1.6145,481.1302,0.8073,1062.3613,120.2825,112.2099,48.4359,356.004,117.0535,16.9526,348.7386,0.8073,12.109,0,34.7124,0,975.9839,450.4541,54.0868,0,382.6438,0
TCGA-AB-2836-03,0.1333333333,1790.3805,3315.1472,17.229,414.2139,1717.8751,0,8807.6095,2436.4681,5562.0388,3271.3568,944.7236,1684.8528,791.0983,1717.8751,353.1945,1142.8571,630.2943,283.5607,5524.0488,928.9304,14.3575,133.5248,1893.0366,2620.2441,5680.5456,4760.4738,1173.7258,750.8973,0,7743.7186,61.7373,788.9447,624.5513,1.4358,50.9691,5028.715,0.7179,49.5334,41.6368,12991.3855,12.9218,110.5528,2250.5384,1688.4422,4742.2828,2408.4709,3039.4831,2514.7164,1063.173,2139.2678,11528.8729,1900.2154,1540.7035,5063.173,3223.977,950.4666,0.7179,871.5004,111.2706,797.5592,1717.1572,9054.5585,1852.1177,1075.3769,2306.3173,5475.9512,17758.0761,4920.3159,1616.6547,103.374,3000,1.4358,636.7552,2979.1816,2626.705,270.6389,46.6619,3440.7753,2074.659,2943.2879,18.6648,90.4523,3529.0739,11469.4903,1944.0057,1916.7911,3484.5657,803.3022,23.6899,31.5865,1252.692,3783.2017,1122.7566,5152.1895,1778.1766,1768.1263,1540.5599,2338.837,1344.58,166.547,2673.3668,1544.1493,111.9885,4625.9871,3839.9139,185.2118,2910.9835,12093.3238,1693.4673,1725.7717,24.537,1709.2606,4670.4953,179.4688,11.486,188.0833,783.9196,2653.9842,1052.4049,8607.3223,820.5312,177.3151,294.3288,14840.6317,6694.9031,1837.7602,4254.8457,2.8715,2.8715,0,897.3439,2.8715,4832.7351,1271.7085,160.804,234.7452,1.4358,1014.0632,1808.3274,335.2477,7717.8751,192.3905,3869.3467,2920.3159,0,1014.3575,6206.0302,1575.0179,748.0258,4851.3999,3271.3568,5626.705,310.8399,2996.4106,179.4688,2391.2419,226.1307,371.1414,3279.9713,1873.654,9.3324,0,0,398.4207,24.4078,40.201,2552.7638,5936.827,3458.0043,2332.3762,2701.364,1178.033,912.4192,1134.2426,1228.2843,0,7593.6827,648.9591,4147.1644,1246.2312,6043.7904,1323.7617,2600.1436,1702.0172,2743.7186,7265.6138,161.5219,1609.476,224.6949,187.3654,4.3073,955.4917,2399.8564,5366.1163,207.4659,282.1249,243.3597,2806.8916,3010.0359,453.6971,0,0.7179,392.6777,633.8837,698.4925,7.1788,1567.8392,4.3073,264.8959,1081.1199,43.0725,2595.1184,15.1328,30860.7322,1050.2513,493.7401,1361.809,1995.6927,2986.3604,28.715,2126.346,567.1213,1076.0948,2200.2872,47.3798,2910.9835,180.1866,145.0108,1338.837,966.9777,1875.0897,0,0,7.8966,1110.5528,0.7179,942.57,2740.8471,1728.6432,1238.8011,10.0503,10.0503,202.4408,5830.5815,368.2699,4509.6913,1852.8356,9699.9282,154.3431,1.4358,4796.1235,230.4379,3949.0309,608.7581,0.7179,157.9325,310.8399,456.1235,287.15,682.6992,7.1788,267.0495,290.7394,4768.8442,301.5075,13.6396,40819.8134,2463.0294,975.5922,304.9677,1.4358,1577.1716,787.509,6.4609,485.2836,3955.4917,2895.1902,304.379,2183.0581,114.1421,1945.4415,1.4358,543.4314,0,1427.1357,332.3762,162.9576,2565.6856,646.8055,670.4953,0,85.4271,0.7179,310.8399,0.7179,16.5111,0,1968.5571,259.8708,188.0833,1.4358,747.911,32.3044
TCGA-AB-2838-03,0.5,2356.1747,1785.3916,8.2831,493.9759,1506.0241,8.2831,9280.1205,3250,4957.0708,5699.5482,895.3313,2167.9217,1457.0783,1640.8133,304.2169,1137.8012,957.0783,474.3976,8845.6325,1295.9337,47.4398,6.0241,2065.512,2905.8735,5030.1205,4183.4714,1225.1506,1279.3675,6.0241,6926.9578,85.8434,527.8614,725.1506,8.2831,20.3313,1029.3675,0,78.3133,84.3373,15411.8976,21.8373,163.4036,1944.2771,1507.5301,5384.7892,2205.5723,2888.5542,3124.1039,1380.2711,9801.2048,14261.619,1446.5361,1273.509,4131.7771,4876.506,1286.1446,4.5181,681.4759,1999.247,1192.7711,2390.0602,5140.8133,3189.759,1054.9699,2197.6883,4679.2169,11716.8675,7831.3253,2011.2952,97.8916,3405.8735,12.1687,906.6265,2006.0241,2700.3012,440.512,72.2892,3371.2349,4044.4277,1993.9759,57.2289,240.2108,4299.6988,13707.8313,1271.0843,1179.9699,3765.8133,972.1386,18.8253,51.2048,1124.247,5438.253,861.4458,4410.3916,2135.5422,727.4096,1935.994,2253.7651,1433.7349,483.4337,2275.6024,1429.9699,308.7349,1631.7771,3338.8554,490.9639,3128.012,10802.7108,1541.4157,896.0843,129.6009,8692.7711,3734.9398,90.3614,44.4277,275.6024,271.8373,3100.1506,1851.6566,10853.1627,898.3434,73.7952,356.9277,4271.0843,16866.7169,1492.4699,4212.3494,12.0482,1.506,0,1819.2771,21.8373,4661.1446,649.0738,158.8855,573.0422,7.5301,718.3735,2594.8795,533.1325,5039.9096,387.8012,1100.1506,3364.4578,90.3614,1081.3253,14988.7048,1529.3675,415.6627,4802.7108,1854.6687,6283.1325,489.4578,2533.8855,170.625,8922.4398,294.4277,640.0602,3694.2771,3778.6145,315.512,21.0843,9.0361,474.3976,32.3795,202.5602,2969.8795,4207.0783,6855.4217,2709.503,1481.1747,1173.9458,968.3735,926.2048,1581.3253,0,7898.3434,374.247,4542.9217,1205.5723,7012.8012,1564.006,3231.1747,1604.4804,2262.0482,7087.3494,178.4639,1617.4699,419.4277,108.4337,409.6386,1263.5542,4060.994,3539.1566,256.7771,7.5301,679.2169,3187.5,3447.2741,799.6988,4.5181,3.7651,304.2169,577.5602,626.506,44.4277,1913.4036,21.8373,1037.6506,879.5181,586.5964,2104.6687,18.8404,24596.3855,1924.6988,412.1988,3082.8313,1920.9337,3077.5602,17.3193,2359.1867,280.8735,1121.988,5923.9458,43.6747,1191.2651,310.241,93.3735,1254.5181,1088.1024,3074.5482,0,0.753,45.1807,868.9759,0,1193.5241,325.3012,1589.6084,1645.6024,26.3554,9.0361,235.6928,5277.8614,367.4699,4702.5602,2265.8133,8586.5964,396.8373,5.2711,8352.4096,199.5482,5280.8735,790.6627,3.012,263.5542,328.0723,455.5723,433.7349,1791.4157,438.253,908.1325,167.9217,5328.3133,577.5602,3.012,18273.3434,1436.747,1859.1867,406.3931,3.012,3269.5783,978.1627,14.3072,1052.7108,3515.8133,2149.0964,305.7229,2341.1145,100.1506,1878.7651,3.012,335.0904,2.259,1121.988,221.3855,11.2952,682.2289,1214.6084,155.1205,5.2711,163.4036,0,71.5361,0,55.7229,2.259,1490.2108,409.6386,69.2771,5.2711,587.9518,6.7771
TCGA-AB-2842-03,0.03333333333,1080.865,2301.2902,2.1806,401.9626,1964.0196,0,8711.6118,2327.4578,4104.6702,5711.0667,729.7838,1234.2359,960.9304,2637.107,582.2279,2184.2631,2163.1837,30.5288,9381.0649,1418.8624,0.7269,15.2644,2972.9239,1087.4069,5062.6931,4121.0394,943.4854,828.6389,2.1806,7417.0452,20.3525,831.5464,533.5272,0,11.63,6456.8417,0,8.7225,24.7138,20415.0463,11.63,61.7845,2340.5415,1655.0972,3713.6108,2665.4552,712.3387,1683.4454,1224.7865,767.5813,7595.348,2488.0974,1162.4423,2723.6053,2868.9806,501.5446,0,1013.2655,88.6789,1572.2333,2931.4919,2879.8837,1951.6627,916.591,2944.5539,1394.8755,7499.9091,6459.7492,3368.3445,11.63,4942.0316,64.0523,1056.1512,4600.3998,2123.9324,95.9477,8.7225,5261.8572,3834.2722,3922.9511,393.9669,183.8997,5559.8764,10361.6209,3262.9475,2917.863,1993.8216,768.3082,34.1632,12.3569,1503.1801,7009.9945,367.0725,5213.8833,313.2837,1331.6373,1454.4794,3254.225,2203.8888,98.1283,1361.4392,1160.8214,318.3718,680.3562,2615.3007,650.5542,2963.4745,15882.246,1619.4803,3089.9509,8.7225,3877.1579,2439.3967,168.6353,2.9075,210.7941,121.3883,3063.0565,1055.4243,33170.9976,491.3683,416.5001,337.2706,4358.35,6895.875,2339.8146,6106.4874,4.3613,7.2688,0,1326.5492,14.5375,5673.2691,792.0843,209.3404,25.4407,2.1806,430.3107,1362.1661,26.1675,10136.2893,92.3133,550.2453,4598.946,0.7269,880.974,4800.2908,1007.4505,806.8326,4508.0865,3624.205,4833.0002,116.3002,2163.9106,75.4861,401.2357,21.8063,25.4407,4278.3936,2304.9246,0.7269,31.9826,0,469.5621,18.8988,80.6833,818.4627,8640.378,6961.2866,2176.2675,689.0787,1118.6625,1102.6713,1807.7412,2222.7876,0,5607.1234,202.7985,4007.2688,672.3605,9489.3694,184.6266,1290.9322,160.8286,1229.8746,9375.2499,849.7183,1205.1608,651.2811,251.4992,27.6213,1370.1617,1116.4819,5178.2664,221.6973,22.5332,554.6066,2834.8174,1223.3327,432.4914,0,0.7269,531.3465,715.9731,930.4016,14.5375,2860.9849,0,199.1641,747.2288,6.5419,3203.3436,34.6647,19717.2451,1387.6068,832.2006,2073.7779,1811.3756,3909.1405,19.6257,3217.8812,654.1886,526.9853,1804.1069,421.5882,3978.9206,486.2802,110.4852,770.4888,1123.0238,2856.6237,2.1806,0,0,703.6162,3.6344,656.3693,323.4599,2711.2484,1854.0432,24.7138,1.4538,17.445,6736.6891,439.0333,6178.4481,2161.0031,5586.7709,51.6082,0,10116.6636,48.7007,3581.3193,1062.6931,1.4538,331.4556,334.3631,413.4981,305.288,44.3395,1.4538,387.425,237.6885,958.7498,38.5244,2.1806,24364.8919,3043.4309,1099.7638,233.1746,0,1697.9829,1307.2869,2.9075,729.0569,5211.7027,2855.8968,153.3709,2711.9753,19.6257,2258.4045,0,802.4714,0,1056.8781,2.1806,522.624,138.8334,134.4721,216.6091,0,313.2837,0,0.7269,0,0.7269,0,1386.8799,295.1118,233.3273,1.4538,908.5808,31.9826
TCGA-AB-2844-03,0.4333333333,2611.5467,2859.5866,1.4255,441.1974,1340.6985,0,7939.4155,2511.7605,2938.6885,4420.5274,724.8753,1749.1091,945.1176,1634.355,401.283,1762.6515,880.9694,186.0299,3875.2673,859.5866,49.8931,2.851,2269.4227,2326.4433,4270.8482,4098.7741,1141.1262,1315.0392,6.4148,5065.5738,53.4569,1521.0264,662.8653,0,27.0848,6775.4811,0,9.9786,7.8403,15008.5531,24.2338,105.4882,2428.3678,2439.0592,3375.6237,1364.9323,2048.4676,2455.4526,1024.9465,3294.3692,10435.6023,1307.1989,925.6664,3042.7655,3091.9458,1020.67,1.4255,950.1069,411.2616,1387.0278,2446.8995,2654.3122,2042.0527,1044.9038,1492.5445,2682.1098,4682.8225,10814.6828,1618.6743,4.9893,3002.851,14.9679,550.9622,3000.7128,2396.2937,133.9986,11.4041,3526.7284,2416.2509,2491.8033,9.9786,124.02,3781.8959,14508.1967,2196.0086,2112.9152,3407.6978,1126.871,52.7441,39.9145,1141.8389,4265.1461,941.5538,3979.33,1320.7413,2494.6543,1577.3343,2750.5346,1400.5702,243.7634,2522.4519,1974.3407,171.7748,924.4476,3461.1547,441.1974,2126.871,28711.3329,1774.7684,1861.7249,8.9665,2146.1155,2529.5795,222.3806,5.7021,70.5631,222.3806,2774.7684,1666.4291,14325.7306,700.6415,246.6144,451.1761,3384.1768,15898.0756,1880.2566,5212.402,0.7128,0.7128,2.851,1241.6251,2.1383,5456.1654,1625.2673,223.0934,133.2858,1.4255,677.1205,2736.9922,334.2837,5600.8553,93.3713,851.0335,2620.8125,14.9679,1064.861,6571.6322,1228.0827,617.9615,3870.9907,1612.2594,7223.0934,209.551,2673.5567,201.5823,4847.4697,176.0513,163.9344,4828.2252,2295.7947,23.521,31.3614,3.5638,550.2495,4.2766,90.5203,1786.1725,5364.2195,4145.4027,2314.6472,949.3942,1046.3293,962.2238,1223.0934,1471.1333,0,6367.0706,53.4569,3225.2316,823.2359,5638.6315,2436.9209,1583.7491,663.129,2729.8646,8880.2566,86.2438,1287.2416,471.846,377.0492,13.5424,650.0356,2948.6814,4548.1112,183.8917,4.2766,476.8354,2473.9843,2978.6172,521.7391,2.1383,2.1383,331.4326,449.0378,846.0442,9.9786,1733.4284,2.851,1086.9565,791.8746,431.2188,1203.8489,25.7876,12915.1818,1502.4947,607.3913,1732.7156,1359.943,3546.6857,14.9679,2320.7413,660.0143,1498.9309,4080.5417,4.2766,2272.9865,401.9957,94.7969,1428.3678,536.7071,2173.2003,2.851,2.1383,20.67,548.1112,0.7128,878.8311,141.8389,1777.6194,1367.99,35.6379,1.4255,42.7655,7292.2309,589.4512,3148.2537,2385.6023,2866.0014,49.8931,2.1383,8513.8988,112.6158,4723.4498,846.7569,2.1383,270.8482,436.9209,448.1896,473.2716,316.4647,9.2659,901.6393,467.5695,1379.1875,44.191,0.7128,36431.9316,1969.3514,828.938,569.0663,0,1756.2366,1052.0314,7.1276,387.7406,3366.3578,2146.8282,406.985,2352.8154,286.5289,1188.1682,0.7128,553.1005,0,740.556,352.1026,89.8076,204.5617,408.4105,126.1582,13.5424,32.0741,0,7.8403,0,17.1062,0,1514.6115,411.2616,151.8175,2.1383,1069.5866,10.6914
TCGA-AB-2847-03,0.2,2239.291,2441.6544,1.4771,462.3338,1564.2541,513.2939,11126.2925,3225.997,3519.1876,5279.1728,1638.8479,1991.1374,1531.7578,3014.771,242.2452,1408.4195,687.5923,1576.8095,3425.4062,799.1137,434.2688,38.4047,1522.1566,4130.7238,6152.1418,3911.0709,1550.9601,1369.2762,0,6972.6736,51.6987,490.3988,666.9129,172.0827,213.4417,4480.7976,0.7386,127.031,276.9572,14432.0532,17.7253,163.2201,1011.0783,3133.678,5851.551,1442.3929,4681.6839,3015.5096,1017.7253,11418.7592,12328.1462,1702.3634,867.9985,2681.6839,6556.8685,1070.1625,6.647,1087.1492,482.2747,1356.7208,1938.7001,1342.6883,2179.4682,1392.1713,1289.5716,6635.1551,10007.3855,11295.421,1552.4372,270.3102,2979.3205,0.8936,674.2984,3670.6056,3041.3589,269.5716,531.7578,2851.551,3050.9601,2444.6086,32.4963,371.4919,4525.8493,11066.4697,1816.839,1940.8419,4721.5657,1501.4771,449.7784,33.9734,1118.1684,3672.0827,1364.8449,2324.9631,1607.8287,3662.4815,1956.4254,2760.709,1637.3708,12.5554,2254.8006,1503.6928,189.808,918.0207,4418.7592,395.8641,1925.4062,15912.1123,2146.9719,1788.0355,265.3693,7626.2925,3310.192,355.2437,14.771,323.486,482.2747,3048.0059,1645.4948,7110.7829,666.1743,211.9645,332.3486,4644.7563,10796.1595,2302.0679,3404.7267,14.771,11.0783,0,2463.0724,4.4313,13240.7681,1840.3767,396.6027,2279.1728,35.4505,559.675,3189.808,841.9498,8209.7489,260.709,6743.7223,3092.3191,0.7386,1347.1196,11692.0236,2801.3294,737.8139,3675.7755,2412.8508,6647.7105,205.3176,2893.6484,273.2644,4640.325,129.9852,409.1581,3951.2555,1877.4003,155.8346,6.647,2.2157,412.1123,14.771,42.836,1994.0916,3754.062,4722.2969,2599.2762,1015.5096,1853.7666,963.0724,1398.0798,1176.514,0,9076.0709,814.6233,3825.7016,976.3663,3525.1108,940.1773,1195.7164,1793.87,2852.2895,7106.3516,747.4151,1446.0857,429.099,368.5377,19.2024,1670.6056,4993.353,2985.229,245.938,10.3397,495.5687,2682.4225,3660.2511,621.1226,1.4771,25.8493,399.5569,338.257,991.8759,6.647,1914.3279,2.9542,3489.6603,704.579,268.0945,1344.904,29.5421,17458.6411,1017.7253,437.2009,1313.8848,1223.7814,2675.0369,39.8818,1364.1064,643.2792,1300.5908,4248.8922,5.1699,1923.1905,260.709,132.9394,1806.4993,507.3855,2156.5731,0,0.7386,213.4417,553.1758,19.5569,1513.2939,856.7208,1564.9926,1266.6913,30.2806,41.3589,180.2068,6945.3471,569.4239,3167.6514,2785.8198,2926.1448,491.8759,71.6396,9206.0561,1656.5731,5166.1743,752.5849,5.9084,266.6174,443.1315,360.4136,537.6662,268.8331,30.2806,631.4623,219.3501,1329.3944,302.8065,270.3102,108355.9823,3010.3397,1017.7253,318.4786,0,2576.8095,504.4313,7.3855,1017.7253,2621.1226,1212.7031,363.3678,1958.6411,507.3855,2812.4077,0.7386,512.5554,2.2157,803.5451,362.6292,45.0517,511.0783,1660.2659,28.8035,0.7386,79.0251,10.3397,22.8951,0,418.7592,0,1305.7607,443.1315,307.9764,3.6928,531.6248,19.2024
TCGA-AB-2849-03,0.7333333333,2375.8263,1343.7205,16.9972,708.2153,3007.5543,0.9443,8935.7885,4354.1076,6240.7554,10036.8272,578.848,1088.763,7589.2351,804.5326,832.8612,3036.8272,1780.9254,959.3957,5657.2238,1591.1237,231.3503,4.7214,898.9613,921.6242,5026.44,3025.628,745.9868,1817.7526,8.4986,6958.4514,91.5958,367.3277,1356.9405,0.9443,59.4901,1330.5005,1.8886,568.4608,32.1058,5847.0255,4.7214,61.3787,847.0255,1580.7365,7484.4193,1720.491,2898.9613,2207.7432,1532.5779,17007.5543,9063.6827,3488.1964,800.4438,3572.238,3911.237,694.9953,3.7771,1124.6459,39.6601,1996.2229,3146.3645,2198.3003,10770.5382,1214.3532,1861.1992,10373.9377,702.5496,5950.8971,3253.0689,23.6072,4701.6053,37.5165,1671.3881,7964.1171,1851.7469,495.7507,110.4816,7941.4542,4376.7705,4082.153,195.4674,529.745,6481.5864,15794.1454,4121.813,4687.441,3301.2276,960.3399,728.9896,9.4429,1671.3881,7445.7035,560.9065,303.1161,1168.0831,1153.9188,3008.4986,2855.5241,2233.2389,214.3532,1812.0869,2455.1464,542.9651,1261.5675,2924.457,1440.0378,1337.1105,8859.3012,2425.8735,3038.7158,40.3777,13766.7611,1695.9396,94.4287,15.1086,92.5401,121.813,5047.2144,919.7356,57124.6459,963.1728,60.4344,212.4646,181.3031,993.39,3009.4429,3287.0633,12.2757,29.2729,54.7686,5372.0491,214.3532,13667.611,1347.5449,316.3362,116.1473,16.9972,591.1237,2419.2635,217.186,6813.0312,245.5146,646.8366,4982.0585,41.5486,662.8895,15795.0897,688.3853,779.0368,5598.678,4747.8754,10775.2597,283.2861,2233.2389,133.05,468.3664,155.8074,1844.1926,8720.491,3217.186,16.0529,44.3815,1560.9065,638.3381,19.83,144.4759,2084.0415,6879.1313,6779.9811,2530.6893,518.4136,720.491,395.6563,1149.1974,677.0538,3.7771,8526.9122,299.339,7012.2757,689.3296,4029.2729,5938.6213,1852.6912,586.204,1325.779,12176.5817,51.9358,692.1624,248.3475,62.3229,133.1445,38.7158,4636.4495,2281.3975,508.0264,4.7214,888.5741,3587.3466,1869.6317,581.6808,3.7771,220.0189,669.4995,875.3541,593.0123,39.6601,3912.1813,14.1643,719.5467,335.2219,142.5873,1409.8206,18.8857,10091.5958,2452.3135,625.6091,2691.2181,1052.8801,4204.9103,30.2172,2078.3758,990.5571,414.542,5084.9858,19.83,1639.2823,282.3418,309.7262,820.5855,999.0557,5727.101,2.8329,0,12.2757,701.6053,4.7214,1847.0255,280.4533,2787.5354,2122.474,99.1501,44.3815,682.7195,7272.899,355.9962,10694.051,2343.7205,3517.4693,159.5845,16.0529,15954.6742,521.2465,3751.6525,1891.407,12.2757,410.7649,532.5779,558.0737,289.8961,210.576,15.1086,145.4202,588.2908,1588.2908,160.5288,144.4759,2393.7677,368.272,2053.8244,667.441,5.6657,3324.8347,697.8281,10.3872,1622.2852,405.0992,1547.6865,133.1445,2946.1756,696.8839,2225.6846,0,427.762,0,1247.4032,345.6091,198.3003,793.2011,1912.1813,10.3872,0,8.4986,2.8329,37.7715,0,200.1889,3.7771,691.2559,537.2993,74.5987,0,829.9433,397.5449
TCGA-AB-2855-03,0.1333333333,2996.7175,2423.6339,9.2682,871.983,1736.2425,0,11778.3356,2373.4312,2154.8561,4315.8911,1072.794,1597.9919,2201.9695,1580.2278,437.9224,3209.8861,1200.2317,43.2516,5999.6138,1012.5507,1.5447,0.7723,4944.5839,3094.8059,5355.474,4029.5192,1207.1829,1224.1746,0,5974.1263,57.1539,993.2419,753.8135,0,6.9511,11665.5725,40.1622,6.9511,27.8046,14178.799,32.4387,150.6082,1379.4169,2086.8894,3080.9036,1189.4188,7900.3669,2670.0135,931.4539,1109.0944,15246.6963,818.6909,935.1535,2856.1498,3748.9863,1286.7349,0,831.8208,25.4875,1329.2141,2823.7111,3034.5627,1197.9147,1387.9127,1344.9237,4071.0562,9130.7202,5652.8287,2030.5078,98.0884,3402.2012,5.2674,1034.1765,5757.8683,4044.0239,229.3879,15.447,3399.8841,3560.5329,2792.8171,5.4064,213.9409,3716.5476,8728.3259,1716.9338,2124.9044,7657.0767,876.6171,512.8403,37.0728,1636.6094,4122.8036,1472.8712,271.8672,296.5824,1452.0178,1490.6353,1964.0857,1770.9983,251.0137,3599.1504,2122.4175,283.4524,1062.7534,5182.4677,810.195,1739.3319,20256.4202,1367.8316,1891.4848,8.4881,5127.6308,2391.1952,373.8173,3.8617,84.1861,271.0948,3881.0581,1413.4003,28990.9249,347.5574,261.8266,261.8266,3443.9081,2785.866,2147.905,4079.552,3.0894,6.1788,0,1131.4926,34.7557,4181.5022,1450.6739,457.2311,40.1622,24.7152,326.4723,1699.9421,112.7631,7731.2222,29.3493,670.3997,1424.9855,3.8617,1910.0212,9919.2894,1988.8009,374.5897,4517.4744,3010.6198,4780.0734,2.317,2997.4899,171.8324,10080.7106,33.211,152.1529,7949.0249,2300.8303,0,2.317,13.1299,651.8633,21.6258,14.6746,7779.1079,6288.4727,3997.683,2116.2387,563.0431,1029.5424,778.5287,1108.3221,1017.1848,0,9496.8141,85.7308,5804.9817,1041.9,5381.7339,849.5849,1070.4769,430.7781,2441.398,10055.223,45.5686,1459.7413,248.6967,92.682,10.0405,221.6644,2732.5739,2574.2421,236.3391,1.5447,733.7324,3151.9598,5024.8233,652.6356,0,0.7723,403.1666,724.4642,675.0338,10.0405,1821.201,4.6341,373.8173,645.6845,84.1861,1550.8785,9.2682,9439.6602,1201.0041,445.6999,1553.9679,1161.6142,2772.736,29.3493,1641.2435,675.0338,1947.8664,3762.1162,0.7723,1530.7975,331.3381,192.3151,1708.4379,907.5111,1770.9983,0,0,1.5447,666.5379,3.0894,555.3196,960.0309,2151.7668,1460.4287,26.2599,10.8129,236.3391,4512.068,525.1979,5935.5088,2223.5953,2634.4854,14.6746,5.4064,9119.9073,10.8129,5421.8961,731.4153,0,373.045,639.1272,304.3831,525.1979,181.5022,2.317,145.9741,544.5067,1854.412,88.0479,16.2193,26649.9324,246.3796,1153.1184,393.2265,3.8617,1853.6397,20.8534,7.7235,375.362,1370.1487,1490.6353,281.1354,1919.2894,1628.1135,2547.2099,0,369.1832,0,1109.8668,1.5447,213.9409,500.4827,1488.3182,25.4875,0,0,0.7723,13.1299,1.5447,76.4626,0,705.1554,403.1666,85.7308,0,735.1303,725.2365
TCGA-AB-2856-03,0,1929.0188,4020.8768,1.3918,315.936,496.8685,0,7281.8372,2408.4899,1314.5442,2796.103,2019.485,2591.5101,839.9443,1180.9325,180.9325,776.618,421.016,361.1691,2450.2436,489.9095,7.6548,377.1747,3587.3347,3347.2512,2645.7898,4002.3591,1892.8323,632.5678,0.6959,3215.7272,80.0278,764.7878,478.0793,0,9.7425,5386.9172,0.6959,42.4495,28.5317,19543.4934,25.0522,270.7029,4304.8017,2972.1642,2757.8288,810.7168,869.8678,2556.7154,480.167,1240.7794,5307.968,832.9854,932.9715,1360.4732,3773.8344,1663.1872,2.0877,869.1719,115.5184,709.8121,1289.492,3624.2171,807.2373,1329.158,1275.4349,2979.1232,4386.2213,10883.0898,981.9068,22.2686,1704.9408,3.6326,268.6152,1827.4182,4223.382,105.08,15.3097,2443.2846,1567.1538,1213.6395,63.3264,131.524,2247.7383,8201.1134,1018.0932,1131.0578,4103.6882,1572.7209,16.7015,57.0633,1354.2102,1681.2804,1774.5303,1368.128,530.2714,3208.0724,1133.6117,2860.1253,1022.2686,228.2533,3424.4955,903.2707,50.1044,1405.0104,3615.8664,129.4363,2791.9276,28118.302,1544.1893,1445.3723,31.7328,856.6458,5188.5873,204.5929,2.0877,201.1134,432.1503,1512.874,2329.8539,5236.604,325.6785,1340.2923,261.6562,4333.3333,11408.4899,1607.5157,3422.4078,2.7836,2.7836,0,1583.1594,4.8713,6165.6228,1119.3737,121.7815,68.8935,7.6548,806.5414,1809.325,732.0807,4261.6562,91.858,972.8601,1810.7168,6.263,1701.4614,3073.7648,2578.984,523.3125,3215.0313,3366.7363,3995.1287,132.2199,2232.4287,432.1225,4940.849,130.1322,182.3243,2695.1983,1192.7627,2.0877,6.263,0,343.7717,5.5672,61.2387,4185.1079,4012.5261,2935.9777,2391.6284,1855.254,1707.7244,1451.6354,1629.0884,1286.7084,0.6959,3558.1072,355.6019,3315.936,940.849,7210.8559,834.3772,1222.6862,1468.7126,3033.4029,4726.5136,263.048,2485.7342,395.9638,357.6896,5.5672,812.1086,5356.9937,2851.7745,155.8803,15.3097,254.6973,1980.515,3213.6256,373.6952,0.6959,1.3918,172.5818,557.4113,1230.341,4.1754,1034.7947,9.0466,459.9861,1212.2477,40.3619,1127.3486,11.8302,24334.7251,658.3159,384.8086,1027.1399,1461.3779,2790.5358,18.0932,1174.6695,757.8288,1952.6792,2124.5651,10.4384,2615.1705,245.6507,77.2443,1890.7446,185.1079,619.3459,2.0877,74.4607,29.2276,931.1065,2.7836,1336.8128,3027.1399,1421.7119,951.4962,10.4384,17.3974,71.6771,6778.0097,580.3758,1578.984,2676.4092,3320.1113,39.666,6.9589,4893.5282,96.7293,4665.2749,366.7363,0.6959,229.6451,350.7307,294.3633,342.38,943.6326,4.8713,328.4621,178.8448,3107.8636,194.8504,6.9589,120196.2422,1811.4127,387.6131,293.6882,0.6959,1264.4398,683.3681,3.4795,374.3911,1415.4489,617.9541,670.1461,1841.3361,198.3299,3330.5498,0,401.531,0.6959,787.7523,119.6938,533.055,220.5985,812.8045,180.2366,1.3918,61.2387,1.3918,11.1343,0,29.9235,0,2544.6347,330.5498,367.4322,0.6959,780.7098,36.8824
TCGA-AB-2857-03,0.3,2553.2065,2428.4708,2.8189,785.7646,1670.895,33.1219,10176.1804,3616.6314,4961.9309,5679.3517,1087.3855,2672.3044,1831.5715,2023.2558,391.8252,1315.7153,1470.7541,827.3432,2421.4235,1498.2382,1125.4405,78.9288,2717.4066,2870.3312,5244.5384,4783.4813,1425.6519,1155.0388,10.5708,8678.6469,164.9049,846.3707,747.0049,9.1614,150.1057,622.2692,0,158.5624,121.2121,17447.4982,28.8936,97.9563,885.1304,1863.9887,5544.0451,1973.9253,3969.697,3112.0507,1749.1191,4966.8781,14216.8076,1556.0254,879.3164,1763.2135,4158.5624,1178.2946,13.3897,1191.6843,1707.5405,1785.0599,2654.6864,2114.8696,2396.0536,1427.0613,3352.7837,3862.5793,7482.7343,5195.2079,2625.7928,686.3989,3319.2389,115.9901,1052.1494,2555.3206,3348.8372,713.1783,116.2791,3428.4708,3946.4412,2671.5997,20.4369,184.6371,4587.7378,15489.7815,2557.4348,2357.6039,6006.3425,1220.5779,66.9486,90.2044,942.2128,5453.8407,1243.129,3622.9739,4174.771,277.6603,2549.6829,3502.4665,1235.377,5.6378,2394.6441,1741.3672,245.9479,1749.1191,4276.2509,544.7498,3057.7872,21545.4545,2054.2636,1544.7498,134.9612,4215.6448,3985.2008,551.0923,42.2833,1299.5067,819.5913,3178.2946,2644.1156,14170.5426,714.5877,388.3016,508.1043,868.9218,10710.3594,2085.2713,9233.9676,53.5588,3.5236,0.7047,1739.253,36.6455,2326.9908,1455.976,204.3693,238.1959,16.2086,624.1015,2470.7541,811.1346,6099.3658,438.3369,2045.1022,2173.3615,171.2474,2476.3918,11753.3474,1693.4461,601.8323,4489.7815,1815.3629,6161.3813,202.2551,3108.5271,179.4856,5852.0085,12.685,174.0662,5095.1374,2980.2678,217.759,97.9563,4.9331,555.3206,21.1416,524.3129,8906.272,4897.8154,6328.4003,3073.1149,961.2403,1130.3735,844.2565,1178.9993,1035.9408,1.4094,7537.7026,486.2579,4143.7632,937.9845,4152.9246,4614.5173,2654.6864,1328.1043,2353.7703,7452.4313,435.518,1587.7378,787.1741,188.1607,229.0345,1097.2516,3701.9027,4449.6124,321.3531,41.5786,663.1431,3625.7928,2579.9718,619.4503,37.3502,2.8189,323.4672,443.9746,1032.4172,119.8027,1701.9027,89.4996,1451.0218,758.9852,301.6209,2811.8393,58.9852,20272.0226,1305.1445,392.988,1806.2016,1838.6187,2529.9507,54.2636,2711.0641,420.7188,1413.6716,6204.3693,43.6927,1654.6864,295.9831,128.9641,1433.4038,897.1106,2725.1586,10.5708,1.4094,19.7322,474.2777,1.4799,3807.611,302.3256,2307.2586,1651.6702,124.7357,4.2283,193.0937,6493.3051,425.6519,3851.3037,2393.2347,2911.2051,527.1318,9.1614,7756.1663,682.1705,5653.9817,813.2488,56.3777,363.6364,307.9634,309.3728,465.1163,939.3939,314.3058,1317.1247,260.0423,3945.7364,2088.7949,10.5708,25906.272,2175.4757,1412.2622,537.7449,32.4172,1838.6187,823.8196,4.9331,1214.2354,3272.7273,1365.0458,344.6089,2620.8598,355.8844,2978.8584,17.618,300.2114,2.1142,963.3545,1457.3643,25.37,252.9951,1085.2713,73.9958,4.9331,172.6568,1.4094,21.8464,0,50.74,94.4327,1349.5419,317.1247,148.6963,22.5511,1162.2692,11.2755
TCGA-AB-2860-03,0.2666666667,1722.844,2265.9645,5.2666,458.1962,1272.5477,6.5833,7857.8012,2466.0961,4156.682,4731.4022,897.3009,1184.9901,2185.6485,1897.3009,641.2113,1505.5958,2393.6801,500.9875,5120.474,1212.6399,223.8315,15.7999,3358.7887,2491.7709,4499.6708,2391.6195,1491.7709,1160.632,5.925,8276.4977,38.183,1477.2877,853.1929,1.975,7.8999,2758.3937,0.6583,147.4654,82.291,17545.0955,18.4332,157.9987,4005.925,2543.7788,5695.8525,1610.2699,3369.9803,3947.9921,1814.3515,4593.8117,11167.3009,1678.0777,806.7413,3401.58,3687.2943,969.7169,11.1916,752.4687,154.0487,1630.0197,3252.7979,1858.4595,1385.1218,1393.6801,2645.451,3502.3041,7526.0039,7750.4937,2506.2541,150.0987,2437.1297,26.2344,759.7103,3994.7334,2594.47,1159.3153,301.5142,3312.7057,4007.8999,3104.6741,247.5313,89.5326,3131.6656,12368.6636,2429.8881,2100.7242,3610.2699,1402.2383,67.8078,72.4161,788.0184,4444.3713,989.4668,2993.4167,1710.9941,664.2528,1661.6195,4258.0645,1395.655,316.6557,2318.6307,1909.8091,339.6972,743.9105,3149.4404,310.7307,1959.842,20012.5082,2028.9664,2045.4246,103.1139,8360.1053,3087.5576,342.3305,26.3331,429.2298,377.8802,1805.135,2418.6965,16564.187,1153.3904,296.2475,688.6109,3000.6583,7086.8993,2341.0138,4304.8058,30.2831,11.8499,0,2305.4641,79.6577,4860.4345,1790.5925,138.2488,910.4674,7.8999,611.3957,2396.3134,2573.4036,5698.4858,1763.002,1514.8124,3218.5648,11.1916,1126.3989,9077.0244,1410.1382,534.5622,5629.3614,2375.9052,3966.4253,186.3068,2675.4444,247.2679,5136.2739,62.5411,114.549,5620.8032,2868.3344,7.2416,50.0329,0,693.8776,25.6748,94.7992,3052.0079,2819.6182,5977.6169,2614.2199,394.3384,1345.6221,1302.1725,1434.4964,1638.578,0.6583,8263.9895,231.7314,2186.3068,724.1606,5277.156,3557.6037,2352.8637,907.0375,2023.0415,8819.6182,163.2653,1279.7893,715.6024,245.5563,83.6076,726.1356,3649.1113,2707.0441,294.9309,17.7749,944.0421,5132.3239,2584.5951,530.6122,1.975,1.3167,544.4371,557.6037,1040.158,37.5247,1593.8117,13.1666,273.8644,1340.3555,365.372,1468.0711,21.2245,13833.4431,1249.5063,311.8894,2331.7972,1354.8387,3147.4654,39.4997,1593.8117,593.1534,1988.8084,4601.0533,342.9888,3331.7972,363.397,116.524,1236.998,949.3088,1946.0171,1.3167,0.6583,110.5991,393.6801,0.6583,1156.682,238.973,2143.5155,1635.1481,25.0165,7.8999,84.266,6901.9092,611.5866,3083.6076,2400.9217,3082.9493,675.4444,3.95,5296.2475,98.0908,4695.8525,844.6346,1.3167,188.2818,280.4477,548.0645,777.4852,597.1034,13.8249,1064.5161,589.8618,2052.0079,658.3278,8.5583,17355.497,1021.0665,1442.3963,322.8703,0.6583,1643.1863,653.0612,3.2916,1279.7893,4200.1317,2394.3384,415.4049,2153.3904,276.4977,1668.2028,0,364.0553,0.6583,978.9335,202.1066,24.3581,275.181,884.1343,219.2232,0,217.2482,0.6583,40.8163,0,190.9151,0,1405.53,516.129,190.9151,1.3167,480.5267,54.6412
TCGA-AB-2861-03,0.5333333333,1852.9163,3266.2722,0,370.2451,936.6019,3.3812,7604.3956,3272.1893,5099.6957,2369.3998,794.59,2097.2105,856.2975,1956.044,220.6255,1455.6213,1179.2054,108.1995,3299.2392,693.9983,7.6078,523.246,3264.5816,2038.8842,3359.2561,5731.1074,1134.4041,409.9746,0.8453,5896.027,29.5858,971.2595,604.3956,0,35.503,12038.8842,0,34.6577,103.1276,12857.9882,23.6686,262.0456,2032.1217,2519.8648,1820.7946,1325.4438,1058.3263,2476.754,1184.2773,101.437,11542.6458,1207.9459,899.0194,2622.1471,2574.8098,1327.1344,3.3812,1032.967,16.9062,748.0981,1363.4827,2975.4861,1158.918,1096.3652,1661.5554,2642.4345,5218.9349,9673.7109,1382.9248,28.7405,2276.4159,2.9924,337.2781,2477.5993,2945.9003,255.2832,38.8842,2373.6264,2166.5258,1526.6272,529.1631,37.1936,2896.027,11796.2806,1502.1133,1402.3584,4188.5038,1290.7861,19.4421,28.7405,1026.2046,2704.142,1699.0702,2621.3018,1378.6982,2243.4489,1219.7802,4349.1124,1297.5486,0.8453,2711.7498,1605.2409,277.2612,1034.6577,3350.803,395.6044,2567.202,11515.6382,2605.2409,1808.9603,76.0947,411.6653,3552.8318,470.8369,3.3812,56.6357,128.4869,3158.918,1891.8005,3355.0296,536.7709,525.7819,469.1462,526.6272,8206.2553,1621.3018,12788.6729,27.8952,1.6906,0.8453,14.3702,6.7625,3946.7456,2382.0456,278.1065,227.388,26.2046,654.2688,2105.6636,58.3263,5310.2282,129.3322,5426.0355,2181.7413,128.4869,1145.3931,4117.4979,2061.7075,540.1522,2522.4007,11819.104,5567.202,251.9019,3437.8698,348.0389,907.0161,42.2654,0.8453,4302.6205,2509.721,0,10.989,0.8453,313.6095,5.9172,118.3432,800.5072,3253.5926,6309.3829,2674.3618,813.1868,2636.5173,2122.5697,1468.3009,2177.5148,0,6106.5089,215.5537,1360.1014,496.1961,6660.186,284.0237,805.579,3064.9873,1901.9442,7240.0676,262.0456,1896.027,591.716,625.5283,4.2265,862.2147,1545.224,4358.4108,192.7303,257.8191,440.4057,2021.1327,5580.6424,525.7819,1.6906,0.8453,269.6534,325.4438,1616.2299,103.973,1292.4768,18.5968,103.1276,760.7777,23.6686,6699.9155,21.3525,49145.3931,1136.0947,551.6061,1748.9434,1123.415,2431.1074,33.8123,1459.8478,602.705,2207.9459,3579.8817,34.6577,2645.8157,414.2012,177.5148,1278.9518,652.5782,1846.1538,2.5359,2.5359,71.0059,595.0972,1.6906,509.721,1397.295,1613.694,1135.3677,29.5858,108.1995,665.2578,9607.7768,642.4345,2445.4776,2363.4827,3250.2113,78.6137,99.7464,4935.7566,78.6137,3195.2663,408.284,3.3812,336.4328,397.7684,472.0034,470.8369,754.0152,7.6078,1173.2883,332.2063,926.4582,38.0389,1556.213,44215.5537,1767.5402,836.0101,295.8749,0,596.7878,1224.9789,0.8453,703.2967,2359.2561,1153.0008,540.1522,1755.7058,295.0127,2415.0465,0.8453,269.6534,1.6906,740.4903,22.8233,145.3931,58.3263,203.7194,386.306,0.8453,182.5866,0,26.2046,5.0719,7.6078,0,3237.0161,277.2612,601.8597,2.5359,1857.7008,21.1327
TCGA-AB-2863-03,0.5333333333,2002.642,1852.0476,6.605,702.7741,1702.1136,317.041,6947.8203,2766.8428,1933.9498,6237.7807,768.1638,1273.4478,1866.5786,1266.1823,531.0436,2580.5812,2136.0634,29.7226,5308.4544,1389.6962,79.9207,1.321,1761.5588,1493.395,3623.5139,5570.8124,927.3448,844.1215,2.642,5084.5443,40.2906,1300.5284,697.4901,2.642,22.4571,9438.5733,0,13.21,42.2721,14159.181,9.247,83.8838,1995.3765,2791.9419,5262.8798,1312.4174,3869.8811,2196.1691,898.9432,8014.531,8716.5258,2443.1968,897.9062,3902.2457,4675.6935,672.391,1.321,979.5244,1112.9458,1781.3738,3781.3738,2170.4095,2616.9089,1216.6446,1578.3686,2178.996,8073.3157,12887.0542,3093.1308,23.1176,3994.0555,24.6235,906.2087,4747.6882,2674.3725,301.1889,11.2285,3199.4716,4239.7622,3314.3989,66.0502,244.3857,4484.8085,12574.6367,2048.2166,2788.6394,3398.9432,848.0845,484.8085,64.0687,1015.1915,6387.7147,491.4135,3187.5826,2268.1638,1980.8454,1223.9102,3277.4108,1417.4373,360.6341,1673.0515,1764.8613,216.6446,969.6169,2884.4122,815.7199,2191.5456,18493.395,2071.3342,2303.1704,19.7028,10266.8428,1760.2378,191.5456,7.2655,50.1982,167.107,3147.2919,2111.6248,35377.8071,450.4624,464.3329,548.2166,317.7015,9012.5495,1931.3078,4204.7556,12.5495,0,0,1974.2404,42.2721,7552.8402,1771.3606,159.8415,170.4095,1.321,699.4716,2834.8745,1081.9022,4717.3052,185.6011,1198.1506,3138.7054,21.7966,873.1836,8304.4914,785.3369,804.4914,4739.1017,3415.4557,6250.3303,986.79,2206.7371,127.9128,8846.7635,3.963,145.9709,4332.893,5371.8626,3.963,12.5495,2.642,630.7794,4.6235,40.2906,3231.8362,4673.712,14208.712,2029.2338,469.6169,1064.0687,855.3501,1590.4888,1608.9828,0,7197.4901,48.8771,5186.2616,673.712,4283.3554,548.8771,1647.2919,368.2497,1278.0713,8982.8269,1112.9458,1001.321,481.5059,266.8428,60.1057,961.0304,2245.7067,2014.531,302.5099,3.3025,827.609,2446.4993,2188.8705,510.568,1.9815,31.0436,355.3501,932.9458,827.609,78.5997,1978.2034,3.3025,2417.4373,1044.9141,211.3606,2237.1202,20.7266,19685.6011,2159.8415,863.428,5684.9406,3361.2946,3356.0106,15.1915,2066.7107,736.4597,887.7147,3233.8177,52.1797,1999.3395,343.461,114.2668,1153.897,698.8111,3182.2985,1.9815,0,11.2285,566.0502,7.926,588.5073,177.0145,1877.8071,2061.823,25.7596,4.6235,29.0621,6170.4095,548.2166,6409.5112,1697.4901,7428.0053,73.3157,1.9815,9085.2048,1212.0211,4509.247,1337.5165,8.5865,278.7318,361.7239,415.4557,464.9934,114.9273,1.9815,621.5324,441.2153,1449.8018,21.1361,2.642,8215.9841,2376.4861,957.7279,454.0159,0.6605,1845.4425,1060.7662,4.6235,1899.6037,4846.103,846.7635,115.5878,2881.1096,119.5509,1764.8613,0,621.5324,0,935.2708,48.8771,4.6235,426.6843,457.0674,127.4769,3.3025,283.3554,0,4.6235,0.6605,23.1176,0,1015.852,356.0106,164.465,0,1046.8626,66.7107
TCGA-AB-2868-03,0.5,1039.6624,1820.2532,9.2827,595.7806,1237.1308,6.7511,7948.5232,4275.1055,6099.5612,5790.7173,990.7173,1983.1224,2086.9198,1798.3122,419.4093,1178.903,888.6076,1102.1097,2805.9072,1016.0338,418.5654,43.8819,2382.2785,3220.2532,4172.9958,4202.1266,1320.6751,1183.9662,5.0633,8177.2152,219.4093,1107.173,899.5781,37.9747,33.7553,1417.7215,0,271.73,70.0422,18940.0844,27.8481,158.6498,1367.9325,2222.7848,5179.7468,2021.097,5136.7089,3029.2405,1264.9789,11828.692,11834.7089,1339.2405,802.6582,2168.7764,4336.7089,1162.0253,10.9705,839.6624,1333.3333,1355.2743,2108.8608,2575.5274,2224.4726,1409.2827,2360.9536,2330.8017,7072.5738,6348.5232,2036.2869,319.8312,2572.1519,12.1266,762.8692,2650.6329,3037.1308,1150.211,330.8017,2950.211,3302.1097,1606.7511,177.2152,196.6245,4067.5105,12333.3333,2001.6878,1996.8101,3068.3544,1500.4219,165.4008,56.5401,956.1181,4160.3376,1150.211,3869.1983,1158.6498,1001.6878,1185.654,4545.1477,1333.3333,281.0127,3232.9114,1540.0844,177.2152,1351.0549,3124.0506,451.4768,2377.2152,23815.1899,2412.6582,1430.3797,29.1561,7283.5443,2534.1772,318.1435,28.692,830.3797,668.3544,2470.0422,1965.4008,22001.6878,1132.4895,128.27,696.2025,453.1646,21929.9578,2103.7975,7649.789,9.2827,5.0633,0,3518.1435,75.9494,4679.3249,1424.1181,100.4219,1719.8312,8.4388,1424.4726,1901.2658,1702.1097,6649.789,1520.6751,660.7595,3329.1139,8.4388,994.9367,9524.0506,1443.8819,648.1013,4136.7089,1904.6414,5205.9072,5.0633,2450.6329,218.0759,8890.2954,9.2827,835.443,3486.0759,3776.3713,509.7046,15.1899,0.8439,490.2954,17.7215,138.3966,3126.5823,3526.5823,6324.8945,2618.3207,952.7426,863.2911,732.4895,1023.6287,961.1814,0,6001.6878,109.7046,3575.5274,691.1392,2202.5316,4578.903,2309.7046,2227.9916,2493.6709,6658.2278,500.4219,1357.8059,188.1857,148.5232,27.8481,1127.4262,4927.4262,3598.3122,259.9156,115.6118,524.0506,2482.7004,2554.3207,498.7342,0,0.8439,451.4768,650.1435,450.6329,17.7215,1563.7131,37.9747,1691.9831,1122.3629,555.2743,1613.5021,34.2616,8571.308,1116.4557,306.4388,2360.3376,936.7089,2874.2616,29.5359,1286.0759,735.0211,1837.9747,5634.5992,17.7215,1734.1772,257.384,172.1519,1204.2194,583.1224,1638.8186,3.3755,0,74.2616,532.4895,9.2574,2449.789,156.1181,1642.1941,1476.3629,19.4093,4.2194,25.3165,8609.2827,639.6624,3604.2194,2183.1224,2720.6751,366.2447,5.9072,7204.2194,81.8565,5193.2489,686.9198,6.7511,274.2616,389.0295,505.0802,335.865,494.5148,86.0759,1133.3333,376.3713,3805.0633,935.865,4.2194,15922.3629,754.4304,1186.4979,413.5527,1.6878,3272.5738,1553.5865,8.4388,1627.8481,2864.135,1470.8861,600.8439,2368.7764,544.3038,2264.135,1.6878,467.5105,0.8439,914.7679,643.038,43.8819,270.0422,714.7679,54.0084,13.5021,67.5105,1.6878,10.9705,0,79.3249,2.5316,937.0464,464.135,238.8186,0.8439,323.8481,158.6498
TCGA-AB-2874-03,0.4666666667,3033.8171,2424.556,0,434.4219,1982.9978,65.1187,10950.6436,2705.5476,2752.8255,6721.4972,1039.2229,1543.2236,945.559,2002.6226,330.9456,2049.9005,2108.775,37.4655,6963.2392,1200.6815,2.6761,2.6761,11163.8404,2347.8408,6274.5868,5862.9653,1160.5399,1321.1065,0.892,7397.6611,58.8744,651.1869,804.6172,0,52.6302,5586.8264,0,11.5965,18.7328,17455.3759,23.193,99.9081,2721.6042,2106.0989,4292.481,1722.523,5262.125,3113.2084,1403.1739,18359.0091,16065.6271,1639.5636,729.918,4827.7031,4893.7138,759.1233,3.5681,1067.768,3141.7536,1424.5827,3288.9396,2461.1295,4182.7605,1236.363,1771.5851,3103.396,9794.5639,10567.9598,2136.4281,49.062,4482.4849,18.7328,979.4564,5496.7307,2836.677,173.0551,16.9487,3945.4787,3473.5913,2014.2191,31.2213,218.549,4562.7682,13234.2578,2369.2497,2467.1418,3519.0851,1123.9664,75.8231,18.7328,1055.2795,5966.8341,651.1869,5199.6824,508.461,2197.0866,1849.1923,3027.5729,1107.0177,394.2803,1914.3109,2231.876,259.5827,900.0651,3775.9917,763.5835,2365.6816,50774.734,1717.1708,1878.6295,6.3513,4975.7812,1779.6134,91.8798,3.5681,44.6018,152.5383,3594.9083,1843.84,21920.02,580.7159,267.611,420.1493,9257.5578,16387.6078,2130.1838,8240.6358,4.4602,0.892,0,2860.762,51.7381,9687.5195,1153.35,247.9862,1775.1532,4.4602,797.4809,2586.9067,3968.6717,4099.8011,74.0391,762.6915,3961.5354,1.7841,1275.6126,11765.0732,1091.853,683.3002,4210.4136,2040.0881,7228.1741,616.3974,2272.0177,174.3664,6307.5921,6.2443,39.2496,4731.3631,2927.6647,9.8124,1.7841,0,545.9265,1.7841,8.9204,2374.6019,5325.4596,4681.4091,2386.1984,570.0115,1039.2229,822.4579,1383.5491,1165.8921,0.892,8134.4835,29.4372,4642.1594,956.2634,5875.8463,2253.2849,1499.5138,1130.1392,1892.9021,8317.351,526.3017,1555.7122,398.7404,239.0659,5.3522,1342.5154,5903.4995,2248.8247,282.7757,6.2443,643.1585,2459.3454,2682.3457,442.4502,1.7841,1.7841,403.2006,537.0061,674.3798,2.6761,2004.4067,0,1129.3186,1335.3791,471.8875,1799.2382,46.5376,21663.1134,1600.314,628.4488,2090.9342,1619.0468,3544.9542,42.8178,2701.9794,359.4908,1297.0215,4602.0178,9.8124,974.9962,224.7933,126.6692,1444.2076,1116.8301,2813.484,0,0,8.0283,793.9127,6.2443,526.3017,227.4694,1770.693,1529.736,12.4885,5.3522,17.8407,5434.2881,549.4947,4582.393,1566.4166,2776.0185,28.5452,0,10772.2362,925.0421,3867.8715,948.2351,1.7841,254.2305,388.036,472.2889,305.9686,97.232,38.3576,93.6639,239.0659,918.7979,42.8178,1.7841,30975.9774,2183.7061,1419.2305,454.5819,0,1415.6624,1260.448,5.3522,675.2718,3244.3378,928.6103,224.7933,2180.1379,40.1417,1533.4112,0,661.8913,0,816.2137,2.6761,687.7604,695.7887,596.7726,134.6976,0.892,160.5666,0,14.2726,0,9.8124,0,1507.5422,344.3262,31.2213,0,1060.373,45.4939
TCGA-AB-2882-03,0.5,2846.2614,2837.1768,1.3976,484.2767,2153.0398,70.58,9682.7393,3829.4899,4713.4801,5693.2215,1270.4403,2037.7358,3576.5199,2241.789,329.1405,1160.028,792.4528,1032.1454,4338.225,1029.3501,87.3515,41.2299,3405.311,3264.1509,6837.1768,6617.0929,1363.3823,2096.4361,22.362,7185.1852,259.2593,605.1712,824.5982,97.8337,181.6911,539.4829,0.6988,234.8008,85.9539,12900.7687,23.7596,122.2921,572.327,2227.1139,6222.2222,1637.3166,5504.5423,5560.4472,2095.7372,20798.7421,16185.3319,1943.3962,721.5304,2322.8512,5809.2243,1116.0028,20.9644,742.8372,2487.072,1280.9224,2535.29,3768.6932,3334.0321,1081.761,1731.9846,6136.9672,9584.9057,5872.1174,1837.1768,30.0489,3484.2767,292.5926,882.5996,3516.4221,3140.4612,779.8742,394.8288,3907.058,2548.5674,1468.2041,87.3515,177.4983,4161.4256,18187.2816,1988.819,2441.4186,3411.6003,1184.4864,125.7862,40.5311,1215.2341,4871.4186,1013.2774,4914.7449,4108.3159,2758.9099,2879.1055,2331.2369,1213.8365,194.2697,2733.0538,1812.7184,194.9686,777.079,4596.0867,374.5632,3334.0321,16945.4927,2701.6073,1238.9937,131.4326,14691.8239,3104.123,158.6303,81.0622,185.1852,202.6555,3664.5702,1365.4787,11426.9741,813.4172,299.7904,280.2236,4769.392,12458.4207,2182.3899,10245.9818,65.6883,3.4941,0,1777.7778,40.5311,9279.5248,1313.2984,179.5947,366.8763,16.7715,907.7568,3500.3494,212.4389,5491.9637,749.8253,1552.0615,3116.0028,162.1244,1160.7268,11702.3061,1439.5528,751.2229,4810.6219,2347.3096,9266.2474,471.6981,3061.4955,316.9811,3339.6226,83.1586,1661.775,3161.4256,2273.9343,210.3424,218.7282,13.9762,457.7219,24.4584,972.7463,2375.9609,4530.3983,3917.5332,2440.9504,1225.7163,1318.6583,440.9504,1114.6052,594.689,0.6988,9776.3802,916.8414,5620.5451,1069.8812,3977.638,2467.5052,2524.109,1838.8679,3485.6744,7950.3843,590.4962,1948.9867,253.6688,199.1614,157.2327,1206.1495,5352.9001,2410.2027,177.4983,27.9525,342.4179,3034.2418,4078.8609,505.9399,32.8442,47.5192,456.3242,666.6667,507.3375,113.9064,2146.7505,34.9406,2470.9993,758.211,1220.8246,1466.8064,33.8085,28112.5087,1324.2488,467.5402,1620.5451,2443.0468,2928.7212,49.6157,3413.6967,539.4829,1095.0384,3195.6674,71.2788,1258.5604,173.3054,111.1111,1430.4682,770.7897,3694.6191,15.3739,9.7834,21.6632,482.8791,8.232,1533.8924,547.1698,1324.9476,1472.97,197.7638,6.2893,90.8456,7342.4179,433.9623,4656.8833,2151.6422,3259.2593,819.0077,4.8917,6945.4927,1628.9308,3918.239,937.1069,7.6869,216.6317,433.3473,645.7023,303.9832,1376.6597,108.3159,331.9357,281.6212,3554.1579,122.2921,118.0992,39888.1901,2887.4913,1230.608,313.7037,5.5905,2911.2509,814.8148,11.181,1320.7547,3042.6275,1692.5227,426.9741,2096.4361,283.7177,2160.7268,5.5905,496.8553,2.0964,1020.2655,187.9804,116.0028,1078.2669,647.0999,86.6527,3.4941,315.863,1.3976,48.9168,2.2082,69.1824,0.6988,1400.4193,322.8512,157.2327,12.5786,1338.6932,6.2893
TCGA-AB-2885-03,0.4333333333,2201.1992,2191.4279,10.6596,567.6216,1236.509,378.4144,11145.4586,4452.143,7162.2829,5988.008,1326.227,1116.5889,980.6795,2508.5499,371.308,1208.9718,1520.7639,773.7064,9433.7109,1261.3813,26.6489,2.6649,1440.8172,3084.1661,7111.7033,2639.8401,1405.2854,2272.2629,0,7968.0213,178.5476,519.6536,1161.0038,8.883,12.4362,8922.9403,0,82.6116,222.9625,13980.9016,26.6489,173.2179,1309.3493,2516.5445,7625.1388,1377.7482,4038.1968,3498.1124,1687.7637,7715.7451,17022.4295,1016.2114,1246.0937,1909.8379,5421.2747,1408.8386,6.2181,518.7653,645.7917,1679.769,2965.1344,1304.9078,4719.5203,1217.8548,1301.6656,10643.571,6105.2632,6088.3855,2207.4173,52.4095,1835.221,0,503.6642,5652.2318,3899.6225,189.2072,365.0899,4093.2712,4943.3711,2073.2845,24.8723,352.6538,3230.7351,14190.5396,1823.6731,1520.7639,5186.7644,1276.4823,54.1861,23.0957,1495.0033,6333.5554,991.3391,2504.1084,1341.328,3986.6755,2189.6513,3150.7884,987.7859,308.239,2496.1137,1024.2061,293.1379,146.569,4342.8825,596.0471,2272.2629,8356.207,2462.3584,1962.2474,97.1885,6934.044,3217.4106,109.2605,9.7713,182.1008,763.0469,3804.5747,1558.9607,23412.8359,698.2012,33.7553,249.6114,2957.1397,8884.7435,2201.1992,3827.6704,6.2181,3.5532,0,2974.9056,147.4573,4682.2119,1301.9054,205.1965,230.0688,31.9787,1112.8492,2639.1295,406.8399,5121.9187,45.3031,757.7171,3816.1226,7.9947,1207.1952,25210.7484,1460.3598,726.6267,5441.7055,1259.6047,5911.6145,55.0744,3346.2136,344.1528,3475.905,2.6649,864.3127,3756.6067,3016.6556,205.1965,2.6649,0,644.0151,1.7766,39.9734,5041.0837,3724.628,4592.4939,1474.5725,1205.4186,1329.7801,536.5312,1158.3389,1091.7166,0,8768.3766,1524.3171,4665.3342,1350.211,5391.9609,1045.5252,748.8341,1009.6203,3439.4848,6912.7249,109.2605,1458.5832,152.787,122.5849,29.3138,1433.7109,6788.3633,1080.1688,341.1059,4.4415,901.6211,2743.9485,3130.2954,680.4353,0,3.5532,437.9303,135.9094,581.8343,10.6596,1184.9878,73.7286,706.1959,1173.4399,1437.264,793.2489,36.4202,9834.3327,2417.9436,562.7893,2250.9438,1521.6522,4043.5265,46.1914,815.4564,419.276,1105.0411,7206.7511,0,1246.2803,204.3082,180.3242,1656.6733,1713.5243,3335.5541,0,0,95.0477,986.0093,7.3107,1640.684,300.2443,1931.157,1949.9267,14.2127,3.5532,90.6063,6867.4217,467.2441,4500.111,3395.9583,3597.6016,453.9196,14.2127,7658.8941,31.9787,7525.6496,490.3398,4.4415,286.9198,510.433,565.8983,389.074,90.6063,127.0264,39.0851,245.1699,1642.4606,1650.4553,0,20621.8077,646.68,2031.5345,507.2707,0.8883,2168.3322,952.2541,21.3191,930.0466,2210.0822,1855.6518,436.1537,3571.841,322.4517,2807.9058,0,573.8397,1.7766,1075.7273,58.6276,21.3191,581.8343,3536.3091,3.5532,0.8883,79.0584,13.3245,7.1064,0,78.1701,0,1552.7426,449.4781,31.0904,1.7766,378.3433,28.4255
TCGA-AB-2887-03,0.4,3157.7408,1940.4131,1.4623,630.2321,2061.7803,120.6361,10066.1671,4385.3043,3638.0698,6547.9803,1168.3422,2130.5063,2762.9318,1966.7337,323.8896,1228.2946,1095.9605,1142.0216,5407.4209,1274.3557,320.234,2.1934,1835.8618,6996.1616,7144.5805,5691.8881,1277.2802,2384.2076,0.7311,6190.4588,104.5513,851.0327,2056.6624,2.9245,38.7498,10312.5571,0,23.3961,214.2204,15620.5447,29.2451,152.8057,1095.9605,2881.3745,5893.6209,1449.0952,5717.4191,6173.6428,1919.9415,7592.0307,17068.7114,1865.8381,692.2098,2391.5189,6821.422,1258.2709,4.3868,1055.0174,2063.9737,1536.0994,3326.6313,2148.0534,3951.0144,1227.5635,1412.473,9792.7253,7563.5167,11967.8304,1840.9797,978.9801,3566.4412,18.3879,995.796,5886.3096,3670.2614,397.0024,17.5471,3472.8569,3948.8211,2610.8572,76.7684,379.4553,5407.4209,16056.2968,2408.3349,3198.9252,4900.0183,1542.6796,330.4697,12.4292,1092.3049,4745.0192,1152.9885,2939.1336,766.953,2539.2067,2963.992,3586.1817,1536.0994,11.698,2958.8741,2052.2756,352.4036,290.2577,4038.7498,667.5196,3592.0307,11630.0494,1702.7966,2089.5632,32.5059,10189.7277,3939.3164,187.8998,9.5047,1226.1013,756.7172,3089.7459,1823.4326,24073.8439,712.1184,690.9157,405.0448,1347.4685,17442.5151,2708.8284,2689.0879,6.5801,4.3868,0,7967.8304,20.4716,14208.737,1850.6818,235.4231,1112.7765,64.3392,718.6986,4168.8905,1048.4372,6927.4356,135.9898,429.172,3411.4421,10.2358,1512.7033,15907.1468,1607.75,753.7927,4637.5434,2868.9453,12032.9007,140.3765,2987.388,281.1552,7320.0512,19.7404,220.0695,5439.5906,2488.7589,133.0653,15.3537,2.9245,557.1194,7.3113,110.4003,962.1641,3916.6514,5473.9536,2517.558,709.9251,2066.8982,675.5621,1337.2327,902.9428,0.7311,8007.3113,804.9717,3393.164,868.5798,5957.229,515.4451,2371.7785,1036.5491,2726.3754,7100.7128,1560.2266,1359.8976,342.1678,452.5681,119.1738,1781.7584,6851.3983,1267.7755,252.9702,10.9669,532.261,2858.7096,4595.0722,429.9031,1.4623,15.3537,404.3137,307.0737,805.7028,10.9669,1963.8092,32.1696,6777.5544,965.8198,72.3816,945.3482,56.8232,9301.4074,1986.4741,384.9899,1870.2248,2262.1093,3724.3648,17.5471,813.7452,634.6189,1436.6661,7180.4058,3.6556,2255.5292,282.2153,133.0653,1805.1545,775.7266,3387.3149,2.1934,0,289.5266,732.59,9.5047,1405.9587,69.4571,1819.0459,1454.0669,31.4385,2.1934,82.6174,7707.5489,541.7657,4288.7955,2328.6419,2042.771,73.8439,95.0466,12784.5001,195.9422,5918.4793,1072.5644,13.1603,280.0219,494.2424,553.5368,527.1431,209.8337,42.4054,119.905,222.2628,973.1311,643.3924,4.3868,48614.1473,2309.6326,1386.9494,484.8108,8.0424,3762.3835,842.9903,21.9338,829.83,2720.5264,1424.2369,318.7717,2608.6639,611.9539,2471.943,0.7311,533.7233,0.7311,1208.5542,124.2917,33.6319,470.1152,1638.4573,41.6743,0.7311,72.3816,1.4623,5.1179,1.4623,716.5052,2.9245,1398.3988,435.021,148.4189,2.9245,458.5048,24.1272
TCGA-AB-2891-03,0.4666666667,2823.5294,2569.7479,2.521,420.1681,1689.916,8.4034,12558.8235,3447.8992,3159.6387,4456.3025,838.6555,2125.2101,1266.3866,2148.7395,473.9496,2261.3445,1003.3613,558.8235,9294.1176,1085.7143,20.1681,273.1092,1004.2017,3098.3193,7147.8992,4992.7563,1331.0924,794.1176,2.521,7889.916,68.9076,1347.8992,797.479,0.8403,15.1261,14133.6134,0,148.7395,23.5294,19606.7227,28.5714,196.6387,2742.8571,4173.9496,4309.2437,3009.2437,4646.2185,2773.9496,1405.8824,336.1345,13357.7059,858.8235,2523.2773,2292.437,3485.7143,1156.3025,117.6471,1011.7647,78.9916,1452.9412,2996.6387,4205.042,2342.0168,1371.4286,1664.6218,5281.5126,2221.8487,9568.9076,2361.3445,36.9748,4424.3697,5.6134,786.5546,3724.3697,4342.0168,768.9076,43.6975,6685.7143,3142.8571,1111.7647,6.7227,150.4202,4509.2437,10268.9076,2074.7899,1735.7647,5569.7479,1538.6555,16.8067,55.4622,1477.3109,4672.2689,1013.4454,3373.1092,1890.7563,2536.1345,1581.5126,3080.6723,1255.4622,5.042,2365.5462,1474.7899,487.395,1389.916,4619.3277,789.0756,2137.8151,15483.1933,1422.6891,1993.2773,17.8655,1863.8655,4114.2857,306.7227,15.9664,202.521,301.6807,3010.084,1705.042,22190.7563,340.3361,1242.0168,410.084,10426.0504,9627.7311,2643.6975,17876.4706,13.4454,3.3613,0,972.2689,47.8992,3863.0252,1391.4118,406.7227,778.1513,37.8151,677.3109,2546.2185,1902.521,6126.8908,519.3277,1119.3277,1744.5378,3.3613,1526.8908,10139.4958,1772.2689,720.1681,4837.8151,3289.916,6063.8655,274.7899,3890.7563,225.7731,2315.1261,84.0336,29.4118,5361.3445,2535.2941,3.3613,9.2437,0,555.4622,16.8067,31.9328,3355.4622,4175.6303,4998.3193,2647.8992,1210.9244,2808.4034,1003.3613,1131.9328,1089.0756,1.6807,6823.5294,49.5798,3729.4118,1208.4034,6689.916,1771.4286,1577.3109,2389.0924,2631.0924,7300.8403,49.5798,1560.5042,595.7983,608.4034,16.8067,973.1092,3237.8151,2314.2857,305.042,27.7311,1326.0504,2545.3782,3782.2605,527.7311,0.8403,8.4034,454.6218,277.3109,919.3277,184.8739,2415.9664,7.563,1725.2101,1110.084,584.8739,864.7059,31.9328,24922.6891,1140.3361,877.563,1884.0336,1854.6218,1862.1849,135.2941,1375.6303,376.4706,1495.7983,8814.2857,15.1261,1240.3361,408.4034,143.6975,1436.9748,1372.2689,2251.2605,0,0,154.6218,882.3529,0.8403,838.6555,349.5798,1779.8319,765.1597,29.4118,2.521,24.3697,5920.1681,742.0168,4657.1429,2428.5714,3584.8739,92.437,2.521,4322.6891,284.0336,4923.5294,731.9328,3.3613,229.4118,536.1345,265.8992,723.5294,807.563,1.6807,80.6723,575.6303,1331.0924,84.8739,11.7647,54282.3529,1817.6471,1181.5126,270.2521,2.521,2051.2605,1234.4538,6.7227,701.6807,2668.0672,1722.6891,315.9664,1215.9664,108.4034,3603.3613,0.8403,400,0,958.8235,23.5294,208.4034,140.3361,2011.7647,105.042,3.3613,45.3782,0.8403,24.3697,0,8.4034,0,1248.7395,512.605,147.0588,0,1111.5882,913.4454
TCGA-AB-2901-03,0.2,3191.8216,2300.3717,1.487,457.2491,2127.1375,231.2268,8733.829,3307.0632,2611.1524,5392.5651,1103.3457,1467.658,1028.2528,1962.0818,666.9145,2364.3123,1218.5874,327.1375,5998.513,1276.5799,5.948,44.6097,677.3234,2762.8253,4837.9182,5984.9888,1152.4164,820.0743,0.7435,6042.3792,130.855,1443.8662,595.539,272.8625,34.2007,1670.632,0,11.1524,81.7844,12707.0632,14.1264,220.0743,2141.2639,2504.8327,5558.3643,1324.9071,3696.6543,3106.6766,1064.684,5391.0781,12862.3048,2184.3866,832.6617,3002.974,5158.3643,889.2193,0,1240.1487,1127.881,1233.4572,2439.4052,1797.026,3301.8587,897.3978,1273.6283,3425.2788,7410.4089,6090.7063,2434.2007,11.8959,3562.0818,2.2677,1265.4275,2392.5651,3955.3903,80.2974,16.3569,3268.4015,3183.6431,2864.684,50.5576,78.8104,4609.6654,12507.8067,2591.8216,2584.171,4255.0186,1052.0446,121.9331,238.6617,1048.3271,4340.5204,956.8773,4210.4089,1791.8216,1724.9071,2939.777,3131.5985,1202.2305,344.2379,1902.6022,1268.4015,281.7844,457.9926,3396.2825,747.2119,3842.3792,12179.1822,1914.4981,1403.7175,39.1004,7723.4201,2974.7212,284.0149,71.3755,50.5576,369.5167,3078.0669,1777.6952,17751.6729,451.3011,1014.1264,371.0037,568.7732,6585.8736,2011.8959,457.2491,1.487,2.2305,0,2936.0595,3.7175,4449.8141,1677.1673,234.9442,72.119,4.461,942.3346,2606.6914,1666.9145,3834.9442,52.0446,1283.2714,3050.5576,0.7435,1405.2045,11896.6543,1344.2379,742.0074,7691.4498,2243.1227,6204.461,444.6097,2466.171,189.9851,3855.7621,8.1784,1400.7435,5235.6877,4663.197,758.3643,0.7435,0,471.3755,0,112.2677,11764.3123,4417.8439,6820.8104,2333.829,1058.7361,1597.7695,579.1822,1216.3569,693.6803,0,8113.7546,395.539,4449.0706,1063.9405,2736.0595,693.6803,2319.7026,1540.171,1886.9888,7550.1859,2044.6097,1384.3866,211.1524,294.4238,2.974,2119.7026,2694.4238,1568.0297,317.4721,36.4312,652.0446,3759.1078,3427.3457,446.0967,1.487,0.7435,318.9591,793.6357,681.0409,7.4349,1953.9033,4.461,1756.8773,703.3457,539.0335,1370.2602,31.1599,23020.8178,1133.829,625.3234,2202.974,1553.9033,4426.0223,5.948,2828.9963,634.2007,1498.8848,5155.3903,6.6914,2852.7881,548.6989,147.9554,1327.1375,627.5093,3028.9963,0,0,35.6877,561.3383,0,2046.0967,662.4535,1617.8439,1494.6022,7.4349,52.0446,499.6283,5477.3234,706.3197,3895.1673,2414.8699,6301.1152,28.2528,4.461,7971.7472,40.8922,4187.3606,945.7249,0,262.4535,363.8587,422.8699,556.8773,200.7435,66.171,1586.6171,579.1822,695.9108,29.7398,4.461,3369.5167,3052.7881,1257.9926,454.1561,0,2385.1301,841.6357,11.8959,1591.0781,2919.7026,1629.7398,361.3383,2029.7398,60.9665,2124.9071,0.7435,555.3903,1.487,788.1041,7.4349,699.6283,455.7621,876.5799,79.5539,0,402.974,0,9.6654,0.7435,6.6914,0.7435,2270.5799,306.3197,87.7323,0.7435,654.7732,320.4461
TCGA-AB-2904-03,0.5333333333,1709.3933,2278.865,2.9354,499.0215,1668.2975,0,8201.5656,3658.5127,10031.2427,5306.2622,850.2935,1532.2896,5428.5714,1800.3914,544.0313,2389.4325,3010.7632,777.8865,7440.3131,1029.3542,105.6751,8.8063,2095.8904,2357.1429,4181.0176,3297.7691,1361.0568,1479.4521,5.8708,7261.2524,192.7593,1111.546,520.5479,1.9569,36.2035,8946.184,0,153.6204,76.3209,12364.9706,9.7847,45.9883,996.0861,2271.0372,7015.6556,1442.2701,2252.4462,2406.0665,1145.7926,11752.4462,11276.135,1560.6654,795.0098,1673.1898,2903.1311,2359.0998,1.9569,1080.2348,953.0333,1863.9922,2996.0861,1440.3131,3256.3601,1941.2916,1236.7417,7328.7671,5717.2211,4044.0313,1396.2818,141.8787,3090.998,22.045,625.2446,3475.5382,2530.3327,323.8748,653.6204,2978.4736,3271.0372,1832.681,22.5049,325.8317,4732.8767,12415.8513,2590.0196,2339.2466,3373.7769,1818.0039,406.0665,29.3542,1162.4266,4432.4853,813.1115,3285.7143,2601.7613,2427.593,1818.9824,3106.6536,1729.9413,653.6204,2319.9609,1826.8102,343.4442,404.1096,3858.1213,733.8552,1579.2564,13148.728,2269.0802,1478.4736,73.7378,8178.0822,1864.9706,120.3523,14.6771,556.7515,237.7691,2671.2329,2114.4814,26105.6751,1347.3581,367.9061,637.9648,2189.8239,17727.0059,1798.4344,5246.5753,7.8278,0,0,2668.2975,15.6556,8628.18,2088.953,199.6086,92.955,4.8924,599.8043,2647.7495,956.9472,4515.6556,231.8982,4958.9041,3195.4403,11.7417,977.4951,27950.0978,906.0665,509.7847,5170.2544,1989.2368,8787.6712,63.6008,2461.8395,544.5597,5737.7691,19.5695,1006.8493,4565.5577,3876.7123,26.4188,28.3757,0.9785,726.0274,3.9139,156.5558,2509.7847,2885.5186,6746.5753,2448.5812,526.4188,1001.9569,891.3894,1072.407,2944.227,0,10773.9726,269.0802,4294.5205,810.1761,4497.0646,1136.0078,1570.4501,1506.3894,1849.3151,5976.5166,172.2114,1120.3523,347.3581,262.2309,167.319,1104.6967,5155.5773,1954.0117,138.9432,6.8493,1994.1292,3306.2622,2987.2603,1179.0607,0.9785,13.6986,395.3033,278.865,453.0333,39.1389,1595.8904,24.4618,952.0548,873.7769,388.454,418.7867,45.2348,18640.9002,4684.9315,579.364,2419.7652,918.7867,2945.2055,21.5264,1553.816,819.9609,1577.2994,7237.7691,15.6556,1885.5186,399.2172,219.1781,1258.317,906.0665,3467.7104,0,0,323.8748,307.2407,13.6986,996.0861,348.3366,1515.6556,1967.7886,45.9883,5.8708,34.2466,8814.09,551.8591,2549.9022,3708.4149,4010.7632,424.6575,4.8924,6471.6243,104.6967,5715.2642,1059.6869,0,277.8865,513.6986,639.4716,915.8513,197.6517,49.9022,32.2896,538.1605,2315.0685,1787.6712,25.4403,10173.1898,801.3699,2503.9139,679.1487,1.9569,2175.1468,929.5499,16.6341,1479.4521,2261.2524,1645.7926,302.3483,2464.775,464.775,1285.7143,0,572.407,5.8708,907.045,90.0196,58.7084,441.2916,387.4755,15.6556,0,152.6419,0,5.8708,0,45.9883,0,1144.7847,373.7769,259.2955,17.6125,933.3659,19.5695
TCGA-AB-2908-03,0.5666666667,1913.5514,2671.3396,9.3458,444.704,633.1776,2.3364,8511.6822,3343.4579,2552.9361,4152.648,1044.3925,1387.0717,1334.891,1650.3115,361.3707,603.5826,670.5607,971.1838,2344.2368,949.3769,1025.7009,486.7601,2319.3146,3204.8287,3454.8287,1710.2025,1511.6822,1455.6075,2.3364,5274.9221,80.2181,1106.6978,959.5016,3.8941,157.3209,6443.1464,0,367.6012,56.8536,20486.7601,17.134,212.6168,1675.2336,3692.3676,4669.7819,1140.9657,4005.4517,2750.7788,1293.6137,7855.1402,7966.581,1338.785,1104.743,1091.9003,3390.9657,1370.7165,9.3458,559.19,901.0903,1261.6822,2014.7975,1440.0312,1024.1433,1206.3863,1457.5467,9651.8692,2594.2368,7210.2804,1622.2741,10.9034,1145.6386,24.9844,422.8972,2602.0249,3533.4891,935.3583,257.7882,2743.7695,2866.8224,1409.6573,243.7695,279.595,1903.4268,12959.5016,2685.3583,1927.5467,3862.1495,2465.7321,51.4019,72.4299,753.8941,3458.7227,1533.4891,1831.7757,3455.6075,803.7383,1670.5607,7925.2336,1292.0561,172.1184,2958.7227,1280.3738,197.8193,939.2523,3662.7726,274.9221,2002.3364,22956.3863,2436.1371,1184.5794,56.4564,8098.1308,4549.8442,496.8847,6.2305,576.324,919.0031,1492.2118,2504.6729,25074.7664,720.405,935.3583,523.3645,418.2243,27795.1713,1623.8318,20885.514,7.7882,0.7788,0,5994.5483,109.8131,6074.7664,1717.2508,186.9159,1834.1121,17.134,818.5903,2124.6106,1779.595,5985.9813,366.0436,6648.7539,2330.2181,7.0093,1410.4361,7401.8692,2536.6044,457.1651,4922.1184,2140.1869,4871.4953,37.3832,1929.9065,375.9657,2952.4922,19.4704,193.1464,3445.4829,1999.2212,37.3832,32.7103,0.7788,473.5202,1.5576,118.3801,3442.3676,2686.1371,4109.0343,2998.0452,588.0062,1654.9844,771.028,970.405,832.5545,4.6729,4299.8442,545.9502,2234.4237,1017.134,5877.7259,2299.8442,719.6262,2916.0125,3136.2928,5019.4704,345.7944,1885.514,474.2991,366.0436,17.134,1240.6542,7151.8692,3228.1931,215.7321,25.7009,432.243,3010.1246,2859.0187,391.7445,2.3364,3.8941,255.4517,538.9408,573.9875,17.134,1356.6978,11.6822,2116.8224,1239.8754,501.5576,1693.1464,26.9704,25897.9751,1046.729,211.8769,1237.5389,1994.5483,2511.6822,119.9377,723.5202,670.5607,1357.4766,8908.0997,23.3645,2304.5171,295.9502,99.6885,1653.4268,931.4642,2211.0592,5.4517,0,88.785,243.7695,7.7882,1918.2243,391.7445,1299.0654,1122.7336,61.5265,0.7788,12.4611,9200.9346,529.595,3178.3489,3080.9969,2726.6355,227.4143,1.5576,6742.9907,172.8972,3961.0592,633.1776,19.4704,277.2586,320.0935,449.8364,383.1776,518.6916,5.4517,447.8193,251.5576,2727.4143,1160.4361,2.3364,28119.9377,1074.7664,791.2773,383.419,3.8941,2419.7819,820.0935,5.4517,938.4735,2510.9034,1277.2586,488.3178,2614.486,883.1776,1785.8255,1.5576,271.8069,0,781.9315,1257.0093,110.5919,286.6044,1190.0312,17.134,0,88.785,2.3364,10.1246,0.7788,28.8162,0,1454.5405,447.0405,180.6854,33.4891,712.204,27.2586
TCGA-AB-2910-03,0.4,1814.1136,5488.8124,0.5737,570.8548,977.6248,12.6219,9417.097,2242.1113,3914.4808,1510.0402,1068.8468,2020.0803,1103.8439,10187.0338,309.2369,1924.2685,1127.9403,138.2674,4461.8474,725.7602,30.4073,263.3391,6068.2731,2925.4159,2436.6036,6313.4825,1549.0534,1878.9443,0,4799.7705,36.7183,1592.6563,470.4532,7.4584,30.9811,11282.2719,13.7694,14.3431,24.6701,32191.0499,16.0643,283.9931,5422.8342,6304.6472,2546.1847,932.3006,895.5823,3992.5416,1234.0792,27.5387,10621.704,1381.5261,755.7085,2878.9443,2858.2903,1473.3219,1.1474,1468.7321,4.0161,1662.6506,2745.2668,3141.136,1301.7785,1289.1566,1562.7768,840.5049,3534.1365,6036.7183,1580.0344,52.7826,2293.1727,9.6558,274.8135,1688.4682,3763.0522,106.1388,507.1715,3056.7986,1971.3138,1196.7871,4892.14,23.5227,2376.3626,9117.6133,1451.5204,1314.5152,4106.1388,1702.2375,99.8279,32.7022,884.6816,1720.0229,2407.9174,1511.1876,1234.6529,2762.4785,1258.1756,2428.5714,1301.7785,0,3077.4527,1238.0952,248.996,477.9116,2889.8451,415.9495,2199.6558,24775.1004,936.3167,2237.5215,22.249,235.8003,10415.9495,648.3075,1.1474,183.5915,203.0981,2516.3511,2255.3069,9428.5714,1372.3465,3082.6162,282.8457,2183.0178,5979.346,1508.8927,13526.1044,40.1606,4.0161,5.7372,92.9432,2.2949,2271.9449,2134.2972,313.253,456.1102,40.1606,1152.6104,1842.226,1010.327,5316.6954,41.8818,3972.4613,2115.3184,5.1635,1657.4871,4414.8021,1858.864,504.8766,3103.2702,9402.7539,4522.6621,269.65,3741.8244,261.027,3108.4337,201.9507,0,6275.961,1969.0189,0.5737,2.2949,16.0643,465.8635,1.1474,317.2691,2524.3832,5472.7481,3481.9162,2550.7745,1340.218,3674.1251,1647.1601,1293.1727,1858.2903,0.5737,4244.9799,927.1371,2225.4733,722.8916,9986.8044,110.7286,920.2524,628.1411,3056.7986,8139.9885,278.8296,1664.3718,506.0241,493.9759,41.3081,582.3293,762.4785,4170.3959,209.9828,102.6965,467.5846,3351.1188,3952.3523,413.0809,3.4423,4.5898,418.2444,849.1107,1877.2232,23.5227,1422.8342,6.8847,275.961,1129.0878,20.654,17026.3913,61.5548,16131.3827,894.4349,548.2501,1444.6357,1348.8239,2373.494,2.8686,1721.1704,619.6213,2236.3741,4503.7292,981.6408,3722.8916,582.903,98.6804,1503.7292,801.4917,1173.8382,0.5737,71.7154,28.1124,675.2725,0.5737,673.5513,3133.1038,1671.2565,1195.1119,58.5198,176.7068,174.4119,7768.7894,920.2524,2855.4217,2879.5181,3425.1291,41.3081,5.1635,18196.7871,18.9329,3566.8388,521.5146,76.8789,536.4314,374.1939,272.0138,827.883,139.9885,3.4423,132.5301,430.2926,2485.3701,158.3477,22.3752,14590.3614,3296.0413,956.9707,321.6982,1.7212,461.2737,928.2846,3.4423,316.1216,3355.1348,4598.3936,486.5175,2148.5944,59.6672,3109.0075,1.1474,509.4664,0,897.8772,48.1928,109.0075,146.2995,516.9248,20.654,5.7372,177.2806,2.2949,908.778,1.1474,42.4555,0,2094.5152,458.405,718.3018,1.1474,762.3351,110.1549
TCGA-AB-2911-03,0.06666666667,1401.4168,2743.8017,20.0708,328.2172,1802.8335,0,8780.4014,2217.2373,5268.0047,2919.7166,821.7237,1466.3518,2345.9268,1997.6387,625.7379,1034.2385,1003.5419,270.366,3234.9469,1240.8501,41.3223,24.7934,2083.8253,2632.8217,5403.778,3087.863,1233.7662,1253.8371,0,7643.4475,40.1417,880.7556,690.673,4.7226,18.8902,1453.3648,0,61.3932,68.477,13749.7048,35.4191,114.5218,948.0519,1742.621,3519.4805,3731.9953,2781.5821,4099.1736,2624.5573,962.2196,12915.4191,1780.4014,1506.2456,3773.3176,3079.1027,910.2715,2.3613,704.8406,123.9669,582.0543,1381.3459,5493.5065,3102.7155,1000,2009.8937,4571.4286,10850.059,3589.1381,1783.9433,112.1606,3386.0685,1.4404,750.8855,2194.8052,3148.7603,220.7792,434.4746,4404.9587,1638.7249,2001.1806,4.7226,86.1865,4662.3377,7991.7355,2946.8713,2292.7981,2569.0673,898.4652,36.5998,37.7804,1360.0945,2669.4215,763.8725,7536.0094,1409.6812,1820.5431,1432.1133,2540.732,1623.3766,357.7332,2293.9787,1264.4628,186.5407,1151.1216,3721.3695,272.7273,2154.6635,10728.4534,2985.8323,1404.9587,192.4439,2487.6033,4563.1641,125.1476,9.4451,462.8099,462.8099,3402.5974,1028.3353,11344.7462,734.3566,231.405,185.3601,10427.3908,6799.2916,1642.2668,5838.2527,3.5419,3.5419,15.3483,1246.7532,8.2645,7825.2656,875.1122,151.1216,31.8772,7.0838,886.6588,1975.2066,161.7473,6900.8264,363.6364,7840.6139,2782.7627,5.9032,914.9941,4815.8205,1178.2763,558.4416,3949.2326,3559.6222,8839.4333,318.7721,1800.4723,218.5242,2662.3377,582.0543,428.5714,3165.2893,3225.5018,151.1216,10.6257,1.1806,343.5655,12.987,35.4191,2858.3235,5935.0649,2711.9244,2716.647,1981.1098,714.2857,959.8583,1305.7851,1292.7981,1.1806,6231.405,866.588,5021.2515,958.6777,4966.9421,558.4416,2435.6553,1556.222,2049.5868,5828.8076,139.3152,1553.719,278.6305,323.4947,18.8902,1035.4191,1907.9103,6460.4486,175.915,59.0319,289.2562,2356.5525,2587.9339,383.7072,1.1806,21.2515,402.5974,321.1334,317.5915,36.5998,2157.0248,7.0838,1184.1795,783.9433,1095.6316,1362.4557,10.7202,18263.2822,1046.0449,544.392,1110.9799,4260.9209,3165.2893,31.8772,2252.6564,596.222,632.8217,1867.7686,25.974,2613.9315,132.2314,193.6246,1110.9799,1126.3282,3055.49,0,1.1806,1.1806,854.7816,29.5159,868.9492,1168.8312,1658.7957,858.17,24.7934,30.6966,296.34,7036.5998,328.2172,3208.9728,2329.3979,4742.621,350.6494,1.1806,6384.8878,8.2645,2105.0767,721.3695,2.3613,199.5277,404.9587,426.2102,290.4368,584.4156,34.2385,623.3766,279.8111,3395.5136,282.1724,5.9032,71840.6139,1893.7426,1362.4557,260.7792,0,1944.51,997.6387,9.4451,664.6989,4656.4345,3126.3282,397.8749,1527.745,670.6021,2319.9528,0,479.3388,0,1434.4746,116.8831,68.477,505.3129,349.4687,271.5466,0,141.6765,0,141.6765,0,48.4061,0,1322.314,283.353,105.0767,191.2633,1069.2444,10.6257
TCGA-AB-2915-03,0.4666666667,1626.556,2742.8923,4.9178,331.9502,1855.8475,22.13,7961.8872,2903.9496,2287.9975,4671.2771,942.9845,1498.079,474.5659,1464.2692,245.2743,794.2216,647.3029,491.7781,5850.315,1496.2348,30.7361,0.6147,1140.9252,2710.312,4805.9013,4661.1833,1397.8792,1217.7655,0,5989.8571,28.892,462.2714,716.1518,3.6883,3.6883,4837.2522,0,83.6023,21.5153,15194.7134,12.2945,130.9359,3643.4609,2654.9869,5574.9193,1413.862,5394.8056,4220.6854,2135.5463,5948.0559,8768.5815,1873.6745,1004.5182,2846.1657,3401.8749,946.6728,2.4589,726.6021,1369.602,925.1575,2089.4421,4518.2112,2712.1561,774.5505,2077.7624,3514.9839,7823.5746,6235.7461,1654.2185,68.2342,2909.4821,2.1208,887.0447,3411.0957,3320.1168,519.4406,123.5592,1587.8285,2572.6141,1570.0015,9.8356,71.9225,4021.5153,14769.9401,1912.402,1952.7463,3414.7841,1060.3965,61.4723,100.8145,1347.472,3725.219,1305.6708,3592.4389,1302.5972,2022.4374,2050.7146,2152.7586,1257.1077,289.5343,2169.9708,1295.8353,165.3604,2996.7727,3470.1091,281.543,3238.3587,10592.2852,2021.8227,1166.7435,12.7862,6045.7968,2656.2164,119.8709,59.6281,304.2877,577.2245,2376.5176,1526.971,7817.4274,1354.2339,203.4732,259.4129,6831.4123,21463.6545,1816.5053,3147.9945,3.6883,3.0736,0,2974.6427,21.5153,5514.0618,951.0066,54.0956,51.022,90.3642,1093.5915,3272.7832,682.3421,5530.0446,201.629,692.1777,3112.3406,57.1692,1223.9127,9210.3888,1510.3734,675.5801,4944.8286,2764.4076,8596.8957,386.0458,2400.4918,184.0234,2581.8349,126.6329,145.0745,2852.9276,2207.4689,52.2514,0,0,391.5783,16.5975,151.2218,6714.0003,5048.102,3535.8844,2579.3761,1457.5073,1541.1096,741.9702,1152.6049,997.0801,0,5583.5254,497.9253,4920.8545,959.582,5198.0944,2637.16,2469.9554,1153.4901,2226.5253,4941.755,303.673,1681.8811,224.3738,86.0612,5.5325,1005.0715,3385.2774,3428.308,225.6032,7.3767,366.9894,2998.0022,2224.675,413.0936,0,8.6061,378.0544,747.5027,1016.7512,10.4503,1539.8801,8.6061,80.5287,947.2875,1032.1193,934.9931,24.1525,31561.7028,1070.8468,366.5099,1349.3161,3803.2888,3290.6101,41.1864,1392.9614,627.0171,1132.319,5000.1537,1.2294,3345.9351,185.0315,105.7323,1223.9127,785.0008,2891.6551,0.6147,0,4.3031,532.9645,0.6147,2430.6132,1892.7309,1874.2892,1264.6873,13.5239,1.8442,19.6711,7013.3702,374.3661,4204.0879,2382.0501,4833.5639,186.8757,7.9914,5639.4652,113.109,7988.935,686.0304,0.6147,156.1395,257.5688,343.3287,238.5124,926.387,44.8748,552.0209,193.0229,3990.7792,259.4129,1.8442,67270.3243,3502.6894,1098.5093,337.0954,0.6147,2707.8531,519.4406,4.3031,869.2178,2797.6026,2769.9401,353.4655,1772.2453,81.1434,2074.6888,1.2294,519.4406,0,1247.2722,202.2437,151.8365,312.2791,1597.0493,480.7131,0.6147,123.5592,0,9.8356,0.6147,33.8097,0,2185.9536,330.106,274.1663,0,467.7117,33.8097
TCGA-AB-2917-03,0.5,1160.7907,1088.4175,9.3991,748.1695,3748.3669,18.7982,8635.9065,2818.7945,4352.6736,9150.978,587.4447,1099.6964,3472.9728,2691.9064,551.728,2768.9792,2051.8267,261.2954,8452.6238,1588.4504,261.2954,0.9399,711.513,1082.778,5024.7667,5174.6543,954.95,1446.5237,0,6713.7876,44.1758,1135.413,981.2676,130.6477,7.5193,4639.403,0,150.3858,63.914,10608.7807,15.9785,52.635,719.9722,1143.8722,6048.3302,2467.2676,2268.0064,2002.0114,2485.1259,6427.1146,8752.5589,4027.5206,878.0841,3962.6667,2353.5383,521.6509,297.012,1012.2846,243.4371,1548.0342,3082.9096,2179.6547,5825.5712,1027.3232,1898.311,2802.816,10413.2791,9794.8173,3405.2992,1.8798,3993.6838,0,1378.8501,4365.8887,2337.5598,215.2397,143.8065,5548.2974,3764.3454,3689.1525,30.0772,336.4883,6850.0747,14339.2892,3869.6155,3842.358,2639.2714,742.5301,204.9007,2.8197,1436.1847,6811.5384,425.7799,5132.8565,1236.9235,860.019,2604.4947,3309.4283,2023.6294,66.7337,1416.4466,2202.2126,384.4238,853.4396,4183.5459,1273.58,2094.1227,7091.632,1991.6724,2519.9026,186.1025,11822.2063,1734.1366,285.7331,15.9785,34.7767,187.9823,4806.7072,1002.8855,22576.6733,1173.9494,169.1841,288.5528,931.4523,2856.3909,2418.3922,3457.9343,6.5794,3.7596,0,4004.9627,87.4118,8096.3973,1109.1519,313.9304,126.888,2.8197,410.7413,2893.0475,490.6338,7340.7085,42.296,2412.7527,4728.6946,0.9399,675.7963,14600.5846,702.1139,604.3631,5415.7698,4146.8894,11454.701,154.1455,2164.6161,141.4849,1298.0177,70.4934,1330.9146,4358.3694,3108.2872,9.3991,0,0.9399,597.7837,7.5193,34.7767,1041.4219,7808.7844,6279.5391,2100.3825,598.7236,1053.6407,602.4832,1371.3308,994.4263,0,8004.286,189.8621,5478.7439,558.3074,3889.3536,1358.1721,1221.8849,762.71,2442.8299,11997.0299,1916.4795,645.7192,246.2568,113.7293,17.8583,814.9032,2156.1569,3185.3599,424.84,8.4592,592.1442,3026.5149,2064.8539,518.8311,0,1.8798,592.1442,422.0202,610.0025,11.2789,3340.4453,0,3242.6945,233.098,1532.9956,2400.5339,67.6736,15221.8661,1893.9216,1035.0211,2545.2802,1196.5073,4040.6794,15.0386,2037.728,585.5648,394.7628,3059.4118,4.6996,2351.6585,295.1322,222.759,765.0879,910.7742,5442.0874,0,0,14.0987,450.2176,2.0772,729.3713,248.1366,2623.2929,2384.2546,26.3175,10.339,70.4934,6809.6585,295.1322,8448.8641,2029.2688,4628.124,866.5984,12.2188,16187.1552,120.3087,4542.5921,1637.3258,14.0987,325.2094,428.5996,626.9209,300.7717,720.9121,49.8153,281.0335,474.6553,3484.2518,32.8969,93.9911,13536.6049,2672.1683,1434.3049,521.5663,0,3606.4403,1001.0057,1.8798,1380.7299,4472.0987,2270.8261,130.6477,3800.062,150.3858,2919.365,0,298.8918,0.9399,1036.7223,144.7464,24.4377,524.4706,889.1562,31.0171,0,132.5275,0,31.0171,1.8798,31.957,61.0942,789.911,531.05,133.4674,21.618,1163.3472,61.0942
TCGA-AB-2918-03,0.03333333333,2084.1064,3276.4378,7.4212,325.9122,1013.6054,0.6184,5996.9079,2471.243,2229.4249,3754.4836,1148.423,1596.7842,902.2882,1487.3222,410.637,2176.2523,1125.5411,338.8992,3677.7984,715.5226,1.8553,7.4212,2372.9128,2566.4811,2933.2096,3938.1076,1294.9907,1329.6228,1.2369,4427.3346,41.4348,1398.2684,537.415,0,11.7502,6811.3791,0,4.329,17.9344,22034.632,17.316,265.9246,2870.7483,3480.5195,3029.0662,1071.7378,640.6926,4596.7842,1328.3859,4979.5918,10216.5368,1263.4508,705.269,1710.5751,4018.5529,1219.5424,0.6184,1055.6586,150.2783,1507.1119,2409.4001,2433.5189,2087.1985,887.4459,1186.8275,3241.1874,4162.6469,9132.3438,1460.7297,199.7526,3458.8745,6.6976,575.7576,3134.1991,3514.5331,40.8163,4.9474,2245.5164,2566.4811,2703.154,75.4484,176.2523,3450.8349,12528.757,1658.0087,2027.9654,4257.885,1607.9159,57.5139,32.1583,1241.1874,3038.961,1069.8825,2905.9988,473.7168,2491.6512,2085.9617,2880.0247,882.4985,491.0328,2632.0346,1803.9579,150.8967,502.1645,3259.7403,597.4026,2855.906,18501.5461,1589.363,1706.2461,29.5176,5207.1738,2994.4341,379.7155,6.8027,184.9103,397.0315,2217.6871,2175.0155,17986.3946,318.491,989.4867,333.3333,2623.9951,6860.235,1461.9666,2059.9876,3.7106,0.6184,0,2043.29,4.329,7578.2313,2625.5844,148.423,371.6759,16.6976,593.7539,2869.5114,558.4416,5014.2239,52.5665,2589.363,2099.5671,3.0921,1448.9796,7162.6469,1398.8868,491.0328,3823.1293,3719.8516,7679.6537,165.739,3011.1317,350.6926,4463.2035,51.3296,131.107,4405.6895,3182.4366,13.6054,4.329,0,447.1243,12.3686,72.9746,2363.0179,3414.966,5170.6865,2396.7347,739.6413,1787.8788,1001.8553,1215.8318,1243.6611,0.6184,6680.8905,208.4106,2559.06,735.3123,4834.8794,1488.5591,1246.1348,712.5727,2369.2022,6077.9221,95.2381,1436.611,193.5683,251.7007,3.7106,824.9845,3648.7322,1520.0989,218.9239,4.329,694.496,2319.1095,2816.3018,397.0315,1.2369,17.9344,205.9369,534.094,1163.2653,1.8553,1452.6902,1.8553,95.8565,967.8417,694.496,493.5065,31.5399,19739.6413,1728.5096,555.0959,1813.8528,1699.4434,3111.3173,111.9357,1465.6772,747.0625,2512.6778,5513.2962,0.6184,2344.4651,439.7032,163.8837,1276.4378,673.4694,1903.525,0,0,43.9085,195.4236,0,765.6153,1736.5492,1502.1645,1162.7829,17.316,4.9474,21.645,6905.9988,827.4583,2404.4527,2857.1429,4400.1237,11.1317,2.4737,5505.2566,325.2938,7052.5665,649.3506,0,275.201,507.1119,447.7304,784.1682,87.8169,1.2369,251.7007,791.5894,960.4205,116.2647,6.8027,85076.0668,1251.7007,894.2486,499.9814,3.7106,1664.8114,1119.3568,3.7106,786.0235,2442.7953,908.4725,500.3092,2165.739,289.4249,662.3377,0,440.94,2.4737,672.851,14.8423,188.6209,119.3568,1256.0297,239.3321,6.1843,40.1979,4.9474,4.9474,0.6184,11.7502,0,1325.4607,473.0983,181.1998,3.0921,639.0971,104.5145
TCGA-AB-2920-03,0.3333333333,4586.3074,4543.3358,26.22,1197.378,425.346,56.0816,9952.6584,3855.7902,1892.2068,1896.5768,2134.7414,3511.2891,2343.7728,2662.0539,270.9395,379.461,632.9206,814.2753,3528.7691,821.5586,18.9366,9.4683,9580.4807,11986.89,5969.4101,2892.6657,1991.26,1938.8201,0,5844.8653,56.8099,550.6191,447.9243,0.7283,41.5149,3291.3328,0,156.5914,79.3882,27765.4771,43.6999,351.7844,721.7771,3239.6213,2109.2498,565.9141,6950.4734,4957.0284,1241.8063,4028.405,22556.5623,1028.405,861.9374,710.8521,5130.3714,2844.1369,6.555,624.1806,3453.7509,587.764,1623.4523,3131.8281,1106.3365,1420.2476,857.3634,10972.3234,3467.5892,2897.3052,1078.6599,234.5229,1795.3387,0,294.2462,1739.9854,5319.7378,506.9192,60.4516,3436.2709,2004.37,943.1901,30.5899,293.5178,2645.3023,5900.2185,1790.2403,1894.6176,5509.8325,2367.8077,222.8696,97.5965,936.6351,66.2782,2340.1311,1790.9687,1541.1508,463.9476,1484.3409,2412.9643,2177.713,513.4741,6037.1449,844.1369,280.4079,490.8958,5329.2061,525.1275,1433.3576,23860.1602,1734.1588,1072.1049,18.0044,9286.9629,6806.2637,126.0015,5.0983,1020.3933,466.1326,1405.681,4201.748,9561.5441,897.3052,211.9446,368.5361,8743.6271,21638.0189,1571.0124,5825.2003,2.185,1.4567,0,2479.2425,26.22,2900.9468,1734.472,197.378,1450.1092,39.3299,742.8988,2447.1959,936.6351,4287.6912,307.3562,4678.0772,1662.0539,0.7283,2340.8594,6625.6373,2285.5062,152.2214,3803.3503,1303.7145,6063.3649,54.6249,1828.842,533.6708,13681.7189,5.8267,764.0204,5707.9388,3511.2891,20.3933,1.4567,1.4567,394.0277,2.9133,8.74,6356.8827,3625.6373,2472.6803,2769.1187,1787.327,2255.6446,820.102,1086.6715,612.5273,0,6679.5339,256.3729,2817.917,1331.3911,4396.941,440.6409,1576.1107,655.1784,4667.8806,3916.9701,956.3001,2849.2353,87.3999,186.453,11.6533,1806.2637,8343.0444,1648.2156,201.0197,2.185,487.9825,3848.5069,8631.4567,304.4428,0,0.7283,248.3613,232.3379,322.6511,13.11,1560.8157,13.11,3833.2119,2237.4363,225.783,3509.1042,33.2265,6010.925,825.2003,118.7618,1131.0998,1427.531,2177.713,76.4749,530.2258,490.1675,4435.5426,13715.2221,2.185,947.5601,288.4195,103.4232,2788.7837,598.689,1277.4945,0,0,16.0233,1135.4698,12.3816,1084.4865,451.5659,747.9971,595.2513,34.2316,3.6417,17.48,10144.2098,1110.7065,2106.3365,2304.4428,4269.4829,139.8398,2.9133,8640.2039,102.6948,4142.7531,493.0808,5.8267,229.4246,319.7378,600.4443,718.8638,176.9847,2.185,166.7881,281.8645,2023.3066,1264.3846,8.74,36195.9213,504.0058,940.2768,315.9359,0.7283,3482.1559,938.0918,5.8267,460.3059,2220.6846,734.1588,801.8937,1715.9505,229.4246,1345.9578,1.4567,351.7844,0,846.3219,25.4916,21.1216,539.6941,1560.0874,16.0233,10.1966,657.6839,2.9133,6.555,0.7283,29.8616,0,2464.807,320.4661,446.4676,2.9133,337.3999,245.4479
TCGA-AB-2928-03,0.3333333333,2726.9089,2523.7729,0,556.6957,1685.5151,226.921,6623.7788,3762.5172,3144.7328,6155.1516,2188.2126,1925.2929,2375.9207,1416.167,349.0598,1357.6689,1006.6807,155.5662,4239.5013,1115.9627,1.2857,0.6428,1530.5917,6550.4955,4823.8389,5591.3847,1029.1799,1478.5221,0,5289.8948,178.7083,664.0493,681.4058,2.5713,379.9159,4726.1279,0,10.2854,64.9264,17813.6194,13.4995,181.2797,757.2604,2095.6443,6176.3652,1491.3788,4987.762,5188.9696,2224.2114,11809.5342,11813.1534,2638.8405,613.4259,2175.9988,5358.0354,1177.0321,5.1427,1031.1084,5143.9711,1365.383,2662.6254,2050.003,4168.1465,869.1138,989.7098,6653.3493,8142.7995,8353.6496,2280.1381,28.2848,2848.4049,0,885.8276,4357.1402,3196.179,47.5698,9.6425,2631.1264,3975.2958,1328.7413,80.9973,154.2806,3545.2388,17314.779,2518.6302,2732.8166,3256.6055,1383.3824,435.1998,13.4995,1108.2487,5064.9023,887.1132,3129.9669,500.769,2058.3598,2843.905,3271.3908,1135.2478,21.8564,4069.1498,1688.7293,313.061,136.924,3367.1733,564.4097,2537.2724,10539.9338,1911.1505,1901.5079,26.7163,12325.0884,3316.3893,79.0688,14.7852,106.7107,457.699,2942.2589,2163.7849,21549.7804,655.6924,289.9189,331.0604,219.207,17218.9964,1615.4461,2514.1303,2.5713,1.2857,0,3264.3196,23.7849,8838.9906,1731.2979,199.9219,145.9237,45.6413,621.6221,4053.0789,109.2821,2552.7005,23.7849,1691.3007,3113.896,0.6428,1388.5251,9395.6863,1263.1721,632.5503,4863.0519,2258.9246,9253.6196,230.1352,2135.5001,354.916,7373.968,2.5713,4705.5572,4375.1396,2885.0465,159.4232,0.6428,0.6428,506.5545,3.2142,8.3569,1171.2466,3962.4391,4875.2658,2280.1381,905.1126,1778.0835,500.769,1123.0339,827.3295,0,7509.6064,923.7549,4549.3481,961.0393,3788.2306,113.1391,1665.5872,631.7532,3165.9657,7148.9756,2247.9964,1659.8017,63.6407,174.2085,134.3527,1377.5969,5772.6644,1051.0363,236.5635,0.6428,559.9099,2323.851,3040.5678,431.3427,0.6428,1.9285,260.9913,460.2703,658.9066,6.4284,2250.5677,29.5704,6301.7181,1182.1748,301.4899,677.5488,50.6619,13039.9217,2177.2844,377.7431,1817.2965,1659.1589,3260.4626,23.1421,989.9669,340.0601,1601.3037,5180.6127,0.6428,1227.1733,262.9198,207.6359,1418.7383,654.4067,3612.7365,0,0,14.1424,419.1289,16.0709,572.7666,437.7711,1383.3824,1451.7929,14.7852,1.2857,59.7837,6146.1519,642.8357,4054.3646,2192.7125,4219.5734,44.3557,6.4284,7130.3333,193.4935,4636.1309,1045.2508,18.6422,214.0643,487.9123,553.4044,437.1283,91.2827,9.6425,49.4983,253.9201,2373.3493,74.5689,8.9997,36603.0634,2734.623,1126.8909,582.6534,0.6428,3063.112,820.2583,47.5698,622.9078,3205.1787,907.684,244.2776,2688.9816,433.9141,2706.3382,0,473.7699,0,858.8285,2.5713,68.7834,894.1844,851.7573,14.1424,4.4998,68.1406,0.6428,0.6428,1.2857,88.7113,0,1172.8151,453.842,168.4229,50.1412,646.1784,66.8549
TCGA-AB-2929-03,0.4,2168.1914,1930.3308,17.5932,654.4687,2108.3744,0,9767.7692,3534.1309,5847.2343,7026.7417,1223.7861,1712.8783,1527.0936,2287.1217,339.1977,875.4398,612.9486,885.9958,6413.7931,1234.342,28.1492,6.3336,238.5644,2679.0992,6601.689,5621.5271,1392.6812,1998.5925,0,6859.254,131.5975,467.2766,610.1337,1.4075,52.076,4992.9627,0,329.3455,172.4138,12319.4933,21.1119,144.9683,1161.8578,2354.6798,8669.9507,1469.3878,8489.0922,9401.126,3923.9972,2192.1182,14768.684,1497.5369,1209.3526,2188.5996,4689.6552,1214.6376,7.741,965.5172,1452.4982,1584.0957,2446.1647,3288.5292,4218.1562,1137.931,1868.4659,10705.841,7729.7678,7653.0612,1920.4785,51.3723,2710.0633,4.4546,927.5158,3767.7692,3749.4722,171.0063,19.7044,4915.5524,2952.1464,1845.1795,15.4821,340.6052,5488.3885,15268.121,3734.6939,2922.5123,4000.7037,1452.4982,19.0007,12.6671,1429.9789,4960.5911,909.9226,2394.0887,468.684,2484.1661,2390.57,2073.8916,1738.2125,168.1914,2290.6404,1971.8508,275.1583,866.9951,4027.4455,302.6038,2812.8079,8093.5961,1970.4433,1560.1689,122.449,5116.8191,3543.2794,76.0028,16.8895,324.4194,1137.2273,3203.3779,1342.7164,9803.6594,421.5341,184.3772,208.304,1253.3427,1551.7241,2608.0225,1215.3413,5.6298,7.741,2.8149,3632.6531,178.0436,5104.8557,629.1977,302.6038,1073.8916,67.5581,842.3645,4173.8213,9.8522,6561.5764,140.0422,160.4504,2209.7115,1.4075,1262.4912,13564.3913,1800.8445,852.9205,4719.2118,2303.3075,8174.525,54.1872,3481.3512,297.7551,1763.5468,47.1499,1502.4631,3484.8698,2439.8311,168.1914,4.9261,0,521.4638,2.8149,32.3716,3714.9894,4468.684,4776.2139,2269.5285,1306.1224,1676.988,721.323,1207.6003,813.5116,0,7926.1084,920.4785,4555.9465,995.7776,4223.0823,1026.7417,1389.1626,2994.5813,2863.4764,6408.867,1181.5623,1448.9796,168.8951,125.2639,11.9634,1132.3012,6414.4968,1581.2808,189.3033,9.8522,446.8684,3125.9676,2653.6805,470.7952,2.8149,4.9261,583.392,395.4961,758.6207,9.8522,2215.3413,100.6334,437.7199,953.5538,3365.2357,376.4954,55.0387,7177.3399,1258.9726,499.0781,1983.1105,1488.3885,3032.3716,19.7044,1208.304,403.2372,717.8044,5652.3575,2.8149,1608.7262,166.784,231.5271,1434.2013,1291.3441,3651.6538,0,0,10.5559,954.9613,4.2224,1554.5391,458.8318,1902.1816,1406.3758,12.6671,14.7783,337.0866,6523.5749,372.9768,4013.3709,2913.4412,6382.829,412.3856,57.7058,7317.3821,23.9268,6643.9127,1095.7072,0,322.3082,405.3483,316.6784,251.9353,165.3765,68.2618,52.7797,206.8966,1409.5707,462.3505,116.1154,25397.6073,2082.3364,1207.6003,574.0816,4.9261,4994.3702,769.1766,15.4821,1049.2611,2173.1175,2461.6467,390.57,5958.4799,254.7502,3781.14,1.4075,630.5419,0.7037,1375.088,87.2625,93.5961,739.62,5092.8923,54.8909,0.7037,99.2259,8.4448,33.779,1.5412,109.0781,0,951.3371,292.7516,541.8719,3.5186,462.7797,5.6298
TCGA-AB-2930-03,0.2666666667,2040.9262,2435.1104,3.231,421.6478,984.9219,0.5385,8345.1804,2786.7528,3010.7593,4179.3215,1466.8821,1908.4545,2564.3511,1978.4599,449.65,1716.2089,1232.0948,571.3516,4491.6532,905.2235,58.1583,233.1718,4016.1551,2542.2725,3521.2709,3633.8665,1404.4157,1548.7345,0,5359.1815,96.392,1468.4976,495.4227,1.6155,8.616,8689.2838,0,19.3861,107.7006,18039.3107,25.8481,230.4793,3433.4949,2749.5961,3367.259,1287.5606,1966.0743,4835.2181,1593.4303,4940.7647,10873.4841,1402.2617,622.4933,2759.8277,4569.7361,1409.8008,3.7695,1056.0043,87.2375,1347.8729,2037.6952,2796.9844,2202.4771,931.6101,1203.6995,4950.9962,2596.1228,8832.5256,1583.7372,372.644,3347.3344,0,599.3538,3843.2956,2972.5363,146.4728,12.3856,2454.4965,2772.2132,2953.1502,85.0835,145.9343,3889.6069,13791.0609,1787.8298,2229.7469,4078.6214,1490.0377,39.8492,18.8476,1141.0878,3613.8934,913.8395,3330.6408,712.4394,2400.1077,1788.3683,2144.8573,1022.0786,344.6419,2790.5223,1970.9208,216.4782,718.9015,3425.9558,455.5735,2758.7507,20882.0679,1871.2978,2219.7092,71.8201,3358.1045,1721.0555,232.6333,10.2316,728.5945,530.4254,2750.1346,1970.9208,23995.692,518.0398,1473.8826,373.1826,2032.8487,11024.2326,1999.4615,5528.2714,4.308,0.5385,0,2920.3016,1.077,7946.6882,1797.0652,114.1626,464.7281,10.2316,649.4346,3365.6435,2107.1621,6934.8411,89.93,105.0081,2570.8131,0,1254.7119,7528.2714,1277.329,559.5046,3866.9898,1746.3651,6529.3484,108.2391,3373.7211,390.1077,8994.0765,65.1589,602.0463,4894.4534,1894.9919,3.231,0,0,488.4222,11.3086,16.1551,1138.9338,3742.0571,3804.5234,2169.483,648.3576,1773.8288,952.6117,998.3845,1184.168,0,5789.9838,245.5574,2738.8261,785.6758,4225.0942,1341.9494,1040.9262,1572.1055,2685.5143,8212.1702,1119.5477,1446.9575,499.1922,491.1147,1.077,936.4567,4752.2886,1356.489,227.7868,22.0786,481.9602,2486.8067,3499.1115,455.5735,0,29.6177,321.4863,277.329,768.4437,1.6155,1713.5164,4.8465,252.5579,678.5137,570.8131,717.8244,22.1217,11506.1928,1289.1761,356.3759,1670.4362,1035.5412,3740.4416,32.8487,1423.8018,800.2154,1673.6672,4481.9602,0,1955.3043,297.7921,131.9332,1501.3463,586.9682,1940.2262,0,0,445.8805,621.4324,1.077,785.1373,402.2617,1394.7227,1311.9225,10.7701,7.0005,46.3113,7245.5574,644.0495,2571.8901,2585.3527,2531.5024,27.4637,2.6925,9521.2709,8.616,6025.8481,786.7528,0,365.6435,464.7281,432.5687,591.8148,133.5487,0,304.7927,561.6586,2618.2014,238.0183,3.231,73689.2838,1242.8648,973.6134,488.5299,0,2304.7927,940.7647,17.7706,569.7361,1979.5369,1752.2886,476.0366,2192.7841,494.8842,2094.238,0,482.4987,0,747.4421,99.0845,1138.3953,275.7135,1117.9321,87.776,0,16.6936,3.231,20.4631,0.8885,10.7701,0,2278.0991,467.4206,187.9375,0,313.5164,48.4653
TCGA-AB-2935-03,0.3,1804.9435,2587.4689,8.4307,600.8814,1500.6706,240.6591,7268.059,3005.1734,6608.1472,4357.1565,1057.6739,2103.0849,1126.6526,1615.6352,353.3244,895.9571,1465.4148,535.7348,4726.576,1121.2876,183.1769,36.7887,3264.2269,3786.1659,4710.4809,4852.1326,1407.1661,1120.5212,4.5986,6401.2263,100.4024,731.941,1421.7283,25.2922,39.8544,3436.6737,0,276.6814,108.8331,16067.4459,16.095,196.9726,2142.9393,2122.2456,4922.7821,2126.8442,5674.6503,2906.3039,1195.6313,4000,12844.6369,2093.1213,1191.5616,3827.5532,3045.0278,1058.4403,48.2851,1033.9145,1358.881,951.1401,1998.0839,3915.6927,1431.6919,1067.6375,1828.4192,3564.6676,8337.9958,7073.3857,1800.3449,36.7887,2689.4041,23.7057,752.6346,3186.8174,2814.3322,1549.7222,597.0492,3824.4874,2694.0027,2169.7643,98.8695,119.5631,4216.1334,16164.0161,1482.2763,1638.9117,3038.8963,1095.229,139.4903,46.7523,817.7812,3219.7739,1043.1117,4359.4558,3266.5262,1491.4735,2954.589,4252.922,1470.0134,329.5651,2814.3322,1794.9799,198.5055,2355.2405,3163.0581,279.7471,2509.293,20183.9433,2216.5166,1383.4068,244.7365,5646.2924,3194.4817,307.3386,32.9565,121.096,528.8369,2102.3185,1803.4106,10313.0868,1028.5495,77.4095,401.6095,2350.6419,6684.0391,1732.1326,7383.79,48.2851,2.2993,1.5329,1950.5652,82.7745,4474.4204,1531.6267,250.6227,1870.8565,22.9929,799.1109,2277.0646,2129.9099,5970.4924,2625.7904,5748.2276,3178.3867,26.8251,1109.7911,9294.5009,1525.9628,492.8147,3948.6492,2475.57,6052.5005,253.6884,2605.0968,261.1765,5840.1993,116.4974,156.3518,2971.4505,2899.406,50.5844,49.818,11.4965,479.019,18.3943,348.7258,4623.1079,3022.8013,3366.1621,3111.7072,744.2039,1677.716,1073.0025,1099.0611,1115.9226,4.5986,7379.1914,408.5074,3022.0349,1202.5292,4590.9178,4998.6587,2191.2244,1880.1916,2608.9289,5880.0537,416.1717,1392.6039,389.3466,233.7613,13.0293,666.028,3210.5767,5367.3117,233.7613,32.1901,483.6176,2814.3322,2711.5923,499.7126,6.1314,6.8979,414.6388,447.5953,836.9419,18.3943,1572.7151,12.2629,1754.3591,1278.4058,492.8147,4640.7358,69.3006,32428.4346,1421.7283,485.5949,2360.6055,3001.3413,4751.8682,39.0879,1664.6867,570.9906,1378.0418,3331.6727,93.5045,1882.3529,285.1121,87.3731,1243.9165,770.2625,2936.9611,3.0657,0.7664,167.8482,654.5315,0,1299.8659,797.854,1652.4238,1402.3223,66.6794,49.0515,187.7754,7464.2652,484.384,2879.4788,2569.841,4290.4771,682.123,9.9636,8317.3022,439.931,4505.844,748.8025,5.365,239.1263,247.557,494.9531,506.6105,2782.9086,31.4236,1675.4167,347.9594,4780.2261,191.6076,6.8979,14216.5166,1134.3169,1111.324,359.7471,69.7452,2654.1483,761.0653,3.0657,1827.9364,3463.4988,1735.1983,363.288,2428.8178,210.7683,1572.7151,4.5986,311.1707,6.8979,1082.1997,203.104,105.001,857.6356,735.7731,301.9736,3.8322,111.8988,3.8322,196.9726,2.2993,85.8402,4.5986,1501.4371,357.1565,227.6298,9.1972,1778.0878,35.2558
TCGA-AB-2939-03,0.4,3572.1961,3119.5433,0,468.771,832.7737,0.6716,10901.9476,3143.7206,5548.677,4693.7542,1750.1679,2071.8603,3224.3116,2418.4016,325.722,1124.9161,841.5044,352.5856,6581.5984,858.2942,225.6548,102.7535,9693.0826,3194.7616,5667.5621,5548.3277,1202.8207,2495.6347,1.3432,6562.1222,223.64,591.6723,679.6508,3.358,104.0967,6714.5735,0,8.7307,45.6682,22621.8939,14.775,137.0047,2630.6246,2274.0094,1970.45,1383.4788,6030.8932,3296.8435,1372.7334,39722.6326,16135.5675,1707.8576,643.7743,2511.0813,5413.7005,1139.6911,0.6716,1053.0557,1060.4433,1335.7958,2653.4587,3216.2525,3739.4224,850.9066,1423.6736,6251.1753,6859.6373,2959.7045,946.9443,104.7683,2497.6494,17.4882,812.6259,8419.0732,3605.1041,149.0934,10.7455,5184.0161,3528.5426,2393.5527,73.2035,176.6286,4175.957,15531.229,2586.9711,2521.4103,3901.9476,1318.3345,16.7898,22.8341,1103.4251,4989.9261,1020.8193,4603.7609,1645.3996,3377.4345,2418.4016,2298.8583,1423.7743,88.6501,3360.6447,1544.6608,220.9537,278.039,3431.8334,414.3721,3627.2666,37357.2868,2067.8308,1713.9019,29.5769,8224.3116,2740.094,255.8764,4.7011,253.1901,298.8583,2701.8133,1865.6817,39384.1504,1166.5547,605.1041,503.0222,3869.7112,36524.5131,2054.3989,7374.0766,6.7159,1.3432,0.6716,2985.225,110.8126,7711.8872,1219.4829,278.7105,1376.0913,7.3875,1192.7468,1828.7441,3743.452,7958.3613,65.816,944.9295,3523.8415,5.3727,1218.9389,9292.1424,1674.9496,689.0531,3980.5238,2342.5118,7998.6568,141.0343,3185.3593,284.0564,4408.3277,2.6864,4.0296,4312.9617,2880.4567,18.133,14.1034,2.6864,503.6938,6.7159,112.8274,7192.0752,4610.4768,4856.951,2791.135,1178.6434,1200.8059,574.2109,1192.0752,883.8146,0,7958.3613,602.4177,2147.7502,904.634,7521.8267,1973.8079,1685.0235,3280.0672,3259.2344,8266.6219,44.3251,1900.6044,365.3459,318.3345,12.7602,1530.5574,8036.266,1259.2344,241.1014,8.7307,398.9255,3012.0887,3981.1619,475.4869,0,0,355.272,533.9154,671.5917,4.7011,2351.2424,2.0148,2755.5406,922.767,175.2854,1748.8247,61.6924,37222.9684,1798.5225,578.7173,1770.9872,1883.143,4007.3875,12.7602,1368.7038,740.7656,1897.2465,10355.272,143.049,2145.0638,173.9422,149.7649,1556.0779,1112.1558,2671.5917,2.0148,384.1504,71.8603,398.9255,2.0148,1381.4641,1611.1484,1830.0873,1345.2317,18.8046,8.7307,359.9731,7121.5581,578.912,3599.7314,3042.3103,1676.2928,49.0262,1.3432,7924.7817,1032.2364,5151.1081,856.951,22.1625,247.1457,478.1733,469.6642,424.4459,288.1128,9.4023,763.5997,201.4775,1100.7388,41.6387,149.0934,8154.4661,735.3929,1200.8059,417.9785,2.0148,1997.9852,1108.7979,2.6864,1014.775,4259.2344,1989.9261,391.5379,2485.5608,554.0631,1386.8368,0.6716,578.912,0,701.8133,152.4513,340.497,644.728,1997.9852,92.0081,34.2512,108.1263,0,3.358,0,63.8012,0,1286.7696,428.4755,107.4547,1.3432,1005.9033,11.4171
TCGA-AB-2941-03,0.1,2783.2205,2974.5545,0.6575,343.8753,2038.2668,7.2326,9452.298,4990.4662,3641.2585,3904.2672,760.7338,1288.7106,1265.6979,2005.3915,546.387,556.9071,444.4737,156.4863,1027.0235,1601.6832,90.0782,1443.8819,68.3806,2698.4023,4257.3476,4639.8185,1414.9517,610.165,0.6575,3985.7979,38.7928,976.3956,418.1734,0,78.2431,157.8013,5.9175,191.9916,324.1502,5491.4853,9.8626,122.296,1263.0679,1621.4084,7780.9192,1576.0405,4094.2863,3812.874,2067.1971,2948.2543,6621.2769,1174.9622,2200.0921,2453.1527,6221.9738,1165.7571,9.2051,497.7316,337.3003,1511.605,2566.9012,2177.0005,1931.0934,1067.1313,2066.1845,2105.9899,15211.388,12052.7319,3570.2545,59.1755,1902.1632,91.1697,833.7169,1962.6537,5023.3414,665.3955,29.5877,1708.8566,2731.2775,179.499,6.5751,142.6787,3399.9605,18732.987,2515.6158,3176.3035,4079.1637,781.1164,37.4778,138.7336,671.9705,5628.2464,1322.2434,2505.7532,3122.4933,1627.3259,1526.0701,3643.8951,957.3279,222.8943,2048.1294,1099.3491,382.0107,2249.9836,3330.265,214.3468,7137.8789,6531.0014,2128.3451,1531.9876,515.9774,4862.2526,4358.6035,466.1713,229.4694,174.2389,72.9831,2175.6854,1180.2222,5624.3014,314.2876,1155.8945,189.3616,422.776,4407.9164,1154.5795,6083.8977,13.8076,3.945,0,3245.4468,5.9175,2782.563,1179.065,249.8521,101.2558,21.6977,939.7988,3229.6666,34.8478,4010.1256,124.2685,2149.3852,2162.5353,478.0064,1666.1187,10712.7359,1807.4824,478.6639,3217.8315,1563.5479,4845.1575,383.3257,3882.5695,251.8312,3422.9732,13.8076,7.2326,2958.1169,4092.3138,2777.9604,0.6575,0.6575,336.6428,2.63,10.5201,6952.4624,2601.0915,5925.4323,1952.6136,655.5329,1933.7235,1115.1292,1325.5309,1698.994,0,7966.3357,157.1438,3221.7766,475.3764,1389.9665,2122.4275,1171.6747,2299.3951,2554.4086,9169.5706,63.1205,1591.1631,458.2813,215.6618,5.26,1408.3766,2119.7975,1975.1463,564.7972,654.2179,811.3617,1451.1145,3131.0145,768.6238,0.6575,3.945,179.499,712.0784,1164.4421,60.4905,990.2032,5.26,3638.635,178.184,104.5434,3364.4553,112.4597,9093.9575,2077.7171,540.5812,2236.1759,2527.4509,1499.7699,11.1776,2786.508,578.6048,1357.7487,2265.1062,6.5751,1714.7741,293.2474,119.666,1565.5204,636.4653,4434.8741,0,2.63,88.1057,826.4843,55.888,2403.1823,662.7655,2395.2923,1234.4204,61.8055,67.7231,349.1354,5427.7073,169.6364,3176.4087,2499.8356,3488.7238,94.0233,109.1459,15834.7031,63.778,5642.054,613.4526,118.351,137.4186,258.3996,329.4102,442.5012,280.0973,1612.8608,908.6725,252.4821,1931.7509,215.0043,0.6575,2386.7447,5598.6587,1526.0701,613.3539,26.9577,1407.7191,712.0784,0.6575,655.5329,3534.7492,1090.144,459.5963,1863.3704,676.5731,6512.5912,31.5603,353.7379,11.8351,567.4272,1284.1081,679.2031,575.9748,728.516,21.6977,0,100.5983,74.2981,15.1226,0,157.8013,167.6639,2093.6879,516.1418,122.296,351.1079,667.151,390.5582
TCGA-AB-2943-03,0.3666666667,1201.6295,1625.4966,5.3824,374.7523,1142.4227,1.3456,8095.8612,2980.5257,9348.6239,6433.3604,828.8956,1649.7176,2447.6642,571.2114,701.0627,1156.5516,1268.2372,1272.9469,6296.781,1562.253,497.8756,4.7096,847.0614,1696.8139,3307.5088,4099.0436,1488.2444,1257.4723,9.4193,8617.285,143.3074,1116.1833,677.5145,6.0552,18.1657,8809.7072,0,266.4307,64.5893,13684.8515,11.4377,195.1134,1425.6736,1956.5166,9899.6512,1150.4964,3250.3204,3952.0559,2240.4403,6791.2926,8159.6566,1580.4187,835.691,2210.1641,3091.5385,1817.246,10.0921,1178.7542,522.0966,1572.345,2857.4024,2049.3637,1239.9794,1155.206,1781.7757,6938.6368,5257.9702,5865.513,2359.5267,312.8543,2815.0157,43.6112,793.237,4293.168,2019.7603,398.9733,468.2722,2404.6047,3200.5329,1353.6834,18.1657,263.0667,4291.8224,16254.2933,2378.3653,2160.834,2227.657,2001.5945,21.5298,28.2578,1308.6055,4784.9884,1015.2626,2397.2038,1595.8932,1751.3111,1908.7475,2124.045,1664.5193,307.4718,2415.3696,1709.5972,287.2877,754.2143,2715.4405,411.0838,2255.9148,11613.2852,2672.381,1255.4539,50.817,5404.6417,2736.2975,197.1318,16.8201,845.7157,591.3955,1830.0293,1601.9484,22631.8109,1129.6394,220.0072,871.9551,648.5839,7881.9093,2015.0506,5209.5283,21.5298,6.0552,0,1730.4542,69.9717,5023.1613,1350.8644,135.9066,696.3531,24.221,1051.594,4081.2345,623.0173,7924.9688,528.1518,3853.1536,3371.4253,24.8938,890.1209,15823.6982,999.7881,715.8644,7697.5607,1474.7883,7708.3256,88.1374,3218.0258,388.8005,2383.0749,56.5156,684.2426,3340.4763,2950.9222,31.6218,68.6261,2.0184,609.5612,4.0368,148.6899,3682.2612,3329.7114,4767.4955,2177.8694,338.4209,1260.8364,832.9325,1358.3931,1558.8889,0.6728,7402.1994,267.7763,2262.6428,618.3077,5487.3967,5507.5808,2570.7875,1506.8744,2033.2164,6411.1578,942.5997,1178.7542,415.7934,211.9335,22.8754,892.8121,7137.7871,3728.0119,198.4774,8.7465,949.3277,4960.5905,2016.3963,787.1817,2.0184,0,345.1489,577.5424,952.0189,28.2578,1454.6042,22.2026,773.0528,1261.5092,956.7286,769.6888,23.4203,20686.0591,2837.891,263.5242,1457.2954,1462.005,3227.4451,29.6034,921.7427,681.5514,866.5727,3791.2556,24.8938,1797.0619,224.7168,133.2154,1121.5658,1133.0034,3234.8459,3.364,0.6728,42.3867,282.5781,5.3824,3479.7469,121.1049,1486.8988,1569.0416,41.0411,6.0552,113.0312,9699.1553,430.5951,3649.2937,4102.0914,3283.9607,375.4251,9.4193,4420.3281,104.2848,6554.4652,817.4579,10.7649,283.2509,322.9463,483.6323,475.0003,226.7352,18.8385,202.5143,362.6418,2938.139,1901.3466,7.4009,27100.581,439.3416,1970.6455,456.2626,2.6912,3843.7343,1053.6125,4.7096,1601.2756,2270.7165,2244.4771,450.1065,2253.2236,259.0299,2014.3778,4.7096,515.3685,0,1182.1182,355.9138,44.4051,497.2028,2009.6682,57.8612,0,38.3499,4.0368,10.0921,0.6728,175.6021,0.6728,1056.9765,518.0598,245.5738,18.1657,646.9019,8.0737
TCGA-AB-2944-03,0,1918.4906,1880.7547,6.7925,393.9623,2187.9245,1.5094,7179.6226,3201.5094,3504.1132,6487.5472,1377.3585,1566.7925,906.4151,1636.9811,390.9434,846.7925,685.283,566.0377,5581.1321,1490.566,6.0377,13.5849,551.6981,3766.0377,5165.283,5516.4226,1183.3962,1529.8113,0,5520,166.7925,405.283,966.0377,5.283,196.9811,9929.8113,1.5094,173.5849,134.3396,13545.6604,17.3585,148.6792,1092.8302,1674.717,7830.9434,1523.7736,5748.6792,3359.2453,1390.1887,5095.8491,13445.0415,1928.3019,962.883,1289.0566,3809.8113,1124.5283,9.8113,754.717,1830.1887,1640.7547,1867.9245,2188.6792,4612.0755,800,1337.2981,7778.1132,3793.2075,10598.4906,2023.3962,252.0755,2808.3019,0.9358,933.5849,3892.0755,3240,83.0189,16.6038,3045.283,3495.0943,4003.0189,24.1509,408.3019,5332.8302,17922.2642,3488.3019,2350.2792,3233.2075,1328.3019,29.434,156.9811,1579.6226,5173.5849,809.0566,3015.0943,1120.7547,1436.2264,2267.9245,3009.8113,1105.6604,230.9434,2766.7925,1739.6226,142.6415,468.6792,3022.6415,236.9811,3199.2453,9043.7736,1704.9057,1831.6981,165.5245,7206.7925,3631.6981,54.3396,13.5849,510.1887,650.566,3351.6981,1293.5849,22103.3962,824.1509,172.0755,230.1887,1012.0755,3228.6792,1745.6604,18021.1321,3.7736,13.5849,0.7547,4019.6226,83.7736,9006.7925,977.4642,137.3585,747.1698,76.2264,926.3321,4255.8491,4.5283,3634.717,37.7358,3696.6038,4001.5094,0.7547,1173.5849,11566.0377,1475.4717,645.283,4198.4906,1955.4717,8331.3208,55.0943,2532.0755,263.4792,1032.4528,4.5283,324.5283,2264.9057,2606.0377,222.6415,0,0.7547,402.2642,2.2642,175.8491,1762.2642,4262.6415,4323.766,2336.6038,1166.7925,1388.6792,795.4717,1297.3585,896.6038,0,7320,1028.6792,5283.0189,1058.1132,2422.6415,515.4717,1272.4528,2385.6377,2678.4906,7903.3962,879.2453,1313.2075,119.2453,82.2642,9.0566,870.9434,8104.9057,3147.9245,171.3208,1.5094,363.0189,2347.9245,2402.2038,402.2642,0,0,421.1321,295.8491,686.0377,23.3962,1887.5472,323.0189,1205.283,810.566,2499.6226,1535.0943,9.8113,41062.6415,1632.4528,479.5245,1983.3962,3807.5472,3281.5094,258.1132,1926.0377,289.8113,606.0377,2744.1509,1.5094,1156.9811,132.8302,234.717,1342.6415,2235.4717,4264.9057,0,0,24.1509,793.2075,14.3396,1156.9811,1532.0755,1611.3208,1546.4302,15.0943,6.0377,120,5640,394.717,4978.8679,2511.6981,4279.2453,94.3396,78.4906,7051.3208,10.566,6599.2453,1001.5094,0,231.6981,544.1509,607.683,210.566,509.434,203.0189,235.4717,156.9811,1514.717,616.6038,4.5283,47310.9434,2686.7925,1197.7358,458.9887,1.5094,5358.4906,1025.6604,5.283,710.9434,2052.0755,1131.3208,327.5472,3792.4528,552.4528,3046.7925,0,575.8491,0,1126.7925,5.283,4.5283,683.7736,2449.0566,30.9434,0,46.0377,12.8302,4.5283,0.7547,79.2453,0,1314.3547,304.9057,267.9245,0.7547,1040.2189,12.8302
TCGA-AB-2949-03,0.5,1876.3971,2205.1282,11.8343,477.975,1805.3912,198.5536,6272.8468,2867.8501,2990.1381,7238.0013,1111.1111,1364.2341,1790.927,2127.5477,405.6542,954.6351,672.5838,616.6995,4117.0283,1175.5424,11.1769,65.7462,1233.3991,2025.641,4115.7133,5367.1072,1051.9395,1824.4576,1.3149,5714.0039,85.4701,999.3425,700.1972,103.879,11.8343,9306.3774,0,219.5924,170.2827,12040.1052,12.4918,101.2492,807.3636,2495.069,6733.0703,1689.6778,842.2091,2569.3623,1131.4924,7345.1677,9158.6719,1833.0046,678.6391,2019.0664,3128.8626,700.1972,0.6575,949.3754,440.4997,1610.1249,2364.2341,2353.7147,3133.4648,916.5023,1526.9034,4905.3254,5961.2097,12063.7738,2332.6759,282.0513,2227.4819,12.4852,849.4412,6227.4819,2261.0125,157.1335,20.3813,4184.0894,3380.6706,1933.5963,111.1111,153.1887,3583.169,19596.3182,3041.4201,2630.0789,2512.8205,1452.334,320.1841,32.8731,1157.7909,4635.7659,882.3143,2880.9993,1700.8547,1506.2459,2069.691,3992.7679,1577.9093,154.5036,2258.3826,1796.8442,276.1341,979.6187,2704.7995,357.6594,2799.474,10756.739,2365.549,1717.9487,213.169,9759.3688,3151.2163,208.4155,5.2597,551.6108,1407.6266,2573.9645,1735.0427,35111.1177,965.1545,226.8245,424.7206,1610.1249,9957.265,1927.6792,8792.8994,3.9448,5.9172,0,4539.7765,82.8402,10760.6838,1238.6917,135.4372,38.7903,11.8343,549.737,3790.927,964.497,4165.6805,324.7863,16837.6068,3449.7041,1.9724,999.3425,11735.7002,983.5634,652.86,5092.7022,2456.2788,8649.5726,126.8902,2107.8238,260.7955,3023.6686,61.8014,3378.6982,3036.1604,2768.5733,7.8895,5.9172,0,380.0131,13.8067,232.0842,1057.1992,3524.6548,4736.3577,2633.7936,848.1262,1725.8383,959.8948,1255.7528,1157.1335,0,5832.3471,660.092,3625.904,506.9034,5297.8304,919.1321,1428.6654,889.3557,2184.7469,5761.9987,761.9987,967.7844,90.0723,200.526,13.1492,1111.1111,6644.313,3003.9448,244.5759,5.9172,448.3892,2819.1979,2187.3636,322.8139,0.6575,21.6963,226.167,308.3498,660.7495,9.2045,1747.5345,21.6963,4554.8981,692.3077,150.5588,1783.0375,15.1216,25157.1335,1412.8863,445.9435,1618.6719,4263.6423,4268.2446,44.7074,875.7396,619.3294,916.5023,3971.7291,14.4642,1742.9323,234.714,177.5148,1161.7357,792.2419,3997.3702,0,0.6575,86.785,501.6437,7.8895,671.2689,798.1591,1849.4412,1391.19,22.3537,3.9448,21.0388,7066.4037,358.9744,4372.7811,2801.4464,3487.1795,86.785,357.6594,9590.4011,907.2978,4381.3281,920.4471,9.2045,301.7751,385.2728,372.4786,309.6647,257.0677,8.547,314.2669,259.0401,6469.428,212.3603,8.547,66390.5325,2905.3254,1164.3655,447.7844,0,3254.4379,879.6844,5.2597,2006.5746,3399.0796,1332.6759,333.9908,2251.1506,357.002,1942.8008,0,587.7712,0,1046.6798,81.5253,13.8067,929.6515,859.9606,181.4596,0.6575,110.4536,0,26.2985,1.3149,457.5937,1.3149,1244.1026,443.1295,295.2005,0,673.8725,33.5306
TCGA-AB-2952-03,0.4666666667,2665.3199,4653.7121,0.6624,426.5572,644.4722,191.4208,11387.8839,3254.8166,2322.8819,1789.6855,2104.3045,3036.2391,1342.5953,896.8298,197.382,704.7466,299.3848,992.209,2955.4317,691.4995,710.7078,17.8836,6760.666,5634.6611,6032.7369,3397.8722,1769.8148,1178.9934,0,6532.1532,188.7714,574.2625,360.3216,0.6624,78.158,2332.1549,0,142.4065,167.576,16722.4712,35.7672,331.8403,955.7795,3263.4272,6524.205,1103.4848,4833.8729,6400.3444,1757.8924,3941.0172,12049.8489,876.2968,1329.3415,2285.79,4416.5887,1883.74,3.3118,864.3744,523.9235,790.1905,1851.2846,6451.3458,813.373,933.2594,1258.7741,8714.6157,8558.9555,3613.1511,1004.1314,211.9539,1903.6107,8.3589,362.971,1663.8379,5070.9963,559.0283,128.497,2228.8274,2102.9798,1512.8207,31.7931,201.3562,2761.3615,8905.3742,1349.2188,1419.5809,4664.9721,1931.4296,122.5358,109.9511,1068.38,2303.0112,2323.5443,2565.9665,2193.0602,2986.5625,1961.898,2150.6694,1195.5523,223.8763,4126.4768,731.2408,169.5631,2756.0626,4531.1763,256.9941,2064.5631,14700.9877,1212.7735,863.0497,50.3655,4765.6502,6442.0728,265.6047,23.1825,1037.9116,617.3156,2124.8375,2330.1678,5529.3465,688.1877,232.4869,270.2412,5443.2402,16145.5858,1914.2084,6571.8946,1.9871,5.9612,0,1423.4027,24.5072,2261.9452,1582.4608,111.2758,178.1737,21.1954,1277.022,2549.4076,234.474,5256.4559,586.8473,12066.1362,2275.1923,4.6365,1420.7533,5594.2574,3794.6366,517.9623,3484.654,584.8602,3878.0934,88.0933,3309.1297,762.1729,6894.4619,598.1073,517.2999,3546.2531,1866.5187,116.5746,4.6365,2.6494,294.7483,3.3118,143.0689,6590.4405,2728.906,3423.7107,2709.6977,3728.401,1887.0518,1270.3985,719.3184,657.057,0,9126.601,579.5614,4192.0501,1169.7204,5498.2158,1571.7704,1995.0158,2697.7157,3773.4412,3491.94,523.2611,3252.8295,458.3502,506.0399,51.6638,965.0525,4942.4992,2989.8742,217.2527,9.9353,343.7627,2459.3272,5137.2054,302.0343,0,43.7155,326.5414,364.2957,572.9378,62.9238,1277.6844,28.4813,611.3544,1557.1986,332.5026,3434.9774,25.5868,20317.1029,764.3586,289.9529,941.2076,2475.8861,1959.2486,62.2614,996.8455,333.8273,2374.5457,6616.2724,15.2342,1561.1727,241.7599,106.6393,2157.9553,462.3244,1434.0004,0,0,49.0143,690.1748,7.9483,4207.9466,973.6631,1010.755,759.5036,17.2213,4.6365,65.5732,8075.4423,692.1618,2551.3947,3512.473,4139.0616,325.8791,15.2342,3711.1797,128.497,4547.0728,353.0357,5.9612,247.7211,374.8934,449.1302,805.4247,2296.3877,26.4942,893.518,103.9899,4859.0424,1512.8207,29.806,56640.6968,1122.6931,872.985,255.9012,1.3247,2022.1724,464.3114,11.9224,578.2366,2430.8459,1488.3136,476.8962,1991.704,472.9221,2333.4796,0.6624,442.4537,1.3247,1011.4174,540.4824,60.9367,574.2625,1334.647,92.0675,0,154.9913,1.3247,184.1349,0.6624,95.3792,0,2180.2171,420.596,164.9266,35.1049,554.4117,19.8707
TCGA-AB-2985-03,0.1333333333,1077.951,3085.6449,3.2395,234.8654,1001.0124,0,7878.5179,2009.3136,3936.0194,4046.1632,954.8492,1939.6639,571.7757,1523.3853,192.7516,1708.8479,932.9824,242.1543,5739.6234,810.6904,32.3952,52.6422,2407.7749,1768.7791,4162.786,2764.9241,1043.1261,694.8775,6.479,5655.3958,38.0644,783.9644,651.9538,0,11.3383,1203.4825,0,111.7635,76.9387,13218.0603,10.5284,238.1049,2499.2914,2891.2735,3344.8066,1920.2268,2520.3482,2866.9771,1260.984,827.6979,7052.4155,1300.6682,1931.3059,2667.7465,1701.559,684.3491,1.6198,1070.6621,209.7591,945.9405,1338.7325,3803.199,1090.9091,1041.5064,2010.8524,2617.5339,9227.7789,4143.3489,2030.3705,69.6497,2837.8214,33.6424,382.2636,1949.3825,3147.1958,392.7921,88.277,3222.5147,2081.393,2859.6882,339.3399,50.2126,2679.8947,6922.8589,1802.7941,1363.029,2568.9411,924.0737,23.4865,31.5853,1845.7178,3084.835,867.3821,3144.7661,955.659,1403.523,1452.1158,2304.92,1514.4766,17.0075,2185.8676,638.1859,104.4746,1735.574,3689.0059,273.7396,2125.1265,19206.3171,1576.8374,1841.6684,101.2351,1740.4333,7156.1045,430.0466,4.0494,300.4657,400.081,2194.7763,1699.1294,5150.0304,723.2233,1356.5499,373.3549,3029.7631,11096.9832,1808.4633,7174.7317,8.9087,0,0,264.8309,12.1482,3019.2347,1196.4365,183.033,114.1932,3.2395,848.7548,1062.5633,10.5284,7089.6943,161.9761,1189.7145,2781.1298,49.4027,988.8641,4152.2575,1976.9184,474.59,4043.7335,4004.0494,3670.3786,71.2695,1865.9648,155.6428,493.2173,370.1154,70.4596,4093.9461,1738.8135,4.0494,36.4446,4.0494,268.0705,16.1976,116.6228,1866.7747,6541.4051,4701.3565,2371.3302,1955.8615,1270.7026,1529.0545,1660.2551,2496.8617,0,4616.3191,814.7398,4354.7277,765.3371,8560.4373,726.4628,2090.3017,1225.6813,1771.2087,6034.4199,266.4507,1694.2701,851.1845,619.5586,34.015,901.397,1184.8552,4259.9717,101.2351,42.1138,469.7307,1836.8091,2355.1326,407.3699,0,0,351.4882,1099.0079,855.2339,46.1632,1418.9107,7.2889,116.6228,771.0063,60.741,3179.591,10.5365,17599.5141,799.3521,593.521,1277.9915,2269.2853,2698.522,54.262,1406.7625,594.4523,1313.6262,2223.1221,144.1587,5222.9196,611.4598,87.4671,1145.981,704.5961,1126.5438,7.2889,4.0494,9.7186,777.4853,1.6198,975.9061,2693.6627,1646.4871,1024.4989,46.9731,18.6273,144.1587,4432.4762,606.6005,3669.5687,2622.3932,5649.7267,209.7591,0.8099,3680.9071,76.9387,2898.5625,500.5062,0.8099,387.9328,322.3325,378.2142,666.5317,722.4134,17.0075,479.4493,186.2725,2674.2256,211.3788,203.28,76291.557,2445.8392,687.5886,197.0601,0,1214.0109,583.114,2.4296,334.4807,3407.9773,1853.0067,370.9253,1970.4394,157.9267,3010.326,1.6198,463.2517,0,1145.981,68.8398,691.638,771.8162,287.5076,467.3011,3.2395,380.6439,0,56.6916,0,12.1482,0.8099,1179.996,309.3744,332.8609,3.2395,595.9992,55.8818
TCGA-AB-3005-03,0.4666666667,1935.5912,4494.525,1.9571,618.4498,1032.3805,1.9571,10489.182,2537.4054,2417.0426,3350.5886,1830.8853,2695.9321,2695.9321,3381.9025,215.2831,1003.0237,439.3733,139.934,4728.4007,652.6994,10.7642,208.4332,3701.8916,2781.0668,4387.8619,6432.1124,1459.0326,871.8967,0,5958.4504,62.6278,774.0408,542.1221,0.9786,6.8499,4445.597,0.9786,46.9709,4.8928,21295.4174,13.6998,220.1759,1068.5873,2515.8771,2349.522,2270.2586,933.546,2967.9717,778.9336,690.8632,9791.6255,764.2552,687.7318,1081.3085,3460.1873,1284.849,0,978.5598,20.5498,699.6702,1604.838,3840.847,697.7131,1537.3174,1438.6296,2075.5252,6022.0567,6400.7594,1364.1123,861.1326,1899.3845,6.116,257.3612,2528.5984,3219.4616,187.8835,15.657,2385.7287,2190.9953,2000.1761,2729.2032,91.9846,3445.5089,8253.173,1633.2162,1411.1321,4376.1192,1569.6098,32.2925,26.4211,1104.794,2580.4621,1500.1321,2540.3411,1162.529,2919.0438,1000.0881,2869.1372,1985.4977,0,3107.9058,1375.855,93.9417,188.862,3724.3984,134.0627,3482.6942,24487.4793,950.1815,2098.0321,12.1341,5280.3084,2748.7744,324.8818,5.8714,363.0457,718.2629,2209.5879,2362.2433,9240.5398,431.5449,2674.4038,443.2876,8678.8465,25178.3425,1802.5071,9770.9192,2.9357,1.9571,0.9786,379.6812,2.9357,3441.5947,1054.4079,106.663,156.5696,35.2282,907.1249,1406.1904,2779.1097,8170.974,191.7977,5219.6377,2259.4945,0,1156.6576,2313.3153,2785.9596,469.7087,2709.632,3017.8783,4181.3858,57.735,3558.0433,275.0046,3854.5469,22.5069,2.9357,2619.6045,1220.264,0,6.8499,38.1638,350.3244,12.7213,104.7059,585.1787,5100.2534,2392.5786,2857.0031,1279.9562,1417.9331,1666.4873,1269.192,1643.0018,0,4667.73,154.6124,1888.6203,602.7928,9102.5628,397.2953,635.0853,938.84,2997.3285,5228.4448,552.8863,2422.914,356.1958,407.0809,370.8741,883.6395,1819.1426,2619.6045,322.9247,55.7779,338.5817,2414.1069,4693.1334,309.2249,0,2.9357,240.7257,294.5465,1151.7648,8.807,1744.772,2.9357,116.4486,929.6318,269.1039,1694.8655,57.4023,10733.822,653.6779,544.8131,1139.0436,2170.4455,2750.7315,29.3568,1309.313,613.557,1761.4076,2093.1393,57.735,3939.6816,315.0962,41.0995,2067.6968,421.7593,756.4267,1.9571,0,119.3843,336.6246,0.9786,966.817,3646.1136,1894.4917,978.5598,35.2282,1.9571,33.271,6177.6477,763.2766,3100.0773,2551.1053,2835.8662,97.856,3.9142,13416.0543,35.2282,4913.3485,385.5525,2.9357,328.7961,489.2799,330.7532,265.1897,103.7273,0.9786,425.6735,148.7411,1998.219,73.392,747.6197,365886.4284,1608.7522,656.6136,234.2085,0,973.667,986.3882,4.8928,469.7087,2653.8541,831.7758,595.9429,1927.7627,190.8192,2239.9233,0,533.3151,0.9786,822.9688,79.2633,3428.8734,52.8422,540.165,79.2633,0,18.5926,4.8928,24.464,0,154.6124,0,1580.374,297.4822,500.044,0.9786,666.3503,82.199