sampleId,TMB_NONSYNONYMOUS,ABL1,AKT1,ALK,AMER1,APC,AR,ARID1A,ASXL1,ATM,ATRX,AXIN1,BAP1,BCL2,BCOR,BRAF,BRCA1,BRCA2,CARD11,CBL,CDC73,CDH1,CDKN2A,CEBPA,CIC,CREBBP,CTNNB1,DAXX,DNMT3A,EGFR,EP300,ERBB2,EZH2,FBXW7,FGFR2,FGFR3,FLT3,FOXL2,GATA3,GNA11,GNAS,HNF1A,HRAS,IDH1,IDH2,JAK1,JAK2,JAK3,KDM5C,KDM6A,KIT,KMT2D,KRAS,MAP2K1,MAP3K1,MED12,MEN1,MET,MLH1,MPL,MSH2,MSH6,MYD88,NF1,NF2,NFE2L2,NOTCH1,NOTCH2,NPM1,NRAS,PAX5,PBRM1,PDGFRA,PIK3CA,PIK3R1,PPP2R1A,PRDM1,PTCH1,PTEN,PTPN11,RB1,RET,RNF43,SETD2,SF3B1,SMAD2,SMAD4,SMARCA4,SMARCB1,SMO,SOCS1,SPOP,STAG2,STK11,TET2,TNFAIP3,TP53,TSC1,U2AF1,VHL,WT1,AKT2,ATR,BARD1,BCL6,BRD4,BRIP1,BTK,CALR,CASP8,CBFB,CCND1,CCND2,CCND3,CCNE1,CD274,CD79A,CD79B,CDK12,CDK4,CDK6,CDKN1B,CDKN2C,CHEK2,CSF1R,CSF3R,CTCF,CXCR4,DDR2,ERBB3,ERBB4,ERG,ESR1,ETV6,FANCA,FANCC,FGFR1,FGFR4,FLCN,FUBP1,HGF,IKZF1,IRF4,JUN,KDM5A,KDR,KEAP1,KMT2A,MAP2K2,MAP2K4,MAPK1,MDM2,MDM4,MITF,MTOR,MUTYH,MYC,MYCL,MYCN,NSD2,NSD3,NTRK1,NTRK2,NTRK3,PALB2,PDCD1LG2,PDGFRB,PIM1,PRKAR1A,RAD21,RAF1,RARA,SDHA,SDHB,SDHC,SDHD,SOX2,SPEN,SRC,STAT3,SUFU,SYK,TENT5C,TGFBR2,TNFRSF14,TSC2,XPO1,AKT3,ARAF,AURKA,AURKB,AXL,BCORL1,BCR,BTG1,CDK8,CDKN2B,CHEK1,CRKL,DOT1L,EED,EPHA3,EPHB1,ERCC4,FAS,FH,FLT1,GSK3B,ID3,IGF1R,IKBKE,INPP4B,IRS2,MAP3K13,MCL1,MRE11,MSH3,NBN,NFKBIA,NT5C2,PDCD1,PIK3CB,PMS2,POLD1,POLE,PPARG,RAC1,RAD51,RAD51B,RBM10,REL,RICTOR,SOX9,TBX3,TERT,ACVR1B,ALOX12B,BCL2L1,CDKN1A,CUL3,DIS3,ERRFI1,ETV4,ETV5,EWSR1,FANCG,GNA13,HDAC1,LYN,MAF,MST1R,MYB,NOTCH3,PARP1,PRKCI,PRKN,RAD51C,RAD51D,RAD52,RAD54L,SGK1,TEK,VEGFA,XRCC2,BTG2,CD22,CD70,CD74,CTNNA1,EMSY,FANCL,FGF14,KLHL6,MTAP,NUTM1,PDK1,QKI,ZNF217,ARFRP1,CUL4A,EPHB4,EZR,GATA6,GID4,GRM3,IRF2,KEL,LTK,MERTK,PIK3C2B,PTPRO,RSPO2,SDC4,SLC34A2,ZNF703,CYP17A1,DDR1,FGF12,MKNK1,PARP2,PARP3,SNCAIP,TIPARP,TYRO3
TCGA-05-4249-01,9.9,2180.2909,5196.3815,7.083,182.2275,708.6267,9.3367,3238.8846,1777.2011,1146.4879,1521.8894,1131.3559,1187.3764,180.2958,1813.5822,132.0023,89.8259,53.4448,916.6108,1083.7063,1640.0476,20053.0746,235.0284,1593.0419,1627.1693,4357.3623,21534.127,1523.1773,1338.3741,1615.5402,4053.1132,8495.4721,207.6621,325.8202,556.3412,885.059,31.2298,0.322,50.8692,721.1831,16184.1206,157.1149,340.6302,2419.1828,2086.2796,4386.9823,312.9419,318.0932,2703.7926,777.2035,793.9453,3143.2925,4618.1473,1547.0407,1318.0908,1345.1352,839.6631,9186.7132,759.8179,5.7952,807.1455,1285.8952,2150.6709,3202.8255,1241.7871,2746.5098,972.6313,5465.8593,6535.7215,1566.6414,183.5153,1239.2114,490.6073,357.6939,1040.8861,7489.6793,244.3652,332.5813,1899.8666,2486.4718,1359.6232,135.5438,1000.3195,1529.6164,7579.5052,1582.7393,2090.2268,4302.9516,2014.1613,371.5381,154.8612,2083.06,2421.7585,1110.7507,545.7166,686.0898,2366.7039,939.1478,1181.2592,703.4754,7.405,2337.4058,559.8827,138.1194,1150.9953,1546.3581,43.1422,465.5494,25337.0283,901.1569,2077.2648,3820.5027,855.439,2754.9837,62.7816,67.6109,315.8395,105.9238,2773.0133,1843.8462,166.1297,1795.5527,161.6223,258.5312,4430.4465,708.6267,2079.1965,767.8668,131.6803,10054.0646,106.5677,261.4289,604.9567,1339.9839,435.9777,130.7144,1405.3411,119.7679,578.2343,1760.7813,135.2218,578.8782,370.5722,3745.3226,1188.3423,6160.32,1572.1147,1799.0942,1931.4184,812.6188,2933.0258,1715.3854,1111.7166,188.6666,1469.0885,86.2876,1040.8861,281.0682,42.8202,1213.7769,1078.877,20.9272,44.43,6.7611,374.1137,93.0455,2186.0862,1233.4162,9122.3218,4530.2498,2325.7478,1581.4514,1587.8906,1187.6984,2800.7015,1526.0749,272.3754,1733.737,3929.4818,9602.0373,876.0442,1963.936,1418.8633,2991.9438,741.6724,2738.2419,2906.9473,173.5347,1706.6926,208.9499,56.3424,1327.7495,434.6416,2580.1612,5665.4725,187.3788,768.8327,83.7087,1999.9952,688.0215,488.0864,134.256,30.5859,302.6393,250.962,1594.6517,712.4902,1553.1192,392.1433,1912.101,675.7872,41.5324,424.6609,193.496,11533.7777,426.9146,387.4298,956.8554,1904.374,3132.317,53.1229,914.6791,435.9294,541.5312,643.5915,122.9875,5665.4725,53.7668,85.6405,1285.8952,181.5836,664.1967,1949.7699,341.2741,2.5757,1478.1033,0.9659,2890.5275,1719.5709,1520.9236,1214.057,2965.5434,2520.9212,965.5482,3502.5672,223.7599,1959.4286,2370.2454,1974.5606,633.2889,445.2661,460.0762,4283.3123,6745.6373,2069.2159,35.7372,154.8612,171.9249,57.6496,31.5518,3499.0257,249.1945,3566.9585,22.8589,6913.6987,161.6223,5.4733,82297.29,11360.243,556.6632,274.0045,75.9818,250.8043,574.0488,7.083,558.5949,3030.9006,15511.2311,343.5278,2444.2955,3792.6502,9223.4162,675.1433,230.1991,0.322,1036.3787,5.4733,9.0148,705.7291,1762.3911,265.2923,19.6394,10866.0394,102699.3657,231.1649,0.9272,10865.7175,2.5757,613.9908,452.0272,360.9135,22.537,613.3243,550.224
TCGA-05-4382-01,44.03333333,2076.4421,3627.3723,9.3329,185.4607,541.0667,12.9224,2858.9667,1791.4309,899.5443,1168.5222,1592.8084,1438.6966,263.2346,885.6647,143.3432,320.189,137.5999,1110.6106,1121.8579,1194.367,19837.8355,471.9078,704.5114,1926.877,2493.7886,10474.5246,1725.8615,1082.3727,626.4959,2722.324,9857.6559,241.2186,441.5162,743.7573,1281.713,15.3155,0,104.3366,393.8946,20930.9769,58.3902,384.3225,4330.6872,2636.8924,3717.8293,459.9426,759.0728,2643.1144,831.5819,319.471,2681.0106,1599.7483,1540.5085,681.0596,1224.5193,710.0154,958.1738,644.2068,15.3155,614.7724,1239.3562,2687.1463,2094.1506,601.6106,3188.2229,1478.1817,4627.6637,4520.4554,2377.726,5.2647,1121.8579,3014.6197,419.0216,1009.1456,5831.3636,906.0055,169.188,1246.0567,2400.4599,1121.1399,27.9986,1113.0036,1355.658,6023.5248,2140.097,1779.1091,2384.6659,1501.8729,338.1368,142.8646,1333.1634,1113.9608,651.3859,517.1363,1126.1653,1274.0553,554.9463,1105.5852,687.7601,19.8622,2103.0049,514.9825,144.0611,1221.887,1566.2457,62.4584,444.8664,27569.2741,978.9933,1130.2335,8361.7728,1027.0934,1262.808,106.7297,117.259,2310.2423,302.2411,1665.0783,2979.3367,571.4583,1066.1,371.6393,282.1396,3473.0211,693.7427,1245.3388,2883.1364,195.5115,3842.2675,33.5026,352.0164,63.4156,1586.3472,329.0982,252.9445,2220.7425,159.6159,1364.5123,1859.3933,120.6093,569.0653,622.1908,4042.8043,1500.9156,1719.8789,1059.6388,1397.5362,1892.1779,660.2402,3050.8886,2121.4313,808.6087,488.4198,1241.9885,208.6349,631.045,476.2153,40.6817,1783.5338,1101.2777,9.5722,13.1617,24.6483,365.1781,375.9468,4792.0656,1865.3759,7909.2415,3023.3663,2158.2267,2073.0919,3336.3785,1460.2339,3083.434,1675.3684,425.9614,1471.9598,2981.4904,8373.2523,631.5237,2646.7039,1220.6905,4509.926,1302.1735,1521.4958,4606.6049,476.9332,1391.7929,317.078,207.9553,1815.3613,710.9726,2246.1088,2576.5878,318.5138,664.5476,167.5129,1988.6175,930.6467,514.7432,177.5637,26.3235,309.6596,776.3027,1211.5969,2443.0561,1588.7403,894.2796,874.4174,530.298,141.4288,304.8735,194.9611,17598.9059,518.0935,222.5098,1030.2044,4016.9595,1617.4568,83.7565,894.9975,678.6666,730.8349,740.8857,532.2124,11589.7394,135.2068,139.9929,1317.6087,105.0545,496.5561,22.016,298.4123,1.6751,1174.5048,3.3981,6481.5529,3577.5971,1745.2452,988.0844,4997.8672,1553.3232,1017.0426,3750.8533,711.6905,2557.2042,2471.0547,2286.7905,1916.1083,481.9586,30.3916,6391.096,3626.6544,1609.5597,29.1951,370.2035,276.3963,150.5223,115.5839,1846.9494,91.1749,11500.0003,62.2191,1879.0162,107.9262,9.3329,98069.2343,8784.1375,371.6393,217.8864,284.7719,687.0422,347.2303,6.4612,1885.7167,2523.4623,1731.3655,646.3605,2155.4125,4366.8222,9302.7096,290.5152,295.3013,1.1965,788.7465,15.5548,173.4955,839.0004,619.0798,323.0606,9.8115,7328.4503,11971.1902,117.9769,0.4786,6635.6648,62.937,814.2204,328.5646,404.6633,149.5651,1276.836,200.5369
TCGA-05-4384-01,4.033333333,2015.8827,3904.0929,5.4979,152.7184,792.303,29.3219,3846.0599,1751.9853,1039.7068,1697.0067,853.3903,1858.8882,171.6555,1235.1863,117.8986,111.7899,54.9786,1060.4765,830.1772,1397.6787,7411.7288,85.5223,1014.0501,1867.4404,2927.9169,12202.1503,1189.3708,620.0367,582.1564,3036.0415,12105.6811,105.6811,335.9805,339.6457,358.5828,10.3849,1.2217,32.3763,414.1723,16687.8436,10.9957,423.9462,6775.8094,1381.1851,4052.5351,241.2951,306.0476,2852.7795,552.8406,10859.4991,3183.5614,1329.2608,1250.0489,872.3274,1196.0904,836.2859,3796.5791,900.4276,20.1588,645.6933,908.369,1716.5547,2061.0874,996.3348,2143.1888,1321.9304,4074.5266,5478.9249,1131.9487,1.2217,1694.5632,788.4178,442.8833,1321.9304,5604.7648,401.9548,640.1955,1728.1613,2425.7789,1345.7544,23.8241,330.4826,1656.0782,5748.3201,2048.8699,1766.3531,2326.2065,1269.3952,72.694,100.7941,1178.9859,1976.1759,342.7001,820.4032,665.2413,1887.5993,1113.6225,1288.3323,831.3989,0.6109,1967.6237,676.8479,55.5895,2280.391,1127.0617,11.6066,220.5254,14755.6506,642.639,1083.0788,6795.1741,437.3855,3726.9395,32.3763,32.3763,84.3005,29.9328,1170.4337,1542.4557,617.5932,1686.011,127.6726,91.631,1827.7337,1387.9047,1459.9878,976.7868,249.8473,7379.3525,102.6268,595.6017,127.6726,1069.0287,182.2358,133.7813,547.3427,373.2437,693.3415,1713.5003,136.8357,356.1393,65.9743,4568.7233,1536.9578,1412.9505,1587.6604,1656.6891,1205.8644,1040.9285,3452.0464,2812.4618,1117.2877,245.5712,1596.2126,195.901,967.0128,148.4423,6.7196,1063.5308,1072.694,3.6652,233.3537,9.1631,277.3366,68.4178,2977.3977,806.3531,10169.8228,3266.3286,2956.0171,1806.964,2090.4093,1185.0947,3987.7825,1507.6359,12.2175,1670.7392,1139.89,9392.1808,692.7306,2087.3549,1448.9921,5434.942,1228.1185,2932.193,3740.3787,304.8259,1446.5486,126.4508,39.0959,1117.8986,637.1411,2257.1778,4347.587,199.7557,485.0336,35.4307,2039.0959,447.7703,289.5541,59.2547,18.3262,335.3696,320.0977,1275.504,899.8167,1361.0263,1055.5895,2180.2077,411.7288,248.6255,1979.2303,211.6494,10368.9676,424.5571,344.7648,658.5217,5640.1955,2018.9371,21.9914,881.4905,796.5791,345.1436,590.1038,288.3323,6085.5223,20.7697,44.5938,1538.7905,177.7642,1084.3005,50.7025,525.3513,2.4435,1376.2981,4.887,2405.62,3152.1075,1583.3842,958.0452,10102.0159,1071.4722,1053.7569,4442.2724,197.923,1366.5241,2068.4178,1550.3971,1006.7196,452.0464,42.7611,6181.4294,3381.796,1122.7856,19.548,151.4966,138.6683,114.2334,19.548,3378.7416,423.3354,3716.5547,19.548,5367.7459,135.6139,16.4936,48861.3317,16431.2767,355.5284,231.7899,78.1918,268.7844,436.7746,1.2217,190.5925,2174.099,1323.763,576.0538,1898.595,2840.562,15316.4325,158.8271,317.6542,2.4435,1071.4722,0,185.0947,511.912,1080.0244,210.1405,36.6524,9202.1991,80673.1827,147.8314,1.8326,5100.7941,21.9914,698.9188,364.0806,708.6133,56.8112,646.8357,93.4637
TCGA-05-4389-01,7.633333333,1302.349,3712.4161,7.3826,205.0336,325.5034,11.745,1813.4228,1299.6644,244.2953,1020.8054,974.4966,1362.0805,159.7315,824.4966,276.8456,297.651,87.9195,1343.2886,527.5168,1530.2013,6252.6846,146.3087,3834.8993,1222.8188,1754.3624,7235.5537,1225.5034,721.1409,301.0067,1440.2685,4722.4832,197.3154,181.2081,175.1678,552.6846,13.0872,0,115.4362,369.7987,18630.8725,410.7383,389.2617,5114.4295,8265.4362,2865.1007,233.8926,524.8322,2062.4161,616.7785,787.9195,1923.1644,1361.0738,1580.2282,459.396,1383.557,784.8993,1004.698,537.9195,9.396,638.9262,1129.1946,1078.1879,1892.2819,814.7651,2392.0369,1288.9262,1972.4832,7657.7181,1751.0067,8.3893,580.8725,278.9027,435.2349,537.9195,4955.0336,244.2953,159.396,1949.3289,2404.3624,828.8591,26.8456,8769.1275,873.8255,4383.557,1537.2483,1613.2617,2921.1409,1586.5772,156.3758,193.6242,1855.0336,2140.2685,727.1812,417.1141,1163.0872,1338.255,602.0134,971.8121,545.9732,10.0671,3980.5369,537.9195,142.2819,935.5705,1811.4094,119.4631,327.5168,30133.2215,753.0201,908.3893,7064.9832,576.1745,4016.7785,118.7919,103.6913,189.9329,100.6711,1151.3423,5074.1611,705.7047,1535.2349,443.9597,275.5034,1952.349,1028.1879,1207.3826,832.8859,45.6376,7577.8523,6.0403,126.1745,200.6711,1013.4228,323.7617,211.745,386.2416,559.7315,937.2483,1953.0201,20.4698,712.4161,155.0336,1885.906,1116.443,354.698,2357.7181,669.4631,2130.8725,597.651,2903.0201,2772.1477,650.3356,141.9463,1003.6913,288.3792,1979.1946,330.5369,9.0604,1396.6443,1389.5973,33.557,64.4295,1.3423,331.2081,180.2013,1007.047,1473.8255,9283.2215,4750.6711,1738.5906,1011.4094,2201.3423,1455.0336,4252.6846,1658.3893,566.7785,971.8121,4171.8121,6021.4765,536.5772,1536.2416,369.4631,3897.651,1268.1141,1515.7718,3149.6644,131.5436,2438.9262,541.2752,279.5302,962.0805,378.1879,2322.4832,2766.1074,275.1678,382.2148,200.6711,1858.0537,491.6107,355.0336,39.2617,76.8456,206.3758,869.1275,1732.8859,680.8725,771.1409,426.1745,2737.9195,605.3691,228.8591,496.6443,132.8859,9316.1074,273.8255,238.198,1187.5839,2374.4966,2226.8456,126.5101,1351.3423,573.8255,722.1477,694.9664,123.8255,5340.9396,174.8322,138.5906,1353.6913,73.8255,845.9732,428.1879,177.5168,15.7718,1660.4027,4.698,3542.953,3349.6644,1840.604,582.7819,1138.255,2800.6711,910.7383,3207.3826,708.7248,2616.7785,3870.8054,2845.9732,482.5503,335.906,92.2819,4238.255,4370.1342,1259.396,40.9396,286.9128,307.047,131.5436,182.2148,927.5168,68.7919,3177.5168,34.2282,1796.6443,106.0403,17.1141,86567.7852,5103.0201,439.9329,313.9396,34.8993,241.2752,230.2013,0.3356,489.2617,1507.047,1299.3289,706.0403,1372.8188,2403.6913,6144.6309,200,211.0738,0,766.1074,4.3624,81.8792,502.6846,1265.4362,233.557,3.0201,9443.6242,23989.2617,1253.0201,0.7718,4266.7785,18.1208,705.0705,531.5436,435.5705,42.2819,1203.2718,296.9799
TCGA-05-4390-01,16.8,1359.7318,5402.5228,17.2441,134.7597,331.4705,2.5547,2384.1609,2531.0554,408.1111,1193.0385,1253.0736,1589.6535,307.8397,1431.263,171.8027,389.0596,107.2968,252.2753,512.2146,886.4761,6080.1533,53.6484,608.654,1470.2219,2654.319,10798.6077,1245.4095,980.9995,1688.6348,1896.8545,7344.723,424.0779,334.0252,263.1327,261.2167,5.1094,0,45.9844,526.2654,6527.862,755.5485,426.6326,1683.5382,4021.7148,1749.3214,660.3864,330.1932,2476.7683,863.484,4908.191,1878.0329,2207.8876,1202.8868,477.0877,899.2496,802.8102,406.8338,622.7048,9.5801,817.4996,1892.3838,1296.5033,1316.9408,772.1539,1168.769,706.3707,2391.825,11459.0452,1942.2002,26.1855,1003.9917,1368.3858,220.9804,645.697,7317.2601,1154.0795,57.4804,1180.9037,2623.6628,1007.8237,784.9274,338.4959,1207.0893,4723.6149,1802.3312,2574.8427,3175.475,1766.5655,143.0624,105.3808,1338.6556,1626.0578,201.8202,491.1384,471.9783,1324.6048,385.7576,1145.1381,695.5133,1.916,2140.8271,350.6307,78.5566,1366.1185,2163.1806,61.9511,139.2304,37427.4309,441.9607,867.316,4526.3676,293.1502,1739.7413,193.5175,54.9258,615.6794,90.0527,1253.7123,4972.6968,90.6914,1002.0757,263.7714,1055.7241,1034.6479,3136.516,1315.6634,1251.7963,129.0117,6416.7332,1.2773,158.3905,86.8593,546.7029,316.9152,160.3066,1384.0013,40.2363,546.0642,1359.0931,44.707,181.3827,171.8027,1836.1807,989.3023,614.402,1242.8549,828.9957,3128.2133,880.0894,2316.4618,1334.1849,489.8611,110.4902,1074.2456,185.6171,1107.4565,443.8767,1015.4878,2426.9519,1806.8019,1.916,3.1934,5.748,277.8221,51.7324,2020.1182,688.4879,5062.1108,9569.216,2041.1943,1724.4132,2294.7469,1182.8197,2304.9657,1246.6869,252.2753,1092.1284,2488.9031,7954.6543,328.2772,2701.5807,1213.476,1855.3409,784.5952,2773.1119,2821.0123,722.3375,1928.1494,608.0153,878.8121,520.5173,301.453,1947.9483,3465.4319,222.8964,63.8672,273.3514,1709.7238,828.9957,262.494,19.1601,8.3027,248.4432,98.9941,1209.0053,1577.5188,1209.6439,894.1402,1285.6459,222.8964,445.1541,2359.2528,54.632,7946.3516,306.5624,174.5106,1785.087,8098.3554,1206.4506,18.5215,887.1148,1012.2944,1349.513,1433.8177,34.4883,7483.9534,223.535,137.3144,1337.3783,81.75,562.6696,58.7578,56.2031,3.832,2477.407,41.5137,2127.415,2186.8114,1503.4329,696.8482,6432.0613,2720.7409,2792.2721,3038.7993,752.3551,1249.8802,2723.9342,3460.9612,542.8708,608.654,49.1777,2803.1295,3756.6661,1104.9018,3.1934,197.3495,148.8105,74.7246,273.9901,1585.1828,36.4043,3206.1312,120.7089,2242.3759,30.6562,2.5547,18188.7274,10124.2216,291.8729,156.0913,47.2617,279.0995,438.1287,0,720.4215,4532.0134,2150.4072,862.2066,1343.765,2170.206,9626.0578,61.9511,328.2772,1.916,539.6775,0,156.4745,503.9119,98.9941,111.1289,0,7230.4008,23054.1274,381.9256,1.2773,5850.2315,5.1094,434.3797,659.7477,269.5194,7.0254,464.9146,514.7693
TCGA-05-4395-01,7.333333333,1996.3868,2433.6752,0.8053,67.9153,266.2923,1.0738,1756.1332,1048.2574,845.5854,549.7647,756.4634,1260.0564,96.3699,339.0395,123.4823,421.9874,85.0954,1537.8916,474.0647,1878.0048,5547.8454,3086.7893,100.6649,975.5102,1758.2807,17365.0862,1001.8173,632.1757,4113.7809,845.3169,7303.9785,275.9561,152.2054,16.1064,53.4195,3.7582,0,235.6901,267.6345,13770.6934,33.2865,678.8843,6768.7096,2656.4803,3995.7264,151.1316,273.2717,1524.4696,237.8377,69.7943,1684.6987,3050.2815,3301.1385,496.0768,479.9704,775.791,7307.7367,886.6567,8.3216,759.4162,1287.1688,1417.6306,1686.8757,375.5473,2567.3287,243.2065,2960.3541,15519.8471,2862.9105,0,179.8547,277.1453,429.5037,308.9742,6136.5339,678.0789,107.6444,1402.3295,3450.7936,708.9495,32.4812,530.7055,792.7027,5907.5547,2205.7698,1109.0564,2154.7663,913.5006,45.9032,107.3759,1360.4529,1340.5884,990.2744,190.8607,2186.9791,1160.4653,413.1289,1407.4299,577.414,0.8053,1910.4861,514.8675,65.2309,2302.9451,1254.9561,62.278,105.2284,21456.3933,1699.2239,1136.5741,4911.6887,231.3951,2692.1828,213.9465,59.5936,63.0834,29.7968,1506.7526,4093.9754,1578.426,2306.4348,194.3504,264.6816,1003.9649,118.1135,1007.1861,2659.4331,22.5489,8326.7342,1.6106,144.1522,195.4242,2499.443,395.3018,194.082,279.1774,68.989,348.7033,2412.4685,20.133,173.1437,38.1185,864.913,2416.9944,241.3274,1294.1483,832.1634,2510.9859,372.5944,1886.8634,2979.1449,443.1941,103.3493,1405.5508,287.2225,5991.3079,44.0241,2.9528,1461.6547,495.5399,3.7582,8.8585,0.8053,357.8303,102.8124,680.7633,526.142,6877.4277,5490.657,1327.1664,1095.5028,2271.0007,2498.1008,3182.8907,2717.1477,86.9745,871.0872,870.8187,8008.9015,373.6682,615.264,205.6249,734.1829,752.3133,1311.8653,5082.3708,177.9756,1040.7411,522.1154,344.6767,496.8821,95.0277,2768.9565,6115.0587,177.1703,1815.7268,258.776,1531.7175,457.6899,505.7406,4.5635,11.006,237.5692,1562.5881,1616.276,616.6062,942.4921,686.1321,2317.1724,642.6449,260.1182,3142.8932,61.0486,22544.9167,443.4626,632.8737,1696.2711,9547.0615,1802.8417,44.8294,778.207,600.7683,656.0669,706.802,661.7041,14956.392,190.8607,90.4642,1231.0649,57.983,2542.9302,467.8906,31.4075,8.8585,1249.0504,6.711,3614.2735,1189.7252,1231.8702,848.3503,35334.731,941.9553,717.2711,2607.3558,407.7601,1840.4233,3444.888,2215.1652,328.5703,2054.3698,66.8415,4575.288,7137.5459,1532.2544,7.2479,196.7664,144.6891,230.4234,111.4025,1831.0279,72.7472,6916.083,56.3724,475.9438,27.1124,9.127,46477.9356,12270.3833,177.4387,447.116,22.5489,70.5997,733.9949,0.5369,1243.6816,1052.284,659.825,785.1864,1820.8272,12015.9024,9071.6546,170.9962,202.9405,0,1047.4521,1.6106,4.0266,134.4883,1206.6369,89.9273,1.0738,18865.1439,842.3641,15.3011,0,5264.1045,20.6699,678.3876,347.6295,464.1324,498.7209,3038.65,702.507
TCGA-05-4396-01,15.8,2649.7346,4435.9363,0,413.1918,539.0447,78.0895,3025.019,1884.7612,1449.583,1824.1092,482.1835,2311.5997,215.3146,2446.5504,214.5565,125.8529,112.2062,139.4996,571.6452,1172.8582,12476.1183,248.6732,362.3958,1495.8302,1758.1501,8591.2964,1521.6073,1182.7142,1151.6224,1964.3669,5876.4215,295.6785,774.8294,222.138,130.4018,3.7908,0,19.7119,497.3465,15509.4769,657.3161,463.2297,8673.2373,3853.677,2943.1387,205.4587,329.7953,891.5845,789.2343,4965.1251,3397.4071,3103.1084,1896.6793,584.5337,1295.6785,758.9083,2705.8378,1018.1956,25.019,953.7528,1551.1751,1451.8575,1379.8332,853.677,2987.862,1624.7157,7488.2487,6298.7111,4760.4246,5.3071,2162.2441,1057.9833,597.4223,580.743,4514.7839,448.0667,846.8537,2313.116,2871.8726,1679.3025,348.7491,673.2373,2249.4314,6973.4647,3611.8271,2620.8036,2708.1122,817.2858,70.508,31.8423,892.3427,3417.7407,108.4155,863.533,858.9841,287.3389,1235.0265,630.7809,1291.8878,0,1452.6156,774.0713,63.6846,1941.6224,1870.3563,31.0842,71.2661,42818.044,779.3783,1401.0614,4749.0523,621.6831,2234.2684,53.0705,23.5027,99.3177,26.5353,1169.8256,1762.699,607.2782,1523.8817,107.6573,163.7604,792.2669,135.7089,1295.6785,517.0584,97.8014,16733.8893,50.7961,285.0644,21.2282,1419.257,496.2396,320.6975,894.6171,69.7498,322.9719,1574.6778,68.2335,207.7331,87.9454,999.2418,1808.9462,1099.3177,1117.5133,1696.74,1266.1107,580.743,2620.9249,2749.8105,823.351,337.3768,1322.9719,110.5155,379.8332,359.3632,59.8939,1598.9386,1518.5747,3.0326,6.0652,0.7582,113.7225,42.4564,2925.7013,598.1804,6848.37,4658.0667,3347.9909,1023.5027,5057.6194,1050.7961,2122.8203,1984.0788,416.2244,1369.9773,2056.1031,10428.3548,455.6482,1918.8779,1924.9431,4551.1751,636.6793,1451.0993,3931.0083,355.5724,1801.3647,190.2957,56.8613,476.8764,900.6823,2278.2411,4871.1145,309.3252,355.5724,155.4208,1545.8681,810.4625,358.605,112.2062,52.3124,132.6763,177.4071,1754.3594,1608.7945,1451.8575,488.2487,2256.2547,367.7028,312.3578,11677.0281,133.4496,7007.5815,415.4663,268.6505,1218.3472,1865.0493,2115.997,18.9538,1383.624,573.1615,283.5481,877.1797,269.1433,6579.9848,72.0243,10.6141,1073.5406,250.9477,1602.7293,1071.2661,372.2517,13.6467,3224.4124,4.5489,2146.323,896.8916,2222.138,1304.1092,3320.6975,472.3275,686.1259,3085.671,216.0728,932.5246,3328.279,2413.1918,323.7301,1532.2214,572.4033,3963.6088,3411.6755,3188.7794,323.7301,90.978,147.8393,149.3556,44.7309,1837.7559,155.4208,6396.5125,47.7635,1633.8135,14.4049,4.5489,28379.8332,7363.9121,470.0531,293.5785,107.6573,84.1547,335.1024,0,793.025,1460.1971,1577.7104,542.8355,2444.276,6065.9591,11153.1463,651.2509,250.1895,1.5163,1200.9098,0,98.5595,258.5292,2439.7271,23.5027,12.1304,7281.2737,7893.859,216.0728,1.5163,9040.9401,357.0887,381.3495,176.649,988.6277,34.1168,696.6945,147.8393
TCGA-05-4398-01,22.93333333,2361.4615,4377.7729,13.0492,131.144,352.3271,9.1344,2289.4737,1630.9265,489.1257,1151.3702,971.5094,1701.3919,148.7603,953.2405,230.1,426.9247,159.1997,2453.2405,914.7455,618.9648,8151.5876,98.9561,850.3697,1459.7651,1909.9609,15006.866,1071.5528,776.207,3457.7229,2261.418,4845.585,872.3358,305.5676,96.7812,82.4271,8.2645,0.435,85.9069,562.6359,15637.2336,12.8317,394.3019,6775.3371,2871.6833,4233.5798,371.4659,696.1722,2477.164,556.1114,749.4563,2109.8804,1223.5755,1647.4663,1546.3245,989.9957,1370.5959,19718.1383,617.4424,7.8295,710.0913,1671.3789,2699.2171,1549.5868,589.6042,4003.7147,1336.2331,3616.1375,8883.6451,1922.575,43.7147,957.3728,1256.6986,293.3884,497.6077,4537.8425,717.9208,227.4902,1120.0522,2366.4637,937.1466,20.6612,1175.5111,1096.1288,6093.7364,1383.8625,1463.7125,4430.8395,1708.5689,230.535,405.8286,1217.9208,1284.4715,989.7782,386.6899,2303.1753,1324.2714,781.8617,1516.094,640.7134,22.836,2081.3397,960.6351,154.6324,1887.9948,1672.6838,142.2358,412.3532,23812.9622,1224.6629,938.4515,3488.5755,614.3976,1005.6546,268.8125,651.5876,516.3114,157.6773,1348.6298,3082.4271,468.4645,1557.4163,364.5063,353.197,3310.1348,402.1314,936.7116,1799.2605,118.3123,3087.8643,602.6533,212.2662,786.4289,2465.8547,589.9239,297.7381,586.3419,61.766,691.605,1278.5994,53.719,550.2392,279.4693,6004.7847,1207.0465,1173.5537,1263.8104,1601.1309,2267.5076,827.9687,3934.5368,1385.6024,709.2214,186.8204,1540.8873,159.1061,1858.8517,128.5341,11.0918,1297.9556,910.1783,6.5246,63.2884,8.047,444.7586,218.7908,1609.8304,2905.6111,6109.1779,5714.6477,1795.9983,956.2853,1805.3502,1426.4898,2426.4898,737.9295,11.9617,1465.6372,2859.5041,7301.6529,423.2275,1911.4833,924.5324,3316.4419,1431.7943,1889.0822,5135.0587,197.0422,1047.6294,419.5302,310.3523,1099.1736,402.7838,4625.0544,1565.4632,181.8182,196.3897,320.1392,3353.4145,693.9974,518.7038,33.4928,71.7703,714.6585,652.2401,1239.2344,1343.4102,898.2166,740.3219,497.8251,782.7316,42.4097,571.1179,548.271,11065.4632,439.7564,211.6398,1109.8304,8861.8965,2481.7312,118.7473,593.9539,854.7194,987.3858,927.7947,910.8308,10231.6224,174.6411,72.2053,1119.8347,186.6029,1161.157,229.4476,177.251,26.0983,1676.816,0.2175,2490.6481,2283.6016,1182.2532,893.6951,8890.8221,446.716,617.2249,3883.8625,523.4885,2546.9769,2720.5307,7491.3006,796.6507,638.321,101.5659,6648.9778,3332.3184,1441.9313,13.2666,402.1314,222.0531,159.6346,253.5885,1775.5546,92.214,18042.1923,241.6268,1685.298,135.7112,152.0226,62067.2031,12578.9474,383.6451,219.2105,58.0687,382.3401,555.4589,0,1048.0644,2732.0574,2447.8034,724.0104,1915.6155,4579.1649,15585.4719,111.7877,244.8891,0.8699,752.0661,6.0896,419.7477,457.5903,717.4859,317.5294,1.7399,13078.5124,32373.2057,65.0283,0.8699,5037.6251,5.4371,712.8077,413.4406,662.2445,21.5311,2413.3058,177.9034
TCGA-05-4402-01,4.866666667,1665.7217,6271.5483,2.4127,288.5578,502.5635,59.3522,3378.0083,1248.8087,691.2359,1541.4681,1036.0094,1733.0358,229.2056,1166.0534,179.9867,271.4277,99.8854,183.1232,773.9912,1186.32,10370.7099,7.4793,897.7622,1504.0714,2362.7481,15776.3243,1499.246,766.2706,3886.0607,2585.6807,9209.4819,245.1294,445.8653,476.0239,1569.4553,17.6126,0.4825,43.911,356.837,18255.8659,27.5047,545.7506,4023.4031,2498.8238,4149.8281,285.4213,294.8308,4222.2088,828.2767,341.637,1889.0645,1464.7446,1161.1267,853.61,1103.0822,1513.2396,4167.4407,676.2772,15.6825,755.4135,1887.448,2175.0407,2030.2793,970.3842,2837.6959,637.6742,5597.2013,5434.1034,2723.4453,18.819,1215.0311,1453.8585,484.7096,1311.5387,5936.4256,349.1164,220.5199,1235.5389,2869.4131,936.124,13.0285,1657.5185,1245.431,5195.0057,2582.7855,1239.8794,2696.6645,1879.9686,411.605,88.787,1755.2325,2382.0496,650.7027,555.6427,689.547,352.4941,517.2809,1147.717,641.2932,4.3428,2066.9522,501.8397,132.698,1215.9961,1249.7738,46.5649,289.2816,35487.5445,1346.764,905.2416,6880.0989,1338.0783,3259.3039,65.1427,45.8411,589.4204,134.1456,1362.2052,2841.1846,579.5283,1656.5535,384.5829,187.7073,2420.8939,353.9417,1198.6248,1104.7711,129.5615,3474.0334,40.2919,237.1675,63.9363,1603.4743,179.1206,226.0691,840.0989,48.0125,685.6867,2366.3671,83.7204,434.2843,444.1764,4069.7268,1888.8956,2403.04,1041.5586,1329.8751,1324.0847,683.274,3950.5398,1966.1017,445.8653,364.7988,1769.2261,217.106,563.122,467.8207,43.911,1368.7195,670.2455,8.2031,33.2951,4.1016,254.5389,81.0664,2323.1799,942.6383,7428.6748,7067.0101,1953.3144,2366.3671,4992.3397,1706.4962,2559.8649,2051.0284,1091.0188,1713.493,1378.3702,9082.3331,644.1884,1625.671,1558.357,5318.7768,1215.656,1856.8068,3566.922,221.7263,1864.0449,243.4405,130.7678,1642.8011,730.0802,3683.2137,3041.6792,181.4343,61.7649,153.2059,2068.3998,434.7669,494.8429,49.4602,17.3714,332.4688,438.3859,1054.5871,752.7595,1314.6752,615.9599,1030.4602,398.094,660.836,208.939,205.9666,9835.3339,347.91,344.1655,1326.7386,3136.0154,1690.3311,22.9206,930.8161,665.6614,452.1382,771.096,400.0241,10268.8944,117.498,154.1709,1313.9514,69.968,505.9413,219.0723,110.5012,1024.911,1216.9612,2.4127,3724.4707,3597.5632,2165.1487,641.1484,5521.9253,838.6513,2074.1902,3630.1345,251.8849,1634.598,4492.9127,1413.3542,761.4452,518.7285,108.0885,2735.0262,3720.8517,1432.4145,21.4729,262.742,204.8374,107.8473,152.9646,1525.0618,88.0632,3965.2573,37.8792,2363.2306,133.4218,20.5079,67313.1094,10687.4962,424.8748,234.5353,115.0853,273.5991,106.6409,1.4476,890.0416,2140.7805,1479.9445,560.9506,1378.8528,2758.1881,18881.7178,248.7484,239.8215,0.7238,1036.2507,1.6889,56.2157,585.56,810.6641,250.196,49.2189,10363.4719,36752.5182,83.7204,4.1016,9501.4175,67.3141,847.8967,508.3539,677.001,90.4759,721.3897,297.2435
TCGA-05-4403-01,4.066666667,1241.3122,4243.5363,15.0125,127.8843,343.6197,15.2905,1633.0275,858.4932,388.6572,766.7501,658.0484,1222.9636,134.2786,689.1854,100.3614,76.4526,22.5188,1243.8143,450.6533,923.8254,13659.4384,25.0209,1034.7512,1164.5816,1447.8732,12098.9547,1415.6241,256.3247,467.6063,1579.0937,10556.2969,140.1168,226.8557,1422.8524,824.576,9.4523,0,95.3572,751.4595,18274.9513,250.4865,428.9686,4505.4212,2479.0103,4217.6814,531.2761,138.4487,1763.692,456.4915,246.8724,1152.6049,1346.3998,2423.5335,693.3556,829.5802,715.8743,3668.3347,610.5088,11.6764,344.7317,628.8574,3360.0222,959.1326,668.8907,2924.3814,520.1557,2078.6767,8512.3714,1691.6875,4.4482,852.099,724.0006,336.3914,788.4348,6432.0267,376.1468,612.7328,1693.6336,1551.5708,1516.8196,11.6764,795.6631,829.5802,3772.3103,1653.8782,1892.1323,2067.5563,1727.8287,156.2413,112.5938,1259.6608,1901.5847,853.211,378.9269,572.1435,1658.3264,423.4084,1413.4001,412.288,0.556,1751.4595,269.6692,61.4401,1318.5988,1344.7317,23.9088,336.1134,21562.9691,778.9825,1290.7979,5275.1015,474.5621,3326.6611,26.9669,47.2616,224.3536,92.5771,844.0367,2104.5316,703.0859,1393.1054,452.3214,90.0751,2840.4226,771.7542,1376.1468,1425.9105,64.2202,7656.6583,50.5977,335.5574,31.1371,1007.5063,101.4735,170.4198,605.5046,423.6864,505.6992,1138.7267,127.8843,336.6694,93.1332,2318.5988,1031.9711,485.1265,1871.5596,789.2688,2478.7323,656.3803,2996.9419,1479.2883,193.4946,719.2105,786.4887,229.2549,1855.9911,316.9308,26.4109,630.8034,1026.6889,6.1162,125.9383,13.9005,323.325,87.017,2439.811,1221.0175,5810.1195,3812.6133,1874.8957,946.6222,2977.2032,1821.5179,2113.9839,2460.6617,583.8198,1214.9013,2881.568,5127.8843,503.1971,1894.9124,790.6589,9849.8749,1619.8388,1123.7142,1905.4768,224.3536,1939.6719,158.4654,82.8468,1182.6522,241.0342,4011.3984,8051.7098,185.4323,265.777,75.8966,1713.9283,437.8621,375.5908,70.6144,5.0042,143.4529,664.4426,883.792,842.6466,935.7798,1100.6394,2023.3528,465.3878,752.2936,1011.9544,91.4401,6840.7006,183.2082,480.9758,996.6639,2358.6322,1978.0373,18.6266,1411.176,246.5944,332.7773,291.3539,1592.9942,10268.2791,181.2622,65.0542,379.2049,47.8176,608.8407,2513.2054,242.9803,0,1332.4993,17.2366,6379.7609,6158.4654,1792.3269,803.9366,1976.6472,549.6247,1009.1743,2604.9486,202.9469,1902.9747,4271.8932,1971.921,977.4812,2081.4568,108.1457,1799.2772,2038.3653,1493.4668,15.5685,98.4153,123.7142,56.1579,24.7428,2100.3614,295.246,1414.5121,4.7262,3022.7968,136.2246,11.3984,75243.8143,14635.2516,202.9469,233.717,83.4028,205.727,162.3575,2.2241,284.1257,1490.9647,1206.839,793.439,1699.1938,3085.0709,36213.5113,1288.5738,259.9388,1.112,1532.9441,4.7262,470.67,279.3995,1391.9933,291.0759,23.3528,12506.5332,21135.1126,237.4201,11.9544,12425.0765,2.5021,522.1073,232.6939,620.2391,15.0125,1222.958,658.0484
TCGA-05-4405-01,11.86666667,2353.0035,3489.4161,1.3253,216.6804,657.3302,19.8789,3321.7704,965.4537,959.49,1535.3166,1035.03,2007.11,376.3745,1158.2794,190.1752,235.2341,82.1663,210.7167,1183.4594,1475.6798,5341.4704,201.4399,1551.2197,1834.8259,2830.7607,19097.6221,1367.0083,878.649,2750.5492,2974.5516,7624.8977,272.3414,431.3729,481.7329,1188.7604,8.6142,0,106.6836,673.2333,11584.782,15.9031,286.9193,4407.1604,3163.4016,3511.9456,379.0251,1060.8726,2361.6177,676.5465,467.8177,3019.5244,1144.3642,1081.9708,703.7144,848.8306,866.059,6681.9734,601.6692,14.5779,740.8217,1673.8065,3037.5016,2125.0584,954.8516,4307.5603,1799.0438,4462.1588,4017.5332,1311.3472,16.5658,1408.754,2200.1676,361.7967,1200.6878,3494.0545,632.1502,327.3398,1617.4829,2358.9672,1245.0841,37.1073,1481.6435,1793.0801,5575.3793,1347.7919,1262.6438,7139.8516,1373.6346,282.9435,95.4189,1246.4094,2222.4652,1134.4247,648.0534,487.034,3309.1804,867.3843,1441.223,1022.44,9.2768,1786.4538,679.197,172.2841,1593.6281,2384.8098,83.4915,308.1235,22379.0449,1131.1115,990.6337,12977.6329,885.2753,2057.47,55.661,79.5157,479.745,104.6957,1386.8872,2328.4862,399.5666,1108.5821,186.862,320.7135,4242.1652,555.285,1007.8621,1368.9961,123.912,5571.4035,60.2994,360.4714,80.841,1396.164,137.3701,256.4383,1561.1592,142.4657,608.9581,1207.9768,212.042,460.5287,419.4456,4861.7254,1224.5425,2116.4442,1527.365,1911.6911,2475.5903,868.0469,3833.9844,1341.8283,983.3448,337.2793,1575.0745,98.2682,1273.5772,320.7135,43.7337,816.3617,1055.5716,7.9516,52.3479,12.59,305.473,48.3721,4628.4792,1079.4263,7539.4183,3221.0505,2121.7452,1533.9913,2686.3071,783.8928,1804.3449,1141.051,394.2656,1801.6943,1320.6241,7754.1108,784.5554,2480.8914,1589.6524,3723.9876,922.4622,2127.0463,3435.0804,270.3535,1127.7984,96.0815,122.5868,1954.0995,739.4965,3354.902,1840.7896,158.3689,843.5296,114.6352,2761.1844,829.6143,329.3277,63.6126,22.5295,312.0993,585.766,1547.244,756.0622,1027.7411,846.8427,1906.3901,796.4828,115.2978,543.3576,325.2128,12195.0654,363.1219,269.2867,864.0711,2042.8921,2704.1981,31.1437,658.6555,926.3585,499.624,632.1502,94.7563,10786.974,53.6731,43.071,952.8637,264.3899,1079.4263,663.2939,177.5852,1.9879,1786.4538,0.6626,2001.809,2930.1554,2296.0173,792.9244,7363.821,1203.3383,1239.1204,3431.7672,210.7167,2019.0374,1782.478,2360.9551,1012.5005,999.2479,29.8184,5890.7917,6416.921,2486.8551,14.5779,229.2704,192.1631,46.3842,50.36,2127.0463,175.5973,2655.1634,63.6126,3089.8495,334.6288,4.6384,47496.0822,8339.2142,389.6272,199.9622,302.1598,315.4125,547.996,0.6626,418.7829,2367.5814,2640.5855,530.7676,1455.1382,3645.7971,11474.7852,202.1025,337.9419,1.3253,712.3286,1.3253,211.3794,662.6312,1050.9332,159.6941,107.3463,5919.9475,74376.3812,106.6836,0.6626,8492.9446,3.3132,664.6191,279.6304,594.3802,57.6489,1319.862,444.6256
TCGA-05-4410-01,32.9,1947.2477,4653.6697,5.3517,153.6697,557.3394,15.2905,4863.1498,2019.1131,1029.8165,1613.9144,1351.682,1421.2538,357.0336,1279.8165,230.1223,360.0917,177.37,274.4648,1175.0765,1318.8073,10370.7951,209.4801,1389.9083,2225.5352,2705.6575,11455.6193,1254.5872,552.7523,5409.0061,5662.844,10733.1804,301.9878,474.0061,134.5566,997.7064,17.5841,0,189.6024,561.9266,20791.2844,32.8746,357.7982,3139.1437,2535.1682,3889.1437,611.6208,778.2875,2113.1498,513.7615,2068.8073,3338.8761,1186.5443,1363.1651,777.5229,1003.0581,1107.7982,23499.2355,590.2141,31.3456,598.6239,798.9297,2076.4526,1946.4832,983.945,2586.3761,1733.1804,6785.1682,3461.7737,1691.1315,64.2202,1564.2202,1264.3425,652.9052,1068.0428,3225.5352,636.0856,311.9266,962.5382,2769.1131,961.7737,15.2905,1034.4037,2344.0367,5194.9541,2955.6575,1278.6162,3875.3823,1309.633,84.8624,110.8563,1220.1835,1888.3792,970.948,532.8746,877.6758,1667.4312,713.3028,918.1957,1142.9664,15.2905,3036.6972,973.2416,104.7401,983.1804,1597.8593,63.4557,334.8624,30276.7584,1089.4495,1416.6667,8970.948,830.2752,2130.7339,97.0948,107.0336,1480.1223,251.5291,1649.8471,1746.1774,285.9327,1652.1407,113.1498,123.8532,1808.104,223.2416,1162.844,1146.0245,149.8471,6496.1774,35.1682,159.0214,70.3364,2359.3272,401.3685,207.9511,589.4495,141.4373,490.8257,1423.5474,123.0887,866.9725,948.0122,2453.3639,1314.9847,629.9694,1055.0459,1862.3853,1432.7217,1024.4648,5568.0428,1363.9144,846.3303,203.3639,2574.9235,151.8349,1130.7339,558.104,5.3517,1815.7492,714.8318,8.4098,115.4434,14.526,310.3976,191.896,1397.5535,657.4924,9928.1346,3373.081,2573.3945,1454.893,4897.5535,1252.2936,2649.0826,1872.3242,149.8471,2658.2569,2673.5474,9503.0581,376.1468,1863.9144,3634.5566,4643.7309,1041.3073,2190.367,2679.6636,213.3028,1216.3609,208.7156,116.208,946.4832,513.7615,4354.7401,1623.0887,148.318,335.6269,207.1865,2785.9327,683.4862,341.7431,17.5841,17.5841,286.6972,362.3853,1232.4159,393.7309,1256.1162,317.2783,1679.6636,292.0489,190.367,350.1529,353.0275,10412.0795,555.8104,424.4725,897.5535,1951.8349,1045.8716,73.3945,1444.9541,722.4771,522.9358,644.4954,522.1713,7088.685,123.0887,38.2263,950.3058,134.5566,972.4771,46.6361,109.3272,6.8807,2953.3639,1.5291,3532.8746,706.422,1901.3761,1045.0459,2373.8532,1922.0183,1550.4587,2999.2355,600.9174,2616.208,3185.7798,2400.6116,568.0428,515.2905,141.4373,3050.4587,5474.0061,3085.6269,16.8196,176.6055,198.0122,104.7401,90.2141,1999.2355,166.6667,1295.107,94.8012,4057.3394,233.945,3.8226,130762.9969,9379.9694,420.4893,165.3823,142.9664,709.4801,1258.4098,6.1162,1077.9817,2532.8746,2058.8685,350.9174,2372.3242,4363.9144,16506.8807,147.5535,201.0703,0.7645,889.1437,12.2324,545.8716,499.2355,948.7768,135.3211,4.5872,8412.0795,32590.9786,36.6972,0.9098,6775.2294,1.5291,539.7554,286.6972,573.3945,80.2752,1514.5031,204.1284
TCGA-05-4415-01,5.966666667,4889.3333,2368.8889,4,252.8889,860,61.7778,4973.3333,1607.1111,1470.6667,2640,968.4444,1749.3333,69.7778,1411.1111,171.5556,694.6667,312.4444,83.1111,1302.6667,2206.6667,401.7778,758.6667,101.7778,1376.8889,2651.1111,7927.9778,1237.3333,1134.6667,7015.4711,3139.1111,3067.5556,343.1111,283.5556,16,56.4444,0.4444,0,500.8889,424.8889,20343.5556,35.5556,807.1111,7932.4444,1080.4444,4871.5556,220,180.8889,2734.2222,479.5556,183.1111,4698.8489,3100.4444,1738.7911,399.5556,1651.1111,875.5556,3814.6667,683.5556,6.2222,1664.4444,2760.4444,834.6667,2742.6667,1187.5556,4302.1733,471.5556,2317.7778,17129.7778,3761.3333,2.2222,2116.8889,182.1378,370.6667,771.1111,6833.7778,199.1111,353.3333,2573.3333,5771.1111,1636.4444,13.3333,397.7778,1238.2222,8058.2222,6653.7778,1886.0178,517.7778,1512.8889,536.8889,28.8889,711.1111,2604,200.4444,539.5556,1677.3333,192.4444,855.5556,1874.2222,562.2222,4.4444,2031.1111,672.4444,175.1111,305.3333,2504.4444,285.7778,69.3333,20533.7778,1024,967.5556,2121.0978,338.2222,3768.4444,652,63.1111,80,21.7778,2606.6667,2398.6667,1356.8889,998.6667,205.7778,634.6667,745.3333,297.7778,1505.3333,351.1111,26.2222,654.2222,19.5556,92.4444,4,502.2222,656.6667,631.5556,3704,1128.4444,860.4444,3535.5556,335.1111,187.5556,119.5556,718.2222,5385.72,313.3333,128.8889,1440.4444,1805.7778,1152.4444,3225.7778,2924.4444,666.2222,51.1111,3033.7778,167.0267,3530.2222,42.6667,12,2793.7778,988.4444,4.4444,6.2222,0.4444,355.5556,60.8889,820.4444,690.2222,12701.3333,4243.5511,1371.5556,475.5556,1949.3333,1783.5556,2928.4444,887.5556,154.6667,2258.2222,353.7778,6973.7778,435.5556,177.3333,226.2222,2495.1111,224.7067,1417.7778,5679.5556,982.2222,1319.5556,1572,228.8889,5891.5556,1456.8889,936.8889,4292.8889,228.8889,982.6667,784.8889,3604,1399.9956,474.2222,19.5556,4.8889,450.2222,459.5556,1829.7778,804.8889,1450.2222,3037.7778,9876.4444,145.3333,104,519.5556,22.4089,20336.8889,665.3333,551.5378,2374.6667,3741.7778,1578.2222,39.1111,730.2222,1427.5556,1658.6667,1665.3333,656.4444,8376,397.7778,76.4444,1862.6667,66.2222,1387.1111,131.1111,27.5556,112,2150.6667,0.4444,3044.8889,2503.5556,1836,1757.9733,19642.2222,1450.6667,1676,4498.6667,604.4444,2237.3333,2763.5556,852.8889,265.3333,281.7778,13.7778,2906.6667,7639.5556,1401.3333,65.7778,366.2222,332.4444,362.6667,235.5556,4024.4444,84.4444,1320,146.2222,371.1111,15.5556,21.7778,10229.7778,12488,448.8889,222.0889,12.4444,107.1111,1496.4444,2.2222,959.5556,2707.5556,1114.6667,500,5108.4444,1628.4444,18998.2222,32.4444,483.1111,0,580.8889,0,23.5556,567.5556,831.5556,24.4444,0.8889,2892.8889,4474.2222,35.1111,0.8889,1911.5556,6.6667,573.8978,669.7778,437.3333,4.4444,546.3822,117.3333
TCGA-05-4417-01,8.6,2544.6909,3793.2097,2.5415,177.906,743.3929,31.1335,2490.6838,1448.663,951.1616,2359.1604,988.0136,1185.6163,512.7505,1197.0531,224.2886,160.7508,108.6497,844.418,762.4542,1135.4214,7196.297,63.5379,383.7686,1735.2187,2568.1999,10721.9552,975.9414,1111.277,1159.5404,2627.2901,4584.256,179.1767,480.3462,139.7833,102.2959,46.3826,0,110.5559,470.1801,16390.8594,50.1949,419.9852,3731.578,3167.3619,4190.9567,415.5375,707.1763,2594.8858,740.216,4708.1548,2244.0616,3154.0189,1451.2045,685.5734,1344.4609,912.4035,170.2814,480.3462,8.8953,758.6419,1164.0134,1433.4139,2279.7381,817.7321,2767.5309,1580.8217,3547.3182,6728.0231,1785.4136,64.1732,1296.8075,2684.4107,426.339,1102.3817,5341.6271,1565.5727,151.2201,1991.9116,3125.4269,1143.6813,328.4907,397.7469,1250.4249,5687.2731,1554.1358,1312.7428,3145.1236,1468.3597,270.0359,293.5449,1244.0711,2321.0377,822.8152,594.0789,1859.1175,1268.8509,780.8802,967.6815,571.8407,55.9133,1873.0959,536.8948,71.7978,1023.5948,1543.3344,36.2166,325.3138,33250.6282,1195.7824,1346.3671,4335.1876,1599.2477,1409.2695,62.2671,79.4223,1191.9701,268.1297,1195.147,2833.1528,487.9707,1256.7787,203.9565,158.8446,2110.092,3748.0978,1538.2514,3219.4629,346.9167,3696.6322,22.2382,598.5266,1130.3384,2086.583,188.3707,123.8988,1794.9443,41.2996,255.4222,1578.9156,162.0215,920.6635,480.9815,3751.2747,2147.5794,2331.8391,1026.1363,1327.3057,2186.9728,693.198,3930.4515,1576.3741,689.3857,232.5485,1313.3274,83.1965,1270.1216,287.1911,67.3501,1125.8907,1333.0241,6.9892,95.3068,41.935,223.0179,131.5234,7413.5965,1702.8144,7904.7441,6271.1795,1786.6844,1292.9953,2069.4278,984.2013,2134.8718,1413.0818,102.9313,1461.3706,1231.9989,9002.6781,559.1331,1607.5076,1822.2656,3974.2926,874.1093,1848.3161,3119.0731,449.2126,2287.998,251.6099,142.9602,1214.2083,446.0357,2390.9293,5043.6346,186.1659,402.1946,135.971,1994.4531,364.0719,268.7651,83.2346,83.2346,291.0034,398.3823,1325.3996,2845.225,1664.0563,1453.1107,1683.7531,414.2668,304.9817,3278.5531,62.7119,11906.9933,375.5087,376.3665,1116.36,7802.4481,1719.9696,114.3681,1261.8617,449.848,443.4942,546.4255,104.8375,7145.4667,56.5487,41.2996,1152.5766,203.3211,737.0391,170.9168,516.5627,9.5307,1535.7099,1.2708,2188.2436,2422.0629,1935.9983,693.1789,1609.4138,944.1725,1387.6667,2975.4776,290.368,2266.3951,1932.1861,3710.6105,1442.9446,282.1081,66.0794,6581.2506,4560.1116,1233.9051,110.5559,176.6352,187.4367,99.119,51.4657,1875.6374,484.1584,3408.8057,27.3213,4912.1113,224.924,8.8953,61131.6727,10183.2114,513.3858,125.7922,165.1984,395.2054,601.0681,0,522.9165,3049.1815,1249.7895,451.1187,1502.6702,1461.3706,9023.6456,221.1117,263.6821,0,759.9127,0,310.0647,581.3713,524.8226,179.1767,7.6245,4225.2671,20959.2309,333.5737,1.2708,2997.0804,13.9783,433.3281,331.0322,322.1369,110.5559,779.5967,229.3716
TCGA-05-4418-01,8.066666667,1476.693,3389.4474,2.3265,142.9165,432.7378,2.3265,2225.8413,1209.4724,565.3511,666.3897,994.7653,1419.194,111.3419,663.3984,128.9572,219.3602,67.8022,168.5085,470.6273,910.0125,5133.361,10.6356,389.1982,1328.4587,1065.2264,10466.4528,1543.1658,528.1263,619.1874,1142.0025,4014.9564,272.2061,385.2098,114.3332,363.2738,9.9709,0.3324,70.4612,267.8853,16995.0976,143.2489,560.3656,5381.9693,3957.1251,3333.9427,256.9173,479.2688,2496.0532,375.2389,542.0856,1688.359,1347.071,2011.5663,551.0594,911.0096,805.3178,5506.9381,891.0677,3.9884,583.6311,1094.8068,2330.8683,1121.3959,358.2883,3794.5891,479.9335,1666.8052,12916.3274,3099.2937,19.6095,839.8837,760.7146,273.2032,337.3494,8485.5837,1414.2086,124.6365,1083.8388,2747.985,1120.3988,61.155,765.7665,978.8118,5943.3319,3455.2555,1440.7644,1669.1317,1329.4558,425.0935,123.307,1146.988,1748.899,1044.2875,335.6876,1494.3083,1031.99,329.3727,1299.8754,560.0332,4.3207,2420.9389,383.548,59.8255,1298.5459,1399.2522,65.4757,291.1508,24419.1109,1211.4666,1086.1654,2237.4142,582.3016,3946.8218,527.7939,129.6219,1655.8371,310.7603,1401.2464,2817.4491,524.8027,2036.7262,213.0453,197.0918,1470.7104,326.3814,1176.5683,3738.4296,43.872,4844.8691,4.6531,161.5289,109.3477,1022.0191,305.6518,186.1238,626.8384,372.2476,523.4732,1878.8533,34.5658,485.2514,434.0673,1909.0985,1630.5775,255.9202,959.2023,719.2356,2077.9393,1150.644,1709.6801,9696.3855,577.3162,157.5405,1333.7765,188.3108,1160.9472,75.4466,35.2306,1076.5268,794.3498,6.3149,38.8866,7.312,251.2671,188.4504,1339.4267,1023.0162,5310.511,5362.6855,2440.8808,540.4238,3867.7192,3535.0229,2990.2784,3602.1604,11.6327,876.1113,1339.0943,8043.5397,574.3249,998.7536,1785.7914,2365.7665,1290.9813,1042.6257,3872.0399,158.87,2162.3598,950.5609,381.2214,1339.4267,450.6855,1314.4994,6704.4454,258.5791,119.651,278.8533,1279.9335,461.9826,527.1292,37.5571,19.6095,169.838,535.7707,1825.6751,493.5604,734.1919,1411.882,1532.8625,275.1973,142.9165,678.0224,23.9934,15783.6311,329.705,493.2015,2828.7495,4757.4574,3627.0877,110.3448,715.2472,437.0586,982.8002,825.9244,830.9098,8276.8592,241.2962,65.4757,304.7777,39.8837,1217.1167,63.4815,102.0357,7.312,1550.4778,5.7366,5452.7628,4202.4096,1677.4408,947.2671,18001.4956,537.1001,582.634,3811.2173,340.3407,1471.7075,3343.9136,1730.619,605.2347,1572.4138,49.8546,7085.6668,2582.8002,784.3789,41.5455,180.4736,206.0656,175.8205,104.6946,2477.7732,78.4379,2341.5039,46.8633,1704.6946,101.371,39.8837,44136.6016,10858.3299,193.7682,330.6489,50.8517,324.3872,78.7703,0,1332.447,1197.5073,1498.9614,631.8238,1623.2655,2145.0769,20231.99,74.4495,240.6315,0.9971,1279.9335,1.9942,80.0997,308.1014,434.732,115.995,0.6647,5118.737,1824.678,34.8982,0.3324,6672.8708,756.128,936.9971,386.2069,416.1197,77.4408,977.8114,215.3718
TCGA-05-4420-01,8.766666667,1595.3195,2996.0557,1.0518,145.4115,292.4007,8.6774,2080.1998,1572.4428,796.7394,1038.3907,385.7481,1492.243,37.8648,1134.8935,161.4515,255.0618,232.711,101.4988,837.4967,706.2845,4077.8333,98.3434,247.9621,826.1899,1061.0045,14794.0573,1729.95,1995.2669,569.0139,1083.6182,6508.5459,648.9613,207.7307,24.7173,259.5319,2.3666,0.263,7.0997,679.7265,26650.2761,44.7016,1120.1683,1723.3763,6041.0202,1797.5283,122.2719,448.5932,2306.863,429.9237,4820.142,1775.0013,1457.0076,1970.426,432.2903,785.9585,1436.4975,1348.1462,718.6432,10.518,1082.5664,1836.7079,1023.4026,632.1325,1603.7339,1576.1373,704.7068,2349.198,6641.5987,3677.8859,0.7889,879.3058,1331.796,308.9666,443.8601,2866.1583,313.1738,210.3602,1138.0489,3013.4105,1249.2769,178.8062,704.7068,1364.975,5624.507,1931.8959,2445.777,2054.4307,2606.8893,347.0944,49.9606,1366.0268,2135.4194,402.051,322.3771,256.9024,1141.2043,610.8336,868.2619,987.9043,3.4184,1329.2138,757.2969,119.9053,1270.8388,1246.1215,108.5985,79.411,61351.8275,577.9648,1008.6774,5374.3939,165.6587,3890.6127,133.3158,19.9842,324.2177,79.411,1354.72,6955.8243,419.4057,1946.0952,550.355,663.6866,531.4226,3183.8023,843.5446,1190.376,57.5861,3553.5104,3.4184,182.4875,6.5738,1194.5832,232.5454,288.9824,488.8246,33.1317,368.1304,1019.4583,117.5388,111.228,107.5467,786.4844,880.0947,1777.807,1139.6266,1035.4983,2956.0873,650.0131,3689.1927,2015.777,476.7289,84.407,1504.3387,307.5756,255.0618,765.9742,1364.975,1323.6918,559.5582,10.518,1.8407,1.0518,244.8067,34.9724,2796.7394,1063.634,4647.6466,5409.148,2254.5359,1386.7999,1189.5872,2246.1215,2066.0005,2681.3042,1273.4683,994.741,1428.0831,5536.6816,377.3337,804.102,581.1202,2188.5354,640.518,1324.7436,4889.5609,125.9532,1452.2745,1261.1097,445.7008,765.1854,874.0468,3730.4759,3432.2903,349.461,143.045,274.7831,2423.6129,1033.6576,456.7447,19.9842,211.675,216.671,128.3197,1306.3371,1189.0613,1108.5985,795.4247,1501.7092,160.1367,137.2601,1333.421,113.4262,5507.757,491.4541,415.5535,607.9411,2083.0923,1552.4586,19.7213,809.8869,768.0778,395.4773,763.0818,644.4912,10240.3366,197.7386,70.7336,1259.5319,80.9887,655.7981,17.0918,59.1638,8.6774,1165.3957,35.1196,2590.5864,1745.7271,1670.5233,763.2685,6252.1693,1603.9968,1287.4047,3373.3894,574.8094,1404.6805,3979.2269,2050.4865,305.8112,1035.2353,68.893,2854.8514,2554.0363,1722.0615,4.4702,170.9177,166.1846,115.3931,424.4018,574.8094,102.0247,5504.3387,154.0889,1590.0605,19.4583,0.7889,13333.158,3817.5125,455.4299,192.6768,18.9324,180.121,305.5483,0,602.6821,738.6274,2260.8467,628.7142,1773.3368,5431.5014,4289.5083,18.6695,226.9261,0.7889,448.0673,0.7889,381.015,362.6085,210.3602,86.5106,2.8925,10748.8825,3849.5924,514.3308,5.3642,10874.8357,107.2837,448.6064,370.7599,856.955,759.39,383.8364,351.8275
TCGA-05-4422-01,1.6,2202.1309,4376.5601,4.8706,344.2922,481.8874,82.4962,1970.1674,1205.175,1725.1142,1385.997,859.6651,1513.8508,231.0502,1695.586,143.0746,194.2161,151.9026,578.9954,484.0183,883.105,11450.8371,56.0122,3422.2222,1526.9406,2178.9954,6081.519,1267.2755,864.5358,487.309,2395.7382,4302.2831,297.1081,576.8645,456.0122,1018.2648,28.3105,0.3044,90.1065,342.1613,49277.93,890.7154,610.6545,6389.0411,4120.2435,2084.3227,421.9178,622.8311,2609.1324,607.3059,6871.5373,2511.1446,1385.6925,1076.7154,857.5342,940.0304,974.7336,63.9269,775.3425,18.5693,725.1142,947.9452,1469.102,1516.5906,590.8676,2436.5571,1753.1202,2078.2344,9105.9361,1182.0396,17.3516,1062.7093,668.554,373.2116,824.9619,3302.2831,955.2511,447.793,2329.6804,2251.7504,795.7382,17.656,1705.3272,1392.3896,5890.1065,1283.105,1109.4947,1896.1948,1510.1979,37.7473,102.2831,1234.0944,2068.4932,669.4064,688.8889,1699.8478,3121.1568,947.9452,819.7869,877.93,0.3044,2263.3181,604.5662,107.4581,861.796,1101.6743,45.9665,333.9422,28292.8463,548.2496,1007.9148,2272.4505,727.8539,2594.825,107.7626,54.4901,1102.5875,207.6104,1033.4855,2597.2603,1131.8113,1927.8539,181.4307,317.8082,2122.9833,2171.9939,1415.5251,2445.6621,79.4521,11521.7656,6.0883,123.2877,233.4855,1119.0259,411.9452,361.035,217.0472,618.5693,872.3836,1642.3135,76.1035,743.0746,646.2709,2487.6712,1394.5205,368.0365,1591.172,1009.4368,1303.8052,779.9087,3034.3988,2495.586,1336.9863,332.1157,773.2116,146.9193,6005.7839,185.997,16.1339,1984.7793,912.3288,3.9574,29.8326,0.9132,294.0639,117.5038,1046.2709,893.1507,6988.7367,2715.0654,2590.8676,835.312,3214.6119,2312.3288,4847.4886,1076.7123,38.0518,1125.1142,1481.583,7635.9209,687.3668,2035.9209,1454.7945,4176.2557,2303.8539,1592.9985,3305.3272,119.3303,1976.5601,1415.2207,217.0472,1239.2694,570.7763,1647.1842,5901.0654,269.7108,178.0822,134.8554,1866.9711,597.5616,624.0487,141.2481,136.0731,236.5297,386.6058,1153.7291,817.3516,938.8128,863.6225,1620.3957,352.8158,142.1613,3187.2146,87.7199,11126.0274,908.3714,351.3546,2081.2785,2749.7717,2709.8935,170.4718,957.382,541.2481,482.1918,682.4962,298.6301,4944.9011,230.7458,81.583,1432.5723,86.1492,891.0198,129.376,44.7489,7.3059,1525.723,13.2177,1456.9254,2143.6834,1177.4734,933.4186,1341.8569,547.6408,578.0822,4922.07,337.2907,1613.6986,1807.6104,2767.4277,643.2268,663.3181,81.8874,1420.0913,2781.4307,2323.5921,175.3425,230.7458,184.4749,180.8219,75.4947,1252.0548,73.0594,3536.0731,70.624,5137.8995,150.9893,24.3531,166001.5221,9543.6834,728.1583,317.2481,43.5312,530.5936,698.6301,0,1073.9726,3830.4414,1123.2877,2558.9041,1943.9878,3372.6027,7184.1705,646.8798,373.8204,3.653,1080.9741,6.3927,48.0974,621.0046,916.5906,173.8204,0.6088,2327.5495,1982.6484,94.6728,10.6545,6470.0152,16.4384,787.2542,188.4323,779.2998,107.6286,938.6667,80.0609
TCGA-05-4424-01,22.83333333,1568.6368,4031.9352,33.8418,300.286,821.2583,305.0524,4190.1811,1328.8847,957.102,2008.103,778.3603,1789.7998,295.0429,1119.1611,361.7731,538.1316,178.7417,863.6797,1296.4728,1780.7436,21117.7312,110.5815,870.8294,1622.9743,4582.4595,19165.8484,1238.7989,1647.2831,673.9704,3742.612,14299.3327,181.1249,387.9886,739.7521,1469.4948,19.5424,0,55.2908,351.2869,30216.8732,13.346,204.9571,13442.8027,4379.8856,5748.8084,417.5405,392.2784,3040.9914,813.1554,654.4328,2336.673,2608.6749,982.8456,709.7235,1550.5243,1169.6854,796.9495,858.4366,19.5424,1409.9142,3341.2774,1948.5224,1419.4471,817.9218,2371.225,1065.7769,10267.8742,8127.2641,2233.0791,8.103,2313.1554,1600.9295,766.9209,1878.4557,7933.7464,502.8599,327.9314,1316.0153,4248.3317,1030.9819,63.3937,651.0963,2140.6101,6384.652,1699.2374,1267.96,3333.1745,1608.6749,414.6806,64.8236,1655.3861,2802.6692,469.4948,554.8141,1438.5129,2193.9943,468.5415,1070.5434,878.4557,20.0191,2330.7912,537.1783,242.612,1380.8389,3064.8236,124.4042,377.979,32435.653,1113.918,999.0467,2117.8027,581.5062,1116.3012,385.6053,42.4214,189.2278,58.1506,2297.9028,2571.4967,616.7779,1082.9361,176.8351,254.5281,3648.7131,2338.8942,1476.6444,1919.4471,155.3861,7153.9561,46.2345,551.4776,128.2173,1358.4366,191.9447,240.2288,1664.919,603.9085,641.0867,1802.1926,225.9295,677.3117,119.1611,1660.6292,2076.7398,998.5701,860.8198,2122.4976,1270.2574,838.8942,3646.8065,1875.1192,683.9847,692.0877,2204.9571,135.3622,1030.0286,418.0172,166.8255,1460.4385,1862.7264,3.8132,54.8141,14.776,247.8551,136.7969,3406.101,688.2745,7784.5567,7271.6873,2088.1792,1673.9752,4379.8856,1170.6387,2824.1182,1480.4576,1040.0381,1877.979,1463.2984,13078.6463,541.9447,1266.9209,961.8684,5311.2488,499.4852,2268.3508,6976.6444,436.1296,1494.7569,353.6702,276.9304,1888.9418,964.2517,2941.3727,3597.2355,204.0038,897.0448,194.4709,1578.1697,430.8818,288.3699,110.5815,185.4147,248.3317,226.8827,1120.1144,1786.4633,2024.7855,623.4509,1154.9094,493.327,998.0934,912.2974,100.6196,10281.6969,551.001,372.9504,1969.4948,5368.4461,1757.8646,38.6082,636.7969,669.2088,881.7922,739.2755,567.6835,6349.857,130.6006,119.1611,255.0048,286.9399,1030.5052,841.2774,153.4795,0.4766,1083.8894,4.7664,4355.1001,1312.2021,2382.7455,872.755,4578.1697,827.9314,1455.6721,3045.2812,340.3241,2907.531,3364.1563,3190.6578,722.1163,251.6683,143.9466,10930.4099,8236.4156,1664.4423,16.6826,293.1363,189.2278,67.2069,255.9581,2071.02,427.55,1794.0896,164.4423,2064.8236,154.9094,3.3365,68420.4004,10918.4938,572.9266,251.3632,146.3298,464.2517,533.3651,0.9533,706.8637,2472.3546,13087.7026,364.633,1623.9276,2783.1268,19630.1239,173.4986,328.408,1.4299,910.3908,1.9066,37.1783,860.8198,1253.5748,236.4156,72.45,8663.489,35983.7941,234.9857,1.9066,8792.6597,224.9762,589.6092,635.8437,412.2974,32.8885,1007.612,616.3012
TCGA-05-4425-01,1.133333333,1547.8456,3324.5663,6.7152,135.4225,634.5831,5.596,743.1449,949.6363,1485.1707,1102.9659,669.8377,1556.7991,224.3984,484.6111,168.9983,269.7258,118.6346,683.268,820.3693,1257.9743,5770.0056,50.9233,2755.4561,1269.7258,1788.4723,16188.545,1342.4734,476.7767,1013.4191,1973.1393,3688.864,71.0688,1749.8601,4074.4264,1791.8299,6.7152,0,117.5154,612.1992,16637.9407,460.5484,576.9446,2526.5809,1697.8176,4021.8243,630.6659,614.4376,1772.244,574.7062,187.465,1338.9759,1855.624,1653.7101,861.2199,735.3106,1116.3962,273.0834,838.2764,6.7152,748.7409,1118.075,2048.1253,2062.1153,804.7006,3940.3637,1330.7219,2917.1796,8013.9899,1593.7325,7.2748,675.9933,930.1959,148.8528,966.9838,4624.5104,921.0968,587.0173,2075.5456,1974.2585,800.2238,3.9172,2783.4359,961.9474,5157.2468,1281.4773,1281.9474,1448.2373,1424.1746,163.9619,341.3542,2146.6144,1782.3167,890.8786,532.7364,1187.465,1124.7902,456.0716,1213.2065,682.1489,0,2009.5132,528.8193,121.9922,1514.8293,1343.5926,150.5316,335.1987,28368.2149,913.2625,1522.1041,4771.662,497.4818,2724.6782,85.0588,137.6609,83.9396,51.4829,1943.4807,1876.8886,251.8187,630.1063,151.0912,234.4712,3716.8439,322.3279,1308.338,2446.5585,118.6346,6496.9222,11.1919,229.9944,145.4952,900.9513,398.4331,291.5501,3895.3553,348.629,354.225,1372.6917,47.5658,495.2434,108.0022,4289.8713,889.1998,376.0492,1577.5042,1267.4874,1689.4236,414.6614,2980.9737,2152.77,406.8271,639.0599,698.3772,215.2154,1725.7974,245.6631,19.5859,1157.8064,636.8215,7.8344,279.7985,12.3111,383.8836,264.1298,4099.0487,1355.3442,7434.8069,4846.6648,2015.6687,1837.1572,1927.2524,938.4443,1599.8881,2846.6704,744.2641,770.0056,1787.3531,9149.4124,532.1768,2260.7722,1438.1645,6068.2708,1244.4712,998.3212,2416.3402,224.3984,1307.7784,316.1724,82.2608,1976.4969,171.7963,2151.6508,8994.9636,55.4001,673.7549,343.5926,1844.9916,329.0431,522.6637,141.0185,36.9334,227.1964,1267.4874,917.7392,715.7247,1100.1679,3628.9871,279.7985,342.4734,293.7885,156.1276,102.1656,8014.5495,495.2434,424.1858,2200.3358,2988.8081,1506.995,48.1253,1724.1186,368.2149,560.1567,543.9284,811.9754,5063.7941,171.7963,69.39,1000,111.3598,146.0548,249.5803,452.1544,2.798,1832.1209,30.2126,4775.6016,3504.197,1542.8092,631.3374,4549.5243,886.9614,1822.6077,2725.7974,311.136,2071.0688,2697.258,3265.249,819.8097,1095.6911,11.1919,3782.3167,2674.3145,1613.878,26.3011,306.0996,397.3139,47.5658,101.8467,4326.2451,142.6973,2916.62,49.2445,3376.6088,44.7678,22.3839,119490.2071,9251.8187,485.1707,305.5064,264.6894,255.1763,567.991,12.3111,254.0571,1955.7918,1295.4673,622.272,1203.1337,2245.1035,8794.0683,1000,147.7336,0,1213.2065,3.3576,8.9536,534.9748,993.2848,252.3783,6.1556,9430.8898,39121.9922,30.7778,2.2384,5734.751,3.3576,516.0157,545.0476,972.0201,18.4667,1403.9284,165.6407
TCGA-05-4426-01,1.633333333,3234.6795,3965.6169,2.3712,203.0382,654.4646,13.9311,2429.937,1739.3109,1082.475,2399.1108,674.6202,2271.6562,85.6614,690.9226,142.5713,293.7384,88.329,824.3053,965.0982,1075.6577,8805.6317,441.6451,219.6369,2564.5054,2241.1263,18398.7166,1401.4079,315.9689,1444.6714,1364.6536,6522.1193,393.6273,315.6725,193.8496,95.4428,4.4461,0,27.2694,952.9455,21736.3468,14.2275,482.8455,1728.3438,1399.9259,3625.9355,325.4539,770.3594,2125.8244,530.5669,93.9607,1912.3201,559.3183,2452.787,870.5446,1436.3838,835.5687,14077.2138,886.2542,29.6406,591.9229,1249.3516,1760.9485,2381.9192,728.8625,2311.7836,865.8021,4976.658,35041.7192,1590.2186,9.1886,973.3976,424.9278,366.6543,528.492,5795.0352,250.1667,170.7299,2452.4639,2309.5961,642.6084,26.3801,1285.2167,1223.8607,5570.3594,998.5921,1032.821,3102.7788,1413.2642,81.2153,147.0174,1601.482,3753.983,1368.5069,452.3157,608.8181,955.0204,837.6436,1095.2205,788.7366,9.1886,3094.7758,646.7581,88.0326,1908.2623,1491.219,90.1074,193.5532,24480.4742,1102.3342,1218.8218,12643.8266,2502.5565,1555.2427,90.1074,292.5528,37.3472,30.2334,1447.6473,2429.3442,273.2864,1660.4668,211.0411,136.0504,1931.0856,1949.1664,1122.7862,1014.598,63.1345,3474.1756,8.2994,251.6488,133.9755,1013.116,416.5128,237.4213,1168.4328,539.4591,540.7573,1598.518,19.5628,340.5706,32.9011,3057.7251,1174.0645,1579.548,1797.9993,2024.1571,2351.3894,529.0848,1763.3197,4713.7458,619.4887,468.0252,944.9426,175.1019,1343.6087,107.299,8.8922,1739.9037,1132.864,6.2245,33.7903,4.4461,311.2264,87.4398,1337.0878,1804.2238,7202.9641,3066.6084,2533.0863,2255.3538,3216.3023,1324.3423,1744.0534,1493.5902,3.2605,1957.7621,1347.1656,6020.6002,805.9281,1357.5398,761.1708,3853.5754,1636.2534,1357.8362,3280.6225,173.1011,1939.9778,186.4394,70.5446,1502.7788,757.0211,2711.5228,2245.276,138.1252,496.1838,291.96,2501.6673,520.4891,417.3398,52.7603,61.0597,265.8763,2537.236,1020.2297,1009.8555,1047.2027,612.375,1253.2049,489.9592,22.8233,743.09,378.7506,8068.7662,426.2319,429.9044,1374.435,2769.322,2495.7392,54.5387,921.2301,636.6803,514.5609,588.3661,416.4505,5434.0126,93.0715,99.8888,1230.678,94.2571,1422.1564,421.193,240.6817,1.7784,3250.0926,3.5569,10105.3724,8657.1323,1825.8614,1028.1882,13518.7847,155.6132,1160.1334,2750.352,321.0078,1611.8562,2407.1137,3397.7029,534.4202,1926.9359,17.7844,4175.176,3191.997,1180.8818,25.4909,296.9989,183.4754,118.266,115.8948,1115.3761,62.8381,14689.5887,45.9429,1757.3916,47.1286,2.6677,66667.9511,10929.9741,288.6995,418.6647,34.6795,115.5984,614.1534,0.2964,666.3209,1481.734,1760.3557,769.1738,1801.5561,2409.1886,4612.6714,408.1512,181.1041,0.2964,783.4013,0.8892,24.3053,265.2834,666.6173,135.754,3.8533,24117.0804,168753.7607,56.6136,1.236,6734.6425,41.2004,652.1764,535.013,1229.7888,25.1945,1574.2038,473.0641
TCGA-05-4430-01,9,1881.6587,5015.311,1.5949,233.4928,391.0686,29.6651,2207.0175,1562.6794,542.2648,1056.1404,883.5726,1805.4226,205.1037,1099.8405,165.2313,164.9123,49.4418,152.1531,619.1388,1461.882,14973.8437,346.0925,2172.8868,1298.5646,2145.7735,15631.563,1132.3764,623.2855,630.9314,1680.0638,6111.6427,251.0367,269.5375,380.8612,1733.3333,21.0526,0,52.9506,611.4833,28511.0048,24.2424,435.7257,3251.6746,2944.4976,3409.5694,358.8517,332.0574,2644.6571,698.5646,1014.3541,1704.8804,1844.0191,1483.681,725.3589,616.5869,762.3604,5475.2791,660.2871,13.3971,580.2233,1372.2488,2496.9697,1526.3158,749.6013,2363.26,1166.1882,3244.0191,6180.8612,1840.8293,25.5183,1161.4035,2154.2488,555.6619,1240.8293,5865.7097,473.3652,167.4641,2006.6986,2282.6156,1071.7703,38.5965,462.201,949.6013,4523.445,1869.5375,1737.0494,2930.1435,1594.8963,385.9649,211.4833,1686.1244,1709.7289,1033.8118,400.9569,740.9888,1606.6986,531.1005,989.4737,493.1419,12.7592,2225.5183,353.429,116.1085,1321.2121,1486.7624,91.547,373.8437,29860.925,682.2967,1517.3844,5485.5566,670.8134,4516.7464,100.1595,70.8134,315.4705,117.7033,1233.8118,4659.6491,307.496,1723.445,283.2536,224.2424,3040.5104,661.244,1349.2823,2034.4498,177.3525,4998.4051,43.3812,529.8246,397.1292,1147.3684,249.008,205.7416,1458.0542,265.0718,438.5965,1268.8995,135.2472,505.5821,148.9633,2951.8341,1138.756,3930.4625,1589.1547,926.6348,2582.4561,648.8038,2594.8963,1431.8979,414.0351,283.8915,945.1356,116.6411,808.9314,350.8772,189.4737,1105.9011,811.8022,19.1388,61.563,21.0526,263.7959,167.1451,4853.5885,3276.555,6684.5295,4072.4051,1865.3907,1434.7687,3072.4083,1323.764,3348.3254,1724.7209,160.4466,1080.0638,1279.7448,6261.244,753.11,1092.185,1249.1228,4802.8708,925.7352,1634.4498,2989.1547,401.5949,1697.9266,307.496,97.2887,2058.3732,431.5789,2649.1228,4167.7831,198.0861,890.2711,143.5407,1921.5311,565.2313,336.5231,65.3907,98.5646,317.0654,636.3636,1680.0638,1736.2041,1030.303,1855.8214,1384.37,431.5789,314.5136,490.9091,226.7687,11847.2089,279.7448,483.378,1015.63,3567.7831,2249.7608,41.4673,562.3604,377.3525,511.6427,454.5455,284.8485,7262.5199,155.0239,80.3828,1104.6252,118.9793,941.9458,607.9745,253.5885,0.9569,1162.0415,0.9569,6852.9506,5592.6635,1641.4673,689.7161,4404.1467,759.8086,1453.9075,2578.3094,291.547,1825.1994,1867.9426,2561.0845,1032.5359,347.6874,120.5742,6156.2998,3859.6491,1791.3876,16.5869,205.1037,161.4035,48.1659,96.0128,1759.4896,312.2807,8312.9187,45.2951,1901.7544,106.2201,14.0351,71880.7018,6597.1292,307.815,187.0845,187.2408,258.3732,444.9761,0.319,579.9043,2051.3557,5252.9506,542.2648,1180.8612,3085.8054,7909.7289,186.2839,216.5869,1.9139,925.3589,4.1467,346.7305,592.0255,726.9537,256.1404,39.5534,14680.0638,64051.0367,284.5295,2.5518,7500.7974,17.8628,760.4944,290.9091,623.2855,74.9601,1284.5167,1132.6954
TCGA-05-4432-01,20,1671.4739,6048.1684,2.8843,161.5229,533.0257,43.8419,4155.7543,2431.2085,679.2616,1386.2129,775.8869,1456.8791,612.6334,1478.5117,149.4087,310.6432,77.5887,319.8731,1332.8526,1507.6435,8285.8379,303.7208,602.8267,2647.8223,2002.5959,7708.0877,1365.7341,1130.0836,1306.8763,1747.0436,12655.0332,465.2437,339.1982,605.9994,1379.8673,6.3455,0.2884,36.3427,544.8515,43909.1434,182.2902,651.2835,3075.8581,7240.2654,3022.7863,184.5976,456.5907,2532.4488,591.0009,6571.3874,2480.7182,1405.8264,1324.3034,449.9567,1484.8572,1086.8186,927.3147,533.3141,25.0937,1010.3836,1797.5195,948.0819,2109.6048,765.5033,2637.2253,1105.2783,3316.9888,6203.6343,2130.3721,26.2475,1147.3897,1045.2033,338.6213,823.4785,7586.3859,873.666,311.2201,1453.7064,2809.3453,718.4886,4651.572,533.891,1088.2607,5888.3761,2050.1875,1645.3331,4195.8466,1271.9931,273.1468,145.9475,1185.1745,2402.3652,399.1924,500.1442,1764.0611,1869.0511,471.0124,1412.1719,594.4621,17.0176,2836.1696,496.683,129.5068,1567.6377,1485.1457,62.8786,227.8627,31873.9544,536.7753,945.1976,4726.5042,1231.6123,1176.2331,124.315,58.8405,1861.2633,243.7266,1401.2114,3119.4116,447.9377,1340.0635,338.0444,279.7808,1517.4502,1252.3796,1415.6331,1748.4857,96.9138,4941.4479,37.4964,277.4733,46.1494,947.2166,298.5751,173.0603,3565.9071,182.867,795.7889,2007.7877,68.0704,455.1485,439.8616,3492.6449,1228.4396,2318.1425,1732.3334,1891.8373,1652.4373,1111.6239,2115.662,2428.6126,629.3626,233.6314,2050.4759,242.8757,785.1168,4055.9562,122.0075,2873.9544,1304.2977,6.0571,13.268,8.0761,250.649,119.9885,1925.8725,578.8866,7758.004,6223.2478,1912.3161,1306.0283,1989.3279,2221.2287,6827.5166,2909.1434,1147.6781,1592.1546,2180.848,8119.9885,753.6775,1243.4381,2488.8953,2816.2677,854.9726,1514.5659,2961.0614,672.0508,1655.3216,634.8428,613.4987,664.5515,1334.5832,2672.0508,3904.24,128.353,317.2772,364.0035,1558.6963,595.9014,570.5221,281.223,43.5535,172.195,171.3297,1543.6977,1175.6562,1144.2169,1872.2238,2045.861,231.9008,172.7718,2420.8249,71.2922,12919.2385,860.1096,334.8255,872.5123,8601.9613,2126.6224,87.3954,670.0317,644.938,779.0597,953.5622,83.6458,5441.5922,112.2007,44.4188,1405.8264,85.9533,565.3303,262.7632,110.1817,14.7101,2308.3357,36.9743,2899.3366,1297.6637,2344.39,630.5769,7227.2858,801.846,611.4797,3463.5131,750.7932,2105.5668,3866.4551,1568.503,561.5806,269.3972,49.899,6366.8878,6102.6824,791.4624,88.5492,331.6989,230.4586,70.3778,213.7294,1077.0118,142.7747,3218.3444,40.9576,3777.0407,142.4863,8.653,42661.3787,10130.0836,916.6426,171.1855,62.0133,366.0225,263.6285,13.268,1068.9357,3403.8073,1444.1881,1041.246,1487.4531,2485.1457,21272.8584,194.9813,367.4647,0.5769,809.0568,3.1728,238.2463,452.5526,448.2261,84.2227,10.9605,8120.2769,60595.6158,165.561,2.019,5231.3239,16.7292,783.7698,201.9037,343.8131,53.6487,528.2723,157.7733
TCGA-05-4433-01,1.266666667,1845.4545,5298.3471,96.6942,320.6612,723.1405,17.3554,4046.281,1570.2479,742.9752,1840.4959,1109.0909,1602.4793,262.8099,1647.9339,111.5702,276.8595,128.0992,2668.595,797.5207,896.6942,15819.8347,907.438,1023.1405,1847.1074,3184.2975,10098.2645,1549.5868,470.2479,820.5868,2520.6612,7628.9256,306.6116,452.0661,404.9587,828.0992,19.0083,0,117.3554,833.8843,15152.8926,312.3967,433.8843,4714.0496,1516.5289,3552.8926,560.3306,347.1074,2080.9917,609.0909,290.9091,4033.2562,3184.2975,1765.3967,1110.7438,1684.2975,485.124,5238.0165,567.7686,14.0496,510.7438,826.4463,3321.4876,2049.5868,695.8678,2824.6694,895.8678,6569.4215,6205.7851,1235.5372,22.314,1452.0661,501.2314,511.5702,1248.7603,5257.8512,420.6612,945.4545,1502.4793,1903.3058,1072.7273,11.5702,935.5372,1619.8347,6218.1818,1323.1405,1379.0909,2125.6198,912.3967,113.2231,95.0413,1027.2727,2490.0826,666.1157,653.719,995.8678,482.6446,909.0909,1434.7107,1014.0496,0,1551.2397,509.9174,128.9256,1161.9835,1366.1157,51.2397,321.4876,16771.0744,966.1157,1834.7107,9980.9917,616.5289,2995.0413,55.3719,56.1983,133.0579,56.1983,1619.0083,1370.2479,728.9256,1371.0744,187.6033,88.4298,1988.4298,1020.6612,1648.7603,1339.6694,72.7273,13910.7438,40.4959,328.9256,27.2727,1558.6777,286.5041,253.719,379.3388,427.2727,681.3058,1465.2893,151.2397,704.9587,79.3388,2774.3802,1886.7769,601.6529,1042.1488,1577.686,1385.9504,520.6612,3042.1488,5964.4628,589.2562,657.8512,1842.1488,136.3636,1713.2231,171.0744,42.9752,1632.2314,1517.3554,3.3058,116.5289,12.3967,423.1405,104.9587,1278.5124,1212.3967,6464.4628,3981.8182,1671.9008,1200,2308.2645,1106.6116,1604.1322,1097.5207,571.0744,3079.3388,3634.7107,6826.4463,600.8264,2268.595,544.6281,9897.5207,1681.3967,1736.3636,3596.6942,207.438,1570.2479,314.0496,121.4876,1385.124,640.4959,2457.0248,2262.8099,169.4215,1262.8099,85.124,2516.5289,715.7025,223.9669,52.8926,9.9174,226.4463,692.562,782.6446,990.9091,1227.2727,733.8843,1884.2975,403.3058,521.4876,1049.5868,149.1901,9533.0579,228.0992,456.2149,1178.5124,2416.5289,2472.7273,38.843,1713.2231,371.9008,542.1488,995.0413,1234.7107,8038.0165,142.9752,54.5455,1190.0826,147.9339,966.1157,3190.0826,199.1736,0,1577.686,2.4793,4688.4298,2206.6116,1756.1983,992.5702,1944.6281,1269.4215,1020.6612,3344.6281,227.2727,2027.2727,5162.8099,1833.0579,802.4793,3735.5372,39.6694,1203.3058,2565.2893,1995.0413,14.0496,132.2314,153.719,126.9835,42.9752,2595.8678,357.0248,1490.9091,30.5785,2071.0744,540.4959,6.6116,73268.595,13259.5041,252.8926,289.8347,36.3636,801.6529,442.1488,3.3058,292.562,1739.6694,2068.595,625.6198,2196.6942,2999.1736,26382.6446,2123.1405,176.0331,1.6529,1302.4793,19.0083,160.3306,229.7521,2711.5702,252.0661,44.6281,9986.7769,24195.0413,404.1322,12.3967,9680.1653,4.1322,480.2479,211.5702,726.4463,18.1818,1233,434.7107
TCGA-05-5420-01,3.066666667,741.0789,1717.5487,2.6851,96.6625,287.3023,0.895,726.7585,810.8906,901.2879,545.0689,671.2671,798.3603,256.8715,375.9096,70.7068,146.7837,140.5186,173.6344,253.2914,1364.0147,2402.2411,142.3086,1216.336,701.6979,619.3558,8203.7698,1544.8093,461.8318,161.1041,721.3884,1193.9604,396.4951,320.4182,183.4797,255.0815,29.5358,0,85.0272,175.4245,12309.2483,339.2136,390.2299,6776.2175,3493.2739,1943.0945,907.5531,740.1838,1162.6346,409.0254,666.792,467.5957,1602.0908,1598.1885,544.1738,337.4236,494.0526,863.697,1133.0988,5.3701,423.3458,673.0571,1990.5307,707.068,265.8218,2796.1138,288.1973,913.8183,14610.3518,3491.4839,4.4751,712.4381,1326.388,258.6616,654.2617,3651.6929,644.4164,118.143,1423.0862,1269.1423,1496.4781,14.3204,149.4688,647.9965,7349.9271,1377.4401,1475.1676,319.5231,1158.1595,129.7783,238.0761,1987.8456,2062.1325,253.2914,366.0643,1349.6943,770.6146,409.0254,927.2436,605.0354,43.8561,1672.7976,431.401,76.972,535.2236,597.8752,49.2263,1254.8219,25396.2713,1052.5468,1511.6935,1860.1527,605.0354,1603.8808,163.7892,213.9104,2243.8221,898.6029,795.6752,4968.2714,391.125,2220.5515,411.7105,515.5331,1816.0012,882.4925,911.1332,2051.3922,102.0326,2949.1001,10.7403,203.1702,105.6127,656.9467,537.1748,180.7946,371.4345,477.0471,809.9956,1339.8491,77.867,709.7531,988.1051,1237.8165,1068.6572,238.9711,1428.4564,289.9874,1495.5831,693.6427,1883.1279,4346.2306,704.3829,338.3186,589.82,173.3212,1522.4337,167.3693,4.4751,781.3549,595.1901,4.4751,25.0606,2.6851,398.2851,869.0671,893.2327,1356.8545,4307.7446,7366.0375,1935.0392,414.3955,1631.6265,2499.7986,4169.9111,4444.6831,8.0552,368.7494,1751.5596,4398.1419,285.5123,1750.6646,3326.7997,1986.0555,2130.9418,590.715,5018.3927,165.5792,1200.2255,944.249,243.4462,545.9639,106.5077,376.8046,9079.1111,306.0978,155.734,215.7005,2455.9425,213.9104,930.8237,173.6344,15.2154,282.8272,1134.8889,1423.0862,264.9267,467.2019,1573.45,258.6616,751.8191,87.7122,1493.793,36.7854,8549.2576,473.467,287.7409,3826.2224,2640.3172,3182.701,113.6679,502.1078,266.7168,359.7992,232.7059,647.1015,4626.3727,302.5177,107.4027,747.344,107.4027,691.8526,65.3367,191.5349,8.0552,1511.6935,1.79,3051.1327,2753.9851,1165.3197,994.0481,1957.4148,149.4688,272.9819,2377.1805,661.4218,1781.9904,2422.8267,3504.0142,789.4101,113.6679,72.4968,452.8815,1712.1786,811.7857,26.8507,238.9711,317.7331,164.6842,43.8561,2765.6204,102.9276,1340.7441,46.5412,3495.0639,112.7729,25.0606,111334.5685,4482.2741,236.286,454.3494,32.2208,1058.8119,295.3575,0,3028.7571,2152.5298,664.1069,337.4236,1307.6283,946.0391,4630.8479,76.0769,171.8444,0.895,1357.7496,5.3701,23.2706,342.7937,237.181,611.3006,24.1656,4612.9474,6007.3929,128.8833,1.79,1047.1767,14.3204,539.6987,524.4833,343.6887,33.1158,626.5159,58.1765
TCGA-05-5423-01,4.566666667,854.2125,2512.8205,14.652,169.9634,371.4286,8.7912,911.3553,970.696,690.1099,1139.9267,940.6593,1405.8608,187.5458,545.0549,218.315,85.7143,132.6007,375.0916,350.1832,1231.5018,6818.315,542.1245,1136.2637,598.5348,1325.2747,9300.359,1194.8718,246.8864,1367.7509,953.8462,2953.8462,216.1172,201.4652,318.6813,221.2454,21.978,0,93.7729,304.7619,20273.2601,17.5824,287.9121,5788.2784,1766.3004,2046.1538,279.1209,399.2674,1781.685,672.5275,874.7253,537.3553,1237.3626,1837.0183,945.7875,371.4286,765.5678,4197.0696,997.0696,10.2564,520.8791,997.8022,1925.2747,835.8974,509.8901,2869.641,218.315,2049.8168,11532.6007,2102.5641,12.4542,761.9048,584.3516,322.3443,838.0952,3894.5055,245.4212,149.4505,1384.6154,1024.1758,1029.304,12.4542,423.4432,742.1245,5024.1758,994.8718,1077.1502,1298.9011,893.0403,77.6557,226.3736,1829.304,2796.337,609.5238,353.8462,969.2308,1530.4029,347.2527,1158.9744,466.6667,0,1342.8571,356.7766,60.0733,1026.3736,605.8608,16.8498,693.0403,20294.5055,839.5604,1593.4066,3062.1612,254.9451,3402.9304,50.5495,49.0842,345.0549,232.967,720.1465,7296.7033,168.4982,1780.9524,442.4908,287.9121,1652.7473,832.967,884.9817,3375.8242,117.2161,3138.4615,16.8498,271.7949,527.4725,536.2637,155.0769,85.7143,800.7326,90.1099,747.9853,1213.9194,84.9817,428.5714,280.5861,1846.1538,899.6337,288.6447,1397.8022,480.5861,1161.1722,791.9414,2997.8022,1146.5201,643.956,279.1209,565.5678,176.6081,887.1795,182.4176,50.5495,1019.7802,704.0293,12.4542,48.3516,7.326,446.8864,216.8498,899.6337,1114.2857,5880.5861,4652.0073,2061.5385,826.3736,1792.674,2197.8022,4468.8645,4956.044,84.2491,544.3223,879.8535,3623.4432,307.6923,1794.1392,1169.2308,2024.9084,1110.7839,1501.0989,2980.2198,163.37,2043.956,761.1722,90.8425,1157.5092,160.4396,1015.3846,4142.1245,82.7839,521.6117,178.022,1424.1758,174.359,445.4212,116.4835,10.989,608.0586,1241.7582,2241.0256,252.0147,564.8352,1054.9451,419.0476,505.4945,57.1429,253.4799,135.4139,10372.1612,426.3736,508.3663,1661.5385,2658.6081,1670.3297,44.6886,759.707,489.3773,322.3443,193.4066,985.348,6071.0623,87.1795,158.2418,843.2234,101.8315,657.8755,106.2271,79.1209,2.1978,1431.5018,1.4652,3365.5678,1530.4029,1340.6593,609.5385,2476.1905,1059.3407,805.1282,1896.7033,310.6227,1593.4066,1663.0037,2333.3333,718.6813,345.7875,99.6337,619.7802,2709.8901,1698.9011,5.1282,323.0769,202.9304,95.2747,34.4322,2983.8828,179.4872,1099.6337,32.2344,2942.8571,130.4029,18.315,173340.6593,8933.3333,242.4908,283.9487,93.0403,317.2161,298.9011,0,454.9451,2430.0366,1304.7619,890.1099,680.5861,1385.348,8287.9121,167.033,180.9524,13.1868,1028.5714,1.4652,190.4762,398.5348,515.7509,531.1355,20.5128,25370.696,87977.304,37.3626,1.6996,4438.0952,5.8608,618.4029,257.8755,602.1978,54.9451,3237.3333,1134.0659
TCGA-05-5428-01,10.9,458.6876,2473.0761,2.6161,36.6252,150.8611,0,688.9034,727.2727,413.3421,311.3146,496.1849,1208.6331,75.8666,164.8136,340.9636,193.5906,100.2834,583.3878,281.6656,1991.7157,2221.9315,78.4827,490.9527,467.4079,452.5834,20496.9523,1045.5635,490.0807,381.949,537.1703,2185.3063,666.2307,149.1171,29.649,405.4938,1.7441,0,17.4406,176.15,16460.4317,4.3601,210.1591,16703.7279,2091.9991,1648.136,269.4572,201.4388,775.2344,291.2579,328.7552,243.5317,1427.5125,1021.3647,420.3183,164.8136,420.3183,4436.0148,1067.3643,6.9762,1787.6608,1595.8143,1814.6937,608.6767,270.3292,2639.346,275.5614,1680.4011,11742.7513,6381.513,0.872,646.174,607.4471,301.7223,398.5175,3445.3891,163.0695,88.075,1265.315,1172.0078,2563.7672,6.9762,211.9032,681.9272,9000.218,1859.1672,1869.6926,813.6037,1710.9222,32.2651,100.2834,1493.7868,2521.9097,432.5267,450.8393,355.7881,1146.719,260.7369,2432.0907,955.7445,1.7441,1800.7412,444.7351,215.3913,1232.1779,384.5651,54.9379,381.949,19873.5557,654.8943,1190.3205,5961.0464,109.0037,1962.9387,138.6527,62.7861,25.2889,54.9379,448.2232,3775.8884,75.8666,2807.9355,560.7151,408.9819,1110.9658,200.5668,472.6401,1436.2328,32.2651,2035.3172,0.872,263.353,95.0512,902.5507,171.1184,162.1975,320.9069,106.3876,603.4445,1283.6276,46.2176,123.8282,59.298,1482.4504,780.4665,430.7826,406.3658,286.0257,1290.6039,1123.1742,2616.961,1121.4301,531.9381,129.0604,525.8339,171.5282,2386.7451,257.2487,5.2322,694.1356,997.6019,12.2084,25.2889,6.1042,395.0294,74.9945,807.4995,1069.9804,4292.1299,7487.2378,2814.9117,687.1594,3032.0471,3271.8552,6442.555,5518.2036,10.4644,420.3183,836.2764,3239.5901,180.5101,1023.7628,675.823,2103.3355,764.6828,468.2799,4715.9363,110.7478,705.472,615.6529,345.3237,770.0022,205.799,1252.2346,1617.615,480.4883,161.3255,203.1829,1499.891,146.501,969.697,72.3785,6.9762,237.1921,998.4739,1409.1999,256.3767,496.1849,990.6257,432.5267,350.5559,82.8428,314.8027,126.3048,7438.4129,514.4975,296.6645,967.0809,2454.7635,1914.1051,10.4644,603.4445,522.3458,586.876,227.5997,1951.6024,6560.279,234.576,125.5723,423.8064,78.4827,2463.4838,7.8483,38.3693,0.872,630.4774,0,2477.4362,696.7517,2112.0558,1144.2686,9728.3628,817.0918,845.8688,1545.2365,397.6455,1471.986,3445.3891,7602.3545,591.2361,299.1062,61.9141,1652.4962,2059.734,1946.3702,2.6161,329.6272,184.8703,104.6436,133.4205,2874.2097,60.17,6567.2553,158.7094,771.7462,30.521,12.2084,27104.4256,5270.5472,195.3346,403.5056,56.6819,74.9945,475.2562,0,1780.6845,2057.1179,1860.0392,451.7114,2012.6444,1969.0429,6735.557,34.8812,140.3968,0,705.472,2.6161,1.7441,549.3787,407.2378,307.8265,4.3601,11298.8882,18647.482,11.3364,2.6161,1988.2276,4.3601,463.1611,587.748,317.4188,20.0567,1439.564,265.969
TCGA-05-5429-01,1.233333333,1132.2506,2422.2738,0,102.0882,458.6234,6.1872,959.7834,522.0418,363.4957,828.3063,682.1346,836.8136,68.0588,556.0712,98.9946,177.8809,105.1817,2712.297,327.9196,1476.4114,15865.4292,20.8817,293.1168,779.5824,1030.9358,12260.5955,1542.15,426.9142,446.1717,1287.703,4525.9087,297.7572,149.2653,557.6179,653.5189,1.5468,0,37.123,529.0023,13971.3844,443.1555,447.0224,7496.5197,1651.9722,3679.8144,1129.157,74.2459,1196.4424,594.7409,179.4277,726.9142,1105.1817,1098.2985,515.8546,395.9783,601.7015,3180.2011,716.9374,9.2807,597.8345,757.1539,1720.0309,882.4439,321.7324,2565.8237,272.2351,1739.3658,11775.7154,3194.1222,6.1872,784.2227,779.0797,385.9242,804.331,6037.123,486.4656,199.536,1105.1817,1372.0031,1627.9969,6.1872,487.239,942.7688,6893.2715,863.109,1010.6806,1378.1903,1733.952,144.6249,23.2019,1167.0534,2004.6404,665.1199,431.5545,694.5089,1063.4184,381.2838,1356.5352,526.6821,2.3202,1255.2204,645.0116,101.3148,998.4532,883.9907,108.2753,63.4184,20508.1206,1088.1671,1218.0974,3590.6883,185.6148,1385.1508,70.379,6.9606,170.9203,81.9799,752.5135,2314.7718,658.9327,1368.9095,418.4068,203.4029,301.6241,51.0441,1213.4571,1329.4664,91.2606,6699.1493,11.6009,166.28,6.1872,953.5963,223.0549,170.1469,501.9335,2300.8507,290.0232,1553.751,38.6698,85.8469,39.4432,5613.3024,972.9312,300.8507,1793.5035,890.1779,1588.5538,529.7757,2185.6148,1858.4687,488.7858,523.5886,353.4416,452.5367,1081.2065,291.57,102.0882,768.7548,828.3063,3.867,34.8028,7.734,469.4509,28.6156,1827.5329,3365.8159,3169.3735,4230.4718,1796.5971,786.5429,3518.9482,1284.6094,4037.123,3822.1191,325.5994,503.4803,2233.5654,3740.1392,163.9598,1429.2343,680.5878,4676.7208,2506.4501,651.9722,2853.8283,178.6543,1197.9892,378.1903,255.9938,514.3078,146.9451,2175.5607,5018.5615,279.1957,85.0735,330.2398,1315.5452,402.1655,639.5978,242.0727,16.2413,158.546,873.9366,1523.5886,395.2049,1184.8415,1175.5607,599.3813,438.5151,900.232,320.1856,233.2715,10013.9211,463.2637,492.9621,1210.3635,2136.891,1132.2506,10.0541,1954.3697,307.8113,259.0874,388.2444,6480.2784,10272.2351,277.6489,80.4331,793.5035,77.3395,492.6527,2875.4834,146.1717,3.0936,1120.6497,0.7734,10133.7974,5640.3712,1389.0178,1048.5383,2395.9783,521.2684,746.3264,3072.6991,322.5058,2261.4076,8787.3163,1255.9938,380.5104,3852.2815,357.3086,1545.2436,1974.478,1435.4215,14.6945,153.9056,135.3442,69.6056,135.3442,823.6659,98.9946,4548.3372,39.4432,2590.8739,15.4679,6.1872,12518.1748,12941.222,205.7231,491.9722,87.3937,63.4184,822.8925,0,716.164,641.1446,1630.3171,552.9776,1629.5437,2590.1005,12692.1887,1512.761,129.9304,0.7734,1063.4184,0.7734,16.2413,45.6303,1382.0572,22.4285,1.5468,13412.2196,2679.041,235.1121,0,8943.5422,2.3202,372.9157,388.2444,1729.3117,28.6156,2583.867,176.3341
TCGA-05-5715-01,3.666666667,1175.0927,3619.7541,35.9165,101.503,477.0642,7.8079,2335.3504,1134.4915,421.628,1378.8796,773.7654,765.1767,140.5427,1349.9902,141.3234,420.0664,103.0646,941.6358,480.9682,1676.3615,15052.1179,18.739,3196.5645,1331.2512,2214.3275,10496.178,1179.7775,683.1934,883.8571,1887.1755,11615.8501,189.7326,296.7012,352.1374,791.7236,5.4655,0,18.739,563.7322,17995.7056,145.2274,334.1792,3973.4531,4267.8118,4163.1856,186.6094,231.1146,3114.5813,920.5544,229.553,1178.2705,1683.3886,1379.6525,684.755,1006.4415,1399.1802,914.308,356.8222,10.9311,673.8239,1362.4829,1609.2134,2258.0519,632.4419,3056.6699,823.7361,4375.5612,5492.8753,807.3394,3.1232,819.0513,807.2614,224.8682,772.2038,7155.9633,254.5384,124.146,1032.2077,2448.5653,991.6065,6.2463,1273.4726,937.7318,4084.3256,1298.4579,385.7427,6893.617,1923.0919,201.4445,96.8183,2040.9916,1790.3572,975.2098,520.7886,382.5883,1485.8481,409.1353,1130.5875,349.795,2.3424,1776.3029,247.5112,128.05,662.8928,1633.4179,40.6012,292.0164,34274.4486,664.4544,1170.408,7124.8487,413.0392,1359.3598,78.86,21.0814,151.4737,42.9436,1406.2073,2187.7806,201.4445,1259.4183,305.2899,255.3191,1606.0902,3447.9797,1353.1134,1343.7439,61.6826,6714.8155,1078.2744,281.8661,638.6883,1731.017,235.1591,105.407,701.1517,144.4466,473.9411,1000.1952,64.8058,323.2481,40.6012,3624.4388,1194.6125,1700.5661,2055.8267,786.2581,2207.3004,563.7322,3649.4242,1811.4386,537.966,199.8829,1364.0445,84.4349,394.3002,861.9949,5.4655,1178.2159,1182.1199,15.6159,28.1085,4.6848,268.5926,49.1899,2661.7216,765.1767,4845.5983,3308.2178,1503.0256,1203.982,2819.4417,1316.4162,3313.6834,1884.8331,612.1413,1417.1384,1682.6078,10322.8577,417.724,1353.1134,404.4505,1902.7913,1351.0912,1382.7835,2251.8056,269.3734,1892.641,221.7451,146.0082,1174.3119,376.342,2611.7509,3495.608,253.7576,202.2253,202.2253,1690.4158,466.1331,446.6133,35.1357,24.2046,202.2253,247.5112,2341.5967,1228.9674,833.1056,652.7425,1397.6186,577.0057,423.9703,334.96,90.1815,11584.6184,352.1374,242.764,766.7382,2292.4068,1863.7517,12.4927,469.2563,369.3149,539.5276,598.8679,420.8472,7886.0043,120.242,81.9832,1646.6914,192.8557,665.2352,3626.0004,152.2545,1.5616,2900.6442,4.6848,4169.432,3177.0447,2491.5089,1143.2364,2090.9623,1926.9959,381.8075,3002.928,208.4716,1487.4097,3011.5167,4005.4655,714.4251,511.4191,142.885,3519.0318,5838.7663,679.2895,75.7369,265.4695,242.0457,64.025,81.2024,4586.3752,234.2378,2309.5842,27.3277,1483.5058,206.91,26.5469,46117.5093,10852.235,268.5926,301.1673,142.1042,389.6155,102.2838,0,327.1521,1467.8899,1912.9416,555.9243,2209.6428,3001.3664,16268.5926,390.3963,138.9811,0,1101.6982,5.4655,3.1232,495.0224,2540.6988,170.2128,14.0543,3886.7851,64525.4734,525.4734,0.7808,12118.6805,7.0271,523.2247,348.2335,338.0832,10.9311,517.642,181.1439
TCGA-35-3615-01,3.533333333,1781.0266,3470.7602,12.9955,205.9779,603.6387,37.6868,1804.4185,1086.4198,851.2021,1288.1741,723.5218,1936.3223,137.4269,1230.9942,149.7726,106.2378,25.666,118.2586,374.9188,1252.4366,3718.6485,272.2547,1823.2619,984.7303,1408.0572,16503.2196,1988.9539,718.9734,248.2066,1371.9948,5891.1631,154.6459,295.9714,368.7459,1031.1891,4.5484,0,24.3665,346.9786,18340.1559,6.8226,615.3346,9450.2924,1652.0468,2091.6179,269.3307,237.8168,1873.6192,442.4951,2473.0344,1460.2924,1214.425,989.7531,664.3925,587.0695,615.9844,2074.0741,1320.9877,8.447,558.8044,792.0728,1793.0474,1060.7537,700.7797,2307.0013,986.3548,1550.0325,28613.7102,1645.5491,11.371,1314.165,464.935,364.8473,1098.1157,5937.6218,202.4042,429.1748,1797.271,1073.4243,1030.8642,8.447,222.2222,1119.883,4662.768,2825.2112,1841.4425,1994.152,1450.9422,103.9636,62.7031,1398.9604,1739.1163,321.6374,852.5016,375.2437,2469.4607,684.5354,1262.5081,804.7433,1.9493,1707.6023,559.4542,48.7329,1331.0591,1099.0903,16.2443,207.2775,22929.8246,730.6693,973.0344,3860.4841,307.9922,5274.8538,12.3457,21.7674,186.1598,102.6641,899.935,3582.1962,156.2703,1043.5348,120.2079,112.0858,983.7557,268.681,1026.3158,558.8044,66.9266,5682.5861,26.9656,305.3931,82.1962,830.4094,184.3762,169.2658,523.7167,117.9337,619.883,1897.011,60.104,189.7336,123.4568,640.026,981.4815,608.8369,632.2287,841.1306,2527.6153,909.3567,2637.4269,2739.1163,1133.2034,186.1598,882.3912,138.7979,1271.6049,147.4984,6.1728,961.3385,664.7173,1.9493,21.4425,7.1475,285.575,59.7791,1454.8408,1299.87,8699.8051,2821.6179,2003.2489,706.6277,2050.3574,1377.5179,5231.319,2284.9253,24.6914,914.8798,1467.1865,7906.1079,359.6491,931.7739,1501.2995,2989.6036,827.5309,1684.5354,2757.9597,154.321,1594.8668,97.4659,33.4633,512.3457,238.7914,2203.7037,6015.9194,205.9779,864.5224,56.5302,1537.037,396.0364,320.013,526.9656,71.7999,279.7271,388.564,1616.9591,567.9012,775.1787,1597.4659,1712.1507,152.6966,57.8298,2069.8506,103.4665,10235.8674,384.6654,492.6738,1185.1852,3229.6946,2479.5322,31.8389,739.4412,422.3522,330.7342,192.0078,627.6803,4830.7342,33.7882,46.1339,253.4113,66.6017,930.7992,69.2008,107.8622,0.3249,1632.2287,0,3080.8967,2276.8031,1499.3502,1062.5861,4125.4061,1355.4256,697.8558,2977.258,301.1696,993.5023,1452.8915,3070.8252,576.9981,571.475,15.5945,4100.065,2331.384,1733.9181,20.7927,190.3834,215.0747,139.0513,9.0968,1017.8687,165.3671,4170.5653,22.742,3067.9012,108.1871,11.371,65877.8493,15666.3418,286.2248,267.2904,108.1871,155.2956,593.2424,0.6498,289.7986,1065.627,1112.4107,599.7401,2049.0578,2165.3671,9011.6959,84.1455,294.6719,0.3249,774.8538,1.6244,12.0208,223.1969,606.2378,129.3047,34.1131,9632.8785,35617.6088,10.0715,0.3249,4679.987,9.4217,566.9493,279.0773,590.6433,46.7836,390.1884,142.3002
TCGA-38-4626-01,8.433333333,2654.601,5320.2873,7.4656,131.2143,668.288,12.2165,2483.1175,1532.945,706.5211,1337.4809,718.9639,1718.4548,215.5987,699.7342,138.2275,127.8208,100.8993,195.6903,693.1735,913.9755,5465.7542,197.7264,1559.8665,1639.5,2170.013,8682.9682,1128.2167,529.6081,836.3418,2441.9433,3505.6841,143.657,342.967,1625.9261,697.2456,23.3018,0.2262,67.6432,673.9438,17021.4354,10.1804,411.0627,6057.3497,2275.2107,5744.9239,384.8199,410.384,3152.7629,777.3316,935.4675,2360.3846,1135.9086,1947.0098,682.5406,998.8123,683.4455,2535.6032,777.1054,15.8362,391.3806,838.1879,3011.8206,1482.2691,957.6381,2772.9653,2090.832,3754.5388,6414.5693,1836.5477,2.7148,1336.3498,1244.8097,369.4361,1275.041,4597.2513,449.2959,246.3662,2047.6217,3224.0258,1119.6199,21.2658,407.2168,1348.7925,5218.2569,1824.7837,1429.1341,2750.7494,1065.5506,229.3988,237.3169,1484.5314,1872.5185,1074.3736,926.8707,1458.9673,984.5597,937.2773,1338.8383,657.6551,36.8757,2116.8486,588.202,51.5808,1915.0501,1713.704,31.6724,525.3097,34680.8438,630.2811,1124.597,5204.0541,1368.2484,3113.3986,57.0104,154.9686,47.9611,44.3414,1188.8468,1924.5518,345.2293,1313.2741,190.487,121.0339,4037.5544,4661.9535,979.8088,2241.0497,218.5397,3019.7387,191.3919,987.2745,159.7195,1161.0203,255.5376,209.9429,1877.2694,556.7558,1248.7981,1168.7122,547.2541,579.1528,165.6015,5273.0049,1402.4094,1333.635,1470.2788,1105.1411,2550.5345,832.5321,3760.647,2239.9186,718.5114,537.9786,1571.4043,157.4504,2128.8389,138.2275,12.8952,1230.9259,932.3002,15.1575,29.1839,28.2789,225.5529,211.5265,5713.2515,1164.64,9380.2387,3825.3447,2109.6092,2139.698,1887.676,1467.1116,2106.6682,1651.7165,52.2595,1576.6077,1478.4232,9883.8301,605.1694,1976.585,664.2158,9056.2751,1675.1292,1502.1775,2744.8674,444.7712,1879.3055,188.4509,60.4038,1191.7878,391.6068,1853.0626,3521.0678,166.054,697.9243,93.4336,1948.9848,985.4601,266.2745,97.5058,17.8723,255.4154,881.8506,1053.1079,1299.2478,1207.3978,1460.7771,1163.5089,238.9005,125.5585,690.0062,118.9299,16408.1217,273.7402,332.7414,1175.2729,5199.4797,2257.7908,34.6134,1034.7831,436.1744,525.5359,442.2827,488.4339,5610.3162,54.748,45.925,1043.6061,191.6181,800.6334,325.321,546.123,0.4525,1391.0978,0.2262,5479.1019,4572.1396,1419.8292,928.5221,3285.3345,142.9783,1004.4681,4120.3552,151.1227,2823.596,1760.7601,3395.7355,1336.8022,555.6247,34.6134,3557.7173,2702.7883,1350.1499,33.4823,191.8444,166.7327,74.8826,46.1512,5262.372,732.9902,4350.6589,18.551,2855.9471,260.1663,8.3706,100322.8324,10811.8319,300.888,155.2944,107.2338,410.8365,436.378,0,284.5993,3581.6979,660.1437,648.8321,1818.9016,1848.0855,11474.2379,692.4948,281.432,4.7509,868.9554,12.2165,36.8757,1485.8888,921.6673,319.6652,85.5155,16875.5161,145518.6924,90.0402,20.3608,3480.7986,11.9903,1262.3132,292.0649,538.4311,60.8563,2778.7863,194.7854
TCGA-38-4627-01,1.133333333,2082.0868,5557.096,4.378,160.8902,543.5972,215.9796,1177.6724,1260.8537,645.7497,1317.4024,703.7578,1574.243,337.1032,375.7753,119.6644,127.6906,42.3203,506.7494,518.0591,1126.5961,10399.1244,232.3969,381.6126,1087.9241,1382.3422,15437.4206,1246.2605,399.8541,985.768,1213.7906,3206.1291,101.4228,291.8643,807.0047,73.6957,20.7953,6.2021,181.6855,606.348,24998.1758,15.6877,419.1901,3849.3251,2083.1813,3661.4374,440.7151,358.2634,1787.6687,455.6731,498.3583,567.2528,1161.9847,1414.9763,660.3429,800.8026,665.4506,2574.9726,662.5319,13.8636,524.626,1064.575,1926.6691,1535.9358,1021.8898,3031.8132,724.1883,4465.1587,8728.5662,2266.3262,6.2021,929.2229,5241.4228,660.7078,1669.0989,5480.8464,547.9752,296.9719,3354.9799,2160.5254,1636.9938,62.0212,350.2371,446.9172,3896.753,1880.3356,1542.448,1517.3294,1676.3955,1062.0212,286.027,1690.6239,2822.3276,947.4644,306.0927,1086.4648,1349.1426,288.9456,1017.147,168.5516,44.1445,2500.9121,425.0274,80.6275,1375.0456,910.2517,27.3623,329.077,24665.0857,693.5425,1628.2379,4844.513,1081.722,2075.1551,63.4805,41.9555,372.8566,115.6512,820.1386,2585.1879,836.556,1659.9781,516.235,292.9588,3810.653,325.7935,1129.1499,2797.1543,591.7548,1891.6454,29.9161,933.9657,232.0321,1172.1999,158.7705,164.9033,3489.2375,57.2784,529.7337,1179.8614,452.7545,459.3214,70.7771,3460.7807,1363.0062,1987.2309,1808.0992,632.9807,2300.2554,809.5586,3764.3196,1340.7516,99.5987,599.4163,931.7767,79.8395,1066.3991,124.4072,18.6063,585.9175,626.4137,8.3911,235.6804,83.5462,257.5702,250.2736,11250.6385,1372.4918,7322.51,3801.1602,1828.5297,1086.4648,1947.8293,1276.5414,2178.0372,2499.4528,173.6592,502.0066,1390.0036,6613.2798,789.1281,1035.0237,919.3725,8008.0263,859.4126,1444.3634,2429.0405,965.7059,1517.3294,167.822,63.1157,3878.8763,291.8643,2434.8778,4165.633,191.1711,909.8869,136.4466,1799.3433,215.6147,327.9825,358.2634,159.066,324.3342,810.2882,964.6115,1380.5181,873.039,2318.8617,1085.3703,309.3761,423.568,987.9606,64.108,12514.046,284.9325,418.7085,1220.7224,4626.4137,1906.9683,33.5644,1095.9504,294.0533,351.6965,265.5965,138.6355,8343.3054,70.4123,93.3966,921.1966,56.9135,434.8778,396.9354,458.2269,3.6483,1228.7486,2.9186,5094.1262,4587.012,1445.093,958.4933,5120.0292,406.0562,1275.4469,2361.5469,251.0033,2689.5294,2005.4725,2541.7731,1751.1857,273.2579,29.9161,6137.9059,2795.3302,1156.1474,27.3623,215.9796,242.977,43.05,31.7402,2966.4356,536.3006,2937.9788,9.8504,1950.3831,82.8165,18.9712,75101.058,9684.7866,249.544,173.6811,653.4112,195.5491,461.8752,0,313.7541,3125.5016,1130.2444,1019.336,1771.6162,3580.4451,4371.7621,502.0066,361.1821,0.7297,983.9475,3.2835,118.5699,294.0533,366.6545,291.1346,11.3097,8110.9084,20335.2791,340.0219,1.8242,5028.0919,35.7534,597.2601,350.2371,409.3397,88.5699,2789.0405,398.7596
TCGA-38-4628-01,4.266666667,889.3805,4384.6397,6.6372,51.8331,269.9115,11.0619,1798.0405,781.6056,171.6182,588.4956,943.11,1411.1884,179.8357,549.6207,225.3477,263.5904,30.9735,535.7143,207.3325,1106.8268,6985.4614,716.4981,5896.0177,593.2364,1546.4602,11799.5986,1065.7396,413.0847,1735.768,730.4046,12408.6599,129.2668,194.6903,620.4172,2968.3944,1.5803,0,38.2427,382.7434,20146.9659,12.3262,571.1125,5128.6346,2976.2958,1877.6865,136.8521,89.7598,1731.6688,533.818,148.2301,648.3186,1195.3224,1171.1125,552.7813,546.1441,926.043,3531.9216,584.3869,17.3831,642.8571,1048.9886,2115.0442,1261.0619,403.287,2662.2724,235.7775,3563.5272,9474.3995,2733.8812,0,657.0796,728.3312,277.8129,527.4968,6269.2794,152.0228,114.7282,1295.512,813.2111,612.1997,6.9532,640.0126,505.3729,3310.0506,1416.5613,1680.2276,2079.9621,1171.9343,1083.7547,169.7219,1774.3363,1560.9987,811.3148,251.8963,321.4286,2236.0936,241.7826,1447.2187,263.2743,30.0253,2018.9633,275.6005,93.2364,748.4197,719.9747,95.7649,294.2478,22235.7775,463.9697,1390.3287,6731.5329,168.4576,4983.2491,116.3085,25.6005,63.2111,33.818,867.2566,16349.5575,74.5891,1617.2566,358.7231,211.1252,957.3325,6533.5019,752.5284,540.4551,60.9987,3590.0759,3.4766,242.0986,207.6485,573.3249,176.7636,169.0898,771.1757,60.0506,1271.1757,918.7737,74.2731,160.8723,18.6473,3177.9393,914.0329,397.914,1528.7611,256.9532,1886.8521,1332.4905,2908.3439,15503.7927,134.9558,244.311,1140.3287,128.7105,453.8559,978.8243,81.2263,1082.1745,1118.5209,7.2693,22.4399,3.7927,307.5221,78.6979,1820.4804,785.7143,5346.0809,6952.5885,2266.4349,1327.7497,2120.7332,2910.2402,5159.6081,2316.3717,285.7143,586.5992,1937.421,5209.8609,424.1466,1449.115,1017.067,2339.4437,1036.9817,1103.9823,2647.598,168.7737,1662.1365,312.8951,464.2857,1554.3616,198.1669,1128.9507,1752.8445,112.5158,475.6637,107.4589,1384.3236,270.5405,434.5765,54.9937,3.7927,288.2427,655.1833,1594.8167,345.4488,932.9962,812.8951,867.8887,406.1315,206.7004,440.2655,95.3413,9164.981,379.8989,229.507,1097.6612,4582.1745,2211.1252,7.2693,835.6511,388.7484,713.6536,293.2996,1178.2554,10267.3831,162.4526,116.9406,824.2731,27.8129,716.4981,92.6043,55.6258,3.1606,1482.3009,1.2642,4527.4968,4012.0101,2228.1922,628.2712,3201.6435,3321.4286,545.512,1995.5752,480.7206,1420.9861,2260.4298,2561.3148,457.0164,314.1593,168.7737,1691.5297,3102.402,1817.952,8.5335,245.2592,341.3401,73.641,48.0405,1129.5828,100.5057,1781.6056,34.4501,907.7118,28.445,10.4298,47024.0202,7802.1492,202.5917,181.6498,139.6966,95.7649,141.5929,0.6321,273.3881,2348.6094,1658.6599,934.8925,1363.78,2497.1555,25876.4223,73.0088,251.8963,0,1433.6283,0.3161,2.8445,474.0834,195.0063,229.1403,6.6372,7275.9166,62487.6738,490.2023,0.9482,7637.8003,258.8496,591.9975,232.933,524.3363,6.0051,780.3224,680.7838
TCGA-38-4631-01,21.76666667,732.1796,2587.3485,1.5695,69.8435,178.1402,0,2042.7262,1595.4139,277.8045,655.2733,1183.4157,1423.5518,28.2513,377.4688,186.7725,479.4874,584.645,532.0662,313.1186,1404.7176,8657.4549,1119.8503,313.1186,850.6781,1721.76,15249.41,1488.6867,1454.9421,182.064,1044.5135,2141.6057,608.9725,330.3833,54.1483,346.0785,6.2781,0,21.9732,296.6387,40273.8022,996.6432,401.0116,7640.408,1525.5704,2185.5522,139.687,514.8015,2482.1909,937.7863,80.0454,943.3346,1565.5931,1139.3437,215.0238,695.296,693.7264,55794.7543,1099.4465,1.5695,955.8358,1511.4447,1961.8961,1017.8317,543.0528,1854.8079,141.2565,871.0818,11750.1879,4815.2777,13.3409,691.3722,599.6967,449.6666,438.68,6483.6741,244.0599,131.0547,886.777,1758.6436,924.4454,8.6323,889.9161,648.2105,5455.6405,1054.7153,1339.5826,178.9249,1181.8462,1094.738,58.8569,1251.6897,2242.0548,732.1796,393.164,1935.999,92.6015,185.9877,1520.8618,666.2599,11.7714,3186.1192,567.3803,118.4985,463.0075,930.7235,66.7045,102.8034,25911.1536,1370.1882,2026.2462,1009.1993,145.9651,3473.3408,606.6183,14.1257,579.9365,136.548,847.5391,6064.6131,680.3856,1839.4737,256.616,440.2495,369.6212,521.0796,838.9068,1731.9618,25.1123,3092.7329,0,75.3368,9.4171,895.4094,535.7624,203.2524,590.1383,2406.0693,1074.3343,2743.5154,29.8208,158.5212,50.2245,1365.4797,871.8666,69.0587,2182.4132,384.5316,1305.0533,949.5577,2295.4184,2099.2288,311.5491,75.3368,765.1395,195.5461,1254.044,158.5212,1.5695,2473.5585,436.3257,3.139,8.6323,1.5695,543.0528,76.9063,721.9777,550.1157,5825.2618,8459.6958,1897.5459,720.4082,2137.6819,2730.1745,2983.6515,2273.4451,175.7859,429.2629,3271.6579,4329.5122,261.3246,665.4751,990.3651,2222.4359,432.9748,628.5915,5760.9116,411.2134,1462.0049,1609.5395,760.4309,1353.7083,506.9539,772.987,5012.252,610.5421,182.8487,386.8859,23572.5735,275.4424,572.0889,26.6818,14.1257,290.3606,189.1268,1564.8083,246.4141,1437.6774,992.7194,2430.3968,627.022,241.7056,391.5945,25.5596,8944.6765,618.3896,330.0851,1303.4837,7211.9299,1589.1358,25.897,1262.6763,521.8644,1736.6704,543.0528,295.0692,11376.6428,513.232,90.2472,1044.5135,74.5521,864.8038,1480.0544,127.1309,0.7848,3507.8701,65.0251,5497.2327,1420.4127,1536.557,1337.4167,18780.0538,1448.664,470.8551,2920.8708,844.4001,2234.992,4407.2033,1064.9172,375.8993,568.9499,54.9331,1338.7979,3412.9144,1615.0328,40.8074,421.4153,226.7952,55.7178,235.4275,716.4844,26.6818,1830.0566,169.5078,1123.7741,12.5561,25.897,12200.6392,4933.7762,189.1268,720.9105,80.8301,137.3327,305.8674,1.5695,1015.4774,1522.4313,1448.664,368.8365,2103.1526,4178.8386,10823.3882,113.79,106.7271,0.7848,796.5298,3.139,8.6323,312.3339,335.8766,21.1885,5.4933,22116.8466,377.4688,52.5788,0,4214.1527,459.0837,396.3265,543.8376,293.4996,21.1885,700.7422,51.7941
TCGA-38-4632-01,15.9,752.4374,2277.1937,3.0587,51.233,189.6387,2.294,1020.8373,747.8494,775.3776,541.3879,784.5536,1725.865,83.3493,401.4529,201.1088,290.5754,136.1116,853.3741,562.7987,1325.9415,7187.9182,253.1065,572.7394,1250.239,729.4972,25550.7475,772.3189,421.3344,975.7217,864.8442,3433.3779,382.3361,210.2848,39.763,59.6444,16.0581,0,41.2923,464.9207,18551.711,15.2934,380.0421,4722.6152,3067.8647,2104.3777,315.0449,405.2762,1160.7723,280.6347,115.4655,533.2135,863.3149,2321.147,429.7457,376.2187,448.0979,7794.3032,1137.0675,11.4701,1178.3598,1640.2218,1565.2839,995.6031,939.7821,1858.1533,411.3936,3014.3376,11892.9459,3870.7704,24.4695,508.507,424.9436,217.1669,584.9742,4090.996,322.6916,77.2319,1689.1608,1145.4789,857.1975,10.7054,1026.9547,711.1451,5321.3535,792.965,1076.4749,1853.5653,1582.8713,77.2319,335.6911,1179.1245,1376.4099,826.6106,229.4016,822.7872,714.9685,296.6928,1250.239,539.0939,6.1174,5333.5882,261.5179,115.4655,1136.3028,762.3781,137.641,329.5737,19517.4919,984.8977,1323.6475,7184.4619,286.7521,2247.3714,565.0927,147.5817,294.3988,145.2877,880.1376,5231.1222,461.0973,1919.3271,425.9224,603.3263,2075.3202,1924.6798,662.2061,2343.7201,22.9402,1360.3517,6.1174,127.7002,338.7498,971.1336,421.992,233.225,303.5748,286.7521,329.5737,1005.5439,64.2325,367.0426,110.1128,2790.2887,903.0778,250.8125,1096.5399,1139.3615,2582.2978,533.7412,2105.1424,981.0744,393.8062,487.0962,929.0767,238.2718,2735.9969,58.1151,5.3527,987.1917,504.6836,15.2934,3.8234,0.7647,272.988,149.8757,1312.9421,1160.0076,5418.4668,7434.135,1665.4559,764.6721,2111.2598,2130.3766,3463.9648,5637.1631,25.2342,592.6209,1647.8685,4566.6221,367.0426,712.6744,952.0168,4471.038,1322.0493,915.3126,3543.4907,119.2889,1506.4041,1134.0088,469.5087,2573.1218,282.9287,1299.178,1534.697,173.5806,173.5806,277.576,1298.4133,330.3384,643.8539,26.7635,13.7641,235.519,1096.5399,1894.8576,596.4443,450.3919,809.7878,386.1594,502.3896,32.8809,292.1048,117.7901,7996.9413,526.0944,275.4731,1957.5607,5199.7706,2257.3122,272.2233,711.9098,484.0375,1028.484,500.0956,1039.1894,7592.4297,305.1042,63.4678,530.6825,61.1738,603.3263,183.5213,54.2917,0,751.6727,1.5293,4178.1686,1984.3242,1497.9927,563.7087,13978.9715,560.5047,899.2544,2259.6062,411.3936,2401.8352,2427.8341,6592.2386,441.2158,575.7981,50.4684,1668.5146,4584.2095,960.4282,6.882,211.8142,209.5202,104.7601,179.698,2573.1218,168.2279,7483.0816,94.8193,1181.4185,86.408,114.7008,59626.0753,5580.5773,142.9937,301.1508,29.0575,181.992,447.3332,4.588,818.1992,3484.611,1314.4714,473.3321,828.1399,2189.2564,7977.0598,44.351,158.2871,2.294,730.2619,3.8234,860.2562,475.6261,172.0512,278.3407,3.8234,5867.3294,34281.017,91.7607,0,3379.8509,7.6467,471.038,322.6916,766.9662,20.6461,3385.8689,685.1462
TCGA-38-6178-01,2.066666667,2976.5991,4719.1888,2.3401,319.0328,860.3744,21.0608,4897.8159,1940.7176,1219.1888,2179.4072,1051.4821,1339.3136,180.9672,1439.1576,283.9314,154.4462,67.8627,787.8315,873.6349,981.2793,12359.5944,5.4602,624.025,1666.1466,3177.8471,11119.2902,1621.6849,687.9875,14050.507,2843.2137,4084.2434,300.312,393.1357,465.6786,3071.7629,13.2605,1.5601,139.6256,570.9828,19330.7332,96.7239,244.1498,2279.2512,1635.7254,3492.9797,220.7488,540.5616,2421.2168,2573.3229,1412.6365,3219.5866,1176.2871,894.5476,1091.2637,1645.0858,943.8378,10361.9345,377.5351,24.181,884.5554,2156.7863,1031.2012,2202.0281,780.8112,2769.22,1917.3167,7427.4571,8753.5101,2150.546,14.0406,955.5382,3885.8658,553.0421,2089.7036,5063.9626,331.5133,482.0593,1992.1997,2346.3339,379.0952,43.6817,917.3167,1306.5523,6468.0187,1301.8721,1170.8658,5067.0827,1333.8534,520.2808,173.947,1055.3822,2294.0718,959.4384,581.1232,842.4337,1918.8768,760.5304,1336.1934,565.5226,52.2621,1868.1747,695.7878,127.1451,1918.0967,1917.3167,43.6817,118.5647,27537.4415,819.8128,1211.3885,3727.2699,500,4449.298,78.7832,19.5008,407.9563,92.8237,1446.9579,1996.8799,1195.7878,890.7956,122.4649,173.1669,1173.947,375.975,1328.3931,1525.741,195.7878,4418.0967,24.181,477.3791,92.0437,1376.7551,318.6973,124.805,963.3385,150.546,614.6646,2133.3853,81.1232,360.3744,111.5445,3357.2543,1547.5819,2496.0998,1308.1123,2403.2761,1712.1685,729.3292,2526.5211,1932.9173,606.8643,279.2512,2815.9126,144.8752,734.0094,185.6474,10.9204,1866.6147,781.5913,13.2605,44.4618,10.1404,474.259,53.0421,4145.8658,869.7348,6019.5008,4610.7644,1164.5866,1394.6958,1918.8768,1465.6786,1931.3573,2060.8424,156.7863,3535.8814,1418.8768,7780.8112,591.2637,548.3619,1199.688,4159.1264,866.9579,3704.3682,3246.4899,446.1778,1303.4321,161.4665,356.4743,1692.6677,748.0499,2606.8643,1919.6568,102.1841,597.5039,237.9095,1916.5367,669.2668,297.9719,187.2075,10.1404,383.7754,384.5554,1168.4867,1283.1513,1167.7067,574.883,1197.3479,238.6895,461.7785,1149.766,304.1108,13957.0983,434.4774,529.8518,1241.8097,3532.7613,2256.6303,91.2637,1260.5304,833.0733,534.3214,452.4181,53.0421,6847.8939,48.3619,53.8222,1574.883,278.4711,1202.8081,270.6708,415.7566,7.0203,2840.0936,0,3100.624,1787.0515,1648.2059,715.5772,13709.0484,681.7473,1314.3526,3333.0733,174.727,1716.0686,3368.9548,1418.8768,405.6162,503.1201,111.5445,4382.2153,4091.2637,1226.209,15.6006,162.2465,151.3261,78.0031,58.5023,2331.5133,177.0671,2917.3167,67.0827,990.6396,139.6256,5.4602,78242.5897,11539.7816,575.663,265.702,186.4275,360.3744,555.3822,0,419.6568,1494.5398,1796.4119,547.5819,1193.4477,3040.5616,13818.2527,215.2886,240.2496,1.5601,660.6864,0.78,3.9002,409.5164,722.3089,34.3214,10.9204,10121.6849,22875.975,173.1669,0.78,11272.2309,7.8003,463.4633,319.0328,435.2574,74.883,2035.8268,403.2761
TCGA-44-2655-01,5.533333333,1227.7612,4125.0809,3.1076,120.1606,452.9328,43.5064,2079.7618,1166.3861,615.3049,1316.3279,648.9706,1751.6509,205.3606,1038.9745,123.0092,65.7775,39.3629,560.145,468.2118,1482.0666,6913.6346,151.4955,755.9239,863.654,1392.4641,15057.8609,1294.3157,410.2033,367.4738,1683.5427,6492.2957,97.8894,325.7801,321.1187,274.5047,25.6377,0,58.0085,222.9703,14817.8169,15.538,526.9973,7487.7638,2234.1059,3433.8987,206.6554,424.1875,2790.6254,753.5932,4369.5455,1190.6953,858.9926,1358.4773,676.1621,608.8308,762.1391,2872.7179,1128.577,30.817,559.1092,881.2638,1738.4436,1379.7747,766.5415,2733.9065,805.1275,2020.7173,9408.261,1589.7967,41.9526,1064.0943,496.0404,497.2161,704.6485,3952.6091,294.7041,277.3534,1641.3311,2370.8403,972.938,21.2353,472.6143,1020.5879,4531.6587,2402.4343,1764.462,1341.9656,1477.6641,94.7818,97.1125,1683.8016,2426.2592,246.0184,566.6192,944.1927,2639.1299,627.9943,1752.1688,482.714,0.7769,1204.7132,538.9098,41.4347,1139.1946,810.8248,12.4304,269.0664,29651.1718,845.7853,1449.6957,4572.1015,697.9153,3645.9925,20.4584,29.5222,657.7755,337.4336,773.7926,2467.6939,182.0536,1013.3368,211.3168,138.2882,906.9015,510.4234,1199.5339,1512.1067,46.355,4881.5227,58.5265,419.7851,118.0888,618.9305,155.9757,94.5229,547.4557,227.1138,470.5425,886.961,56.7137,363.8482,164.7028,4034.7015,793.2151,801.243,1823.6437,798.3944,1060.7277,1243.5582,2947.8182,4168.8463,746.3421,253.0105,1023.9544,211.1278,756.9597,158.7466,10.6176,640.4247,1095.9472,1.8128,92.1922,15.0201,260.7795,66.5544,1176.7448,735.4655,8175.3205,4067.8467,2577.2368,1058.9149,2640.9426,1778.3245,5507.1863,2742.4576,27.7094,907.9373,1533.083,7704.001,395.1832,1120.808,765.5056,5367.8622,817.9257,1227.2433,4114.9812,159.5235,1592.3864,137.7703,45.8371,561.9578,250.4208,2097.8894,10070.4389,196.5557,585.2648,50.2395,1991.972,204.8246,471.8374,66.0365,145.2803,232.2932,1072.8991,1917.3896,376.5376,811.6017,1355.6908,1307.782,400.6215,164.9618,1777.0297,105.6688,12631.6198,326.0391,378.4151,1223.6178,5549.6569,1985.2389,33.4067,765.2467,430.9206,209.763,292.1145,201.7351,5964.5216,35.9964,102.8098,346.7564,73.2876,687.2977,257.6719,131.2961,0,755.4059,2.8486,3064.0943,4386.1194,1729.1208,1396.4288,3073.1581,940.8261,1135.5691,3027.062,144.7624,1190.2111,2095.5587,2298.0707,432.9924,1148.2584,22.7891,3317.6227,4097.6305,2129.7423,55.6778,233.847,141.3984,99.4432,16.8328,1886.5726,260.2616,1212.2232,11.3945,4993.1374,224.0062,7.51,141991.7131,13130.1308,255.6002,244.8997,111.8736,142.6907,346.2385,0.259,281.2379,1823.9026,1158.3582,666.3214,3042.6,2063.7058,22447.2355,135.9575,254.3053,3.1076,1193.8366,0.5179,313.8677,65.5186,846.0443,92.9691,38.586,12209.5041,59951.0553,32.3708,16.3149,6465.3632,3.8845,521.5926,281.4968,758.2546,40.3988,1390.9103,183.6074
TCGA-44-2656-01,33.5,1544.5083,3863.9803,11.9225,165.2895,641.9193,6.7742,3141.584,1264.329,1217.1809,1560.7662,657.0934,1477.0376,324.0758,1163.2586,326.7854,267.9857,116.5155,279.6373,1064.3559,1155.4006,9781.6147,193.199,612.6549,1094.4331,2377.1879,12061.5067,1070.5881,677.6869,2456.5756,2009.2156,5772.1254,405.0947,593.6873,205.1215,122.7478,31.7031,0,80.748,356.8627,22744.3744,33.8708,342.7724,4046.6116,1572.1468,4762.5048,567.9455,793.9314,2276.1174,692.861,529.7392,2418.9628,1094.1622,1594.152,1155.4006,1113.6717,878.202,23561.8799,680.1256,11.6516,659.8031,1304.1611,1959.0868,606.1517,792.5766,2091.6625,867.6343,9863.7175,7262.9823,2075.6023,25.4708,1000.6788,995.7391,437.0687,1408.2122,3790.8194,1553.9921,180.1926,1636.9078,2600.4642,1044.0334,11.9225,2246.3111,1158.3812,4865.201,1335.0513,1414.0407,790.9508,1091.4525,129.7929,198.3474,2233.3047,2470.4003,627.2871,616.7194,2023.8477,571.739,718.3318,1310.6643,713.1835,38.4772,1629.0498,503.7265,57.4449,1402.2509,1345.348,83.1867,559.8165,18796.3945,1011.5174,1439.6443,6548.0837,760.8735,2247.124,80.206,448.1784,1233.7098,191.3023,1306.0579,3883.2189,370.411,1493.0246,237.9085,150.9283,3812.4967,596.397,1324.2126,3947.4379,185.341,6045.2595,14.0903,348.1918,84.2705,1009.3497,371.7171,231.1343,567.9455,166.1024,742.1769,1856.1196,160.4121,1026.6915,453.5977,2710.2055,1687.8495,3333.4282,1355.3737,2205.3952,1513.3471,978.1886,2382.8782,1893.5129,808.5636,299.4178,1384.9091,181.6044,4002.4441,272.5922,1.8968,1764.5329,596.9389,23.0321,27.3676,10.5677,379.3529,375.5594,1916.0031,706.1383,7089.5639,6590.4411,2055.2798,852.1892,3898.664,1687.3075,2424.878,2360.117,3.7935,1716.03,1520.6632,4933.2136,476.6298,1893.5129,2585.832,4957.8715,1810.963,1600.5983,3516.0595,278.8244,1865.0615,359.0304,176.3991,1864.2486,276.6567,1481.3731,3300.3703,202.1409,464.4363,324.8887,1727.1396,463.0788,520.5264,443.5719,39.2901,295.6243,1309.8514,1608.9983,1133.1813,1290.8837,437.0687,694.2158,475.546,308.9017,586.9131,402.1141,14770.1054,532.9908,428.1431,2448.723,6217.8651,2888.2304,156.0766,1736.6234,602.3582,461.4557,659.2612,501.8297,6475.2831,117.5994,56.9029,1229.1034,235.7407,1325.5674,36.5805,107.0317,2.4387,2119.2279,0.9213,2302.9431,1825.5004,1325.0255,894.4708,15723.365,361.1982,1368.1092,3625.5299,287.2243,2670.1025,2089.6926,6133.5945,721.5834,566.3197,92.6705,2760.0634,4089.6953,830.5119,13.0064,292.3727,119.4962,134.2449,115.7026,2454.6843,482.5911,5051.6259,68.5545,1777.5393,188.3216,16.7999,136432.3756,7732.0251,409.1592,232.0366,93.2124,695.2997,813.441,0,900.9631,2886.8756,1684.0559,680.6675,1345.348,3053.249,10578.7977,204.0377,187.5087,5.1484,1311.7482,5.6903,77.2254,694.4868,835.1183,307.2759,27.3676,13079.2753,89597.7369,25.4708,0.8129,3804.6387,3.2516,687.4552,377.9981,602.6292,45.5223,6102.7938,185.8829
TCGA-44-2657-01,11.7,1475.1678,4488.5906,14.7651,146.9799,465.1007,28.8591,3572.4832,1461.745,1344.2953,1441.6107,781.2081,1541.6107,572.4832,1126.8456,123.4899,116.1074,88.5906,862.4161,828.1879,916.7785,7487.9195,438.9262,2028.1879,1560.4027,2673.8255,8680.5168,1868.4564,419.4631,1367.7718,2149.6644,2710.0671,259.0604,608.0537,406.0403,2800.6711,55.7047,9.396,395.302,468.4564,21932.8859,10.7383,383.8926,3646.3087,1923.4899,4738.9262,424.8322,1452.349,2441.6107,822.1477,719.4631,1617.9262,1607.3826,1093.9195,1024.8322,1063.7584,1106.0403,4104.0268,744.2953,26.1745,613.4228,1224.1611,1690.604,1026.8456,848.3221,3572.1007,852.349,3125.5034,6961.745,1320.8054,261.0738,853.6913,1509.5839,330.2013,1197.9866,4671.1409,928.8591,657.7181,1351.6779,1577.1812,1239.5973,30.2013,639.5973,1268.4564,6077.8523,1217.4497,1196.651,2514.094,1759.7315,438.9262,337.5839,1585.2349,2046.3087,967.7852,657.047,1310.0671,753.0201,579.1946,1346.9799,765.1007,5.3691,2563.7584,512.0805,132.8859,1146.3087,2297.3154,51.6779,813.4228,21957.047,1289.9329,1285.906,4892.6174,1082.5503,3308.0537,110.7383,65.1007,4125.5034,1928.8591,1038.255,11546.3087,416.7785,1630.2013,653.6913,267.1141,2554.3624,637.5839,1273.8255,2877.8523,146.3087,1553.0201,111.4094,366.443,92.6174,1019.4631,268.5839,173.1544,1318.7919,462.4161,814.7651,1359.0604,173.1544,1812.7517,2087.2483,5875.8389,1010.7383,906.0403,1703.3557,1563.0872,2048.9933,661.0738,3293.2886,1181.8792,969.1275,301.3423,1991.9463,319.3557,710.7383,436.2416,22.1477,1125.5034,851.6779,31.5436,51.6779,28.1879,381.8792,314.7651,2614.094,1316.7785,8701.3423,5309.3893,1895.9732,898.6577,2673.1544,1884.5638,1928.1879,2424.8322,177.1812,2105.3691,1142.2819,4805.3691,571.8121,2234.2282,4242.2819,4405.3691,2869.5034,2090.604,3440.9396,285.2349,2112.0805,304.0268,132.8859,1132.2148,533.557,2053.0201,3769.7987,154.3624,328.8591,129.5302,2122.1477,491.2752,462.4161,319.4631,18.7919,263.7584,669.7987,915.4362,524.8322,1189.9329,1182.5503,771.1409,391.9463,212.7517,397.3154,104.8859,8302.6846,324.1611,236.9732,1097.9866,2714.7651,1442.953,370.4698,685.906,554.3624,577.8523,810.7383,243.6242,5622.1477,84.5638,81.2081,1290.604,79.1946,753.0201,604.0268,247.651,6.0403,1261.0738,2.6846,3380.5369,1453.0201,1912.7517,995.9262,3138.255,828.1879,1228.1879,3651.6779,275.1678,1956.3758,3538.255,1611.4094,1310.7383,371.8121,67.7852,2644.9664,3644.2953,945.6376,32.2148,235.5705,166.443,114.7651,114.094,2044.2953,204.698,2217.4497,33.557,7951.6779,1633.557,26.1745,263093.9597,7897.3154,373.8255,346.9799,280.5369,1177.8523,338.9262,0,1526.1745,2027.5168,1518.1208,824.8322,1784.5638,1765.1007,12712.0805,334.2282,226.1745,0,1363.0872,22.1477,47.651,621.4765,1014.7651,239.5973,59.7315,17210.7383,47516.7785,61.745,1.3423,4323.4899,12.0805,887.2953,505.3691,710.0671,44.2953,724.8255,230.2013
TCGA-44-2659-01,12.56666667,1860.085,2635.8287,4.5767,440.34,868.9114,44.1321,3318.4047,1697.6136,1053.2854,2147.7607,1032.3635,2474.6649,362.8637,1049.0356,291.2717,116.3779,106.2439,248.1203,1132.7231,975.4822,8320.693,134.3576,1231.4482,1415.1684,3239.6208,13215.3645,1922.1968,536.7767,6649.1762,2383.4586,4146.78,1099.052,626.3485,698.2674,330.5002,24.1909,0,102.321,554.7565,19530.2386,31.0559,325.2697,2301.0788,1177.8359,5145.1455,330.1733,464.204,1698.5943,471.7228,547.5646,2695.9202,1232.7558,1487.5515,2341.9418,1413.8607,730.9578,3006.5381,708.4014,18.6335,570.121,822.8179,1825.1062,1479.5685,739.4573,2383.2102,1145.4724,6657.7313,19831.9712,1794.3772,16.999,1284.0798,1991.7228,437.0709,1486.1066,5180.1242,609.0226,442.3014,2527.9503,2345.5378,1075.5149,17.6528,853.5469,1889.8333,4877.7378,2078.7839,1800.036,3573.0631,1007.1919,264.7924,88.591,1322.3276,3118.6662,778.3589,664.5963,909.7744,958.8101,832.625,1089.8987,839.8169,21.9026,2241.2553,587.12,71.592,1665.577,1825.1062,24.1909,303.3671,24651.1932,784.5701,1279.83,14103.949,971.8862,3649.2318,32.3635,53.9392,1755.4756,158.8754,1265.7731,1575.6783,607.0611,1617.1952,339.6535,166.3942,1895.7176,223.6025,1537.1036,1186.0085,171.9516,4487.7411,18.9604,618.5028,152.3374,1237.6594,234.848,279.5031,1285.3874,252.0432,576.3321,1983.3279,227.5253,958.8101,1042.8245,1941.1572,1285.7143,889.5064,1631.9059,2140.5688,2292.5793,445.8974,4467.7999,1596.6002,835.2403,275.2534,1807.1265,232.1641,813.3377,192.5466,7.5188,1246.4858,1078.1301,19.9412,5489.0487,126.5119,344.557,114.4165,4868.9114,508.3361,6040.863,4438.7055,2217.0644,1288.6564,3149.3952,1256.6198,1746.3223,1698.5943,159.5293,2763.9752,1372.3439,7942.7918,587.4469,1372.017,3912.0628,6239.2939,1164.5669,2607.0611,2771.167,498.8558,1420.7257,145.7993,34.3249,1384.7663,783.2625,2837.8555,2114.0896,111.4743,431.5136,92.8408,2593.6581,576.659,328.8656,367.4403,10.7878,308.2707,596.2733,1036.9402,1233.7365,1228.1791,864.9886,970.2517,400.7846,62.1118,722.7852,235.4724,7859.4312,580.5819,317.3292,1045.1128,5114.0896,1790.4544,78.457,1249.7548,1160.1831,358.287,581.8895,110.8205,16641.713,33.0173,51.324,1011.1147,80.4184,1132.3962,267.0807,203.3344,4.9036,2053.6123,0,1818.2413,1021.5757,1769.8594,1238.5224,4130.7617,1069.9575,1195.4887,3758.7447,200.3923,1394.9003,2249.101,1987.2507,918.6008,358.287,38.5747,2037.9209,3076.1687,1258.5812,28.4407,167.375,229.8137,93.8215,37.594,1161.1638,288.0026,3915.6587,18.3066,1797.6463,118.0124,9.4802,108304.6747,8267.4076,460.608,175.1553,350.4413,463.5502,491.337,0,507.6822,2030.729,2208.8918,459.9542,2212.4877,2760.7061,8759.7254,123.2429,202.0268,0.9807,778.3589,3.269,220.9873,544.2955,463.8771,140.5688,12.7493,6392.9389,33886.2373,47.0742,2.6152,9141.8764,10.134,753.5371,394.5734,564.5636,51.324,1179.1435,167.375
TCGA-44-2661-01,1.5,995.1969,3742.5552,5.7637,110.951,448.6071,7.2046,1587.8963,1231.5082,1448.6071,1334.2939,635.4467,1347.2622,395.293,636.8876,125.3602,90.0336,98.463,567.7233,546.5898,1048.0307,3775.2161,25.9366,3232.4688,963.4966,1374.6398,8954.2988,1493.2757,467.8194,893.3622,1340.5379,3640.7301,235.8309,422.1902,492.7954,551.8732,37.464,1.4409,150.8165,300.6724,18311.7195,12.9683,292.5072,6236.3112,2565.8021,2243.9962,645.0528,792.0269,1840.5379,1035.0624,1330.9318,715.0672,989.9135,1750.7445,1088.3766,517.2911,692.6033,1366.4745,1014.8943,38.4246,566.2824,706.0519,2313.6407,1314.6013,694.0442,3706.9981,402.0173,2656.0999,12513.4486,2655.6196,33.6215,1009.1258,1974.2171,305.4755,1030.7397,4481.268,643.1316,152.2574,1740.634,1052.8338,1778.5783,29.7791,577.8098,1053.3141,6760.3266,1642.171,1917.6369,1566.7627,1374.6398,210.3746,473.1028,1677.2334,1959.6542,814.121,678.6744,1132.5648,1172.4304,532.1806,1161.8636,860.7109,6.244,1899.6158,519.2123,90.7781,939.4813,915.9462,28.8184,1080.6916,23189.7214,1209.414,1295.8694,4444.6494,693.5639,2608.0692,60.999,102.3055,1447.6465,523.0548,784.8223,2257.4448,290.586,2229.1066,611.9116,316.5226,3161.3833,946.2056,815.562,3150.3362,166.6667,1794.9087,61.9597,395.7733,127.7618,1153.6984,177.3727,108.5495,1221.4217,134.4861,925.5524,1108.5495,140.2498,1110.4707,1022.0941,1783.8617,963.4966,759.366,1461.5754,808.8377,1982.7089,756.9645,2679.635,3080.6916,1247.3583,409.2219,873.6792,118.463,656.0999,322.2863,11.0471,632.5648,797.3103,47.5504,42.2671,9.6061,322.2863,405.8598,1680.5956,1331.8924,5978.3862,3674.8319,2178.0884,1252.1614,1274.2555,2196.926,2844.8607,3273.7752,263.6888,860.2305,1258.4054,6009.1258,451.489,1964.4573,3148.8953,3959.1739,2236.1479,1070.1249,3318.4438,280.4995,1990.3939,201.7291,96.0615,2216.6186,244.9568,1495.1969,5896.7339,268.0115,572.5264,74.928,1719.0202,383.756,581.172,152.2574,25.4563,288.6647,1324.6878,1077.8098,249.7598,849.1835,809.7983,560.5187,486.5514,91.2584,369.3564,118.5303,7562.9203,408.7416,363.7848,1388.5687,3084.0538,2458.2133,102.3055,634.0058,446.6859,332.853,220.4611,560.5187,7939.4813,53.7944,112.8722,796.3497,119.5965,803.5543,237.2719,143.6119,0.9606,875.6004,32.4784,5359.7502,2284.342,1231.0279,1122.6561,2058.1172,812.6801,1037.464,2896.2536,252.6417,1874.1595,2577.3295,3725.2642,1354.4669,870.7973,165.2257,935.6388,2110.4707,1885.2065,55.2354,278.098,230.5476,130.1633,31.22,3829.4909,165.7061,1244.4765,31.22,4991.3545,438.5207,39.3852,233495.6772,6650.8165,334.2939,352.2046,316.5226,610.4707,254.4861,0.4803,1276.1768,2549.4717,1282.4207,543.708,1469.2603,938.5207,10693.5639,547.5504,217.0989,0.9606,1241.5946,8.6455,222.3823,835.2546,647.4544,662.8242,112.8722,12567.7233,54081.172,49.952,6.244,3811.2392,4.3228,660.951,380.4035,779.5389,50.4323,986.0663,227.6657
TCGA-44-2662-01,6.433333333,1770.3564,3435.1378,2.5137,86.9019,654.996,7.9002,2421.4023,1491.6958,904.9286,1162.4024,1783.284,1592.9617,130.7119,462.16,175.5992,789.2989,131.7892,504.1745,1066.1639,1045.3362,22544.9322,704.5516,187.4495,1758.5061,1619.8941,28678.2763,973.8756,710.2972,1330.0871,1567.8248,7897.2978,517.4612,452.1052,198.9407,23.7005,6.8229,0,32.678,657.5097,19470.3295,12.2094,255.6782,3865.6971,1940.5692,6360.7146,551.9346,497.3516,2424.6342,438.1004,156.9261,1670.7748,1164.557,1765.6917,851.4229,1239.9677,1152.7067,32825.2087,392.1357,11.1321,911.0333,1586.1388,2121.5549,2362.151,965.6163,1622.6376,572.7624,11791.7228,8999.3716,2874.2257,1.7955,880.1508,2066.5805,550.1392,900.9785,2933.477,563.4258,201.0953,1322.9195,3139.5996,932.9383,7.5411,1180.3573,1513.6009,5590.0889,1176.0481,513.1915,2758.5959,989.6759,210.7909,245.6235,1391.1482,1746.6559,1120.0287,579.9443,1921.896,1160.2478,617.6497,1457.5815,735.4341,36.6281,12525.7204,920.0108,116.348,1529.7603,1293.8325,182.7812,517.8203,33100.2783,1212.6762,1393.3028,2761.8278,355.1486,1564.952,3107.6398,403.2678,2441.1527,34.1144,2088.1587,2791.633,778.1668,894.5148,323.5479,205.4044,6049.3761,1121.8242,1028.0995,2277.7628,279.3788,3395.2779,0.7182,144.3577,137.8939,2012.0298,715.9673,183.8585,826.286,50.992,380.2855,1791.5432,49.9147,488.3742,111.6797,2581.5603,1330.4605,10166.4422,1097.0464,1562.0792,2195.1701,661.8188,2475.2671,1173.5344,499.8653,659.6642,1652.572,188.5412,1818.4756,79.7199,4.6683,2376.5149,612.6223,1.7955,70.3833,5.0274,592.1537,231.9777,2561.4508,1692.0729,5692.0729,3512.6995,2473.1125,1756.3516,6913.7265,1432.4446,2022.0846,1891.7318,210.0727,1410.1804,2836.1612,6472.3943,570.6078,2657.6892,559.8348,5038.1542,1542.8818,3078.9119,4401.8314,276.1469,1215.549,844.9592,251.7282,652.4823,427.3274,2274.89,3655.2653,174.5219,602.5676,424.0955,1597.989,842.4419,449.5915,18.314,21.5459,533.9797,498.788,1439.2674,2010.2343,1242.8405,272.5559,1200.1077,544.7527,279.3788,618.0088,202.3485,10831.493,547.9846,664.0919,1694.9457,2730.9453,1383.248,31.2416,1124.697,516.743,655.7142,841.3682,954.4842,9638.2081,251.3691,45.6055,1061.1365,189.6041,650.6868,254.601,117.4253,80.4381,868.6597,0.7182,5199.7486,1549.1516,1524.0147,1021.9768,11308.0169,328.9344,1248.586,3483.257,326.0616,2561.4508,2200.1975,4584.9717,976.3893,1196.1576,205.4044,4397.8813,4140.4076,1262.5909,8.9775,276.506,169.8537,58.8922,423.3773,1544.4833,68.2287,16655.7142,214.3819,548.7028,39.1418,3.9501,55865.338,13465.1225,409.3725,454.3388,61.4059,281.5334,924.6683,0,1361.343,1934.4645,1894.9636,793.608,2011.6707,4110.9615,8407.2179,98.0339,172.0083,0,752.6708,4.6683,188.5268,685.5193,638.8365,468.6238,1.4364,16343.6574,120750.8789,42.3736,0.3591,6514.0497,6.4638,976.0302,341.8619,368.4352,294.82,3926.0221,416.9135
TCGA-44-2665-01,1.366666667,1949.241,2922.2011,4.7438,190.2277,719.6395,43.1689,1974.3833,1272.296,1202.5617,1223.9089,843.9279,1209.6774,197.8178,607.685,137.5712,218.2163,102.9412,406.5465,598.6717,1454.4592,10259.0133,20.8729,205.8824,1398.482,2443.5484,12119.5304,1160.3416,391.3662,773.7144,2021.8216,2430.74,239.0892,275.6167,278.463,16.6034,4.2694,0,220.1139,471.537,16877.6091,9.4877,305.5028,2522.7704,1150.8539,2864.3264,426.4706,1141.3662,2389.4687,780.8349,895.1613,1066.4231,1222.0114,2501.2903,557.4004,667.9317,711.1006,4014.7059,742.4099,28.463,339.1841,829.6964,1958.7287,1861.4801,444.4972,3161.6129,677.8937,3401.8027,13092.9791,1374.2884,11.8596,1231.4991,2396.7742,481.9734,1243.3586,3008.0645,711.575,366.2239,2336.3378,1821.6319,1254.7438,16.6034,502.3719,1175.9962,5466.3188,1593.9279,1284.5019,2568.7856,1466.3188,506.167,782.7324,1492.4099,1869.0702,824.9526,564.9905,811.6698,1656.5465,752.8463,1161.2903,846.7742,42.2201,1961.1006,565.4649,110.0569,1499.5256,1785.1044,92.0304,264.7059,31923.6243,674.0987,2000,2617.0588,1792.6945,1990.5123,69.26,162.7135,46.0152,40.3226,1217.7419,3119.0702,943.074,1103.4156,261.8596,277.9886,3086.8121,222.4858,1546.4896,1670.778,398.0076,2279.8861,3.7951,518.9753,770.3985,1707.3055,388.9848,141.3662,3848.1973,9.4877,733.3966,994.3074,113.3776,369.0702,93.9279,3172.2011,1168.8805,1083.9658,1778.9374,1305.5028,1904.1746,586.8121,2690.7021,1841.556,1241.9355,745.2562,727.2296,194.8102,1605.7875,93.9279,5.2182,961.1006,1103.4156,15.1803,230.0759,18.5009,462.5237,305.0285,7001.8975,1291.7457,5816.888,3999.0465,1658.9184,915.0854,1064.9905,1127.6091,2509.4877,2110.5313,4.2694,1270.8729,912.2391,5631.4042,626.6603,1197.3435,185.4839,5509.0133,1159.1461,1880.4554,2400.3795,673.6243,1687.8558,142.315,64.9905,1984.8197,254.2694,1274.6679,2417.4573,174.5731,191.1765,219.1651,1806.926,490.038,324.0038,192.5996,252.8463,544.592,1109.1082,1405.5977,1942.5996,893.7381,1075.9013,1169.3548,684.5351,333.4915,513.2827,174.815,10467.7419,421.7268,485.5455,854.3643,2476.7552,2034.63,32.7324,619.0702,381.8786,257.1157,333.0171,72.1063,6286.5275,77.7989,56.926,936.907,82.0683,647.0588,525.6167,822.1063,1.8975,1465.37,0,3641.3662,4148.482,1260.9108,964.3501,9057.8748,539.3738,1401.8027,2785.5787,344.4023,1870.9677,1844.8767,2728.6528,2344.8767,896.5844,60.7211,3523.2448,4763.2827,966.7932,29.4118,188.3302,202.0873,139.4687,69.26,1682.6376,212.5237,7307.8748,45.0664,1543.1689,30.3605,12.334,152361.9545,10956.3567,382.8273,194.9526,300.759,181.2144,168.8805,5.2182,368.5958,2377.6091,1508.5389,616.6983,1832.5427,2237.1917,6664.1366,64.5161,200.6641,5.6926,952.0873,0.4744,798.3871,197.8178,647.5332,285.1044,3.7951,7186.907,36593.9279,72.5806,0.4744,3750.4744,8.5389,653.7334,327.3245,854.8387,36.5275,2401.7979,220.1139
TCGA-44-2666-01,1.766666667,2111.5629,3871.1292,6.2559,204.3583,572.2031,11.2606,1654.0507,1466.3747,1333.3333,1498.0711,834.9494,2267.5425,179.3348,847.0441,215.2018,318.6321,103.4303,672.2969,937.5456,901.2616,6571.9946,102.5962,1002.6066,1392.5555,2042.3314,8817.825,1866.333,584.7148,978.8343,2382.2333,5134.3968,103.4303,762.7985,956.3132,412.053,11.2606,0,33.3646,464.1852,17719.9458,205.1924,302.3668,3241.7892,1923.4699,4056.3028,349.9114,287.7698,2309.2483,558.4402,714.4198,1418.509,758.6279,1458.1837,695.2351,995.0996,980.5026,3648.0033,851.2147,23.3552,735.2727,1389.6361,3011.9904,1699.51,1214.0548,2933.6628,1152.3303,2223.3344,11162.1312,1545.6157,4.1706,964.6544,699.3056,296.528,1386.2997,5848.3995,521.7391,462.934,1525.1799,2994.0569,1652.7995,81.3262,1134.8139,786.9878,5760.8174,2427.2756,1870.537,2575.7481,1155.2497,128.8708,110.1032,1232.4054,2388.0722,923.3657,475.0287,573.0372,2225.8367,902.9298,1345.8451,873.7358,0.8341,2301.3242,708.1639,113.8567,1774.9974,1247.8365,100.5109,220.6235,18953.1853,803.6701,1011.7819,4807.849,374.1007,2494.8389,147.2214,135.9608,426.65,63.8098,1352.935,2655.8232,179.3348,1047.6488,123.032,218.1212,656.0317,457.5123,1077.2599,857.8876,62.5586,12456.6781,354.499,284.8504,85.9139,646.4394,525.4926,234.3864,1480.9717,548.0138,744.4479,1441.3513,94.6721,272.3387,195.6,3410.6975,902.5128,1903.4512,1428.0054,1554.3739,1596.4967,858.3047,3570.8477,4410.8018,581.7954,674.3822,1452.6118,211.2189,4611.4065,454.5928,9.5923,1192.3678,1153.5815,26.2746,110.5203,22.5211,384.9442,32.5305,1405.9014,1357.9397,8054.6346,3743.497,2301.7412,1039.7247,2282.9736,912.5222,1937.2328,1759.5663,231.0499,1157.7521,2154.9369,6580.7528,597.2266,1775.8315,1125.6386,5192.7849,1289.1336,1762.4857,2676.259,158.0649,1600.6673,164.3207,130.539,697.3204,657.6999,2959.0241,2571.1605,99.6768,426.65,246.064,1801.6891,704.8233,125.5344,458.3464,65.061,311.5421,1139.8186,1128.9751,637.2641,1113.961,1189.0314,415.8065,245.2299,570.1178,1406.7355,207.1776,8542.175,569.7008,413.2916,1083.0987,7383.1717,2775.5187,20.8529,1189.0314,662.2876,795.746,745.282,656.0317,4982.5878,137.629,47.5446,999.2701,150.5578,330.7267,2489.8342,181.4201,14.597,1094.3593,16.407,4314.0444,3543.7389,1619.0178,1277.0222,5053.0706,500.0521,852.0488,3854.8639,342.4043,1087.2693,3271.8173,3108.7478,380.3566,1822.542,145.1361,2066.1036,2702.5336,2934.4177,20.8529,246.8981,210.6141,98.6592,98.8427,8246.064,236.0546,4180.1689,62.5586,7396.1005,119.6955,26.2746,36377.4372,10123.2405,415.8065,255.6063,95.5062,172.2448,978.0002,0.4171,513.815,1227.4007,1375.0391,578.459,1953.081,4138.4631,6606.1933,562.6108,463.3511,1.6682,835.3665,0.4171,338.6508,591.8048,1022.6254,88.4162,69.2316,11981.2324,102058.5966,31.6964,2.2479,9689.9176,16.2652,663.5596,544.6773,662.2876,36.7011,2210.3889,439.9958
TCGA-44-3396-01,5.233333333,1826.5831,2709.5547,3.5802,109.4205,567.241,12.9783,2274.3343,1472.8127,1187.7377,1200.9398,870.4408,1950.772,234.0568,401.6559,143.8801,460.9532,197.1358,197.5834,667.9347,786.0819,13349.0714,1772.6561,220.1835,1388.0063,1652.0474,26158.3665,1494.0703,546.431,773.757,1625.6433,14152.8306,569.2549,499.8881,218.1696,41.3963,35.1309,0.8951,72.2757,497.6505,20404.5648,10.0694,580.2193,2230.2529,2459.3869,3731.036,609.9799,892.8172,2839.5614,649.1385,336.7644,1371.5954,874.6923,2213.5086,641.3068,792.1235,1347.505,2355.7843,794.3612,8.7268,1044.9765,1270.9778,2859.0289,2023.719,622.7344,2019.2459,790.1096,4933.7659,5474.6028,2213.6943,17.9011,1100.4699,2129.9105,406.8024,1491.3851,4626.7621,1548.4448,136.9434,1185.9476,2331.394,1275.0056,40.5012,444.8422,1404.341,5215.4844,1580.6668,1401.1143,4521.817,1132.0206,263.3699,281.271,1387.1112,1563.437,997.9861,626.0908,5768.8521,1732.1548,537.7042,1253.3005,824.5693,143.6563,2293.3542,675.0951,117.9235,1474.3791,1610.8749,118.1472,384.6498,26925.4867,1046.3191,1615.574,5149.7941,661.4455,1938.0175,219.2884,303.8711,1585.3659,252.853,1823.6742,4595.4352,893.936,1299.3958,321.1009,220.1835,3066.4578,1308.5701,983.2177,3874.2448,226.4489,2424.9273,29.0893,304.9899,179.906,1123.7413,421.7297,166.9277,1211.4567,6.0416,608.4135,1046.3191,116.8047,731.4836,475.2741,5415.0817,920.1164,5161.5574,1413.5153,996.196,1902.2153,564.3321,2512.4189,1353.9942,571.2687,379.0557,1241.2173,162.1526,907.5856,221.0785,5.3703,1764.1531,898.8588,9.3981,14.9922,4.699,367.8675,206.5339,4251.0629,1680.0179,8995.7485,4578.4269,2045.2003,1505.2584,1464.3097,1117.2522,1890.5795,1427.6124,415.3054,986.5742,1263.1461,7378.6082,410.1589,1787.4245,2985.2316,3620.0492,1582.2555,2213.9181,3897.74,350.8615,1200.9398,354.8892,235.6232,1167.1515,365.4061,2277.0195,3121.7275,208.5478,434.9966,223.0924,2278.8096,655.8514,415.3054,226.4489,117.2522,232.043,719.6241,897.5162,1402.7747,1016.7823,1246.5876,1023.0477,513.7615,321.5484,569.4786,163.7234,12382.8597,516.6704,456.2721,2202.0586,14669.501,1253.9718,130.0067,599.0154,1060.1924,752.9649,742.6717,246.5876,9714.2537,264.2649,70.9331,1117.6997,161.7812,545.9834,98.0085,249.9441,37.3685,964.8691,0.6713,4592.0788,3349.9664,1696.3527,1084.2582,8771.3135,570.5974,1203.1774,4190.1991,385.9924,2503.4683,2418.6619,3972.9246,811.8147,1115.2383,88.6104,6285.075,3134.2582,982.5464,14.9922,363.3923,219.2884,69.3667,234.5044,3149.4742,181.9199,13529.2012,185.7239,2939.1363,168.9416,18.7962,96682.9268,12103.3788,358.4695,324.2291,85.0302,825.4643,670.6198,0.4475,1064.8915,2064.6677,1413.7391,750.0559,1801.7454,4020.1387,13138.0622,184.1575,186.1714,1.3426,899.3063,8.7268,213.023,509.51,417.7668,160.6623,2.4614,11111.6581,55160.8861,129.7829,0.2842,4100.0224,12.307,916.8651,449.0938,938.2412,62.2063,1987.6661,217.9458
TCGA-44-3919-01,3.333333333,2232.1951,4242.9268,2.6016,194.1463,629.2683,17.561,2938.2114,2023.7398,955.4407,1576.9106,1021.1382,1776.2602,455.6098,914.4715,178.8618,574.6341,84.2276,656.5854,943.7398,993.8211,7796.4228,1627.6423,1033.4959,1376.2602,2612.0325,23221.3041,1328.4553,651.0569,918.039,1626.6667,12184.065,524.878,501.1382,232.1951,917.7236,40.6504,0.3252,93.6585,542.7642,23411.3821,27.6423,395.122,3000.6504,2233.8211,5025.0407,423.7398,688.1301,3140.4878,989.5935,783.0894,1840.4455,1337.8862,1222.5724,704.065,1127.4797,1070.2439,13526.5041,800.3252,12.6829,1162.6016,2002.9268,2263.4146,2748.9431,676.4228,3020.8098,757.0732,6936.2602,6386.0163,2338.2114,51.3821,1380.4878,1431.8862,401.9512,933.0081,4333.9837,542.439,414.6341,1296.9106,2203.252,760.6504,28.9431,1130.4065,1509.2683,5144.065,1849.1057,1841.535,4089.1057,1960.6504,232.5203,204.2276,1704.065,2090.7317,877.3984,617.561,1043.5772,722.6016,808.1301,1420.1626,823.0894,3.9024,2126.5041,670.2439,143.4146,1177.561,1657.561,162.2764,420.4878,27672.5203,1256.5854,989.2683,5511.9772,1043.9024,2326.5041,275.122,171.7073,707.3171,221.4634,1705.0407,2584.3902,258.8618,1600.3252,406.1789,124.5528,3445.2033,2900.1626,982.439,2020.4878,277.7236,5654.3089,19.8374,302.7642,604.2276,1773.9837,342.3967,379.187,743.7398,110.8943,615.6098,1590.2439,176.9106,907.3171,615.935,4443.5772,1419.187,4814.3089,1364.2276,1686.1789,2081.626,527.4797,4967.4797,2201.9512,737.561,292.0325,1977.2358,161.2325,1133.9837,350.5691,29.5935,1973.3333,1506.0163,15.2846,32.5203,14.9593,422.439,215.2846,2455.2846,1049.1057,9389.5935,4255.6098,2319.5935,1534.3089,3017.561,1172.3577,1659.187,1709.9187,370.0813,1666.3415,1221.7886,10317.7236,571.3821,2339.5122,2582.1138,3836.4228,1412.1886,1730.4065,3252.0325,359.0244,1746.9919,382.1138,110.5691,1767.1545,423.4146,4962.6016,2973.3333,150.2439,1598.0488,225.6911,3155.122,749.2683,583.0894,137.8862,72.1951,377.561,522.2764,1013.3333,1054.6341,1251.7073,395.122,947.3171,371.7073,414.9593,390.2439,209.3138,9976.5854,408.7805,236.413,1402.2764,2665.6911,1994.7967,92.3577,765.8537,475.7724,667.3171,1020.813,155.4472,8287.4797,88.7805,159.6748,1192.1951,162.9268,1000.9756,425.3659,160.9756,4.2276,1626.0163,2.9268,6233.1707,2664.3902,2177.8862,1147.4504,4671.2195,1025.6911,1011.0569,3298.8618,419.5122,2710.5691,2876.4228,2934.6341,923.9024,1099.5122,265.3659,3389.2683,4308.9431,1205.8537,30.5691,300.1626,274.1463,108.6179,118.6992,1757.3984,151.2195,10166.5041,60.813,3399.0244,234.7967,17.8862,124999.0244,13443.5772,422.1138,513.2228,193.4959,484.2276,805.4829,0,608.4553,2442.6016,1514.1463,702.439,2125.8537,3488.7805,17779.187,94.6341,186.9919,0.6504,1135.935,3.9024,48.7805,586.9919,563.5772,218.5366,18.2114,11348.9431,67195.122,86.1789,0.3252,5993.4959,3.9024,795.4699,483.252,640.6504,37.226,1153.7886,195.4472
TCGA-44-4112-01,13.03333333,1399.5984,3793.1727,5.2209,87.1486,609.2369,7.6305,1906.8273,1554.6185,440.9639,1241.7671,797.5904,1402.4096,330.9237,894.7791,185.9438,181.1245,160.241,893.1727,356.6265,1579.1165,6658.2329,81.9277,313.6546,1243.3735,1934.1365,15863.3896,1463.8554,715.6627,1301.1928,906.8273,4967.8715,629.7189,3537.751,143.7751,34.5382,6.8273,0.4016,24.8996,370.6827,18089.9598,11.245,691.9679,2326.1044,2377.51,2819.2771,258.2329,422.49,1857.0281,473.494,2514.4578,983.0281,1902.008,1571.1365,1001.2048,479.9197,773.8956,2099.1968,1158.6345,5.6225,779.5181,1453.4137,2074.2972,1039.759,399.5984,3666.6185,462.249,3983.1325,15906.8273,2554.6185,2.008,1042.1687,2149.4739,366.2651,2289.1566,4820.0803,690.7631,84.3373,1469.4779,1712.4498,1416.0643,20.0803,693.9759,1146.5863,6628.9157,2044.9799,2184.8795,2109.2369,1226.1044,135.743,138.1526,1538.9558,2175.1004,814.0562,640.9639,700.8032,2703.6145,835.743,975.9036,801.6064,15.261,1752.6104,568.6747,132.1285,2957.4297,1103.6145,94.3775,200,24509.6386,754.2169,883.1325,6385.1406,279.5181,1560.6426,112.8514,76.3052,352.6104,74.2972,755.4217,3248.996,508.4337,2012.0482,433.3333,135.3414,982.7309,203.2129,867.0683,4202.8112,106.0241,4052.2088,98.3936,348.1928,1252.2088,2120.8835,151.0281,116.0643,1144.1767,115.6627,806.0241,1289.5582,85.5422,304.0161,179.5181,3959.8394,987.5502,4555.4217,1704.8193,518.4739,1860.6426,1277.1084,2159.0361,2147.3896,1307.2289,271.0843,808.8353,119.9719,2359.8394,150.6024,11.6466,1615.6627,751.4056,9.2369,42.5703,6.0241,371.8876,85.5422,2355.8233,903.2129,6038.9558,5314.4538,2896.3855,988.755,1987.9518,1778.3133,3207.6305,1391.9679,47.3896,894.3775,1054.2169,7635.743,453.4137,1185.9438,821.2851,3140.9639,741.4779,1121.6867,4510.0402,355.4217,1799.5984,406.8273,294.3775,1058.6345,272.6908,1093.9759,4495.1807,292.7711,491.5663,97.1888,3634.5382,673.0924,265.8635,88.3534,63.8554,626.9076,818.4739,1441.3655,876.7068,917.2691,989.1566,521.6867,538.9558,212.0482,632.9317,205.7992,11102.8112,225.7028,406.743,1071.8876,4146.1847,2127.3092,17.2691,1666.6667,546.5863,500.8032,518.8755,101.6064,12526.9076,208.0321,82.3293,258.6345,120.4819,1815.261,368.2731,128.9157,0,759.8394,0.4016,3138.5542,3573.8956,1807.6305,1053.1285,6830.9237,351.8072,1629.7189,2115.6627,351.8072,1453.8153,1776.7068,4336.1446,1122.49,979.5181,78.3133,2755.0201,2969.8795,1447.7912,36.9478,183.5341,151.8072,95.1807,90.3614,2272.2892,167.0683,8167.8715,67.0683,3091.9679,42.9719,11.6466,117528.9157,20831.7269,224.0964,311.6667,118.8755,177.9116,322.0884,0,957.0281,2675.502,3316.8675,474.2972,1984.3373,2276.3052,7790.7631,180.7229,220.0803,4.0161,1309.2369,0.4016,22.8916,320.8835,175.502,157.0281,3.6145,8162.6506,88343.3735,53.012,0,5889.9598,7.2289,520.4819,558.2329,767.8715,30.1205,6211.4016,378.7149
TCGA-44-5645-01,1.333333333,2119.3345,2977.6248,0.5737,254.7332,1023.5227,40.7344,3758.4624,1779.1165,1600.6827,3157.774,794.607,1495.6971,663.2243,1656.9134,158.3477,129.0878,84.9111,616.7527,1179.5754,1046.4716,32851.9793,400.459,902.467,1604.7045,3374.0677,8941.3712,1114.7447,505.4504,2519.7533,2835.9151,3982.2146,166.9535,440.6196,1445.2094,2320.1377,76.3052,0,149.1681,520.3672,18811.8187,10.9007,285.1406,2654.6185,2604.7045,4397.5904,588.6403,685.0258,3978.7722,1341.9392,433.7349,2671.7556,1051.0614,1739.8394,1594.3775,1989.673,948.9386,4955.2496,778.5427,21.8015,671.2565,1112.4498,1267.3551,1838.21,904.1882,4361.7671,1055.0775,6302.3523,7442.3408,1134.825,102.6965,1574.8709,1232.7367,420.5393,1785.4274,4059.6672,430.2926,1458.9788,2367.183,2301.2048,923.1211,138.2674,846.2421,1681.5835,5543.8898,1740.1033,1598.0379,2951.2335,1068.8468,239.2427,142.2834,1253.5858,3712.5645,939.759,716.0069,1667.2404,1843.9472,721.1704,960.4131,879.5181,0.5737,1646.5863,753.8726,85.4848,1144.0046,1367.183,20.0803,441.1933,17344.8078,1162.3637,2148.0207,8300.0574,3243.8325,2096.3855,24.0964,57.9461,603.5571,283.9931,1303.4997,1308.0895,457.8313,1370.6254,282.8457,215.72,3447.5043,379.8049,1939.759,1745.8405,230.6368,2829.0304,168.6747,408.4911,138.8411,1425.7028,163.1497,199.6558,1624.7849,196.7871,671.2565,1609.2943,199.6558,1135.3987,428.5714,4051.0614,1523.8095,1829.0304,1415.9495,2683.8784,1293.7464,764.7734,3028.6862,6986.2306,985.0832,372.3465,2065.4045,215.0373,457.2576,582.3293,8.6059,1463.5686,1157.2002,6.8847,60.241,13.1956,329.891,109.5812,2077.4527,780.2639,6790.5909,2838.778,1777.3953,1107.86,1841.0786,1192.1974,1870.9122,2134.2513,291.4515,2858.864,1169.2484,7298.9099,748.1354,1800.918,2239.2427,6185.3127,1427.619,2170.3959,3313.8267,247.2748,2305.7946,90.0746,51.0614,1424.5554,379.2312,2605.852,3608.1469,136.5462,811.245,90.6483,2016.0643,538.7263,461.8474,402.7539,20.0803,496.2708,978.1985,1374.6414,594.3775,1487.6649,542.1687,2231.7843,469.3058,145.152,300.0574,235.1176,9400.459,589.7877,510.7344,1095.2381,3707.9748,1994.8365,69.9943,741.2507,428.5714,481.354,609.2943,67.1256,4663.2243,40.7344,82.0425,1393.0006,123.3505,822.7194,281.1245,271.9449,1.1474,932.8744,0,4351.1188,3039.5869,1932.8744,1121.3368,2511.1876,202.5244,1655.7659,3827.3092,179.5754,1473.8956,2803.2129,2137.6936,1045.3242,861.1589,254.7332,1198.5083,4147.4469,914.5152,39.5869,156.0528,227.7682,154.9053,24.6701,1262.1916,219.1624,886.9765,17.7854,4896.1561,445.2094,89.5009,268341.9392,12679.2886,555.3643,237.3953,257.6018,378.6575,643.144,4.5898,288.0092,2348.8239,1488.2387,797.4756,1511.7613,2183.0178,10601.8359,556.5118,324.7275,1.1474,1066.5519,2.8686,19.5066,689.0419,1149.7418,217.4412,100.9753,13526.6781,164343.6604,96.9593,5.4848,8142.2834,5.1635,660.5278,244.4062,415.9495,90.6483,604.6988,300.6311
TCGA-44-6145-01,8.933333333,2704.3588,3416.9299,2.5268,156.6646,475.6791,11.3708,3177.5111,1337.3342,1046.115,1656.3487,1019.5831,1094.7568,344.283,1342.3879,195.199,445.9886,146.5572,728.3639,703.0954,969.0461,7656.3487,1021.4782,620.3411,1487.6816,2842.072,6972.8174,1613.3923,626.0265,409.3493,1908.4018,5500.3159,547.6943,397.9785,208.4649,54.3272,17.6879,0,111.1813,500.3159,19267.8459,154.1377,478.2059,3962.729,2772.5837,6375.2369,678.4586,812.3816,2792.1668,668.9829,1028.427,2492.0278,1519.8989,1946.9299,698.0417,1269.1093,712.5711,8541.3771,524.3209,15.7928,1290.5875,2093.4934,1449.1472,1513.5818,530.0063,2227.7132,1008.2123,3449.7789,5564.7505,1499.6841,75.8054,826.9109,2620.0948,588.1238,1113.7081,5206.5698,1437.7764,168.0354,2371.4466,2617.8143,1186.9867,15.1611,568.5407,1349.3367,7162.35,2190.777,1415.2053,2094.1251,954.5167,186.9867,190.1453,1415.6665,2209.0967,421.3519,345.5464,2662.0341,608.9703,701.832,1055.5907,753.0006,13.8977,2457.9912,664.561,122.5521,2349.3367,1606.4435,156.0328,375.2369,25922.2994,777.6374,1600.1263,8573.5944,871.1308,3571.6993,310.8023,229.3114,1821.2255,336.0708,1722.0467,2154.1377,739.103,1929.88,220.4675,161.7183,2145.9255,547.6943,1494.6304,4137.7132,225.5212,10130.7644,23.3733,279.8484,290.5875,2047.3784,596.3361,323.4365,896.3992,96.6519,563.487,1809.8547,118.1301,1041.0613,270.3727,3135.8181,2046.7467,533.7966,633.6071,1646.873,1661.4024,618.446,2288.0606,2444.7252,610.8654,309.5389,2302.59,189.602,866.7088,94.1251,3.7903,1402.4005,1181.3013,13.266,62.5395,5.0537,411.2445,293.1143,3331.0171,890.7138,7827.5426,3063.1649,1602.6532,1054.9589,2390.398,1324.6999,1955.7802,1208.4649,10.1074,2051.1687,2236.892,10362.6027,590.6507,2524.9526,1426.4056,3871.7625,1712.9122,1720.1516,3759.9495,394.82,1328.4902,386.6077,111.813,921.6677,406.8225,2388.5028,5137.0815,146.5572,1070.7517,228.6797,1596.3361,395.4517,582.4384,70.7517,20.8465,307.012,562.8553,1120.0253,1344.9147,1534.4283,420.7202,1943.1459,291.2192,408.7176,3132.6595,316.8983,16241.314,542.0088,277.1004,1303.8534,2651.9267,2533.7966,260.897,1334.1756,274.7947,756.7909,1173.7208,228.048,4730.259,198.3575,25.2685,1260.897,191.4087,1142.7669,409.3493,130.1327,0.6317,1250.7896,0,3303.8534,2440.3032,1151.6109,1154.4473,11378.3955,627.29,838.9135,3068.8566,437.7764,2205.3064,3730.259,2283.6387,902.7164,546.4308,137.0815,5994.9463,3627.29,2099.1788,30.9539,197.0941,113.0764,106.7593,140.2401,2210.3601,233.1017,1490.2085,94.7568,1485.1548,324.6999,14.5294,117816.1718,9511.055,425.1421,383.6639,97.2836,610.2337,713.2028,0,1014.5294,2547.6943,1736.5761,562.8553,2288.6924,3140.8718,15482.6279,176.8793,293.1143,0.6317,1094.7568,17.0562,3.1586,353.127,1397.9785,91.5982,8.2123,7887.5553,13758.0543,82.1226,0.6317,6615.2874,116.8667,681.0423,268.4776,404.2956,209.7284,948.1807,380.9223
TCGA-44-6146-01,1.266666667,1757.2202,2938.1769,0,241.426,541.5162,39.7112,3076.7148,1149.3682,1336.1913,2314.0794,972.9242,1545.1264,121.3899,1422.8339,138.9892,181.8592,54.1516,981.4982,721.5704,982.852,20189.0794,3.1588,574.9097,1719.3141,3304.1516,9018.38,1415.6137,272.5632,1331.2139,3726.083,11699.4585,99.7292,478.3394,1421.9314,496.3899,7.6715,0,23.4657,1058.213,15225.1805,358.7545,441.3357,4827.1661,865.0722,6826.2635,399.3682,101.5343,2202.1661,1227.8881,212.0939,3711.3222,2511.2816,1372.8114,587.9964,1774.8195,898.917,6254.0614,634.4765,21.2094,474.278,779.7834,1989.6209,2491.426,715.2527,4143.4161,773.0144,1925.0903,2716.1552,1458.935,5.4152,1713.4477,1193.9079,560.4693,945.8484,4749.0975,458.935,1967.0578,1711.1913,3448.1047,1159.7473,26.6245,730.1444,2249.0975,6813.1769,1356.9495,1441.074,1634.0253,1124.0975,109.657,33.8448,1273.4657,2685.4693,333.0325,607.852,804.1516,1375.4513,844.3141,1153.8809,1379.9639,0,1496.3899,727.4368,64.9819,944.4946,1122.2924,26.1733,43.7726,14557.3105,837.0939,1600.6318,5975.6318,335.2888,2569.4946,38.8087,26.6245,46.4801,13.0866,1944.9458,1135.3791,1125,1247.2924,113.2671,48.2852,592.0578,374.0975,1595.6679,760.8303,124.0975,11692.2383,93.8628,311.8231,18.9531,1582.13,174.2193,244.5848,458.935,329.4224,553.2491,1582.5812,90.2527,166.9675,50.9928,3468.4116,2195.8484,509.9278,851.083,2380.4152,1612.8159,975.6318,4020.3069,2795.5776,486.4621,614.1697,1894.4043,275.0812,841.6065,120.0361,69.9458,622.7437,2218.4116,1.3538,98.3755,6.3177,579.4224,14.4404,1820.8484,476.083,7092.0578,4036.5433,2189.5307,1021.6606,2259.4765,1084.3863,1808.6643,1857.4007,453.0686,2868.6823,6233.7545,8071.2996,409.7473,1715.704,837.5451,17804.1516,1583.6372,2000.9025,3121.3899,189.9819,1767.5993,129.0614,46.9314,513.5379,552.7978,5569.0433,4051.444,204.4224,1066.3357,61.3718,2333.4838,724.2509,302.7978,91.1552,8.1227,212.9964,662.0036,791.065,966.1552,1663.8087,251.8051,3396.6606,572.6534,642.5993,3285.1986,237.4188,12289.7112,338.4477,311.1462,1017.148,1286.1011,1957.5812,5.4152,1948.556,397.1119,216.6065,656.5884,815.8845,7087.9964,69.4946,12.6354,1170.1264,222.0217,1168.3213,3254.5126,476.083,1.8051,1900.722,33.8403,3031.5884,4059.5668,2191.3357,1147.5135,3471.1191,418.7726,1148.0144,3115.0722,151.1733,1965.2527,4938.1769,1399.3682,287.9061,4395.7581,51.444,1569.9458,2457.5812,3430.0542,16.2455,152.5271,167.87,112.3646,18.5018,5598.3755,407.9422,3093.4116,12.6354,4067.2383,25.722,2.2563,21241.426,12441.3357,427.7978,211.4666,76.7148,69.0433,494.5848,6.3177,476.9856,1319.9458,1497.7437,536.1011,2801.444,3110.1083,32110.5596,2202.6173,276.1733,3.1588,1542.87,0,213.8989,90.2527,2623.1949,11.7329,26.1733,10808.6643,13851.083,47.3827,2.2563,12675.0903,4.9639,364.6616,108.7545,697.2022,29.3321,1395.731,703.0686
TCGA-44-6147-01,5.7,2543.7158,4101.0929,6.0109,238.7978,613.6612,47.541,3507.1038,1620.2186,1056.8306,1699.4536,996.7213,1403.8251,665.5738,1166.1202,328.9617,186.3388,93.4426,357.9235,868.306,1114.7541,11986.8852,135.5191,1267.7596,1765.5738,3054.0984,11052.3115,1395.082,471.5847,2262.8142,2330.0546,6126.2295,143.7158,448.6339,963.9344,909.8361,39.8907,0.5464,125.1366,650.8197,26034.9727,49.7268,392.8962,2174.8634,1980.3279,3922.4044,444.8087,539.3443,2710.3825,1014.7541,789.071,2722.2896,1174.3169,941.5355,1107.6503,1162.8415,1003.8251,6049.1803,589.071,21.8579,648.0874,1274.3169,1208.7432,1997.8142,822.9508,3133.5956,1712.5683,4686.3388,6145.9016,1354.6448,99.4536,1206.0109,1893.765,466.6667,1884.153,5125.6831,928.9617,331.1475,2036.0656,2328.9617,787.9781,80.3279,814.7541,1791.8033,5614.2077,1637.7049,1420.7705,5900,1469.9454,594.5355,250.2732,1151.9126,2166.1202,753.0055,584.153,2142.623,1272.1311,831.1475,1407.1038,622.4044,8.7432,2304.918,849.1803,102.7322,2608.7432,1982.5137,33.8798,301.6393,24395.082,746.4481,1215.3005,3526.1803,1166.6667,3205.4645,78.6885,19.6721,1705.4645,312.5683,1434.9727,1492.3497,580.3279,1439.3443,195.082,178.6885,1496.1749,332.2404,1366.6667,5357.377,190.1639,3394.5355,453.0055,789.071,89.071,1301.6393,315.1858,196.1749,1602.7322,288.5246,467.2131,1277.0492,147.541,909.2896,281.9672,6110.929,1215.847,1721.8579,1772.1311,2107.1038,1762.8415,590.7104,4116.3934,1762.2951,1121.3115,253.0055,1507.1038,196,1196.1749,281.9672,27.8689,939.3443,1314.7541,9.8361,198.3607,40.4372,331.1475,69.9454,3810.3825,791.8033,7256.8306,6672.1202,1848.0874,1233.3333,2493.9891,1013.6612,2572.6776,1388.5246,697.8142,2516.3934,1438.7978,7843.7158,504.3716,995.082,3740.4372,5471.0383,1060.7213,2246.4481,2903.8251,512.0219,1632.2404,167.7596,75.4098,1118.0328,401.0929,3026.776,3969.9454,131.1475,613.1148,113.1148,2005.4645,714.2077,306.0109,213.6612,42.0765,395.6284,361.2022,1272.1311,1406.5574,1339.8907,634.9727,1670.4918,297.2678,535.5191,877.0492,174.9235,12866.6667,536.612,466.6175,1378.6885,5218.0328,2324.0437,85.2459,1402.7322,530.0546,414.2077,492.8962,153.5519,5763.9344,45.9016,183.0601,1030.0546,122.9508,949.7268,823.4973,218.5792,3.8251,2018.5792,0,4591.8033,2034.4262,1416.3934,796.3716,4116.3934,914.7541,479.235,3331.1475,254.0984,1945.3552,1996.1749,2973.7705,627.8689,375.4098,311.4754,3882.5137,4216.9399,1397.2678,37.1585,151.3661,122.4044,80.3279,50.2732,1535.5191,505.4645,3851.9126,41.5301,3107.1038,312.0219,16.3934,77261.2022,6945.9016,477.0492,198.6885,649.7268,1434.9727,557.377,1.0929,365.5738,2021.8579,3053.0055,686.8852,1754.6448,2579.7814,21135.5191,436.0656,261.2022,1.6393,875.4098,21.3115,50.8197,548.6339,737.7049,67.2131,17.4863,8267.2131,20961.2022,449.7268,1.9836,7039.8907,26.2295,512.6667,525.1366,409.8361,248.9508,1420.7322,353.0055
TCGA-44-6774-01,9.066666667,2482.342,3831.7844,0.9294,212.8253,859.6654,39.9628,3016.7286,2168.2156,1232.342,1592.0074,671.9331,1722.119,315.9851,1007.4349,197.026,268.5874,109.6654,464.684,1250,892.1933,18656.1338,135.6877,689.5911,1918.2156,2674.7212,16743.4387,1263.9405,794.6097,827.1375,2672.8625,4960.9665,242.5651,444.2379,1033.4572,239.777,2.7881,5.5762,105.948,546.4684,26603.1599,23.2342,383.829,2421.0037,2196.0967,4158.9219,449.8141,576.2082,2978.6245,686.803,1657.0632,2340.2881,1122.6766,1024.0149,614.3123,1231.4126,816.9145,2112.4535,617.1004,13.0112,746.2825,1364.3123,1573.4201,2305.7621,1291.8216,2126.3476,1719.3309,7539.9628,5726.7658,1866.171,8.3643,1358.7361,7734.3959,422.8625,1026.9517,4956.3197,799.2565,296.4684,1763.0112,2994.4238,1288.1041,121.7472,678.4387,1514.8699,4207.2491,1616.171,1527.881,2771.3755,1470.2602,943.3086,90.1487,1346.6543,1742.5651,460.9665,499.0706,1288.1041,1913.5688,609.6654,1270.4461,633.829,411.71,2129.1822,536.2454,59.4796,1276.0223,1760.223,59.4796,209.1078,27552.974,538.1041,1934.9442,8497.2119,1311.3383,1460.0372,62.2677,46.4684,422.8625,86.4312,1509.2937,2289.0335,1300.1859,1030.6691,279.7398,241.6357,3031.5985,1608.7361,1353.1599,1950.7435,782.5279,1715.6134,21.3755,1787.1747,197.026,1592.9368,134.3123,153.3457,2750,45.539,681.2268,1529.7398,152.4164,491.6357,288.1041,3489.777,1445.1673,2420.0743,901.487,2636.6171,1557.6208,829.9257,3534.3866,1351.3011,522.3048,421.9331,1636.6171,111.5242,2006.5056,244.4238,47.3978,1509.2937,1152.4164,8.3643,79.9257,28.8104,219.3309,178.4387,7227.6952,1501.8587,7804.8327,3570.632,1692.3792,1574.3494,1732.342,996.2825,1417.2862,1497.2119,427.5093,2341.0781,1815.0558,7410.7807,889.4052,1381.9703,1483.2714,5555.7621,634.3123,1535.316,3035.316,1011.1524,1366.171,342.0074,157.0632,3181.2268,618.0297,2888.4758,1775.0929,218.4015,1023.2342,319.7026,2082.7138,568.7732,417.2862,51.1152,73.4201,246.2825,493.4944,934.0149,3231.4126,946.0967,1755.5762,2027.881,389.4052,324.3494,590.1487,68.355,7772.3048,404.2751,369.303,1547.3978,9771.3755,1698.8848,73.4201,832.7138,405.2045,513.9405,562.2677,200.7435,5554.8327,92.0074,72.4907,934.0149,48.3271,8375.4647,329.9257,369.8885,5.5762,1269.5167,8.3643,2340.1487,2338.29,1508.3643,1018.2435,2937.7323,698.8848,927.5093,2991.6357,335.5019,1842.9368,2122.6766,2515.7993,2442.3792,287.1747,35.316,7797.3978,3560.4089,978.6245,30.6691,206.3197,144.052,54.8327,121.7472,2612.4535,614.3123,3317.8439,53.9033,2246.2825,96.6543,17.658,44914.4981,8387.5465,531.5985,121.2639,644.9814,290.8922,628.2528,0,469.3309,2450.7435,1502.7881,709.1078,1657.9926,2064.1264,6388.4758,753.7175,373.6059,0.9294,831.7844,0,118.0297,428.4387,747.2119,142.1933,43.6803,4744.4238,2631.9703,503.7175,5.5762,4144.9814,21.3755,585.6041,259.2937,322.4907,89.2193,624.526,252.7881
TCGA-44-6775-01,2.366666667,2179.2024,3666.3301,16.6583,191.8223,620.3937,29.2781,3068.1474,1492.1757,1317.5164,2038.3645,1177.688,1578.4957,377.5871,751.1358,162.5442,629.9849,223.6244,1059.0611,775.8708,1145.3811,4839.9798,1267.0369,485.1085,1652.1959,3353.3569,13309.369,1125.1893,655.7294,2337.1984,2390.7118,3962.6451,406.8652,534.0737,833.9223,261.4841,23.7254,0.5048,239.2731,528.5209,19092.3776,39.3741,429.581,3336.6986,2375.5679,4921.2519,565.8758,693.5891,2845.5326,1050.9844,420.4947,1350.5199,1046.4412,1338.1524,800.6058,1184.7552,1133.266,7444.2201,771.8324,22.211,993.4377,1844.523,1942.9581,1101.4639,896.0121,2963.4326,1087.8344,6970.2171,5040.3836,2730.4392,4.5432,1315.4972,2733.8465,625.9465,1191.3175,3737.5063,1036.3453,402.3221,1216.5573,2044.9268,624.4321,24.2302,574.9621,1455.8304,5637.5568,1674.9117,1214.7047,3893.4881,1233.2155,393.7405,192.8319,1220.0909,2241.2923,802.6249,939.4245,1698.6371,1143.3619,762.2413,1356.3857,760.7269,34.3261,1807.6729,727.4104,165.5729,1162.5442,2089.3488,153.4578,451.2872,21379.1015,1170.1161,1219.5861,3495.3963,1062.5946,1727.9152,268.0464,77.2337,685.5124,92.8824,1659.263,1742.5543,417.4659,1057.5467,981.3226,181.2216,3395.7597,318.526,1014.1343,1250.3786,299.8486,3824.8359,51.9939,256.4361,272.0848,1925.2903,299.056,272.0848,3205.9566,42.9076,615.3458,1657.2438,99.9495,733.4679,343.261,3243.3115,1126.7037,6579.5053,1234.7299,1879.3539,1499.7476,446.7441,3137.3044,1418.4755,675.4165,792.529,1912.6704,161.7113,765.7749,190.8127,10.0959,2152.9531,1351.8425,11.1055,84.8057,15.6487,781.4235,243.3115,4283.1903,1340.737,8699.6466,4254.4119,2134.2756,1390.207,2687.5315,1104.9975,1843.0086,1726.4008,968.7027,1863.7052,1372.5391,8230.6916,549.2176,3140.838,997.9808,4498.2332,1125.371,1751.1358,3400.8077,468.4503,1337.2034,338.7178,73.7002,2381.1206,302.3725,2531.0449,2152.9531,206.9662,1422.0091,340.737,1825.3407,633.0136,411.9132,78.2433,35.3357,385.6638,508.3291,1450.7824,1451.792,1489.1469,487.6325,2344.7754,433.1146,481.0702,1097.9303,215.1035,9846.0374,484.0989,394.7956,866.734,3300.3534,1729.9344,38.3645,1058.5563,824.8359,649.1671,632.5088,346.2898,12067.1378,104.9975,62.0899,1046.4412,125.6941,907.1176,871.2771,216.0525,1.5144,1039.3741,1.0096,3823.8264,4841.4942,1723.8768,1173.5033,3222.6148,567.895,972.2362,3870.7723,288.2383,2088.844,2395.7597,2414.9419,1540.636,927.3094,149.4195,2740.0303,4562.847,1031.2973,29.2781,272.0848,210.4997,57.0419,202.9278,1648.1575,214.5381,2988.3897,51.4891,1249.8738,72.6906,16.1535,106077.2337,11690.5603,410.3988,337.0268,455.3256,436.1434,1018.6774,0.5048,508.3291,2311.9637,1616.3554,773.3468,2056.5371,2017.6678,13653.2055,141.3428,191.3175,0,1032.8117,2.0192,96.9207,684.5028,524.9874,360.9288,5.5528,8400.3029,100078.7481,183.7456,1.0096,4457.3448,31.8021,986.3705,269.5608,641.0904,38.3645,941.4185,251.3882
TCGA-44-6776-01,6.1,1928.1609,6211.9253,5.0287,132.9023,908.046,139.3678,3034.4828,1301.0057,602.0115,1521.5517,637.931,940.3736,123.5632,1685.3448,122.1264,63.9368,28.7356,70.4023,414.5115,1231.3218,11158.046,117.0977,2133.6207,1688.2184,2573.2759,6798.8434,1731.3218,696.1207,740.6537,2476.2931,9497.8448,80.4598,318.2471,1104.8851,2039.5115,11.4943,0,32.3276,678.1609,15160.9195,72.5575,625,5841.954,1614.9425,4586.9253,367.0977,120.6897,3381.4655,902.2989,2303.8793,2235.3592,2285.2011,1368.9871,596.2644,1142.9598,729.1667,7391.523,529.454,15.8046,505.0287,913.0747,680.3161,1828.3046,920.977,1878.592,2073.2759,2757.9023,6974.8563,959.0517,5.7471,715.5172,742.9885,229.8851,991.3793,9201.8678,594.1092,433.1897,1673.1322,1683.1897,951.1494,19.3966,439.6552,1174.569,4747.1264,2441.092,1630.9698,4550.2874,1569.6839,113.5057,75.431,1356.3218,1504.3103,403.7356,647.9885,455.4598,1485.6322,623.5632,1072.5575,425.2874,0,2584.0517,361.3506,40.2299,1076.1494,1604.1667,12.2126,70.4023,21859.1954,443.2471,1030.1724,6593.4124,362.069,4157.3276,17.2414,17.9598,198.2759,49.569,985.6322,1651.5805,324.7126,861.3506,112.7874,117.0977,455.4598,394.3966,1418.8218,703.3046,49.569,8323.9943,119.2529,279.454,29.454,604.1667,84.3534,198.9943,1128.592,292.3851,411.6379,1264.3678,48.1322,160.2011,40.2299,8354.1667,1413.7931,665.9483,2413.7931,1341.2356,2448.9943,875,4301.7241,2277.2989,829.7414,110.6322,1647.9885,120.4526,308.1897,207.6149,12.931,1096.9828,1022.9885,2.8736,39.5115,2.8736,309.6264,23.7069,2227.7299,280.1724,13078.3046,3671.6954,1292.3851,1108.477,2711.9253,1318.9655,3771.5517,1695.4023,20.8333,1657.3276,1860.6322,12326.8678,631.4655,1147.2701,1737.7874,4579.7414,794.2601,2182.4713,2372.8448,140.0862,1962.6437,75.431,17.2414,400.1437,489.2241,3670.977,6342.6724,165.9483,561.0632,58.1897,1606.3218,540.9411,268.6782,63.2184,21.5517,232.7586,401.5805,1801.7241,1042.3851,821.8391,806.0345,1234.1954,96.9828,32.3276,2559.6264,89.3319,10355.6034,338.3621,393.7284,911.6379,7134.3391,2289.5115,15.8046,581.1782,522.2701,711.2069,288.0747,43.1034,5451.8678,36.6379,35.9195,1427.4425,47.4138,779.454,96.2644,168.8218,1.4368,1660.2011,1.4368,2898.7069,3071.1207,1859.1954,924.5259,6867.0977,857.0402,806.7529,3671.6954,150.8621,855.6034,2362.069,1552.4425,301.7241,718.3908,29.454,3956.1782,3924.569,1295.977,56.7529,216.2356,107.7586,112.7874,12.2126,4391.523,198.9943,2525.8621,11.4943,6625.7184,34.4828,0.7184,34393.6782,18540.2299,304.5977,143.6566,147.9885,64.6552,515.8046,0,155.8908,1263.6494,454.023,597.7011,2186.7816,1395.8333,38674.569,177.4425,251.4368,0.7184,968.3908,0,69.6839,285.9195,887.931,20.8333,81.1782,11236.3506,40709.7701,76.1494,2.1552,12501.4368,17.2414,508.6997,272.2701,342.6724,24.4253,744.9713,466.954
TCGA-44-6777-01,11.23333333,1749.6055,3250.9206,29.4582,189.9001,1155.1815,53.656,2836.4019,1326.6702,1173.5928,1800.6312,622.3041,1464.4924,625.4603,1642.8196,311.9411,229.879,80.484,505.5234,1316.1494,1178.3272,7099.4214,57.8643,1047.3435,1842.1883,2924.2504,14419.2162,1091.0047,422.4093,2692.788,2832.1936,5101.5255,143.6086,399.7896,380.3261,21.0416,35.7706,0,128.3535,637.0331,23945.292,18.9374,297.212,3651.7622,1693.8453,6969.4897,639.1373,654.9185,2524.9868,710.1526,862.1778,2338.0537,1355.0763,1794.6028,1215.1499,1337.717,677.5381,20675.434,681.7464,6.3125,519.7265,1484.4819,1963.7033,2986.323,1208.8375,2370.1789,1524.4608,7621.778,8598.1063,1733.8243,47.8695,1156.7596,4326.1178,659.1268,1920.5681,4208.3114,1108.8901,284.061,2610.2052,2880.5892,1549.7107,59.9684,451.3414,1306.1547,4205.1552,1666.4913,1494.0978,3380.8522,1409.2583,395.5813,93.6349,1469.2267,3286.6912,927.4066,599.1583,1054.182,1278.8006,530.2472,1057.3382,574.9605,42.0831,1710.1526,600.2104,64.7028,1517.0963,1861.1257,48.3956,715.939,39610.7312,764.3346,1277.7486,7381.9043,1523.9348,1579.1689,57.8643,194.6344,1485.5339,251.9726,1435.0342,1766.4387,651.7622,1458.7059,417.1489,125.1973,10481.3256,1197.2646,1192.0042,3844.8185,579.1689,1614.4135,32.6144,686.4808,634.4029,1514.4661,202.0831,163.5981,2642.8196,48.3956,627.5644,1129.9316,394.5292,1293.5297,704.3661,3022.0936,1542.3461,1585.4813,1405.576,1939.5055,2348.7638,759.6002,4700.6839,1488.6902,329.3004,833.7717,1838.506,116.8858,1030.5103,183.5876,14.7291,1194.1084,857.4435,9.9947,79.4319,57.3382,239.8738,289.3214,10704.8922,1520.2525,8117.3067,3962.6512,1909.5213,1853.2351,3364.545,1083.6402,1931.0889,1603.8927,4.2083,2259.3372,1139.4003,6590.2157,758.5481,4138.3482,2583.3772,7428.1957,1109.4687,1895.3183,3183.5876,975.8022,1690.1631,163.0721,78.3798,3417.6749,700.1578,1914.2557,3069.4371,146.2388,269.3319,127.3014,2498.1589,522.8827,341.9253,284.061,46.2914,373.4876,857.9695,1205.1552,4642.8196,1354.5502,915.8338,918.464,365.071,132.0358,639.6633,217.6328,8292.4776,371.3835,399.011,1576.0126,2467.6486,1506.0494,62.0726,1655.4445,407.6802,500.7891,432.404,303.5245,6091.5308,76.8017,56.2862,651.2362,154.1294,985.7969,85.2183,289.8474,2.1042,1723.8296,2.5513,2570.2262,2410.3104,1491.3204,870.7049,6037.3488,376.1178,1872.6986,2618.6218,172.0147,2991.5834,2017.8853,3292.4776,3232.5092,309.8369,33.6665,7724.3556,5862.1778,863.7559,32.0884,145.1867,204.1031,41.5571,58.9164,1615.9916,280.3787,7189.9001,26.828,2675.96,153.0773,21.0416,201735.9285,13399.7896,381.9043,143.2351,374.0137,672.2777,479.7475,0,743.819,4063.1247,1915.3077,495.0026,1258.2851,1296.686,5025.7759,220.4103,398.2115,7.8906,1037.3488,5.7864,437.1383,794.3188,784.8501,763.8085,4.7344,10538.1378,61872.1725,149.9211,3.1562,2994.2136,8.9427,701.3361,304.0505,428.7217,29.4582,3491.2993,307.2067
TCGA-44-6779-01,3.1,2434.748,4539.5497,0.797,173.7398,624.0287,11.9546,3543.3353,1725.4433,898.9839,1601.1158,578.6013,1509.464,209.6035,1463.2397,138.673,329.1492,138.673,261.4067,1071.1297,1276.7484,8702.1319,8.7667,231.9187,1180.3148,3593.5445,7187.0891,1422.5941,624.0287,4004.7818,3231.7195,4554.6922,380.9524,204.0247,34.2698,21.5182,5.5788,0,72.5244,369.7948,8862.3232,3.1879,396.0948,5162.7814,1715.0827,8428.7707,471.0102,609.6832,2896.1945,697.3501,535.5649,2176.2024,1330.1454,2444.7739,899.7808,1197.0512,698.147,7418.2108,558.677,14.3455,693.3652,1645.7462,1548.5156,1260.012,938.0355,2282.3272,843.9928,14865.1126,6540.7452,2545.527,3.1879,918.9081,1103.4788,744.3714,839.211,5641.7613,668.6591,426.3798,2490.536,1986.053,953.1779,3.9849,310.8189,1200.2391,5318.9878,1406.6547,1255.6685,2670.6515,1594.74,94.0426,149.8306,1189.0815,2870.6914,198.4459,507.6709,2249.8506,1853.7557,477.3859,910.9384,589.7589,20.7213,1562.8611,288.5037,125.9215,3683.6023,1738.9918,65.3517,273.3612,18995.0189,1065.5509,1585.9733,3157.6011,686.9894,2140.6655,54.991,137.0791,104.4033,51.8031,1099.8207,2534.3694,1099.0237,893.4051,582.5862,147.4397,3236.5013,327.5553,1826.6587,2329.5477,125.1245,21944.6105,0,194.461,115.5609,2157.4019,781.9645,339.5099,1552.5005,10.3606,396.8918,1868.8982,53.3971,710.1016,53.3971,919.7051,2382.1478,519.6254,1495.9155,2158.1988,2123.1321,624.8257,3737.7964,2355.0508,372.9827,325.1644,1179.5178,167.5394,2998.2068,91.6517,10.3606,1356.4455,1531.7792,9.5637,54.991,4.7818,291.6916,375.3736,2242.6778,728.432,7540.1474,4371.3887,1381.9486,965.1325,2351.0659,762.7017,1803.5465,1815.5011,0.797,1844.989,1394.7001,6222.7535,899.7808,775.4533,254.2339,5911.9346,1152.5643,1836.2224,3834.2299,592.1498,1095.0389,274.9552,261.4067,847.1807,153.8155,4116.3578,2510.4603,108.3881,56.585,258.2188,2547.9179,408.8464,400.0797,36.6607,18.3303,285.3158,724.4471,1397.888,958.7567,981.8689,498.9042,1295.8757,809.7231,617.6529,2276.1506,252.2495,16665.4712,470.2132,506.9297,1913.5286,6337.5174,2921.6975,129.9064,887.0293,416.8161,358.6372,536.3618,250.2491,8806.5352,145.0488,61.3668,1070.3327,407.2524,834.4292,1212.9906,48.6153,0,883.0444,0.797,4861.5262,1708.7069,1181.9087,636.6368,18372.5842,72.5244,314.0068,3198.2467,212.7914,2860.3307,3222.9528,2628.412,853.5565,1491.9307,57.3819,2651.5242,4208.0096,1434.5487,5.5788,188.0853,80.4941,67.7426,270.9703,2819.6852,225.5429,628.8105,29.4879,333.9311,58.1789,15.1425,124559.474,14794.9791,352.2614,274.8914,90.8548,290.8946,92.4487,0,239.0915,2401.2752,930.0658,380.9524,1167.5633,2460.251,13127.7147,197.6489,150.6276,0,1216.9755,2.3909,1.5939,160.9882,1558.8763,102.8093,1.5939,5830.6436,19097.0313,59.7729,0,8185.6944,7.9697,924.5666,478.1829,410.4403,30.2849,2789.3923,293.2855
TCGA-44-7659-01,4.366666667,1940.2093,2228.6996,8.2212,139.7608,893.1241,4.4843,2517.1898,1500.7474,1091.1809,1822.1226,585.9492,1876.6816,600.1495,1068.012,157.6981,103.8864,94.9178,174.8879,553.0643,1011.2108,6641.2556,318.3857,1043.3483,1528.4006,2108.3707,12708.3782,1208.5202,468.6099,1869.9103,1821.3752,5098.6547,152.4664,431.2407,639.7608,9907.3244,11.2108,0,53.8117,455.157,16763.8266,17.9372,502.2422,2539.6114,1866.2182,4342.3019,245.8894,267.5635,2574.7384,519.432,192.8251,3455.1943,1275.7848,2240.5531,1056.8012,1017.9372,635.2765,6415.5456,968.6099,12.7055,649.4768,1027.6532,1840.0598,1636.0239,779.5217,2858.4903,2210.0149,3720.4783,11448.4305,1409.5665,34.3797,1289.9851,486.6218,394.6188,1136.0239,4757.8475,221.9731,332.5859,1266.0688,2159.9402,1040.3587,11.2108,982.0628,1934.2302,6482.0628,1916.293,1647.3543,4186.846,1367.713,56.8012,38.864,1245.142,2132.287,1232.4365,866.9656,728.6996,1316.1435,1100.1495,1654.7085,671.8984,4.4843,1954.4096,736.9208,41.1061,5455.157,1683.1091,32.8849,192.0777,18033.6323,1273.5426,1055.3064,9610.5082,518.6846,4156.2033,29.8954,68.012,624.0658,174.8879,1185.3513,1863.9761,293.722,1461.136,88.1913,153.9611,759.3423,226.4574,1209.2676,880.4185,37.3692,7488.0419,235.426,168.9088,76.2332,1411.0613,220.6801,221.2257,399.1031,99.4021,636.0239,1422.272,32.8849,511.9581,192.0777,3985.7997,1266.8161,728.6996,1350.5232,1597.9073,1981.3154,641.2556,3419.2825,2314.6487,1482.0628,280.2691,1330.3438,160.0897,1081.4649,114.3498,3.7369,4299.701,1072.4963,5.2317,107.6233,17.1898,295.2167,32.8849,1577.728,838.565,10793.722,3473.0942,2574.7384,1684.6039,3281.7638,1204.7833,2518.6846,1424.5142,281.0164,2484.3049,1523.9163,7281.0164,394.6188,910.3139,1962.6308,5194.3199,1012.4365,1875.1868,2831.0912,554.559,1798.9537,173.3931,21.6741,650.9716,399.8505,2609.8655,1657.6981,99.4021,588.9387,85.2018,2065.7698,1070.2466,267.5635,73.991,20.9268,250.3737,371.4499,1263.0792,361.7339,876.6816,359.4918,2615.0972,307.9223,41.1061,405.8296,206.0837,11604.6338,534.3797,512.003,761.5845,6878.9238,1644.9925,19.432,1071.0015,463.3782,694.3199,512.7055,340.8072,4631.5396,19.432,58.296,425.2616,188.3408,978.3259,552.3169,49.3274,8.9686,3322.87,0.7474,3423.0194,2071.7489,1697.3094,1233.7892,6801.9432,1597.1599,2070.2541,4414.7982,197.3094,1197.3094,1526.1584,1358.7444,301.1958,999.2526,88.9387,3127.0553,4373.6921,1490.284,20.1794,171.8984,179.3722,118.8341,32.8849,2644.9925,65.7698,3411.0613,41.1061,4778.7743,226.4574,12.7055,60940.2093,13473.0942,231.6891,268.0045,272.0478,462.6308,625.5605,0,373.6921,834.0807,1239.9103,713.7519,2321.3752,2909.5665,9907.3244,141.2556,227.2048,4.4843,810.9118,1.4948,43.3483,350.5232,404.3348,59.0433,5.2317,34530.6428,67301.9432,49.3274,3.7369,5701.7937,5.2317,559.7907,401.3453,834.0807,85.2018,1159.9327,58.296
TCGA-44-7662-01,17.3,2604.8095,5423.0115,3.5516,148.5757,696.1154,8.2871,2491.158,1810.7288,1143.9142,1164.9279,900.037,1727.266,134.3692,907.4362,136.737,685.1646,253.3481,207.7691,1234.7762,1463.263,15694.2656,818.054,100.037,1450.5364,2375.7307,15777.6841,1319.7188,962.7821,1307.2586,2166.7777,6193.1188,369.3674,438.0318,264.003,277.3215,7.1032,1.1839,118.091,510.8398,25794.1546,11.2468,469.4044,4459.6374,2165.5938,3529.4118,362.8561,652.6082,1735.8491,314.6134,188.5313,1597.8631,1223.8254,1579.5901,377.3585,690.492,1304.0326,49777.8764,697.0033,7.9911,646.0969,1066.6667,1769.8853,2116.1672,1834.7022,1689.0596,1352.8672,5071.4021,5178.8383,1787.3474,1.4798,1020.4957,4241.4739,405.4754,979.9482,5051.8683,968.4055,246.2449,1425.3792,2390.2331,968.7014,29.3008,1096.5594,1153.0892,5473.3259,1211.3947,1037.7388,4137.3289,2433.1484,290.0481,214.8724,1181.2061,1670.4403,1062.2272,538.3648,1554.125,652.0163,933.7773,1837.3659,502.2568,23.9734,2229.8187,609.9889,153.6071,1061.9312,1806.8812,167.2216,206.8812,24809.7669,597.5583,1125.5642,18453.8779,788.4573,1474.2138,154.199,140.2886,648.1687,84.0548,1681.983,2196.0784,1070.5142,1162.8561,279.6892,583.0559,1800.074,363.448,1104.8465,1427.7469,352.2013,1381.2801,9.471,250.0925,195.6345,1308.4721,722.5749,245.357,2039.2157,7.9911,698.7791,1783.4998,48.5387,314.6134,162.4861,3672.0681,1086.2005,3968.0355,1149.8335,2754.865,2252.3122,590.1591,3266.0007,844.0991,670.0703,507.5842,1241.2875,247.1743,1290.4181,118.091,7.9911,2368.3315,938.2168,16.8701,12.7266,0.8879,386.8294,186.7555,8375.5827,1236.552,7498.9271,4879.3163,1729.8616,1686.7185,3119.2009,886.7185,2207.3252,1962.8561,254.236,1457.0477,1683.4628,5269.7003,511.7277,1250.4624,908.6201,3922.4565,1023.9083,2602.1458,3156.7888,528.3019,1250.7584,928.4499,477.6915,3313.3555,487.7543,3540.6585,1672.2161,184.0917,440.6955,863.0411,2460.3774,765.9578,631.8905,64.5209,25.7492,254.532,483.9068,1655.3459,2499.741,950.3515,1397.5583,1224.4173,589.2712,94.4136,541.0285,178.4477,11572.327,633.9623,270.6385,1126.7481,3703.1447,1631.3725,71.9201,303.0707,548.1317,1019.6078,891.7499,368.4795,7481.1691,163.67,77.2475,1213.4665,69.8483,3530.8916,759.4525,344.2101,11.8387,458.4536,0.296,3935.7751,2313.8735,1426.2671,796.3833,5886.4965,649.0566,676.8775,5249.2786,536.589,2111.1358,2256.1598,2491.7499,1044.7651,766.2597,104.7725,7543.6182,2875.3237,1140.3626,14.5024,398.0762,162.7821,79.7336,332.9634,1306.6963,150.0555,9334.8132,108.3241,696.4114,122.8265,5.6234,42809.027,9135.0351,428.2649,230.4876,112.1717,250.9804,556.4188,0,544.8761,2369.2194,1642.9153,1350.4994,1279.1713,3529.4118,19334.0733,155.0869,155.0869,0,576.8405,1.4798,322.3085,752.0533,651.7203,124.0104,0,9604.7355,5913.7255,140.2886,0.296,4512.9116,10.9508,639.9142,588.3833,417.6101,33.7403,1393.1957,312.2457
TCGA-44-7670-01,31.63333333,1712.9608,3128.5262,2.7823,67.084,404.6681,13.6023,3105.9587,1882.3711,587.0624,843.0327,1327.4596,1794.2654,125.512,922.4824,128.2943,892.8047,191.0503,520.5966,633.7429,868.0733,11756.0863,4.9463,382.4098,1234.0985,2292.9129,10305.8784,1923.4871,1618.3631,599.1189,2715.8204,3362.2382,484.1178,411.7783,634.9795,2495.7106,26.5863,79.1406,64.6109,511.3224,37894.4277,545.9464,709.7921,3122.0342,3186.645,4135.7137,200.6337,348.0949,3588.5308,1061.5967,652.2915,2767.4503,7593.7862,718.4048,648.8909,1318.1853,1227.9156,3185.4085,654.1464,14.2206,1267.795,3362.5473,745.0344,2556.9209,1146.611,3219.9644,1298.091,3915.9131,7422.5211,2849.061,24.1131,1095.2933,226.1288,673.3132,693.7167,6470.0518,336.3475,174.0475,779.9675,5987.4797,621.6864,24.1131,1718.2162,1148.775,6693.5621,1517.5825,1391.7768,2589.9992,2117.938,1291.2899,83.7777,1345.3899,2664.1935,980.2921,657.547,1750.6763,1052.3224,759.8733,1950.0734,430.3269,19.1669,2121.0294,747.8167,166.3189,1194.5282,1962.13,209.908,73.8852,20953.3967,807.7904,1208.7487,2108.8863,2301.5689,9326.5322,267.7178,42.3526,255.352,98.9257,2407.2958,10791.8695,22109.5912,796.6613,330.1646,417.3429,481.9538,281.6292,1341.0619,1034.3921,29.6777,6492.9284,89.6514,220.1097,32.1509,928.047,469.3037,310.0703,871.783,1622.3819,1518.5099,1900.9197,25.3497,166.0097,254.4246,3807.0948,1557.4619,791.4058,258.1343,1665.3528,2313.0072,772.8573,4163.2275,2547.9558,567.8955,90.5789,1495.0151,309.0131,2104.954,177.7572,61.5194,2398.9489,1763.9694,2.4731,31.8417,3.0914,485.9726,38.3337,1188.3453,3066.0793,9255.1202,6619.3616,1459.7728,1379.7048,2106.8089,1282.0156,1836.9271,1259.139,268.336,1499.0339,4573.7692,6128.4489,378.7001,833.7584,384.8829,2419.3523,1582.0419,1083.2367,4514.1046,674.859,1140.7373,1811.2683,831.5944,688.7704,776.567,3308.4473,2661.7204,187.0315,794.4973,529.2526,2200.4792,732.0442,405.2863,15.148,71.412,208.3623,136.0229,1509.5448,2309.2975,2108.6637,402.1949,6587.8352,95.5252,147.152,1921.6323,191.3409,14542.3912,434.3458,327.0979,731.4321,9566.1179,1223.5876,90.5789,771.0024,917.5361,466.8058,1770.7705,251.024,6048.0717,316.5623,71.412,1415.8745,104.4903,1121.8796,3356.6736,307.5972,42.3526,5100.5487,13.2808,5438.7511,4427.8538,3240.4359,746.4997,4847.0515,1963.9849,1040.2659,5951.6191,413.9423,3481.5674,3118.9427,2409.7689,2657.3924,372.2081,130.1492,5165.1596,5958.4203,1889.4814,55.3366,349.9498,344.076,140.66,496.1744,1067.4704,147.7703,9447.7162,119.02,1303.6556,115.3103,33.0783,25375.3768,8465.8784,384.2646,355.7493,146.8429,222.892,70.4846,0,1159.595,1355.5916,1357.7556,896.8236,2674.7044,1850.2203,11341.2165,509.7766,175.9023,0.6183,471.4429,5.8737,84.396,276.0646,551.2018,25.3497,0.9274,14410.3872,7610.1708,342.2212,0.9274,11425.6125,142.5149,422.0079,288.7395,316.8715,191.6686,2032.0056,321.1995
TCGA-44-7671-01,6.5,3524.5372,4587.948,1.5754,124.7735,980.8586,181.1737,2520.9925,1568.1764,626.7034,1381.6463,828.9878,1861.8354,109.0193,1410.6341,100.1969,149.3501,84.7578,617.566,565.2619,1189.1296,8219.614,65.2225,585.1122,1271.0516,2250.9649,11537.7519,1861.5203,526.8216,704.523,2384.2458,10613.9425,191.2564,223.08,946.5144,520.2048,3.1508,0.3151,19.8503,506.9712,26232.375,19.2202,874.9902,9863.4108,3074.5963,3349.3501,265.3013,90.4293,1989.4447,381.5675,3015.6755,1961.0114,1598.7397,1338.4671,662.6231,940.5278,782.9854,1945.3328,849.1532,27.4124,585.7424,904.9232,1280.8192,1609.7676,917.2115,1982.2229,1206.7743,3092.5561,11355.9669,1409.6889,7.8771,1355.8094,814.6829,408.9799,1323.3557,5906.5774,575.6597,334.6199,1542.3395,2595.6676,1496.3371,36.8649,529.9724,1490.0354,4899.8818,1971.1698,1192.7373,3670.4214,1601.2603,116.5813,32.4537,973.9267,1367.4675,239.1493,939.2674,710.2009,1878.8499,721.859,1373.4541,495.3131,4.4112,2047.4202,540.3702,53.2493,1800.3939,1301.2997,29.3029,78.7712,25342.2607,325.7976,1093.3438,5466.779,931.0752,5846.3962,46.6325,19.2202,130.7601,43.1666,1385.4273,1254.037,605.9078,800,80.3466,126.9791,788.3419,83.4974,1451.9102,830.8783,166.6798,5063.0957,47.8929,434.5018,38.1252,922.2529,211.0217,171.4061,825.8369,220.8744,314.7696,1430.7995,95.4707,133.5959,34.9744,2792.5955,1105.3171,1095.8645,2187.948,1287.436,1640.961,832.7688,3234.0291,1483.1036,569.9882,233.4777,1546.4356,173.139,1656.4002,96.4159,44.742,954.0764,1305.7109,3.4659,49.1532,18.9051,246.0811,36.2347,5340.0551,580.7011,11115.8724,4711.4581,1927.0579,1332.4931,2560.063,1306.3411,3372.9815,1253.0918,110.2796,1862.1505,2920.835,11265.5376,527.7668,1139.3462,993.462,3832.69,521.0272,2859.0784,2185.4273,316.9752,1442.1426,161.9535,81.6069,855.4549,408.6648,3323.1981,5381.3312,226.5459,291.1382,103.3478,1712.8003,373.6747,228.4364,131.3903,115.321,236.9437,233.1627,1462.308,1488.1449,1075.0689,992.8318,3491.7684,355.1004,193.1469,4806.3017,113.4904,12653.1705,350.0591,478.4498,1234.1867,2863.1745,2242.7727,8.1922,742.6546,529.9724,458.7633,376.2111,52.9342,6854.6672,72.1544,50.7286,1208.9799,117.2115,818.59,437.3375,166.0496,1.2603,839.0705,0,3273.7298,4651.9102,1581.41,1326.182,6114.5333,812.6034,1458.2119,4125.0886,170.4608,1365.577,2106.9712,2186.6877,546.987,515.4785,109.0193,7975.7385,3878.6924,1382.5916,26.152,164.7893,82.2371,91.3746,59.551,2391.4927,282.631,4118.1568,28.0425,1960.772,45.6873,2.8358,22944.1512,13988.1843,244.1906,169.0713,269.0823,169.8306,437.9677,0,281.6857,1773.9267,950.2954,529.6573,2352.7373,3088.7751,28511.6975,118.1568,215.2028,1.2603,764.3954,0.3151,126.0339,149.6652,540.0551,51.989,24.2615,9480.2678,33602.5207,64.9074,2.5207,7125.64,37.18,477.0382,189.9961,422.2135,55.4549,1084.6002,214.8878
TCGA-44-7672-01,4.8,2159.7032,5473.6431,13.2761,166.3413,609.918,16.0094,2188.5982,1684.1078,747.3643,1223.7407,941.8196,1493.1667,401.7962,855.5252,109.3323,344.3967,122.9988,577.5088,941.8196,793.8305,24560.7185,205.779,573.2136,1474.4241,1661.8508,10541.1831,1485.3573,545.49,1085.8961,1900.039,7511.5189,319.4065,595.861,303.7876,445.9196,65.5994,3.5143,150.3319,409.9961,22900.82,355.7204,433.8149,2263.1784,3016.3998,4430.6911,535.7282,961.7337,3338.1492,571.2612,1120.656,2095.9078,2636.0797,1284.9317,844.9824,1139.7891,1037.0949,7075.7517,679.0316,8.5904,528.6997,1169.8555,1813.3542,1662.2413,993.7524,1767.2784,1446.7005,4642.3272,8851.23,1384.2249,116.7513,978.9145,2783.608,329.1683,1080.0469,5771.9641,1182.7411,358.8442,1333.854,2308.0828,897.6962,21.0855,611.0894,1293.2448,3720.0312,1158.9223,1019.8165,4385.3963,1593.1277,410.3866,386.5677,1030.8473,2081.9992,988.2858,386.9582,1309.2542,1504.8809,571.6517,1201.4838,531.433,98.0086,1827.0207,451.7766,47.6376,1003.1238,1671.2222,106.599,534.9473,32150.3319,675.1269,1862.9442,7268.2546,1440.4529,2314.3303,116.3608,144.8653,3810.2304,617.337,1105.4276,5606.0133,530.2616,1630.613,428.3483,215.5408,2746.5834,420.1484,1349.8633,2727.0597,247.95,5023.0379,16.0094,344.0062,385.7868,1374.8536,333.1902,184.6935,2044.5139,134.713,512.2999,968.3717,75.7517,1065.2089,676.2983,1952.7528,1556.0328,1193.2839,1490.4334,1753.6119,2523.2331,648.5748,2921.515,1396.3296,615.7751,321.7493,1216.7122,221.4487,983.6002,189.7696,10.9332,1664.1937,884.8106,6.638,15.6189,8.1999,248.3405,164.7794,4663.4127,1549.0043,5648.1843,4267.8641,1609.5275,1600.1562,3431.4721,1079.6564,1715.3456,1103.8657,76.9231,1436.9387,2408.4342,5676.6888,622.0226,1784.4592,4233.1121,3795.3924,1284.5568,1268.2546,2454.51,434.5959,2046.4662,590.7848,367.8251,1710.2694,344.0062,2158.5318,3229.9883,118.3132,340.1015,158.1414,1818.8208,700.8981,417.0246,68.3327,30.0664,277.6259,639.2034,1235.4549,1414.2913,796.5638,756.3452,1100.7419,604.4514,254.9785,584.9278,62.9988,11269.426,258.1023,365.0761,1300.6638,8716.517,1441.2339,190.1601,762.2023,497.8524,797.7353,863.7251,211.6361,7604.0609,176.884,39.8282,654.0414,105.0371,720.0312,368.2155,283.8735,0.7809,1152.6747,1.9524,6162.0461,2268.2546,1332.2921,757.5635,3582.9754,1371.7298,515.4237,4120.656,340.1015,2060.5232,2185.8649,3239.7501,1118.7036,789.9258,73.7993,6210.0742,4204.2171,6865.287,19.9141,202.2647,158.1414,72.2374,134.3225,1184.6935,243.2643,2935.9625,45.2948,3324.0922,544.7091,59.3518,122503.7095,11704.4123,335.8063,158.5123,141.7415,975.4002,374.4631,0.3905,699.7267,1901.9914,1295.9781,1060.5232,1156.9699,2979.305,13302.2257,269.8165,256.5404,0.7809,924.6388,15.2284,404.139,324.8731,946.1148,226.474,6.638,12622.8036,45481.843,109.7228,1.7571,8829.3635,7.0285,659.1878,389.3011,391.6439,84.7325,700.5076,315.8922
TCGA-49-4486-01,7.5,1661.786,5977.1762,3.6574,49.8735,381.6987,11.9696,1577.001,684.5973,300.5711,942.9422,762.0675,1700.3549,76.1403,442.5444,139.6459,55.5259,9.9747,224.4309,201.8215,1352.5701,7695.4855,88.7749,630.4014,649.3533,1150.7486,7389.5912,1507.843,313.8707,236.0647,1098.5476,10778.6671,51.8685,198.1642,790.3292,274.9694,3.3249,0,14.6296,222.1034,29635.1834,9.3097,777.3621,10664.9555,4453.7061,1888.2118,215.4536,311.2108,1520.1452,342.7974,4213.9807,640.4692,1008.4428,845.4594,384.6912,471.4711,1013.4301,1979.3141,1014.0951,31.2541,550.2713,800.6364,1214.2542,784.6769,622.0892,1904.7332,387.0186,1417.0732,16305.3191,1317.3261,0.665,800.3039,109.2031,225.0959,699.8919,8011.0187,155.6054,184.1996,1436.6901,1619.5597,1111.8472,30.9216,173.5599,969.2089,4156.1274,2002.2559,1773.1968,1322.3135,1716.9794,18.287,73.4803,1567.3588,2444.4679,612.7794,352.4396,230.0832,1984.9665,464.1563,1779.155,252.6925,0,1899.5165,387.3511,16.957,932.9675,886.0864,8.9772,38.5689,32720.0275,560.246,999.798,1140.581,1288.067,8037.6179,41.5613,8.6447,268.9846,36.2414,534.6442,3044.2802,295.5838,1205.9419,128.3412,69.4905,283.9466,118.034,978.8511,625.0816,28.9266,7222.6845,172.8949,96.0897,25.2693,591.8325,138.4024,100.7445,380.3688,129.6712,358.0919,1556.0541,5.9848,73.4803,28.5942,2067.7565,797.644,314.2032,1875.2447,469.8086,3612.506,802.9638,2775.2956,3139.7049,724.8286,259.6748,714.8539,342.9636,1140.7739,158.2653,2.3274,700.2243,681.2724,0,20.6144,1.6625,210.1338,22.9418,459.5014,554.9261,10552.9063,8892.7661,2413.2138,751.0953,3427.3089,2618.6928,6419.0557,3296.3078,2.3274,390.011,1354.2326,7625.6626,388.681,1085.913,1322.3135,2701.1503,1139.0516,1307.3514,3728.8775,57.5208,1609.9175,104.7344,49.8735,240.0579,207.1414,1598.2804,9934.807,146.6282,185.5295,117.7015,993.8132,159.8945,477.1234,8.9772,0.665,134.326,532.3168,2615.3679,251.3626,646.0284,567.2283,820.2533,243.3828,25.9342,2984.432,54.6448,14592.9946,225.0959,391.3243,397.6583,12919.5715,1548.7393,17.2895,522.3421,465.8188,519.6822,262.9997,53.1984,5264.9822,57.8533,119.364,1300.3691,45.8836,675.9526,36.5739,82.4576,0.665,980.8461,8.3123,3228.8123,2510.301,1937.7528,1218.5367,2975.1223,111.3842,87.1124,3244.7718,202.154,886.4189,1840.3332,1845.9856,543.6215,285.6091,29.5916,1960.6947,2782.9429,1491.551,34.9115,228.7533,84.785,96.2493,20.6144,2079.3937,96.4222,4535.4987,12.6346,5945.9221,14.2971,3.6574,75030.7346,13624.4507,136.321,297.7749,76.1403,41.8938,319.5231,0.665,256.6824,1793.7846,358.7569,626.4115,1995.9386,812.606,26513.1005,69.158,217.1161,1.33,1040.6943,0,38.2364,158.2653,311.8758,8.3123,27.5967,17628.2976,28646.6901,13.2996,8.9772,5708.5241,8.9772,372.7215,149.9531,618.0993,6.6498,2448.1153,74.8103
TCGA-49-4487-01,11.76666667,4112.0472,4526.5375,5.8972,360.5729,462.5105,10.952,3822.2409,1888.7953,931.7607,1287.2789,1098.5678,1570.3454,839.9326,903.9596,133.1087,456.6133,130.5813,1347.0935,862.679,995.7877,4212.2999,635.2148,663.8585,2497.8939,2431.3395,7237.5653,2258.6352,1593.0918,627.6327,2001.6849,9740.5223,497.8939,473.4625,495.3665,728.7279,28.6436,0,243.4709,291.4912,52809.604,9.2671,419.5451,2855.9393,5236.7313,3045.4928,315.9225,1283.909,1533.2772,583.8248,4565.2906,2529.941,1380.7919,1051.2721,889.6377,1449.8736,893.0076,442.2915,651.2216,10.1095,1208.9301,1779.2755,1329.4019,1717.7759,739.6799,1765.7961,1294.0185,2860.9941,9881.2131,1502.9486,133.9511,1098.5678,1510.4465,434.7094,1064.027,5523.1676,1227.4642,119.6293,1204.7178,2486.0994,521.4827,87.6158,416.1752,1489.4693,5036.2258,2807.9191,1038.7532,4897.2199,2040.4381,374.0522,258.6352,1173.5468,2337.8265,593.9343,372.3673,2409.4356,2360.5729,805.3917,2788.5425,682.3926,66.5543,2539.1744,663.016,80.8762,1474.305,2262.8475,120.4718,384.1618,41731.2553,679.8652,1122.9992,1123.8416,1301.6007,4630.1601,430.4971,58.1297,3340.3538,803.7068,968.829,4209.7725,584.6672,2255.2654,326.8745,1187.8686,1248.5257,975.5687,1042.123,5514.743,60.6571,5341.1963,32.0135,372.3673,155.0126,1914.0691,193.8753,207.2452,1128.0539,117.9444,397.6411,1764.1112,59.8147,1232.519,626.7902,4609.0986,1263.69,1050.5476,1460.8256,1189.5535,2684.92,634.3724,2846.6723,1636.0573,889.6377,267.9023,1302.4431,219.7388,479.3597,192.0809,755.6866,1648.6942,871.1036,3.3698,10.952,6.7397,410.278,115.417,3311.7102,1563.6057,6778.433,5441.449,2323.5046,1032.8559,4351.3058,1489.4693,2973.0413,1497.8939,481.0447,1545.9141,1576.2426,7409.4356,391.7439,1660.4886,1641.9545,2304.9705,1016.2174,1483.572,4450.7161,281.3816,796.1247,1197.1356,673.968,1251.8955,377.4221,2037.9107,5392.5864,140.6908,366.4701,237.5737,1901.4322,719.4608,285.5939,38.7532,19.3766,154.1702,404.3808,2259.4777,1243.4709,1891.3227,1663.016,1787.7001,405.2233,102.7801,1802.8644,110.7161,11915.754,333.6142,221.2047,880.3707,12004.2123,1521.4827,144.0607,1016.0067,585.5097,565.2906,1000.8425,95.198,7971.3564,302.4431,42.123,1152.4853,42.9655,727.8854,247.6832,147.4305,0.8425,1437.2367,0.8425,3442.2915,2566.1331,1269.5872,856.1331,5224.9368,348.7784,485.257,6092.6706,379.107,1869.4187,3469.2502,1280.5392,1000,127.2115,223.2519,5908.1719,5338.6689,1645.3243,19.3766,187.8686,141.5333,108.1129,233.3614,1608.2561,101.9377,3710.1938,91.8281,3220.7245,791.0699,32.0135,90902.2746,16380.7919,294.0185,430.6487,140.6908,631.845,560.2359,0,593.9343,3262.8475,2467.5653,534.9621,1406.9082,2198.8206,10136.4785,175.2317,307.4979,1.6849,956.1921,14.3218,11.7944,176.0741,532.4347,51.3901,5.0548,9133.1087,14442.2915,128.8964,2.5274,2978.9385,22.7464,531.5922,331.0868,392.5864,63.1845,844.1449,328.5594
TCGA-49-4488-01,9.033333333,1177.0317,5522.6564,0,95.3953,218.6755,3.6691,1316.4557,933.4067,278.8479,527.6096,853.4214,2260.8696,77.7839,554.7606,251.6969,83.7278,39.6258,416.8043,342.6894,1576.2245,10682.8105,122.5463,739.6808,595.1202,818.1985,16059.424,1618.0517,471.1062,1356.0741,1353.1462,5171.8951,137.9563,770.5008,60.1724,38.8919,8.0719,0.7338,24.2157,424.1424,26862.594,8.0719,582.6454,2519.1708,1388.3691,2530.9118,282.517,788.8461,2021.6474,628.1416,66.0429,629.9468,2214.6395,3067.2757,512.1996,512.9334,735.2779,9631.9941,1159.4203,11.0072,906.9895,1749.4038,2361.4016,234.8193,1207.118,2260.011,427.8114,2135.388,14602.8252,1783.1591,5.8705,714.7312,442.1647,349.2937,1579.8936,4156.3016,215.0064,363.2361,1656.2099,1538.0664,1048.6149,5.1367,176.1145,978.1691,3340.3045,736.7456,883.5076,2230.7833,1582.095,80.7191,111.5392,1004.5863,1550.5412,1100.7155,243.625,913.5938,397.7252,403.5957,2401.0273,1671.6199,3.6691,2050.9998,215.0064,66.7767,2299.0277,931.2053,35.2229,188.5892,25025.8668,1019.9963,1551.275,6514.6212,231.1502,3906.0723,66.7767,101.2658,465.2357,154.1002,519.5377,2291.6896,263.4379,1208.5856,430.0128,413.869,1117.5931,114.4744,1044.2121,1265.089,16.1438,2190.4238,6.6043,142.3592,260.5027,719.1341,210.6329,271.5098,261.9703,24.2157,516.6025,1109.5212,14.6762,245.0926,86.5896,6020.1798,595.854,484.3148,2536.7822,541.552,2448.725,1050.0826,3093.7443,2372.4087,410.2,352.9628,698.5874,426.1824,2002.5683,281.0493,3.6691,912.1262,874.7019,2.2014,49.8991,2.2014,157.0354,45.4962,902.5867,1732.5261,5149.8808,5766.2814,2734.911,888.6443,4306.7327,1581.3612,3840.7632,1804.4396,105.6687,697.8536,2496.4227,4502.6601,324.3442,874.7019,1040.543,4804.2561,1049.8037,691.2493,3090.809,82.9206,1340.6714,394.0561,214.2726,600.2568,261.9703,1770.6843,1846.2667,248.0279,358.0994,157.0354,1943.8635,508.5305,361.7685,30.0862,26.4172,163.6397,849.0185,1641.5337,373.5094,877.6371,475.5091,248.0279,1000.9173,24.9496,317.0061,202.106,10762.7958,275.1789,336.0778,1405.9806,15033.5718,1791.9648,55.0358,1198.3122,845.3495,366.9052,155.5678,460.8329,9480.0954,123.2801,333.8837,702.2565,186.3878,1403.0453,121.8125,56.5034,0.7338,678.0407,3.0747,4558.4296,4349.2937,1825.7201,886.8758,7540.6347,697.8536,1515.3183,3444.5056,376.4447,1448.5416,1775.821,5488.9011,230.4164,680.2422,71.9134,2998.3489,3673.4544,2839.1121,5.1367,184.9202,123.2801,46.4575,121.8125,946.6153,46.23,4978.903,40.3596,1106.5859,57.2372,57.2372,61008.2554,5950.4678,201.064,267.5986,44.7624,123.2801,514.401,0.7338,394.0561,1911.5759,1525.5916,435.1495,1053.7516,1689.9651,15082.0033,45.4962,235.5531,0,800.587,1.4676,384.5166,125.4816,82.1868,63.1077,0.7338,19652.9077,44968.6296,33.7553,0.7338,9072.0969,2.2014,644.2855,860.0257,854.889,13.9424,3880.3522,1618.7855
TCGA-49-4490-01,2.066666667,1336.7032,6256.6695,3.7443,135.7297,303.2856,8.4246,3048.7691,970.7011,531.6859,1243.0965,1504.2591,2007.863,151.6428,642.1417,102.0313,201.2543,48.6755,1004.3995,410.9333,838.7157,21560.4231,5.6164,1206.5899,1692.4085,2654.685,11337.6299,1847.7956,829.3551,957.5868,2553.5898,8618.3656,144.1543,357.5775,363.1939,2633.1555,2.8082,11.2328,41.1869,240.5691,25870.0739,55.2279,379.107,2405.6913,2733.3146,3422.2597,122.6247,553.2154,2524.5717,674.9041,206.8707,1040.6159,918.2814,714.2844,532.6219,1052.1389,1361.0409,11345.1278,435.271,17.7853,514.8367,837.7796,2452.4946,1644.6691,594.4023,1969.3625,714.2189,3723.6731,12366.3765,1269.3064,9.3607,743.2369,1604.8769,331.3676,814.378,6197.6973,326.6873,155.3871,1121.4078,1506.1312,724.5156,15.9131,896.7518,1310.4933,4161.7523,1546.3821,518.5809,3032.8559,1434.9902,856.501,172.2363,1285.2195,1576.3362,805.9534,422.1661,685.2008,507.3481,455.8645,2053.7302,396.8923,6.5525,2099.5975,379.107,32.7623,1968.5482,1545.446,21.5295,93.6067,25200.7863,942.6191,1300.1966,4941.4958,482.0743,3411.9629,87.9903,10.2967,145.0903,88.9263,997.847,1333.895,859.3092,468.9694,176.9166,67.3968,993.1667,564.4482,1009.0798,1766.3578,31.8263,3771.4125,69.2689,435.271,138.5379,1734.5315,164.261,158.1953,896.7518,212.4871,420.2939,1500.5148,44.9312,225.5921,36.5066,8514.4622,734.8123,1952.635,1185.9964,1224.3752,1560.4231,772.255,2491.8094,598.1466,762.8943,273.3315,1340.4474,285.1633,334.1758,197.5101,10.2967,1067.116,596.2745,0.9361,58.9722,17.7853,297.6692,17.7853,3076.8511,1112.9832,4372.3673,4268.4639,1707.3856,3265.0005,3253.7677,2532.9963,1736.4036,1873.0694,315.4545,1865.5808,1471.4968,7136.5721,604.6991,700.1779,328.5594,3032.8559,1465.6183,3074.0429,3345.5022,310.7741,2082.7483,80.5017,81.4378,1277.731,530.7498,2185.7156,1816.9054,121.6887,58.0361,83.3099,1415.3328,307.9659,289.2446,87.9903,23.4017,274.2675,337.9201,1060.5635,882.7108,1269.3064,901.4322,1192.5489,309.8381,406.2529,1035.2897,185.6501,8374.9883,312.6463,336.4224,462.4169,4751.4743,2001.3105,41.1869,720.7713,609.3794,578.4892,338.8561,340.7283,12358.888,53.3558,180.6609,1477.1132,45.8673,553.2154,2509.5947,266.779,4.6803,1095.198,14.041,3686.2305,2011.6072,1585.6969,862.0612,6376.486,1146.6816,958.5322,2784.7983,191.8937,1445.2869,3262.1923,1567.9116,373.4906,526.0695,33.6984,3063.7461,3023.4953,1071.7963,13.1049,322.943,136.4785,106.7116,62.7165,2336.4224,142.2821,3644.1075,38.3787,1032.4815,325.7512,2.8082,98233.6422,11758.8692,228.4003,333.6703,422.1661,92.6706,61.7804,0,269.5872,1417.2049,1349.8081,720.7713,1632.5002,3208.8365,32154.8254,243.3773,165.6838,2.8082,1073.6684,11.2328,28.082,138.5379,547.599,50.5476,4.6803,11817.8414,42328.9338,187.2133,0,11270.2424,85.1821,597.248,396.8923,746.0451,51.4837,1151.3245,176.9166
TCGA-49-4494-01,5.8,1653.1554,5465.7486,0.8518,69.2837,258.9622,0.5679,1223.5394,848.4418,130.6169,712.9978,384.184,1687.5133,65.8763,372.2581,118.9749,228.0116,70.9874,773.1951,192.5179,1165.3297,6679.3498,15.0493,464.2578,1135.799,893.0219,13995.877,1277.4899,609.0722,576.9859,985.3056,7681.1244,682.3312,194.7895,856.1085,470.5047,1.1358,1.1358,34.6419,387.3074,29858.1671,10.7901,1467.7362,4579.5414,3000.4969,1896.2164,187.6908,270.0362,1402.9957,248.1721,477.0356,630.252,1002.3426,1285.8408,610.7759,510.2577,916.3058,3291.5454,923.6885,9.9382,677.5041,1487.0448,2735.8558,865.7628,748.2076,1803.3648,398.6654,1330.3045,11379.2859,1817.8462,4.2592,761.8372,278.3361,217.5055,915.17,7901.1855,335.6286,57.3578,382.7643,1357.8477,1615.958,1.9876,552.8501,842.4789,3024.3487,1288.5639,1211.0968,4565.3439,2355.3631,62.185,316.604,883.3676,1701.7108,1255.0579,240.2215,582.3809,2167.3884,195.3574,2126.4996,360.6162,6.2469,2846.5962,349.5421,47.1357,1390.7858,1792.0068,64.7405,165.5427,38902.2503,757.294,1421.4524,16543.0596,291.0485,2696.3867,204.1599,67.864,223.7524,53.0986,701.3559,6241.4993,563.9242,1371.1933,637.4672,254.7029,1501.2423,302.1225,1065.0955,968.2686,12.4938,4024.4197,31.5184,112.728,213.2463,1246.5394,288.6491,210.9747,212.9623,15.0493,656.2079,490.0973,89.1602,141.9749,49.9752,2750.3372,750.1952,895.8614,1942.7841,239.3696,3641.9394,918.8614,2002.9815,1833.7474,297.2954,114.7157,525.307,149.951,443.8134,182.0118,3.1234,1102.5768,722.936,2.8395,2.5555,1.4197,262.0856,93.1355,1153.4038,715.5533,3700.1491,3584.0136,1911.7626,2697.8065,1592.1062,1490.4522,2371.8322,1341.3786,808.4049,494.0725,1382.5513,4773.763,233.9746,1178.9593,545.7514,1657.1307,951.3225,815.7876,2610.066,67.2961,1377.1562,421.0975,672.9609,517.6404,323.1348,3002.2006,3446.0141,120.9626,139.1354,197.913,1393.6253,536.665,861.2196,30.3826,126.0737,103.6417,445.5171,1660.5381,516.2206,820.8987,1008.5895,446.085,815.5037,585.5044,689.9979,75.4284,8178.0365,320.5793,357.0838,1170.4408,7850.9264,1365.2304,49.9752,592.3192,631.2203,865.7628,563.6402,400.3691,14913.6083,235.3943,87.1726,172.6414,62.185,328.2459,333.6409,77.5183,1.1358,1094.9102,0.8518,10047.2776,8574.4303,958.0464,947.174,9705.97,849.0097,732.8743,3978.4198,413.7148,1708.8095,2163.697,4164.9748,326.8262,1040.9598,33.5061,5558.8841,3453.3967,1397.6006,7.0987,232.2709,211.8265,29.5308,99.3824,1610.279,61.901,8118.1231,110.4564,1401.008,25.8394,16.1851,99662.6677,11078.867,171.7896,232.569,32.9382,57.0739,491.517,0,493.7886,869.1702,983.6019,1059.9844,1684.9578,5918.6484,7208.3481,110.7404,151.6292,0,904.9478,0.8518,138.8514,88.8763,422.2333,79.222,5.1111,13098.8855,78286.3633,59.0615,0.2839,5419.4648,3.9753,389.2951,350.9619,850.4295,13.0617,1220.1292,332.5051
TCGA-49-4501-01,2.4,1426.9485,4301.4531,5.284,224.3065,644.3857,15.852,3743.461,1185.469,591.0172,1435.9313,883.4875,1244.1215,274.5046,2134.4782,193.395,104.8877,29.8547,447.0277,453.3686,1147.1598,19118.0978,227.4769,2157.1995,1260.7662,1757.1995,11348.7292,1249.1413,479.2602,2078.7107,1211.3606,8266.3144,127.3448,311.7569,365.3897,1144.5178,18.2299,0.2642,82.4306,384.4122,20323.9102,41.4795,521.2682,3815.5878,2512.8137,2572.2589,291.4135,330.5152,2865.2576,1178.0713,655.7464,875.3633,1206.605,1193.7754,1096.9617,705.9445,1055.218,5992.6024,679.2602,20.3435,664.9934,1245.7067,1711.4927,1608.1902,813.4742,2752.0026,489.8283,7438.8375,11416.1162,1391.2814,61.2946,824.0423,1695.7517,431.9683,1171.7305,5102.7741,275.033,210.8322,2404.7556,1451.5192,690.6209,40.1585,1264.7292,846.2351,3868.1638,1497.4901,1508.4386,2475.033,1044.1215,297.7543,204.4914,2131.0436,2460.7662,891.9419,343.1968,1061.823,1644.9141,371.9947,1366.1823,335.2708,37.2523,2231.1757,392.074,59.9736,966.9749,763.5403,21.1361,307.0013,41826.6843,879.2602,1626.6843,4351.3871,614.0026,4193.395,77.675,64.465,993.1308,542.4042,1015.852,2160.8983,188.6394,1536.856,395.2444,134.214,1185.7332,220.6077,1196.3012,2864.2008,86.1295,2724.1744,173.8441,389.1678,80.317,838.0449,224.428,156.1427,865.786,304.0951,988.111,1079.2602,112.5495,594.9802,126.5522,8321.004,927.609,2391.2814,1452.3118,1058.3884,1819.0225,839.1017,2399.7358,14846.2351,373.0515,303.5667,1968.5601,265.2312,693.2629,744.5178,7.926,677.675,458.6526,10.8322,58.1242,27.7411,239.3659,121.7966,2367.2391,953.7649,6486.3937,4612.4122,1842.2721,1416.1162,3086.3937,3750.3303,3963.8045,2722.0608,7.6618,1366.9749,2028.0053,7992.3382,659.181,1063.9366,1119.9472,4805.284,1727.3501,1507.7939,3556.1427,277.4108,2466.0502,282.1664,51.5192,1180.1849,378.8639,1519.1546,3057.86,169.8811,701.7173,81.9022,1531.3078,226.1559,397.6222,328.6658,12.9458,321.2682,757.9921,1024.8349,398.679,909.3791,1519.4188,699.0753,307.2655,100.3963,411.0964,163.1915,12129.4584,285.8653,452.1453,1396.5654,4224.8349,2597.0938,47.0277,1047.2919,389.9604,343.9894,306.2087,216.6446,9552.1797,40.9511,199.7358,1049.9339,51.7834,912.8137,1109.1149,230.6473,0.2642,1008.9828,0.7926,7872.6552,4389.1678,1822.7213,712.9432,3968.8243,1109.9075,1883.7517,2418.4941,194.716,1943.461,5149.2734,2709.3791,687.1863,659.4452,38.3091,2537.1202,2408.1902,1049.6697,17.4373,317.5694,238.3091,88.5073,34.8745,1349.8018,200.2642,1207.6618,15.5878,2774.1083,318.0978,38.3091,139698.5469,11250.4624,265.5218,268.6341,380.9775,155.0859,462.6156,0,422.4571,1988.3752,2262.6156,901.1889,2356.6711,2614.0026,19853.897,657.5958,251.7834,2.1136,1081.638,2.1136,51.7834,361.4267,582.8269,150.5945,36.7239,28738.9696,50634.6103,75.8256,0.7926,7782.5627,44.9141,604.2616,249.1413,471.8626,40.9511,1978.5839,206.605
TCGA-49-4505-01,5.5,1683.9742,5361.7738,5.3326,97.9512,340.4434,3.6486,2453.831,1743.1939,494.8077,917.4853,1074.6562,1579.8484,238.2823,350.2666,146.5058,99.3545,34.5215,1465.6189,563.8507,1054.7292,14460.2863,787.2579,364.0191,1165.5908,2038.4507,13003.0733,1064.833,431.3781,1427.4319,1185.2372,6036.2054,98.5125,377.4909,82.2341,572.5512,29.7502,0.5613,61.4651,410.3284,28344.6534,18.5237,307.0446,2859.6688,2508.8409,3925.3438,278.9784,731.4061,1354.7572,355.3186,831.3219,1248.5209,1580.1291,1384.7741,440.0786,543.643,917.7659,8351.9506,487.2299,15.4364,465.8995,872.018,1982.0376,1093.7412,1047.1513,3372.0011,585.181,5559.6408,8132.7533,2994.6674,21.3303,737.0194,698.2823,348.302,824.586,4405.8378,451.0244,137.2439,1586.865,1741.2293,908.7847,18.2431,1111.7036,726.0735,3342.9694,1524.2773,1355.6076,2021.3303,1090.9346,209.9354,685.0968,1704.1819,2046.3093,898.4002,503.5083,1191.6924,1531.0132,387.3141,1460.5669,323.323,9.2619,1978.389,238.0017,70.4463,1237.4404,961.2686,16.5591,372.439,25668.8184,1253.1575,1559.0794,6930.1712,999.158,3170.6427,68.7623,92.8992,476.284,148.4704,1156.8903,2589.1103,327.8136,1278.4171,403.3118,106.9324,2087.5667,403.0312,1193.657,2018.2431,47.4319,3695.4813,12.9105,636.8229,166.7134,1894.471,334.8807,177.098,662.9245,240.5276,444.5692,1360.6511,66.7976,459.4443,193.657,4290.4855,1203.4802,2278.1364,1401.6278,987.3702,1966.3205,849.2843,2514.4541,1660.1179,379.4555,242.7729,1026.3823,258.3778,2148.4704,203.4802,10.9458,813.9209,487.5105,57.8164,33.3988,15.9978,282.627,146.5058,3319.3938,1336.5142,6964.3559,4585.7367,1959.0233,2288.5209,5280.6624,2008.9812,2949.4808,1905.1361,53.3258,916.082,1548.1336,6452.7084,363.1771,1554.3082,2562.728,3523.9966,2269.5004,1762.5596,2933.2024,324.4457,2327.533,121.2461,69.8849,1454.1117,379.7362,1588.549,3074.3755,221.4426,738.4227,113.6683,1421.5549,487.7884,401.3472,131.0693,33.9601,290.4855,494.8077,1028.6276,1780.522,1087.5667,1125.4561,1006.1746,345.4954,538.5911,467.8642,170.9935,21626.4384,261.2967,232.8094,1021.0497,9533.2585,1204.8835,127.7014,1111.9843,490.0365,380.0168,369.3517,230.7045,11621.3865,53.8872,128.824,994.3868,121.5268,753.0171,1322.7617,115.6329,1.1226,1926.7471,1.4033,4176.5366,3845.0744,1793.4325,514.6225,13950.0421,728.3188,1413.977,2311.8159,245.2989,2650.5754,3275.0491,2982.0376,697.446,404.9958,26.9436,2980.3536,3330.3396,1151.8383,15.4364,294.1342,135.2793,68.7707,48.5546,2706.7078,174.2913,7156.3289,8.9812,1854.3362,140.3312,13.4718,137563.0087,6208.5321,238.8437,298.65,92.3379,233.5111,651.4173,0.5613,741.2293,1989.0542,1393.208,906.2588,493.1238,2721.0216,14916.6433,273.9265,163.0648,2.2453,946.3935,1.4033,48.2739,155.7676,463.9349,194.499,4.2099,24574.2352,86269.1552,79.4274,2.1667,5543.9237,9.5425,641.8804,264.1033,772.9441,31.7148,5593.6598,218.0747
TCGA-49-4506-01,4.066666667,1376.5794,3947.0699,2.3878,101.0845,309.223,0.398,871.953,721.9182,1016.8142,643.5181,702.4177,855.2383,101.4824,427.4202,43.7767,214.904,60.8895,371.7043,257.4868,1861.7053,3512.0883,224.8532,518.5554,702.0197,894.2394,7062.7559,1272.7092,373.6942,282.5192,841.3093,2353.5967,337.4789,213.7101,110.6358,116.6053,10.7452,0.7959,48.5524,289.3244,19798.229,12.7351,411.1034,14874.9378,3852.751,1485.6233,403.144,415.481,1162.0734,234.4045,169.9333,1136.9257,1203.4623,4983.7827,285.3447,382.8475,401.1541,1950.4527,840.5134,2.3878,507.8102,951.9451,1642.4236,942.3938,433.3897,2464.2085,468.4111,604.517,35784.3001,2097.7017,10.7452,448.1146,572.4644,167.5455,377.2759,6751.965,492.2893,33.8275,1892.349,2615.8591,1320.8636,42.1849,61.6854,541.6376,5104.7657,1977.5147,1291.0158,2007.3625,1164.4612,100.6865,157.5963,598.5474,1378.9673,324.7438,153.2186,905.7805,924.8831,356.1835,1333.5986,351.4078,13.531,2212.7152,421.4506,44.9706,1160.4815,1126.2561,58.5016,160.78,26991.9411,1016.0183,1394.8861,4064.3916,471.1969,3697.9405,364.9388,37.8072,1025.1716,240.7721,1122.2764,3227.1416,341.4586,2434.7826,179.8826,378.0718,715.5507,266.6401,1187.5435,2046.7615,23.8782,1840.6129,3.9797,127.3505,220.0776,610.4865,275.483,197.3933,639.1404,217.6898,401.5521,1443.4385,35.0214,353.7956,149.2389,1031.1412,916.1277,426.6242,3416.1775,429.41,5129.0419,586.6083,1846.1845,3874.2414,932.0466,105.0642,947.5674,58.2668,3966.1725,91.1352,2.3878,700.8258,446.1248,7.9594,49.7463,3.1838,425.0323,147.647,1540.5432,422.2465,5375.7835,4156.0004,1184.7577,591.7819,4945.9755,2644.115,7860.7104,2870.5601,2.3878,599.3433,817.0331,4654.2633,280.9671,538.8519,949.5573,1186.3496,1884.4493,1236.8919,3549.0996,111.4317,1197.8908,1400.4577,265.8442,312.8047,132.5241,1157.2978,4996.9157,345.8362,169.5354,513.3818,901.8008,813.8374,565.9138,42.9808,9.5513,280.5691,601.3332,2862.2028,577.8529,767.2868,1051.8356,1805.9895,327.1316,84.3697,1603.4225,7.263,22218.6847,280.9671,543.7907,1854.1439,4424.6344,2571.6844,114.6155,620.0378,661.8247,857.6261,544.4234,942.3938,8493.4832,346.6322,29.0518,1007.263,13.531,1133.0216,134.9119,164.7597,12.7351,510.9939,0,3429.3105,4989.3543,1884.7876,1069.2349,10272.4107,94.7169,144.4632,3066.3616,435.7775,1490.399,1575.1667,1536.9615,392.3988,735.8472,37.4092,5218.9832,4585.0164,645.9059,7.1635,152.4226,176.0143,104.6662,82.7778,1527.8082,83.5738,2183.6633,30.2457,1016.0183,84.3697,31.0417,29716.4461,5737.9365,111.0337,166.674,36.6133,180.2806,681.3252,0.7959,572.6793,1256.7904,565.1179,637.5485,1514.6752,1482.4396,5908.6658,95.9109,105.8601,0,768.0828,0.7959,1048.2539,76.8083,190.6278,41.7869,2.7858,3678.8379,1181.9719,95.9109,0,3821.3113,889.8617,830.6079,459.2578,467.2172,28.2559,1016.7864,903.7907
TCGA-49-4507-01,6.2,2396.0567,2978.5541,0.3459,50.5016,264.2684,6.5721,790.038,860.9478,517.8139,580.0761,1283.293,1262.8848,127.9834,286.4061,69.872,363.8879,30.7852,737.807,465.5828,1131.4424,2861.9855,37.3573,558.2843,979.9377,1926.669,4185.7489,1699.412,395.7108,259.7717,907.6444,4575.2335,417.1567,439.6403,22.1377,26.9803,6.5721,0,184.3653,121.7572,26561.7433,26.2885,948.8066,8438.6026,3156.3473,2476.3058,190.9374,716.0152,1360.4289,141.4735,52.577,2208.2013,659.9792,1282.4628,452.7845,680.3874,915.2542,6419.578,446.5583,6.2262,500.173,832.9298,1077.8277,260.1176,607.7482,2044.6005,446.9042,1582.8433,11130.0588,1280.8717,2.7672,378.7617,274.6385,256.3127,287.7897,4378.7617,716.707,8.3016,1803.8741,1786.579,491.8713,6.5721,270.4946,727.0841,4879.9723,3198.2013,1368.7305,2197.8554,1212.3833,185.7489,563.4728,1315.4618,1545.1401,1067.7966,192.6669,1311.6569,1898.651,490.4877,2258.734,300.2421,1.3836,3025.2508,499.827,11.0688,2180.9063,1380.1453,59.495,145.2785,30695.6071,1172.9505,1399.1698,2066.4753,1073.331,4822.5527,167.4161,22.1377,685.9218,162.5735,1172.9505,5804.9118,667.2432,1102.3867,499.827,323.7634,1268.4192,134.9014,1191.9751,2190.5915,5.5344,9551.0204,1.7295,117.9523,75.7523,1032.8606,458.2324,245.5898,283.9848,288.4815,220.6849,1246.9734,9.6852,362.8502,159.8063,3978.2082,1017.9869,315.1159,2327.5683,772.3971,4708.0595,527.1532,1395.7108,2309.5815,584.2269,254.2373,633.3449,304.1197,1726.7382,72.2933,1.7295,1850.5707,629.54,8.9934,8.9934,1.0377,382.9125,176.7554,1439.2944,968.1771,5073.331,5793.1512,2339.6749,2083.7081,2434.4517,1416.119,2353.8568,2925.2854,2.4213,861.6396,2190.9374,4298.8585,333.7945,919.751,414.7354,1144.5866,1518.6129,1243.5144,4747.1463,108.267,603.9433,576.6171,707.0218,562.4351,133.1719,1300.2421,5685.9218,42.1999,58.8032,333.1027,1178.485,389.8305,950.882,20.4082,11.0688,178.485,377.0322,1699.0661,642.3383,1239.0176,2171.5669,2391.9059,387.7551,324.8011,3226.9111,26.6517,21897.2674,294.7077,436.3819,1236.2504,4084.3999,1993.082,347.2847,564.8565,344.8634,609.1318,827.7413,133.1719,8381.183,269.8028,98.5818,1156.0014,16.2574,862.3314,80.249,38.395,8.9934,485.991,0.6918,3236.9422,2447.596,1920.4428,511.0758,8438.9485,546.8696,389.4846,3263.2307,671.394,1892.7707,2823.9364,1635.4203,544.4483,1323.7634,67.7966,2740.2283,2462.1238,712.2103,6.2262,265.3061,149.6783,133.1719,267.3815,2187.1325,58.1114,4177.1013,77.8277,650.294,55.6901,33.5524,203886.8903,6168.1079,138.0145,707.9523,55.6901,147.008,53.9606,0,354.8945,1356.2781,766.5168,656.5202,1050.8475,2139.744,8662.0547,162.5735,165.3407,1.3836,1031.8229,3.1131,36.6655,57.4196,619.1629,40.8163,0.3459,12455.2058,1089.5884,37.0114,0,2960.9132,16.6033,586.6482,347.2847,440.678,79.5572,1782.4282,524.0401
TCGA-49-4510-01,1.466666667,2009.2593,5576.3091,0.3193,99.9361,301.4049,9.2593,2782.567,2003.5121,393.3589,1187.1009,928.1609,1996.4879,516.6028,983.7165,71.8391,25.5428,17.5607,510.8557,333.9719,715.198,4729.5658,75.3512,1484.6743,1528.7356,1956.8966,16998.9623,1214.5594,337.8033,412.8321,1403.2567,7174.9681,152.6181,495.53,121.3282,2149.7446,19.4764,0.6386,20.1149,337.8033,22063.857,6.3857,560.0255,3519.7957,10769.4764,3048.5313,226.6922,435.8238,2209.4508,515.3257,9148.4674,3510.2905,1361.1111,1213.7612,503.8314,818.3269,545.977,5168.2631,563.857,30.3321,588.4419,1126.4368,976.0536,1334.2912,601.2133,2310.4757,598.659,1646.2324,10751.5964,1070.2427,1.2771,1078.8633,1079.1539,221.9029,819.2848,6009.8978,381.2261,398.1481,1604.4061,1439.3359,842.9119,31.6092,469.9872,1254.47,5590.9962,2234.355,1912.6277,1896.5517,779.6935,106.3218,196.9987,1205.3001,2498.0843,312.5798,1040.5492,435.8238,1140.166,597.7011,1330.7791,651.6603,0,2839.0805,327.5862,22.3499,2448.2759,1063.5377,7.6628,113.9847,26732.7586,686.7816,685.1852,4435.8525,328.8633,12128.3525,41.507,30.0128,642.0817,100.894,772.6692,5048.212,314.4955,1966.7944,274.2656,159.3231,728.2886,2586.8455,787.9949,1060.3448,41.1877,14497.765,59.387,458.493,57.152,1158.046,82.4042,121.3282,430.7152,263.41,613.0268,946.6794,74.3934,128.6718,165.0702,3906.4496,1379.9489,645.9132,1313.5377,679.4381,2316.092,596.424,1896.871,21493.295,836.5262,110.1533,1412.1967,251.8199,1673.6909,299.1699,45.3384,799.1699,469.6679,2.5543,33.8442,8.3014,201.788,47.8927,2697.6373,616.2197,7836.2069,9934.8595,2994.2529,2654.5338,2755.1086,2849.9361,3815.7727,1703.7037,69.2848,1478.9272,1379.6296,8011.8135,444.4444,751.9157,1987.2286,4234.0358,1508.6303,2592.5926,3118.4547,227.6501,1780.3321,144.3167,45.977,852.1711,354.7254,1148.4674,3550.1277,83.3333,166.6667,65.4534,1237.5479,560.0223,174.0102,63.5377,9.2593,130.5875,130.2682,1188.378,896.2324,1122.9246,996.8072,4902.9374,143.0396,80.1405,1968.0715,115.6003,11603.7676,142.401,258.0428,510.8557,8821.2005,1980.5236,22.6692,939.0166,778.0971,575.6705,295.3384,69.2848,6840.3576,13.0907,58.4291,1079.8212,71.2005,1498.7229,57.152,226.6922,0.9579,4307.4713,21.2548,3313.2184,2196.3602,2020.4342,473.5089,15082.0562,1139.8467,5175.9259,3018.1992,144.636,1232.7586,3566.7305,832.3755,397.1903,468.3908,18.1992,3386.3346,3693.8059,675.2874,13.0907,260.5364,88.9432,149.4253,18.5185,2252.5543,231.1622,6152.9374,12.7714,2752.5543,33.5249,4.1507,67839.3997,8452.4266,176.5645,206.3155,148.1481,176.8838,227.0115,0,568.3269,1518.8378,1481.1622,752.5543,1064.1762,2516.6028,11875.4789,76.6284,234.0358,0.6386,707.8544,0.6386,323.1162,366.539,192.2095,35.4406,68.9655,39782.8863,15540.8685,170.4981,116.986,8096.424,13.41,536.1175,260.5364,718.0715,62.4234,838.41,322.7969
TCGA-49-4512-01,1.5,1875.4804,5707.1483,11.5296,240.5842,576.4796,3.0746,2368.947,1676.4028,588.7779,1431.2068,1437.3559,1681.7832,215.9877,553.4204,170.638,122.9823,33.0515,337.4327,511.1453,489.6234,14132.9746,190.6226,1362.7978,1720.9839,2235.2037,5857.794,1357.4174,492.6979,1741.691,1654.1122,7350.4996,209.8386,370.4842,468.1015,602.6134,7.6864,0,176.7871,201.3836,50976.1722,16.9101,983.8586,2320.5227,3189.0853,2126.0569,192.1599,514.9885,4610.2998,710.9915,187.548,1871.6679,1493.4666,1054.6656,604.9193,1521.1376,1172.9439,8052.2675,461.1837,6.9178,418.1399,781.7064,1742.5058,1378.9393,1534.9731,2277.402,649.5004,2102.9977,5651.0377,884.7041,19.216,666.4105,1021.0684,215.9877,810.9147,6332.0523,415.0653,140.661,1974.6349,1664.1045,364.3351,28.4397,774.02,1239.8155,3720.9839,1161.4143,727.133,4136.8178,1631.8217,328.9777,235.2037,1328.9777,1928.5165,1492.6979,444.2736,451.96,1160.6457,633.359,2172.9439,415.0653,26.1337,1736.3566,479.6311,24.5965,1956.1875,1823.9816,27.671,345.1191,21957.7248,824.7502,1438.1245,8933.0438,841.6603,4122.9823,83.0131,17.6787,468.1015,132.9746,691.7756,2407.3789,204.4581,707.1483,360.4919,179.8616,1930.0538,365.8724,1136.8178,1337.4327,50.7302,3418.1399,12.2982,322.8286,103.7663,1888.5473,392.8901,128.3628,3301.3067,70.7148,450.4228,785.5496,57.648,392.7748,99.9231,6148.3474,1107.6095,779.4005,1235.2037,1539.5849,3159.1084,451.1914,2123.751,3974.6349,840.8916,429.6695,1219.0623,279.239,337.4327,243.6587,75.3267,1290.5457,980.784,5.3805,49.1929,8.455,234.435,44.5811,3747.8862,2026.9024,3345.8878,4212.9131,2133.7433,2055.342,2307.4558,1632.5903,1109.1468,1345.1191,71.4835,2029.2083,2704.8424,4873.9431,560.3382,1302.0753,1008.455,1826.2875,1625.5573,2009.9923,2104.535,366.641,2240.5842,363.5665,140.661,1715.6034,300.538,2918.5242,2463.4896,66.8716,478.0938,155.2652,1715.6034,620.2921,308.9931,68.4089,7.6864,219.8309,423.5204,1376.6334,608.7625,883.9354,960.0307,997.6941,291.3144,43.8125,591.8524,115.4497,10146.8101,218.2936,375.6495,1029.2083,5653.3436,2446.5796,16.9101,611.0684,651.8063,528.824,1006.9178,368.1783,12086.8563,69.9462,37.6633,1448.1168,56.8793,575.711,467.3328,167.5634,3.0746,1189.854,0.7686,10058.4166,3675.6341,1212.9131,435.8493,4195.2344,1976.9408,922.3674,3604.9193,235.9723,1067.6403,2365.8724,1830.1307,841.6603,926.2106,94.5427,3274.4043,1926.9792,636.4335,19.9846,226.7487,179.093,191.8832,64.5657,771.7141,84.5503,3094.5427,49.9616,1102.2291,174.4812,20.7533,221398.1553,9947.7325,189.854,210.3766,369.7156,218.2936,514.2198,0,157.5711,1450.4228,2429.6695,1073.7894,747.8862,2473.4819,8184.4735,251.3451,166.7948,0,913.9124,5.3805,4.6118,267.4865,541.1222,132.206,333.5895,29411.9908,72838.5857,100.6918,0,4765.565,6.1491,680.246,338.97,362.7978,26.9024,1199.8463,166.0261
TCGA-49-4514-01,9.266666667,1140.7739,3222.6288,0.7651,202.7532,213.4647,0.7651,1497.3135,705.4282,229.532,773.5227,680.9448,1038.2496,130.0681,524.098,55.0877,394.0299,78.0409,856.1542,258.606,706.9585,6739.8236,1289.9696,5272.3492,986.2223,1368.0105,5188.1722,1590.6565,507.2656,312.1635,1017.5917,3532.4969,384.8486,462.8895,221.1158,821.7244,11.4766,3.8255,147.6656,129.303,53930.8305,510.3261,777.3483,16187.3593,9364.1391,2754.3836,139.2494,846.2078,2797.9947,228.7669,342.0026,874.1189,1817.8932,883.9123,944.1415,1091.0419,1299.916,1313.6879,456.7686,6.886,896.7049,1410.0914,777.3483,1309.8624,1188.2105,1810.2421,486.6078,793.4155,16380.9312,1059.6726,38.2553,399.3856,154.8193,247.8945,260.9013,5758.1919,455.2384,93.343,1221.1101,2998.4526,832.4359,157.6119,304.5124,833.201,3291.4884,2476.6499,906.6513,3074.1981,2576.1138,320.5796,170.6188,1099.4581,1625.8514,424.6341,237.9481,407.8018,4703.8751,304.5124,3213.4475,261.6664,0,2121.6405,370.3116,9.1813,956.3832,2284.6082,26.0136,132.3634,22374.0109,781.9389,1241.0028,3272.7739,872.2215,11358.0067,286.915,9.1813,907.4164,250.9549,1176.7339,4780.3857,373.372,1050.4913,379.4928,780.4087,435.3456,117.0613,1363.4199,1276.9628,13.7719,11968.5618,7.6511,214.2298,28.3089,1706.9527,534.1591,107.1149,485.0776,387.1439,280.029,1411.6216,14.537,319.0494,234.1226,1797.2353,829.3755,627.3874,1589.8914,628.1525,2973.9692,986.9875,2779.6321,1966.3238,452.178,240.2435,996.9338,408.5669,434.5805,124.7124,10.7115,2100.2175,1689.3553,1.5302,45.1413,5.3557,289.9754,41.3158,1129.2973,1260.8956,3854.6068,4503.4172,1361.1246,1404.7356,3618.954,2830.1291,2025.237,1388.6684,98.6987,957.9134,2835.4849,6436.8414,347.3584,914.3023,557.7627,999.9943,1104.3012,1579.1799,2831.6593,114.766,1253.2445,1283.0837,1182.0896,286.915,225.7064,3296.079,5504.1765,72.6851,421.5737,165.263,1453.7024,332.8213,891.3491,12.2417,461.3593,137.7192,169.0885,2122.4056,656.4614,1001.5245,628.1525,1911.2362,404.7414,215.76,1687.8251,42.1268,5715.3459,141.5447,199.1725,787.2946,2205.8022,1759.7451,112.4707,993.1083,700.8376,499.6146,755.1602,667.938,15037.4041,255.5456,29.074,1532.5084,15.3021,694.7167,1154.5458,51.2621,5.3557,1948.7264,1.5302,2565.4023,1005.35,1687.0599,940.7291,2348.8771,3098.6815,495.789,5127.7441,342.7677,1223.4054,2795.6993,3008.399,308.3379,223.4111,173.6792,6455.204,2996.9224,1955.6123,13.7719,320.5796,122.8608,58.0563,390.9694,697.7772,140.7796,1680.174,58.9132,1446.0514,224.1762,16.8323,63588.0054,6908.9122,185.9209,262.8064,61.9736,173.6792,653.401,1.5302,1029.0683,975.5109,1485.0718,1299.916,1721.4897,1698.5365,8074.1694,211.1694,145.3702,0.7651,1299.916,9.1813,100.229,73.4502,995.4036,26.7787,5.3557,6158.3426,11898.172,381.7882,0,5663.3187,19.8928,472.9583,293.0358,221.8809,195.1022,283.0894,203.5183
TCGA-49-6742-01,8.3,2185.6823,3523.4899,0.7457,172.2595,551.0813,2.9828,4895.6003,1387.0246,575.6898,1382.5503,1408.6503,1498.1357,64.877,826.9948,52.9456,471.2901,155.8538,31.3199,425.0559,1498.8814,9103.654,6.7114,2138.7025,1527.9642,1897.8374,12526.4131,1835.1976,1444.4444,451.9016,3163.311,6706.1894,203.5794,370.6189,195.3766,587.6212,2.9828,0,179.7166,283.3706,22334.8248,605.5183,429.5302,7507.83,2879.9403,5025.3542,169.2767,404.9217,2155.8538,375.0932,2445.9359,2049.2767,1756.8978,1068.9933,474.2729,1643.5496,1005.9657,1967.9344,683.0723,35.7942,831.4691,944.0716,2162.5652,1715.8837,1000.7457,2250.4027,713.6465,1899.3289,8720.3579,429.5302,4.4743,1000,231.8345,319.1648,448.9187,5722.5951,353.4676,271.4392,1232.6622,2397.4646,1033.557,26.0999,1202.088,1409.396,5442.953,2105.1454,1235.645,737.5093,2214.0194,494.4072,99.1797,899.3289,2605.5183,219.2394,703.9523,465.3244,2706.1894,560.0298,2466.0701,519.7614,11.1857,1654.7353,409.396,87.2483,1339.299,2876.2118,87.2483,61.1484,19954.5116,1348.2476,1340.7905,3061.2677,449.6644,4954.5116,215.5108,21.6257,57.4198,39.5227,1507.83,2000,424.3102,1375.0932,252.7964,368.3818,439.9702,625.6525,1530.2013,543.6242,23.1171,10066.3684,87.2483,351.9761,136.4653,1607.0097,305.5332,252.7964,629.3811,1274.4221,684.6532,1950.783,17.8971,160.3281,23.8628,6234.8993,1641.3125,329.6048,2339.299,1264.7278,2110.3654,1070.8427,2809.8434,4578.6726,950.0373,146.9053,1735.2722,352.088,1295.302,618.1954,2.2371,1824.0119,1411.6331,1.4914,35.0485,11.9314,329.6048,24.6085,1751.6779,728.5608,5277.4049,4196.868,2076.0626,1076.8084,2082.774,1869.5004,3051.4541,1629.3811,14.1685,1490.6786,2889.6346,8473.5272,338.5533,920.2088,470.5444,2374.3475,930.5742,1086.5026,4384.0418,148.3967,1348.2476,1414.616,563.7584,966.443,480.2386,1609.2468,4774.7949,179.7166,178.2252,267.7107,2129.7539,375.8389,307.2334,51.4541,20.8799,191.648,170.7681,1417.5988,568.2327,1149.1424,887.3975,1421.3274,592.0955,343.0276,3348.2476,30.6189,10316.182,285.6078,452.5503,1254.2878,2984.34,3457.1216,17.1514,965.6972,734.5265,397.4646,741.9836,576.4355,8516.0328,231.1708,81.2826,548.8441,67.8598,689.7837,2128.2625,446.6816,10.44,3263.2364,64.1312,2950.783,1805.3691,1571.2155,1235.138,5193.1394,571.2155,385.5332,6073.8255,294.5563,1872.4832,6431.0216,1378.8218,185.6823,621.9239,666.6667,7372.8561,5351.2304,945.563,45.4884,215.5108,196.4131,108.1283,109.6197,1425.8016,119.3139,1347.5019,35.0485,4363.9075,47.7256,2.2371,36269.2021,12509.3214,219.2394,314.9217,52.1999,54.437,285.6078,1.4914,178.9709,917.9717,1422.0731,350.4847,1758.3893,1064.877,20656.2267,469.0529,262.4907,2.2371,969.4258,0.7457,521.2528,212.528,1499.6271,34.3028,15.66,8021.6257,25625.6525,842.6547,21.6257,7445.9359,494.4072,813.572,323.6391,506.3386,54.437,958.1954,213.2737
TCGA-49-6744-01,8.1,1768.3299,3143.0754,4.5825,146.1303,744.9084,17.3116,3440.4277,1729.6334,695.5193,1622.7088,693.4827,1215.8859,461.3035,990.3259,161.4053,230.1426,104.888,704.6843,588.5947,1083.5031,11129.8371,237.2709,667.0061,1393.0754,3047.8615,9828.8442,1341.1405,578.4114,1047.8462,2417.0061,5615.0713,140.5295,465.3768,498.9817,219.4501,44.8065,0,143.0754,516.2933,20731.6701,41.7515,246.4358,2546.8432,4033.0957,5013.7475,446.0285,627.2912,2733.7067,911.9145,1726.0692,1950.2088,1423.1161,1593.8697,1007.6375,1279.0224,884.9287,2082.9939,538.1874,23.9308,817.7189,1288.6965,2050.4073,2293.7882,703.666,2913.3503,1151.222,4954.6843,9202.6477,1641.5479,33.0957,1116.5988,2654.7251,583.5031,1736.2525,4868.6354,1505.6008,300.9165,2062.1181,1804.9898,1236.7617,33.0957,746.945,1488.7984,5868.1263,1975.5601,1785.4735,3389.002,1396.1303,235.7434,275.4582,1574.8473,2639.5112,910.387,765.2749,1811.0998,1217.4134,512.7291,1203.666,558.0448,59.0631,1714.8676,390.5295,87.0672,2006.6191,1660.387,57.5356,465.8859,27307.0265,1115.0713,1553.4623,4910.3513,1120.6721,2920.5703,252.5458,68.7373,1228.6151,233.7067,1446.5377,1776.9857,451.6293,1568.7373,247.4542,172.6069,3144.6029,630.8554,1272.9124,3895.6212,214.8676,5648.167,39.7149,608.9613,124.2363,1699.0835,115.7892,205.7026,1500,335.0305,433.2994,1346.7413,142.5662,1076.8839,320.7739,5592.668,1835.0305,1316.7006,1346.7413,1339.613,1727.5967,754.5825,3442.9735,6691.9552,680.2444,413.9511,1766.2933,145.9318,933.8086,243.3809,19.3483,896.1303,1389.5112,11.7108,74.3381,19.3483,396.1303,159.8778,3695.0102,911.4053,10130.3462,3054.4807,1872.6018,1418.0244,2927.1894,1619.1446,1949.5927,1164.4603,200.1018,1902.7495,1642.057,8545.3157,668.5336,1881.8737,1531.5682,5406.8228,1177.7342,1878.8187,3239.3075,503.055,1604.888,204.6843,103.3605,1714.8676,601.833,1775.9674,4681.7719,175.6619,656.8228,76.3747,1810.0815,541.2424,326.8839,83.5031,41.7515,295.8248,738.2892,1107.4338,1418.0244,1438.9002,753.055,1855.9063,328.4114,278.0041,1262.22,303.6202,13010.6925,584.0122,363.6864,917.5153,4881.3646,1485.2342,127.8004,1241.3442,392.057,567.7189,278.0041,302.444,7239.3075,69.7556,49.389,897.6578,133.4012,1087.5764,325.8656,303.9715,1.0183,2355.9063,6.11,3011.7108,2436.3544,1531.5682,892.7189,7211.8126,733.7067,1174.1344,3034.6232,247.4542,2115.5804,2536.6599,2050.9165,928.7169,431.2627,59.5723,4149.6945,4479.6334,1235.2342,41.2424,212.831,145.6212,70.2648,88.5947,2850.3055,429.2261,1181.2627,46.334,4285.6415,154.7862,17.3116,176639.5112,8912.9328,448.5743,254.0988,190.4277,451.6293,700.1018,2.5458,625.7637,2453.666,1624.7454,524.4399,1538.1874,1956.721,10432.2811,356.4155,323.3198,3.5642,1086.558,2.0367,72.3014,339.613,739.8167,218.9409,58.554,11040.7332,87789.7149,119.6538,5.6008,5318.2281,5.6008,691.4868,308.554,487.78,56.0081,1451.5988,513.7475
TCGA-49-6745-01,4.133333333,2259.9509,3618.1818,5.8968,141.0319,677.1499,15.7248,3182.801,1266.3391,717.9361,2347.9115,748.4029,1446.1916,207.371,833.9066,227.027,601.4742,142.9975,1234.398,916.9533,994.1032,24282.5553,279.6069,466.8305,1374.9386,2416.2162,15593.0909,957.2482,683.0467,1877.6413,3025.5528,9717.9361,471.2531,408.3538,274.2015,95.8231,12.285,6.3882,123.8329,482.0639,21747.9115,8.3538,372.973,3760.688,1969.0418,4771.4988,410.8108,351.8428,1966.0934,449.6314,385.7494,6314.3882,6439.312,1713.4054,735.6265,1054.5455,729.7297,25526.7813,638.3292,13.7592,857.9853,1605.4054,2938.0835,2866.8305,1224.57,3087.8034,1386.7322,6582.3096,12494.3489,1917.4447,24.0786,1664.8649,1059.5627,595.086,1180.8354,4500.7371,698.2801,444.7174,2058.4767,3035.8722,1332.1867,16.2162,1671.2531,1390.6634,4662.4079,2113.5135,1675.8526,4969.0418,1441.769,120.3931,128.7469,1551.3514,2346.9287,691.4005,460.9337,1561.6708,1703.1941,510.5651,1196.5602,688.4521,7.371,1731.2039,793.1204,155.2826,932.6781,1689.9263,212.285,330.7125,19122.3587,1488.9435,1476.6585,9094.0442,780.344,1840.7862,122.3587,847.1744,143.4889,62.4079,2177.887,7163.6364,944.4717,1048.1572,151.3514,126.2899,2446.683,738.0835,1295.3317,1624.57,200.4914,6466.8305,21.6216,310.0737,57.9853,1627.027,285.1695,283.0467,1072.2359,159.7052,481.0811,1699.7543,89.9263,696.3145,103.1941,2723.3415,1509.0909,1048.6486,1257.9853,1883.5381,1657.9853,869.2875,3761.1794,15236.855,301.2285,504.1769,1507.1253,55.2531,3529.2383,100.2457,5.8968,1708.1081,994.5946,6.8796,134.6437,11.7936,305.1597,214.2506,3146.9287,1547.4201,7884.0295,4415.7248,1476.6585,1664.8649,1971.9902,1117.9361,1448.6486,1459.9509,30.4668,1606.8796,1512.0393,7497.2973,646.683,2588.6978,636.3636,4710.5651,722.6093,1329.2383,4075.1843,582.801,1429.484,547.4201,300.2457,2369.0418,446.1916,2859.9509,2291.8919,126.2899,635.8722,352.3342,2297.7887,572.4717,348.4029,45.7002,14.2506,258.9681,1518.4275,878.1327,1349.3857,1504.6683,574.9386,1318.4275,446.1916,988.2064,467.3219,364.3735,9444.226,448.6486,785.1695,1969.5332,3702.2113,3119.9017,94.8403,1036.855,717.9361,691.4005,709.0909,1100.2457,10215.7248,123.8329,32.9238,1001.9656,233.4152,810.3194,1519.4103,210.8108,0.9828,1266.8305,0,8679.1155,7367.5676,1739.5577,1184.2015,9209.3366,417.199,777.887,3880.0983,328.2555,2803.9312,2199.0172,4515.4791,770.516,1169.0418,160.688,5558.231,3184.2752,1606.8796,10.3194,249.6314,248.6486,52.0885,142.0147,1138.5749,360.688,2309.5823,87.4693,1676.6585,82.5553,143.9803,102428.9926,14400.9828,373.4644,246.226,69.7789,259.4595,692.3833,0,369.5332,2193.1204,1949.8771,521.3759,1961.1794,3641.2776,12096.8059,215.2334,174.4472,3.9312,851.5971,0.9828,13.7592,457.0025,958.7224,210.8108,11.7936,18565.602,47501.7199,40.7862,3.4398,4443.2432,11.7936,625.0614,271.2531,614.742,24.57,3859.9509,270.2703
TCGA-49-6761-01,5.433333333,2136.7553,2398.5335,156.9203,164.253,526.4895,0,2881.7599,1322.0898,208.2493,1912.374,1688.7259,1806.7828,148.121,1407.8827,138.5885,162.7864,237.5802,651.879,722.2731,1201.8332,13332.3556,107.0577,241.9798,1874.2438,2578.1852,28557.9762,1486.3428,968.6526,7247.5967,1784.0513,4636.4803,490.5591,555.8203,66.7278,129.7892,5.1329,16.132,126.1228,604.9496,19186.0678,21.2649,701.7415,1295.692,3373.0522,2247.4794,247.846,875.527,1998.9001,388.6343,715.6737,2595.857,1344.088,1122.5958,861.5949,716.407,797.8002,5366.0862,745.7379,1.4665,665.8112,1374.1522,2672.044,1367.5527,1050.0458,2069.8588,1369.7525,2628.0477,16552.8873,1532.539,88.7259,1102.1082,549.9835,281.5765,1369.0192,5583.1347,748.6709,49.1292,1135.8387,3161.1366,874.0605,2.9331,2183.6847,1503.2081,4068.1943,1311.824,1072.7773,7620.8983,1391.7507,67.461,651.879,652.6123,1947.571,1512.7406,414.2988,1675.527,2579.6517,617.4152,1295.692,703.9413,19.7984,2027.4977,626.2145,62.3281,1242.1632,2127.956,87.9927,178.9184,22372.1357,736.9386,1025.8478,10130.8891,717.1402,1100.6416,87.2594,334.3721,544.088,110.7241,1323.5564,2896.4253,236.8469,630.6141,204.583,189.1842,1249.4959,237.5802,1292.7589,3356.9203,50.5958,2751.2374,6.5995,172.319,1331.6224,1196.7003,257.0559,273.5105,798.5335,84.3263,377.6352,1412.2823,24.9313,408.4326,153.2539,15345.1879,1103.5747,3401.6499,1771.5857,1273.6939,3058.4785,816.132,2132.3556,1888.9093,668.7443,249.3126,1192.3006,100.4583,3351.7874,127.5894,5.1329,1844.1797,393.7672,9.5325,660.6783,2.9331,301.3749,107.791,1761.3199,1135.8387,7589.3676,6674.2365,2177.8185,1030.2475,2259.945,847.6627,2735.1054,856.462,0.7333,1375.6187,1737.8552,3473.5105,354.9038,1189.3676,516.2236,1493.6755,919.0247,1988.6343,3309.9908,151.7874,1086.7094,597.6169,288.9093,440.6966,765.5362,2191.7507,1702.6581,135.6554,219.2484,171.5857,2098.6251,1063.2447,289.6425,168.6526,153.9872,310.1742,756.0037,858.6618,998.7168,702.4748,338.0385,252.2456,668.7443,270.5775,173.7855,58.1852,15733.0889,237.5802,490.7571,2639.78,15705.2246,1728.3226,188.451,1560.4033,1158.5701,781.6682,894.5921,297.7085,15271.8607,130.5225,50.5958,1362.4198,99.725,562.4198,1391.7507,147.3877,5.1329,1011.9157,4.3996,6713.8405,5614.6654,1765.7195,928.0073,15780.7516,745.7379,3159.67,4649.6792,318.2401,2479.1934,1415.9487,4222.1815,615.2154,769.2026,125.3896,4643.813,3146.4711,941.5215,19.0651,183.3181,114.3905,29.3309,188.451,1528.8726,142.9881,16909.9908,36.6636,1731.2557,189.9175,59.3951,50792.3006,11192.6673,120.9899,140.9276,25.6645,166.4528,652.6123,0,423.0981,1956.3703,1767.1861,745.0046,1253.8955,2623.648,8307.2411,247.846,120.2566,0.7333,748.6709,6.5995,706.1412,182.5848,220.7149,61.5949,1.4665,22484.3263,29638.8634,19.7984,2.1998,7094.4088,6.5995,507.4244,258.8451,661.4115,10.2658,1894.7608,217.0486
TCGA-49-6767-01,13.63333333,3072.7811,5541.4201,1.1834,163.3136,289.3491,0.5917,2276.3314,1633.1361,536.6864,1769.2308,1071.5976,2547.929,92.8994,639.645,474.5562,531.3609,109.4675,1073.3728,1700.5917,1242.6036,15346.7456,5.3254,270.4142,817.7515,1431.3609,13272.7751,1376.3314,863.3136,1187.574,1290.5325,4807.6923,821.8935,339.645,18.9349,494.0828,5.3254,0,174.5562,331.9527,25595.2663,8.284,386.3905,2889.3491,2130.1775,3356.8047,355.0296,737.2781,2504.7337,439.0533,12.426,2373.8935,1455.0296,1196.3609,422.4852,1533.7278,572.1893,40805.9172,689.3491,13.0178,791.716,1562.7219,2676.3314,763.9053,4549.7041,1889.1302,1185.2071,3546.1538,9301.7751,2173.3728,8.8757,1766.2722,343.7101,514.2012,271.5976,5591.1243,268.6391,183.432,1253.2544,3847.929,752.071,4.7337,462.1302,1789.3491,3921.8935,896.4497,534.9112,489.9408,3204.142,931.9527,128.9941,1009.4675,4453.2544,495.2663,282.2485,947.929,504.142,533.7278,1714.7929,641.4201,1.7751,1521.3018,756.213,69.8225,752.6627,1371.5976,92.3077,156.8047,22104.7337,973.9645,1698.2249,4580.7811,449.1124,1676.9231,463.9053,208.284,37.8698,22.4852,1162.1302,4963.3136,1484.0237,1576.9231,186.3905,546.1538,988.7574,79.8817,1463.9053,601.7751,14.7929,4532.5444,0.5917,60.9467,20.1183,1695.2663,566.6154,90.5325,2128.9941,67.4556,594.0828,1785.2071,9.4675,296.4497,69.2308,4005.9172,1407.1006,187.574,1033.1361,2438.4615,2029.5858,644.3787,5914.7929,1001.7751,431.3609,795.858,1392.3077,276.0592,1762.1302,275.7396,0.5917,3473.3728,884.6154,1.7751,42.0118,1.7751,229.5858,233.7278,1119.5266,2676.9231,4897.0414,6002.9586,2076.9231,674.5562,1199.4083,1071.0059,1253.8462,2224.2604,14.7929,951.4793,3479.2899,4080.4734,492.3077,547.3373,118.3432,3178.1065,1156.1657,1130.7692,3966.8639,261.5385,1309.4675,1230.1775,704.142,1750.2959,1258.5799,4130.1775,1284.6154,203.5503,28.9941,502.9586,6092.8994,399.4083,536.6864,18.9349,5.9172,128.4024,856.213,1368.6391,273.3728,2218.3432,244.3787,1593.4911,708.284,747.3373,727.8107,134.8521,17074.5562,471.5976,420.0533,2449.7041,6340.8284,1803.5503,57.3964,1587.574,449.7041,442.0118,896.4497,2317.1598,6388.1657,136.6864,78.1065,1298.8166,25.4438,650.8876,1052.6627,65.0888,1.1834,1408.8757,4.142,5345.5621,2589.9408,1535.503,977.2899,10097.0414,798.2249,1057.3964,4013.0178,787.574,2265.6805,3141.4201,2642.6036,487.574,919.5266,73.9645,2876.9231,3381.0651,1306.5089,12.426,161.5385,179.2899,167.4556,327.2189,545.5621,31.3609,1927.2189,142.0118,300,9.4675,45.5621,55756.8047,6928.4024,234.9112,231.4142,79.2899,126.6272,53.8462,0.5917,667.4556,2195.858,3817.7515,628.4024,1978.1065,13614.7929,17770.4142,17.7515,133.1361,0,915.9763,0.5917,116.568,321.8935,742.6036,66.2722,5.3254,34513.0178,7507.6923,21.3018,0,8483.432,21.8935,500,626.6272,824.2604,4.7337,2589.3432,152.6627
TCGA-50-5044-01,3.933333333,2920.1638,5871.0338,3.0706,139.2016,515.8649,6.1412,2243.6029,840.3275,309.1095,872.0573,888.434,1525.0768,220.0614,465.7114,48.1064,193.4493,57.3183,1057.3183,526.1003,1030.7062,1379.7339,1278.4033,694.9846,1831.1157,1284.5445,5223.132,1904.8106,522.0061,186.2845,1127.9427,1181.1668,162.7431,336.7451,303.9918,221.085,23.5415,2.0471,55.2712,330.6039,38967.2467,17.4002,1691.914,2310.1331,1854.6571,3998.9765,320.3685,352.0983,2093.1423,218.0143,99.2835,1343.2651,775.8444,3257.4002,281.4739,687.8199,1045.0358,3957.0113,473.8997,25.5885,590.5834,928.3521,1322.4156,1199.5906,2281.4739,1847.4923,1409.4166,1614.1249,16171.955,1394.0635,2.0471,723.6438,488.5568,328.5568,624.3603,7784.0328,514.8414,148.4135,2661.2078,2068.5773,996.9294,148.4135,187.3081,730.8086,2926.305,1660.1842,916.0696,3607.9836,1933.4698,211.8731,451.3818,1312.1801,1452.4053,2020.4708,293.7564,720.5732,935.5169,479.0174,2017.4002,299.8976,1.0235,2146.3664,334.6981,15.3531,600.8188,1704.1965,95.1894,136.131,49673.4903,603.8895,1670.4197,14657.1136,1135.1075,3490.2764,355.1689,230.2968,353.1218,68.5773,720.5732,2261.0031,1441.1464,696.0082,279.4268,157.6254,1360.2866,647.9017,909.9284,1060.3889,20.4708,753.3265,16.3767,524.0532,21.4944,766.6325,254.4012,216.9908,2285.5681,14.3296,358.2395,1030.7062,24.565,306.0389,137.1546,8363.3572,720.5732,952.9171,1993.8588,633.5722,5296.827,485.1586,2722.6203,3484.1351,345.957,406.346,1445.2405,217.5026,977.4821,55.2712,13.306,1842.3746,796.3153,8.1883,20.4708,7.1648,244.6264,92.1187,4964.176,568.0655,4667.349,2218.0143,1703.173,1579.3245,1971.3408,2420.6755,2209.826,1025.5885,40.9417,1475.9468,2336.7451,3710.3378,603.8895,945.7523,519.9591,4952.9171,1710.5732,1386.8987,2870.0102,449.3347,856.7042,724.6673,306.0389,3334.6981,297.8506,2914.0225,3930.3992,69.6008,558.8536,189.3552,2197.5435,680.6551,236.4381,965.1996,110.5425,118.7308,851.5865,1823.9509,1271.2385,637.6663,1836.2334,529.1709,315.2508,155.5783,873.0809,14.3296,11861.8219,112.5896,281.6479,965.1996,4414.5343,936.5404,117.7073,420.6755,306.0389,762.5384,650.9724,228.2497,10578.3009,225.1791,65.5067,1643.8076,10.2354,465.7114,412.4872,316.2743,0,427.8403,3.0706,6152.5077,18829.0686,1253.8383,900.2047,16891.5046,183.2139,855.6807,3935.5169,373.5926,1610.0307,4870.0102,1216.9908,1811.6684,987.7175,27.6356,4125.8956,2752.303,630.5015,38.8946,221.085,109.7339,54.1146,262.0266,908.9048,200.6141,4502.5589,60.3889,2276.3562,31.7298,338.7922,97940.6346,9257.9324,168.8843,312.1392,69.6008,144.3193,892.5281,0,279.4268,2460.5937,780.9621,1100.3071,1476.9703,2524.0532,10613.1013,233.3675,195.4964,1.0235,823.9509,2.0471,20.4708,94.1658,192.4258,56.2948,1.0235,7421.6991,17836.2334,242.5793,2.0471,1842.3746,59.3654,529.1709,345.957,584.4422,74.7185,1592.6305,1108.4954
TCGA-50-5049-01,23.13333333,1162.9464,3510.6027,15.625,134.4866,371.0938,48.5491,1637.2768,1185.8259,1037.3884,1121.6518,565.2902,1235.4911,503.9062,753.9062,211.4955,194.1964,145.6473,588.1696,808.0357,1226.5625,2845.4241,128.9062,1398.9955,1189.1741,1586.4955,8791.8359,1780.1339,612.7232,352.1205,1753.3482,6550.7812,288.5045,401.7857,656.808,1000.558,62.5,1.1161,180.2455,297.9911,32925.2232,12.8348,418.5268,3722.6562,2955.3571,3191.4062,928.5714,803.5714,1449.2188,431.3616,750.558,870.865,965.4018,1603.9174,830.3571,667.4107,688.6161,1131.1384,716.5179,4.4643,920.7589,1050.7812,1775.1116,1212.0536,715.9598,2669.4308,833.7054,3240.5134,7433.5938,2888.3929,60.2679,898.9955,2171.942,427.4554,1510.0446,6712.6116,1737.1652,123.3259,1530.1339,1691.9643,1896.7634,30.692,1251.6741,1052.4554,5867.7455,1530.1339,1551.6964,2219.308,1687.5,280.692,338.7277,1616.0714,2151.2277,757.2545,517.2991,2926.8973,839.2857,473.2143,1336.4955,483.817,64.1741,2290.7366,508.3705,147.8795,964.2857,1194.1964,68.0804,878.3482,24622.2098,715.4018,1514.5089,5402.3438,1016.7411,2428.5714,118.8616,136.1607,2819.1964,717.6339,1191.9643,2631.1384,895.0893,2057.4777,483.2589,282.3661,5509.4866,518.9732,1171.317,8698.1027,205.3571,1642.8571,7.8125,426.8973,78.683,1030.692,211.3672,171.317,1645.6473,59.7098,840.9598,1533.4821,190.8482,1321.4286,609.933,5738.2812,1286.1049,868.3036,1408.4821,873.8839,2005.5804,798.5491,3092.0759,2022.8795,300.2232,490.5134,1001.6741,177.7846,1305.8036,384.4866,121.6518,804.6875,643.9732,14.5089,73.1027,31.808,451.4509,551.3393,3952.0089,1800.2232,6312.5,6896.7578,1782.3661,945.8705,2500,1639.5089,2258.3705,2708.1473,175.2232,1087.6116,1887.8348,5464.2857,534.0402,2483.817,3179.1295,4031.808,1773.4152,858.817,3572.5446,476.5625,1123.3259,633.3705,133.3705,2794.6429,291.2946,1574.2188,6974.8884,244.9777,287.3884,186.942,1914.0625,334.2634,603.7946,459.8214,23.4375,300.2232,675.7812,962.6116,1145.6473,758.3705,1663.5045,736.6071,516.7411,227.1205,343.75,74.1741,10957.5893,344.308,316.0658,1612.7232,4668.5268,1508.3705,262.8348,751.6741,441.9643,791.2946,267.2991,297.433,7246.0938,170.2009,73.6607,1082.5893,61.3839,575.3348,197.5446,138.3929,3.3482,606.5848,1.1161,4934.1518,2172.433,1948.1027,1086.9978,3782.3661,688.058,995.5357,3791.8527,374.442,2628.9062,2498.8839,3038.5045,1598.7723,190.8482,79.2411,3287.3884,3409.0402,1750,14.5089,306.3616,224.3304,63.6161,95.9821,2672.9911,206.4732,1883.3705,40.7366,3919.6429,267.2991,45.7589,168362.1652,5382.2545,388.9509,211.2277,279.5759,780.692,640.625,0,1361.6071,3698.1027,1473.7723,1073.6607,1566.4062,2348.7723,7324.2188,191.9643,281.808,1.6741,1207.5893,36.2723,15.067,492.7455,388.9509,386.1607,11.1607,4555.2455,6799.1071,170.2009,0,2181.3616,13.3929,740.6473,505.5804,285.1562,40.7366,857.6953,195.8705
TCGA-50-5051-01,3.666666667,2547.6375,4134.0046,3.873,232.378,613.4779,72.8118,2199.8451,1293.5709,518.9775,1378.0015,1118.5128,1987.6065,781.5647,1292.7963,144.849,140.976,32.5329,107.6685,784.6631,1194.4229,5261.038,125.4841,150.2711,1401.2393,1822.6181,13598.6987,1113.8652,1357.8621,125.4841,1513.5554,5698.6832,446.1658,396.5918,189.0008,102.2463,5.4222,0,30.9837,286.5995,17683.9659,103.0209,1101.4717,6122.3857,4651.433,1813.323,119.2874,401.2393,3773.8187,609.605,2659.9535,3150.6662,1193.6483,1150.0387,716.4988,941.1309,1037.1805,307.5136,429.1247,25.5616,637.4903,941.1309,1106.1193,1323.0054,975.9876,1636.615,1260.2634,2301.3168,9842.7576,933.385,20.914,979.8606,562.5174,210.6894,552.2851,4963.5941,353.9892,436.096,1423.7026,3494.1905,776.9171,4652.9822,625.8714,1515.1046,5484.1208,1316.0341,987.6065,3065.0658,1265.6855,91.402,89.8528,1001.5492,1780.0155,551.5105,405.8869,399.6902,1920.9915,1226.1813,1484.1208,646.7854,2.3238,1807.9009,621.9985,27.1108,2214.5624,1522.8505,20.914,106.8939,33270.3331,992.2541,1340.0465,3884.6166,533.6948,1426.8009,30.9837,20.1394,655.306,148.7219,835.7862,3226.1813,349.3416,711.0767,213.7878,171.9597,723.4702,780.0155,1501.9365,1144.0744,81.3323,7344.694,35.6313,315.2595,79.0085,1498.0635,548.2881,304.4152,3619.6747,74.361,584.0434,1360.1859,35.6313,203.718,196.7467,3497.2889,800.9295,1003.0984,2106.1193,1427.5755,2147.9473,587.9163,1906.2742,1817.196,1357.0875,117.7382,969.7909,189.9148,1109.2177,500.3873,26.3362,1908.598,1309.0627,9.2951,10.8443,4.6476,198.2959,10.8443,2132.4555,753.6793,4758.3269,4943.4547,2739.605,1836.5608,3635.9411,1120.8366,2119.2874,1539.117,1089.8528,1568.5515,1403.5631,6236.251,454.6863,1577.072,1562.3548,2201.3943,834.9729,2398.141,2501.1619,748.2572,1537.5678,494.1905,364.0589,445.3912,507.3586,3061.1929,13088.3036,98.3734,227.7304,157.2424,1521.3013,903.1758,339.2719,74.361,646.7854,195.9721,123.1603,2122.3857,1703.3308,941.1309,1448.4895,722.6956,383.4237,198.2959,2776.9171,50.6197,10037.9551,294.3455,352.4787,554.6088,5112.316,2079.7831,34.0821,374.9032,759.1015,601.0844,1302.866,25.5616,6574.7483,79.7831,77.4593,1635.1665,46.4756,839.6592,175.8327,261.8125,65.0658,2010.8443,4.6476,1587.9163,1952.7498,1389.6204,485.3834,5072.0372,2587.9163,3326.1038,4268.7839,307.5136,900.0775,2283.5012,2661.5027,444.6166,808.6754,39.5043,2988.3811,5540.6662,1015.4919,193.6483,168.0868,120.062,80.5577,65.0658,928.7374,182.804,4940.3563,50.3486,4344.694,225.4067,0.7746,44338.4973,15823.3927,285.8249,174.0434,75.1356,210.6894,503.4857,0.7746,357.0875,1558.4818,730.4415,502.7111,1255.6158,2277.3044,7759.1015,106.1193,320.6816,0,895.4299,1.5492,140.976,245.5461,619.6747,28.66,6.1967,6749.0318,17466.3052,687.0643,5.8714,3137.103,9.2951,578.6212,303.6406,554.6088,86.7545,660.7281,135.5538
TCGA-50-5055-01,0.666666667,1518.2724,3177.7409,4.9834,93.0233,460.9635,9.9668,1709.3023,1058.9701,1054.8173,976.7442,768.2724,1431.0631,917.7741,553.9867,56.4784,142.0266,45.6811,1963.4551,615.4485,1377.907,3838.8704,531.5615,1321.4286,1224.2525,1491.6944,9709.3023,1970.9302,483.3887,184.3854,1270.7641,2875.4153,203.4884,423.588,515.7807,1001.6611,84.7176,0,242.5249,251.6611,25685.2159,44.8505,548.1728,2130.3987,2794.0199,3813.9535,631.2292,1412.7907,1990.8638,623.7542,303.1561,798.4718,1046.5116,1330.0249,1051.495,686.0465,703.4884,2977.5748,662.7907,14.9502,630.3987,953.4884,1712.6246,821.4286,941.0299,2664.4518,898.6711,2317.2757,11061.4618,1723.4219,415.2824,647.8405,1972.2259,264.1196,1274.0864,5373.7542,961.794,154.485,1808.1395,1443.5216,1298.1728,53.1561,286.5449,1049.8339,4737.5415,1352.1595,1281.5615,2259.1362,2056.4784,574.7508,500.8306,1503.3223,2324.7508,938.5382,390.3654,2046.5116,1745.8472,419.4352,1582.2259,642.0266,24.9169,2019.103,372.9236,38.206,963.4551,1254.1528,38.206,1191.0299,31819.7674,1027.4086,1725.9136,3650.3322,1769.103,4137.8738,87.2093,31.5615,6761.6279,3304.8173,909.4684,11724.2525,430.2326,1600.4983,374.5847,211.794,2432.7243,475.9136,1264.1196,8088.0399,85.5482,2719.2691,36.5449,756.6445,117.1096,1277.4086,239.5349,137.8738,1826.412,123.7542,647.8405,1300.6645,112.9568,1823.0897,618.7708,3586.3787,1049.8339,1399.5017,1424.4186,920.2658,2283.2226,765.7807,2273.2558,5200.9967,603.8206,279.9003,793.1894,215.9801,1294.8505,190.1993,12.4585,741.6944,751.6611,7.4751,75.5814,24.9169,257.4751,176.0797,3441.8605,1906.9767,5710.9635,4613.7874,1705.1495,1594.6844,1661.9601,1783.2226,1821.4286,2638.7043,231.7276,955.1495,1289.8671,5298.1728,494.186,2367.9402,1731.7276,4712.6246,2185.407,1093.0233,2778.2392,474.2525,1196.8439,197.6744,189.3688,1787.3754,162.7907,1745.0166,8255.814,108.804,420.2658,100.4983,1589.701,379.5681,569.7674,338.8704,53.1561,141.196,735.0498,1026.5781,781.5615,576.412,2398.6711,710.9635,602.1595,252.4917,503.3223,26.603,10629.5681,251.6611,305.299,1220.0997,5857.1429,1397.8405,254.9834,412.7907,586.3787,491.6944,343.8538,297.3422,9607.9734,100.4983,101.3289,1011.6279,78.0731,593.0233,628.7375,259.1362,4.9834,1001.6611,17.4419,3687.7076,3300.6645,1897.01,1001.0963,2512.4585,524.9169,860.4651,3565.6146,298.1728,2409.4684,3205.9801,2736.711,1011.6279,213.4551,121.2625,2349.6678,2916.9435,1386.2126,30.7309,221.7608,179.402,64.7841,58.1395,2162.7907,417.7741,1290.6977,21.5947,4067.2757,2436.8771,49.0033,169495.8472,6186.8771,201.8272,217.5997,371.2625,956.8106,375.4153,0,669.4352,2131.2292,1290.6977,858.804,1236.711,1609.6346,12298.1728,320.598,229.2359,0,1205.9801,68.1063,240.0332,313.1229,874.5847,181.8937,43.1894,13309.8007,32843.8538,143.6877,0.8306,3987.5415,37.3754,545.6811,237.5415,400.3322,96.3455,870.407,604.6512
TCGA-50-5068-01,2.9,504.4945,1379.2366,6.8406,82.9423,207.7833,4.2754,557.5092,942.2931,955.9743,810.6115,359.1317,860.2059,195.8123,377.0883,109.4497,70.1162,78.6669,106.8844,274.4792,1668.2521,1831.5715,51.3045,1183.4244,374.523,633.6109,9323.7337,1183.4244,414.7116,128.2357,558.3642,1964.9633,310.3924,910.6553,921.7713,218.0442,30.7827,0,71.8263,165.8846,18333.6718,7.6957,488.2481,4731.1322,2169.3263,1513.4835,631.0457,475.4219,650.7124,489.9582,348.8708,204.7735,973.0758,1556.4767,697.7415,236.0008,434.3783,2150.5146,831.9884,13.6812,735.3648,920.9162,1484.4109,399.3202,289.0155,3255.2721,149.6382,1232.1637,19188.7472,2897.8506,8.5508,424.9725,951.2543,196.6673,578.031,4075.2894,494.2336,153.9136,2244.5729,774.6983,2585.748,17.1015,398.4651,533.5671,8286.5358,1175.7287,1534.8604,738.7852,1309.9755,208.6384,282.1749,2162.4857,3040.6481,869.6117,527.5815,846.5247,836.2637,165.8846,1083.3805,358.2766,1.7102,1239.8593,348.0157,94.0583,666.1037,406.1608,38.4784,902.9596,19019.4423,934.5974,1708.4407,3285.747,354.0012,2512.2115,105.1743,55.5799,772.9882,1026.9456,484.8278,4159.9419,188.1166,2597.7191,750.7562,389.0593,1600.7012,240.2762,624.205,3560.534,42.7538,2632.7772,8.5508,229.1602,171.0151,484.8278,209.8954,124.841,335.1896,51.3045,669.524,1097.0617,80.3771,360.8418,168.4499,3853.8249,1423.7006,1079.9602,1685.3536,318.0881,1435.6716,701.1618,1504.0776,1504.0776,594.2774,386.4941,490.8133,181.028,782.394,196.6673,27.3624,466.8712,410.4362,7.6957,44.4639,14.5363,346.3055,247.1168,1094.4965,743.9156,5938.4987,5868.374,1767.4409,551.5236,1824.7309,3101.3585,3905.1294,4906.4227,652.4225,281.3198,538.6975,2456.6316,191.5369,1345.8887,1056.0181,2229.1816,2213.2344,445.4943,5305.7429,171.8702,953.4091,252.2472,189.8267,1280.0479,156.4788,704.5821,6938.9369,204.363,76.1017,155.6237,949.9888,130.8265,982.4816,512.1902,5.9855,151.3483,2374.5444,1297.1494,210.3486,366.8273,2162.4857,405.3057,401.8854,278.7546,258.2328,48.7393,8094.9989,332.6243,296.6428,1606.6867,3146.6775,2366.8487,56.435,323.2185,330.9142,410.4362,194.9572,359.1317,5834.1795,214.6239,136.8121,645.5819,53.0147,755.8867,288.1604,168.4499,1.7102,279.6097,0.8551,3408.3306,1449.3528,2183.0075,1025.8083,5521.2219,529.2917,1193.6853,1973.514,263.3632,2131.703,2685.7919,2908.1115,1163.7576,316.3779,33.3479,649.8573,2166.7611,1423.7006,8.5508,558.3642,150.4933,157.3339,49.5944,3100.5034,135.1019,2359.153,26.5073,2317.2544,174.4354,69.2611,94985.1965,3548.5629,292.4358,556.3719,155.6237,355.7114,145.3628,0,1304.8451,2917.5173,905.5249,645.5819,1107.3227,1261.2362,7044.9663,393.3347,99.1887,2.5652,1322.8017,0.8551,7.6957,351.436,269.3488,244.5516,44.4639,18116.4826,49631.1418,18.8117,0,1829.8614,1.7102,569.4802,343.7403,413.8565,37.6233,831.1333,216.3341
TCGA-50-5072-01,5.3,1684.9885,4494.2263,5.5427,121.0162,491.455,9.6998,4335.7968,1129.3303,522.4018,1063.2794,996.3048,1224.9423,133.0254,971.3626,141.3395,776.9053,362.5866,125.6351,536.2587,1297.9215,16668.3603,11.5473,730.254,1714.0878,1871.5935,9884.0554,1581.0624,1358.8915,931.6259,2837.8753,4561.6628,501.1547,241.5704,243.8799,431.8707,10.1617,34.1801,161.6628,418.9376,19982.9099,237.8753,418.0139,8029.0993,5437.8753,4749.1917,222.1709,304.388,1848.4988,369.0531,784.2956,3979.3118,2593.9954,1517.2841,593.5335,957.5058,768.1293,3145.9584,761.2009,22.1709,1486.836,2076.2125,1654.9654,2010.6236,865.127,2677.0393,763.9723,3069.746,9742.7252,3050.8083,23.0947,1181.5242,946.2956,433.2564,513.6259,5057.2748,565.358,110.3926,1447.5751,4530.7159,933.9492,186.1432,1175.5196,1553.8106,7121.4781,3117.321,1221.4042,3437.8753,1474.3649,516.8591,54.5035,1038.7991,2240.1848,395.843,473.4411,1331.6397,1060.97,506.6975,1485.9122,618.4758,94.6882,2678.06,673.4411,141.3395,1020.3233,2330.254,200,96.9977,24061.8938,961.2009,1367.2055,4864.0785,496.5358,4826.7898,418.0139,45.2656,228.6374,64.2032,1800.4619,3103.0023,688.2217,1200.4619,251.7321,413.8568,789.8383,633.2564,1503.4642,1381.0624,79.4457,6835.5658,49.8845,253.1178,167.6674,1398.6143,603.9261,260.0462,1595.3811,1151.5012,517.7829,2636.9515,90.0693,276.6744,90.0693,3871.1316,2189.8383,469.746,633.2564,1411.0855,2384.7575,1000,3236.4896,6801.8476,666.0508,162.1247,1784.7575,291.9169,1088.6836,285.9122,103.4642,3069.2841,1989.3764,3.2333,77.5982,15.7044,360.739,51.2702,2371.3626,1236.0277,6723.7875,5904.3834,2017.0901,695.612,2929.3303,1723.3256,2441.1085,1399.5381,112.7021,1765.8199,1619.8614,7818.4758,393.5335,960.2771,424.0185,2348.2679,530.2587,1365.8199,5385.6813,261.4319,1345.0346,1450.3464,798.1524,861.8938,575.5196,2161.6628,5363.0485,205.0808,141.8014,602.3095,2440.1848,522.351,383.3718,83.1409,11.5473,257.7367,362.1247,1674.3649,952.8868,1544.5727,1510.8545,4309.4688,258.1986,258.6605,806.9284,108.0046,8817.552,394.4573,442.5912,1729.3303,3466.5127,3685.4503,31.4088,1377.8291,603.2333,721.4781,1900.2309,526.097,9691.9169,762.1247,56.351,1139.03,71.5935,676.6744,678.9838,234.642,37.4134,2309.9307,31.1871,2456.351,4015.2425,1935.3349,1104.3095,11098.3834,712.2402,1099.3072,5341.3395,442.0323,1878.9838,3270.6697,1761.2009,394.4573,792.6097,204.6189,9852.194,5226.7898,1361.2009,131.6397,247.1132,182.448,161.2009,454.9654,2299.7691,270.2079,1939.4919,131.1778,1868.3603,48.4988,90.5312,35565.358,14544.1109,286.3741,409.1547,140.8776,155.6582,101.6166,0.4619,549.6536,1707.6212,1312.7021,336.2587,1971.3626,2218.9376,15084.9885,193.5335,242.0323,5.5427,798.1524,2.3095,266.0508,393.0716,1478.9838,66.5127,9.6998,8530.254,15391.224,403.2333,3.6952,7601.3857,1869.2841,586.7021,509.4688,282.679,171.8245,1154.7159,499.3072
TCGA-50-5931-01,9.2,1815.6566,2624.3687,0.6313,434.3434,762.6263,22.096,2694.4444,2069.4444,839.6465,1773.9899,1012.6263,1328.2828,4653.4091,1588.3838,146.4646,718.4343,116.7929,109.8485,1106.0606,1490.5303,3689.3939,411.6162,1215.9091,3371.2121,2804.9242,6093.3775,2183.0808,1208.9646,660.9659,4377.5253,1294.8232,655.9343,1270.8333,907.197,1913.5101,5.6818,21.4646,70.0758,478.5354,46994.3182,23.3586,849.7475,1234.2172,2545.4545,3574.4949,124.3687,251.2626,4966.5404,1664.1414,14355.4293,3133.2386,1554.2929,1519.1667,528.4091,1660.3535,1265.7828,1119.9495,489.899,33.4596,1816.9192,4314.3939,590.9091,3025.2525,1833.9646,5071.3068,1358.5859,2747.4747,17828.2828,2119.9495,3.1566,1335.8586,1389.3561,650.2525,1601.6414,6544.8232,315.6566,134.4697,1527.7778,3227.904,218.4343,119.9495,266.4141,1512.6263,5865.5303,2383.2071,1838.0051,2203.2828,3443.8131,792.9293,41.0354,871.8434,2718.4343,1193.8131,875.6313,958.9646,728.5354,826.3889,3015.1515,662.2475,4.4192,3114.899,1308.7121,159.7222,2354.798,1843.4343,237.3737,10.101,13818.1818,521.4646,1982.3232,956.6035,798.6111,1077.0202,462.1212,6.9444,35.3535,15.7828,2392.6768,5116.1616,2678.6616,1647.7273,263.2576,616.1616,133.2071,34.7222,1696.3384,1267.0455,55.5556,3082.702,14.5202,214.6465,10.7323,1822.601,811.3447,270.8333,1817.5505,227.904,388.8889,2907.8283,20.202,100.3788,13.8889,9695.7071,2326.3889,619.9495,1315.0253,2115.5303,1243.0556,390.1515,4277.1465,2407.8283,1527.7778,82.702,2063.1313,476.4899,3998.1061,154.0404,51.1364,4087.1212,10222.2222,4.4192,306.8182,19.5707,592.1717,12.6263,2872.4747,1794.8232,6342.1717,6710.8523,1402.7778,638.2576,4226.0101,1410.3535,2806.8182,1609.8485,536.6162,3260.7323,1836.4899,6530.303,551.7677,2444.4444,64.3939,968.4343,453.7753,1823.2323,5126.2626,939.3939,955.1768,640.1515,371.8434,479.798,604.798,4330.1768,8522.7273,98.4848,777.1465,466.5404,3811.8687,802.399,391.4141,30.303,198.8636,314.3939,101.6414,2275.2525,980.4293,2729.1667,669.1919,4154.6717,186.2374,56.1869,998.1061,36.0417,10101.0101,664.7727,509.6149,933.0808,1289.1414,2308.0808,7.5758,2760.7323,551.1364,1042.9293,1832.0707,35.3535,4119.3182,265.1515,55.5556,1850.3788,126.2626,1618.0556,2972.2222,412.2475,441.9192,1704.5455,445.322,2267.0455,3148.3586,1518.9394,872.4874,2551.1364,333.9646,1191.9192,8640.1515,442.5505,1688.1313,4217.803,1003.1566,1289.7727,361.1111,3355.4293,3008.2071,12129.4192,1956.4394,39.1414,459.596,272.096,183.7121,415.404,11524.6212,92.803,5277.7778,132.5758,3243.6869,13.8889,186.2374,6779.6717,8641.4141,367.4242,607.3548,75.1263,33.4596,690.0253,0.6313,1080.8081,1009.4697,2756.9444,923.6111,1271.4646,1616.1616,5301.7677,117.4242,208.9646,0.6313,630.6818,0,66.9192,77.6515,599.7475,8.2071,1.8939,3511.3636,662.8788,665.404,0,9316.9192,34.0909,675.5051,301.1364,232.9545,374.3624,1112.1275,241.7929
TCGA-50-5932-01,2.266666667,1687.8637,4330.4239,1.2469,197.8387,1088.5287,21.197,3273.8986,1816.7082,884.0399,3154.6135,1118.4539,944.7215,79.8005,2317.1239,139.6509,167.4979,61.5129,1315.877,696.5919,1241.8953,16598.5037,15.3782,290.1081,1291.3549,3758.936,8620.8853,1541.5628,908.1463,2106.8038,2146.7165,9170.4073,103.9069,351.2053,200.3325,1550.7066,2.4938,0,16.2095,504.5719,21023.6908,32.0033,509.9751,3715.7107,2659.601,4720.6983,188.6949,66.916,2189.5262,605.985,7482.128,3201.5461,2446.7997,1725.3242,886.5337,2008.3126,678.7199,2057.7722,418.537,7.4813,1083.1255,1347.8803,1215.2951,2957.1904,488.3624,2456.01,1247.714,2978.803,9518.7032,893.1837,0.8313,1187.0324,588.059,372.818,1423.5245,4011.2219,621.7789,634.2477,1901.9119,2142.9759,1117.207,13.3001,1157.9385,1259.7672,6726.9327,2477.9717,2316.8828,3326.2677,884.0399,85.6193,34.9127,1495.4281,2805.9019,752.286,908.1463,224.0233,1738.5702,601.8288,697.8387,413.5495,0.4156,1985.453,369.0773,104.3225,1033.6658,977.9717,44.8878,105.985,24152.951,668.3292,1731.9202,15472.153,318.7864,4597.2569,35.3283,22.4439,141.3134,21.6126,1614.7132,1901.4963,168.7448,1527.847,218.2045,46.9659,478.803,140.4821,2116.3757,359.5179,56.5254,10273.483,5.4032,248.9609,22.4439,976.7249,208.8695,115.5445,562.7598,241.8953,505.4863,2802.9925,87.2818,167.9135,63.591,1681.2136,2046.1347,2387.7805,1266.8329,2312.1363,1142.9759,1460.0998,2199.0856,1354.946,1312.552,96.4256,1159.1854,133.4996,686.2012,85.6193,4.9875,1964.6717,831.6708,0,43.2253,4.9875,329.1771,49.8753,2481.2968,1017.0407,12992.5187,6285.5362,1285.9518,1530.3408,2823.3583,790.5237,4179.1355,1818.7864,2.0781,1403.99,2492.1031,6207.3982,563.1754,830.0083,524.522,3955.9435,392.4356,2955.1122,3344.5553,128.0133,2018.7032,261.4298,79.3849,780.5486,930.5902,1913.5495,1519.5345,231.5046,84.3724,134.6633,1128.8446,270.5653,433.084,121.3633,17.4564,240.6484,266.4173,2411.4713,794.68,966.3342,307.5644,3790.1081,246.4672,171.2386,5115.5445,139.7589,11019.1189,559.4347,550.9476,994.5968,4201.5794,2312.1363,7.8969,682.8761,527.0158,343.3084,396.5087,425.6027,4982.9593,57.3566,51.1222,1341.2303,169.9917,1385.2868,17.0407,125.1039,0,1507.4813,0.4156,4753.1172,2980.4655,2120.1164,1232.1072,3066.0848,2547.7972,1589.7756,2556.1097,273.483,1435.5777,1889.0274,1073.9817,313.3832,749.3766,48.6284,5231.0889,6085.2037,976.7249,7.8969,124.6883,279.3017,98.9194,64.8379,682.0449,160.0166,4508.3126,24.522,1514.1313,27.847,1.6625,19166.251,16563.591,738.9859,200.6484,108.8944,86.0349,520.7814,0,362.4273,1033.6658,2189.9418,583.9568,2553.2003,2857.8554,38412.7182,68.9942,237.739,0,1109.7257,0,300.4988,302.9925,489.6093,59.4347,18.2876,15261.8454,28537.8221,118.4539,0.4156,19246.8828,10.8063,508.4081,254.3641,522.4439,16.2095,595.532,2808.8113
TCGA-50-5933-01,15.7,1489.967,1928.2826,1.0205,103.5833,617.4178,7.1437,3387.6338,1514.9698,972.5606,1484.3541,1083.7979,1590.999,180.1227,1265.4514,257.1724,564.8608,176.5509,1871.1332,1623.6558,1263.9206,6691.5845,73.4778,394.9433,1537.9317,2868.6967,17986.7383,1411.3865,544.4503,5771.0656,2642.14,2690.1047,270.4392,351.571,184.7151,78.0702,1.5308,1.5308,158.6917,427.6001,20425.8142,12.7566,349.5299,5401.6405,2774.8083,4127.5146,501.0779,453.6235,1476.7001,477.0956,246.9671,1577.4515,1709.3799,2400.449,1056.2437,755.699,950.6193,12116.1868,761.3119,6.6334,766.4145,1449.1459,2014.517,2183.4139,723.0422,2331.3391,1147.5807,9136.7631,8572.4126,2333.4311,1.0205,1126.6599,3021.9387,535.2655,1149.6218,4089.7552,735.2885,41.3313,1623.1455,3530.5073,1484.8643,32.6568,3076.3736,2173.7189,4904.1344,1809.9016,1374.2904,3654.5012,1138.9063,130.117,85.7241,1535.8906,3077.9044,791.4174,452.0927,1404.7531,1280.249,508.7319,924.0857,719.9806,90.3165,1722.6467,880.2031,127.0554,1085.3287,1725.198,161.243,351.0607,21898.9425,678.6493,1359.3397,13393.8845,605.1715,1303.7211,224.5156,522.509,147.4659,38.78,1805.3093,2289.5485,922.5549,1021.0356,202.5743,207.6769,4160.1714,211.2487,1131.7626,1574.1603,277.0726,1247.0819,4.5924,327.0784,341.3657,1347.0934,144.7462,171.4483,2342.6159,118.3809,535.2655,2177.2908,142.3633,412.2922,45.4134,4539.8069,1274.1259,787.8455,1138.396,2839.1014,1334.3368,1115.9444,3230.9831,1126.6599,337.7939,670.4851,1390.4657,79.1264,4619.9181,145.9351,7.1437,2418.645,614.3562,6.1232,30.1055,7.1437,525.0603,316.8731,6083.8617,1288.4132,7736.6024,7301.3433,1967.5728,1104.7187,2856.9606,1030.7306,2286.9972,2192.0884,1.5308,1486.9054,1634.8816,5562.8835,417.9051,1547.6266,322.486,6337.9725,566.8457,1651.7202,4569.9124,630.1744,931.2294,640.8899,484.7495,4565.32,764.3735,1651.7202,1734.3828,227.5771,209.2077,637.8283,2306.3872,420.4564,501.0779,91.8473,44.9031,381.6765,541.3887,1150.6423,2548.762,1296.5774,584.2507,608.7434,351.571,404.6383,1568.0371,63.3338,13084.6653,605.6818,314.082,2133.4082,2331.3901,986.3377,392.392,1648.6586,772.5377,586.8021,983.7864,819.9921,10514.9826,189.3074,56.1289,995.5224,71.947,867.4465,20.9208,160.7327,2.0411,1062.3669,1.0205,3529.4868,3627.4572,1613.4505,1181.2019,16563.1259,270.9495,669.4646,3806.0492,273.5008,5047.0079,2601.8293,4099.9605,1613.4505,804.1739,25.5131,5123.5473,2615.0961,1262.9001,11.736,211.2487,237.7824,51.0263,203.5948,1845.62,140.8325,13661.2621,110.727,682.7314,22.4516,7.6539,99227.2072,11191.5909,442.3977,196.645,194.4101,267.8879,895.0007,0,538.8374,3935.6559,2725.3129,536.2861,1744.588,1728.2596,10399.6632,84.7036,179.6125,0,910.8188,2.0411,41.3313,484.7495,388.8201,362.2865,3.5718,7717.7227,15950.8107,39.2902,7.6539,4535.7248,4.0821,640.4154,316.8731,550.5734,14.7976,4199.4617,307.6884
TCGA-50-5935-01,3.533333333,1932.8346,2808.8493,2.5466,235.5563,1101.3847,9.5496,2606.3982,1711.9211,548.1458,2885.8825,807.8943,1121.1205,454.5599,1639.3443,221.5502,95.4958,38.1983,565.335,655.7377,1455.9924,10780.2005,29.2854,1149.7692,1283.4633,2885.2459,11476.6194,1596.6895,639.8217,1498.6217,1906.0958,9820.1496,176.9855,566.6083,1397.4216,799.618,30.5587,0,74.4867,369.887,22078.6249,51.5677,380.0732,2240.9677,2348.5596,3109.3427,327.2322,646.1881,3763.8071,1111.5709,1439.4398,2453.5922,2864.2368,1303.371,1103.2946,1696.6417,806.621,1307.6556,473.6591,11.4595,618.8127,1341.3974,1350.947,2543.371,614.9928,2314.1238,1850.0716,2896.7054,7709.0562,918.0328,10.1862,737.8641,1033.6018,318.3193,1318.4784,4625.1791,484.4819,422.0914,1359.8599,2194.4931,605.4433,161.0696,1229.349,1046.6338,4653.1912,1659.0801,1633.4108,6056.3425,1248.4482,515.6772,66.847,1525.386,3265.3191,602.8967,554.5122,821.9004,2815.2157,824.4469,1109.0244,391.5327,5.0931,2335.8268,344.4215,37.5617,1114.7541,2186.2168,35.6518,168.7092,25856.438,1277.7336,1485.9144,3642.833,566.6083,3029.1262,52.2044,47.1113,341.2383,136.2406,1342.0341,2307.8147,239.3761,879.1978,126.6911,229.1899,990.6096,3396.4667,1680.0891,1697.915,87.2195,6803.7562,830.1767,324.049,941.5884,643.0049,232.1884,150.2467,1635.5244,143.8803,860.0987,1368.1362,33.7418,505.491,302.4033,3628.2031,639.1851,1902.276,2442.1455,1818.8763,1800.4138,1035.8109,2310.3613,1805.5069,1295.5594,184.6252,904.6634,100.9263,501.0345,188.445,39.4716,1780.0414,1133.8533,5.0931,268.6615,5.0931,275.0279,67.4837,2823.492,876.6513,9378.3225,3735.1584,1604.9658,1850.0716,2339.6467,900.8435,3201.0186,1625.3382,133.0575,1561.6744,1729.1103,8560.8786,559.6053,1796.594,1254.8146,3096.6099,866.707,2065.8921,3011.3003,1012.8919,2799.9363,297.3102,63.0272,786.2486,951.7746,1524.7493,4129.8743,127.9643,199.2679,111.4117,1672.4495,381.9831,308.1331,112.685,17.8259,278.211,334.2352,2272.163,1736.1133,867.7383,695.2093,1425.4337,306.8598,147.7001,548.7824,102.0341,10904.9817,344.4215,420.035,903.3901,12940.3151,1927.7415,35.6518,816.8073,431.6409,341.8749,576.7945,150.8833,5771.1284,36.2884,67.4837,1365.5897,96.7691,692.0261,886.2009,139.4238,0.6366,2726.7229,8.9129,3354.4485,2206.5892,1835.4289,735.9287,2052.5227,2875.6963,913.5763,2326.2773,271.8447,1397.4216,1393.6018,1642.5275,668.4705,263.5684,52.841,4289.0339,5865.9876,928.219,28.0121,229.8265,174.439,126.6911,19.7358,913.5763,106.9553,6619.131,16.5526,3385.0072,47.7479,12.7328,131593.188,13608.149,293.4904,246.0735,201.1778,214.5472,399.809,0,422.728,2176.6672,2096.4507,475.569,1338.2142,3458.8572,7547.35,70.0302,329.7788,0.6366,1027.5346,4.4565,162.9795,501.0345,436.0974,93.5859,26.1022,18032.7869,116171.2621,70.0302,1.9099,8816.8073,3.1832,369.887,245.1058,509.3108,37.7972,904.014,161.0696
TCGA-50-5936-01,3.633333333,2961.9883,3111.1111,3.655,175.4386,956.1404,13.1579,2966.3743,2065.0585,1016.8129,1941.5205,1311.4035,980.9942,155.7018,992.6901,147.6608,266.0819,118.4211,367.6901,595.0292,1069.4444,9461.2573,475.1462,336.2573,2144.0058,2769.0058,8358.1725,1541.6667,1123.538,1342.1053,2125.731,5437.1345,181.2865,238.3041,277.0468,379.386,3.655,4.386,183.4795,432.0175,15092.8363,125.731,339.1813,4494.152,2190.0585,3385.9649,278.5088,488.3041,2444.4444,463.4503,3790.9357,3088.3114,1830.4094,2444.0278,435.6725,1856.7251,592.8363,3113.3041,475.8772,11.6959,717.8363,1370.614,1230.2632,2083.3333,603.8012,2440.5044,1089.9123,2299.7076,15191.5205,1253.655,16.0819,1105.9942,1742.8874,491.9591,615.4971,8651.3158,437.8655,351.6082,1853.8012,3978.0702,943.7135,53.3626,2357.4561,1176.1696,5756.5789,2228.0702,1035.2339,1229.5322,1111.8421,204.6784,100.8772,923.9766,2433.4795,539.4737,395.4678,626.462,1393.2749,463.4503,1288.0117,946.6374,3.655,2144.7368,771.9298,94.2982,1132.3099,1679.8246,131.5789,138.8889,18766.8129,932.0175,1437.8655,5149.8392,486.8421,4203.2164,157.1637,32.8947,332.6023,78.2164,1651.3158,2407.8947,519.7368,1472.2222,126.462,221.4912,1675.4386,769.0058,1720.7602,1396.9298,217.8363,6781.4327,8.0409,325.2924,201.0234,1220.0292,295.3947,224.4152,915.2047,261.6959,422.5146,2390.3509,67.2515,419.5906,195.1754,1516.8129,2100.1462,861.1111,1845.7602,1777.0468,1806.2865,754.386,2352.3392,6723.6842,680.5556,210.5263,1518.2749,89.6053,1625.731,109.6491,8.0409,2117.6901,1140.3509,3.655,7.3099,12.4269,368.4211,82.6023,3549.7076,1230.2632,6768.2749,4365.4898,2163.0117,1019.0058,2780.7018,953.9474,2061.4035,1376.462,49.7076,1614.0351,1375.731,8012.4269,913.0117,1200.2924,562.8655,3193.7135,470.1681,1632.3099,4413.7427,320.9064,1423.9766,263.1579,122.076,851.6082,546.0526,1812.8655,5548.2456,206.8713,591.3743,294.5906,1540.2047,671.7836,327.4854,63.5965,30.7018,287.2807,391.8129,1365.4971,1453.9474,1724.4152,707.6023,4872.076,263.1579,109.6491,2249.269,78.0629,7734.6491,538.7427,564.9561,1555.5556,1557.7485,4974.4152,50.4386,1309.9415,749.269,632.3099,926.1696,334.7953,7858.9181,186.4035,50.4386,1503.655,92.8363,1391.8129,89.1813,299.7076,16.0819,1481.7251,1.462,7239.7661,2548.9766,1679.0936,786.6959,5504.386,921.7836,825.2924,4131.5789,276.3158,1527.0468,2244.883,1545.3216,748.538,1111.8421,83.3333,7562.8655,3417.3977,1366.2281,40.2047,317.9825,209.7953,144.0058,72.3684,969.2982,124.269,2410.0877,42.3977,1101.6082,82.6023,4.386,34914.4737,16777.7778,317.9825,385.424,54.0936,193.7135,864.7661,0,411.5497,1489.7661,1133.7719,373.538,1293.8596,1639.6199,20154.9708,152.0468,182.0175,0,788.0117,2.193,11.6959,489.0351,722.2222,93.5673,0.731,4459.0643,20667.3977,190.7895,0.731,6833.3333,154.9708,480.9942,310.6725,266.0819,24.8538,513.8377,179.8246
TCGA-50-5939-01,2.6,3103.8139,4032.1532,3.4206,190.8671,801.0946,58.1495,3376.7744,1680.1779,1148.6232,1480.4173,994.014,1144.5186,312.639,819.5656,164.1868,389.2594,95.0915,1160.2531,833.9319,1341.5427,4423.465,935.1804,227.8091,1523.5163,3308.3633,8205.9039,1515.307,575.3378,21145.1274,1077.4756,4498.7173,311.9548,335.8988,197.0241,114.2466,10.2617,0.6841,51.9925,464.5117,19034.0345,12.314,304.4296,5160.9372,1370.9595,4432.3585,348.8969,640.3284,2575.6798,518.5565,274.3287,1843.6258,900.2907,2665.9689,642.3807,1487.9425,893.4496,7031.9822,482.2986,7.5252,888.6609,1717.804,1232.0848,1914.8281,729.2629,2903.3692,1142.4662,5000.171,9232.7689,2494.2706,45.8355,999.4869,1323.5027,658.1153,671.7975,4076.6205,1093.8943,194.9718,1755.4301,4063.6224,871.5581,62.2541,279.8016,1022.7467,4645.8013,3056.6102,1358.3239,2427.9117,1023.4308,165.555,68.4112,1019.3262,2463.4855,381.0501,558.235,3077.1336,1253.9764,725.1582,1172.5671,589.7041,43.7831,1694.5442,579.4424,114.9307,1407.9015,1713.6993,82.0934,279.8016,25453.0665,891.3973,879.0833,4806.93,833.2478,1006.328,84.8298,127.2447,1411.322,233.9661,1857.3628,2276.039,1286.8138,816.145,215.4951,119.0354,2217.8895,408.4146,1234.8213,1970.2411,103.9849,2587.9938,25.3121,455.6183,503.5061,872.2422,228.4248,244.2278,1160.9372,244.9119,614.3321,2261.6727,114.2466,568.4967,430.3061,2648.1957,1579.6135,756.6273,1682.2302,1752.6937,2119.3775,766.2049,2071.4897,3136.6513,357.7903,421.4127,2239.097,95.714,5736.9591,58.8336,8.2093,2301.3511,819.5656,11.6299,32.1532,12.9981,333.8464,151.1886,2915.6833,1396.2716,7869.3347,3562.1618,1711.5102,1287.4979,1812.8955,1359.3296,1860.7833,1555.6696,2.0523,2284.2483,2056.4392,7688.7293,667.6928,1472.208,1996.2374,3881.6487,872.1464,1731.4862,3454.7631,384.4707,1882.6749,507.6107,229.8615,2088.5924,586.2836,2292.4577,1981.871,127.2447,903.0272,289.3792,1563.8789,627.3303,463.1435,145.7158,44.4672,319.4801,796.3058,1024.1149,1695.9124,1386.694,618.4368,3326.8343,238.0708,206.6017,3025.1411,74.7734,18688.5582,413.8875,497.6638,1816.3161,4099.1962,1431.8454,71.8317,1226.6119,357.7903,462.4594,519.2406,303.0614,4762.1002,125.8765,42.4149,1295.7072,98.5121,968.7019,291.4315,83.4616,0.6841,685.4797,11.6299,5198.5634,3597.7424,1622.7125,1115.0128,4992.6458,175.1325,904.3954,2880.1095,253.8054,2170.0017,2565.4182,2223.3624,903.7113,924.9188,62.2541,6110.484,4736.7881,1697.9648,20.5233,167.6073,207.2858,38.3102,125.1924,2383.4445,248.3325,3139.3877,64.3065,2757.6535,209.3381,17.7869,64331.7941,12096.4597,327.0053,283.0922,104.6691,464.5117,634.8555,0,1539.2509,2481.2724,1119.8905,906.4478,2464.8538,3579.2714,19404.1389,452.1977,249.7007,1.3682,848.2983,4.7888,11.6299,254.4895,1489.3108,158.0298,19.8392,12647.1695,9596.0322,99.8803,1.3682,7644.262,21.2075,840.7867,329.7417,271.5923,121.0877,1188.9584,337.267
TCGA-50-5941-01,12.03333333,1751.2821,4747.4359,7.6923,96.7949,657.0513,16.0256,3533.9744,1567.3077,1030.7692,1996.7949,917.9487,1519.2308,337.1795,1848.7179,151.2821,310.2564,146.7949,576.9231,851.2821,1046.7949,8703.2051,180.1282,1083.3333,1421.1538,2537.1795,8264.0705,1866.6667,649.359,1576.9167,2125,4417.3077,259.6154,388.4615,296.7949,851.9231,50,0,158.3333,445.5128,26021.7949,21.1538,337.1795,3957.6923,2223.0769,4849.359,499.359,771.7949,2000.641,514.7436,890.3846,2157.1282,3282.6923,1421.2115,1064.1026,937.8205,904.4872,6914.7436,582.6923,7.0513,812.8205,1316.0256,2062.1795,2218.5897,835.2564,3051.891,1393.5897,4828.8462,7771.7949,2284.6154,77.5641,1071.7949,1487.6218,486.5385,973.0769,4959.6154,717.9487,276.9231,1657.0513,2785.2564,993.5897,14.7436,3586.5385,1630.7692,6238.4615,1521.1538,1292.2244,3339.1026,1444.2308,140.3846,270.5128,1312.8205,3435.2564,805.1282,609.6154,1575.641,673.0769,552.5641,2096.7949,710.8974,3.8462,1771.1538,585.2564,98.7179,889.1026,1408.3333,121.1538,522.4359,38216.6667,907.0513,1177.5641,15560.0897,1039.1026,3546.1538,137.8205,200.641,997.4359,394.8718,1669.8718,1526.9231,860.8974,1541.6667,347.4359,145.5128,3648.7179,761.5385,1187.8205,2446.1538,178.2051,5105.7692,59.6154,342.3077,101.9231,1717.3077,383.4103,192.9487,626.2821,101.2821,435.2564,1712.8205,133.9744,1050.641,500,6328.8462,2117.3077,892.3077,1281.4103,1724.359,1967.3077,637.1795,2564.1026,1216.6667,379.4872,251.9231,1685.8974,183.4487,1366.0256,230.7692,20.5128,1264.1026,1219.8718,19.8718,31.4103,3.2051,333.3333,267.9487,2756.4103,1409.6154,8247.4359,5329.4744,1943.5897,1491.6667,1996.1538,1503.2051,2387.8205,1324.359,33.3333,2269.2308,2553.8462,7285.8974,568.5897,1569.2308,1082.6923,4513.4615,1207.2051,1634.6154,3529.4872,280.7692,1129.4872,626.2821,216.0256,2106.4103,826.2821,1841.0256,2812.1795,146.1538,675.641,199.359,1814.1026,600.6282,340.3846,122.4359,18.5897,301.2821,610.8974,1457.6923,1440.3846,1426.2821,491.0256,833.9744,502.5641,351.9231,375.641,240.6026,9556.4103,366.6667,297.0192,1842.3077,3696.1538,1435.8974,191.6667,1365.3846,448.0769,671.7949,599.359,159.6154,6421.7949,137.1795,51.9231,1035.2564,116.6667,800.641,132.0513,151.2821,1.2821,1330.1282,1.2756,5235.8974,1629.4872,2292.3077,850.3013,6287.1795,1178.8462,1202.5641,3773.0769,269.2308,2357.0513,3377.5641,2750.641,792.9487,437.8205,67.9487,3906.4103,5362.8205,1403.8462,15.3846,315.3846,116.6667,43.5897,135.8974,1675,247.4359,2674.359,69.8718,1740.3846,408.9744,19.2308,175310.2564,8773.7179,283.3333,195.1731,98.7179,544.8718,558.3333,0,557.0513,2518.5897,2576.2821,683.9744,1451.9231,2426.2821,13444.8718,396.7949,208.9744,0.641,930.1282,9.6154,132.0513,419.8718,1358.3333,200.641,33.3333,13559.6154,70442.3077,70.5128,0.641,9418.5897,6.4103,666.0769,329.4872,599.359,33.9744,1293.7308,242.3077
TCGA-50-5942-01,2.1,2600.0761,3570.5495,1.2786,292.8042,938.5079,53.7021,3732.9344,1950.5365,1661.5682,2765.0182,647.6216,1847.6075,397.0119,1728.0565,201.3828,113.158,40.9159,361.8498,728.814,971.1128,8403.0981,143.8449,3108.9673,1818.8386,3780.2434,17807.1903,1185.9211,379.7505,3963.6808,4055.1469,5430.9433,42.1945,633.5568,3197.1921,2518.8836,19.1793,0,50.5055,695.5699,18573.8899,283.8539,198.8256,2318.1401,1246.6556,5579.9026,402.1263,186.0394,2993.2521,1219.8046,1786.873,4279.4746,671.9154,1684.6665,1178.2494,1611.7019,937.8686,8036.7731,770.3692,17.9007,627.1637,1068.288,1446.1205,2727.2989,1018.4217,2571.1281,1646.864,5468.0233,11955.1076,1040.7976,12.7862,1759.3827,1854.9916,481.4009,1621.2916,4418.2753,464.1395,1236.4266,1928.8,2747.7568,909.7389,30.0476,1134.1369,1987.6166,6321.5029,2197.3104,2048.6132,2966.401,1170.5776,134.8945,115.7152,1425.6626,3718.2303,905.9031,910.3782,707.0775,1737.6461,899.51,1043.3548,1146.9232,0,1889.802,685.3409,111.24,2148.0835,1999.1241,21.7366,257.6422,13485.6171,896.3134,1153.9556,5353.9191,455.8284,3693.9365,5.1145,31.9655,502.4981,104.2076,1458.9067,1701.8447,342.6705,1561.1964,151.5166,44.1124,1468.4964,1234.5087,1427.5805,847.0865,428.9774,10209.1505,1788.791,478.8436,129.78,756.3044,154.6748,233.3484,1008.8321,571.5436,642.5071,1350.8632,375.2753,599.034,272.9856,4570.4312,1143.0873,941.0652,1708.2378,3247.0584,1790.7089,778.041,3553.2881,1690.9765,646.9823,565.1505,1369.4032,144.9125,2084.7918,175.1711,20.4579,1054.8624,1417.9908,23.0152,907.821,84.389,278.7394,44.7517,3677.9537,504.416,12849.5031,4383.7398,1922.2407,1311.226,1986.3379,960.8838,1629.6026,1750.4323,705.7989,3455.4736,2272.7491,9048.1625,758.8616,1421.8267,3411.3612,8664.5761,819.3404,2056.6621,2577.7002,453.9105,1616.8164,62.6524,20.4579,1311.226,549.8071,3765.5392,5833.7089,103.5683,1280.5391,88.8642,2499.065,560.0297,215.4477,997.3245,26.851,326.0484,410.4374,793.3844,811.9244,1355.9777,718.5851,2164.0663,289.6077,113.7973,2823.1955,300.4376,6850.2127,462.2215,450.145,950.0155,4131.8642,2146.1656,26.2117,970.4734,504.416,512.0878,547.2498,62.6524,4376.0808,10.229,74.7993,1208.297,154.0738,942.3438,2516.9657,190.5145,0,3693.2971,13.4255,2328.3691,863.0693,2066.8911,1291.7142,4896.4796,2027.2538,2006.1566,2981.7445,181.5642,1388.5826,4512.254,1350.2239,538.2995,1406.4832,131.0587,3370.4453,3061.019,3739.3275,24.9331,161.1063,202.0221,48.5876,10.229,1875.7372,266.5925,1283.0963,8.9503,4675.2782,179.007,5.1145,102225.7981,10540.3133,469.254,198.1991,590.723,309.4263,979.4238,0.6393,512.7271,1406.4832,1336.1591,497.3836,1737.6461,3584.6144,5797.9075,830.4644,379.7505,1.2786,1277.3425,0,19.1793,377.8325,1299.7184,54.3414,122.7476,18635.2637,152300.4888,79.2745,10.229,6205.1484,5.7538,393.3103,217.3656,979.4238,55.62,1644.2684,194.9897
TCGA-50-5944-01,1.933333333,1836.2555,3377.954,1.2197,165.8789,905.6259,125.0191,3518.2192,1834.426,736.0878,2519.8963,931.2395,1436.1945,303.095,1602.0735,167.7085,212.2275,106.1137,122.5797,407.3792,1106.2662,17041.6222,7.928,1196.5239,1422.7779,4045.7387,10427.1627,1206.2814,498.8565,3727.989,2991.9195,7345.0221,125.6289,348.2238,384.8148,1309.3459,7.3182,0,28.0531,533.0081,43165.1166,17.0758,354.9322,4296.9965,3814.6059,5008.0805,297.6063,231.1328,2871.1694,970.2699,1255.6792,2946.8029,1313.6149,1513.6576,448.8489,1012.9593,895.2584,4833.6637,669.0044,57.9357,812.9288,1398.9937,1417.2892,2521.7259,1417.2892,3108.0104,703.156,8029.2728,12592.7733,1373.3801,1.2197,1485.5923,4010.2699,444.58,1515.4749,4717.7923,205.5191,1158.1034,1891.1419,3323.6774,772.0689,106.7236,2246.6839,1925.2935,6137.521,1839.3048,1779.3017,3518.8291,1779.5396,293.3374,89.6478,2394.2674,2819.9421,589.724,775.1182,509.224,426.8943,461.0459,1528.8916,503.1255,0,1488.0317,401.2807,118.9206,1048.3305,1469.1264,103.6743,293.3374,25863.6987,1027.5957,980.6373,6701.0215,562.8907,4956.2433,26.8334,33.5417,71.3523,25.0038,1405.7021,1959.445,593.993,1322.1528,339.0761,118.3107,1463.0279,287.8488,1218.4784,550.0839,371.3981,7376.1244,29.2728,1111.7548,97.5758,974.5388,145.4002,205.5191,1136.1488,307.9738,602.3235,1742.9486,537.277,314.6821,48.1781,13257.5088,1799.6646,554.9626,1289.2209,2161.9149,1240.433,613.5082,3677.9997,2058.8504,541.546,382.3754,1586.8273,135.0084,694.6181,294.5571,9.1477,1077.6033,1172.1299,5.4886,121.36,13.4167,198.8108,76.2311,5597.1947,793.4136,11390.7608,5134.3193,1497.7893,2002.7443,3422.4729,1058.698,1939.32,1524.6227,47.5682,2422.3205,866.5955,8292.1177,600.7013,969.66,1166.6413,7665.1929,922.5736,2516.2372,3917.6704,647.0499,1771.0017,415.3072,50.6175,2294.2522,659.8567,2401.5856,2253.3923,111.6024,93.3069,101.2349,2375.9719,360.4208,245.1593,615.3377,18.9053,235.4017,601.3112,1169.0807,515.3225,1633.7856,479.3414,2266.809,245.7692,112.2122,822.6864,314.9017,8737.3075,296.3866,517.5423,1258.7285,3044.3665,3033.3892,9.1477,746.4553,493.9777,445.1898,678.1522,351.2731,7134.0143,62.2046,62.2046,1113.5844,106.7236,999.5426,195.1517,392.7428,1.2197,1027.5957,0,1980.7898,930.0198,1837.4752,801.6222,2933.9838,387.864,2700.4116,3387.1017,120.1403,1469.1264,2233.8771,1466.687,777.5576,969.66,76.2311,2923.0066,3647.5072,1391.6756,46.3485,438.4815,179.9055,92.0872,59.1554,850.7394,240.2805,647.0499,48.7879,1841.7442,146.3638,2.4394,158062.5095,16068.3031,373.8375,163.775,1180.6678,207.3487,401.8905,0.6098,243.9396,2141.7899,2555.2676,1338.6187,1296.5391,2490.6236,17869.1874,533.6179,247.5987,0,1166.6413,1.2197,6.0985,475.6823,1251.4103,132.3372,154.2918,16090.2577,163633.4807,68.9129,0.6098,11832.9014,7.928,497.6978,220.1555,518.3717,78.9084,867.0895,303.7048
TCGA-50-6593-01,9.033333333,1846.0552,4042.9763,9.6216,97.4984,463.1174,23.0917,2642.0783,961.5138,889.6729,1142.399,794.7402,1732.5208,172.5465,800.5131,157.152,475.3047,142.399,1753.6883,760.1026,1014.753,8051.9564,112.8929,581.1418,1578.576,1703.6562,10628.5888,1019.8845,717.7678,1477.8512,1790.8916,6921.1033,232.2001,396.408,178.3194,348.3002,5.1315,0,59.6536,523.4124,24443.2328,11.5459,342.5273,4747.9153,1982.6812,4094.2912,269.4035,463.1174,2651.0584,457.3445,197.5625,1607.0366,1032.0718,1597.2097,470.1732,878.7684,1554.8428,19409.2367,562.5401,13.4702,847.9795,1042.9763,2071.8409,1044.9006,992.3028,2762.9057,1310.4554,3857.601,5916.6132,1742.1424,9.6216,800.5131,2347.3445,406.6709,881.3342,5032.7133,440.6671,276.4593,2463.7588,2297.6267,858.8839,49.3906,1132.136,1195.6382,5803.0789,1075.0481,677.3573,4470.1732,2115.4586,261.0648,194.9968,1178.3194,1836.4336,1918.5375,458.6273,968.5696,513.7909,657.4727,1500.9622,593.3291,1.2829,1827.4535,469.5318,118.6658,1154.5863,1447.7229,89.8012,368.8262,31324.567,1183.4509,1002.5657,16366.7928,724.8236,2165.4907,103.9128,121.873,261.0648,70.5581,1310.4554,1695.9589,317.5112,1005.7729,270.6863,180.2437,2861.4496,4038.4862,917.2547,1110.3271,176.3951,3335.4715,32.7133,334.1886,139.8332,1366.9019,336.0744,168.0564,1281.5908,87.8768,655.5484,1316.8698,110.3271,300.8339,83.3868,3322.0013,965.3624,983.9641,1438.7428,1449.6472,2268.762,718.4092,3559.9743,1103.2713,483.0019,365.619,1987.1713,172.6106,1150.0962,135.9846,11.5459,1755.6126,1105.1956,3.2072,97.4984,12.8287,347.0173,101.347,4559.9743,880.6928,5796.0231,5067.3509,1760.1026,1719.6921,4754.9711,1227.7101,1931.3663,1717.7678,169.9808,1445.1572,1858.2425,5380.372,761.3855,1754.9711,1224.5029,3504.1693,923.1879,1998.7171,2618.9865,337.3958,1566.3887,355.9974,243.746,2395.1251,481.7191,3756.254,1738.2938,203.9769,521.4881,223.8614,2047.4663,617.0622,323.9256,137.9089,35.9205,273.2521,579.8589,1296.3438,1343.1687,878.7684,791.533,1534.3169,531.7511,45.542,823.6049,189.3457,9007.0558,391.2765,353.9192,1252.0847,3855.6767,2725.465,17.3188,590.7633,683.1302,716.4849,579.2174,747.2739,7955.7409,157.7935,46.8249,1091.7255,128.9288,1191.1482,661.9628,300.1924,7.6972,1470.8146,1.2829,2229.6344,1966.0038,2005.7729,672.8865,14923.0276,851.8281,646.5683,3691.4689,221.9371,2044.9006,2840.2822,5071.1995,586.9147,828.0949,119.3072,5387.4278,3186.6581,1016.0359,18.6017,324.567,183.4509,48.839,128.2874,1191.1482,196.9211,4799.8717,100.7056,912.1232,169.3393,3.8486,82299.551,11389.3521,347.6588,292.4952,369.4676,454.7787,626.6838,0,274.535,2439.3842,1130.8531,660.0385,2314.304,1910.1988,17957.0237,109.6857,217.4471,0.6414,699.8076,1.9243,571.5202,429.7627,669.66,205.9012,5.1315,8046.8249,75073.7652,99.4227,0.6414,6434.2527,12.1873,964.2078,342.5273,564.4644,58.1783,1872.9506,572.1616
TCGA-50-6595-01,3.533333333,3196.1415,3687.4598,7.074,234.0836,623.1511,15.4341,2169.7749,1663.0225,704.1801,1282.9582,727.9743,1282.9582,160.7717,702.8939,109.9678,557.5563,217.3633,955.627,835.3698,1273.3119,9108.6817,825.7235,177.492,1596.7846,1976.2058,8299.0161,1819.2926,669.4534,5908.6367,1903.537,2682.3151,378.7781,295.1768,227.6527,211.5756,18.0064,0.6431,96.463,535.6913,20511.8971,3.2154,681.0289,1872.0257,1558.8424,4429.582,780.7074,543.4084,2232.7974,524.7588,142.7653,1638.7653,991.6399,1851.8006,544.6945,799.3569,900.9646,8257.2347,603.8585,12.8617,738.9068,1647.5884,2486.8167,1676.5273,1483.6013,2367.1383,1933.7621,2475.8842,10390.3537,2639.8714,2.5723,1044.373,2210.3666,715.1125,688.1029,7560.1286,890.0322,164.6302,2390.9968,2589.7106,1603.8585,63.0225,329.2605,1124.1158,3771.7042,1647.5884,1367.6013,2941.4791,1459.8071,236.0129,146.6238,1084.2444,1943.4084,903.537,388.4244,1908.6817,1854.0193,495.1768,1466.2379,421.865,6.4309,2350.4823,446.9453,127.3312,603.8585,2235.3698,134.4051,126.6881,33749.1961,771.0611,1488.746,10661.7363,855.9486,2197.4277,167.2026,508.0386,105.4662,66.2379,1353.0547,4039.8714,2708.6817,986.4952,352.4116,241.8006,1686.8167,208.3601,1348.5531,1088.746,223.7942,1758.8424,10.9325,500.3215,20.5788,1398.0707,348.7717,274.5981,1563.3441,9.6463,444.373,1707.3955,129.2605,265.5949,142.1222,2543.4084,1447.5884,2417.3633,1381.9936,1461.0932,2036.6559,662.3794,2730.5466,1493.2476,377.492,769.7749,1438.5852,116.0514,2078.4566,86.8167,11.5756,2387.1383,816.7203,3.8585,26.3666,24.4373,437.9421,648.2315,9504.8232,1641.8006,5061.7363,3516.3987,1499.0354,1541.4791,2738.2637,1207.074,1439.2283,1592.926,130.5466,1569.7749,1489.3891,5154.9839,607.717,1181.3505,221.865,6337.6206,687.6785,1493.2476,3699.0354,603.8585,1423.7942,1124.1158,509.9678,10770.418,367.8457,1895.8199,2914.4695,145.3376,1103.537,475.8842,1902.2508,536.3344,497.1061,172.3473,145.9807,286.8167,736.3344,1262.3794,2873.955,1295.8199,1467.5241,1547.91,562.0579,448.2315,663.6656,79.0804,8760.7717,333.119,330.1029,1985.209,2609.6463,1787.1383,53.3762,492.6045,712.5402,717.0418,470.0965,252.09,14715.7556,247.5884,82.3151,1251.4469,27.0096,664.9518,1598.7138,312.5402,8.3601,724.7588,0,8130.5466,4289.3891,1539.5498,1163.7685,3053.3762,427.6527,783.2797,3316.3987,504.1801,1859.8071,2673.955,1825.7235,1250.8039,1246.3023,95.8199,6118.328,4291.3183,1549.1961,13.5048,278.4566,153.6977,76.5273,201.2862,1140.1929,389.0675,6947.2669,103.537,531.8328,18.6495,54.6624,46095.1768,9777.492,315.1125,221.2669,115.1125,183.9228,1017.9936,0,567.8457,2760.7717,1231.5113,916.3987,1617.3633,4612.2186,9983.9228,372.3473,205.7878,0,921.5434,0.6431,7.074,303.537,656.5916,58.5209,0.6431,12257.8778,5562.0579,107.3955,0,5077.8135,19.9357,394.2637,502.8939,472.6688,51.4469,560.7653,329.9035
TCGA-50-6597-01,2,1835.0613,4388.3129,0.9425,126.2959,326.1074,0,1006.5975,457.1159,557.0217,1161.1687,1186.6164,2052.7804,281.8096,705.9378,58.4354,173.4213,16.9651,906.6918,396.7955,475.0236,13767.2008,808.6711,20015.0801,697.4552,1515.5514,2492.9312,1242.2243,405.278,992.4599,836.9463,6793.591,55.6079,414.7031,165.8812,2146.0886,15.0801,29.2177,821.8662,48.0679,61229.0292,32.9877,881.2441,3586.2394,4934.967,2363.8077,218.6616,677.6626,2717.2479,207.3516,310.0848,1256.6918,670.1225,935.1178,464.656,705.9378,1018.8501,14550.4241,316.6824,18.8501,434.4958,737.983,1348.7276,1238.4543,1788.8784,1167.7663,340.2451,2277.0971,14065.9755,1131.951,49.9529,406.2205,509.0198,105.5608,356.2677,6137.606,261.0745,189.4439,1031.1027,1034.8728,238.4543,18.8501,1359.0952,901.0368,2459.9434,1036.7578,589.0669,2807.7286,1085.7681,874.6466,498.5862,1855.7964,1720.0754,598.492,103.6758,527.804,2977.3798,415.6456,3580.5844,173.4213,0,1208.2941,195.099,0.9425,257.3044,1724.7879,20.7352,172.4788,29636.1923,2426.0132,1297.8322,7779.5947,911.4043,5733.2705,115.9284,8.4826,1768.1433,311.0273,858.6239,7413.7606,134.7785,641.8473,364.7502,85.7681,1053.7229,3021.6777,874.6466,1710.6503,8.4826,15521.2064,0.9425,161.1687,70.688,1442.9783,154.3544,383.6004,603.2045,432.6107,616.3996,825.6362,19.7926,422.2432,308.1998,4824.6937,896.3242,163.9962,1285.5796,1392.0829,2004.7125,529.689,1372.2903,18593.7795,540.9991,240.3393,1153.6287,349.6701,90.4807,152.6861,0.9425,1327.9925,423.1857,1.885,32.9877,3.77,157.3987,44.2978,1066.918,876.5316,6860.509,4718.1904,1468.426,1833.1762,3560.7917,2742.6956,1756.8332,2856.7389,529.689,1161.1687,1354.3827,6230.9142,288.4072,3012.2526,718.1904,1643.7323,1556.0132,1214.8916,2004.7125,84.8256,1247.8794,186.6164,199.8115,886.8992,166.8238,1902.9218,3147.0311,10.3676,611.6871,137.606,1539.114,176.2488,302.5448,59.3779,2.8275,130.066,229.0292,1865.2215,241.2818,831.2912,361.9227,934.967,176.2488,41.4703,677.6626,37.7097,6263.902,136.6635,258.7936,554.1942,2442.9783,1318.5674,266.7295,607.9171,841.6588,215.8341,191.3289,590.0094,15311.0273,29.2177,76.3431,1183.7889,14.1376,576.8143,94.2507,44.2978,10.3676,3370.4053,60.3205,4182.8464,2439.2083,1206.409,805.9189,1926.4844,3957.5872,590.0094,4579.6418,110.2733,1587.1819,2912.3468,752.1206,400.5655,393.968,19.7926,1473.1385,1599.4345,716.3054,4.7125,276.1546,119.4533,52.7804,55.6079,540.0566,43.3553,1196.0415,13.1951,1175.3063,190.3864,55.6079,233893.4967,7957.5872,60.3205,271.0273,311.9698,91.4232,408.1056,0,251.6494,1325.1649,1346.8426,1431.6682,490.1037,842.6013,27856.7389,89.5382,357.2102,1.885,931.197,0,381.7154,217.7191,139.491,34.8728,30.1602,14838.8313,75552.3091,52.7804,0.9425,4887.8417,2.8275,272.3845,109.3308,387.3704,8.4826,854.8539,316.6824
TCGA-50-6673-01,1.866666667,1281.548,3071.7891,2.2434,198.5418,928.2109,21.3124,3068.424,1288.2782,832.3051,2667.4145,1111.6096,1426.2479,402.6921,926.5283,172.1817,208.0763,146.3825,89.1755,653.954,1003.926,16711.7218,148.6259,1146.3825,1835.1094,2895.1206,31503.5726,1358.9456,667.4145,8605.687,3040.9422,6289.3999,201.9069,428.4913,835.6702,1314.0774,21.3124,43.7465,52.7201,620.3029,17164.3298,130.1178,206.3937,2389.7925,1920.9198,4900.7291,246.2142,378.0146,3448.682,789.6803,156.4778,2369.4335,2026.3601,1288.2501,914.1896,978.1268,713.9652,2830.6225,586.0909,21.3124,836.7919,1226.0236,1662.3668,2056.0852,962.9837,6280.4431,1172.7426,5270.8918,7794.1671,2094.7841,61.6938,1244.5317,2163.0959,497.4762,1273.696,6988.2221,823.3315,550.1963,1504.2064,5029.1643,1681.9966,61.1329,924.2849,1606.8424,4352.2154,2384.184,1330.6506,5148.0651,1877.1733,199.6635,95.3449,927.65,2518.2277,1048.2333,410.544,1050.4767,1595.6254,530.0056,1659.5625,756.0292,14.0213,1939.9888,512.6192,83.0062,1100.3926,1686.4835,39.8205,158.1604,25968.0314,1042.6248,1351.6545,4174.986,497.4762,2968.5923,77.9585,26.9209,604.0381,67.3023,1609.6467,2150.3085,264.7224,1477.2855,176.1077,316.3208,1185.6422,324.7336,1309.0297,969.1531,151.4302,9836.7919,24.1167,449.8037,763.3202,1549.6354,204.0437,229.3887,1400.4487,719.0129,535.0533,1611.3292,178.9119,329.7813,346.046,5452.608,1740.3253,1327.5379,1508.6932,1736.3993,2153.1127,745.9338,5137.4089,1237.2406,366.2367,440.8301,1698.2614,157.4369,1578.2389,235.558,17.3864,1179.4728,710.6001,1.6826,177.2294,2.8043,237.8015,64.498,5697.1397,1549.6354,6596.1862,5870.9815,1499.7196,1163.2081,1756.0292,1604.0381,2388.6708,1406.0572,149.1868,1471.1161,2826.1357,9084.6887,554.1223,1044.8682,1436.3432,3418.396,523.2473,2132.3612,2210.8805,683.1183,1336.5115,386.4274,163.2081,1064.498,748.1772,3249.5794,3458.2165,203.5895,337.6332,135.7263,2006.1694,731.9069,222.0976,151.4302,97.5883,320.2468,334.8289,976.4442,1753.7858,1517.106,607.9641,1918.6764,342.6809,74.0325,1227.7061,151.6882,13283.2305,343.8026,374.6158,1354.4588,3015.7039,1793.0454,20.1907,1178.3511,1227.1453,692.6528,649.4672,626.4722,12757.1509,88.0538,28.6035,835.1094,159.2821,768.9288,4477.8463,263.6007,17.9473,6260.7964,129.7532,4846.3264,2369.0409,1482.3331,1138.4128,7457.6556,1663.4885,1189.0073,3352.7762,152.5519,1397.0836,3852.4958,1916.9938,764.442,1121.705,44.3073,6121.705,3669.097,1187.3247,108.8054,180.0337,136.848,51.5984,79.6411,5501.963,296.1301,5457.6556,20.1907,5181.7162,61.6938,6.7302,43251.2619,12618.0595,268.0875,150.3814,344.3634,314.6383,491.8676,0,415.0308,1978.1268,2668.5362,572.6304,2013.4605,2623.1071,14754.9075,383.0623,210.3197,0,790.2412,0.5609,342.6809,427.9305,724.0606,93.6624,42.6248,10344.9243,40542.9052,178.3511,2.2434,18111.0488,90.2973,490.2804,228.267,700.5048,66.1806,632.608,694.8962
TCGA-50-7109-01,7.533333333,2006.3186,4906.5716,2.4408,172.0748,680.3665,42.7136,2957.6113,1674.3729,558.3277,1349.7496,1066.0093,1327.1724,324.6233,1504.7389,301.4359,333.166,261.7733,643.1447,924.4442,853.6617,8867.9524,44.5442,410.0505,1806.1749,3207.1808,12378.9855,2027.6754,685.8583,345.9801,2351.0783,6304.5266,818.8806,462.5272,411.2709,238.5859,12.2039,0,72.6131,399.6772,56875.5921,8.5427,630.9408,2195.4788,3979.6866,2249.1759,245.9083,419.8136,1778.7161,413.1015,9534.8947,2805.795,1774.4448,1121.2563,754.8102,868.9166,1070.2806,328.2845,629.7204,6.7121,750.5389,1178.8952,993.3962,3859.4784,892.7141,3072.8831,1049.534,3013.7492,6505.2805,2326.6705,20.1364,1407.1078,1266.0065,430.1869,742.6064,5920.1042,697.452,228.2126,1681.085,3825.3075,1134.9612,3381.0861,326.4539,2428.573,7173.4431,2434.6749,1365.0044,3029.6143,1302.1544,130.5816,130.5816,1139.8428,2877.0657,804.8462,759.0816,1010.4816,1951.4011,712.7068,1055.0258,1704.2724,43.934,2135.6797,705.3845,35.3913,1127.6389,2081.3724,55.5277,171.4646,38329.3493,597.9903,1743.3249,7985.6116,1737.2229,1488.2637,175.7359,24.4078,767.0141,185.499,1554.1647,2088.0846,479.0025,1942.2482,460.0864,598.6005,814.6093,274.5874,1640.202,1161.1996,100.682,5118.9192,53.6971,291.0626,235.535,1535.2486,335.082,128.751,4373.8721,6.7121,320.352,1728.6802,75.6641,489.3758,515.6141,3229.758,1765.2918,1241.135,1483.9923,2000.8268,1773.2244,623.6185,2794.6895,2773.9429,1137.402,152.5486,1141.0632,116.2176,463.7476,3826.5279,576.6335,1883.6695,2608.5802,4.8816,29.2893,2.4408,364.8961,79.9354,3356.0682,1139.8428,8420.6801,10920.6458,4196.3056,749.3185,4391.5677,961.0559,2553.6628,1808.6156,2894.1511,1509.0103,1389.4122,7850.1485,377.1,1339.3763,1966.0457,2263.2103,682.0446,1679.2545,3364.6109,411.2709,842.068,986.684,161.7015,620.5675,345.9801,1776.2753,7385.7907,174.5155,194.0418,190.9908,1467.5171,654.1282,405.7791,2388.3001,6.7121,324.0131,198.9233,735.8942,2274.1938,1457.1438,720.0292,1233.2025,191.601,372.2185,2154.5958,26.9035,9267.6297,543.683,283.1057,1960.554,3133.3473,1496.8064,82.9864,898.2059,792.6423,463.1374,995.2268,326.4539,6250.8295,101.9024,67.7316,1070.2806,59.799,998.2777,1033.669,120.2083,2.4408,1171.5729,0.6102,2075.2705,2003.2676,3588.5521,590.5154,967.1578,832.9151,773.7263,3695.9463,293.5034,1701.2215,2140.5613,2597.5968,799.9646,217.2291,954.9539,3682.5221,4614.8988,1738.4433,68.3418,252.0102,144.0058,134.8529,113.4961,1120.3166,218.4495,5172.0061,175.7359,2668.3793,64.6806,10.9835,35691.4797,8257.7582,529.6486,153.7201,145.2262,362.4554,686.3892,0,759.6918,2058.1851,7910.5577,358.7942,1743.9351,2241.2433,8303.5228,160.4811,254.451,0,911.02,3.6612,17.6956,182.4481,313.6398,31.1199,0,4467.842,8316.9471,79.9354,1.2204,3385.9677,7.3223,397.8466,516.8345,266.6549,21.3568,341.0986,134.8529
TCGA-53-7626-01,10.86666667,2652.472,3817.6589,2.5609,287.6689,892.8832,33.2911,3573.5245,1324.2442,1177.1376,2536.3801,837.3981,1407.3296,555.7045,1094.0522,210.8434,305.8794,158.4882,1076.6953,994.179,1332.4958,10367.7452,387.8266,606.0679,2037.8679,3940.2952,11427.3398,1202.7461,690.2915,2181.5117,3776.9698,9718.4274,170.7234,533.5105,537.7786,1172.0159,33.0065,0,140.5622,672.65,18142.2026,13.3733,293.0751,3926.0682,1567.2405,5379.4931,496.2359,723.0134,2474.9197,794.7173,921.6216,4739.0842,1898.4438,1053.8753,855.8931,1872.2662,660.9839,6039.0544,500.7885,15.3651,705.372,1349.5682,1513.4626,2784.2135,936.9867,4502.3649,2097.621,7696.7782,4305.3587,2057.2165,103.2876,1322.537,1245.8224,441.889,1688.1695,5796.9118,1607.9295,1110.2709,1843.5278,2576.5001,1320.5452,23.0477,1048.2414,1622.1565,5602.0026,1386.5582,1372.7382,6350.34,1478.7489,271.7347,190.6411,1263.3529,3150.9842,974.5459,1493.5449,4099.3525,1542.7701,678.3408,1528.8277,659.8458,2.5609,2248.4267,1000.1544,127.4734,2091.9303,2234.7688,79.6709,490.8297,23261.3426,1152.3827,1358.1043,7455.1506,899.9967,2172.7393,66.5821,89.3452,1154.3745,258.9304,1925.1904,2066.6063,558.2654,1894.1757,292.506,241.289,3550.1923,741.793,1546.4691,5567.0043,290.5143,6233.1099,38.1282,618.5876,333.4796,1635.5298,313.2404,300.4731,873.5345,669.2356,607.4906,1287.5387,301.8958,1242.297,375.3069,13713.0695,2148.838,1628.7009,1494.683,2133.4729,2588.1662,585.8657,3579.7844,1858.3238,588.4265,379.0059,2410.0448,125.8146,2480.895,265.4748,145.3994,1059.3385,1061.3302,36.9901,556.5582,22.194,361.9335,196.0473,2539.2255,1104.5802,9966.8299,4186.1226,1661.7074,1794.3025,2220.8264,1173.4386,1873.9734,1353.5517,647.3261,3031.4778,1536.7948,9173.5353,844.227,2043.8432,2429.3934,5640.4153,1239.5199,1608.2141,3721.2002,376.7296,1276.1571,192.9174,91.9061,1827.3091,752.6055,3507.5115,5172.0643,195.1937,1173.4386,128.0425,2173.5929,938.1078,302.7494,173.8533,13.9424,336.325,853.9013,929.0196,1201.8925,1774.6693,1055.924,1323.9597,383.2739,141.7004,902.842,473.4956,18538.5653,393.8019,349.0411,1172.3004,8337.2754,2404.0695,114.3847,955.4817,491.1142,678.6254,522.4135,203.4453,5402.5408,74.2647,72.5574,1008.6905,463.7985,1522.2833,472.0501,405.1834,0.5691,2054.6557,0.2845,3496.1299,3257.9708,2269.4826,1572.4077,10588.5475,1171.7313,1123.6443,3482.472,276.5718,2866.4452,1656.8702,2442.4822,942.1084,453.2705,192.9174,4666.4386,5212.7533,1611.344,23.9013,205.7217,212.5506,91.9488,68.0048,6840.8851,881.5016,2547.7616,46.6644,9994.7147,359.3727,18.495,134481.9222,8674.1695,457.2541,211.6088,157.6346,588.7111,511.0319,0,451.2788,3614.4981,2142.5782,709.9246,2569.9557,3977.0007,14688.1844,336.325,310.7165,1.7072,1367.7787,10.2434,58.615,620.2949,1277.5798,165.6017,171.2924,15006.0144,51691.0505,53.2088,4.4843,5078.7355,10.2434,536.373,281.9781,450.1406,55.2006,3004.9787,266.613
TCGA-53-7813-01,4.833333333,1426.5159,2644.3988,0,227.1326,761.5622,11.3052,3279.5478,2966.0843,1160.3289,2137.7184,499.4861,671.1202,680.37,1187.0504,159.3011,235.3546,126.4132,252.8263,959.9178,1459.4039,8904.4193,31.8602,190.1336,838.6434,1585.8171,9574.4707,1430.6269,1390.5447,383.3505,1383.3505,2868.4481,748.2014,1308.3248,187.0504,321.6855,11.3052,0,41.11,57.554,49690.6475,100.7194,487.1531,3734.8407,3048.3042,2116.1357,204.5221,575.5396,1819.1161,667.0092,5019.5272,2254.666,2160.3289,860.4008,848.9209,1094.5529,929.0853,983.556,342.2405,27.7492,1070.9147,1446.0432,960.9455,2289.8253,664.9538,2797.5334,391.5725,1830.4214,13171.6341,1576.5673,8.222,914.6968,316.2179,321.6855,920.8633,4373.073,879.7533,119.2189,1611.5108,3329.9075,866.3926,938.335,697.8417,1464.5427,8287.7698,2728.6742,2190.1336,1977.3895,1341.2127,125.3854,94.5529,1367.9342,2437.8212,232.2713,1389.517,647.482,1499.4861,1205.5498,2525.1799,626.927,7.1942,1330.9353,788.2837,44.1932,1554.9846,790.3392,54.4707,233.2991,50283.6588,598.1501,1364.851,3135.6629,1108.9414,1165.4676,106.8859,26.7215,1573.4841,85.3032,1178.8284,2959.9178,545.7348,1360.74,184.9949,405.9609,198.3556,3023.6382,1372.0452,880.7811,36.999,10014.3885,35.9712,125.3854,115.1079,2414.1829,259.2703,156.2179,522.0966,67.8314,527.2354,1558.0678,9.2497,384.3782,1524.1521,2201.4388,1536.4851,358.6845,718.3967,2141.8294,774.9229,526.2076,2304.2138,2982.5283,2767.7287,117.1634,1347.3792,110.2775,573.4841,2648.5098,1244.6043,3471.7369,899.2806,2.0555,11.3052,7.1942,298.0473,33.9157,1150.0514,739.9794,7011.3052,10152.1069,1738.9517,575.5396,1581.7061,1326.8243,2545.7348,1727.6465,2036.999,1304.2138,1625.8993,8466.5982,354.5735,1099.6917,3054.4707,1022.6105,377.8726,792.3947,3587.8726,580.6783,892.0863,623.8438,268.2425,241.5211,439.8767,2017.4717,14095.5807,92.4974,275.4368,260.0206,1735.8684,230.2158,578.6228,1003.0832,49.332,157.2456,199.3834,2295.9918,745.1182,1436.7934,493.3196,1174.7174,167.5231,326.8243,734.8407,55.6423,10982.5283,600.2055,376.7934,1417.2662,5589.9281,2584.7893,21.5827,779.0339,568.3453,214.7996,938.335,38.0267,8385.406,143.8849,87.3587,1001.0277,16.444,1256.9373,2699.8972,45.221,2.0555,2997.9445,2.0555,1660.8428,956.8345,1337.1017,638.5817,2008.222,3179.8561,2152.1069,4434.7379,387.4615,1366.9065,4238.4378,2717.369,305.2415,158.2734,83.2477,2158.2734,5780.0617,1339.1572,7.1942,276.4645,103.8027,201.5211,102.7749,729.702,40.0822,7324.7688,62.6927,6966.0843,55.4985,5.1387,45391.5725,12615.6218,402.8777,309.63,44.1932,477.9034,654.6763,0,1315.519,1167.5231,1975.334,274.409,1787.2559,1165.4676,7032.888,495.3751,220.9661,0,1065.776,1.0277,9.2497,342.2405,726.6187,21.5827,0,7098.6639,22745.1182,24.666,0,3420.3494,8.222,550.8736,624.8715,231.2436,389.517,386.4337,50.3597
TCGA-55-1592-01,16.93333333,1438.771,3499.4939,27.3356,113.9433,580.2718,59.5428,4339.5889,1551.0904,1462.5882,899.3672,1038.7515,1434.9819,244.6669,1180.0304,167.5318,359.6928,131.5355,90.9381,1107.4964,1380.0402,11929.1332,5.413,704.4998,1269.6153,2659.3988,9765.2687,1751.6415,849.8384,137.2191,3346.8477,15733.6487,339.1234,431.6854,1036.857,506.114,3.2478,0,40.0561,370.7894,22028.1367,42.2213,297.7141,9300.5884,2253.4251,3900.596,195.6794,441.6995,1545.6775,434.6626,310.9759,2028.7023,3826.1674,1257.0085,748.0743,751.8634,1216.8387,2018.7722,658.4895,17.8628,778.9283,1691.828,1653.6665,2014.7125,936.9875,2554.211,533.9908,5240.8507,4935.5584,2885.6615,1.6239,1596.5595,1168.3952,458.4797,1268.5327,4622.9586,310.9759,322.8845,1034.4212,2369.8042,1149.9884,17.0509,845.7787,1537.8286,6694.2368,1270.6979,1293.6246,840.6364,1762.4675,465.2459,101.7641,1366.5077,3136.5533,639.2734,699.8988,997.6129,1139.1624,889.3532,1093.964,858.4992,3.7891,1605.4909,494.2054,176.7339,1783.5781,1280.9826,65.2265,311.5172,34112.0812,987.5989,963.2404,2339.8704,413.8226,1457.1752,135.3246,59.2722,280.3925,43.0332,2845.6055,2382.5247,913.9823,1053.9079,335.3343,359.6928,2081.8335,1707.7963,1239.3026,794.3553,86.3371,5607.039,64.1439,296.3609,50.6114,1013.8518,451.4374,258.47,631.6952,148.3158,1384.0999,1421.7201,98.2457,389.4642,286.6175,5335.8486,1644.4644,4296.8264,1130.7723,2288.0682,1199.7878,719.9268,4758.8245,1355.1404,1012.2279,398.9369,1804.6887,263.1901,518.0225,758.6296,56.8363,1724.0353,1654.7491,3.2478,27.0649,8.6608,447.1124,76.5937,1437.6884,1259.8719,7082.889,5240.5773,2334.0785,2371.1575,2254.5077,1641.7579,2555.7402,2728.685,2090.7649,1692.0987,1656.9143,6970.0283,516.128,1067.4404,1549.4666,3903.0318,2056.9825,2071.0075,4071.6463,185.6653,1076.9131,282.0164,150.2103,680.9533,1236.3255,3219.6426,1922.4211,194.3261,218.6845,312.5998,2047.1904,705.3091,375.3904,77.135,6.2249,402.4553,186.7479,1191.3977,920.4779,1252.5644,369.7068,1419.0136,357.2569,293.3837,299.8793,206.0317,9645.6661,508.5498,367.4875,1408.729,3676.2278,1803.0648,15.1564,675.2697,577.836,449.5483,561.8677,565.1155,6051.7156,140.4669,107.4477,913.1703,185.6653,1009.7921,277.1448,142.9028,4.8717,916.1475,16.8425,4377.7505,2267.2282,2207.1441,1289.1183,2784.4388,207.3173,574.8589,3855.1269,469.035,1757.8664,3877.3201,1468.2718,696.9216,376.2024,139.655,2522.721,4672.7581,2163.5695,15.1564,233.5702,207.8586,208.7896,171.3209,4822.6977,295.5489,4077.3299,139.655,4891.9839,237.0887,4.601,56132.3691,9255.9313,503.1368,323.4664,122.3334,370.7894,164.5547,1.0826,820.6083,1815.5147,2319.7341,550.2298,1553.7969,3511.4024,12730.2548,585.6848,281.7458,4.8717,884.2109,10.5553,41.68,880.1511,1644.4644,195.1381,12.4499,11677.1588,45952.4415,253.057,8.6608,6273.9186,104.4706,1018.4826,492.5815,407.0564,71.9927,846.0304,271.1905
TCGA-55-1594-01,6.5,1382.0755,3320.3616,3.5377,185.5346,578.2233,23.1918,2764.1509,3231.9182,1282.6258,1574.6855,1301.1006,1373.4277,350.2358,1174.9214,162.7358,541.6667,149.7642,456.761,817.6101,1136.0063,14663.522,244.8899,818.7893,1456.761,2535.3774,12927.6651,1063.6792,2334.1195,19291.3286,1922.1698,13515.3302,341.9811,354.5597,154.8742,141.9025,12.1855,4.717,21.2264,386.3994,169276.3365,282.6258,397.4057,2841.195,4237.0283,2376.1792,134.434,397.7987,2804.2453,683.1761,2110.8491,3365.7704,1829.7956,1845.3695,528.3019,1133.6478,1481.5252,153.3019,758.6478,14.544,1483.8836,1834.5126,851.4151,4063.2862,1282.6258,1663.0149,318.0031,3031.4465,6629.717,3407.2327,23.5849,1227.5943,664.3042,764.9371,492.9245,6765.7233,421.3836,170.9906,755.5031,4336.8711,1799.1352,389.1509,559.3553,1194.5755,8632.8616,1048.7421,1193.5692,2707.9403,2119.4969,727.2013,140.7233,1826.2579,2946.1478,555.8176,357.3113,556.9969,325.0786,571.934,1123.4277,694.5755,2.3585,3601.022,1023.1918,187.8931,863.9937,1120.283,128.1447,247.6415,44058.1761,1415.4874,1154.8742,2234.9489,296.3836,1643.8679,121.4623,73.5063,696.934,169.4182,2548.3491,6288.9151,1012.5786,1601.4151,199.6855,902.5157,1099.8428,1968.5535,1207.5472,948.8994,72.7201,4113.2075,5.8962,196.934,22.0126,1386.3994,532.7673,246.8553,777.9088,282.6258,859.2767,2210.2987,51.1006,368.7107,513.7579,1520.8333,2671.3836,577.044,1552.2799,1687.5,1329.7956,664.3082,4510.2201,2059.3553,641.5094,195.3616,1795.5975,236.419,1804.2453,1464.6226,22.0126,3847.0912,1142.6887,0.3931,22.0126,2.7516,288.1289,100.6289,1167.4528,467.7673,6400.9434,6334.9017,1491.3522,951.2579,1986.2421,1479.9528,2181.6038,2294.0252,1492.9245,1253.5377,3318.7893,6880.1101,604.1667,1901.7296,1783.4119,2023.1918,439.8585,1584.9057,4018.8679,182.783,1744.4969,1437.8931,367.5314,755.5031,692.6101,3974.0566,3068.7893,179.2453,188.6792,367.1384,2172.1698,562.5,527.9088,17.6887,415.4874,337.2642,137.9717,1185.5346,1385.2201,1982.7044,257.0755,3127.7516,329.7956,325.8648,974.4497,162.0637,5378.9308,626.1792,283.8954,1080.5818,1147.7987,2061.7138,50.7075,720.9119,712.6572,570.7547,1109.6698,190.2516,4636.0063,342.3742,33.4119,1284.1981,85.2987,1323.1132,18.8679,38.9151,5.5031,1618.7107,0,3176.1006,831.761,2182.3899,1098.577,3928.4591,1393.8679,1836.478,4424.9214,354.1667,1727.9874,6215.4088,1352.9874,1544.0252,246.0692,67.217,2568.0031,6858.4906,1394.261,5.5031,496.8553,283.4119,160.3813,258.2547,950.0786,82.9403,3897.7987,55.8176,4279.4811,60.9277,3.9308,26301.1006,6098.6635,523.1918,258.8443,33.0189,316.8239,430.8176,8.6478,1062.1069,1369.1038,2027.9088,619.1038,2158.4119,1082.1541,9687.8931,48.7421,163.522,1.5723,429.2453,1.5723,599.8428,475.6289,395.8333,142.6887,3.5377,8245.283,10101.4151,126.9654,1.6863,12694.1824,18.0818,610.8491,451.2579,401.7296,61.3208,441.4308,751.9654
TCGA-55-1596-01,5.633333333,1057.4304,2988.1587,5.3286,169.923,285.968,2.9603,2116.045,1040.8526,1491.415,674.3635,1164.5944,1260.5092,71.048,625.8141,185.3168,1755.4766,194.1978,63.3511,570.7519,1321.492,13870.9295,425.6957,87.6258,912.9663,1558.9106,8716.9864,1499.1119,1219.6566,27.8271,1976.9094,26116.045,633.511,184.7247,40.8526,30.1954,4.1445,1.7762,30.1954,436.3529,19283.5998,465.9562,199.5263,20596.2108,3145.0562,2236.2345,110.7164,438.7211,1928.36,641.2078,5465.3641,1353.9136,986.9745,1660.4914,285.376,715.8082,671.4032,1809.3546,851.3914,8.2889,1027.2351,1496.1516,1111.9005,1381.2907,1092.9544,3152.6347,335.7016,1461.2197,5558.3185,2558.9106,1.7762,622.8538,684.8905,353.4636,724.0971,3794.553,180.5802,206.0391,1593.8425,2171.1072,769.0941,20.7223,2300.1776,809.9467,5020.7223,1064.5352,852.7827,439.3132,2133.807,1181.1723,94.7306,987.5666,1891.0598,641.2078,417.4067,941.3854,921.2552,363.5287,1435.7608,505.6246,0,1540.5565,749.556,99.4671,1177.0278,1287.7442,117.8212,85.8496,34930.1362,2550.0296,921.2552,3429.5145,246.8917,1434.5767,184.1326,20.7223,272.9426,69.8638,3946.714,4739.4908,534.0438,1273.5346,267.0219,828.3008,682.6525,119.5974,1342.8064,711.6637,33.7478,2991.7111,6.5127,171.1072,15.9858,1129.6625,763.5938,147.4245,274.7188,583.7774,860.8644,1907.0456,33.7478,184.7247,83.4813,2257.5488,1178.804,1030.1954,1937.241,1486.6785,1898.1646,600.9473,3746.0036,1779.1593,557.7265,747.7798,1210.1835,416.4772,655.4174,111.3085,425.6957,2509.177,536.4121,4.7365,10.6572,2.3683,485.4944,59.2066,1809.9467,461.8117,4249.852,7015.9858,1754.2925,2473.653,2132.0308,1543.5169,2407.9337,3859.6803,1493.7833,921.2552,3342.8064,19361.7525,416.2226,258.733,1282.4156,3407.9337,696.2049,997.0397,4093.5465,91.7703,2105.3878,880.4026,746.0036,374.778,452.9307,2113.0847,4246.2996,243.3393,275.3108,766.1338,2182.9485,547.0693,934.8727,17.1699,8.2889,278.2712,127.2943,2489.6388,674.3635,1476.6134,473.061,725.8733,293.0728,975.7253,989.3428,88.3008,5881.5867,999.4079,234.4227,2272.3505,1711.6637,3795.7371,29.6033,1629.3665,772.0545,593.8425,991.119,616.9331,6169.923,369.4494,123.1498,1270.5743,67.4956,272.9426,1657.7857,118.4133,58.6146,1225.5773,19.2718,4026.0509,759.6211,802.8419,533.1676,2151.569,1222.6169,374.1859,4669.627,521.0184,1468.9165,4000.5921,2687.389,271.1664,541.1486,116.045,2108.3481,3873.2978,1402.6051,48.5494,240.971,227.3535,197.7501,316.1634,693.3097,139.7276,6051.5098,138.5435,896.9805,17.762,4.1445,22559.5027,5203.0787,543.5169,224.1326,49.1415,144.4642,409.1178,7.1048,809.3546,940.2013,1905.8615,424.5115,1114.2688,2317.9396,9191.8295,69.2718,167.5548,0,595.0266,3.5524,76.9686,375.9621,709.8875,40.8526,0,4427.4719,32629.9586,116.045,0,9182.3564,127.2943,466.6193,793.9609,453.5228,21.9065,401.421,150.9769
TCGA-55-6543-01,0.666666667,2098.6622,5410.2564,22.854,267.5585,1118.1717,218.5061,2585.2843,1619.2865,1096.4326,2668.3389,783.7235,1671.126,146.0424,662.7648,143.2553,160.5351,59.0858,226.3099,845.5964,848.3835,8425.3066,93.0881,482.1628,1906.9119,1984.9498,20027.2241,1214.0468,346.1538,1549.0468,2102.0067,5633.7793,142.6979,350.6132,1455.4069,289.8551,3.9019,0,25.0836,710.7023,24904.1249,13.3779,554.0691,2926.9788,1714.6042,4298.7737,472.1293,260.8696,2403.01,600.8919,561.8729,2664.699,901.8952,1839.4036,892.4192,1317.7258,1096.99,6559.6433,833.8907,12.8205,395.2062,1114.8272,1705.6856,1784.2809,1177.8149,2825.3512,911.3712,4706.8004,10646.0424,1144.3701,1.1148,1416.9454,715.8417,345.5964,1823.8573,4378.4838,248.0491,298.7737,1474.9164,2467.1126,595.8751,315.4961,472.1293,1479.3757,4327.7592,1889.6321,1639.3534,3340.5797,1443.7012,109.2531,118.1717,1141.5831,2659.9777,900.223,573.5786,666.6667,1429.2085,521.1817,1271.4604,658.8629,1.1148,1807.6923,615.3846,45.7079,2343.3668,1438.6845,18.9521,255.8528,23863.9911,614.2698,900.223,11318.5006,998.8852,2239.6878,34.5596,112.5975,175.0279,36.7893,1251.9509,1515.6076,2268.1159,1051.8395,224.6377,96.4326,2034.0022,854.5151,1162.7648,862.8763,80.825,2197.3244,45.7079,287.6254,98.1048,1222.408,135.602,236.9008,482.1628,55.1839,546.8227,1268.6734,64.66,357.8595,77.4805,3145.4849,1368.4504,861.204,1600.3344,2246.9342,2119.8439,724.0803,2709.0301,2112.5975,494.4259,360.6466,1488.8517,146.5998,1321.0702,143.2553,3.9019,1095.8751,825.5295,3.3445,30.1003,7.2464,261.427,91.9732,1545.1505,1162.7648,6793.1996,3057.4136,1855.6299,2175.5853,3563.5452,1040.6912,1480.4905,1677.8149,1068.0045,1790.9699,838.3501,8822.1851,549.6098,1341.1371,2812.709,8270.3456,1216.5329,1659.9777,2278.7068,215.1616,1696.2096,89.7436,28.9855,879.0412,541.2486,3173.3556,2206.8004,126.5329,405.2397,111.4827,1623.1884,564.6544,358.9744,47.9376,224.6377,285.3958,517.8372,974.9164,1188.4058,1152.1739,500.5574,2120.4013,210.1449,357.8595,490.524,144.961,12020.6243,361.204,577.6589,1261.9844,4279.2642,1598.1048,16.165,847.8261,560.7581,385.1728,483.2776,357.8595,6249.7213,26.1984,124.8606,1011.1483,128.2051,692.8651,1613.7124,127.0903,3.9019,866.2207,4.4593,5877.9264,4949.2754,1949.8328,870.5295,4203.456,673.913,1387.9599,3527.8707,193.4225,1683.9465,2218.5061,2326.087,812.709,1026.7559,66.8896,2086.9565,3075.8082,1136.5663,22.2965,219.621,187.291,83.0546,23.4114,1758.6399,182.2742,2799.3311,16.7224,1799.3311,107.0234,5.5741,94930.3233,18789.2977,483.2776,161.7949,101.4493,268.1159,337.2352,0,390.7469,1336.1204,1484.3924,1262.5418,1746.3768,5345.5964,17270.3456,189.5206,285.3958,0.5574,770.3456,3.9019,9.476,397.9933,416.9454,215.7191,7.8038,26892.9766,124238.0156,84.7269,1.388,5991.0814,4.4593,531.3099,511.7057,702.8986,21.7391,1393.5173,147.1572
TCGA-55-6642-01,4.066666667,2532.1101,3819.7903,4.5872,358.4535,1091.7431,28.1782,3667.7588,2074.0498,1639.5806,3588.4666,908.2569,1466.5793,564.2202,3088.4666,230.0131,354.5216,173.6566,214.941,1159.2398,1135.6488,8519.0039,33.4207,123.1979,1766.7104,3658.5845,15527.464,1203.1455,1020.3145,2391.1992,3258.1913,6954.1284,433.8139,1021.6252,451.5072,22.9358,122.5426,1.3106,93.709,513.7615,16832.8965,22.9358,319.135,1643.5125,3880.7339,3668.4142,363.6959,582.5688,2669.0695,753.6042,5508.519,3620.4456,2277.8506,1371.0682,1216.2516,1783.7484,699.2136,921.363,550.4587,13.7615,956.7497,1933.1586,1053.7353,3387.9423,1129.751,1924.6396,1402.3591,4681.5203,10202.4902,1575.3604,11.7955,1544.5609,4441.1992,401.7038,1287.6802,3888.5976,2323.0668,285.059,2053.7353,3655.9633,1184.7969,1439.0564,390.5636,1825.0328,5240.498,2154.6527,1893.8401,3683.4862,1504.5872,326.9987,49.1481,1425.2949,3264.0891,349.2792,888.5976,783.0931,2428.5714,826.3434,686.1075,863.6959,24.9017,1704.4561,656.6186,98.9515,963.9581,1836.173,96.3303,379.4233,29065.5308,674.3119,1139.5806,5890.118,1663.827,1070.118,62.9096,60.2883,7351.2451,399.0826,1684.1415,1979.6855,509.1743,1699.8689,323.0668,157.2739,1432.5033,244.4299,1607.4705,1442.9882,612.713,7089.7772,7.8637,458.0603,387.9423,1431.1927,270.5505,149.4102,2490.1704,36.0419,505.8978,1953.4731,162.5164,892.5295,4949.5413,1614.0236,2011.1402,2566.1861,992.7916,2780.4718,1887.9423,781.7824,2717.5623,1887.9423,880.7339,398.4273,1703.8008,208.1848,229.3578,762.7785,1420.0524,2005.2425,1629.0957,3.2765,19.0039,14.4168,262.7785,100.9174,10394.4954,958.0603,7568.8073,5243.1127,1913.4993,1414.81,2497.3788,879.4233,1554.3906,1304.7182,674.9672,2703.1455,1462.6474,9017.038,768.6763,1469.8558,9007.2084,3966.5793,693.4862,2233.945,3376.8021,690.6946,1859.7641,315.8585,135.6488,2043.9056,441.6776,2533.4207,3212.9751,236.5662,469.8558,196.5924,1868.9384,808.6501,452.8178,1465.924,106.1599,418.7418,294.8886,1336.8283,3650.7208,1117.3001,461.3368,1728.7025,275.2294,550.4587,1555.0459,84.9607,10891.8742,590.4325,232.7916,1493.4469,3319.135,2011.1402,39.9738,874.1809,690.0393,453.4731,880.0786,91.7431,5038.0079,97.6409,22.2805,1268.6763,136.9594,1022.2805,260.8126,202.4902,3.2765,2328.3093,4.1874,1815.2031,1485.5832,1473.1324,937.5098,3199.2136,1629.0957,962.6474,3378.768,324.3775,2199.8689,1878.768,2725.426,1477.0642,509.8296,88.4666,5973.1324,4363.0406,1518.3486,86.5007,170.3801,193.9712,70.7733,110.0917,1089.1219,280.4718,7638.27,97.6409,6000,33.4207,6.5531,37129.751,14942.9882,532.7654,124.3971,294.2333,1121.232,555.7012,0,1925.9502,3007.8637,2878.768,522.2805,1745.0852,1608.7811,9974.443,95.0197,406.291,0,1104.8493,0,29.4889,517.6933,567.4967,106.8152,4.5872,5047.1822,16168.4142,275.2294,0,4699.8689,9.8296,562.4115,355.1769,340.7602,49.1481,620.5767,127.1298
TCGA-55-6712-01,4.566666667,1652.7,2432.4445,8.0663,155.9489,540.4436,6.2738,4965.27,1403.5402,1379.3413,2195.8324,934.7972,1411.6065,311.8978,821.8687,155.0527,655.1647,181.9404,285.0101,977.8176,868.4741,16810.2173,383.5985,168.4965,1324.6695,2957.6518,15626.2514,1209.9485,322.6529,2237.9476,2675.3305,10289.9395,202.5543,402.4199,481.2906,306.5203,28.6803,0,118.3061,414.9675,24074.3894,13.4439,318.1716,2823.2131,934.7972,8059.153,355.8145,751.9606,1700.2017,502.8008,492.0457,2395.9937,1601.6133,1653.9996,892.6731,829.0388,1162.4468,19009.6348,735.8279,28.6803,798.566,1842.7067,1924.2662,1274.479,1192.9196,2637.6877,492.0457,7124.3558,6648.4428,1965.4941,36.7466,1201.8821,1377.9521,449.0253,1516.4687,4726.8653,823.6612,119.2023,1471.6558,3403.9883,760.9231,17.0289,581.6715,1837.3292,4829.935,1635.6711,1529.6706,5176.7869,1632.9823,125.4761,182.8367,2453.9547,2692.3594,1093.4349,709.8364,3175.4425,623.7957,458.8842,1100.605,848.7564,36.7466,1845.3955,489.3569,184.6292,1624.0197,1830.1591,112.9285,295.7652,21025.3193,895.3619,847.8602,12923.1459,725.9691,2089.1777,110.2397,220.4795,962.5812,242.886,1710.0605,2209.2763,1602.5095,2185.0773,538.6511,215.1019,2028.2321,155.9489,1218.911,3707.8199,95.8996,7689.8947,17.0289,220.4795,54.6717,2640.3764,283.0652,124.5799,719.6953,27.784,658.7497,1464.4858,53.7755,933.901,162.2227,5582.7918,2021.9583,3182.6126,1585.4806,3660.3182,1766.5248,622.0031,6370.6027,1451.0419,502.8008,458.8842,2071.2525,129.0612,1345.2834,136.2312,13.4439,3305.4,1009.1866,9.8588,31.369,11.6514,347.7482,328.9267,2110.6879,918.6646,12224.9608,7792.0681,3089.4017,818.2837,3044.5888,1364.1049,1212.6372,2263.948,28.6803,2728.2097,970.6475,4835.3126,704.4589,1450.1456,1652.7,5304.9518,1675.689,2294.4208,4493.8382,511.7634,1245.7988,363.8808,209.7244,4454.4029,148.7788,4874.7479,4777.0558,105.7585,587.9453,308.3128,2771.2301,376.4284,380.9097,54.6717,10.7551,355.8145,1451.0419,889.9843,1360.5198,1161.5505,403.3162,1360.5198,300.2465,1132.8703,1124.8039,319.0679,14004.0332,481.2906,429.7558,2082.0076,7179.9238,2038.9872,140.7125,881.0217,1071.0285,548.51,742.1017,466.9505,16043.9166,60.0493,70.8044,1284.3379,153.2601,956.3074,1741.4295,85.1445,0,775.2633,15.2185,6136.6794,1612.3684,2030.9209,776.2223,21409.814,299.3502,316.3791,3778.6242,211.5169,2986.3321,3827.0222,3952.4983,665.9198,2020.1658,163.119,1200.0896,3601.1651,571.8127,21.5102,129.0612,246.471,158.6377,151.4676,1682.2765,109.3435,7294.6449,74.3894,862.2003,275.1512,17.0289,188091.4183,17101.5012,394.3536,344.9787,90.5221,381.806,616.6256,1.7925,431.9964,1810.4414,1535.2902,907.0132,1494.0623,2399.283,44090.5221,285.9063,191.7992,0,1527.2238,3.585,7.1701,542.2362,975.1288,114.721,4.4813,28039.4354,53625.8122,28.6803,0,5140.9366,2.6888,700.8739,323.5492,650.6834,36.7466,2729.097,253.641
TCGA-55-6970-01,5.6,2430.7742,4238.0341,5.7822,140.3791,800.1927,18.9528,3350.787,1440.4112,766.7845,1911.0183,598.7793,1201.4134,241.2464,1142.3065,184.3881,285.2554,183.7456,460.6489,762.6084,2105.6858,3961.1307,41.7604,1309.0267,1880.1799,2189.849,8737.8349,1931.8985,830.3887,701.2335,2869.9004,3928.3649,233.5368,375.2008,362.9939,247.3498,31.8021,0,53.0035,540.636,16727.9152,9.9582,242.8526,9364.9213,2469.001,3672.0206,550.5943,495.3421,2864.4394,668.487,3103.116,2903.4276,1553.1642,1533.5561,748.7954,1442.981,560.5525,3007.3884,706.3925,6.1034,838.7408,1300.6746,1340.1863,1964.0218,642.1458,2536.2608,1576.9354,2894.3142,18151.9435,1831.3524,27.9473,1796.3379,593.7392,485.3839,1117.2502,4382.2679,1385.159,305.1719,2293.2862,3177.9634,1599.4218,64.8892,856.7298,1414.3913,10384.5165,3722.7755,1671.5034,3192.0977,1177.3209,149.3736,78.0597,878.2525,2035.0145,396.081,611.9499,1692.2583,1377.4494,733.3762,946.354,747.1892,9.9582,2135.8818,849.9839,201.4134,2364.9213,1504.6579,92.8365,296.1773,21205.5895,1011.5644,1164.4716,7358.9464,663.6685,3164.7928,217.1539,109.2194,644.0732,115.6441,1915.8368,1213.2991,579.8265,1279.4732,144.8763,188.2429,1566.3347,770.9605,1470.9284,2404.433,120.1413,5118.5352,75.4899,301.9595,190.8127,941.5355,324.9695,272.0848,461.9338,800.8352,371.346,2021.5226,155.7983,765.4995,293.9287,2977.1924,1681.9788,897.5265,500.8031,1909.0909,1842.5956,854.16,2825.8914,2305.8143,870.2217,268.8725,2071.6351,98.8532,1424.0283,117.2502,4.8185,1400.257,1410.2152,4.176,54.6097,3.2123,283.328,203.9833,2139.7366,1078.0597,8173.4661,6203.6332,1957.5972,784.1311,4521.0408,1243.8163,5459.0427,1585.2875,2.5699,1808.2236,1574.6868,7598.1368,646.9643,1814.327,1687.761,4384.1953,617.9441,1593.3183,5788.3071,243.1738,1281.0793,514.9374,140.7003,862.1908,437.1988,1831.6736,4597.1731,320.2698,488.5962,209.7655,1650.8191,705.4256,316.415,62.9618,16.7041,294.5712,440.7324,1954.7061,1429.168,1324.1246,690.0096,1862.1908,323.1609,199.486,4145.5188,90.8609,18279.4732,502.7305,593.9447,2464.8249,3629.6177,4923.2252,76.4536,946.0328,354.9631,551.2367,547.0607,350.787,3798.9078,89.9454,41.1179,934.4684,229.682,2678.4452,235.1429,221.3299,11.5644,1422.4221,0.9637,2583.3601,3269.8362,1484.7414,1035.8786,13865.0819,525.8593,532.6052,3115.0016,222.9361,2127.5297,1585.6087,1875.6826,804.69,557.3402,92.194,7607.4526,4737.231,1651.4616,27.6261,163.1866,135.2393,104.7221,69.3864,3241.5676,355.6055,3376.1645,47.8638,3373.2734,174.4298,14.7767,49341.4712,9384.1953,451.0119,262.8076,67.1378,554.4491,667.5233,0,602.3129,2447.4783,1415.6762,444.9084,1776.7427,3285.2554,9101.831,191.4552,256.6656,0.3212,762.6084,7.3884,32.1234,323.8034,1113.3954,135.2393,30.196,5756.1837,25632.5088,115.0016,6.4247,5113.7167,46.5789,523.3665,530.999,340.8288,26.3412,996.7395,320.9123
TCGA-55-6971-01,2.666666667,3813.1655,4081.3166,13.5528,247.8219,720.2323,103.5818,3712.4879,1601.1617,1209.0997,2047.4347,798.6447,1676.6699,532.4298,1438.5286,171.3456,174.2498,146.1762,990.3195,1000.9681,1025.1694,3236.2052,599.2256,711.5198,3163.6012,3169.4095,23239.0029,1000.9681,640.8519,638.9158,2733.7851,2907.0668,416.2633,586.6409,523.7173,386.2536,21.2972,1.9361,148.1123,438.5286,18909.0029,38.7222,465.6341,2508.2285,2082.2846,4174.2498,482.091,1389.1578,4878.0252,1111.3262,3577.9284,3714.7144,1677.6379,1382.1588,1349.4676,1539.2062,657.3088,2545.9826,724.1045,24.2014,652.4685,1452.0813,2172.3136,1272.9913,747.3379,2893.514,2085.1888,3971.9264,5822.8461,1381.4134,125.847,1747.3379,1031.9458,384.3175,1361.0842,4037.7541,2392.062,304.9371,1105.5179,3896.4182,1062.9235,27.1055,648.5963,1816.0697,7795.7406,1512.1007,1413.8722,3251.6941,1150.0484,322.3621,242.9816,1244.9177,2595.3533,819.9419,1452.0813,2933.2043,1670.8616,825.7502,1151.0165,1311.7135,14.5208,2301.0649,676.6699,113.2623,1445.3049,2100.6776,84.2207,541.1423,22634.0755,832.5266,1169.4095,6297.1926,1789.9322,1129.7193,92.9332,149.0803,2627.2991,488.8674,1384.3175,14783.1559,566.3117,1967.0862,364.9564,144.2401,2850.9197,2097.7735,1523.7173,3505.3243,285.576,8866.4085,65.8277,416.2633,184.8984,2123.9109,284.211,192.6428,1349.4676,233.3011,678.606,1696.999,128.7512,1327.2023,2002.9042,2921.5876,2089.061,907.0668,1211.0358,2123.9109,1571.152,654.4046,2540.1742,4194.5789,957.4056,366.8925,1634.0755,160.3291,931.2682,207.1636,774.4434,1521.7812,1281.7038,53.243,229.4288,10.6486,286.544,243.9497,2528.5576,1109.3901,9260.4066,4776.3795,2422.0716,955.4695,1943.8529,879.9613,1356.2439,1129.7193,424.0077,2152.9526,1254.5983,7513.0687,533.3979,2600.1936,3602.1297,4694.0949,1520.4743,1472.4105,4595.3533,363.0203,1399.8064,332.0426,225.5566,1112.2943,631.1713,1465.6341,4181.9942,121.0068,348.4995,155.8567,1858.6641,850.9197,411.423,618.5866,24.2014,240.0774,472.4105,832.5266,1795.7406,1257.5024,828.6544,819.9419,423.0397,307.8412,1454.9855,90.5034,22555.6631,313.6496,334.5305,1499.516,8539.2062,1669.8935,261.3746,884.8015,594.3853,696.031,843.1752,97.7735,4511.1326,92.9332,42.5944,632.1394,187.8025,889.6418,2858.6641,202.3233,9.6805,1397.8703,32.9138,1784.1239,2270.0871,1675.7018,879.6225,2168.4414,2955.4695,1105.5179,3881.8974,225.5566,2928.364,2081.3166,2358.1801,1066.7957,685.3824,155.8567,4052.2749,4766.6989,1710.5518,16.4569,149.0803,142.304,132.6234,110.3582,2021.2972,433.6883,3139.3998,79.3804,4935.1404,474.3466,30.0097,97032.9138,8497.5799,511.1326,190.1258,50.3388,1080.3485,386.2536,0,1508.2285,2520.8132,1531.4618,610.8422,1646.6602,2404.6467,7682.4782,619.5547,244.9177,0.9681,1101.6457,12.5847,169.4095,531.4618,1120.0387,158.7609,31.9458,7743.4656,39431.7522,209.0997,9.6805,2257.5024,33.8819,624.395,522.7493,576.9603,203.2914,1302.0232,263.3107
TCGA-55-6972-01,8.133333333,2191.7808,3601.5982,2.2831,79.9087,292.2374,14.8402,3691.7808,1583.3333,472.6027,1445.2055,618.7215,1984.0183,29.6804,936.0731,135.8447,119.863,67.3516,86.758,205.4795,1573.0594,7628.9954,20.5479,721.4612,949.7717,1496.5753,8297.9338,1302.5114,801.3699,399.5434,892.6941,7367.5799,213.4703,183.79,1528.5388,552.5114,1.1416,0,11.4155,268.2648,43742.0091,13.6986,552.5114,16530.8219,4689.4977,1180.3653,186.0731,313.9269,1793.379,642.6941,13622.1461,960.6963,1234.0183,834.0868,670.0913,577.6256,817.3516,2966.895,1392.6941,26.2557,664.3836,1248.8584,789.9543,530.8219,323.0594,2150.137,350.4566,2042.2374,26105.0228,896.1187,1.1416,1428.0822,75.8904,143.8356,278.5388,4039.9543,84.4749,658.6758,2239.726,1250,982.8767,1.1416,408.6758,1511.4155,6027.3973,1376.7123,1391.6667,2425.7991,966.895,7.9909,36.5297,1319.6347,2323.0594,780.8219,660.9589,207.7626,1517.1233,917.8082,1038.8128,923.516,1.1416,2128.9954,801.3699,37.6712,654.1096,622.1461,23.9726,15.9817,18630.137,512.5571,913.242,983.2306,143.8356,5010.274,52.5114,5.7078,43.379,12.5571,714.6119,2230.5936,390.411,2236.3014,191.7808,78.7671,83.3333,65.0685,1189.4977,172.3744,3.4247,6605.0228,35.3881,115.2968,6.8493,519.4064,206.0616,242.0091,49.0868,108.4475,334.4749,848.1735,6.8493,30.8219,17.1233,3195.2055,706.621,223.7443,3672.3744,527.3973,1794.5205,592.4658,2710.0457,2244.2922,1355.0228,12.5571,1244.2922,336.758,1992.0091,469.1781,22.8311,1602.7397,490.8676,1.1416,51.3699,3.4247,255.7078,6.8493,250,931.5068,10909.8174,7122.1347,3126.7123,671.2329,4037.6712,2355.0228,6041.0959,1765.9817,9.1324,988.5845,1480.5936,6722.6027,426.9406,954.3379,571.9178,2849.3151,668.0137,2067.3516,6466.895,34.2466,1480.5936,368.7215,44.5205,97.032,180.3653,558.2192,5658.6758,94.7489,231.7352,100.4566,784.2466,257.9909,300.2283,5.7078,6.8493,226.0274,252.2831,2535.3881,156.3927,802.5114,736.3014,1623.2877,167.8082,6.8493,1307.0776,70.8447,11084.4749,328.7671,258.6187,750,5035.3881,2383.5616,3.4247,1053.653,528.5388,409.8174,383.5616,6.8493,5756.8493,30.8219,119.863,1085.6164,38.8128,1496.5753,4.5662,125.5708,29.6804,1044.5205,0,2065.0685,743.1507,1622.1461,1069.2466,2673.516,441.7808,253.4247,3060.5023,328.7671,924.6575,2520.5479,1554.7945,248.8584,520.5479,10.274,1286.5297,3692.9224,1560.5023,27.3973,234.0183,90.1826,149.5434,38.8128,833.3333,101.5982,3366.4384,26.2557,3070.7763,4.5662,0,12492.0091,13050.2283,232.8767,315.6849,12.5571,17.1233,628.9954,0,135.8447,1075.3425,1173.516,599.3151,2328.7671,1523.9726,13642.6941,22.8311,143.8356,0,816.21,1.1416,38.8128,175.7991,433.79,6.8493,22.8311,25904.1096,6025.1142,5.7078,15.9817,5489.726,22.8311,437.2146,409.8174,857.3059,125.5708,1864.0068,23.9726
TCGA-55-6978-01,1.233333333,2196.8362,3975.7764,8.6461,264.7876,681.6028,34.5845,3248.7814,2015.9881,1038.6158,2719.9268,789.6794,1481.0091,296.49,853.0843,159.5931,609.5518,225.88,1183.7986,1030.6901,1090.8528,9016.8275,634.4094,442.7536,1452.1887,2309.5961,17947.8567,1162.9038,919.3713,1186.6734,2214.849,2072.5482,731.6783,467.251,331.4348,91.1446,24.1371,28.0999,152.0277,518.7675,19777.2902,21.9756,553.352,2624.4592,2184.2273,4829.9415,1096.6168,1253.3279,2606.8067,622.8812,201.0224,2529.2869,2068.5854,1981.4505,833.6305,1182.7178,721.2309,20724.0409,759.7782,13.3294,971.248,2351.3857,2643.1924,2052.0136,665.0311,2383.2971,1420.126,5052.9395,7501.9544,2519.6249,3.2423,2158.2889,2033.5866,526.6931,970.1673,4413.8468,1051.2247,166.7982,2517.8236,4203.0975,1186.3204,24.4974,850.2023,1869.004,5801.5498,1715.8955,1748.8265,3707.7466,1400.6722,288.2042,188.7737,1149.9346,3116.2075,900.638,617.4774,3031.1873,697.4541,549.0289,1292.9559,922.9738,41.7896,1590.1665,808.7729,146.6239,877.5817,1934.2102,511.9226,397.0012,18013.4807,1194.9665,1778.2197,12892.0928,1079.6848,1392.0261,135.8162,689.5285,221.1967,55.8396,1661.8573,2724.9704,1470.5617,2210.5259,220.8364,183.3699,3057.9074,260.8248,1509.4693,2422.7163,314.5028,2259.8809,11.5282,541.1033,65.5664,1701.4853,524.301,194.1776,1282.8688,46.1127,814.1768,1626.9125,158.8725,1036.8145,247.4953,4405.2006,1887.7373,1763.089,1169.7486,2289.0616,1845.9477,804.0896,2890.6878,1545.1346,624.6825,539.6623,1410.7594,89.5847,2103.5301,126.4496,5.7641,3198.706,1400.6722,16.5717,38.1871,1.0808,351.9693,537.861,5881.105,1683.4726,9711.3996,5164.2584,1982.4844,756.5359,1807.4004,1105.263,1362.8454,1488.9348,348.727,1903.9488,1555.582,4950.9873,656.385,1589.8062,670.7952,5749.3128,1250.7304,1349.8763,5314.845,912.8867,1407.5171,810.214,513.3637,2712.0012,842.9972,1687.0751,2827.6431,149.1457,885.5073,477.6984,2864.7494,797.9653,446.3562,46.1127,24.1371,255.4209,889.8304,1132.6424,2114.3378,1762.3685,851.283,1280.347,653.5029,822.4626,473.7356,229.1944,12664.7717,422.5794,428.9234,2456.5802,5689.1502,2818.997,229.4826,1031.0504,583.2532,804.0896,1414.3619,697.0938,8040.5359,257.5825,33.1435,1370.4108,92.9458,794.3627,1202.8921,273.0734,1.441,766.6231,0.3603,4555.7873,2244.7502,1472.363,743.999,14067.9657,542.9046,882.9855,4136.09,344.404,4347.5598,2691.1064,3217.7995,1475.9656,1231.3523,280.2785,6438.1208,3413.0578,1335.1058,13.6897,330.7143,181.5686,91.1446,319.9066,1922.682,242.4518,8389.263,176.8853,991.4223,60.8831,112.7599,76688.6062,9878.558,395.2,258.4939,368.9013,480.9407,980.9749,0,552.6315,3081.623,2118.6609,849.1215,1277.8252,4207.0603,9802.9044,215.7929,230.2031,0,1153.8974,3.9628,435.9088,472.6548,662.5093,268.3901,2.882,9829.5633,5443.0959,107.7163,0,3962.0867,7.2051,650.4083,352.3296,617.4774,41.7896,2463.3963,184.8109
TCGA-55-6979-01,4.766666667,2096.4582,3591.8143,14.0938,149.3947,506.6734,10.5704,2213.4371,1310.0221,1196.5667,1339.6192,774.4563,1579.2144,355.8694,588.4177,136.0055,522.8813,180.4011,1357.9412,973.8841,1045.7627,6110.3829,1818.8096,1110.5943,2778.5999,1854.0442,11492.784,1202.909,893.5493,1832.8894,1709.5824,6593.8015,499.6265,477.7811,377.7148,319.9301,25.3689,0,139.529,346.0037,18589.7707,9.161,331.2052,5587.5016,3118.2614,4043.5218,915.3947,1112.7084,2862.4582,720.8998,1434.0479,1360.8234,1025.3266,1507.5684,818.8519,923.1463,942.8777,3976.576,893.5493,7.0469,956.2668,1390.357,2312.0939,1660.254,964.0184,2494.5245,1207.1371,4724.9588,7132.8908,2269.8124,25.3689,1266.3312,1300.7343,333.3192,1279.7204,3627.0489,1085.2254,173.3542,1179.6541,1855.4536,923.1463,19.0267,1096.5005,1370.6256,5624.1456,1306.4987,1012.0855,3734.1621,1577.1003,460.8685,436.2042,1255.0562,1774.414,929.4885,495.3984,2227.5309,1791.3267,690.598,1767.3671,706.8059,28.1877,3957.5494,590.5318,120.5023,1074.6551,1557.369,188.8574,651.84,18509.4358,1069.7222,1270.5594,3618.5362,1326.9347,1364.2834,618.7194,309.3597,1188.8151,219.1592,1445.323,1908.3055,720.1951,1107.7756,286.1049,300.9034,3935.7039,832.2411,952.7434,2856.116,124.7305,1556.6643,16.2079,368.5538,205.77,1820.219,399.3841,340.3662,699.0543,27.483,708.92,1215.5934,110.6366,966.1325,422.8151,3911.7444,1042.2392,1732.8372,1261.3984,1619.3818,2273.3359,574.3238,2529.139,1282.5391,695.5308,472.8482,1272.6735,179.0974,1147.2383,221.2732,25.3689,1467.8731,876.6366,11.9798,95.8381,5.6375,396.0368,362.2116,3887.0802,1465.0543,6677.6599,3557.9891,1954.8152,1322.7066,2023.875,1251.5327,1876.5944,1814.5815,625.0617,1241.667,1877.2991,7521.8807,494.6937,2675.7149,1391.0617,3471.312,1852.9026,1081.702,3052.0204,305.1316,1187.4057,556.0019,374.8961,1843.4738,250.1656,2423.4352,3052.0204,138.8243,1942.8354,448.184,1788.5079,557.4112,465.0966,102.885,488.3514,236.7765,688.2866,1273.3782,2030.2172,1133.1445,797.0065,895.6633,614.4913,820.2613,452.4122,79.9543,11247.5864,479.1905,340.4014,1501.6983,4157.6818,2002.7342,342.4802,508.0828,764.5906,719.4904,647.6118,420.701,10416.0501,108.5225,83.1536,1112.7084,115.5695,720.8998,488.3514,269.1923,4.9328,1105.6615,1.4094,3626.3442,2338.1675,1450.9605,894.557,2970.9808,503.15,737.8124,5443.0398,326.2723,2688.3994,2080.2503,4066.7766,1293.1095,915.3947,85.2677,3422.6883,3058.3626,971.0654,12.6845,314.9973,203.4445,65.5363,183.2199,3082.3221,221.9779,7805.8715,149.3947,2085.1831,198.0184,19.7314,127026.3414,8357.6452,360.0975,410.2011,151.5087,843.5161,1015.4609,0,569.391,2899.1022,1503.8124,966.1325,1784.2797,1997.0967,13238.3409,148.69,257.9172,2.1141,1051.4002,19.7314,112.046,612.3772,713.8528,299.494,9.161,11418.1219,49006.3845,169.126,0.7047,3495.2715,3.5235,831.628,491.8749,649.7259,59.1941,773.0329,124.7305
TCGA-55-6980-01,0.533333333,1952.2546,3831.1229,5.305,319.1866,786.0301,28.2935,3184.7922,1285.588,720.6012,2001.7683,1001.7683,1717.0645,310.3448,1251.1052,150.3095,99.0274,43.3245,1043.3245,712.6437,870.0265,20234.3059,256.4103,1132.626,1427.9399,2220.1592,11646.3042,967.2856,452.6967,1549.9558,1698.4969,5678.1609,163.5721,442.9708,173.298,401.4147,15.9151,0.8842,182.1397,421.7507,17924.8453,14.1468,359.8585,2652.5199,2288.2405,5816.092,277.6304,463.3068,3298.8506,642.794,503.0946,2047.7277,1456.2334,1509.3192,982.3165,1185.6764,641.0256,15296.1981,549.9558,44.2087,489.832,1242.2635,1783.3775,1339.5225,1328.0283,2487.931,1290.893,9332.4492,9500.4421,1404.0672,6.1892,998.2317,2239.9558,392.5729,1247.5685,5382.847,686.1185,572.0601,1964.6331,1328.0283,539.3457,31.8302,1153.8462,1328.0283,4286.4721,841.733,855.8798,2899.2042,1290.893,595.9328,278.5146,1073.3864,2385.4996,848.8064,384.6154,1645.4465,615.3846,565.8709,1609.1954,530.504,0.8842,2477.4536,471.2644,45.0928,1245.8002,1137.931,22.9885,301.5031,24337.7542,1310.3448,1765.6941,4267.9045,1244.0318,3584.4385,128.2051,83.1123,139.6994,60.1238,1068.0813,2745.3581,614.5004,1315.6499,174.1821,61.008,2828.4704,671.9717,1127.321,3404.0672,192.7498,3928.382,1.7683,551.7241,72.5022,2149.4253,316.9584,175.0663,1476.5694,54.8187,446.5075,1564.1026,135.2785,666.6667,287.3563,30902.7409,1393.4571,520.7781,1157.3828,1618.0371,1507.5155,520.7781,3066.313,1197.1706,570.2918,393.4571,2097.2591,229.4341,1076.0389,232.5376,7.0734,1185.6764,731.2113,5.305,36.2511,45.977,282.0513,61.8921,5970.8223,2198.939,4595.0486,2428.824,1873.5632,1861.1848,2885.9416,1651.6357,1786.0301,1402.2989,18.5676,2410.2564,867.374,5626.8789,581.786,1306.8081,984.0849,3854.9956,1346.3837,2339.5225,2916.0035,622.458,2504.863,96.3749,39.7878,2378.4262,872.679,2368.7003,3960.2122,110.5217,1040.672,49.5137,1558.7975,502.2104,311.229,574.7126,22.1043,347.4801,474.8011,1211.3174,981.4324,907.1618,1033.5986,1449.16,379.3103,52.1662,878.8683,165.9593,13951.3705,318.3024,432.794,906.2776,4533.1565,2018.5676,61.008,1125.5526,537.5774,473.9169,440.3183,509.2838,9478.3378,29.1777,76.0389,1303.2714,68.0813,678.1609,793.9876,387.2679,1.7683,1559.6817,0.8842,3127.321,2851.4589,1395.2255,553.351,7314.7657,734.748,1037.1353,3378.4262,170.6454,1718.8329,3328.9125,1737.4005,1282.9355,734.748,78.6914,3714.412,3789.5668,1026.5252,14.1468,237.8426,115.8267,110.5217,35.3669,3482.7586,135.2785,2117.595,7.9576,7946.9496,174.1821,27.4094,206898.3201,14982.3165,253.7577,125.3492,528.7356,187.4447,459.7701,0,552.6083,1769.2308,1795.756,905.3935,1162.6879,2853.2272,11770.9991,244.916,208.6649,32.7144,840.8488,1.7683,167.1088,276.7462,992.0424,184.7922,14.1468,13042.4403,27870.0265,149.4253,0,6800.1768,5.305,878.8683,335.1017,507.5155,61.8921,1442.0778,349.2485
TCGA-55-6981-01,1.933333333,1264.0351,4811.4035,9.6491,107.0175,373.6842,11.4035,3506.1404,1430.7018,745.614,1557.0175,1131.5789,1530.7018,112.2807,977.193,221.9298,364.9123,82.4561,1162.2807,794.7368,1014.0351,20509.6491,1425.4386,318.4211,1656.1404,2246.4912,17556.0614,823.6842,902.6316,9654.8333,2358.7719,11758.7719,500.8772,434.2105,419.2982,1670.1754,14.0351,0,52.6316,462.2807,21998.2456,8.7719,598.2456,2610.5263,2422.807,4339.4737,220.1754,322.807,3172.807,585.9649,757.8947,1863,1708.7719,1029.3421,428.9474,1038.5965,1716.6667,5970.1754,527.193,10.5263,727.193,2007.0175,1401.7544,2009.6491,3288.5965,2130.7982,820.1754,7452.6316,5921.9298,1880.7018,35.0877,992.9825,815,421.0526,1118.4211,4756.1404,331.5789,119.2982,1005.2632,2023.6842,640.3509,16.6667,1620.1754,1122.807,4295.614,1639.4737,995.0702,4222.807,2042.1053,369.2982,228.9474,1204.386,1407.8947,1104.386,476.3158,717.5439,1240.3509,492.9825,1579.8246,510.5263,7.8947,2164.0351,697.3684,75.4386,1513.1579,1300.8772,90.3509,178.0702,29307.0175,492.9825,1195.614,13745.614,553.5088,1798.2456,195.614,72.807,363.1579,160.5263,1454.386,1682.4561,839.4737,1054.386,194.7368,307.0175,1177.193,841.2281,1114.9123,1106.1404,114.9123,3514.0351,28.0702,292.9825,347.3684,2007.0175,362.1579,111.4035,578.9474,94.7368,521.9298,1309.6491,46.4912,217.5439,113.1579,4855.2632,1464.9123,1429.8246,1012.2807,1811.4035,1618.4211,687.7193,3634.2105,1062.2807,452.6316,300,2133.3333,138.8158,970.1754,114.9123,21.0526,1338.5965,635.0877,7.8947,24.5614,0.8772,268.4211,42.9825,2011.4035,906.1404,5409.6491,3327.193,1602.6316,3453.5088,3008.7719,1200.8772,1813.1579,1465.7895,1037.7193,1357.0175,1022.807,7337.7193,433.3333,1116.6667,937.7193,4535.0877,1308.7105,2427.193,3761.4035,183.3333,1689.4737,390.3509,144.7368,785.0877,550.8772,5726.3158,1668.4211,124.5614,1643.8596,204.386,1934.2105,479.8246,431.5789,20.1754,66.6667,310.5263,398.2456,1114.9123,1447.3684,1492.9825,775.4386,1003.5088,449.1228,539.4737,306.1404,207.2018,7807.8947,435.9649,289.114,1289.4737,3750,2006.1404,40.3509,421.0526,712.2807,663.1579,663.1579,607.8947,9631.5789,88.5965,61.4035,1277.193,110.5263,679.8246,592.9825,211.4035,2.6316,927.193,0.8772,5657.8947,1573.6842,1654.386,503.9123,6907.0175,1186.8421,1278.0702,4322.807,252.6316,1710.5263,3749.1228,2949.1228,372.807,976.3158,20.1754,4733.3333,3433.3333,1246.4912,7.8947,387.7193,185.0877,114.0351,127.2368,1978.9474,271.9298,6626.3158,127.193,969.2982,218.4211,0.8772,39718.4211,11985.9649,402.6316,315.8158,114.0351,203.5088,630.7018,0.8772,342.1053,1300.8772,1564.9123,947.3684,1000.8772,5266.6667,17638.5965,118.4211,122.807,9.6491,687.7193,1.7544,91.2281,437.7193,874.5614,83.3333,5.2632,14648.2456,70178.0702,104.386,0,8702.6316,6.1404,709.7719,439.4737,454.386,21.9298,1058.7193,380.7018
TCGA-55-6982-01,6.933333333,1716.5245,3317.8152,17.5156,170.5462,523.623,33.1874,2064.0701,1186.4485,965.1994,1910.1175,1133.9018,849.9654,203.7336,1619.728,125.3745,395.4828,156.7181,763.3095,696.0129,1433.51,18516.7089,556.8103,873.9341,1278.6356,2076.9763,17238.9491,1112.6988,566.9509,1746.9279,2432.8186,3371.2837,188.0618,423.139,676.6536,773.4501,8.2968,12.9062,65.4529,472.92,26698.3176,320.8112,589.0758,3180.4563,1802.2586,3791.6571,330.9518,342.9362,2767.4579,501.498,188.9836,1219.9862,2116.6167,1489.2832,575.2478,879.4653,881.3091,7256.9717,589.0758,28.578,499.6543,1398.4789,1654.7592,2062.2263,892.3715,3472.5421,1061.9959,3976.9532,6938.926,1569.947,29.4999,756.8564,1344.5033,315.28,780.8251,5603.1344,495.0449,208.3429,1413.2289,2752.708,874.856,22.1249,1276.7919,823.2312,4692.3254,1078.5895,461.8576,4279.327,1956.2111,341.0924,176.0774,1606.8218,2621.8023,874.856,438.8108,1032.496,955.9806,507.0293,1470.3849,601.982,94.9528,1707.3058,559.5759,95.8746,1082.277,1503.5723,82.0466,278.4052,29641.853,1704.5402,1556.1189,7793.5008,867.481,2892.8324,70.9841,80.2028,666.513,177.9212,1728.5089,21164.3236,414.8421,930.1682,707.9972,146.5776,2191.2883,185.2962,1124.6831,961.5119,196.3586,2560.9587,15.6718,129.062,298.6863,1117.3081,427.7207,183.4524,2496.4277,247.0615,715.3722,1597.6031,78.3591,353.0767,266.4208,3032.035,1132.9799,616.732,1358.8384,1557.0408,2098.1793,393.6391,3360.2212,15755.7041,557.7322,315.28,1486.9786,222.6596,1084.1208,141.0463,21.203,1627.103,785.4344,3.6875,60.8435,6.4531,326.3425,125.3745,3566.7204,1172.6204,12141.0463,4740.2627,1640.9311,1442.7287,10661.4427,1284.1669,1729.4307,1960.8205,164.0931,1634.478,2172.8509,8844.4342,454.4826,1969.1173,1249.1357,4843.5123,1576.6951,1416.9163,3659.8295,464.6232,1721.1339,471.9982,106.0152,1863.1021,768.8407,3399.8617,1898.1332,116.1558,554.9666,237.8428,1952.5236,466.4669,328.1862,135.5151,13.8281,256.2802,790.9657,1513.7128,896.059,998.3867,829.6843,1040.7928,296.8426,476.6075,627.7944,184.8444,8228.6241,349.3893,350.3296,2015.2109,3152.8002,1733.1182,69.1404,730.1221,578.0134,367.8267,448.0295,235.9991,7851.5787,119.8433,43.328,1442.7287,108.7808,626.8726,489.5137,126.2964,0.9219,1213.1828,2.7656,4817.6999,2970.2696,1514.6347,800.0737,13422.4476,769.7626,735.6534,4009.2187,191.7493,2647.6147,2674.3489,4483.9825,1201.1984,449.8732,57.156,3576.861,4058.9998,845.3561,18.4374,265.499,202.8117,83.8903,167.7806,886.8403,56.2342,3864.4849,40.5623,1472.2286,135.5151,13.8281,120110.6246,9256.5107,238.7647,217.8198,406.5453,401.0141,339.2487,0.9219,619.4976,2180.2259,1323.8073,753.1689,1765.3837,1693.4778,21824.3835,252.5928,134.5932,0,743.9502,0,69.1404,429.5921,764.2314,210.1867,6.4531,14813.5515,62112.0074,115.2339,0,6207.882,22.1249,775.3676,315.28,306.9832,50.7029,1698.0595,204.6555
TCGA-55-6983-01,3.5,2357.8014,4950.7092,10.6383,202.8369,762.766,75.1773,3214.8936,1214.1844,1070.922,2088.6525,869.8582,1246.0993,1367.0213,1295.0355,99.2908,148.9362,78.7234,831.5603,758.156,1430.1418,5323.7589,54.2553,504.6099,1646.4539,2375.1773,11544.3014,1106.7376,840.4255,445.0284,2189.3617,6487.234,198.5816,421.9858,952.1277,505.6738,56.7376,1.0638,87.234,449.2908,15305.3191,359.5745,583.6879,3776.9504,4347.8723,4079.078,370.922,787.9433,2421.6312,557.4468,3590.7801,1769.3546,1581.5603,1113.3901,995.0355,1249.6454,799.2908,519.1489,575.8865,24.4681,557.4468,1348.227,1767.7305,1524.4681,708.156,3285.7234,2024.4681,2477.6596,9321.6312,1413.4752,200,1234.3972,933.0887,312.4113,1372.3404,6462.766,641.4894,294.6809,1975.5319,2185.461,1373.0496,3050,669.5035,1471.9858,5035.461,2468.4397,1893.3617,4161.7021,1826.2411,278.7234,131.9149,1425.8865,2610.9929,586.8794,735.8156,1173.0496,2613.8298,471.6312,1100.7092,630.1418,34.3972,1646.0993,513.4752,71.2766,1296.8085,1973.0496,28.3688,372.3404,32874.4681,688.2979,1632.6241,3950.156,1056.0284,1447.5177,47.8723,31.5603,2010.9929,623.7589,1154.2553,2318.7943,333.6879,813.4752,253.1915,163.4752,1385.8156,454.6099,1708.8652,6508.5106,124.4681,5516.6667,60.6383,318.7943,85.461,1976.9504,197.4823,190.7801,1210.6383,36.5248,339.3617,1367.7305,94.3262,1004.9645,268.4397,7916.3121,1592.1986,1568.7943,1950.3546,1466.6667,2571.6312,705.6738,2785.1064,1659.2199,790.0709,245.7447,1174.8227,147.9858,736.5248,992.5532,637.5887,1456.7376,1098.227,9.9291,53.5461,15.2482,247.8723,59.9291,2858.156,945.7447,8125.5319,3247.8723,1672.3404,1306.7376,1901.0638,1054.6099,2182.6241,1443.617,1084.7518,1534.0426,1596.0993,8197.8723,586.1702,1553.5461,1065.6028,2834.3972,1252.383,1505.3191,3155.3191,595.3901,2254.6099,132.6241,100.7092,825.8865,364.539,4254.9645,6186.1702,155.6738,453.9007,130.1418,1704.6099,587.5887,348.9362,191.4894,107.4468,228.7234,311.7021,1690.7801,746.8085,878.7234,2487.5887,2314.539,289.7163,414.8936,3703.9007,77.5,10569.8582,278.0142,376.5922,918.4397,3647.8723,1821.9858,93.9716,762.0567,455.6738,473.0496,535.461,75.8865,6128.3688,68.0851,62.766,633.3333,91.4894,606.383,1583.3333,319.8582,1.773,1278.7234,6.383,1960.9929,3639.0071,1818.7943,866,1538.6525,891.1348,729.7872,3330.1418,236.1702,1691.844,2667.3759,2206.7376,850.7092,507.4468,127.305,3280.8511,5515.6028,1140.7801,16.6667,214.539,147.5177,93.4184,46.4539,1238.6525,211.7021,2219.5035,17.7305,18723.7589,818.4397,14.1844,81294.3262,13453.9007,301.773,187.1099,231.9149,456.0284,564.1844,0.3546,374.4681,1415.9574,1267.0213,733.6879,1980.4965,2115.9574,8815.6028,366.3121,266.3121,0.3546,1214.8936,35.1064,312.0567,277.305,816.6667,79.7872,20.5674,5020.5674,17363.8298,318.0851,12.0567,4412.4113,8.156,411.3475,255.3191,358.5106,84.0426,510.6099,471.2766
TCGA-55-6985-01,13.76666667,2178.3582,5381.3433,5.9701,100,567.1642,21.6418,3320.1493,1417.1642,916.4179,1258.209,1098.5075,1275.3731,270.8955,729.1045,170.1493,285.0746,94.7761,697.0149,1014.1791,1164.9254,15831.3433,26.8657,450.7463,1270.1493,2834.3284,12193.9328,1490.2985,914.1791,1589.5299,2433.5821,8072.3881,379.1045,501.4925,700,1467.1642,10.4478,20.1493,102.9851,689.5522,21904.4776,17.9104,569.403,3894.0299,2689.5522,4482.0896,420.1493,823.1343,2014.1791,510.4478,966.4179,2034.9776,2051.4925,847.7164,651.4925,848.5075,864.9254,8521.6418,526.1194,25.3731,581.3433,1091.0448,1462.6866,2204.4776,881.3433,5829.1045,1084.3284,4769.403,5069.403,2077.6119,26.1194,1276.8657,1380.4328,448.5075,990.2985,5553.7313,1132.8358,360.4478,1654.4776,2139.5522,955.9701,42.5373,1065.6716,1423.1343,5446.2687,1854.4776,1528.9179,5745.5224,1399.2537,752.9851,320.1493,1131.3433,2750.7463,1064.9254,805.9701,2962.6866,1488.806,563.4328,1502.9851,562.6866,24.6269,2273.8806,901.4925,145.5224,1788.0597,2107.4627,105.2239,232.8358,24541.791,764.1791,1247.7612,12476.1194,1252.9851,2644.0299,97.7612,111.9403,867.1642,161.9403,1643.2836,1655.9701,994.0299,1811.194,385.0746,202.2388,1807.4627,468.6567,1409.7015,2320.8955,155.2239,5208.209,164.9254,352.9851,165.6716,2437.3134,420.6119,208.209,1225.3731,70.8955,432.8358,1432.8358,90.2985,597.0149,454.4776,9079.1045,1902.9851,2375.3731,1447.0149,1816.4179,2186.5672,620.1493,3074.6269,1734.3284,648.5075,288.0597,1411.194,166.2388,1649.2537,304.4776,26.1194,1421.6418,932.0896,22.3881,97.7612,19.403,277.6119,161.194,2437.3134,1914.1791,8132.8358,4701.4925,1755.9701,2523.8806,2249.2537,1000.7463,1933.5821,1359.7015,968.6567,1658.9552,1511.194,7488.806,629.8507,1267.1642,2591.0448,2875.3731,1031,1648.5075,2949.2537,268.6567,1187.3134,408.9552,251.4925,1608.209,556.7164,2740.2985,3485.8209,119.403,232.8358,192.5373,1740.2985,722.3881,407.4627,95.5224,47.7612,283.5821,557.4627,720.8955,1102.2388,1206.7164,912.6866,1996.2687,428.3582,480.597,962.6866,426.0821,23077.6119,468.6567,426.8657,1070.1493,7035.0746,2052.9851,116.4179,1255.2239,523.1343,582.8358,629.8507,279.1045,9270.8955,67.1642,52.2388,1016.4179,173.1343,1088.806,1511.194,266.4179,5.2239,1907.4627,2.9851,4128.3582,4348.5075,2349.2537,711.2687,10410.4478,1495.5224,869.403,4135.0746,358.9552,2230.597,2529.1045,3073.1343,812.6866,370.1493,203.7313,5163.4328,3814.9254,1220.1493,26.8657,250,149.2537,82.8358,94.7761,3310.4478,173.8806,3758.9552,49.2537,4333.5821,119.403,10.4478,73839.5522,8605.2239,385.0746,144.8955,414.1791,710.4478,208.9552,0,416.4179,1585.0746,2051.4925,667.9104,1517.9104,4229.8507,21423.8806,411.9403,180.597,2.9851,1038.0597,5.9701,161.194,340.2985,837.3134,118.6567,17.1642,13188.0597,61736.5672,182.0896,2.9851,9038.0597,14.1791,506.7537,326.8657,507.4627,120.1493,2430.5746,192.5373
TCGA-55-6986-01,0.7,2297.2384,6517.4419,11.6279,207.1221,707.1221,18.8953,3024.7093,1508.7209,1058.8663,1939.6802,862.6453,1906.25,239.8256,851.7442,119.9128,136.6279,48.6919,835.0291,686.0465,763.0814,11066.8605,285.6105,1168.6047,1896.8023,1968.0233,13613.314,1221.657,752.1802,920.0581,2423.6919,7119.186,89.3895,213.6628,204.9419,364.0988,18.8953,0,42.8779,534.157,23255.814,18.8953,534.8837,2592.2965,1847.3837,3931.686,188.2267,339.3895,3234.0116,731.1047,226.7442,2068.7064,800.1453,2111.0247,593.75,1029.7965,1087.2093,5726.0174,867.0058,21.0756,497.8198,1033.4302,2000.7267,1950.5814,1480.3779,2855.2035,810.3198,2030.5233,20303.7791,1196.2209,26.8895,1643.1686,683.7936,204.9419,1058.8663,6425.1453,375,382.2674,1624.2733,1949.1279,812.5,19.6221,952.7616,864.8256,4291.4244,1983.2849,1713.8299,5032.7035,1446.9477,193.314,74.1279,1306.686,2556.686,1318.314,561.0465,742.0058,3026.1628,629.3605,1353.1977,989.8256,58.8663,2234.0116,844.4767,45.7849,1492.0058,1733.2849,30.5233,177.3256,29024.7093,877.907,1050.8721,9717.2965,721.657,6057.4128,119.9128,47.2384,360.4651,99.564,1526.8895,2388.0814,211.4826,1089.3895,108.2849,327.0349,1546.5116,494.186,1202.0349,1635.1744,53.7791,8016.7151,47.2384,230.3779,35.6105,979.6512,78.8517,108.2849,792.1512,197.6744,593.75,1436.7733,61.7733,413.5174,136.6279,3850.2907,949.8547,1115.5523,2163.5174,1574.8547,2786.3372,781.25,2929.5058,4990.5523,592.2965,251.4535,1195.4942,120.9884,6135.1744,227.4709,7.9942,936.0465,852.4709,2.1802,55.9593,13.0814,306.686,44.3314,1686.0465,1234.7384,8789.2442,2795.7849,2095.2035,1167.8779,1902.6163,984.0116,1356.8314,1480.3779,16.7151,1652.6163,2265.2616,7382.9942,688.9535,1282.7035,975.2907,4821.2209,804.7311,1517.4419,2688.9535,202.0349,1643.1686,162.7907,46.5116,845.2035,420.0581,7452.0349,2284.157,90.843,948.4012,103.1977,1866.2791,768.1686,187.5,58.1395,79.9419,280.5233,601.0174,774.7093,476.0174,1204.2151,952.7616,1037.7907,223.1105,59.593,1562.5,169.7311,9261.6279,452.0349,473.8445,1321.2209,1920.7849,4086.4826,29.7965,689.6802,574.8547,559.593,368.4593,403.343,7469.4767,61.0465,29.7965,1204.2151,134.4477,409.157,951.3081,165.6977,0.7267,1736.9186,1.4535,6403.343,3351.0174,1779.0698,1328.0015,5494.186,1132.9942,1519.6221,4390.9884,204.2151,1374.2733,4202.7616,2809.593,792.1512,1686.7733,23.2558,3562.5,3076.3081,2016.7151,45.7849,216.5698,174.4186,47.9651,34.157,3401.1628,193.314,1482.5581,37.7907,3298.6919,152.6163,7.2674,106272.391,13301.5988,303.0523,201.2137,69.7674,187.5,1515.9884,0,184.593,2282.7035,1859.0116,849.564,1739.0988,5392.4419,11892.4419,212.936,439.6802,1.4535,887.3547,4.3605,1162.7907,207.1221,544.3314,86.4826,21.0756,14555.9593,102669.3314,146.8023,3.6337,5844.4767,2.907,429.5712,335.0291,489.8256,33.4302,1263.0669,254.3605
TCGA-55-7281-01,13.7,1841.0256,3433.6182,3.4188,141.3105,351.567,5.1282,2619.3732,737.3219,642.1652,2189.1738,1671.2251,1819.3732,300.8547,615.3846,148.7179,234.7578,49.5726,447.8632,824.5014,919.6581,9666.0969,65.5271,1343.5897,1429.6296,2003.4188,19377.755,1422.792,620.5128,402.849,1778.3476,11495.1567,127.0655,321.9373,472.3647,1419.3732,9.6866,0,108.2621,313.3903,25411.396,13.6752,664.9573,2668.3761,2641.0256,4756.6952,279.7721,252.9915,4574.9288,516.8091,77.4929,1498.7009,1882.6211,1353.8689,1013.6752,1255.8405,970.9402,7193.1624,618.2336,11.396,822.2222,1534.4729,2309.4017,1539.6011,871.7949,4629.0598,559.5442,6990.3134,8803.9886,1536.7521,2.849,1014.8148,564.1766,308.2621,653.5613,7707.1225,593.1624,162.3932,1154.416,1692.3077,1124.2165,43.8746,809.1168,1515.0997,5065.5271,1603.4188,901.4245,7627.3504,1768.661,135.6125,415.3846,1365.812,2841.5954,1247.2934,589.7436,1566.3818,1593.7322,615.3846,1933.9031,470.0855,24.5014,2022.792,397.7208,33.0484,1288.3191,1824.5014,25.0712,431.9088,29560.6838,1026.7806,1155.5556,14450.6496,888.3191,3157.265,89.4587,29.0598,1296.8661,50.1425,1076.9231,2777.7778,249.5726,1249.0028,290.5983,143.5897,4487.1795,2810.8262,916.2393,2014.245,107.6923,6466.6667,49.5726,192.0228,1649.0028,1982.906,170.7635,156.6952,642.735,8.547,509.9715,1162.963,43.3048,591.453,114.5299,15382.906,1158.4046,3267.8063,1710.5413,1442.1652,2570.9402,524.2165,2462.1083,1219.3732,553.8462,220.5128,1265.5271,171.8006,1072.3647,407.9772,37.037,1193.1624,810.8262,3.4188,91.7379,11.396,275.7835,84.3305,2429.6296,3488.8889,5947.5783,2609.6866,2203.4188,1838.1766,1634.7578,1456.4103,1550.4274,1504.2735,438.7464,1322.5071,2304.8433,7687.7493,418.2336,2510.5413,482.0513,3711.1111,1977.4815,1989.7436,2988.0342,468.9459,916.8091,182.906,150.4274,2348.7179,321.3675,2831.339,3423.3618,95.7265,1450.7123,74.6439,1581.7664,501.4245,354.416,822.792,45.0142,185.1852,500.8547,1239.886,762.963,958.4046,747.0085,2078.0627,468.3761,471.2251,928.7749,205.7835,15618.2336,259.2593,200.9858,741.3105,8171.51,1192.0228,53.5613,613.6752,386.3248,752.1368,484.9003,404.5584,9254.7009,88.3191,62.1083,1076.9231,119.0883,738.4615,1173.7892,141.8803,13.1054,1528.2051,13.1054,5919.0883,4598.2906,2311.1111,1216.0399,9135.6125,755.5556,1339.6011,3977.7778,254.7009,2029.0598,2734.4729,3283.7607,923.0769,729.3447,79.2023,3911.1111,3284.3305,763.5328,26.7806,211.396,143.0199,34.188,66.6667,5468.3761,128.2051,5382.906,41.5954,5466.6667,52.9915,10.2564,167312.8205,11761.8234,157.265,307.1795,189.1738,229.0598,348.7179,3.9886,320.7977,2605.698,2504.2735,862.1083,1983.4758,2852.9915,27296.8661,121.9373,187.4644,0.5698,1187.4644,0.5698,50.1425,333.9031,525.3561,187.4644,2.2792,18445.0142,91061.5385,197.7208,0,6029.6296,4.5584,723.1795,198.2906,965.2422,25.0712,3035.1567,127.0655
TCGA-55-7283-01,6.966666667,1914.787,3310.2757,5.0125,183.4586,871.6792,12.5313,3397.995,1780.4511,386.4662,1973.4336,1030.5764,1767.9198,160.401,2878.6967,172.4311,168.9223,63.1579,104.7619,533.3333,1435.589,11002.005,55.1378,815.0376,1365.9148,2372.4311,20104.2206,1763.4085,881.7043,2141.8496,2277.193,7595.99,222.0551,348.8722,360.9023,704.7619,5.5138,0,103.7594,722.3058,16414.0351,36.5915,368.4211,3021.0526,2114.787,2658.6466,244.1103,447.1178,2592.9825,827.5689,2650.6266,2252.4211,1856.6416,1013.9649,833.584,1558.8972,903.2581,13805.5138,829.0727,15.0376,979.9499,1821.5539,2912.782,2326.3158,891.7293,3554.4812,1114.2857,3542.3559,10974.9373,991.4787,11.0276,1261.6541,547.1629,322.3058,1036.0902,5222.0551,308.7719,372.9323,1908.2707,2713.7845,1007.0175,9.5238,1793.985,1777.9449,5486.2155,1191.4787,1081.7794,6104.7619,1303.7594,94.2356,71.1779,1268.1704,2392.9825,1344.8622,558.396,570.4261,2520.802,492.2306,921.8045,747.3684,0,1645.1128,532.3308,108.7719,1012.5313,1624.0602,96.2406,172.4311,28145.8647,954.386,1294.2356,8877.6942,467.1679,2277.6942,100.2506,45.1128,38.0952,31.0777,1822.5564,2078.6967,184.9624,1217.0426,365.4135,170.4261,1518.797,434.0852,1439.0977,860.1504,222.5564,6933.8346,80.7018,477.193,967.9198,785.9649,266.391,183.9599,474.1855,493.7343,369.9248,1492.2306,108.2707,418.0451,86.2155,5897.7444,2682.7068,5348.8722,1636.0902,1222.5564,3663.1579,913.2832,2410.0251,2190.9774,663.6591,120.802,1330.3258,243.3835,3874.6867,367.9198,5.0125,1252.6316,959.3985,7.0175,176.4411,11.0276,283.7093,100.7519,1488.2206,618.5464,7395.99,4104.2556,2266.1654,1063.6591,1809.5238,968.4211,2799.4987,852.6316,148.3709,1766.416,1683.208,6466.1654,671.1779,1739.3484,1934.3358,4707.2682,701.5639,1748.3709,3266.6667,171.9298,1548.8722,230.0752,182.4561,1041.1028,998.9975,2000,1553.3835,161.4035,370.9273,81.203,1847.1178,955.8847,361.4035,12.0301,26.0652,261.6541,629.5739,2184.4612,581.4536,979.9499,849.1228,1955.8897,488.7218,153.8847,668.1704,140.2506,12559.3985,462.1554,627.4436,853.6341,3394.4862,2415.0376,41.1028,898.2456,692.7318,562.406,490.7268,40.6015,6233.584,71.6792,31.0777,1073.183,178.9474,643.609,1700.7519,257.6441,1.0025,1015.0376,1.5038,2412.0301,2420.5514,1788.9724,1451.8596,4254.6366,1236.5915,622.5564,3879.6992,186.9674,1662.1554,1779.9499,1782.4561,530.3258,929.3233,412.5313,3077.6942,8072.1805,1341.8546,22.5564,239.599,191.9799,40.1003,60.1504,2463.1579,432.0802,2056.6416,65.6642,6811.0276,57.6441,9.0226,101839.0977,12996.9925,332.8321,289.9799,123.3083,124.3108,626.0652,0.5013,213.5338,2148.8722,2829.5739,627.0677,1969.9248,3922.3058,10650.1253,169.4236,309.7744,1.5038,1003.0075,1.5038,220.5514,325.8145,619.5489,78.6967,30.5764,10110.7769,180068.1704,20.0501,2.5063,13364.411,4.01,396.0351,201.0025,1029.5739,22.5564,2185.4586,1542.3559
TCGA-55-7573-01,1.766666667,1706.9656,3617.2938,4.8038,150.5204,864.6918,34.4275,5056.8455,1758.2066,1449.1593,1686.1489,936.7494,1311.4492,614.0913,1564.4516,177.7422,125.7006,94.4756,421.1369,941.5532,1227.3819,9770.2162,110.4884,1701.3611,2386.7094,3915.9327,9021.5372,1764.6117,548.4388,1843.0504,3200.9608,6490.7926,137.7102,332.2658,905.5244,1797.438,28.0224,1.6013,80.0641,577.2618,19943.1545,25.6205,200.9608,3221.7774,1814.2514,6303.4428,462.7702,654.1233,2361.0889,827.8623,946.3571,3608.5028,911.9295,2027.6541,1148.1185,1172.1377,767.8143,4021.6173,488.3907,25.6205,710.9688,1101.6813,1231.3851,1779.0232,1141.7134,3770.1601,1188.9512,7475.5805,9421.1369,1758.2066,116.0929,1334.6677,1752.6821,486.7894,1493.1946,4219.3755,373.8991,525.2202,2109.6878,2851.8815,726.1809,554.8439,1054.4436,1578.0624,8823.8591,1345.0761,1474.3395,4090.4724,1204.964,220.9768,181.7454,1241.7934,3059.2474,899.1193,617.2938,1438.751,1293.0344,775.02,1037.6301,772.6181,0,1995.1962,735.7886,110.4884,1645.3163,1975.9808,31.225,342.6741,22664.5316,911.9295,1274.6197,7362.7142,1718.1745,3037.6301,8.807,44.0352,851.8815,315.4524,1560.4484,1196.9576,345.8767,1585.2682,205.7646,160.1281,2228.1825,415.5324,1351.4812,1510.8086,265.012,6909.5276,375.5004,367.494,84.0673,1309.8479,195.3243,158.5268,1562.0496,266.6133,580.4644,1763.0104,129.7038,1054.4436,532.4259,10484.3875,1300.2402,1265.8127,1330.6645,2618.0945,1596.4772,666.1329,3164.9319,2022.4179,1166.5332,344.2754,2245.7966,179.8559,695.7566,393.1145,17.6141,2022.4179,1255.4043,6.4051,152.1217,28.8231,332.2658,79.2634,2975.9808,699.7598,8859.8879,2678.9432,1699.7598,1524.4195,1353.8831,1221.7774,1805.4444,1373.0985,419.5356,3693.3547,1244.1954,8181.7454,676.5412,991.9936,3654.9239,4971.9776,1685.5725,2905.5244,3057.6461,273.0184,1356.285,86.4692,30.4243,1304.2434,640.5124,3006.4051,2650.1201,100.0801,424.3395,33.6269,1946.3571,767.8062,349.0793,142.514,29.6237,453.1625,484.3875,1118.4948,675.7406,1306.6453,573.2586,2148.9191,411.5292,71.257,528.4227,317.454,10108.8871,447.558,360.6565,783.8271,2470.7766,2425.9408,32.0256,1150.5204,591.6733,471.5773,674.1393,126.5012,5663.731,34.4275,68.0544,933.5468,126.5012,1156.1249,1130.5044,282.6261,4.0032,1140.9127,0,2654.1233,697.3579,2449.96,796.8535,2490.7926,795.8367,1528.4227,3512.4099,161.7294,1609.2874,2532.4259,1525.2202,868.695,842.2738,128.1025,2941.5532,4133.707,2139.3114,37.6301,171.3371,165.7326,93.6749,20.016,1148.1185,224.1793,1634.1073,17.6141,5500.4003,518.0144,13.6109,175845.4764,11802.2418,484.3875,229.96,401.9215,612.49,401.9215,0,432.3459,2215.3723,2039.2314,575.6605,1340.2722,1933.5468,11793.4347,473.9792,210.5685,0.8006,971.1769,13.6109,18.4147,635.7086,1542.8343,128.9031,80.0641,13658.9271,169466.7734,116.0929,6.0849,6361.8895,13.6109,771.8175,345.0761,436.3491,72.0576,701.3531,490.7926
TCGA-55-7574-01,8.366666667,2021.0359,3882.5164,7.9381,196.0706,642.9847,27.7833,2898.9879,1867.0371,2109.9345,1967.8508,877.1582,1519.3491,820.7978,836.6739,186.5449,217.5035,117.4836,1037.5074,1105.775,1020.0437,7569.7559,56.3604,1187.5372,1925.7789,2494.9395,13738.3528,1211.3515,563.6039,654.868,2251.2403,3937.2891,246.8744,522.3259,511.2125,343.719,73.0304,0,119.8651,442.945,16800.1588,15.8762,536.6144,1705.1002,1809.0891,4798.5711,631.8714,1591.5856,3610.2401,728.716,1632.0699,3382.5283,1800.3572,1260.7025,972.4152,1313.7527,754.9117,2987.1006,627.9024,9.5257,727.9222,1110.5378,1566.1838,1818.6148,699.3451,2027.95,2258.3846,4229.4106,7384.7986,1215.3205,264.3382,1491.5658,2430.1171,428.6565,2169.4781,5320.897,1993.2526,321.4924,2020.2421,2317.1264,1158.1663,40.4842,427.0689,1682.0798,7935.7015,1416.154,1316.6263,3474.4989,1209.7638,300.0595,347.688,1247.8666,1961.5003,751.7365,550.903,2768.0095,1031.9508,1016.8684,1545.5448,934.3124,73.0304,2361.5797,726.3346,73.0304,2829.1328,2056.7573,59.5356,508.8311,19621.3534,711.2522,1460.6073,8302.7188,1113.713,2203.6118,88.9065,47.6285,2327.4459,627.1086,1251.8357,1813.0581,502.4807,1867.0371,193.6892,201.6273,1622.5442,2021.8297,1355.8246,8329.4304,201.6273,3222.0679,81.7623,661.2423,377.8527,1484.4215,340.6073,231.792,1513.7924,186.5449,724.5644,1616.1937,170.6688,1774.9553,652.5104,6614.8045,1357.4122,1274.8561,1374.0822,2204.4056,2130.5815,594.5624,2683.072,1675.7293,1724.9454,273.8639,1726.533,154.999,1962.2941,323.8738,23.0204,1442.3497,956.539,15.8762,47.6285,41.278,210.3592,137.3288,5280.4128,1326.4537,6511.6094,4304.0286,1977.3765,914.4672,1940.0675,1039.8889,1679.6984,1370.1131,15.0824,1927.3665,1057.3526,7507.8389,565.1915,1514.5862,2147.2514,5985.3145,2061.2423,1797.9758,3003.7706,621.5519,1698.7498,246.8744,115.896,1110.5378,358.0075,1882.9133,6479.0633,132.566,321.4924,175.4316,1524.9057,993.84,364.358,216.7097,53.979,227.823,415.1617,760.4683,1652.7089,1064.4969,1878.9442,1109.744,476.285,221.4725,2102.0044,124.6279,18204.4056,519.1506,309.8948,1106.5688,10446.5172,1564.5962,192.1016,1035.9198,540.5834,789.0454,884.3024,219.8849,4777.9321,102.4013,42.8656,1313.7527,135.7412,953.3638,117.4836,250.0496,38.1028,1390.7521,0.7938,2476.6819,3108.5533,1447.1125,845.0248,21064.4969,474.6974,1554.2766,4369.9147,276.2453,2055.1697,2224.2508,1927.3665,1256.5985,681.0875,64.2985,8882.7148,4082.5561,1109.744,27.7833,161.9369,188.1326,141.2979,89.7003,5162.9292,568.3667,3691.2086,57.1542,7626.1163,1018.456,12.7009,71380.0357,8316.7295,352.4509,192.816,169.875,1473.3082,460.4088,3.969,762.056,2522.7228,2922.0083,745.386,1528.8748,2142.4886,10398.8887,348.4818,281.0081,1.5876,886.6839,15.0824,308.7914,754.1179,913.6733,126.2155,24.6081,7556.2612,32669.9742,125.4217,16.67,2748.1643,38.1028,721.5717,380.2342,555.6658,92.0818,3233.9829,323.8738
TCGA-55-7576-01,10.96666667,2728.829,5943.9889,7.576,135.8794,586.5296,16.6183,4756.9996,1706.068,716.7881,1205.3184,1119.7828,1187.4781,255.6292,1369.0579,239.0108,409.1044,190.1333,322.3469,878.5725,1054.5314,17247.8809,118.2835,464.5803,1728.5517,2690.7046,15827.2279,1118.0721,1011.0304,1309.9015,2951.4659,10526.7403,309.3944,256.6067,325.0352,326.7459,14.4189,24.1943,44.9673,461.1589,17897.7068,22.9724,374.157,4072.2262,2075.0929,3630.3739,292.2873,392.7305,1766.1873,464.5803,770.7977,3298.4422,2777.9509,1074.9279,1160.1067,907.6546,1077.5038,17035.0195,598.2602,12.9525,1226.3357,2286.9767,1657.9237,2016.4399,912.7867,3457.8218,1171.5929,9902.3306,6973.104,2681.6623,20.7729,1209.9617,992.4839,537.8965,1048.9105,5458.88,439.8972,390.7754,1742.4817,2067.5169,740.2493,7.0872,1981.4925,1181.3684,6441.3171,1291.5871,1139.8103,6255.3383,1484.4087,138.0788,77.9596,1643.7492,1833.8826,793.2813,634.9183,744.8926,401.284,873.4404,1291.8315,639.3173,9.0423,1993.2231,541.0736,207.7292,1890.0917,1719.5093,194.2879,269.3148,20856.5043,963.1305,1503.2265,20541.8776,418.6355,2076.8036,167.1609,64.7626,258.8062,114.6177,1701.669,2271.0915,189.1558,2021.8165,270.7812,246.0981,1842.4362,385.3988,1572.6325,1296.4748,109.4855,8704.0995,27.6158,259.5394,118.2835,1789.6485,240.4014,440.8748,580.4199,157.1411,756.8676,1917.9518,116.5728,472.8895,107.0417,2559.2242,2090.2278,1030.0926,1485.1419,1996.1558,1783.2944,600.4597,3184.367,1729.0404,376.3565,267.6041,2347.3404,156.1366,2212.1942,209.1956,56.2091,2830.0054,1479.7653,6.8428,29.3265,10.9974,337.9877,62.5632,2273.291,1530.5979,10130.0996,5064.9276,1789.8929,1799.424,1828.0173,1500.0495,2545.5385,998.5667,134.1686,2440.6964,2081.9357,6976.7698,716.5437,1462.9026,926.4724,5272.6568,814.8754,1383.7211,4702.5012,295.4643,1172.0817,424.012,309.6388,1357.0829,648.8484,3428.0212,2159.4065,111.1962,286.1776,459.6926,2262.0492,616.5893,522.0114,1063.5737,14.4189,396.1519,627.8311,1294.5197,511.2583,1063.3293,410.8151,2016.9287,418.3911,198.9313,281.0454,528.2872,13011.1819,299.6189,441.4906,934.7816,3085.8789,2982.5031,60.6081,681.5963,718.2544,830.4282,972.6616,431.588,5756.055,152.2533,78.6927,1154.7302,253.4297,1018.362,163.7395,64.2739,1.2219,2456.8259,5.9924,4457.8695,1521.3112,2616.8996,526.4152,13259.7239,1533.5306,446.4957,3566.1001,232.6567,2889.3915,3150.6416,2704.3903,569.4225,961.9086,123.9044,6149.2742,4794.1464,1581.9192,6.1097,355.5836,195.5099,111.6044,129.0365,1602.4478,209.6843,1528.6428,95.7998,828.7175,181.8242,3.177,53664.7714,10986.9216,377.3341,318.6786,99.71,240.2328,282.7562,0.4888,234.1231,1941.413,3490.8288,689.1723,988.5468,3549.2373,17199.7366,133.6799,216.2828,0.7332,640.0504,1.4663,163.2507,453.8273,574.5546,165.6946,15.152,12867.7266,122686.5989,91.6453,2.1995,6184.2216,11.975,716.8247,221.6593,493.6624,20.7729,3180.6866,266.1378
TCGA-55-7725-01,3.933333333,1129.2017,1532.563,6.3025,202.7311,940.1261,7.3529,2582.9832,1545.1681,2159.6639,2231.0924,183.8235,654.4118,429.6218,1143.9076,181.7227,197.479,152.3109,214.2857,926.4706,1476.8908,8993.6975,46.2185,1503.1513,317.2269,1826.6807,12564.9265,1048.3193,563.0252,1535.6408,2540.9664,2657.563,232.1429,545.1681,1296.2185,856.0924,30.4622,0,338.2353,165.9664,24364.4958,40.9664,88.2353,3262.605,1162.8151,5310.9244,543.0672,591.3866,2018.9076,1241.5966,800.4202,1573.3613,3121.8487,2382.3214,1747.8992,881.3025,464.2857,10551.4706,1009.4538,22.0588,703.7815,1280.4622,2292.0168,2476.8908,674.3697,3288.6029,492.6471,4038.8655,19432.7731,1634.4538,33.6134,1566.1765,547.7941,445.3782,1802.521,3390.7563,405.4622,414.916,2178.5714,2885.5042,1640.7563,23.1092,660.7143,2488.4454,9694.3277,1936.9748,1524.1597,1842.437,915.9664,66.1765,47.2689,1515.7563,3546.2185,282.563,1342.437,1152.3109,2226.8908,841.3866,1490.5462,1144.958,0,658.6134,1174.3697,76.6807,1075.6303,857.1429,33.6134,587.1849,18152.3109,2234.2437,1710.084,5709.0336,893.9076,1671.2185,55.6723,120.7983,287.8151,105.042,1535.7143,2131.3025,300.4202,1635.5042,114.4958,310.9244,1173.3193,163.8655,1379.2017,3014.7059,64.0756,7045.1681,60.9244,272.0588,3201.6807,2348.7395,205.8613,168.0672,319.3277,93.4874,359.2437,1870.7983,67.2269,1111.3445,307.7731,4123.9496,1780.4622,2465.3361,609.2437,2819.3277,634.4538,871.8487,3569.3277,2797.2689,2506.3025,467.437,1143.9076,55.042,2829.8319,376.0504,21.0084,1182.7731,1498.9496,4.2017,4482.1429,7.3529,500,154.4118,558.8235,811.9748,8547.2689,5268.9076,2399.1597,381.3025,1631.3025,1469.5378,2372.8992,1805.6723,268.9076,2214.2857,1300.4202,5590.3361,408.6134,1549.3697,1447.479,4647.0588,629.7584,599.7899,4267.8571,286.7647,838.2353,177.521,35.7143,1074.5798,202.7311,1535.7143,4405.4622,139.7059,253.1513,112.395,2316.1765,178.5714,480.042,107.1429,17.8571,209.0336,653.3613,1821.4286,784.6639,1364.4958,150.2101,1763.6555,368.6975,72.479,1470.5882,240.6092,13962.1849,627.1008,484.4643,1798.3193,4903.3613,3772.0588,9.4538,1537.8151,800.4202,94.5378,373.9496,553.5714,7475.8403,67.2269,49.3697,530.4622,152.3109,1530.4622,2843.4874,235.2941,1.0504,3097.6891,3.1513,1651.2605,860.2941,2442.2269,1719.9475,6565.1261,1237.395,1603.9916,3313.0252,199.5798,2159.6639,4032.563,2948.5294,728.9916,912.8151,184.8739,444.3277,4500,6628.1513,12.605,198.5294,174.3697,115.2416,38.8655,3364.4958,391.8067,2725.8403,23.1092,15685.9244,324.5798,6.3025,135128.1513,11178.5714,400.2101,310.9244,92.437,449.5798,1068.2773,0,661.7647,1661.7647,2373.9496,139.7059,2599.7899,1088.2353,6234.2437,332.9832,339.2857,2.1008,1381.3025,2.1008,4.2017,413.8655,836.1345,225.8403,67.2269,17939.0756,70198.5294,28.3613,2.1008,3973.7395,1.0504,462.3109,461.1345,608.1933,25.2101,2113.4454,50.4202
TCGA-55-7727-01,7.466666667,1007.3394,1372.4771,4.5872,132.1101,598.1651,4.5872,2920.1835,2090.8257,1511.0092,1893.578,293.578,997.2477,385.3211,1161.4679,371.5596,521.1009,253.211,181.6514,1269.7248,1633.0275,20057.7982,1109.1743,420.1835,443.1193,1869.7248,14259.6055,1397.2477,703.6697,1317.4312,1912.844,5210.0917,416.5138,823.8532,597.2477,277.9817,17.4312,0,60.5505,188.9908,17304.5872,8.2569,168.8073,2957.7982,1078.8991,4477.0642,364.2202,766.055,1763.3028,815.5963,664.2202,1391.367,1215.5963,1217.4587,941.2844,853.211,490.8257,11957.7982,1044.0367,24.7706,1054.1284,2082.5688,1681.6514,3421.1009,1395.4128,3749.5413,309.1743,6577.9817,13822.0183,2414.6789,47.7064,1323.8532,693.9633,560.5505,1288.9908,2405.5046,347.7064,303.6697,1496.3303,2661.4679,1068.8073,21.1009,628.4404,1963.3028,9027.5229,1586.2385,1493.633,2446.789,965.1376,34.8624,31.1927,1818.3486,3382.5688,372.4771,815.5963,733.945,546.789,1602.7523,2300,957.7982,4.5872,690.8257,664.2202,164.2202,1708.2569,863.3028,137.6147,388.0734,22963.3028,1205.5046,1432.1101,4230.2752,1083.4862,1780.7339,164.2202,73.3945,319.2661,100.9174,1936.6972,1672.4771,357.7982,1436.6972,457.7982,222.9358,831.1927,767.8899,1484.4037,1621.1009,79.8165,6055.0459,99.0826,253.211,3400,1526.6055,351.0642,300.9174,316.5138,15.5963,253.0367,1733.945,100,905.5046,582.5688,1361.4679,1474.3119,5067.8899,722.9358,2674.3119,667.8899,667.8899,4527.5229,2149.5413,1274.3119,235.7798,1449.5413,73.6422,630.2752,293.578,9.1743,2071.5596,1570.6422,0,58.7156,5.5046,484.4037,93.578,685.3211,978.8991,11051.3761,6537.6147,2522.0183,501.8349,2912.844,1207.3394,2860.5505,1376.1468,43.1193,1672.4771,1036.6972,8426.6055,322.0183,2890.8257,1887.156,3890.8257,362.7523,466.9725,4985.3211,255.0459,974.3119,598.1651,177.0642,867.8899,454.1284,1518.3486,2531.1927,158.7156,1601.8349,330.2752,2804.5872,275.2018,558.7156,74.3119,4.5872,323.8532,724.7706,1737.6147,857.7982,1346.789,75.2294,1109.1743,183.4862,682.5688,529.3578,255.9633,10651.3761,391.7431,338.5321,1709.1743,5073.3945,3793.578,10.0917,1495.4128,632.1101,72.4771,484.4037,592.6606,11522.9358,140.367,86.2385,184.4037,355.9633,2166.9725,601.8349,120.1835,3.6697,1430.2752,1.8349,3391.7431,908.2569,2269.7248,1685.6789,4639.4495,878.8991,648.6239,4133.0275,250.4587,2335.7798,3245.8716,3734.8624,1003.6697,505.5046,158.7156,1571.5596,5902.7523,1657.7982,40.367,290.8257,220.1835,87.156,217.4312,1977.9817,188.0734,4266.055,77.9817,2284.4037,362.3853,7.3394,52992.6606,9944.9541,429.3578,513.8349,72.4771,486.2385,800.9174,0,582.5688,2946.789,3159.633,274.3119,2074.3119,1293.578,17140.367,200,220.1835,3.6697,1020.1835,4.5872,55.9633,346.789,653.211,151.3761,13.7615,18622.9358,215204.5963,6.422,4.5872,4942.2018,4.5872,599.0826,655.0459,511.9266,19.2661,1381.6514,239.4495
TCGA-55-7728-01,3.133333333,1588.8127,4734.21,43.3414,140.0259,444.5268,1.1113,2197.444,1681.4225,1007.9644,963.5118,954.9917,1533.6173,274.8657,598.6294,55.9363,102.982,58.5294,2271.5318,721.6151,484.5342,5197.6292,62.6042,2580.4779,1936.2845,1803.2969,5693.4543,1354.3249,667.531,247.82,2061.1224,5223.1895,221.1521,632.7098,339.6925,934.6175,29.2647,0.3704,190.0352,303.0191,27529.1721,239.3036,949.8055,3030.5612,2185.9604,3179.4777,636.4142,1004.26,4237.8218,785.3306,72.2356,5701.1261,1319.1332,962.9524,799.0369,1264.3082,923.1339,1862.1967,440.0852,10.3723,278.9405,400.4445,3165.7714,1036.1178,966.4753,1993.9915,827.9311,2672.3467,4657.8996,887.5718,48.1571,811.6318,284.6823,254.1211,836.0808,6072.9765,570.476,549.361,1236.1548,1132.0615,622.7079,25.1898,739.3962,1385.8122,6726.8013,877.9404,912.8505,2682.719,1422.1152,192.9987,277.4588,812.3727,1242.0819,1402.4819,792.369,1422.8561,1342.1004,1429.524,1929.987,464.9009,1.1113,2007.0383,627.8941,39.637,2382.293,1894.4249,47.4162,917.5773,19489.5351,931.654,1271.3465,2838.4627,1224.3008,2944.9898,91.4984,80.7557,800.1482,318.948,770.5131,2130.0241,471.1984,687.9052,265.9752,155.5844,4101.5003,2369.3277,1004.26,3666.2345,11.1132,17080.9409,31.8578,167.8089,103.3525,1704.0193,337.3958,185.5899,534.173,438.5997,924.6157,804.223,45.1936,887.2013,351.5466,4587.5162,744.2119,153.7322,1349.5092,1372.8468,3179.1072,624.9305,1719.5777,2311.9096,1522.1337,656.4179,1181.7003,309.261,551.5836,228.5608,8.1497,1498.0552,956.4734,10.0019,44.8231,7.4088,258.5664,96.3141,1066.4938,1619.1887,2704.5749,2037.0439,2060.6779,1600.2964,1998.1478,1311.7244,924.9861,1151.3243,535.2843,2205.5936,4400.0741,3839.2295,586.4049,2924.2452,564.9194,2610.8539,5940.5742,2158.9183,2546.027,152.2504,1445.4529,155.2139,190.7761,1132.8024,318.2071,2031.8578,4539.7296,136.3215,1143.1747,40.7483,1289.1276,1438.0404,341.9152,11.854,4.8157,70.3834,376.366,819.411,887.2013,908.6868,784.5897,1094.2767,781.9967,469.7166,734.21,125.9678,8403.408,285.238,299.6666,630.8576,3472.1245,2043.3414,97.055,691.98,461.567,698.6479,824.2267,766.4382,9038.3404,71.4947,55.1954,1460.6409,104.0934,956.4734,2492.6838,160.4001,1.8522,3636.2289,58.1256,3826.6346,4325.2454,1137.2476,681.5003,2736.8031,1022.4116,779.4036,5904.4267,251.5281,1665.864,3706.6123,1805.89,1470.2723,3318.3923,51.1206,1228.0052,1455.8252,1133.5432,38.8961,120.3927,123.3562,136.692,76.3104,3131.6911,52.6023,3468.0496,21.4855,2271.5318,705.3158,20.3741,222870.5316,7249.4906,318.2071,300.0037,108.5386,1041.6744,314.5027,28.1534,468.2349,1459.9,1245.7863,927.9496,1453.6025,1514.3545,13148.3608,1059.8259,227.0791,0,1140.952,111.8726,695.3139,461.9374,1568.0682,326.3567,14.8176,8816.0771,13585.4788,185.9604,137.2699,7636.2289,1.8522,1471.0132,308.9461,898.6849,40.0074,700.4964,373.7729
TCGA-55-7815-01,4.266666667,840.6814,1147.2946,6.012,133.2665,1374.7495,19.0381,2541.0822,1278.5571,893.7876,3016.0321,157.3146,614.2285,665.3307,692.3848,250.501,333.6673,137.2745,74.1483,967.9359,2420.8417,8250.501,5.01,67.1343,240.481,1583.1663,25628.2465,863.7275,367.7355,295.5912,2404.8096,2724.4489,277.5551,873.7475,901.8036,55.1102,19.0381,0,82.1643,117.2345,18036.0721,21.0421,70.1403,5814.6293,1474.9499,7194.3888,634.2685,557.1142,1283.5671,1265.5311,2164.3287,1280.2004,3671.3427,1444.6593,1678.3567,897.7956,335.6713,47.0942,1104.2084,24.0481,703.4068,1166.3327,1873.7475,3712.4248,761.523,3056.1122,232.4649,5867.7355,9722.4449,2640.2806,29.0581,2393.7876,2740.0501,1033.0661,1472.9459,2028.0561,1315.6313,342.6854,2194.3888,5143.2866,1579.1583,13.0261,640.2806,2430.8617,8563.1263,2492.986,2379.7595,1382.7655,533.0661,80.1603,233.4669,1469.9399,4268.5371,112.2244,852.7054,1068.1363,1325.6513,1040.0802,796.5932,1029.0581,97.1944,422.8457,875.7515,128.2565,1009.018,921.8437,98.1964,348.6974,31562.1242,2237.4749,1693.3868,4120.2405,1242.485,906.8136,29.0581,119.2385,134.2685,28.0561,2089.1784,3529.0581,632.2645,1048.0962,216.4329,277.5551,1110.2204,806.6132,1559.1182,4937.8758,251.503,6105.2104,1.002,315.6313,890.7816,1488.978,86.6834,109.2184,691.3828,22.0441,1023.0461,1758.517,59.1182,944.8898,301.6032,510.02,1772.5451,443.8878,386.7735,1596.1924,351.7034,1402.8056,3051.1022,2780.5611,1197.3948,281.5631,1523.0461,6.012,863.7275,290.5812,10.02,1061.1222,1292.5852,1.002,13.0261,10.02,410.8216,128.2565,1846.6934,1023.0461,16707.4148,5956.9138,2612.2244,173.3467,1528.0561,1136.2725,3854.7094,1220.4409,146.2926,1319.6393,873.7475,13883.7675,258.517,820.6413,1116.2325,11881.7635,169.9499,464.9299,4867.7355,1158.3166,1140.2806,433.8677,220.4409,785.5711,180.3607,456.9138,6777.5551,243.487,198.3968,180.3607,1299.5992,59.1182,330.6613,42.0842,148.2966,580.1603,360.7214,1971.9439,2804.6092,1369.7395,134.2685,2077.1543,202.4048,725.4509,3057.1142,58.1263,11440.8818,431.8637,601.2024,1424.8497,11444.8898,1987.976,10.02,2084.1683,646.2926,17.0341,482.9659,126.2525,6214.4289,59.1182,80.1603,97.1944,340.6814,1265.5311,844.6894,203.4068,0,1955.9118,1.002,1068.1363,2017.0341,2165.3307,922.5852,10851.7034,585.1703,625.2505,1833.6673,187.3747,2876.7535,2210.4208,3408.8176,1485.9719,142.2846,94.1884,1422.8457,6190.3808,1986.9739,6.012,213.4269,128.2565,76.1523,61.1222,1814.6293,82.1643,2780.5611,35.0701,1519.0381,85.1703,3.006,32808.6172,10565.1303,540.0802,166.3727,316.6333,388.7776,687.3747,0,793.5872,2150.3006,2053.1062,100.2004,1644.2886,554.1082,4660.3206,174.3487,335.6713,3.006,717.4349,1.002,80.1603,510.02,434.8697,172.3447,3.006,5916.8337,145384.7695,7.014,0,1667.3347,3.006,439.8798,467.9359,329.6593,550.1002,3100.2004,82.1643
TCGA-55-7903-01,4.666666667,1997.5087,3762.3318,10.4634,168.9088,649.726,1.4948,3566.5172,1885.8994,827.1051,1368.2113,824.6139,2015.4459,135.0274,1405.0822,167.9123,674.6388,89.6861,561.5346,1008.4704,1102.1425,14536.6218,133.0344,401.0962,1406.577,2006.9756,17572.9596,1194.8181,839.5615,1251.1161,1692.576,16940.2093,397.6084,471.8485,187.3443,109.6163,3.4878,0.4983,50.3239,512.2073,20041.3553,37.3692,283.0095,2457.8974,1746.3876,3125.5605,471.3503,596.9108,2360.2392,683.1091,355.7549,3191.8286,1403.5874,1223.418,774.7882,1387.145,878.9238,14770.3039,901.8435,7.9721,918.7843,1644.2451,1929.2476,3627.8027,1063.7768,2435.725,1290.4833,6887.8924,11465.8695,1669.6562,6.4773,1269.0583,376.1186,242.1525,957.6482,4639.7608,384.6537,321.8734,1938.2162,3258.0967,800.1993,5.4808,1452.9148,2161.435,5989.0384,1904.8331,2221.3054,5641.7539,1550.0747,38.864,97.1599,1978.0767,2456.4026,1067.2646,811.1609,499.2526,1740.9068,1110.6129,1238.1664,884.9028,9.9651,2268.56,586.4474,97.6582,2449.9253,1756.3528,217.7379,173.3931,21099.153,867.4639,1126.5571,15647.7329,563.0294,884.4046,124.564,204.7833,96.1634,45.3413,2722.4714,2652.7155,207.7728,2246.6368,399.1031,217.7379,1327.3543,1677.13,1319.3822,1018.4355,26.9058,6172.3966,18.4355,229.1978,2431.988,2277.5286,644.7185,407.0752,220.2292,214.7484,624.8132,1729.9452,213.2536,391.6293,123.0693,4177.8774,1741.4051,2285.0025,1572.4963,1945.1918,2618.8341,582.4614,2798.7045,2143.996,1437.9671,277.5286,1522.1724,177.0055,2215.7449,193.3234,8.9686,1831.0912,1254.6089,7.9721,19.9302,1.4948,315.8944,74.7384,1200.299,1862.4813,9668.1614,4990.5282,3271.5496,2832.0877,1337.3194,1087.6931,2662.1824,1032.8849,9.4669,2231.1908,2299.4519,7552.566,320.8769,908.8191,893.3732,3395.1171,1348.8042,1363.2287,5806.6766,123.0693,1953.6622,618.8341,283.0095,583.4579,275.0374,1610.862,1679.6213,119.5815,422.0229,242.6507,2145.4908,1278.5202,411.0613,1137.5187,4.4843,264.574,758.844,1136.0239,1292.9746,1108.1216,245.142,651.719,412.0578,303.438,406.577,344.6537,8834.579,422.0229,299.6413,1295.4659,5499.7509,2306.4275,67.2646,1319.8804,570.5032,683.6074,1141.0065,441.9532,6359.2427,117.0902,51.8186,927.2546,168.9088,881.9133,173.8914,43.3483,2.9895,2358.2461,0.4983,4135.5257,1764.3249,1545.0922,701.8186,12711.5097,2692.0777,1673.6423,4366.7165,431.4898,2361.7339,3080.7175,2728.4504,447.9322,1939.2128,108.6198,4323.3682,3994.5192,1111.1111,4.4843,304.9327,206.7763,138.585,167.4141,582.4614,132.0379,15792.2272,140.01,993.5227,85.7,5.4808,66515.1968,12778.276,338.8142,487.8426,38.864,146.4873,1133.0344,0,526.6567,1933.2337,4020.9268,751.3702,1074.2402,3140.01,8180.3687,151.9681,230.6926,0,797.708,2.4913,1254.1106,351.2706,446.4375,93.6721,7.4738,13716.4923,161281.5147,16.9407,0.4983,6255.6054,0.9965,602.8899,433.9811,817.14,12.9547,2660.1594,258.0967
TCGA-55-7907-01,32.3,1157.154,2946.8335,2.3456,122.7522,489.4449,7.8186,3071.1493,1666.9273,1167.3104,1973.4167,684.9101,895.2306,161.8452,564.5035,191.5559,405.7858,148.5536,222.0485,878.0297,1275.9969,14592.6505,333.8546,1094.6052,1916.3409,2608.2877,8786.5285,908.5223,1146.9898,688.8116,2823.2995,14172.0094,212.6661,304.1439,207.1931,827.2088,27.3651,1.5637,65.6763,221.2666,26872.5567,136.0438,229.8671,4359.656,1569.9765,3606.724,354.9648,996.0907,1860.0469,666.9273,849.1009,1820.5395,3030.4926,912.3378,1178.2643,865.5199,856.1376,1367.4746,581.7045,39.8749,979.6716,1351.0555,1392.4941,3467.5528,858.4832,3578.5145,713.8389,3003.9093,4106.3331,868.6474,5.473,465.2072,1866.1767,479.2807,1061.767,7003.9093,982.0172,157.154,1312.7443,2781.079,970.2893,7.0367,1041.4386,1161.8452,5447.2244,1390.1486,1141.5168,2315.0899,1953.8702,154.8084,157.154,1569.9765,1486.3174,494.9179,655.1994,1228.3034,2385.4574,551.9937,1072.7131,444.8788,18.7647,2448.7881,638.7803,157.9359,901.4855,1301.0164,76.6224,193.1196,13820.172,2039.8749,1258.0141,12103.9093,709.9296,1362.7834,117.2791,52.3847,465.2072,69.5856,2017.2009,4057.8577,267.3964,1390.9304,135.2619,275.9969,1721.6575,822.5176,1121.1884,2101.6419,72.7131,10554.3393,21.1102,223.6122,432.369,1803.7529,291.4073,186.0829,939.0149,67.24,1189.2103,1850.6646,82.8772,526.1923,230.6489,2195.4652,1521.5012,1774.0422,892.1032,1471.4621,1150.1173,1692.7287,5408.9132,1529.3198,1194.6833,183.7373,1404.222,70.3675,838.9367,293.1978,111.8061,1138.3894,969.5074,0.7819,32.8382,7.0367,291.6341,129.7889,2021.8921,1745.8952,9913.2134,7295.5434,1592.6505,1484.7537,1578.577,1135.2619,1928.8507,1504.3002,207.1931,1215.0117,2153.2447,7062.5489,551.2119,716.9664,653.6357,4168.1001,861.9937,997.6544,4916.3409,246.2862,1613.7608,388.5848,373.7295,1658.3268,444.8788,3943.706,2268.9601,130.5708,1577.0133,164.1908,2303.362,597.3417,293.9797,43.7842,6.2549,281.4699,644.2533,801.4073,942.9242,1593.4324,356.5285,2200.1564,296.3253,63.3307,352.6192,107.3729,8640.344,408.9132,159.3354,1489.4449,2675.5278,2638.7803,87.5684,1293.1978,559.0305,684.1282,469.1165,670.8366,8064.8944,119.6247,66.4582,921.0321,197.0289,763.0962,129.007,128.2252,1.5637,1506.6458,32.541,4466.7709,1221.2666,2264.269,1230.4691,8438.6239,1841.2823,1119.6247,3777.1697,196.2471,2802.9711,2649.7263,2807.6622,748.2408,736.5129,55.5121,4290.8522,3145.4261,2212.6661,10.9461,244.7224,182.1736,124.3159,69.5856,2696.638,69.5856,5670.8366,64.8944,2636.4347,96.1689,10.1642,55962.4707,11970.2893,288.5066,322.1892,258.7959,343.2369,476.9351,2.3456,547.3026,1890.5395,2751.3683,438.6239,2333.8546,2597.3417,19738.0766,311.1806,344.8006,0,957.7795,11.7279,334.6364,306.4894,1779.5152,123.534,7.0367,10731.8217,9777.9515,81.3135,0.7819,4969.5074,5.473,512.9007,483.19,330.7271,28.9289,1073.4949,576.2314
TCGA-55-7911-01,6.566666667,1499.141,2941.7206,7.4006,105.1936,945.6852,4.2289,2918.9904,1575.7896,1683.6263,1613.321,851.0638,1733.3157,292.8505,939.8705,166.5125,901.2819,271.1775,357.8697,1172.988,1208.9335,16186.5997,208.8014,391.7008,1438.3507,2180.5207,48633.0699,1003.3038,897.053,663.9249,1981.2343,8548.1697,572.4858,469.9352,207.2155,171.7986,15.3297,0.5286,107.8367,286.5072,21580.0185,14.2725,605.7883,2847.6279,2035.6812,3229.2851,527.5539,790.8022,2617.1534,790.2736,105.7222,2025.9601,2978.7234,1532.1105,710.4533,824.1047,900.2247,666.05,1101.6255,10.0436,1104.7971,2012.4224,2809.0392,2315.8451,900.2247,2298.8661,1004.361,5317.8274,11326.5495,1481.6968,12.1581,1313.5985,323.5047,397.5155,1401.8766,5665.1249,835.7341,124.7522,1202.5902,2385.0932,1482.2255,5.8147,2342.2757,1749.7027,8200.3436,1505.4843,1418.3217,5963.7901,1244.3505,53.3897,276.4636,1941.5885,1960.6185,824.6333,667.1072,1473.7677,1122.7699,723.6686,1650.8524,809.8322,7.4006,1981.7629,878.023,128.4525,1424.0782,1483.8113,418.1314,311.3519,21378.6177,1970.6621,1629.7079,18073.2126,1110.0833,1336.8574,102.5505,230.4744,666.05,102.5505,2517.2459,2337.5182,257.9622,3437.5578,220.4308,236.2892,1467.953,3852.5175,1281.3532,3203.3831,197.7005,3650.5881,19.03,265.3628,48.6322,1446.8085,740.2035,215.6733,253.7333,121.5805,580.9436,1522.9285,44.9319,865.8649,359.9841,2324.8315,2398.8371,692.4805,1473.2391,1924.1443,1999.7357,543.4122,2313.2021,2655.742,1417.7349,124.2236,1326.2852,97.7455,3022.5981,108.8939,7.4006,1942.1171,989.5599,8.4578,20.0872,2.1144,469.4066,147.4825,1315.713,1226.9063,12676.6222,4522.2677,1867.5829,841.0202,2185.8068,1097.9252,1942.6457,1309.3696,9.515,1341.0863,1594.8196,8063.4333,405.9733,1034.4919,1911.4576,6964.4509,904.2897,1765.561,5890.8418,206.6869,1312.5413,491.6083,245.2755,1086.8244,460.4202,1657.7243,2464.3848,141.1392,624.8183,408.6164,1608.0349,688.7749,411.2594,253.7333,5.8147,287.5644,945.1566,1363.288,1319.4132,1142.8571,577.2433,537.0689,463.0633,108.3653,177.6133,241.1947,8345.7116,466.235,430.5379,2213.8232,5320.4705,2208.0085,233.1175,733.7122,672.3933,1024.4483,1185.146,401.7444,5737.5446,163.3408,110.4797,466.235,326.153,1143.9144,17.9728,133.7386,3.1717,1237.4785,4.2289,4543.9408,2921.6334,1894.5421,842.8598,17502.8413,783.9302,479.4502,4280.6925,319.2811,2534.1615,1250.1652,2214.3518,548.6983,1882.384,61.3189,5875.5121,3458.7023,997.4891,4.2289,416.5455,153.8258,181.8422,137.9675,2048.8965,401.2158,7119.8626,171.27,2677.9437,126.338,16.9156,64930.8947,13230.6066,276.4636,486.1953,34.3597,431.3466,676.0936,2.6431,411.2594,1594.8196,3162.1514,576.7147,1629.7079,2214.8804,7735.6945,128.9811,158.5833,4.2289,1023.9197,1.0572,20.0872,634.8619,404.9161,153.8258,2.6431,12233.1175,89807.3213,26.4306,1.0572,3266.2878,5.8147,537.6556,521.2105,852.6497,56.0328,7509.9511,200.8722
TCGA-55-7914-01,5.3,1343.8281,2985.0075,2.9985,318.3408,796.6017,18.4908,2135.932,1787.6062,1584.7076,1853.0735,852.074,1350.8246,305.8471,613.1934,236.8816,238.3808,105.4473,680.1599,967.5162,1571.2144,9831.0845,79.96,1664.1679,1458.7706,1947.5262,7455.2274,1937.0315,720.6397,937.0315,2540.2299,4699.6502,242.3788,542.2289,1205.3973,2658.1709,7.996,0,40.4798,315.3423,21445.2774,152.9235,204.8976,1874.063,1750.1249,2218.8906,379.8101,394.8026,1893.0535,495.2524,193.903,2049.5752,1569.7151,1289.6652,1219.3903,1306.3468,828.086,2052.4738,427.7861,21.989,760.1199,1008.4958,993.5032,2104.9475,1337.3313,2266.2419,912.044,2773.6132,11119.4403,2208.3958,24.9875,661.6692,994.3128,246.8766,1070.9645,5236.3818,634.1829,67.4663,2561.7191,2782.1089,1086.9565,7.4963,1408.7956,1310.8446,5664.1679,2089.4553,1921.8441,3734.1329,1529.7351,2346.8266,304.8476,1111.4443,2405.2974,782.1089,1068.9655,691.6542,632.6837,591.7041,3743.6282,676.6617,9.995,2209.8951,777.1114,92.9535,865.5672,1296.3518,68.9655,234.8826,25550.7246,1483.7581,1846.077,6969.5652,799.1004,3294.3528,83.4583,78.9605,1805.5972,183.4083,1240.3798,1884.058,212.8936,1177.4113,107.946,616.6917,846.5767,912.044,1224.8876,961.5192,39.4803,5856.072,18.9905,210.8946,563.7181,1295.3523,216.3368,195.902,581.2094,1208.3958,516.7416,1984.008,43.978,499.2504,1691.1544,2018.4908,902.5487,4519.7401,1354.8226,1858.071,1650.1749,463.7681,3635.6822,1364.3178,1332.3338,186.4068,988.5057,280.9345,6773.1134,238.8806,16.4918,1758.6207,674.6627,17.4913,50.9745,4.4978,139.4303,63.968,2255.8721,1131.934,6791.1044,4308.8406,1143.4283,827.0865,1638.1809,878.5607,2119.4403,1521.7391,8.9955,1239.8801,2895.0525,6122.9385,643.1784,493.2534,2907.0465,1808.5957,735.0875,1156.4218,3087.4563,150.9245,1130.9345,294.3528,93.953,1677.1614,664.6677,3648.6757,3083.958,174.9125,728.1359,221.8891,2188.4058,727.1364,373.3133,19.4903,4.4978,227.8861,311.8441,1028.4858,765.1174,1735.6322,318.8406,657.1714,358.8206,25.4873,2747.1264,195.1374,10531.2344,529.2354,426.7816,2046.9765,2846.5767,2735.6322,40.4798,1199.4003,826.087,921.0395,502.7486,23.988,4888.056,72.4638,65.967,989.0055,88.4558,479.2604,2871.0645,88.4558,12.4938,2872.064,0,2844.5777,886.057,1780.1099,1467.4713,1831.0845,2817.0915,1805.5972,4375.8121,311.3443,1624.6877,3271.8641,2481.7591,794.6027,880.06,35.4823,1314.3428,4563.7181,8744.6277,23.4883,219.8901,204.3978,78.9605,92.9535,1438.2809,114.4428,8027.4863,57.4713,3018.4908,125.4373,16.4918,64233.3833,7871.0645,300.3498,312.2739,92.4538,422.7886,521.7391,0,827.5862,1746.1269,1918.041,745.1274,3612.1939,3640.1799,7656.6717,624.6877,221.3893,1.999,978.011,2.4988,199.9,308.3458,1736.6317,27.986,45.977,9790.6047,67852.2189,304.8476,0.9995,15419.7901,4.9975,829.0855,374.8126,420.7896,26.4868,1127.926,159.4203
TCGA-64-1676-01,17.06666667,404.6325,2452.0452,4.85,44.3433,182.2232,0,777.3932,728.1999,579.2342,1018.5099,744.8286,951.9949,99.0795,371.375,155.8944,116.4011,29.7931,347.1248,439.9685,1985.0549,9282.297,151.0443,794.022,267.4454,1263.7837,8240.2298,794.022,309.0173,514.7978,560.5269,2570.5249,206.4734,420.5684,76.9079,15.9359,3.4643,0,87.9937,57.5077,30669.6183,4.85,390.7752,3789.2724,1756.4099,2001.6837,659.6064,397.011,650.5992,426.1113,2043.2555,333.1567,998.4168,1818.5112,1290.1125,145.5014,584.7771,13821.9409,511.3335,2.0786,3070.7726,4827.8753,1171.6328,1112.7393,394.9324,2536.5122,616.6488,2352.9656,10717.9109,2364.0515,0,413.6397,756.642,253.5882,363.7535,2968.9216,491.9333,80.3722,1028.9028,1557.5579,1908.147,1088.4891,304.8601,395.6253,4881.9187,1577.651,2005.148,443.4329,938.8305,72.0578,606.2559,1449.4712,6398.5976,466.9902,566.0698,715.0355,331.8818,228.6451,1261.7051,318.7174,12.4715,1120.3608,338.1176,20.0931,1885.9754,313.8673,24.2502,478.0761,36673.2835,586.1628,2892.0137,3515.806,247.3524,1218.7475,99.0795,248.0453,269.524,151.7372,593.0915,5188.8574,272.9884,1683.6592,365.8321,204.3948,2745.8194,349.8962,606.9487,1741.8597,20.7859,2087.5988,2.7715,144.8085,1696.1307,692.171,312.3222,97.6938,696.3282,20.0931,351.9748,1327.5271,19.4002,200.9305,69.2864,2877.4636,541.8195,300.7029,1080.8676,550.1339,1324.0628,603.4844,1100.2678,1247.1549,870.237,306.2458,557.7554,270.3139,2544.8889,28.4074,27.7146,546.6696,509.9478,5.5429,56.122,1.3857,321.4888,478.0761,1046.2244,943.6806,5471.5458,10385.3362,1168.7158,1653.1731,1752.2527,3803.1297,4278.4343,5750.7699,60.2792,341.5819,1204.8902,3311.8892,130.9513,762.1502,430.9613,1660.1018,1155.4198,888.9443,4862.5185,139.2656,550.8268,519.6479,266.0597,342.9676,97.0009,951.3021,5006.6342,60.972,164.9016,191.9233,747.6001,164.2087,913.8874,46.4219,167.6731,162.1301,843.2153,1413.4423,272.9884,776.0075,1369.099,139.9585,444.8186,4.85,1031.6743,84.2661,12198.5609,347.1248,203.4941,896.5658,5546.3751,2653.6685,31.1789,539.0481,249.431,410.8683,356.132,393.5467,7060.2826,252.2024,115.0154,500.2477,73.4436,399.0896,797.4863,67.2078,1.3857,1048.9959,0,1333.7629,1819.4605,1841.6321,962.8244,14005.5498,458.6759,1243.6906,1575.5724,396.3181,3468.4764,3466.3978,4347.7207,1839.5535,483.619,13.1644,556.3697,3261.3101,1028.21,7.6215,354.0534,128.2352,56.122,85.9151,2654.3614,261.2097,5542.2179,47.1147,552.9054,18.0145,15.9359,89254.0281,4713.5528,190.5376,649.2758,105.3153,148.9657,582.0056,0,956.845,2519.9458,3219.7383,933.2876,1375.3347,1602.5941,8848.5642,281.9956,91.458,0,922.2018,0,197.4662,339.5033,232.1094,308.3244,0,13809.4694,33870.6492,9.7001,0.6929,2824.113,4.1572,464.2188,320.1031,273.6812,12.4715,1770.2671,135.8013
TCGA-64-1677-01,7.3,1580.9628,3326.0394,6.5646,85.3392,306.3457,2.1882,1045.9519,1649.8906,911.3786,699.1247,548.14,1618.1619,117.0678,312.9103,132.3851,257.1116,79.8687,193.6543,422.3195,1323.8512,10677.2429,2017.5055,288.8403,528.4464,921.2254,15824.9234,2082.0569,712.2538,265.8643,818.3807,2729.7593,675.0547,537.1991,228.6652,1182.7133,5.4705,2.1882,43.7637,125.8206,40584.2451,43.7637,572.2101,1857.7681,4924.5077,1280.0875,264.7702,529.5405,1086.4333,424.5077,231.9475,526.0613,1400.4376,953.5011,664.1138,299.7812,1331.5098,1939.8249,805.2516,7.6586,1293.2166,1486.8709,1305.2516,1224.2888,649.8906,1750.547,289.9344,1389.4967,30873.0853,1564.5514,18.5996,1248.3589,253.6433,587.5274,774.6171,7163.0197,958.4245,71.116,977.0241,1832.6039,888.4026,12.035,443.1072,1217.7243,5415.7549,1702.407,1866.5208,2040.4814,1878.5558,287.7462,235.2298,1556.8928,2407.0022,666.302,498.9059,1142.2319,2160.8315,703.5011,1855.5799,520.7877,3.2823,1789.9344,429.9781,40.4814,217.7243,1053.6105,79.8687,218.8184,46340.2626,815.0985,1478.1182,2598.6543,535.0109,1580.9628,88.6214,110.5033,1495.6236,362.1444,758.2057,6689.2779,500,1665.2079,265.8643,489.0591,369.8031,269.1466,939.8249,2891.6849,10.9409,3527.3523,43.7637,91.9037,117.0678,1080.9628,353.7637,242.8884,164.1138,78.7746,801.9694,891.6849,19.6937,283.3698,306.3457,1632.3851,644.4201,1564.5514,1368.709,784.4639,3217.7243,1221.0066,1680.5252,1942.0131,1276.8053,260.3939,677.2429,136.5974,2175.0547,165.2079,73.3042,1035.0109,410.2845,3.2823,9.8468,6.5646,272.4289,83.151,1022.9759,962.8009,4099.5624,6703.5011,1780.0875,505.4705,2061.2691,1838.0744,2472.6477,3517.5055,2556.8928,411.3786,852.2976,4561.2691,229.7593,679.4311,1445.2954,1177.2429,1248.0635,824.9453,5483.5886,75.4923,925.6018,768.0525,1215.5361,275.7112,138.9497,667.3961,7450.7659,120.3501,552.5164,179.4311,1051.4223,470.4595,804.1575,1890.5908,25.1641,136.7615,447.4836,1543.7637,543.7637,768.0525,632.3851,1015.3173,336.9803,136.7615,107.221,186.4004,6168.4902,731.9475,302.9978,1792.1225,12295.4048,2352.2976,70.0219,409.1904,413.5667,856.674,812.9103,346.8271,6547.046,172.8665,128.0088,346.8271,48.14,683.8074,190.372,68.9278,2.1882,855.5799,6.5646,3880.744,1225.3829,1570.0219,1090.2188,9998.9059,1241.7943,1650.9847,3683.8074,490.1532,1646.6083,3096.2801,2189.2779,478.1182,438.7309,215.5361,1688.1838,3882.9322,3336.9803,4.3764,286.6521,195.8534,165.2079,198.0306,1609.4092,53.6105,11242.8884,134.5733,1672.8665,157.5492,35.0109,45520.7877,7936.5427,347.9212,423.0306,28.4464,243.9825,551.4223,0,1344.6389,1296.4989,2021.8818,769.1466,1291.0284,1915.7549,9954.0481,71.116,258.2057,1.0941,850.1094,9.8468,160.8315,269.1466,212.2538,41.5755,1.0941,14327.1335,19352.2976,12.035,0,5455.1422,18.5996,434.3545,1009.8468,439.8249,78.7746,1807.4398,96.2801
TCGA-64-1678-01,16.63333333,438.3048,1815.0316,2.8096,94.5914,114.259,4.6827,969.328,2448.1386,406.4622,935.6123,402.716,596.5816,1700.7727,547.8811,143.292,271.5992,434.5587,29.033,226.6448,1598.6888,3582.2992,141.4189,235.0738,450.48,801.6858,16604.9637,1062.9829,784.8279,86.1625,527.277,2671.0372,1098.5718,701.4751,52.4467,12.1751,11.2386,0,19.6675,146.1016,16440.1779,5.6193,746.4294,5577.1482,4582.5334,458.9089,112.3859,135.7996,1137.9068,631.2339,3977.5228,632.2547,2815.2657,2076.029,1379.5364,305.3149,293.1398,44.0178,787.6376,1.8731,3131.8192,2384.4533,455.1627,758.6045,309.9977,1829.033,188.2463,602.2009,41892.7652,3188.0122,2.8096,723.9522,790.5596,125.4975,214.4697,6249.5903,682.7441,126.4341,802.6223,1569.6558,922.5006,1125.7317,112.3859,556.31,7706.8602,3110.2786,4437.6586,976.8204,2102.5521,92.7183,68.3681,1388.9019,3424.959,219.1524,369.0002,167.6422,352.1424,490.7516,2317.9583,443.9241,5.6193,1691.4072,320.2997,110.5128,624.6781,439.2414,33.7158,70.2412,26360.103,742.6832,1779.4428,8885.7972,64.6219,1288.6912,142.3554,7.4924,241.6296,187.3098,478.5764,9549.9883,348.3962,3954.1091,389.6043,2187.778,96.4645,45.8909,936.5488,1271.8333,4.6827,1787.8717,0.9365,118.9417,45.8909,831.6554,546.4388,275.3454,825.0995,15.9213,539.4521,1060.1733,3.7462,57.1295,63.6853,434.5587,1290.5643,974.0108,79.6066,247.2489,2205.5725,798.8761,1947.085,1711.0747,716.4598,36.5254,912.1985,341.7092,1277.4526,768.9066,36.5254,1317.7242,321.2362,0.9365,0,0,172.325,19.6675,506.6729,637.7897,3184.266,13324.28,1507.8436,391.4774,1579.9579,6578.3189,4623.7415,2243.0344,838.2112,553.5004,420.5104,2896.7455,100.2107,1019.9017,1708.265,913.1351,301.3627,837.2746,8159.2133,464.5282,1074.2215,1415.1253,1572.4655,123.6244,149.8478,961.8356,4793.2568,1347.6937,77.7336,265.9799,1069.5387,286.5839,552.5638,30.9061,9.3655,226.6448,74.9239,1599.6254,353.0789,587.2161,3626.317,768.9066,51.5102,433.6221,714.5867,26.317,4734.2543,373.683,206.4435,575.041,8558.1831,1792.5544,11.2386,118.0052,457.9724,684.6172,730.5081,28.0965,4959.026,602.2009,334.3479,639.6628,49.6371,1315.8511,18.731,89.9087,24.3503,566.612,11.2386,1505.9705,885.9752,1785.062,903.4137,20380.2388,1350.5034,530.0866,2187.778,577.8506,958.0894,4064.6219,710.8406,841.0208,169.5153,107.7031,800.7492,3593.5378,806.3685,2.8096,324.0459,280.871,132.9899,233.2007,674.3151,44.0178,10822.7581,136.7361,2081.0115,3.7462,18.731,3619.7612,4673.3786,521.6577,494.0389,53.3833,193.8656,260.3606,0,1765.3945,1771.9504,885.9752,333.4114,1176.3053,701.4751,6259.8923,64.6219,194.8022,0,493.5612,2.8096,13.1117,203.2311,71.1777,13.1117,3.7462,5705.4554,2522.126,14.9848,0,1530.3208,74.9239,331.5383,794.1934,219.1524,110.5128,608.7567,87.099
TCGA-64-1679-01,14.76666667,2300.9286,5034.823,2.6117,159.025,597.2142,42.6582,3428.6129,1565.2931,636.9704,1902.7858,1642.1938,1773.9408,196.4597,1183.401,216.7731,315.148,124.4922,484.6198,1108.2414,1127.6843,12575.1596,16.8311,403.6564,2508.9959,5311.3755,11329.6431,1732.7336,832.5595,2271.0331,2464.3064,7381.892,358.6767,261.1724,913.5229,942.5421,1.1608,0.2902,147.9977,872.3157,24908.0093,10.7371,479.9768,2833.4301,3621.8804,5212.4202,248.4039,410.0406,2787.2896,490.7139,608.8218,2645.8416,1198.7812,1537.693,717.6436,1398.433,899.8839,13976.7847,550.2031,12.7684,818.6303,2194.1381,1600.6965,2500,4651.48,2316.0882,1188.6245,10307.8932,19637.2606,3371.7353,2.3215,1026.6976,1795.7806,595.1828,765.2351,4339.5241,761.4626,257.3999,2374.3471,2726.9298,890.0174,20.8938,836.6222,1337.2026,6704.2948,1347.9396,866.2217,6235.9257,2603.5984,466.628,113.7551,1262.6233,2577.1909,1565.2931,420.4875,1767.8468,1595.473,495.0667,1218.8044,551.6541,73.9988,4578.6419,668.8915,118.108,1713.0006,2709.2281,67.9048,227.5102,27252.4666,562.6814,968.3691,9005.3831,940.2205,1279.7446,154.3819,100.4063,195.5891,33.6622,1554.2658,1861.5786,582.1242,1583.8654,226.0592,382.1822,4430.354,173.5345,1182.2403,1272.4898,337.2026,5160.4759,1.7411,318.0499,291.6425,2179.3384,320.6732,210.3889,2418.166,4.0627,483.4591,1544.9797,104.4689,338.3633,80.9634,5184.5618,1694.1381,7683.401,1404.527,1975.9141,2934.4167,690.3656,5548.1718,1562.9716,287.2896,1018.8624,2298.3169,117.9687,1125.6529,336.332,17.1213,2240.859,936.4481,4.9333,30.4701,18.8624,484.0395,153.2211,5544.3993,1640.1625,5327.336,4054.5531,1800.058,1531.9211,5385.6645,1283.8073,1622.1706,1592.5711,614.9158,2511.3175,1139.8723,8849.6808,804.1207,1333.7203,638.7115,5719.0946,527.9948,4304.9913,3723.4475,502.0313,1608.2414,359.5473,145.6761,2788.4504,687.1735,6455.8909,3401.9153,188.6245,114.3355,152.9309,4065.0029,856.9356,401.0447,110.563,34.5328,507.545,784.3877,886.2449,1528.4388,1789.6111,697.04,2684.852,466.628,308.1834,482.2983,369.8839,9460.8241,369.704,371.7063,936.1579,2454.1497,1495.3569,12.4782,1886.2449,540.917,510.4469,679.3384,397.2722,10237.6669,151.48,60.3598,966.3378,251.0157,1800.9286,165.4092,201.9733,6.3842,975.0435,5.5136,5831.6889,2976.7847,2161.3465,961.2159,6575.4498,452.1184,1617.2374,2868.8334,168.0209,2251.8862,2573.9988,2447.7655,1344.4573,740.2786,60.0696,9100.1161,3917.5856,1688.3343,11.6077,214.7417,79.5125,72.8381,172.0836,2947.7655,88.2182,7416.4248,67.0342,1125.0725,38.3053,26.6976,174149.1584,8522.0546,360.9983,148.6593,171.213,181.3697,176.7266,0.5804,890.5978,3340.6849,2269.0075,456.7615,1233.6042,4039.7562,15704.585,102.1474,253.6274,1.451,771.0389,0.8706,35.6936,460.8241,1231.863,251.8862,1.7411,12881.892,73863.0296,151.7702,1.451,7305.5717,68.4852,832.5856,598.0847,513.0586,138.4214,2583.5577,495.0667
TCGA-64-1680-01,2.5,1278.7743,2958.1465,1.4948,96.4126,369.2078,10.4634,1403.5874,934.9776,606.8759,1246.6368,833.3333,1340.8072,76.2332,347.5336,100.1495,191.3303,57.5486,876.6816,322.87,1277.2795,9239.1629,131.5396,278.0269,804.1854,1317.6383,21937.1973,1147.2347,459.6413,568.0045,1186.846,6612.855,178.6248,235.426,270.5531,1033.6323,2.9895,0,14.2003,385.6502,15646.4873,11.9581,285.5007,4840.0598,1442.4514,2505.9791,160.6876,571.7489,1943.9462,733.1839,341.5546,846.0164,925.2616,1230.7997,582.9596,690.583,705.5306,5278.0269,991.7788,21.6741,661.435,1158.4454,1646.4873,1431.988,611.3602,3883.9537,177.8774,1987.2945,19025.4111,1403.5874,7.4738,905.0822,534.0135,281.7638,1670.4036,5116.5919,221.9731,343.0493,1089.6861,1819.133,1097.1599,8.9686,979.0732,1011.9581,6321.3752,1520.1794,2018.0194,2205.5306,1433.4828,50.8221,315.3961,2204.0359,2698.8042,738.4155,552.3169,469.3572,1547.8326,408.8191,1343.7967,743.6472,0,1424.5142,289.2377,100.8969,1602.3916,599.4021,51.5695,102.3916,31420.7773,1226.4574,1640.5082,3917.0478,464.8729,4254.1106,75.4858,27.6532,173.3931,15.6951,1086.6966,3446.9357,94.9178,1820.6278,345.2915,137.5187,586.6966,2839.3124,917.0404,1441.704,35.1271,4650.2242,82.9596,163.6771,210.0149,872.1973,161.5845,149.4768,230.9417,115.8445,599.4021,1593.423,36.6218,213.0045,14.2003,4399.8505,850.5232,841.5546,1942.4514,605.3812,1949.1779,907.3244,2506.7265,1974.5889,583.707,151.719,574.7384,178.7294,1195.8146,159.9402,2.9895,990.284,1101.6442,5.9791,91.1809,5.2317,498.5052,41.8535,704.0359,469.3572,11029.8954,3527.6457,2304.9327,879.6712,1839.3124,1542.6009,2772.0478,2407.3244,221.9731,634.5291,878.1764,7797.4589,343.0493,1149.4768,1312.4066,3012.7055,1100.2765,1030.6428,3303.438,97.9073,1928.9985,143.4978,82.2123,711.5097,384.9028,1823.6173,1926.009,398.3558,103.8864,92.6756,1671.8984,261.5845,388.6398,77.728,14.2003,289.2377,1117.3393,1544.0957,129.2975,555.3064,307.9223,681.6143,268.3109,177.8774,551.5695,219.5067,13409.5665,318.3857,553.2885,1231.6891,2532.1375,1893.8714,17.1898,602.3916,573.991,535.1271,191.3303,497.7578,6933.4828,67.2646,68.7593,874.4395,265.3214,535.1271,213.7519,77.728,3.7369,2738.4155,26.9058,5636.0239,2800.4484,2177.8774,1401.9507,12248.1315,1005.9791,2028.4006,2862.4813,360.9865,1620.3288,2143.4978,4060.5381,301.9432,1019.432,122.571,1378.1764,3063.5277,1738.4155,14.2003,251.1211,210.7623,105.3812,42.6009,9272.0478,132.287,1397.6084,30.6428,6200.299,46.3378,5.9791,142867.713,15177.8774,244.3946,407.4141,183.1091,122.571,440.2093,0,553.0643,795.9641,1109.8655,707.7728,1985.0523,3044.843,11933.4828,198.0568,260.0897,1.4948,1124.0658,1.4948,379.6712,291.4798,481.3154,22.4215,28.4006,28001.4948,143367.713,41.1061,0.7474,9689.8356,14.2003,343.7967,206.278,982.8102,95.6652,4952.1674,80.7175
TCGA-64-1681-01,2.566666667,1495.979,5728.0202,1.8072,304.6896,447.095,17.7103,4191.1991,1250.9262,460.8295,1883.0758,1403.8131,1620.6741,314.0869,786.8438,264.2089,134.8152,54.2152,113.1291,588.0546,1099.1235,21951.0256,10.4816,1815.4875,1433.0894,2969.5491,10805.4324,1261.7692,616.6079,1531.396,1315.623,5963.6758,161.9228,357.8205,594.199,1164.5432,23.4933,0,131.9237,318.0627,55057.0164,52.4081,410.9515,3793.9821,2700.6415,4781.0608,331.4358,425.4089,4467.3353,1008.0419,560.2241,2135.979,1598.6265,1203.8131,692.1478,1682.118,534.2008,2308.4847,569.26,39.7578,684.5577,1084.6661,2172.5852,1565.736,637.5712,3442.9529,786.8438,3134.3634,6271.9798,2092.7081,29.2762,1010.572,1360.1626,438.4205,1320.3217,6092.3466,357.8205,270.7147,1922.4722,1983.9161,571.4286,27.8305,861.6608,1330.0804,5075.2688,1721.153,1251.425,3724.2252,1377.7898,175.2959,652.39,1555.6158,3415.5598,736.2429,405.8914,1305.1414,1515.1351,469.8654,1937.291,484.6842,1.0843,1838.6193,439.1434,48.0708,2481.9734,1371.6454,28.5534,229.5112,35875.6664,764.0734,2012.1081,5779.9584,592.7532,4461.1909,58.191,34.3363,323.1228,97.5874,1000.8132,2472.2147,283.7264,1189.4822,361.4349,161.2,1807.1745,675.8833,1557.0615,2267.6425,89.6359,6835.0953,66.1426,507.4546,26.7462,1402.006,158.894,142.4053,1144.6643,111.3219,544.6824,1469.5943,78.0699,390.3497,121.0807,12028.9148,1021.0536,567.0914,1247.3118,1022.4993,1691.5153,682.7505,2223.5475,1751.1521,675.1604,320.2313,1671.9978,334.1682,461.9138,332.5201,49.878,2271.9798,1201.771,3.6143,66.1426,14.8188,277.582,87.8287,2312.099,1159.4831,6986.5366,4174.2116,2009.2166,1179.7235,5150.4473,1831.3906,1958.6157,1293.5755,387.4582,1893.9189,1833.5592,7632.4207,387.0968,1029.3666,1970.5431,4538.8994,1465.0005,2501.8524,2752.3267,296.7381,1797.4157,284.0878,147.8269,1324.2975,384.9282,1793.0785,4503.1174,118.5506,67.2269,88.1901,1576.579,367.2179,208.5479,214.3309,21.6861,245.7757,380.9524,1326.4661,1267.5522,1074.1845,964.6697,1262.8535,375.1694,70.8412,1195.2652,195.829,13916.3278,224.8125,380.6488,1111.7737,11945.0619,1872.5942,34.3363,961.0554,540.7066,567.0914,662.8716,293.1237,10042.83,57.8296,134.8152,1105.9908,93.6116,545.7667,452.8779,242.8843,0.3614,1246.2275,4.3372,7270.2629,2681.1241,1492.0033,657.8838,9746.8149,1572.6032,1340.9235,3496.1598,189.3919,1965.8444,3138.3392,2180.5367,443.8421,470.9497,92.1659,2315.3519,3687.3588,1240.0831,17.3489,240.3542,137.7067,70.4798,95.0574,1142.8571,253.3659,1987.1691,28.1919,3304.2378,148.1883,35.0592,161640.9144,8971.8984,199.1506,274.9471,463.3595,323.8457,130.8394,0,289.1479,2403.1806,2429.2039,960.694,1688.2624,3238.8181,19229.4208,474.9255,374.4466,4.6987,1441.4024,5.0601,26.7462,411.3129,693.5936,104.0933,31.4448,41263.5764,107600.253,105.9004,20.6018,7574.2297,4.6987,553.3568,251.1973,767.3263,85.2986,2373.5357,144.2125
TCGA-64-5774-01,4.066666667,2282.6392,6790.8283,5.1474,314.4595,710.3416,1.8718,3970.5194,2144.1273,337.3889,2194.6654,1194.1975,1438.4651,1344.876,1900.7955,251.7548,580.2527,136.1722,502.5737,525.503,1319.139,6385.5873,49.1343,40.2433,1622.3678,2430.5101,12333.6125,1327.0941,2583.5283,2423.4628,2225.5498,6454.3753,826.3921,411.3243,43.9869,7.4871,3.2756,0,14.5063,478.2405,25515.6762,21.9934,671.9701,1935.4235,3744.9696,2450.1638,145.5311,329.9017,3943.3786,644.3613,10199.8128,2767.8708,1480.1123,1402.2134,897.5199,2064.5765,1182.9668,50.5381,546.0927,9.3589,1157.2298,2184.8386,924.1928,3489.4712,759.9438,2371.3992,967.2438,1381.8437,7519.4197,1605.0538,5.1474,1291.5302,872.2742,199.3449,560.131,6620.496,1522.6954,171.7361,743.5657,3419.7473,627.0473,3236.3126,552.6439,1627.0473,6748.7131,1863.8278,2173.6079,4887.2251,1737.0145,472.1572,132.4286,1732.803,3195.1334,337.8568,922.321,689.752,1340.6645,444.0805,1256.9022,924.1928,8.423,2531.5863,399.6256,108.5634,938.2312,2073.4675,186.7103,70.1919,34228.3575,373.8886,1055.6855,11729.6397,390.2667,832.4754,160.5054,41.1792,663.547,98.7365,2008.891,2959.2887,318.2031,1790.3603,369.2092,518.4839,276.088,2717.8287,1559.1951,1423.4909,69.7239,2892.3725,8.891,191.3898,58.9612,1687.4123,584.9883,226.9537,614.4127,21.0576,349.0875,2233.5049,477.7726,142.2555,171.7361,3315.8634,1462.7983,1013.1025,1384.1834,1270.4726,2180.627,516.1441,2162.8451,1836.6869,650.9125,72.5316,1262.0496,143.65,452.9715,994.3847,1559.6631,2497.8942,1346.7478,2.3397,4.6795,4.2115,452.9715,20.5896,2582.1245,726.7197,10925.1287,8201.2167,1715.9569,1628.919,3054.7496,963.9682,2356.1067,1265.7932,820.3088,1681.329,1965.372,6887.693,337.3889,991.109,709.8737,1053.3458,745.9757,1816.5653,4237.2485,199.8128,1929.3402,1048.1984,545.1568,288.7225,730.4633,2544.6888,2055.2176,189.518,282.6392,300.4212,1432.3818,735.1427,478.7085,85.1661,23.8652,220.8704,73.9354,1764.6233,1786.6168,1145.0632,468.4137,1182.9668,236.7805,734.6748,6708.9378,134.408,8365.9336,346.7478,512.0075,1292.934,8954.6093,1390.7347,40.2433,201.6846,994.8526,667.2906,997.6603,4.2115,4397.7539,139.4478,74.8713,2060.8329,80.4867,721.5723,65.9803,57.5573,12.6345,1374.3566,3.2756,2026.6729,1851.1933,2009.3589,1132.5737,2638.278,2929.8081,622.3678,4050.5381,507.2532,2066.4483,2292.4661,658.3996,352.8311,594.2911,82.3584,3379.036,7258.306,951.3336,3.7436,425.8306,329.4338,99.6724,299.9532,375.7604,82.3584,7349.0875,153.9541,6779.1296,28.5447,6.0833,11428.6383,11609.2653,724.8479,395.9476,34.628,106.2237,915.3018,0,977.5386,678.5213,2500.7019,737.4825,2344.876,838.5587,3150.2106,53.3458,206.832,0,864.7637,0.4679,157.6977,191.3898,193.7295,13.5704,0.4679,4467.0098,32763.2195,1387.927,0.9359,6630.3229,71.1277,387.4965,661.6752,521.7595,619.0922,312.0496,126.8133
TCGA-64-5775-01,13.53333333,4827.6646,4225.7149,182.8591,125.3095,873.9178,1.8564,1869.8962,1659.1906,985.7681,1668.0087,964.4191,1937.1921,228.3418,720.7617,134.1276,305.3839,90.5013,51.052,2143.7207,1150.5269,11.1386,4067.9178,145.2662,1757.1177,2910.8933,10977.5673,1479.1162,751.857,1001.0837,2060.181,1608.6027,222.3083,361.077,3.7129,5.1052,3.7129,63.1189,40.3775,636.2938,21656.7309,16.7079,1095.762,3334.161,523.0511,5850.5615,434.4063,285.8913,458.0758,430.2293,26.4542,1468.7341,1752.0125,2566.0369,315.1302,1084.6234,1441.5234,5847.7768,829.8274,2.7847,956.9933,2447.2482,1709.3144,1672.6498,2843.1334,1506.7679,752.7852,4595.61,27811.2839,2404.086,0.9282,1987.78,2510.975,777.383,1036.356,7571.9427,750.4647,94.6783,2677.4464,3127.1683,1313.8933,5.5693,95.6065,1538.5222,4125.4673,1384.9021,1430.0924,3376.3949,1619.7414,17.6362,104.4246,2382.2729,3552.2924,1493.0395,276.145,1668.9369,1650.8367,747.2159,1373.7634,1001.5478,11.6027,1763.1511,521.1947,60.3342,740.7184,3250.1572,159.6536,159.1895,31000.1787,857.6739,1659.6547,7540.374,1709.7786,1507.891,59.406,594.524,13.4592,27.3824,1349.1656,4176.5193,1406.7152,2104.7355,123.4531,283.5708,1646.6597,115.5632,1437.3464,339.728,687.3458,7.8899,0,218.1314,26.9183,944.4624,488.9252,200.4952,5274.1377,5.5693,695.6998,2675.1258,105.8169,126.7018,24.1337,11067.6138,2988.3996,523.0511,1893.5658,2447.7123,2488.5539,790.8422,3010.2127,723.0822,317.9148,64.9753,1443.3798,172.8529,4361.2348,21.349,1.8564,2697.4031,1141.2447,0.9282,25.526,0.9282,406.5597,408.8803,930.5391,872.0613,4845.3008,11102.4173,2708.0776,565.2851,1746.9073,1206.22,1683.7884,2935.027,276.6091,1478.6521,1514.3885,2190.5958,781.0959,415.3778,90.0372,8389.7033,219.9182,1693.0706,6104.4292,2030.4781,1306.9317,618.1935,381.9619,5910.8957,688.274,1620.6696,3448.796,247.3702,1136.6036,677.1354,2395.7321,610.299,623.2987,14.3874,35.7364,296.1017,424.66,711.9436,917.0799,1286.0468,1628.0953,1643.875,102.104,200.0311,1492.1113,25.3589,17006.356,600.0933,428.6699,2831.5307,7152.388,858.138,6.4975,612.6242,243.1933,1003.4042,570.3903,613.0883,6179.6149,155.4766,130.8788,271.968,22.2772,468.7504,290.5324,2411.9759,11.1386,721.2258,0,4117.1133,1712.0991,1521.8143,1129.0897,23639.8698,1208.0764,1698.1758,4270.7335,749.0724,2475.5588,2815.2868,487.3147,707.3025,290.9965,10.6745,568.5339,3870.2072,1324.5679,0.9282,160.1177,212.562,147.0623,195.39,1261.9131,269.6475,3641.8654,64.5112,341.1203,6.9616,154.5484,21535.5983,10385.3731,419.5548,261.9247,15.3156,89.109,4318.365,0,521.6588,3152.6943,1256.3438,685.9535,1585.3973,2214.2653,1658.2624,66.3676,309.0968,0,661.3557,0,38.057,341.1203,76.1139,145.2662,770.4214,3512.8431,5.5693,176.8256,0,858.138,203.2799,394.5532,579.2084,641.8631,36.6646,4249.5283,425.5882
TCGA-64-5778-01,13.9,1274.5249,2595.2358,1.5568,61.7543,213.2857,1.0379,1060.2013,833.4231,583.8113,774.2635,1044.633,1806.9608,217.4373,322.2638,194.6038,224.1835,56.5648,775.3014,264.6611,1131.8155,8001.588,5268.3132,1715.6268,840.1693,1278.6765,9885.3005,1748.3202,627.9215,248.0549,696.941,9301.0222,330.5669,245.9792,213.8047,618.5805,25.4282,0.5189,98.5992,131.2927,31522.6966,7.7842,708.3577,5107.9597,3666.8539,1985.9963,363.2604,570.8377,1436.9542,349.2489,701.0925,479.1923,959.5263,1140.4767,549.0421,607.1638,549.561,17256.4242,969.3862,4.6705,1415.1586,1310.851,2087.7092,929.9465,394.397,2806.2486,307.2145,1859.8931,8981.872,1723.411,20.7577,894.1394,291.1272,211.7289,645.0466,7976.6787,910.2267,134.9253,1017.129,1081.478,470.6816,14.5304,975.0946,1183.1909,6811.6508,973.0188,765.9604,1768.0401,1393.363,57.6027,372.0824,1334.7224,2050.3453,851.0671,240.7897,1159.8385,1629.4822,515.3108,3100.1677,402.1811,8.822,2062.281,498.7046,48.2617,1270.8923,626.3647,70.5763,426.5715,28343.6495,1259.9945,1234.0474,3509.7542,452.5186,3393.8897,846.3967,116.7623,1262.0703,522.057,937.7307,2093.9365,139.0768,1385.5788,222.1078,309.8092,1063.8339,537.1064,642.9708,5046.2054,9.341,3991.1935,8.3031,107.9402,247.017,1007.2691,464.9888,272.4453,239.7518,55.5269,469.1248,1323.3056,21.7956,507.0077,152.5694,3804.8929,581.7355,1112.6146,974.0567,502.8561,1706.2858,839.6504,1565.6522,822.5253,544.8905,370.0066,950.7043,184.5363,708.8767,243.3844,6.7463,981.3219,609.2395,4.1515,95.4856,1.5568,473.2764,169.6945,489.8826,749.3542,5844.3403,5432.2993,1992.7737,1639.8611,3345.628,1926.3178,2861.9727,1990.1479,121.4328,594.7091,1607.6866,4880.6625,187.8575,1656.9862,998.4471,2149.4635,1622.3208,1458.2309,4373.1359,88.7393,935.6549,461.3407,271.4074,1042.5572,172.8081,1049.3035,4818.9082,110.016,1202.9108,161.9103,1106.9062,210.1721,450.9618,12.9736,6.7463,194.0848,779.9719,1091.3379,124.0275,638.8193,334.7185,749.3542,415.6736,134.9253,720.8124,100.1561,9289.6054,270.3695,190.8259,1183.1909,3363.791,1321.2298,257.9149,522.057,543.8527,1330.5708,364.2983,1003.6365,8408.9585,288.5325,203.9447,1239.2368,33.2124,1779.9758,123.5085,47.7428,1.0379,692.7894,0.5189,4741.0667,1722.3731,2148.9445,1465.1744,7024.4176,1673.5924,1172.812,3728.0892,373.6392,1676.1871,3016.0989,2319.6769,630.5162,613.3911,62.2732,1422.4238,1828.7565,1439.03,10.8978,538.6632,167.0998,47.7428,115.7244,2323.3095,67.9816,1781.5326,49.2996,1396.4766,275.04,50.8565,277176.481,11611.8771,115.7244,794.3933,88.2204,323.8207,1017.648,0,502.8561,1924.2421,1564.0953,742.608,2282.8319,1936.6967,18006.2974,63.3111,255.3201,0.5189,1047.7467,22.3146,588.4818,296.3167,230.4109,92.3719,11.9357,18282.3753,46903.1405,163.4672,1.5568,5981.3414,31.6555,432.311,685.5242,784.6424,25.4282,1434.318,231.9677
TCGA-64-5781-01,31.6,1893.2476,3836.6559,7.717,62.3794,299.6785,1.2862,1288.1029,713.1833,459.8071,525.4019,908.0386,823.1511,165.9164,448.2315,86.8167,203.8585,48.2315,1225.7235,428.9389,1282.3151,4643.0868,1709.3248,471.3826,1270.0965,1038.5852,4954.3215,2155.627,530.5466,580.0514,917.6849,5095.1768,228.2958,320.2572,104.1801,45.6592,5.7878,1.2862,239.2283,273.3119,25362.0579,10.9325,452.09,6752.4116,4475.8842,2657.8778,292.6045,489.3891,1181.3505,190.9968,212.8617,923.0418,1012.2186,1324.7588,250.8039,640.5145,685.5305,3887.4598,445.0161,7.717,699.0354,1115.7556,1398.0707,880.3859,618.0064,2488.2701,405.1447,1068.8103,11180.7074,1081.672,1.2862,402.5723,1462.3151,380.0643,355.627,7268.8103,1007.717,90.6752,1778.135,1909.3248,751.7685,10.2894,363.3441,744.6945,4870.0965,1885.5305,790.3537,2073.3119,1443.7299,105.4662,567.8457,1069.4534,1143.4084,216.0772,158.1994,1447.5884,756.9132,427.0096,1399.3569,284.8875,0,2947.2669,789.0675,23.1511,1030.8682,1316.3987,59.8071,126.6881,33971.7042,652.09,1307.3955,9614.5659,886.8167,1749.8392,201.2862,71.3826,1221.2219,210.2894,975.5627,2812.8617,981.3505,1448.8746,402.5723,290.6752,546.6238,73.955,1073.3119,3917.6849,63.6656,2704.8232,11.5756,124.1158,133.7621,1124.1158,380.5595,282.9582,796.7846,123.4727,312.5402,1693.8907,33.4405,338.2637,236.0129,15971.0611,915.7556,234.7267,3189.0675,733.119,3392.283,444.373,1419.2926,1454.6624,483.6013,232.7974,992.283,171.3955,1554.9839,72.0257,1.9293,1209.0032,1047.5884,7.717,14.1479,0.6431,284.2444,178.7781,1721.5434,920.2572,4619.2926,3421.865,1240.3601,980.0643,3360.1286,2242.4437,3264.3087,3075.8842,5.7878,978.135,457.2347,4878.4566,311.254,1089.3891,639.2283,1288.1029,2409.9743,1096.463,2871.3826,215.4341,987.1383,700.9646,216.0772,673.3119,165.2733,1854.6624,6191.6399,99.0354,760.1286,266.2379,1116.3987,211.5756,625.0804,16.7203,10.2894,198.7138,541.4791,2304.1801,527.3312,634.7267,3377.492,1890.0322,315.1125,191.6399,860.4502,39.2283,11483.6013,365.9164,411.6334,1345.3376,3985.209,1768.4887,142.7653,847.5884,475.8842,805.1447,418.6495,160.1286,9223.7942,212.8617,41.1576,1143.4084,20.5788,576.2058,457.8778,185.8521,0.6431,511.254,0.6431,3904.8232,3448.8746,1871.3826,744,3720.9003,227.0096,372.3473,3315.1125,235.3698,1329.2605,2545.3376,984.5659,688.746,746.6238,45.0161,3668.8103,3430.8682,2234.7267,7.074,252.7331,104.1801,71.2926,128.6174,2648.8746,50.1608,2227.0096,57.8778,1971.0611,14.791,34.7267,79080.3859,6745.9807,205.1447,471.1897,171.0611,140.1929,735.0482,0,365.2733,870.7395,983.2797,772.3473,991.6399,2886.8167,4525.4019,204.5016,100.3215,0,939.5498,0.6431,12.8617,43.7299,712.5402,16.7203,11.5756,12839.8714,181.9936,243.0868,0,4806.4309,5.7878,576.2572,363.9871,386.4952,291.3183,1124.1029,377.492
TCGA-67-3771-01,31.46666667,1114.658,2472.9642,6.5147,93.8111,644.9511,7.1661,1153.0945,2317.2638,1108.1433,1014.3322,664.4951,1248.8599,217.5896,517.9153,254.0717,213.0293,135.5049,1350.4886,864.4951,1730.9446,9234.5277,407.8176,476.2215,1862.5407,2173.9414,8452.7492,1282.0847,931.5961,449.5114,2631.9218,3739.4137,139.4137,513.355,538.7622,202.6059,18.8925,0,49.5114,398.6971,25634.5277,84.0391,220.1954,6523.127,2954.3974,2327.0358,378.5016,911.4007,2247.557,663.1922,2355.0489,2758.8013,936.8078,1618.4691,745.9283,971.987,958.3062,7272.9642,575.2443,20.8469,657.9805,1084.0391,1043.6482,2444.9511,698.3713,3390.5407,679.4788,2753.7459,7003.9088,2249.5114,9.1205,947.8827,1436.2801,888.5993,1028.6645,5923.127,837.1336,218.8925,1566.7752,2575.8958,1286.645,22.8013,1579.8046,1162.8664,8897.0684,1651.4658,1257.3616,650.8143,1514.658,254.0717,71.0098,1256.0261,1688.5993,587.6221,751.1401,844.9511,1076.2215,880.7818,747.2313,584.3648,9.1205,2193.4853,388.2736,245.6026,3237.1336,1486.645,200.6515,302.9316,24022.1498,1121.8241,1280.1303,725.0814,458.6319,3387.6221,214.3322,56.0261,1543.3225,267.7524,1672.3127,2643.6482,734.8534,978.5016,517.2638,656.0261,2241.0423,302.9316,1164.1694,1998.0456,96.4169,2861.2378,5.2117,205.8632,39.0879,832.5733,181.0293,123.127,3209.1205,257.9805,954.3974,1633.8762,84.6906,515.3094,289.9023,1080.7818,844.2997,4430.6189,3387.6221,1252.7687,2102.9316,747.2313,3844.2997,3598.6971,1108.1433,373.2899,1287.2964,188.0651,2795.4397,357.0033,14.9837,951.7915,906.1889,4.5603,208.4691,8.4691,309.4463,207.8176,1461.8893,1553.7459,8596.0912,5374.5928,2368.0782,598.0456,1267.101,1818.241,3347.2313,1976.5472,1924.43,1573.2899,2848.2085,6681.4332,403.9088,1508.7948,1654.7231,4231.9218,1643.7915,949.1857,3125.7329,263.1922,1015.6352,651.4658,241.6938,941.3681,461.8893,1906.8404,2321.1726,340.7166,297.0684,222.8013,2245.6026,611.7264,441.6938,45.6026,28.6645,282.7362,328.3388,832.5733,1267.101,1266.4495,484.0391,4360.2606,398.0456,364.8208,5794.7883,87.0814,9348.5342,485.342,257.4853,1138.7622,3955.0489,1725.7329,77.5244,869.7068,557.6547,521.8241,674.2671,359.6091,3679.4788,85.342,95.114,1056.0261,93.8111,1039.0879,83.3876,102.9316,16.2866,954.3974,30.6189,5045.6026,1857.9805,2024.7557,1536.3909,5799.3485,437.1336,834.5277,4710.7492,226.7101,2074.2671,3698.3713,1567.4267,646.2541,472.3127,67.101,10876.873,4242.3453,1710.7492,10.4235,239.7394,149.8371,44.2997,140.7166,1821.4984,86.645,4722.4756,59.9349,2624.7557,101.6287,3.9088,56086.645,6396.7427,437.785,244.013,212.3779,575.8958,412.3779,1.3029,1742.0195,2560.2606,2471.6612,514.0065,4951.1401,777.8502,12055.3746,74.9186,205.8632,1.9544,671.6612,8.4691,40.3909,867.7524,396.7427,138.1107,7.1661,5577.1987,8114.0065,270.3583,0,4583.0619,506.8404,751.7915,499.0228,601.3029,31.2704,806.5147,150.4886
TCGA-67-3772-01,2.733333333,1025.2809,3676.9663,1.8727,77.7154,341.7603,15.4494,2752.809,874.0637,567.4157,1029.0262,1121.7228,879.2135,199.4382,787.9213,153.0899,59.4569,39.794,261.236,372.191,1588.4831,11605.3371,18.2584,1266.8539,922.7528,2210.6742,13453.6376,1168.0712,419.4757,936.7978,1378.7453,3811.3296,115.1685,381.0861,384.3633,504.6816,31.367,0.4682,56.1798,329.588,22194.7566,45.8801,314.6067,4991.573,3436.3296,2220.0375,250.9363,200.3745,1888.5768,860.9551,534.6442,738.7125,1261.7041,1369.4288,661.0487,590.824,550.5618,3683.0524,581.4607,30.8989,454.1199,906.8352,1685.8614,1129.2135,323.0337,5425.3418,270.1311,1969.1011,9164.794,1437.2659,14.9813,698.97,2233.2163,344.1011,945.6929,6587.0787,515.9176,178.839,2014.5131,1513.1086,1451.3109,22.9401,1021.0674,578.1835,6413.8577,1530.4307,1375.9363,2471.9101,1737.3596,264.9813,151.2172,1715.3558,4992.5094,605.3371,434.4569,1066.9476,1774.3446,179.3071,655.4307,212.0787,7.4906,1608.6142,194.7566,125.9363,1294.9438,849.7191,27.6217,284.6442,29540.7303,1039.3258,2074.9064,3069.7566,433.5206,2939.6067,27.1536,14.5131,1110.9551,390.9176,815.0749,2915.7303,345.5056,2153.5581,493.9139,128.7453,1120.7865,874.0637,1227.9963,2877.809,160.1124,4484.5506,316.4794,375.9363,400.7491,1125.9363,96.0861,109.5506,1310.3933,116.573,787.4532,1017.7903,170.412,288.3895,142.7903,12978.9326,1013.5768,1999.0637,1711.1423,673.6891,1458.8015,676.03,3430.2434,2548.6891,277.1536,319.2884,1145.5993,256.2921,355.8052,267.3221,2.809,607.6779,612.8277,13.1086,73.97,11.236,265.9176,128.7453,2545.8801,991.573,7966.2921,4099.7144,1476.4747,1084.2697,1431.1798,3087.0787,3166.1985,3758.427,213.015,1137.1723,1442.8839,6340.3558,458.8015,798.221,1396.0674,3843.1648,1349.4803,1346.4419,2639.0449,284.176,1757.9588,133.8951,73.97,1036.5169,254.6816,2279.0262,4857.6779,211.1423,96.4419,84.2697,1572.0974,132.0225,465.824,365.6367,9.3633,156.367,685.3933,1343.633,586.1423,645.1311,1121.2547,840.824,242.9775,900.2809,377.3408,109.3258,11227.0599,276.6854,299.6255,1191.0112,4461.6105,2387.1723,23.4082,632.0225,305.7116,295.412,199.4382,270.5993,9132.9588,56.1798,250.9363,576.779,44.4757,368.9139,936.7978,190.0749,0.4682,1178.3708,0.4682,5787.4532,4679.7753,2345.9738,1181.7182,2838.9513,1036.985,1158.7079,1569.2884,206.4607,2291.1985,5738.764,2935.3933,942.4157,421.3483,60.8614,1634.3633,3003.2772,867.0412,44.0075,252.3408,213.9513,57.5843,52.9026,5049.6255,227.5281,3549.6255,14.5131,5177.9026,117.5094,20.1311,185051.03,8074.4382,208.8015,255.1358,352.0599,216.2921,118.4457,0,1248.5955,1955.0562,1394.6629,750.9363,2661.0487,1945.2247,19791.6667,412.4532,229.8689,1.8727,1354.4007,1.4045,16.8539,310.8614,551.9663,176.4981,74.9064,14490.6367,40660.5805,72.0974,14.5131,5965.824,7.0225,852.0833,183.5206,325.8427,34.6442,1155.426,116.573
TCGA-67-3773-01,3.033333333,1106.8859,3756.4234,17.4717,108.9414,317.5745,1.0277,1283.6588,520.0411,796.5057,873.5868,645.4265,1552.9291,141.8294,343.2682,159.3011,73.9979,51.3875,129.4964,268.2425,869.4758,3737.9239,818.0884,3698.8695,965.0565,1099.6917,9487.1531,1929.0853,293.9363,688.592,1572.4563,3855.0874,210.6886,398.7667,1096.6084,1503.5971,18.4995,0,46.2487,362.7955,15179.8561,90.4419,455.2929,2995.889,2602.261,3267.2148,339.1572,227.1326,1466.5982,686.5365,714.2857,1046.9476,2027.7492,4277.1737,558.0678,337.1017,483.0421,5330.9353,844.8099,14.3885,463.5149,594.0391,1838.6434,902.3638,526.2076,3063.7205,724.5632,3065.776,15691.6752,1665.9815,2.0555,799.5889,1409.6608,239.4656,928.0576,5138.7461,423.4327,248.7153,2384.3782,835.5601,1418.2939,21.5827,911.6136,964.0288,5323.741,2429.5992,1791.6238,1704.0082,1368.962,118.1912,217.8828,1793.4224,1867.4203,727.6465,606.372,845.8376,829.3936,546.7626,1197.3279,635.149,0,1650.5653,322.7133,47.2765,1867.4203,921.8911,14.3885,433.7102,24014.3885,1734.8407,1158.2734,5043.741,330.9353,12160.3289,24.666,96.6084,248.7153,103.8027,513.8746,3554.9846,158.2734,2031.8602,243.5766,186.0226,1651.593,3322.7133,765.6732,2930.1131,25.6937,3582.7338,158.2734,384.3782,541.6238,791.3669,219.2292,190.1336,858.1706,78.1089,615.6218,1098.6639,84.2754,415.2107,119.2189,3076.0534,646.4543,377.184,1445.0154,564.2343,2263.1038,579.6506,2973.2785,2937.3073,912.6413,235.3546,607.3998,190.3803,1229.1881,286.742,3.0832,1147.9959,528.2631,52.4152,1688.592,7.1942,262.0761,183.9671,2088.3864,657.7595,6585.8171,4152.1069,2248.7153,1202.4666,1237.4101,1794.4502,2304.2138,3917.7801,3.0832,1057.554,850.9764,6241.5211,344.296,1328.8798,1449.1264,3451.1819,1894.0904,1227.1326,2675.2312,155.1901,2048.3042,80.1644,47.2765,1225.0771,167.5231,1368.962,3708.1192,85.3032,463.5149,63.7205,2004.111,349.4347,412.1274,1654.6763,5.1387,212.7441,1704.0082,897.2251,657.7595,701.9527,979.445,381.295,654.6763,19.5272,528.2631,180.5858,9344.296,241.5211,240.8736,907.5026,9213.7718,2229.1881,55.4985,535.4573,479.9589,583.7616,483.0421,229.1881,6046.2487,98.6639,66.8037,804.7276,99.6917,1339.1572,60.6372,104.8304,157.2456,2987.667,0,2656.7318,4210.6886,1512.8469,1425.1696,7644.3988,861.2539,2149.0236,2750.2569,193.2169,1162.3844,2246.6598,2447.0709,695.7862,883.8643,28.777,937.3073,1452.2097,1395.6835,14.3885,195.2724,186.0226,82.2199,25.6937,5084.2754,96.6084,9040.0822,16.444,8914.6968,165.4676,10.2775,171163.4121,8398.7667,215.8273,250.6578,376.1562,343.2682,460.4317,1.0277,624.8715,1506.6804,525.1799,272.3535,1467.6259,1579.6506,4313.4635,91.4697,145.9404,2.0555,668.037,0,17.4717,500.5139,149.0236,219.9383,59.6095,15825.2826,56621.7883,10.2775,2.0555,6620.7605,4.111,681.3977,517.9856,895.1696,39.0545,3153.1346,45.221
TCGA-67-3774-01,3.166666667,2473.575,5240.9388,1.916,127.7343,535.8454,60.0351,3082.229,1551.9719,828.357,1673.9582,1022.5132,1733.9933,227.3671,1519.3996,68.3379,182.0214,58.1191,593.9646,683.3786,1249.8802,6345.8407,17.2441,1071.6909,1788.2804,2290.9149,14012.4413,1275.4271,503.2732,293.1502,2524.03,6699.026,95.1621,355.1014,334.6639,3440.5237,35.7656,0,42.791,597.7966,25207.7279,19.1601,488.5837,2278.7801,3179.9457,3512.0549,348.7147,457.2888,3351.7484,830.9117,7921.4434,2322.3822,2040.5556,1808.3794,672.5212,1155.3569,392.783,1696.3117,673.7985,30.6562,556.9216,1291.3939,1430.6243,2191.9208,885.1988,2820.1948,1249.8802,2416.0945,7604.0236,1250.5189,17.2441,1520.0383,1090.5956,406.1951,1035.2866,5832.3487,2518.282,653.9997,1694.3957,1939.0069,1138.1127,96.4394,339.7733,1307.9994,6292.8309,2832.5084,1833.2109,1808.0792,1387.8333,217.787,236.3085,1500.2395,1884.7198,515.408,765.7672,1574.9641,1546.2239,717.8668,1032.7319,783.0113,1.2773,2433.3387,447.0701,74.0859,1795.3058,978.4448,38.3203,233.7538,28091.9687,799.6168,1629.8898,5879.3102,567.779,4419.6072,63.2285,51.0937,603.5446,159.0292,1145.7768,6134.4404,204.3749,988.0249,258.662,166.6933,1435.095,2427.5906,1459.3645,1342.4876,95.1621,6799.2975,107.9355,410.0271,167.3319,698.7067,211.2981,167.3319,932.4605,272.0741,653.9997,1475.97,137.3144,592.6872,210.1229,1818.2979,969.5034,658.4704,1192.3998,977.8062,1092.1284,1072.9682,3270.6371,5683.5382,774.7086,217.1483,1270.9564,145.598,985.4702,230.5604,6.3867,1299.058,1277.3431,1.2773,51.7324,5.748,212.6776,121.3476,2357.9754,972.0581,11398.3714,4060.0351,2229.6024,1739.7413,1759.5402,1429.9856,3618.0744,1521.9543,51.7324,1638.1926,1313.1087,8466.2302,509.6599,1207.7279,1371.8665,5812.5499,1048.8584,2494.0125,2835.7017,222.8964,1921.7627,215.871,42.1523,1500.8782,448.3474,3110.9692,3520.9963,137.3144,132.8437,93.8847,2297.3016,431.1033,275.2674,361.4881,25.5469,224.1737,356.3787,966.9487,848.7945,1002.7144,1035.9253,4425.3553,258.662,116.2382,2436.532,97.902,19711.9591,190.9628,337.423,1052.5307,5961.999,2545.7449,60.0351,1000.1597,309.7557,604.1833,259.9393,181.3827,3740.6993,47.2617,58.1191,920.3257,220.9804,721.0602,845.6011,161.5839,2.5547,3432.221,15.954,3250.1996,4652.7223,1716.7492,1103.6756,8824.525,1544.9465,2375.2195,3525.467,161.5839,1923.0401,2865.0806,1638.1926,674.4372,783.65,96.4394,3229.7621,2703.4967,1260.7377,19.1601,172.4413,136.037,68.3379,76.0019,3642.9826,292.5116,3118.6332,17.2441,3241.8969,167.3319,8.9414,89161.1049,11287.8812,252.9139,188.3762,221.619,367.8748,184.5761,0,468.1463,2288.9989,2232.7958,484.113,1776.1456,1195.5932,24027.4629,270.1581,307.201,1.2773,901.8042,3.1934,590.7712,456.0115,621.4274,80.4726,106.0195,10364.3621,25375.6985,83.666,3.1934,8056.8418,10.8574,529.4587,192.2401,691.0426,47.2617,1941.5616,614.402
TCGA-67-6215-01,3.733333333,1703.4684,4332.0385,395.5145,98.32,813.7469,8.9382,3091.4935,1159.729,1291.9396,2187.9923,1556.3608,1198.0887,94.5958,1476.2896,164.9839,288.6288,122.9,345.9821,1028.6357,1356.369,19966.7798,47.6703,2750.3529,1958.2066,2987.5871,11495.5514,1448.7302,530.7045,1525.4459,2802.1198,10544.0745,507.2418,297.567,643.5491,197.3848,8.9382,0,20.4833,492.7172,31657.1761,10.8003,587.313,3818.4655,1964.1653,3739.884,173.1773,314.6985,2960.4001,799.5948,213.3991,2195.0237,2483.6971,1703.2636,1115.0381,909.4599,1154.5151,7280.5211,720.6409,19.3661,753.0418,1404.7842,1839.4032,3443.8068,887.4869,2569.4627,2830.0517,4513.4091,13618.8089,1370.5211,5.9588,1401.8048,276.741,296.8221,1217.0824,4225.1528,168.7082,453.6127,1760.8217,3433.3789,955.6406,64.4294,833.8578,1644.9978,6113.3436,1988.7453,1454.9423,5423.9864,1355.6242,61.8224,113.9618,1756.3526,1739.966,1466.979,478.5651,322.5194,1443.8887,819.7057,1182.0745,938.8815,0,1583.1754,631.6315,114.3342,2076.265,1840.1481,101.2994,264.0488,26080.4958,869.2381,2776.0501,10885.3827,323.2642,1672.1848,63.3121,27.5594,40.2218,13.4073,1559.3402,2094.1414,141.8936,1386.163,239.4688,161.6321,1560.0851,5808.7006,1700.1166,800.7121,408.9218,9401.1046,488.993,213.7715,175.7842,1455.4339,291.4927,166.8461,1117.6451,98.6924,408.1769,2039.7675,32.0285,398.1215,54.0015,2033.8087,1199.9508,891.5836,1235.3311,2491.518,1960.4411,433.8742,3961.8489,1896.7566,1346.686,126.6242,1459.9029,85.6464,850.2445,224.9442,6.3312,2018.5393,1282.629,5.9588,48.4151,4.0967,487.1309,39.8494,1414.8396,710.9578,8950.4713,3038.9816,2084.4584,1254.3248,2324.672,1141.8527,2599.8935,2024.4981,11.9176,1952.9926,1165.3154,12799.4756,450.2609,1861.7487,753.7866,3009.5601,763.9724,2325.7893,3336.1762,136.3073,1415.212,285.277,87.5197,725.11,506.8694,2481.835,1988.3729,181.743,272.6145,262.1867,2245.3456,714.6784,458.0818,49.5324,46.9255,359.3894,246.9173,1840.1481,951.9163,1012.6215,295.3324,810.7675,338.906,17.1315,288.6288,183.7653,13942.0731,614.5,662.4757,964.9512,3908.2198,2291.1538,11.1727,948.5645,447.6539,676.3224,794.7533,797.7327,6287.6381,121.4103,48.7876,1161.2187,290.8633,606.6791,575.023,138.5418,3.7242,3145.8674,5.0166,4043.4098,2563.3959,1710.9169,1096.9234,4651.5785,905.7357,1261.4008,3844.5352,245.4276,1850.576,1473.3102,3661.6749,364.2309,1620.0454,86.7748,4914.8824,5788.5897,1798.4366,11.5452,228.6685,156.4182,71.4533,85.2851,3444.1792,145.2454,2907.8883,64.057,4045.6443,69.2709,2.9794,93673.6298,26393.3321,431.6397,232.9216,27.187,223.4545,459.9439,0.7448,334.437,2007.739,2109.0384,646.9009,2153.3568,2049.4505,15603.0852,801.4569,144.5006,2.2345,739.6345,0.3724,212.6542,258.8348,1068.4851,138.5418,7.4485,11610.3251,121603.9566,51.3945,0.3724,10917.616,6.7036,515.8075,290.1185,637.9627,23.8352,2192.0592,116.9412
TCGA-67-6216-01,1.533333333,2120.5245,3634.5956,391.3364,109.032,638.8684,192.7214,3035.2144,1294.8283,918.8154,1841.7563,769.1174,1630.1753,222.7788,763.2238,109.032,282.3044,161.4852,923.5303,584.6471,840.4302,11361.1316,274.0533,640.6365,1998.5266,2040.3713,17727.2786,1171.6517,599.3812,1132.1409,2377.4864,7427.1401,249.3001,311.7725,134.9639,272.2853,17.6809,4.7149,55.9894,468.5428,12854.5749,10.0192,367.1725,4396.0513,2526.595,4283.4831,274.6427,409.6066,3094.7399,864.0047,220.4214,2331.9523,1354.3539,2782.602,723.7366,849.2707,881.6856,10943.2739,791.5132,24.7532,716.6642,1204.0666,2408.1332,1820.5393,813.3196,3751.0122,718.4323,4762.0451,12924.1196,1310.7411,46.5596,1244.7326,408.5575,319.4342,876.9707,6474.1417,566.9663,190.3639,1595.9923,1911.301,1090.3197,10.0192,905.8494,1082.658,6186.5331,998.9686,687.9328,4670.1046,1550.6115,74.2596,390.1577,1171.0623,2095.182,1120.3772,533.962,974.8048,2211.8756,588.7727,1557.0944,1022.5431,9.4298,2327.98,756.1515,145.5724,1864.7414,1818.7712,67.7766,332.9895,26706.9397,1004.2729,1168.1155,4608.4868,1831.1478,3142.4783,99.0128,107.8532,518.6386,176.8086,1106.2325,2256.6672,169.7363,1190.5113,114.9256,148.5192,2887.8739,506.8513,1156.3283,2200.0884,35.9511,9145.1304,28.8787,145.5724,116.6937,1639.0158,324.2611,180.9341,617.062,17.0915,578.1641,1722.1158,36.5404,551.0535,112.5681,7756.5935,1366.7305,1512.3029,1800.501,1564.7562,1966.701,805.6579,3051.1272,4077.7958,744.9536,313.5406,1205.8347,235.2085,1479.888,222.7788,4.1255,1271.2539,1077.9431,9.4298,13.5553,55.9894,345.3661,114.9256,960.0707,924.709,7822.602,2739.944,2323.2651,1736.8499,2488.2864,1132.7538,1540.0029,1393.2518,72.4915,1870.0457,1340.2092,6768.2334,680.7131,1759.835,1271.8432,4099.0128,1612.5122,1999.116,2617.3567,97.8341,1591.2774,80.1532,114.3362,1024.9005,446.7364,4766.76,2807.7206,127.8916,381.9066,191.5427,2085.7522,713.1221,240.4597,41.2553,209.8129,256.9618,1125.6814,990.7175,327.0959,754.9727,418.447,1067.924,364.8151,186.8278,816.2664,330.6203,11464.2699,443.7896,430.5054,1000.1473,3576.2487,3733.019,58.9362,915.8686,630.6174,743.1855,775.6004,350.6704,5913.6585,110.2107,48.3277,1026.6686,200.3831,358.9215,1719.169,45.3809,3.5362,4137.3213,7.9446,7124.7974,3674.6722,1778.1052,1172.4532,9715.0435,503.3152,1265.3602,4019.4489,294.0916,1521.1434,3261.5294,3932.2234,747.311,1920.1414,51.2745,4121.4086,3415.3529,1347.2816,31.2362,242.8172,139.0894,94.2979,82.5107,9538.2349,77.7958,3572.7125,51.8639,3890.3787,303.5214,11.7872,192997.2005,21908.3542,280.5363,325.929,86.6362,291.1448,909.975,4.7149,363.047,1267.1283,1111.5368,1032.5623,1857.6691,3009.8718,15981.1404,69.5447,272.8746,3.5362,985.4133,0.5894,193.3107,245.1746,1040.224,159.7171,2.9468,12180.3448,102562.546,205.6873,0.5894,7536.1721,6.483,725.593,435.5385,1218.8006,36.5404,3506.0027,184.4703
TCGA-67-6217-01,5.833333333,1580.6187,2307.2484,3.98,126.2221,1043.8906,28.997,3703.0825,1734.7005,1192.8554,3544.4521,887.5344,1308.8432,381.509,1601.6557,218.3301,90.9709,73.3453,425.8573,682.2814,1352.6229,21150.7245,241.6413,1010.9137,2010.456,3048.0923,9628.0827,1309.9804,424.1516,3571.7149,2173.0664,5973.9425,126.7906,444.0515,908.0029,474.1856,25.017,0,81.8738,440.0715,21548.722,7.96,387.7633,2901.4018,2314.6398,5165.439,346.8264,458.8343,2853.0735,958.0368,589.0363,2445.4729,960.8797,1210.083,979.6424,1117.2359,1023.4222,7731.3858,589.6049,23.3113,521.9453,818.7377,1110.9816,1783.5974,1031.9507,2728.0398,1071.1819,6877.9654,7640.4149,1886.5082,65.9539,970.5453,1325.218,376.9605,1315.666,5246.7442,759.6067,270.6383,1645.4354,1868.314,882.9859,11.3714,614.6219,1331.5859,7075.8271,1340.1145,1202.521,4421.1837,1257.6721,131.9077,243.9156,1232.0866,2653.5062,765.8609,556.6279,1436.771,1145.6642,882.9859,1356.0344,661.2444,3.4114,2082.6641,589.6049,52.3082,1686.9408,1224.1266,34.6826,216.0558,39449.5126,1114.9616,1402.0883,11161.5557,718.1012,3490.4381,19.8999,58.5625,892.6515,195.5873,1146.8014,1635.7697,260.9726,1012.0508,242.2099,133.6134,1669.8838,1282.6891,1281.552,3173.1772,139.8677,3309.065,49.4654,332.0436,80.1681,1153.0556,202.4158,117.6935,826.1291,249.0327,635.0903,2120.1896,126.2221,682.85,285.4211,4110.1771,1030.8135,705.0241,1963.8334,2157.1465,1501.0192,697.6328,2339.6568,2127.0124,1209.3438,155.7876,2679.0918,208.0958,704.4556,242.7785,6.8228,1530.5847,939.2741,2.8428,47.7597,21.6056,378.6662,102.3422,2540.9298,626.5618,11777.8833,1983.7276,1827.9457,1108.1388,2628.4892,1696.0379,2368.6537,1260.515,81.3052,2937.2216,1275.8663,6230.3666,560.0393,1118.373,3352.8447,3973.1522,1773.5963,3075.3836,2750.1628,268.9326,2088.9183,73.3453,34.1141,1010.3451,467.3628,2062.1956,2400.4935,94.9508,352.5121,75.6195,1440.751,718.6641,293.381,98.9308,13.0771,399.1346,575.9592,1338.9773,656.6959,1253.1236,511.7111,2107.1125,347.395,72.7767,565.725,128.502,11741.4949,497.4969,395.7005,1042.1849,9914.1178,1839.317,82.4423,1065.4962,691.9471,465.6571,434.3858,62.5425,8973.7066,21.037,89.8337,1125.1958,169.4332,914.8257,209.233,143.8477,1.1371,1331.5859,0,2432.3333,1924.6022,1523.1933,913.1825,3701.3768,1644.2983,927.9028,4036.8318,155.7876,1777.9117,3052.6409,1232.0866,666.3615,587.8992,75.051,1841.5913,4735.6017,1423.6939,34.6826,195.5873,152.3762,48.3283,22.1741,1199.6782,166.0218,2275.4086,27.8598,4264.8275,213.7815,10.8028,194070.4058,10206.3617,306.4581,181.1685,281.4411,457.1286,407.6632,0,382.6462,1512.3905,1167.2698,616.8961,1527.1733,1300.3147,14864.6382,175.6875,200.1359,6.2542,927.9028,4.5485,19.8999,322.378,803.3864,98.9308,31.8398,12988.3643,91774.2444,77.8938,3.98,7412.9878,7.3914,770.5061,229.1328,661.2444,44.3483,1540.7507,176.256
TCGA-69-7760-01,2.533333333,824.4847,2138.6633,4.3723,282.9482,901.3117,14.9906,2146.1587,1623.3604,552.7795,4483.4478,681.4491,1888.8195,66.2086,1925.6715,174.2661,445.3467,89.9438,871.3304,485.3217,1296.065,25199.8751,266.7083,51.8426,715.8026,2697.6889,31194.0974,713.9288,875.0781,4860.05,1621.4866,5891.9425,353.529,1033.1043,65.584,8.1199,2.4984,4.3723,17.4891,324.1724,24840.2186,56.2149,281.6989,2085.5715,3064.3348,3183.0106,73.7039,260.4622,3280.4497,699.5628,1027.4828,2289.188,1567.1455,2161.0306,562.7733,1219.238,852.5921,153.0294,927.5453,19.3629,760.1499,1773.2667,2483.4478,3460.9619,486.5709,1461.9863,286.6958,4587.7577,15507.8076,1766.396,3.7477,1225.4841,919.8813,448.4697,1685.8214,3785.1343,218.6134,246.7208,1630.8557,3114.3036,846.9706,8.1199,2443.4728,2122.4235,4241.7239,1054.341,978.1387,4093.0668,836.9769,219.238,73.7039,1752.03,3829.4816,397.2517,374.7658,469.7064,1405.3716,466.5834,866.3335,885.0718,81.1993,1114.3036,1039.975,40.5996,1690.8182,1569.0194,118.0512,25.609,23434.7283,950.6558,2298.5634,9073.7039,1677.0768,2308.5572,392.2548,26.2336,16.2399,5.6215,1927.5453,3815.1156,666.4585,1301.6864,108.0575,378.5134,216.1149,48.0949,1544.6596,393.5041,58.0887,6497.8139,14.9906,648.9694,1459.0881,1977.5141,424.06,96.8145,560.8994,6.8707,315.4279,1589.6315,26.8582,148.6571,25.609,3834.4785,1463.4603,4472.2049,1579.0131,1813.8663,2075.5778,698.3136,2352.2798,4289.1943,566.5209,224.2349,1534.6658,196.752,2331.6677,219.238,1.8738,968.7695,357.2767,0.6246,22.4859,7.4953,496.5646,23.7352,1188.0075,1025.609,12169.2692,5372.8919,2501.5615,1923.7976,2095.5653,1010.6184,2116.802,1358.5259,102.436,1118.6758,1625.2342,7059.9625,555.9026,870.0812,1485.3217,8254.2161,461.3866,2497.1893,3119.3004,309.1818,2332.2923,559.0256,258.5884,522.7983,1394.1287,1079.3254,1825.7339,148.0325,269.8314,209.8688,2056.8395,317.9263,276.0775,60.5871,29.3567,495.3154,909.4316,2552.7795,683.9475,1838.2261,503.4354,1808.2448,473.4541,728.2948,536.5397,153.5853,14237.3517,301.0618,759.0319,716.4272,10083.0731,2424.7345,3.123,1561.524,1501.5615,297.3142,783.2605,121.1743,16152.4047,216.1149,71.2055,998.1262,93.0668,1172.3923,1579.0131,192.3798,8.7445,4141.1618,4.9969,3860.7121,1807.6202,1483.4478,753.6352,13168.02,2154.9032,4482.1986,2885.6964,222.361,1565.8963,2005.6215,2636.4772,400.9994,1989.3816,96.8145,2543.4104,7746.4085,1673.3292,14.366,341.0369,121.7989,62.461,132.4172,671.4553,43.7227,7913.1793,108.0575,2574.6408,8.7445,5.6215,38971.268,17475.9525,279.8251,189.4878,101.1868,36.852,459.7127,1.2492,109.3067,2041.8488,1480.9494,362.2736,1093.6914,2612.1174,7751.4054,76.2024,223.6102,1.8738,998.1262,0.6246,60.5871,143.0356,391.0056,31.8551,6.2461,7576.5147,39351.0306,130.5434,0.6246,7509.6814,8.7445,348.5322,514.6783,809.4941,81.1993,2076.8207,236.727
TCGA-69-7761-01,1.066666667,1241.2304,2844.5764,1.619,223.4215,1093.3621,14.0313,3415.0027,1983.2704,1762.0076,2879.1149,840.7987,1084.7275,498.1112,1138.694,173.2326,526.1738,217.4852,1723.6913,861.306,1569.347,17470.0486,12.952,494.8732,1497.5715,2845.116,13860.6314,1158.122,472.7469,662.1641,2807.3394,262935.7366,379.9244,759.8489,405.8284,1538.5861,59.9029,0,134.3767,398.8127,18034.5386,416.6217,291.4193,3661.6298,1749.0556,7844.0367,1048.0302,876.4166,1947.1128,871.5596,573.1247,3386.6919,1565.5693,1623.1786,1472.7469,1580.1403,493.2542,7742.0399,749.5953,11.8726,528.8721,950.3508,2317.3233,2985.9687,449.0016,2636.6163,786.8322,4691.8511,5561.7917,2118.1867,19.9676,1889.3686,1242.4501,559.633,1643.8208,4228.2785,1848.8937,457.6363,2208.8505,4421.4787,1541.8241,22.1263,969.7787,1832.7037,8188.3432,1752.8332,1592.8548,1828.9261,1076.6325,171.0739,107.9331,1044.7922,3173.7723,517.5391,810.5774,2580.68,848.354,818.1328,837.021,1109.5521,4.3173,1437.129,1025.9039,123.0437,1126.8214,1342.6875,128.4404,400.9714,22398.2731,1242.8494,2191.5812,3141.3923,940.0971,1791.6892,91.7431,105.7744,1694.0097,179.7086,2126.2817,1172.6929,1986.5084,1737.7226,555.3157,103.0761,1800.3238,472.2072,1709.66,3300.054,216.9455,8658.9315,5.3967,199.6762,77.1722,1848.354,466.9617,130.0594,660.5505,1845.6557,413.3837,2134.9164,223.9611,1203.4539,614.1392,4433.891,2182.4069,339.4495,854.83,2481.3815,899.6222,607.1236,2812.1964,2722.612,1175.3913,610.9012,1735.564,151.2304,799.7841,76.6325,6.476,1973.0167,1672.9628,10.7933,73.9342,9.714,509.9838,171.6136,2516.4598,1119.8057,7188.3432,4852.1317,2325.4182,821.9104,2059.9029,1037.7766,2139.7733,1397.1937,31.3006,2241.2304,3444.6843,8730.1673,533.7291,1770.6422,4004.857,8151.646,1852.9682,1425.796,4626.0119,363.1948,1212.0885,546.6811,109.5521,1276.8484,362.6552,1898.5429,4098.2191,156.503,158.122,160.8203,1985.429,557.469,441.986,629.7895,9.714,282.245,609.8219,1258.4997,991.905,1236.3734,274.15,412.844,736.6433,1304.3713,573.1247,178.0896,18283.3243,465.1916,616.6541,2181.3276,2416.082,2058.8235,117.1074,1262.8171,431.1927,413.3837,606.0443,441.4463,7813.8154,146.2493,38.3162,967.6201,165.6773,1296.816,4751.2142,114.9487,0.5397,1679.4387,0.5397,5720.993,2470.5882,2049.6492,972.1479,4701.0254,431.1927,628.1705,3536.9671,169.9946,3138.694,3525.0944,2728.5483,785.2132,2543.9827,110.0917,2828.9261,3808.4188,3501.3492,16.19,154.3443,169.4549,124.123,121.9644,2284.9433,108.4727,4310.3076,61.5219,4181.3276,125.742,10.2536,121131.1387,13441.4463,381.5434,235.3751,278.4674,1146.789,165.6773,1.619,1137.6147,1987.5877,2416.6217,854.83,1927.1452,2942.7955,19485.6989,1185.1052,216.9455,0,1346.4652,8.095,233.6751,366.9725,2236.3734,167.8359,16.7296,18120.8851,601.1873,101.9968,0,7301.673,0.5397,489.0124,307.0696,798.7048,30.7609,2330.2105,310.8473
TCGA-69-7763-01,2.333333333,2939.5596,5851.3374,11.8221,139.5005,784.3949,34.8751,3581.4984,1477.1686,651.9876,1776.8583,786.1682,1448.2045,221.664,1224.7673,138.3183,81.5723,48.4705,690.4093,662.0364,1068.7158,9634.9934,139.5005,963.4993,2225.5061,3005.1722,14943.0412,1817.6445,795.0347,281.3536,2794.1481,7865.2283,220.4817,351.1157,454.5589,1152.6526,15.3687,0.5911,50.8349,496.5273,24265.9967,14.7776,348.1602,2349.0468,1782.7693,4273.09,321.5605,368.2577,1601.8915,450.4212,3631.7423,2459.2168,1648.5887,1273.8703,668.5385,1092.36,517.807,2299.9852,567.4597,27.7819,691.0004,985.9613,1900.399,1899.8079,778.4838,2474.2486,1685.2372,3486.3307,9364.8589,1072.8536,5.911,1428.6981,1933.6427,420.866,1616.078,8828.7276,940.4463,436.8258,2338.9981,2592.5816,968.8193,31.3285,609.4281,1933.5008,6531.6979,2500.3694,1817.8395,2958.475,1614.3047,235.8505,104.0343,1159.7458,1781.5871,544.9978,498.8917,935.7175,1428.6981,783.8038,1423.9693,593.4683,43.1506,2443.0324,511.3049,66.2036,1368.4055,1474.2131,18.9153,179.6956,19756.4652,520.7625,1235.4071,25075.218,972.3659,4151.3226,60.8837,41.3773,580.464,88.6656,1341.8058,1834.1954,439.7813,1627.309,176.149,86.3012,883.1092,638.9833,1473.622,1676.3706,164.918,7195.5076,49.0616,861.8295,40.1951,1076.9913,203.5762,156.0514,1134.3284,316.2406,484.7052,1140.8305,172.0112,371.2132,197.4287,4871.2871,1398.5518,979.4591,1289.1976,1500.8128,1612.5314,721.7378,2904.6845,1613.7136,1001.9211,205.113,1510.8615,106.9898,1061.6226,424.4126,23.6442,1204.0786,1173.3412,4.1377,155.4603,11.231,267.179,76.2524,5376.681,1595.3894,11790.7492,4096.941,1889.168,1450.5689,2469.632,1112.4575,1951.2339,1253.7313,32.5107,1805.8224,1288.6065,6820.1566,657.3075,928.6242,1467.711,4956.9972,749.7857,2413.4772,2746.8598,460.4699,1490.1729,223.4373,49.0616,1725.4322,439.1902,2968.5237,2781.7349,189.1532,900.2512,56.1549,1594.7983,618.2947,235.8505,236.4416,10.6399,195.0643,433.2791,1130.1906,1707.108,1292.7442,1691.1482,1769.1739,216.344,182.06,2565.982,44.9239,21585.9317,279.001,346.9011,1427.5159,6370.9177,3494.6062,13.0043,732.3777,603.5171,790.897,412.5905,347.5691,8017.142,29.5552,25.4175,1018.472,106.9898,888.4291,561.5487,534.949,1.7733,1390.8674,2.3644,3907.1967,4078.0257,1871.4349,927.708,10010.9354,1092.36,2357.9134,3205.5564,140.0916,1663.3663,2716.7135,893.158,782.6215,971.7748,78.6168,9741.392,2496.2317,1321.1172,25.4175,135.3628,117.0386,95.7588,24.2353,3168.9079,622.4324,2153.3915,24.8264,4311.5117,122.9496,8.2755,50032.2152,15372.8388,365.8933,151.63,355.2534,314.4673,506.576,0.5911,359.9823,1729.57,2871.5827,918.5754,2230.235,3393.5274,17286.8332,383.0353,286.0943,3.5466,755.4308,2.3644,88.0745,236.4416,952.2684,70.3414,62.0659,11037.6829,25887.9858,623.6146,7.4361,7103.8865,8.2755,566.8686,331.0182,317.4228,30.7374,1051.5679,744.7909
TCGA-69-7764-01,2.733333333,2017.9045,4651.1936,1.3263,181.6976,348.1432,48.4085,5847.4801,2356.7639,962.8647,1316.9761,962.2016,1124.0053,198.2759,775.8621,356.1008,102.122,135.9416,324.2706,499.3369,1361.4058,10722.8117,7.2944,342.8382,1692.9708,3956.2334,11379.191,2749.3369,1478.7798,1306.9562,2500,5241.3793,291.1141,341.5119,1454.9072,610.0796,16.5782,0,49.7347,391.2467,34092.1751,93.5013,633.9523,5097.4801,2602.7851,4238.7268,238.7268,369.3634,1794.4297,481.4324,5135.9416,3251.5915,1773.2095,1140.1194,901.1936,1066.9761,407.8249,2344.1645,653.183,31.8302,550.3979,1391.9098,1634.6154,1825.5968,330.9019,3494.9072,1463.5279,2505.305,10651.1936,1486.0743,23.8727,1275.1989,632.5995,306.366,1095.4907,3766.5782,995.3581,406.4987,1757.9576,2203.5809,487.4005,13.2626,3343.5013,2045.0928,8360.0796,3457.5597,2264.9668,3259.2838,1171.7507,90.1857,87.5332,2183.687,2897.878,801.7241,760.6101,1714.8541,1383.9523,870.6897,1412.4668,700.2653,2.6525,2897.2149,456.8966,141.9098,3145.2255,1724.1379,187.6658,125.3316,26430.3714,694.9602,1672.4138,7218.3753,372.0159,3316.9761,101.4589,37.1353,717.5066,114.0584,1540.4509,2165.7825,760.6101,716.8435,287.7984,231.4324,540.4509,132.626,1965.5172,4633.9523,69.6286,9201.5915,32.4934,281.1671,112.7321,1188.3289,449.1379,236.7374,528.5146,212.8647,522.5464,1799.0716,79.5756,429.7082,102.7851,5923.0769,2228.7798,576.9231,972.1485,1419.7613,1010.6101,531.8302,2581.565,2429.7082,1947.6127,173.0769,1319.6286,179.5822,267.2414,115.3846,9.9469,2136.6048,1580.9019,3.9788,48.4085,4.6419,351.4589,47.0822,2176.3926,675.0663,17148.5411,5374.6618,3077.5862,637.2679,2714.191,905.1724,2576.9231,800.3979,206.2334,1889.9204,1798.4085,7746.6844,520.557,1269.8939,1332.2281,3992.7056,839.7347,1742.7056,3885.9416,270.557,1289.1247,991.3793,110.7427,484.0849,1516.5782,1343.5013,6383.9523,113.3952,344.8276,100.7958,1301.061,375.3249,202.2546,197.6127,7.2944,209.5491,246.0212,1090.1857,1092.8382,1031.8302,840.8488,542.4403,258.6207,100.1326,2106.1008,218.8793,15847.4801,318.9655,178.634,905.8355,12217.5066,2263.2626,33.8196,719.496,747.3475,319.6286,976.7905,104.1114,5714.8541,136.6048,51.061,982.0955,314.3236,1451.5915,126.6578,215.5172,5.305,2222.1485,0,4881.2997,2980.7692,1719.496,675.0796,9698.2759,1342.1751,1398.5411,3750,216.8435,1571.618,2011.9363,1251.3263,517.9045,432.3607,64.3236,3423.0769,3670.4244,2266.5782,21.2202,363.3952,327.5862,129.3103,153.8462,1145.8886,171.7507,9159.8143,86.2069,1663.13,97.4801,3.9788,26822.2812,12027.1883,584.2175,237.4668,210.8753,304.3767,535.1459,0,373.3422,1742.0424,1045.756,567.6393,1545.0928,3086.2069,16456.2334,506.6313,156.4987,0.6631,921.7507,1.9894,55.7029,576.9231,1459.5491,28.5146,49.7347,11901.8568,64246.6844,62.9973,2.6525,9185.6764,3.3156,649.2042,441.6446,547.0822,40.4509,1997.8714,85.5438
TCGA-69-7765-01,18.03333333,2181.6479,2238.4519,6.2422,188.5144,618.6017,23.0961,3156.6792,1768.4145,1190.3808,2237.2035,600.4994,1420.7241,299.6255,1423.221,327.7154,176.6542,154.8065,556.1798,1491.2609,2075.5306,11426.9663,68.04,274.6567,1475.0312,2959.4257,18542.3408,1139.201,648.5643,1812.0662,3240.3246,5118.6017,209.7378,514.3571,304.6192,41.1985,19.3508,0,134.2072,405.7428,20498.7516,8.1149,149.1885,1975.0312,1514.3571,5239.0762,393.8826,744.6941,2038.0774,750.9363,1878.2772,2466.0924,1282.1473,1796.0674,754.0574,1187.8901,671.0362,17612.3596,574.2821,10.6117,758.427,1640.4494,1767.166,2550.5618,971.2859,3965.9925,1041.1985,6175.4057,6682.2722,1850.1873,32.4594,1196.005,2874.0512,581.7728,1347.6904,4437.578,931.96,147.9401,2239.7004,2580.5243,1360.799,24.9688,737.2035,1641.6979,6667.2909,1706.6167,1859.2759,3131.7104,1004.9938,225.3433,210.362,1323.97,2888.2647,622.3471,1189.1386,895.7553,621.7228,1079.2759,1250.9363,737.2035,18.7266,1386.392,639.8252,81.1486,2097.3783,1873.9076,67.4157,293.3833,21267.166,1385.7678,1556.804,8156.6792,1406.367,958.8015,33.0836,63.6704,848.9388,185.3933,1667.9151,2537.4532,287.7653,2072.4095,232.2097,209.7378,1777.7778,1112.3596,1408.8639,2354.5568,239.7004,4431.96,23.0961,634.8315,4111.7353,1961.2984,274.6754,174.1573,2318.3521,66.7915,400.7491,1722.8464,217.8527,569.9126,602.372,2732.834,1647.9401,2222.2222,1041.8227,2356.4295,1330.2122,679.7753,3620.4744,1428.2147,1426.3421,417.603,1495.6305,88.015,1461.9226,149.8127,13.1086,1459.4257,1257.1785,9.3633,41.8227,51.186,320.2247,92.3845,6590.5119,1124.8439,11739.7004,4136.7041,2462.5468,2164.794,2985.6429,896.3795,2470.0375,1446.9413,32.4594,2267.7903,1025.593,8584.2697,523.7203,1720.9738,2476.2797,4364.5443,684.8752,1450.6866,3644.819,567.4157,1204.7441,272.784,82.397,1980.6492,421.9725,3688.5144,2541.8227,181.6479,405.7428,154.8065,2954.432,493.7578,414.4819,746.5668,46.1923,340.1998,548.0649,1508.7391,3842.0724,1177.2784,553.6829,2643.5705,519.3508,224.0949,869.5381,397.7778,13436.3296,509.3633,268.4395,1063.6704,2308.9888,2312.1099,41.8227,946.9413,571.7853,418.2272,411.985,181.0237,7980.025,54.9313,36.829,838.3271,408.2397,1888.8889,124.2197,181.6479,2.4969,1183.5206,2.4969,2830.2122,1001.8727,2230.3371,1277.8277,12818.9763,394.5069,975.6554,2730.9613,255.9301,2425.7179,1959.4257,2745.9426,1817.1036,606.7416,112.3596,4570.5368,7329.588,1151.6854,26.2172,197.8777,176.6542,85.5181,58.0524,1790.8864,288.3895,10539.3258,47.4407,2564.9189,151.6854,5.618,83956.9288,8965.6679,422.5968,248.6267,205.3683,473.7828,790.2622,0,1102.9963,3502.4969,4199.1261,393.8826,1807.7403,1529.9625,12478.1523,159.176,225.3433,2.4969,908.2397,3.1211,8.7391,322.7216,662.9213,94.2572,11.8602,12290.8864,182257.1785,64.2946,0.6242,6513.7328,10.6117,473.7828,272.1598,447.5655,54.3071,3292.7591,208.4894
TCGA-71-6725-01,1.8,1367.2963,4952.1587,0,103.9045,469.5986,0.9361,3012.6074,1185.3853,705.4899,1437.19,2548.3133,1311.4437,85.183,1205.043,228.0907,209.4597,24.65,35.8829,888.961,1365.7362,20013.0115,262.7256,513.5942,1523.3091,3233.5215,15575.3518,2532.712,540.1164,1699.2728,2415.3904,11391.1194,180.0388,180.9749,691.4488,1815.0531,1.2481,0,46.1798,422.7947,45359.4769,7.1766,643.7089,1895.2436,4556.5102,3056.291,274.8946,90.1754,2901.8383,679.5918,14.9772,1698.655,1296.7785,1286.4785,428.4112,1390.6982,2018.8058,2411.9581,517.3385,3.7443,499.553,702.9937,1708.6523,1837.5189,725.7716,2437.4662,1035.301,2481.8518,4702.2261,910.4908,0.312,863.0629,119.8678,638.7165,794.4172,4060.7015,114.2014,236.8274,1545.7749,2269.6744,826.5559,4.3684,747.3014,1732.6783,3604.832,3018.8479,1508.3319,5168.0804,1399.4349,32.7627,321.3864,1270.2563,2059.6811,976.3282,437.1479,243.38,202.8167,459.9258,1442.1824,771.9514,3.1203,1592.2668,335.7396,46.4918,2494.3328,1385.3938,17.7855,84.2469,47395.4441,352.589,1611.9244,27863.8882,170.99,4004.5369,53.3564,21.2177,43.0595,21.8418,1119.5479,1912.093,647.1411,1307.0753,608.45,171.6141,1021.5719,181.2869,1219.0841,410.6257,22.4658,4597.0735,3.4323,170.99,44.6197,1506.4597,96.6281,133.859,130.7387,18.7215,480.5195,1094.5859,17.7855,93.6077,19.6576,5486.9706,763.5267,2172.0104,1356.9994,1744.2232,3237.8899,599.4012,2281.5314,841.2211,516.0904,64.9013,1227.5088,215.3694,542.9246,481.1435,15.2893,1185.3853,843.4053,0.9361,92.3596,4.0563,350.7168,7.8006,1284.9215,185.6552,6028.335,2834.7528,1693.9871,2324.2789,2934.913,1212.2195,2081.2109,1308.9475,610.9462,1832.5265,3144.5942,8698.0263,428.7232,226.2186,2080.8989,5583.0745,796.124,2606.038,3169.5563,77.3824,856.5103,402.8251,108.2729,324.1946,345.1003,2569.219,1449.047,118.8818,808.1464,170.678,1295.5304,500.8011,374.1187,30.8905,6.5525,371.6225,386.9118,1585.4022,592.2246,1006.9067,287.9997,1546.711,453.3732,325.7548,215.6097,142.7985,10402.3102,404.6972,401.0216,854.6382,4110.0015,2217.2541,0.9361,731.3881,1136.3973,418.4264,473.3429,27.4583,16111.7551,114.8254,53.3564,1117.0517,62.7172,471.7827,49.9241,52.7323,6.2405,854.0141,0,4919.708,632.1639,1234.6854,570.4671,5599.9239,1145.134,539.4923,2747.0736,250.2446,1779.4821,2492.4607,3771.1417,350.4048,1225.0126,315.1459,3828.5544,3163.0037,2716.8071,3.1203,186.5913,157.5729,57.4127,58.6608,440.8922,200.3205,6743.1858,36.195,273.3344,18.4095,1.2481,73720.4219,10886.886,394.4004,165.8323,21.2177,64.2773,405.9453,0,91.4235,841.8451,5320.973,1197.5543,1565.1205,5516.301,11085.9584,32.7627,188.4635,0.6241,618.7468,0,90.4874,153.5166,857.4464,44.6197,5.3044,27901.0192,95480.4649,63.3412,0.6241,13366.5537,19.9696,499.8838,371.6225,658.6861,7.4886,952.2772,360.3896
TCGA-73-4658-01,9.1,1403.9125,3888.3774,8.0552,111.0472,455.6962,16.6858,2113.9241,1219.2175,705.4085,1434.4074,1121.4039,1321.6341,360.1841,1040.8516,189.298,140.9666,54.0852,663.4062,689.298,1053.5098,10194.4764,216.3406,521.8642,1213.4638,2291.1392,19101.2371,1197.3533,490.2186,1352.6582,1800.9206,5662.8308,248.5616,544.3038,227.2727,100.6904,73.6479,0.5754,69.6203,492.5201,24959.1484,8.0552,465.4776,2823.9356,2262.9459,4989.6433,349.8274,445.3395,2069.0449,644.4189,1081.1277,1091.7204,1310.702,2156.6456,515.5351,798.6191,794.0161,21118.527,693.3257,11.5075,487.3418,1432.1059,2128.8838,972.9574,590.3337,2087.2612,1261.2198,4608.1703,9065.5926,1872.8423,16.6858,979.2865,2302.8999,448.7917,1379.1715,4588.6076,967.2037,394.1312,2257.7675,2724.9712,1340.6214,21.2888,375.1438,1177.2152,4146.145,1521.2888,1250.9609,3557.5374,1402.1864,285.3855,229.5742,1388.9528,1769.8504,994.2463,426.9275,3649.5972,1034.5224,363.061,909.0909,609.3211,21.8642,1611.0472,413.1185,56.3867,1827.9632,1522.4396,51.2083,465.4776,24598.9643,846.9505,1207.71,8590.3337,1109.8964,2062.7158,90.3337,533.3717,350.4028,89.7583,1435.5581,3506.3291,496.5478,1531.0702,273.878,133.4868,5447.0656,575.374,1026.4672,4878.5961,176.0644,4094.3613,21.2888,722.0944,323.9356,1090.9091,170.3395,131.7606,3387.8021,49.4822,497.1231,1291.1392,173.7629,802.6467,143.8435,6949.9425,1312.4281,860.1841,1445.3395,1084.0046,1987.3418,626.5823,2978.7112,3299.1945,361.3349,322.7848,975.8343,98.8895,2239.3556,111.6226,24.7411,957.4223,1023.5903,8.0552,102.4166,14.3843,417.1461,115.6502,5626.5823,1898.1588,7453.3947,3551.7837,1819.3326,1269.275,2597.8136,1233.0265,2108.7457,1982.7388,69.6203,1054.6605,1877.4453,6521.8642,630.6099,1804.9482,909.6663,5472.9574,785,1737.0541,2401.611,651.3234,1681.2428,279.6318,101.2658,2490.2186,407.3648,1977.5604,4459.7238,153.0495,513.2336,157.0771,1672.6122,357.3072,324.5109,365.3625,33.9471,232.4511,997.6985,1431.5305,1868.8147,1017.8366,1742.2325,841.7722,466.0529,188.7227,567.3188,186.7376,19995.9724,337.1692,419.1024,1216.3406,8515.5351,2108.7457,90.3337,800.3452,553.5098,443.6133,359.0334,159.3786,8849.252,110.4718,51.2083,1014.9597,157.0771,632.9114,365.9379,300.3452,1.1507,2287.687,0,5416.5708,6026.4672,1365.9379,683.1243,14535.0978,367.0886,841.7722,2357.8826,195.0518,2691.0242,1735.328,3477.5604,1261.7952,511.5075,59.2635,6247.4108,5026.4672,776.1795,18.9873,155.351,149.0219,56.5823,56.3867,5062.1404,375.7192,9590.3337,33.9471,4337.7445,181.8182,21.8642,103095.5121,11865.9379,235.328,127.5949,311.8527,330.84,603.5673,0,350.9781,2617.9517,1960.2992,600.6904,1131.7606,2827.3878,7873.9931,361.3349,208.8608,3.4522,814.7296,1.1507,140.9666,739.3556,367.0886,292.29,6.3291,12307.2497,95757.7675,146.145,0.5754,4033.3717,10.3567,673.8435,292.8654,608.1703,33.9471,5010.817,421.1738
TCGA-73-4659-01,6.333333333,2176.7932,6437.3418,10.3376,164.346,511.6034,99.3671,2276.7932,1535.0211,749.789,1247.4684,1009.9156,1510.3376,185.443,1268.9873,216.6667,259.4937,74.8945,164.135,597.4684,1030.3797,4733.5443,19.6203,557.8059,1567.5105,2143.8819,13226.135,1055.2743,772.3629,522.3544,1992.616,3985.2321,455.9072,232.9114,486.2869,148.9451,14.135,0.8439,18.1435,643.8819,12722.3629,9.4937,446.6245,6116.8776,4045.1477,2743.2489,633.3333,305.9072,2283.5443,486.0759,3105.2743,1967.3608,2143.4599,1668.1118,642.827,865.8228,889.4515,521.308,794.0928,15.4008,850.4219,1813.0802,1616.0338,1596.4135,781.4346,1698.0232,1096.4135,2404.2194,12027.8481,2023.8397,4.2194,1544.0928,1145.0717,326.1603,968.7764,5437.7637,504.8523,109.7046,2019.6203,2700.6329,855.9072,1835.654,273.6287,1075.7384,5473.4177,1774.6835,1622.3586,3481.0127,1474.8945,256.5401,149.3671,1410.1266,1552.3207,616.4557,378.0591,511.6034,1406.3291,602.5316,903.5865,879.9578,53.5865,2089.0295,532.7004,89.2405,1734.5992,1280.3797,64.557,249.5781,34977.2152,379.1139,1521.73,6361.9346,604.2194,1904.6414,128.27,63.2911,129.7468,53.1646,1240.9283,2978.0591,239.0295,1674.2616,254.2194,196.8354,2428.0591,4728.27,1452.9536,1088.6076,164.7679,3614.9789,40.0844,403.1646,40.5063,1121.73,579.4262,181.8565,917.5105,251.8987,646.9599,1669.6203,142.616,318.1435,67.9325,2404.6414,1348.7342,761.3924,1748.1013,1142.1941,2603.5865,729.7468,2888.6076,1687.1308,683.1224,232.4895,1643.6709,170.2743,1305.2743,639.2405,481.6456,1767.0886,878.0591,6.962,19.8312,11.1814,280.5907,91.3502,4155.4852,979.5359,7314.557,3873.4156,2036.9198,1925.7384,3207.8059,1420.2532,2004.4304,1798.5232,116.0338,1220.0422,2139.4515,8295.5696,482.4895,1134.8101,737.9747,3514.135,1056.3882,3753.1646,3399.3671,822.3629,2026.1603,556.1181,345.9916,858.4388,267.9325,2692.827,2933.5443,209.0717,332.4895,329.1139,1582.9114,765.1857,352.3207,65.1899,238.6076,332.7004,302.1097,1798.7342,1485.654,1049.5781,1093.8819,1232.4895,256.7511,196.8354,1233.5443,101.1245,10713.2911,388.3966,442.7278,1655.0633,4140.0844,2088.3966,21.308,509.4937,792.1941,571.097,802.3207,114.346,4289.6624,215.1899,32.7004,1378.903,127.2152,565.8228,85.865,334.1772,7.173,2045.9916,11.9241,2441.1392,2685.654,1494.9367,697.2236,10553.1646,797.0464,1333.5443,3203.7975,413.7131,2062.6582,2381.4346,4455.4852,961.1814,658.6498,114.135,3380.3797,5492.1941,4009.0717,80.3797,187.7637,159.9156,111.7152,168.1435,4498.7342,371.308,6767.0886,62.4473,2484.8101,154.0084,2.7426,55565.6118,9312.0253,417.9325,173.6561,64.346,431.6456,571.308,0.4219,387.1308,2675.1055,1267.9325,590.7173,1356.3291,899.789,9525.5274,266.0338,235.0211,1.8987,588.6076,7.173,12.4473,710.7595,327.2152,159.9156,83.5443,6376.1603,37850.211,284.8101,15.808,3964.557,68.9873,608.0401,369.1983,359.0717,44.9367,762.8439,312.8692
TCGA-73-4662-01,6.933333333,1785.618,2736.2129,5.6262,190.119,802.9069,10.5491,3070.5034,1704.9757,488.0736,2221.4148,1047.647,1888.2963,422.9034,1284.1821,171.8338,240.0516,101.975,248.7253,698.3532,1319.1115,18131.3954,59.3096,1124.5385,1339.9754,2303.4636,14592.2241,1403.7391,798.2184,2118.0214,2174.0608,13381.9375,322.5693,399.2264,647.4829,254.1171,40.0867,0.2344,111.8209,654.9845,14475.7663,16.6442,540.116,3589.5212,1729.3559,2892.1057,331.9463,525.3472,3889.8201,997.7144,2415.9878,3550.8762,1966.8288,1060.3341,992.0881,1916.4274,947.7817,8611.1469,801.7347,7.2672,1213.1513,1766.864,2162.3396,3010.4905,646.7796,2467.899,999.8242,4727.8908,7394.9481,1459.0635,71.9686,1599.2498,1015.5025,371.3298,1968.0009,4054.1523,1093.5943,376.4871,1308.328,2974.1546,614.4289,21.8016,1282.0723,1580.4958,6315.1849,1438.1996,1484.6744,5789.1344,1159.7023,124.4799,132.2159,1655.2775,2950.7121,1005.4504,492.9965,1414.7571,1312.782,963.2538,1332.2393,682.4122,3.9852,1825.0015,462.2868,117.2127,1613.0809,1749.0476,134.3257,348.3561,23302.819,809.9396,1207.7595,7901.5085,478.931,3407.1383,66.8112,165.5043,923.6359,273.8088,1997.5385,2278.3801,222.0008,1766.3951,253.6482,104.7881,1385.4539,259.7433,1171.8924,3960.3821,113.4619,7646.4865,29.5376,224.5795,1109.3008,770.5562,202.717,150.0322,743.8317,136.4356,1291.6838,1994.491,110.1799,786.9659,401.5706,5836.7227,1447.8111,1699.5839,1484.147,1697.4741,1887.3586,1070.6206,2639.1608,2695.8917,1519.3108,210.9828,1581.9024,165.019,812.5183,332.1807,37.2736,2023.7942,884.7213,4.2197,25.3179,12.4245,351.638,138.311,2332.0635,1017.1717,15500.674,3824.6475,2224.2279,1569.9467,2056.3793,1231.202,3519.1936,1198.3825,13.8311,1665.3578,1697.2396,7472.0741,410.9477,1526.8124,1928.3831,5670.7496,922.7404,2707.3785,2847.3305,252.4761,2282.5998,308.5038,97.521,790.9512,493.9342,1898.611,3542.1673,137.3733,256.9302,81.8145,1941.5109,799.1537,241.2237,123.5422,10.7836,362.4216,486.1982,1663.4824,655.6877,926.449,501.9047,1026.5487,681.4745,95.1767,549.0242,179.9824,15469.7298,329.3676,384.5537,1166.5006,18128.3479,1613.5498,80.4079,1356.6196,785.5594,593.565,820.0199,465.5688,7939.0494,61.6539,68.9211,1295.4346,265.6039,1129.9303,56.2621,141.1241,2.8131,1938.2289,0.2344,4885.1902,4286.4678,1943.1518,802.07,5043.1929,1878.6849,1830.8621,3804.4892,212.6238,1879.857,1956.7485,1809.5294,573.4044,491.1211,132.6848,3377.6007,4592.1585,961.8473,11.9557,218.9533,260.681,77.3604,63.9981,1666.9988,221.0631,3944.91,42.431,8483.1507,295.376,28.5999,54584.5396,13061.4781,225.5172,216.5575,180.0387,461.3491,555.1193,0,506.8276,2637.5198,2266.4244,816.0347,1502.4322,1457.8913,22320.1078,89.5505,345.543,0.9377,773.8381,5.6262,358.6708,728.1252,217.0779,173.9436,29.3032,25973.8616,273078.8279,34.695,1.641,15823.2433,4.4541,576.2715,249.663,467.2098,25.7868,1920.8978,782.2774
TCGA-73-4675-01,2.2,1410.1611,4289.0335,2.1685,85.1921,423.482,27.881,2445.4771,2265.4895,568.4634,1482.0322,1156.1338,758.6741,114.0025,1463.4449,169.145,171.0037,31.9083,406.4436,452.6022,847.8934,6850.9913,284.0768,1714.0644,2087.3606,2051.425,8975.1952,793.6803,503.7175,441.1183,2170.3841,10690.8302,252.1685,240.7063,383.829,1743.8042,11.772,0.6196,42.4411,312.2677,15605.0186,22.3048,620.1983,3513.6307,2075.2788,3026.0223,180.6072,495.6629,2551.1152,521.3755,200.4337,2621.3848,1366.7906,1549.4145,291.8216,865.5514,864.9318,29026.6419,628.5626,7.4349,533.767,1130.7311,1142.1933,1635.6877,798.9467,2471.3817,736.9888,1673.1722,8818.7732,765.4895,4.3371,590.7683,1397.4845,150.8674,779.7398,7223.9777,408.3024,364.0025,1940.2107,3023.2342,653.3457,308.2404,29.1202,840.1487,5222.7385,1857.1871,1590.0031,4743.8042,1710.0372,239.4672,176.8897,1285.316,1565.9851,239.777,444.5477,439.5911,1520.4461,558.5502,978.005,608.4263,12.3916,2506.5056,232.342,26.0223,1036.5551,1806.0719,28.1908,185.5638,27849.7522,589.8389,975.5266,11586.9579,4181.5366,2620.5081,99.7522,10.223,274.1636,61.3383,889.4052,2152.1066,135.9975,1299.5663,231.1029,108.1165,1142.1933,172.8625,1212.5155,1683.0855,65.0558,10290.2726,34.3866,198.2652,29.43,1131.0409,193.2249,171.9331,1442.9988,267.0384,873.2962,1117.72,26.9517,201.6729,66.2949,2516.4188,971.1896,303.2838,3478.9343,1036.8649,1777.881,651.7968,3289.653,2675.6506,771.0657,256.5056,1078.6865,118.6245,594.176,305.4523,5.2664,1264.5601,1086.741,8.6741,11.1524,113.3829,241.9455,43.9901,3420.0743,631.3507,9362.7633,2413.5657,1921.3135,2359.3556,3043.9901,1162.6394,2199.1945,1568.4634,66.2949,1102.2305,2342.3172,10250.6196,699.5043,1231.1029,1808.2404,3405.824,1704.5105,1701.6729,2522.3048,260.8426,2362.1437,89.8389,85.5019,912.9492,631.3507,5025.4027,11636.6171,69.7026,385.3779,121.7472,1814.4362,391.5675,206.6295,46.1586,95.7249,130.7311,408.3024,1135.3779,995.9727,542.1314,806.6914,1266.4188,503.7175,405.5143,1006.8154,23.0824,11478.6245,273.544,516.5118,1061.9579,7150.5576,4554.5229,20.1363,439.9009,640.9542,590.7683,775.7125,271.3755,6979.2441,68.7732,17.3482,1869.2689,60.7187,938.9715,497.5217,148.0793,1.5489,1624.2255,1.5489,3730.4833,3146.5304,3098.8228,714.0985,12594.7955,1844.7955,854.399,3750.6196,216.5428,907.0632,1713.1351,1949.8141,724.5973,2032.2181,40.8922,14079.3061,3274.4734,951.9827,29.43,242.5651,222.119,109.746,62.8872,758.0545,57.0012,9299.8761,26.9517,2231.1029,106.2577,7.7447,55144.3618,24143.1227,181.5366,419.9349,219.0211,191.4498,580.5452,0.3098,285.316,1151.1772,197.026,1142.8129,1718.0917,1629.1822,9186.803,84.2627,179.6778,0,774.1636,1.2392,13.9405,219.3309,393.4325,134.7584,3.4077,12636.3073,6446.7162,63.5068,1.8587,6941.4498,20.1363,646.8773,335.5019,487.6084,36.233,509.588,766.7286
TCGA-73-4676-01,2.733333333,900.7916,2875.4617,2.1108,212.6649,344.591,99.7361,1389.4459,797.8892,831.1293,1563.5884,682.3219,1312.9288,70.1847,1118.7335,198.4169,663.7573,149.8681,1670.7124,664.3799,1436.4116,10380.4749,788.3905,314.5119,675.9894,1067.0185,11117.6623,792.6121,526.1214,1500.2586,1135.6201,5724.5383,286.0158,198.4169,85.4881,39.0501,4.2216,0.5277,92.876,503.9578,15821.6359,7.3879,393.1398,8124.5383,1886.0158,4307.124,317.1504,196.8338,1808.971,516.095,353.0343,732.0422,1262.2691,1584.4011,455.409,871.2401,1243.7995,22210.0264,821.6359,7.9156,1864.9077,2793.1398,1468.6016,541.9525,569.9208,1552.8971,453.2982,4158.8391,11022.1636,3034.8285,0,906.5963,507.7889,321.8997,1263.3245,4752.5066,281.7942,64.3799,1439.0501,2139.8417,1162.533,2.6385,713.4565,367.81,4783.6412,1698.6807,1336.3958,2345.1187,1377.3087,90.2375,86.0158,1678.628,2373.6148,592.0844,295.5145,2024.8021,1290.2375,353.0343,1201.5831,474.4063,8.4433,1818.4697,826.3852,162.533,2074.4063,1027.9683,248.5488,220.0528,23642.7441,756.2005,1188.3905,5423.5251,198.4169,1071.2401,183.6412,169.9208,14.248,17.4142,1211.6095,2411.0818,174.6702,953.562,102.9024,381.5303,1009.4987,348.8127,801.0554,1150.9235,33.7731,2046.438,27.9683,252.7704,966.7546,1012.6649,384.5963,201.5831,311.3456,259.1029,435.8839,2409.4987,35.8839,223.7467,23.219,5663.8522,923.4828,1920.8443,1814.7757,1152.5066,1860.1583,1062.7968,3149.3404,1252.2427,338.7863,293.4037,776.781,151.6623,2172.5594,34.3008,0.5277,1159.8945,1261.2137,4.7493,66.4908,2.1108,235.3562,90.2375,1167.81,846.438,9027.9683,3765.6887,1625.8575,1520.8443,2917.6781,1348.8127,3473.3509,2867.5462,8.4433,729.2876,1439.5778,6061.7414,418.4697,1218.9974,663.8522,3329.8153,498.343,1056.9921,4363.5884,148.285,1686.5435,706.0686,318.2058,712.4011,543.5356,1329.2876,2087.0712,220.5805,487.0712,537.2032,1407.3879,315.0396,434.3008,74.934,203.6939,205.8047,2278.1003,1324.0106,1435.8839,1077.0449,579.4195,585.2243,532.4538,200,908.7071,298.4011,16806.3325,853.2982,559.3034,2382.058,9143.0079,3584.1689,22.1636,1131.9261,770.4485,601.5831,611.6095,937.7309,7426.3852,220.5805,67.0185,1038.5224,175.1979,462.2691,1898.6807,211.0818,1.5831,567.81,0.5277,3181.0026,1590.5013,1486.0158,1186.686,21321.8997,327.7045,707.124,3689.1821,384.1689,3377.8364,1975.7256,5938.7863,284.4327,1000,87.0712,3047.4934,4179.4195,1437.467,7.9156,377.8364,253.8259,47.4934,208.971,1579.4195,311.8734,6424.8021,158.3113,612.6649,46.9657,10.0264,42473.8786,9297.0976,299.7361,615.7784,46.9657,141.4248,1150.3958,0,505.5409,2388.9182,1016.3588,431.1346,1721.8997,3138.2586,14574.1425,135.0923,211.0818,2.1108,607.3879,1.5831,286.5435,218.4697,309.7625,150.9235,13.1926,7522.9551,12603.6939,44.3272,0.5277,3662.2691,29.5515,505.5409,407.3879,411.6095,8.4433,13595.0607,463.8522
TCGA-75-5122-01,4.166666667,1896.3402,3733.4462,2.5386,113.3912,464.5653,8.462,1859.1073,1233.7635,1653.48,1335.3078,907.1293,1651.7876,357.9437,592.3419,117.6222,345.2507,168.3943,627.8824,870.7425,872.4349,1743.1775,49.0798,530.5691,1227.8401,2036.8098,15347.5354,1202.454,508.5678,666.7992,1461.392,1127.9882,390.0994,367.252,2.5386,9.3082,33.8481,0,139.6234,296.1709,22372.7523,5.9234,318.1722,4956.209,2015.6547,4017.7703,1256.611,1133.0654,1594.2458,476.4121,120.1608,1408.6313,5090.7552,1746.7992,880.897,887.6666,577.9564,5613.7085,856.3571,8.462,703.1944,1303.9983,2890.6283,1218.5318,1011.2122,2934.9101,1005.2888,2933.7846,10581.7643,1765.1788,13.5392,1171.9907,251.1445,319.0184,1571.3983,4377.4064,1074.6774,73.6196,1359.8477,1577.3218,1892.9554,0.8462,107.4677,1188.0685,5070.4464,1270.9964,1158.0707,1451.2376,1034.9059,353.7127,333.4039,1613.7085,1886.1857,881.7432,802.2001,4023.6937,1717.7914,572.8792,1278.6122,983.2875,0,2113.8143,539.8773,114.2374,853.8185,1292.1515,121.8532,1038.2907,22962.5555,1236.3021,1888.7243,5667.1631,913.0527,3787.6031,103.2367,498.4134,278.4007,129.469,1150.8356,32761.5824,391.7918,2472.6042,633.8058,249.6298,14234.8212,1038.2907,957.0552,3658.9803,31.3095,651.5761,18.6165,187.0108,148.9317,1690.7129,423.499,165.0095,1065.3692,23.6937,880.0508,1437.6983,79.5431,1658.5572,308.864,1737.2541,1163.5287,558.4938,1320.9224,1454.6224,1892.9554,644.8064,2836.4713,10807.7004,771.7368,669.3463,1129.6806,168.8259,2050.3491,200.55,2.5386,2063.8883,562.7248,9.3082,20.3089,6.7696,313.9412,1275.2274,1575.6294,1416.5433,6999.7884,4222.5513,2059.6573,1417.3895,2813.6239,1726.2534,1724.561,2828.0093,70.2348,1100.9097,1469.854,6165.4326,569.4944,3075.1005,1540.9351,8935.0539,2060.2581,1700.0212,3690.2898,237.7829,1338.6926,418.8703,278.4007,4719.2723,151.4703,1231.2249,4429.871,77.0044,115.0836,218.3203,1700.0212,499.2342,515.3374,98.1595,10.1544,221.7051,1182.9913,957.0552,994.2881,846.2027,764.121,121.007,545.8007,264.8614,425.6399,34.085,18792.4688,407.0235,371.1276,1530.7806,5417.3895,1401.3116,423.1013,811.5084,638.0368,962.1324,430.7172,457.7956,9375.9255,165.0095,88.0051,902.052,153.1627,630.421,1345.4622,73.6196,1.6924,549.1855,17.7703,4633.8058,3508.3563,1496.0863,896.9579,6350.751,226.7823,1395.3882,3213.8777,348.6355,4346.0969,2365.1365,4491.6437,2831.3941,594.0343,77.0044,1164.3749,3471.9695,851.2799,7.6158,255.5532,140.4696,63.169,182.7798,3410.1967,428.1785,3982.2297,44.8487,2288.132,72.7734,92.2361,408715.0413,8921.5147,350.3279,270.5056,23.6937,665.9615,221.7051,0,344.4045,4658.3457,1616.2471,577.1102,1490.1629,712.5026,8301.2481,126.0842,170.9329,0,1250.6875,5.0772,253.8608,1094.9862,292.7861,803.0463,0.8462,13703.406,42193.3573,29.6171,3.3848,2101.1212,8.462,1135.6971,341.0197,593.1881,11.8468,3975.6378,147.2393
TCGA-75-5126-01,18.86666667,1766.7197,3035.0318,3.9809,132.9618,503.9809,11.9427,1921.9745,1331.2102,540.6051,1024.6815,771.4968,1113.0573,167.9936,666.4013,167.1975,490.4459,157.6433,987.2611,950.6369,854.2994,15437.1019,1273.8854,832.8025,1145.7006,2269.9045,9597.1099,1042.9936,437.8981,891.7038,1339.9682,2652.0701,336.7834,239.6497,253.9809,157.6433,10.3503,2.3885,63.6943,557.3248,16460.9873,28.6624,492.0382,4276.2739,1585.9873,4625,615.4459,460.1911,2101.1146,430.7325,485.6688,1778.4315,1544.586,1768.3678,585.9873,812.8981,805.7325,19137.7389,664.0127,7.9618,716.5605,1527.0701,2363.8535,1610.6688,633.758,2439.6497,980.0955,3464.9682,9612.2611,1987.2611,21.4968,871.0191,863.0175,523.0892,787.4204,4179.9363,859.8726,96.3376,1997.6115,3457.0064,1266.7197,22.293,472.9299,874.2038,4271.4968,1481.6879,1274.9522,2379.7771,925.9554,152.0701,524.6815,1513.535,2453.8217,1102.707,413.2166,3559.7134,613.0573,525.4777,1145.7006,629.7771,113.0573,2379.7771,671.1783,79.6178,1014.3312,1632.9618,101.9108,566.879,27000,1103.5032,1507.9618,3151.2739,546.1783,2469.7452,463.3758,1046.1783,82.8025,49.3631,1738.8535,4785.828,1347.9299,2613.0573,402.8662,156.051,4600.3185,2072.4522,1100.3185,2404.4586,88.3758,3781.051,42.1975,299.3631,78.0255,1679.9363,531.0748,107.4841,676.7516,138.535,846.4252,1369.4268,100.3185,666.4013,103.5032,3578.0255,1444.2675,1935.5096,1327.2293,1390.1274,2015.1274,613.8535,2627.3885,1854.2994,252.3885,332.0064,1134.5541,176.1704,3785.828,86.7834,10.3503,1250,770.7006,13.535,18.3121,11.1465,418.7898,473.7261,2177.5478,1864.6497,7187.1019,5076.4331,2247.6115,1212.5796,4272.293,1686.3057,1714.172,2312.1019,122.6115,1095.5414,3144.9045,7195.8599,672.7707,1985.6688,325.6369,5402.8662,1255.8758,1375.7962,4020.7006,477.707,1586.7834,894.1083,425.1592,1946.6561,390.9236,1526.2739,3322.4522,245.2229,435.5096,288.2166,1476.1146,488.0573,298.5669,14.3312,21.4968,367.8344,1464.9682,1066.0828,1048.5669,1345.5414,1158.4395,530.2548,337.5796,344.7452,1023.8854,172.9538,12507.1656,291.4013,342.3726,1679.9363,4949.8408,1566.0828,50.1592,1602.707,402.8662,570.0637,727.707,550.9554,7664.0127,171.1783,57.3248,995.2229,127.3885,866.242,1039.8089,177.5478,2.3885,1835.1911,3.1847,8289.0127,3161.6242,1541.4013,1143.3599,9224.5223,453.8217,728.5032,2369.4268,562.8981,2614.6497,2571.6561,5890.9236,1019.9045,751.5924,84.3949,1598.7261,3561.3057,1509.5541,12.7389,223.7261,213.3758,121.0191,243.6306,2999.2038,216.5605,4637.7389,83.5987,2263.535,146.4968,10.3503,156812.1019,10024.6815,252.3885,271.465,105.8917,459.3949,3916.4013,0.7962,617.0382,2591.5605,2100.3185,689.4904,2288.2166,2878.9809,8446.6561,246.8153,353.5032,1.5924,1246.0191,3.9809,14.3312,652.8662,739.6497,441.0828,60.5096,17727.707,52469.7452,50.1592,3.1847,4238.8535,16.7197,908.4952,343.949,639.3312,61.3057,2512.6752,292.1975
TCGA-75-5146-01,5.366666667,640.6804,2902.9057,2.8349,76.5415,319.6315,6.3785,1302.6223,770.3756,746.988,864.635,563.4302,1012.0482,277.1084,802.2679,131.1127,107.725,29.7661,435.8611,245.2162,1329.5535,4639.9717,328.8448,737.7746,912.8278,913.5365,6979.433,1429.4826,484.7626,293.4089,1313.253,6577.6045,111.2686,335.2232,2049.6102,1424.5216,19.1354,0.7087,48.1928,254.4295,13854.0043,16.3005,573.3522,3296.2438,2336.6407,3350.815,352.9412,283.4869,1571.9348,511.6938,10995.7477,668.3558,1878.1006,1252.4876,532.9554,440.1134,734.9398,605.9532,695.9603,17.7179,959.6031,1866.0524,890.1488,1313.9617,848.3345,3324.4224,250.8859,1789.511,6911.4103,2815.7335,24.0964,775.3366,681.0702,262.9341,1175.7619,6242.3813,351.5237,244.5074,1941.8852,2134.6563,1118.3558,165.1311,738.4833,694.5429,5766.1233,2240.2551,2130.0071,1201.2757,2001.4174,205.528,75.124,2217.5762,2367.1155,484.7626,343.7279,930.5457,966.6903,351.5237,1223.2459,625.7973,0,2002.8349,245.2162,47.4841,842.6648,597.4486,26.2225,304.0397,25023.3877,721.4741,1187.8101,7592.36,274.9823,6674.6988,30.4748,16.3005,935.5067,413.8909,738.4833,3451.4529,452.8703,2525.1595,437.9872,282.7782,1177.888,513.82,824.9468,2705.1736,55.9887,6874.5571,19.1354,435.8611,80.085,754.7838,132.2537,131.1127,362.1545,359.3196,775.3366,1093.5507,79.3763,525.8682,141.7434,4258.6818,1129.6953,629.3409,1048.1928,677.5337,1579.7307,911.4103,3627.9235,2085.0461,725.0177,144.5783,762.5797,230.6024,956.7682,382.7073,60.9497,1243.09,1055.2799,1.4174,58.1148,3.5436,240.2551,64.4933,1167.2573,363.5719,8994.3303,5379.8583,1676.1162,892.9837,2489.7236,2293.4089,2348.6889,3291.2828,321.7576,583.2743,552.0907,8818.5684,407.5124,894.4011,2391.2119,4211.9064,934.0043,956.7682,3573.3522,201.2757,2007.7959,101.3466,76.5415,1019.8441,212.6152,2058.1148,4858.2566,170.8009,482.6364,102.0553,1866.7612,260.0992,532.2466,223.2459,4.961,171.5096,603.8271,1319.6315,469.1708,583.2743,1220.4111,583.2743,211.9064,49.6102,596.0312,46.4564,10605.2445,407.5124,247.2077,1052.4451,3544.2948,2394.7555,43.2318,540.7512,247.3423,564.1389,267.8951,77.2502,7156.6265,61.6584,56.6974,1028.3487,138.9086,1197.7321,73.7066,119.0645,1.4174,1762.5797,1.4174,2301.9135,584.6917,2244.5074,1098.6605,3235.2941,832.034,1489.0149,2918.4975,364.9894,1356.4848,3134.6563,2206.9454,626.506,232.4592,46.7753,997.8738,2383.416,3411.056,24.8051,355.776,220.4111,114.8122,28.3487,1450.0354,287.7392,2625.0886,9.922,2826.3643,199.8583,8.5046,62248.7597,5994.3303,294.1176,348.3983,295.5351,238.8377,622.9624,0.7087,915.6627,2728.5613,586.1091,599.5748,1217.5762,890.1488,29493.9759,498.9369,342.3104,0,1259.3905,2.1262,14.1743,519.4897,591.7789,166.5485,79.3763,7859.674,137530.0992,201.9844,4.2523,6779.5889,8.5046,751.949,286.3218,288.4479,54.5712,857.5478,284.9043
TCGA-75-5147-01,1.566666667,1436.7443,2458.2719,10.3214,279.2687,311.4126,11.7959,1901.7989,1058.9797,675.6119,846.0631,633.1466,1506.9301,244.4707,672.6629,263.3441,328.5167,135.3583,627.8384,428.7821,1285.4615,6802.7131,1355.9422,910.3509,881.156,1356.8269,9419.0416,1542.023,990.5633,445.0015,1030.9643,3966.6765,756.1191,363.3147,614.2731,471.8372,25.3613,4.4235,71.9552,345.031,19751.1059,289.0003,561.1914,4465.3495,4139.7818,2743.4385,295.783,465.6444,2928.9295,807.4314,665.8803,897.7942,1173.6951,1327.921,733.1171,913.8897,859.0386,2289.885,802.4182,17.9888,1256.5615,2549.1006,1697.1395,902.9785,595.1047,1835.4792,373.931,2954.8806,22184.9012,3200.5308,9.1418,676.2017,1365.6827,477.4403,821.8815,4292.5391,485.9923,333.235,994.102,1341.1973,531.7016,148.3338,804.7774,702.4477,5626.6588,1146.5644,1343.7187,1632.8517,1546.4465,281.6278,102.0348,1696.8446,2849.307,586.8475,452.079,1027.4255,1466.8239,631.3772,2350.634,556.473,20.0531,4174.5798,682.0997,142.4359,800.6488,1041.2858,130.345,382.1881,40491.5954,946.3285,1281.6278,762.3798,325.8626,2217.9298,634.6211,62.8133,835.1519,208.4931,861.3978,4347.0953,319.6697,914.7744,570.0383,266.588,1452.9637,464.7597,1053.0817,1683.8691,113.2409,6396.6382,13.5653,408.4341,211.4421,729.5783,758.5815,375.4055,658.2129,913.8897,720.4364,2248.0094,123.5624,442.9372,337.3636,2277.2044,1037.4521,2187.5553,1368.3279,753.76,1430.5515,647.8915,1985.2551,1515.4822,659.6874,363.3147,1076.6735,401.7222,595.3996,572.1026,17.9888,1263.9339,452.6688,6.4878,152.1675,12.9755,518.726,113.5358,1441.4627,1278.9738,4013.8602,7613.0905,2028.9,985.8449,5272.7809,2496.9036,3475.376,2888.5285,1084.046,1008.8469,1205.839,5594.8098,271.8962,1799.1743,1123.5624,1833.6774,1107.6703,1269.537,4427.6025,503.9811,1741.964,464.7597,363.6096,917.1336,387.4963,1281.3329,3111.1766,219.6992,1424.0637,451.1943,1174.8747,424.3586,624.2996,121.793,72.2501,331.4656,607.7853,2240.637,444.1168,1025.0664,781.7753,694.4854,461.5158,822.1763,171.3359,201.56,7778.5314,407.2545,320.3244,2107.9328,4797.6998,1722.7956,58.3899,1411.9729,459.7464,482.4536,801.5335,473.6066,5111.1766,303.7452,147.1542,458.8617,82.5715,1455.3229,594.8098,135.6532,9.4367,1309.6432,4.4235,2677.6762,4467.1188,1250.6635,903.5388,2499.8526,992.9224,1074.3144,3199.6461,526.3934,1448.2454,4131.8195,3306.3993,515.4822,420.23,89.944,1329.4014,4032.1439,2205.2492,14.1551,352.4034,238.8676,124.1522,257.4462,1612.7986,98.7909,2856.6794,100.2654,2848.4223,152.4624,51.0174,140139.192,4752.2855,310.5279,747.8738,107.0481,318.4901,777.9416,0.8847,1023.5919,1458.5668,1080.8021,575.0516,1354.7626,1973.7541,9486.877,242.9962,192.8635,5.0133,1088.4695,3.5388,29.1949,514.5975,427.8974,234.1492,77.8531,6627.5435,18710.9997,33.9133,3.6184,5318.1952,30.6694,860.2448,947.2132,524.624,96.7266,840.7549,391.33
TCGA-75-6203-01,0.433333333,1812.9298,4759.2847,72.2146,179.5048,875.5158,129.2985,2459.4223,1438.7895,1102.4759,2031.6369,651.9945,1442.9161,419.5323,1127.2352,117.6066,129.9862,60.5227,333.5626,995.1857,828.7483,7284.7318,70.1513,2160.2476,1478.6795,2451.8569,11395.4195,1044.0165,372.7648,1042.6272,2640.9904,4184.3191,83.9065,352.132,1658.8721,398.8996,27.5103,0,176.7538,545.392,22874.8281,21.3205,345.2545,3849.381,1709.0784,5252.4072,528.1981,255.8459,2224.2091,880.3301,1032.3246,1964.9243,902.3384,1592.6341,909.9037,1170.564,839.0646,2757.9092,702.2008,17.8817,370.0138,795.0481,2415.4058,1360.3851,1162.3109,2483.3769,1931.2242,4234.5254,6587.3453,1239.3398,3.4388,1229.7111,878.4457,397.5241,1892.022,4797.1114,469.7387,565.337,1861.0729,2292.2971,1204.2641,337.6891,485.5571,1537.8267,3921.5956,1775.1032,1608.0193,2211.1417,1299.8624,91.4718,242.0908,1355.5708,2309.4911,782.6685,568.088,856.9464,1050.8941,726.2724,1131.3618,577.0289,0,1433.2875,418.8446,40.5777,1099.0371,1560.5227,13.7552,713.205,23648.5557,701.5131,1079.0922,5848.0055,2325.3095,3453.2325,24.0715,89.4085,250.3439,63.9615,835.6259,1539.2022,801.238,1433.2875,191.1967,156.121,3762.7235,1117.6066,1209.7662,1821.1829,209.0784,2234.5254,217.3315,1063.2737,354.1953,1117.6066,161.8845,166.4374,1335.6259,1017.8817,855.4127,853.5076,123.1087,887.2077,174.6905,4514.4429,1404.4017,2001.3755,1323.934,1674.6905,2134.1128,617.6066,3571.5268,2198.0743,545.392,611.4168,1270.2889,117.1871,467.6754,193.26,22.0083,1051.5818,946.3549,2.0633,240.0275,25.447,251.7194,160.9354,2123.7964,1573.5901,7413.3425,3598.3494,1832.1871,1338.3769,2096.2861,1174.0028,1336.3136,1821.1829,335.6259,1638.2393,1169.1884,7130.674,612.7923,2656.121,1922.2834,9911.967,1592.7098,1533.0124,2583.2187,562.586,2630.674,119.6699,55.7084,3337.0014,373.4525,2575.6534,3793.6726,109.3535,934.663,85.282,1888.5832,692.5516,277.1664,19.945,42.641,315.6809,537.1389,973.1774,1870.7015,1318.4319,1407.8404,1356.2586,171.9395,79.0922,922.9711,78.989,7480.7428,324.6217,317.2971,1154.7455,2699.4498,1731.7744,33.7001,873.4525,433.9752,453.9202,398.8996,964.9243,6067.4003,44.7043,52.9574,1109.3535,68.7758,678.1293,387.8955,689.1334,1.3755,649.2435,2.0633,3134.1128,2568.7758,1469.0509,740.4746,1355.5708,302.6135,1898.2118,2658.8721,154.7455,1627.2352,1807.4278,2121.7331,1640.3026,567.4003,66.0248,1568.088,2396.8363,927.0977,58.4594,177.4415,142.3659,94.9106,27.5103,2772.3521,1638.9271,2524.7593,6.8776,3772.3521,361.7607,5.5021,284910.5915,11161.6231,373.4525,155.6465,136.8638,1024.7593,452.5447,1.3755,256.5337,3972.4897,996.5612,712.5172,1555.0206,2015.8184,8622.4209,634.1128,351.4443,2.0633,1098.3494,3.4388,25.447,405.0894,1112.7923,473.8652,81.8432,7733.1499,46068.7758,74.9656,30.1926,4372.7648,15.1307,815.0619,281.9807,579.0922,41.2655,988.26,156.8088
TCGA-75-6205-01,1.566666667,1986.4407,3581.3559,0.8475,144.9153,673.7288,5.9322,3865.2542,1168.6441,1011.8644,1432.2034,655.0847,1501.6949,450.8475,794.9153,189.8305,416.1017,119.4915,1459.322,1301.6949,1003.3898,7009.322,477.1186,525.4237,2206.7797,2263.5593,11098.2542,1020.339,556.7797,2427.0847,2008.4746,4335.5932,292.3729,440.678,336.4407,37.2881,37.2881,0,137.2881,640.678,14169.4915,11.8644,442.3729,3150.8475,1589.8305,5831.3559,738.1356,1139.8305,1880.5085,702.5424,563.5593,2460.5508,865.2542,1779.1695,991.5254,1038.1356,809.322,3219.4915,696.6102,5.0847,649.1525,1531.3559,2244.0678,1088.1356,982.2034,2580.6441,1454.2373,6135.5932,9051.6949,1929.661,41.5254,1088.9831,1405.2797,478.8136,1241.5254,5200,1002.5424,161.0169,2378.8136,2900.8475,1481.3559,29.661,558.4746,1711.0169,5540.678,1377.1186,1079.4068,2844.0678,1238.9831,182.2034,229.661,1264.4068,2472.0339,1640.678,813.5593,2635.5932,1113.5593,466.1017,982.2034,768.6441,8.4746,2674.5763,920.339,107.6271,1150,1986.4407,86.4407,640.678,18614.4068,1015.2542,1223.7288,8572.8814,1169.4915,2205.9322,146.6102,232.2034,709.322,177.9661,1558.4746,2372.0339,714.4068,1301.6949,373.7288,155.0847,10276.2712,865.2542,1052.5424,4259.322,199.1525,691.5254,4.2373,368.6441,232.2034,1985.5932,155.8305,165.2542,1113.5593,53.3898,451.6949,1721.1864,102.5424,1382.2034,324.5763,2713.5593,1707.6271,833.0508,1196.6102,1994.0678,1656.7797,463.5593,3202.5424,1638.1356,563.5593,530.5085,1906.7797,175.2203,3729.661,197.4576,4.2373,1527.1186,1252.5424,19.4915,50,4.2373,279.661,527.1186,5262.7119,1421.1864,5340.678,3376.2712,2002.5424,1192.3729,2632.2034,1409.322,1373.7288,1650,52.5424,2284.7458,1489.8305,6483.8983,819.4915,2635.5932,751.6949,7116.9492,1154.7203,1600.8475,3983.8983,461.0169,1141.5254,392.3729,132.2034,3965.2542,488.1356,2128.8136,3551.6949,114.4068,455.9322,272.8814,1799.1525,781.3559,347.4576,77.1186,44.9153,233.8983,1160.1695,826.2712,795.7627,1466.9492,1261.0169,547.4576,367.7966,737.2881,339.8305,133.7881,12843.2203,495.7627,288.9831,1186.4407,2729.661,2326.2712,103.3898,1031.3559,727.9661,1024.5763,727.9661,685.5932,8616.1017,112.7119,66.1017,872.0339,145.7627,1142.3729,1157.6271,85.5932,0,877.1186,0.8475,3962.7119,2891.5254,1488.9831,590.9492,7661.0169,512.7119,1122.0339,3486.4407,207.6271,2642.3729,2587.2881,2829.661,1495.7627,1666.9492,30.5085,6475.4237,4245.7627,766.9492,8.4746,172.0339,237.2881,84.7458,164.4068,2148.3051,285.5932,1027.9661,82.2034,1658.4746,300.8475,22.0339,194205.0847,9706.7797,343.2203,192.0593,39.8305,529.661,900.8475,0,283.8983,3164.4068,1233.8983,634.7458,1015.2542,2308.4746,8361.8644,294.9153,172.0339,2.5424,1278.8136,8.4746,12.7119,987.2881,850,463.5593,5.0847,6146.6102,25154.2373,87.2881,0,3405.0847,3.3898,683.2203,348.3051,688.1356,42.3729,2231.2712,377.9661
TCGA-75-6207-01,2.1,2614.5055,3422.4176,2.1978,596.044,1002.1978,7.033,1683.956,2092.3077,789.011,2434.2857,2110.7692,1502.4176,71.2088,853.1868,364.3956,533.6264,210.989,138.9011,1185.9341,661.5385,14603.5165,296.7033,167.9121,959.5604,4713.4066,10257.5516,3014.0659,1123.956,3713.8154,2396.9231,7835.6044,327.4725,378.4615,35.6044,14.0659,6.5934,0,15.8242,682.6374,11842.1978,21.5385,218.4615,2999.5604,875.1648,2717.8022,1106.8132,149.4505,1389.8901,276.044,94.5055,4291.411,1077.8022,1519.9473,624.6154,1318.2418,1884.3956,36867.2527,346.8132,5.7143,765.7143,2597.8022,1949.011,2231.2088,1217.5824,3128.1626,1318.6813,4297.1429,10788.5714,1673.4066,3.956,648.3516,594.0791,842.1978,802.1978,3287.9121,185.0549,163.0769,2395.6044,4410.1099,455.3846,9.6703,880.4396,1521.7582,5260.2198,1046.5934,1018.3912,3564.3956,1324.8352,34.2857,31.2088,1458.9011,3801.7582,1078.2418,403.5165,641.7582,264.1758,858.9011,1072.967,562.1978,0.8791,1627.6923,1090.5495,83.5165,1316.9231,2162.6374,72.0879,130.1099,16222.8571,630.3297,859.3407,3575.4857,250.989,2238.2418,512.967,625.9341,40.4396,36.044,2143.7363,4316.044,1103.2967,1887.033,272.0879,488.3516,1136.2637,167.033,1366.5934,815.3846,102.4176,5029.8901,23.7363,112.5275,40,1382.8571,206.4484,256.2637,265.9341,89.2308,345.0549,1091.4286,84.8352,184.6154,41.3187,4037.8022,1877.8022,422.4176,2472.967,2116.044,1665.9341,509.011,2515.1648,1608.7912,516.044,265.9341,1350.7692,241.4154,3135.8242,75.6044,2.6374,3373.1868,902.4176,0.8791,5.7143,2.1978,572.3077,91.8681,1761.7582,1933.6264,4431.6484,5274.2813,1437.3626,1287.4725,9550.3297,808.7912,1698.9011,2281.3187,70.7692,1502.8571,1545.0549,4197.8022,552.0879,876.044,779.3407,2480.8791,439.3319,2713.4066,4354.7253,909.4505,837.3626,382.4176,187.2527,511.6484,987.6923,4112.5275,1502.8571,206.1538,460.6593,377.1429,3450.989,775.8242,339.7802,38.2418,13.1868,614.0659,967.9121,1285.2747,882.6374,1637.3626,453.1868,877.3626,248.3516,203.5165,864.1758,513.2396,9509.011,425.0549,408.0571,1042.6374,2794.7253,1893.6264,10.1099,1820.6593,890.1099,917.3626,853.6264,686.5934,6362.6374,125.7143,111.2088,837.3626,120.8791,374.5055,324.8352,74.2857,25.9341,722.6374,0,4507.6923,1626.8132,1006.5934,1097.1385,6060.2198,539.7802,622.4176,2814.5055,601.7582,2520,2437.3626,2645.7143,465.9341,836.4835,422.8571,3237.8022,4276.044,1480.4396,1.7582,250.989,335.3846,107.1648,343.2967,765.7143,59.7802,4286.5934,105.9341,751.6484,29.4505,76.4835,47608.3516,8798.6813,336.7033,154.3077,20.2198,145.9341,927.4725,0.4396,330.5495,1459.3407,2190.3297,538.4615,2304.1758,3576.7033,8374.9451,38.2418,258.022,0,785.4945,1.3187,9.2308,721.7582,807.9121,102.4176,3.956,6808.3516,29741.5385,23.2967,3.0769,7514.7253,0.8791,443.178,432.967,569.6703,11.8681,3769.0593,696.7033
TCGA-75-6211-01,10.43333333,2241.9461,2288.6259,1.3149,216.3051,570.6772,209.073,4570.6772,2187.3767,1250.4931,1032.2156,1122.9454,901.3807,1282.0513,1696.2525,165.6805,661.407,99.2768,61.8014,1113.0835,1406.9691,6918.4747,41.4201,251.1506,1700.8547,2236.0289,16868.4944,948.7179,860.618,1629.8356,3429.9803,3966.4694,692.9652,416.831,174.2275,32.2156,16.4366,0,40.1052,475.3452,22005.2597,142.0118,589.7436,7543.7212,2725.1808,3247.2058,193.2939,397.7646,3257.7252,1001.9724,5565.4175,2648.8823,1141.3544,2719.1584,654.1749,1502.3011,994.7403,441.1571,550.9533,30.9007,1097.3044,1195.9237,906.6404,2124.9178,1111.7686,3164.8323,562.1302,1735.7002,3748.8494,2217.62,3.2873,1619.9869,2462.8074,286.6535,838.9218,6023.6686,570.6772,307.6923,1154.5036,3735.7002,963.1821,3914.5299,1573.307,1025.641,9142.0118,2284.0237,1921.2492,3940.8284,1806.0487,169.6252,151.2163,1151.8738,2953.9776,610.1249,590.4011,328.0736,305.0625,535.8317,1648.2577,767.9158,5.2597,2248.5207,440.4997,78.8955,1738.33,1272.8468,84.1552,141.3544,25824.4576,657.4622,2588.4287,4090.7824,484.5496,1257.7252,157.1335,19.0664,671.2689,132.8074,1822.4852,3244.5759,777.1203,1446.4168,122.288,362.2617,785.6673,307.0348,1919.7896,694.9375,553.5832,6499.0138,1.9724,269.5595,20.3813,3743.5897,536.3314,205.1282,3808.021,48.6522,435.24,2007.8895,32.2156,300.4602,710.7166,1658.1197,2188.6917,664.0368,1514.1354,2197.8961,1428.6654,495.069,4265.6147,1287.9684,409.5989,86.1275,2473.3728,159.954,1389.8751,4020.3813,341.2229,1612.0973,1295.2005,1.3149,5.2597,1.3149,271.5319,39.4477,2059.1716,1021.0388,6580.5391,4553.5832,1564.76,1349.1124,3295.2005,1560.1578,2934.9112,2006.5746,1191.3215,2214.3327,4283.3662,6744.2472,487.8369,513.478,1880.3419,1889.5464,719.3097,1740.3024,3362.9191,580.5391,1036.8179,690.3353,362.9191,529.9145,482.5773,3834.977,4023.0112,94.0171,182.117,591.716,1948.7179,455.6213,560.1578,15.7791,237.3439,383.9579,132.8074,1340.5654,1791.5845,1157.1335,644.313,1894.1486,142.6693,209.073,2105.194,76.2656,8740.9599,863.2479,403.2742,842.2091,1174.2275,2429.9803,28.9283,122.288,415.5161,570.6772,972.3866,9.8619,2542.4063,188.0342,15.7791,1439.8422,34.8455,1003.9448,788.2972,111.7686,35.503,2011.1769,0,3110.4536,604.8652,2516.7653,1182.0644,2863.2479,964.497,856.0158,3111.1111,209.7304,2558.1854,5866.5352,1335.3057,597.6331,252.4655,232.0842,2234.714,5529.2571,871.7949,179.4872,552.9257,182.117,225.5095,143.9842,541.7488,212.3603,1970.4142,154.5036,4685.7331,24.9836,1.9724,16202.4984,10184.0894,669.954,228.1657,135.4372,528.5996,769.2308,0,760.6838,1635.1085,1440.4997,405.6542,1408.9415,1303.0901,14297.1729,103.879,243.261,0.6575,525.3123,0.6575,12.4918,247.2058,895.4635,26.956,9.2045,2539.7765,3562.1302,1024.9836,3.9448,3179.4872,1.3149,394.4773,394.4773,238.6588,310.9796,328.7048,493.0966
TCGA-75-6212-01,0.766666667,2261.1773,5924.5807,12.4712,148.8745,632.1319,255.6588,2274.4279,925.2042,1049.1364,2338.3426,507.4203,1569.8073,334.383,897.9236,205.7741,119.2555,94.3132,846.48,738.9163,878.4374,10809.3783,95.0926,2338.3426,1423.2712,2201.9393,15413.5359,968.8533,382.7087,2802.8777,2752.2292,4067.9366,176.1551,390.5032,419.3428,75.6064,18.7067,0,60.0175,428.6961,24508.1686,6.2356,275.9244,5601.1099,1974.3406,5472.5011,317.2351,538.5982,2821.6,844.9211,1010.9434,2164.5881,853.495,3552.8699,911.1742,1301.6774,862.069,6997.1005,845.7006,21.0451,539.3777,982.8833,1521.4816,1415.4767,1384.2988,2698.6032,1007.8257,4116.2624,16889.069,1332.8553,158.2278,1526.9377,463.0464,316.4557,1317.2663,4818.5446,608.7485,262.6738,1967.3256,2824.7178,1060.8281,157.4484,883.8935,1477.8325,5211.3862,1398.3289,1115.0542,2738.9786,2133.3479,159.0073,319.5735,1032.768,3083.4944,978.9861,661.751,1004.7079,1887.0425,417.0044,1613.4564,841.8033,5.4561,1647.7521,735.019,66.253,2279.1046,1328.1786,29.619,540.9366,21589.1376,993.0162,1325.0608,5187.2934,1166.0535,3195.7349,60.7969,49.8846,1280.6323,585.3651,815.3021,2120.8767,274.3655,1234.6449,201.8769,152.7717,3116.2312,286.8367,1152.0234,3289.2686,340.6186,2692.2118,382.7087,339.0597,137.1828,1163.7152,283.9995,103.6665,1116.1689,52.223,438.6731,1661.0027,76.3859,940.0137,234.6137,9493.6709,1279.8528,714.7534,1183.2013,1526.9377,2196.4831,596.2774,5233.9901,2522.2922,535.4805,438.0495,1544.865,220.4745,360.8842,331.2652,2.3383,1634.5015,672.6632,22.604,4084.305,8.5739,216.6864,106.0049,2844.9835,926.7631,6276.1115,2498.1293,2416.2873,1464.5819,2496.5704,1322.7225,2164.5258,2201.1598,4.6767,1797.406,1095.9032,7152.2105,553.4077,1742.0652,1072.5198,6613.6123,1349.9641,1572.1457,3468.5415,181.6113,2274.4279,180.8318,95.0926,1335.9731,340.6186,4004.8014,3609.6215,133.2855,404.5333,113.0199,2654.7983,296.9695,247.0849,31.1779,31.9573,193.303,470.0069,1573.7046,1304.0157,1308.6924,429.4756,325.8091,378.8115,26.5012,945.4699,365.8337,7672.8815,301.6462,469.243,791.9187,7167.7995,1885.4836,68.5914,1136.4345,558.8639,499.6259,383.4882,322.6913,6333.0112,50.6641,108.3432,1095.9032,137.1828,335.9419,472.3452,201.8769,9.3534,3185.602,6.2356,3736.6714,4010.2575,1565.9101,940.8477,7043.0879,442.7262,1026.5324,3276.7974,158.2278,1654.7671,1869.1152,2616.6054,962.6177,1263.4844,47.5463,2463.0542,3546.4863,933.7781,50.6641,146.5361,148.095,112.2404,37.4135,2647.0038,228.3781,5257.3736,22.604,8554.4366,837.9061,3.8972,303417.9008,12473.4988,251.7616,205.2285,49.1052,629.7936,699.1644,0.7794,1105.2566,2246.3678,1498.0981,488.7136,1878.4685,1602.5441,9969.9133,835.5677,265.7916,3.1178,992.2367,8.5739,63.1352,393.621,714.7534,185.5085,7.7945,11797.7178,65496.9757,44.4285,24.9423,5257.3736,5.4561,528.5044,328.9269,1143.4495,20.2656,5762.362,144.9772
TCGA-75-6214-01,21.53333333,1707.6911,3064.6116,0.6074,153.9746,1064.4598,2.1259,3015.7163,1673.677,624.0984,1286.159,906.8408,3047.6046,89.2871,498.975,112.6718,409.688,417.2804,269.9871,717.3335,1142.2064,12278.7943,3.6444,1622.9595,669.653,2778.2249,5276.1248,1970.9969,1159.5171,8094.699,2347.2781,5630.552,396.629,365.9555,602.5359,1542.4797,8.1998,26.4217,406.9547,519.9301,20155.4931,31.8882,1274.0111,3272.0371,1041.6825,3338.5468,356.2372,532.6854,2301.1161,478.0199,245.3876,1922.0074,1004.3277,1076.1613,1070.8374,828.4868,1477.1847,3764.9381,694.5562,17.6145,1322.9064,1978.2856,2076.3799,1630.552,873.1304,5510.3394,2386.1514,3985.1188,12402.7029,2162.0226,6.6813,943.2845,577.2743,717.9409,539.6705,5824.311,727.3556,371.1184,2221.2436,2223.9769,1830.0812,19.4366,298.5347,1136.1324,6605.421,1365.1203,1203.04,3562.0682,1277.3518,377.496,33.103,1060.5117,1647.8627,1189.5832,753.1698,360.489,1931.8199,1185.9388,2097.9424,688.786,4.8592,1903.2723,532.3817,227.4694,1669.4253,2361.2482,72.5837,34.6215,21792.119,1617.493,1267.3297,9707.7033,194.3664,2653.7089,217.4474,92.0203,12.1479,13.6664,1803.6596,2414.3953,1834.0293,1055.3489,325.5637,162.7819,387.8217,75.0133,1232.7082,287.6015,35.5326,5252.7523,2.1259,83.8205,44.6435,1329.5877,372.4546,343.4819,325.26,48.8953,804.7984,1772.9861,21.2588,85.339,9.4146,1691.8989,1122.1623,351.6817,1530.3318,1468.9849,2218.5104,826.3609,2895.4521,1331.7136,516.5895,119.0494,1948.5233,158.6637,3946.8529,1021.6384,5.1629,2275.9092,2574.1402,3.037,5.7703,0.6074,698.5043,240.5284,1557.9683,2665.5531,7164.2244,9253.6542,1806.0891,760.4586,2884.8227,1317.4398,2215.1697,1450.1556,552.1221,2275.6055,2377.0405,5342.343,620.1503,226.2547,71.6726,3431.4782,731.3856,2170.2225,6120.1124,462.835,1104.5479,761.9771,502.9231,4698.808,495.938,3631.0075,2182.3704,119.9605,15.7923,242.3506,2048.1361,1055.9563,370.8147,41.6066,10.6294,317.9713,549.0851,1050.4897,699.1117,1424.0377,239.0099,3187.6091,680.2824,422.7469,1206.5902,107.0078,11776.7823,333.7636,266.5219,706.4004,1388.8087,4177.663,18.8292,1058.0822,823.324,506.8712,837.2941,186.1666,15750.0569,256.6244,89.2871,238.7062,166.4262,1321.0842,903.5001,51.3249,5.1629,995.5205,207.2614,5457.4444,4253.5874,2703.2116,2106.8651,1895.9836,1305.5956,529.6485,4103.8646,628.3502,1788.4747,2589.0213,1626.9076,740.4145,1254.2707,68.0282,4433.9838,2469.0608,2049.0471,8.5035,243.8691,82.302,67.7245,178.5741,3124.1364,41.6066,1154.658,73.7985,534.5076,13.059,2.4296,22862.3491,9231.4934,382.9626,483.3802,128.464,35.8363,29.4587,12.7553,458.5833,1336.8765,2613.0134,1022.5495,3829.322,3736.6943,13280.3887,241.1358,208.0328,0,960.5952,0.3037,71.3689,514.4636,1464.4294,23.3847,0,16950.2695,6707.7671,123.6049,0.6074,12729.4814,46.162,466.4794,346.2152,311.8974,87.7686,1108.7419,541.7964
TCGA-75-7025-01,1.133333333,1552.5719,4183.8124,6.4297,149.0166,760.2118,60.8926,3262.8593,1651.2859,1377.4584,3501.8911,1060.5144,1797.6551,450.4539,1338.5023,110.4387,102.118,87.7458,874.8109,751.8911,884.2663,13951.5885,201.9667,1130.1059,1835.8548,3220.8775,12549.3684,1052.5719,669.8185,1881.5923,2231.0893,4315.8094,79.8033,532.1483,468.6082,736.0061,29.1225,9.0772,83.2073,388.8048,26291.9818,12.8593,301.4372,4002.2693,1406.5809,3619.5159,430.7867,640.3177,2438.7292,602.8744,622.5416,3854.5991,992.8139,1093.1997,978.4418,2052.1936,853.6309,3239.0318,786.6868,55.2194,580.1815,1038.9561,1422.0877,1743.1921,810.1362,4103.4985,1191.7549,3365.7337,6163.3888,842.6626,66.1876,1400.1513,2087.8555,397.882,1336.233,5052.1936,490.1664,708.7746,1850.2269,2274.584,939.4856,68.8351,799.9244,1431.1649,8227.6853,1215.9607,1380.0189,2724.2814,1215.9607,365.3555,231.4675,1131.997,3206.5053,996.2179,833.9637,1428.8956,1354.7655,678.5174,1616.112,960.6657,0.3782,2171.7095,871.0287,110.4387,1572.6172,1358.5477,15.5068,314.2965,20273.8275,1250.3782,1874.8109,4618.9826,1321.8608,3300.6808,26.8533,32.5265,737.8971,306.354,1085.0983,1347.5794,542.3601,1748.1089,190.9985,192.5113,1793.4947,288.9561,1224.2814,1735.6278,204.6142,5717.8517,172.8442,403.177,168.3056,1593.4191,489.3381,141.4523,1577.534,365.7337,604.5613,1622.5416,179.2738,746.9743,255.295,5531.77,1500.7564,805.5976,1427.0045,2089.2587,1334.3419,715.2042,3212.1785,4824.1301,1535.9304,396.7474,1755.6732,267.5605,587.7458,183.056,6.0514,1106.2784,1150.9077,11.3464,207.6399,196.6717,350.6051,58.6233,2924.357,879.7277,7243.9486,2669.4402,2126.702,1496.5961,1826.0212,1282.5265,1623.6762,1367.2466,313.1619,2797.2769,1543.8729,6254.9168,649.3949,968.6082,1305.5976,6430.0303,2881.8003,3156.5809,3729.9546,427.761,1890.6959,79.8033,55.9758,1470.8775,785.9304,4020.8018,2619.8941,82.0726,934.947,63.9183,1791.2254,523.0711,309.7579,331.3162,38.5779,485.6278,855.5219,816.1876,760.59,1184.947,937.9728,1314.2965,392.2088,113.8427,1048.4115,344.7542,11148.2602,445.1589,452.9387,794.2511,3077.534,3267.0197,36.3086,989.41,760.2118,519.6672,482.6021,115.3555,7209.9092,24.2057,93.7973,1153.177,133.888,842.6626,804.0847,504.1604,1.1346,2265.885,6.0514,3045.764,2148.2602,1761.7247,937.6172,2778.7443,883.5098,1344.1755,4682.2995,178.5174,1243.9486,3599.4705,1352.4962,1050.3026,2188.351,209.531,2594.5537,2852.118,1286.3086,37.4433,216.3389,120.6505,169.4402,24.584,2974.2814,342.2844,1130.1059,13.2375,3634.2663,352.4962,40.469,258660.3631,10847.9576,396.3691,347.2542,715.5825,748.8654,557.4887,1.8911,275.3404,1613.4644,1615.3555,855.9002,1874.0545,2284.0393,9999.6218,542.7383,237.5189,13.9939,1144.0998,27.2315,70.348,450.0756,1318.4569,119.8941,67.3222,12062.4054,47622.5416,167.9274,8.6989,7724.2814,4.9168,878.264,523.8275,1130.8623,144.0998,1063.0446,250
TCGA-75-7027-01,6.933333333,1797.3364,3555.2982,0.8686,340.1853,444.1228,16.5026,2128.5466,1556.1668,1113.7811,2135.2056,1410.828,1266.6474,83.9606,968.7319,166.4737,365.084,317.6028,1487.5507,847.7128,1766.9369,14469.6005,7.238,513.8969,1346.2652,1801.1002,9678.5611,1226.9832,1716.5605,290.0898,1767.2264,2921.2507,311.5229,314.4181,655.7614,125.6514,2.8952,0.2895,35.6109,372.6115,23068.3266,513.0284,736.8269,12567.458,3215.692,3251.8819,269.253,281.7024,3529.2415,416.9079,526.0567,3456.8964,4765.1998,2301.714,524.6091,1597.2785,581.355,2742.0382,495.6572,15.9236,968.7319,1819.0504,1207.8749,2278.5177,635.2056,2618.2079,993.9201,2389.1141,9193.1094,1979.1546,14.1865,1361.3202,2468.5263,305.7325,584.5397,8025.7672,819.3399,271.5692,1555.2982,6153.7348,1686.4505,64.8523,887.956,1236.8269,10605.6746,1903.59,1328.0979,3806.3115,1572.6694,653.1558,51.2449,897.5101,2378.4019,211.3492,435.1477,935.4372,1595.2519,437.4638,1173.7116,678.923,9.5541,2052.6925,495.9467,90.9091,1008.6856,1825.1303,77.3017,75.5646,21438.0428,1185.0029,3585.1187,6473.4511,355.5298,2563.4047,127.9676,22.872,276.491,50.3764,1737.4059,2724.088,1280.5443,632.8894,97.2785,289.8089,645.6283,251.8819,1929.6468,1292.9936,288.6508,5755.6456,6.3694,307.4696,59.3515,1403.59,1173.4887,207.2959,1111.1754,837.2901,473.3642,2104.5165,111.465,186.74,87.7244,1722.9299,2204.1112,715.9815,1710.1911,1776.491,1784.5976,863.6364,2281.1233,2548.3497,1140.7064,211.6387,1253.9085,106.7574,575.275,96.41,332.0787,5569.1951,1249.5657,4.9218,7.238,3.1847,285.7556,61.9572,5415.7499,1427.6202,7894.9045,8376.3694,1312.9705,816.4447,2629.1257,1090.0405,2579.6178,1770.4111,418.3555,1292.9936,2596.1204,4305.7325,603.9375,1002.8952,733.0631,2492.4725,556.7371,2029.531,5349.1604,718.5871,1196.2942,800.8107,649.6815,1332.0787,418.645,1491.8935,9261.436,338.1587,231.6155,477.4175,1285.1766,728.7203,390.2721,55.0087,34.1633,109.7279,265.4893,2569.4847,2347.4233,1069.7742,1526.3463,3349.1604,365.663,142.4435,3561.6676,25.2374,7808.6277,673.4221,403.9461,1301.3897,1492.4725,3036.4794,34.4528,634.916,409.3804,566.879,1290.0984,96.41,6841.3434,251.0133,29.531,1421.5402,94.9624,1001.1581,823.1036,235.3793,13.3179,994.7887,0.2895,2477.128,3270.1216,2300.8107,1299.308,12821.077,2222.3509,725.5356,4462.652,316.1552,2187.6086,2764.3312,1486.1031,1101.3318,904.4586,44.586,8709.3225,4330.9207,911.6966,162.9994,206.7169,225.5356,166.7632,138.6798,854.3717,178.0544,4920.9612,125.0724,1321.6561,37.348,6.6589,20754.7771,10998.8419,350.8975,373.4771,166.1841,182.6867,553.5611,0,1034.4528,1612.3335,1311.2334,611.1754,2758.2513,1048.3497,10621.0191,145.3387,209.612,0.2895,778.8072,0.8686,77.5912,158.0776,1014.7655,33.8738,2.0266,5130.5732,2094.3833,767.8054,0,8378.4019,9.2646,648.8796,279.6757,324.5512,162.4204,788.8854,262.5941
TCGA-75-7030-01,0.8,2877.0833,3916.6667,0,173.9583,631.25,39.5833,2660.4167,1453.125,857.2917,1800,773.9583,1560.4167,583.3333,827.0833,114.5833,98.9583,45.8333,1497.9167,714.5833,1016.6667,9236.4583,132.2917,433.3333,2131.25,2701.0417,12360.3958,1072.9167,315.625,917.7083,2629.1667,4868.75,67.7083,454.1667,1213.5417,888.5417,65.625,1.0417,165.625,685.4167,18072.9167,141.6667,460.4167,1821.875,1628.125,5280.2083,501.0417,548.9583,2086.4583,517.7083,1346.875,2063.8854,1348.9583,1453.1979,650,1073.9583,696.875,4086.4583,558.3333,21.875,372.9167,1055.2083,1494.7917,1742.7083,733.3333,2934.2396,1406.25,4505.2083,5873.9583,1248.9583,67.7083,1265.625,2945.4375,385.4167,2203.125,5629.1667,1698.9583,638.5417,2151.0417,2078.125,1038.5417,58.3333,656.25,1768.75,5063.5417,1869.7917,1701.0833,3097.9167,1781.25,413.5417,306.25,1253.125,1990.625,1014.5833,573.9583,2021.875,1342.7083,530.2083,1130.2083,623.9583,0,1784.375,470.8333,44.7917,2112.5,2161.4583,14.5833,231.25,17390.625,511.4583,1618.75,6627.0938,1357.2917,3494.7917,34.375,47.9167,1506.25,250,1135.4167,1475,1258.3333,1447.9167,183.3333,51.0417,1697.9167,647.9167,1337.5,4612.5,247.9167,4504.1667,132.2917,528.125,76.0417,1580.2083,89.7708,172.9167,2793.75,590.625,517.7083,1164.5833,137.5,1033.3333,334.375,9219.7917,1259.375,1389.5833,1394.7917,1646.875,2088.5417,856.25,2798.9583,1388.5417,622.9167,581.25,1126.0417,151.3542,1536.4583,159.375,10.4167,862.5,1141.6667,20.8333,59.375,35.4167,285.4167,92.7083,10080.2083,2607.2917,7788.5417,3123.9583,1995.8333,1890.625,2098.9583,1021.875,1467.7083,1362.5,387.5,2065.625,1979.1667,7439.5833,628.125,1204.1667,2095.8333,9015.625,1367.1979,1418.75,2421.875,564.5833,1614.5833,54.1667,53.125,3069.7917,312.5,2518.75,6331.25,107.2917,2504.1667,82.2917,1631.25,717.7083,233.3333,313.5417,37.5,192.7083,547.9167,720.8333,1669.7917,1161.4583,1043.75,2185.4167,229.1667,710.4167,1970.8333,111.8333,13878.125,317.7083,470.75,1058.3333,4398.9583,1354.1667,64.5833,800,334.375,379.1667,369.7917,314.5833,6962.5,44.7917,45.8333,971.875,65.625,732.2917,1826.0417,451.0417,1.0417,1304.1667,5.2083,7041.6667,7073.9583,1493.75,797.8854,10756.25,438.5417,966.6667,3750,151.0417,2046.875,2182.2917,1520.8333,1750,1413.5417,128.125,7000,2131.25,1200,59.375,118.75,115.625,47.9167,11.4583,3272.9167,328.125,4098.9583,15.625,3922.9167,268.75,7.2917,82789.5833,10920.8333,252.0833,166.6562,384.375,559.375,487.5,0,488.5417,1981.25,1369.7917,820.8333,1608.3333,2502.0833,18242.7083,1153.125,267.7083,1.0417,1034.375,2.0833,91.6667,386.4583,1008.3333,63.5417,51.0417,16172.9167,20666.6667,315.625,2.0833,8025,9.375,483.3333,218.75,705.2083,165.625,1750.9688,340.625
TCGA-75-7031-01,6.533333333,2413.9785,5120.4301,7.5269,146.2366,478.4946,134.4086,2673.1183,1379.5699,658.0645,1659.1398,916.129,1224.7312,404.3011,836.5591,143.0108,581.7204,90.3226,250.5376,431.1828,945.1613,6241.9355,96.7742,643.0108,1475.2688,2237.6344,7398.8817,955.914,997.8495,455.914,1904.3011,5735.4839,298.9247,683.871,421.5054,118.2796,15.0538,0,54.8387,235.4839,17876.3441,866.6667,554.8387,4772.043,5512.9032,2395.6989,215.0538,394.6237,2390.3226,425.8065,4369.8925,2256.0215,1550.5376,769.6667,1018.2796,819.3548,1050.5376,1355.914,480.6452,13.9785,575.2688,1156.9892,1033.3333,1709.6774,582.7957,5528.7957,749.4624,3087.0968,11354.8387,1423.6559,5.3763,923.6559,466.0645,201.0753,530.1075,4055.914,321.5054,427.957,378.4946,1943.0108,577.4194,2274.1935,1255.914,1232.2581,5356.9892,1437.6344,1162.3656,2689.2473,4551.6129,97.8495,184.9462,1326.8817,2016.129,567.7419,447.3118,781.7204,1696.7742,936.5591,1292.4731,536.5591,10.7527,1725.8065,522.5806,40.8602,1473.1183,1429.0323,34.4086,150.5376,21582.7957,555.914,736.5591,2109.6774,669.8925,1679.5699,51.6129,38.7097,264.5161,36.5591,1730.1075,2826.8817,708.6022,946.2366,165.5914,236.5591,1706.4516,1727.957,1124.7312,1227.957,36.5591,6583.871,45.1613,134.4086,17.2043,1448.3871,312.1398,326.8817,1375.2688,659.1398,545.1613,1739.7849,46.2366,439.7849,135.4839,4100,1309.6774,196.7742,1576.3441,1108.6022,1354.8387,491.3978,8950.5376,1575.2688,898.9247,172.043,1394.6237,120.3226,4687.0968,596.7742,37.6344,1717.2043,1081.7204,2.1505,22.5806,1.0753,287.0968,70.9677,804.3011,455.914,10034.4086,3403.2258,1782.7957,1355.914,4402.1505,1321.5054,2766.6667,1855.914,561.2903,1097.8495,1556.9892,11064.5161,244.086,1641.9355,1009.6774,4425.8065,786.6237,1858.0645,3018.2796,341.9355,1402.1505,331.1828,284.9462,670.9677,376.3441,5872.043,4184.9462,163.4409,135.4839,262.3656,1133.3333,552.6774,387.0968,44.086,53.7634,245.1613,122.5806,1604.3011,678.4946,867.7419,1381.7204,1768.8172,289.2473,200,2412.9032,60.4731,11764.5161,433.3333,147.3118,1787.0968,5209.6774,968.8172,125.8065,508.6022,235.4839,505.3763,840.8602,86.0215,3669.8925,138.7097,80.6452,1665.5914,68.8172,1134.4086,734.4086,44.086,84.9462,1464.5161,3.4624,1545.1613,1312.9032,1066.6667,506.0215,5836.5591,117.2043,331.1828,4617.2043,279.5699,1592.4731,2454.8387,2455.914,366.6667,184.9462,140.8602,1520.4301,3655.914,665.5914,281.7204,229.0323,47.3118,126.0108,104.3011,1097.8495,61.2903,4093.5484,35.4839,3137.6344,26.8817,9.6774,73725.8065,12315.0538,270.9677,201.9032,62.3656,288.172,602.1505,0,910.7527,2963.4409,838.7097,1631.1828,2454.8387,1336.5591,22065.5914,191.3978,235.4839,1.0753,663.4409,3.2258,5.3763,532.2581,206.4516,102.1505,6.4516,5979.5699,6064.5161,81.7204,2.1505,3947.3118,24.7312,518.3548,268.8172,312.9032,44.086,716.086,159.1398
TCGA-78-7143-01,1.4,1851.2476,4326.2956,11.5163,149.2322,758.1574,13.9155,4053.263,2445.7774,857.9655,2001.9194,1647.7927,1855.5662,301.8234,1740.4031,153.5509,872.3608,151.6315,1029.7505,844.5298,930.4223,8171.3052,1245.2015,705.8541,1351.2476,3164.5873,15308.4933,1422.2649,825.8157,1854.5969,1925.6238,6647.3129,884.357,475.048,560.9405,523.5125,18.714,0,60.9405,339.2514,27073.4165,50.8637,444.3378,2787.9079,2036.9482,3081.094,261.9962,542.2265,2538.8676,1078.215,739.4434,2363.4501,1411.7083,993.215,1279.7505,1250.4798,964.0115,24733.6852,895.8733,19.1939,1467.8503,2574.856,2194.8177,2165.0672,788.8676,3921.19,797.5048,3919.8656,7597.8887,1748.5605,25.4319,1650.6718,673.8292,347.4088,1055.6622,2842.1305,222.6488,520.6334,1534.5489,1474.5681,367.5624,16.7946,1255.7582,1978.4069,6043.1862,1333.9731,1357.6583,3577.7351,1055.1823,107.0058,92.6104,1290.3071,2597.8887,886.7562,896.833,781.19,1947.2169,682.3417,1299.904,1037.428,0,1439.0595,866.6027,238.0038,1076.7754,1544.1459,233.2054,256.238,17012.9559,1369.0019,1179.4626,2763.9155,438.5797,1886.2764,391.0749,60.9405,175.6238,105.5662,1365.643,1970.7294,150.1919,1765.8349,1333.0134,275.9117,1421.785,466.8906,1041.7466,954.8944,16.7946,8572.4568,91.6507,141.0749,312.38,2060.4607,622.4232,365.643,745.6814,141.0749,592.6104,1889.6353,44.1459,535.9885,87.3321,6788.3877,1363.7236,2008.6372,1278.7908,2170.3455,1256.7179,546.0653,2562.8599,24996.6411,1233.6852,368.5221,1501.4395,158.4261,588.7716,214.4914,19.6737,1920.8253,1793.1862,2.8791,38.8676,1.9194,473.1286,50.8637,825.8157,1005.2783,6278.3109,5582.0537,2749.5202,1672.2649,2467.3704,1007.6775,1726.9674,1378.119,626.1996,2519.1939,1667.4664,6782.6296,459.6929,2014.3954,1346.4491,2625.2399,1270.048,1941.9386,4676.5835,103.167,1407.8695,352.2073,175.144,1316.6987,694.3378,3219.2898,1986.5643,131.9578,735.6046,306.6219,2077.7351,752.8791,554.2226,29.7505,150.6718,246.1612,562.38,1149.2322,340.691,1341.1708,354.6065,1409.309,374.2802,256.7179,820.5374,258.3253,10200.096,477.4472,450.6814,1410.2687,3585.4127,3502.3992,41.2668,942.4184,1067.6583,711.6123,3008.1574,332.0537,16807.1017,136.2764,86.3724,1467.8503,130.5182,1283.1094,926.1036,114.6833,7.6775,1106.0461,0.9597,5169.8656,4198.6564,1823.8964,1298.6276,5740.8829,1436.6603,1524.952,4954.8944,342.6104,1840.2111,3528.7908,2676.5835,418.4261,2234.1651,328.6948,3300.3839,4037.428,1801.8234,14.8752,191.4587,250.4798,59.9808,202.4952,1403.5509,60.4607,4014.3954,108.4453,3499.5202,173.2246,11.9962,134429.9424,14106.5259,420.8253,595.7246,164.5873,202.4952,847.8887,0.4798,315.739,1921.785,2325.8157,1160.2687,2012.476,3584.9328,15905.9501,66.6987,167.4664,3.3589,1170.8253,2.8791,316.2188,660.7486,510.5566,120.9213,22.5528,9737.524,68345.9693,61.9002,3.3589,9249.0403,1.4395,583.0134,458.2534,849.8081,29.2706,926.0845,287.428
TCGA-78-7145-01,5.6,1618.3188,4079.2575,1.1638,87.288,581.3378,13.3842,3801.0998,1127.7605,474.8465,1977.3633,795.4843,1802.7874,137.915,1316.8844,268.8469,483.8721,122.2031,1002.6477,503.9425,1358.2007,26960.3422,5.2373,417.8184,1443.7429,2201.4024,25018.441,730.3093,710.524,1120.1955,2385.2891,7490.4711,200.7623,410.8353,60.5197,63.4293,5.8192,0,49.4632,356.7168,25446.187,34.9152,238.0052,3751.6366,1725.974,5312.3454,134.4235,373.5925,3115.5984,1059.094,380.5755,2361.1394,2069.3066,1686.8632,868.2243,807.7046,612.7615,35284.7042,879.8627,12.2203,1095.173,2077.4535,2196.7471,3405.3944,531.2927,2343.2977,836.2187,5990.8639,11771.6547,1937.7928,11.6384,1456.5451,858.6691,606.3604,655.8236,4890.4536,429.4568,329.9485,2259.0125,3579.3884,842.0379,8.1469,1163.8395,1901.1318,6369.1117,1292.4438,1223.818,2730.3675,1077.1335,134.4235,58.7739,1583.9856,2992.2314,655.8236,453.8974,919.4332,1305.8279,579.5921,1021.2692,868.2243,0.5819,1421.63,594.722,93.6891,2502.2549,1177.8056,171.0844,210.655,18042.422,1714.9175,2433.0065,7539.9342,391.0501,9215.2812,101.254,62.8473,44.8078,13.9661,1844.6856,2381.2156,187.9601,1223.7772,413.163,143.7342,1164.4214,5999.5927,1426.2853,921.7609,72.74,4293.9859,6.983,235.6775,1707.3526,1179.5513,460.2112,139.0788,865.3147,158.8641,449.824,2354.4473,65.7569,187.3782,44.2259,8215.5431,1064.3312,4930.6061,811.7781,1273.2404,1210.3931,844.3656,3128.9825,2119.3517,356.1349,289.796,1873.7816,202.0018,2689.6331,194.9431,4.0734,2018.0977,1319.794,4.6554,34.3333,1.7458,249.6436,37.2429,2445.8087,2487.7069,9051.1798,4836.3351,2943.3501,2020.4254,3389.6826,2367.8315,2086.1823,1140.5627,162.3556,2555.2096,1657.8894,5374.6108,356.1349,1135.3254,476.5923,9564.4331,383.6772,1252.8732,5301.289,291.5418,1439.6695,636.6202,256.0447,661.0608,464.372,1400.0989,1824.9003,137.3331,144.898,146.0619,2190.9279,627.3095,282.2311,88.4518,15.7118,265.9373,271.7565,2017.5158,2435.9161,1275.5681,523.7278,817.5973,273.5023,16.8757,569.1175,555.9312,12735.8957,265.3554,444.9242,2193.8375,7911.781,2160.0861,32.5875,1654.3979,514.4171,510.9255,792.5747,810.0323,8209.7239,119.8755,44.8078,833.3091,211.2369,797.2301,138.4969,204.8358,1.1638,3028.8923,2.9096,2134.4817,2881.0847,1718.991,862.5913,29858.8845,1166.7491,2069.3066,2785.6499,225.7849,2633.7688,3065.5533,2586.6333,533.0385,751.8403,60.5197,3140.039,5774.9716,1843.5218,41.8982,293.8695,112.3105,40.7344,365.4456,1669.5278,123.367,10343.0417,119.8755,2591.8706,52.3728,5.2373,44269.5452,12049.2304,201.3442,373.4295,114.0563,129.7681,90.1976,0,533.6204,3989.0599,4306.2062,315.9824,1310.4833,2428.3511,23503.1569,66.3389,311.909,2.3277,793.7385,0.5819,50.627,260.1181,377.084,123.9489,9.3107,16056.3298,78395.0653,82.0507,0.5819,5592.2488,9.8926,650.6503,371.2648,464.9539,8.1469,6019.634,193.7793
TCGA-78-7147-01,9.866666667,1588.0779,3505.1958,5.8687,107.2021,621.6939,1.1737,3133.5097,1156.5307,846.2706,1775.0947,1022.3325,1223.4342,141.2407,785.2358,90.3784,764.4997,53.9923,406.5072,480.4532,942.5178,14300.5258,1500.8294,768.4122,1471.8771,2353.7513,6714.9872,1716.4074,775.4546,3394.0695,2005.5401,6563.977,549.313,309.4776,187.0168,1150.662,4.695,2.3475,228.0979,338.8212,23495.2581,34.0386,516.4481,2432.001,5551.817,3222.3231,106.8109,318.0851,2814.6421,741.416,383.0323,1322.9209,539.1405,1515.0005,919.8253,1370.5437,1551.6918,6911.0144,556.7467,53.9923,1246.1266,1938.2453,991.0326,1765.7047,798.5383,3401.0415,731.6348,3544.3206,10487.8087,1714.8424,0.7825,827.8819,197.7761,291.4802,976.1651,5807.3023,138.8932,238.2704,1221.478,1698.0187,113.8533,52.4273,1194.4818,1111.1459,4265.0005,1363.8925,1065.4011,2956.2741,1878.7755,572.3966,190.9293,1656.5464,2107.2647,833.7507,343.125,566.1367,345.0812,454.2396,2527.0744,564.5717,1.1737,2334.9714,390.4661,102.1159,969.1227,1175.3107,155.3257,104.0721,24779.3358,1024.2887,1293.4677,2087.8392,332.17,1917.5092,211.2742,16.0412,58.296,51.2536,1326.7238,2753.2161,59.0785,859.1818,607.609,273.4827,897.1329,180.3656,1145.1845,503.9281,10.955,2915.193,33.6474,111.1146,105.6371,1520.7831,489.898,260.1803,564.1804,228.0979,689.7712,2217.988,12.9112,239.4441,52.8186,7189.9746,671.7738,851.7481,1419.841,1712.8862,1966.024,521.5343,2527.4656,2162.0395,792.2783,143.197,1894.0342,515.2783,679.2075,212.0567,11.7375,2330.2764,1044.2424,3.9125,72.7722,2.3475,387.3361,33.6474,975.7739,628.7364,7574.572,4740.3635,1730.4024,1975.0227,2932.7991,1533.3031,2273.1541,2177.2982,478.497,1878.7755,1631.5065,7345.6916,429.5909,1345.5038,2239.1155,1172.5719,1535.0441,1678.4563,3047.8262,61.8173,1618.5953,326.6925,150.2394,654.5588,523.0993,2917.9317,1741.4473,72.381,599.3928,372.8599,2200.3819,459.717,547.748,16.4324,5.4775,215.1867,252.3553,1544.258,311.4338,653.7763,359.9487,1027.8099,287.9589,45.3848,316.5201,185.8509,6303.0142,494.1469,472.6048,789.9308,1678.4563,1844.3457,56.3398,902.2192,854.8781,948.3865,443.2846,187.0168,10642.7431,72.381,113.4621,1975.0227,23.0837,813.4057,2312.2789,41.0811,10.955,1701.1487,0.3912,4064.6812,2701.5713,1601.7716,988.6616,2973.0977,759.4134,2747.7386,4930.5143,452.6746,1582.2091,4207.0957,2551.3318,257.0503,630.6927,323.9538,1778.6159,4983.7241,1513.3494,3.9125,420.2009,332.5613,68.4685,244.1391,475.7582,27.7786,4719.6313,69.251,2201.1644,43.8198,15.2587,154924.2543,13617.4059,491.4082,735.1873,128.3295,86.0747,768.4122,0,487.8869,1355.6762,1645.5914,840.0106,1723.0586,2291.934,16119.4404,39.5161,201.493,0.3912,1034.8524,0.7825,14.8674,338.0387,287.9589,60.2523,12.9112,9870.0272,30270.9005,12.9112,0,11264.4371,112.6796,720.7033,446.0233,624.8239,24.6487,737.1005,198.363
TCGA-78-7148-01,6.933333333,2261.6325,4841.2656,2.1271,147.833,822.6535,24.9934,3495.347,1281.0423,608.8806,1540.5477,899.2289,1237.9686,164.318,1501.1965,111.1407,388.7264,112.2042,416.3786,452.5392,1268.8115,11810.6886,272.268,1174.1558,1676.15,2464.2382,10520.0585,1254.4536,879.5533,716.8306,2742.8875,6815.2087,268.0138,321.1912,287.6894,817.8676,9.5719,0,54.7727,692.3691,25216.6977,423.8235,449.3486,5460.2499,3217.7612,5142.2494,232.385,251.5288,2525.924,555.1715,3837.2773,2572.6137,2157.4049,1978.293,655.1449,1268.8115,551.9809,3953.7357,737.038,15.9532,617.9208,1149.1625,1125.7644,1956.9263,747.1417,3383.063,832.7572,2451.4757,10678.0112,1596.9157,1.0635,951.8745,538.1282,337.6761,871.5767,9044.9349,534.9641,376.4956,1817.6017,4086.6791,1392.1829,22.3345,624.302,1270.4068,5127.8915,2494.5493,1974.2675,2904.0149,1416.1127,344.5892,56.8998,1153.4166,2814.1452,299.9202,624.8338,811.4863,2015.9532,431.2683,1334.2196,517.4156,6.3813,1894.1771,329.1678,108.4818,1368.2531,1557.0327,68.067,70.1941,27228.3967,967.8277,1625.0997,12022.9513,472.2148,4365.8601,138.2611,24.4616,131.8798,40.4148,1278.9152,2533.3688,370.1143,2063.281,252.5924,183.4618,751.3959,507.8437,1733.5815,598.7769,64.8764,8951.3427,63.281,311.6193,26.5887,1288.4871,315.1609,210.0505,502.5259,165.3815,434.4589,1695.2938,112.2042,327.0407,99.4416,2202.0739,1635.7352,857.2188,1668.1734,1132.1457,1917.5751,801.9144,3767.0832,2921.0316,547.7267,396.703,1258.176,125.7804,946.5568,107.95,36.1606,1652.7519,1048.6573,1.0635,9.5719,1.5953,298.8567,36.6924,2760.4361,762.0314,8536.0277,5101.8346,1798.4579,1887.7958,3058.2292,1038.0218,2549.8538,1468.2265,210.0505,1516.0861,2755.6501,6870.5132,488.6998,899.7607,756.1819,4037.7559,522.3558,1454.9322,3695.2938,159.0003,1830.896,353.0976,189.8431,1065.674,503.0577,2267.4821,6302.0473,163.7862,449.3486,170.1675,1732.5179,796.0596,358.9471,80.8296,9.5719,174.4217,207.3917,1289.5507,1612.3371,1167.7745,881.6804,2525.924,203.1375,320.6594,7968.6254,122.6376,7022.0686,281.3082,362.2388,1282.1058,3248.0723,2793.9378,47.3278,858.8141,415.8468,807.2321,874.7673,222.2813,7818.6652,154.7461,34.0335,318.5323,102.1005,1092.2627,618.9843,169.104,9.0401,1698.4844,31.364,3343.7915,1707.5246,1872.9061,989.0401,4762.5631,581.7602,411.5927,3848.9763,224.4084,1525.1263,2673.757,1880.8827,562.6163,657.272,95.1875,7339.5374,3315.0758,1149.1625,276.5222,173.3581,179.2077,81.8931,104.2276,758.309,178.1441,2463.7065,69.1306,1473.0125,33.5017,6.9131,50145.1742,16926.8811,432.8636,214.5387,119.649,103.1641,450.9439,1.0635,826.376,1478.3302,1792.6083,558.3621,1907.4714,2172.8264,18010.1037,174.9535,191.9702,0.5318,1113.5336,0,587.6097,207.9234,829.5666,46.7961,15.9532,8013.8261,30270.6727,205.7963,0.5318,7267.2162,61.6857,399.3619,366.3919,521.138,33.5017,476.9955,206.3281
TCGA-78-7149-01,4.6,1502.6192,5485.5252,1.6543,79.4045,426.799,16.5426,3317.3422,992.5558,590.5707,1347.6703,933.0025,1976.2889,138.4064,1336.0904,56.7963,115.7982,17.6454,416.322,546.4571,1365.3157,6355.6658,553.6256,663.9096,1228.5636,1804.2459,8265.7789,1937.6896,602.702,209.5341,2063.4133,10942.928,68.9275,372.7599,396.4709,1357.0444,3.3085,0,28.1224,183.0714,52164.8746,69.4789,732.2856,5617.3146,3598.0149,2374.4141,149.9862,303.8324,1365.8671,172.043,3093.4657,1619.1784,873.4491,1529.3907,530.4659,786.8762,1133.1679,1164.5988,596.6363,23.7111,503.9978,658.9468,982.6303,1593.6035,854.1494,1931.0725,1182.2443,1376.3441,6875.6548,811.1387,6.0656,948.9937,446.7935,202.3711,625.3102,6092.6385,451.0615,247.5875,1451.3372,3201.544,1267.1629,13.7855,400.3309,1717.1216,5084.0915,2269.6443,1434.8663,2732.2856,1399.5037,188.0342,81.0587,1478.3568,1339.399,211.7452,507.8577,410.2564,2324.7863,506.2035,2001.1028,487.4552,0,1161.2903,385.9939,9.9256,791.2876,1194.3755,8.8227,47.4221,39162.3932,701.4061,1139.7849,2203.7055,3362.5586,6564.654,59.5533,4.9628,405.2936,106.9755,938.5167,1789.3576,485.8009,1171.7673,365.5914,160.4632,272.9529,78.853,1239.5919,1352.633,43.5622,3734.2156,53.4877,727.8743,30.8795,881.7204,31.7452,107.5269,617.5903,91.5357,472.5669,1371.9327,48.525,143.3692,118.0039,3288.1169,962.7792,3567.6868,2090.4329,1041.6322,1891.3703,838.7097,2427.9018,2272.9529,1358.1472,188.5856,1037.2208,220.3695,2000,168.7345,34.7395,888.8889,688.7235,2.7571,36.9451,9.3741,278.4671,12.1312,5718.2244,1014.0612,10910.3943,4805.6245,1908.4643,1593.0521,3269.92,1458.5057,5117.7281,1480.011,286.1869,1322.8564,1520.8161,8169.2859,526.606,429.5561,433.416,3318.9964,1244.0309,1325.062,3143.0935,327.5434,648.4698,151.6405,103.6669,641.3014,240.9705,2093.7414,3695.0648,106.9755,683.2093,86.0215,1646.5398,295.0096,279.0185,274.6071,46.3193,199.0626,188.0342,1961.4006,4897.7116,946.788,1263.8544,3277.6399,408.0507,88.7786,3544.5272,64.0199,6059.5533,253.6532,201.2462,565.7568,3363.11,1666.391,13.7855,531.5688,588.365,331.9548,374.9655,88.2272,7473.9454,37.4966,56.2448,1246.7604,30.3281,1139.7849,71.1332,203.4739,1.1028,1352.633,2.7571,2066.7218,2687.6206,1581.4723,937.9322,1655.914,92.0871,177.0058,3694.5134,112.4897,1036.6694,2456.5757,1308.5194,564.1026,465.9498,33.0852,7869.8649,3264.9573,886.6832,28.6738,191.3427,79.9559,90.4329,24.8139,933.0025,632.4786,6130.6865,15.4398,4666.1152,63.9647,13.7855,25321.7535,9143.0935,158.2575,241.2297,238.2134,83.8158,520.5404,0.5514,264.1301,1542.3215,1191.067,638.5443,2376.6198,1475.5997,13937.6896,137.3036,316.515,1.1028,1121.0367,3.8599,85.4701,117.4524,732.8371,13.7855,8.8227,5565.4811,3462.917,47.4221,162.6137,6692.5834,77.7502,458.7814,319.8235,692.5834,41.9079,357.8715,82.1616
TCGA-78-7150-01,12,2356.856,3550.2008,0.5737,233.5055,588.0666,8.0321,4389.5582,1375.7889,950.6598,1590.9352,977.0511,1097.533,57.9461,1411.9334,144.5783,628.2272,343.6604,117.0396,918.5313,1671.8302,8896.7298,3.4423,2065.9782,1659.2083,2912.2203,11481.8933,1274.8135,1472.7481,946.07,5048.1928,3820.9983,183.0178,344.8078,286.288,552.4957,1.1474,0,59.0935,438.8985,21125.0717,243.2587,327.5961,17810.6713,2532.4154,5096.9593,175.5594,321.8589,2448.6517,543.3161,2705.1061,2705.5135,2562.8227,2323.6431,320.1377,1462.4211,943.7751,3345.3815,611.5892,21.8015,1164.0849,2226.6208,1220.8835,2651.7499,791.7384,3568.6919,941.4802,3507.1715,6456.1102,3567.9862,1.1474,1230.6368,2506.3339,624.2111,466.4372,7825.5881,506.5978,149.7418,1832.4727,4249.5697,1603.5571,15.4905,1181.8703,1405.6225,7700.5164,2125.6454,1006.4028,297.7625,1607.5731,469.8795,43.603,786.5749,2507.1715,429.1452,694.2054,453.2415,1088.3534,379.8049,1238.0952,411.3597,40.1606,2680.436,451.5204,196.7871,904.1882,3398.7378,156.0528,37.8657,24345.3815,990.2467,1023.5227,8070.568,433.1612,5360.8721,350.545,19.5066,90.0746,16.638,2109.5812,1812.3924,827.883,1671.8302,147.4469,657.4871,383.2473,35.5709,1242.1113,574.2972,185.8864,6847.3896,146.8732,176.7068,55.6512,1518.0723,110.3901,253.5858,1476.1905,282.2719,550.2008,2905.3356,35.5709,117.6133,39.0132,2781.9851,3350.545,362.0195,201.9507,1810.0975,1732.0711,909.9254,6010.327,2576.0184,576.5921,203.6718,2013.1956,171.7556,1022.3752,183.5915,10.327,5044.1767,1703.9587,2.8686,14.3431,0.5737,309.8107,46.4716,3889.2714,1259.323,5984.5095,4107.2863,1592.0826,646.5863,2117.6133,2226.6208,2530.1205,2628.2272,136.5462,1755.5938,2335.6282,12702.2375,459.5525,997.7051,171.5433,2250.1434,478.296,1309.8107,5975.3299,302.3523,1206.5404,1511.7613,181.8703,3228.3419,675.2725,2452.6678,2361.4458,284.5668,80.895,536.4314,4092.3695,778.5255,567.4125,21.2278,10.9007,304.0734,199.6558,1724.039,903.0407,1316.6954,792.3121,2596.6724,176.7068,389.5582,3354.5611,46.0528,6074.5841,659.782,291.3368,1445.7831,1255.3069,2643.144,29.2599,546.1847,654.0448,1142.8571,641.4228,633.9644,8458.405,353.9874,33.276,1376.3626,109.5812,825.0143,545.0373,251.8646,4.5898,2092.3695,13.7636,2711.9908,2284.5668,2627.0797,1615.7143,8989.0993,519.7935,522.6621,4373.494,781.9851,1642.5703,3186.4601,884.6816,557.0855,633.3907,109.5812,19333.9071,5309.2369,2033.8497,320.1377,182.4441,186.4601,185.3127,189.9025,1363.167,33.8497,3271.3712,113.5972,369.4779,11.4745,3.4423,8939.1853,11247.8485,281.6982,445.4446,123.9243,52.2088,78.6001,2.2949,763.6259,1401.0327,1232.9317,238.0952,2013.1956,1800.918,15644.2915,142.2834,180.1492,1.7212,721.7441,4.0161,169.8221,271.9449,1415.9495,28.1124,0,6067.6994,6154.3316,224.8996,0,4776.2478,949.5123,532.4441,399.8853,232.9317,24.0964,507.1658,297.7625
TCGA-78-7152-01,6.133333333,2255.3389,5299.9071,4.6425,107.7066,593.3148,10.2136,3104.9211,1504.1783,843.0826,1379.7586,1929.4336,1627.6695,242.3398,1317.5487,161.5599,132.7762,71.4949,945.2182,681.5227,870.9378,3849.5822,140.2043,938.7187,2018.5701,3326.8338,12667.5859,1536.676,618.3844,292.4791,2005.571,7252.5534,151.3463,287.8366,248.8394,816.156,8.3565,0,65.9239,468.8951,11939.6472,20.4271,459.61,3106.7781,2575.6732,3188.4865,338.9044,820.7985,2428.0409,444.7539,1495.8217,1912.117,1511.6063,1113.5655,1017.6416,870.0093,818.9415,1682.4513,683.3798,20.4271,643.454,949.8607,2078.9229,896.9359,933.1476,2897.5395,1121.6342,2156.9174,13197.7716,1402.0427,90.9935,1181.987,477.7159,389.0436,798.5144,5025.0696,516.2488,142.9898,1524.6054,3252.5534,1380.6871,13.9276,382.5441,1775.3018,5008.3565,3030.6407,1806.8709,4287.8366,1419.6843,67.7809,53.8533,1506.0353,1991.6435,617.4559,462.3955,770.6592,2907.1495,650.8821,1386.2581,824.5125,2.7855,1711.2349,338.9044,73.3519,1098.4215,1974.9304,36.2117,200.5571,26952.6462,675.0232,738.1616,9415.9703,2193.1291,2016.7131,90.065,23.2126,878.3658,317.5487,943.3612,3071.4949,163.4169,2401.1142,236.7688,125.3482,867.2238,194.9861,1130.9192,1718.663,77.0659,10207.0566,53.8533,309.1922,28.7837,1451.2535,122.0056,178.273,389.9721,26.9266,692.6648,1141.1328,51.0678,617.4559,165.2739,3071.4949,1749.3036,1067.7809,2314.7632,1274.8375,2976.7874,654.5961,3347.2609,2184.7725,752.0891,165.2739,1471.6806,118.8301,4581.2442,375.1161,14.8561,1361.1885,594.2433,3.714,38.9972,9.2851,426.1838,46.4253,1888.5794,714.0204,9969.3593,5496.7502,2166.2024,919.2201,3031.5692,1410.3993,3203.3426,1291.5506,243.2683,1545.961,864.4383,10499.5357,543.1755,1663.8812,611.8849,3509.7493,974.3918,2272.052,2619.3129,185.701,1639.74,185.701,107.7066,547.818,454.039,3676.8802,2878.3658,193.1291,616.5274,106.7781,1480.0371,623.9554,286.9081,222.8412,19.4986,304.5497,346.3324,1308.2637,1211.6992,660.1671,690.8078,1953.5747,255.3389,63.1383,3004.6425,148.9972,9893.2219,283.1941,257.7344,1474.4661,3155.9889,1795.7289,68.7094,713.0919,469.8236,770.6592,477.2516,273.909,6778.0873,114.2061,50.1393,285.9796,46.4253,652.7391,822.6555,91.922,0.9285,879.2943,3.714,3497.6787,1487.4652,2002.7855,1012.7669,966.5738,917.363,342.6184,2695.4503,186.6295,1319.4058,1796.6574,4658.3101,493.9647,879.2943,61.2813,4327.7623,3356.546,2362.117,6.4995,120.7057,105.8496,62.2098,49.2108,1100.2786,201.4856,1791.0864,31.5692,4967.5023,254.4104,12.0706,111591.4578,15232.1263,197.7716,144.1226,102.1356,240.4828,680.5942,0,338.9044,1349.1179,1956.3603,1017.6416,2219.1272,1964.7168,9347.2609,176.416,253.4819,0,779.9443,0.9285,37.1402,143.9183,1155.0604,58.4958,3.714,4758.5887,87916.4345,53.8533,2.7855,4883.0084,9.2851,406.6852,296.1931,496.7502,22.2841,1095.636,199.6286
TCGA-78-7153-01,3.666666667,2692.0562,3875.3573,1.2281,343.8758,606.0811,69.3892,1932.4591,1416.0314,610.3795,2223.5254,1240.4091,1431.997,352.4727,1102.8588,140.6206,187.9036,40.5282,1181.459,562.4825,1413.5751,9648.7861,66.933,570.4654,1288.3061,1824.9979,11021.8208,1293.2186,648.4515,240.7131,2003.6905,5306.7403,210.0099,526.2528,722.1392,357.9993,7.9828,2.4563,51.5814,401.5978,128440.0628,688.9797,645.3812,3774.6508,2941.3661,1634.0241,134.48,118.5143,2849.8706,510.2871,4891.019,1483.124,1162.423,859.8123,717.2266,701.261,1357.0812,819.7753,625.7311,7.9828,650.2937,850.4785,1191.898,1564.6348,743.6314,1937.9857,1357.0812,1514.8957,15971.1881,1298.1311,14.1235,751.6142,557.656,205.0973,1616.8303,5255.1589,352.4727,254.8365,1573.8458,3190.062,865.216,887.9364,812.4065,1373.661,3112.6899,2101.9407,1448.5768,3163.0432,1609.4615,55.2658,75.5299,1114.526,2436.6056,599.9404,375.193,367.8243,3632.8021,493.0933,1105.9291,823.4597,3.6844,1787.54,412.0369,24.5626,638.6265,1609.4615,47.2829,84.7408,32369.7647,533.0075,937.0615,3831.1447,451.951,1326.9921,43.5985,4.2984,424.3182,101.9346,1004.6085,2841.8878,557.57,830.8285,139.3925,241.9412,548.3591,60.1783,1305.4999,796.4409,25.1766,6897.7799,10.4391,168.2535,46.6689,924.1662,373.3693,219.2208,634.9421,1228.7419,622.6608,1261.9013,14.1235,249.924,206.9395,2978.824,1081.9806,461.7761,1918.3356,1241.6372,1970.5311,595.0279,2992.9475,1997.5499,865.216,338.9633,790.9143,165.4411,5404.9905,606.6951,9.211,2138.7846,977.5897,0.6141,6.7547,4.2984,286.1538,11.6672,1969.3029,400.3697,7818.2616,26542.9062,1993.2514,926.6224,2784.1657,1164.8792,3873.5151,1489.105,655.8203,1364.45,2385.0242,6879.3579,437.2135,978.8179,897.1474,3322.6998,1028.7474,1435.0673,1891.9309,307.646,1547.441,603.6248,187.2895,435.3713,372.7368,2030.0953,4776.1891,154.13,175.0082,174.3941,1978.5139,402.8259,224.1333,159.6566,36.2298,172.552,119.1284,1763.5915,1020.5742,872.5848,949.9569,486.3386,263.4334,87.1971,3229.9761,51.913,7545.0032,354.9289,345.8654,1476.8237,4350.0287,1612.5318,25.1766,1239.795,569.2372,459.9339,464.8464,139.3925,6552.6759,95.1799,41.1423,1316.553,33.7735,534.8497,1198.0387,270.8022,4.9125,1499.5441,0.6141,1867.3683,1120.6666,1114.526,883.159,4970.8473,1198.0387,1565.863,3423.4063,226.5896,1140.3167,2467.3088,981.2741,324.2257,477.7417,77.3721,3392.089,4813.647,1363.8359,20.8782,263.4334,163.9551,60.3932,71.2314,340.1914,106.2331,3507.533,28.2469,7613.1643,87.8111,4.2984,117593.2379,13861.8786,235.1865,120.8662,190.9739,150.4457,1134.176,0,342.0336,1864.298,801.3534,2388.7086,2001.2343,2873.8191,7174.7227,544.0606,302.1194,0.6141,769.4221,4.2984,22.1063,133.2519,374.579,36.8438,2.4563,7102.8772,2153.5221,34.3876,8.5969,4491.2634,15.3516,359.8414,241.3271,377.0352,89.0393,369.034,45.4407
TCGA-78-7154-01,6.9,1759.7857,2399.1665,1.1907,356.0054,968.5965,24.4084,1572.2578,1482.3634,1228.7543,2044.9472,1210.2992,985.2657,146.4504,1009.6741,308.3792,1240.0655,262.5391,459.5922,1103.7357,1127.5487,18557.5234,2603.3636,192.8858,869.7723,2438.4581,8673.88,854.2938,478.0473,728.0726,2788.5102,8168.4775,268.4923,289.3288,938.8302,54.7701,6.5486,0,53.5794,481.6193,34461.0805,233.3681,339.9315,13942.551,2553.9515,4053.5794,236.94,206.5784,1609.168,458.4015,198.8391,1400.3631,1609.168,1593.5586,488.1679,897.7526,942.9975,71425.5097,614.3771,27.9804,1572.8531,2656.943,1258.5206,4389.939,795.9518,3802.8397,731.6565,2630.1533,14444.4114,1643.1017,4.7626,1249.5907,575.6154,472.6894,1078.732,4791.1892,245.8699,242.298,1605.0007,3723.7684,1034.6778,11.9065,978.1217,1435.928,7353.4752,1995.535,1260.378,4026.7897,1687.1558,161.9289,41.0775,1383.5392,4448.281,641.1668,269.683,1095.4011,1953.2669,472.6894,1079.3273,876.9162,45.8402,1778.2408,905.4919,88.1083,1327.5785,2172.3471,155.9756,74.4158,18792.0822,1391.2785,2097.3359,4118.1902,362.554,1968.7453,217.8896,27.385,82.1551,26.7897,5898.4968,3448.1322,8335.1689,2162.2265,104.1822,370.2932,534.008,126.2093,1747.8791,942.4021,69.0579,2236.6424,17.2645,281.5895,53.5794,1284.715,693.377,298.854,7820.8067,2160.4405,494.7165,1426.4027,144.6644,236.94,36.9103,2761.7205,1717.5175,673.3145,3460.0387,1750.2605,3055.2166,517.9342,4294.0914,989.433,434.5885,1354.3682,1724.0661,253.2579,2592.6477,250.0372,5.9533,3005.2091,1025.1526,4.1673,31.5523,4.7626,503.6464,46.4355,1559.1606,925.733,5254.9487,7754.7195,1422.2355,2158.0592,2517.6366,1537.7288,2260.4554,3268.9388,2194.3742,1386.5159,3713.6479,4757.2555,248.8466,580.4435,617.3538,3927.9655,541.9795,964.4292,7257.0323,174.4307,1196.6066,1193.0347,441.7324,501.2651,264.9204,2254.5022,3711.8619,179.7887,2003.8696,428.0399,1838.9641,573.8949,513.7669,75.6065,79.7738,280.3989,264.325,1856.8239,1347.2243,1799.0772,420.896,5978.8659,148.8317,946.5694,583.4202,73.4455,8025.599,901.3246,322.9945,1944.9323,2185.4443,3048.0726,29.171,1140.6459,652.478,722.7266,965.0246,468.5221,7934.5141,403.0362,50.6028,992.4096,51.7934,1529.3943,2406.9058,179.1933,16.0738,917.3984,4.7626,4095.8476,1013.246,2297.3657,690.1086,3336.2107,2224.7358,1390.6831,3926.7748,479.238,2949.8437,4029.7663,1875.2791,468.5221,522.6968,431.0165,4280.3989,4507.2183,1172.7936,22.6224,350.6474,487.5726,119.0653,156.5709,838.8153,396.4876,3204.6435,254.7998,1522.2503,80.3691,23.8131,22955.797,9937.7884,304.8073,408.2631,92.871,86.3224,1530.5849,0,607.8285,2052.6864,1989.5818,439.9464,1484.7448,1960.4108,11316.565,751.3023,199.4344,0,784.0452,1.1907,300.0446,391.1296,966.8105,32.743,26.1944,7440.9882,7463.6107,68.4626,1.1907,3686.2628,188.7186,457.8479,312.5465,347.6708,13.0972,573.2996,667.9565
TCGA-78-7155-01,44.76666667,1824.0741,995.9491,2.3148,188.6574,798.0324,4.6296,5876.1574,2486.6898,1776.6204,2289.9306,793.9815,2246.5278,30.6713,1682.2917,280.6713,1012.7315,402.1991,25.463,3437.5,3611.6898,8703.125,257.5231,2424.1898,776.6204,1835.6481,22612.7951,2315.9722,3944.4444,93.75,3575.8102,3456.0185,1021.9907,317.1296,907.4074,1834.4907,2.8935,0,1339.6991,333.912,20531.8287,10.4167,188.6574,7191.5509,489.5833,964.6991,82.1759,94.3287,1978.588,775.463,151.0417,2153.8252,4454.2824,646.1921,1318.8657,1403.3565,1820.6019,347.2222,1144.0972,10.9954,3824.0741,5164.3519,859.375,4386.5741,1060.7639,1150.463,594.9074,2013.8889,10192.1296,3512.7315,1.1574,3443.287,167.0833,668.4028,512.1528,6629.6296,241.3194,313.6574,968.75,2439.2361,399.3056,2.8935,418.4028,3404.5139,7875.5787,1929.9769,1849.5833,6392.9398,6269.0972,3793.4028,24.8843,874.4213,3771.412,764.4676,550.9259,224.537,2574.6528,991.8981,2651.6204,1800.9259,0,1429.9769,1229.7454,622.6852,411.4583,1901.6204,606.4815,38.1944,43016.7824,43.4028,989.0046,350.6944,148.7269,611.1111,771.412,24.8843,34.1435,12.1528,2678.8194,2833.912,3652.1991,1239.5833,137.1528,1536.4583,394.6759,356.4815,1020.8333,398.1481,66.5509,3524.3056,2.8935,81.0185,3.4722,182.2917,683.8194,490.162,237.8472,401.6204,538.7731,1797.4537,44.5602,149.8843,21.412,841.4352,1530.6713,284.7222,1048.6111,2514.4676,1668.4028,1244.7917,14907.9861,1927.0833,851.8519,581.0185,3129.0509,211.8056,27.7778,495.9491,2802.662,3833.3333,1895.8333,0.5787,5.2083,0.5787,497.6852,50.3472,717.5926,2690.9722,4045.7176,10959.4907,4843.75,582.1759,3323.4954,1528.9352,1792.8241,1603.0093,244.7917,3437.5,1853.588,1768.5185,611.1111,180.5556,173.0324,1988.4259,87.3148,1516.7824,7965.8565,85.6481,733.2176,1733.2176,1515.625,866.8981,764.4676,4729.7454,1482.0602,126.1574,114.5833,1331.0185,5005.2083,1528.3507,490.7407,28.3565,5.787,193.287,37.6157,898.1481,768.5185,2350.6944,2575.8102,1159.7222,33.5648,12.7315,83.912,38.4549,5146.9907,1077.5463,712.662,766.7824,2153.3565,1410.8796,20.8333,3509.838,793.9815,1024.8843,1769.6759,476.2731,4289.3519,614.5833,57.8704,1053.8194,81.0185,3607.6389,9.2593,47.4537,39.9306,1425.9259,1.1574,5712.3843,184.6065,2104.1667,2638.9757,5927.662,11.5741,82.7546,3304.9769,1025.463,2893.5185,5148.7269,770.2546,254.0509,40.5093,81.5972,3174.7685,5482.0602,3553.8194,1.1574,340.8565,91.4352,65.3935,627.8935,755.2083,40.5093,969.3287,343.75,273.1481,17.3611,2.8935,9472.2222,8231.4815,785.3009,202.7894,14.4676,76.3889,668.9815,0.5787,785.8796,2331.0185,2727.4306,722.2222,3445.6019,1764.4676,11334.4907,325.2315,409.1435,7.5231,160.8796,0.5787,55.5556,1579.2824,744.213,12.1528,99.537,9593.1713,611.1111,196.7593,0,2791.6667,12.7315,521.412,534.1435,43.4028,17.3611,1551.5046,1444.4444
TCGA-78-7156-01,8.566666667,3034.204,3766.1692,0.6219,167.9104,1064.6766,41.0448,5800.995,1490.6716,771.1443,2680.3483,958.3333,1632.4627,92.0398,1733.209,179.7264,52.8607,36.6915,323.3831,572.1393,1720.1493,10083.9552,3.1095,284.204,1218.2836,4198.3831,7952.6928,1079.602,723.8806,560.3172,2865.0498,12825.8706,74.6269,355.7214,972.6368,287.9353,3.1095,0,21.7662,318.408,39453.3582,18.6567,404.2289,15110.6965,2226.3682,5061.5672,171.6418,145.5224,2586.4428,589.5522,4400.4975,2957.8047,1177.8607,1388.4639,687.8109,1029.8507,789.801,300.995,919.7761,36.0697,606.9652,1080.2239,841.4179,2352.6119,628.7313,2824.3284,945.8955,2205.2239,12950.2488,1292.9104,3.1095,2208.9552,475.7276,491.2935,1205.8458,4273.6318,294.7761,924.1294,2140.5473,3192.7861,1483.209,9.3284,292.2886,2057.8358,6738.1841,2465.796,1902.9851,1965.1741,1296.6418,44.1542,27.3632,1782.9602,677.8607,213.9303,1050.3731,503.1095,2366.9154,853.8557,1327.1144,800.995,1.8657,1704.602,618.7811,52.8607,1395.5224,1142.4129,28.607,25.4975,17184.0796,837.0647,1259.9502,1947.7612,868.1592,4916.6667,14.9254,7.4627,36.0697,25.4975,2047.8856,1917.2886,497.5124,2544.7761,74.6269,87.6866,314.6766,72.1393,1619.403,616.9154,57.8358,7432.8358,843.2836,337.6866,14.9254,621.8905,169.9067,149.8756,266.791,314.6766,472.0149,2506.2189,98.8806,159.204,32.3383,4179.7264,1486.3184,1758.0846,345.1493,1591.4179,981.3433,981.3433,4572.7612,2307.2139,1401.1194,240.6716,1193.408,146.0323,1059.7015,123.7562,18.0348,1710.199,1173.5075,1.2438,11.194,11.194,342.0398,19.9005,2604.4776,518.0348,18565.9204,7169.7761,3196.5174,1386.194,1614.4279,1194.6517,5626.8657,1957.7114,6.8408,1779.2289,1796.0199,7334.5771,447.1393,973.8806,1668.5323,6332.7114,757.4129,2768.6567,4730.7214,159.204,1206.4677,71.5174,21.1443,406.0945,368.7811,1444.6517,8868.7811,156.7164,55.9701,87.0647,1767.4129,231.3371,319.6517,37.9353,1.2438,480.7214,353.8557,1945.8955,2172.2637,1573.3831,510.5721,2715.1741,236.3184,85.199,2665.4229,181.1629,8424.1294,534.8259,421.3495,825.2488,7409.8259,1597.6368,6.2189,846.393,707.7114,236.9403,473.2587,41.0448,4508.7065,27.3632,33.5821,1803.4826,78.3582,1602.6119,25.4975,148.01,0.6219,1366.9154,0,1875.6219,943.408,2142.4129,1298.2214,4460.199,47.2637,179.7264,4503.1095,61.5672,1121.2687,1736.9403,1688.4328,889.3035,359.4527,8.0846,4110.0746,4646.1443,2024.2537,13.6816,198.3831,93.2836,149.8756,20.5224,626.8657,419.1542,6238.806,20.5224,6585.8209,61.5672,0.6219,17170.398,18567.7861,311.5672,227.1144,82.7114,52.2388,70.8955,0,169.1542,1777.3632,1096.393,266.1692,2212.6866,973.2587,8403.607,51.6169,352.6119,1.8657,1368.1592,0.6219,33.5821,103.8557,468.2836,10.5721,19.2786,11764.3035,2859.4527,18.0348,2.4876,4840.796,27.3632,492.5373,294.7761,1164.801,55.9701,604.459,40.4229
TCGA-78-7158-01,7.1,2629.8755,3863.0705,4.9793,548.9627,1173.029,16.5975,3758.5062,1477.1784,1015.7676,1573.8589,918.2573,1518.2573,450.6224,1605.8091,288.3817,170.1245,130.7054,82.5726,685.4772,1643.5685,10695.4357,178.0083,2144.8133,1445.6432,3018.6722,8637.722,1999.5851,990.8714,1141.8921,2962.6556,2725.3112,181.7427,392.1162,1412.0332,484.2324,4.9793,0.4149,32.7801,458.9212,15542.7386,144.8133,279.668,2097.5104,1925.3112,4024.4813,215.7676,89.2116,4142.7386,980.083,134.0249,3731.2822,1221.9917,1294.8589,1068.0498,1195.0207,1000.8299,1260.5809,654.7718,20.332,899.1701,1249.3776,1878.0083,2129.4606,779.668,2133.5104,1860.5809,2500,18900.4149,1015.3527,0.8299,1959.3361,330.9751,304.1494,912.8631,6389.2116,154.7718,487.9668,1722.8216,3050.6224,978.4232,10.3734,2914.1079,1978.4232,7146.473,2075.5187,2348.7593,4742.3237,1499.5851,32.7801,30.7054,1240.249,3009.9585,1086.3071,775.9336,339.834,4117.8423,789.2116,1213.278,888.3817,1.2448,2102.9046,930.7054,73.029,807.0539,2092.9461,104.9793,116.1826,23062.2407,651.0373,1366.39,9959.6183,768.4647,4182.5726,34.0249,34.0249,66.39,22.4066,1446.888,3212.4481,130.2905,1539.0041,210.7884,183.8174,747.7178,172.6141,1733.195,599.1701,49.7925,10465.9751,237.7593,146.473,26.1411,1195.0207,376.7718,239.834,237.3444,259.751,555.6017,2056.8465,33.61,234.8548,77.5934,3880.4979,1814.5228,239.4191,1380.9129,1933.195,2005.8091,702.4896,2665.5602,1316.1826,1821.1618,210.7884,1412.8631,218.3029,9765.5602,1259.751,277.1784,1335.2697,1472.1992,9.1286,44.8133,2.0747,407.0539,41.4938,1290.8714,503.7344,5871.3693,2239.4149,2238.5892,875.9336,1687.1369,1087.5519,3674.2739,1368.8797,15.7676,2434.8548,2655.6017,5716.1826,658.0913,1164.7303,324.8963,3065.9751,854.556,1605.8091,3654.7718,89.2116,1298.3402,170.9544,126.971,505.8091,493.7759,2010.3734,6086.3071,128.2158,340.6639,166.39,2013.6929,851.8672,272.6141,26.1411,40.6639,242.3237,215.3527,1917.0124,394.6058,1082.5726,160.9959,526.971,712.4481,17.0124,953.9419,309.9004,6433.61,520.7469,414.7178,1134.4398,1942.3237,2730.2905,11.2033,1149.7925,620.332,858.0913,839.4191,85.8921,4598.7552,76.7635,62.6556,393.7759,75.5187,778.4232,2741.4938,53.112,22.8216,1025.7261,1.6598,1705.8091,370.9544,1584.6473,1084.5726,1824.8963,6985.0622,3553.112,4370.5394,180.4979,1107.8838,3658.9212,1231.5353,228.2158,940.6639,47.3029,1723.6515,8024.4813,2009.5436,25.3112,164.3154,200,95.4357,76.7635,576.3485,92.9461,3136.0996,55.1867,3368.0498,32.7801,3.3195,84169.2946,11184.6473,484.2324,270.2448,87.1369,99.1701,926.1411,0,443.9834,1090.0415,1399.1701,586.3071,2068.4647,3504.5643,4011.6183,1454.7718,416.1826,12.4481,1213.6929,0,3.7344,243.5685,4304.5643,173.8589,90.0415,18755.1867,82810.3734,65.5602,17.8423,8607.0539,4.1494,513.8921,308.7137,915.3527,25.7261,532.3568,145.2282
TCGA-78-7159-01,8.7,1625.8953,4299.7245,0,174.6556,668.8705,10.4683,3145.4545,2009.9174,816.5289,2461.157,875.4821,1126.7218,338.843,1849.5868,251.7906,342.6997,134.4353,417.6309,755.3719,1554.27,4872.7273,28.0992,94.2149,1673.2782,2607.7135,8444.595,1354.27,1257.8512,1359.7686,2140.4959,6642.4242,316.8044,794.4904,139.3939,72.1763,46.281,0.551,26.9972,525.0689,17754.8209,52.8926,513.4986,3001.1019,3799.449,2518.4573,241.8733,437.4656,3059.5041,864.4628,5513.4986,2554.7658,2010.4683,1622.0496,594.4904,1499.1736,1072.1763,174.6556,464.4628,15.427,1131.1295,1736.6391,1185.6749,2182.9201,801.6529,2198.1708,1271.0744,5909.0909,7607.7135,2298.0716,34.7107,1282.6446,1324.5565,413.7741,753.168,4573.5537,765.8402,190.6336,1562.5344,3074.3802,1550.9642,2114.6006,300.8264,1180.7163,6511.8457,1622.5895,1650.3306,2537.741,1358.1267,324.5179,267.7686,1745.4545,2365.8402,472.1763,738.843,666.6667,1887.6033,612.1212,1693.1129,942.6997,25.8953,1739.3939,609.3664,71.0744,1264.4628,1673.8292,110.1928,126.7218,38211.5702,977.4105,1388.4298,8713.6639,885.9504,1088.1543,125.0689,33.6088,1283.7466,135.5372,1816.5289,2514.6006,386.2259,1480.9917,247.9339,541.5978,417.6309,6248.4848,1348.2094,1634.1598,175.7576,3253.9945,74.3802,1114.0496,175.7576,1471.6253,280.8595,105.7851,3189.5317,35.2617,515.7025,2104.6832,65.5647,339.3939,985.124,1932.7824,1920.6612,1837.4656,1050.1377,1695.8678,3078.2369,743.2507,2151.5152,2051.2397,1348.2094,92.562,1273.2782,187.2121,411.5702,2034.1598,909.0909,2108.5399,2169.146,3.3058,2.2039,3.8567,461.157,43.5262,2905.2342,944.9036,9976.8595,8794.4904,1933.8843,976.3085,2284.8485,997.2452,2673.8292,1246.281,1339.3939,1614.876,1719.5592,10857.3003,594.4904,759.2287,2650.1377,2321.7631,586.6226,1552.6171,3546.0055,577.4105,1356.4738,489.2562,348.2094,319.5592,557.0248,1973.0028,4779.6143,244.0771,191.7355,243.5262,1587.8788,1045.1791,349.3113,106.3361,38.0165,288.7052,153.719,1195.0413,4039.1185,1574.1047,866.6667,1113.4986,197.7961,264.4628,2000,70.1488,8332.7824,442.4242,287.7686,1222.0386,4236.9146,2500.8264,34.1598,853.4435,683.1956,548.2094,829.2011,141.0468,6862.259,153.719,96.9697,1127.2727,85.9504,1061.708,1846.281,80.4408,13.7741,1984.573,24.4132,1944.9036,1682.0937,1603.3058,953.0413,1834.1598,2011.5702,1223.1405,3803.3058,324.5179,1955.3719,2580.7163,3181.8182,510.7438,454.5455,334.4353,3824.7934,4435.2617,1878.7879,123.416,271.6253,121.7631,175.2066,235.8127,1072.1763,219.8347,4601.1019,73.2782,5176.8595,87.0523,2.2039,14667.2176,9435.2617,433.6088,186.2645,71.6253,394.4904,597.2452,0,1038.5675,3764.1873,2190.6336,589.5317,2082.6446,2382.9201,7932.2314,101.9284,274.9311,1.6529,700.2755,0,14.3251,128.9256,666.1157,29.2011,7.7135,6901.3774,23197.7961,208.2645,7.1625,4480.4408,12.6722,424.7934,568.0441,284.2975,20.3857,229.2011,220.9366
TCGA-78-7160-01,1.233333333,2782.3344,3336.9085,15.142,310.4101,653.6278,51.1041,2657.4132,1229.0221,1102.8391,2403.7855,591.7981,1121.1356,340.694,1660.5678,129.9685,289.5899,164.0379,1024.6057,717.9811,1663.0915,6579.1798,58.6751,940.694,1632.1767,2411.9874,9107.8486,1190.5363,735.0158,616.4038,2772.8707,4314.8265,234.7003,313.5647,386.7508,153.3123,47.9495,0,97.7918,422.7129,10825.2366,66.877,187.3817,12302.8391,1601.2618,4952.0505,494.0063,643.5331,2132.4921,603.7855,2806.9401,2343.123,1722.3975,2100.3785,763.4069,1500.9464,495.8991,2772.8707,664.3533,13.2492,617.6656,1393.0599,1651.735,1285.8044,690.2208,3670.5868,1404.4164,4837.8549,6485.8044,1510.4101,18.2965,1425.8675,1913.3186,506.6246,1515.4574,5871.9243,698.4227,446.0568,2228.3912,3225.8675,1186.1199,22.082,762.1451,1376.0252,5876.3407,2697.7918,1799.8801,2425.8675,1178.5489,256.1514,124.2902,1163.4069,2393.0599,387.3817,652.9968,2215.7729,2399.3691,773.5016,835.9621,661.1987,0.6309,1514.1956,617.0347,119.2429,1358.3596,2025.2366,52.3659,305.9937,14011.3565,1022.7129,1533.123,7938.5489,1181.7035,3172.2397,126.183,78.8644,263.7224,113.5647,1661.1987,1446.6877,562.776,1258.0442,160.8833,294.0063,1895.8991,688.959,1705.3628,3352.6814,176.6562,5787.3817,64.3533,480.1262,203.7855,1304.1009,262.9274,261.8297,907.2555,211.3565,523.0284,1729.3375,157.7287,979.1798,169.7161,2051.735,1666.2461,1379.8107,576.0252,1471.9243,1279.4953,974.7634,3875.0789,2115.4574,805.0473,557.0978,1421.4511,61.9621,1688.959,165.9306,15.7729,1364.0379,1271.9243,1.2618,176.6562,8.8328,324.9211,161.5142,3176.0252,1186.7508,8151.4196,3904.7319,1530.5994,1104.7319,2405.0473,803.7855,3062.4606,1438.4858,11.9874,1697.1609,1662.4606,6556.4669,733.123,2176.6562,414.511,4611.3565,785.5836,1407.571,5584.2271,464.9842,1500.3155,260.5678,123.0284,1529.9685,422.082,2076.9716,5646.0568,241.6404,977.2871,115.4574,2149.5268,522.3785,288.3281,90.2208,13.2492,319.8738,540.694,1708.5174,2174.7634,1263.7224,910.4101,3218.2965,320.5047,441.0095,3784.858,88.347,15248.5804,336.2776,337.1356,1415.7729,2837.8549,3875.0789,94.6372,741.9558,573.5016,334.3849,434.7003,283.9117,8602.5237,106.6246,32.1767,1080.1262,155.205,1355.836,247.9495,430.2839,4.4164,884.5426,2.5237,2210.7256,2641.0095,2295.2681,908.4606,4011.9874,560.2524,591.7981,3100.9464,153.9432,2661.8297,1514.8265,2391.1672,1042.9022,641.0095,46.0568,11176.6562,4123.0284,1191.7981,132.4921,229.0221,110.4101,76.9716,39.7476,2121.1356,509.7792,2918.612,66.877,1733.123,171.6088,17.0347,69140.694,9215.142,322.3975,200.164,166.5615,476.9716,830.9148,0,451.1041,3020.8202,1219.5584,271.2934,1469.4006,2149.5268,12383.5962,283.2808,242.2713,0,1085.1735,8.2019,196.2145,264.3533,1198.7382,189.2744,10.7256,6441.6404,41553.9432,106.6246,8.6751,5400.6309,113.5647,495.8991,338.8013,355.205,64.3533,1268.1325,571.6088
TCGA-78-7161-01,5.066666667,2768.5691,5503.3349,0,208.699,468.4706,86.713,2476.4639,1892.9885,1279.7513,2916.6426,1385.938,1800.0292,320.3971,1812.1543,158.3614,110.9632,23.5154,987.2787,607.7257,1127.6362,8157.6339,18.004,114.2701,1942.9587,3005.9275,18776.219,1249.2548,1614.4781,430.2507,2760.1183,13607.3243,331.7874,695.9084,707.2987,95.5313,2.2046,1.4697,15.432,425.4815,26738.0946,310.1091,476.9214,1465.6698,4350.3462,3960.5052,169.7517,452.3037,4610.8525,770.8637,4760.3957,3489.8852,1529.2349,1169.8426,408.9472,1775.779,986.9113,183.3465,484.6374,7.716,717.9541,1392.1843,1190.8338,2979.1053,1094.9351,1520.2659,1212.512,2371.747,5254.5862,1512.3332,1.8371,1423.0482,748.4102,222.2939,482.4328,4130.2569,1094.5677,274.4686,1661.1415,2436.0469,767.5569,985.0742,920.0394,1995.1334,6406.1052,1254.3988,1296.337,4312.1337,1699.7214,841.0424,188.4905,1448.7682,3155.1033,860.5161,730.4466,720.5261,1685.3917,1423.0482,1580.3073,1132.7802,33.4359,1980.8037,486.4745,56.9513,3021.7269,1534.0114,19.4737,30.8639,40573.5917,588.6195,2019.0162,3163.4328,337.6662,2940.1579,41.1519,12.1251,106.9215,35.6405,1389.9797,1805.5406,151.0129,454.8757,92.9593,196.2065,419.9701,339.8708,1646.8118,737.4278,87.4478,9662.986,42.6216,641.8965,222.6613,764.25,287.2735,130.4369,1165.8487,53.277,516.6036,1911.7273,92.9593,99.2055,41.5194,2095.4412,2698.3904,1277.1793,1506.0869,1572.2239,2311.1214,899.4635,2321.7768,1793.0481,2359.2545,106.5541,1126.9013,171.4639,586.0475,732.6512,48.1331,1757.775,912.3234,0.7349,8.0834,7.716,242.8698,16.9017,3369.6811,518.4407,8869.3417,6381.8549,2103.8921,1813.9915,1665.5506,707.6661,1651.2209,1168.0532,481.698,1244.8457,1358.3809,10482.7176,596.3355,673.4953,1133.515,2272.9089,807.6322,2355.9476,3116.5233,263.4458,1301.0621,318.56,58.421,850.963,806.8716,2847.1987,4846.7412,153.2174,263.4458,119.0466,1578.8376,849.4933,318.56,52.1748,11.3903,236.6236,109.8609,1008.2221,2308.5494,860.8835,1436.2756,1560.4662,299.4537,240.6653,4209.9887,39.3515,18593.3207,408.2124,217.8517,582.0058,20419.0699,2178.8474,11.3903,701.0524,876.3155,411.5192,938.7782,12.4925,6410.1469,42.9891,55.849,1415.3322,103.2472,746.9809,893.952,1149.6819,6.2463,3044.5075,29.1554,1602.353,2529.3736,1509.0263,727.3529,16367.81,3172.7398,1252.9291,4902.9577,149.5431,1557.1594,4029.5816,832.5916,301.6583,855.7395,102.8798,4966.8902,3278.9264,861.6184,8.8183,239.563,169.7517,327.1798,44.4588,6889.6403,232.5819,9191.576,38.9474,2543.7033,4.4091,5.144,14705.5663,11306.8583,547.4675,320.162,149.1757,62.4627,366.3256,0,227.8053,1369.7712,1276.8119,740.7346,1252.9291,2635.5602,9033.2146,300.556,298.3514,2.2046,887.7058,0.3674,313.0486,281.0823,1069.95,5.5114,22.4131,6673.2253,8649.2524,245.0744,5.449,6787.4953,5.8788,450.834,634.9154,476.1865,53.277,510.35,584.2103
TCGA-78-7162-01,2.666666667,2302.5979,4676.18,13.5382,143.0662,986.8277,42.4442,3523.9663,1454.8116,713.8675,1697.4021,541.5295,1803.5126,373.5821,1709.4768,136.846,141.9685,48.6645,468.7157,769.4841,1109.7695,8911.8185,26.7106,1754.1164,1331.5038,2487.3765,7392.9711,2198.3169,592.0234,821.8039,2755.5799,6129.8939,93.3041,311.0135,1556.1654,1196.8533,29.6378,1.4636,120.3805,556.5313,28481.5221,11.7087,521.0392,6840.1025,2803.8785,4708.745,482.6198,421.5148,1958.2876,534.2115,2051.5917,2442.1661,1114.1603,1045.9678,788.8767,1182.2173,877.0582,3183.315,842.2978,24.1493,592.0234,1139.0413,1430.2964,1922.7955,964.8738,3272.5686,1609.9524,3607.757,8611.7819,1597.8778,36.9557,1601.5368,1042.4698,467.618,1447.4936,5806.8057,659.7146,521.405,2118.1851,2787.4131,1488.1083,51.2258,511.5258,1816.3191,5291.6209,2024.5152,1935.9678,2743.1394,1459.5682,138.3095,50.494,1623.4907,2445.2982,424.8079,670.6915,713.5016,1745.7007,655.6897,1309.184,461.7636,0.3659,1559.8244,453.7139,53.0553,829.8573,1342.1149,24.1493,223.5638,24005.4885,520.6733,843.3955,4188.2364,1031.1014,8038.0534,26.3447,39.8829,765.8251,219.539,1228.6864,1792.5357,495.0604,1738.7486,196.4874,88.9133,862.0563,1231.6136,1522.8686,2047.9327,155.5068,5781.5587,163.5565,805.708,59.2755,797.6583,175.2799,230.8818,1088.1815,537.8705,553.6041,1581.7783,163.5565,692.2795,268.5693,4627.1497,1615.075,2909.6231,1683.8639,1648.3718,1371.3868,839.7366,4107.94,2449.3231,519.9415,241.4929,1307.3546,126.6008,877.0582,316.8679,20.1244,1013.1723,896.0849,13.9041,319.4292,12.8064,204.1712,128.0644,5972.9235,1340.6513,10924.9909,6440.1756,2226.8569,1345.408,2591.6575,1134.6506,2844.8591,1552.5064,45.0055,1949.8719,1853.2748,10626.7838,660.4464,1414.5628,1347.9693,8643.2492,804.775,1705.086,2950.2378,404.6835,1815.5873,133.187,47.5668,875.9605,651.6648,2147.0911,5058.1778,131.3575,700.3293,107.2082,1938.895,436.8679,272.9601,94.4018,5.4885,270.7647,431.76,1428.101,3315.7702,1158.7999,1658.6169,1971.8258,208.1961,104.281,1121.4782,100.6842,8197.951,248.4449,458.5767,904.8664,2964.8738,1637.0289,49.3963,1166.1178,443.8346,394.8042,431.3941,124.7713,5366.6301,67.6912,67.6912,739.1145,49.3963,1300.4025,68.0571,813.026,0.7318,982.071,0.3952,2809.0011,2858.7633,2070.6184,987.7863,1058.5437,217.7095,1179.6561,3456.2752,187.7058,1789.2426,2161.3611,1826.1983,803.1467,355.2872,36.5898,6658.251,4212.221,1598.6096,35.858,189.5353,144.5298,51.2258,37.6875,1992.682,881.449,7215.1482,21.9539,5906.33,300.0366,8.4157,85202.3417,14945.4812,353.4577,173.4907,181.4855,191.3648,591.2916,0,309.184,2881.8149,1111.599,505.3055,1442.371,2080.8635,11920.966,391.8771,322.7223,4.0249,1085.9861,4.0249,115.6239,256.4947,745.7007,60.3732,106.4764,11132.0893,60988.2913,22.6857,5.1226,6946.9447,19.0267,456.6411,244.7859,521.0392,37.3216,810.0988,349.067
TCGA-78-7163-01,0.9,1635.1964,3631.2591,836.0866,171.8737,1175.7254,87.6487,2871.5227,1088.0767,798.0827,1842.335,1495.5063,1341.7787,83.8826,843.9613,107.1643,66.4213,30.814,473.1661,496.1055,735.4275,10143.9699,290.3364,148.9343,1449.97,2281.9481,7497.7044,873.0634,294.7873,1272.2657,735.0852,3366.2587,91.0725,475.2204,699.4779,119.8322,1.7119,0,135.5816,444.064,32940.8542,5.8204,1239.0653,2487.7172,3492.5961,1773.1747,304.0315,144.4834,2397.6718,686.1251,21.2274,1156.2475,727.2105,1831.4782,855.2598,1269.5369,1448.6005,2412.0517,606.6935,27.3902,520.7567,971.3259,903.5351,1254.4723,574.8523,3185.0107,155.7819,1257.8961,9836.857,393.0497,6.5052,822.3915,178.6767,274.9294,1313.0189,6736.2835,107.5066,296.8416,1518.1032,1426.346,816.9135,1.3695,556.7063,986.0481,4241.7187,1638.6202,1115.8093,3523.7525,637.8499,356.4153,208.5081,1127.1078,3033.1251,862.4497,491.6545,377.9851,2006.334,397.1583,1793.375,541.9841,0,1777.6256,384.8327,23.6241,1767.6967,982.2819,7.5323,20.5427,24139.6901,1621.8437,2035.7785,11511.6734,310.5367,2921.8523,60.2585,53.7533,130.1036,35.2649,865.8735,1721.1333,3354.9602,841.2223,221.5184,44.8515,213.6438,474.878,1484.8926,359.1543,8.5594,1973.4657,11.9832,218.437,189.6773,1445.5191,385.5071,170.5042,633.399,29.1021,489.9427,830.951,1.3695,143.7987,54.4381,2561.6708,811.4354,1470.5127,2371.9935,1706.7534,1628.6913,740.9056,1155.1827,1472.567,366.6866,167.0804,1377.0436,390.8037,168.7923,68.1332,0,1315.4156,794.3165,0.3424,33.2106,0.6848,332.1065,6.8476,179.7484,234.1864,4811.4354,1967.3029,2007.3611,1890.9527,3175.5542,1905.6749,1695.7973,3084.4817,2915.6895,1601.9858,981.9396,7222.1176,592.656,718.651,833.0052,3692.5447,835.9839,3023.1961,2258.3241,26.3631,3205.6835,122.2289,9.929,126.3374,265.6852,2584.9525,3195.0698,117.778,847.7275,126.3374,585.1237,192.074,440.9826,5.8204,37.6616,318.7537,477.2747,1275.6997,221.8608,828.2119,103.3981,1218.865,132.8426,984.3362,419.4128,90.1275,8510.4853,424.8909,1031.8309,585.4661,1713.9433,1844.0469,16.0918,617.6496,692.9727,395.104,339.9812,11.6408,7268.681,16.0918,114.0118,1389.0268,29.4445,779.5943,1248.6519,77.3774,14.7222,887.7857,3.4238,4410.8534,3500.1284,2749.9786,761.9207,6113.8406,1453.3938,1804.3311,2398.0142,312.5909,876.4872,3904.4766,1819.3957,567.32,1419.8408,41.0853,439.9555,2208.6793,451.5963,79.4317,263.6309,168.4499,71.557,19.5155,1875.888,20.5427,1618.7623,14.7222,1801.9344,36.6344,7.5323,285891.9798,15614.825,427.9723,343.1584,44.5091,29.1021,805.615,0,558.7606,597.1069,1979.6285,1206.5394,1951.2112,4653.5992,27465.8906,8.2171,337.2421,0,1067.1916,4.4509,7.5323,100.3167,146.5377,11.6408,0.6848,16843.6189,69990.2422,29.1021,5.478,6453.4794,0,360.5238,289.3093,732.3461,7.8747,735.7699,45.8786
TCGA-78-7166-01,6.466666667,2982.6126,4849.309,1.3375,113.2412,381.6317,1.7833,2263.9322,1839.9465,744.5386,783.7717,1796.7008,1873.8297,107.4454,667.4097,140.8827,247.7708,54.3914,348.6402,454.7481,1341.9527,7794.4717,160.9452,757.0218,1553.7227,1676.3263,6934.4316,1366.9193,881.8547,188.1409,1699.5096,5364.6901,397.6817,585.8226,103.8787,274.1864,5.35,0,79.8038,89.6121,40489.9688,156.9327,1255.4614,4216.6741,3320.107,2284.8863,166.741,567.0976,2282.6572,209.095,2354.436,1938.4485,1380.2942,1173.3749,373.1609,1034.329,942.9336,2960.321,545.2519,16.4958,585.8226,990.6375,1238.074,1134.6411,1017.3874,1811.8056,634.4182,938.4753,15898.3504,1112.3495,7.5791,782.8801,220.1204,138.2078,274.6322,8480.1605,513.152,143.5577,1196.6117,1633.5265,624.6099,12.9291,998.2167,1324.1195,5557.2893,2124.387,1065.2296,1100.7579,1699.9554,265.2697,115.0245,1012.4833,1484.173,1168.5243,612.1266,836.8257,3083.3705,771.7343,3317.8778,413.7316,3.1208,1782.8801,481.9438,29.8707,1549.2644,1248.774,30.7624,76.683,26147.5702,713.3304,1304.9487,9408.0562,393.6692,5572.8934,168.9701,23.6291,543.4686,134.1953,915.7379,1396.79,356.2193,908.6045,210.8783,382.5234,258.1364,185.9117,1337.0486,973.2501,11.1458,6008.025,9.8083,138.6536,353.9902,1390.9942,1010.0446,182.7909,465.0022,263.9322,394.5609,1189.0325,16.4958,184.1284,195.2742,3776.6384,870.7089,230.049,2148.016,1423.9857,2523.852,770.8426,1539.4561,4395.0067,1609.8975,235.8449,1375.3901,261.9527,600.9808,87.383,15.1583,2278.1988,662.5056,1.7833,22.2916,11.1458,284.8863,18.2791,1543.4686,1422.6482,3951.8502,3228.2657,2008.025,1387.4276,3153.8119,1608.56,2349.5319,1723.1387,9.3625,1054.3914,2260.8114,3521.177,368.7026,1081.1413,427.9982,937.1378,1474.9889,1788.6759,4205.0825,108.7829,1106.1079,574.2309,550.6019,338.3861,148.016,2106.1079,8071.7789,108.7829,209.9866,188.5867,1674.9889,686.1257,419.9733,53.9456,4.9041,107.4454,123.0495,1111.4579,652.6973,785.1092,864.9131,1916.1837,467.6772,143.5577,5452.9648,57.0664,12380.2942,445.8315,344.8952,778.4218,4668.7472,3046.8123,41.4623,588.9434,497.1021,934.4628,969.6835,707.0887,10382.5234,164.066,31.654,1699.0638,12.0374,1290.6821,505.5729,75.7914,118.5912,853.3214,1.3375,2396.3442,3849.309,1353.5444,848.4218,16962.996,897.0129,138.6536,6448.5065,378.9568,934.4628,2836.3798,873.8297,1016.9416,1782.4342,86.0455,5901.4712,1257.6906,876.5047,151.1369,175.2118,140.4191,213.5533,196.1658,467.2314,48.5956,5330.3611,52.1623,759.251,119.9287,32.9915,28990.1917,10890.7713,219.3491,513.9456,60.6331,94.9621,128.8453,0,621.0432,851.0923,1794.0259,800.7133,1711.1012,2143.5577,18863.1297,102.0954,275.5239,1.3375,926.8836,4.0125,107.8912,50.8248,940.7044,17.3874,3.5667,9514.9354,2330.807,73.1164,0,3813.6424,65.9831,571.2617,466.3397,456.5314,23.6291,580.4726,113.2412
TCGA-78-7167-01,5.4,2413.373,6399.4056,0.2972,134.6211,570.8767,111.7385,4820.5052,2317.0877,1048.737,1413.373,1081.1293,1176.8202,77.266,1440.416,139.6731,53.789,22.5854,578.9004,733.7296,1745.6166,6213.0758,98.3655,1851.4116,1087.6672,3112.9272,11049.2511,1179.792,1204.7548,612.4755,2910.2526,10287.37,88.8559,341.7533,205.6464,4193.1649,2.3774,0,22.5854,394.0565,29429.1233,41.0104,702.8232,7738.1872,2493.0163,3601.4859,148.5884,152.7489,1576.523,304.3091,2289.7474,3566.1783,1751.263,971.9584,927.4889,844.5765,1061.5156,5271.0253,669.5394,22.8826,741.159,1052.3031,882.9123,2361.367,355.1263,2600.6805,1168.4993,1841.0104,8558.9896,756.315,3.2689,1928.3804,784.6568,398.5141,1030.0149,5981.2779,360.4755,833.8782,1426.4487,2431.2036,1285.5869,19.0193,621.0996,2094.5022,12201.1887,2597.3254,2666.0386,3148.8856,872.214,99.2571,27.9346,1382.4666,1778.3061,477.5632,1258.841,251.1144,1696.5825,1375.6315,1580.3863,790.4903,0.8915,1649.0342,519.4651,84.3982,1005.6464,1286.1813,5.6464,55.8692,26866.8648,835.6612,1201.1887,5403.3432,602.0802,5139.9703,5.9435,3.5661,139.3759,27.3403,1448.1426,1385.1412,430.6092,2234.7697,57.3551,54.0862,364.0416,241.3076,1591.9762,264.1902,87.9643,13649.3314,46.0624,289.7474,20.8024,1017.8306,108.5201,195.2452,308.1724,183.3581,585.9435,2341.7533,88.2615,148.5884,60.6241,2210.9955,2156.6122,704.6062,1845.4681,2352.4517,1224.9629,862.11,2302.8232,2139.0788,2775.6315,58.5438,1509.3611,193.9227,1469.8366,101.3373,8.9153,1563.4473,1105.7949,1.1887,43.0906,5.6464,227.0431,19.6137,2657.0579,2183.9525,13268.0535,9260.6181,2375.6315,1829.1233,3195.2452,1452.3031,4189.896,1854.0862,41.6048,2775.3343,2690.6389,7670.7281,483.8039,604.4577,1462.4071,3788.1129,1023.1204,2274.2942,4372.6597,159.8811,755.4235,80.5349,11.2927,747.9941,449.9257,1455.2749,5101.0401,108.7667,512.63,28.2318,1167.0134,441.0045,251.7088,209.5097,53.1947,141.7533,93.9079,1646.0624,698.3655,1079.049,367.6077,5765.5275,265.6761,68.6478,3925.7058,148.2883,7115.0074,698.0684,299.5126,510.2526,2070.4309,2800,11.2927,768.7964,565.5275,543.5364,723.3284,17.8306,5555.4235,12.1842,88.5587,1216.6419,91.8276,3634.1753,254.3834,151.8574,4.4577,2382.4666,2.8291,1539.9703,571.7682,2718.5736,996.8529,3500.4458,4205.6464,2404.4577,4146.8053,68.6478,1214.8588,4149.4799,713.5215,305.2006,429.4205,35.0669,6471.0253,4706.6865,1466.5676,10.6984,154.8291,102.2288,251.1144,6.2407,882.6152,168.4993,3103.7147,17.2363,2319.7623,49.3314,5.052,12055.5721,14018.7221,375.6315,388.2793,230.0149,77.5632,268.3507,0,361.367,1046.0624,1719.1679,617.5334,3219.3165,3116.4933,13378.6033,71.6196,330.7578,0.5944,1152.7489,1.7831,68.945,377.1174,566.7162,17.8306,27.6374,7822.8826,3614.2645,173.8484,25.1738,6193.7593,132.2437,887.1738,413.9673,599.4056,150.9658,382.1308,113.8187
TCGA-78-7535-01,4.933333333,2588.2618,7504.6444,0,58.9937,233.8427,0,2473.1174,1772.3001,919.7339,1434.6853,1849.0631,2170.3302,131.8475,598.8221,115.8552,235.2642,56.8614,812.4079,971.2645,754.8357,6357.4648,2108.138,750.5711,2243.184,2210.4886,5205.6296,1453.5207,653.5512,581.0209,1289.3332,7911.5591,319.4902,298.5226,336.9041,340.1025,0.3554,0.7108,13.86,124.7398,42502.1523,7.4631,943.9,3031.0703,4265.6744,2537.7973,161.6997,1641.1634,2218.3071,147.8398,2980.9612,1612.5266,823.7802,1341.7524,903.7416,767.9849,1779.0524,3918.4642,461.6438,15.9923,687.3127,1382.4439,1242.0672,451.6931,1300.3501,1650.5207,756.968,2514.342,6293.4957,1398.4361,0,613.3928,278.0098,105.9044,548.7129,5633.9029,257.6534,237.0411,1015.6875,1145.4027,770.8279,11.0169,243.7934,993.2983,3438.3404,1531.7051,800.3248,3988.8303,1328.7809,114.789,81.0276,934.3046,1610.6004,755.9018,572.5237,254.455,443.1639,676.6512,3304.716,401.9393,11.0169,1677.768,384.8809,20.9677,1864.7,1335.8885,25.2323,255.5211,35893.7864,630.8066,1140.7827,5925.4067,407.6255,3868.7105,194.7504,27.0092,32.6953,28.7861,701.8834,1697.6695,77.8291,846.5247,1009.646,274.0011,6744.1226,839.4171,671.6758,1234.6041,23.4553,4266.3852,111.2352,126.1613,52.9522,1849.4185,616.8543,356.0948,273.2903,8.1738,284.3072,929.6846,13.1492,355.7394,52.2415,12993.5507,707.2142,1027.4152,2066.9135,1994.0598,4335.6851,277.9103,1643.6511,895.2124,663.8574,214.652,1168.1473,387.2406,341.8794,416.8655,114.4337,2929.0751,1249.1748,1.0662,114.4337,2.4877,524.1914,11.7277,1634.7665,1102.4012,4920.6472,3265.9792,1658.9326,3550.2864,2317.4592,1602.7819,1519.6221,1537.7467,924.7092,1710.4633,2442.199,4998.4763,638.6251,1721.1248,491.1407,1093.1613,2047.0866,2275.8793,2272.3254,91.3337,943.9,506.7776,519.5714,1051.5813,197.5935,2044.1689,2016.0936,70.0107,983.703,342.9456,1297.5071,844.7478,644.3112,18.1246,4.9754,154.2367,258.7196,1696.6033,1152.155,516.373,295.6795,505.3561,532.0099,99.8629,763.7203,207.5194,7562.9274,443.8746,155.3988,581.0529,7378.1277,1593.1866,16.703,540.5391,881.3524,839.0617,878.1539,97.3752,19199.9773,117.2767,76.7629,1882.8246,36.9599,519.9268,6.3969,60.0599,2.4877,989.3891,0.7108,3434.0758,2498.3497,1299.6394,810.0837,6078.4883,775.0926,651.7743,4255.3683,399.4516,992.5876,4559.9324,2875.7675,740.2649,1123.7243,144.2859,2654.7187,2907.7521,786.1095,0.7108,227.0904,113.3675,66.4568,195.8166,2062.6489,46.5553,8672.0809,46.5553,1806.417,20.2569,1.7769,226215.4356,7793.2163,248.058,742.1804,61.8368,71.0768,825.9125,0,188.3535,1117.3274,2348.0222,1889.2215,1213.6364,3649.7939,13097.3228,70.7214,176.9812,0.7108,906.5846,2.1323,13.1492,343.301,786.4648,107.6814,1.0662,22303.9013,154907.2759,28.0753,1.4215,5482.8647,2.1323,1168.8581,334.4164,485.4546,48.3322,525.2576,308.1179
TCGA-78-7536-01,17.06666667,2371.2097,9885.8411,0.7677,265.8846,985.4877,138.4443,3285.3001,1952.8061,1292.317,1689.2246,569.899,1039.9953,333.6993,1006.4718,280.7271,749.7998,370.0377,92.6374,568.6195,1458.6548,5123.4611,312.7151,157.3812,1291.5493,1882.4324,7342.377,1404.4031,2335.3831,1205.028,2327.4501,6458.77,1285.6635,292.2428,808.6578,1128.5382,67.3028,0,15.6102,267.676,20745.3982,19.1928,391.5337,20101.031,3905.3563,2497.8824,180.1567,319.3686,3360.0242,893.618,4084.2335,4790.683,1603.4967,1210.5683,921.5116,1868.8695,1483.4775,2706.7003,915.3699,4.8622,3259.4537,3863.388,1042.5543,1957.4124,717.5558,3054.2185,792.7917,7424.553,12028.0164,3415.0436,2.3031,1795.4249,469.9069,287.6365,444.25,4412.047,291.9869,291.2192,1378.3008,1498.5759,732.6542,6442.1362,973.2043,1421.0369,7508.7455,1287.9666,1492.4419,3996.2024,2078.967,1241.1361,117.9719,683.2646,2667.8029,343.9355,600.0957,1123.9319,1712.7678,1138.7744,1193.5379,769.7603,4.3504,1435.8793,1327.8877,271.7704,2483.5517,1798.7517,160.9638,223.4045,21310.6909,1891.645,1341.7065,4464.1312,363.896,796.3743,205.2353,31.4762,227.7549,38.1297,1763.9487,3546.0666,1196.0969,1897.5308,416.1005,355.4511,2454.6346,3247.6821,1694.0868,1758.3188,36.0825,10351.3311,42.736,99.035,24.055,2439.5362,606.4217,392.5573,310.412,6.1417,445.4041,2389.6349,33.7794,342.4,96.9877,5567.1992,3607.9622,405.0966,1263.9116,1854.027,1795.9368,593.954,3719.3139,1872.1962,647.9498,189.6251,1466.3319,145.6889,592.6745,2789.3574,2187.7263,2008.8492,1144.1484,0.7677,5.8858,0.2559,370.8054,89.3106,767.969,683.5205,4663.345,9723.3392,1691.5278,714.7409,4372.8936,1073.7747,2751.9954,1752.6889,2796.5228,1659.7956,2899.3963,10115.6432,399.4667,1687.1774,464.9782,1795.6808,470.8333,2510.4217,7619.0403,473.679,1488.5956,1327.3759,565.8045,398.9549,363.3842,1651.3508,3108.982,271.7704,176.3181,670.4694,2021.3885,984.7174,617.7531,141.771,227.499,217.0069,70.1178,2282.155,1533.3789,1480.4067,249.2508,656.9065,398.4431,462.931,2608.1772,212.636,8208.6439,1059.444,516.3868,1716.0946,4563.7982,2297.7652,69.8619,1402.1,1047.4165,702.7134,1723.7717,37.362,5380.389,110.8066,83.9366,1952.0384,277.1444,1380.8599,1410.033,19.7046,52.4604,1772.6495,2.559,2402.1742,949.1492,1747.3149,662.3931,1877.0584,21.7519,310.6679,5174.386,525.8834,2137.3132,2672.1533,3130.222,804.0515,197.5582,646.4144,2642.9802,8510.867,2031.8806,2.0472,264.861,154.5662,145.0978,231.8493,1827.9248,42.9919,3723.6642,207.2825,6707.7649,14.3306,4.6063,41194.7151,8249.0768,892.5944,688.5721,38.1297,225.4517,928.6487,0,1025.4087,1293.5965,2473.0597,537.1432,1724.5394,2556.4845,2735.6175,41.2006,237.991,0,629.2688,4.8622,7.1653,244.3887,795.6066,147.6568,0,8977.6365,3638.9599,181.1803,0,4033.8203,1.7913,434.8071,945.3107,165.5701,107.7357,677.9188,98.5232
TCGA-78-7537-01,4.366666667,2144.0799,5555.9914,2.1398,104.4936,566.6904,18.5449,2902.6391,816.3338,715.4066,1470.7561,1052.4251,1671.8973,144.4365,1047.7889,106.99,73.3809,32.8103,476.8188,625.8916,961.8402,8581.3124,102.3538,1483.5949,1807.0613,2323.4665,10352.3359,1351.2839,778.5307,427.6034,2119.8288,9639.087,120.5421,401.9258,474.679,95.5777,4.6362,0.3566,55.2782,395.8631,73180.0999,15.3352,792.4394,4058.1312,3029.2439,2925.4636,205.0642,586.3053,2418.6876,416.9044,3829.8859,2399.8502,1026.0342,1088.1455,609.1298,953.6377,1073.4665,3696.505,799.2154,16.4051,514.9786,776.7475,1380.5278,1528.5307,731.0984,2659.1049,1178.3167,2009.6291,10526.7475,1093.7946,3.2097,1319.1869,475.7204,237.5178,1194.3652,5889.8003,388.7304,455.7775,1492.1541,2608.0599,1153.3524,76.3195,515.6919,1852.3538,5173.3238,2509.6291,1536.3766,3985.7347,1500.3566,307.418,126.9615,1438.6591,2021.7546,468.9729,861.2696,282.8103,2254.2796,966.4765,1660.8417,704.7076,43.1526,1911.5549,522.4679,25.6776,1934.3795,1991.4408,12.1255,145.8631,52530.6705,421.5407,1331.3124,6345.9344,2044.2225,2058.8445,42.796,15.3352,651.5692,145.5064,974.679,2557.7746,407.9886,1391.5835,122.3252,85.9486,835.592,103.067,1369.4722,556.7047,121.9686,9178.6733,41.3695,261.4123,26.7475,1221.4693,225.2853,156.2054,1379.8146,47.4322,547.0756,970.0428,85.592,221.826,574.1797,1485.378,1353.7803,1511.0556,2429.3866,1324.5364,2965.7632,681.883,2655.8488,2096.6476,1249.2867,323.8231,1136.9472,204.7397,490.3709,282.4536,89.1583,1044.9358,995.3638,9.2725,106.99,4.2796,282.4536,44.9358,2130.8845,804.9215,9713.98,2596.6476,2471.4693,1378.0314,2366.2625,1241.0842,2364.8359,1640.1569,603.7803,1661.5549,1058.4879,10676.1769,424.0371,784.5934,1986.4479,3191.8688,1313.0492,2034.9501,1944.7218,207.9173,2080.2425,222.8959,31.3837,480.3852,334.5221,3725.0357,10231.8117,62.7675,364.8359,70.97,1755.3495,571.3267,274.6077,641.9401,24.2511,144.4365,251.7832,1887.6605,1715.4066,949.3581,1190.7989,496.4337,268.9016,39.2297,5501.7832,82.6141,7060.9843,257.4893,302.5856,898.0029,2864.8359,2305.2782,35.6633,742.8673,521.398,504.9929,509.2725,65.6205,6517.8317,38.1598,41.0128,535.3067,42.4394,461.8402,806.7047,127.6748,0.7133,1200.7846,0.3566,1694.0086,1256.0628,1787.4465,1289.3581,766.7618,653.3524,501.0699,4439.729,179.03,840.9415,1237.5178,1675.8203,612.3395,1089.8716,27.8174,3443.6519,3310.271,1787.0899,16.4051,173.6805,101.9971,121.9686,23.1812,722.8959,270.3281,2710.0571,13.9087,5431.1698,29.2439,9.6291,120562.4108,16284.9501,242.1541,190.4387,103.4237,205.4208,539.9429,1.0699,442.2254,995.3638,1339.1583,3207.5606,2891.5835,2402.9957,8411.9116,721.826,242.8673,0.3566,964.3367,1.7832,19.2582,303.495,1543.5093,27.8174,14.622,6192.2254,84603.4237,54.5649,15.3352,8526.0342,9.2725,465.7632,330.2425,636.5906,40.2996,350.2033,55.2782
TCGA-78-7539-01,13.96666667,2018.8513,3661.2666,5.0074,176.4359,800.8837,7.3638,2746.3918,1196.1708,662.1502,1566.1267,1302.2091,1739.9116,305.7437,1782.0324,147.8645,93.6672,50.0736,923.1222,604.4183,1042.1208,10429.7496,207.6583,557.5847,1384.3888,2625.9205,12706.3211,1679.8233,1131.6642,1458.9072,2084.8306,5972.3122,140.7953,809.1311,223.2695,219.7349,15.3166,0,91.6053,272.4595,11902.2091,22.0913,675.405,1660.3829,2564.6539,3336.377,314.8748,529.3078,3954.6392,622.6804,381.4433,1904.6009,1810.6038,1177.8144,916.6421,1531.0751,754.9337,1949.9264,703.9764,9.1311,807.9529,1051.2518,1580.8542,2037.9971,1148.7482,3434.0177,994.9926,2561.4138,9863.9175,1023.5641,14.1384,960.5302,479.2253,258.0265,698.0854,6131.0751,501.3255,205.5965,1326.6568,1634.1679,764.6539,341.3844,1152.8719,1379.0869,5126.3623,1121.6495,861.0074,3219.4404,1552.8719,71.5758,225.6259,2048.0118,2032.9897,635.3461,962.8866,1134.9043,1306.6274,891.3108,1682.4742,598.2327,1.7673,3096.3181,304.271,34.757,709.5729,1080.1178,42.4153,289.838,21154.6392,2359.6465,1035.3461,7959.352,3411.782,5598.5272,63.623,68.3358,293.6672,110.7511,1307.8056,2945.5081,167.0103,820.0295,134.6097,108.3947,1640.0589,298.0854,1092.7835,2139.028,32.106,5384.9779,1.4728,277.7614,52.43,808.2474,211.5464,207.0692,495.4345,109.5729,111.9293,1669.8085,63.9175,641.5317,435.0515,6957.8792,1412.6657,512.813,1516.3476,1830.3387,1680.1178,526.0677,2869.2194,1734.0206,889.838,141.6789,1928.7187,255.9676,1349.9264,434.757,26.5096,1890.4271,774.3741,2.0619,16.7894,1.1782,273.9323,85.1252,1016.7894,851.8409,10934.0206,3137.2577,2062.4448,1403.5346,3588.8071,1102.2091,3306.0383,1634.1679,4.4183,1632.4006,2193.2253,6168.1885,505.4492,1692.1944,681.0015,3690.1325,3800.7982,1874.5214,2943.7408,164.0648,2353.461,147.2754,51.8409,1260.3829,382.6215,4094.5508,3441.2371,96.9072,470.1031,51.8409,1724.8895,300.1473,304.5655,19.7349,2.9455,209.4256,276.8778,1426.5096,368.4831,877.7614,248.8954,2007.0692,564.6539,49.4845,1497.2018,85.6289,11015.6112,512.813,432.8542,719.8822,10031.8115,1364.3594,140.5007,481.296,841.2371,507.511,1025.3314,224.4477,6108.6892,23.2695,98.0854,1704.8601,66.5685,943.1517,74.2268,86.8925,13.2548,1416.7894,1.4728,2609.4256,2941.9735,1404.4183,766.9573,3116.3476,2419.1458,362.2975,3683.6524,222.0913,2203.2401,1900.4418,2381.1487,1314.5803,662.7393,35.0515,1600.2946,4188.218,1000.2946,12.9602,375.5523,266.863,114.2857,37.7025,1101.9146,101.0309,1555.2283,13.5493,3969.9558,132.8424,10.8984,153853.0191,10014.7275,332.2533,275.6672,126.9514,354.6392,429.4551,0.5891,294.8454,2486.8925,1488.3652,784.6834,1729.6024,1229.7496,24247.4227,52.1355,379.0869,0.2946,741.6789,0.8837,153.461,621.5022,202.9455,144.0353,22.975,7835.3461,116115.7585,34.4624,0.2946,11448.0118,5.0074,656.2592,346.6863,921.3549,191.7526,743.4462,80.4124
TCGA-78-7540-01,0.866666667,1523.1152,4651.8641,15.5758,153.1069,669.7597,3.9768,2653.1897,860.9776,551.7813,1139.3538,911.6819,1707.0423,130.5717,831.8144,76.8848,146.4789,42.7506,1958.575,471.5824,808.6164,32506.7109,2.3198,945.8161,1319.9669,1852.1955,9417.3853,1488.6495,317.8128,1158.8998,1856.8351,11260.9776,179.2875,381.773,663.7945,1264.9544,5.3024,0,300.2486,667.7713,19702.7341,423.198,682.6843,3900.2486,2170.6711,4186.2469,312.179,207.1251,1758.4093,502.0713,141.5079,1898.2403,2319.8012,2080.7158,763.2146,1011.4333,926.2635,9757.7465,590.8865,13.256,300.2486,424.5236,3856.5037,1220.2154,555.0953,4514.6015,469.594,1636.1226,4404.3082,1601.3256,10.2734,1107.5394,304.0696,383.7614,916.9843,6466.28,216.7357,353.9354,937.5311,2043.082,1427.6719,7.2908,1583.7614,1533.72,4285.3355,1693.4548,1521.8326,2590.8865,1438.6081,62.966,57.3322,1174.8136,1813.0903,807.9536,497.4316,344.9876,907.3737,750.9528,1657.995,539.1881,8.285,1587.4068,371.1682,34.1342,966.3629,1405.7995,19.884,173.6537,23445.5675,943.4963,1362.0547,6060.1292,383.0986,2420.2154,32.8086,29.1632,109.3621,42.4192,934.8799,1245.0704,853.024,923.9437,212.0961,79.2046,414.2502,561.7233,1668.9312,864.9544,15.9072,9851.2013,44.4076,252.1955,25.1864,1770.0083,166.3198,214.4159,387.4068,774.8136,382.4358,1036.6197,19.5526,152.4441,80.8616,6196.5203,1148.9644,518.6413,1704.3911,1464.4573,1609.6106,494.7804,2932.8915,1072.7423,510.0249,813.5874,1040.5965,309.4847,272.7423,265.4515,69.9254,818.8898,1287.821,0.3314,32.8086,6.2966,497.1002,28.5004,1153.2726,2209.7763,5886.3297,3128.4176,1958.9064,1203.9768,1834.6313,1138.691,1440.9279,1812.7589,500.4143,1853.1897,4889.478,4863.6288,308.865,1918.1442,381.773,7646.7274,1844.8848,1545.9818,2572.9909,108.0365,1931.0688,183.9271,44.739,590.5551,163.3803,4939.5195,5219.884,143.1649,264.1259,49.71,1719.3041,496.7655,322.4524,30.1574,5.9652,148.7987,338.0282,637.2825,1006.4623,1338.1939,1326.9263,3495.9403,410.2734,548.7987,429.4946,165.372,6475.5592,216.0729,456.0563,838.4424,1594.6976,1084.3413,7.2908,1346.1475,423.5294,233.3057,583.2643,1441.9221,15502.8998,59.652,51.6984,1735.5427,41.425,915.6587,3016.4043,117.3157,1.3256,1447.2245,0.9942,5994.0348,3941.3422,2539.8509,847.2013,3095.9403,280.6959,471.9138,3871.4167,110.3563,1771.9967,4441.0936,1208.9478,428.5004,4400,54.681,1458.4921,1786.2469,1857.8293,22.2038,132.5601,104.0597,99.9702,27.8376,1023.0323,282.6843,2924.6065,9.2792,2356.2552,151.4499,3.6454,43724.9379,21193.0406,218.7241,386.449,106.7109,234.2999,589.2295,1.9884,175.6421,797.6802,1626.512,864.2916,2033.8028,3145.319,26264.4573,1838.9395,132.2287,0.3314,1399.1715,3.6454,257.8293,45.7332,2669.7597,84.1756,10.2734,20604.8053,15102.8998,93.4548,2.9826,12596.5203,2.6512,390.3894,225.6835,1048.5501,38.111,1689.1466,738.3596
TCGA-78-7542-01,10.33333333,3561.8769,5166.0043,0.2789,100.9552,618.0018,2.2311,3416.0218,1428.432,583.6994,852.5413,1333.3333,1225.1272,61.354,670.7105,97.3297,1105.487,360.0363,140.2775,1567.5939,1276.9992,16762.4625,4.741,127.17,1546.1201,2326.7099,5149.818,2065.6766,175.1377,2443.8263,2079.6207,2542.5643,669.0372,327.1282,112.9471,283.3438,7.5298,0.2789,19.8006,710.8694,21621.1392,15.0596,1460.5034,2292.4074,1350.0662,3921.0765,469.6368,216.1333,2063.7245,388.7611,23.9838,2145.5121,1082.3398,1985.8635,466.0113,550.7913,1286.2023,104610.472,616.6074,15.6174,1000.0697,1622.8125,1949.1041,599.8745,1406.9581,1794.0459,2104.1623,3976.2951,8022.8683,2764.5541,5.0199,1000.9064,297.1233,429.1989,389.5977,7776.6158,178.4843,30.1192,1473.3319,2685.9095,1018.4759,26.4938,636.1291,1374.6078,4531.2696,2825.6292,2108.4487,4529.0386,1501.7779,15.8963,104.8595,1219.2707,2873.5969,1144.5304,660.1129,1203.0956,321.2717,841.386,2375.5142,508.1224,0.2789,2371.0521,651.1887,139.7197,546.3292,1829.4638,268.2842,61.354,34477.306,573.6596,1624.7647,25887.8422,451.7883,2174.1616,141.393,566.9665,248.4836,28.4459,1210.0676,2232.7268,1876.316,798.996,542.4249,240.9538,497.8038,499.4771,1674.1268,410.5138,40.4378,1834.2048,6.4143,100.1185,58.844,1208.3943,910.4427,597.0857,1278.6725,3.9043,727.0446,1722.0944,5.8565,148.9228,100.1185,1789.5838,1346.9985,705.0129,1669.6646,2608.9382,3117.0606,958.5163,3269.6089,1625.6013,509.7957,723.4191,1891.3756,336.0636,1394.1295,64.7006,5.0199,6988.4961,1874.9216,2.2311,14.7807,0.2789,562.2255,162.588,773.06,845.8481,8418.3225,5916.1905,1482.8139,1820.2608,2304.9571,1754.1658,1775.9186,892.1425,34.5813,1917.3116,2740.8492,6722.7219,317.0885,1018.197,664.2962,1862.6508,968.8852,2425.9918,4170.3967,56.3341,1484.7661,1060.3082,727.6023,4873.4574,292.8258,3091.6824,2333.1242,157.847,91.7521,251.2724,2041.135,1300.4169,210.5557,6.972,27.0515,298.4034,377.3269,1545.0045,526.5286,1480.8617,179.3209,851.9835,327.1282,482.7442,483.5808,59.7392,9159.3112,430.0356,465.1049,1832.2527,1993.4463,1607.474,33.7447,646.7266,421.6691,775.8488,1074.5311,960.4685,10688.9772,380.1157,66.3738,1550.3033,38.7646,927.2816,2166.074,32.6292,52.1509,378.7213,0.8366,7861.3958,5989.8208,1555.8809,1013.3054,10931.3254,475.7722,407.725,5125.2876,811.2668,2608.6593,3774.3847,2409.8166,333.2636,2309.977,52.9875,899.9512,2786.3069,787.0041,6.6932,491.6684,75.6773,102.3496,340.7934,472.4256,50.1987,5763.3689,62.7484,379.0002,45.1788,2.7888,51737.8512,12954.8909,166.7712,343.9308,22.8683,61.9117,1363.1737,0.8366,749.634,1298.1942,951.5443,1376.56,2139.5803,3650.2824,28206.3724,360.3151,185.7352,0.8366,1067.838,1.9522,2.7888,419.1592,894.9313,32.0714,0,17692.2541,15432.7547,9.482,1.1155,6327.5465,0,638.4048,409.3983,589.8348,18.4062,1237.2474,164.5402
TCGA-78-7633-01,3.233333333,2699.4268,3393.5733,1.1516,110.2688,1047.4098,49.5202,3672.8442,1357.199,564.5879,2121.0193,711.7089,1844.9154,75.7198,2217.4685,143.9541,194.9138,54.7025,814.4921,444.2423,1461.4217,9063.9242,22.1689,1093.763,1234.5501,2603.2655,7639.0553,1675.0496,1046.834,880.4058,2618.2367,10962.3906,139.3475,472.7452,681.4786,3470.1569,5.7582,0,14.6833,447.1214,31030.1641,11.5163,361.0368,10199.7219,1647.4104,4045.3974,246.7373,45.4895,2228.697,616.1234,2838.1985,2925.7053,1281.4792,1383.2432,931.3829,1033.5902,714.3001,4517.5667,840.9797,20.7294,795.7781,1454.224,834.0699,1645.9709,911.5172,2715.8577,2390.5013,3636.8557,14241.0885,1653.7444,1.7274,1781.2877,252.4379,412.5724,1204.8956,5808.8347,479.0792,461.5168,1666.1244,2614.4939,1265.9321,27.6392,723.2253,1968.1401,7081.1008,1907.6794,1571.4027,2110.3667,1227.3524,60.1728,33.3973,1652.3048,2507.6799,162.956,820.2503,306.3343,1450.7691,758.9259,1011.7092,749.137,0,1720.827,397.6011,88.6757,730.7109,1918.0441,62.1882,49.8081,33599.1685,604.6071,962.7648,3975.8215,219.0981,8497.0331,26.7755,19.0019,17.8503,32.5336,1529.656,1328.6961,249.6164,1757.6792,112.5721,61.6123,439.3478,746.8337,1422.8421,606.9104,94.146,8350.4879,37.1402,513.6281,12.0921,481.9582,118.8773,114.5874,440.4995,449.7125,376.5579,2336.0867,106.8139,97.6009,19.2898,4578.6032,1347.698,2747.7953,1500.8652,1387.7173,1260.7498,941.4596,4299.0444,1933.879,824.8568,63.9156,1850.6736,147.8696,1161.1336,106.2381,14.9712,1608.2549,1059.502,0.8637,13.2438,11.2284,250.4801,22.1689,4164.8792,2540.2136,16741.5708,5043.8542,2044.7237,1145.5865,2787.8146,1197.41,6281.8678,1527.0648,0.8637,1506.3354,1696.9306,11454.1377,507.87,614.9718,941.1717,6204.7084,547.3047,2648.467,4490.7913,258.2536,1695.2032,142.8024,35.7006,663.6283,934.5498,2181.48,7700.9671,206.1422,414.0119,85.5087,1406.1434,549.0351,203.839,25.3359,10.3647,280.9984,167.5625,2058.2553,4994.6305,1105.8552,1081.0951,4586.0889,222.553,61.0365,1188.1969,109.503,10138.1095,348.6568,569.157,677.16,4695.7819,1602.7846,6.0461,1039.9242,530.0389,715.7397,653.5515,101.6316,3741.6543,69.9617,52.6872,1252.4004,158.3495,1965.8368,19.0019,349.2326,1.7274,1557.5831,0.2879,2023.1305,860.8454,2364.0138,1101.05,3018.429,853.0718,1283.7824,3402.7864,104.7986,1229.0799,1950.8656,1365.8362,345.2019,761.517,5.4703,12873.2369,4871.4058,1248.6576,24.7601,180.8063,132.1498,112.2842,26.4875,1596.4507,360.7489,27555.6886,40.883,4563.9199,16.4108,1.4395,13545.7904,18708.2713,317.2748,298.1548,23.8964,36.8522,284.4532,0,213.9158,1606.8154,982.3426,416.3152,1914.0134,1801.1534,10835.1352,104.2227,237.5242,0.2879,848.7532,0,36.5643,337.7163,512.4765,21.881,15.547,9897.1304,6284.459,46.6411,0.8637,9370.5464,22.1689,552.3028,280.4225,559.6934,67.0826,582.9996,95.0097
TCGA-80-5607-01,4.133333333,2008.9504,3521.5622,1.6273,144.8332,624.8983,22.7828,2676.9731,1010.5777,1142.3922,1564.6867,756.7128,1817.738,277.4614,469.4874,105.7771,336.0456,217.2498,412.5305,761.5948,1113.9138,13785.1912,248.1692,232.7095,1557.3637,2163.5476,14213.1326,1649.3084,540.2766,633.0269,2139.1375,5181.4483,105.7771,196.0944,714.402,248.1692,22.7828,34.9878,52.0749,542.7177,16724.9797,92.7583,403.5801,2367.7787,2600.4882,3829.943,601.3019,473.5557,4047.1928,772.9862,526.4443,2221.0659,1377.5427,1521.9935,372.6607,765.6631,753.4581,4280.716,795.7689,37.4288,716.0293,1330.3499,1877.1359,1927.5834,929.2107,2388.0065,780.3092,3503.6615,8488.2018,1820.9927,20.3417,1226.2002,887.0138,254.6786,1082.1806,5999.1863,586.6558,113.1001,1541.0903,2903.1733,1477.6241,25.2238,1250.6103,1108.2181,5146.4605,1885.2726,1332.5061,2476.8104,1728.2343,137.5102,309.1945,1090.3173,2484.9471,1039.0561,342.5549,1598.0472,1519.1212,626.5256,1403.5801,626.5256,45.5655,1995.9317,670.4638,78.926,1699.7559,1330.3499,104.9634,185.5167,18890.1546,483.3198,1161.1066,8915.834,794.9552,1917.0057,151.3426,68.3483,321.3995,63.4662,1519.1212,2167.6159,231.8959,1206.6721,94.3857,170.8706,1455.655,401.9528,1050.4475,2121.2368,100.895,10289.6664,96.8267,241.6599,107.4044,1105.7771,417.8763,182.262,707.0789,135.8828,510.9845,1205.0448,63.4662,572.0098,161.9203,6546.786,1752.6444,1345.8096,1492.2701,1091.9447,1972.3352,709.5199,3659.0724,3266.8836,539.463,467.0464,1192.026,119.3002,1191.2124,290.4801,0,1410.9032,1104.1497,18.7144,53.7022,4.882,197.7217,84.6216,1432.0586,2937.3474,8322.2132,5081.3588,1914.5647,1056.9569,2056.9569,1191.2124,1602.9292,1370.2197,23.5964,1192.8397,1195.2807,7696.5012,425.5492,1553.2954,638.7307,4600.4882,1616.55,966.6395,3157.8519,159.4793,1367.7787,307.5671,296.9894,1030.1058,523.1896,2220.5045,3545.9723,103.336,440.1953,294.5484,1663.1408,1095.1912,168.4296,63.4662,56.1432,192.026,1365.3377,1124.4915,865.7445,895.0366,609.4386,336.0456,241.6599,267.6973,6615.1343,134.1416,21072.4166,570.3824,441.0985,2344.9959,8130.1871,2595.6062,79.7396,1172.498,505.2889,1005.6957,572.8234,463.7917,5984.5403,204.2311,45.5655,988.6086,358.8283,759.1538,1809.6013,131.8145,8.9504,1379.9837,16.2734,6569.5688,8539.463,1746.9487,1009.8291,24205.8584,335.2319,787.6322,4547.5997,375.9154,1939.7884,1635.476,4568.7551,474.3694,990.236,53.7022,2905.6143,3261.188,1958.5028,26.0374,252.2376,100.0814,58.2343,184.703,5019.5281,238.4052,3082.1806,62.6526,6958.5028,105.7771,8.9504,94100.0814,12332.7909,252.2376,273.3605,71.6029,293.7347,576.8918,0.8137,361.2693,1300.2441,1140.7648,528.0716,1659.8861,1964.1985,10520.7486,2723.3523,242.4736,0.8137,700.5696,4.0683,1059.3979,243.2872,1168.4296,63.4662,10.5777,11740.4394,56644.4264,147.2742,0,17875.5085,20.3417,548.6493,420.6672,733.1164,71.6029,6202.6444,2593.1652
TCGA-80-5608-01,4.966666667,2303.4039,7221.9424,26.9528,121.9971,552.5332,66.3182,2947.7895,1712.9239,532.3186,1646.9604,1227.0635,1296.9281,303.9287,1240.5399,193.2802,273.4295,118.096,859.6537,399.6822,780.5684,8282.3239,80.8585,369.5376,1702.9939,2306.5956,7350.6671,1172.0939,829.5091,349.3194,1865.7749,11058.1117,301.8009,459.6168,296.4812,444.0126,4.6104,0,32.9818,544.0218,32936.0154,534.0918,1043.7133,5357.2315,6520.814,2469.7313,598.9914,262.0809,3490.3927,731.6277,4213.1544,2679.7364,1751.9346,1153.4326,429.1176,1618.5889,923.4894,533.7372,476.285,8.8661,540.1207,1046.905,1190.1807,2101.9668,683.3963,2128.4551,1130.2461,2947.7895,6148.4392,1208.9767,6.7382,1124.9264,450.1798,284.778,718.1513,9663.3023,1136.6296,165.9727,898.3098,2229.2836,1140.176,1105.4211,811.777,1234.1563,6367.963,1758.6728,1363.874,3726.2301,1763.9924,181.2224,204.6288,1028.109,2145.9425,410.6762,465.2911,917.8151,981.2961,530.5454,1031.6554,367.0551,1.0639,2098.0658,414.2226,80.5039,1721.79,1601.5661,47.5221,85.4689,40540.2626,548.6321,1008.9583,2862.0582,331.9455,2727.9111,187.9606,56.0335,281.2316,42.9118,1132.3739,2107.2865,200.7277,442.594,205.6927,384.4326,595.0903,4984.1475,1468.9298,1406.5127,58.1614,10206.6148,20.9239,178.7399,68.8007,1205.0756,467.27,122.3517,742.6217,187.2513,340.4569,1455.808,20.9239,229.0991,56.0335,3581.1812,1862.9377,363.8633,1289.8352,1023.8533,2516.5441,482.6686,2355.5363,1338.4213,694.7449,107.8114,1148.3328,176.4453,566.7189,613.1771,280.877,2415.8256,926.3265,2.4825,21.6332,7.4475,211.7216,29.4353,1281.3238,565.3003,5180.9741,7143.9211,1705.831,1090.5261,3135.0408,962.1454,1975.0048,818.5152,239.3838,1183.0878,2201.2668,10341.379,406.4205,1300.4745,1779.2421,2135.6579,1328.5977,1983.5162,2684.6447,231.5816,2573.6415,570.62,350.0323,291.1616,739.4299,2530.3751,4986.2753,189.3792,213.8495,242.2209,1063.9279,671.3349,313.8587,273.7841,71.2832,115.9681,107.4567,1455.808,1018.5336,1013.214,925.6173,1694.8371,314.568,469.5468,2552.363,72.7407,10840.7158,247.5406,243.0047,1046.5504,9631.0298,2106.9318,45.3943,718.506,672.0478,676.6581,1055.4165,154.9788,6723.3149,155.6881,46.8128,1580.9968,138.6653,444.3672,584.451,87.2421,7.8021,2865.8671,2.4825,2977.9341,2369.3674,1646.6057,718.2754,7831.5731,2931.476,2263.6839,4426.2946,646.1589,1056.835,2794.5839,2698.4757,185.8327,574.5211,286.9059,3529.7581,3784.7461,1144.0771,365.6365,209.2391,147.5313,100.0092,132.991,5698.3977,150.3685,6891.0609,34.0457,4717.8109,46.4582,1.4186,48574.3366,13494.8612,337.2651,149.7372,32.6271,196.8267,562.1086,0,569.2014,1243.0224,1325.6541,788.7252,1578.5143,3358.4657,8880.2514,278.0398,202.8556,0,709.6399,19.1507,123.4156,412.4494,692.2624,30.1446,11.7032,4853.639,29061.19,200.3731,1.7732,8296.5096,1.4186,443.3033,409.6122,420.2515,18.4414,530.9,228.7445
TCGA-86-6562-01,1.8,2177.1406,5376.9262,19.2952,148.4658,485.5956,13.3994,2764.5719,1965.9654,586.8954,1792.3087,843.0926,1367.8146,141.4981,1287.9539,257.8052,346.1503,94.332,1078.9227,831.3011,1653.4906,11096.342,6.9677,482.3797,1510.9205,2056.0096,15508.4926,1118.585,875.7872,2133.185,2382.4199,12926.1691,388.0477,351.6012,626.5577,1275.6264,7.5037,0,30.5507,552.0568,29168.9669,5.8958,390.1916,3002.0099,2278.4403,3360.5789,319.9786,572.9599,2197.5077,636.7413,489.8834,2013.5656,1963.2855,947.6886,760.0161,899.3702,973.8711,5730.6713,491.4914,9.6476,775.5594,1584.3495,1558.6225,2500.335,1138.4162,3357.4005,976.551,22519.0942,3693.9569,4431.9979,3.7518,1094.466,2009.2188,361.2488,978.1589,5186.6542,582.6075,423.9582,1374.2463,1821.2515,1020.5011,12.3275,947.0722,969.0473,4005.3598,1954.7099,2098.5502,6425.2981,1623.4758,341.4177,95.404,1388.7177,2151.9496,751.9764,712.8501,939.0326,1913.4396,643.709,1274.0185,504.3548,35.9105,1649.7387,420.2064,148.4658,1376.3902,1565.0543,120.5949,194.5598,18947.8762,717.1379,1454.6429,8333.378,532.7616,1484.6576,119.523,71.821,213.855,63.2453,1534.5036,2123.5428,1221.4927,1747.2866,322.1225,321.5865,1242.9318,504.8908,1272.9465,1828.2192,144.1779,8683.3713,70.749,369.8245,148.4658,1743.5348,310.8509,198.3117,1108.9374,86.8284,762.696,932.0649,87.9003,333.914,118.987,2840.1447,1636.8753,4616.3741,1183.9743,1204.3414,2058.6895,993.1663,3716.4679,2841.7526,599.2228,300.6834,1309.393,99.8633,861.8518,482.9157,38.5904,1146.4558,1015.1414,3.7518,69.1411,5.8958,261.021,77.1808,3653.7585,1246.6836,7495.1092,3321.9831,1497.5211,1870.0255,2827.2813,835.5889,2670.2398,1391.9335,1097.6819,1177.5425,1444.4593,8219.7508,628.1656,2478.3599,2190.004,2896.9583,839.6087,1560.7664,3613.0243,360.7129,2026.5309,380.008,214.927,1557.0146,583.1435,5139.4881,2214.123,187.5921,164.0091,130.7785,2072.6249,635.6693,354.8171,47.702,16.0793,318.3706,462.0126,1937.5586,1513.6004,1076.2428,636.2053,1451.427,1182.9023,608.3344,1768.7257,133.2333,14858.3679,363.3927,337.5854,1099.8258,6484.7916,2836.3929,13.3994,551.5208,729.4654,517.7543,389.1197,293.7157,10342.7576,84.6844,79.3247,1233.2842,436.2857,1163.0712,226.7185,183.8403,3.2159,967.4394,2.1439,6010.4516,4481.8438,2007.2357,1479.3943,4189.736,1641.1631,702.1305,3086.6944,418.0624,2380.276,1782.6611,2324.5344,2096.7439,387.5117,107.1955,6980.5708,6542.6772,2362.5888,14.4714,286.748,203.6714,98.6199,71.821,2259.6811,294.7876,7901.9161,58.4215,2594.667,77.1808,2.1439,32981.9108,9851.2662,307.6511,216.074,134.5303,269.5967,1147.5278,0,534.3696,2043.1462,3174.0587,1213.453,3554.0667,6645.0489,10576.9798,173.1207,317.8347,0,954.0399,1.6079,109.8754,411.0947,1172.7187,118.451,15.5433,11546.563,73230.0683,157.0414,3.2159,8415.3826,8.0397,366.6086,436.2857,448.0772,39.1264,1030.1434,251.9094
TCGA-86-6851-01,27.76666667,2202.5064,4447.166,1.4241,271.7175,577.6132,15.9499,3576.1891,1856.4512,2277.6987,2065.2236,1270.0085,1687.2686,499.5728,1341.2133,250.356,349.7579,144.4033,1247.5078,1405.5825,986.3287,7443.1786,27.6275,867.2743,1913.9846,3531.7573,8175.3745,1726.004,1069.7807,1562.5036,2597.5506,11654.5144,373.1131,763.0305,592.4238,3174.0245,53.8308,1.1393,155.5113,530.0484,15078.8949,32.4694,363.1444,2980.3475,3287.3825,4492.1675,588.7212,1641.9823,3769.5813,796.924,886.3572,3773.902,2117.0607,1499.5471,1202.7912,1767.8724,1314.7251,9108.5161,512.6745,14.241,757.3341,1358.0177,1421.2475,2585.0185,1188.2655,3107.7813,2264.3122,7097.9778,5774.9929,1370.8345,52.1219,1127.599,798.9177,617.7727,908.0034,5224.7223,1697.2373,410.7092,1142.9792,2672.7428,525.4913,1016.2347,1953.5745,1643.9761,9549.1313,949.0174,970.0171,4479.0658,1386.7844,258.6158,227.5705,1421.5323,2392.4808,987.7528,716.3201,2040.7291,2041.014,1374.822,1537.1689,716.3201,14.8106,2549.1313,1076.6163,106.2375,1445.4571,2007.1205,91.7118,595.8416,24410.7092,1191.6833,899.174,10768.8721,1511.5352,2065.7932,102.2501,159.7835,2261.7488,412.4181,1591.8542,1764.7394,555.967,2725.7192,261.1792,207.3483,3510.6807,615.779,1178.012,2361.7203,152.9479,5685.8445,0.5696,174.0245,117.3455,2720.8772,525.3631,330.675,720.3076,25.3489,908.5617,2001.4241,87.1547,1490.1737,4687.2686,2105.6679,2706.0666,2273.1416,1165.7647,3540.5867,2074.6226,591.2845,2596.6961,1855.3119,1030.7605,219.8804,2602.3925,178.0234,564.7964,660.7804,77.4708,2509.8263,1040.7291,11.6776,38.7354,5.9812,318.7126,282.2558,1859.869,1732.8396,5354.0302,4740.5269,2046.7103,1476.7872,3746.7958,1144.1185,1671.0339,2016.8043,140.131,2815.1524,2291.9396,7554.5429,626.3173,2021.6463,5590.7149,3696.3828,2891.575,2398.462,3967.5306,276.8442,1608.9433,362.8596,155.5113,1789.5187,586.4426,3277.129,3177.7271,172.0308,85.4457,182.2842,2434.3492,938.4762,523.2128,37.3113,6.266,295.0726,618.6272,694.3891,1031.3301,1816.5765,286.8129,4818.5702,521.7887,369.1256,665.9071,579.2595,11348.3338,575.9043,301.7915,995.7277,1732.8396,1649.9573,269.4389,1144.9729,606.3799,785.816,1678.4392,132.4409,4591.5694,71.4896,55.2549,1345.7704,222.4437,2415.2663,162.3469,103.1045,16.8043,1720.0228,0.2848,3365.7078,1938.1942,1864.9957,1805.8616,4534.0359,1761.0367,1778.9803,4096.5537,347.1945,2042.4381,2732.27,2366.2774,843.6343,731.7004,100.5412,3316.4341,4288.237,1595.272,7.1205,264.0273,199.6582,385.0755,156.9353,3297.0664,170.037,5264.3122,80.319,4821.4184,297.9208,21.6463,192638.8493,11401.8798,580.1766,252.7314,53.8308,1387.6388,634.8619,0.5696,1813.1586,2150.3845,2484.4774,750.2136,2961.8342,3446.0268,12754.4859,125.0356,262.3184,2.8482,1380.2336,24.7793,56.679,670.1794,1355.7391,182.8539,3.133,7104.2438,48476.5024,266.0211,0.2848,9239.2481,3.4178,843.7169,392.196,491.8827,101.9653,708.6243,153.8023
TCGA-86-7713-01,4.6,3000.7816,4399.2064,0.481,183.4907,850.8387,3.6073,3646.4859,2870.9193,2291.589,3241.0269,913.846,1806.2887,61.0834,1516.5033,368.6647,465.5805,181.5668,259.0032,533.8784,1464.5584,8226.0566,71.9052,291.4688,1525.8823,3398.0641,9781.004,1269.7649,2078.2781,2246.1156,4062.2858,12950.8808,941.5018,334.7562,67.336,1044.6702,8.417,0,14.4291,369.3862,15887.2122,77.1959,590.6331,2110.7437,2557.0853,2064.8109,385.4987,307.3408,3223.9524,973.7269,6396.6813,4862.5047,3596.2244,1229.4787,772.6808,1940.2393,826.5496,4210.6655,703.6614,14.4291,1241.3876,1852.9429,870.318,3326.1588,933.5658,1927.2531,1432.8143,3796.7895,6762.4602,2285.5769,3.3668,2253.1113,281.4453,311.6696,869.8371,5796.6693,403.2947,178.6809,1571.3341,4225.0947,580.2922,274.3943,499.2485,2283.172,8045.9328,1059.0994,1412.9478,3069.0795,1241.1471,142.6081,114.4712,1249.0831,2589.3104,680.8152,758.9731,334.9967,223.8923,854.2055,1101.4249,923.7059,4.5692,1668.0094,748.6322,262.6105,1233.2111,1403.2345,247.4599,66.6146,22370.7088,647.6282,846.9909,5637.3787,251.3076,1391.9317,148.8607,34.149,190.2243,33.187,2695.1242,1957.7947,155.5943,612.0363,114.2307,2348.5841,524.0185,3162.6285,1306.0783,2128.0587,125.7741,10085.9737,77.6769,204.4129,53.1474,1308.9641,767.3228,221.9684,193.3506,269.825,578.8493,1579.5106,56.5142,188.0599,208.2607,1701.4369,4380.208,1907.0522,864.5464,2169.4222,1023.9885,842.1812,3280.2261,1894.3065,1144.7123,52.9069,3024.1087,356.1474,1340.2273,279.4445,744.544,3241.9888,713.7618,0.9619,12.0243,0.2405,305.1765,38.4777,1376.7811,297.2404,9011.4832,9248.5974,2028.9785,1711.2968,2198.2805,1238.9827,2082.6069,770.7569,472.3141,2864.1857,2277.1599,8452.8347,265.0153,489.3886,1929.8984,2568.6286,529.7397,4220.7659,5740.3956,529.0687,939.5779,824.3853,164.4923,843.3836,623.8201,3383.154,3835.7482,139.2413,699.3327,212.8299,1869.7769,920.3343,219.323,12.0243,23.8081,487.2242,71.6648,1460.9511,960.0192,1517.2248,211.387,2445.4999,502.3748,219.5635,1466.7228,111.3858,6649.9128,580.0517,427.1388,684.4225,2692.9598,5839.2353,11.7838,423.9764,1399.1463,1360.6686,2758.8529,30.7822,4079.8413,158.9611,34.149,1830.5778,244.3336,2291.589,1824.8061,104.8518,83.4486,3504.5993,2.1644,896.7715,570.6728,1932.7842,1097.707,5356.8208,2373.1137,3148.4398,5245.9568,323.4534,1476.3422,4030.5417,2435.159,295.0761,814.7658,317.2007,4497.5651,4643.059,1507.6054,253.7125,214.7538,295.0761,447.0631,316.2388,786.3885,106.5352,5004.7496,125.7741,2129.9826,9.6194,1.2024,10705.946,9046.5941,641.1351,183.9981,16.834,128.9004,697.8897,0.2405,884.0257,1652.6183,2549.6303,475.4404,1363.7949,1911.1405,7909.0964,151.2656,326.5797,3.1263,528.3473,0.481,18.9984,234.2332,260.2056,32.7061,5.0502,6616.2448,3730.175,99.5611,0.481,5395.2985,46.1733,781.2541,424.9384,474.238,84.17,445.1368,3139.5419
TCGA-86-7714-01,2.266666667,2163.5338,2594.9248,3.7594,154.1353,953.0075,19.7368,3412.594,1195.4887,1307.3308,2250.9398,596.8045,1312.9699,186.0902,986.8421,199.2481,156.015,103.3835,690.7895,943.609,1022.5564,12370.3008,233.0827,1509.3985,1442.6692,2998.1203,14202.8853,990.6015,515.9774,2762.2086,3474.6241,6058.2707,74.2481,348.6842,3472.7444,3513.1579,34.7744,0,24.4361,520.6767,15377.8195,113.7218,225.5639,4101.5038,1903.1955,4640.0376,439.8496,163.5338,2958.6466,1083.6466,305.4511,2949.0883,1287.594,1934.5301,889.0977,1433.2707,823.3083,5899.4361,678.5714,9.3985,703.0075,1203.9474,1695.4887,2609.0226,1011.2782,4257.9605,1246.2406,5764.0977,9379.6992,1598.6842,0,1692.6692,1677.1241,594.9248,1852.4436,4878.7594,163.5338,592.1053,2616.5414,2687.9699,1248.1203,10.3383,1028.1955,1126.8797,5348.6842,1561.0902,1234.9624,3925.7519,992.4812,53.5714,46.9925,1491.5414,3441.7293,633.4586,811.0902,567.6692,1200.188,947.3684,962.406,946.4286,13.1579,1585.5263,731.203,163.5338,2100.5639,1406.9549,55.4511,312.0301,16070.4887,976.5038,1172.9323,7659.9154,764.0977,4195.4887,22.5564,24.4361,21.6165,8.4586,1362.782,1458.6466,323.3083,1831.7669,196.4286,172.9323,4351.5038,127.8195,1373.1203,828.9474,73.3083,10845.8647,264.0977,168.2331,196.4286,1553.5714,201.0432,171.9925,338.3459,71.4286,592.1053,1547.9323,77.0677,571.4286,97.7444,2426.6917,1690.7895,1607.1429,1451.1278,2145.6767,1534.7744,838.3459,3531.9549,4922.9323,853.3835,517.8571,1464.2857,143.468,887.218,237.782,1.8797,1103.3835,1147.5564,0.9398,54.5113,15.0376,347.7444,28.1955,1408.8346,548.8722,12447.3684,3830.8271,1905.0752,855.2632,1533.8346,959.5865,1376.8797,1545.1128,47.9323,2805.4511,2418.2331,8875.9398,717.1053,1677.6316,1575.188,6144.7368,1041.0526,1953.0075,3048.8722,234.0226,1318.609,136.2782,46.0526,2483.0827,453.9474,3015.0376,3796.9925,102.4436,1213.3459,80.8271,2155.0752,533.8346,295.1128,48.8722,8.4586,463.3459,1211.4662,842.1053,640.9774,1732.1429,189.8496,2511.2782,345.8647,61.0902,930.4511,438.9098,9005.6391,570.4887,406.1278,1365.6015,3110.9023,2539.4737,17.8571,1174.812,508.4586,565.7895,613.7218,157.8947,4894.7368,26.3158,58.2707,1129.6992,274.4361,1379.6992,893.797,96.8045,1.8797,4037.594,0,4273.4962,3128.7594,2804.5113,1351.5977,6589.2857,1118.4211,979.3233,3135.3383,193.609,1647.5564,3823.3083,2989.6617,703.9474,1187.9699,46.0526,3811.0902,3226.5038,2102.4436,16.9173,162.594,151.3158,125,30.0752,5987.782,158.8346,870.3008,19.7368,3730.2632,26.3158,0,94306.391,11352.4436,440.7895,198.3177,119.3609,194.5489,1015.9774,14.0977,275.3759,1644.7368,2447.3684,420.1128,2112.782,3207.7068,7117.4812,166.3534,399.4361,0.9398,1307.3308,0,14.0977,420.1128,931.391,210.5263,16.9173,13534.7744,147013.1579,51.6917,0.9398,7981.203,11.2782,589.2857,311.0902,775.3759,44.1729,1134.3797,225.5639
TCGA-91-6828-01,9.633333333,2110.2694,3632.9966,5.8923,201.1785,914.9832,22.7273,3648.9899,1514.3098,1545.4545,2574.9158,803.8721,1788.7205,645.6229,1050.5051,327.4411,264.3098,255.8923,326.5993,1293.771,1443.6027,10537.8788,40.404,451.1785,1745.7912,4158.2492,15808.8805,1079.1246,1179.2929,1052.1801,3198.6532,4452.862,204.5455,975.5892,219.697,143.0976,18.5185,10.9428,70.7071,497.4747,50510.9428,315.6566,313.9731,2872.8956,1991.5825,3722.2222,471.3805,513.468,2468.0135,734.0067,707.0707,4700.2189,2660.7744,1240,1232.3232,1310.6061,829.9663,328.2828,763.468,13.468,811.4478,1354.3771,1562.2896,3718.0135,626.2626,2651.1111,1936.8687,6494.1077,6929.2929,1680.9764,34.5118,1962.1212,899.2508,877.1044,1393.0976,3866.1616,1262.6263,271.8855,1517.6768,4635.5219,1286.1953,1145.6229,845.1178,2338.3838,7686.0269,2127.1044,2035.5556,2965.4882,1180.1347,95.9596,269.3603,1334.1751,2752.5253,781.1448,1017.6768,1855.2189,1462.1212,1041.2458,984.8485,1229.798,47.9798,1484.0067,833.3333,107.7441,2095.1178,2466.33,69.8653,406.5657,26693.6027,1037.8788,1515.9933,3871.2121,579.9663,1412.4579,45.4545,89.2256,517.6768,89.2256,1830.8081,2107.7441,374.5791,1132.1549,180.1347,123.7374,3787.8788,5336.7003,1852.6936,2919.1919,174.2424,10845.9596,12.6263,334.1751,252.5253,1159.9327,346.3973,188.5522,1031.1448,986.532,652.3569,1478.9562,186.0269,842.5926,255.8923,8956.229,2388.0471,1287.8788,1183.5017,2910.7744,1585.0168,711.2795,3206.229,2228.9562,1091.7508,206.229,1497.4747,118.4596,2057.2391,1372.0539,44.6128,2276.936,1301.3468,4.2088,112.7946,2.5253,312.2896,170.0337,2893.9394,968.0135,9739.0572,12494.9495,2558.9226,1006.734,2286.1953,790.404,1972.2222,1446.9697,772.7273,2081.6498,1451.1785,11071.5488,501.6835,1813.1313,2438.5522,7479.798,863.5185,1846.8013,3990.7407,1165.8249,1462.963,771.8855,155.7239,926.7677,574.9158,1367.8451,5679.2929,230.6397,250,127.9461,1951.1785,787.8788,349.3266,71.5488,165.8249,326.5993,286.1953,854.3771,2254.2088,2533.67,766.835,2078.2828,259.2593,336.7003,1622.0539,256.1111,13957.9125,531.1448,404.6633,2061.4478,4246.633,1642.2559,114.4781,1319.8653,452.862,452.862,821.5488,139.7306,4936.8687,37.037,55.5556,1117.0034,345.1178,1391.4141,1503.367,213.8047,2.5253,3145.6229,1.6835,5127.9461,3233.165,2191.0774,772.1633,9357.7441,2068.1818,1044.6128,3493.266,243.266,2481.4815,1882.9966,2939.3939,1104.3771,432.6599,106.9024,3119.5286,5425.9259,1851.0101,19.3603,143.9394,117.0034,136.3636,87.5421,2366.1616,397.3064,4372.0539,64.8148,8884.6801,74.0741,9.2593,79336.7003,8606.0606,635.5219,167.3822,106.0606,567.3401,539.5623,0,697.8114,3360.2694,4125.4209,621.2121,1782.8283,3036.1953,10379.6296,314.8148,290.404,0.8418,855.2189,2.5253,22.7273,933.5017,929.2929,213.8047,34.5118,6068.1818,59807.2391,74.0741,1.6835,5279.4613,6.734,458.8384,377.9461,436.8687,29.4613,957.8872,134.6801
TCGA-91-6829-01,18.9,2223.5416,2454.3108,12.3903,424.3676,792.9788,27.3619,3662.3645,2159.0088,1338.1518,2461.0222,931.3371,1775.4259,296.3345,1230.253,232.8343,352.0909,248.8384,438.8229,1231.8018,1131.6469,12131.6469,1126.4843,486.3191,1455.8596,4103.2525,11879.1482,1580.2788,1872.9995,1089.3082,2273.619,5836.8611,292.7207,347.9608,879.7109,1112.0289,1.5488,0,45.4311,505.4208,34976.2519,175.0129,262.7775,2103.7687,4132.1631,4584.4089,254.5173,241.0945,2329.3753,534.8477,1409.9122,2114.7858,2291.1719,771.2494,709.8606,1948.89,870.4182,5736.7062,649.9742,26.3294,2062.4677,3407.8472,1382.0341,2956.634,720.1859,1923.0769,1459.4734,7414.0423,8041.301,3038.7197,6.7114,1924.6257,7577.4135,995.3536,1528.1363,4899.8451,286.0093,304.0785,1756.8405,2874.032,511.0996,28.3944,1267.4239,1875.0645,5322.6639,1856.9954,1723.6861,4543.1079,1204.4399,876.0971,73.8255,1253.4848,2291.1719,735.6737,469.2824,762.5194,502.8394,560.6608,1296.8508,749.0965,102.7362,1799.6902,666.4946,145.0697,1096.541,1998.4512,130.0981,163.6551,30628.8074,451.7295,1180.1755,4141.8327,607.6407,2447.5994,193.0821,76.9231,129.0656,40.2685,1650.4904,2210.635,1134.2282,1543.1079,258.6474,173.4641,1882.2922,582.8601,1139.3908,995.8699,445.0181,6712.9582,81.0532,581.8276,406.2984,1526.0712,588.9417,307.176,2016.5204,296.8508,755.2917,2312.3387,332.4729,755.808,62.4677,3004.6464,2467.2173,1071.2442,971.0893,2709.8606,1414.5586,744.4502,2964.3779,1815.6944,539.4941,462.0547,2185.3382,173.0201,546.7217,243.6758,289.1069,2615.3846,1593.1853,15.4879,8.2602,7.7439,329.8916,120.2891,6045.9473,964.3779,7771.8121,6713.9907,2208.0537,1677.3361,3801.239,1191.5333,2253.4848,1460.5059,377.3877,2350.5421,1838.9262,10171.9153,807.9504,1108.9313,624.6773,4805.8854,318.3273,2096.541,4212.7001,1794.0114,1303.0459,510.0671,214.7651,2677.3361,536.9128,1899.3289,1351.5746,156.9437,1504.3882,586.9902,1695.9215,663.397,400.6195,66.5978,53.6913,295.8183,423.3351,1543.6242,1420.7537,1209.0862,581.3113,2881.7759,355.7047,212.1838,774.9097,318.095,11245.2246,664.4295,333.0253,1073.3092,1807.4342,1621.5798,17.0367,1313.8875,997.935,637.0676,1290.1394,488.3841,8761.4868,60.9189,36.1384,1226.6391,96.0248,2340.7331,65.049,141.9721,0.5163,1369.1275,1.5488,3258.6474,2603.5106,1437.2741,779.4682,3090.3459,898.8126,1734.6412,2842.54,681.9824,1879.7109,2756.8405,1325.2452,938.0485,717.0883,146.1022,7171.9153,7597.8317,2982.9633,21.1668,421.7863,235.9319,74.3418,128.5493,1322.1477,202.3748,1475.9938,40.7847,868.8694,99.6386,2.065,33001.0325,11347.4445,687.6613,568.6216,357.2535,220.9602,675.7873,0,316.4688,2384.6154,2224.0578,531.7501,1644.8116,3014.4553,9706.2468,496.128,315.4362,1.5488,644.2953,6.7114,10.3252,660.2994,1002.065,97.5736,4.6464,5266.9076,35516.2623,113.5777,1.0325,5483.7377,42.8498,625.7099,299.4321,268.9726,75.3743,579.2153,439.8554
TCGA-91-6835-01,2.833333333,2501.1287,4436.5688,9.9323,262.3025,936.7946,190.5192,4501.5801,2174.2664,2134.9887,3044.6953,783.2957,1386.0045,1035.6659,2387.3589,278.1038,734.5372,201.8059,1732.2799,1192.7765,1237.0203,13989.6163,321.8962,1471.3318,2412.6411,4270.8804,11719.0745,1532.7314,1032.5056,2515.9819,3827.088,21805.8691,532.7314,445.5982,387.3589,1271.3318,120.5418,5.4176,218.5102,493.0023,20933.1828,13.0926,231.1512,3176.0722,1986.9074,5279.4582,712.8668,1451.0158,3944.921,1090.2935,1176.0722,4113.7743,3593.6795,1103.0384,1559.8194,2640.6321,956.2077,3871.3318,585.1016,10.3837,1273.5892,2953.4989,1847.8555,3876.7494,1001.3544,2987.2144,1987.8104,7060.9481,4997.7427,1506.5463,334.0858,1581.0384,1499.2415,658.2393,1720.0903,3672.2348,770.6546,247.8555,1405.4176,2271.7833,939.9549,28.8939,913.3183,1995.0339,8125.0564,1720.9932,1441.0835,4487.1332,1535.8916,739.0519,97.9684,1551.693,3295.2596,810.8352,1013.0926,2579.684,1592.3251,916.0271,962.9797,866.8172,23.9278,3097.9684,1001.8059,271.3318,1256.8849,2304.2889,306.9977,611.2867,19486.2302,1075.8465,1082.6185,1128.6682,1100.6772,1973.3634,265.0113,162.5282,1254.1761,549.8871,2326.8623,1737.6975,646.9526,1611.7381,203.1603,346.7269,4869.0745,1786.9074,1476.298,4811.7381,407.2235,5635.2144,58.6907,358.0135,482.6185,1409.9323,354.4831,225.2822,1107.4492,206.3205,916.4786,2143.1151,206.772,2103.8375,416.2528,5437.9233,1883.9729,3327.7652,1199.5485,2711.0609,1484.4244,681.7156,3316.4786,2753.0474,1336.7946,479.9097,2266.8172,155.9684,1085.7788,293.0023,71.3318,1997.2912,1244.2438,15.3499,133.6343,23.0248,427.088,328.2167,3256.8849,1505.1919,8535.8916,5208.5734,1852.8217,1071.7833,1718.2844,882.167,2237.9233,1020.316,206.772,2802.2573,1553.4989,13161.6253,800,2703.8375,1423.9278,4795.4853,1525.5485,1842.4379,4713.7698,547.6298,1608.1264,497.0655,145.3725,2413.544,883.07,2246.0497,4268.623,181.4898,431.1512,108.8036,2375.1693,599.991,430.6998,51.4673,37.0203,391.8736,694.3567,1010.8352,912.8668,2229.3454,604.9661,1204.9661,695.7111,641.0835,318.2844,213.6298,14547.6298,635.2144,387.1828,1428.4424,2783.2957,1953.4989,163.4312,1098.8713,641.0835,683.9729,1130.474,330.0226,5140.4063,79.9097,110.6095,1289.3905,333.1828,993.228,310.6095,214.8984,7.6749,1631.1512,0.4515,4689.842,3907.9007,1865.4628,873.4357,2787.8104,778.781,617.6072,3994.1309,266.3657,3238.8262,2255.079,2533.1828,1385.553,562.9797,161.1738,5911.9639,5234.763,1428.8939,18.9616,310.158,377.8781,124.1535,135.8916,2715.5756,380.1354,2411.2867,151.693,4068.1716,834.3115,42.4379,108868.1716,9369.3002,534.0858,423.7878,132.7314,1112.4153,619.8646,0.4515,313.3183,3297.0655,3830.2483,535.4402,1437.4718,5744.0181,12055.9819,207.6749,284.4244,1.8059,1167.4944,45.5982,79.0068,1066.8172,1100.6772,302.0316,16.2528,7767.9458,72306.5463,169.7517,0.4515,5851.9187,32.0542,607.3273,463.6569,356.2077,70.4289,1140.8126,334.9887
TCGA-91-6840-01,3.5,2222.6976,8224.5161,3.8204,355.2954,650.9929,90.9251,4919.8866,2811.0363,1124.7202,1820.7936,871.0469,1238.5675,174.9734,1946.1021,372.1051,333.1372,350.711,719.7598,692.253,1071.2348,30376.6132,538.6737,6487.0069,1554.8951,3400.9031,7245.7116,1930.0565,945.1623,1501.3944,2513.8107,4948.9215,279.6519,427.8827,1328.7285,6833.8975,9.1689,6.8767,66.4746,355.2954,23460.9595,261.3141,142.8822,3833.3703,3066.2378,3083.0474,234.5714,706.0064,3164.8036,1236.2753,328.5528,5133.9426,1247.7364,649.9156,974.9612,2084.3999,987.9505,1012.401,638.0036,32.0912,735.8054,1740.5656,1470.0826,2645.9959,557.7756,1818.1728,3473.4904,5207.9433,7432.1691,1991.1826,14.5174,1454.037,219.0759,589.1027,1043.7281,9948.272,550.1349,301.046,2514.5748,3304.6295,676.9715,35.1475,571.529,1773.4208,5379.8605,940.5778,684.7574,10177.4949,1528.1524,1103.326,235.3355,1222.5219,3300.8092,734.2772,402.6682,1598.4474,2177.6172,893.2051,1222.5219,1208.7685,0.7641,2519.9233,743.4461,139.8259,885.5643,1754.3189,62.6542,149.7589,71602.3442,765.6043,1136.1813,818.3256,462.2661,15058.4136,364.4643,27.5067,463.7942,130.657,1976.6651,4836.6023,626.5425,1220.2297,257.4937,297.2256,1053.6611,1991.9466,1927.0002,1729.8685,68.7669,6700.9482,8.4048,448.5127,17.5738,731.2209,525.7685,135.2415,836.6634,941.3419,524.1563,2772.8325,79.4639,393.4992,143.6463,15169.9687,1324.144,1345.5382,2079.8154,2105.794,1609.9085,777.0655,2508.4621,3425.3536,1062.0659,106.9707,1610.6726,421.4109,168.0968,647.9366,283.4723,1342.4819,1052.897,7.6408,1.5282,6.8767,373.6333,85.5765,4818.2645,3332.9004,4104.6173,8154.2135,1879.6274,1353.1789,2969.9642,1235.5112,1961.3836,1498.3534,1078.1115,2412.9526,4775.4762,7072.2892,504.2903,480.6039,851.1809,2859.1731,1008.4354,2187.5501,6415.1837,209.3569,1686.3162,343.8343,292.6412,1078.1115,514.9874,1966.7321,5064.297,501.9981,1716.1151,246.7966,1538.8495,700.6579,339.2498,85.5765,12.2252,223.8743,167.3327,1100.2697,1730.6326,1918.5953,1451.7448,1579.3455,197.8957,102.3862,107.7347,225.7769,6963.0264,802.28,252.871,1996.5311,7881.4459,1760.4316,74.8795,737.3335,536.3815,742.6821,1365.4042,443.9283,3619.4289,196.3676,174.9734,1315.7392,67.2387,1372.2808,59.5979,421.7701,3.8204,4048.0757,17.5432,5434.874,722.8161,2043.9038,479.3585,2478.6632,14.5174,174.2094,5082.6348,271.247,1557.1873,4991.7098,1395.2031,424.0623,100.8581,55.7776,7813.4432,3967.0836,1700.0695,10.6971,136.0056,293.4053,168.8608,183.3783,794.6392,378.9818,6081.2824,105.4425,974.9612,664.7463,9.933,37664.3719,6239.4462,532.5611,270.078,39.732,249.0888,656.3415,5.3485,349.1828,2503.8777,7516.2175,341.5421,871.8109,3318.3829,14055.9457,2079.8154,154.3434,3.0563,1164.4521,4.5845,80.9921,661.69,1991.9466,30.563,3.8204,25911.3519,1770.3645,230.751,3.0563,9014.5709,50.429,641.9386,749.5587,365.2284,55.7776,679.9132,794.6392
TCGA-91-6847-01,2.433333333,1663.4681,5066.8266,0,192.9404,656.2714,8.2248,5267.9918,3150.4455,792.3235,1846.1275,687.7999,1314.599,254.2838,679.5751,127.1419,591.8437,165.1816,96.6415,788.5538,1278.9582,10396.8472,2352.2961,30.843,1651.4736,1704.5922,10722.392,1948.2522,1901.3023,14566.3468,3056.5456,8162.7827,1589.7875,423.2351,252.913,1144.6196,0.6854,0,383.4818,434.8869,61903.3585,11.6518,536.669,1518.5058,4091.8437,2504.4551,104.5236,136.7375,2275.8739,509.9383,635.7094,1500.1748,2030.5003,956.1138,1283.756,1704.5922,1085.3324,3068.5401,710.7608,8.9102,1831.7341,3092.1864,1373.5435,809.8012,874.5716,1926.2337,1180.9459,3930.7745,12715.2159,1393.7629,1.3708,1709.0473,211.1583,324.5374,1187.1145,6046.2646,38.3825,135.3667,1137.0802,2566.4839,531.5284,232.6936,27.7587,1592.8718,8198.7663,1453.05,1589.0953,6779.6436,3016.1069,1393.7629,141.878,893.7629,2559.9726,943.7971,915.0103,236.4633,2154.5579,551.0624,2366.3468,818.7114,0.6854,1921.1789,531.1857,144.6196,415.0103,2067.512,180.2605,13.3653,23355.7231,559.6299,1547.6354,1897.0288,164.4962,2928.3756,339.6162,31.5284,4.7978,43.523,1538.0398,2611.035,3266.2783,1938.6566,410.8979,354.695,121.6587,33.5846,1407.8136,2116.5182,5.8259,2823.1666,11.3091,95.6134,2.7416,2042.1522,579.2529,481.8369,628.5127,31.8711,629.5408,1991.4325,8.9102,31.1857,4.7978,3619.9452,1127.8273,137.4229,903.7012,1944.8252,1938.3139,452.3646,5449.2803,1303.6326,1041.1241,66.4839,2702.1933,272.536,1246.7443,162.7827,93.2145,4299.8629,370.1165,1.0281,4.7978,0,508.9102,45.2365,463.331,1785.4695,9336.5319,7663.4681,1638.451,1458.1905,1579.5065,1327.6217,2090.8156,1216.9294,650.1028,1921.1789,3184.3729,4858.8074,512.6799,39.0679,1363.9479,894.791,311.8095,1634.3386,5023.3036,31.8711,905.072,837.9027,350.9253,209.0473,713.8451,5276.5593,1488.0055,298.8348,2551.7478,671.0075,2941.7409,973.6121,385.538,1.7135,1087.3886,180.9459,119.9452,1398.218,464.7019,1972.9267,385.1953,1415.353,405.4147,133.3105,1519.5339,55.1988,8846.4702,549.0062,550.3496,2108.6361,2113.4339,2099.0404,34.9554,787.8684,692.9404,1040.4387,1510.281,184.0302,9127.4846,126.4565,91.8437,1416.7238,29.1295,826.2509,7694.6539,18.5058,55.1748,847.1556,0,4238.1768,2502.0562,1300.2056,1233.1974,13361.2063,1655.2433,780.329,6344.7567,345.7848,1432.488,6279.3009,1035.9836,328.3071,334.8184,363.2625,6308.7731,6332.7622,1014.0507,27.7587,454.0781,221.7272,141.878,428.0329,404.3866,24.6744,4608.6361,170.6648,1049.0062,2.0562,0.6854,2966.7581,14631.2543,482.865,1065.7642,7.1967,16.1069,931.4599,0.3427,546.2646,2678.2042,2386.2234,1245.7162,3794.3797,6569.2255,9362.2344,94.5853,608.6361,0,572.3098,6.1686,50.377,255.6546,288.5538,26.0452,4.7978,6554.1467,1062.0288,42.8376,3.0329,6525.7025,3.427,645.0171,1622.3441,76.4222,5.1405,243.6463,299.8629
TCGA-91-6849-01,3.233333333,1919.911,3161.2903,2.2247,94.5495,1063.4038,181.3126,2402.6696,1272.525,777.5306,1725.2503,670.7453,1530.5895,322.5806,1201.3348,126.8076,122.3582,34.4828,432.703,449.3882,1043.3815,6412.6808,213.5706,327.03,1305.8954,2210.2336,16971.0234,1240.267,456.0623,480.5228,1939.9333,5437.1524,65.6285,486.0957,866.5184,457.1746,24.4716,0,44.4939,210.2336,20770.8565,4.4494,570.634,7274.7497,3511.6796,3845.3838,315.9066,484.9833,2741.9355,885.4283,2647.386,1928.7987,676.307,1761.2458,535.0389,892.1023,836.485,2238.0423,853.1702,18.9099,424.9166,726.3626,1086.7631,1466.0734,812.0133,2521.6908,1066.7408,2988.8765,5528.3648,1174.6385,57.842,1399.3326,622.881,299.2214,1123.4705,6698.5539,1185.762,283.6485,1239.1546,1625.139,887.6529,20.0222,189.099,1605.1168,5650.723,2249.1657,1552.0245,1579.5328,1587.3192,76.7519,80.089,1253.6151,1561.7353,612.9032,1030.0334,1334.8165,1729.6997,629.5884,1560.6229,659.6218,0,1694.1046,439.3771,27.8087,2706.3404,1666.2959,17.7976,258.0645,26952.1691,612.9032,1032.2581,3164.5273,598.4427,3439.3771,30.0334,24.4716,1744.1602,265.8509,954.3938,1886.5406,308.1201,911.0122,94.5495,103.4483,1256.9522,362.6251,1199.1101,3239.1546,52.2803,4072.3026,50.0556,526.1402,38.9321,715.2392,160.1112,129.0323,790.8788,226.9188,456.0623,1719.6885,56.7297,482.7586,363.7375,5517.2414,1260.2892,439.3771,1333.7041,795.3281,1249.1657,731.9244,3598.4427,4097.8865,1186.8743,334.8165,1357.0634,115.6841,2579.5328,130.1446,3.337,710.7898,945.495,2.2247,86.7631,4.4494,144.6051,62.2914,1556.1735,1022.2469,10593.9933,2817.5751,2181.3126,2061.1791,2308.1201,1236.9299,3212.4583,1384.8721,25.584,1423.8042,1121.2458,11837.5973,450.5006,1224.6941,3031.1457,3308.1201,802.4027,1609.5662,2470.5228,189.099,1602.8921,94.5495,42.2692,573.9711,341.4905,1800.8899,7137.931,98.9989,289.2102,45.6062,1518.3537,343.7152,354.8387,103.4483,194.6607,234.7052,353.7264,1797.5528,642.9366,1058.9544,630.7008,2520.5784,301.4461,193.5484,7836.485,200.8788,28239.1546,399.3326,311.3682,927.6974,7402.6696,2129.0323,38.9321,1042.2692,440.4894,433.8154,242.4917,135.7063,4575.0834,17.7976,54.505,1241.3793,166.8521,717.4638,254.7275,90.1001,1.1123,1275.8621,3.4705,3384.8721,5412.6808,1602.8921,930.4449,9802.0022,965.5172,1586.2069,4511.6796,121.2458,2433.8154,2022.2469,1929.9221,1399.3326,906.5628,21.1346,4895.4394,3343.7152,1243.604,22.2469,206.8966,97.8865,115.6841,6.6741,4560.6229,216.9077,1941.0456,16.6852,5745.2725,368.1869,13.3482,71032.2581,13197.9978,245.8287,244.6719,189.099,664.0712,280.3115,0,473.8598,1197.9978,885.4283,617.3526,2246.941,1804.2269,18975.5284,167.9644,229.1435,0,751.9466,5.5617,15.5729,385.9844,389.3215,76.7519,24.4716,13157.9533,13030.0334,22.2469,8.8988,4263.6263,4.4494,625.2503,241.3793,585.0945,45.6062,3986.6073,80.089
TCGA-91-7771-01,6.9,2386.8571,2665.7143,2.2857,254.8571,960.5714,97.1429,2160.5714,2127.4286,1581.7143,3048.5714,876,1250.2857,585.7143,1429.1429,187.4286,90.8571,69.7143,1272.5714,906.2857,1317.1429,8358.8571,151.4286,577.1429,1193.1429,2604,9745.6229,1144.5714,973.7143,462.8514,2622.2857,3855.4286,209.1429,530.8571,387.4286,421.7143,63.4286,0,107.4286,434.8571,26093.7143,320.5714,252.5714,3765.1429,3361.7143,3935.4286,675.4286,688,2424,744,6918.8571,3676.6914,1997.7143,2028.9086,997.1429,1225.7143,540,731.4286,721.7143,21.1429,697.7143,1018.8571,2053.1429,2174.2857,537.1429,2707.5486,1166.2857,3790.8571,9764.5714,1912,46.8571,1760,2116.8914,541.7143,1842.8571,3620,1486.8571,867.4286,2022.2857,2364.5714,1740.5714,854.2857,504,2000,7192.5714,2038.8571,1640.5714,2358.8571,1330.8571,202.8571,79.4286,1154.2857,3568,490.8571,813.1429,2542.2857,1650.8571,710.8571,1088.5714,686.2857,4,1162.2857,1037.1429,50.8571,1718.2857,1359.4286,34.8571,305.1429,29153.7143,770.2857,1255.4286,5028.3314,2346.8571,3041.1429,28,62.8571,748,185.7143,1600,2181.1429,804,1329.1429,218.2857,230.2857,2334.2857,494.2857,1227.4286,4412,252,15032,36,449.7143,76,1922.2857,176.5486,144.5714,933.7143,581.1429,372.8286,1756.5714,442.8571,1052.5714,357.7143,9005.1429,2626.2857,1279.4286,1032.5714,2261.1429,1234.8571,534.8571,2899.4286,8514.8571,1515.4286,425.1429,981.1429,158.2343,1091.4286,260.5714,5.7143,1215.4286,1336.5714,3.4286,108.5714,14.2857,235.4286,160.5714,3416,1115.4286,7584.5714,5632.5657,2422.8571,871.4286,2184,1752,1813.7143,1927.4286,249.7143,1640.5714,2802.8571,7588,518.8571,1431.4286,1390.8571,7750.8571,1555.9657,1452.5714,3852,434.2857,1694.8571,479.4286,74.8571,1296,393.7143,1743.4286,5050.2857,120,458.8571,86.2857,1998.8571,598.2686,262.8571,1110.8571,186.2857,220.5714,388.5714,858.2857,1641.7143,1168,272.5714,2076,321.7143,257.7143,2365.1429,73.0686,18265.7143,517.1429,305.5257,2120.5714,7678.8571,2103.4286,110.2857,1977.1429,418.2857,297.1429,399.4286,429.7143,5854.8571,34.8571,33.7143,981.1429,229.1429,1000.5714,282.8571,367.4286,7.4286,1241.1429,0.6343,3364.5714,1078.2857,1415.4286,1251.4457,5069.7143,737.7143,828,4123.4286,149.1429,2766.8571,4397.1429,1910.2857,1118.2857,664,105.7143,3016,2894.8571,3183.4286,17.7143,153.1429,165.7143,135.4286,49.7143,2780.5714,405.7143,4412,29.1429,8469.1429,257.1429,7.4286,111174.2857,16430.2857,360.5714,215.3314,281.1429,615.4286,562.2857,0,719.4286,3014.2857,1813.1429,826.8571,2357.7143,1883.4286,14798.8571,340,253.1429,2.8571,1021.7143,6.8571,53.1429,636,973.7143,156.5714,98.2857,12664,40335.4286,61.1429,4,5031.4286,8.5714,599.4286,272,634.2857,80,1416.5371,286.8571
TCGA-93-7347-01,3.9,2026.418,2947.9409,8.547,193.4732,702.7972,33.411,2897.8244,1107.6146,1143.3566,1252.9138,903.2634,1869.0754,487.568,933.5664,228.4382,173.6597,75.3691,928.9044,1012.0435,759.5183,7564.4911,42.735,2133.6441,1898.2129,2572.2611,14657.23,1117.7156,473.9705,1422.6807,2679.8757,4313.5198,203.5742,404.4289,411.8104,200.8547,81.1966,0,278.5548,554.3901,15479.4095,45.066,445.2214,4238.9277,2035.742,6465.812,383.8384,905.9829,2879.9534,761.8493,395.4934,2996.5229,1400.9324,1176.9775,1084.3046,1006.216,751.7483,7245.5322,811.5773,17.4825,566.0451,977.467,2126.2626,1505.8275,737.7622,3262.0591,1968.92,3474.7475,8948.3294,1108.3916,52.4476,913.7529,1356.1461,413.3644,1122.7661,5380.7304,579.6426,431.6239,1933.5664,2179.8757,821.2898,18.2595,686.0917,1517.4825,4909.8679,2017.871,1587.265,4217.9487,976.3015,208.6247,182.9837,1320.1243,1826.7288,1189.1997,454.5455,1238.1507,1508.1585,966.2005,1070.7071,671.7172,4.662,2484.8485,536.9075,89.3551,1184.1492,2134.8096,61.3831,430.0699,27114.6076,1165.8897,1055.9441,7369.9029,1786.7133,2913.3644,88.1896,63.7141,807.6923,292.9293,1181.4297,3196.9697,428.1274,1518.648,246.3092,105.2836,3054.3901,6720.6682,1103.7296,1683.3722,237.3737,4536.1305,139.0831,311.1888,281.2743,1398.9899,343.9472,186.8687,2090.1321,82.7506,685.3147,1064.8796,147.2416,1379.1764,639.4716,2351.9814,1532.634,815.4623,1975.136,1977.467,2731.1577,514.3745,2725.3302,2000.777,602.9526,348.0963,1404.8174,166.5152,1318.1818,254.8563,17.094,1228.8267,1430.0699,25.641,617.7156,12.432,265.7343,189.1997,3750.1943,1060.6061,7891.6084,4903.648,2414.5299,1338.3838,3066.0451,1350.4274,1965.812,1567.2106,77.3116,2177.1562,1480.575,7205.9052,642.9681,2461.15,1274.2813,6137.5291,1714.425,1573.8151,2567.5991,467.7545,1696.5812,120.0466,77.3116,2196.5812,445.9984,2205.1282,3515.1515,177.1562,1128.2051,108.0031,1727.6612,710.5672,344.5998,275.8353,25.641,249.4172,951.049,878.7879,518.648,1000.777,856.6434,1156.9542,519.8135,139.4716,815.0738,256.6667,7072.2611,300.3108,296.8687,1165.8897,2845.7653,2052.8361,158.5082,933.1779,572.6496,665.5012,554.3901,326.7288,6321.6783,73.8151,59.0521,530.303,125.4856,765.3458,561.3831,111.1111,2.331,2187.6457,3.885,2839.5493,1893.9394,1772.3388,1026.1655,3041.5695,1128.9821,1275.0583,3114.6076,191.1422,1796.8143,1634.0326,3573.8151,1047.0085,901.7094,101.0101,3736.2082,3506.993,1184.1492,14.3745,223.3877,177.9332,73.4266,45.843,2267.2883,229.6037,1417.6379,23.31,3108.0031,223.7762,33.7995,227264.9573,10146.8531,299.1453,133.0458,313.9083,499.223,233.4887,0.3885,419.1919,1793.7063,1200.4662,627.4281,1732.3232,2348.0963,8480.1865,289.8213,228.4382,5.439,1073.4266,8.9355,36.9075,440.1709,625.4856,244.7552,19.0365,11431.6239,103279.3318,200.0777,2.331,3672.8827,8.9355,562.1601,301.0878,821.2898,36.1305,1610.3108,191.5307
TCGA-93-7348-01,3.3,2131.9314,4389.3483,3.9627,143.3176,548.1732,29.0598,3740.1263,1452.9892,1246.9289,2002.4833,1198.7161,1350.6195,276.0679,1040.8686,125.4854,252.9522,90.4816,1129.3689,797.8232,1032.2828,5761.1022,13.209,1054.7381,1975.4049,2836.6312,10454.2308,1172.2981,614.8786,1041.5225,1936.4383,6581.3806,182.2841,630.7294,1172.2981,473.5424,31.0411,1.3209,120.8623,350.0383,17840.0655,28.3993,369.1913,3657.5701,1782.5536,3278.472,338.8107,947.0848,2446.3054,1215.2273,325.6017,2219.2759,1465.5377,729.5921,1159.0891,902.8346,1309.0112,5009.5105,658.4683,19.8135,485.4305,1268.7237,1073.2307,2081.0768,1033.6037,3819.9812,925.9504,2778.5116,5131.6937,721.211,35.6643,1048.794,1896.8774,345.4152,1189.4698,4493.6993,1352.6009,287.956,1339.3919,1707.9228,920.6668,11.8881,1008.5066,1448.366,5354.9256,1597.6277,1293.3783,3559.8235,1245.608,984.07,927.2713,1561.9634,1867.7516,858.5845,1039.5477,2880.2209,1521.0155,576.5725,962.2751,624.7854,24.4366,1911.3412,663.7519,50.8546,1594.9859,1653.7659,31.0411,207.3812,22693.0494,697.4348,811.0322,3960.056,1389.586,1355.9031,104.351,30.3807,2082.3977,225.8738,1272.026,1826.1432,684.8863,1534.2245,160.4893,279.3702,993.9767,1417.3249,958.3124,2787.0975,139.3549,5514.7544,234.4596,262.859,307.7695,2075.1328,85.5216,120.8623,2248.1706,106.9928,614.2182,924.6295,88.5003,485.4305,486.0909,5848.942,1385.6233,2001.1624,1513.7506,1721.1317,1543.4708,807.0695,2832.6685,2711.1457,908.7787,443.1617,1381.0002,145.1668,684.2258,223.232,21.7948,1240.9849,1062.6635,22.4553,91.8025,18.4926,400.8929,59.4405,4689.1924,1028.9805,8048.8997,2516.9736,1750.1915,1132.0107,2645.7612,953.0288,1742.9266,1719.1504,2151.7449,1618.1016,1480.0676,10981.2961,617.5204,1141.9174,2211.8458,2999.1018,1673.0048,1994.5579,2832.6685,391.6466,1801.7066,127.4668,56.1382,1104.9322,488.0723,3662.1932,3385.4648,180.3028,115.5787,77.2726,1458.2728,556.759,360.6055,95.1047,262.859,375.7958,571.9494,1258.817,1227.7759,1227.1154,1102.9509,813.6739,540.9083,566.6658,696.7744,162.6159,19655.6416,336.1689,275.6321,722.5319,8093.1498,2160.3308,29.7202,877.7376,620.1622,542.2291,343.4338,126.8063,7756.981,33.0225,77.9331,1146.5406,163.1311,760.838,2636.5149,171.7169,0.6604,1688.7697,16.4914,3279.1324,5183.2087,1968.1399,920.3168,4308.7734,1124.7457,1228.4363,3336.5916,184.9259,1601.5904,2303.6483,2553.2983,662.431,761.4984,89.8212,4162.814,3500.3831,1550.0753,36.3247,236.441,124.1645,141.9967,72.6495,2518.2945,210.6834,5430.2169,56.1382,11516.2603,212.6648,13.8694,49651.943,8278.7362,423.3482,178.1563,264.8403,336.1689,140.0153,0,573.2703,1050.7754,1588.3814,884.3421,2523.5781,2514.9922,11415.2115,760.1775,243.0455,2.6418,1108.8949,10.5672,29.7202,433.255,1408.7391,50.8546,1.9813,15895.0413,58935.2231,141.3362,3.3022,9823.5279,7.9254,507.8858,364.5682,519.7739,60.7614,2415.2511,134.0713
TCGA-95-7039-01,37.33333333,1335.7143,4044.2857,2.1429,133.5714,287.1429,4.2857,3360.7143,1487.1429,523.5714,842.8571,1525.7143,1660,111.4286,662.1429,291.4286,396.4286,97.8571,82.1429,821.4286,1108.5714,18286.4286,136.4286,2384.2857,1215.7143,2091.4286,12081.4071,1452.1429,661.4286,1447.8571,1691.4286,9295.7143,470,270.7143,146.4286,1800.7143,10,1.4286,32.1429,452.8571,39003.5714,9.2857,401.4286,2215.7143,2575.7143,4354.2857,213.5714,228.5714,692.8571,330.7143,1096.4286,1742.65,1362.1429,1161.1071,956.4286,499.2857,1002.8571,28623.5714,477.8571,39.2857,855.7143,1218.5714,2311.4286,2311.4286,577.1429,7523.4,1112.1429,3532.8571,7261.4286,1208.5714,2.1429,959.2857,508.3786,351.4286,892.8571,5211.4286,377.1429,302.8571,1830.7143,2077.1429,954.2857,11.4286,802.8571,1295.7143,4560,1821.4286,1587.8571,5735,1427.8571,110.7143,100.7143,1319.2857,1465,1200,326.4286,784.2857,1932.8571,655.7143,1604.2857,560.7143,4.2857,1727.1429,417.1429,101.4286,1707.1429,1893.5714,60,70.7143,22766.4286,712.1429,1667.1429,19682.8571,570,2335,57.8571,84.2857,118.5714,40.7143,1500.7143,2764.2857,530,1672.8571,194.2857,135.7143,539.2857,242.1429,1117.8571,1465.7143,42.8571,7854.2857,36.4286,345.7143,390,1917.8571,804.2643,260.7143,602.8571,200.7143,567.8571,1233.5714,33.5714,207.8571,76.4286,9807.8571,1032.8571,1280.7143,1543.5714,1514.2857,2134.2857,833.5714,2970,1000,367.8571,175,1285.7143,336.7286,1455.7143,120.7143,2.1429,1798.5714,592.8571,0,73.5714,7.8571,273.5714,76.4286,3382.1429,1657.8571,7007.1429,4475,1882.8571,2160.7143,8100,1508.5714,1698.5714,1745,5.7143,1713.5714,3127.8571,5528.5714,465,1605.7143,583.5714,4667.1429,1112.0071,2608.5714,2578.5714,265,815,390.7143,324.2857,1072.8571,337.8571,3855.7143,1918.5714,120.7143,765.7143,282.8571,1753.5714,650.7143,360.7143,73.5714,7.8571,117.1429,628.5714,1103.5714,1978.5714,714.2857,860,1965.7143,310.7143,335,970,110.3929,14180.7143,322.1429,272.4786,622.8571,4677.1429,2583.5714,55,616.4286,1044.2857,557.1429,664.2857,305.7143,10248.5714,132.8571,72.1429,990,60.7143,1734.2857,40.7143,247.8571,17.8571,1514.2857,0,4829.2857,2715,1869.2857,697.9143,13140.7143,1865,343.5714,3041.4286,464.2857,2285,3461.4286,1944.2857,335,1340.7143,80,9616.4286,2862.8571,2376.4286,10,273.5714,194.2857,87.8571,232.1429,1102.8571,311.4286,6557.8571,133.5714,2087.8571,122.8571,5.7143,32212.8571,6141.4286,232.1429,245.2286,149.2857,127.8571,1318.5714,0,332.1429,2655.7143,3302.1429,672.8571,1776.4286,5228.5714,36240,157.8571,170,0.7143,1049.2857,1.4286,28.5714,315.7143,456.4286,23.5714,4.2857,14009.2857,38208.5714,42.8571,3.5714,7707.1429,10,822.2357,331.4286,571.4286,9.2857,4505.4429,327.1429
TCGA-95-7043-01,32.83333333,1919.6551,1956.4962,0.7839,142.6612,427.9835,3.1354,1898.4911,1299.6277,320.5957,1226.7294,1207.9169,785.4203,78.3853,852.0478,319.8119,511.8558,135.6065,58.0051,632.5691,1460.3175,8748.5793,723.496,31879.2867,1338.0364,2197.1389,5457.1742,1274.5444,1361.552,1383.4921,1338.8203,10121.8891,214.7756,356.6529,3028.8066,2500.4899,3.9193,0,29.7864,275.1323,23629.2377,126.2003,391.9263,26044.2877,2496.5706,1486.9684,166.1768,146.5804,2212.816,623.1628,44.6796,1050.6447,1204.7815,1278.9575,234.3719,826.1807,1766.02,3187.9287,587.1056,17.2448,866.1572,1421.9087,498.5303,2066.2355,1259.6512,2732.5024,1889.0849,5412.5024,3753.0864,1045.6594,8.6224,568.2932,651.1307,419.3612,297.864,9240.8387,205.3694,131.6872,779.1495,2984.127,912.4045,12.5416,80.7368,910.8368,4195.1793,1584.95,1279.6316,2979.4239,1816.1866,74.466,146.5804,2295.1205,2120.3214,562.8062,478.1501,155.9867,4184.9892,697.6288,1347.4427,575.3478,10.1901,3820.4977,896.7274,108.1717,1062.9042,1262.0027,62.7082,34.4895,16666.2747,866.941,899.8628,1869.3553,328.4343,3979.6198,598.0796,8.6224,108.1717,35.2734,1706.4472,2102.2928,114.4425,1524.5934,181.8538,355.0852,195.1793,5068.3911,1308.25,540.8583,25.8671,6652.5573,24.2994,248.4813,5.487,1301.1954,514.5209,159.9059,69408.5832,809.7198,870.8603,1437.5857,73.6821,95.63,90.1431,1800.5095,1331.7656,706.2512,3923.9663,971.1934,1321.5755,615.3243,3649.6179,772.0948,409.1711,281.4031,909.2691,131.9538,1475.2107,412.3065,7.0547,837.9385,10719.9686,1.5677,43.1119,7.8385,375.4654,8.6224,1554.3798,964.1387,8712.522,4058.0051,1724.4758,1785.6163,1367.8228,957.8679,2596.9038,1456.3982,134.8227,1077.0135,7298.4519,12249.2651,414.658,650.5977,447.5799,880.2665,923.3,1879.6786,4613.7566,184.9892,1628.0619,455.4184,351.9498,370.7623,417.0096,2457.378,2937.8797,217.911,1372.526,184.9892,1503.4294,353.5175,667.0586,159.1221,401.3325,205.3694,72.1144,816.7744,1332.5495,1805.9965,603.5665,3616.6961,62.7082,145.7966,221.0464,98.2638,5571.6245,423.2804,238.8242,895.1597,2317.8522,2457.378,10.9739,384.0878,879.4827,1004.1152,640.4076,262.5906,6067.0194,210.8564,57.2212,1354.4974,62.7082,897.5113,2111.699,98.7654,3.9193,1958.0639,9.4062,4940.6232,271.213,3130.7074,1233.643,1694.6894,771.311,140.3096,4662.3555,400.5487,3716.2453,2527.1409,1522.2418,322.1634,90.1431,236.7235,4065.0598,2353.9095,2083.4803,18.8125,699.9804,348.8144,152.8513,137.9581,1241.6226,164.6091,1588.0854,94.0623,1443.8566,16.4609,0.7839,8357.4368,5968.254,489.124,430.9387,149.7159,79.1691,631.7852,0.7839,366.843,1059.7688,1875.7594,888.105,3177.7386,4317.4603,16328.4343,129.3357,228.1011,0,819.9099,0,3.1354,377.817,697.6288,20.3802,10.9739,5643.739,1432.8826,9097.3937,0.7839,3103.2726,119.1456,427.9835,531.4521,228.1011,10.9739,464.0408,115.2263
TCGA-95-7567-01,28.86666667,3135.5837,3503.7975,1.6878,132.2082,491.9831,3.3755,2463.0098,902.6723,724.0506,979.7468,1157.2433,1576.09,171.0267,1005.9072,133.052,256.8214,130.8017,148.5232,799.4374,1485.2321,8265.8228,102.391,446.6948,1904.6414,2057.384,12228.6807,1436.5682,1079.6062,614.0619,3488.3263,10073.699,270.3235,298.7342,302.1097,661.3221,5.0633,0,72.0113,710.5485,26672.2925,85.2321,374.4023,2602.8129,2653.7271,1993.8115,213.7834,705.4852,1812.6582,290.0141,1295.6399,2722.0591,2366.8073,923.4205,418.2841,1161.744,1324.8945,4620.2532,666.1041,8.4388,976.9339,1183.4037,1975.5274,2423.6287,1175.2461,3388.6948,1414.6273,7076.512,9101.5471,1667.2293,9.2827,954.7117,827.9691,432.9114,495.6399,4927.7075,520.9564,312.2363,1486.3572,3504.3601,1056.5401,10.1266,1095.0774,1342.0534,5996.9058,929.1139,717.4487,5278.1997,2439.3812,59.9156,110.2672,1181.7159,1528.8326,1420.2532,334.4585,506.0478,2225.3165,726.5823,1553.0239,542.8973,17.7215,2499.5781,603.9381,82.9817,990.436,1509.1421,81.5752,177.2152,34073.699,928.5513,949.9297,11734.9311,699.0155,2032.9114,120.6751,88.045,1190.1547,145.429,1851.1955,3451.4768,163.7131,1958.3685,309.1421,730.5204,1268.3544,128.5513,1135.3024,1134.4585,57.384,8660.7595,0.8439,209.8453,35.1617,1066.1041,276.5007,257.6653,417.1589,148.8045,331.6456,1578.0591,31.5049,377.4965,381.7159,2772.9958,1870.0422,823.0661,1565.6821,1377.4965,2561.744,634.8805,3139.5218,1999.7187,465.8228,149.9297,2021.3783,158.2504,1929.6765,357.2433,29.2546,1273.699,516.4557,5.0633,23.3474,3.3755,299.5781,95.3586,2018.5654,1512.2363,7883.263,5416.8748,2040.7876,1440.5063,1734.4585,1665.2602,2670.0422,1354.1491,70.6048,1946.2729,2407.8762,6510.2672,614.0647,439.9437,1327.7075,3265.8228,905.1336,993.2489,4101.2658,242.4754,1134.1772,793.5302,370.7454,1015.4712,535.865,4190.436,1338.1153,138.6779,503.5162,237.1308,2694.2335,990.4332,376.6526,14.6273,14.0647,178.3404,796.3432,1428.692,1721.2377,1157.5246,603.0942,1632.6301,507.4543,21.3783,155.5556,714.0309,9460.4782,461.0408,322.8579,896.4838,2852.0394,2075.6681,78.481,956.3994,647.5387,812.0956,672.2925,152.7426,5832.9114,98.4529,59.353,1166.2447,78.481,372.7145,8.1575,139.2405,1.9691,2700.1406,0.2813,3592.1238,1483.8256,2114.7679,817.8903,18780.0281,1553.5865,1042.7567,4389.8734,425.879,1390.436,1621.3783,3077.9184,686.9198,616.5963,192.1238,6493.1083,8339.5218,2412.3769,5.9072,181.4346,160.3376,127.1449,119.2686,517.8622,155.8368,7028.9733,120.9564,3752.18,37.4121,13.7834,55236.2869,9019.128,362.3066,265.9241,88.3263,212.3769,590.1547,0,636.8495,2102.1097,4099.0155,818.0028,2169.6203,3619.4093,14331.083,69.4796,159.775,0.8439,699.0155,4.5007,150.7736,306.8917,353.5865,89.1702,0.8439,23860.4782,82926.301,57.9466,1.4065,6279.8875,8.7201,371.9325,592.1238,581.7159,83.8256,894.5963,360.9001
TCGA-97-7546-01,7.966666667,2929.0188,2217.6409,1.0438,231.2109,1084.0292,47.4948,3737.4739,2368.9979,1356.9937,3364.8225,1233.2985,1424.8434,682.1503,1663.8831,269.833,254.1754,69.4154,230.6889,1121.6075,1281.8372,7011.4823,366.3883,1056.3674,1487.4739,4580.8977,13503.0793,1212.9436,384.1336,2368.9823,2885.6994,6314.7182,167.0146,541.7537,1283.9248,863.7787,17.7453,0,82.4635,598.1211,18138.8309,11.4823,215.0313,2219.7286,1248.4342,5992.1712,495.8246,416.4927,2769.3111,1160.7516,2265.6576,3114.3163,1543.8413,1784.3372,1013.048,1335.595,665.4489,4900.3132,593.9457,22.9645,979.6451,1691.5449,1539.1441,2075.1566,706.1587,3964.7651,1224.4259,7105.9499,6804.8017,2383.6117,55.3236,1646.1378,2956.4509,582.4635,1817.8497,3558.4551,716.0752,707.7244,1614.3006,2619.5198,1233.8205,86.1169,399.7912,1777.6618,6215.0313,1615.8664,1604.2223,3296.4509,866.9102,184.7599,244.2589,1491.1273,3804.2797,610.1253,877.3486,1286.5344,1121.6075,676.4092,1423.2777,753.1315,4.6973,1368.9979,591.858,124.2171,2741.6493,2062.1086,87.6827,293.3194,17795.929,960.334,1291.2317,4625.8299,1180.0626,2696.7641,51.1482,161.2735,921.7119,202.5052,1769.3111,1327.2443,366.3883,1298.0167,404.4885,218.1628,1786.0125,335.0731,1156.0543,1789.1441,215.0313,5008.3507,247.9123,767.7453,218.1628,1382.5678,47.5522,296.9729,1310.0209,480.6889,483.2985,1986.4301,313.1524,1033.9248,1242.1712,4484.8643,1467.0251,1377.8706,1045.929,2516.1795,1131.524,1209.8121,3652.4008,1735.9081,903.4447,591.858,1803.2359,142.7349,1469.2067,185.2818,21.3987,1854.9061,1207.7244,14.0919,55.8455,21.3987,415.4489,103.8622,3401.357,1735.9081,12624.739,3555.8455,2081.9415,1772.4426,1489.0397,1100.2088,1898.2255,1851.7745,346.5553,3897.1816,817.8497,10455.1148,455.6367,1470.2505,5812.6305,6045.929,772.9489,2127.3486,2841.858,667.5365,1514.0919,289.666,69.9374,1859.0814,401.8789,1727.0355,2884.6555,101.7745,744.7808,108.5595,2568.8935,750,298.0167,432.1503,31.8372,537.5783,640.9186,1169.1023,1541.7537,1397.1816,625.261,1983.8205,132.5678,104.9061,1096.0334,137.2651,17202.5052,471.2944,441.4405,1058.977,9322.547,1854.9061,54.8017,989.5616,465.5532,454.5929,520.8768,265.6576,5394.0501,34.9687,57.4113,942.5887,356.4718,1219.7286,722.3382,219.2067,2.6096,3575.1566,0.5219,3938.4134,2830.8977,2324.6347,1192.5,5577.2443,718.1628,1421.7119,2999.4781,168.5804,2429.5407,1852.2965,1898.2255,775.5741,481.2109,376.8267,2006.785,4311.0647,1470.2505,63.6743,162.8392,163.3612,62.1086,51.6701,4312.1086,291.2317,2096.5553,24.5303,4326.7223,155.5324,7.3069,132163.3612,11077.7662,425.3653,185.1931,1122.1294,398.7474,674.8434,3.1315,384.1336,4251.5658,1778.7056,649.7912,2366.3883,1341.3361,25092.38,497.9123,343.4238,0.5219,861.691,0,20.3549,662.3173,437.3695,105.9499,75.1566,40063.6743,67148.2255,73.5908,3.4708,6665.9708,9.9165,527.1555,301.1482,639.3528,87.6827,1912.0511,225.9916
TCGA-97-7552-01,0.866666667,1650.406,2858.0995,15.3461,257.1639,1020.7498,49.2936,3880.2444,1332.3227,1826.1889,2676.2712,732.4287,1278.8437,860.7781,1426.7246,167.4123,170.6675,116.7236,2005.227,1129.1028,1115.1517,12029.5018,22.7867,847.2921,1601.5774,3408.2348,9268.5711,1391.847,443.1775,1072.815,3019.9314,7402.8776,141.8354,594.3136,1214.204,600.359,53.4789,0,196.2444,711.0371,15527.0231,169.7374,252.0485,3408.2348,1719.231,6401.1942,1344.8786,1027.7253,1904.7796,790.5579,672.9043,2821.8268,1820.1434,1373.7246,1713.6506,1677.378,694.2959,5549.2518,633.3764,24.6468,531.0689,895.1906,2411.2017,2284.7125,451.5481,3670.2862,1316.9765,4771.7148,6141.2402,1728.5317,249.2583,1695.0492,1172.4579,596.6387,1968.9543,4078.3489,1411.3785,1750.3883,2199.6112,2666.9705,1737.8324,61.3845,787.3027,2306.5691,6119.3836,1460.207,1614.1287,2734.4004,930.5332,231.1219,113.9334,1486.714,2990.1692,735.2189,855.1977,2228.4433,1599.2522,759.8657,914.257,1018.4247,0.465,1524.3817,656.6281,81.846,1297.9101,2012.2025,42.3181,571.9919,16317.116,965.4108,1580.6509,4570.9363,1324.4171,2052.1954,31.1573,114.8634,2048.0101,554.7857,1805.2623,1005.8687,1149.0992,2047.0801,216.2409,70.6852,2440.0339,638.4918,1835.0245,4838.6797,224.6115,8133.9112,93.4719,446.4327,159.9717,1695.5143,154.754,171.1325,752.4252,431.5516,581.2926,1618.7837,241.3527,1887.5734,1148.6342,2948.3161,2289.8278,1226.7599,1480.6685,3220.8261,1530.8922,857.5229,2910.6484,1906.6398,650.1177,726.8483,1406.7281,182.5352,1282.099,226.0066,17.6713,1014.2393,1805.2623,8.3706,244.1429,42.7831,431.5516,217.1709,2925.0644,1432.305,8227.3831,4562.9098,1990.8109,942.6241,2745.5612,974.7114,1609.483,1761.5491,815.6698,2499.0932,2601.4007,8245.0544,765.9111,2536.7609,2920.4141,11125.0105,1638.0919,1295.1199,3214.3156,434.8069,1510.4307,126.0242,64.1747,1349.994,386.4433,1628.5494,6250.5232,144.6256,484.1005,74.8705,1681.5633,508.2776,426.4363,237.1674,15.8112,285.5309,860.7781,670.1141,1113.7566,1407.6582,525.4885,1416.9589,573.387,861.2431,575.2472,249.2397,9764.7858,409.23,529.6831,1582.511,2605.586,1904.7796,109.283,1362.0848,395.744,332.9644,512.0025,671.5092,6790.4277,55.3391,53.0139,1158.3999,152.5312,1256.9871,2951.5714,444.5726,0.465,1453.2315,10.8353,3610.9897,2840.8932,2095.9086,1154.6843,1170.4908,239.9576,886.355,2792.0647,172.9927,2904.6029,3016.6761,2572.1035,1343.9485,2144.7372,199.0346,2221.0028,3437.0669,3284.5358,50.6887,128.3494,197.6395,101.3774,29.2971,1329.0674,512.0025,1229.5501,15.3461,4777.2952,815.2048,30.2272,123519.1129,12679.6194,492.0061,220.2913,269.2547,1151.8894,335.2896,3.7203,969.131,2625.1174,2041.0346,548.7402,1899.6642,1759.224,17572.243,1876.4125,315.7581,2.3252,1931.2866,54.409,93.0068,318.5483,2579.5441,169.7374,67.4299,11364.503,31871.1112,72.0803,17.6015,8516.6343,10.2307,468.7776,234.8422,771.0265,90.2166,1062.7377,285.996
TCGA-97-7553-01,2.566666667,2315.8188,3577.5316,16.9657,214.7501,892.4854,43.7537,3579.3175,1687.1948,1681.3907,2028.7412,656.3049,1502.8044,354.0475,1096.0739,131.7075,468.3428,124.564,462.0923,1597.9016,1156.3468,8456.9579,308.0615,1384.9374,1562.1843,2498.8699,9048.9182,1510.3943,650.0544,1132.6528,2750.6767,5600.9153,433.072,412.981,946.0613,631.7493,42.4143,0,153.1378,548.2602,16429.5002,10.2687,233.5017,3748.9745,2915.4226,4795.4907,637.5534,635.321,2806.4849,819.7115,1459.9436,2921.1508,1049.195,1756.2854,1064.8213,1506.3761,756.3133,3124.8151,765.2426,13.8404,721.0425,1228.2278,2914.5297,1314.3957,1093.8416,3120.4174,2312.6936,4914.6971,4992.3822,2230.5439,65.184,1656.3886,1232.0138,621.9271,1638.53,3922.6498,724.1678,466.1104,1757.7364,2570.3044,1222.4238,34.8243,545.5814,1642.1017,5102.2128,1661.7462,1420.6546,3198.9285,1447.8891,329.9383,158.4954,1266.6239,2428.3283,741.1335,859.8934,1954.1814,1542.9863,925.5239,1380.0262,846.9459,8.9293,1634.9583,596.032,100.4548,1817.1164,1635.4047,143.3156,988.4756,20169.5454,728.186,1737.6455,4535.6475,1788.0961,2873.4548,80.8103,166.9783,793.8164,168.7641,1609.0633,1532.2711,549.1531,1365.2929,245.5563,263.4149,4604.4033,2654.24,1389.8485,1771.1304,268.7725,3652.9843,80.8103,691.5757,107.5983,1113.0396,134.0559,386.193,880.4308,764.7962,673.3019,1470.6588,329.0454,1335.8261,512.5429,6838.9653,1764.7549,3431.5372,1142.5063,2519.4073,1412.1718,688.004,3745.8493,1729.6091,625.4988,621.0341,1716.2151,113.9828,943.3825,306.7221,8.9293,1566.2025,1286.2684,31.6991,216.0895,20.9839,275.4695,312.0797,2524.7649,1503.2508,8166.3086,5020.5051,1787.6496,1966.6825,2920.3337,1064.3748,1621.5643,1716.2151,123.6711,2213.5781,1739.4313,7882.3562,734.4365,3107.8494,1657.728,7254.6251,1140.0865,1330.4685,3431.0908,483.0762,1441.1921,354.9404,120.0993,1721.1262,432.6255,2192.1478,4107.9331,170.1035,953.6513,279.4877,2204.6488,776.8373,420.1245,62.0588,15.6263,335.7424,531.5668,994.2797,1250.1046,1382.2586,959.4553,1970.7007,469.6822,181.2652,893.8248,441.6129,12880.096,524.5975,356.4048,1501.465,5147.3059,2186.7902,89.7397,925.5239,534.4197,522.8116,719.7031,952.3119,5908.0838,153.1378,60.7194,1184.9206,180.3722,1031.3363,261.629,571.4764,0.8929,827.3014,0.4733,3272.1489,2880.1518,1448.3355,977.3943,2730.1392,577.2805,1066.1607,4056.1431,369.2273,2641.739,2105.0869,3009.6269,1399.2243,388.8718,181.2652,2811.396,3780.2271,3123.0293,39.7355,221.8936,202.6955,98.669,106.7054,3043.1119,1131.3447,2745.7655,70.5416,5577.699,503.6136,11.1616,126671.3174,9370.8737,452.7165,228.2021,115.1882,946.0613,650.0544,0,416.5527,3894.9689,2503.3345,537.9915,1540.3075,3122.5828,8639.116,425.0356,306.2756,4.0182,1021.9605,6.2505,54.0224,625.0523,1070.6253,592.4603,200.0167,8381.9516,68915.1436,46.8789,62.0409,5111.1421,10.2687,1123.344,288.8635,427.2679,81.2568,1312.6054,228.5906
TCGA-97-7554-01,13.33333333,2564.7824,4754.3772,11.0055,132.5663,859.4297,14.5073,3097.5488,1935.968,800.9005,1429.7149,1287.1436,1526.7634,285.1426,1674.3372,253.1266,312.1561,115.5578,130.5653,1216.6083,1256.6283,12076.038,35.0175,616.8084,1673.3367,3688.3442,14053.4867,2389.6948,656.3282,3681.8309,3052.5263,8809.4047,220.1101,511.2556,157.5788,143.0715,32.5163,1.0005,84.042,740.3702,16510.7554,13.0065,366.1831,2046.023,1301.6508,4027.5138,555.7779,456.7284,2622.3112,635.8179,358.1791,2820.8054,4683.3417,1725.4977,1351.6758,788.8944,914.9575,11862.4312,569.2846,4.002,1413.2066,2013.0065,2306.6533,3395.6978,865.4327,2032.6813,1772.3862,5131.0655,7109.0545,1580.7904,29.5148,1162.081,2457.0635,457.7289,1632.3162,5014.5073,1084.042,123.5618,1600.3002,2362.6813,1052.5263,30.015,1327.1636,1359.1796,4843.922,3216.6083,1865.7579,3802.9015,1294.6473,193.0965,100.05,1634.8174,2244.6223,848.9245,511.2556,781.8909,1935.968,732.8664,855.928,533.2666,24.012,1878.4392,500.7504,118.5593,1217.1086,1886.4432,413.2066,241.1206,26722.8614,540.2701,1219.1096,8893.6068,905.953,1849.925,77.5388,507.2536,1321.6608,188.5943,1537.7689,1794.8974,699.8499,1145.5728,239.1196,215.1076,1710.8554,301.1506,1373.6868,1801.901,246.6233,5108.054,21.5108,589.7949,160.5803,1116.5583,115.0975,295.6478,1378.6893,73.5368,426.7134,1214.1071,161.0805,458.7294,829.4147,3783.8919,1443.2216,5048.024,1225.6128,2353.6768,2012.006,674.3372,3362.1811,977.4887,444.2221,282.6413,2020.01,96.3932,1452.7264,157.5788,6.003,1845.923,783.8919,6.003,59.5298,18.009,285.6428,133.0665,5232.1161,861.4307,8271.6358,4394.6923,1799.3997,1658.8294,2403.7019,877.939,1967.4837,1481.7409,345.1726,2287.1436,1252.1261,6763.3817,728.3642,828.4142,2719.3597,4546.7734,706.7584,1742.3712,2909.4547,566.2831,1498.2491,274.6373,98.5493,1345.1726,964.9825,2800.9005,1809.905,147.5738,575.7879,191.0955,2151.0755,592.2961,334.1671,125.5628,24.5123,368.6843,1194.097,1070.5353,1791.8959,1307.1536,672.8364,1567.7839,620.3102,337.1686,319.1596,258.7294,10969.4847,519.7599,458.064,1693.8469,4077.0385,2107.5538,46.023,960.9805,572.2861,715.3577,642.3212,189.0945,7206.1031,94.5473,62.031,995.4977,174.087,1343.6718,1154.077,121.0605,2.5013,666.8334,0,5271.1356,2571.7859,1676.8384,798.8194,5976.9885,2277.1386,625.8129,2769.8849,365.1826,2843.922,1850.9255,2658.3292,1078.039,804.9025,72.036,4713.3567,6614.3072,1553.7769,16.008,274.1371,263.6318,65.0425,60.5303,809.4047,238.6193,5658.8294,73.0365,1864.4322,99.0495,8.004,56531.2656,9315.1576,471.7359,201.7759,165.5828,481.7409,866.9335,0,793.8969,3073.0365,2637.8189,434.7174,1382.6913,3114.057,12553.7769,269.1346,196.5983,0,850.4252,1.0005,60.5303,393.6968,364.1821,115.0575,5.5028,14101.0505,76160.08,59.5298,1.5008,17072.5363,9.0045,504.7524,416.7084,493.2466,23.0115,1896.4482,456.2281
TCGA-97-7937-01,13.93333333,1415.0261,3763.3588,0,166.7336,507.4327,1.6071,4127.3604,2824.0257,1177.5814,1136.601,997.1876,965.448,73.9253,1777.0189,298.5135,300.5223,114.102,38.5697,1531.137,1685.4158,13818.8027,48.2121,384.4918,1511.8521,2846.5247,12365.9502,1527.9229,505.4239,1569.6786,3213.3387,6951.3861,365.6087,276.818,1388.1077,1972.278,2.0088,0,194.8574,227.4006,32337.8867,4.0177,421.4544,4312.1736,3435.1145,3685.8176,128.9675,311.7718,1552.0289,527.5211,1997.5894,2919.3612,1274.0056,1076.0506,948.5737,616.7135,1200.4821,5420.2491,566.8943,8.0354,721.5749,1433.5074,1303.3347,796.7055,855.7654,4113.7887,975.4922,4993.9735,3909.2005,1897.1474,3.6159,1370.4299,1173.7324,253.1137,419.8473,4336.2796,135.7975,199.6786,1393.7324,1510.6468,993.5717,32.5432,799.5179,1420.2491,7888.3086,1393.7324,1086.3801,6196.0627,1247.0872,335.0743,112.8967,1447.1675,2948.5737,504.2186,734.4315,229.8112,2142.6276,638.409,1809.9638,794.6967,18.4813,1708.7184,608.6782,78.7465,1688.2282,2380.8759,59.0599,125.7533,25665.3274,1075.1306,1904.781,16911.6111,277.6215,1791.0808,51.4263,16.4725,124.9498,22.9008,1902.3704,1440.3375,570.1085,1519.4857,132.5834,392.1254,1051.4263,302.5311,1276.0145,436.7216,87.9871,5593.0092,1.6071,110.0844,19.6866,2311.37,197.6979,170.7513,691.4423,6.0265,517.8787,2025.7131,55.444,151.0647,45.8015,3564.4837,1751.3057,5107.272,1461.6312,2764.5641,981.1169,612.2941,3555.6448,2519.084,1212.9369,130.1728,1670.1487,159.546,1078.3447,508.2362,75.1306,2028.9273,838.8911,4.4194,45.3998,4.8212,493.7726,36.5609,1555.2431,358.7786,7750.904,6305.3435,1786.2595,1541.1812,4820.008,1598.634,2139.8152,2257.1314,752.511,2242.266,1730.0121,5928.4853,358.7786,294.4958,1086.7818,2925.2712,768.7666,1816.3921,4013.2583,159.5018,897.5492,423.865,227.8023,879.0679,870.6308,3155.8859,1717.1555,138.6099,623.1418,206.5086,2065.0864,434.7127,473.2824,31.7397,10.446,359.5822,318.2001,1218.9634,398.1519,942.5472,239.4536,1814.7851,205.3033,208.5175,170.7513,153.3146,10715.5484,705.906,160.4259,789.4737,11323.8248,2045.3998,8.0354,873.8449,894.7368,533.9494,712.736,18.4813,10478.1037,119.7268,38.9715,932.9048,120.9321,1251.9084,331.8602,57.4528,18.4813,2434.311,1.2053,3971.0727,640.8196,2236.2395,1071.5348,8028.5255,1585.7774,757.3323,3582.5633,275.6127,1578.9474,2944.9578,2005.223,419.4456,607.8746,121.3339,4713.5396,3693.853,1623.9454,5.223,239.4536,145.0382,155.8859,87.1836,2414.6243,20.0884,10229.4094,100.4419,237.4448,32.5432,2.0088,30134.994,8155.4841,562.4749,172.0209,152.27,95.219,584.5721,2.4106,437.9269,2294.8975,3514.6645,374.8493,1982.3222,3118.1197,20016.8742,56.6493,236.2395,0.8035,649.6585,0.4018,61.4705,610.687,539.5741,62.274,3.2141,18021.2937,65037.7662,12.8566,0,5458.0153,2.4106,706.7095,534.7529,414.6243,16.4725,1216.9425,171.1531
TCGA-97-7938-01,11.26666667,2350.4532,2651.3595,6.0423,260.423,993.9577,15.1057,3375.2266,1531.7221,1152.2659,2682.1752,633.8369,1458.6103,247.7341,1184.29,195.7704,112.3867,58.006,344.4109,702.719,1641.6918,11961.9335,104.5317,1123.2628,1314.1994,3167.9758,18586.5438,1041.0876,616.3142,1948.6344,2559.5166,6331.1178,150.4532,464.0483,1216.3142,825.3776,23.565,0,33.8369,476.7372,16670.0906,42.2961,218.7311,3610.2719,1181.2689,4819.3353,273.716,277.3414,2771.6012,1263.4441,604.2296,2756.6949,1507.5529,1060.1631,906.3444,967.3716,590.9366,5682.1752,803.6254,16.3142,827.1903,1387.3112,1749.8489,2503.9275,694.864,4689.5347,1702.719,4667.0695,8164.9547,2024.7734,15.71,1618.1269,1217.9879,638.0665,1465.2568,5745.6193,374.6224,709.9698,1914.1994,3096.0725,996.3746,24.7734,1473.716,2350.4532,9601.8127,2704.5317,2210.3807,3509.9698,1213.2931,103.3233,47.7341,1135.3474,2611.4804,671.2991,952.2659,1923.8671,857.4018,787.3112,1305.7402,990.3323,1.2085,1725.0755,846.5257,86.4048,3472.5076,1801.2085,46.5257,163.7462,21913.5952,778.2477,1192.7492,4876.2296,651.3595,4528.0967,31.4199,113.5952,253.7764,75.5287,1850.7553,1716.6163,827.7946,803.6254,141.994,76.7372,729.3051,449.5468,1429.6073,2292.4471,121.4502,9607.855,299.6979,499.6979,50.7553,824.1692,122.3202,267.6737,615.1057,277.9456,391.5408,1676.7372,204.8338,364.9547,224.1692,8504.5317,1134.139,723.8671,981.8731,1932.3263,1557.7039,592.7492,4419.9396,3935.9517,1422.9607,294.2598,1495.4683,78.5317,2780.6647,96.6767,10.8761,1083.9879,1021.7523,6.6465,59.2145,10.8761,250.1511,61.0272,2143.2024,2028.3988,12708.1571,5425.3776,2478.5498,1129.3051,1856.7976,831.4199,2479.7583,1500.3021,34.4411,2056.7976,1755.8912,9088.2175,513.5952,1552.2659,2027.1903,8754.6828,679.565,1395.1662,3538.9728,523.2628,1528.0967,151.0574,13.8973,1170.997,603.6254,2149.8489,3517.8248,88.8218,1250.7553,61.6314,2303.3233,645.9154,215.71,589.1239,27.7946,230.2115,699.6979,1303.9275,830.2115,1378.2477,666.4653,1694.864,213.8973,84.5921,930.5136,340.1994,35241.0876,477.3414,463.7462,1838.6707,9427.7946,2711.7825,18.1269,1181.8731,397.5831,345.6193,561.9335,274.3202,5648.3384,33.2326,50.7553,731.1178,547.432,1064.0483,1546.2236,95.4683,3.0211,2123.2628,0.6042,4396.9789,6591.5408,2677.9456,1822.7734,10296.0725,1099.6979,928.0967,2903.3233,132.3263,2072.5076,1712.9909,2054.9849,456.7976,940.1813,40.4834,3447.7341,4443.5045,2770.997,29.6073,200,159.5166,43.281,19.9396,3241.0876,277.9456,3607.2508,28.3988,6768.5801,169.1843,5.4381,59705.136,13136.5559,370.997,218.4653,475.5287,225.3776,453.7764,0,283.9879,2157.7039,1978.2477,427.7946,2873.1118,2752.2659,15759.5166,305.7402,135.3474,1.8127,945.0151,3.0211,17.5227,570.3927,819.3353,45.9215,97.281,23913.5952,105746.8278,34.4411,1.2085,8082.7795,5.4381,563.142,182.4773,745.6193,34.4411,4719.2024,131.1178
TCGA-97-7941-01,2.7,1813.6489,3473.0067,19.4077,183.7262,638.8366,28.1412,1901.6305,1582.3739,1371.477,1412.8801,908.6035,1616.6609,267.5027,972.002,114.8289,135.5304,57.8996,1602.1051,657.5973,826.1208,8817.2386,316.3454,1069.3639,1848.2593,2592.5444,10493.2902,1259.8828,463.1969,664.7038,2634.5944,7781.5147,66.9565,356.1312,1863.462,910.2208,21.3485,3.8815,108.0362,713.5562,10433.2525,556.0304,414.3543,2361.9163,1290.9351,3917.7664,249.3889,598.7273,3891.566,862.3485,772.7497,2843.3209,969.7377,877.548,760.4581,1472.7205,1167.3728,2033.6028,600.3446,34.6104,460.2858,683.1508,1638.0093,1491.1578,1069.3639,2522.185,2001.5801,2756.2159,7678.9773,922.8358,29.7585,961.6512,846.997,306.6416,1064.512,7283.3839,396.5639,562.1762,1671.6493,1943.6805,876.9043,43.9908,916.3666,1366.9485,5398.8968,988.822,1081.07,4052.0029,1487.9232,296.6142,116.4462,966.5031,2153.607,1176.1062,453.4931,666.3308,1450.0782,963.9154,1301.9328,668.2716,12.9385,1947.562,607.4608,56.9292,1362.4201,1683.9409,25.5535,209.9265,17764.5087,847.7927,777.925,5551.8747,679.5927,2430.8136,47.5488,26.2004,284.9696,143.6169,1167.6962,1201.9831,624.9277,1428.7297,104.8015,128.7377,1460.4289,895.665,1163.1678,1055.4551,108.6831,13650.4011,97.6854,516.8916,58.2231,1289.9647,250.0714,213.1612,919.6012,1950.4732,851.3508,1256.6481,131.9723,384.2723,108.3596,2105.7347,1140.7583,861.7016,2334.7455,2110.2632,2106.3817,628.8093,2427.579,3138.5475,728.4354,354.5139,1383.1216,369.0761,2030.0447,156.8789,65.0158,1026.0201,1016.3162,8.7335,400.7689,14.8792,277.2066,47.8723,3430.3098,785.3647,5365.5803,2541.748,1903.8947,1055.1316,3825.9033,1380.8574,1297.7278,1400.2651,459.6389,2313.7205,4237.0229,5547.0422,549.2377,1553.2624,536.9462,10170.9252,3079.5287,2265.2013,2244.4997,287.2339,1715.6401,98.0089,36.2277,1249.532,742.0208,4604.7987,4040.3583,123.2389,1342.3655,75.69,1566.8478,994.6411,235.1566,94.4508,17.4669,211.2204,684.4447,779.8658,939.3324,1330.3974,1114.6485,3095.2036,355.4843,494.8962,2101.5297,148.4494,6871.9408,330.5777,358.2078,775.9843,1862.4916,2448.2805,38.4919,1130.1747,579.3196,551.1785,585.4654,527.2423,4481.2364,48.8427,42.6969,1555.5266,87.9815,517.5385,3996.691,225.4527,0.3235,1578.8159,37.5054,5838.4811,2614.5398,1455.9005,931.2458,2455.0732,1347.5408,1247.9147,3975.0191,185.3435,1089.4185,5023.0345,2285.2559,810.5947,2510.7086,378.7735,4501.9379,2349.9482,1414.8208,67.9269,171.4346,146.8515,160.4369,25.5535,1339.4543,309.5527,2714.4894,9.0569,3577.4848,208.6327,26.5238,77634.9785,9590.6351,316.9923,292.8912,201.1931,240.9789,1204.8943,4.205,263.9446,1282.5251,1426.7889,735.2281,1544.2055,4199.1779,16549.9105,1146.0243,349.3385,0.6469,1025.3731,5.8223,70.8381,286.5869,1566.5243,84.4235,57.8996,6572.7388,29856.7955,596.1396,6.0002,11876.538,7.1162,549.2701,329.2839,807.0366,64.0454,745.5627,314.0812
TCGA-99-7458-01,14,1613.1755,2620.5413,15.228,307.8706,1130.5139,42.3736,3524.6214,1217.9095,1516.1798,2714.8887,788.8769,1430.7705,478.6891,2444.7571,313.4983,238.3514,122.8172,837.5403,1482.4133,1490.6894,14724.82,110.8996,739.5514,1031.2009,2768.1867,16123.4263,865.017,549.8634,3252.8147,2242.8205,7422.6599,147.3144,594.2233,433.9982,173.7979,46.3461,0.331,164.5287,537.6148,14241.8274,7.614,310.85,2567.2432,1568.4846,6057.7671,616.7343,666.7218,2856.9064,1187.4534,565.4225,2613.7979,1819.0847,1774.993,1565.5053,1413.5562,832.2436,9950.1779,721.344,12.5797,1115.617,1538.3597,1646.6109,3113.7962,835.5541,2181.8952,1460.5644,10772.8213,10577.1745,1963.7507,68.8571,1642.9695,1314.306,520.4006,1713.8128,2752.2966,584.292,476.7028,2157.0802,2237.1928,949.4331,59.9189,1434.743,1984.9375,5657.5354,2510.9658,2329.1831,5139.7832,832.5747,159.563,126.1276,1411.901,3552.098,863.0307,675.66,1178.8463,611.1065,876.2724,1180.1705,846.8096,11.2555,1121.2447,702.8056,100.6373,1554.9119,1747.5792,89.3818,309.1947,23295.2081,1049.7393,1580.7333,10346.9536,1236.4479,1326.4918,38.7321,325.7469,286.3527,130.4312,1573.4503,1174.2117,464.4542,1499.2965,171.1495,99.6441,1918.0667,742.8619,1415.8735,1611.5203,273.7731,3029.3801,46.6771,1012.6624,2773.8145,1283.4561,294.1521,247.2896,858.0651,274.7662,510.1382,2114.0445,210.5437,1061.6569,332.6988,3516.0142,1615.1618,4628.6518,1387.0727,3518.9936,1736.3238,667.0529,3011.5038,1300.6704,1028.5525,469.0888,1782.0078,145.1792,667.3839,233.7168,26.1524,1742.2825,1051.3945,13.5728,56.2774,14.897,288.339,234.0478,3374.3276,1073.5744,8535.9596,4154.9218,1781.3457,1142.7626,2654.9698,1045.4357,2059.4223,1563.519,105.6029,2680.4602,1078.5401,6326.5745,594.5543,1746.9172,1812.4638,4519.4074,1170.4974,1848.2165,4179.4256,503.1863,1776.049,108.9133,58.2637,1536.7045,303.236,1461.5576,2601.3407,140.0314,649.1765,170.4875,1677.067,661.7562,455.8471,59.2568,42.0425,499.2138,1000.4138,1461.8886,2287.5114,1278.1594,505.5036,1195.7295,402.549,330.3815,488.9514,233.1937,10425.2255,462.4679,419.4356,3184.9706,5651.5766,2031.9457,73.4917,1315.8984,619.3826,334.023,420.7564,258.214,5942.2329,44.6909,71.8365,898.7834,359.1823,935.1982,1187.4534,294.9599,1.9863,1500.2897,1.3242,1917.4046,927.2532,1491.3515,1286.4918,3262.1038,649.1765,1848.5475,3167.7564,195.3157,2406.025,2093.1888,2510.9658,1001.0759,1105.3546,89.0507,4371.0999,5313.5811,1129.5208,45.353,217.4957,178.1015,78.4573,49.3255,1212.9438,642.2246,5797.2358,38.7321,3435.2396,181.7429,15.559,115926.1773,15154.8457,441.9432,339.3495,271.1247,397.2523,962.0127,0,282.0492,3046.5944,1875.031,470.0819,1641.3142,2316.3122,13494.6619,227.0959,281.7181,21.1868,1109.9892,4.9657,291.6494,393.6109,945.1295,278.4077,45.353,6343.7888,136685.9224,41.3805,1.9863,3981.4616,16.2211,545.5864,238.6824,674.0048,36.0838,1280.7879,369.4447
TCGA-95-7947-01,15.53333333,4065.9226,4872.9953,69.0642,79.4543,423.2471,217.8882,4187.5489,1902.3201,1508.7155,1523.6896,1312.5244,1208.6226,511.2581,1345.8341,241.1133,908.5297,206.5813,1032.6007,1538.6637,1190.287,5426.1197,1702.7675,314.4558,1626.6747,4871.4673,5116.7948,1698.1836,579.711,899.3497,3690.9593,110746.504,734.9526,284.202,854.4397,135.9891,19.2524,0,55.618,973.9268,26627.5914,12.5293,443.4163,6702.5841,2860.9671,3637.786,429.0534,503.3126,2240.3066,868.497,248.7532,4011.2214,801.8776,1720.2505,628.3004,370.9906,1231.2366,2544.9834,456.2512,43.0887,1383.7278,2254.0583,962.9254,2269.9491,851.3837,3712.7512,1574.1126,4846.7143,5312.4389,1189.3702,22.6139,898.1395,311.3846,786.5979,779.2636,3801.8898,368.5459,1307.9405,1481.5177,1412.7591,306.2048,6.4175,1225.4303,1212.2898,6347.4844,1189.0646,1096.6898,3423.5649,1024.6553,979.1218,108.4857,1042.6853,2096.372,1097.3866,743.5092,870.6361,2050.2274,1926.1564,1314.358,530.5105,1.8336,2297.147,1624.2299,469.6973,1788.0281,2520.5359,232.5567,155.2415,25775.2909,975.4547,827.5474,519.1088,378.936,1246.2106,384.1311,74.2592,350.5158,84.3438,16653.9336,2070.3965,370.0738,1131.613,1647.455,231.9455,1169.2011,361.5172,1049.1028,824.4915,84.0382,6371.9318,69.3697,247.5308,201.9974,1247.433,630.3173,1184.4807,2576.7651,62.6467,1005.7085,1722.9366,65.397,452.2785,207.1925,2906.5006,1276.77,1029.8504,2030.6694,2713.671,1824.0881,475.198,3154.0314,2284.312,681.7793,250.5867,2110.1237,296.5572,174.1883,481.6155,5.1951,2997.2619,1774.5819,2.7503,262.8105,6.7231,712.0331,77.9264,1086.6908,728.8407,4662.1357,4269.4419,1389.2284,712.6442,2988.7053,1080.2733,2378.1293,1767.8589,6124.401,3065.1037,628.606,6947.6702,376.4913,4635.2435,476.4204,2126.6258,809.224,2732.0066,5348.1933,150.6576,1407.5641,694.3086,145.7681,414.3849,102.3739,2566.6805,1656.9284,159.2143,3334.026,345.3208,1858.3146,1204.9555,485.2826,19.8636,189.1624,661.6101,296.7314,1715.2968,1303.3566,2435.5809,337.9865,1046.9636,503.3126,342.876,275.6454,287.2763,8202.743,604.4641,335.6823,1286.2434,2039.5316,3044.9345,62.6467,1465.6268,677.1954,780.7916,705.9212,233.1679,4604.073,279.0069,51.0341,1248.0442,146.0737,923.5038,462.6687,169.6044,15.8909,1002.9581,0.3056,4204.9677,1813.3923,1949.6871,1634.6781,817.4628,370.3794,201.6918,3126.2224,723.9512,1618.4236,2839.27,2894.888,371.2962,668.0276,418.3576,2672.1103,5127.5548,2207.6081,3.9727,355.7109,152.4912,101.781,187.9401,2291.3407,231.3343,3109.1091,167.1597,1725.687,125.2934,9.1678,99150.4498,13004.2294,615.7711,376.6288,37.2824,342.2648,1460.7159,0.6112,391.771,1439.6514,2964.2578,969.3429,2151.0732,3077.0218,10761.4781,138.4339,375.8801,0.9168,721.812,19.2524,31.7817,1219.9296,1098.6089,65.0914,4.8895,13102.0194,8047.5015,208.7204,0.9779,6934.8352,122.8486,459.3072,481.3099,216.3603,26.8922,645.924,518.5923
TCGA-95-7948-01,5.066666667,1454.2763,2987.1711,8.5526,211.8421,332.8947,6.5789,3675.9868,1592.4342,659.5362,1321.0526,1038.4868,397.6974,562.1711,918.75,175.3289,89.8026,52.3026,282.2368,445.3947,753.2895,8505.5921,29.2763,822.0395,1164.4737,2610.8553,6170.0263,1584.2105,870.3947,2137.4638,2714.4737,7485.1974,313.8158,264.1447,406.25,8168.4211,1.9737,1.6447,43.0921,460.5263,31823.3553,6.9079,669.7368,7814.8026,6110.5263,2077.9605,117.7632,389.1447,3330.5921,1167.7632,130.2632,1560.9013,1045.7237,1102.3322,643.4211,981.25,1337.5,2275.3289,597.0395,23.0263,730.5921,1945.3947,1280.2632,1354.9342,1059.5395,4667.5033,658.8816,8788.8158,6753.6184,1656.25,2.6316,897.0395,586.7237,274.3421,1122.3684,5209.5395,221.3816,272.0395,1088.1579,1834.5395,561.5132,438.4868,148.3553,1517.4342,5773.0263,2623.0263,2474.4836,6529.6053,1905.9211,764.4737,189.1447,1268.0921,2256.25,960.5263,564.1447,294.0789,1988.4868,379.6053,1350,733.8816,3.2895,2167.7632,431.25,43.75,575.3289,1098.3553,46.3816,77.6316,29694.7368,714.8026,1157.8947,5929.0921,1775.9868,3071.3816,93.4211,10.8553,280.2632,40.7895,994.4079,3003.9474,46.7105,1626.6447,226.6447,91.4474,758.5526,125.6579,1312.5,976.3158,28.2895,7771.0526,40.1316,159.2105,8.8816,859.5395,445.2829,192.7632,1486.5132,68.4211,1012.1711,1195.3947,25.3289,277.3026,30.2632,2753.9474,1308.8816,540.7895,2631.9079,1200,3973.0263,902.6316,5354.2763,2377.3026,957.8947,200.3289,1843.75,274.6974,2110.5263,1128.6184,28.2895,1488.4868,1784.5395,7.5658,8.2237,2.6316,451.3158,30.5921,830.2632,698.3553,12250.9868,7065.7796,4075.3289,2575.3289,4064.1447,2004.2763,1759.5395,2285.1974,5.2632,2613.4868,1419.7368,4025.3289,660.8553,401.6447,2874.6711,857.5658,1537.5658,3241.7763,5044.0789,55.2632,1921.0526,107.5658,97.0395,1233.2237,500,3452.9605,953.6184,122.3684,60.1974,246.7105,2132.5658,517.4309,316.1184,14.4737,21.3816,329.2763,550.3289,1623.0263,267.7632,965.7895,1162.5,334.5395,241.4474,448.3553,349.0132,70.1546,8354.2763,467.4342,426.0855,1350.9868,3288.4868,2418.75,15.1316,739.1447,623.3553,548.3553,480.5921,486.5132,4487.5,71.0526,12.8289,1449.6711,181.9079,469.7368,180.5921,50.9868,0.9868,905.5921,0.3289,4792.1053,4969.7368,1145.0658,600.9704,1444.4079,117.1053,267.4342,4634.2105,218.4211,2051.9737,1841.7763,3230.9211,570.3947,974.6711,75.9868,2692.4342,2879.6053,995.0658,13.4868,202.9605,204.2763,122.0395,99.3421,410.1974,87.1711,2545.0658,43.75,1955.5921,26.6447,9.2105,93015.7895,7152.9605,250.3289,342.7204,32.2368,48.0263,801.3158,0,168.4211,1385.5263,1611.5132,944.0789,1172.3684,2470.7237,11009.5395,160.8553,198.3553,0.3289,948.0263,0.3289,12.8289,1277.9605,448.6842,46.3816,3.2895,18503.6184,9727.3026,40.4605,0,9850.6579,5.9211,359.2599,238.8158,1045.3947,99.0132,665.1053,941.7763
TCGA-55-7724-01,8,796.5932,2272.5451,9.018,255.511,935.8717,14.0281,2587.1743,1621.2425,1192.3848,2080.1603,200.4008,809.6192,542.0842,648.2966,432.8657,257.515,119.2385,57.1142,1449.8998,1345.6914,13064.1283,186.3727,683.3667,295.5912,2277.5551,10110.1904,795.5912,543.0862,2269.5391,3118.2365,1613.2265,462.9259,586.1723,2310.6212,718.4369,45.0902,18.0361,129.2585,178.3567,21309.6192,0,156.3126,4198.3968,1397.7956,5994.99,496.994,468.9379,1881.7635,953.9078,793.5872,1347.8858,1878.7575,2030.491,994.99,1198.3968,523.0461,4241.483,809.6192,26.0521,646.2926,1526.0521,2002.004,1235.4709,1264.5291,9990.8918,404.8096,6026.0521,7547.0942,2423.8477,33.0661,1527.0541,1925.8818,979.9599,4028.0561,3255.511,1340.6814,290.5812,3388.7776,3788.5772,1742.485,3.006,488.978,1866.7335,6083.1663,2244.489,1685.992,1282.5651,1155.3106,443.8878,48.0962,1548.0962,3112.2244,177.3547,1303.6072,1104.2084,1386.7735,875.7515,1181.3627,716.4329,11.022,1018.0361,801.6032,89.1784,3016.0321,837.6754,59.1182,594.1884,18015.0301,1015.0301,1363.7275,5632.2645,2177.3547,1407.8156,46.0922,60.1202,339.6794,49.0982,1422.8457,2407.8156,1929.8597,1153.3066,366.7335,354.7094,1809.6192,523.0461,1361.7234,3543.0862,241.483,3781.5631,119.2385,1007.014,100.2004,1552.1042,98.8277,168.3367,1082.1643,104.2084,502.004,1414.8297,162.3246,1131.2625,351.7034,2339.6794,2890.7816,1213.4269,633.2665,2502.004,490.982,867.7355,5243.487,3160.3206,903.8076,539.0782,1720.4409,35.0701,1473.9479,1268.5371,5.01,1513.0261,1965.9319,0,4405.8116,19.0381,403.8076,191.3828,2278.5571,624.2485,8022.0441,5799.5992,1901.8036,285.5711,1800.6012,1350.7014,2655.3106,2770.5411,2187.3747,1923.8477,905.8116,6318.6373,626.2525,2432.8657,2737.4749,6025.0501,232.0541,555.1102,4535.0701,600.2004,883.7675,425.8517,132.2645,1609.2184,283.5671,1683.3667,6985.9719,131.2625,1886.7735,274.5491,3125.2505,112.2244,416.8337,57.1142,50.1002,403.8076,579.1583,1202.4048,1791.5832,2790.5812,331.6633,7086.1723,264.5291,280.5611,974.9499,109.4589,13890.7816,515.0301,362.7255,1690.3808,4405.8116,2341.6834,12.024,1279.5591,728.4569,45.0902,458.9178,604.2084,11512.024,102.2044,111.2224,461.9238,197.3948,901.8036,664.3287,565.1303,1.002,1179.3587,15.6713,3467.9359,2203.4068,1862.7255,1348.9479,3166.3327,189.3788,1440.8818,2739.479,162.3246,2601.2024,4324.6493,2261.523,1327.6553,167.3347,213.4269,2167.3347,3668.3367,1806.6132,29.0581,281.5631,125.2505,118.2365,107.2144,4891.7836,636.2725,1464.9299,89.1784,4676.3527,331.6633,6.012,71572.1443,8322.6453,453.9078,153.0661,395.7916,686.3727,590.1804,1.002,1124.2485,3506.012,2236.4729,119.2385,1622.2445,952.9058,7609.2184,244.489,458.9178,2.004,1025.0501,14.0281,5.01,636.2725,826.6533,328.6573,94.1884,12531.0621,46132.2645,37.0741,8.016,2889.7796,10.02,701.4028,310.6212,248.497,65.1303,1369.7395,166.3327
TCGA-55-7726-01,3.733333333,1883.7622,3339.8403,0.8873,253.7711,646.85,23.0701,2722.2715,1728.4827,1015.9627,1589.1748,519.9645,1212.9547,134.8713,515.528,202.307,628.2165,219.1659,143.7445,1421.4729,1360.2484,6906.8323,9.7604,149.9556,919.2547,2570.5413,19468.4472,1602.4845,410.8252,6583.7977,3401.9521,2576.7524,448.0923,444.543,944.0994,1116.2378,9.7604,0,134.8713,225.3771,24784.3833,0.8873,480.0355,1719.6096,1018.6335,5798.5803,346.9388,274.1792,1269.7427,393.9663,124.2236,2174.4898,2169.4765,1403.6823,1109.1393,854.4809,578.5271,10707.1872,892.6353,15.0843,612.2449,1592.724,1969.8314,2797.693,1217.3913,4586.4153,1051.4641,6242.236,8004.4366,2663.709,0.8873,1161.4907,3537.9326,683.2298,1286.6016,3771.0736,1204.0816,236.9122,3998.2254,4166.8146,1833.1854,18.6335,367.3469,1750.6655,7049.6894,1832.2981,1327.7196,2091.3931,1781.7214,561.6681,60.3372,1075.4215,3355.8119,464.0639,730.2573,1566.992,617.5688,766.6371,1774.6229,879.3256,8.8731,1173.913,789.7072,162.378,666.3709,1477.3736,100.2662,145.5191,22196.9831,695.6522,1621.118,14677.9059,1388.6424,1133.984,221.8279,31.9432,288.3762,25.732,1818.1012,2349.6007,3695.6522,1285.7143,259.0949,261.7569,1714.2857,79.858,1473.8243,786.1579,517.3026,1913.0435,3.5492,280.3904,39.929,2771.0736,197.7462,183.6735,1527.9503,0,363.7977,1614.0195,121.5617,254.6584,322.0941,2432.1207,2157.0541,927.2405,994.6761,2139.3079,958.2964,517.3026,5883.7622,2282.165,582.0763,333.6291,1838.5093,50.5768,889.9734,114.4632,86.0692,1634.4277,745.3416,2.6619,22.1828,3.5492,696.5395,80.7453,7299.024,2212.0674,7592.724,6340.7276,1971.606,746.2289,2135.7587,1323.8687,1529.7249,1787.9326,20.4082,2271.5173,2931.677,7125.1109,519.9645,587.4002,909.4942,4980.4791,334.8092,844.7205,4457.8527,679.6806,519.0772,1224.4898,242.236,4767.5244,286.6016,3793.2564,4786.1579,195.2085,220.0532,377.9947,4008.8731,270.63,480.0355,165.0399,10.6477,271.5173,625.5546,952.0852,1584.7382,2548.3585,488.9086,3374.4454,245.7853,320.3194,2134.8713,70.2218,10066.5484,409.0506,302.1384,1217.3913,1873.1145,2425.0222,9.7604,922.8039,506.6548,154.3922,779.0594,94.055,15421.4729,324.756,32.8305,237.7995,61.2245,1596.2733,2692.1029,332.7418,1.7746,1451.6415,1.7746,4622.0053,4038.1544,2405.5013,1459.1837,6708.0745,378.882,742.6797,5702.7507,137.5333,2165.0399,3865.1287,1648.6247,966.2822,576.7524,86.9565,4128.6602,1965.3949,2326.5306,15.9716,248.4472,86.9565,114.4632,215.6167,3593.6114,155.2795,4678.7933,128.6602,1633.5404,127.7728,1.7746,28239.5741,9935.2263,394.8536,173.1233,217.3913,196.0958,210.2928,0.8873,752.4401,2880.213,2047.9148,678.7933,2852.7063,4279.5031,19004.4366,260.8696,170.3638,1.7746,683.2298,0,2.6619,220.0532,470.2751,107.3647,1.7746,31621.118,961.8456,68.323,0,6944.9867,8.8731,689.441,529.7249,260.8696,231.5883,1152.6176,242.236
TCGA-69-7980-01,23.43333333,2753.4257,3675.1129,1.2248,232.4122,516.5735,21.7408,5116.4357,1794.0749,816.3515,1879.2008,1312.7153,2046.0844,167.8022,852.7903,109.9288,241.9046,119.7275,853.7089,584.858,990.2779,15736.967,22.3532,1417.7448,1350.9913,4421.6489,10459.6892,1074.7914,1765.2913,898.7063,2482.1251,11872.3111,300.0842,553.6247,679.7826,6808.5432,21.7408,14.3918,68.2845,425.0172,29120.7227,386.1288,493.9141,1987.5986,2792.9266,2300.5435,399.6019,1238.9191,5815.5095,1195.7437,821.5571,3546.7534,2243.5888,1063.627,539.5392,1330.1692,764.2961,3550.1799,582.7145,24.1905,827.375,2272.3723,1810.9163,2113.7564,826.1502,2236.1571,918.0127,4458.7001,4830.1309,1674.9598,27.865,1156.549,569.8967,565.2607,815.4329,8554.8496,377.5549,429.9166,1186.2512,2523.7694,720.2021,30.6208,2283.3959,1597.4891,6123.2489,1974.4316,1718.4935,5671.8977,1677.1033,742.5553,253.2343,1234.6322,2167.9553,1216.5659,737.0436,971.9054,603.2305,692.9496,1077.5473,674.8833,18.0663,3096.0729,815.1267,96.1494,1488.1727,1785.8072,150.0421,257.5212,23612.6464,1044.4768,1258.5164,6518.5639,526.066,8218.939,152.1856,104.4171,170.8643,78.3893,1630.8658,5072.0355,437.5718,1346.092,197.1982,190.4616,2100.5895,434.2035,1422.9503,1426.0124,68.8969,19988.9765,13.4732,254.153,79.9204,1781.2141,655.7207,222.3073,561.8924,212.8148,835.9489,1294.649,85.1259,561.8924,83.9011,5463.3698,2134.5786,4864.7325,1389.5736,1629.0286,1975.6564,352.1396,2214.499,2851.4124,1125.622,160.147,2105.1826,200.2082,469.1112,196.2796,5.5118,3169.2567,948.0211,4.2869,13.4732,7.6552,238.8425,96.4556,1722.7283,2087.7287,6393.9371,2877.4401,2080.9217,1896.6547,2016.0759,1347.0106,1825.3081,1286.3814,213.4272,2353.5176,2929.4955,5479.2927,567.0979,1417.7448,673.046,5271.071,1148.6672,3135.88,3788.1038,312.3325,1633.6217,256.9088,189.543,2656.9701,479.5223,2375.8708,2622.0623,68.2845,51.1368,139.0186,1847.3551,779.3003,288.1421,60.9355,45.0126,269.1572,250.4785,1047.2326,477.3789,2130.2917,729.6946,5418.6634,387.966,228.4314,970.3743,334.9522,19953.4563,318.7629,253.3078,819.4136,3325.1167,1793.1562,132.8944,540.764,450.1263,1061.3182,1328.6381,351.221,7942.739,78.6956,53.8927,1348.2355,193.8299,658.6542,341.4223,128.9137,4.5931,2305.1366,9.1863,5072.3417,3165.276,1680.7778,600.6767,16847.891,3058.103,1728.8525,5058.2561,354.8955,1743.5505,3704.2027,1329.863,690.8061,866.8759,77.4707,4411.2378,1971.9819,1191.763,13.7794,319.6815,165.0463,112.6847,226.5942,1500.421,120.6461,3336.7527,66.4472,2812.5239,137.7938,13.4732,84828.2937,9235.2446,285.6924,537.0466,163.2091,235.168,88.188,0.6124,308.0456,2037.5105,1771.7217,659.879,1827.4516,4147.8986,11883.0284,259.0523,327.3368,5.2055,1230.6515,3.3683,93.6998,614.5602,905.152,107.1729,32.4581,11247.0336,6965.6281,671.2088,2.7559,12276.5062,6.7366,625.9267,359.4886,564.6482,42.8692,2564.7156,640.8941
TCGA-73-7498-01,3.7,2754.9741,5086.6721,2.1804,174.4345,813.5732,68.6836,3801.3083,1879.2587,1081.221,1935.1322,866.1761,1677.2963,249.6593,1047.9695,128.3729,54.2382,36.7948,438.2666,897.2472,1185.0641,6884.4372,181.5209,701.281,1645.68,3112.0196,10206.1434,1508.0403,771.3273,982.4993,3080.1308,9355.1376,127.0101,347.7787,389.4794,2496.5931,14.4454,0,75.77,402.0169,22070.5914,14.7179,519.4876,5996.1842,2527.3917,3533.1153,339.8746,438.8117,4071.6817,793.6768,4596.8929,3525.9362,1371.2183,1211.0684,610.248,1576.7239,1131.0984,2353.7749,584.9005,19.3513,593.6222,799.4004,1251.8397,1844.6443,951.2129,1869.4467,2062.1423,2911.1475,5729.0815,636.1406,20.169,1174.4345,1440.646,370.9458,1925.3203,4792.314,594.4399,1241.7552,1663.6686,2223.7667,877.3508,36.5222,343.9629,1534.7506,6399.0188,1629.3268,1576.187,2981.1938,1483.783,214.4999,115.2903,1147.9967,2258.1085,639.9564,1112.2922,706.7321,1453.8021,1107.1137,1477.7869,685.4729,0,1750.8858,502.0442,73.0444,2288.9071,1383.7558,10.6296,214.2273,16310.1663,773.7803,1023.4396,6889.5176,955.0286,5603.1616,13.9002,23.9847,396.8384,140.6378,1189.6975,1362.7691,586.8084,1274.1892,149.6321,101.9351,950.3952,2242.0278,1461.4336,1170.6187,218.3156,7381.3028,58.3265,785.2276,54.2382,947.6697,176.3996,221.8588,882.5293,469.3377,719.5421,1465.7945,222.4039,474.5162,259.4712,2360.5887,1209.5939,2167.8932,1293.2679,1979.5585,1608.6127,795.5846,3709.1851,1551.9215,1525.4838,175.7972,1379.1224,253.9602,482.9654,219.4058,29.1633,1347.5061,723.3579,6.8138,63.505,33.5241,245.571,59.9618,6201.6898,1495.2303,9409.3759,4418.3647,1939.7111,1823.9302,2183.7013,1080.1308,3473.1534,1596.0752,23.1671,2006.5413,1822.0223,5899.4276,654.6743,811.9379,1163.8049,6047.6969,1495.0668,2896.157,2915.7809,455.9826,1628.5091,74.6797,32.4339,1007.6315,739.166,3072.2268,3922.0496,142.0005,724.1755,58.8716,1789.0433,720.0872,218.0431,127.0101,23.4396,240.665,260.5615,1447.2608,2175.7972,1224.0392,675.3884,2710.0027,326.2469,130.5533,1557.1,148.6154,10449.1687,347.2336,282.6901,534.2055,6812.2104,1839.7383,60.507,624.9659,608.3401,504.4971,899.1551,168.9834,4272.0087,23.9847,57.5089,1113.3824,141.4554,1807.0319,29.1633,430.0899,1.6353,1453.5296,2.1804,2411.8288,2137.6397,1492.2322,872.9845,8239.3023,2759.335,1786.3178,4528.2093,190.2426,1062.9599,1822.5675,1393.5677,745.4347,522.2131,80.6759,8578.0867,4037.885,860.1799,18.5337,173.3442,151.8125,157.378,16.6258,1444.5353,503.1344,6903.5159,22.622,2190.7877,127.5552,6.8138,48268.7381,11769.4195,359.4985,170.7086,303.0799,264.1047,633.1425,0,290.8149,1431.7253,1225.9471,748.7054,1927.7732,3646.4977,9237.3944,131.3709,318.0703,2.453,1163.2597,1.9079,61.3246,516.217,882.5293,71.6817,42.791,15442.6274,69943.5814,100.0273,6.8302,8422.4584,22.0769,610.5914,319.1605,705.6419,64.0501,306.3014,197.0564
TCGA-73-7499-01,2.566666667,1727.1262,3743.2408,3.581,122.829,292.5694,3.581,1473.2319,1000.1791,633.1244,852.2829,516.7413,1157.0278,204.4763,480.9311,156.4906,511.7278,100.6267,385.3178,290.7789,1473.2319,8154.7001,1831.692,1118.7108,664.6374,1168.8451,7628.2865,1866.0698,646.0161,622.7395,991.9427,6455.1477,788.8988,335.5416,541.4503,162.9364,12.5336,1.0743,196.598,139.3017,37448.5228,159.7135,555.0582,4036.8845,4646.7323,2080.9311,467.3232,531.0654,1547.0009,481.2892,403.581,933.2068,1196.419,969.3751,848.7019,778.1558,711.9069,3176.7234,608.7735,10.7431,1284.8702,2038.3169,1487.9141,1117.2784,536.0788,2065.8908,611.6383,1828.111,17740.376,1614.3241,12.8917,573.6795,537.8013,446.1952,944.6732,4502.4172,387.8245,110.6535,487.735,1337.8693,388.1826,153.6258,1123.7243,865.8908,4287.1979,1312.8021,1094.0662,1553.8048,2205.5506,175.47,322.65,2150.761,2420.4118,597.3142,343.4199,741.9875,395.3447,830.7968,4163.6526,353.4467,7.162,1224.709,878.7825,73.0528,691.137,794.9866,136.4369,383.8854,36214.8612,794.2704,1660.1611,497.1746,477.7081,2128.2005,199.4628,57.2963,776.3653,292.5694,1013.4288,5635.4521,198.7466,1182.0949,581.1996,455.1477,1123.7243,182.9902,1052.1038,1672.6947,46.9114,3815.2193,26.1415,183.7064,95.6132,893.8227,365.3429,242.7932,459.0868,227.0367,652.462,1655.5058,18.9794,518.8899,190.8684,2988.7198,488.0931,741.9875,1409.4897,575.1119,1987.4664,502.4172,1743.957,1309.2211,775.291,213.7869,976.5443,375.6885,602.6858,276.0967,11.1012,1745.0313,742.7037,14.3241,61.2355,3.9391,405.3715,194.0913,1266.2489,679.3196,4773.1423,8509.5756,1825.9624,1928.0215,3040.6446,2435.4521,3540.9132,2411.4593,1683.0797,646.3742,1463.5631,6343.778,199.8209,1197.8514,1233.6616,916.0251,1435.932,1040.6446,4502.0591,137.5112,1194.2704,813.6079,599.8209,552.9096,151.1191,1422.3814,3682.3635,155.4163,369.5613,244.5837,1430.2596,303.3124,588.7198,83.7959,365.2641,174.0376,445.8371,3175.6491,436.1683,1292.0322,1063.5631,351.2981,536.0788,490.5998,156.1325,122.0949,11887.9141,325.8729,455.2874,1472.5157,3870.7252,856.9382,200.5372,592.3008,536.795,562.2202,1236.5264,167.9499,11121.9338,221.6652,280.3939,1309.2211,37.9588,657.4754,585.1388,94.1808,3.9391,1832.0501,2.5067,2831.8711,2601.9696,1454.6106,619.3053,2160.4297,1273.769,1301.3429,4667.8603,547.538,2256.4011,3261.9517,2730.1701,793.5542,417.1889,148.9705,1143.4199,4033.3035,1854.9687,17.547,537.8693,172.9561,47.2695,247.4485,911.0116,107.4306,5194.9866,135.0045,1168.8451,94.5389,66.607,211715.3089,9042.077,198.7466,954.2739,158.9973,372.4261,501.3429,0.7162,431.513,1429.1853,1475.7386,638.496,1153.0886,2337.3321,9535.5416,62.6679,140.376,0.3581,1136.974,29.0063,15.7565,193.3751,304.7449,92.7484,0.7162,6628.8272,20341.2713,82.7216,0.3581,5931.9606,77.35,591.5846,459.4449,499.5524,164.3688,1367.1979,125.6938