sampleId,TMB_NONSYNONYMOUS,ABL1,AKT1,ALK,AMER1,APC,AR,ARID1A,ASXL1,ATM,ATRX,AXIN1,BAP1,BCL2,BCOR,BRAF,BRCA1,BRCA2,CARD11,CBL,CDC73,CDH1,CDKN2A,CEBPA,CIC,CREBBP,CTNNB1,DAXX,DNMT3A,EGFR,EP300,ERBB2,EZH2,FBXW7,FGFR2,FGFR3,FLT3,FOXL2,GATA3,GNA11,GNAS,HNF1A,HRAS,IDH1,IDH2,JAK1,JAK2,JAK3,KDM5C,KDM6A,KIT,KMT2D,KRAS,MAP2K1,MAP3K1,MED12,MEN1,MET,MLH1,MPL,MSH2,MSH6,MYD88,NF1,NF2,NFE2L2,NOTCH1,NOTCH2,NPM1,NRAS,PAX5,PBRM1,PDGFRA,PIK3CA,PIK3R1,PPP2R1A,PRDM1,PTCH1,PTEN,PTPN11,RB1,RET,RNF43,SETD2,SF3B1,SMAD2,SMAD4,SMARCA4,SMARCB1,SMO,SOCS1,SPOP,STAG2,STK11,TET2,TNFAIP3,TP53,TSC1,U2AF1,VHL,WT1,AKT2,ATR,BARD1,BCL6,BRD4,BRIP1,BTK,CALR,CASP8,CBFB,CCND1,CCND2,CCND3,CCNE1,CD274,CD79A,CD79B,CDK12,CDK4,CDK6,CDKN1B,CDKN2C,CHEK2,CSF1R,CSF3R,CTCF,CXCR4,DDR2,ERBB3,ERBB4,ERG,ESR1,ETV6,FANCA,FANCC,FGFR1,FGFR4,FLCN,FUBP1,HGF,IKZF1,IRF4,JUN,KDM5A,KDR,KEAP1,KMT2A,MAP2K2,MAP2K4,MAPK1,MDM2,MDM4,MITF,MTOR,MUTYH,MYC,MYCL,MYCN,NSD2,NSD3,NTRK1,NTRK2,NTRK3,PALB2,PDCD1LG2,PDGFRB,PIM1,PRKAR1A,RAD21,RAF1,RARA,SDHA,SDHB,SDHC,SDHD,SOX2,SPEN,SRC,STAT3,SUFU,SYK,TENT5C,TGFBR2,TNFRSF14,TSC2,XPO1,AKT3,ARAF,AURKA,AURKB,AXL,BCORL1,BCR,BTG1,CDK8,CDKN2B,CHEK1,CRKL,DOT1L,EED,EPHA3,EPHB1,ERCC4,FAS,FH,FLT1,GSK3B,ID3,IGF1R,IKBKE,INPP4B,IRS2,MAP3K13,MCL1,MRE11,MSH3,NBN,NFKBIA,NT5C2,PDCD1,PIK3CB,PMS2,POLD1,POLE,PPARG,RAC1,RAD51,RAD51B,RBM10,REL,RICTOR,SOX9,TBX3,TERT,ACVR1B,ALOX12B,BCL2L1,CDKN1A,CUL3,DIS3,ERRFI1,ETV4,ETV5,EWSR1,FANCG,GNA13,HDAC1,LYN,MAF,MST1R,MYB,NOTCH3,PARP1,PRKCI,PRKN,RAD51C,RAD51D,RAD52,RAD54L,SGK1,TEK,VEGFA,XRCC2,BTG2,CD22,CD70,CD74,CTNNA1,EMSY,FANCL,FGF14,KLHL6,MTAP,NUTM1,PDK1,QKI,ZNF217,ARFRP1,CUL4A,EPHB4,EZR,GATA6,GID4,GRM3,IRF2,KEL,LTK,MERTK,PIK3C2B,PTPRO,RSPO2,SDC4,SLC34A2,ZNF703,CYP17A1,DDR1,FGF12,MKNK1,PARP2,PARP3,SNCAIP,TIPARP,TYRO3
TCGA-EJ-5502-01,0.233333333,3391.3094,5706.707,2.3268,238.7296,1036.5889,1021.4647,3850.1542,1671.3397,1240.6492,2381.944,733.1743,1912.6287,462.5676,1883.7764,228.957,129.6027,33.0405,105.6367,671.5142,1363.9695,14169.5073,29.085,740.6201,2292.595,3419.231,10299.0635,1083.3576,471.8748,1894.4657,3709.3828,5467.9774,89.8144,300.8551,1038.683,568.2043,20.9412,18.3817,325.2865,948.8686,15834.7973,22.3373,469.548,19427.3748,5210.1681,3403.6414,309.4643,339.48,2637.8919,799.9535,277.5871,3673.8805,888.6045,1453.1487,758.7691,1700.6573,984.934,517.9454,766.6802,27.2235,504.6827,1010.7614,1255.5407,2518.9925,1211.0988,2339.0425,1550.1134,7192.6008,7246.5825,963.5274,27.6889,1686.6965,917.6662,481.8801,2516.2003,6891.0476,198.9413,1198.5341,1860.7411,2768.658,1097.0857,644.5233,2048.9791,2421.0343,6003.3739,1443.7787,2660.5596,3889.4771,1522.1918,1219.4753,78.6458,1582.2233,2655.1102,1120.5864,798.7901,1496.3644,1520.0977,962.364,1146.1811,963.0621,52.8183,2901.9836,908.3823,62.5909,1172.0086,2164.8537,20.9412,72.3634,26803.3273,390.6695,658.9495,3874.5972,979.5823,1040.7772,15.1242,15.8222,50.2589,59.3334,1602.001,1546.8559,1285.7891,1880.2862,144.0289,98.4236,782.0371,173.3465,1440.0558,632.8893,413.2395,9007.2712,104.0079,2677.9129,390.9022,1710.4299,42.9248,221.0459,2014.0771,68.1752,806.2754,1667.8495,140.306,347.8564,37.4615,9327.9041,1661.7998,817.8698,1910.3019,3153.7432,2491.5363,1076.8425,3674.0155,1504.0428,678.9599,392.9963,2872.2006,165.5401,1656.4481,340.6434,1.8614,993.7758,1202.4897,19.5451,432.5519,69.3386,202.4315,17.451,1875.8653,498.8657,5102.4373,3033.2127,2432.6683,896.2829,2194.404,1057.7628,1739.7475,1287.4178,142.4001,2945.0294,2937.3509,9529.4049,912.1052,336.2224,685.9403,2437.0892,1892.8905,2177.8838,2323.076,1328.6022,1898.4352,54.4471,19.3124,930.4869,561.2239,1595.7187,2554.3598,219.8825,175.6733,105.1713,1867.4888,876.5051,253.1557,1114.304,32.5752,330.1728,241.5217,1084.521,822.5234,1465.1853,1183.8753,4373.6839,211.2733,238.2642,1480.0768,94.9218,6212.5531,424.1754,505.4063,1243.2087,3090.9197,2507.1258,24.1987,1104.9968,605.8984,342.5048,867.896,66.0811,3928.3346,23.7333,46.0706,1684.137,117.2707,969.8098,7349.8924,6476.1794,2.0941,2044.0928,5.9473,3332.9068,1504.9735,1695.5384,914.7135,907.4516,54.4471,324.3558,4905.3575,230.1204,1330.2309,3203.0714,822.7561,777.8489,44.6745,312.7218,1737.8861,4000.698,1554.069,68.6406,270.8394,141.9347,154.0271,15.1242,1323.0179,258.74,1383.7473,17.9164,6080.1582,42.3477,2.0941,30809.8424,8168.9256,737.5953,209.7819,16.0549,75.8536,496.3062,0.2327,295.9688,1171.7759,2332.1505,716.6541,1955.9072,3241.9289,8289.2211,147.5191,453.9585,8.1438,974.2307,20.0105,1.6288,711.0697,672.2122,13.4954,113.5478,2638.1246,1643.8834,405.7937,0.242,7662.3815,12.332,364.8421,212.4367,375.5453,305.276,1040.4328,276.4237
TCGA-HC-7209-01,0.4,3291.5215,5421.9899,1.5486,189.3148,913.6663,1159.8916,3638.7921,1107.2396,888.8889,2340.302,703.0585,1699.5741,476.9648,2128.9199,229.9652,149.8258,33.2946,48.0062,512.1951,1617.8862,27423.1514,128.5327,515.2923,1738.2888,2473.4804,8777.7274,880.3717,415.0213,1369.3148,3066.2021,5833.5269,97.1738,230.3523,590.7859,538.9082,2.71,21.2931,224.5451,937.6694,20225.7065,14.3244,560.9756,21499.0321,4414.6341,2215.6407,243.1281,88.6566,2440.1858,1445.6059,166.0859,2442.048,739.0631,2199.2296,723.5772,1506.3879,1131.6299,519.9381,899.3419,19.3573,628.7263,1168.4088,1009.6787,1682.1525,1187.379,2054.5412,2156.4073,7563.2985,8853.2714,1187.7662,7.7429,1486.2563,239.3651,364.3051,982.1913,6654.6651,185.0561,740.9988,499.8064,2605.1103,1252.4197,436.7015,1541.2311,2234.9981,5334.4948,1803.3295,1967.3016,3860.24,1371.6609,1047.2319,68.525,1638.7921,2568.7185,1183.1204,541.2311,996.9028,1587.3016,830.8169,1018.583,1024.3902,46.8448,2890.8246,931.0879,56.9106,602.4003,2026.7131,20.1316,26.7131,29290.36,471.5447,1214.4793,6114.5916,620.5962,732.0945,19.3573,7.3558,15.4859,23.2288,1656.988,2108.4011,438.6372,1280.2942,116.5312,79.3651,451.4131,58.4592,1259.3883,745.6446,144.0186,4903.2133,28.6489,7124.2741,209.4464,801.7809,40.0736,188.1533,1030.5846,30.5846,842.8184,1414.247,35.6175,323.2675,15.4859,20396.0511,1498.2578,513.3566,1924.8935,2123.4998,2579.9458,859.4657,3423.5385,2411.9241,518.3895,216.0279,2474.6419,117.3055,3468.0604,240.8053,2.3229,1143.2443,1236.9338,6.9686,97.561,26.7131,225.7065,8.9044,1126.9841,616.3376,6349.5935,3009.6748,2205.9621,937.2822,2193.1862,1095.2381,1685.6369,1425.0871,39.1018,2259.0012,3076.6551,4964.3825,619.4348,197.0577,543.9412,1343.3991,1701.7538,2195.122,3252.4197,1297.3287,1931.8622,63.8792,28.6489,567.9443,295.393,1422.7642,2288.0372,155.2458,209.4464,105.3039,1667.8281,641.8893,222.6094,444.0573,12.3887,289.5858,338.7534,1344.9477,521.0995,1814.5567,850.9485,4502.1293,106.0782,175.3775,2004.2586,69.2528,10540.844,434.3786,664.8509,1404.5683,2310.8788,1107.2396,9.2915,1197.832,725.1258,271.0027,824.6225,23.616,4586.9144,30.9717,29.4232,1430.5072,97.561,662.7952,3950.0581,4018.1959,1.1614,1343.7863,2.71,3172.2803,3830.8169,1807.5881,1014.1231,1488.5792,23.2288,146.7286,3922.5707,202.4777,1268.2927,4099.4967,651.5679,936.1208,40.6504,179.6361,2193.5734,5605.8846,1418.8928,38.7147,256.2911,152.923,128.1456,32.5203,566.0085,125.8227,5551.2969,31.746,13385.9853,34.4561,1.9357,15749.9032,8670.151,502.1293,183.8521,35.6175,27.8746,666.6667,0,449.8645,770.8091,3250.4839,595.4317,2006.5815,2199.7677,5508.3237,238.8695,367.0151,1.1614,770.422,8.9044,1.1614,953.9295,717.77,11.2273,17.4216,2955.4781,198.6063,488.192,17.0345,7940.3794,6.5815,340.3136,264.4212,367.4022,130.4684,1550.0736,252.0325
TCGA-HC-7748-01,0.6,3442.9677,5295.5102,0.529,240.693,1362.1636,2584.4079,4886.3321,1272.2343,1524.8297,3555.9082,589.0366,1515.3078,529.5246,2866.627,306.5529,84.9038,32.2687,90.7227,812.0082,1805.4619,19229.518,25.1273,646.9616,1581.1678,3081.6637,8909.5814,885.2741,718.1115,2013.0794,4089.9292,4918.3363,100.5092,286.1866,579.7791,677.1143,9.5219,20.3663,216.6237,1004.5626,16200.7538,15.6054,414.7325,11305.1643,3427.6268,3202.8037,267.1428,129.3394,2889.3738,1124.6446,207.6308,4583.7255,1048.2047,1699.0544,822.0591,1666.6005,864.1143,475.3025,877.0747,22.4823,648.5486,1293.1297,1197.3815,2406.6653,1096.3433,2219.8982,1460.2923,9016.7295,6583.8789,1216.1608,14.0184,2431.2636,1034.4773,569.1992,1930.3048,6688.091,267.4073,1386.7619,1012.762,3018.4487,1522.9782,393.5727,1131.257,2801.825,6053.8253,1659.9881,2483.7664,3949.7454,1324.8694,982.3448,64.273,1913.377,3182.9663,920.1878,991.6022,1291.2782,1431.7265,981.5513,667.5924,728.4269,15.3409,2777.7557,1301.8581,151.0282,609.1384,1611.585,22.7468,55.5445,30014.1506,491.1724,860.6758,4562.0948,892.68,830.7875,21.6888,15.6054,20.1018,28.3013,2102.4929,1621.1069,723.4014,1563.4464,101.5671,67.4469,1132.0505,90.4582,1554.4535,881.5711,454.6717,6367.2552,43.3776,6060.9667,595.12,995.3052,41.0553,229.5841,1429.346,20.8953,813.6481,1215.8963,138.5968,639.8201,24.3338,31888.3476,2035.046,747.7352,1906.2355,3090.9211,1793.0305,1142.6304,3643.1925,2051.1803,565.7608,377.4383,3527.3425,95.5789,3125.0413,587.7141,3.703,1181.7761,1020.4325,9.5219,238.577,35.1782,224.8231,28.3013,2961.8462,2358.7912,5988.2298,3408.8448,2324.671,578.9857,1878.4633,890.035,1593.3347,1339.9458,44.7001,2812.1404,1923.1634,8119.2885,1024.1354,313.6944,925.2133,1825.8282,2028.169,2206.9695,3451.9606,1899.6231,1630.6288,38.3522,13.2249,1061.6941,488.5274,1401.8383,2697.0839,160.8147,241.222,55.28,1774.7801,800.1032,233.5515,1339.4168,115.5855,438.8018,285.9221,1191.298,823.3816,2178.6683,1388.3489,10072.8691,117.437,239.635,1808.1069,135.4493,9565.0334,575.8117,778.3985,1544.6671,1801.7589,1771.6062,8.9929,1329.1014,696.6872,209.2177,933.9417,49.1966,4171.9236,12.1669,48.6676,1410.8312,194.1414,1087.0859,4193.8769,5376.182,0.529,1550.7505,1.3225,2694.7034,2198.7701,1837.2016,1168.8765,1266.6799,12.4314,185.1484,3334.5236,133.5714,1711.8297,5133.1085,590.8881,1349.9967,35.9717,125.1075,2664.8152,4118.2305,1763.6712,80.1428,264.4978,175.891,141.4931,7.6704,861.9983,224.2941,5395.4903,13.4894,20508.3647,54.222,0.7935,15753.2236,8805.3958,619.9828,250.8656,59.2475,89.4003,597.5005,0,296.2375,1241.8171,4192.2899,532.963,2044.5679,2235.7998,7221.054,112.1471,438.8018,7.9349,683.4623,1.8515,2.116,734.7748,851.1539,27.5078,73.7949,1131.257,44.4356,331.6802,0,6818.2239,98.6577,280.1296,224.5586,338.8217,121.9335,1832.6734,290.4186
TCGA-J4-A83N-01,0.533333333,2175.8242,5187.3127,1.4985,158.3417,469.5305,267.2328,2660.3397,1056.9431,749.7502,1215.2847,819.6803,1837.1628,161.3387,1705.2947,162.8372,108.8911,13.4865,34.965,286.7133,1126.8731,14990.5095,102.8971,901.5984,1217.7822,1729.7702,7136.8232,1225.7742,398.6014,309.1808,1836.6633,4626.8731,108.3916,248.2517,398.1019,315.1848,7.4925,70.9291,75.4246,633.3666,19016.4835,23.4765,671.8282,9289.7103,4130.8691,1662.3377,146.3536,71.4286,2254.7453,623.3766,37.962,2010.5894,632.3676,1786.3187,291.2088,971.029,1330.1698,123.8761,957.043,20.4795,552.9471,790.2098,890.6094,1015.4845,1335.6643,1577.9221,768.7313,2820.6793,12081.4186,637.3626,3.4965,1154.3457,263.981,203.7962,780.2198,8111.3886,88.9111,523.4765,1359.6404,1541.958,839.1608,100.8991,917.0829,1717.7822,4825.1748,1379.1209,1499.5005,4138.8611,2016.4835,916.5834,61.9381,1957.043,1791.7083,1289.2108,343.1568,657.8422,1587.4126,810.1898,1861.6384,809.6903,67.9321,3106.3936,717.7822,16.4835,553.9461,1504.995,6.4935,25.974,49109.3906,356.1439,735.2647,4809.0709,668.3317,937.0629,24.4755,2.4975,21.4785,25.974,1008.4915,2451.5485,1037.4625,1612.8871,113.8861,148.3516,236.7632,37.4625,1219.2807,500.4995,23.976,5211.7882,19.98,6236.7632,52.4476,676.8232,50.1499,190.3097,932.0679,43.956,867.0729,1266.2338,10.989,239.2607,16.983,49489.011,885.6144,190.3097,2151.8482,1179.3207,3326.6733,910.5894,2269.7303,1479.021,775.7243,174.8252,2229.2707,183.1768,5725.2747,329.6703,0.4995,870.1299,493.5065,8.4915,58.4416,24.975,158.8412,10.989,682.3177,4056.4436,3809.6903,2473.5265,2458.5415,623.8761,2301.1988,1330.1698,1799.7003,1610.8891,89.4106,1567.4326,1898.6014,4005.4945,827.1728,104.8951,777.2228,684.8152,2330.4895,2239.7602,2624.3756,996.5035,1881.6184,40.4595,27.4725,324.6753,337.6623,1505.4945,2737.7622,104.8951,45.4545,111.3886,1341.6583,799.2008,269.7303,264.7353,12.987,223.7762,367.6324,1559.9401,354.6454,1003.4965,1098.4016,5963.037,71.9281,89.9101,1760.7393,33.2118,8711.7882,289.7103,443.1269,907.5924,2621.3786,2418.0819,10.989,938.5614,825.1748,307.6923,673.8262,19.4805,4452.5475,41.958,38.961,1924.5754,19.4805,552.9471,5793.2068,6820.6793,2.4975,1555.4446,2.4975,2788.7113,1850.6494,1532.4675,796.9331,1611.8881,22.4775,139.8601,4984.016,333.1668,811.1888,5263.7363,430.5694,475.5245,13.986,324.6753,742.2577,3886.1139,999.5005,53.9461,489.5105,154.8452,136.3636,20.4795,705.7942,92.4076,6947.5524,14.4855,30641.8581,18.981,0.999,9916.5834,6302.1978,336.6633,336.3487,4.4955,38.961,538.961,0,239.2607,504.4955,2766.7333,881.6184,1915.5844,2141.8581,6951.049,68.4316,378.1219,0.999,620.8791,3.4965,0.999,762.2378,452.5475,4.4955,50.9491,1012.4875,13.4865,236.7632,0.4995,5653.3467,5.994,320.6793,309.1908,155.8442,62.9371,1960.0999,297.7023
TCGA-2A-A8VV-01,0.366666667,3058.7128,6158.8422,1.4119,109.66,527.1208,215.0841,2387.1044,1074.4794,606.6596,1820.9201,939.8753,1215.2018,210.3777,1201.5531,207.0832,86.5984,11.7661,13.6487,289.9165,1352.1591,19918.108,79.0681,642.8992,1025.5324,2246.8526,7708.6245,1223.2027,472.0555,337.4421,2256.7361,3430.0506,108.248,207.5538,283.7981,342.6285,3.2945,87.0691,18.3551,716.7902,26299.5647,13.6487,720.5554,8076.2443,5373.8087,1840.2165,174.1381,41.8873,2413.9311,581.7155,122.838,1528.2974,684.7864,1948.5775,347.8056,1104.6005,931.8743,184.9629,697.0232,19.767,580.3036,786.9161,775.6207,1219.9082,847.6291,1788.4457,542.6521,2988.1162,11956.2301,594.8935,1.4119,1018.0021,262.7462,224.497,937.0514,9264.1487,72.9498,475.35,1587.9515,2410.6365,903.6357,715.8489,2158.8422,1531.4743,5785.1512,1711.2601,2477.1903,4756.7949,2187.0808,1062.2426,18.8257,2363.5722,2497.235,1151.1943,578.8916,224.497,1819.0375,789.2693,1757.8539,854.6888,89.4223,2551.8296,604.3064,26.356,1037.7691,1756.9126,13.178,5.1771,39504.4123,375.103,879.6329,4248.8622,656.0772,1040.593,23.5322,1.4119,11.7661,22.1202,957.2891,2249.6764,1305.0947,1931.992,108.248,120.4848,145.8995,9.8835,1394.9876,334.6276,140.2518,6368.2786,78.1268,8208.0245,211.7896,1069.3023,36.2254,206.1419,1714.084,71.0672,626.4266,1450.9942,28.7093,133.1921,0.9413,4301.6826,1021.7673,440.0518,2239.7929,1533.3569,3346.7467,831.1566,2662.9015,1160.1365,646.1937,324.2734,1863.278,160.1177,2268.0315,284.2687,0.4706,1021.2966,708.3186,5.1771,118.6022,13.6487,215.5548,3.7651,1242.0285,806.6831,4543.5934,3522.292,2533.0039,610.4248,2351.8061,1299.9176,2076.9502,1320.1553,278.621,1420.873,2457.2303,4860.3365,752.0885,35.2983,594.4229,1114.0134,1964.0899,2049.1823,2153.1945,1528.1798,1353.571,63.0662,28.2386,621.2496,244.7347,1316.8608,3293.0933,158.6069,99.3058,137.4279,1392.6344,526.1796,288.5045,533.7098,25.4148,190.6107,216.0254,1504.6476,481.4684,1357.3362,876.809,3263.4428,36.7102,74.8323,1014.237,27.1326,5556.889,542.6521,504.9018,1171.4319,2168.7257,1926.8149,15.0606,844.3346,876.809,304.0358,614.1899,100.7177,4601.4825,27.768,26.8267,1729.6152,27.768,753.0298,5384.6335,5620.4259,2.3532,1608.1892,0.4801,3761.8543,520.5318,1596.4231,793.058,1375.6913,16.0019,89.4223,5520.6495,272.032,1134.7217,6339.5694,378.8681,505.4712,15.0606,548.2998,1409.107,3358.9834,1388.3986,78.1268,399.1058,130.8389,140.2518,12.2367,340.2753,183.0804,930.9331,21.6496,4921.5202,32.0038,0.4706,5731.0272,8507.3538,353.924,426.8596,13.178,18.8257,605.2477,0,315.3312,736.5572,2961.2896,782.2097,1821.8614,2448.7587,6864.8076,95.5407,545.0053,3.7651,895.6348,0.4706,2.3532,721.9673,356.7479,4.7064,229.6741,2478.4092,1.8826,271.0907,0.9413,4547.3585,59.7717,302.1532,279.0917,160.4895,93.1874,823.4851,269.2081
TCGA-2A-A8VT-01,1.033333333,2698.8971,6861.0294,0.3676,185.2941,729.0441,2750.3676,4920.2206,1701.1029,1354.7794,2851.4706,1240.0735,2611.3971,481.25,2776.8382,308.0882,85.6618,34.5588,54.0441,549.6324,1994.1176,11879.4118,133.0882,430.5147,2403.3088,3656.6176,7682.2574,917.6471,537.5,1161.0147,3501.1029,6824.2647,130.1471,248.1618,509.9265,1227.9412,4.7794,26.1029,286.0294,1182.3529,21250.3676,14.7059,784.1912,7306.6176,2103.3088,2491.5441,269.8529,133.0882,3737.8676,2146.3235,66.9118,4362.0699,534.9265,2343.9816,620.5882,1769.4853,1748.1618,480.1471,892.6471,33.0882,772.0588,1025,1232.7206,2265.4412,1190.0735,1536.0846,1137.1324,5409.5588,6709.1912,936.7647,8.8235,2267.6471,149.3529,426.4706,840.4412,7747.0588,120.9559,1242.2794,1652.5735,2941.5441,1436.3971,186.0294,797.7941,3665.0735,6952.2059,961.0294,1520.2794,5886.7647,1288.9706,751.1029,22.4265,1912.5,3612.8676,1533.0882,889.7059,379.0441,1180.5147,1210.6618,1597.7941,1481.9853,43.0147,4505.1471,1198.5294,52.5735,616.1765,2508.8235,29.0441,33.4559,23372.7941,566.1765,807.7206,4112.2647,204.0441,1242.2794,22.4265,14.3382,6.9853,20.9559,1611.3971,2002.2059,217.2794,1201.8382,125,66.5441,490.0735,43.0147,1498.8971,188.6029,108.4559,5851.1029,41.9118,8636.3971,170.9559,538.6029,30.6434,240.4412,491.5441,32.3529,1590.3015,1844.8529,19.4853,184.5588,8.0882,7963.9706,1058.0882,466.5441,2485.6618,3487.5,2494.4853,883.8235,2499.6324,1219.8529,995.5882,196.3235,3692.6471,159.4154,2744.8529,458.4559,2.2059,1602.5735,545.2206,2.9412,56.9853,19.4853,314.3382,6.9853,844.8529,1325,7903.6765,4437.8382,4030.0846,404.0441,1843.3824,1313.9706,1722.4265,1366.1765,42.2794,2927.9412,1906.25,5253.3088,1018.0147,678.6765,388.2353,710.2941,2307.0809,3067.2794,3944.8529,1560.6618,1652.5735,83.0882,16.9118,437.1324,484.5588,1977.9412,1951.1029,184.9265,330.1471,71.6912,1455.8824,1165.0699,367.6471,434.9265,6.9853,468.75,273.5294,1169.8529,788.9706,2025.7353,1024.2647,9108.0882,77.5735,74.6324,3188.9706,88.6949,5017.2794,548.1618,657.2574,1132.7206,1793.75,2012.1324,7.3529,1317.6471,1253.3088,327.5735,1382.3529,67.6471,4238.9706,18.0147,48.1618,2128.6765,123.8971,933.8235,2029.0441,3636.7647,0.7353,2188.2353,7.4706,2834.9265,262.1324,1975.7353,1396.6507,1037.1324,5.5147,81.9853,4832.7206,241.1765,1562.5,6453.3088,471.3235,997.7941,52.9412,249.2647,2076.4706,5589.7059,1515.0735,65.8088,387.5,134.1912,95.2206,33.0882,255.1471,152.2059,2466.1765,46.3235,1488.6029,8.0882,0.7353,10122.0588,4783.4559,677.2059,312.8125,20.9559,47.7941,812.5,0,267.2794,812.5,7374.6324,771.3235,2142.2794,1626.4706,3073.8971,126.1029,483.8235,4.7794,618.0147,1.1029,1.4706,1038.6029,662.8676,14.7059,1.1029,3366.1765,15.8088,173.5294,0,8444.8529,182.7206,377.6213,220.2206,287.5,66.1029,739.9779,227.5735
TCGA-EJ-5499-01,0.8,2341.4464,4505.9757,1.0468,223.3272,841.3155,543.3133,3618.599,1090.116,888.4236,2175.6957,721.6261,1509.2035,563.9012,1999.8255,257.8732,188.4707,38.7333,53.3892,600.5409,1869.3187,17966.6754,19.5411,770.8279,1224.4613,2071.36,10664.2066,1227.9508,631.9463,1099.1852,2537.9046,4884.2362,175.5212,259.9668,1037.4248,109.5699,10.1195,177.266,456.0761,599.494,17989.3571,13.609,448.7481,6803.4546,5225.1592,1813.4869,244.2642,158.7717,1905.2604,770.4789,149.699,1594.5494,1404.5189,1541.1009,1044.7527,1480.2408,1078.6007,992.4104,810.957,25.4733,837.1282,1269.8247,1245.7472,1993.5444,1207.3628,1958.9985,1153.2758,4999.3893,15602.1984,1483.3813,8.3748,2036.4651,298.107,328.7098,2108.3486,7712.8151,143.418,608.9156,1102.6782,2832.4173,1776.4983,60.0192,859.4609,2072.0579,4664.0496,2312.4836,3106.7574,3556.1371,1962.837,1039.1695,23.0306,1930.3847,3308.3835,923.6675,605.0772,616.2436,2684.812,544.3601,1304.3706,1019.2794,24.0775,2731.9201,646.9511,95.612,508.0694,1488.9645,42.2228,51.6444,23090.6394,467.2424,1145.9478,5008.4097,728.954,1074.0644,28.2649,11.1664,65.6024,62.8108,1357.4108,3024.6881,879.002,1562.5927,194.0155,165.7507,608.2177,35.5928,1830.9343,582.7445,170.9849,5428.5964,21.2859,4608.2177,175.1723,1316.5838,69.4443,252.29,1108.2614,6.979,650.7895,1665.1836,106.0804,359.4173,32.1033,4907.9648,1309.9538,435.837,2114.9786,1680.1884,2068.5684,1019.6284,3753.2932,1923.0568,330.1056,337.0845,2333.0716,175.4026,3003.0533,708.366,3.1405,1323.9117,733.8393,3.1405,172.3807,85.8414,265.899,13.2601,1197.5923,1110.0061,5938.7595,4747.7938,2328.455,676.2628,2254.9071,1442.5543,2117.4213,2248.975,147.6053,1919.9163,2200.4711,4840.6176,1132.3388,277.7632,473.5235,1588.066,1117.5399,2189.3047,2920.3524,1434.1795,1484.4282,107.1273,108.5231,881.0957,230.6552,1585.6233,3312.2219,176.917,129.809,127.7153,1874.5529,437.2328,255.0816,792.4627,53.3892,426.7644,604.3793,1552.8221,526.5637,1648.783,690.9186,4434.0923,115.851,89.6798,511.21,23.5575,5655.0641,542.2664,623.3691,1519.323,2296.083,1760.0977,13.958,1330.1928,748.1462,290.6743,731.3967,50.9465,6451.7142,66.6492,58.9723,1473.9597,39.7802,699.6423,3365.6111,4703.4808,0.3489,1466.6318,10.4685,3314.6646,878.3041,1948.879,1122.4357,990.3167,40.1291,279.8569,3945.9129,383.8437,2043.0952,4809.2122,794.5564,1899.6772,32.8012,221.5825,1757.6551,4688.8249,1604.8155,80.9561,318.9392,101.1951,86.1904,73.2792,487.4815,166.0996,718.8345,19.5411,5649.8299,34.8949,3.1405,25879.4382,8846.8987,421.8791,253.8044,23.7285,31.7543,770.13,0,228.9104,1607.6071,4373.3752,533.1938,2324.6969,2325.3947,7291.285,197.1561,537.3811,2.4426,1101.9803,2.0937,1.0468,417.6917,698.9444,19.1922,40.1291,3196.022,414.5512,178.3128,0.3489,4238.681,54.785,289.6659,313.705,332.1992,239.0299,673.8201,191.5729
TCGA-FC-7708-01,0.6,3030.2822,4258.2554,0.6866,158.2599,820.1364,830.7786,3092.0757,1122.9243,1302.8119,2485.8133,730.8792,1609.7194,649.5178,1422.2793,298.6684,109.5117,24.7174,86.5108,622.7407,1467.9378,15767.6292,76.2119,426.3748,1690.0509,2833.5731,9798.0006,1119.4914,357.0288,1843.4738,3229.0512,4350.259,49.4348,248.8903,639.9055,478.556,43.942,48.0616,245.114,895.3185,18846.3163,11.6721,514.6021,12533.0852,3823.6415,2849.0214,340.8939,206.6648,2335.1059,702.7289,387.9256,2401.1974,913.5132,1793.8158,617.5912,1533.8508,863.7351,561.6338,845.1971,35.3596,390.6719,865.7949,1056.668,2060.4683,828.7189,3161.8405,1037.7867,3978.1251,7303.6427,473.4065,27.1205,1612.8091,1187.9482,546.1855,2203.9665,7371.9588,341.5805,896.3484,1327.5293,2797.8702,1109.8791,243.3975,773.1047,2304.8958,6132.3135,1697.6034,2714.4422,3393.8337,1500.2077,994.5313,59.7337,2233.1467,2813.6618,993.5014,726.0731,917.6328,1092.0276,933.7677,1154.1644,818.7632,25.7473,2467.6185,719.2071,96.8097,1759.3969,2329.6131,27.4638,57.6739,28606.2487,311.7136,903.9009,4265.8183,1266.4225,1319.6335,24.0308,12.3587,34.3297,40.1657,1456.609,1673.5727,724.3566,1355.6797,93.3768,67.9728,708.9082,76.5552,1356.023,1014.0992,480.2724,4284.346,59.0471,3163.1381,433.2408,875.7505,26.7325,172.6784,2095.4846,29.5235,832.9345,1577.7928,187.0968,245.4573,20.5978,7646.5964,1386.9197,705.1319,1740.1723,2329.9564,2750.1519,972.217,3521.5402,1756.9938,700.6691,555.1112,2650.2525,177.9548,2110.2464,300.7281,1.3732,936.5141,1170.9859,18.538,226.576,108.8251,176.1113,17.5081,4112.3542,1002.4271,6284.0508,3215.3159,2301.1195,1170.9859,1890.193,952.3058,1473.7738,1678.3788,76.2119,2766.9735,1927.9557,9177.0142,908.0204,227.6059,782.3738,2931.756,1739.6642,2285.6711,2593.9518,2091.0218,1880.924,36.3895,9.269,1477.2068,481.3023,1251.3174,2913.218,205.6349,259.5325,66.5996,1928.299,625.8269,285.6231,2146.2926,11.3288,259.5325,294.8921,932.3945,2126.7246,620.6809,583.6048,5417.9125,92.3469,167.8722,1997.9883,52.8677,9295.4517,469.6302,523.3253,1167.8962,1990.779,1982.5399,37.7627,970.1572,622.7407,245.114,643.6818,70.0326,4715.8703,16.135,37.0761,1695.887,128.3931,748.0441,4621.8069,5939.0373,0.6866,1682.4984,2.7464,2644.7597,3479.3146,1832.1759,969.7418,2778.3023,36.7328,225.8894,4030.9928,250.6068,1727.8136,4629.3594,642.3086,1759.3969,29.8668,106.7654,2364.9727,4400.3804,1457.6389,101.9592,289.056,166.1557,114.7676,16.4783,1428.8019,325.4455,4691.1529,8.9257,5476.273,40.1657,1.7165,31698.6677,7873.5157,467.5705,214.9142,44.9719,126.3333,547.5586,0.6866,231.3821,1223.1671,1789.9503,596.9934,1948.5535,1778.9648,6405.2346,113.6313,437.017,2.0598,789.583,2.0598,6.1793,552.0215,462.7643,18.8813,81.3614,2075.2301,234.4718,251.98,1.0299,5664.3998,80.3315,350.8804,271.8912,338.4908,137.6621,1451.796,288.3694
TCGA-KC-A4BV-01,0.9,2103.7273,6729.805,0.5306,189.415,791.0864,473.2723,4063.1383,1215.5458,1263.2975,2571.6939,921.6076,1912.7205,301.8968,2055.445,196.8431,68.4441,43.5071,145.9079,408.5422,1491.9751,7367.0248,19.1007,668.5237,1921.2097,2414.6439,9060.0557,887.6509,488.659,625.0007,2830.6141,6810.4523,142.7245,224.4329,204.2711,628.7306,12.7338,14.3255,54.6492,749.171,21406.5526,10.6115,897.7318,7242.3398,3026.9266,2707.5209,262.6343,184.1093,2535.0842,729.0092,162.3558,2137.2967,1166.2024,2109.9138,454.7022,1716.9386,1140.2043,99.2174,829.2877,25.9981,674.8906,982.0931,1203.3426,1593.8453,790.5558,2492.4579,1227.2185,4645.709,7992.0414,821.8597,2.6529,1740.2839,1080.8861,291.2853,1778.4852,8141.1328,194.1902,1247.9109,1025.6002,2540.9205,776.7608,772.5162,1287.7039,2127.6031,6004.5099,1404.4303,2316.1056,5045.762,1499.4031,1419.817,65.7912,1551.3994,2720.7853,1513.7286,784.1889,757.6602,1333.3333,747.5793,1402.308,982.6237,63.6689,3040.191,712.0308,133.1742,909.935,1614.5377,24.937,49.874,24701.4193,671.7071,611.7522,6242.7537,1500.9948,534.8189,23.8758,6.8975,17.509,41.9154,1364.1066,2067.1177,289.6936,1211.8318,270.5929,81.7084,883.4063,95.5034,1191.67,860.061,294.4688,4427.1123,31.8345,7134.6332,150.1525,657.3816,46.0751,236.6362,2142.9898,46.16,942.8306,1871.3357,35.5485,190.4762,20.6924,8881.284,853.1635,490.2507,2361.0558,2108.5025,2967.5023,1061.1487,3155.3256,1992.3067,792.1475,311.9777,1638.4136,157.3737,962.9924,445.6825,1.5917,1175.7528,550.2056,11.1421,64.7301,60.4855,170.8449,30.2427,3907.1495,530.0438,5052.6595,4279.0821,3049.2108,539.0635,2034.222,919.4853,1315.2938,1294.0708,240.3502,1933.4129,1416.1029,3520.8914,926.9134,201.6183,267.94,1810.3197,3601.8464,2603.5283,3247.115,1603.9263,1357.2092,62.6078,14.8561,795.8615,328.9561,1661.2283,3248.7067,189.9456,374.5855,102.4008,1452.7126,704.6027,310.9166,3388.2478,35.0179,272.1846,298.1828,1016.0499,553.9196,1763.0986,891.3649,1682.4513,39.2625,134.7659,1027.7225,46.2555,6339.3023,437.7238,763.9209,2176.9465,2121.2362,1967.3697,34.4873,1517.4426,783.1277,226.5552,626.0777,281.735,3914.5775,52.5269,11.6726,2501.658,53.0574,549.1444,2309.5901,5011.2747,0,831.41,0,3007.826,1651.1474,1681.9207,1016.0127,677.0129,37.1402,215.4132,4863.775,185.701,1207.5872,5773.71,624.486,431.3569,12.2032,48.8128,3390.9006,3049.2108,1424.5921,51.9963,342.751,116.1958,85.953,28.1204,858.4693,132.6436,491.3118,37.1402,3252.9513,99.2174,3.1834,18324.4462,8466.3749,530.5743,356.3337,1.0611,95.5034,476.4558,0,241.9419,913.1185,3719.8567,847.8578,1972.1448,2236.3709,7915.6387,306.1414,458.4162,0,918.9548,1.0611,0.5306,570.898,643.5867,21.7535,78.525,2363.7087,4.2446,171.3755,0,7082.1064,19.1007,396.8696,297.1216,350.7096,37.1402,764.5576,299.2439
TCGA-EJ-7321-01,0.733333333,2913.5227,5509.5379,1.2717,241.6278,871.5557,734.6333,4357.3548,1378.5502,1625.2649,2423.0606,996.1848,1785.9262,576.5155,2590.5045,299.7033,112.3357,20.3476,92.412,566.3417,1460.7885,16224.6715,29.2497,510.3858,1456.9733,3033.0649,6909.2709,1147.5201,569.7329,1045.7821,3728.6986,4734.2094,100.8902,303.5184,488.3425,777.0242,16.9563,95.8033,187.3675,715.1335,17595.5914,12.2933,403.9847,6233.1496,5199.237,2402.2891,204.7478,154.3027,2454.0059,896.1424,91.5642,3392.7384,763.883,1616.9691,854.1755,1618.0585,1064.0102,339.1267,673.5905,25.4345,723.1878,1119.9661,1088.173,2234.8453,1122.5095,1840.5299,876.6426,5440.017,18208.9869,1111.4879,17.3802,1777.872,323.2302,412.8868,1379.822,8005.0869,349.3006,820.2628,2111.064,2705.8075,865.1971,55.532,1804.5782,2744.3832,6426.8758,2120.8139,2768.245,4167.8677,1695.6337,1213.6499,38.9996,1808.8173,3015.2607,841.0343,647.3082,1153.4549,1543.0267,1028.4019,1104.2815,1166.596,63.5863,2757.5244,1002.1195,40.2713,655.7864,1608.7325,21.1954,55.9559,23237.8126,416.2781,1000.8478,3471.3141,433.2344,896.1424,18.2281,8.0543,161.933,54.6842,1702.8402,2762.6113,759.6439,1569.309,66.1297,118.2705,494.7011,25.4345,1812.2086,1584.5697,144.5528,10364.9852,31.7931,13189.0632,198.3891,966.5112,34.9131,249.2582,1066.9775,37.3039,822.1323,1752.0136,73.7601,461.2124,69.0971,9514.6248,1627.3845,284.8665,2296.312,2689.2751,2692.2425,920.7291,3492.1577,1503.1793,591.7762,223.8237,2371.3438,130.4705,9332.3442,563.7982,4.2391,1275.5405,1211.9542,2.5435,73.7601,9.7499,273.4209,19.9237,1002.5435,1781.6872,3971.1742,3749.8898,2424.3323,598.9826,2813.9042,1426.4519,1699.8728,1820.2628,34.3366,2867.7406,2514.6248,5263.2471,969.0547,195.4218,723.6117,998.3044,1576.4434,2210.2586,2596.8631,1913.5227,1602.3739,59.7711,21.1954,405.6804,372.6155,1728.2747,3338.7028,161.5091,63.5863,94.9555,1796.524,624.841,247.5625,489.6142,14.4129,335.3116,594.3196,1412.039,235.6931,1861.3819,624.4171,5626.9606,83.0861,188.6393,965.6634,57.3167,6358.6265,444.6799,680.3434,1430.691,2629.504,2770.2416,12.2933,1272.5731,601.1022,275.5405,948.7071,16.5324,4495.549,22.0432,39.4235,1748.1984,62.7384,870.7079,3769.8177,6353.5396,3.3913,1734.2094,4.9513,2841.8822,711.3184,1756.6766,928.8343,1357.7787,32.217,82.2382,3963.9678,202.6282,1529.0377,6088.173,598.5587,587.1132,26.7062,325.5617,1146.2484,4964.8156,1758.7961,64.0102,305.2141,151.3353,148.5121,14.4129,2334.4638,139.4659,1425.1802,19.0759,10778.7198,28.8258,1.2717,15803.7304,7638.83,501.0598,211.9924,14.4129,54.6842,879.61,0,421.7889,1075.0318,4777.4481,570.5808,2339.1267,2537.092,7223.8237,128.8682,517.1683,0.8478,835.9474,1.2717,2.1195,603.2217,673.5905,6.3586,39.8474,1423.4845,52.9886,310.7249,0.4239,5124.6291,6.3586,313.2683,235.6931,188.6393,96.2272,1267.0581,199.237
TCGA-EJ-8469-01,0.8,2993.1223,4368.2538,0,264.5721,1058.2883,1291.4977,4406.8539,1303.5603,1769.9791,3687.9256,1081.6092,1605.9283,350.6183,4310.3535,394.0435,314.4306,44.2294,36.9918,590.2611,1593.8658,6346.513,14.4751,280.6555,1359.8522,3476.4288,6921.4707,813.0163,887.8042,1150.7598,3600.271,3438.6327,212.301,297.5431,202.6509,1282.6518,6.4334,33.7752,41.8169,710.8867,13639.5346,3.2167,283.068,9465.0859,3471.6037,2644.1124,300.7597,61.117,2444.6781,1107.3427,85.2421,2628.1737,2665.825,1418.4521,684.349,1233.5974,1042.2049,290.3055,898.2584,10.4542,993.9546,1516.6654,1082.4134,2125.4224,670.6781,1670.4791,926.4043,6180.8539,14768.5899,1318.8395,12.8667,2645.7207,272.7585,339.3599,1625.2284,6117.3244,90.8713,662.6364,265.3762,3264.9319,865.2874,244.4678,1101.7135,3092.0353,8912.6209,1833.5086,2131.4698,3507.7914,1598.6908,884.5875,18.4959,2030.5303,3864.8431,999.5838,1090.4551,480.0897,1800.5376,731.7951,1100.9093,1476.4569,40.2085,2451.1115,1703.233,100.5213,828.2955,1273.806,98.1088,21.7126,20129.19,692.3907,596.6945,4251.3033,163.2466,505.8232,39.4044,12.0626,15.2792,19.3001,2262.1314,2450.3073,152.7924,1449.1151,203.4551,169.68,398.0644,27.3418,1408.1024,680.3282,154.4007,5635.6264,64.3336,9177.9971,127.8631,661.0281,64.6312,369.1142,684.349,43.4252,580.2009,2777.6047,61.117,91.6754,20.9084,11926.6516,1842.3545,567.7443,1465.1985,2499.3617,1525.5113,1154.7887,3115.3562,1265.7643,453.5521,183.3509,2523.4868,94.0638,7036.4912,237.2303,0.8042,2042.5929,851.6165,6.4334,266.1804,4.825,418.9728,12.0626,1116.1886,502.6065,5198.1576,7666.9609,2941.6554,521.1024,1838.3336,1129.0553,1916.3381,1380.7606,173.7008,2308.7733,2177.6935,4866.0353,690.7824,689.9782,86.8504,891.825,1772.1665,3005.9891,3954.9102,872.5249,935.2502,74.7878,67.5503,368.3101,437.4687,1533.553,3392.795,203.4551,161.6383,199.4343,1617.9909,854.029,246.8803,464.0063,3.2167,641.728,104.5422,1396.0399,814.6246,3252.8694,350.6183,5227.1078,47.4461,95.6963,1137.097,53.2522,5691.1141,698.0199,944.4499,3393.5992,1080.8051,3033.3309,24.1251,1586.6283,748.6827,300.7597,868.5041,69.9628,3940.4351,78.8087,51.4669,1465.1985,82.8296,632.078,2032.9428,3223.1151,0.8042,1436.2484,0.8042,2183.3227,603.932,1997.5593,821.4199,1677.4995,1.6083,84.4379,4882.1187,221.1469,1727.3581,4529.892,1231.9891,292.718,10.4542,101.3255,1816.621,5154.7324,1040.5965,98.913,326.4932,91.4905,106.9547,87.6546,844.3789,151.9882,2179.3019,60.3128,6706.7814,10.4542,0,6334.4505,8340.8557,801.7579,260.5432,119.0172,39.4044,626.4488,0,919.971,1001.9964,4207.4197,602.3237,3405.6618,1973.4342,10007.901,83.6337,396.456,5.6292,675.5032,0.8042,2.4125,631.2738,492.9565,15.2792,31.3626,1864.0671,42.621,83.6337,0,4327.2411,16.8876,410.2315,366.7017,225.1677,84.4379,911.7202,233.2094
TCGA-HC-7077-01,1.433333333,3373.0116,8428.3386,2.1727,132.5367,733.7627,752.6965,3588.4224,1118.6467,854.8149,2251.261,1172.0338,2093.5827,124.4665,1538.2944,221.9291,118.8795,19.865,14.278,234.0343,1033.5998,20506.8674,40.6611,861.3331,1703.7324,2345.93,9498.8531,1115.8532,379.6074,855.4202,2290.6805,6714.6737,114.534,207.3407,107.395,373.7099,2.1727,51.5248,33.2118,997.9049,19890.7426,13.0364,695.2743,6899.9767,5283.7743,1531.4658,125.3977,29.7975,2763.0946,793.9784,23.2793,2216.1962,747.7303,2741.5132,334.6008,1264.2198,1311.3991,118.2587,806.394,16.1403,492.5894,904.4774,1152.7896,1804.2989,1143.7883,1228.2145,906.9605,4215.4109,8121.3626,749.5926,7.7598,1698.1454,161.0398,270.9707,1111.8181,10277.9545,44.6962,420.2685,865.989,2385.0392,805.4629,117.0171,1738.1858,2470.7069,4335.5319,760.1459,1344.6233,5628.3076,2231.7064,1178.552,8.6909,1451.6955,2565.376,1692.5584,541.3207,337.0839,2236.3622,661.7522,1106.2311,1425.9331,45.6274,3328.6257,868.4721,24.2104,575.1533,1650.6557,13.9676,10.2429,47626.6005,392.6437,673.547,4882.3279,114.8444,863.8162,21.7273,4.3455,13.6572,6.2078,1476.2163,2148.5218,422.1308,1283.7743,78.8391,112.6717,208.2719,5.587,1329.7121,178.7848,58.3534,7756.0332,3.4143,3086.8317,124.4665,759.5251,39.1961,282.4552,527.9739,63.9404,931.7917,1549.1581,12.1052,33.8325,3.4143,2623.4189,1247.1483,145.2627,2341.5845,1884.3796,3815.9385,1029.2543,3867.1529,1818.2665,436.4088,130.0535,2651.0437,137.894,4544.1142,839.2954,0.3104,1083.883,679.4444,2.4831,20.7962,4.3455,190.2693,2.7935,668.8911,1285.9471,3888.5699,3440.3663,3299.4491,602.4676,2254.9856,1100.0233,1027.7023,1198.7274,11.1741,1938.6979,1888.1043,5593.2335,1273.8419,75.4248,1506.6346,504.3843,1549.0743,2232.6375,2213.7037,1264.2198,2206.8751,63.63,31.039,224.4122,389.2295,1887.7939,1989.2915,134.0886,72.9417,97.1522,1474.9748,759.8355,164.1965,225.3434,1.552,281.8344,218.2044,1361.6823,197.0979,1689.7649,257.3136,3487.5456,48.1105,139.0549,995.1114,78.9012,3747.9631,359.7424,652.4808,1431.2097,1566.5399,2372.6236,4.6559,1630.7907,635.369,313.4942,855.4357,6.5182,4701.7925,25.7624,27.6247,1971.2889,43.765,661.1314,4351.6722,5885.6212,1.2416,1786.6067,1.5613,3058.2758,931.7917,1528.0515,848.8927,627.9196,27733.9955,46.2482,4151.4705,248.0019,1004.7335,4344.5333,484.8297,297.9747,14.278,355.3969,1305.5017,4632.2651,1494.8398,32.591,284.3175,118.8795,125.3977,27.3143,599.9845,63.63,826.259,17.6922,2476.6043,4.3455,0,5372.8564,7594.0095,429.2698,177.5681,9.9325,13.9676,535.1129,0.3104,421.1997,430.8218,2643.5943,852.9526,2308.6832,2900.2871,6551.7188,56.491,429.2698,1.552,717.312,1.2416,0.3104,373.3995,427.0971,5.2766,19.865,1801.5054,48.7313,146.5042,0,7421.4325,334.2904,257.3136,221.6187,82.8742,27.004,478.5567,369.6749
TCGA-HC-8257-01,0.966666667,2821.7523,5324.8741,1.2085,171.6012,666.6667,702.9204,2992.145,1410.6747,1699.4965,2379.859,833.434,2100.3021,425.3776,1838.8721,213.0916,133.7362,15.71,60.423,459.2145,1719.6375,17750.2518,46.3243,587.3112,1243.1017,2280.3625,6741.5629,1177.0393,537.3615,741.9899,2966.7674,4250.9567,95.0655,223.1621,455.1863,439.0735,2.8197,98.288,98.288,616.3142,14789.9295,82.1752,710.9768,6383.8872,3243.1017,2461.6314,245.3172,117.6234,2841.4904,722.6586,109.1641,2538.3847,1105.3374,1890.3122,585.6999,1450.1511,1196.3746,361.3293,822.1551,16.1128,588.9225,907.1501,853.1722,2042.6989,625.1762,1851.6294,597.7845,4715.005,13600.8056,944.6123,6.4451,1566.566,424.4713,209.0634,1084.3907,9168.5801,120.0403,856.3948,1546.425,2689.2246,1063.4441,408.0564,691.2387,2340.3827,6748.0363,1602.4169,2483.3837,3894.864,2099.0937,1120.6445,22.9607,1815.9114,3164.149,1008.6606,666.6667,336.3545,2107.1501,1110.9768,1382.0745,1042.4975,25.7805,3613.2931,740.7855,43.5045,364.149,1235.851,18.5297,45.5186,23798.1873,208.2578,973.2125,4312.3263,433.434,882.9809,35.851,10.0705,31.8228,47.1299,1330.1108,2627.996,831.0171,1322.86,169.9899,64.854,487.0091,43.1017,1507.7543,375.0252,188.9225,3167.3716,36.6566,7480.3625,391.9436,828.1974,33.9376,333.9376,1673.716,75.3273,696.0725,1136.7573,31.8228,225.5791,13.6959,2972.4068,1377.2407,676.7372,2429.4058,2092.2457,2377.4421,954.6828,3115.005,1150.856,756.8983,154.6828,2270.292,239.2467,3745.0151,248.9426,4.431,1194.7633,1178.6506,14.0987,240.0806,43.5045,205.8409,17.3212,1904.9345,702.5176,6361.7321,3565.3535,2476.1329,444.3102,2029.4058,1310.3726,992.145,1722.86,74.5217,2222.7593,2400,5007.0493,1104.1289,223.1621,418.5297,1544.4109,1186.7835,2606.6465,3227.7946,1933.5347,2157.0997,57.2004,18.1269,439.4763,228.3988,1436.0524,2144.2095,169.9899,151.863,94.2598,1655.9919,668.2779,261.0272,1539.1742,14.0987,252.9708,662.2356,1737.7644,992.9507,1377.6435,647.3313,4021.7523,81.3696,107.9557,1992.3464,28.6687,4120.4431,426.1833,705.9537,1258.4089,1742.1954,4345.6193,12.8902,1209.2649,766.566,348.8419,706.5458,31.0171,4978.852,16.5156,22.5579,1724.4713,51.9637,737.5629,1623.7664,7473.1118,2.0141,1935.9517,9.6677,2174.8238,588.5196,1935.5488,1186.4371,1066.6667,31.0171,153.8771,4259.0131,268.2779,1212.0846,7280.1611,427.3917,1527.4924,15.71,263.4441,1196.7774,4963.9476,1605.6395,90.2316,327.0896,160.3223,175.6294,34.6425,173.6153,251.3595,1566.1631,21.3494,2728.2981,18.9325,1.6113,14552.2659,6504.3303,466.4653,350.4008,28.1974,60.8258,635.2467,0,329.5065,1583.4844,3318.0262,804.431,2142.5982,1204.431,6074.5217,196.9789,349.2447,2.4169,686.4048,4.0282,8.0564,847.9355,614.7029,25.3776,20.5438,1264.4512,51.9637,202.6183,0,4162.7392,25.3776,330.3122,218.7311,272.3061,48.3384,403.2226,244.5116
TCGA-HC-8260-01,0.233333333,1988.3501,5817.0655,0.6297,158.3753,746.2217,556.9899,2280.5416,1199.3073,1065.806,1895.466,614.2947,1732.9975,765.7431,1296.9144,224.8111,107.6826,29.9118,69.2695,375.6297,1163.0982,12816.1209,19.8363,616.8136,1625,2124.0554,7624.0208,1010.3904,374.6851,1199.9213,2389.7985,5127.8338,99.4962,283.3753,1516.0579,1142.6322,8.5013,9.4458,358.3123,664.0428,18713.1612,11.0202,752.204,8102.33,3779.9118,2131.2972,292.5063,96.9773,2405.2267,809.194,215.995,2119.3986,840.6801,1512.0151,488.9798,1279.597,981.4232,448.3627,990.5542,24.2443,439.5466,857.3678,820.529,1731.4232,586.272,2476.2406,827.4559,4413.728,7607.0529,768.8917,4.0932,1358.6272,508.5737,349.8111,3231.4232,7612.0907,139.1688,545.0252,1210.6423,2179.471,827.4559,47.5441,863.665,2129.4081,7853.5894,1323.9924,2783.6209,3027.3929,1725.4408,1081.864,33.3753,1919.0806,2262.5945,1031.4861,695.8438,586.272,1017.6322,1064.8615,1493.073,654.9118,25.8186,2843.199,774.5592,70.8438,756.2972,1207.4937,16.6877,36.8388,23151.1335,351.3854,641.3728,3626.5302,541.2469,1385.7053,21.4106,8.8161,10.0756,31.4861,1255.9824,1893.262,502.5189,1408.6902,80.9194,86.9018,569.5844,66.1209,1400.5038,679.471,205.6045,3954.0302,45.9698,4531.4861,348.8665,913.728,45.9162,224.4962,1209.6977,36.2091,940.7494,1658.6902,60.4534,187.9723,9.131,4676.3224,1427.5819,440.1763,1848.2368,1915.3023,2597.2922,896.7254,2885.3904,1301.9521,976.0705,263.539,2295.0252,269.131,1371.2217,852.9597,0.9446,931.6751,982.9975,7.2418,244.3325,51.9521,236.7758,6.927,1415.6171,337.5315,4725.4408,3036.2028,2723.8665,499.0554,1875,1080.9194,1695.529,1607.3678,86.9018,1837.2166,2567.3804,6546.2846,863.665,550.063,739.9244,2126.8892,2820.6266,2207.1788,3126.5743,1370.5919,2272.67,37.1537,10.3904,742.4433,294.7103,1072.1033,3962.2166,151.4484,217.2544,120.5919,1545.9698,528.6524,363.9798,952.7708,17.6322,226.7003,246.5365,1185.4534,868.3879,1217.8841,1472.9219,3875.9446,162.4685,200.5668,1651.7632,43.4824,5505.6675,426.6373,484.0869,1040.932,2687.3426,2576.8262,15.4282,1148.9295,606.1083,321.1587,954.0302,61.7128,4805.7305,22.9849,68.6398,1932.6196,85.9572,724.1814,1187.0277,6178.5264,1.2594,1273.2997,6.9899,2381.6121,1256.6121,1662.1537,824.8866,2473.8665,39.0428,228.5894,5692.3804,260.7053,1037.7834,3994.9622,377.5189,1719.7733,85.6423,99.4962,1207.4937,3215.995,1519.2065,65.1763,450.5668,147.3552,192.6952,14.1688,5662.1537,302.5819,6708.7531,16.6877,4427.5819,10.3904,0.3149,10232.9975,8206.2343,421.2846,388.8319,34.9496,64.8615,589.4207,0.3149,168.136,788.4131,1527.0781,772.67,2255.3526,1917.5063,6047.5441,77.1411,335.9572,9.4458,821.1587,4.4081,4.7229,723.5516,439.5466,20.466,19.5214,1978.9043,2.204,117.1285,0.9446,7884.131,14.1688,483.3344,394.2065,358.6272,164.6725,1424.745,147.9849
TCGA-J4-8198-01,0.5,3134.1951,5972.9147,2.1545,302.8624,893.8135,997.8455,4200.9849,1912.5885,1320.4063,2843.6442,810.0954,1880.5786,587.5654,2287.4731,465.6817,99.1074,24.3152,37.8578,803.0163,1280.0862,15230.2247,61.2496,502.924,1268.0825,3166.5128,7516.4389,953.5242,583.2564,1731.582,4150.2001,6069.5599,162.5115,227.4546,523.8535,720.5294,8.0025,4.0012,116.6513,835.9495,18044.9369,106.1865,530.317,7138.5042,3540.1662,2890.4278,212.9886,68.9443,2673.7458,952.6008,287.7809,3762.5977,746.0757,1486.6913,706.679,1529.7014,943.9828,341.3358,813.4811,31.7021,571.8683,1232.687,841.7975,2243.7673,751.6159,2199.6245,720.5294,6332.41,10949.2151,795.6294,0.9234,1987.6885,922.3115,493.0748,1942.136,6833.1794,102.1853,986.1496,1886.1188,2910.7418,631.8867,130.8095,1155.7402,2731.9175,8082.1791,1648.5072,2492.5577,3608.8027,1571.2527,1662.0499,31.0865,1599.5691,2929.5168,950.7541,928.5934,530.9326,1313.0194,1253.3087,1000,796.5528,20.6217,2672.8224,833.4872,152.6624,610.9572,1387.8116,21.5451,28.6242,19530.9326,289.6276,1186.2111,4387.9902,685.7495,871.6528,14.466,15.0816,16.0049,33.241,1752.2315,2302.2468,1104.6476,1478.9166,88.9504,102.8009,461.9883,26.4697,1762.6962,868.2672,436.442,7148.0456,14.7738,7166.5128,232.9948,788.2425,30.5263,270.5448,2104.032,49.8615,841.4897,1868.5749,95.1062,321.0219,10.157,4423.8227,1785.4725,635.2724,1953.5242,3226.5312,2335.1801,1015.3894,3349.9538,1319.4829,655.5863,385.0416,4219.7599,100.9203,2077.2545,639.2736,0.9234,1238.8427,1408.7412,11.6959,403.5088,72.0222,213.2964,41.5512,1993.8443,645.1216,4875.9618,3345.0108,2536.7805,468.144,2024.623,1044.6291,1521.3912,1547.8609,137.8886,3030.4709,2270.8526,4732.2253,1248.6919,194.2136,1002.4623,1859.9569,2350.7972,2144.3521,3937.827,2139.1197,1652.8163,42.7824,9.5414,600.4925,365.3432,1209.2952,2509.0797,204.6784,177.9009,109.88,2092.0283,570.3293,310.8649,1885.5032,23.3918,350.8772,520.4678,1292.3977,916.8975,1727.6085,2483.2256,5260.6956,41.859,621.1142,1535.8572,145.4109,5545.0908,535.8572,824.9154,1214.5275,2176.9775,3098.4918,12.3115,1223.1456,945.5217,224.0689,1003.6934,57.864,4943.3672,17.5439,53.2472,1523.5457,133.5796,807.9409,1277.3161,5920.8987,0.9234,1623.8843,6.1988,2650.6617,909.8184,1708.5257,611.542,1988.9197,65.2508,192.0591,4111.4189,269.6214,1387.8116,5200.0616,487.5346,903.6627,20.9295,245.9218,1754.6938,3591.8744,1567.2515,100.9541,406.2789,141.582,172.2438,12.6193,262.8501,232.687,3042.4746,63.4041,3257.6177,20.9295,0.3078,6262.5423,8079.7168,554.94,333.4103,16.3127,40.3201,865.1893,0,238.8427,1014.7738,3383.8104,639.8892,2232.0714,1583.872,5641.4281,195.137,531.5482,3.6934,742.3823,3.0779,1.8467,1102.1853,610.9572,11.0803,34.4721,1308.4026,26.7775,169.2829,1.2311,7807.3253,143.4287,277.0422,301.9391,236.6882,60.9418,539.8492,275.7772
TCGA-KC-A4BN-01,0.433333333,3850.1975,6365.7905,3.8132,93.1499,759.3627,540.3786,4128.0131,1226.7466,752.2811,1773.1173,1044.2598,1857.5514,206.9999,1494.7569,429.2523,86.0684,20.1552,21.2447,370.4208,1116.7098,14897.9981,34.3184,374.234,2221.4354,2370.1484,7881.7758,1075.3098,323.0287,875.9308,3040.1743,5060.0572,101.321,230.4235,572.518,772.9811,1.0895,3.2684,120.9315,702.1653,18304.7801,14.1631,610.1049,7205.7742,8161.242,1618.9568,208.0893,39.7658,2851.6955,665.668,53.9289,1849.0154,865.0415,1836.6226,379.6813,1167.915,843.2521,191.2025,807.8442,13.6184,379.1366,972.3546,1056.7888,1365.1096,670.5706,3749.8134,1121.0677,3992.9184,7743.4291,978.8915,9.8053,1182.0782,107.1606,209.1788,921.6941,8428.1629,245.1314,561.6233,1061.6914,2425.1668,936.9468,703.7995,502.7918,1828.1356,5747.5146,1347.6781,2718.8778,4085.5236,1563.3937,737.5732,56.1079,1907.1224,2076.5355,1048.6177,452.1313,638.9759,1763.312,625.9022,1854.8277,957.6467,62.6447,3181.8058,661.3101,22.8789,3508.103,2823.3692,12.5289,5.9921,31085.3874,615.5522,892.2784,2799.2156,317.0366,973.4441,28.3263,5.9921,19.6105,7.6263,1493.6674,1690.862,856.3258,1608.0621,58.8315,61.5552,135.0946,15.7974,1410.3228,344.8182,80.0763,4670.0259,41.9447,2204.0038,80.0763,1627.1279,32.6406,210.813,851.4231,36.4973,552.9892,2339.6432,64.2789,276.7261,3.2684,5759.4988,1196.2413,168.3236,1908.2119,1548.6858,2761.814,1258.3413,2930.1375,1478.9596,778.4284,170.5025,2957.3744,145.1723,3052.1585,199.9183,0.5447,926.5968,792.0468,5.9921,81.7105,38.1316,143.8104,7.6263,425.9839,652.5943,5233.2834,2560.2615,2503.0641,739.7521,1769.3041,939.6704,1394.5254,1332.4254,51.75,1771.483,3157.2927,11388.8057,552.3628,225.5209,1581.9147,920.6047,1997.1783,2409.3695,1808.5251,1401.0622,2152.2538,32.1395,15.2526,367.1524,349.7208,1169.0045,2829.906,222.2525,125.2894,82.2552,1767.1252,747.9232,274.5472,194.4709,21.7895,169.9578,184.1209,1032.8204,446.1392,1092.1966,722.8653,5951.2461,63.7342,338.2814,3230.8321,22.3396,9191.3387,366.0629,516.7915,964.1836,1892.9593,2903.4455,15.2526,969.6309,447.2287,264.7419,695.6285,20.1552,4677.6522,20.7,56.1079,1829.2251,57.7421,508.2391,5707.2041,5408.6885,2.7237,2635.9798,4.4559,2172.9538,9509.4648,1945.254,1209.3695,10214.8985,27.2368,114.3947,4936.402,177.5841,1380.3622,3870.8975,516.4102,1003.4046,12.5289,201.0078,912.4336,4028.3263,1480.049,85.5236,301.784,135.6394,53.9289,22.8789,3364.2925,97.5078,17663.0805,9.8053,4216.2604,7.6263,0,8356.2577,7568.5687,519.6786,275.2608,11.9842,38.6763,413.9997,0,262.0182,540.3786,2156.6117,699.4416,2125.5618,1239.8202,9521.9937,39.221,316.4919,0.5447,819.8284,3.2684,2.1789,681.4653,276.7261,0,34.3184,2198.5564,45.7579,244.5867,0,5839.0304,295.2472,402.5603,205.9104,174.8604,53.9289,1423.0206,145.4446
TCGA-KK-A6DY-01,0.666666667,3230.4456,5430.8663,1.1474,160.6426,725.5689,348.4414,3227.0033,1491.2985,1205.9667,1865.3662,1026.5825,1930.3882,427.9977,1861.1589,218.7799,125.8367,17.9767,78.7914,421.878,1404.475,9553.6431,38.2482,470.0708,1749.0916,2485.3701,9153.5284,1026.2,482.6927,807.4049,2639.8929,6029.8336,113.5972,307.5158,709.1222,854.4655,5.7372,62.3446,172.882,637.598,17707.0186,79.5563,587.1103,9252.2471,3776.2478,2332.7596,196.2134,164.8499,2420.7305,905.7181,105.1826,2698.8105,938.6116,1483.8784,683.4959,1145.5345,1140.1798,627.6535,743.9281,22.5665,652.1323,1058.711,1116.4659,1249.9522,883.9166,2997.8963,800.153,3591.5089,8375.5976,1144.3871,11.4745,1381.1436,275.3796,331.6122,1161.5988,7519.9847,173.2645,693.0579,726.3339,2234.0792,756.55,175.1769,1479.8241,2204.628,7220.1186,1291.2603,1787.5311,2475.4255,1731.4974,1269.0763,102.1228,1717.3456,2706.0623,1204.0543,781.0289,1222.7959,1206.3492,930.5795,1591.5089,1093.1344,30.2161,2829.2216,830.3691,77.6439,1305.7946,1655.001,12.2394,42.838,15806.0815,567.2213,664.7543,3765.0947,668.5791,766.4945,30.9811,11.857,49.7227,31.746,1511.1876,2175.1769,430.2926,1431.6313,102.1228,100.5928,765.3471,93.7082,1054.8862,709.8872,86.0585,6594.3775,105.9476,5380.7611,318.6078,1254.542,21.0098,218.0149,1204.0543,56.9899,738.7416,1606.0432,44.7504,387.8371,37.1008,12830.7516,1452.2853,230.2544,2014.9168,1976.6686,2436.0298,646.7776,2783.7063,1214.3813,1086.2498,197.7434,1939.9503,184.4712,4277.2997,359.5334,0.765,1214.7638,1088.1622,6.8847,87.5884,36.7183,216.1025,13.7694,1103.4615,1586.9191,5114.5535,3318.0264,2554.5993,1163.1287,1445.7831,1043.0293,1677.9499,1385.7334,109.0075,1998.8526,2677.3762,6349.9713,490.3423,455.9189,589.7877,1018.9329,2274.3469,2359.9159,3686.3645,1063.6833,1665.7105,41.3081,18.7416,686.5557,472.3657,1281.3157,2622.6812,94.8556,118.187,114.7447,1511.1876,810.48,325.11,425.7028,10.7095,340.4093,209.6003,1071.7154,460.5087,1254.9245,1564.3526,3221.266,111.3024,106.7126,1961.7518,55.1998,10773.7617,393.5743,611.333,1158.1564,2997.8963,2068.4643,28.6862,1090.4571,725.1865,296.0413,904.9531,123.1593,4749.6653,20.654,88.3534,2095.2381,88.7359,833.0465,7721.5529,5543.6986,0.765,1497.4182,1.5299,2333.1421,3803.4041,1754.0639,729.0495,3495.1234,18.7416,118.5695,5752.5339,217.6324,1563.2052,4750.8128,689.2331,363.7407,45.8979,301.3961,1513.1,3440.4284,1398.7378,122.7768,347.6764,105.5651,133.647,18.7416,812.0099,88.7359,2222.6047,16.4467,16354.9436,22.9489,0.3825,17804.1691,8635.6856,440.2371,304.8346,22.184,76.8789,373.6852,0.3825,308.2807,969.2102,3069.0381,816.5997,2330.0822,2553.8344,8581.7556,190.8587,340.0268,1.1474,771.0843,4.9723,10.7095,558.4242,514.4387,14.5343,43.603,3156.244,712.1821,360.2983,1.1474,6427.9977,40.5431,485.4312,309.8107,414.9933,142.2834,2221.1168,158.7302
TCGA-KK-A6E2-01,0.7,3065.5738,5138.7445,0.3998,238.3047,622.551,646.1415,3545.3818,950.02,1570.5718,2763.2947,947.621,1857.2571,230.3079,3446.6214,281.0876,144.3423,17.593,51.5794,347.8609,1696.9212,10937.625,99.96,669.7321,1351.4594,2225.11,7498.5566,1078.7685,630.5478,672.1271,3057.1771,5521.3914,89.964,201.5194,49.98,1071.9712,3.9984,165.1339,21.5914,829.2683,16756.0976,35.9856,428.2287,4780.4878,3339.0644,1728.9084,156.7373,66.7733,2843.2627,962.0152,103.5586,2402.543,1283.0868,2115.9736,470.6118,1339.0644,1264.2943,17.593,698.9204,21.1915,830.4678,1079.5682,946.8213,1900.4398,813.6745,1710.116,733.7065,4844.0624,12386.2455,1167.1331,12.7949,2224.3103,357.489,258.2967,940.024,7475.01,89.1643,866.8533,1526.9892,2869.6521,684.5262,142.7429,797.6809,2414.6341,7412.2351,1609.7561,2358.4286,4816.8733,1799.2803,1273.0908,26.3894,1656.1375,3626.5494,1386.6453,567.7729,466.2135,852.0592,625.7497,1316.2735,1637.3451,16.3934,2612.9548,916.0336,73.1707,367.0532,1394.6421,17.9928,33.1867,24535.7857,343.4626,1416.6333,5594.1943,220.3119,663.7345,27.1891,2.7989,94.3623,74.7701,1634.5462,2561.3754,52.379,1793.2827,53.9784,136.7453,267.8928,25.5898,1887.2451,813.2747,92.3631,5668.1327,7.597,11377.0492,49.5802,711.3155,19.904,327.0692,1557.377,59.1763,716.5134,1739.3043,205.118,697.7209,15.9936,9019.1923,1471.0116,320.2719,2597.3611,2030.7877,2946.0216,909.6361,3000,1110.3559,483.4066,93.9624,2287.0852,154.0664,5866.0536,329.4682,1.9992,1287.8848,1130.3479,1.9992,23.9904,18.3926,252.6989,11.1955,637.3451,986.0056,5559.3762,3449.0164,2518.9924,377.8489,1869.2523,1156.3375,1365.4538,1380.2479,26.7893,2073.9704,1653.7385,3345.4618,1065.1739,387.8449,930.4278,806.0776,2154.1863,2151.1395,3600.5598,1231.5074,1438.6246,51.9792,17.1931,191.9232,528.1887,2055.5778,2616.1535,123.1507,71.5714,126.3495,1573.3707,759.2963,199.1204,642.9428,16.3934,346.6613,618.5526,1114.7541,540.9836,1929.2283,617.3531,5365.8537,22.391,77.9688,988.8045,33.9944,4632.547,483.8065,557.7609,1582.9668,1783.6865,2892.0432,16.3934,1334.6661,832.8669,341.4634,860.4558,56.7773,3910.4358,19.1923,22.391,1991.6034,49.98,674.93,1959.2163,7037.585,0.7997,1786.0856,6.3974,2422.2311,438.6246,1630.9476,1229.2643,963.6146,10.3958,54.7781,4179.5282,288.2847,1455.8177,7682.1271,409.0364,288.2847,5.9976,44.7821,1530.5878,3887.6449,1362.6549,57.577,294.6821,172.3311,156.3375,23.1907,214.3143,178.7285,911.2355,27.589,2828.8685,34.7861,0.3998,7001.5994,6883.6465,441.0236,269.2083,4.7981,26.7893,622.551,0,371.0516,1176.7293,4534.5862,867.2531,2087.1651,2275.8896,6853.6585,221.9112,455.018,2.399,642.1431,1.5994,2.399,759.2963,495.8017,6.7973,1.5994,1232.7069,0.3998,345.4618,0,4861.6553,97.561,283.5106,258.6965,145.5418,6.3974,485.3978,532.587
TCGA-KK-A8I5-01,0.7,2513.9136,5584.5064,1.0736,152.456,531.9856,273.7766,2310.46,1155.23,643.1067,1873.491,839.5817,1469.8047,183.5914,1284.6029,241.0308,55.829,11.2732,14.4941,406.9072,1594.8831,12267.3402,223.8527,1066.1184,1047.3298,1559.99,8270.1585,980.2277,376.8455,377.3125,1853.6288,3647.671,97.1639,232.4417,154.0665,239.4203,2.6841,17.1781,5.905,609.2872,19336.1454,10.7363,810.5935,10962.3383,6728.4632,1870.2701,206.1377,64.418,2446.2747,520.7124,84.2803,1546.4622,905.6101,2246.8902,284.513,1061.287,953.3868,236.7363,667.2634,23.0831,413.8858,912.0519,1204.0803,1189.0495,863.7384,2541.8281,735.976,3210.702,12965.2022,789.6577,11.2732,1143.9569,409.0115,311.8906,829.919,7884.7669,125.6152,437.5058,1311.4437,2297.5764,834.7503,1107.4533,2817.752,1753.7809,5540.4874,1564.8213,2384.5407,3544.6021,1701.7096,1079.5388,47.2399,1561.0636,1930.3936,850.8548,268.9453,438.5794,1759.149,771.9427,1325.9378,788.0472,150.8456,2802.1843,653.3062,25.7672,836.3608,1709.2251,5.3682,24.6936,30030.0752,571.1732,946.945,4471.7869,735.976,1052.1612,56.3658,3.7577,12.3468,30.5986,996.3322,2323.3436,464.8835,1222.3321,95.5534,105.2161,279.6816,33.2826,1121.9474,512.1233,229.2208,5683.8175,119.1734,3033.5524,342.4892,661.8953,27.6085,160.5083,1049.4771,37.0404,908.831,1698.4887,101.4584,132.5938,6.4418,8956.2534,966.6086,398.3182,1993.2012,945.8714,2914.379,926.546,2893.4432,1533.1491,815.9617,303.3016,2140.8259,94.0396,1281.9188,412.2754,0,959.2918,663.5057,2.1473,99.3111,13.9572,125.0783,10.1995,1971.7285,1001.7004,4312.7871,2762.4438,1970.5314,1376.3986,1852.0184,1278.1611,1954.0136,1189.0495,8.0523,1461.7525,2932.6308,6680.1497,462.1994,173.9287,530.9119,1344.1896,1839.9024,2097.8805,2443.0538,1908.3841,1527.2441,26.8408,13.4204,817.5722,487.9666,1362.4413,1838.5979,165.3396,191.1068,94.4798,1624.9448,508.3656,272.703,643.1067,9.6627,170.171,208.8218,1393.0399,838.508,1180.4604,1299.0969,2243.8947,127.7624,90.1852,1740.3604,20.9412,10117.9253,409.0545,516.6863,1176.7027,1525.0969,2191.8235,8.5891,916.8833,653.843,196.475,734.3655,105.2161,4697.6848,18.7886,24.1568,1503.0874,52.0712,495.482,4565.0911,3747.5189,4.2945,1223.4058,3.7577,3192.4502,3512.9299,1558.3795,710.3645,2965.9135,14.4941,116.4893,5043.9318,190.57,1212.1326,5965.1096,702.1565,820.2562,3.2209,347.3205,1674.332,3495.2149,1510.066,85.8907,331.7529,139.0356,92.3325,8.0523,598.014,227.6104,5386.9578,7.5154,7191.1994,11.81,0.5368,11332.7419,9260.0918,389.1923,262.0042,79.9857,33.2826,751.5437,1.6105,564.7314,895.9474,2306.1655,673.1684,2025.4102,2468.2842,7025.8598,221.7054,311.3538,2.6841,734.9024,1.6105,1.6105,810.0567,699.4724,18.2518,121.8574,1753.7809,1.0736,513.197,0,4328.8916,20.9359,323.2014,200.7695,115.9525,121.8574,1320.5374,214.7268
TCGA-VP-A875-01,0.566666667,3965.6934,6522.6277,2.9197,322.2628,856.2044,481.7518,3245.2555,2063.1387,938.3212,1744.5255,1357.2993,2096.3504,360.5839,3888.3212,262.4088,115.6934,16.4234,14.9635,331.0219,1097.4453,12386.8613,30.292,669.3431,1457.6642,2444.1606,5741.5,1212.7737,639.0511,523.7044,2548.5401,3859.4891,184.3066,333.5766,34.6715,1261.6788,1.4599,81.7518,10.219,482.4818,15004.3796,15.6934,687.5912,4761.3139,6167.5182,1802.1898,187.9562,12.7737,3077.7372,635.7664,15.6934,3991.9088,1528.4672,1431.8905,591.9708,1576.2774,1262.4088,63.1387,769.708,23.3577,665.6934,1164.5985,862.4088,1177.0073,958.3942,2037.9562,688.3212,3382.4818,14957.2993,866.4234,15.3285,1270.073,139.0584,260.219,642.3358,8373.7226,31.0219,1537.9562,1195.9854,1494.5255,326.2774,88.6861,1794.5255,2029.927,6166.0584,1517.8832,2686.5657,3991.9708,1338.6861,1166.4234,16.0584,1350.7299,2544.5255,1178.1022,526.2774,186.4964,1540.5109,1324.4526,1602.9197,690.8759,15.3285,3704.7445,843.7956,31.3869,820.8029,1672.6277,17.8832,10.5839,21671.5328,497.8102,1088.6861,3963.2518,169.708,828.4672,8.3942,4.0146,19.3431,8.7591,1218.9781,2800.7299,478.4672,1443.7956,196.7153,56.9343,135.7664,15.6934,1701.8248,159.4891,45.6204,12944.5255,87.5912,8636.8613,145.9854,871.8978,63.1825,323.3577,618.6131,25.5474,617.5182,2459.1241,17.1533,323.7226,3.6496,5137.2263,1368.9781,105.1095,2413.5036,1880.292,1762.4088,592.3358,2767.5182,1426.6423,1234.3066,92.7007,1444.8905,79.8285,6743.4307,909.854,1.0949,1821.1679,771.1679,0.365,51.4599,2.1898,200,4.7445,723.3577,667.1533,3110.9489,3620.7737,1739.781,550.7299,2221.8978,962.0438,1779.927,1090.5109,5.4745,2368.2482,4195.6204,4108.3942,624.8175,102.5547,286.8613,309.854,3102.719,2975.1825,3341.9708,2759.1241,1379.562,46.3504,16.0584,218.9781,350.7299,1278.4672,2906.9343,132.1168,120.438,207.2993,2347.8102,958.3942,301.8248,226.6423,5.4745,230.6569,193.4307,1498.9051,184.3066,1466.0584,305.8394,8274.0876,24.0876,125.1825,1659.854,42.5438,7464.5985,545.9854,533.5255,1578.8321,1748.5401,2130.6569,4.3796,1078.8321,849.2701,371.5328,1117.5182,9.854,4195.6204,28.4672,43.4307,2656.9343,34.6715,922.6277,3935.4015,5115.6934,8.7591,1833.9416,0.365,2606.5693,809.4891,1567.5182,922.438,1882.1168,2.9197,34.6715,4378.1022,439.781,982.8467,5090.5109,504.0146,152.9197,4.0146,139.4161,563.1387,3936.1314,1229.927,60.219,336.4964,200.365,178.2701,16.7883,462.7737,32.1168,2692.7007,41.6058,4593.4307,7.6642,0.7299,3242.3358,8555.1095,520.8029,342.7701,34.6715,18.2482,820.8029,0.365,408.3942,882.4818,3434.6715,869.3431,1852.9197,976.6423,14428.4672,160.219,410.5839,9.854,997.8102,4.0146,0,822.9927,386.1314,4.7445,16.7883,620.073,0.7299,489.0511,0,7375.5474,16.7883,371.5657,245.2555,176.6423,17.5182,799.0584,85.0365
TCGA-VP-A87C-01,0.566666667,2909.2771,5450.7475,1.2288,226.5001,749.5392,548.0238,3142.3305,1513.0043,1630.9646,2185.1321,854.3928,1668.2367,872.8241,1543.7231,156.0516,100.7577,58.9801,642.2281,774.5239,1157.4852,9725.9881,65.1239,708.1712,2020.8888,2760.598,8332.0786,1202.1298,470.2027,950.9973,2396.068,4672.947,203.1538,321.1141,717.1821,260.086,83.1456,28.6709,368.2163,828.589,15005.939,16.3834,510.7516,4151.1366,3003.4815,3924.6365,433.7497,802.3756,2386.6476,712.6766,142.1257,2979.402,943.2726,1713.164,964.1614,1159.1235,786.8114,530.8212,728.2408,32.3572,421.4622,1002.6623,1401.1878,1498.6689,805.2427,2487.9009,1153.7989,4665.5744,8362.8917,1098.505,183.9033,1327.053,1167.221,408.3555,1772.6807,5861.5605,527.5445,781.0772,1901.6998,2198.6484,989.5556,717.1821,2297.7678,2319.8853,6406.7172,1261.9291,1739.6641,3330.7393,1467.95,1035.0195,144.1737,1696.0885,2344.4604,1361.4581,668.0319,2925.6605,1077.2066,820.3973,1587.5486,1035.429,149.0887,2940.4055,662.7074,80.2785,1109.1542,1950.8499,29.0805,284.2515,20760.598,668.0319,994.4706,4557.0059,1457.3008,1619.4962,38.5009,42.5968,972.7626,691.7878,1296.7438,1802.1708,787.6306,2209.7071,251.4847,115.5028,2127.3807,181.8554,1480.6471,4137.6203,407.9459,7480.6471,34.8147,4738.89,791.3168,1224.657,143.5552,206.8401,1676.0188,29.4901,636.5308,1455.6625,165.0625,1144.788,297.3582,15317.6326,1667.8272,451.7715,2113.0453,2343.6412,2544.7471,569.3221,2836.3711,1762.4411,1100.9625,455.0481,2570.5509,173.5613,1999.5904,716.3629,4.915,1268.8921,975.2202,11.0588,126.5615,22.5271,221.1755,79.4593,3085.8079,2240.0164,5109.9734,3365.1362,2235.1014,989.9652,2111.8165,1060.0041,1496.2113,1440.0983,123.2849,2549.2525,1525.2918,6631.1694,840.0573,929.7563,717.1821,2176.5308,2390.0553,2103.2152,2930.1659,1943.887,1618.2675,99.9386,78.6402,1507.6797,328.4866,1557.2394,4333.8112,121.6465,606.1847,127.3807,1744.4194,845.3778,327.2578,1536.3506,7.3725,348.9658,607.0039,1009.2156,398.9351,1320.0901,2661.069,3762.8507,326.0291,174.8925,1573.6228,62.8712,9941.839,526.7254,379.275,1213.1886,2822.4452,2214.2126,179.3979,944.9109,540.6512,364.9396,830.6369,59.3897,4410.813,37.6818,34.4051,1495.8018,116.3219,883.8829,2355.5191,8555.8059,4.915,1491.2963,8.1917,3099.3242,2688.5112,1551.5052,1015.2406,1106.6967,13.5163,302.6828,4614.3764,201.1059,1909.0723,4938.7672,1175.5069,870.7762,63.076,380.0942,1489.2484,4561.54,1313.1272,42.1872,335.8591,164.6529,161.7858,37.6818,1434.7737,222.4043,856.8503,10.6492,13304.1163,792.136,12.6971,67694.8597,6659.4307,443.1702,229.531,97.0715,491.0915,566.0455,0,274.0119,1407.7411,2866.2707,712.6766,2110.5878,1277.9029,6172.0254,144.1737,378.4559,2.0479,1012.4923,9.4204,7.3725,526.3158,908.8675,76.1827,80.6881,2415.3185,319.0661,325.6195,0.8192,4468.5644,8.6013,428.8839,238.378,349.785,330.8908,1327.7084,135.982
TCGA-2A-A8VL-01,0.466666667,2578.2698,6426.8795,1.0299,105.0463,748.7127,297.1164,2120.4943,919.1555,686.4058,1407.827,738.9289,1675.5922,256.9516,1317.1988,107.621,49.4336,5.1493,32.9557,238.414,1354.2739,16359.4233,92.173,926.8795,1228.1153,1662.2039,5997.8888,1046.344,289.9073,364.0525,1895.9835,5119.9794,88.0536,230.1751,694.1298,712.6674,2.0597,7.2091,182.2863,520.0824,27358.3934,11.3285,839.8558,8490.2163,4865.6025,1224.5108,251.2873,56.6426,2153.4501,354.7889,54.5829,2227.7085,573.6354,2157.0031,316.1689,1069.516,1075.1802,121.0093,830.587,18.0227,346.035,726.0556,848.0947,1189.4954,997.9403,1552.0082,432.5438,2584.964,6780.6385,549.4336,2.0597,942.3275,194.1349,139.5469,1108.6509,7452.1112,319.2585,462.9248,1317.1988,2018.5376,941.2976,404.2225,821.8332,1653.4501,5777.5489,1280.1236,3133.1514,4000,1922.2451,1169.413,194.6447,1853.759,1897.5283,1339.8558,457.2606,936.1483,817.1988,731.2049,2215.757,657.0546,16.4779,3146.241,577.7549,20.0824,733.2647,1653.4501,4.6344,11.3285,28851.6993,351.1843,693.0999,3639.5314,873.8414,2008.7539,15.448,6.1792,7.724,39.1349,797.1164,1587.5386,558.1874,1623.069,124.6138,66.9413,159.1143,19.0525,1101.9567,389.8043,37.5901,4628.2183,43.7693,4067.4562,118.9495,614.3151,13.8774,163.2338,962.9248,30.3811,642.6365,1233.2647,15.448,153.965,8.7539,20871.7817,813.5942,413.4912,1848.6097,1192.585,3796.6014,930.999,2884.1401,1373.8414,869.7219,217.3018,2494.3357,235.206,1255.4068,236.8692,0,928.4243,736.8692,9.7837,97.8373,63.8517,128.7333,3.6045,814.1092,772.9145,4683.3162,3083.9341,2340.8857,502.5747,1805.8702,1097.3223,1788.8774,1706.4882,90.6282,1432.0288,2409.3718,5501.0299,1043.7693,139.5469,474.2533,629.7631,2329.2585,2159.6292,2328.5273,1174.5623,1722.4511,33.4706,4.1195,319.2585,236.8692,1475.7981,3271.8847,102.4717,110.1957,136.4573,1263.6457,630.2781,289.9073,326.9825,12.8733,155.5098,180.7415,1313.5942,591.6581,915.036,919.1555,5047.8888,87.5386,168.898,6474.7683,26.3388,6148.3007,320.8033,306.7559,764.6756,2151.9053,2694.1298,15.9629,881.5654,602.9866,171.4727,717.8167,23.6869,4853.759,18.5376,36.5602,1774.4593,31.4109,652.4202,2357.8785,12636.9722,1.0299,1267.2503,23.0742,3175.0772,2170.9578,1648.3007,723.826,3736.8692,24.2019,91.6581,6215.242,165.8084,747.6828,4762.6159,397.0134,5821.8332,16.9928,105.5613,604.0165,2509.2688,1695.1596,59.7322,589.0834,76.2101,129.2482,7.724,8675.0772,148.8157,33685.8908,10.2987,11850.6694,24.7168,0.5149,8747.6828,8622.0391,343.9753,369.068,15.448,19.5675,686.9207,0.5149,201.8538,573.1205,1887.2297,714.2122,2125.6437,1166.8383,7181.2564,110.1957,364.0577,5.6643,870.2369,1.0299,2.5747,718.8465,480.9475,3.0896,80.3296,2320.8033,0.5149,442.8424,1.8074,4083.4192,19.5675,430.5458,262.6159,292.9969,81.8744,2076.1226,239.9588
TCGA-CH-5739-01,24.36666667,2669.3164,4172.0986,1.5898,241.6534,988.0763,1239.6661,3349.3641,1460.6518,1723.3704,3132.3529,1017.0906,1470.9857,422.0986,1890.3021,240.0636,155.8029,21.4626,47.6948,670.5087,1713.0366,7846.1844,28.6169,441.9714,1485.2941,3976.1526,7274.9841,947.9332,284.5787,1114.8569,3614.8649,3511.5262,91.0175,286.566,302.4642,459.8569,9.1415,3.5771,76.7091,732.5119,11990.8585,10.7313,260.7313,8714.6264,2013.911,3138.3148,273.8474,104.531,2245.2305,992.0509,98.9666,3129.849,716.6137,1731.1844,813.9905,1373.2114,1063.1955,313.9905,868.0445,25.4372,850.5564,1276.2321,962.6391,2179.2528,1197.1383,2051.6494,1671.3037,7635.93,10882.3529,1156.9952,3.9746,1798.4897,1007.7504,507.5517,1327.1065,4941.5739,323.132,866.8521,2617.2496,2593.7997,995.2305,2178.4579,2964.2289,2319.1574,6019.0779,1959.4595,2903.1638,3271.4626,1155.4054,956.6773,47.6948,2047.6948,3453.4976,720.5882,600.159,1191.1765,2369.6343,891.8919,872.4165,1065.9777,187.5994,3405.0079,1125.9936,58.8235,1123.6089,1833.4658,20.6677,46.1049,21369.2329,546.5024,801.2719,3021.8283,797.2973,937.5994,7.5517,11.9237,26.2321,32.9889,1796.8998,2101.3514,310.4134,1772.2576,124.4038,100.159,845.3895,96.5819,1069.9523,1161.3672,297.6948,10587.0429,17.8855,7771.8601,574.7218,1160.9698,11.3792,185.2146,1075.9141,24.2448,825.9141,1623.6089,156.2003,945.9459,36.9634,15998.8076,1695.9459,668.5215,1585.0556,2378.3784,1735.6916,1052.0668,3709.4595,1787.7583,673.6884,493.6407,3262.3211,86.244,4845.3895,347.7742,0.7949,1108.1081,966.2162,5.9618,129.9682,17.8855,303.2591,35.7711,2805.6439,865.2623,4931.2401,5232.504,1860.0954,715.8188,1808.4261,1096.9793,1529.4118,1672.496,164.5469,2581.4785,1851.7488,6538.9507,792.9253,195.5485,662.5596,1858.903,1537.3649,2504.7695,3581.876,1662.1622,1428.4579,60.0159,19.4754,956.6773,340.62,1629.5707,2658.5851,153.8156,141.097,69.1574,1711.8442,598.1717,211.8442,988.4738,15.8983,548.8871,395.0715,1196.3434,681.2401,1666.5342,620.4293,7686.8045,85.4531,302.4642,3353.7361,56.5103,12212.2417,621.6216,807.1463,1957.8696,1985.2941,2454.2925,13.5135,1302.4642,924.0859,236.8839,1033.3863,30.6041,4120.4293,21.0652,40.938,1273.4499,130.3657,1096.1844,3689.1892,5197.1383,3.1797,1694.7536,0.7949,2142.2893,1734.1017,1603.7361,1295.8068,1997.6153,29.0143,166.1367,3540.938,212.2417,1919.7138,4551.6693,833.8633,682.035,7.1542,158.9825,1857.3132,3889.1097,1729.3323,90.62,266.6932,158.5851,114.07,20.6677,1409.38,238.4738,3443.9587,21.0652,8902.2258,23.0525,5.1669,22343.0048,7054.4515,624.0064,255.0755,68.7599,69.5548,795.31,0,511.1288,1358.5056,4170.5087,451.1129,2102.1463,1543.3227,7003.1797,114.4674,487.6789,5.9618,691.5739,1.1924,1.1924,833.8633,612.0827,16.2957,199.9205,892.2893,3.5771,253.1797,0,4110.8903,60.0159,295.7075,258.744,393.8792,144.2766,2229.9801,474.5628
TCGA-CH-5740-01,0.966666667,2398.7721,5153.0315,1.2279,176.2087,644.6662,486.8764,2622.8703,1467.9969,1051.1128,2089.9463,696.8534,1655.2571,465.3876,1883.6531,159.0177,49.7314,28.2425,60.1688,346.8918,1658.9409,16785.2648,77.9739,518.1888,1140.7521,2170.3761,8004.8872,1063.3922,519.4167,560.5219,2571.911,2934.152,128.3193,271.3738,399.079,389.2556,4.9117,4.2978,190.944,505.2955,19641.4428,112.3561,451.8803,10213.9678,2574.3668,1277.6669,177.4367,157.7897,1863.3922,926.4774,78.5879,1511.1404,666.769,1899.0637,680.2763,1067.076,1116.8074,297.7744,822.7168,42.3638,760.0921,1139.5242,1108.8258,952.878,1161.013,1855.4106,628.089,3929.3937,18645.5871,1081.8112,21.4889,1372.8319,307.5242,221.6424,1383.2694,7064.9271,125.8634,731.8496,971.297,2029.1635,862.6247,58.3269,852.1873,1973.2924,4877.3599,1944.4359,2803.9908,2993.0929,1468.6109,996.4697,43.5917,1958.5572,3232.5403,1011.2049,593.7068,440.8289,2042.0568,785.2648,1172.6784,654.4896,76.132,2310.9747,733.0775,54.0292,427.9355,1016.1167,13.5073,33.1543,24854.0292,396.0092,1304.0675,3327.251,541.5196,1167.1527,23.9447,8.5955,86.5695,58.9409,1155.4873,2633.3078,256.0246,1607.3676,142.4405,92.0952,500.9977,43.5917,1321.8726,386.7997,42.9777,3880.8903,34.9962,7396.4697,201.3814,982.3484,54.2256,240.6754,1018.5725,53.4152,577.4674,916.6539,382.5019,219.8005,33.1543,5792.1719,1021.6424,299.6163,2609.977,1534.9194,2552.264,788.9486,2953.185,2110.8212,785.8787,163.3154,1879.3553,208.35,7101.7652,197.0837,3.6838,903.1466,889.0253,1.2279,81.6577,20.8749,221.6424,11.0514,955.9478,595.5487,5617.1911,3643.8926,2346.5848,434.6892,2368.0737,927.7053,1975.1343,1920.4912,136.3008,1654.0292,1733.231,3347.3523,1197.8511,223.4843,474.5971,1138.2962,1882.4559,2300.5372,2619.8005,1096.5464,1688.4114,100.6907,54.6431,510.8212,291.6347,1431.7728,2607.5211,146.1243,112.3561,119.1097,1410.8979,592.4789,320.4912,523.7145,34.9962,300.2302,400.307,901.9186,263.3922,1409.056,1121.7191,5648.5035,65.0806,58.9409,1612.8933,53.5687,4346.2778,499.1558,620.8442,1387.5672,2020.5679,2930.4682,11.0514,668.6109,769.9156,360.3991,590.637,32.5403,5310.8212,25.7866,36.2241,1572.9854,36.2241,823.3308,4383.1159,4631.7728,3.6838,1046.2011,3.6838,2251.4198,1069.5318,1906.9839,526.0721,927.0913,20.8749,110.5142,3060.6293,268.9179,1355.0269,5181.274,590.637,1824.7122,16.5771,481.3507,1133.3845,4279.9693,1682.8856,118.4958,353.0315,94.551,150.4221,14.1213,320.4912,95.779,1493.7836,24.5587,4601.0744,41.1358,9.2095,14498.2348,6466.9225,378.8181,393.099,53.4152,47.2755,739.8312,0,456.792,1013.6608,3003.5303,598.6186,2659.0944,1950.5756,5427.4751,374.5203,490.5602,2.4559,686.416,1.2279,1.2279,533.538,482.5787,12.8933,41.7498,1507.9048,110.5142,304.528,0.614,7400.1535,88.4114,312.5526,340.7521,369.6086,92.0952,545.2034,170.683
TCGA-CH-5741-01,0.966666667,1806.0116,4536.3274,0,108.8021,570.6976,324.3533,2974.6073,758.5351,901.2095,1716.1985,563.5126,2110.8626,279.7034,2390.566,185.2714,81.6015,17.4494,12.8304,292.0206,1482.6847,20795.5637,40.5442,346.9349,724.6628,1608.9361,7407.2546,1305.6247,459.3295,472.668,2173.4751,5933.8181,46.7028,222.2231,210.9323,575.3166,0,51.8349,159.6106,489.6093,21624.4096,14.3701,585.0677,9990.2874,2205.2946,2025.6686,151.9123,17.9626,2351.0483,878.628,181.1657,1590.3115,805.2379,2155.8102,348.4745,1250.1973,1360.539,138.0554,1273.8053,23.0948,653.8388,1122.4062,690.7904,1199.902,1265.0806,1196.1555,533.2327,4727.2443,10179.6645,803.185,11.804,1640.7556,96.218,214.0116,1094.6924,10315.1539,93.9188,335.1309,206.3133,2349.5087,737.4932,463.4352,548.116,1639.7292,5380.0566,1696.1831,2438.2952,3328.214,1743.3991,1140.3688,23.608,2224.2836,2841.684,926.3572,456.7634,245.8311,2378.2488,426.9968,1333.8517,900.1831,10.2643,2743.1463,649.7331,30.2798,585.0677,1487.3036,5.1322,18.989,50677.6393,449.5783,1337.4442,6265.3051,222.7363,1072.1109,23.0948,2.0529,9.2379,20.5287,1140.882,2170.3958,232.4874,2476.2733,66.205,100.5906,257.6351,15.9097,1768.0335,391.5848,12.8304,3641.7897,65.1786,12346.4678,134.9761,782.6563,22.8176,121.6325,736.98,41.5706,447.0122,1468.3146,4.619,1114.7079,4.619,13298.9991,1080.8356,334.6177,2579.43,1227.6157,2220.1779,935.0819,2273.5525,1878.3752,513.2173,151.3991,1552.4822,136.6954,1363.1051,177.5732,0.5132,787.7885,770.3391,2.0529,19.5023,5.6454,157.0445,2.5661,733.3875,2471.6544,5142.9503,2971.5229,2882.7414,320.7608,2121.6402,1414.94,2478.8394,2049.2766,11.804,1347.7085,975.1128,4770.3545,493.2018,119.5796,3152.1805,575.3166,1862.3372,2070.8317,3270.7337,933.5422,1724.9232,54.9142,17.9626,226.842,459.8427,1348.2218,6172.9773,129.844,76.4694,152.9387,1427.7704,434.1767,301.7718,200.1547,14.3701,265.8465,28.2269,1572.4977,457.7898,1923.0251,761.1012,4198.6305,22.0683,158.5841,1447.2727,40.575,6712.3687,311.5229,824.3142,1348.2218,1587.8942,1497.568,5.1322,1258.4087,797.0264,184.245,449.0651,10.2643,4586.6227,20.5287,42.597,1890.1792,12.8304,578.3959,1294.334,5922.0141,4.1057,2417.2533,9.2379,3147.5615,2380.3017,2146.7878,515.2291,2326.4139,15.3965,42.0838,4257.1372,336.1573,1233.2611,8320.7916,359.7653,561.4597,22.0683,176.0335,1288.1753,4536.8407,1131.1309,149.8594,360.2785,100.5906,125.225,12.8304,225.8156,82.628,3857.8542,6.1586,3582.2565,17.9626,0,6640.005,6675.417,378.2411,385.0977,19.5023,21.5551,694.383,0.5132,298.1792,609.7021,5952.2939,725.6892,1944.5802,824.2269,8223.2803,161.1502,392.6112,0.5132,662.5635,0.5132,0,913.0135,512.1908,6.1586,4.1057,1925.078,18.4758,281.2431,0.5132,5862.9941,243.7782,239.6725,305.3643,287.4017,22.0683,925.3307,595.8452
TCGA-CH-5743-01,0,2379.358,3880.9113,2.4163,232.6545,856.058,415.6023,2617.5354,1543.3207,1602.0021,2342.7684,619.2613,1551.6051,2149.1198,1243.01,154.9879,153.262,49.0162,146.3583,588.1947,1372.7994,13027.96,23.8177,909.2164,2256.8174,2774.2492,11177.349,1323.7832,362.0987,2293.728,2531.5844,7542.6303,54.5392,403.1757,3451.8467,821.5395,30.0311,8.2844,1103.5554,756.6448,14315.4988,18.2948,574.0421,3610.6317,2481.1874,3733.1722,389.7135,244.0456,2062.8236,751.8122,167.4146,2499.4857,938.5571,1084.0525,1220.573,1546.0822,798.7573,1796.341,791.5085,53.1584,529.8585,1219.8826,1210.2175,2368.6572,1225.0604,4587.1591,2235.4159,7821.8847,9451.1564,1300.3107,4.4874,1620.642,466.0097,520.5385,1948.2223,5801.1736,299.6203,775.2848,2111.1495,2416.2927,1326.8899,196.0649,1049.7066,1962.3749,6212.6338,1780.8077,2722.5475,2433.552,1326.1995,1244.3907,72.1436,1879.8757,3085.6058,949.2579,800.4833,3163.6175,1641.0079,1198.8264,1545.737,957.8875,18.2948,2719.71,708.319,75.2503,1875.0431,1731.7915,24.1629,82.4991,13810.4936,525.3711,912.6683,6881.3911,1364.515,1695.5471,15.1881,22.0918,35.2088,29.6859,1263.7211,1594.0628,1443.9075,1527.097,157.059,123.2309,1066.6206,109.0784,1451.5016,1491.1978,138.4191,4851.5706,111.8398,533.3103,494.9948,1845.3573,39.7031,247.8426,1212.9789,23.4726,789.4304,1338.281,73.5243,347.9462,92.5095,8463.583,1639.9724,524.6807,1778.3914,2461.8571,1891.612,903.6935,2749.7411,3192.9582,1100.4487,381.7742,1428.3742,260.4522,3235.4159,512.2541,2.0711,857.0935,1293.7522,7.9392,345.875,32.1022,228.1671,30.0311,1012.0815,1409.7342,6657.5768,3615.4505,2122.1194,1008.6296,1682.0849,1011.7363,1723.8523,1787.0211,159.4753,2394.8913,2015.5333,6556.7829,709.3545,827.7528,1702.4508,2128.4087,1978.8954,1808.4225,3269.9344,1173.6279,1814.2906,43.8385,13.8074,1531.2392,376.5965,1405.9372,4391.0942,131.5154,620.642,95.271,2194.339,604.7635,441.146,702.796,35.554,272.3507,729.03,930.9631,629.6168,1031.0666,2490.5074,5114.2561,311.3566,205.0397,2203.3138,57.5112,12754.5737,585.4332,498.9368,1308.9403,5584.0525,2446.3238,17.9496,1150.8457,678.6331,341.3876,724.5426,80.428,5777.0107,21.0563,81.8088,1492.9237,232.3093,1069.0369,7243.7004,5896.0994,0,1788.4018,3.2931,2741.4567,4906.455,2033.4829,1094.2561,2466.3445,84.9154,418.709,4480.4971,294.7877,2100.7939,2751.467,896.7898,1872.972,223.6797,188.4708,2681.7397,3532.9651,1704.5219,99.068,323.438,124.2665,189.1612,13.4622,2851.9158,156.3687,6670.0035,12.7718,21613.048,61.0977,3.4518,41026.5792,7684.8464,502.2437,301.4429,18.2948,103.2102,808.4225,0.3452,224.0249,1553.6762,2428.7194,577.8391,1927.166,2922.3334,10755.2641,132.8961,439.7653,2.4163,1178.8057,13.8074,6.5585,442.5268,809.8032,36.2444,69.7273,7468.4156,853.2965,178.1153,1.3807,9144.6324,19.6755,489.5098,302.727,911.6327,818.0532,4549.2786,137.0383
TCGA-CH-5744-01,0.666666667,3277.8548,7315.9963,1.1558,132.6861,667.5913,783.1715,4147.4804,1095.9316,717.9843,1737.1706,963.0143,2268.8396,215.2104,3261.4424,234.3967,122.7462,18.4928,50.8553,407.5358,1255.4323,20695.7929,49.6995,536.061,1993.2963,2207.5821,8243.6269,1099.399,715.9038,731.6135,2796.1165,5409.8474,127.6006,214.2857,625.9824,539.2973,3.9297,30.0509,124.1331,944.9838,21243.8742,13.4073,806.7499,12558.2524,5092.0018,2051.0865,162.0435,94.3135,3121.5904,1070.7351,116.736,2517.2006,486.3615,2284.6602,395.0532,1557.3278,1289.644,194.8682,919.7873,32.5936,617.6607,966.7129,1264.4475,1161.35,1371.2436,2190.423,2018.0305,4773.9251,6331.484,880.4901,5.5479,1680.9986,137.1613,253.1207,815.7651,10326.1674,265.8345,790.1063,382.1082,1835.1826,977.8086,499.5377,819.2325,1980.3514,4782.478,1720.7582,2190.638,4868.4697,2155.8021,925.5663,220.2959,1741.5626,2478.9644,1518.9552,536.9857,842.1174,2307.9057,737.6329,1561.7198,1207.1197,79.9815,3906.38,745.7235,63.1068,779.9353,1951.6875,12.0203,54.5539,47583.9112,309.755,1361.5349,4658.4004,460.0092,983.3564,20.5733,5.779,19.6486,28.2016,1385.1133,2335.8761,180.7675,848.3588,115.8114,78.8257,590.3837,73.7402,1190.9385,614.4244,61.0264,4502.3116,12.7138,8373.5552,191.1697,564.9561,71.2344,244.5677,1026.5834,26.5834,834.4891,1682.6167,24.503,92.0018,26.3523,7802.1267,795.6542,472.4919,2511.7892,1598.012,2570.0416,1132.4549,2702.9589,2504.8544,760.9801,174.295,2129.681,116.2991,1956.3107,460.0092,2.0804,1176.6066,478.2709,7.3971,50.1618,82.7554,121.8215,9.2464,1691.8632,3403.8373,5181.6921,2706.1928,2808.8303,681.9233,2272.0758,1204.577,2017.337,1447.2954,45.5386,1872.6306,2254.9699,5907.5358,1021.4979,426.0287,1731.8539,915.8576,2996.3037,2529.3574,2429.9584,1054.5539,2233.0097,58.4836,26.5834,450.994,710.1248,1850.208,2959.5469,141.239,105.8715,92.233,1417.0134,1046.6921,259.362,327.092,25.1965,228.3865,420.4808,1214.0546,777.1613,1487.9797,1315.534,5524.503,61.2575,131.5303,4872.8618,75.9616,14116.2737,328.479,672.8988,1057.3278,1103.3287,2381.6459,22.4226,1171.0587,1020.8044,266.528,745.0301,19.6486,4241.1003,32.1313,19.6486,2074.896,73.2779,535.3675,5316.4586,3605.8715,9.2464,1509.2464,2.1221,3215.2104,8354.8313,1778.5483,770.0185,2149.3296,23.5784,63.338,5904.7619,243.6431,1086.454,6118.8165,485.8992,628.9875,28.6639,147.018,2315.3028,5340.4993,1173.3703,83.4489,386.7314,125.5201,55.0162,33.7494,912.8525,144.2441,25924.8729,13.4073,12629.4498,25.1965,1.6181,15147.4804,8858.5298,458.3911,207.5035,14.1008,39.9908,535.3675,0,289.8752,544.1516,5298.6593,732.5474,2168.516,2601.4794,8153.0282,156.2644,273.9251,6.0102,571.8909,1.6181,2.5428,958.6223,886.0379,10.4022,14.3319,2714.0546,11.3269,813.2224,0.2312,9399.4452,83.4489,339.8313,287.7947,439.6671,42.3024,2687.9658,194.8682
TCGA-CH-5746-01,0.366666667,2950.7208,4916.1918,2.0114,288.3004,997.3181,859.8726,3683.5401,1515.2531,1506.8723,2661.4147,704.995,1764.3312,488.0992,2139.7922,200.8046,141.1331,35.5347,35.5347,555.8163,1734.1602,19364.3983,34.1938,734.8307,1388.535,2797.184,10208.7764,1135.4341,623.5334,1402.9232,3336.2387,5883.0037,117.6668,335.9035,1269.1921,551.7935,4.358,17.4321,374.7905,734.4955,16144.1502,10.7275,461.2806,7628.5619,3646.9997,2217.5662,229.2994,73.7513,2519.9464,902.7824,92.1891,3216.0443,938.6524,1604.3614,740.1944,1528.9977,962.7891,394.9045,910.4928,35.5347,678.8468,1157.5595,962.1187,2034.529,1327.5226,2293.3289,1398.9273,6605.766,10779.0815,1100.9051,5.3637,2035.8699,227.0499,312.4371,1923.2316,6640.295,81.1264,956.7549,1907.8109,2656.7214,1403.6205,586.3225,1917.1975,2569.2256,6216.5605,1897.4187,3338.5853,3731.8136,1578.9474,1110.9621,26.4834,1948.3741,3224.9413,875.2933,889.7083,633.2551,2141.1331,978.5451,1258.4646,1208.1797,55.6487,2977.8746,910.1576,51.2906,494.1334,1639.9598,26.4834,15.4207,25812.2695,499.1619,872.9467,5770.0704,620.5163,825.3436,24.472,9.0513,8.7161,16.0912,1568.8904,2033.8585,1982.9031,1678.5116,117.3315,119.6782,345.29,53.6373,1621.1867,165.2699,148.5082,7362.7221,86.1549,5740.5297,204.1569,1102.5813,59.8022,257.4589,1273.8854,33.5233,920.885,1635.937,33.5233,382.8361,8.3808,11019.4435,1611.8002,309.0848,1739.1887,2382.8361,2079.115,1149.8491,3619.1753,2164.2642,1020.114,235.3336,2788.468,221.18,2947.3684,430.1039,4.358,1258.4646,1208.8502,4.0228,197.4522,25.4777,218.5719,2.3466,738.183,369.4268,5593.6976,3469.6447,2353.9289,535.3671,1783.7747,1037.2109,1806.9058,1676.1649,288.3004,2630.9085,1839.4234,6041.5689,1120.0134,168.9574,647.6701,1127.3885,1747.2243,2209.5206,3417.0298,1596.7147,1643.6473,52.6316,27.1539,569.5608,490.1106,1406.6376,2567.2142,187.06,65.3704,107.945,1787.4623,799.1921,288.6356,459.2692,19.7787,365.404,258.7999,1173.9859,333.8921,1745.5582,1027.1539,5117.6668,142.1388,217.5662,1765.6721,57.9953,5018.4378,510.2246,568.2803,1262.4874,1781.7633,2497.821,3.6876,1179.6849,905.4643,275.8967,900.4358,51.9611,4274.2206,25.1425,73.7513,1687.2276,77.1036,943.0104,3294.6698,8789.8089,5.699,1674.1535,4.3916,2657.3919,767.0131,1885.3503,1140.6034,1053.9725,40.228,249.4133,4813.9457,288.3004,1434.462,4309.7553,420.0469,2120.0134,34.529,292.9936,1428.4278,3758.9675,1718.7395,86.4901,365.7392,129.7352,202.4807,22.1254,463.9625,81.1264,5333.5568,30.171,8295.6755,21.4549,0.6705,8711.6996,7735.8364,574.2541,312.4036,2.0114,19.7787,768.0188,0.6705,296.0107,1035.8699,3693.2618,550.4526,2287.6299,2357.0231,5921.8907,53.302,476.0308,7.7104,770.3654,2.6819,5.3637,572.9132,687.2276,6.7047,98.8937,2081.1264,168.287,239.0211,1.0526,5652.6986,62.6886,406.708,334.8978,364.3983,133.758,841.76,208.8502
TCGA-CH-5752-01,1.3,2836.8794,4032.5596,0.9671,252.7402,1227.9175,2359.4455,5562.5403,1724.6937,2332.6886,3615.4094,704.3843,1714.0554,196.0026,2619.2779,273.6944,248.227,75.1128,35.461,1221.7924,1923.5977,11093.1657,35.461,148.6138,1638.6202,2585.4288,9425.7898,983.559,1080.2708,548.6622,4345.9059,672.4694,258.2205,301.0961,61.8956,23.2108,2.9014,29.0135,112.1857,746.6151,17134.107,382.6564,469.0522,13197.2921,1221.1476,4028.6912,304.3198,79.626,3101.225,1385.2353,45.7769,4000.5609,1181.8182,1553.4784,568.343,1447.1309,1061.5732,161.5087,894.5841,42.5532,816.2476,1465.1838,985.8156,2427.1438,1280.1418,1486.441,799.4842,5414.2489,14113.7975,1742.1019,5.8027,2997.421,185.9542,435.2031,1159.5745,7253.7073,241.7795,719.8582,1993.5525,3625.0806,1042.5532,39.0071,563.8298,2842.6821,6588.0077,2574.4681,2337.6048,4168.6009,1538.04,486.4603,17.7305,1920.6963,3878.4655,991.6183,1083.4945,497.0986,2511.283,827.853,1052.2244,1553.8362,49.9678,3285.9446,1193.4236,97.3565,881.3669,1549.9678,58.9942,29.6583,20366.2153,116.3765,1461.6377,2966.1767,347.8401,1141.5216,49.0006,5.8027,8.3817,21.9213,2167.3114,2297.55,209.8646,786.9117,179.5616,176.9826,352.6757,49.0006,1761.4442,574.7905,142.8111,1149.9033,3.2237,8276.9181,156.6731,470.3417,97.7917,466.4732,1537.3952,46.4217,620.4771,1834.3005,49.0006,65.4417,15.7963,3068.343,1897.7176,955.5126,2046.4217,2744.0361,1838.8137,1059.9613,4096.3894,2713.4107,799.4842,153.7718,5470.3417,143.7589,6486.7827,126.3701,2.579,1983.2366,1517.0858,3.8685,229.5293,13.5397,242.7466,7.7369,1570.5996,579.626,7354.2876,4102.1889,2225.0161,366.2153,1953.256,1398.1302,1680.2063,1435.2031,5.4803,3033.2044,1744.3585,4711.1541,763.0561,198.2592,116.0542,1189.5551,1822.8756,2402.3211,3883.9458,1073.501,1311.412,174.726,59.6389,563.5074,569.9549,1798.8395,2183.43,202.7724,119.9226,138.2979,1741.4571,993.2302,263.3785,442.6177,20.6319,444.8743,160.2192,1594.1328,1091.2315,2424.8872,393.9394,18510.3159,16.1186,86.7182,1797.8723,81.1734,8308.833,665.3772,986.902,1625.403,837.2018,1522.5661,4.8356,1236.6215,1130.5609,298.8395,639.5874,27.4017,4647.3243,62.2179,41.2637,1663.7653,84.4616,902.3211,2540.9413,6280.1418,4.8356,2034.4939,9.0264,1843.9716,1543.5203,1977.4339,734.3843,2548.3559,3.2237,107.0277,4599.2908,223.7266,1869.4391,3308.1883,366.5377,327.2083,16.441,127.0148,2608.3172,5570.922,2003.2237,122.5016,350.7415,138.2979,190.2353,78.0142,844.9387,300.4513,5068.6654,35.461,3283.3656,11.6054,1.2895,7435.5255,5797.2276,693.1012,283.5687,25.1451,38.3623,390.0709,0,647.0019,1132.8175,2901.9987,499.6776,2246.9375,1021.599,3658.6074,68.0206,425.2095,0,459.7034,0.3224,0.3224,299.4842,602.8369,16.1186,27.0793,396.5184,35.1386,286.5893,0,5557.7047,3.8685,303.7299,333.011,567.6983,79.3037,902.3082,296.2605
TCGA-CH-5754-01,2.133333333,2898.3992,6405.3142,1.089,265.7084,684.9613,1272.7867,3898.7259,1237.5041,874.0063,2012.632,958.9459,1942.2847,330.8287,2448.6551,227.8123,273.3312,32.2335,135.4677,686.2681,1386.475,22045.3011,84.7218,756.1799,1758.4667,2681.6944,11436.3084,1354.6771,647.283,1096.3563,3400.8494,3659.5884,247.4137,311.6629,257.65,314.2764,11.1075,103.6698,140.0414,778.6127,17424.5889,20.6904,679.9521,12817.1621,3816.1821,2285.3098,290.3191,361.9732,2872.9173,1115.3218,108.6791,2890.0011,927.148,2372.7845,639.2247,1482.9576,1400.8494,385.9305,747.4681,30.0555,834.8034,1033.4313,2101.4919,1669.8247,548.4047,1616.9008,2264.1838,5155.6136,10165.741,1105.7389,31.5801,1589.6766,190.4127,407.9277,1734.0738,7934.0085,572.7976,632.473,816.5088,2233.2571,886.8561,657.3015,738.7564,2396.1668,6651.4211,978.1117,1136.23,5123.3802,1151.9111,812.5885,97.3538,1384.5149,2225.4165,1650.6588,448.0017,1748.0126,373.5163,643.5805,1532.8324,1249.9183,21.5616,3163.672,1207.8841,103.452,500.7078,2009.5829,62.0712,103.0164,48716.3236,968.311,813.2419,6133.1155,684.9613,1518.6758,49.657,33.758,421.8665,136.7745,1573.7776,2897.7458,258.5212,1541.5442,237.613,107.3723,908.8533,93.8691,1601.6552,2103.6698,161.603,3836.8725,6.7516,6445.606,191.4407,773.3856,99.3836,226.5055,952.8477,45.0833,530.11,1932.7017,50.5281,382.4458,147.882,12866.6013,1326.1461,1727.54,2232.3859,1903.953,3283.023,609.8225,1901.9928,1594.6858,895.5679,267.4507,2539.4751,163.9813,4453.8822,303.8223,7.1872,946.5316,627.8994,4.5737,170.7503,21.9972,225.4165,44.2121,2373.9519,1072.6342,5264.2927,5356.1995,3280.8015,701.5137,2646.6296,1432.6473,1649.3521,1452.0309,39.2029,2429.9249,2179.462,6731.787,1318.5234,560.6011,1632.1464,1730.8069,2060.7296,2409.67,3012.3053,961.1238,1830.1209,245.2358,106.0656,737.8852,603.9421,1457.258,2956.9857,183.6001,177.5019,142.2193,1083.3061,960.4704,235.2172,288.1411,21.5616,306.4358,207.7752,1347.7077,2336.0558,1227.7034,998.3665,4125.667,156.3759,101.9275,2192.5297,116.6416,6716.977,400.5227,514.3287,1277.1425,2488.5114,1915.9316,86.2463,1513.6666,765.9806,510.073,818.6867,64.0314,5224.4365,111.2926,39.8563,1902.864,57.062,547.5335,4028.531,2182.729,8.7117,1100.7296,2.1779,2777.5237,2215.398,1448.1106,490.5848,991.3971,16.7701,183.8179,4392.6821,332.7888,1513.8844,4642.9271,640.7492,2912.9914,74.0499,332.5711,4921.7031,5200.6969,1671.7848,25.2641,292.2792,115.2129,128.8163,184.6891,837.1992,342.8074,5311.1184,50.7459,8178.5909,74.7033,8.9295,41873.0262,9063.7047,484.1555,185.9697,11.1075,169.4435,518.3426,0,558.4232,980.2897,5138.8435,681.9122,1985.8434,3738.2119,4717.6304,87.1175,265.055,5.6626,886.4206,2.8313,3.2669,492.6495,933.0284,35.936,6.316,4360.6664,56.6264,261.3525,0.4356,7042.5787,82.5438,428.4156,375.912,524.4473,145.4862,758.7673,336.0558
TCGA-CH-5764-01,1.033333333,3046.3722,4174.5978,0.8152,316.2945,1067.9014,1306.7526,4174.5978,1371.968,1772.2272,3193.9219,756.4981,1607.5585,472.8113,2620.0268,252.7095,149.1801,23.6406,52.9875,545.3634,1906.7339,8234.2535,23.6406,490.7455,1449.4112,3218.3777,9055.0784,1110.2914,531.5051,1467.2965,3974.8758,4759.0904,95.3775,320.3704,631.7737,305.697,7.3367,8.9671,141.8434,780.1387,11834.1411,14.6735,306.5122,6144.9167,2948.5492,2577.6368,277.9804,102.7142,2291.5045,929.3188,123.9092,4079.3345,1036.1089,1433.0177,870.625,1420.0643,999.4253,659.4903,754.0525,24.4558,751.6069,1222.7879,957.0353,2280.0918,1343.4363,2249.9297,891.0048,8514.6796,13685.4419,777.6931,10.5975,2167.5953,410.3269,496.4519,1554.571,5849.8172,234.7753,1001.8709,2192.0511,3067.5672,1657.2852,216.841,1531.7456,2748.8271,6246.8157,2148.8459,3382.4758,3780.0449,1405.3909,966.0024,33.4229,1871.6806,3832.2172,822.5286,846.1692,1056.4887,1230.9398,864.1034,1032.8482,1321.4261,38.314,2602.0926,957.8505,77.4432,677.4245,1354.849,19.5646,23.6406,18550.5073,369.2819,582.047,5307.3314,714.1081,802.1488,13.0431,16.3038,16.3038,29.3469,1932.0048,2188.7903,767.9108,1773.8576,108.4205,83.1496,534.7659,35.0533,1311.6438,993.7189,220.1018,7696.2269,29.3469,9112.2152,252.7095,1185.289,14.0865,206.2436,1029.5874,32.6077,529.8747,1263.5475,65.2154,152.4409,43.2052,8896.1894,1645.0573,520.9076,1585.5483,3069.1976,1972.7644,680.6853,4004.2227,1856.192,774.4323,297.545,2686.8726,76.1145,3651.2446,271.4589,0,1065.4558,904.0478,5.7063,185.8638,44.0204,154.8865,9.7823,1288.0032,1570.0596,5362.3324,3981.381,2363.2414,628.513,1711.903,1022.2507,1508.9202,1705.3815,44.0204,3114.8483,1759.9993,6027.529,974.9695,231.5145,700.2499,1391.5326,1369.229,2197.7574,3438.4795,2131.7269,1303.4919,59.509,12.2279,571.4495,367.6516,1660.5459,2839.3134,176.0815,82.3344,77.4432,1865.9743,650.5231,235.5905,670.0878,18.7494,404.3352,372.5427,1230.9398,710.0322,2130.9117,686.3916,6336.4868,41.5748,123.094,1439.6289,70.5549,9237.7548,560.852,565.5802,1680.1105,1660.5459,2193.6814,9.7823,1472.2366,635.8497,202.1676,810.3008,29.3469,4238.998,27.7165,33.4229,1539.0823,132.8763,953.7745,4097.9698,5540.8595,3.2608,1517.0722,0.8152,2767.5766,1263.5475,2143.1395,1191.9329,2020.0456,24.4558,142.6586,3817.5437,227.4385,1848.8553,4919.6832,541.2874,789.921,9.7823,381.5098,1219.5271,5100.6558,1994.7746,75.8128,287.7627,107.6053,118.2028,17.119,703.5106,185.8638,1527.6697,22.8254,13422.9501,23.6406,0.8152,15521.2541,7646.5002,698.6195,231.6449,21.195,54.6179,696.9891,0,351.3477,1298.6007,8548.9176,524.1684,2073.8482,1477.1278,6836.1994,67.6609,330.9679,0.8152,542.9178,1.6304,2.4456,566.5584,631.7737,12.2279,90.4863,2081.185,275.5349,176.0815,0,4528.3911,26.9013,238.8512,260.0462,402.7048,109.2357,2562.14,277.1653
TCGA-CH-5765-01,0.8,3187.5437,4844.9965,1.0497,236.8789,942.9671,923.373,3965.7103,1305.8083,1509.0973,2979.7061,826.802,1627.3618,425.1225,3360.7418,300.9097,166.8999,22.3933,15.7453,422.6732,1952.0644,18475.5073,18.1945,471.6585,1351.6445,2687.8936,9913.1596,1018.1945,646.2561,967.4493,3197.3408,3495.8013,148.0056,288.6634,393.282,220.084,5.2484,1.0497,82.9251,700.4899,20534.9895,18.5444,367.0399,9003.8488,3024.1428,3175.6473,230.5808,41.6375,2618.6144,1291.4626,108.1176,2854.3492,1074.8775,1652.8341,422.6732,1650.4549,1035.6893,388.7334,789.3632,26.592,876.4871,1405.5283,810.7068,2362.8411,1228.4815,1898.1491,985.3044,5900.2799,10957.3128,744.5766,8.0476,2714.8355,327.4108,458.0126,1033.24,7176.3471,79.0763,1087.1239,2025.8922,3322.2533,1066.4801,118.9643,1222.5332,3178.7964,6766.62,2241.7775,3434.7131,4465.7103,1653.254,1391.8824,12.9461,2039.1882,3689.2932,833.7999,796.0112,341.4976,1820.5038,990.9027,1040.9377,1374.0378,47.9356,2291.4626,490.2029,115.8153,1290.063,1566.83,21.6935,23.0931,25430.7208,180.8957,1158.8523,3781.543,453.8139,775.7173,16.4451,4.8985,29.0413,22.7432,1835.1994,2205.0385,490.2029,1789.7131,86.774,130.5108,316.3051,28.6914,1842.5472,294.2617,153.9538,8138.9083,20.9937,11068.5794,262.7712,1055.6333,52.1134,305.1085,1107.0679,24.4927,945.0595,1901.6795,70.6788,448.5654,9.0973,7173.198,1627.0119,517.4948,1688.5934,2309.6571,1977.9566,1036.739,4297.4108,2044.4367,831.3506,250.8747,2372.2883,153.205,3405.1784,758.9223,0.6998,1298.4605,730.2309,2.7992,199.7901,18.8943,289.7131,7.6977,837.9986,1890.8328,6093.7719,4428.6074,2207.8376,467.4598,1922.3233,1250.5248,1917.0749,1648.0056,31.1407,2495.4514,1688.2435,3608.8174,867.3898,92.7222,664.4507,1398.5304,1531.809,2595.8712,3748.4255,1792.1624,1438.0686,59.8321,18.1945,404.1288,380.3359,1581.1756,3072.4283,175.6473,63.331,93.0721,1549.3352,630.8607,298.8104,602.8691,8.0476,342.8971,848.4955,1326.4521,553.184,2394.3317,336.2491,12411.8265,27.6417,89.2232,1495.8013,63.4395,6181.2456,583.9748,714.3492,1744.2267,1695.9412,2091.6725,2.7992,907.2778,724.9825,261.0217,910.4269,82.9251,4760.6718,14.3457,44.4367,1690.3429,59.8321,1143.1071,4627.0119,3804.0588,4.5486,1639.958,3.499,2574.5276,876.4871,1945.7663,651.4976,893.282,10.4969,66.83,3962.5612,249.1253,1712.0364,5682.6452,531.4906,388.7334,12.2463,146.9559,1405.5283,4365.6403,1725.6823,66.4801,377.8866,115.4654,162.5052,10.4969,367.7397,212.3863,1219.3842,28.6914,6314.2057,36.0392,0.6998,6645.5563,8354.4437,598.6704,330.3604,5.9482,24.8425,741.0777,0.3499,477.6067,1049.3352,4833.1001,530.091,2573.1281,2725.6823,6472.3583,145.2064,567.5297,0,656.0532,5.9482,1.3996,672.4983,707.4878,4.1987,23.443,1174.9475,85.3744,167.2498,1.0497,5238.6284,54.2337,291.8824,340.4479,192.0924,81.8754,1025.1819,261.0217
TCGA-CH-5766-01,0.833333333,2701.0701,6032.1022,2.0711,179.8412,930.9631,952.0193,3765.9648,1280.9803,1554.0214,3083.8799,636.1754,1912.3231,474.6289,3142.2161,302.3818,105.2813,37.2799,94.2354,788.4018,2259.2337,20781.1529,54.194,1187.7805,1682.4301,2836.3825,8325.1329,1029.3407,607.8702,1343.4415,2896.0994,7237.8322,111.4946,330.6869,521.2289,685.8819,19.6755,9.6652,138.7642,759.0611,17342.078,17.2592,566.448,13377.632,4044.874,2366.5861,327.2351,186.0545,3231.9641,1411.8053,124.2665,3295.4367,523.6452,1224.301,472.5578,1651.7087,1116.6724,314.1181,862.9617,20.3659,742.147,956.8519,1109.4235,2318.9506,1192.9582,2645.1156,1450.1208,7808.7677,7189.8516,1451.1564,24.8533,1943.3897,361.1978,515.3607,1194.339,6888.5054,237.4871,808.0773,688.2982,3055.5747,1603.3828,742.4922,1112.185,2959.9586,6367.6217,1903.6935,3000.4625,4259.5789,1230.9285,1132.5509,48.671,1706.593,3020.3659,1057.6458,993.4415,1731.4463,1004.4874,1105.2813,1126.3376,1215.3952,1.3807,3025.1985,1282.7062,101.8295,1027.6148,1542.2851,23.1274,60.4073,32098.3776,614.7739,911.9779,3437.6148,663.4449,900.932,22.0918,13.4622,107.6976,50.7421,1816.0166,1704.5219,735.5885,956.1615,124.2665,88.3673,469.106,68.3466,1622.368,1822.9203,142.9065,8098.0324,109.4235,2047.2903,206.7656,530.5488,56.4584,188.4708,678.2879,21.4014,947.1867,1117.0176,143.942,238.5226,90.0932,27055.2295,985.5022,314.1181,1785.2951,2693.476,1998.2741,1512.2541,3388.3328,2423.1964,889.1957,320.6766,2026.234,145.7473,1419.0542,530.2037,0.6904,868.8298,605.1087,5.1778,167.0694,53.5036,238.5226,18.64,1049.7066,833.2758,6180.5316,3988.6055,3119.4339,623.4035,1869.8654,977.563,2365.2054,1529.5133,99.068,1966.8623,1878.495,6231.6189,1037.2799,377.2868,1465.9993,1189.5064,1788.709,1457.7149,3828.4432,1380.7387,1646.5309,73.1792,19.6755,420.7801,778.3914,1603.3828,3331.7225,271.6603,169.1405,77.3214,1706.9382,636.5205,306.8692,561.9606,24.1629,446.3238,320.6766,1445.2882,445.9786,2477.3904,726.6137,5245.7715,164.6531,278.9092,1021.0563,122.3887,13978.9437,536.417,645.4539,1825.6817,2334.4839,2501.2081,30.0311,1676.9071,700.7249,249.5685,806.3514,52.4681,5431.1357,20.0207,53.5036,1465.6541,123.5761,920.6075,2433.8971,1898.1705,15.1881,1576.8036,1.0356,2800.4833,2739.0404,2016.5689,1016.5999,1556.4377,33.8281,119.7791,3920.2623,252.33,1681.7397,3597.5147,364.515,1155.3331,55.5747,133.5865,2769.4166,5397.6527,1950.2934,59.3718,302.727,150.1553,129.4443,46.5999,981.0148,117.708,3054.194,20.7111,9664.1353,57.6458,2.0711,13658.2672,6736.2789,712.116,252.9928,16.5689,125.9924,610.6317,0,283.7418,893.6831,4857.0935,509.1474,2416.6379,1798.067,7023.1274,100.1036,462.2023,3.797,875.3883,3.1067,2.4163,374.8706,882.9824,14.8429,10.3555,4460.1312,75.5954,94.2354,0,7498.1015,10.0104,275.1433,396.272,424.9223,89.4028,2932.6717,139.4546
TCGA-CH-5768-01,1.1,2809.2846,5195.2385,1.0111,362.9993,1232.2429,1004.3993,3805.9319,1893.5286,1319.538,3122.4011,692.9681,1571.986,470.8543,1883.4172,276.7154,123.3591,63.3648,46.5125,603.6507,1791.7405,15550.3257,43.8161,739.8176,1344.1424,2864.8973,8448.3767,1032.3742,811.6086,1361.652,3479.3336,3828.851,200.5428,353.562,500.1774,496.8069,2.0223,6.4039,159.7602,560.5087,13341.9954,19.5487,437.8237,8938.1427,3368.7822,2579.7558,246.3812,53.5904,2458.0819,939.3493,85.9469,3384.4549,919.4635,1479.0184,819.3606,1480.9834,1054.2822,392.6595,781.9485,28.986,815.9902,1411.8888,1231.5688,2297.9847,1092.7056,2248.4388,750.9401,7147.7503,16731.6746,1217.4128,18.2005,2162.4919,284.5416,287.5009,1791.7405,6332.4343,82.9135,868.5695,1998.6872,2501.898,923.5081,308.0607,2525.1542,2467.8563,6086.3901,1891.8434,3059.4609,3747.2857,1476.9388,1097.7613,23.5933,1838.253,2901.6354,781.9485,807.227,522.0854,2200.9153,917.4412,1128.4325,1045.8561,53.9275,2868.2678,991.2545,82.5765,442.8794,1430.7634,36.064,37.7492,23136.9109,628.5922,1161.126,2716.553,518.7149,930.249,24.2674,11.4596,15.1671,16.8523,1817.3561,2300.007,2173.2774,1112.5913,107.1809,112.5736,408.1636,44.4902,1747.5874,346.8211,150.9969,9759.5256,55.9498,9341.2506,258.1778,796.1044,70.736,246.3812,995.299,20.8969,671.1949,1675.1223,62.0166,422.9937,7.415,20911.3913,1724.3312,257.5037,2086.9935,2387.9762,2271.6951,1017.5441,3310.4731,2186.7593,797.4526,305.0273,2619.1903,145.3177,6627.3502,517.7038,2.0223,1239.3209,1195.5048,0.6741,79.8801,27.6378,300.9827,8.4262,831.4943,655.2189,4477.329,3513.0281,1941.0522,636.0072,2000.0354,1108.8838,1586.142,1666.6962,58.6461,2834.2261,1817.3561,4974.1359,746.2215,157.7379,208.6319,944.405,1497.7852,1975.431,2902.9836,2129.4613,1493.4541,78.5319,45.8384,486.6955,257.8408,1204.9421,2043.5144,235.5957,76.5096,150.3228,1784.9996,821.3762,293.2307,463.4393,14.156,409.1747,188.4091,1466.4904,207.9578,1748.5985,478.6064,3229.5819,49.5459,239.9773,1119.6693,59.5831,6097.1756,591.517,761.7256,1611.0834,1929.5926,3353.9522,5.0557,1371.4432,790.3746,278.4006,895.5332,39.4345,5584.5275,39.4345,49.8829,1528.844,67.4093,1192.1343,5513.7477,6201.6601,2.3593,1592.8829,1.3482,2943.7663,522.0854,2060.3668,736.0528,870.2547,8.0891,122.0109,4255.2152,279.7488,1552.7744,3917.1573,598.595,799.8119,16.8523,935.6418,776.5557,3857.5,1854.4312,81.2283,310.4201,152.3451,165.49,32.6935,407.4895,82.2394,523.0965,25.9526,10341.2683,49.8829,1.0111,9273.1671,7313.2403,608.0323,306.6822,19.2117,56.9609,911.0374,0,472.8766,1016.533,4094.7809,576.687,2276.7508,2575.7112,6061.1116,148.3006,518.0408,5.0557,798.1267,2.0223,0.6741,502.1997,658.2523,12.1337,68.0834,1470.872,50.557,154.7045,0.6741,5177.7121,50.22,317.161,245.7071,223.1249,82.2394,1157.0714,189.0832
TCGA-CH-5769-01,1.566666667,3012.9767,6427.0207,0.947,150.1043,754.7831,554.4862,2371.8372,1278.9643,410.0641,2913.065,710.2727,1425.2805,318.2022,1753.9,203.6115,337.6163,103.6998,35.9871,520.3931,1677.6641,27762.6648,37.8812,807.3433,1576.8053,2216.9978,11344.9108,1152.5358,724.0046,1058.2353,2593.9158,2988.3539,279.8474,280.7945,436.1074,857.0624,6.6292,20.3611,230.6019,681.8618,22967.8507,34.5666,616.0432,18533.3816,8245.7922,1924.3654,187.0385,111.2761,2558.8757,1219.3014,82.8651,1576.7296,1041.7333,1675.2207,681.8618,1323.0012,891.1554,938.0334,1020.4251,13.7319,81.9181,1010.0077,1296.0109,1725.0156,594.2615,2092.4633,1248.6594,5232.8155,14412.8531,1083.8761,2.8411,2028.0652,246.1994,277.9534,1917.2627,9821.177,149.6308,471.1475,701.7494,2814.1003,1357.5678,90.9149,1482.5758,2107.6158,6837.0848,1990.184,2473.9129,5885.7929,1946.1471,738.6836,25.5698,1763.3703,2910.2239,1008.5872,965.9708,945.6097,2443.338,500.032,1442.8006,1090.0318,17.5201,2234.0443,754.7831,82.8651,725.4252,1627.4715,74.8154,29.3579,38983.5098,377.3915,1058.7798,3626.0888,741.9982,908.202,31.252,7.1027,17.9936,20.8347,1500.5694,2857.1902,556.3803,1522.8246,220.658,178.5152,463.0978,70.5538,1701.3398,815.393,210.7142,6679.4042,9.9438,4029.1401,327.1989,1217.8809,242.4682,262.3274,1491.5726,34.0931,616.5167,1109.9194,194.1412,303.9967,22.2552,11966.2005,1420.0718,554.0127,1822.0862,1868.4906,2527.1502,825.3368,3237.4228,1600.4811,787.9292,301.6291,1744.9032,196.6792,2288.9721,369.8153,2.8411,1588.1697,995.8023,2.3676,107.9614,12.3114,200.2969,18.9406,1848.603,928.5631,5210.0868,4547.625,2271.452,709.3256,2632.744,1399.7107,2153.0732,1698.4987,133.0577,1993.4986,2662.5755,6354.5729,895.4171,159.5746,457.4156,1163.4266,1620.0562,1805.0396,3718.5142,1374.1409,1677.6641,203.138,184.1974,977.3352,444.6307,1529.9273,4086.909,186.0914,181.8298,259.0128,1613.266,586.6805,243.8603,432.7928,8.0498,195.5617,303.0497,1725.0156,636.4043,1925.3125,920.5134,1641.2034,98.4911,151.5248,465.4654,54.4306,6875.913,455.9951,626.4131,1624.6304,2745.9142,2558.4022,6.6292,1074.4058,498.1379,386.3883,792.6643,31.7255,5936.9325,93.2825,66.7656,1538.4506,61.0834,592.8409,3118.097,2107.1423,8.5233,966.4444,3.5182,2683.8837,1431.4362,1863.7555,971.8898,1569.7026,24.1493,138.7399,5141.9006,325.3049,1712.2307,4759.7739,691.8056,1144.486,41.6693,264.2214,1774.7347,4371.9651,1902.5837,161.4687,327.6725,108.9085,102.2793,134.4783,694.1732,186.565,1566.8615,37.8812,7156.7075,13.7319,0.947,19536.2866,11681.6179,433.7398,293.603,57.2953,44.0369,652.0303,0,744.8393,1344.7829,2784.2689,668.6033,2219.3653,3295.1917,6735.279,228.7078,319.1492,2.3676,780.8264,5.2087,1.8941,273.2182,618.8843,15.1525,45.931,4744.1479,442.7366,265.642,0.947,6449.2759,35.9871,348.0336,334.7752,320.5697,234.8635,868.9002,327.6725
TCGA-CH-5789-01,0.4,2801.2415,4907.2307,3.6786,152.6612,996.4364,1067.2491,2653.6383,1028.1642,1237.3836,2715.7144,515.4615,1444.3039,459.823,1909.6448,222.5543,87.8262,24.3706,42.3037,646.5111,1966.6628,16782.1589,8.7366,755.949,1424.9914,2476.6065,11188.3895,904.4718,383.4924,1534.4246,2703.7591,7242.2117,58.8573,302.1037,1045.6374,314.5189,10.1161,0.4598,134.2683,882.8601,14383.7223,10.1161,406.9433,12070.3529,3862.0531,2528.5665,405.5639,54.7189,2442.1198,708.5872,220.2552,3122.6762,1006.5525,1451.4956,423.0371,1334.8661,652.4888,615.703,840.0966,22.0715,495.2293,986.7801,1080.1242,1988.7343,1126.1064,3954.4775,939.8781,6822.3934,5428.2101,1293.482,3.6786,1857.225,404.0418,374.2959,1791.0105,5871.4795,147.1433,996.4364,1951.9485,2865.1569,1367.5135,533.3946,1284.7454,2176.8019,5681.1128,1530.7507,2842.1842,3265.2029,1207.9549,893.8959,58.8573,2432.0037,2595.7007,814.8063,802.3911,1265.8926,1002.4141,1062.6509,1217.1514,1030.0034,9.1965,2780.5495,864.927,76.3306,1779.0551,1798.8275,21.1519,60.6966,24761.4668,333.3717,705.3684,4967.256,1565.6972,741.2346,8.7366,7.817,16.5536,41.8439,1574.4338,1244.281,1539.9471,1613.059,91.9646,64.835,697.0916,183.9292,1391.4243,316.3582,245.5455,5327.5089,51.5002,1123.3475,185.3087,838.7171,17.7262,234.5097,1255.3167,31.7278,628.3527,1638.8091,75.8708,188.5274,29.8885,5965.2834,1628.578,623.0601,1400.6208,1903.6671,1829.6356,1128.8654,3708.0124,2108.2883,717.7837,303.943,2666.9732,125.5914,2624.2097,143.0049,2.2991,762.3865,1104.4948,14.7143,174.7327,89.6655,111.737,8.2768,1351.8795,1259.9149,7320.3817,3192.5509,2460.0529,1044.7178,1462.6969,915.9674,1929.4172,1692.6083,126.9111,2032.8773,1854.466,8343.4878,924.704,348.086,581.6761,2169.4448,1149.9575,1744.5683,2768.1343,1539.4873,1918.8412,21.6117,4.5982,979.8827,455.6846,1218.9907,2061.8462,156.7996,140.246,62.9957,1796.0685,688.355,330.1529,748.132,18.3929,270.3759,203.2418,959.1907,1020.3472,1432.3485,951.8335,5248.8792,103.4602,214.7373,7136.4525,48.6401,11573.7441,512.7026,409.7942,1363.3751,1771.2381,2646.741,17.4733,1549.6034,437.2916,165.9961,706.2881,36.7858,4407.4031,26.6697,69.8931,1274.6293,217.4963,867.2261,7547.0744,9786.8721,0,1745.9478,4.8925,2105.0695,5662.26,1955.6271,1201.9496,2954.8224,15.634,160.0184,4347.1663,147.6032,1522.4738,2978.2734,735.2569,1132.544,14.2545,360.0414,1068.1688,4064.835,1939.5333,60.6966,406.9433,112.1968,102.5405,10.5759,1036.441,191.2864,13532.1301,7.817,12197.2641,36.7858,0.9196,14792.0451,7325.8995,543.9706,248.0193,10.1161,91.9646,631.3369,0.4598,239.1079,1182.6647,3037.1307,479.1355,2374.9856,1770.3184,8451.0863,100.7012,302.1037,0.4598,715.4845,0,0,654.7879,662.1451,17.0134,111.737,2698.701,97.0226,246.9249,0.5104,4797.333,9.1965,536.1812,218.4159,291.9876,86.9065,3721.4944,215.1971
TCGA-CH-5790-01,0.633333333,2893.5286,4632.1481,0,233.9194,1097.7892,911.7417,4349.8129,1697.8197,1253.9168,2827.7048,744.7341,1785.9474,239.3594,3333.0795,312.7992,170.8156,16.32,19.5839,506.4627,1736.9876,24414.6575,17.952,564.1266,1674.4277,3643.7027,8618.5047,1104.3172,737.6621,1319.6318,4023.4137,4244.8211,82.6878,320.4152,284.5113,811.1019,5.44,2.176,99.0077,651.7103,17839.8903,14.144,349.7911,17761.0105,3388.0233,2359.866,217.5994,63.1038,2845.6567,1235.9648,75.6158,3533.0479,639.1984,1764.3289,920.9896,1690.7477,1118.4611,334.0151,733.3101,13.056,832.8619,1054.2693,983.0055,2385.9779,1092.8932,1894.7471,1245.7568,6904.9743,10222.2778,1287.1007,20.6719,2199.3864,327.77,514.6227,1419.8364,6851.6625,78.3358,916.6377,1518.3001,2801.0488,1597.7239,109.8877,2086.7787,2817.3688,7562.6686,2107.9946,3123.7434,3482.1351,1448.6683,1002.0454,26.1119,1865.3712,4120.2455,953.6296,1031.4214,641.3744,1195.7089,1051.5493,1223.4529,1169.597,34.2719,2784.1849,971.5815,58.2079,724.6061,1674.9717,13.056,26.6559,28153.0159,449.8868,1122.2691,2160.5612,461.3108,836.1259,5.984,9.248,19.04,17.952,1828.9233,1853.4033,569.5665,2245.0823,50.0479,85.4078,533.1186,75.6158,1754.9395,524.4147,182.7835,12488.576,85.4078,11035.0118,178.9755,1402.9724,12.4848,225.7594,808.3819,13.056,497.7587,1792.4754,40.7999,560.8626,9.792,8621.8339,1844.1553,175.1676,2007.8989,2229.8503,1998.1069,522.2387,3479.4151,1736.4436,795.87,257.8553,2628.0573,136.0649,3772.6303,594.0465,1.632,1048.8293,754.5261,1.088,59.2958,10.88,259.4873,8.16,938.9416,1211.4849,5068.435,4041.8988,2334.7169,671.8383,1648.8598,1072.7653,1762.5555,1537.8841,25.5679,2903.3206,2964.2484,6017.1686,862.7818,422.6869,681.0863,1135.3251,2104.9754,2140.0905,2955.0004,1508.5081,1584.1239,31.0079,2.72,682.1743,452.6068,1513.4041,3227.5437,162.6556,77.7918,43.5199,1821.8513,690.3342,313.3432,439.5509,6.528,356.8631,288.8633,1030.3334,289.9513,2199.3864,311.1672,8951.4971,70.1758,82.1438,1276.2207,67.9509,7226.4775,663.6783,457.2689,1151.1011,2191.7704,2099.2906,8.704,1190.813,784.99,298.1112,885.0857,15.776,5201.1707,7.072,33.7279,1713.5956,70.7198,1224.5409,6803.2466,5267.5385,1.632,1841.9793,3.351,3116.024,777.374,1868.0912,1041.4962,1654.2998,18.496,102.8157,4672.948,188.2235,1635.8038,4960.7233,584.2545,474.9108,22.8479,436.2869,1097.7892,3670.9026,1708.6996,85.4078,256.7673,107.1677,155.5836,7.072,339.9991,84.8638,535.8386,20.1279,8349.8346,5.984,2.72,8017.9955,9538.4716,638.6544,198.6085,19.5839,47.3279,705.5662,0.544,360.1271,1031.9654,6735.7908,582.0785,2297.3061,3056.7282,9195.2085,159.3916,264.9273,0,792.062,2.72,0,770.846,576.6385,12.512,32.6399,3312.4075,107.1677,202.3675,1.088,6743.9507,2.72,311.2379,279.6153,213.7915,63.044,993.3197,236.0954
TCGA-CH-5791-01,1,3022.6528,4745.9752,0.5699,237.6407,1075.9367,1042.3137,4208.5767,1564.3254,1541.5301,2561.0486,748.8246,1778.6009,272.9734,2728.5938,221.1141,141.3307,55.2785,27.3543,576.1504,1609.9159,17621.8835,112.2667,539.678,1589.4002,2628.2946,11001.5159,1262.2881,618.3217,1109.5427,3106.9953,8580.1396,112.2667,282.6613,377.8316,614.9024,4.5591,74.0846,202.308,620.6012,15038.0396,16.5266,355.0363,11433.5375,4303.747,1701.6669,182.3622,102.5787,2363.8695,1238.9229,115.1161,2892.1271,1269.1267,2020.3334,795.5549,1458.8973,1530.1325,478.1308,732.8679,25.6447,689.5569,1131.2153,1265.7074,1921.6413,1163.6985,2353.6116,881.0372,4673.0303,7770.9075,763.0717,10.2579,2282.9463,242.6272,398.9172,2190.0556,5887.4484,68.9557,1120.3875,1038.8944,2357.0309,1390.5115,965.9496,960.2507,2929.7621,5985.468,1576.8628,2539.0511,4351.0472,1358.5981,1140.3334,17.0965,1624.163,3255.1646,1020.6582,1020.0883,736.8571,1066.2488,927.7675,1203.5903,1343.7812,17.0965,2761.0771,874.1986,172.6742,630.2892,1581.9917,28.4941,38.752,25820.2023,650.2351,529.4201,4029.6168,849.6937,601.2252,18.2362,4.5591,20.5157,31.3435,1731.3008,1993.4464,891.8649,1505.6276,87.7618,108.8474,590.9674,76.934,1352.3294,386.3798,138.4813,9045.1631,47.3002,6260.7209,320.8434,1131.2153,25.5478,264.4251,790.426,6.8386,1088.098,1580.852,61.5472,182.932,22.2254,2840.2906,2074.9395,246.1889,2549.6509,2633.9934,1656.6462,1141.4731,2946.2886,2425.4167,506.055,189.2007,1244.6217,132.4918,1145.4623,551.6455,1.7096,1103.2911,1218.9771,4.5591,119.1053,3.9892,241.06,5.6988,1406.4682,626.3,4270.1239,4025.0748,3887.0608,658.7833,1671.4632,1095.3127,1518.165,1528.4229,337.9399,2224.8184,1318.7064,6062.9719,862.801,333.3808,1087.9043,937.4555,2020.738,1896.5665,3315.572,1073.6572,1348.9101,83.2027,23.3652,695.2557,449.6367,2192.905,2538.2533,208.0068,292.3493,94.6004,1866.3627,613.1928,291.2096,602.9349,4.5591,449.0668,532.2696,1241.7723,422.2824,2092.0359,303.1771,4129.933,103.1486,93.4606,849.1238,67.833,6213.4207,405.7558,574.3325,1293.0617,1741.5586,2480.1254,6.2687,1999.1452,957.9712,227.9527,394.9281,229.6623,5568.8845,49.0098,30.2037,1915.9424,75.2244,806.9526,2982.7611,2758.7975,1.7096,1376.2644,9.1238,3597.6635,1522.1542,1905.6846,1012.1385,329.9615,23.3652,107.1378,4998.4328,218.8346,1776.8913,4741.4162,378.9714,883.8866,28.4941,153.2982,2075.5093,3463.7413,1935.8883,29.6339,261.5757,66.6762,112.8366,49.5797,278.6722,125.374,678.1593,18.2362,4714.6317,15.9567,0,11528.1379,8504.3453,589.2577,173.2668,46.1604,42.1712,578.43,0,410.3149,910.671,4654.2242,650.805,1959.8233,3202.1656,7576.008,137.3415,346.4881,5.1289,1107.8501,6.2687,0.5699,466.7332,765.9211,11.3976,11.3976,10694.4009,96.8799,233.6515,0,9346.0607,2.2795,266.1348,249.6082,226.2431,83.7726,760.7579,219.9744
TCGA-CH-5794-01,0.666666667,3629.7899,6707.6638,0.309,271.3226,671.508,758.6527,4023.1768,1187.5773,713.8443,1551.2979,1015.4512,2391.2237,271.0136,3877.0087,158.8381,185.7231,23.4858,34.9197,298.8257,1366.1928,20807.4784,59.9506,671.199,1922.7441,2515.7602,11233.2973,1246.6007,538.937,883.4951,3379.4808,4820.7664,158.529,289.246,504.0173,148.6403,4.9444,266.0692,164.0915,950.2472,24946.848,26.576,650.4944,8252.1632,4628.8628,1372.0643,161.3103,61.4957,3231.7676,891.8418,44.1904,2959.5396,765.4512,1537.1755,459.5179,1586.5266,1359.3943,353.8319,936.9592,34.3016,715.0803,1163.4734,1011.1248,1441.9036,1419.6539,1971.8789,940.0494,6537.7009,11144.0049,1084.9815,19.4685,1510.8158,91.8449,272.2497,1647.0952,9871.4462,100.4326,749.0729,337.4536,2173.0532,658.8381,88.9988,1232.6947,2021.9407,4691.9036,1828.1829,2066.474,5100.4326,1911.9283,1226.8232,65.204,1620.2101,2219.7157,1332.2002,634.1162,462.9172,1241.6564,600.7417,1472.1879,1264.5241,38.3189,3276.885,776.576,167.1817,478.6774,1990.4203,17.9234,31.8294,32636.2794,251.8541,942.5216,2636.029,506.4895,1144.0049,22.8677,7.7256,2.7812,24.7219,1499.691,2750.618,231.4586,1554.0791,124.2274,103.8319,498.4549,57.1693,1449.6292,286.1557,75.4017,6555.6242,19.4685,8858.7763,125.1545,1069.8393,112.2868,263.9061,1067.0581,21.3226,820.7664,1304.0791,22.5587,325.7108,8.9617,7088.0717,1621.4462,312.4227,2517.6143,1487.6391,3078.801,911.3103,3110.3214,2558.7145,490.1112,189.1224,2459.8269,174.3078,3076.6378,355.9951,0.9271,1247.2188,550.9889,3.3993,48.5167,44.8084,187.2682,7.7256,978.6774,2314.5859,5778.1211,3252.7781,2390.2967,593.9431,2457.6638,1258.6527,1868.974,1299.7528,27.5031,2073.8566,2095.1792,5197.775,902.3486,143.3869,663.1644,955.8096,1108.767,2622.9913,2327.2559,1454.2645,1809.0235,124.8455,42.9543,540.7911,259.2707,2019.4685,4210.445,137.5155,90.2349,123.6094,1449.0111,982.6947,262.0519,247.5278,5.2534,391.5328,183.56,1481.7676,292.9543,1712.6082,905.1298,5538.0099,100.1236,58.0964,3441.2855,75.8869,6043.5723,421.8171,807.4475,1191.9036,1580.6551,1235.4759,6.7985,1090.5439,829.11,299.4438,589.3078,55.0062,4923.3622,40.4821,55.0062,2152.0396,53.152,514.5241,3003.0902,4589.6168,2.7812,1672.4351,4.0173,2876.3906,3004.0173,1651.1125,502.5896,774.7219,13.9061,105.377,4890.6057,285.2287,1156.3659,4088.0717,552.225,743.2015,27.5031,512.0519,1286.7738,3850.4326,975.2781,99.5056,309.0235,181.7058,132.2621,46.6625,795.1174,121.4462,14258.6527,16.0692,4164.0915,12.3609,2.1632,15873.9184,9688.1953,508.9617,225.6891,12.67,46.3535,629.1718,0,147.4042,630.4079,3777.8121,595.7973,1745.6737,2169.9629,8383.8072,121.4462,301.2979,0.309,669.9629,1.5451,0.309,635.3523,568.9122,9.8888,48.8257,3305.6242,908.8381,629.1718,0.9271,6401.4215,182.3239,299.1347,289.555,283.0655,150.8035,1644.6044,119.2831
TCGA-EJ-5495-01,2,3226.5175,4169.5437,2.5934,268.093,1346.3003,1705.8108,4190.6151,1525.8935,2042.3049,3842.7749,644.1365,1458.465,853.8779,2051.706,577.6805,210.3898,49.2747,116.379,1120.9985,1817.9755,3930.3023,35.6593,379.9335,1795.6074,3597.3742,9295.032,943.3504,549.4773,1826.3944,4031.7692,4824.7022,132.9119,328.7138,1105.7622,132.5877,21.0714,24.9615,531.3234,934.9218,17735.3108,11.022,365.6698,8300.1864,3209.9846,4265.4996,491.4499,247.0216,2074.0741,958.5866,350.7578,3564.8302,1276.6026,1374.0303,1128.7787,1634.4923,951.1306,1375.152,802.6582,30.4725,747.5484,1463.6518,975.4437,3188.9132,1227.9763,2283.7799,2113.6235,8514.7905,16004.8626,1233.8115,14.9121,2423.8593,996.6675,595.8343,2597.6173,5296.3773,362.1039,1212.4159,1689.2779,3619.0939,1341.4377,128.6976,959.8833,3188.9132,6174.2443,1987.1951,2567.6473,2984.0344,1169.3006,1072.3722,22.3681,1858.8216,3791.8794,813.0319,912.2295,927.7899,1491.5309,998.4602,805.2516,1133.3171,73.2636,2118.4861,1208.5258,153.6591,652.2409,1863.3601,69.0494,93.0383,18232.5958,484.9664,863.279,6113.0464,1247.4269,705.4056,35.0109,26.2582,69.6977,84.9339,2086.7169,1719.7504,1170.9215,1469.8112,299.2139,90.7691,901.5317,82.3405,1350.1905,762.1363,623.7134,2713.9963,114.7581,4251.2359,454.1697,1311.6136,45.2387,325.7963,2182.0245,9.4011,789.367,1800.1459,241.5107,394.5214,61.2691,4141.9888,1866.926,2056.2444,1684.7394,3333.1712,1856.2282,1073.993,3957.2088,3151.3089,676.2298,723.2353,1900.6402,112.9784,1735.635,591.6201,3.8901,1133.6413,1521.6792,6.1593,613.9882,45.3846,241.1865,59.6483,3257.9626,792.933,6803.1445,3985.0814,2284.7881,983.8723,2447.1999,822.7571,1753.4646,1622.4978,46.6813,2534.0789,1704.8383,7014.831,800.7132,406.8401,867.8175,3277.0889,1380.6532,1998.5412,4116.7031,1903.5578,1400.7618,128.0493,30.4725,1257.4763,511.5487,1409.5145,2706.8644,241.1865,384.472,275.5491,2008.5906,540.0729,290.4611,1770.3217,24.6373,500.5268,367.9391,1254.2345,2393.0626,1951.5358,1458.7892,4640.2464,112.1647,310.2358,2549.9635,85.1511,6364.8594,645.109,738.7633,1659.7779,1659.1296,2065.9697,25.934,1478.2397,1065.2403,234.3788,677.5265,75.2087,5468.5145,36.6318,41.1703,1221.4928,169.5437,1125.5369,3028.7706,5111.5974,0.6484,1661.723,1.9451,2182.0245,2284.7881,1915.5523,894.0725,886.6197,29.5,272.6315,3301.7262,162.0877,2112.3268,3495.2589,899.2625,1085.9875,36.3076,135.5053,3431.3964,4264.2029,1549.5583,85.9065,280.4117,143.9339,106.9779,19.7747,789.0429,501.1751,2640.0843,19.4505,5035.7403,95.3076,3.2418,22536.9965,7310.1548,649.9716,210.0494,49.5988,128.6976,676.2298,0.3242,336.494,1925.6018,3802.253,552.3948,1407.2453,2857.606,5154.3885,115.7306,506.0378,6.1593,762.1363,1.9451,1.2967,912.5537,916.1196,31.445,68.0768,1974.8764,627.2794,391.928,0.6484,5167.3555,43.4395,293.0545,227.8953,366.9665,147.1756,599.7082,320.2853
TCGA-EJ-5496-01,1.1,3110.6322,4838.6015,1.4368,207.8544,1055.5556,1096.2644,3549.3295,1117.8161,1310.3448,3060.8238,546.9349,1523.4674,422.8927,2570.4023,251.4368,131.2261,24.4253,25.8621,401.8199,2227.9693,18958.3333,21.0728,433.4291,1041.1877,2585.728,9582.7586,887.931,490.4215,1091.9444,3360.6322,4580.9387,131.705,279.6935,674.8084,210.728,2.8736,63.2184,115.4215,752.3946,14978.4483,15.8046,337.1648,8355.364,2688.6973,2314.1762,276.8199,37.8352,2108.2375,880.7471,131.2261,2742.8927,1013.8889,1572.9933,504.7893,1395.1149,856.3218,248.5632,907.567,27.7778,762.931,1249.0421,865.4215,2156.6092,1411.3985,1816.092,942.0498,6945.8812,12864.4636,1228.9272,10.0575,2232.2797,309.0709,435.8238,1580.9387,6462.6437,101.0536,849.1379,2258.6207,2944.9234,1061.7816,228.9272,1393.6782,2436.7816,5619.7318,2099.6169,3012.2366,3794.5402,1497.6054,1028.2567,18.1992,2002.3946,3557.4713,741.8582,630.7471,394.1571,1665.7088,909.0038,1000.4789,1207.8544,78.0651,2613.9847,1092.433,51.2452,507.6628,1441.5709,28.2567,17.2414,25050.7663,556.5134,1062.2605,4765.2634,451.1494,877.3946,15.3257,8.6207,18.1992,11.4943,1625,2310.8238,933.908,1771.0728,84.2912,87.6437,238.5057,7.6628,1593.8697,298.3716,171.4559,7796.9349,33.046,13616.3793,158.046,1032.0881,17.9071,307.9502,1049.8084,34.9617,621.1686,1701.6284,26.341,469.3487,11.0153,2883.1418,1622.1264,290.7088,1744.7318,2392.7203,1962.1648,1199.7126,3492.3372,1873.0843,644.636,272.9885,3218.3908,140.3161,1552.682,341.4751,0.4789,673.8506,1104.8851,2.8736,183.908,43.5824,193.4866,10.5364,727.9693,1775.3831,6144.1571,3669.5307,2104.4061,358.2375,1824.2337,1174.3295,2133.6207,1731.8008,43.5824,2190.613,1811.3027,5270.5939,918.5824,328.0651,1090.0383,1014.3678,1285.5172,1796.4559,3461.6858,1742.8161,1465.9962,57.9502,6.705,418.1034,355.8429,1496.1686,2350.5747,163.7931,58.4291,117.8161,1540.2299,520.5939,266.7625,546.9349,13.41,429.1188,420.977,1370.6897,463.1226,2061.7816,443.9655,7657.567,45.0192,161.3985,4032.567,57.6054,5294.0613,569.4444,681.0776,1665.7088,1538.7931,1980.8429,14.8467,1493.295,661.8774,179.5977,742.3372,48.8506,4340.5172,20.5939,26.341,1437.7395,96.2644,1100.0958,2075.1916,9939.6552,0.9579,1583.8123,1.9157,2685.3448,727.9693,1813.6973,813.592,1237.5479,22.9885,151.341,3861.1111,192.5287,1557.4713,6366.8582,546.4559,1240.9004,15.8046,181.9923,692.0498,3976.0536,1772.9885,69.9234,402.7778,165.7088,144.1571,15.3257,3884.5785,126.4368,9651.341,19.636,3674.3295,13.8889,0,6265.8046,7943.4866,571.3602,254.454,4.7893,20.5939,767.2414,0,495.6897,849.6169,4477.9693,471.7433,2490.4215,1788.7931,5676.2452,81.8966,470.3065,4.3103,617.3372,0.4789,0.9579,928.1609,601.0536,6.2261,75.6705,1357.7586,16.7625,276.341,0,4239.4636,10.0575,275.3831,246.1686,232.7586,73.2759,1249.0134,398.4674
TCGA-EJ-5497-01,0.633333333,2768.6271,4539.612,1.2768,234.9396,1127.4547,1175.9749,3650.9274,1250.8832,1578.1813,3275.1092,575.4318,1383.6751,467.3255,2222.1371,234.514,161.7338,39.1566,55.7556,610.7579,1976.5571,20547.0007,40.0078,497.5442,1119.368,2656.6902,9571.1671,832.0778,422.6359,1719.8984,3523.6685,3761.5874,72.7802,325.17,944.8658,510.3127,18.3015,87.6767,155.3496,771.2148,17048.0179,17.0246,266.8607,15874.1711,3470.0409,3007.8228,350.7069,84.2718,1965.9167,989.981,438.3837,2880.7554,1002.7495,1504.2136,695.0297,1232.5817,719.7153,509.887,907.8373,23.8345,694.6041,1072.5504,984.0224,2454.0974,1072.1248,2238.2807,1288.7629,7614.2564,9303.0976,1420.7036,14.0453,2273.2109,1060.216,550.3205,2883.1175,5691.7524,312.4016,981.8943,2339.6069,3252.1259,1316.0023,344.3227,1319.8328,2557.0963,5787.9415,2184.2573,2675.545,3122.7389,1264.5028,922.7338,42.1359,1918.6734,3776.0583,805.6896,811.2226,2096.155,1576.0532,807.3921,925.7131,752.9133,78.3132,2207.6662,1029.1376,74.057,1116.3887,1625.8502,26.8138,44.264,38795.6749,586.4978,1042.3317,4429.0031,914.2215,858.0403,5.9586,16.1734,27.665,26.3881,1714.8037,1785.8815,1583.7143,1233.4329,98.7427,94.9122,515.8457,68.9497,1570.0946,1006.58,419.6566,6538.3011,72.7802,6043.7362,308.1454,1009.1337,16.3734,214.5101,1397.2948,28.9418,676.7282,1597.7596,91.9329,652.8938,26.8138,3877.7803,1786.7327,744.401,1542.8552,2512.8323,1854.8312,1218.962,4287.6478,2192.344,726.0996,445.1935,2531.5594,108.7064,1980.8133,846.1231,0.4256,960.188,1348.7747,6.8098,496.693,80.0157,211.9564,34.0492,1889.7316,595.0101,6468.5002,3788.814,1639.0442,445.1935,1686.2875,1104.4715,1888.0291,1816.1002,111.9368,2336.202,2009.7551,6362.0964,961.4648,228.981,1434.7489,2379.6147,1418.8565,1682.0314,3074.6444,1758.2165,1448.3686,46.8177,7.6611,775.8966,351.9838,1190.0202,3811.81,145.986,124.7053,83.4206,1716.5062,525.2092,283.8854,1527.9587,18.3015,443.0655,357.5168,1141.5,1023.6046,2163.8278,495.8417,7406.5562,115.7673,219.6175,2723.9375,80.3647,6868.5785,665.2366,761.1618,1721.6136,2496.6589,2779.693,19.1527,1531.3636,663.5341,189.8244,608.6298,40.8591,4533.6534,26.3881,61.2886,1155.1197,140.453,1287.0604,4144.2155,7821.531,0.4256,1512.6365,3.9199,2843.1097,1303.2338,1986.7719,1157.4393,3056.7686,25.5369,240.047,3533.8832,212.382,1736.0845,4267.6439,537.1264,2617.108,40.0078,281.3317,1290.0398,3765.4179,3601.556,102.5733,316.2321,137.8993,125.1309,11.066,7919.8481,271.1169,6939.2307,14.0453,5152.4979,22.9832,0,12531.3891,7948.79,539.2545,259.438,161.3082,60.863,885.2797,0,357.5168,1355.5845,2918.4436,417.5285,2271.0829,1984.2182,6369.3319,150.2422,397.099,7.2355,758.0207,6.8098,0.8512,494.9905,660.1292,11.9172,76.1851,1971.8753,25.5369,226.4273,0.8512,5042.6892,39.5822,316.7131,217.0638,231.1091,94.9122,2771.1509,301.3356
TCGA-EJ-5498-01,0.966666667,2550.911,4502.6795,0.5359,250.8039,1030.0107,1330.6538,3394.9625,1311.3612,1436.2272,3279.7428,504.8232,1331.1897,1065.9164,1934.6195,239.0139,92.7117,23.5798,93.7835,603.9657,2098.6066,11609.8607,39.657,441.5863,1234.1908,2698.2851,10387.9528,983.3869,426.5809,1691.8435,3433.0118,5356.3773,36.4416,309.7535,1494.6409,420.1501,13.9335,16.6131,377.2776,964.6302,16324.7588,15.0054,349.9464,9409.4319,2744.373,3847.2669,420.686,107.1811,1972.6688,901.9293,287.2454,2425.3591,1051.9829,1468.3762,757.2347,1569.1318,645.7663,825.8307,816.7203,36.9775,627.0096,1333.8692,1118.4352,2376.2058,1011.254,2896.0343,1207.3955,7825.8307,8751.3398,1291.5327,16.0772,2324.7588,957.9046,597.5348,3448.5531,6477.492,437.8349,985.5305,2815.6484,3453.9121,1747.5884,78.2422,917.4705,2176.313,5247.0525,1971.0611,2882.6367,2862.2722,1297.4277,1007.5027,63.7728,2050.3751,3941.5863,703.1083,731.5113,1885.8521,688.1029,657.0204,940.5145,643.0868,15.0054,2397.642,838.1565,165.0589,627.0096,1506.4309,20.3644,75.5627,19627.0096,438.3708,870.8467,6300.477,1563.2369,1077.1704,14.4695,20.3644,58.4137,62.1651,1366.5595,1932.4759,728.2958,1515.0054,150.5895,69.1318,1197.2133,79.8499,1372.9904,1071.8114,646.3023,4713.8264,74.4909,5111.4684,594.3194,1102.358,14.4159,211.1468,2501.6077,18.2208,633.4405,1464.6302,133.9764,227.224,28.9389,5839.7642,1707.3955,1103.4298,1672.5616,2443.194,1703.1083,1095.3912,3989.8178,1988.746,366.5595,618.9711,2049.8392,122.5134,2672.5616,386.9239,2.1436,818.328,1230.9753,7.5027,774.9196,157.0204,170.9539,43.9443,2325.2947,1153.8049,7189.7106,4352.0847,2152.1972,613.612,1729.3676,957.1275,1762.5938,1983.9228,87.8885,2385.8521,1763.6656,6833.3333,1036.4416,454.448,1282.9582,3149.5177,1011.3934,1732.5831,3180.6002,1984.4587,1660.2358,29.4748,5.895,1293.6763,331.7256,1249.1961,3434.0836,168.2744,353.6977,60.5573,1879.9571,406.2165,262.0579,2980.1715,49.3033,350.4823,494.105,1118.4352,1384.7803,1875.134,1872.9904,5142.5509,102.8939,187.567,2410.5038,46.8864,7310.8253,565.9164,726.3612,1635.5841,2964.6302,2494.105,21.9721,1342.9796,521.4362,154.3408,653.8049,317.2562,5312.9689,23.5798,56.2701,1262.0579,159.6999,1128.0815,2497.3205,8017.149,0,1322.6152,4.2872,2704.716,2217.5777,1887.9957,1321.12,2663.4512,40.7288,323.1511,3299.5713,172.0257,2103.9657,4150.5895,661.8435,1966.2379,67.5241,226.1522,1892.8189,3740.6217,1936.2272,88.4244,276.5273,117.3633,137.1919,10.1822,7349.9464,450.6967,9690.7824,10.1822,6515.5413,21.9721,1.0718,20532.1543,9035.9057,573.4191,235.8307,46.0879,57.3419,806.538,0,366.5595,1819.9357,3352.6259,401.3934,2077.1704,2415.3269,7505.895,165.5949,452.8403,10.1822,833.3333,4.2872,0,711.1468,768.4887,36.4416,60.5573,3304.3944,103.4298,333.8692,0.5359,4838.1565,102.358,226.6881,215.4341,351.0182,110.3966,2270.627,211.6827
TCGA-EJ-5503-01,0.266666667,3334.2043,6430.6413,0.4751,198.8124,833.7292,935.867,3413.7767,1211.639,1036.8171,2140.38,741.8052,1916.3895,1043.2304,1495.7245,200.4751,136.5796,23.9905,95.0119,502.6128,1323.5154,18238.7173,10.6888,611.639,2038.2423,3198.8124,11264.5867,1024.228,408.5511,1775.7672,2891.2114,7925.1781,55.3444,258.1948,2064.133,241.0926,17.5772,21.3777,404.038,1216.3895,17951.5439,19.2399,525.8907,10351.0689,4541.5677,3187.4109,243.4679,151.0689,2697.6247,682.1853,336.8171,2776.0974,724.4656,1511.7601,487.6485,1688.8361,972.6841,615.9145,785.0356,34.6793,444.8931,955.5819,996.1995,2031.1164,1275.0594,2142.4109,1537.2922,6647.5059,6139.6675,971.9715,11.4014,1687.1734,750.3278,328.7411,2850.5938,8883.3729,192.6366,932.0665,1662.7078,2521.1401,997.8622,160.095,1264.8456,2197.8622,4758.4323,1621.8527,2764.9406,4076.7221,1906.6508,1581.9477,64.8456,1759.8575,2451.0689,1198.0998,695.0119,2509.7387,1609.2637,795.0119,1267.2209,887.886,13.7767,3626.8409,649.1686,39.905,836.1045,1961.9952,16.8646,63.1829,25744.6556,328.7411,576.7221,5326.0214,1114.2518,1192.8741,13.0641,13.0641,112.8266,70.5463,1323.2779,1748.4561,1037.0546,1369.3587,147.2684,69.8337,808.7886,93.8242,1523.753,1025.1781,370.7838,5210.6888,72.9216,1224.7031,312.114,1473.6342,47.9881,240.38,2147.7435,49.6437,849.4822,1424.228,58.4323,253.4442,47.7435,5862.9454,1619.715,581.9477,2034.6793,1907.8385,3172.209,959.62,3443.943,1519.0024,590.2613,358.4323,2369.8337,176.4157,634.6793,471.2589,1.1876,814.2518,1093.8242,30.6413,411.4014,413.0641,168.8836,22.3278,1795.0119,523.5154,5723.753,3026.361,2656.2945,914.2518,2032.0665,950.3563,1746.7933,1414.7268,70.5463,2464.133,2350.1188,7733.9667,1275.2969,344.8931,939.6675,1815.4394,1730.1401,2368.4086,2230.6413,924.4656,2444.6556,44.6556,18.7648,1194.0618,396.6746,1609.9762,3674.3468,145.1306,109.7387,105.4632,1827.791,774.8195,219.4774,1153.6817,31.1164,274.3468,234.9169,999.7625,865.0831,1199.7625,2007.1259,5227.5534,236.342,153.2067,3617.3397,56.8765,4972.9216,432.7791,293.2114,1001.6627,4225.1781,2489.0736,28.7411,1056.057,617.3397,367.9335,930.8789,81.7102,4672.9216,26.3658,73.8717,1773.3967,124.4656,676.0095,4652.7316,11054.6318,0.4751,1779.3349,8.3135,3510.6888,1620.6651,1597.3872,891.2043,1650.5938,74.5843,486.9359,5203.3254,250.1188,1252.019,3175.2969,519.715,1984.7981,65.0831,154.8694,1655.5819,3680.9976,1379.81,80.9976,319.715,119.715,99.5249,16.3895,11348.6936,217.3397,13713.3017,13.5392,3822.8029,65.0831,1.6627,23855.5819,8074.1093,456.057,182.1021,12.3515,63.8955,515.4394,0,213.0641,1048.6936,1698.5748,821.6152,1830.4038,3271.2589,6106.8884,80.5226,368.171,8.076,865.3207,2.8504,6.4133,480.285,690.9739,11.1639,95.7245,3126.3658,193.5867,353.2067,1.6627,8799.0499,64.3705,493.1259,236.1045,489.5487,182.3729,1494.1948,274.1093
TCGA-EJ-5506-01,0.166666667,2525.3205,4723.3974,0,242.6282,1294.5513,814.7436,3734.2949,1389.4231,1546.4744,3479.4872,645.5128,1350,2217.9487,2423.7179,333.0128,138.4615,31.7308,56.7308,545.5128,1900.9615,18956.4103,8.0128,703.8462,1644.8718,3107.3718,10455.7308,1022.4359,336.2179,2066.6474,3420.8333,7342.9487,65.7051,309.6154,1931.7308,627.8846,1.9231,6.0897,664.1026,816.6667,18381.7308,8.6538,490.7051,14433.3333,2559.6154,3412.1795,412.1795,53.2051,2341.6667,916.9872,283.0128,2846.6731,1831.4103,1443.6891,950,1591.0256,827.5641,697.7564,891.3462,28.8462,594.2308,1111.5385,944.2308,3014.7436,1014.7436,3105.3013,1405.1282,6479.1667,6635.8974,1119.5513,1.9231,2230.4487,436.75,512.5,3247.7564,6567.9487,134.6154,1411.5385,2006.7308,2944.2308,1634.6154,27.2436,1180.1282,2702.8846,6678.8462,1884.6154,3323.3045,3355.4487,1346.4744,802.5641,17.6282,1960.2564,3994.8718,914.4231,809.9359,756.4103,1349.0385,877.2436,973.0769,1201.2821,14.4231,2695.1923,835.5769,88.4615,777.8846,1611.859,25.641,26.2821,13780.4487,374.6795,720.8333,6466.2019,710.8974,814.1026,17.6282,14.7436,5.1282,12.8205,1719.2308,1647.7564,491.0256,1816.0256,98.7179,66.9872,508.0128,33.3333,1861.2179,395.5128,229.1667,5823.0769,113.141,754.1667,789.1026,1364.1026,23.1058,248.0769,880.7692,13.4615,909.9359,1671.7949,42.3077,135.8974,11.859,4603.5256,1937.8205,294.5513,1759.9359,2882.6923,1725.641,1185.2564,3675.641,2216.3462,842.3077,265.3846,1817.9487,187.8526,475,396.7949,6.0897,1038.4615,1357.6923,3.2051,245.5128,83.9744,275.9615,19.8718,888.141,513.4615,8064.7436,4180.1154,2610.2564,504.1667,1684.2949,989.4231,2084.2949,1664.1026,151.9231,2984.2949,2020.1923,6526.6026,1193.9103,777.5641,1048.3974,1469.5513,1154.5545,1550,3540.3846,1750.9615,1660.8974,30.4487,6.0897,807.0513,521.7949,1295.1923,4633.0128,172.7564,182.0513,107.0513,1830.1282,396.1506,333.0128,499.0385,12.8205,441.6667,222.4359,1044.8718,324.0385,1756.7308,1601.6026,4260.8974,151.2821,214.1026,2027.8846,89.8397,4947.1154,634.6154,617.9006,1616.6667,2544.2308,3231.0897,10.2564,1752.5641,711.859,187.1795,935.2564,576.6026,5087.1795,16.9872,204.1667,1586.2179,113.141,1223.7179,3321.7949,10188.4615,0.3205,1867.9487,5.9135,2426.9231,683.6538,2214.1026,1188.3397,1063.141,41.0256,241.0256,4455.4487,164.1026,1668.5897,3453.5256,450,1070.8333,67.6282,75,1244.2308,3552.5641,2647.4359,68.2692,309.6154,130.7692,171.1538,10.8974,7549.0385,68.5897,6157.3718,22.1154,5433.6538,25,0,9107.0513,8432.6923,614.7436,255.0192,14.4231,29.1667,638.7821,0,379.1667,1149.6795,2179.1667,571.7949,2989.4231,1888.141,8947.4359,106.7308,472.1154,231.7308,1108.6538,2.5641,0.641,407.0513,758.9744,11.2179,16.0256,3516.9872,11.859,333.0128,0.3365,7527.5641,71.1538,377.9167,236.2179,468.9103,91.3462,905.8686,209.2949
TCGA-EJ-5507-01,0.666666667,2234.4102,4565.74,2.6296,197.9715,915.1014,666.0406,4123.2156,916.9797,924.8685,2876.0331,661.5327,1903.0804,237.0398,2511.2697,220.1352,181.8182,40.571,53.3434,617.2051,2728.024,27042.4493,105.5597,632.2314,1210.3681,1794.8911,12656.6191,1024.0421,433.5086,681.0556,2756.9497,6285.4996,161.157,293.0128,297.145,199.0984,12.7724,0.7513,111.1946,593.9144,31918.4823,12.7724,526.296,15883.9219,3851.2397,1749.4365,246.0556,133.734,2326.4463,1398.5725,69.8723,1956.5552,807.2878,1691.6304,568.7453,1201.3524,1139.7446,493.9895,980.8415,36.8144,1279.8648,1431.6304,1136.3636,1707.7385,946.281,2336.589,567.6183,5370.3982,6904.583,1405.3343,14.275,2192.7122,335.4808,1987.6033,2841.4726,6276.4838,147.2577,518.0316,712.6221,3086.0255,1252.4418,1575.1315,521.7881,2640.4959,6216.7543,1261.4576,1382.4192,3305.4095,1389.5567,1016.9046,29.6769,2691.9609,5024.4177,845.9805,750.5635,732.1563,994.7408,688.2044,1448.9106,1278.3621,38.3171,2498.873,1197.2201,171.6754,459.8047,1422.2389,57.0999,45.0789,36509.3914,799.0233,1029.3013,3704.0609,538.6927,634.4853,54.4703,19.9098,17.6559,20.2855,1531.5552,2099.1736,579.6394,962.8099,185.1991,143.5011,394.4403,42.4493,1684.8234,625.8452,133.734,7248.3095,149.8873,7908.7153,218.6326,851.2397,86.5778,237.7911,742.299,12.021,399.6995,1640.1202,1533.0579,465.4395,27.7986,5155.5222,940.6461,533.0579,1793.7641,1978.5875,1900.0751,604.8084,4116.0781,1751.3148,594.6657,395.9429,2412.4718,135.9316,1045.4545,866.266,2.6296,1300.5259,699.0984,0.7513,79.6394,34.1848,284.7483,13.5237,1208.4899,916.9797,4039.8197,5652.8813,2895.5672,485.725,1670.9241,1216.3787,2256.1983,1843.7265,797.145,1690.4583,796.7693,7043.2006,473.704,244.1773,537.9414,1274.2299,1525.7175,1872.2765,4166.7919,1444.4027,1328.3246,137.8663,23.2908,518.4072,592.7874,1861.0068,2980.8415,128.0992,354.9962,141.2472,1862.5094,400.0751,399.3238,736.6642,28.1743,378.6627,263.7115,1457.1751,762.2089,1856.1232,293.7641,1689.3313,101.4275,188.2044,208.4899,110.2817,6175.0563,542.0736,674.6544,1141.9985,1749.4365,1308.4147,12.021,1572.5019,957.5507,217.5056,763.3358,468.4448,6311.0443,36.8144,136.3636,1510.8941,57.0999,798.6476,1507.1375,1824.9437,2.6296,996.9947,0.3944,2771.2246,588.6551,2342.5995,750.9992,757.3253,8.2645,94.6657,4094.29,123.2156,1982.7198,8668.6702,375.2817,1131.4801,72.8775,188.58,1962.0586,5147.2577,1728.3997,125.8452,264.8385,137.4906,69.4966,55.973,356.8745,206.2359,750.9391,32.3065,3463.5612,10.1427,2.2539,15386.9271,8098.7979,516.5289,377.0849,44.3276,62.7348,481.9684,0.3757,376.4087,1134.1097,3737.7911,637.8663,1611.9459,1995.4921,6297.8963,108.9406,350.1127,2.6296,1088.2795,4.1322,1.127,551.4651,688.9557,17.6559,27.0473,8877.5357,217.8813,187.8287,0,7154.3952,94.29,304.2825,412.0962,560.1052,92.4117,906.837,108.565
TCGA-EJ-5508-01,1.033333333,2518.5373,4298.6287,2.5394,205.6882,1265.6171,1460.6399,3815.6425,1503.3012,1584.0528,3955.3073,564.7537,1531.2341,1013.7125,2136.1097,330.1168,174.3931,46.7242,92.4327,798.8827,2124.4286,20761.3002,13.7125,453.5297,1294.5658,3342.8136,11177.2016,907.0594,522.0924,2020.3098,3669.8832,4191.9756,109.1925,342.3057,1147.2829,422.0416,25.3936,48.2478,352.4632,673.4383,15345.8608,211.7826,336.2113,8686.643,2256.4754,3475.3682,370.7466,187.9126,2244.7943,974.6064,335.7034,3143.6211,1158.4561,1593.6414,1233.6211,1563.7379,768.4104,1215.8456,805.9929,34.5353,790.7567,1390.0457,931.4373,3070.0863,1078.7202,2133.5703,1068.5627,7069.0706,10790.7567,1334.6877,17.7755,2573.8954,501.869,564.2458,2929.9137,5690.1981,458.1006,924.8349,2459.6242,3452.514,1864.3982,333.6719,1467.7501,2268.1564,7050.7872,2062.9761,3810.5485,3273.2351,1299.1366,1000,39.614,2024.3779,4429.1519,720.1625,964.449,1309.2941,1654.1392,915.1854,1035.0432,1239.7156,40.1219,2341.29,980.7009,87.354,916.709,1423.5653,34.0274,80.2438,23438.8014,403.7583,1054.3423,4815.1244,851.1935,885.7288,12.1889,14.7283,70.5942,65.0076,1848.6541,1756.7293,1148.8065,1474.3525,127.9837,86.3382,852.7171,93.9563,1754.1899,1194.0071,300.1524,6592.6866,49.2636,4859.8273,397.6638,1131.031,27.8365,277.2981,1269.1722,26.9172,650.5841,2054.8502,75.1651,345.353,33.0117,10975.6221,2062.9761,1107.161,1498.7303,2947.1813,1699.3398,1141.6963,3819.1976,2152.8695,747.0797,320.9751,2980.193,107.999,3425.0889,863.8903,2.0315,1087.354,1328.0853,3.5551,285.9319,34.5353,256.4754,32.5038,1401.7268,363.6364,7747.0797,4398.6694,2074.6572,513.4586,1594.2103,1043.1691,2017.7755,1512.9507,87.8619,2564.7537,2126.4601,6748.6034,1045.2006,498.2224,773.997,2128.4916,875.8964,1736.9223,4193.4992,1992.8898,1336.7191,65.5155,27.4251,810.0559,364.6521,1266.6328,3755.7136,178.7709,96.4957,90.4012,1744.0325,472.8288,281.869,1027.4251,23.87,463.6872,294.0579,1093.4485,1724.7334,1899.4413,568.3088,7739.4617,127.4759,260.5383,1487.0493,83.4891,6782.6308,687.1508,705.9116,1859.8273,2753.1742,2561.7064,20.3149,1457.0848,771.4576,241.2392,619.6039,74.6572,4977.6536,24.8857,48.7557,1324.0223,120.3657,1445.4038,3394.6166,7148.8065,1.0157,1672.9304,3.1234,2569.3245,788.2174,1925.8507,1252.7374,2122.3972,26.9172,221.9401,4376.3332,222.9558,1903.5043,4592.6866,908.583,1669.8832,31.4881,266.1249,1770.9497,4027.933,2081.7674,63.9919,297.1051,115.7948,151.5998,17.2676,6136.6176,429.1519,3830.8786,38.0904,7742.001,54.3423,0.5079,21698.324,8332.6562,596.2417,295.094,24.3779,91.9248,785.1701,0,378.8725,1902.4886,3300.6602,466.7344,2245.8101,1689.1823,5805.485,148.8065,483.4942,0.5079,818.6897,1.0157,3.0472,673.9462,742.5089,27.4251,56.3738,1448.9589,1115.2869,151.8537,0,4466.7344,17.7755,333.2504,268.1564,220.9243,291.4068,1911.6252,183.3418
TCGA-EJ-5512-01,0.5,2252.1246,4440.2266,0.5666,203.966,841.9263,538.8102,2500.8499,1174.5042,934.2776,2728.0453,616.4306,1401.6997,751.8414,1282.153,159.2068,86.7875,10.1983,31.728,406.7989,1857.7904,15726.9122,52.1246,945.6091,972.238,2092.9178,9032.8385,1159.7734,380.17,909.9093,2131.4448,5994.3343,72.5212,326.3456,1336.5439,231.728,7.3654,14.1643,209.6317,675.9207,15049.8584,16.9972,428.8952,8933.711,2484.4193,2567.7054,312.7479,81.5864,1831.728,677.6204,91.2181,1489.0255,828.3286,1523.9377,632.8612,1146.1756,792.068,649.2918,600.5666,41.9263,562.6062,1097.4504,920.1133,1917.847,1107.6487,2133.711,477.0538,4779.6034,13422.6629,1033.9943,5.0992,1742.2096,285.5977,368.8385,2179.0368,7645.8924,128.6119,539.3768,2455.5241,2664.5892,1041.9263,2899.7167,1878.187,1864.5892,4767.1388,1853.2578,3992.1246,3048.1586,1529.1785,1347.3088,27.762,2437.9603,3010.7649,807.932,607.3654,551.2748,1675.3541,707.0822,1171.6714,707.6487,44.1926,2443.0595,537.6771,49.8584,747.3088,977.9037,14.7309,13.5977,22217.5637,498.017,772.238,4245.4618,1206.7989,860.6232,11.3314,9.6317,38.5269,20.3966,1069.6884,2144.4759,2563.7394,1590.3683,167.7054,90.6516,230.0283,21.5297,1541.6431,388.102,289.5184,7241.9263,81.5864,3915.0142,166.5722,1115.5807,6.2833,214.1643,1670.8215,49.8584,654.1813,1270.255,52.1246,93.4844,13.5977,5997.1671,1463.4561,322.9462,1908.7819,1883.8527,2157.5071,1158.0737,3437.9603,1624.3626,576.204,364.8725,1677.6204,221.5694,1615.2975,482.153,1.1331,726.3456,1007.3654,6.2323,535.9773,39.0935,233.4278,10.7649,940.5099,447.5921,5286.119,3575.0538,2414.1643,503.1161,1686.6856,1088.3853,1905.949,1694.6176,64.0227,1478.187,1606.2323,5219.83,1040.7932,188.6686,620.3966,1163.7394,1070.5099,1407.932,2551.2748,1602.8329,1589.2351,36.2606,9.0652,726.9122,335.4108,1136.5439,2987.5354,163.7394,98.017,110.4816,1725.779,404.5326,299.1501,993.2011,25.4958,317.847,279.3201,1154.1076,470.255,1384.136,847.0255,3784.136,87.2521,132.5779,1481.5864,39.6997,5288.9518,445.8924,449.3144,1339.9433,2296.3173,2286.119,2.8329,1405.0992,729.745,205.6657,587.5354,59.4901,5380.7365,20.9632,78.187,1540.5099,41.3598,943.9093,3153.5411,7030.5949,1.1331,1363.1728,5.9207,3704.2493,755.2408,1397.7337,969.6997,1236.2606,10.7649,159.2068,4069.1218,261.1898,1389.2351,3638.5269,371.6714,2031.1615,26.0623,310.4816,538.8102,3648.1586,1783.0028,80.4533,432.8612,88.9518,142.2096,4.5326,3930.8782,106.5156,3294.051,19.2635,5220.9632,13.0312,0.5666,10236.8272,7403.966,423.796,330.085,8.4986,19.83,765.4391,0,349.0085,1076.4873,2206.7989,575.6374,2073.0878,1900.8499,5173.9377,64.0227,488.3853,7.3654,895.1841,0.5666,0.5666,276.4873,507.0822,7.3654,167.7054,3081.0198,99.7167,184.136,0.6742,4494.051,38.5269,277.0538,236.8272,312.1813,143.9093,1516.1473,141.0765
TCGA-EJ-5516-01,0.933333333,1990.8442,3838.1774,1.7034,202.2783,1240.4982,1253.6996,3564.3564,1008.4105,1331.2041,3784.5204,395.1879,1102.0973,810.3907,2526.5623,290.8549,146.9179,35.7713,55.7862,712.8713,2360.9071,19687.4268,25.1251,434.366,900.6707,2380.922,11118.4712,819.3335,329.1813,1599.0546,3394.0168,4275.0985,86.4474,255.5094,1060.3641,233.3653,15.7564,41.3074,267.859,603.0022,20760.9922,12.7755,298.946,20737.5705,2433.3014,3388.0549,453.1034,106.4623,1843.9263,1298.8396,335.1432,2064.959,1163.8454,2202.9511,871.713,1417.2256,709.0386,967.529,900.2449,32.3645,777.1745,1718.7267,871.2871,2594.6982,825.2954,2378.682,950.495,7278.6117,9611.8386,1332.9075,7.6653,2225.0612,1045.1911,726.0726,2314.9154,5529.2239,559.1398,890.8762,1553.9231,3371.021,1601.1924,192.9096,743.9583,2681.5714,5921.4309,2092.1963,2986.5985,2362.6105,1105.0782,881.0817,23.4217,2167.5716,4940.2747,574.8962,849.9947,1336.3143,1202.5977,609.39,954.7535,862.7701,28.9577,1943.1492,1254.1254,93.6868,883.2109,1535.1858,26.4026,72.8202,25911.2105,624.7205,1363.5686,5249.5177,835.09,873.8422,14.4789,22.9958,6.3877,43.8625,1821.3563,1514.745,602.1505,1542.8511,148.1955,103.4813,927.4992,53.2311,1619.9297,907.4843,376.4505,4293.8358,57.0638,8524.646,588.9492,1132.3326,12.9373,227.4034,1436.3888,16.6081,530.1821,1973.3844,129.4581,522.9426,21.2925,4985.4147,1919.7275,1829.8733,1541.5735,2452.0388,1277.973,1228.5745,4134.1424,2584.9037,473.1183,528.0528,2142.4465,75.6138,2152.6669,791.6534,2.1292,902.3741,1318.4286,2.9809,332.5881,38.3264,257.6387,40.4557,2636.8572,1023.3152,8292.5583,4805.6979,2281.2733,437.7728,1611.4128,1002.0228,2186.7348,1931.6512,116.2568,1982.3273,1362.2911,6518.8971,929.6284,461.1945,1369.9564,3144.4693,1091.5703,1460.2363,4559.1398,1784.3075,1367.4013,80.4855,15.7564,1081.6566,356.4356,1020.7601,3775.5776,200.149,315.5541,68.9875,1662.9405,252.1026,292.5583,2269.7754,14.4789,552.752,691.153,1185.5637,3560.5238,1813.691,946.6624,6043.2237,62.5998,156.7124,1337.5918,71.4149,7410.6249,678.3775,991.0657,2068.7746,2773.9806,2079.8467,9.3687,1785.585,674.5449,119.2377,651.549,111.9983,5039.9233,23.4217,41.3074,1200.0426,107.314,1371.2339,3243.6921,6199.9361,0,1374.6407,2.9809,2256.9999,1918.4499,2122.8574,898.056,2242.9469,13.2013,232.9394,2969.0195,170.3396,1955.0729,4770.3609,899.3932,1375.9182,21.2925,91.5575,2377.0893,3803.6836,1753.2205,86.8732,290.8549,143.937,92.8351,13.6272,7053.3376,512.7222,11602.6828,25.5509,6270.6271,34.9196,1.2775,23408.0698,8321.0902,576.1737,267.0372,78.3562,74.5236,755.4562,0.4258,478.6543,1784.3075,3539.2313,332.1622,1597.3597,1519.4294,5565.4211,173.3206,486.3196,5.1102,864.8994,2.5551,0.4258,1626.3175,637.0702,23.8475,30.2353,2351.1125,226.5517,198.4457,0.477,5014.3724,21.7183,264.8781,221.8673,219.7381,108.1657,2753.9657,181.8375
TCGA-EJ-5521-01,1.066666667,2140.0812,6404.2923,2.0302,122.6798,506.3805,422.2738,2622.3898,870.9397,441.4153,1390.6613,866.0093,1864.5592,324.826,1500.58,147.6218,111.949,11.891,43.2135,268.8515,1276.6821,21549.884,69.3155,1168.2135,1219.2575,1665.3132,7715.7744,1021.7517,479.1183,529.8608,1797.8538,6043.5035,88.7471,172.8538,557.4246,511.0209,2.3202,49.0139,306.2645,570.7657,33267.6914,16.8213,783.3527,20404.8724,9320.7657,2174.884,126.4501,91.3573,1911.2529,957.3666,72.7958,1188.7703,792.0534,1648.1294,458.5267,1132.5406,1025.232,420.2436,810.6148,28.4223,473.6079,1060.0348,1009.2807,944.6056,1165.8933,1629.6404,1024.942,4064.6752,8830.6265,895.3016,11.891,1281.9026,263.7732,267.1114,1263.051,11179.2343,65.8353,672.2738,631.9606,1931.5545,768.8515,906.6125,1421.4037,1543.2135,4000.58,1383.4107,1882.2506,2850.058,1736.6589,1221.8677,31.0325,1896.7517,2050.464,986.6589,300.464,418.7935,1173.7239,556.2645,1681.5545,341.3573,11.6009,3160.0928,610.7889,73.9559,509.5708,1593.6775,14.7912,39.4432,40888.051,468.3875,782.7726,4354.71,533.3527,1126.7401,24.652,4.6404,76.8561,41.7633,1175.174,2427.7842,364.2691,1304.5244,194.3155,63.8051,550.464,46.6937,1244.4896,237.529,117.7494,5043.2135,37.703,5761.0209,189.3852,1231.7285,54.5505,167.9234,1096.8677,26.6821,583.9762,1605.8585,82.3666,247.0998,14.5012,3469.2575,1146.1717,444.8956,2232.0186,1079.7564,2452.7262,658.0626,3216.9374,1355.8585,223.3179,232.0186,1670.8237,97.7001,1468.9675,682.4246,5.2204,512.181,709.3968,5.2204,162.703,18.2715,155.4524,7.5406,1124.42,791.4733,5138.6311,3321.3457,2917.3434,757.5406,2593.9675,1566.7053,2641.8213,1574.2459,82.9466,1337.877,2335.8469,7498.8399,758.7007,315.5452,993.9095,1143.2715,2684.214,2086.4269,2165.8933,693.1555,2384.2807,55.6845,23.7819,672.8538,375.58,2127.0302,3076.2761,115.1392,169.6636,131.3805,1368.9095,335.8469,248.8399,540.3132,17.4014,218.0974,217.8074,1745.9397,548.1439,1412.413,1522.9118,3586.4269,116.5893,47.5638,607.8886,47.9872,4938.5151,297.2738,419.2256,1079.1763,1742.7494,1664.7332,14.7912,1102.3782,763.051,269.7216,535.0928,87.297,6559.7448,46.1137,97.4478,1667.6334,23.4919,451.8561,2625.8701,1921.4037,2.9002,1155.7425,1.1601,3797.8538,1261.0209,1621.8097,596.9548,430.9745,25.522,137.471,4956.4965,157.1926,1118.3295,5950.6961,815.5452,712.007,30.1624,117.1694,1460.2668,4681.5545,996.8097,84.1067,258.7007,115.7193,82.0766,23.2019,303.6543,125.29,2268.5615,9.2807,4019.7216,26.3921,2.3202,17913.5731,9696.0557,291.1833,214.7187,27.8422,27.8422,445.7657,0,412.703,697.5058,1644.7216,939.6752,1779.2923,3479.6984,10469.5476,178.9443,292.6334,2.9002,722.1578,4.0603,3.4803,683.0046,512.181,19.1415,36.8329,4272.0418,140.0812,418.2135,0.7222,8731.7285,18.5615,283.9327,236.0789,268.2715,145.5916,748.8341,167.3434
TCGA-EJ-5522-01,0.433333333,2809.738,4665.7846,1.3231,234.9828,1285.2607,1167.24,4019.8465,1315.9566,1732.9981,4067.7428,611.8021,1548.0286,593.5433,2949.1929,315.1627,154.2736,48.1609,95.2633,798.0947,2370.9976,23080.9738,77.0045,465.9963,1468.3779,2622.3869,10526.0095,991.0029,629.7962,1665.7767,3592.2202,5226.2503,167.7693,338.4493,775.3374,362.5298,22.4927,10.5848,231.8074,720.2964,16715.004,12.7018,371.7915,13597.2479,3431.0664,2792.5377,414.1307,197.936,2229.955,1080.4446,220.9579,2696.8854,970.6272,1921.6433,945.4882,1413.8661,759.4602,630.3255,912.1461,29.1082,875.0992,1240.2752,1052.6594,2651.2305,1033.6068,2288.9759,1001.8523,7497.2215,8866.1021,1513.6279,23.5512,2647.5258,872.4345,561.5242,2483.4612,5849.6957,200.5822,1278.3805,1136.5441,3603.3342,1778.5128,309.0765,931.4634,3102.6727,7125.1654,2156.9198,3558.9098,3336.3324,1280.4975,1031.4898,22.4927,1904.4721,3853.1358,824.2921,1039.9577,785.1283,1055.3056,913.2046,1052.6594,1496.163,34.4006,2161.683,1165.3877,98.4387,515.2157,1520.2435,29.6375,59.0103,25887.801,617.6237,1264.8849,4264.6309,751.5216,517.3326,19.0527,19.5819,53.4533,33.0775,1924.3186,1885.4194,2113.5221,1188.4096,120.6668,86.2662,614.7129,59.8042,1868.4837,617.8883,297.6978,7318.0736,48.1609,7782.2175,425.774,839.3755,57.5893,245.0384,1265.4141,22.4927,724.5303,2012.1725,123.5777,421.8047,50.2779,6415.1892,2065.3612,466.2609,1585.0754,2792.5377,1735.6444,1411.2199,4365.176,2478.9627,773.485,427.6264,3468.9071,81.9344,2075.4168,651.4951,4.7632,1222.281,1342.4186,6.3509,256.1524,40.4869,266.7372,30.1667,1625.8269,739.0844,7358.2958,4658.1027,2867.1606,558.3488,1826.1445,1031.7544,1990.2091,1550.1455,77.0045,2534.2683,1577.666,7059.0103,1200.8468,322.5721,584.5462,1524.742,1165.041,1861.8682,3740.6721,2172.797,1334.7446,76.4753,12.7018,670.2831,537.7084,1422.8632,2709.9762,215.9301,181.0003,83.0908,1866.6314,600.4234,337.1262,1787.5099,64.832,459.91,396.1365,1283.4083,513.3633,2335.0093,879.3332,6808.9442,103.4665,227.3088,899.1797,99.4178,6229.1612,715.004,528.0947,1824.8214,1519.4496,3149.2458,11.6433,1752.3154,864.779,204.0222,657.5814,104.7896,5242.6568,25.9328,61.1273,1347.1818,109.8174,1273.3527,3369.9391,6241.5983,0.2646,1387.1395,4.1254,2637.2056,1089.4417,2155.8613,1374.5435,871.6592,11.9079,199.5237,3912.6753,174.6494,2001.3231,4408.5737,525.0066,1526.0651,36.5176,179.9418,1956.8669,3994.9722,2521.5666,46.5732,372.5853,142.1011,136.5441,27.2559,306.4303,137.6025,1489.5475,32.2837,3789.8915,34.136,0.7939,17376.0254,8713.6809,676.3694,334.5832,60.598,75.1522,835.9354,0.7939,405.6629,1124.6361,4264.091,413.8661,2394.0196,2376.5546,6259.5925,137.6025,509.394,4.4985,846.2556,1.8523,4.7632,468.9071,692.2466,18.2588,20.3758,2263.5618,174.6494,162.7415,0,5312.7812,35.1945,301.4025,274.6758,294.787,119.6084,788.2932,183.6465
TCGA-EJ-5524-01,0.766666667,2645.3933,4098.4967,1.8445,186.2953,1220.6954,1082.3573,4026.192,1219.5887,1715.3924,4177.8106,528.636,1465.646,656.2759,3761.3207,313.1975,119.893,64.1889,95.1766,736.3276,2436.9639,17343.9085,13.2805,375.5418,1282.6708,2683.7591,10057.3273,968.3667,530.4805,1421.3557,4040.5792,2847.1825,157.8899,318.3621,625.6571,328.3224,42.4237,53.8596,174.8594,732.6386,19965.3233,13.2805,410.5875,8573.2731,2782.2558,3226.7823,416.4899,144.9783,2185.0042,1218.1131,257.1244,3007.0682,1924.9285,1831.803,840.7267,1671.862,785.3915,712.7179,808.2634,21.0274,782.8092,1620.9536,946.6015,2065.8489,1098.589,2561.933,817.4859,7153.7397,12431.246,1425.8047,25.8231,2665.6829,945.7604,649.6357,2397.1226,5467.1216,232.408,1448.3077,1093.7932,3621.1381,1815.3648,142.396,997.141,2874.4812,7471.364,1377.8475,2010.0673,3492.3914,1348.7042,897.9065,35.7835,1906.8523,5106.7048,788.7116,1000.4611,582.4956,1104.1225,863.2297,1252.052,1263.488,19.5518,2350.641,1080.5128,139.8137,431.6149,1861.8464,35.7835,83.3718,21550.1245,494.697,1227.3356,4888.577,1067.6012,847.7359,21.3963,16.2317,48.3261,33.2011,1514.341,1709.1211,504.6574,1968.4589,174.4905,39.4725,1037.7202,73.4114,1739.371,987.5496,461.127,4280.7341,80.7894,8888.315,619.0169,1010.0526,39.2733,228.719,1701.7431,23.9786,738.541,1977.6815,783.1781,364.8437,54.9663,2866.7343,1879.9225,768.0531,1598.0817,3093.9777,1569.6763,1479.6643,4296.228,2110.486,705.3399,499.1239,2346.583,91.9045,1637.9231,348.612,3.3201,1297.4269,1443.5119,4.7957,310.6151,28.4054,162.6856,30.9877,2985.8895,1122.9365,8139.0759,4996.3995,2298.2569,415.0143,1830.4897,1235.0825,1983.9528,1641.6121,45.7438,2578.6222,1342.8018,5338.7439,672.8765,361.5236,772.8488,2271.3271,1163.6632,1913.8615,4443.0508,2633.5885,1296.6891,61.6066,18.0762,1244.3051,519.0445,1514.341,2886.655,219.4964,261.1823,84.4785,1813.5202,598.7273,335.7005,2584.5246,69.3535,403.5783,425.3435,1382.6432,1039.5647,2376.0952,642.9955,6021.9496,50.5395,139.4448,2273.5405,78.4395,6045.1904,668.0808,796.3885,1698.4229,1462.6948,2632.8507,26.5609,1636.8164,715.6691,176.335,687.6326,42.4237,4706.0777,46.1127,65.2956,1340.2195,119.893,1108.5493,2563.4972,6418.8878,1.8445,1341.3262,2.9512,2312.6441,823.3884,2421.839,1119.336,1138.0614,26.192,214.3318,4069.3535,209.905,2122.6598,5537.9508,627.1327,922.254,18.0762,146.4539,2626.9483,4064.9267,1733.8375,68.9846,289.9567,102.5546,147.9295,26.9298,989.763,264.5024,3896.7076,29.5121,2930.9232,26.9298,1.8445,18194.5956,9154.662,748.8702,335.9845,99.6034,105.5059,621.2303,0,571.4286,1784.0081,4462.2337,421.6545,1799.502,2038.1813,6988.4718,143.8716,466.6605,0.7378,827.4463,0.7378,1.8445,887.9461,527.1604,19.9207,47.5883,2528.8204,58.6554,325.3712,0,5016.6928,257.8622,258.6,294.3835,178.9173,142.396,1081.981,128.0089
TCGA-EJ-5525-01,1.466666667,3104.8336,4031.3873,2.511,318.2674,1209.0395,2177.6522,3955.43,1849.3409,998.1168,4157.5643,884.4947,1703.7037,180.1632,2049.592,279.3471,345.0094,56.4972,39.548,694.9153,1529.818,9500.9416,33.2706,561.2053,883.2392,3197.7401,9971.7326,854.9906,1122.4105,916.4721,4161.3308,629.6296,315.7564,399.2467,26.3653,401.7577,7.533,35.1538,35.1538,398.619,17500.9416,88.5122,310.1067,8936.5976,4551.1613,2537.3509,268.0477,114.2498,2474.5763,1085.3735,153.1701,2733.3898,1146.2649,1678.054,573.7602,1552.4168,1117.3886,455.7439,613.936,13.8104,1050.2197,1601.381,826.742,1979.2844,1077.2128,2224.7332,797.8657,10921.5317,18897.6773,722.5361,8.1607,2227.2442,1797.6648,621.4689,1933.4589,5715.0031,439.4225,671.0609,2909.6045,3370.9981,995.6058,23.8544,2057.7527,2516.0075,8731.3245,1493.4087,1800.3766,2266.1645,1489.6422,1986.8173,15.0659,1495.9196,4156.9366,482.737,1011.9272,481.4815,304.457,861.8958,1057.7527,1445.0722,5.022,2682.3603,984.3063,102.3227,755.1789,1276.8362,44.57,57.1249,14015.0659,555.5556,680.4771,2231.0107,535.4677,896.4218,15.6937,4.3942,37.037,28.2486,1467.6711,2191.4626,401.7577,770.8726,141.8707,129.3158,523.5405,40.8035,1465.7878,907.0935,390.4583,3335.2166,118.6441,5588.1984,858.1293,880.7282,60.0942,301.946,1642.8123,32.0151,806.6541,2284.9969,219.0835,114.8776,15.6937,6654.7395,1979.2844,908.349,779.0333,2290.0188,846.2021,673.5719,3972.3792,1608.2863,769.6171,396.7357,2130.5712,41.7451,8142.4984,135.5932,2.511,1827.9975,752.6679,0.6277,107.9724,3.7665,280.6026,10.6717,3535.4677,346.516,4748.2737,10848.688,2158.8198,461.3936,2169.4915,1259.887,1098.5562,1696.7985,11.9272,2459.5104,2403.6409,3551.7891,944.1306,305.0847,475.204,2866.29,514.4633,1730.6968,5096.0452,1400.5022,1058.3804,165.0973,67.1689,944.7583,232.8939,1644.0678,3614.5637,126.177,592.5926,143.7539,2093.5342,411.8016,340.8663,1267.42,8.7884,378.5311,342.1218,1232.8939,2383.553,2583.1764,607.6585,14383.553,38.2925,145.6372,1949.1525,23.2706,11321.4062,701.8205,771.6384,2783.4275,1999.3723,2145.0094,7.533,1162.5863,746.3905,277.4639,834.275,151.2869,5191.4626,95.4175,48.3365,1231.6384,64.0301,861.268,3522.285,2624.6077,8.1607,890.7721,0,2133.71,679.2216,2900.1883,812.5612,1295.0408,9.4162,214.0615,3994.3503,223.4777,1802.8876,4767.7338,1560.5775,731.3245,10.0439,360.3264,2796.6102,4214.6893,1504.0804,74.0741,237.2881,191.4626,107.9724,116.7608,1952.2913,340.2385,1003.7665,105.4614,2401.1299,45.1977,1.8832,9205.9008,9706.2147,598.2423,276.0954,207.1563,74.7018,1227.2442,0,929.0647,2406.1519,6998.1168,497.8029,1458.2549,5769.6171,4019.4601,500.9416,486.5035,1.8832,704.3315,4.3942,1.8832,526.0515,918.393,27.6208,8.7884,1013.8104,11.2994,207.7841,0,2150.6591,6.9052,298.2737,298.8073,114.2498,124.9215,838.0414,155.0534
TCGA-EJ-5526-01,0.733333333,2624.2145,3899.1202,1.6757,194.3863,1329.8701,1170.6745,3862.9242,1279.5978,2262.589,3862.2539,505.0691,1350.6494,1255.132,2467.3649,338.5002,196.4072,63.008,79.4302,628.739,1955.2576,15838.4583,18.098,423.628,1313.4478,3209.3842,10017.5618,973.2719,491.328,1826.212,3695.685,5237.3691,120.3184,369.669,1128.4457,165.5635,18.4332,0.6703,310.3477,616.3385,16066.6946,19.1035,323.4185,8614.3276,2372.5178,3582.7398,344.1977,102.5555,2309.845,1115.3749,258.3997,3618.9426,2232.4256,1597.4462,920.3184,1462.589,671.638,1261.8349,713.5316,26.1416,706.4935,1396.8999,781.902,2992.8781,570.088,2497.793,613.3222,5801.7595,9054.3779,896.858,10.3896,2377.545,836.0687,615.6682,2593.716,5154.2522,505.4043,1242.0612,2493.5065,4343.1923,1617.4277,144.7842,1497.1093,3197.654,8448.429,1942.522,4058.8823,2786.0913,1278.5924,853.6238,21.4495,2417.7629,4760.4525,727.6079,849.602,1050.6912,958.1902,1114.0344,1014.16,1265.8567,34.8555,2312.5262,1049.6858,112.2748,1269.5434,1753.163,49.9372,74.7382,19156.0955,483.2845,1028.5714,3638.341,887.1387,809.3842,16.7574,19.4386,60.6619,22.7901,1893.2551,2097.0256,1054.713,2048.429,162.5471,65.354,979.3046,74.0679,2011.8978,1551.0683,389.1077,8705.4881,89.1496,8149.4763,718.894,1098.6175,52.31,262.7566,1319.4805,13.7411,613.8953,1940.5111,147.1303,206.4516,38.207,8024.4659,2786.0276,661.2484,1506.1584,3316.6318,1312.4424,875.0733,3852.1994,2302.4717,879.7654,508.0855,2589.0239,124.9937,1705.5718,367.9933,2.346,988.3536,1492.0821,9.049,373.0205,43.5693,262.0863,22.455,2418.4332,1455.5509,8072.7273,6519.9799,2537.0758,546.9627,1523.5861,1023.5442,1936.1542,1588.6049,77.4194,3096.7742,1516.548,6121.8266,816.4223,435.023,840.8881,1911.6883,1098.8856,1539.0029,4847.9263,2402.6812,1336.5731,63.3431,22.1198,1142.8571,323.0834,995.0566,4883.1169,132.7189,190.3645,132.7189,1724.3402,447.0884,347.8844,2017.5953,71.0515,417.9305,487.3062,1020.1927,938.4164,2057.8132,626.7281,5965.3121,81.4411,195.0566,2043.0666,62.4248,7265.354,769.1663,542.1165,2059.4889,2973.4395,3703.0582,15.752,1353.6657,613.6573,212.4843,586.1751,66.3594,5058.7348,40.2178,51.9481,1420.3603,96.5228,1457.2266,2644.6586,9156.2631,0.3351,2050.4399,3.0163,2832.677,549.6439,2205.9489,1174.5186,2365.1445,27.8173,277.168,3689.9874,213.1546,2019.9413,6253.54,702.8069,869.7109,30.8337,334.8136,1762.8823,3988.2698,2099.3716,49.9372,309.3423,154.1684,161.5417,38.207,4477.2518,225.8902,3621.6171,28.8228,6201.2568,26.1416,1.0054,13054.713,8240.6368,660.243,369.297,52.2832,93.5065,825.1362,0,421.9522,2078.9275,4774.1935,423.9631,2541.4328,1357.3523,7749.9791,102.8907,397.1512,1.3406,907.5827,1.6757,6.703,600.5865,565.3959,37.8718,105.2367,3576.0369,188.0184,150.1466,0.3653,4524.1726,98.8689,361.9606,313.0289,244.9937,141.7679,1637.7612,349.225
TCGA-EJ-5527-01,3.333333333,2405.583,3839.2845,1.6261,245.2741,1362.1519,1393.3193,3852.2935,1321.4987,1495.2233,3928.9925,557.4903,1367.3013,889.4912,2643.8106,388.9152,156.6583,31.7095,81.5773,740.1585,2256.2504,14253.8112,37.943,467.5113,1367.3013,3434.108,10850.0224,928.2472,455.5864,2000.9242,3993.4955,5420.9635,68.8394,362.0842,1031.5062,557.2193,35.5038,16.8033,259.9092,635.5444,15410.5292,10.8408,306.2538,7562.843,2727.8271,3705.6711,374.2801,143.9122,2148.113,1045.0573,280.2358,3123.6371,1934.2774,1628.5331,1033.1323,1503.8959,801.9514,890.5752,767.2607,30.0833,746.121,1428.8231,972.1526,3359.0352,997.8996,2534.2693,1053.1879,5592.2488,10695.8466,1246.4259,14.0931,2353.0049,1277.5093,790.8395,2925.1304,4972.1526,314.6555,992.7502,2302.595,3281.7942,1353.7503,203.5368,1690.6294,2648.96,6176.8412,2028.3217,3854.7246,3019.7168,893.0144,1035.5715,31.9805,2382.8173,4683.5151,692.4588,897.6218,917.4063,1067.552,841.5204,884.3418,906.0234,42.5503,2126.9734,1347.2457,111.3897,638.5256,1493.0551,39.2981,74.5308,22054.0687,441.2223,993.5632,4264.7713,1977.0987,822.0069,13.8221,19.5135,45.2605,44.9895,2060.8442,1867.8772,819.0257,1844.8404,133.0713,96.7545,1014.1609,75.0728,1588.9965,1501.4567,426.3161,8079.1382,80.7643,5363.778,795.9889,1023.6466,18.3915,238.4985,1401.721,14.3641,937.2939,1766.7864,146.3514,333.6269,46.8866,6572.803,2178.4674,833.6608,1589.5386,2638.3901,1555.3899,1643.2008,3363.1005,2513.1784,576.7328,562.0977,2395.8263,87.2308,3891.5916,301.1044,1.8971,985.9747,1214.7164,2.7102,335.7951,75.0728,231.994,38.214,2818.3481,701.1315,8026.289,6165.1765,2158.6828,671.8612,1840.2331,1079.748,2090.9276,1460.5326,78.3251,2637.035,1447.2525,6788.2648,893.8275,363.7103,771.0549,2087.4043,610.727,1653.4996,4451.5211,2487.4314,1433.9725,57.9985,7.5886,1103.8688,588.6578,1055.8981,4887.052,200.0136,273.4603,66.6712,1647.2661,444.4746,289.1795,1850.8029,15.4482,614.9468,411.41,1147.7742,905.4814,2162.2061,1202.2495,3671.5225,86.4557,226.8446,2426.1806,88.3312,6628.9044,649.9085,861.5326,2086.5912,1547.5303,2944.6439,15.7192,2205.5695,718.7479,139.8469,648.5534,138.2207,4969.7134,17.0743,57.9985,1299.8171,121.4174,1258.6219,3197.5066,5918.5582,0.542,1577.6137,1.6261,2401.7887,1435.8696,2237.0079,1363.5721,1078.6639,27.1021,249.8814,3298.0554,158.2763,2275.4929,3943.0856,819.0257,1164.8486,17.8874,281.5909,2346.2294,4128.193,2348.9396,100.0068,365.0654,134.4265,136.7301,14.3641,1266.7525,259.0961,5114.9807,26.5601,10431.8721,28.4572,1.8971,17617.1827,5851.3449,722.0001,231.8585,79.4092,74.8018,767.2607,0,433.6337,1810.1497,3953.9264,376.1772,2303.4081,2270.3435,4930.4153,134.9685,594.6202,5.4204,1038.5527,2.4392,2.7102,489.4641,649.0955,26.289,94.3153,3290.1958,411.952,243.1059,0.271,4891.6593,32.5225,260.7223,246.9002,221.6952,136.8656,1164.8486,176.7057
TCGA-EJ-5530-01,1,3591.2449,5754.0356,1.368,296.0328,1009.5759,1824.8974,4659.0971,1362.7907,1374.829,3132.1477,812.3119,1937.6197,221.067,3181.1218,304.788,151.3078,24.3502,56.3611,548.5636,1862.6539,22202.736,32.8317,721.2038,1679.3434,3330.7798,9188.4815,982.4897,614.7743,1236.383,4574.2818,5064.0219,100.4104,271.6826,181.1218,748.8372,6.5663,2.736,18.0575,904.5144,17314.6375,18.3311,357.0451,13500.4104,3475.513,2709.7127,241.3133,98.7688,3251.4364,1443.2285,176.197,4079.751,902.8728,2093.2941,679.8906,1669.4938,1047.606,151.5732,773.461,30.643,683.4473,1216.9631,1090.2873,2056.3611,1230.0958,1774.829,1361.1491,6807.1135,9723.6662,824.0766,14.7743,2281.2585,695.3461,454.9932,1871.9562,8183.5841,139.2613,1481.2585,1891.9289,3141.7237,1249.5212,299.5896,1711.3543,2838.3037,6356.4979,1803.0096,2721.7483,4479.0698,1673.5978,1395.3488,21.8878,1856.0876,3229.8222,1076.3338,923.119,418.6047,2124.7606,881.2585,1088.3721,1330.5062,50.6156,2997.5376,962.5171,66.4843,571.5458,1908.8919,23.803,38.3037,30420.2462,350.4788,987.6881,5427.3488,610.6703,788.7825,13.6799,6.0192,35.8413,37.2093,1960.0547,1936.5253,1357.3187,1616.9631,64.8427,88.9193,564.1587,49.2476,1919.015,334.8837,417.2367,7584.6785,37.4829,10284.2681,79.8906,1060.7387,38.9822,228.7278,1684.2681,63.4747,691.1081,1971.2722,315.1847,713.5431,15.5951,11736.5253,1803.0096,861.2859,2017.7839,2986.0465,2207.3871,950.4788,3486.1833,1873.5978,604.9248,264.8427,3247.0588,139.4856,4339.8085,800.2736,1.9152,1241.0397,880.1642,8.4815,263.2011,91.3817,235.0205,17.2367,2003.5568,679.8906,5979.4802,3392.881,2401.0944,476.881,1970.1778,1025.9918,1820.2462,1251.4364,128.0438,2988.7825,2468.3995,6431.1902,1331.3269,280.4378,681.8057,1806.5663,1974.197,2903.6936,3137.6197,1556.7715,1692.7497,50.342,14.5007,579.7538,511.6279,1432.8317,2055.814,161.1491,185.2257,100.9576,1769.0834,921.7483,258.2763,1958.4131,25.7182,421.6142,335.4309,1095.212,1193.4337,2171.5458,1076.881,8827.3598,43.5021,111.3543,625.7182,87.2722,4852.5308,540.0821,680.0848,1497.948,1472.777,2755.4036,8.4815,1120.9302,826.539,284.5417,965.2531,76.3338,4079.3434,18.8782,41.5869,1757.0451,88.9193,995.3488,3478.7962,5300.1368,3.5568,1462.3803,5.7921,3369.357,1290.8345,1729.959,1091.6744,728.3174,27.6334,134.3365,4032.8317,204.104,1276.6074,5783.3105,504.788,1144.4596,23.2558,157.8659,1392.6129,3912.7223,1601.6416,86.4569,286.7305,161.9699,187.2148,20.7934,243.7756,216.1423,1113.8167,19.1518,6394.528,60.4651,1.9152,8933.7893,8566.6211,627.0862,316.933,10.6703,36.9357,705.0616,0.5472,392.0657,980.8482,3843.7756,643.2285,2128.591,2954.8564,6688.9193,327.4966,490.0137,5.7456,739.2613,1.9152,4.3776,1329.1382,921.4774,13.9535,85.0889,1793.4337,28.4542,184.6785,0,5910.8071,104.788,322.0438,292.2025,194.528,24.0766,820.7469,345.2804
TCGA-EJ-5542-01,0.9,2579.3114,4309.3184,0.9326,242.7916,1314.3701,1113.5463,4126.5252,1344.5248,1605.9688,3957.7213,521.9554,1392.71,706.3029,2099.6347,355.0167,154.8146,50.9831,50.6723,760.3948,2416.1032,21249.7117,36.0612,438.6415,706.3029,2708.6345,11230.2324,874.1742,656.8742,1577.9778,3916.6861,4249.9417,148.9081,338.2296,489.0029,221.9632,13.9893,17.4089,142.6906,609.6215,16420.6109,9.0153,375.8452,11876.5835,3716.7949,3420.5331,332.0121,100.7228,2284.2932,1002.8756,202.3782,2813.4794,1319.6549,1478.169,848.6827,1448.3563,689.5158,567.3428,892.8266,36.0612,677.0809,1382.4512,1169.8143,2562.2134,931.064,2661.8637,821.015,6383.4616,9893.8369,1177.2752,24.8698,2746.2501,1163.1678,509.2096,3239.9161,6313.8261,234.7089,948.7837,1203.6994,3182.7155,1969.6899,101.6554,1537.8876,2999.6114,6033.108,2215.5903,2957.0125,3142.9238,1397.0623,1019.041,15.5436,2035.9058,4120.6186,591.9018,1089.2982,718.1161,2102.1217,778.4254,931.9966,1254.3716,59.0658,2226.7817,1239.4498,127.4578,759.7731,1233.854,28.6003,38.5482,25588.5599,643.5066,1189.3992,4007.7532,937.9032,701.9507,21.1393,8.7044,52.5375,30.7764,1953.2136,1864.304,1189.3992,1476.0239,87.977,110.3598,683.6092,33.5743,1723.7895,732.7271,430.5588,6048.6516,36.683,7752.8561,445.7916,1198.7254,38.0943,255.5374,1375.612,13.9893,704.4377,1835.3929,137.7166,515.7379,32.6416,2639.3099,1983.6792,556.1514,1641.4083,2794.1245,1432.8126,1307.22,4419.3674,2696.5105,525.375,506.7226,3009.2485,112.8468,2080.3606,444.5481,1.5544,1035.8281,1097.6918,5.5957,269.8376,31.709,233.4655,21.4502,2370.094,441.4393,6868.4231,4541.2233,2159.3223,467.8635,1901.9196,1065.361,2041.5015,1800.2642,69.3246,2603.5595,1646.6931,7177.4306,656.8742,516.9814,826.6107,1892.2826,1044.0413,1727.52,3384.161,1821.0927,1254.6825,65.5942,18.3415,727.1314,458.2265,1368.1511,3447.5791,183.1041,231.6002,93.8836,1777.8814,411.9033,273.8789,2090.3085,10.8805,521.6445,286.003,1422.5538,552.11,2487.6039,477.5006,3929.4319,71.8116,330.1469,1011.58,64.3818,6329.9915,598.4301,710.2697,1852.8017,2021.2948,2150.6179,12.124,1572.3945,726.5097,105.6967,713.1421,67.4594,6094.3499,29.222,47.5635,1233.854,108.8055,1149.9184,3068.6252,5538.5094,1.8652,1644.517,0.6217,2713.9193,978.0058,2202.5336,1440.2238,1627.7299,33.5743,223.8284,3565.7107,172.5344,2037.771,4333.5665,614.2846,1148.6749,23.0046,339.1622,1883.2673,4194.2955,3104.3755,115.0229,272.6354,129.9448,124.0382,19.8959,3977.928,189.3215,1706.6915,23.6263,4587.8604,27.9785,0.9326,9426.2843,10001.7098,641.0197,292.2328,58.4441,66.2159,733.3489,0.3109,496.4638,1350.7422,4359.6798,328.5925,2743.4522,2791.3266,6985.0004,128.7013,464.7548,3.7305,899.9767,5.9066,3.4196,299.9922,747.0273,13.9893,105.6967,2371.6484,8.3936,136.4731,0,4853.6566,33.2634,255.2265,226.6263,268.2832,116.8882,1492.1893,328.2817
TCGA-EJ-7314-01,0.9,3141.5693,5681.1352,0.3339,197.9967,835.7262,953.9232,3526.2104,1699.4992,878.1302,2244.7412,769.616,1873.4558,466.778,2145.9098,202.6711,111.8531,23.3723,27.379,362.6043,1396.3272,14937.2287,72.788,436.7279,1734.8915,2430.7179,7944.5609,1004.0067,528.2137,1259.4257,2905.8431,2671.1185,103.5058,269.783,869.1152,401.6694,4.6745,38.0634,157.596,868.7813,18593.3222,51.0851,621.0351,12451.7529,3613.0217,2801.3356,173.6227,41.0684,2559.9332,789.9833,56.7613,2834.0801,776.9616,1491.0083,475.793,1706.5109,1169.616,665.4424,780.3005,25.7095,599.6661,1130.217,1189.3155,1846.0768,1148.581,2321.8097,1142.2371,4791.6528,10385.9766,1065.7763,3.005,1667.7796,181.98,358.2638,1730.8848,8986.9783,137.8965,665.4424,634.0568,2216.6945,1196.995,89.4825,1123.2053,2087.4791,4622.7045,1488.1469,2160.4274,4442.404,1974.6244,1340.5676,42.7379,1659.7663,2774.9583,1266.778,534.5576,925.2087,2413.3556,777.2955,1296.4942,852.0868,68.1135,3032.0534,803.005,50.7513,1395.3255,1449.7496,13.6895,12.6878,29987.3122,452.0868,1138.5643,3798.4975,452.7546,1162.9382,13.3556,8.6811,8.0134,11.0184,1430.0501,2529.8831,409.6828,742.2371,47.4124,80.1336,269.1152,14.0234,1462.1035,356.5943,113.1886,2945.576,48.414,1879.4658,118.5309,627.0451,15.9866,216.3606,1287.4791,33.7229,710.8514,1420.0334,48.0801,509.182,8.3472,12813.3556,1472.788,248.0801,2204.3406,2001.6694,2924.5409,1053.4224,2837.7295,1785.3088,432.0534,181.9699,2512.5209,135.576,3244.0735,375.9599,1.3356,931.2187,887.4791,0,176.2938,131.5526,150.2504,8.0134,590.6511,561.2688,4179.6327,3224.3706,2650.7513,632.3873,1767.6127,1113.1886,1656.0935,1333.222,38.3973,1870.1169,2322.2037,6127.5459,948.2471,248.0801,572.9549,1111.1853,2627.1018,2407.6795,2590.3172,1243.4057,1774.9583,72.4541,21.3689,527.8798,405.0083,1804.0067,2101.5025,128.5476,125.8765,89.4825,1821.7028,801.3356,236.394,323.8731,8.3472,280.1336,285.1419,1244.7412,235.3923,1476.7947,1600.6678,5793.99,81.803,158.9316,3063.1052,51.8331,10970.9516,401.6694,636.0601,1043.7396,2233.389,1879.1319,6.6778,1167.2788,892.1536,327.8798,1005.6761,70.1169,6042.7379,21.0351,45.0751,2115.8598,90.818,627.0451,6195.9933,6199.6661,0.6678,1569.616,1.6694,3344.5743,3316.1937,1700.5008,1000.8147,5115.8598,37.7295,178.9649,4279.1319,238.0634,1082.1369,5614.3573,428.0467,1197.9967,21.0351,85.4758,1247.7462,4130.217,1365.9432,51.7529,277.1285,126.8781,124.8748,13.3556,4635.7262,139.2321,8510.8514,27.0451,7733.8898,7.6795,0,7697.8297,8192.9883,474.1235,295.7162,17.3623,15.025,646.7446,0,313.1886,577.9633,5553.9232,699.8331,2134.2237,3499.1653,5796.995,286.4775,364.6077,0,671.7863,2.0033,0.6678,556.9282,532.5543,4.0067,5.6761,1629.7162,49.0818,276.1269,0.6678,7044.7412,8.6811,235.3923,215.025,307.5125,82.4708,2366.9416,436.0601
TCGA-EJ-7315-01,0.433333333,2668.4971,5750.289,0.578,184.9711,552.3121,891.6185,3176.3006,1036.9942,1552.8902,1972.8324,801.1561,1813.8728,451.7341,1792.1965,300.8671,123.9884,21.3873,297.1098,540.1734,1598.8439,20595.3757,130.3468,1131.2139,1427.7457,2248.2659,7786.9769,1383.237,422.2543,907.8035,2701.7341,6915.6069,105.2023,243.0636,217.341,68.7861,24.2775,100,119.6532,740.1734,31222.5434,10.1156,526.3006,9877.4566,4991.0405,3937.5723,228.9017,291.9075,2212.4277,717.9191,95.3757,1791.263,671.9653,1919.552,824.8555,1411.5607,1412.7168,425.4335,851.7341,36.7052,638.4393,1206.3584,1233.237,2124.5665,935.8382,2018.4971,963.5838,6250.289,12308.0925,1286.4162,113.2948,1442.1965,520.7861,466.763,1195.0867,8108.3815,219.9422,507.2254,846.5318,2546.8208,951.7341,2439.3064,1207.8035,2134.9711,4406.0694,1200.8671,1272.7168,2188.4393,1878.6127,1599.1329,83.526,1987.5723,2768.7861,1162.7168,438.7283,630.9249,1186.7052,599.1329,1669.0751,740.1734,22.8324,2499.711,700,56.0694,548.5549,1508.3815,21.0983,156.3584,37874.8555,548.8439,970.5202,2938.4682,1009.8266,1314.7399,19.9422,8.6705,804.0462,397.3988,1567.052,2205.7803,536.1272,1124.5665,218.7861,98.8439,1075.7225,67.052,1471.6763,1627.1676,289.8844,8676.3006,19.6532,4375.4335,451.7341,928.3237,69.7052,207.8035,1588.7283,10.9827,816.763,2036.7052,162.7168,1209.2486,129.1908,4183.526,1430.6358,757.8035,1437.8613,1681.5029,2928.3237,552.6012,3410.9827,1979.7688,402.6012,346.8208,1809.2486,146.5318,1386.1272,637.2832,7.5145,473.1214,1234.6821,2.3121,293.6416,10.1156,229.7688,39.5954,3245.6647,663.8728,5365.6069,4034.104,2469.9422,952.8902,1693.0636,986.4162,1166.763,1542.1965,30.9249,1898.5549,1573.4104,7927.1676,695.0867,511.8497,695.6647,2245.9538,1310.7572,1739.0173,2074.8555,1578.3237,1389.3064,117.052,30.6358,1161.8497,380.6358,1539.5954,3022.2543,184.104,417.052,196.2428,1818.2081,403.1792,327.4566,1318.7861,6.9364,322.5434,214.1618,1223.6994,659.2486,1655.4913,391.6185,1850.8671,129.7688,133.526,416.185,54.4682,5839.8844,375.7225,648.9827,1443.3526,2270.5202,1767.9191,52.3121,1348.5549,761.8497,260.9827,626.8786,158.3815,6416.474,45.9538,43.9306,1568.2081,58.6705,713.2948,3836.9942,1643.6416,2.3121,1563.0058,1.7341,3997.1098,1154.6243,1817.6301,599.9191,547.6879,27.7457,177.7457,4444.5087,215.896,1640.1734,6784.9711,1017.052,718.2081,29.4798,264.1618,2973.9884,4645.6647,1368.7861,39.3064,258.0925,115.896,103.1792,44.7977,308.3815,254.6243,319.6532,6.0694,4067.052,318.4971,7.5145,31981.5029,6002.8902,447.1098,228.5578,117.6301,156.9364,591.0405,0.578,272.2543,1096.2428,3076.8786,878.6127,1876.5896,2751.7341,10066.763,239.0173,482.659,0.289,920.2312,2.8902,8.0925,295.9538,808.0925,38.4393,58.6705,4495.0867,58.3815,683.526,0.289,6790.4624,6.0694,319.6532,208.6705,130.6358,99.1329,889.5665,292.7746
TCGA-EJ-7327-01,0.733333333,3875.5313,5261.6879,1.8215,318.4578,1285.0638,1771.099,5299.3321,1783.8494,1614.4505,3554.3412,680.935,1779.5993,830.9047,3289.6175,360.6557,207.3467,49.4839,91.3783,702.4894,1544.0194,18440.1943,39.1621,587.1281,1347.2981,4359.745,11112.2678,1131.1475,681.2386,2029.1226,4935.0334,5184.8816,145.7195,289.0103,493.0176,353.9769,5.7681,27.9296,218.2757,983.9101,18782.9387,14.5719,393.139,5212.204,3660.595,3560.4129,317.2435,83.7887,2863.9951,1020.9472,217.9721,3996.3297,1054.3412,1329.2077,673.6491,2220.0971,1081.6636,528.2332,765.3309,30.3582,722.2222,1242.2587,1278.9921,2956.8913,713.7219,1731.4329,1039.7693,8967.2131,9366.4238,1074.3777,13.054,2735.2763,1117.6078,564.0559,2519.1257,8258.0449,113.8434,1573.1633,987.5531,3237.0978,1580.7529,409.2289,1961.7486,3127.8081,6578.6278,2068.306,3101.36,4973.8919,1740.4372,1216.7577,25.1973,2144.2016,3860.9593,948.9982,1016.0899,607.4681,2244.9909,831.2083,952.3376,853.6733,113.5398,2774.1348,897.6928,125.3795,599.8786,2285.3673,47.966,58.2878,22366.1202,408.6217,1034.6084,5272.3862,862.7808,881.6029,12.1433,11.2325,7.5896,18.8221,2012.1433,2034.0012,879.4778,1645.4159,157.5592,67.3953,1658.1664,65.5738,2025.5009,479.3564,513.3576,8273.8312,39.7693,7196.4177,656.6485,1032.7869,90.6679,289.0103,2082.5744,22.1615,786.2781,1530.9654,179.1135,777.4742,14.5719,5654.827,2347.6017,499.3928,1990.5889,3487.2495,2131.4511,935.6406,3875.8349,1639.9514,752.884,369.156,2973.2848,142.6321,3352.7626,538.5549,5.1609,1344.2623,1451.1233,6.6788,247.7231,81.9672,228.901,23.3758,3539.4657,759.2593,5411.9611,3847.8901,2445.9624,604.1287,2144.2016,883.728,1561.3236,1355.1913,438.98,3766.2417,2074.6812,5858.5307,1270.1882,463.2665,466.606,1811.1718,1340.5039,2474.8027,2798.1178,1965.088,1634.4869,100.1821,49.1803,1452.6412,721.6151,1729.5082,2283.5458,184.8816,280.2064,111.7183,2045.2338,730.1093,293.5641,1638.1299,19.1257,516.0899,126.2902,1051.0018,457.1949,2044.6266,1324.5294,3842.7444,58.895,251.6697,1448.0874,105.5009,4519.4293,589.5568,850.3582,1663.6308,1552.8233,2430.4797,10.929,1298.4214,812.6897,326.9581,1169.0953,212.8112,4789.6175,46.1445,46.7517,1972.6776,102.3072,993.3212,3163.6308,6617.4863,1.8215,1692.4712,3.643,2963.2665,676.0777,2022.7687,1196.272,733.1512,36.4299,309.6539,3270.1882,244.6873,1723.4366,5296.9035,552.5197,823.6187,44.9302,257.4378,2609.2896,4770.4918,1756.2234,65.2702,241.9551,148.7553,146.9338,56.1627,796.2963,150.5768,2331.5118,37.3406,7135.0941,27.626,1.5179,16369.156,9097.4499,727.6867,249.5021,81.36,53.1269,646.9338,0,299.9393,1063.7523,4499.0893,542.5015,2279.9029,3040.0729,7140.5586,206.7395,478.7492,3.9466,835.4584,0.9107,0.3036,506.9824,1061.02,36.7335,141.7729,2190.0425,4.5537,476.6242,0,6188.221,161.5058,305.7073,289.9211,300.2429,139.6478,749.5446,304.493
TCGA-EJ-7328-01,0.633333333,2843.2422,5255.6778,0.4038,182.4972,674.2707,609.2662,2533.5621,1268.1942,1233.875,2255.7787,653.2755,1728.0711,1201.5746,1535.48,176.4409,100.1312,28.2628,186.131,546.6842,1292.0157,10526.6983,48.4506,523.6701,1738.1649,2957.101,7558.6757,1271.0205,500.6561,1362.2489,2532.7546,4595.1348,86.8073,308.4688,1050.9741,575.7545,13.7277,70.2534,538.6091,721.1063,24310.4875,20.9953,730.3927,4779.247,2987.7864,3065.7111,300.3937,381.9522,2238.821,510.75,226.5065,2043.7024,696.4772,1314.4363,704.1486,1572.6254,1086.1007,909.2561,612.9,26.6478,544.6654,1031.1901,914.9087,1975.5728,893.5096,2303.8215,1063.8942,3537.7006,14545.271,906.8336,23.014,1382.4568,560.6177,343.1917,2429.7971,7545.372,314.9288,715.8575,2070.859,2644.191,1238.3163,116.6852,1158.7766,2208.1357,6388.6141,1562.1278,2712.4982,3322.0955,1672.3529,1338.4476,70.6571,1880.6904,2977.2888,1483.7993,613.3037,974.6644,1577.4705,872.9181,1257.6966,837.3877,15.7464,2478.2477,655.2942,69.4458,1461.9966,1857.6764,11.3051,105.7838,16083.5773,485.3134,1080.8519,3405.2327,1265.3679,1601.6958,19.3802,16.554,145.3518,97.7087,1304.1284,2336.9335,751.7917,1842.3337,188.5535,109.0138,1224.5887,162.7132,1446.6539,1358.2316,248.713,5248.4102,50.8731,5607.3483,532.5527,1272.6355,29.4135,237.4079,1555.264,46.8356,591.0972,1773.2916,142.5255,582.6184,45.2206,5583.9306,1459.1703,1055.8191,1729.6861,2338.1447,2921.1669,864.0355,2543.656,1374.7855,925.81,357.7269,1908.5495,265.7353,2148.3799,442.1116,2.0188,1082.4669,1130.11,8.8826,283.8397,37.953,241.8492,50.0656,2488.3416,669.0219,5170.0818,3786.4096,2007.8732,916.5237,1846.3713,979.9132,1601.6958,1691.7331,91.2486,2202.4831,2271.1214,5822.146,708.5899,399.3136,558.3931,3149.6921,2647.6794,2437.4685,2581.2052,1438.175,1615.4234,51.6806,17.7652,1110.7298,343.9992,1527.4049,3884.9298,127.9903,137.2767,96.4974,1804.3807,547.0879,305.2387,1099.0209,92.0561,228.5253,314.1213,1243.9689,1191.8845,1198.7484,848.2891,3377.0062,185.3235,140.9105,1912.1833,23.8619,6080.9529,524.0739,517.0243,1109.1148,3671.7472,2052.2863,82.7698,887.0496,742.5053,424.7502,821.2375,56.9294,5041.2839,16.9577,46.0281,2007.0657,73.4834,954.8804,2951.8522,5743.4137,7.6713,1531.8462,19.784,2714.4443,861.613,1709.9021,958.0943,1441.4051,27.4553,234.9854,5642.0713,245.8867,1601.292,4733.6227,736.8527,1356.6165,57.3332,227.314,2507.7218,3619.2591,1197.5371,59.7557,289.0885,171.9996,128.6404,18.5727,2528.3133,415.4638,2960.7348,12.9202,4844.6553,119.5115,3.6338,43310.3866,7693.55,400.5249,339.9616,48.0468,131.2203,732.4114,0.8075,282.6284,1585.5456,2212.577,948.8241,1936.0048,1752.7001,5772.0803,169.5771,434.0365,0.8075,984.3545,2.8263,4.0375,803.0685,554.7593,34.7229,132.8354,2560.21,447.3605,557.9893,0,5606.1371,5.2488,397.2948,300.7974,499.0411,339.1541,1289.141,106.1875
TCGA-EJ-7783-01,0.766666667,4194.3999,3786.0685,0.6104,299.9924,1438.3154,2669.7185,5181.3535,1896.3912,1261.0056,3820.8591,961.3184,1944.3046,951.2474,3092.3934,351.2627,216.6781,47.9133,91.5541,848.0964,1516.1364,11547.7226,11.2917,462.9587,1940.6424,4736.0952,9860.6027,1045.5482,670.1762,2131.0536,5358.3581,5164.2634,130.6172,347.6005,1573.2052,696.1166,13.4279,33.5698,542.0005,1053.1777,15045.0904,23.4989,375.9823,8879.53,2856.4889,4122.9877,371.7098,158.999,2742.3514,1174.0291,366.8269,5872.0531,884.7181,1157.0642,1022.6596,2103.9139,974.4411,924.3915,733.3486,28.3818,743.4195,1604.3336,1026.627,2722.8199,1150.8354,2109.3828,1680.9339,9466.392,9816.7391,1080.6439,12.5124,2763.4089,568.4352,615.8541,3073.4722,5879.6063,423.5904,1433.7377,2074.9218,3299.3057,1044.9378,249.3324,1043.1067,3660.6394,7518.4253,1717.8607,2902.3789,4128.7861,1247.2724,1178.3017,46.3874,2118.8678,3938.6587,1036.6979,1260.09,1247.8828,1506.6758,1302.8153,905.1652,1343.0991,12.8176,2877.5463,984.8173,195.3155,996.7193,1887.8462,34.1802,51.2703,15436.9421,386.6636,624.7044,5456.3577,797.7417,896.3149,21.3626,18.0056,67.1397,65.0034,1911.9554,1816.1288,789.807,1510.6432,162.9664,83.6194,723.5828,131.2276,1564.0497,955.8251,396.4294,7228.5039,56.7636,7244.6784,425.4215,1251.545,40.6958,294.8043,1728.2368,34.4854,922.8656,1757.229,115.9686,205.0813,32.0439,6324.2542,2630.6554,1011.0628,1874.7234,6671.2444,1981.8418,1256.733,3199.5117,1769.131,742.504,414.435,2533.608,133.669,4029.2973,416.2661,0.9155,1367.8187,1360.7996,16.4797,420.8438,119.3256,283.2074,32.6543,1902.4949,1395.5901,5416.9528,4340.5783,3059.7391,543.2212,2084.0772,938.1247,1586.0227,1477.6837,108.9494,4860.3037,2079.1943,5976.0433,1264.0574,657.0535,1279.3164,2408.1788,1470.7256,2476.8444,3696.9558,1951.3237,1474.3267,77.5158,16.7849,801.4038,622.5681,1604.3336,4140.0778,180.6668,120.5463,85.4505,1895.1705,904.86,298.7716,1228.0461,103.7613,354.9248,603.6469,964.065,1157.5494,1962.3102,1431.2963,9714.8089,157.4731,209.0486,3762.8748,104.8692,6533.9132,710.4601,786.9291,1452.3537,2162.8138,2704.509,34.4854,1274.7387,811.1696,314.0307,1042.4964,67.4449,3790.6462,25.6352,68.9708,1777.3709,195.6207,1337.6059,3282.5208,9889.0669,0.9155,2224.7654,3.357,2560.4639,1238.7274,1924.773,1046.6377,2804.9134,23.4989,252.9946,3490.6538,264.2863,1798.7335,4021.6678,576.1807,1627.5273,91.5541,332.0363,2195.4681,4434.5769,1671.1681,69.276,233.7682,124.8188,197.995,28.0766,8330.2052,245.3651,8365.301,55.848,7912.4132,47.303,0.9155,12350.9575,8115.6634,774.548,235.1843,29.2973,75.0744,693.6751,0.6104,371.4046,1567.4067,4882.2766,532.2347,1669.0318,2208.2856,6559.8535,89.1127,543.8315,6.1036,919.2035,5.4932,3.357,660.4105,828.2597,21.0575,21.973,2692.9122,290.2266,352.4834,0.6653,6877.5463,76.2951,365.9113,228.5801,416.2661,213.9315,1785.1072,341.4969
TCGA-EJ-7784-01,0.933333333,3226.4851,6360.4579,0.6188,287.1287,762.3762,1481.4356,4906.5594,1797.3391,1449.8762,2488.2426,899.7525,1992.5743,411.2005,3406.5594,472.4629,170.1733,57.5495,51.052,777.8465,1825.495,14958.2302,20.1114,462.2525,1907.1782,3798.8861,7173.521,1109.5297,735.1485,1737.2927,4684.7153,4715.9653,351.1757,313.4282,297.9579,373.453,9.5916,49.505,85.396,878.0941,12018.8738,19.1832,468.75,7953.5891,3254.9505,2641.3985,189.3564,66.5223,2327.9703,872.5248,79.5173,3931.5099,904.3936,1365.7395,896.349,1470.9158,1378.4035,214.7277,725.2475,18.255,901.2995,1301.9802,1220.6064,2185.953,874.3812,1766.6553,1307.2401,7314.9752,8967.203,1186.2624,13.3045,2597.1535,340.2321,536.5099,1881.4975,5972.7723,277.2277,1456.9926,1860.4579,2424.8144,1039.604,39.604,878.7129,3444.9257,6233.2921,1530.9406,2781.5408,4058.4777,1335.0866,1397.896,19.4926,1604.2698,3232.9827,1073.6386,992.2649,822.0916,1841.5842,1050.7426,840.0371,1154.0842,20.7302,2678.8366,1051.6708,112.9332,663.6757,1608.6015,37.7475,31.5594,23943.0693,548.5767,956.9926,2508.0476,1043.9356,719.9876,19.1832,8.9728,8.0446,13.6139,1817.1411,1954.2079,2065.9035,1705.1361,160.5817,91.2748,479.2698,36.8193,1810.0248,535.8911,158.4158,9900.0619,51.052,5875,197.0916,1161.8193,58.4066,216.8936,1219.9876,18.8738,913.8707,1454.8267,42.698,136.448,16.3985,11525.9901,2308.4777,254.9505,2315.9035,3731.4356,2472.1535,944.3069,3121.5965,1352.4134,774.1337,190.9035,2768.255,133.453,5418.9356,568.0693,0.6188,1560.0248,1767.6361,1.2376,56.9307,9.901,278.4653,15.4703,1032.1782,745.9777,3355.5074,5300.1176,2420.4827,574.5668,2644.1832,875.9282,1646.6584,1402.8465,40.5322,3008.0446,1178.8366,4873.453,1206.9926,212.8713,546.7203,925.4332,1704.1894,2488.8614,3706.3738,3575.8045,1306.9307,79.2079,37.1287,402.8465,463.4901,1444.9257,2399.7525,336.6337,114.4802,171.4109,1845.297,905.9375,259.2822,778.7748,21.0396,402.2277,281.8688,1543.0074,308.7871,2052.2896,204.8267,4800.7426,47.6485,259.2822,1907.1782,66.776,5532.4876,596.5347,809.6597,1747.8342,2418.9356,2519.4926,13.6139,1201.4233,1313.7376,345.297,1018.5644,92.203,7615.099,35.2723,45.7921,2046.7203,140.1609,1313.7376,4189.9752,6943.6881,3.4035,1366.3366,4.7153,2504.9505,434.7153,2004.0223,854.2853,1185.953,14.8515,90.0371,3722.4629,275.9901,1699.2574,4318.3787,642.3267,1685.0248,25.9901,673.8861,1094.0594,5321.1634,1735.1485,87.5619,311.5718,149.1337,207.6114,24.7525,1780.9406,101.7946,943.3787,51.3614,3790.8416,16.7079,0,7495.3589,7292.0792,675.1238,297.995,36.2005,42.0792,759.2822,0,350.5569,887.0668,4631.4975,588.1807,3369.7401,4193.0693,5619.4307,97.7723,573.6386,5.5693,835.7054,5.2599,0.9282,375,850.5569,15.4703,25.9901,1955.755,8.6634,265.7797,0.9777,8487.6238,46.1015,304.146,219.0594,232.0545,51.052,1055.3837,312.1906
TCGA-EJ-7785-01,0.366666667,3431.3072,4716.0699,0.5551,293.3666,1270.6078,1844.8515,4603.6636,1722.176,1795.4482,3404.6628,718.0128,1649.4588,833.4721,2709.9639,328.3375,170.4135,53.2889,109.3533,843.1862,1485.1513,10745.7674,24.1465,541.7707,1673.6053,3920.0666,8832.5562,967.5271,655.5648,2180.6689,4785.4566,4765.1957,102.9697,298.9176,1288.0933,592.0067,36.9137,40.5218,376.353,1234.5268,13607.5493,24.4241,270.8854,8966.1393,2497.3633,3582.2925,416.8748,171.8013,2434.9153,1090.4802,402.72,4264.8987,877.602,1602.9642,1062.448,1774.9098,775.7424,1250.0694,769.0813,30.5301,776.5751,1626.4224,978.6289,3004.4407,1358.3125,1942.1288,1591.174,9357.7574,7145.4344,1184.846,22.4813,2618.9287,1082.5284,634.7488,2141.8263,5865.945,421.038,1351.0963,2053.0114,3591.4516,1552.5951,424.3686,1447.96,3180.1277,6868.1654,2173.189,3023.1279,3221.7596,1237.3022,1223.7025,40.7993,2247.5715,3681.9317,942.5479,915.3483,1311.9623,1518.4568,1065.2234,994.1715,805.4399,29.4199,2934.2215,1010.5468,155.1485,613.9328,1695.5315,46.3503,91.3128,24705.5232,331.9456,805.1624,5128.2015,948.9314,848.1821,18.8732,21.0935,73.8274,69.9417,1990.0083,1496.5307,768.5262,1224.5351,164.3075,79.9334,1313.35,165.1402,1696.3641,926.4502,704.9681,7718.8454,30.2526,8455.1762,291.9789,1285.0402,32.0122,244.5185,2294.1993,51.9012,889.2423,1663.6137,219.5393,280.0444,41.632,6865.6675,1874.5046,1839.5781,1731.0575,3872.3286,1587.5659,1499.3061,3694.1438,1758.8121,702.7477,584.2354,3024.4241,119.1785,2537.8851,950.8743,3.8857,1212.6006,1701.36,18.0405,621.4266,61.0602,265.612,23.869,2854.0105,643.6303,5410.2137,3603.1057,2381.3489,685.5398,1802.942,864.8349,1216.4863,1323.0641,43.0197,3402.72,2267.8324,5598.1127,1155.9811,414.0994,955.5926,3087.1496,1188.1071,2195.3927,3018.8732,2135.7202,1358.8676,81.0436,19.1507,1154.3158,485.9839,1463.5026,2014.9875,181.793,185.9561,73.8274,1872.6062,879.8224,270.0527,1784.3464,43.5748,482.3758,317.7907,1039.1341,1906.4668,1904.8016,983.3472,11356.9248,186.7888,322.7866,1616.1532,81.5265,6121.0103,635.5815,661.3683,1536.7749,2393.8385,1756.8693,20.5384,1199.8335,815.4316,261.7263,863.4471,57.7297,3902.0261,26.6445,37.7463,1335.5537,171.8013,1548.4319,3500.6939,4459.0619,1.3877,1490.4246,4.7183,2877.8795,1180.4052,1726.6167,1318.3181,1674.7155,31.9178,227.5881,3809.048,190.3969,1798.5012,5032.4729,958.368,704.1354,67.9989,182.348,2414.932,4069.9417,1544.8238,96.5862,241.743,161.8096,136.4918,15.2651,1064.3908,319.7336,3933.1113,34.9709,5886.2059,105.7452,0.2775,18824.8682,7629.1979,690.5357,197.3161,29.4199,90.2026,697.1968,0.2775,406.3281,1471.5515,4117.4022,502.6367,2164.8626,2857.8962,5011.657,152.9281,570.6356,1.1102,705.5232,1.9428,1.9428,1706.3558,978.6289,19.4283,118.2348,2306.4113,729.9473,282.8199,0.8326,4551.4849,76.3253,361.9206,252.8449,344.7127,298.9176,1110.1665,528.4485
TCGA-EJ-7793-01,0.366666667,2876.5773,5868.2965,1.5773,158.123,884.0694,1029.9685,2992.5079,1006.3091,820.9779,2432.1767,669.164,1591.877,409.7003,1378.1546,189.2744,97.0032,21.2934,23.6593,376.5773,1424.2902,18932.9653,48.1073,630.9148,1092.6656,2506.7035,9085.5599,977.918,281.5457,1358.4385,2848.5804,5555.205,51.2618,186.5142,923.1073,262.6183,4.7319,11.041,336.7508,966.877,21695.9779,22.8707,566.6404,11171.53,4193.612,2585.9621,240.5363,28.7855,2138.0126,683.7539,76.4984,1447.7603,623.817,2293.6396,427.0505,1437.6972,981.4669,291.7981,885.2524,31.9401,470.0315,942.8233,896.2934,1784.7003,708.5962,1780.28,576.8927,5175.0789,8516.1672,822.9495,4.3375,1708.2019,111.9401,355.2839,3240.142,9009.4637,98.5804,435.7256,1845.4259,2624.6057,1074.9211,270.5047,1404.1798,2358.4385,4320.9779,1628.9432,3446.7311,3568.2177,1760.2524,1108.4385,19.3218,2446.7666,2640.7729,963.7224,469.6372,507.0978,1357.2555,811.5142,1041.7981,850.5521,19.7161,2777.9968,567.429,53.2334,730.2839,1478.7066,19.3218,19.3218,29344.2429,296.1356,551.2618,4807.7524,831.6246,1321.7666,16.9558,5.9148,5.9148,19.3218,1378.5489,1910.8833,1011.4353,1580.836,124.2114,76.1041,342.6656,14.9842,1582.8076,288.6435,255.1262,5908.9117,42.9811,5333.9905,107.2555,870.2681,18.3833,179.0221,1513.8013,18.1388,686.5142,1358.4385,18.5331,123.817,1.9716,2771.2934,1496.8454,617.1136,2046.1356,2074.9211,3269.7161,973.5804,3570.5836,1520.1104,476.3407,365.142,2353.7066,159.8935,1151.4196,401.0252,1.183,794.164,1029.5741,1.9716,285.8833,155.3628,205.4416,8.2808,838.7224,276.4196,5082.4132,3764.9724,2673.5016,435.3312,2121.4511,1014.5899,1896.6877,1686.5142,148.6593,1852.5237,1569.795,7080.836,1218.8486,242.1136,978.7066,1510.6467,1913.5923,1983.8328,1842.2713,1430.5994,2591.4826,52.8391,16.1672,610.4101,251.9716,1160.8833,2987.3817,160.8833,112.3817,120.6625,1767.7445,264.5899,250.3943,556.388,24.0536,214.511,417.5868,1104.8896,796.9243,1438.4858,346.6088,5320.5836,87.9338,221.2145,1278.7855,43.8328,4565.0631,371.8454,447.985,1245.6625,2345.8202,2623.0284,3.5489,1322.1609,695.5836,226.735,718.0599,27.6025,5109.2271,30.3628,48.8959,1736.1987,65.4574,652.6025,2202.6814,5604.8896,0,1583.5962,1.9716,3700.7098,1298.8959,1658.9117,927.0308,1046.9243,13.8013,198.3438,4115.5363,193.612,1199.5268,4178.6278,427.8391,2958.5962,10.2524,146.2934,907.7287,4046.1356,1371.8454,102.5237,335.5678,106.0726,86.7508,15.7729,2891.1672,213.3281,3888.4069,24.0536,2914.0379,19.3218,0.7886,8229.1009,8916.4038,387.6183,232.4527,4.7319,32.3344,673.5016,0,298.5016,666.0095,1854.4953,676.6562,2070.5836,2182.1767,6273.6593,96.6088,524.4479,1.5773,730.6782,0.3943,1.9716,909.7003,437.6972,6.3091,123.0284,1690.0631,5.1262,244.8738,0.7886,6333.5962,37.0662,328.0875,220.0315,331.6246,121.4511,1596.2106,272.082
TCGA-EJ-7797-01,0.633333333,2930.1213,5194.934,1.4171,191.3028,787.8842,745.0182,3765.8312,1363.5639,991.5862,2359.7556,750.3321,1819.8565,519.3517,1818.7937,193.7827,95.2971,18.776,73.687,511.2036,1536.445,19892.3036,46.0544,673.1025,1655.1235,2776.0163,8191.9865,1208.7503,475.4229,1016.0128,3141.6172,6988.575,83.9607,299.7077,877.5131,269.9495,4.9597,3.1884,370.5606,770.5252,16279.8689,21.6101,421.5747,7711.6287,2317.9524,2409.3526,216.4556,158.7105,2659.8176,983.7924,165.4415,3272.6171,788.5927,1867.7035,499.1586,1443.9819,1021.3444,511.9121,717.3855,31.5295,640.8644,910.4597,621.0256,1914.7994,994.7746,2062.5277,1048.6228,5996.2802,11526.7027,610.7519,9.5651,1744.7525,241.3745,309.2729,2054.7339,7782.8359,173.5896,670.2684,1605.8808,2554.9553,1284.9172,348.9505,1879.0187,2507.1296,6059.6936,1657.6034,2526.4264,4341.8652,1806.0402,1042.246,50.3056,2074.5727,2626.1624,979.5412,684.7932,715.6142,1195.2883,748.2065,1434.4168,1165.5301,64.1219,3239.7485,931.7155,45.3459,1219.7325,1797.5379,15.2334,25.507,33514.8348,474.7144,751.3949,5086.3697,679.8335,909.7511,18.4218,14.1706,24.4442,51.3683,1467.3634,1992.7376,1287.0428,1581.7908,93.5258,101.3196,434.3282,52.7854,1499.2472,742.184,164.0244,7167.4785,54.2025,11656.0092,147.374,1209.4589,21.1354,225.3122,1579.6652,23.7357,490.9113,1687.0074,41.4489,809.4943,19.1303,5587.459,1419.8919,447.0817,1955.8941,2081.3037,2269.0639,675.5823,3154.3707,1675.6709,651.8466,248.3394,3151.1824,202.2142,2945.709,862.2797,1.7713,1012.8421,1278.1862,4.9597,153.0422,58.0994,227.4378,10.2737,1079.4438,1096.0942,5659.729,3085.2856,2536.5335,608.6263,1710.0345,1093.2601,1616.863,1498.5387,157.2934,2441.2364,2310.1585,6384.5541,1029.4925,259.3216,571.4286,1325.6576,1993.648,2275.0864,2552.8297,1293.7738,1826.2333,47.1172,7.7938,570.72,356.7443,1501.3728,2914.888,158.3562,89.2746,66.956,1625.7196,698.9638,263.5728,443.8934,16.6504,300.4163,286.2457,1061.0221,721.6367,1555.9295,452.0414,5754.6719,105.2165,142.4143,1593.4815,59.8849,6006.9082,501.6385,590.6332,1175.4495,2410.0611,2734.9216,12.3993,1204.1449,766.274,276.3263,726.5964,49.2428,4556.1952,21.2559,47.4714,1611.9033,46.7629,780.0903,2385.9711,8499.5129,3.1884,2270.8352,2.9227,3587.9904,871.1363,1657.2491,1050.6952,3112.5675,21.6101,178.9036,5321.7607,196.6168,1171.9068,4924.276,482.8625,1090.7803,41.0947,514.392,1106.3679,4318.4837,1543.176,66.6017,349.3048,112.6561,176.0694,14.1706,6255.9561,147.0198,6260.9158,17.7132,7299.9734,48.5342,0.3543,14447.2589,8458.0639,508.7238,258.5635,6.0225,40.7404,682.3133,0,296.5194,923.2132,3640.0673,636.259,2045.523,2121.6898,6248.8708,63.7676,264.9898,0.7085,848.1091,1.7713,3.5426,507.661,626.3396,8.1481,35.0722,2698.7866,205.8277,202.6393,0,6753.3434,49.9513,341.1567,260.3844,271.0123,163.3159,1762.8129,218.5812
TCGA-EJ-8472-01,1.033333333,4451.9736,6797.2218,0.3388,175.8428,513.2983,347.281,2899.5426,1000.1694,1162.4598,1986.7864,906.6576,1910.2151,441.4704,4571.235,260.8843,95.8834,33.5423,31.1706,661.0198,1400.9826,8531.9329,11.8584,905.6412,1375.5717,2500.7623,8882.8799,1098.4245,729.1208,417.0523,2633.5761,3032.6952,255.1245,278.8413,471.2858,420.4642,5.0822,44.3842,334.4062,387.9383,23747.586,6.0986,545.4853,9552.0922,3497.8824,1311.8753,238.5228,46.4171,2308.9954,659.3258,61.6636,2679.7899,815.5175,1753.9895,537.3539,1324.0725,901.9143,323.2255,952.0583,24.3944,782.3141,1337.6249,1210.9097,1777.0625,944.6044,2072.5055,461.4603,3056.0732,9717.093,240.8945,6.7762,1916.6525,291.9024,289.0056,936.1342,8394.0369,70.8115,966.2883,1649.3308,2270.7098,1135.6937,232.0854,549.5511,2731.1537,9161.7821,1308.4872,2303.2797,3057.7672,1723.8692,1039.1326,49.1276,1527.359,3559.2072,874.4706,725.7327,349.3139,2700.6607,1095.0364,2247.6707,943.2492,11.1808,2562.4259,833.4745,113.1628,612.9087,1444.6891,18.6346,20.6675,14245.299,498.0518,1367.1015,4564.6044,851.7703,1505.3363,18.9734,4.4045,3.3881,10.8419,624.7671,2538.3703,193.1221,1416.5678,244.9602,99.2716,332.7122,27.4437,1849.568,378.1128,57.259,7725.5633,12.536,14907.6741,190.7505,711.1638,63.6524,422.497,930.0356,4.0657,664.042,2767.7452,38.9632,112.824,9.1479,11301.711,836.5238,119.2614,1656.4459,2505.5057,1609.0124,1271.8956,2296.7982,1141.7923,1047.2641,290.3608,1531.4247,122.4089,753.5152,698.6278,2.3717,2239.2004,678.638,0.3388,92.1565,9.1479,159.5799,9.4867,966.2883,3370.4896,3048.6193,5136.0325,2810.0288,446.2138,2326.6136,967.9824,1869.219,2005.421,64.0352,1846.5187,1319.3292,3168.2195,868.7108,598.001,205.6581,740.3015,3338.7735,1597.154,5161.4433,1797.0523,1033.7117,176.5204,123.3271,511.6043,451.296,1413.8574,5232.9324,95.2058,229.3749,244.2826,1381.3315,632.8951,609.8594,707.7757,62.0024,212.7732,1409.7916,1892.2582,204.6417,1561.5789,1315.2634,8733.5253,41.3349,61.6636,8395.731,18.0586,6698.289,772.4886,359.1801,1137.3878,2110.7911,2675.5887,4.0657,1017.7876,800.9487,350.6692,984.5841,41.6737,7024.9026,131.7974,37.9468,1824.8348,25.7496,1055.7344,2786.3798,4322.8867,3.7269,1460.2744,6.4442,3479.2478,816.8728,2452.6512,814.1081,1831.2722,17.957,103.3373,5811.2824,275.792,1065.2211,6218.5329,244.6214,617.9909,48.7888,132.1362,790.7843,4229.3749,1742.165,15.5853,281.5518,88.0908,106.3866,83.6863,463.4931,59.6307,1227.1726,54.2097,7407.7588,14.9077,0.3388,9710.3168,10026.0884,637.9807,485.6446,43.7066,28.7989,472.3022,0,520.7522,1097.4081,5632.7291,605.4549,2231.4078,1372.1836,10921.2265,169.0666,482.8054,1.0164,1310.5201,2.3717,1.6941,563.7811,748.7718,17.2793,2.7105,2542.7749,14.5689,197.5267,1.0164,5242.4191,36.2528,308.3178,472.9798,326.9524,73.8607,1322.7173,191.7669
TCGA-EJ-A46D-01,0.3,2600.2331,5468.5315,4.662,154.4289,599.6503,300.1166,2537.296,1064.6853,1007.5758,2294.289,854.8951,1683.5664,821.0956,1146.2704,154.4289,120.0466,15.1515,47.7855,338.5781,1194.6387,11642.7739,54.1958,561.1888,1608.3916,2386.9464,7404.9301,1042.5408,384.0326,796.5676,2236.014,5490.676,69.3473,248.8345,1058.2751,444.0559,11.655,52.4476,304.7786,824.0093,18217.366,9.324,692.8904,8009.324,3453.38,2250,194.0559,104.3124,2053.0303,615.3846,160.8392,1923.5897,553.6131,1706.4627,370.0466,1144.5221,1089.1608,542.5408,810.0233,34.3823,332.1678,759.324,842.6573,1390.4429,821.0956,1706.2937,905.0117,3307.6923,8532.0513,667.8322,3.4965,1102.5641,277.3893,258.1585,2224.9417,7911.4219,173.0769,443.4732,1737.7622,1823.4266,689.9767,351.9814,1397.4359,2082.1678,5488.345,1495.338,2635.3322,3438.2284,1628.7879,1243.007,32.634,2108.3916,2231.9347,1270.3963,527.3893,647.4359,1379.3706,766.8998,1459.7902,807.6923,100.8159,3072.2611,660.8392,43.7063,1031.4685,1747.0862,16.8998,38.4615,24448.1352,301.8648,773.31,4229.9301,856.6434,1088.5781,17.4825,6.993,7.5758,18.648,1064.1026,2039.627,747.0862,1372.3776,190.5594,86.8298,554.1958,86.2471,1269.8135,760.4895,93.2401,4920.1632,45.4545,4669.5804,170.7459,909.0909,13.5781,181.2354,1389.2774,64.1026,765.1515,1187.6457,27.3893,101.3986,7.5758,7688.2284,1131.1189,401.5152,2172.4942,1524.4755,3064.6853,875.2914,2461.5385,1481.352,862.4709,281.4685,1928.9044,258.9627,2187.6457,554.7786,0,800.6993,856.0606,7.5758,96.1538,138.6946,174.8252,11.655,1156.1772,414.9184,4210.9557,2712.0979,2405.5944,757.5758,2235.4312,1222.028,1586.2471,1609.5571,150.3497,1901.5152,2016.8998,4346.1538,813.5198,246.5035,781.4685,1367.1329,2263.4207,2212.1212,2328.6713,1248.2517,1962.1212,46.62,10.4895,921.9114,292.5408,1307.6923,4396.2704,127.0396,96.1538,152.0979,1472.6107,554.1958,287.296,591.4918,22.1445,265.1515,325.7576,1373.5431,494.7552,896.2704,1143.3566,2541.958,99.6503,106.6434,1633.4499,50.1865,4650.3497,443.4732,467.5233,913.1702,3282.634,2177.1562,11.0723,898.0186,750,374.1259,791.3753,86.8298,4598.4848,13.986,69.9301,1898.0186,47.7855,635.1981,2365.3846,7089.1608,0.5828,1601.3986,4.662,3315.2681,1259.9068,1563.5198,689.493,1381.7016,30.8858,167.8322,4776.8065,247.0862,1037.296,4357.2261,423.0769,1241.2587,36.1305,271.5618,1287.8788,3136.9464,1255.8275,61.1888,390.4429,141.6084,150.3497,9.9068,6181.2354,103.1469,3949.3007,17.4825,4579.2541,43.7063,1.1655,15712.1212,6818.7646,308.8578,319.4639,13.986,33.2168,561.1888,0.5828,318.1818,763.4033,1400.9324,944.0559,1588.5781,2239.5105,5102.5641,74.0093,425.4079,23.8928,736.014,2.331,8.1585,449.3007,439.9767,15.1515,115.3846,2147.4359,102.5641,250,2.9138,6990.0932,9.9068,435.3963,312.3543,417.8322,120.0466,1477.0746,209.2075
TCGA-EJ-A65F-01,1.9,3785.2951,4438.8006,0.8537,138.7259,754.6687,816.1349,3156.1199,1437.1999,961.2635,1813.6805,810.159,1913.99,375.2001,2416.8178,253.5482,97.3215,2.9879,72.9911,424.7145,1935.3324,13714.2247,55.9172,367.5168,1371.892,2585.85,7333.2408,866.9299,452.4597,487.8839,2597.8017,5871.3051,111.8344,236.0474,211.2902,566.8552,8.9638,44.3923,77.2596,627.4677,21759.8976,20.9156,487.4613,7308.505,1903.7456,2446.2704,213.4244,101.1632,2207.6619,1043.6453,213.8512,1913.593,1054.3165,2154.5705,428.5562,1145.6621,1096.1477,325.2588,879.3085,29.8794,653.0786,1135.4178,782.8407,1185.7859,1341.1589,1883.2569,778.1453,3834.8095,9771.8493,779.4259,4.2685,1260.9113,458.1581,323.9782,865.6493,7904.3859,725.2161,1175.1147,1718.4932,2725.0027,741.4363,72.9911,890.4066,2003.2014,5756.9096,1423.9676,2270.0075,3443.3892,1556.7175,1288.6565,42.258,2249.4931,3512.5387,1303.1694,538.6832,843.0264,1896.916,1225.9097,1256.6428,1128.1613,8.9638,3570.5901,689.7876,52.9292,927.1156,1556.2907,23.4767,72.1374,16585.2097,498.1325,1059.0118,4383.0797,472.5216,590.7587,25.6109,11.0981,15.7934,66.1616,1263.4724,2333.1555,139.1527,1154.626,318.4292,87.0772,728.6309,71.2837,1565.2545,1110.6605,105.8585,6013.8726,35.8553,8268.4879,741.8632,425.1414,19.1442,297.5136,1338.171,46.5265,1016.7538,1364.2087,29.8794,177.9959,18.7813,7530.0395,1062.8535,488.315,2205.1008,1574.6452,2072.7777,1000.9604,2691.2816,1403.9057,1099.1356,320.9903,1476.8968,173.4372,3955.6077,403.799,1.7074,1193.0424,932.6646,7.6833,223.6688,12.3786,222.8151,35.4284,2388.6458,2270.4087,6816.3483,4983.4553,2586.7037,501.9742,2111.621,1181.0906,2211.0767,1503.3614,8.1101,1633.5503,1756.4828,4778.999,1137.1252,1347.9885,297.0868,1565.2545,1317.0889,2094.547,3772.0627,1836.7303,1643.3678,51.2219,15.7934,529.2925,555.7571,1726.6034,4831.5014,158.3609,162.6294,148.9702,1324.9386,737.5904,285.5618,870.3447,8.9638,296.6599,377.3343,1931.0639,883.577,1411.1621,2162.8428,3237.6481,41.8312,130.6157,4538.2563,39.7823,6751.8941,464.8383,571.7341,1208.4089,2208.5156,2922.2068,19.635,1436.3462,906.6268,231.7789,1154.1991,22.623,4721.3745,18.7813,53.3561,1879.8421,36.2821,587.3439,1017.6075,11000.3201,0.8537,1795.326,2.1342,2258.8838,1563.974,1687.3333,951.6679,1546.9,10.6712,127.2009,4708.569,201.8995,1429.5166,5311.2795,518.6213,1000.1067,22.1961,184.3987,2878.2414,5249.8133,1322.3775,106.2853,480.6317,118.664,129.3352,19.2082,1961.797,254.8287,9113.6485,22.623,6120.5848,50.795,0,15354.1778,7772.4896,463.9846,325.6003,70.0032,57.6246,665.8841,0,260.3778,1695.8702,4294.5257,1166.5777,2130.4023,1648.0632,7002.0275,134.4574,421.7266,6.4027,694.9098,0.8537,2.5611,866.0762,657.774,11.5249,7.2564,1956.6748,33.7211,394.4083,0.4268,5369.7578,9.8175,350.4685,306.9043,217.266,53.7829,1368.8785,176.7154
TCGA-EJ-A7NF-01,0.5,2508.491,5843.28,2.426,187.7729,501.6982,252.7899,2613.7797,949.5391,826.7831,1356.1378,990.296,1964.0951,173.2169,1330.9073,138.7676,53.3721,9.704,30.0825,325.0849,1104.8035,12716.1572,46.5793,747.2101,1342.5522,1841.8244,5488.064,1241.1451,489.5682,353.6681,1933.5274,3947.5983,136.8268,220.7666,394.4687,375.0607,5.3372,67.443,62.1058,538.0883,17997.0888,16.0116,692.8675,8032.9937,4135.8564,1456.5745,141.6788,49.0053,2244.0563,515.769,33.4789,1925.279,548.7627,1793.2363,335.7593,1222.2222,1369.2382,126.1524,811.7419,22.3193,616.6909,956.8171,860.262,1079.573,1455.1189,1439.5924,639.0102,2842.7948,13212.033,712.7608,4.3668,1198.9326,150.6405,180.4949,983.9884,8629.3062,49.4905,428.918,1467.2489,1715.672,761.2809,186.8025,1465.7933,1709.8496,5475.9825,1380.8831,2188.3358,4342.5522,2104.3183,1241.6303,32.9937,1830.1795,2088.7918,1190.1989,385.7351,248.9083,1941.7758,737.5061,1105.7739,950.9947,46.0941,3262.9791,669.0927,32.9937,420.6696,1554.5852,16.982,16.0116,29461.4265,310.0437,1045.6089,4031.3634,353.2266,977.1955,29.1121,2.9112,8.7336,11.6448,886.9481,2504.1242,234.3523,1477.9233,93.1587,142.164,229.015,27.6565,1384.7647,198.9326,31.5381,5647.2586,15.5264,12105.7739,109.1703,897.6225,19.9466,185.3469,1103.3479,46.0941,699.5051,1396.8947,9.704,225.6186,9.704,2492.9646,866.5696,160.1164,2403.6875,1377.0015,3412.4212,869.966,2409.0247,1386.2203,803.9787,162.5425,1768.559,185.2111,2012.13,1081.999,0.9704,1104.3183,757.3993,3.8816,73.7506,25.2305,145.0752,3.8816,540.0291,624.9393,3809.3159,2540.9947,2302.557,511.8874,2032.0233,1434.7404,1767.5885,1468.7045,43.6681,1515.769,2288.6948,2089.7623,830.6647,114.9927,812.7123,480.8345,3046.6667,2571.5672,2821.4459,1399.3207,1881.6109,69.3838,24.2601,243.0859,294.032,1799.1266,1850.0728,116.9335,48.0349,140.2232,1025.7157,733.1393,340.1262,261.5235,12.6152,224.6482,289.6652,1514.7986,163.5129,1132.46,527.4139,5504.1242,39.7865,44.6385,1508.0058,33.3091,4145.0752,343.0374,409.2673,808.8307,1722.95,2106.2591,11.6448,912.6638,890.3445,377.9719,938.3794,18.9229,4172.2465,32.5085,41.2421,2261.5235,22.3193,600.6793,3719.5536,7243.0859,3.8816,1509.9466,2.0524,3035.9049,451.2373,1563.3188,690.1407,706.4532,16.982,72.295,5203.7846,280.4464,913.149,8218.3406,441.5332,428.918,11.6448,222.2222,826.7831,3582.7268,1125.6672,63.0762,443.9592,142.164,182.4357,18.9229,672.4891,57.2538,3530.3251,15.0412,2714.2164,20.3785,0.4852,8936.4386,6971.8583,333.3333,328.9374,6.3076,19.8933,562.3484,0,344.493,539.0587,3492.9646,897.1373,1874.818,2269.2868,5056.2834,92.6735,445.9,0.4852,594.3717,3.3964,0,695.7787,568.656,5.3372,80.5434,908.7821,31.0529,393.9835,0.4852,4533.2363,30.0825,329.0393,361.9602,256.1863,52.8287,590.0049,174.1873
TCGA-EJ-A7NG-01,0,3036.1058,5180.7302,6.0344,177.4112,665.795,459.821,2571.4573,1597.1035,939.7566,1873.8811,832.7467,1863.4215,746.6559,1051.9964,143.2163,83.677,14.4826,53.9073,468.2691,2034.7984,11061.8526,37.011,726.5413,2016.6952,3044.9563,8770.3349,1167.4545,344.7652,1119.115,2178.0147,6489.7918,64.7692,309.7657,1245.9016,354.4202,4.0229,4.0229,378.9601,908.3778,13864.2261,10.8619,589.3593,8558.3828,3113.7484,2615.7095,250.6286,168.5608,2531.228,640.8529,212.813,2165.4953,766.3683,1353.7926,568.4401,1261.5911,864.1255,840.7925,786.0807,43.8499,396.2587,997.2845,837.1719,1630.4938,1051.5941,2162.7839,1398.773,3864.0249,6967.716,759.5293,2.8161,1382.279,544.8818,292.8694,2516.7454,7680.177,189.8823,640.8529,1872.272,2315.1966,901.5388,560.3942,2023.9364,2155.4863,5799.8592,1374.2331,3086.1511,3449.2608,1590.6668,1285.3264,44.6545,2557.377,2089.1079,1269.2346,587.3479,1011.3648,1613.9998,951.0208,1502.5646,874.5851,16.0917,2976.1641,613.4969,72.0105,1311.0731,1895.2027,8.0459,43.0454,20064.7692,339.1331,533.4406,4418.5578,2008.6493,1001.3075,27.7582,6.4367,50.2866,33.7926,1019.4106,1747.1588,765.5637,1775.3193,209.997,84.8838,536.2567,71.6082,1354.1185,660.1629,288.0418,5053.6056,43.0454,277.9845,372.5234,1107.1105,36.1219,199.5374,2710.6507,64.3669,974.7561,1209.6953,130.343,109.826,28.5628,11166.0465,1326.7625,974.3538,1899.6279,1876.2949,2691.3406,856.0797,2775.0176,1548.8283,841.9994,397.4656,2050.0855,247.4827,1406.0143,302.1221,2.8161,808.2068,1000.1006,25.3445,648.4964,75.6311,251.4332,16.494,1715.3777,759.127,4660.5652,2927.0804,2597.9322,882.631,2068.9933,823.8962,1749.1703,1531.932,156.0897,2181.6353,2176.0032,6800.7644,959.0667,349.995,493.2113,1852.5596,1829.6651,2231.922,2810.8217,1263.2002,2323.2425,28.9651,8.4482,871.3668,387.4082,1383.0836,2884.4413,145.6301,163.7333,121.4925,1360.5552,639.2437,322.639,1045.5597,43.4477,318.2138,245.3988,1123.6045,748.2651,1056.8239,1209.293,2988.6352,153.2737,150.0553,1888.3637,40.6598,6287.4384,424.8215,342.8543,1148.949,2935.9348,2237.9564,10.0573,1104.2945,597.8075,315.3978,896.309,130.343,4662.979,24.5399,89.7114,1923.3632,34.9995,736.1963,1829.6289,8765.966,1.2069,1502.1623,5.0246,3259.3785,1566.5292,1623.2525,831.4754,1686.4126,51.8958,335.5124,5224.1778,202.7557,1087.3982,2763.3511,539.8773,1062.8583,42.2408,135.1705,1189.9829,3512.0185,1586.6439,83.677,395.8564,132.7567,212.6038,16.8963,2679.6741,165.3425,8216.836,10.0573,8679.8753,43.0454,1.2069,15325.7568,7757.4173,416.7756,334.2291,14.0803,50.6889,617.1176,0.4023,246.6057,1094.6394,1594.2874,1004.9281,2093.9354,2130.9464,4981.1928,69.5967,424.8215,3.2183,825.9077,4.8275,10.8619,509.303,536.659,19.7124,225.2841,3258.9762,277.1799,236.146,0.873,5149.3513,16.8963,569.0194,314.1909,419.5917,306.9496,1349.6128,189.0777
TCGA-EJ-A7NK-01,0.1,2613.4692,5447.6514,0,200.3396,616.2988,440.2943,2700.0566,1365.0255,980.7583,1627.0515,886.8138,1921.3356,1072.4392,1312.3939,124.5048,91.1149,31.6921,54.8953,385.9649,1285.7951,12757.7816,19.2417,962.6486,2197.5099,2680.249,7294.7821,1177.7023,331.0696,1182.7731,2057.159,6522.9202,70.7414,278.438,2151.1036,995.4726,5.0934,6.2252,737.408,902.6599,16341.8223,26.5988,802.4901,10185.6254,4125.0707,2338.9926,249.0096,99.0379,2307.3005,600.4527,207.6967,2284.8896,627.0515,1169.4058,675.1556,1269.3831,987.5495,763.4409,790.0396,40.747,366.1573,802.4901,847.1986,1542.7278,1228.6361,2151.6695,2170.9111,3928.6927,6606.1121,702.3203,5.6593,1107.5269,107.8381,255.2349,1934.9179,7567.6287,86.5874,780.4188,1574.4199,2176.5705,750.9904,297.1138,1345.2179,2031.6921,5501.9808,1349.7453,2578.0758,3392.7561,1460.1019,1217.8834,38.4833,1737.974,1920.2037,1328.8059,539.3322,442.558,1207.1307,1066.7799,1441.9921,879.4567,16.412,3357.1024,551.7827,39.0492,657.6118,1713.6389,10.1868,32.824,23136.3894,320.8829,520.0905,5602.1505,1116.0158,1031.6921,21.5054,9.0549,2.2637,23.2032,915.6763,1605.5461,746.4629,1680.249,205.4329,93.9445,361.064,76.4007,1262.026,224.6746,195.8121,4393.8879,50.9338,884.5501,241.6525,939.4454,51.7431,220.7131,1654.2162,41.313,1064.5161,990.3792,66.7799,97.9061,15.8461,7223.5427,1118.8455,335.0311,2036.7855,1874.9293,3295.9819,806.4516,2462.3656,1634.4086,946.8025,366.1573,1857.9513,283.1353,1487.8325,439.7284,9.0549,902.6599,989.2473,4.5274,331.6355,93.9445,204.867,8.489,1455.5744,1504.8104,4320.3169,2680.2377,2316.8138,924.7312,1844.9349,997.1703,1767.9683,1318.6191,237.1251,2265.9875,3187.3231,5730.6169,1127.3345,490.0962,427.8438,1131.8619,2553.7295,2661.0074,2625.9196,1071.3073,2205.9989,32.2581,11.8846,941.1432,356.5365,1718.1664,2504.2445,141.4827,123.3729,109.7906,1597.0572,795.6933,281.8336,801.9242,41.8789,241.6525,336.7289,966.0441,384.2671,951.8959,3750.4244,6851.1602,178.8342,104.6972,1932.6542,26.8025,4148.8398,512.1675,338.4097,926.9949,1843.8031,2284.6633,5.0934,986.9836,581.2111,346.9157,981.3243,68.4776,4614.0351,20.9394,73.0051,1826.2592,45.8404,805.8857,2561.9694,9586.8704,1.1319,1314.0917,6.146,3285.7951,1471.9864,1376.3441,736.3837,859.0832,84.3237,354.8387,5219.5812,283.5314,1017.5439,3337.8608,346.3497,2476.5139,147.708,126.2026,1829.6548,3208.8285,1419.3548,93.3786,385.9649,159.5925,157.3288,15.2801,517.2609,100.7357,8254.6689,15.2801,6478.7776,17.5439,0.5659,14774.7595,6874.9293,332.2015,306.9949,8.489,28.2965,579.5133,0,183.9276,946.2366,1606.678,902.6599,2203.1692,2672.8919,6559.1398,113.1862,422.1845,6.2252,906.0555,11.3186,1.6978,704.584,700.6225,11.8846,60.5546,3036.2196,28.2965,379.1737,1.8506,7015.8461,33.3899,558.9417,311.828,645.7272,205.4329,572.0996,335.5971
TCGA-G9-6329-01,0.566666667,2896.3463,7412.6291,0.3971,240.6672,467.0373,141.7792,2524.6227,823.2724,488.8801,1169.9762,1171.5647,1849.4837,946.7832,996.0286,194.2017,62.3511,13.5028,76.6481,423.3519,1131.0564,8264.4956,42.0969,788.3241,1687.4504,2297.8554,6904.2851,1676.3304,461.8745,397.1247,2426.529,5726.7673,59.5711,277.6013,1328.8324,626.2907,6.7514,7.1485,627.8793,667.5933,32710.8817,23.0342,960.6831,7082.6052,3599.6823,2562.7482,208.4988,100.4766,1936.4575,308.1811,269.2613,2013.8761,678.7133,1453.5346,288.7212,1312.5496,1301.0326,669.9762,715.6473,30.977,432.8832,906.2748,1070.2939,1402.7006,1405.8777,3024.2256,964.2573,3218.8245,13432.089,808.1811,9.1342,1261.7156,452.772,235.1072,1529.3884,9998.0143,179.5075,430.8975,2304.6068,2590.9452,668.7847,93.7252,570.2939,1852.6608,3610.4051,1302.224,1446.386,3564.7339,2053.614,1678.3161,133.0421,2443.2089,2258.1414,1498.8086,484.9087,631.8507,1752.1843,673.1533,1393.9635,588.9595,55.5997,3015.0913,391.1835,32.9627,1148.9277,2265.6871,15.0913,53.2168,35023.4313,266.0842,683.0818,8110.2145,2220.8102,1405.8777,31.3741,10.3257,83.3995,78.6338,976.5687,2483.7172,450.7546,1283.9555,274.4241,92.1366,553.2168,51.2311,1419.3805,914.2176,126.6878,3337.9666,26.2113,6320.8896,418.5862,1594.5195,24.4877,194.5989,2291.8983,54.4083,338.7609,1266.4813,50.0397,278.3956,13.8999,5357.0294,969.023,541.3026,2677.5218,1565.5282,3564.7339,708.1017,2646.942,1320.0953,517.4742,377.6807,1278.3956,182.3153,1023.4313,526.2113,2.78,963.0659,963.4631,15.4885,428.9118,69.4996,180.699,36.5369,1314.9325,1344.718,4117.9508,3105.2383,2546.0683,922.1604,1753.7728,1245.83,1774.4241,1894.7577,205.7188,1776.0127,2401.9063,4604.8451,638.2049,393.1692,1052.8197,1619.1422,902.3471,1624.7021,1999.2057,1614.7736,1398.332,70.691,22.2399,915.0119,408.2605,1402.3034,5035.7427,187.0532,246.6243,115.1708,1955.5203,466.2431,301.8268,1129.865,45.6712,188.2446,263.3042,1458.3002,753.7728,1318.9039,1899.9206,3980.143,131.4535,67.911,1273.6299,10.7625,5387.2121,253.3757,505.9889,915.8062,4563.1454,2186.6561,27.7998,800.6354,608.8165,208.8959,594.5195,94.5195,7133.4392,31.3741,52.0254,1927.7204,36.9341,509.9285,3797.0612,7518.2685,0,1960.6831,1.5886,2979.7458,1841.938,1779.1898,609.1144,1666.799,52.0254,289.9126,3781.9698,221.2073,1292.2955,5532.9627,575.8539,659.2534,51.2311,308.5782,1402.3034,2799.8411,1037.3312,108.4194,420.969,131.8507,71.4853,16.6799,3174.3447,166.4019,5208.8959,22.637,7302.6211,42.8912,1.5886,33022.2399,5955.9174,307.784,322.6132,41.3026,27.4027,609.2137,0.7943,228.753,1024.2256,2020.6513,879.2693,1279.587,2209.6902,7860.2065,174.7419,543.2883,3.1771,1048.054,4.7657,1.9857,471.803,336.7752,12.7085,103.6537,3718.8245,262.9071,493.2486,0.4369,6301.8268,176.7276,269.6743,270.8499,465.4488,521.8427,863.3757,228.3558
TCGA-G9-6336-01,0.4,2458.581,7293.2844,0.5059,125.4585,658.151,206.3994,2389.2753,783.6095,463.8928,1277.8551,803.3388,1589.9836,444.6693,1180.7259,137.5996,75.3762,10.6235,37.9411,364.2342,1190.3377,16072.8468,46.541,872.1386,1769.5713,1813.077,8700.6399,1297.0785,319.2108,536.7295,1904.6415,6519.2867,38.9528,241.3052,1237.8905,678.3862,8.0941,61.2116,666.2451,558.9984,25838.8769,12.647,905.5267,9686.6068,5649.1716,2176.2995,150.2466,83.9762,2160.6172,368.2813,101.1762,1298.0954,688.5039,1525.7165,418.3635,1033.0087,1070.4439,650.5628,803.8447,25.294,360.1872,780.0683,1048.1852,1396.2312,1074.491,2504.1103,957.6325,3070.6969,9370.9371,896.9268,2.0235,1057.291,207.9322,198.8112,1368.9136,9843.4299,89.5409,412.7988,1743.2655,2229.417,905.0209,322.752,1022.3852,1744.2772,3895.7885,1542.4308,2737.3214,3862.9063,1987.6059,1077.0204,23.2705,1659.2892,1902.6179,1167.573,391.5518,489.6927,1768.5595,581.2571,1758.9478,699.6332,36.9293,2883.015,417.3517,12.1411,951.056,1709.3714,10.1176,28.3293,32229.6699,306.5638,866.068,5544.1305,1065.891,1792.3359,27.3176,8.0941,7.0823,14.6705,908.0562,2243.0758,425.4458,1368.4077,136.5878,63.2351,418.3635,28.3293,1481.2192,538.7631,36.4234,5112.432,45.0234,2455.0398,185.6583,1425.5723,22.7849,211.9641,1043.1263,22.2588,528.6455,1285.4433,18.2117,156.8231,4.047,7676.7421,989.503,256.4816,2209.1817,1316.302,3285.1903,971.7971,2770.2036,1616.7952,391.5518,183.6348,1894.5238,171.1749,1271.2786,281.7756,2.5294,844.3152,880.2327,5.0588,148.729,67.2822,154.2937,6.0706,862.5269,843.3034,4901.9856,2842.5446,2531.4278,1062.8557,1836.3475,1122.0438,2052.3587,1549.0072,144.176,1545.9719,2960.9207,7033.2617,881.2445,291.8933,695.0803,1036.044,1596.1502,1138.7378,1852.0298,1233.8434,2337.1696,38.9528,15.6823,729.9861,321.7402,1537.8778,3573.5424,97.635,240.2934,95.1056,1619.8305,382.4459,239.2816,378.9048,15.6823,197.2935,234.7287,1239.914,425.4458,1133.1731,2121.6643,3972.1766,128.9996,156.8231,2572.9101,25.3649,6013.4058,266.5992,292.7381,850.8916,2051.3469,2189.4524,5.0588,1027.9499,457.8222,225.117,619.1982,60.7057,6515.7455,16.1882,65.2586,1740.2302,23.2705,473.5045,3991.4,6861.2622,0,1709.8773,8.0941,3615.5305,2171.2407,1667.8892,821.5505,1093.7144,23.2705,174.023,5270.7727,149.2349,1132.6673,4434.0458,566.5866,1890.4768,54.1293,79.4233,1315.7961,3114.2026,1284.9374,51.094,398.6341,111.2938,69.3057,15.1764,1429.1134,76.388,7532.5661,11.6353,5697.2303,11.6353,1.5176,16931.8326,8618.6923,296.4462,209.3234,38.4469,12.1411,502.3397,0,217.0229,736.5625,1943.5943,856.9622,1983.053,2462.6281,8705.7038,99.1526,388.5165,12.647,938.9149,2.5294,0.5059,651.5746,307.5756,8.0941,27.3176,3635.7658,204.8818,238.2699,1.0118,6979.6383,26.8117,354.147,190.7171,290.3756,155.8113,1202.4687,266.5992
TCGA-G9-6342-01,5.433333333,2950.4087,6080.2906,1.0899,140.9628,600.545,340.7811,3102.2707,994.3688,694.2779,1645.05,839.6004,2062.4886,425.4314,1776.2035,173.297,127.5204,18.8919,25.0681,363.6694,1396.5486,19943.6876,39.9637,880.654,1643.5967,2109.3551,8028.6903,1123.7057,386.1944,547.8656,2102.4523,7662.4886,91.9164,245.9582,694.6412,469.0282,2.9064,93.0064,230.3361,688.8283,25674.1144,21.0718,739.3279,9753.3152,3310.445,1631.2443,180.5631,97.366,2235.7856,814.1689,63.5786,1746.0999,810.5359,2476.9519,505.3588,1177.8383,1434.6957,381.8347,728.792,34.1508,457.7657,907.9019,835.604,1419.4369,1473.2062,1758.4015,948.2289,3351.8619,7279.2007,805.0863,10.8992,1478.2925,170.9064,220.8901,1330.0636,9626.158,106.0854,764.7593,569.6639,2409.446,1145.8674,240.1453,824.3415,2020.3451,4146.049,1573.842,2308.4905,4683.7421,1708.2652,1569.8456,64.6685,2013.4423,2290.2816,1550.5904,474.4777,495.9128,1619.6185,747.3206,1533.515,1255.9491,32.3342,3267.9382,558.4015,67.9382,531.8801,1742.0527,13.8056,15.9855,31454.3143,353.8601,863.2153,5061.7584,846.1399,996.9119,26.5213,2.1798,25.0681,49.7729,1195.6403,2324.7956,352.4069,1533.8783,124.9773,90.0999,189.6458,29.0645,1449.5913,516.2579,67.2116,3845.5949,43.2334,9205.8129,350.5904,956.2216,34.1035,237.6022,1327.1571,39.2371,930.4269,1303.9055,31.6076,54.8592,4.723,5095.0045,1033.2425,901.7257,2347.6839,1637.4205,3076.8392,722.6158,3174.5686,1768.2107,595.822,200.9083,1917.8928,165.4932,2403.2698,388.3742,0.3633,1102.9973,535.8765,7.9927,127.1571,35.2407,188.9192,8.356,985.6494,990.3724,6213.2607,3165.8492,3128.792,552.2252,2014.1689,1089.555,1709.3551,1611.9891,75.2044,1496.0945,1799.0917,5428.5195,679.7457,143.1426,1300.9991,1204.3597,2076.6394,2200.9083,2756.7666,1056.8574,2326.2489,44.3233,13.4423,426.8847,383.2879,1802.7248,3320.6176,134.7866,128.247,92.6431,1642.5068,638.3288,248.8647,429.0645,19.6185,286.2852,273.5695,1356.9482,1514.6231,1217.802,803.2698,4776.3851,136.6031,60.3088,1705.3588,38.5286,4760.3996,318.6194,501.8274,1037.6022,2082.8338,1317.3479,15.9855,1109.5368,844.6866,299.3642,716.8029,70.4814,5670.4814,31.9709,52.3161,1929.1553,39.9637,541.6894,2171.8438,4603.8147,1.0899,1138.6013,2.5577,2850.4995,1603.2698,1620.3451,715.9092,872.6612,29.4278,187.1026,4640.1453,215.4405,1172.3887,5600,504.2688,1000.545,34.5141,180.5631,1649.0463,3835.059,1144.0509,67.9382,341.871,152.5886,115.5313,37.7838,1114.2598,200.1817,10310.2634,13.079,8068.3015,13.4423,0.7266,14951.4986,8229.9728,357.4932,268.4905,6.9028,23.9782,604.5413,0,285.9219,816.3488,3155.3134,1024.1599,2124.614,2380.3815,6135.8765,99.9092,425.4314,2.9064,543.1426,3.6331,1.8165,904.2688,523.8874,5.4496,44.6866,4457.0391,79.564,219.0736,0,7460.8538,65.7584,306.6303,264.8501,251.4078,105.7221,898.812,209.9909
TCGA-G9-6351-01,6.366666667,3129.1021,5957.4468,2.1637,123.6928,741.4353,234.4032,2495.1316,842.7696,649.8377,1442.4811,816.8049,1751.5326,358.8172,1272.2683,147.8543,90.8763,11.5398,28.489,422.2863,1564.7313,18253.1554,33.1771,777.4973,1219.2571,1918.8604,7026.3145,1236.2063,395.9611,542.7335,1987.3783,5511.3595,45.7988,205.1929,751.172,418.6801,8.2943,19.8341,355.211,624.5943,26779.661,15.8673,767.7605,12411.4677,3862.2431,1826.5417,190.4075,47.2413,2038.5864,479.625,102.4162,1453.1626,739.6322,1729.2499,368.9145,1264.3347,1054.4537,204.1111,783.6278,25.2434,394.8792,790.119,1055.1749,1336.8193,929.679,2483.5918,645.1497,3228.2726,7460.5121,887.4865,5.0487,1172.7371,563.6351,232.9607,2007.9336,9741.0746,104.2193,509.5564,1610.1695,2314.8215,1124.7746,238.7306,1278.7595,1767.7605,3429.8594,1610.8907,2519.6538,3471.3307,1910.2056,1362.4234,43.9957,2439.5961,2259.286,1074.6484,427.335,541.6516,1481.0674,601.8752,1446.0873,876.6679,33.5377,3145.33,487.9192,31.374,756.2207,1632.5279,6.1305,13.7036,42715.11,417.5983,970.7898,4115.3588,777.8579,1695.2759,15.5067,3.6062,24.1616,36.7833,858.2762,1847.097,763.0725,1479.2643,115.0379,67.0754,210.9629,17.3098,1461.2333,435.9899,80.4183,4123.3321,57.3386,4155.4273,129.1021,951.3163,16.722,180.3101,1524.3419,47.2413,537.0285,1147.8543,16.2279,118.2834,5.4093,10635.7735,908.0418,464.4789,2195.0956,1434.1868,2993.8695,1067.436,3036.4226,1715.8312,573.0256,312.6578,1896.502,147.6055,1384.0606,644.4284,0.3606,816.4443,872.3404,19.8341,174.9008,42.1926,160.8366,11.5398,858.6369,796.2495,4910.5662,3093.4006,2146.4118,643.7072,1969.7079,952.0375,1648.7559,1759.1057,106.0224,1539.8485,1928.2366,5906.2387,911.2874,184.9982,1018.7523,1147.1331,2303.1122,1754.057,1968.2654,1272.6289,1812.8381,33.5377,9.3761,643.3466,330.3282,1435.2687,4226.8301,127.299,120.4472,82.582,1592.4991,403.5341,219.2571,626.758,34.6195,218.8965,195.0956,1223.5846,761.2694,1345.4742,1172.3765,5810.6744,76.8121,145.33,912.7299,22.7479,5267.5802,296.0692,571.0314,1045.4382,2465.2001,2127.299,8.2943,1092.3188,688.7847,239.4519,661.0169,34.9802,5310.8547,17.6704,50.1262,2078.9758,21.6372,548.5034,4522.1781,4804.1832,0.7212,2033.8983,1.8031,4073.2059,1893.2564,1741.4353,744.295,1910.9268,60.5842,137.3963,3575.1893,228.9939,1098.0887,4783.6278,442.8417,1896.1414,13.7036,86.1882,935.449,2745.0415,1289.2175,74.2878,417.2376,138.8388,91.2369,7.2124,3262.5316,144.6087,2460.1515,15.5067,9252.4342,7.9336,0.7212,9479.625,8569.0588,338.2618,276.2063,14.0642,22.3585,600.0721,0,226.1089,731.6985,2192.5712,799.1345,2060.2236,1966.1017,7577.353,72.1241,489.0011,2.885,990.2633,0.3606,0.7212,728.4529,240.1731,3.6062,136.3145,2138.1176,42.5532,126.2171,1.0819,5589.9748,41.4713,350.1623,191.4894,256.0404,70.6816,952.6578,229.7151
TCGA-G9-6353-01,0.2,3308.0621,6571.0059,0.3698,160.8728,696.0059,420.1183,2311.3905,1036.6124,625,1468.1953,894.2308,1946.3757,439.3491,1132.0266,104.2899,64.7189,5.5473,20.3402,430.4734,1216.716,13752.2189,38.0917,946.0059,1443.0473,2247.7811,7693.7759,1113.5355,333.9497,673.8166,1923.4467,4449.7041,33.284,220.784,1321.7456,455.2515,9.2456,12.574,282.9142,1188.2396,22266.642,17.0118,785.503,8811.3905,4308.432,2306.213,185.6509,92.8254,1998.5207,371.3018,166.7899,1438.9349,583.9497,1184.375,267.7515,1090.2367,960.7988,343.9349,767.7515,44.3787,297.3373,730.0296,916.4201,1210.429,1216.716,1881.6568,1137.574,3024.4083,7856.1391,751.4793,2.2189,1124.6302,314.0865,195.6361,1776.2574,10112.0562,138.3136,532.1746,1495.1923,2320.2663,767.7515,96.8935,1007.7663,1865.7544,3341.3462,1400.1479,2624.5932,3490.3846,1775.8876,1384.9852,89.1272,2382.3964,1835.429,1517.3817,371.3018,534.0237,1596.1538,666.7899,1432.3225,723.3728,22.5592,3406.8047,353.1805,40.6805,832.4704,1670.1183,6.6568,16.642,27559.1716,245.5621,498.5207,4478.5096,1542.8994,1998.8905,28.1065,3.6982,5.5473,52.5148,839.1272,1938.2396,670.4882,1286.6124,213.7574,51.0355,284.3935,16.2722,1222.2633,460.0592,151.997,4007.3964,31.8047,1842.8254,212.6479,722.2633,17.9845,205.9911,2639.0533,42.1598,671.9675,970.784,29.9556,211.9083,10.355,5267.7515,982.2485,593.1953,2187.8698,1398.2988,4665.3107,839.497,2914.2012,1367.2337,551.0355,413.4615,1762.2041,223.8203,1353.9201,307.6923,1.8491,728.1805,820.2663,9.2456,319.5266,98.003,157.5444,9.2456,1352.071,685.2811,4693.4172,2582.0969,2620.1923,925.6657,2086.5385,1167.8994,1823.5947,1609.8373,84.3195,1505.5473,2484.0976,6262.2041,1092.8254,127.9586,708.9497,1408.6538,1995.7951,2107.2485,1691.9379,1272.929,2661.6124,28.1065,8.8757,937.8698,333.5799,1320.2663,2733.358,134.2456,128.6982,146.4497,1526.6272,560.2811,199.7041,868.3432,88.3876,234.4675,146.4497,1123.1509,1286.6124,1059.5414,2106.8787,6619.8225,99.1124,102.071,3146.0799,17.3817,3478.9201,286.2426,348.7278,780.3254,2095.4142,1902.3669,9.2456,998.5207,580.6213,271.4497,688.9793,67.6775,5342.8254,17.0118,60.6509,1762.9438,19.9704,485.5769,2353.5503,8329.8817,1.8491,1342.8254,2.9808,3404.216,1846.5237,1309.5414,659.3084,1182.6923,51.7751,314.7189,5020.7101,192.6775,954.5118,3531.8047,337.2781,3347.2633,26.6272,100.5917,838.3876,3218.9349,1061.0207,98.3728,354.6598,126.1095,92.1746,6.6568,3055.8432,220.784,8952.6627,8.8757,8416.4201,19.9704,0.7396,11234.8373,7448.5947,259.9852,202.0229,14.7929,15.1627,533.6538,0.3698,226.3314,696.3757,1176.7751,923.4467,1973.003,2511.8343,5934.5414,116.1243,463.7574,6.6568,863.1657,2.9586,0.7396,395.7101,413.8314,5.9172,233.7278,2175.6657,77.2929,444.5266,1.4793,4928.2544,22.929,346.949,184.5414,477.4408,154.5858,989.1864,441.1982
TCGA-G9-6356-01,0.866666667,3409.212,5406.5474,0.7613,218.5002,700.7994,456.7948,2967.263,1207.0803,799.0103,1821.85,741.5303,1749.5242,935.2874,1596.4979,138.1804,98.9722,23.2204,112.2954,476.9699,1256.1858,15596.8786,65.4739,711.4579,1661.5912,2514.6555,10083.7229,1349.448,547.0118,1055.5615,2501.3323,4805.8622,81.4617,339.9315,1743.8142,384.0883,16.3685,36.1629,647.8873,667.3011,22778.8352,23.6011,666.5398,7502.4743,3913.5896,3224.2101,229.9201,192.2345,2115.3407,618.1957,196.4218,1915.3826,796.3456,1267.9216,642.1774,1589.646,1118.7667,655.8812,770.8413,25.5044,487.2478,1001.9033,1363.1519,1787.9711,721.7358,2564.8725,1625.8089,4737.343,11318.9951,597.2592,5.3293,1368.4812,647.9977,237.1526,2461.7434,8380.2817,185.0019,1053.6734,1547.3925,2463.6467,1126.3799,205.5577,1106.5855,2008.7552,4277.5029,1618.1957,2373.4716,3740.3883,1477.3506,1267.225,47.9635,1980.5862,2382.9463,998.4774,633.0415,680.2436,2127.1412,885.8013,1423.6772,744.5756,37.3049,2767.796,535.9726,43.3955,840.8831,1459.8401,14.0845,54.8154,29377.9977,369.2425,879.7107,5085.9574,1169.0141,1652.8359,23.6011,12.9425,26.2657,55.5767,1111.1534,2519.9848,1033.1176,1416.064,192.2345,87.933,771.6026,75.3711,1627.3316,699.6574,157.9749,5622.0023,55.9574,2246.2885,509.7069,1349.8287,40.4568,274.8382,2020.9364,29.311,661.2105,1429.0065,85.649,298.8199,19.0331,6276.7415,1183.4793,778.0738,2171.6787,2074.6098,2397.7922,839.7411,2865.2455,1559.5737,601.8272,425.1998,1683.2889,198.74,2437.0004,518.8428,9.5166,947.4686,891.8919,11.4199,216.5969,167.1108,209.745,20.5558,2750.6662,815.3788,5430.9098,3437.7579,2458.3175,891.1306,2216.5969,1118.0053,1735.059,1597.2592,164.0655,2221.9262,2524.9334,6141.9871,1018.6525,428.6258,672.2497,2470.4987,2076.2238,1671.1077,2068.8999,1452.2269,1674.153,53.6734,30.8337,1140.0837,554.625,1382.5657,3950.5139,218.1195,160.6395,111.1534,1947.4686,401.2181,278.2642,1132.4705,106.9661,266.8443,325.847,1342.5961,936.4294,1249.7145,1444.9943,3115.3407,166.7301,86.0297,968.405,31.378,5413.0187,420.6319,481.3818,1173.9627,2789.1131,2392.4629,27.7884,943.2813,666.1591,311.0011,651.3133,68.5192,5910.1637,44.1568,59.764,1708.7933,36.5436,599.5432,4403.5021,4515.0362,0.7613,1874.7621,1.142,3206.319,1265.3217,1663.1138,871.9147,869.0522,649.7906,333.8409,4138.9418,230.6814,1320.5177,3720.2132,562.9996,902.5504,54.4347,245.9079,2061.6673,4164.0655,1191.4732,62.8093,330.4149,147.3163,111.5341,21.6978,1760.1827,373.4298,1088.3137,26.2657,6595.7366,23.9817,2.284,41616.673,8291.2067,395.5082,244.4195,15.6072,69.2805,665.7785,0,288.9227,1114.5794,1998.4774,711.8386,1964.2177,2820.708,7006.4713,108.4888,507.0423,4.5679,1045.2988,4.9486,0.3807,302.6266,631.1382,28.9303,105.8241,3484.5832,797.8683,276.3609,0,8036.9242,114.5794,329.6688,266.4636,482.6799,254.2825,807.7655,243.6239
TCGA-G9-6361-01,1.1,3161.5876,5510.953,8.4068,213.7256,633.7402,204.3489,2359.3889,919.8933,805.4321,1530.0299,993.9374,1704.6318,388.6509,1526.7965,218.2524,74.1282,7.4367,18.7535,456.8749,1491.2295,11771.0775,76.9542,787.3252,1247.4335,1796.4595,6271.4186,1323.0943,430.038,371.5011,1910.9207,3704.7935,70.4874,273.543,321.7202,414.5178,6.1434,4.8501,66.9307,626.6268,25990.4616,20.0469,682.5641,7678.9265,4970.6572,2004.6884,264.4895,77.6008,2121.413,382.1841,32.9804,1590.7073,789.9119,1208.4941,511.8422,1262.6303,1419.772,272.573,632.7702,35.5671,492.7653,827.7423,1177.5928,1318.2443,1283.0006,2162.8583,690.6475,3573.842,12115.1079,820.3056,10.0234,1207.9864,599.7801,340.1504,1865.0069,8799.2887,75.0141,589.1197,974.5372,2475.7902,908.8998,79.8642,1349.608,1937.7577,3627.1926,1796.4595,2866.0836,3520.8148,1509.6597,1190.8496,38.4771,2705.036,2171.5302,1451.1357,449.4382,292.6198,2237.1676,663.4872,1592.4339,724.5978,69.8408,2545.9542,440.3848,50.1172,816.7488,1352.1946,15.8435,18.4302,40959.9871,373.454,818.6889,4044.1937,1831.3798,1504.163,17.1369,6.7901,14.5502,54.9673,958.6937,2874.7878,381.5375,1410.3953,172.6619,96.3544,248.9694,18.4302,1427.2088,540.9425,189.7987,7021.5827,141.2982,7844.7983,449.1149,868.1594,11.5302,202.0855,1722.7387,16.1668,583.2997,1132.0023,78.8942,188.182,4.2034,4625.3334,1052.1381,1041.4679,2268.5312,1693.9617,2953.682,743.9981,2603.1849,2013.4185,623.7168,560.0194,1501.5763,160.8116,3463.2609,366.664,0.6467,1024.6544,476.2752,12.9335,371.8374,34.597,185.5953,18.4302,2140.1665,1301.1074,3648.2095,3306.436,2474.8201,950.9336,2182.2003,1024.3311,2047.6922,1064.1015,172.0152,1514.5097,1529.0599,4335.3003,413.8712,96.031,300.0566,1980.7615,1753.3781,1930.9676,1721.4453,1998.2216,1123.2722,39.1238,12.6101,941.5569,219.869,1332.1478,3594.8589,169.1052,165.8718,225.3658,1877.9403,479.5085,293.2665,1023.6844,30.0703,252.2027,319.7801,1272.6538,372.484,1432.0588,1095.4652,2223.9108,83.4209,77.6008,894.673,39.182,6070.6491,437.4747,524.1775,1337.9678,2472.5568,1080.915,10.3468,896.613,877.8595,275.483,632.7702,67.5774,5541.9934,12.6101,45.2672,1927.0875,12.6101,501.1721,2014.3885,2324.4685,1.6167,1199.2563,1.2933,4194.6488,2919.085,1444.0223,699.5328,1018.1877,22.9569,110.5812,3813.1113,224.0724,1480.236,4667.0439,427.128,1005.2542,14.5502,183.0086,1283.3239,2965.3221,1207.3397,80.8342,424.2179,141.6215,114.4612,7.4367,1314.0409,242.826,259.6395,9.7001,7836.0682,39.7704,0,13578.8538,7972.5164,199.8222,322.8583,123.1913,31.3637,689.3541,0.3233,212.109,1041.7913,2247.5143,829.0356,1968.798,2311.8584,6819.4972,130.6281,647.967,4.5267,1022.3911,1.94,0.6467,217.2824,447.8215,7.1134,216.3123,2313.1517,12.2868,265.4595,0,5179.5328,23.9269,250.9094,268.6929,266.4296,163.9285,1045.3221,136.1248
TCGA-G9-6363-01,1.733333333,1308.3248,3588.9003,1.0277,87.3587,568.3453,130.5242,1320.6578,522.0966,647.482,2016.444,421.3772,1386.4337,195.2724,1139.7739,191.1614,120.2467,20.555,17.4717,264.1316,2027.7492,17226.1048,80.1644,415.2107,571.4286,890.0308,8970.1953,1027.7492,423.4327,271.3258,970.1953,2415.2107,132.5797,225.0771,336.074,441.9322,10.2775,26.7215,66.8037,368.962,24395.6835,17.4717,662.8983,21283.6588,4867.4203,1702.9805,182.9394,69.8869,1299.075,602.261,85.3032,524.9435,1227.1326,1219.6814,552.9291,486.1254,760.5344,265.1593,1021.5827,20.555,787.2559,1007.1942,774.9229,526.2076,513.8746,2321.6855,613.5663,2358.6845,18836.5879,323.741,5.1387,1654.6763,448.5714,206.5776,1103.8027,8001.0277,87.3587,215.8273,692.703,1959.9178,1503.5971,218.9106,782.1172,1292.9085,6990.7503,1881.8088,2846.8962,1796.5057,1832.4769,689.6197,33.9157,1605.3443,4116.1357,627.9548,409.0442,346.3515,1721.48,463.5149,1614.594,404.9332,24.666,2031.8602,1040.0822,51.3875,435.7657,743.0627,23.6382,24.666,39352.518,685.5087,1315.519,2818.2939,634.1213,1106.8859,31.8602,4.111,70.9147,80.1644,822.1994,3090.4419,210.6886,1872.5591,280.5755,153.1346,159.3011,9.2497,1173.6896,744.0904,68.8592,3223.0216,18.4995,4503.5971,204.5221,676.259,26.1973,181.9116,843.7821,12.333,699.8972,1645.4265,83.2477,308.3248,5.1387,3373.073,1021.5827,317.5745,1735.8684,731.7575,1944.5015,914.6968,2471.7369,2527.2354,431.6547,254.8818,1270.298,121.3464,834.5324,270.298,2.0555,691.6752,688.592,3.0832,149.0236,9.2497,208.6331,9.2497,1023.6382,681.3977,5594.0391,5132.5694,1284.6865,494.3474,1694.7585,2214.7996,3115.1079,3174.7174,157.2456,734.8407,1460.4317,4102.7749,229.1881,215.8273,659.815,1301.1305,1893.6999,1142.8571,4337.1017,872.5591,1200.4111,136.6906,45.221,366.9065,127.4409,1054.4707,2729.702,181.9116,169.5786,90.4419,1092.4974,208.6331,395.6835,1448.0987,50.3597,268.2425,309.3525,2234.3268,536.4851,2042.1377,1756.4234,928.0576,39.0545,83.2477,260.0206,3.1141,6593.0113,412.1274,716.9168,1726.6187,1985.6115,1471.7369,18.4995,1340.185,613.5663,177.8006,317.5745,33.9157,6922.9188,40.0822,75.0257,1071.9424,19.5272,606.372,1771.8397,1806.7831,2.0555,790.3392,4.111,3451.1819,2613.5663,1898.2528,1128.592,1215.8273,8.222,97.6362,3541.6238,234.3268,1950.668,4920.8633,468.6536,672.148,16.444,66.8037,831.4491,3326.8243,2911.6136,86.3309,361.7677,123.3299,65.776,27.7492,446.0432,141.8294,726.6187,26.7215,4164.4399,13.3607,3.0832,15469.6814,8375.1285,311.408,398.4584,70.9147,31.8602,536.4851,0,632.0658,1252.8263,3350.4625,469.6814,2320.6578,1252.8263,8956.8345,177.8006,357.6567,0,1051.3875,3.0832,3.0832,308.3248,263.1038,12.333,87.3587,4821.1716,49.332,169.5786,1.0277,4400.8222,9.2497,234.3268,411.0997,348.407,105.8582,765.6732,96.6084
TCGA-G9-6364-01,0.4,3323.8813,4718.21,7.0891,206.0257,708.9056,597.6961,3642.0027,906.07,865.3079,2112.5388,547.6296,1892.778,403.1901,1403.6331,186.0877,64.6876,7.9752,19.938,628.2676,1843.1546,21199.3797,65.5738,668.1436,1614.9756,2442.623,9557.3638,953.035,536.5529,575.5383,3107.665,4573.7705,55.3833,247.6739,720.4253,46.965,2.2153,44.3066,60.7,987.1511,30077.5366,11.9628,341.6039,7409.393,2872.8401,2594.5946,297.7404,99.2468,1937.0846,490.031,172.3527,2897.0226,772.2641,1715.8042,469.65,1527.2486,1222.4191,279.5747,725.7421,36.7745,682.7647,698.7151,1213.5578,1659.2822,1492.2463,2396.5308,991.5817,5439.5215,8049.6234,976.0744,11.0767,1468.3208,803.5844,267.1688,1562.6938,8736.3757,82.4103,1301.2849,1813.9123,2906.07,1480.7266,636.2428,1053.611,1828.9765,3552.0603,2308.817,2326.0966,2788.2144,1415.1529,1151.0855,39.8759,2678.3341,2638.0151,795.7466,499.7785,328.3119,2187.4169,641.1165,1042.5343,1262.2951,4.4307,3388.5689,517.5011,42.0913,448.3828,1541.8697,5.3168,29.6854,32659.7253,400.5317,949.0474,3675.6624,1684.9801,1106.7789,23.4825,4.8737,18.6088,21.7102,1075.7643,2458.1303,532.1223,920.2481,179.8848,79.3088,578.6442,26.1409,1473.6376,326.5397,243.2432,5299.0696,9.7475,5360.6557,799.2911,619.4063,17.1289,167.0359,2239.2556,32.7869,817.8999,1250.3323,61.5862,113.868,8.4183,3016.8365,665.9282,470.093,1394.3288,2263.6243,2140.895,1157.2884,3774.0363,2214.444,667.7005,494.9047,2059.3708,95.9637,719.5392,758.086,2.2153,888.3474,591.4931,23.0394,243.6863,27.4701,167.479,18.6088,2758.9721,1108.1081,5927.3372,3128.4847,2482.0558,757.1998,1496.677,1204.6965,1944.1737,1859.5481,250.3323,1874.1693,1769.6057,5504.6522,953.4781,192.2907,642.8888,1858.2189,1115.2858,1807.7093,2044.7497,1735.9327,1510.4121,38.1037,19.938,984.0496,472.3084,1738.148,2731.0589,227.7359,100.1329,48.2942,1680.9925,469.2069,219.7607,1294.6389,196.2782,494.9047,236.1542,1464.7763,420.0266,1886.5751,511.7412,1996.4555,87.284,75.3212,891.4488,37.7758,4186.0877,280.4608,558.0062,1192.7337,1434.2047,1761.1874,7.0891,1138.6797,838.724,158.1746,491.8033,64.6876,8421.3558,12.4058,45.6358,1233.4958,30.5716,657.953,2557.8201,4682.7647,0.8861,1993.7971,2.6584,3563.58,1656.1808,1646.4333,910.895,639.3443,15.5073,161.7191,2763.4027,165.7067,1563.58,5077.5366,442.1799,1154.187,9.7475,169.2512,1902.5255,3894.5503,1147.541,149.3132,304.8294,143.9965,47.8511,11.0767,216.2162,172.7957,1283.1192,23.0394,7430.6602,23.0394,0.4431,16118.2986,7787.7714,396.9872,248.529,27.9132,25.2548,609.6588,0.4431,171.9096,1490.031,2723.0837,449.2689,2046.5219,1985.8219,4402.747,68.6752,526.8055,0,873.7262,2.2153,0.4431,296.4112,592.8223,11.9628,355.3389,2594.5946,23.9256,264.5104,0,5372.1755,8.4183,299.9557,205.5826,266.7257,172.7957,554.2756,203.3673
TCGA-G9-6365-01,1.133333333,2339.2535,5918.589,5.8284,187.1951,573.5851,192.3379,1807.8387,725.4669,758.0374,1818.8099,815.9788,1565.1022,497.8156,846.4923,203.309,96.6832,9.9426,50.0558,483.7589,1419.0488,8868.4551,106.9686,811.5218,1259.2815,1586.0159,8184.1232,1259.2815,403.1895,596.2028,1660.7568,3875.5564,62.0555,253.3648,738.4951,226.9655,6.857,72.341,464.5594,470.0449,27477.9141,17.1424,689.1249,8379.8964,4019.8955,2853.8687,229.3655,180.681,1730.0122,255.0791,137.4821,1153.5883,654.1544,1242.0877,482.3875,1328.8797,1104.9998,811.5218,605.1271,43.8846,521.1293,914.0334,1182.1407,1449.5623,1037.8016,2633.023,1335.7367,2507.2491,16300.719,807.7504,16.4567,1258.5958,550.052,291.0781,1860.2945,8768.6863,181.7096,766.9515,2467.8216,3220.7163,706.6102,156.3388,1404.992,1783.4965,3501.1661,1939.8353,2130.9595,3498.4233,1986.1198,1411.1633,61.3698,2277.1979,2251.1415,1028.5447,402.161,381.5901,2094.4598,457.0167,1511.6178,573.5851,141.5963,2220.628,412.7893,48.3416,777.9226,1088.2003,12.6854,36.3419,28415.6041,431.9888,1006.9452,6592.1897,2584.7328,1329.9083,26.7422,7.8855,12.3425,69.2553,865.3489,2559.0192,1094.0287,1375.5071,108.6829,124.7968,452.5597,36.3419,1546.5884,826.2642,244.7936,4308.9165,32.2277,4620.2227,95.3118,1181.455,25.621,184.1095,2814.0983,71.6553,424.1033,1245.2248,98.0546,189.9379,8.2284,6184.2964,934.9471,734.7238,2032.4043,1521.5604,3131.5757,717.9242,2904.6102,1531.8459,386.39,414.5035,2139.7158,158.0736,2656.7309,242.7365,1.0285,769.0086,854.0349,9.9426,459.0738,88.4548,203.9947,33.942,2413.3087,937.6899,5156.7802,2752.0256,2019.7189,989.8028,1916.1788,1401.5636,1993.6625,1986.4626,343.1911,1281.9095,2156.8582,4559.1957,709.353,171.0813,482.7303,2308.74,1867.748,1795.1533,1929.207,1388.5353,1338.4795,51.7701,20.5709,916.7762,330.8485,1375.8499,3509.3945,145.3676,411.7607,166.6242,1474.2474,345.9339,259.879,2185.6575,59.3127,265.7074,329.82,1352.8791,1192.4261,1252.7674,1563.7308,1496.8754,85.0264,128.5681,629.8122,24.7674,5453.6868,360.3335,528.2606,1193.1118,2354.3388,1668.2995,12.6854,889.3483,625.0123,307.5349,591.756,293.8209,6804.1659,30.1706,55.8843,1635.7289,19.1995,507.0725,4478.6264,4250.6323,1.7142,980.8888,2.0571,3366.7696,2550.7908,1538.7029,590.4635,837.5782,61.027,282.8498,3623.2201,271.5358,1582.9303,4838.9599,457.3595,647.9832,40.7989,286.964,1584.3017,2756.4998,1188.312,83.655,405.9323,159.4244,75.4266,22.628,457.3595,158.3959,235.1939,17.8281,8337.3832,48.6844,1.7142,22504.9006,8795.0856,258.1647,319.9323,29.1421,21.9423,870.4917,0,280.107,1109.114,1756.4115,958.9465,1993.6625,2553.1908,5430.0302,315.0775,614.0412,1.3714,945.9183,2.0571,2.7428,239.3081,421.0176,9.9426,248.2221,2971.4656,302.735,381.5901,1.7142,4772.7902,65.8269,284.2349,250.6221,371.3046,175.8811,624.3266,327.4201
TCGA-G9-6377-01,2.733333333,3299.1004,3973.7631,4.4978,137.1814,575.7121,294.2279,2934.033,931.4093,615.0675,1328.7106,1012.7436,1697.901,333.958,1310.3448,243.2534,53.2234,7.8711,53.5982,371.8141,1067.4663,15514.2429,121.4393,548.3508,1754.1229,2070.8396,8068.958,1258.2459,451.6492,495.1199,2387.931,3426.5367,112.8186,260.4948,281.1094,281.1094,8.6207,22.8636,184.7826,670.9145,18896.5517,20.2399,893.1784,7711.7691,5070.8396,1960.6447,100.4498,100.4498,2438.9055,506.3718,89.2054,1676.5142,1011.2444,2141.2444,373.3133,1182.9085,1259.3703,269.1154,707.6462,25.8621,414.1679,908.5457,1329.0855,1069.3403,1182.9085,3254.1229,1106.072,3251.4993,14226.012,980.8846,28.1109,1091.4543,334.7376,239.5052,994.3778,9285.6072,178.4108,471.8891,1071.5892,2006.7466,895.0525,176.9115,959.8951,1742.5037,3770.6147,1201.2744,1878.7969,4778.1109,1838.081,681.0345,247.0015,1552.099,2276.2369,1356.8216,369.5652,687.7811,1404.4228,549.8501,1586.5817,839.955,85.0825,3414.9175,569.3403,13.4933,2401.4243,2253.7481,10.4948,31.4843,38372.9385,507.8711,980.5097,3999.599,966.6417,1716.6417,16.4918,10.1199,88.4558,49.1004,996.6267,2586.5817,686.2819,1069.3403,85.0825,70.4648,347.4513,22.1139,1428.7856,871.0645,64.8426,6656.6717,65.5922,3431.7841,180.2849,919.7901,24.0967,198.2759,822.3388,17.991,403.6732,1501.8741,49.8501,228.6357,28.4858,4083.5832,919.7901,155.922,2094.078,1509.7451,3422.4138,946.4018,3273.988,1805.4723,481.6342,211.3943,2021.7391,119.5165,2471.1394,190.7796,1.4993,859.0705,549.1004,1.8741,60.3448,28.4858,145.8021,9.3703,1141.6792,1132.6837,4354.5727,3586.5817,2530.3598,1001.8741,1990.2549,1411.919,1937.0315,1621.8141,74.5877,1997.0015,1747.3763,6279.2354,538.6057,331.7091,1049.8501,1000,1480.3148,2081.7091,1738.7556,1969.6402,1841.0795,35.982,10.1199,619.94,452.7736,1462.8936,3880.4348,143.5532,164.9175,94.8276,1774.3628,818.9655,220.3898,522.4888,6.7466,148.051,164.9175,1494.3778,608.6957,1247.0015,655.5472,4700.5247,96.7016,133.8081,2306.9715,28.2009,8802.8486,343.3283,479.0592,1092.2039,2414.9175,2274.3628,21.7391,830.9595,577.5862,221.8891,747.3763,41.979,5528.1109,22.1139,55.0975,1853.8231,27.3613,467.7661,14390.1799,4065.2174,2.2489,2162.2939,2.6237,3157.4213,6968.5157,1775.4873,1021.3981,7133.8081,15.3673,91.4543,4289.7301,186.6567,1486.8816,4995.5022,504.1229,395.8021,17.2414,324.5877,1083.2084,4438.1559,1185.1574,85.4573,333.2084,81.3343,69.7151,13.8681,2798.7256,93.7031,1723.3883,9.3703,7352.6987,25.4873,1.4993,20585.0825,7565.2174,423.1634,204.3628,46.4768,76.087,598.9505,0,305.4723,736.8816,2433.2834,759.3703,1846.3268,2157.7961,13872.1889,73.8381,282.9835,1.4993,763.1184,0.7496,1.1244,310.7196,235.0075,5.997,24.7376,3004.1229,197.1514,481.2594,0.7496,7639.0555,21.7391,255.6372,192.6537,250,88.081,1234.97,189.2804
TCGA-G9-6384-01,0.466666667,3004.6395,5125.267,1.4729,160.8366,1110.5383,1278.7392,4669.5633,1429.8549,1202.1504,2841.7409,708.4469,1724.722,524.6336,2392.8124,279.5493,92.4958,34.7596,65.9842,616.2457,1669.9315,11850.3572,41.2402,482.2152,1658.4432,3310.4058,9043.9384,1066.647,405.9209,1834.574,4413.2852,7497.4593,49.1936,243.0223,806.2449,232.1231,18.2635,44.775,166.4335,903.1593,17188.6,22.9767,416.8201,10039.62,2439.944,3002.8721,294.5725,116.6507,2682.9663,1095.8097,223.5805,3498.3195,1044.2595,2388.1641,644.2301,1567.4203,991.2365,493.1144,726.1212,37.1161,508.1376,1004.7868,960.8955,2406.9519,930.8491,2242.5775,1428.3821,7369.9094,9798.0706,1067.8253,18.5581,1986.597,477.8555,417.4092,1863.4656,6808.1597,452.7579,1167.6854,2058.1781,3338.3902,1361.8087,814.493,733.191,2707.7104,5600.707,1766.2567,2939.0618,3591.4279,1514.3972,994.7713,27.1007,2198.9837,2951.0273,886.0741,720.8189,938.2134,1286.1035,998.8954,1098.4609,1160.0265,40.9456,3025.8487,944.1049,68.6354,981.5156,1966.2714,30.9301,41.2402,28468.9594,414.1689,584.1373,4462.2432,774.7257,1010.9728,12.6666,16.4961,67.7517,73.9377,1855.2176,1814.8612,942.3374,1327.0491,96.9144,62.1548,581.1915,41.5347,1413.948,654.8347,336.6964,6641.4316,35.9378,5852.861,369.9831,719.346,19.3151,235.658,1535.0173,30.6355,871.9346,1670.5207,75.4106,150.5265,36.2324,12985.0504,1328.2274,1068.4145,1775.0939,2982.8412,2236.3944,1098.4609,3396.1264,1762.7218,442.1533,346.4173,2932.7638,131.4324,2570.7342,438.0293,3.5349,863.6866,1201.5612,12.0775,208.2628,58.9145,203.5496,32.403,2221.3712,1264.0106,7039.9882,3640.9102,3199.0574,711.6872,1884.6749,1028.058,1684.9547,1492.3043,52.4339,2853.5238,1867.0005,6629.6487,1205.0961,237.72,1437.8084,2130.0538,1276.1382,2438.7657,2146.2552,1236.6154,1959.2017,49.4882,11.4883,720.2298,474.8509,1468.7385,2689.7415,130.201,136.6816,65.1005,1959.4963,452.7579,237.1309,995.6551,20.0309,337.8747,622.1371,1047.7944,2244.6425,987.7016,1300.243,7215.848,106.0461,167.0226,3898.3725,70.2055,11335.1499,503.4244,517.6169,1302.8942,2211.9449,2528.6104,23.2712,1367.9947,604.7573,222.1077,725.5321,42.4184,4997.7171,26.217,47.1316,1371.235,133.7359,976.8024,2949.849,5879.3726,0,2657.6331,6.3981,3299.5066,3666.2494,1746.2258,741.6688,4754.9893,32.9921,212.3868,4261.875,162.0149,1513.2189,5303.7779,559.0986,1688.7842,34.1704,258.6347,2577.2148,4488.6958,1492.0097,93.0849,280.433,122.8367,56.5579,17.3798,1151.7785,383.5334,6346.8591,25.3332,10397.8202,57.1471,1.7674,17065.1742,7448.8548,512.8507,188.9653,15.3178,47.1316,779.1443,0,301.6422,1166.2125,5798.0706,470.4323,2188.3791,1913.2484,6810.8108,121.0693,474.8509,2.062,737.9041,1.1783,0.2946,1017.1588,537.5948,9.1317,69.8137,2990.7946,21.5038,214.4488,0,6691.8035,97.5035,320.8012,271.3013,396.4946,64.5114,2627.03,418.8821
TCGA-G9-6385-01,0.4,3014.5081,6203.4678,1.0616,171.9745,757.9618,460.0142,2938.075,1177.2824,607.5725,1890.3043,735.3149,1935.9519,456.1217,1443.7367,138.3581,87.4027,19.816,36.8011,350.6723,1446.5676,13995.3999,18.7544,931.3517,1553.7863,2749.1154,9836.1571,1327.6716,319.5329,1244.1401,2304.3171,6857.7495,60.8634,216.9144,1319.8868,375.7962,3.1847,3.5386,335.8103,749.4692,20174.4515,20.1699,861.288,8563.6943,3527.9547,2507.7849,247.6999,66.5251,2040.3397,572.8946,124.9115,1601.4402,641.189,1557.4664,576.787,1426.7516,1103.6801,590.2335,734.9611,39.632,416.8436,925.69,863.4112,1691.4367,825.9023,2116.3942,1231.7764,3888.8889,7477.707,849.2569,6.0156,1376.15,339.1507,268.5775,2781.3163,10033.9703,110.7573,826.2562,1638.0042,2282.0241,1203.1139,475.5839,1486.5534,1954.7063,3635.8811,1464.6143,3189.041,3624.9115,2209.4834,1470.276,38.9243,2018.4006,2311.7481,896.3199,524.4161,983.0149,1745.5768,709.4834,1228.2378,637.2965,19.4621,3086.3411,421.0899,37.155,750.1769,1648.2661,20.1699,36.8011,25169.1437,254.7771,621.373,5875.1522,1458.2449,1174.8054,16.9851,9.5541,14.862,36.4473,1059.0941,2036.8011,1139.0658,1422.5053,100.1415,66.1713,598.0184,53.0786,1435.2442,374.0269,187.1904,4594.8337,49.8938,1778.1316,83.8641,1002.1231,38.2626,231.4225,3197.4522,58.7403,539.9858,1157.1125,49.54,257.6079,7.0771,6115.3574,1229.2994,490.7997,1950.46,1905.5202,3014.5081,1007.431,3300.7785,1447.2753,538.5704,277.7778,1924.6285,252.8096,719.7452,528.6624,2.1231,758.6695,883.2272,15.2159,419.3206,74.6638,185.4211,15.9236,1339.7028,484.7841,5023.7084,3042.109,2769.2852,682.5902,2041.0474,1053.7863,1714.4374,1520.5237,140.4812,2001.4154,2088.4643,5880.7502,1272.4699,188.6058,1471.6914,1606.511,1737.6929,1551.6631,2013.4466,1271.4084,3265.0389,34.3241,15.5697,905.5202,441.2597,1188.6058,2907.9972,115.7113,259.7311,114.6497,1656.051,368.3652,208.7757,1166.6667,58.0326,228.5916,198.8677,1076.0793,829.7948,1093.0644,622.0807,3581.3871,135.8811,199.5754,2350.3185,35.4742,5381.8117,342.5336,371.8719,1032.201,2720.0991,2083.8641,4.2463,1343.2413,677.2824,307.5018,889.5966,78.2024,6778.1316,20.5237,75.0177,2152.8662,49.8938,596.2491,2488.3227,8421.4437,1.7693,1455.414,3.9526,3896.6737,1329.087,1555.5556,770.1203,1450.8139,139.4197,765.3928,4632.3425,221.5145,1138.3581,3669.4975,378.627,2215.8528,9.908,73.2484,986.1996,3226.8224,1489.0304,76.787,464.6143,127.7424,77.8485,15.9236,4778.4855,134.1118,7020.1699,12.385,4797.2399,18.4006,0,16751.2385,8066.1713,386.4119,241.6985,15.9236,18.0467,625.2654,0,226.8224,938.075,1603.6801,773.1776,1890.3043,2627.7424,6260.0849,84.218,397.7353,2.1231,933.4749,12.7389,1.7693,563.3404,500,8.8464,222.9299,2951.5216,65.4636,121.373,0.7325,5274.2392,15.5697,458.6164,215.8528,451.5216,81.741,1606.8613,200.2831
TCGA-G9-7522-01,0.3,2732.1949,4952.381,1.9436,137.9981,694.4329,567.5413,3078.9949,774.6772,575.3158,1740.386,721.0884,1721.7826,320.1444,1672.3587,206.3029,78.3007,8.3299,47.2026,471.4702,1458.0036,20883.7984,72.1921,777.4538,1390.8094,2160.4887,8754.6772,990.6983,278.2174,806.0475,2622.2407,6104.4009,50.8122,188.8102,787.172,195.7518,14.1608,44.4259,174.0941,1016.2432,29669.3045,9.9958,607.247,11853.9497,3853.3944,2409.5516,247.9522,86.6306,2207.4136,587.8106,130.7788,1884.301,739.9695,2080.6942,293.7665,1419.1309,1003.4708,257.9481,1019.0199,26.9332,441.7604,821.3244,1109.8154,1566.2918,876.0239,2530.3346,913.7859,4440.0944,7405.5255,792.7253,3.8873,1554.63,432.7919,310.7039,1542.9682,8498.4034,143.5513,654.1719,826.6,2761.6271,969.0407,253.2278,915.4519,2235.7351,4213.5221,1609.6071,2339.167,3835.3464,1719.006,1085.1034,34.1524,2375.1215,2251.8395,1083.4375,496.4598,894.3496,1387.7551,736.6375,1339.1642,699.9861,22.7683,2891.2953,674.4412,52.4781,473.1362,1644.5925,6.9416,44.4259,36049.5571,323.4763,628.9046,3511.4202,864.3621,1031.5146,30.5428,9.1628,13.3278,54.9771,1193.947,2034.1524,751.6313,1254.1996,108.5659,69.9708,492.0172,30.2652,1518.2563,763.2931,174.9271,4592.8086,31.0982,3173.9553,277.1068,765.2367,11.0732,131.8895,1195.3353,26.3779,770.6317,1579.0643,72.1921,314.0358,10.2735,11435.2353,1154.519,642.2324,2072.7475,1719.006,2693.3222,1144.8008,3330.8344,1644.3149,336.8041,319.0337,2354.2968,121.0857,1045.6754,314.3135,1.9436,778.8421,783.5624,10.5512,125.2256,70.5262,153.8248,9.1628,2011.1065,751.3536,5771.7618,3251.1426,2821.6021,658.3368,1939.192,1261.4189,2248.2299,1361.0995,163.2653,1656.8097,1866.4445,7241.7048,1042.0658,256.0044,792.7253,1471.6091,1322.0963,1825.9059,1984.4509,1488.8241,1843.6762,32.2088,9.7182,679.4391,360.1277,1349.9931,2661.9464,212.9668,137.1651,94.9604,1683.4652,362.6267,252.6725,740.5248,29.1545,285.4366,208.5242,1408.8574,944.6064,1384.7008,1562.1269,3727.8912,67.1942,170.7622,1539.6363,41.4605,5944.1899,359.0171,562.163,1044.8424,2207.9689,2736.3599,12.4948,1300.8469,664.723,189.0879,521.7271,125.5033,4930.7233,19.1587,72.4698,1504.3732,56.3654,517.5621,2422.324,6984.0344,0,1486.8805,4.9979,2929.0573,1797.3067,1785.0895,865.1479,650.5623,24.4343,158.8227,4401.4994,174.6495,980.7025,5180.8968,498.1258,1090.379,19.714,122.449,1896.7097,4816.8819,1329.4461,103.568,459.2531,150.7566,86.9082,5.2756,792.4476,264.0566,6032.2088,19.4363,11767.5968,19.4363,0.5553,15628.2105,8928.7797,430.6539,239.5085,25.2672,41.094,565.5977,0,253.2278,686.3807,1843.3986,601.4161,2301.541,1860.0583,6617.2428,64.9729,427.5996,2.499,917.9509,0.833,1.3883,364.2927,428.9879,10.8288,138.2757,2219.6307,59.4197,223.2403,0.8802,5853.3944,29.9875,276.8458,259.8917,286.2696,125.5033,1068.9935,200.7497
TCGA-HC-7081-01,8.466666667,3207.5285,5395.7405,7.9247,188.7073,1093.1154,2238.732,3536.8995,1575.0371,718.6726,2625.0619,754.3338,1858.3457,401.1887,1875.681,257.0579,111.4413,47.5483,126.7954,670.629,1241.2085,15888.0634,99.5542,674.5914,1746.9044,2722.635,8839.4799,917.2858,550.2724,1299.6335,3265.9733,5242.1991,97.5731,212.9767,249.1332,344.2298,19.8118,28.2318,63.3977,1015.3541,28102.0307,28.7271,500.7429,16701.3373,4228.3309,2696.8796,297.6721,241.2085,2390.7875,1309.5592,327.3898,3038.9599,981.6741,1543.0411,625.0619,1562.6548,860.8222,505.2006,850.9163,31.2036,566.6171,977.2164,947.9941,1807.8257,1050.0248,1342.7439,2291.7286,8358.5934,7091.6295,911.8375,1.9812,2006.9341,1851.1392,499.2571,1839.5245,8712.2338,249.6285,874.6904,978.7023,3055.473,1276.3744,213.9673,891.5305,2314.5121,5449.7276,1785.5374,1918.2764,3625.0619,1673.6008,961.367,53.4918,1421.0005,2678.0584,1217.9297,769.1927,609.2125,1551.263,1010.4012,1004.4577,599.3066,0.9906,2759.2868,725.6067,69.8366,418.0287,1614.6607,29.2224,100.5448,30618.1278,411.5899,1361.5651,3490.9163,1074.7895,939.574,21.2977,8.9153,24.2694,56.9589,1360.0792,1813.7692,358.5934,816.741,149.0837,73.7989,2003.4671,108.4695,1324.418,811.2927,758.2962,4064.8836,8.42,7456.6617,1103.5166,446.2605,58.841,237.2462,2809.3115,19.3165,931.5849,1434.8687,296.6815,400.6934,22.7836,2075.2848,1113.9178,1600.7925,1873.2046,2495.2947,2021.2977,750.3715,3660.7231,1721.6444,509.163,526.003,2263.0015,84.0267,1449.7276,314.5121,8.42,1294.7003,1206.5379,4.4577,374.9381,11.3918,181.7732,25.7553,6889.054,404.6558,6828.628,3295.1857,2257.0579,850.9163,2563.6454,1040.1189,1692.9173,1264.9827,10.4012,2289.7474,1572.5607,7870.2328,1075.7801,556.7112,533.4324,3842.4963,1917.7811,2514.1159,2595.8395,1668.6478,1664.1902,40.6142,30.213,1652.7984,382.8628,1847.9445,2775.1362,143.6355,722.635,83.7048,1670.1337,578.004,208.0238,1921.7434,11.3918,264.4874,256.0674,1323.9227,3208.0238,1822.1892,1160.4755,7391.7781,118.8707,226.845,948.9846,96.2754,5600.2972,401.684,514.844,1191.1838,1884.101,1650.8172,25.26,1025.7553,606.736,232.2932,777.1174,43.0906,4912.8281,30.213,14.8588,1382.8628,89.6483,726.102,1859.3363,2407.1322,0.4953,1072.313,0,2867.7563,3013.8683,1469.0441,848.2467,1081.7236,24.2694,331.3522,3847.4492,152.5508,1614.1654,3611.689,823.1798,1241.7038,29.7177,24.2694,6260.525,3822.1892,1309.5592,115.4037,234.2744,163.9425,75.7801,38.633,359.0887,552.2536,3592.8678,15.3541,1471.0253,33.68,2.4765,24021.793,9947.0035,508.1724,184.4973,216.4438,118.8707,568.5983,0,280.3368,1504.7053,2163.9425,575.5324,2097.5731,2373.4522,5704.8044,306.5874,369.9851,1.4859,676.0773,3.9624,6.4388,1024.7647,831.5998,262.5062,15.3541,2493.8088,20.8024,661.7137,1.9812,7388.8063,5.9435,351.1887,251.6097,212.9767,191.1838,594.8093,186.2308
TCGA-HC-7211-01,0.366666667,3232.9696,4613.9782,1.1796,143.3206,1415.8065,2911.5305,5265.4084,1936.8918,1628.4282,3324.683,606.0159,1805.0723,134.7685,1987.6143,374.5208,168.9767,27.7204,45.1194,712.4742,1781.7753,16397.8178,6.4878,595.1047,2273.3707,3712.1793,11183.9841,1058.3899,306.6942,1485.9835,2969.0357,6828.6641,104.6889,350.3391,246.8298,206.1339,6.4878,1.1796,71.6603,922.1469,14770.8641,11.7959,474.7862,7944.854,4723.9752,2428.1923,277.2044,148.9236,3365.6738,1005.898,302.5656,4744.0136,1011.501,3061.8549,516.6618,2177.5288,1060.1592,364.7891,860.2182,19.1684,628.1333,1099.9705,1127.6909,3022.1174,1494.8393,2876.1427,976.703,8611.3241,6973.1643,1101.7399,26.5408,2585.6679,307.9298,547.6261,1104.6889,6315.5411,691.8313,634.0313,1553.8189,3196.992,1809.4957,291.9493,883.8101,2662.3415,7445.8862,1000,2519.6107,4313.182,1495.1342,813.0345,42.1705,1595.9894,3900.3244,985.55,788.8528,2544.6771,1449.1301,1285.7564,1017.9888,1067.8266,22.1174,3406.9596,1132.4093,86.995,1465.6444,2479.5046,19.4633,52.7868,29252.138,364.1994,636.3904,47918.7526,313.7717,589.7965,17.6939,41.8756,7.6674,14.7449,2342.082,1359.1861,448.2454,2345.9157,224.7125,66.9419,633.4415,111.4715,1796.5202,579.1802,197.5818,7966.3816,51.3123,514.0077,78.7378,921.2622,28.0832,265.4084,646.7119,14.1551,823.238,2473.9015,69.596,157.1808,45.1194,15414.9219,1779.4161,915.3642,1408.1392,3591.271,2112.6511,1831.908,4448.8352,2788.8528,622.5302,151.5777,3223.238,117.8915,1356.2371,189.9145,1.1796,1310.233,1258.6258,10.3214,65.7623,22.1174,182.2471,10.6163,913.2999,597.4639,6268.9472,3527.2781,2682.0997,491.0056,1974.049,1120.3185,1605.1312,1456.2076,24.1817,2901.7989,1935.4173,11068.4164,1007.6674,739.8997,1108.8175,1291.3595,1209.7434,1973.7541,2856.0896,1352.9932,2020.0531,48.9531,20.0531,407.2545,672.368,1687.1129,1999.1153,192.2737,116.7797,112.946,2020.0531,737.2457,256.8564,241.5217,7.3725,421.7045,256.8564,1068.7113,1643.1731,1562.6659,715.1283,4011.2061,157.7706,1409.9086,5211.1472,146.65,13866.4111,508.6995,741.4303,1678.5609,2051.0174,3501.6219,5.898,2437.0392,645.2374,214.391,833.3825,26.8357,4166.6175,32.1439,61.6337,1747.5671,128.8705,1003.2439,2653.4945,7216.7502,0.8847,1841.6396,6.4878,2338.2483,6002.0643,2177.2339,1270.3273,1958.1244,17.6939,93.1879,4109.7022,186.3757,1199.6461,3176.0543,932.7632,473.6066,28.3102,89.6491,1473.9015,4267.1778,3503.0964,43.9398,379.2392,102.6246,133.5889,16.8092,1265.1135,185.7859,16587.4373,18.5786,18375.9953,28.0153,0.2949,11795.3406,8016.2194,1021.5276,250.348,9.4367,53.6715,501.327,0,294.0136,950.752,5023.8868,434.68,2369.8024,1455.6178,11871.7193,63.9929,370.6871,1.7694,871.1295,1.1796,0.8847,887.9387,380.7137,12.0908,18.5786,2352.4034,1086.1103,421.1147,0.8847,4421.7045,20.348,355.3878,296.6676,151.8726,169.8614,3906.0955,161.6042
TCGA-HC-7212-01,0.766666667,3149.3635,5480.3057,1.2718,305.5566,1277.8689,1997.0875,5370.2926,1116.3468,725.8957,3458.7355,750.3784,1688.3513,274.3968,5199.2318,406.6669,272.1298,25.7545,31.4777,453.4066,1749.3991,22094.1916,28.9341,580.5894,1361.4916,3078.4591,9911.325,1011.739,656.899,1645.424,4750.9125,3631.3862,101.1103,320.1826,166.2915,896.0026,4.4514,172.6506,19.0774,811.1081,17675.544,16.5338,385.0458,12520.8262,2679.7411,3354.4457,197.7692,47.0576,2878.4641,1464.5096,145.9422,3641.9392,1379.6151,1856.1436,602.8464,2117.9112,1156.4094,166.6094,738.614,13.3542,840.0422,1365.625,1059.7505,2378.9538,1091.2282,1931.6997,1175.1688,8503.1223,9605.1611,1184.3896,24.1647,2727.4346,381.0777,477.5713,1576.4305,7706.0043,207.6259,1043.2167,1339.2346,3316.2908,762.4607,131.9521,942.1064,3100.3981,6810.3196,2107.1006,2392.7754,4821.499,1704.5671,1170.0815,13.9901,1847.0118,4248.2226,1020.9597,796.1642,406.349,927.7983,738.296,1098.8592,1172.9431,74.7199,2587.8515,1198.6976,140.537,575.82,1986.277,32.1137,27.0263,34183.8681,488.3819,1134.7883,5252.2098,362.7889,672.7969,28.9341,3.4975,3.1796,24.1647,2148.435,2078.4845,168.8351,1304.5773,101.7462,49.2833,459.1298,41.0164,1903.2902,627.329,176.4661,8871.9524,41.3344,9707.8612,420.3391,1009.1953,35.573,204.1284,879.4689,43.2421,307.1464,1863.5456,54.3706,510.9568,8.9028,3806.5804,2200.8979,1355.4504,2047.9606,1798.3644,2140.4861,629.2368,3591.3236,1673.4074,561.5119,209.2157,3172.2563,108.3788,4556.9588,903.3157,4.1334,1522.6958,770.7276,4.4514,101.4283,11.7644,246.7346,14.626,2016.4829,749.1065,6343.8768,4402.7433,2481.3359,408.5747,2046.3708,1072.4687,1695.9823,748.7886,13.0362,3097.5365,2025.0677,4858.064,966.5891,254.6835,840.6781,1425.4009,1710.9199,2116.9573,3492.439,1940.1732,1474.6843,62.9555,12.0824,528.7624,481.7048,1732.2294,3421.5346,153.2552,130.6803,56.2784,1930.3166,702.0489,227.3392,697.5975,15.8978,558.6503,124.9571,1377.0715,2423.4678,2293.7413,566.5993,7782.6319,16.2158,108.1054,1652.7402,86.6146,6276.7879,311.5978,711.1425,1825.3908,1083.2793,2173.8716,6.9951,1454.9709,887.0999,223.8417,907.7671,42.2883,4418.0116,29.252,31.7957,2141.44,137.9933,1118.5725,4069.8488,4016.75,3.4975,1423.4932,0,2245.7298,775.179,2032.0628,577.006,856.8939,3.4975,109.0592,3299.1212,221.616,1468.0072,4732.1531,705.8644,331.6291,13.6721,129.7264,2968.7639,4669.8335,1680.7204,120.1877,273.125,153.8912,143.0806,20.6672,468.9865,229.8829,6196.0268,49.6013,2861.9304,20.6672,0.318,9070.6755,10071.2859,779.9484,252.8076,46.7397,38.1548,792.6666,0.318,547.8398,857.2119,6100.6397,517.9518,2258.7661,2446.9966,7475.1676,82.9868,476.2995,4.1334,833.0472,0.318,0.318,1163.0865,766.2762,14.626,15.8978,1647.9708,7.631,243.873,0,7710.4557,83.9406,236.56,271.5352,268.3557,32.4316,714.7608,249.9142
TCGA-HC-7213-01,0.866666667,3931.6239,6289.1738,1.0684,231.1254,755.3419,498.9316,3684.1168,1413.8177,589.0313,1995.0142,1070.1567,2290.5983,131.0541,3604.7009,245.0142,263.8889,54.1311,68.7322,546.2963,1740.3846,11037.3932,50.9259,1301.2821,2520.2991,2739.3162,9417.0121,1106.4815,510.6838,501.4245,3057.3362,5902.7778,251.7806,250.7123,164.886,214.7436,11.396,0.3561,83.3333,1046.6524,20054.1311,8.547,809.4729,11960.4701,3332.6211,1714.0313,121.0826,141.0256,2939.1026,1099.7151,95.0855,2548.1375,1255.698,1895.6197,690.1709,1995.3704,1600.4274,260.3276,869.6581,26.3533,682.6923,1333.3333,1818.3761,1361.1111,1193.7322,1688.0342,1391.7379,5841.8803,9043.8034,936.9658,9.2593,1917.3789,393.7642,241.453,1389.6011,7777.4217,140.3134,1060.5413,360.0427,1281.339,1211.8946,832.6211,1055.5556,2390.3134,4548.433,1110.3989,1335.9295,6419.1595,1822.2934,1703.7037,48.433,1740.7407,2649.5726,1618.2336,657.7635,1053.4188,1421.6524,588.3191,1503.2051,1348.6467,5.698,3570.8689,907.4074,112.1795,368.2336,2092.2365,23.8604,45.584,27686.6097,615.7407,608.6182,905.7443,21667.3789,1196.9373,30.6268,5.698,26.7094,27.4217,1548.433,2760.3276,357.1937,1892.4501,417.0228,163.8177,949.4302,106.4815,1311.9658,696.5812,61.9658,7938.3903,4.6296,11495.3704,211.5385,1377.1368,147.5855,369.6581,1494.302,8.9031,1086.6774,1471.8661,50.2137,141.3818,23.1481,9731.8376,1243.5897,355.4131,2286.6809,1632.8348,3443.0199,643.1624,2658.1197,1533.8319,645.2991,243.5897,1516.0256,100.3668,1039.886,1003.2051,7.4786,1632.4786,1166.6667,11.7521,100.0712,14.9573,267.094,11.7521,2263.8889,1347.2222,2896.7236,5029.5584,3601.4957,942.6638,2215.4558,784.5442,2239.6724,1715.812,326.9231,1444.8006,2397.792,7554.1311,1000.3561,827.6353,289.1738,1029.5584,1039.8184,3422.0085,3067.3077,1077.9915,1998.5755,209.0456,61.9658,834.0456,919.5157,2567.6638,4388.8889,159.5442,328.3476,181.6239,1576.2108,1210.8262,223.6467,554.4872,6.4103,329.416,631.7664,1617.5214,330.4843,1996.0826,500.7123,2515.6695,212.6068,30.6268,612.5356,41.7557,6271.7236,587.6068,706.9516,1540.5983,2503.9174,2254.2735,9.6154,1310.5413,588.3191,542.735,652.7778,243.2336,4853.2764,113.2479,38.4615,1966.8803,32.4074,476.1396,2936.2536,2780.9829,1.0684,1539.5299,0.3632,3936.6097,607.906,1679.1311,964.8006,852.5641,16.3818,118.2336,4839.7436,372.151,859.3305,6370.3704,840.812,553.0627,104.3447,351.1396,1954.0598,5532.0513,1399.5726,27.4217,200.8547,118.9459,128.5613,83.3333,528.8462,124.6439,561.6097,43.8034,7038.4615,28.49,1.7806,14064.4587,13374.2877,595.4416,176.9124,51.2821,55.5556,341.5242,0,359.3305,692.3077,3647.0798,722.5783,1482.5499,5600.4274,7776.7094,39.1738,501.7806,2.1368,970.0855,20.2991,3.2051,342.9487,752.4929,17.8063,24.9288,7039.1738,241.453,1076.2108,1.1432,7232.906,1.4245,289.5299,297.7208,337.2507,120.0142,897.4145,202.9915
TCGA-HC-7230-01,0.6,3431.4593,6747.9469,1.8951,251.7372,994.6304,1260.5812,4235.3127,1353.4428,1203.0954,2777.3215,1112.1289,2215.0979,147.8206,2406.1908,305.4327,204.3588,30.638,17.0562,384.0809,1649.7157,24573.9103,17.0562,748.5786,1635.1864,2709.0967,9578.307,1328.1744,637.0815,952.9311,3776.374,5680.0379,157.2963,254.8958,256.1592,576.4371,3.1586,5.0537,45.1674,901.4529,23630.1327,22.1099,685.7233,11840.8086,4011.3708,2116.235,258.0543,30.638,3185.0916,1242.5774,81.8067,1508.5407,444.4093,1835.259,466.5193,1559.6968,1287.4289,155.717,897.9785,24.9526,874.921,1152.5584,1087.1762,1493.0512,941.2508,1905.2432,1204.9905,5006.0013,10874.6052,1476.9425,5.3696,2186.9867,205.6538,355.338,1081.4908,10347.7574,78.6481,450.4106,750.7896,2871.4466,1271.3203,106.4435,1084.3335,2479.7852,6428.6166,1085.9128,1420.1674,5319.6462,1970.9413,1424.5104,24.9526,1959.5704,2948.8313,1378.0796,861.9709,680.0379,1692.988,754.8958,1672.4574,1138.6608,90.3348,2777.3215,945.0411,24.0051,562.5395,2285.5338,29.0587,13.266,36940.3032,335.439,874.921,4216.4782,254.5799,698.9893,27.7953,5.6854,10.7391,18.3196,2193.9356,1385.976,758.0543,1193.6197,75.8054,83.0701,179.0903,33.1649,1721.0992,276.374,141.8193,2318.6987,37.271,7005.6854,126.9741,769.1093,82.0436,264.0556,915.3506,73.2786,455.7802,2169.9305,1100.7581,563.8029,3.7903,7119.3936,1605.8117,438.7239,2415.6665,2088.7555,2905.2432,621.6045,3512.9501,737.8395,640.5559,158.5597,2445.6728,118.4713,2988.3133,505.0537,0.9476,1289.3241,1096.0202,6.633,98.2312,39.482,198.0417,7.5805,800.379,204.9905,5851.2318,3012.9469,2729.3114,379.343,2056.2224,1081.8067,1602.969,1251.7372,15.7928,2712.8869,2119.3936,6879.6589,935.5654,77.3847,453.5692,1014.5294,1882.151,2605.18,2690.1453,1275.1105,1868.6039,66.0139,13.8977,264.3714,496.2097,1586.5445,2072.0152,177.1952,69.4883,126.3424,2086.5445,796.2729,233.7334,304.801,39.1661,255.5275,64.7505,1112.1289,585.2811,1747.9469,363.5502,11233.1017,24.0051,108.0227,2385.6601,73.4144,6427.0373,562.2236,647.0689,1232.1541,1835.7549,1872.3942,6.9488,1361.3392,917.5616,416.9299,950.0948,25.2685,4686.0392,36.0076,27.4795,1952.9375,111.4972,739.4188,4291.8509,6200.8844,2.211,803.2217,1.5793,2562.2236,578.3323,1858.4965,1314.1883,1084.3335,9.1598,59.3809,5382.1857,202.4637,1462.0973,5337.65,309.5389,1030.3222,19.2672,52.4321,1846.1781,3581.8067,1500.9476,83.7018,339.5452,108.3386,122.5521,37.271,2757.1068,174.9842,10312.6974,25.5843,3610.8654,10.4232,0.3159,6426.7214,10731.5224,547.0625,306.6393,7.8964,26.5319,690.777,0.6317,466.5193,935.5654,4208.7808,744.7884,2536.9551,3786.1655,5941.5666,103.2849,455.4643,0,596.9678,1.8951,1.2634,845.5464,452.3057,3.1586,60.3285,1417.8774,12.0025,225.2053,0,4311.1181,54.6431,277.9533,325.6475,144.9779,27.4795,1107.6943,139.9242
TCGA-HC-7231-01,0.8,2982.9833,5734.9747,4.3447,201.6655,831.6437,900.7965,3289.6452,3435.1919,1305.9377,2853.3671,762.853,1818.2476,382.6937,1957.2773,233.5264,52.1361,26.7922,89.0659,447.8639,1717.5959,21550.6879,94.4967,540.1883,1440.6227,2362.0565,9753.063,965.6046,635.4091,1081.097,2759.2324,4549.2397,104.2723,288.559,361.6944,664.7357,13.3961,89.0659,121.651,661.1151,24828.3888,9.7755,519.9131,13102.0999,5377.6249,1930.4852,230.992,152.4258,2326.5749,820.782,140.4779,2176.727,927.9508,1662.4113,522.0854,1373.2802,1076.0319,342.1434,797.9725,28.6025,588.7038,887.7625,1234.2505,1961.26,1103.5482,2185.3259,829.8335,5065.5322,11418.1752,762.1289,19.189,1910.9341,343.8197,372.9182,1978.6387,8449.6741,182.1144,747.2846,460.5358,2736.0608,756.336,485.5177,1296.5243,2306.6618,5274.4388,1912.0203,2712.9544,4827.2991,1683.9247,1295.4381,39.4642,1719.7683,2867.1253,1083.9971,721.9406,666.546,1270.4562,780.2317,1350.4707,1108.2549,68.7907,2808.1101,803.4033,66.6184,665.8219,1535.8436,20.2752,39.1021,31787.4728,514.4823,1189.7176,4751.861,543.8088,940.2607,26.7922,11.9479,88.7038,32.223,1581.4627,2247.2846,1292.9037,1433.3816,102.462,79.2904,551.7741,46.3432,1513.3961,666.908,135.7712,7029.3266,101.3758,8605.3584,266.8356,1148.0811,32.6068,254.8878,1039.8262,20.2752,749.6126,1393.5554,38.74,555.0326,37.2918,5521.7234,1513.3961,283.1282,2198.407,2044.895,2828.0232,930.8472,3849.3845,2012.3099,634.685,180.3041,2469.2252,151.3505,1942.7951,515.2064,1.8103,1142.2882,963.4323,3.2585,70.239,11.5858,183.9247,14.4823,1140.1159,325.8508,5606.0825,3655.3114,2519.189,573.4975,2102.824,1108.2549,1657.8566,1416.0029,151.3396,2130.3403,1562.9978,7922.1579,819.3338,177.0456,757.0601,1220.8545,2331.365,2056.1188,2683.5626,1205.286,1816.4374,39.8262,17.0167,598.1173,335.2643,1978.2766,2665.4598,188.2694,128.8921,128.168,1514.1202,496.0174,261.4048,385.9522,4.7067,304.4895,82.5489,1227.0094,422.5199,1934.4678,709.6307,3121.2889,77.8421,144.8226,1147.357,77.2303,5010.4996,450.0362,625.4381,1516.2925,2002.8965,2270.8182,25.344,1243.302,772.6285,245.8364,690.4417,53.5844,5111.5134,18.4649,60.1014,1658.9428,74.2216,740.7676,2268.6459,5233.1644,0.3621,1359.5221,3.6206,2606.4446,1460.8979,1927.2266,622.3389,949.3121,12.672,124.1854,4458.7437,188.2694,1292.5416,5460.8979,715.7857,1410.9341,34.0333,339.971,1428.6749,4008.3273,1591.6003,100.2896,302.6792,137.2194,132.5127,20.9993,2159.3049,174.1492,1942.7951,10.4996,3288.559,22.8096,2.1723,32927.2266,9527.8783,493.845,279.084,59.7393,184.6488,601.0138,1.0862,426.5025,924.6923,2274.0768,680.3041,2198.769,2574.2216,7401.1586,112.2375,324.7647,6.155,824.0406,18.4649,9.0514,326.5749,589.0659,13.3961,53.9464,1991.6727,175.9594,205.6481,0,7612.2375,2.5344,264.6778,233.1644,295.076,138.6676,848.273,122.7371
TCGA-HC-7232-01,0.733333333,2890.7424,4828.4747,0.991,155.9171,977.7851,1004.5421,3228.6729,888.2649,613.7584,2818.7299,992.9804,1563.4652,457.1806,2289.5367,247.4193,54.1746,13.2133,38.3186,422.1653,1819.1428,25830.7044,93.1539,633.248,1082.1703,2953.836,10136.2326,969.1965,317.1195,1145.9212,2697.8281,6716.657,63.7542,221.9836,605.1697,431.4147,30.721,32.3726,144.6858,866.1326,22692.2124,15.856,799.4054,12621.6863,3365.4307,3612.8499,254.0259,52.1926,2441.4898,916.0129,97.7785,1826.1987,899.4962,3102.129,615.41,1575.0268,1169.3781,414.5677,836.0723,19.4896,581.3857,1322.6526,941.1182,1905.0293,1022.7104,2031.5468,964.2415,4448.592,7788.587,1057.7257,27.0873,2294.4917,703.9425,453.8773,1840.9448,9010.8184,126.1871,1058.056,882.3189,3210.1743,843.3397,311.5038,873.7303,2551.4906,5308.7786,1728.3013,2588.3954,4087.5382,1378.8092,1589.2312,22.793,1886.5307,3431.4972,1018.4161,579.4037,309.8522,1446.197,668.2633,1158.1468,968.8661,15.856,2516.8057,740.6062,144.6858,510.3642,1514.2456,9.5797,30.3906,20899.4962,481.2949,1261.541,5757.8,734.3298,1000.2477,21.802,4.955,6.2763,47.2376,1261.8713,2457.0154,425.4687,1589.8918,200.8423,69.7002,619.374,40.3006,1903.0473,274.5066,221.6533,6643.9838,38.3186,5765.9592,502.4362,725.7412,11.6475,134.1151,1570.7325,21.4716,664.5041,1396.6471,69.3699,87.2079,8.919,1659.2617,1436.6174,1559.8315,2278.6357,1586.2582,2215.8725,915.0219,3409.6953,1357.0072,438.0213,279.7919,2180.8572,126.2565,1027.9957,431.4147,7.5977,1233.1324,1011.4791,1.3213,163.8451,30.0603,224.6263,5.6157,1906.0203,1211.9911,8711.8672,4280.4459,2572.9623,452.2256,2186.4729,979.4368,2837.5588,1074.2423,47.8983,2028.2435,1442.5634,6052.0274,633.9087,173.0944,363.0358,1833.3471,1109.4822,3164.9187,3426.5422,2188.1245,1500.0413,20.1503,7.5977,754.8105,390.123,1683.0457,3410.0256,173.0944,196.2177,74.9855,1640.7631,319.1015,213.7253,854.2406,8.5887,673.5486,152.2834,1403.5841,2600.0495,1674.7873,757.7835,3173.5073,42.9433,111.9828,3718.5564,34.8039,5123.1316,322.4048,704.5801,1137.0055,1682.0547,1292.5923,11.2313,1396.3168,840.3667,176.0674,904.1209,339.2518,5741.8449,16.1863,74.3249,2129.986,74.3249,781.5674,1895.1193,6193.4099,0.6607,1003.2207,9.2493,2488.3971,882.6493,1969.4442,555.8312,683.7889,18.4986,130.8118,3421.2569,234.8666,1392.3528,6289.2064,659.014,599.5541,15.1953,134.4455,1733.9169,4236.8486,1463.7047,62.7632,335.2878,163.1844,104.0548,12.883,1162.4412,288.3805,14511.5204,14.2043,4321.4138,25.766,0.991,10011.3965,10365.8436,417.871,221.4287,44.5949,32.7029,673.8789,0,393.096,1291.271,2439.8381,580.3947,2157.4036,2368.4862,6902.3041,111.9828,482.9466,10.901,932.5295,1.982,0.3303,605.1697,648.113,18.4986,66.7272,2671.7318,27.0873,334.6271,1.5889,5892.1463,76.9675,237.2946,212.404,221.6533,86.5406,1059.0338,186.638
TCGA-HC-7744-01,0.833333333,3050.23,6751.1949,1.0822,345.9284,946.1629,1426.639,3634.9536,1442.5106,1230.0478,1478.9431,853.4584,2022.1841,191.5412,2017.1341,260.0776,227.6129,65.6506,16.9537,530.2552,1572.0083,23580.8423,26.3324,672.7388,1858.0575,2341.4194,10990.3364,1100.5501,435.0257,1219.5834,3254.0355,2056.8131,168.4552,270.8991,420.9577,722.5178,1.0822,2.8857,135.9906,408.3326,20369.743,14.068,642.4385,18331.3193,3573.6315,2083.5062,183.9661,46.5326,2648.751,1364.2348,66.3721,2607.5101,893.8588,1445.3098,700.514,1573.4512,1238.705,329.3354,989.449,26.3324,736.9465,981.5132,1245.1979,2191.7215,1375.0564,1336.0988,1640.9054,5647.0376,13195.0582,1457.6607,1.4429,2238.6148,116.6706,325.0068,1454.4143,8452.3402,61.322,848.7691,502.1192,2947.4254,826.0438,553.3411,654.7029,2729.1911,4576.7878,2352.241,2183.9048,5276.9411,1689.963,1144.9184,7.2144,1625.0338,2764.9022,947.245,538.5517,442.2401,2451.7991,809.0901,1158.9864,1185.6795,24.5288,2489.3137,850.2119,77.1936,420.9577,1407.1602,40.7611,18.0359,28731.5033,357.1107,1223.9156,3224.839,445.1258,936.4235,19.118,3.9679,6.8536,23.0859,1627.1981,2627.4687,517.9908,1252.773,122.6441,176.391,238.7952,17.3145,1728.9206,162.6837,161.9623,7561.7278,4.3286,5472.4502,63.4863,1261.791,138.108,241.6809,1447.5606,28.4967,745.243,1709.8025,66.0114,681.0353,4.3286,3208.5851,1509.8783,276.3099,2304.6262,2494.7245,3145.4595,810.533,3636.7571,2787.6274,523.0409,141.4014,2705.023,168.7618,4413.0219,393.1824,1.4429,1941.0226,1036.703,4.3286,200.1984,28.4967,231.9416,5.4108,794.6614,635.9455,5359.1848,3654.0608,2430.4338,551.5376,2532.2392,1311.57,1756.6958,1701.1453,36.7932,2339.9766,2145.9104,5622.1481,1191.0903,98.476,1121.4717,1041.3924,1373.747,2636.4866,2454.6848,1463.4322,1749.4815,129.8584,65.6506,353.8642,312.0209,1976.373,2020.3806,226.1701,152.2229,125.1691,1691.7666,380.918,254.6668,418.4327,14.068,364.6857,238.0738,1600.1443,406.8897,2354.766,293.2636,8457.0295,85.4901,89.0973,389.2145,56.4018,5836.7752,562.3591,668.2767,1558.301,1726.0348,2488.5923,6.1322,1483.6324,724.6821,380.1966,907.9268,7.9358,5563.3511,56.6327,37.5147,1667.2378,59.8792,602.7595,4237.713,3182.6134,2.1643,1180.6295,4.0869,2631.0758,2328.4336,1499.8647,1141.0479,502.1192,28.8574,109.6582,3952.746,454.8652,1464.8751,5168.365,561.2769,1661.4663,15.5109,301.9208,1260.3481,4915.5018,1504.9148,81.1615,160.1587,148.255,121.5619,69.2578,152.9444,151.5015,657.2279,29.2181,4350.6177,7.5751,0,9091.1714,9057.6247,515.1051,182.1048,15.8716,20.5609,570.6556,0,355.6678,871.4943,3012.7153,584.3629,2210.8396,3362.2509,6457.5706,181.0803,459.1938,3.6072,668.0494,2.1643,0,411.579,661.1958,10.1001,2.8857,1769.6817,178.916,192.6233,0,8212.1021,31.0217,280.2958,157.6337,295.0672,124.8084,400.0361,452.3402
TCGA-HC-7747-01,0.933333333,2161.5702,6216.9421,0.8264,150.8264,628.5124,300,2326.4463,1041.7355,599.1736,1576.0331,798.7603,1639.2562,953.719,1630.5785,118.595,100.4132,16.5289,71.4876,345.8678,1397.1074,17307.438,39.2562,992.562,1501.2397,1998.3471,9140.9008,1239.6694,427.2727,719.4132,1692.9752,5389.6694,56.1983,254.1322,1210.7438,670.6612,11.5702,59.0909,577.686,654.9587,20642.562,20.6612,692.562,9004.9587,4454.1322,2469.4215,202.0661,136.7769,1828.0992,626.0331,119.4215,1168.9091,737.1901,1574.2149,550,1015.2893,1077.686,641.7355,853.719,33.0579,335.124,750,1177.2727,1395.0413,862.8099,2137.6033,971.4876,3139.2562,10648.7603,719.8347,29.7521,1217.7686,298.1942,282.2314,2216.1157,8643.3884,107.438,669.4215,1809.0909,2029.3388,906.6116,123.5537,990.9091,1669.0083,3843.3884,1543.8017,2765.0455,3852.0661,1863.6364,1194.2149,40.9091,1871.9008,2447.1074,1473.9669,357.8512,579.3388,1321.4876,504.1322,1123.9669,834.2975,70.6612,2732.6446,509.9174,48.7603,553.3058,1218.1818,8.6777,73.5537,30584.2975,304.9587,885.124,3611.0248,1009.9174,1443.8017,11.9835,18.595,115.7025,108.2645,1026.4463,2438.843,390.9091,2047.5207,126.4463,94.2149,831.8182,71.9008,1511.5702,518.1818,59.9174,6506.6116,25.2066,2669.8347,173.9669,904.9587,14.9711,196.281,1102.8926,19.0083,700.9339,1073.1405,49.5868,235.124,37.6033,18346.6942,1116.1157,284.2975,2447.9339,1276.4463,3409.0909,718.1818,2930.9917,1593.8017,469.8347,264.876,1621.9008,180.3347,5170.2479,444.2149,3.719,602.4793,919.8347,3.3058,193.3884,89.2562,226.8595,21.0744,901.6529,836.3636,5044.2149,3687.186,2233.8843,671.4876,2210.3306,1285.5372,1805.3719,1911.9835,148.7603,1454.5455,2286.7769,5921.0744,1145.4545,525.6198,483.0579,1215.7025,2168.9876,1701.2397,2374.7934,1390.4959,2064.0496,46.281,11.157,841.7355,329.3388,1525.2066,3778.5124,138.0165,208.2645,161.157,1528.5124,465.2893,278.5124,486.3636,15.2893,287.1901,216.5289,1193.8017,240.9091,1303.3058,2625.6198,4328.0992,143.8017,94.2149,1022.7273,20.6612,5035.9504,343.8017,467.2066,1171.9008,2610.7438,2528.0992,32.2314,1052.8926,626.8595,298.3471,675.6198,81.405,6002.0661,19.0083,65.7025,1821.9008,20.6612,596.6942,4060.7438,6000,1.6529,1678.5124,7.0248,3132.6446,1207.0248,1693.3884,705.7273,762.3967,19.8347,243.8017,3602.0661,228.0992,1176.8595,4522.314,597.1074,2211.157,40.0826,324.7934,976.8595,3755.7851,1457.438,72.7273,387.6033,122.314,87.1901,10.7438,456.1983,111.157,743.3884,9.0909,8535.9504,48.3471,1.6529,37064.0496,7764.0496,352.4793,279.8182,33.4711,66.9421,628.9256,0,200.4132,908.2645,2330.1653,845.4545,2003.719,2953.719,7656.1983,95.4545,459.5041,1.6529,875.2066,4.5455,0.8264,490.0826,422.7273,27.2727,11.9835,3123.9669,378.9256,226.4463,0,8430.1653,30.1653,303.3058,219.4215,427.2727,124.7934,636.7479,301.2397
TCGA-HC-7818-01,0.733333333,3053.7954,6414.5215,1.9802,170.297,831.3531,981.5182,3504.9505,1190.099,1118.1518,2247.1947,624.0924,1820.132,315.5116,2140.264,215.1815,115.1815,25.0825,42.2442,457.4257,1292.0792,16004.9505,30.6931,590.7591,1654.1254,2232.3432,9859.3795,1083.8284,387.1287,1457.0726,3077.5578,6093.7294,86.4686,256.1056,557.7558,541.9142,10.231,39.604,116.5017,877.2277,18118.8119,18.8119,540.9241,13234.6535,5839.934,2991.0891,306.2706,179.538,2513.8614,743.2343,128.7129,2365.8119,896.6997,1559.4323,456.7657,1546.2046,1043.8944,404.9505,918.1518,20.132,533.3333,845.5446,1204.9505,2067.3267,936.6337,1962.3762,1136.6337,5546.2046,8694.3894,905.9406,18.1518,1790.099,348.4059,362.0462,1634.3234,8188.1188,103.3003,791.0891,1672.2772,2634.9835,1173.2673,341.2541,2207.9208,2416.8317,5845.2145,1451.1551,2476.2937,4567.9868,1605.2805,879.2079,87.4587,1590.429,2541.2541,1055.4455,631.6832,1187.1287,1726.0726,788.7789,1124.4224,995.3795,35.3135,3012.8713,903.3003,45.2145,914.1914,2029.703,14.5215,53.7954,28333.3333,333.9934,645.8746,3899.9373,824.7525,1067.3267,20.7921,8.2508,20.7921,34.6535,1549.505,1848.1848,1502.3102,1579.868,89.1089,94.3894,818.1518,111.8812,1514.1914,407.5908,229.3729,7757.4257,35.3135,1969.967,192.7393,1295.0495,22.6667,181.8482,1253.7954,27.0627,646.3762,1586.7987,72.6073,251.8152,11.2211,11353.4653,1433.3333,451.8152,1957.7558,2168.6469,2711.5512,1110.231,3427.7228,1319.802,702.3102,182.8383,3212.2112,168.4488,2292.4092,479.2079,1.9802,974.2574,1085.8086,3.9604,215.1815,86.4686,201.3201,9.901,1083.4983,658.0858,5036.9637,2888.7756,2277.8878,769.3069,1866.6667,1069.637,1588.7789,1271.9472,88.7789,2485.8086,2551.8152,7922.7723,953.1353,431.0231,686.7987,1587.7888,1644.4092,2423.1023,2599.67,1611.5512,2045.8746,43.2343,12.8713,628.3828,406.6007,1446.8647,2301.9802,175.9076,82.5083,66.3366,1537.6238,522.1122,206.2706,275.2475,25.4125,307.9208,150.8251,1136.3036,817.1617,1349.835,1411.8812,3652.1452,174.5875,176.2376,1296.3696,64.8614,5119.802,502.3102,555.8548,1177.2277,2700.33,2389.4389,9.2409,1181.1881,721.7822,294.0594,860.7261,49.1749,4356.1056,13.2013,41.9142,1645.2145,86.1386,753.4653,5369.967,7940.264,0.9901,1836.9637,6.3234,2998.3498,2219.1419,1672.9373,938.2277,833.0033,24.4224,234.3234,4721.7822,194.3894,1030.033,3586.4686,822.4422,587.1287,19.802,108.2508,1572.6073,4352.4752,1614.5215,50.165,303.9604,133.9934,104.2904,10.8911,859.4059,273.5974,4638.6139,17.1617,7603.3003,14.8515,1.6502,25264.0264,8778.2178,469.637,173.7591,5.9406,44.8845,569.967,0,336.3036,806.9307,2074.9175,665.6766,2132.0132,2978.5479,7667.3267,58.7459,396.6997,2.9703,913.5314,0.33,1.6502,548.5149,551.4851,15.5116,138.9439,2372.2772,505.2805,226.0726,0.33,6077.8878,92.0792,351.1551,218.8119,317.1617,245.2145,941.3399,214.5215
TCGA-HC-7820-01,0.866666667,2713.9122,5335.1366,2.5246,164.4577,782.2559,841.0423,3100.532,1144.7119,908.1237,2240.0144,761.338,1732.576,238.0308,1316.3827,183.9329,60.229,12.2622,45.4423,357.7676,1559.8233,14886.3042,79.7043,587.5034,1276.7108,2364.079,7083.9095,956.8118,384.4559,921.8105,2557.3889,5292.9402,78.6223,207.0147,575.2412,675.8633,3.2459,54.0979,108.9171,829.8621,14326.5711,19.4753,597.9623,16033.1801,3672.5273,1890.1812,214.5884,59.5077,2292.6697,661.0765,54.0979,2264.3693,670.4535,1493.5137,419.7998,1326.1203,1133.8923,247.0472,765.3052,31.7374,510.6843,815.7966,1055.6307,1552.2496,1009.8278,1433.5948,930.8448,4192.5886,8337.2104,886.4845,24.885,1540.7087,161.7924,281.3092,1939.5907,8008.6557,87.278,598.6836,1575.3313,2291.5878,960.4184,794.1574,1807.2311,1999.8197,5101.7942,965.1068,2239.3833,4711.2073,1791.723,1189.4329,30.6555,1840.0505,2153.0971,1114.7777,565.1429,408.6196,1805.0672,781.1739,1210.7114,795.6,119.7367,3407.8081,866.288,47.9668,843.5669,1547.9217,14.4261,14.0655,34813.4523,410.7835,722.3875,4248.0065,520.422,1129.2039,7.2131,6.4918,12.6228,16.2294,1326.8416,2002.7049,1406.1852,1387.4313,73.9338,81.5075,327.8334,22.7211,1262.2847,322.0629,111.4417,8245.2439,65.2782,4799.5672,163.0151,758.0921,40.4761,205.2114,1323.2351,56.2618,737.5349,1324.6777,14.7868,89.8025,5.0491,2620.8638,1209.6294,304.3909,1935.6235,1900.2795,3031.6473,1131.7284,2862.5011,1599.1344,800.2885,222.1621,2966.0085,135.8507,2067.2617,311.9647,0,781.1739,840.6816,3.2459,82.5895,42.557,181.0477,6.4918,807.5016,702.9123,3723.74,2756.4512,2422.1441,293.5714,1866.3781,1063.5651,1618.9703,1484.0862,232.2604,1855.5586,2039.8521,4202.3262,977.7297,147.1463,658.552,1000.0902,1898.2166,2368.7675,2215.1294,1211.072,2041.2947,37.1472,6.1311,424.849,392.0296,1497.791,2526.3727,137.4087,68.8847,103.1467,1327.5629,619.2408,203.0475,443.6029,18.3933,318.0958,217.8343,1345.9562,441.0784,1439.0046,291.0468,3711.4778,51.934,213.5064,1787.0345,59.8864,4011.1802,392.7509,532.6481,1233.0719,1792.4443,2779.9116,10.4589,1090.614,736.8136,262.5552,946.3529,58.4258,4695.6992,13.7048,37.1472,1750.6086,59.5077,804.6164,2600.6672,5385.628,2.5246,1551.5283,5.4098,4018.3933,709.7647,1677.3961,1043.1088,825.5342,18.3933,150.3922,4911.0089,181.769,978.8116,4916.7794,432.4227,1210.3507,14.0655,230.0965,867.3699,3684.4288,1437.2013,58.7864,327.4727,111.0811,129.1137,10.8196,3126.8596,103.868,3495.4468,12.6228,3195.3836,7.9344,0,8529.7989,7316.2023,419.4392,243.2603,4.6885,23.4424,549.2742,0,375.8002,562.2577,1970.6068,794.8787,2088.5403,2301.6861,4967.6314,51.934,408.9803,0,711.9286,0.7213,1.4426,571.6347,596.8804,8.6557,143.1792,1642.0521,8.295,344.7841,0,5745.9201,53.3766,323.5055,232.621,265.8011,61.311,1417.4736,168.0642
TCGA-HC-7821-01,0.466666667,3690.5243,4367.7878,2.1077,198.4719,1305.6995,1410.029,2529.2,1166.5935,1468.6924,2438.5703,954.4217,1988.9348,315.0962,3115.4826,263.1071,125.4062,39.6944,201.6334,662.5099,1247.7386,8207.9564,35.1278,716.9579,1439.5363,2722.0515,8847.9529,965.3113,471.766,944.5789,3352.9463,8000.7026,82.9016,224.8178,410.995,728.5501,12.646,31.2637,38.9918,893.6507,18243.6111,34.0739,573.6366,12128.2164,1849.4775,3109.8621,355.1418,201.6334,3319.9262,1302.538,31.9663,2559.1745,972.3369,2065.8857,290.1554,1330.9915,1478.1769,159.4801,958.2858,29.1561,450.6894,1189.4265,802.3184,1976.2888,1439.5363,1695.5511,902.0813,5276.5434,7076.4907,1027.1362,50.2327,1954.8608,666.2826,411.6975,953.7192,7400.3688,207.2539,1539.2992,1965.0479,2283.6568,1502.7663,176.3414,265.566,2478.616,5383.3319,942.4783,1479.4906,4048.8276,1523.4917,806.1825,35.4791,1760.6042,2947.5718,1236.849,563.8008,710.9862,235.7074,1089.3124,1388.2498,1084.3945,539.9139,3709.142,899.9737,66.3915,607.7105,2206.727,13.3486,146.4828,28226.5742,403.9694,666.3739,7627.3997,804.4261,765.083,10.5383,33.3714,164.7493,93.0886,1503.4689,2134.715,252.2174,1974.5324,139.4573,77.6324,1282.1639,177.044,1221.3928,2018.4421,290.1554,6101.3436,132.0804,3095.4597,585.58,764.7317,21.3998,346.7112,1406.5162,32.3176,694.1249,1491.5254,173.8825,224.1152,27.7509,5378.414,1596.4837,547.9933,2269.957,2746.9922,2330.3767,1075.6125,3140.072,1418.4596,761.9215,262.0532,2627.5577,74.2917,1242.4695,96.6014,1.4051,1464.1258,680.0738,2.4589,83.9554,4.2153,173.5312,27.7509,3632.2122,1093.1764,6071.8363,3235.6161,2638.7319,460.5252,1721.6124,879.2483,1421.9724,1194.6957,4.2153,2302.6258,2093.9668,5137.7887,989.1982,813.9106,273.9967,1446.2106,1823.504,2358.479,3117.239,2032.4932,2077.808,76.5786,24.5894,1342.2324,429.6127,1483.446,2735.0487,148.9418,657.9433,98.7091,1626.0648,705.0145,230.4382,1552.2965,15.4562,376.2185,111.0038,1210.8545,1522.0866,1448.3183,529.3756,1330.6402,51.6378,164.398,4286.9939,46.3687,6123.4741,471.0635,453.1237,896.4609,2142.0919,1970.6683,25.9946,1278.6511,1459.9104,190.7438,932.6425,121.5421,4726.7937,17.2126,20.3741,2134.3637,85.0092,915.0786,2248.529,10507.772,0.3513,1403.706,2.8102,2664.7932,795.9954,2060.2441,616.229,1047.5103,12.646,316.8526,4182.3132,316.15,1402.6521,6460.3495,687.4506,855.3614,43.2072,112.7602,4829.3668,3989.4617,1054.5359,64.9864,367.4366,98.0065,138.0522,13.6998,693.7736,265.2147,6830.245,20.3741,1725.4764,109.5987,3.8641,30803.1966,8425.0461,553.2625,156.5575,279.6171,122.5959,362.1674,0,282.4273,1307.4559,4683.9378,760.8677,2074.6465,1339.7734,7511.3726,72.7145,431.0178,14.0511,836.7437,1.4051,1.0538,1283.9203,444.3664,52.3404,15.8075,2292.79,1.0538,434.5306,0.3513,6014.2267,39.3431,222.7101,258.1892,210.4154,68.1479,535.3368,165.8031
TCGA-HC-8213-01,0.4,1850.421,5773.155,4.9529,135.2155,549.7771,318.9698,1938.5835,846.4586,1181.7732,2185.2402,658.742,1283.8039,134.7202,1121.3472,196.1367,70.3318,7.9247,14.3635,193.6602,1870.7281,15109.9554,135.2155,789.4998,576.0277,1441.3076,7959.8564,792.4715,406.6369,333.8237,1709.262,4711.7385,93.6107,214.4626,150.0743,244.1803,0,18.3259,41.1095,327.8851,18453.1947,10.4012,562.1595,8850.421,3117.8801,2142.1496,155.0272,22.7836,1736.5032,731.055,37.6424,942.8925,712.2338,1967.469,462.6053,647.8455,864.7845,139.1778,924.2199,15.3541,701.8326,965.3294,845.9633,1183.7543,562.1595,2046.5577,348.6875,2874.1951,18934.1258,973.2541,7.4294,1391.2828,108.4299,295.1956,911.3422,7498.2665,29.2224,394.2546,1857.3551,2001.4859,1390.2922,431.4017,2160.9708,1613.6701,6032.6895,1604.7548,2672.9173,3106.9837,1550.7677,978.207,29.7177,2046.5577,3091.1342,961.367,391.2828,206.0426,1794.948,588.9054,1270.9262,971.2729,102.0307,2586.4289,938.0882,21.793,257.5532,825.161,3.9624,10.8965,29457.157,630.5102,1003.9624,2742.947,1355.6216,802.3774,21.2977,1.9812,3.9624,17.3353,1128.7766,2730.5597,1817.2363,1862.3081,66.3695,126.7954,104.0119,17.8306,1219.4156,134.7202,24.7647,7449.7276,52.9965,7942.5458,110.4507,689.9455,3.2987,166.419,653.789,32.6895,837.5433,1499.7524,15.3541,409.6087,2.9718,5022.2883,1145.1213,133.7296,2111.9366,1144.6261,2770.6786,942.0505,3332.3427,1916.7905,630.0149,71.8177,1901.9316,148.3556,3278.3556,389.7969,0.4953,638.9302,820.7033,4.4577,46.5577,8.9153,213.9673,3.4671,301.1392,644.3784,5349.1828,3472.0109,1958.8905,263.0015,2177.3155,1417.5334,1556.7112,2414.5617,19.8118,908.3705,1130.2625,4558.6924,664.1902,47.5483,314.0168,750.8668,2535.79,1300.1486,3385.3393,1788.0139,1463.1005,25.7553,5.9435,125.3096,149.579,972.7588,2556.2159,131.7484,36.1565,136.7013,1372.9569,215.4532,268.945,159.9802,8.42,191.679,523.0312,1410.5993,170.3814,1478.4547,331.3522,1926.6964,14.8588,226.3497,2282.8133,55.0718,4046.5577,435.8593,789.2125,1393.7593,2042.1,2993.0659,3.4671,1217.9297,808.321,172.8579,538.8806,25.26,4987.6176,5.4482,23.7741,1459.6335,42.1,783.5562,3240.7132,6816.741,2.9718,1614.6607,2.4765,2447.7464,823.6751,1876.1763,1079.5542,608.2219,8.42,65.3789,3894.9975,199.6038,884.5963,6050.0248,516.5924,534.423,3.4671,479.4453,345.7157,3833.0857,1903.4175,58.4448,435.8593,150.0743,118.3754,3.4671,315.0074,113.9178,1376.9193,9.4106,4171.8673,14.3635,0.4953,4806.8351,7397.7216,279.8415,456.5131,13.373,18.3259,771.1738,0,360.5745,537.89,3413.0758,711.2432,2529.9653,1403.6652,5483.4076,67.3601,430.4111,0.9906,686.4785,0,0,400.1981,362.0604,8.42,52.5012,1102.526,0.9906,106.4884,0,5017.3353,191.679,240.2179,245.6662,143.1402,33.1847,638.4349,148.5884
TCGA-HC-8262-01,0.7,3077.0597,6550.0561,25.3215,207.505,681.3795,598.509,3111.9179,1429.1868,1027.002,2140.8206,884.9383,1630.1149,363.7093,1730.0856,196.653,88.4609,29.2677,37.489,401.1983,1863.2703,14289.2377,26.6369,615.6092,1241.7417,2112.8683,7884.8462,1083.8932,477.8206,937.5413,2665.667,5682.8757,194.351,265.3828,735.9687,683.3526,7.5636,94.0514,339.0455,736.6264,17977.6315,14.4694,766.5519,8366.9584,3854.1348,2290.4479,222.6322,52.2873,2295.7095,877.0459,137.7886,2866.8186,621.5286,1249.0554,500.1825,1299.6195,898.75,251.8999,855.3417,25.3215,637.9711,976.03,1164.7906,1617.2897,791.8734,2199.685,1484.4338,5203.082,11588.3837,811.2756,4.9328,1533.7615,225.9207,295.966,1689.3081,8180.4998,117.071,792.86,1391.369,2257.8916,1077.9739,1690.6235,3075.0866,2540.0458,7178.4905,1494.6282,2520.8344,4084.9883,1945.1542,1132.2343,18.4157,1910.9537,2384.4993,1088.4971,707.6876,322.9318,1784.6749,922.0985,1509.7554,901.7097,95.6957,2903.0974,782.6656,70.703,682.6949,1262.4593,18.7445,22.033,25708.5919,401.5272,845.4762,3814.5181,331.1531,1257.5266,30.912,9.8655,7.8924,17.1003,1503.5072,2690.3308,646.8501,1140.7844,169.3583,137.7886,313.3951,33.214,1519.292,350.2264,153.9023,7170.2692,27.9523,5251.0943,144.6945,686.6411,52.0736,266.3694,1154.5962,20.7176,618.6347,2120.4318,25.6504,182.8412,5.5905,5211.3033,1094.7453,465.982,2075.7081,2022.7631,2300.9711,921.4408,2990.243,1886.2899,775.4309,251.2422,2985.6391,150.6993,2884.6818,711.9626,3.6174,1187.1524,778.7194,3.9462,185.8009,60.5086,296.6237,12.8252,1113.4898,1035.5521,4718.6843,3456.2217,2357.5335,474.5321,2226.9796,1233.5204,1804.4059,1542.9693,96.0245,2350.6276,2588.0581,5065.2934,800.0947,580.4222,461.0492,1256.2112,1751.6517,2287.4882,2834.3676,1927.3963,1474.5683,46.6969,25.9792,458.0896,285.1139,1450.2333,2824.1732,176.9219,112.7959,132.8558,1773.4939,666.2523,290.0467,482.0957,5.2616,200.2703,373.5748,1469.3067,513.9943,1493.6417,1127.6304,3301.0073,76.9512,125.95,1011.2171,51.6362,4238.8906,489.0016,462.0358,1100.3358,1963.5699,2474.2756,21.0465,1082.2489,808.316,271.3022,874.7439,60.1798,5223.4708,37.8179,39.1333,1659.7115,71.6895,750.767,1720.2201,7192.96,2.9597,1908.6517,4.9328,3270.0953,1339.0817,1668.2616,1043.8293,924.0716,61.824,124.3057,5802.2487,188.4317,1082.9066,6480.9973,415.0101,640.2731,52.2873,325.2337,1535.0769,3888.993,1624.5244,38.8044,404.8157,144.6945,125.95,32.2274,1529.8153,169.3583,3910.0395,27.9523,5951.5471,16.1137,0.3289,7850.6621,8558.0208,490.317,444.7284,17.758,24.0061,648.4944,0.6577,334.4416,618.5689,2350.6276,677.7621,2278.6092,2925.1305,6246.1977,81.2262,421.916,2.6308,829.0336,8.2213,0,328.5222,532.4099,28.61,41.4352,2198.0407,8.5501,159.8216,14.8378,6825.9621,10.5232,344.659,343.9782,311.422,92.4072,702.0971,186.1297
TCGA-HC-A48F-01,0.3,4048.9627,6241.0788,2.0747,152.6971,409.1286,595.0207,4411.6183,1181.7427,928.6307,2430.2905,969.2946,2422.4066,72.6141,3301.2448,238.1743,100.8299,16.5975,9.1286,358.9212,1892.1162,10819.0871,61.8257,666.805,864.7303,2268.8797,10553.5104,1086.722,572.1992,411.1577,2923.2365,7636.0996,144.8133,234.0249,36.0996,610.3734,1.2448,7.4689,3.7344,697.5104,24592.1162,13.278,685.8921,11652.2822,3797.9253,401.6598,261.8257,54.7718,2762.6556,1480.4979,109.9585,2400.195,470.5394,2379.6183,266.805,1352.2822,1626.556,151.0373,1102.0747,20.7469,362.6556,551.8672,874.2739,1442.3237,1213.278,1204.9461,639.4191,4949.7925,5207.8838,975.9336,4.9793,1787.1369,305.9295,338.1743,764.3154,8123.6515,87.9668,1010.3734,444.3983,2614.9378,790.4564,230.7054,619.5021,2526.556,6039.4191,1066.39,1826.1411,6165.5602,1670.5394,1414.9378,18.6722,1865.5602,3088.3817,1109.5436,734.4398,407.8838,1719.5021,1467.6349,1736.0996,1128.6307,3.3195,3241.0788,967.2199,66.805,286.3071,2057.6763,13.6929,12.4481,20263.9004,580.083,512.0332,6285.6598,417.0124,544.3983,9.1286,3.7344,2.9046,24.4813,1496.6805,2230.7054,154.7718,1058.9212,237.7593,87.1369,265.9751,9.1286,1196.2656,263.9004,70.1245,6017.0124,2.0747,7398.7552,51.4523,498.7552,15.7635,256.0166,905.3942,36.5145,1162.6556,1173.029,585.0622,112.0332,4.1494,1012.4481,711.6183,292.9461,1674.2739,2375.1037,2534.4398,1132.7801,3343.1535,1567.2199,850.2075,171.7842,1636.0996,54.7178,1670.1245,434.0249,2.4896,929.8755,1055.6017,5.3942,120.332,4.5643,224.4813,12.4481,1102.4896,755.6017,5005.8091,5014.5104,3815.3527,308.2988,2280.9129,1309.1286,1991.2863,1359.3361,176.7635,1818.2573,1231.5353,4567.6349,1073.444,500.8299,806.2241,851.8672,2663.1826,2436.5145,4290.0415,650.2075,1585.0622,73.8589,25.7261,334.0249,703.3195,2733.195,2808.2988,196.2656,265.9751,145.6432,1691.2863,700.8257,313.278,585.0622,13.278,316.5975,388.3817,793.361,741.0788,1919.917,315.7676,4948.9627,32.7801,74.6888,2568.8797,73.1411,5224.0664,405.3942,354.5726,1198.3402,1570.5394,2118.2573,1.2448,1791.7012,805.3942,200,746.0581,376.3485,5500.8299,21.1618,85.4772,2088.7967,43.5685,721.5768,1528.2158,2335.6846,1.2448,1253.9419,3.3195,2857.6763,219.917,2629.4606,654.0622,558.0913,17.4274,63.4855,5045.2282,224.4813,1242.3237,5524.4813,285.4772,818.2573,17.4274,94.1909,2332.7801,3694.1909,1557.2614,46.0581,423.6515,106.1369,100.8299,12.4481,265.1452,90.8714,1587.5519,21.9917,1734.4398,15.3527,0.4149,5340.249,5597.0954,627.8008,320.5643,57.2614,16.1826,534.8548,0,606.2241,713.278,5063.9004,816.5975,2636.9295,2114.5228,5353.9419,122.4066,434.0249,0.4149,919.917,2.9046,36.5145,914.5228,758.5062,9.1286,12.8631,7017.0124,2.9046,378.4232,1.2448,8108.7137,62.2407,184.2739,495.0207,195.0207,27.8008,487.1369,62.6556
TCGA-HC-A632-01,0.466666667,2338.2871,4611.564,0.5201,143.5425,763.9999,192.4302,3100.7268,749.9577,1596.6507,2285.2388,1178.505,1931.0632,359.8965,3360.2476,243.9183,197.631,15.6024,284.4847,533.0837,1641.3777,6402.7252,46.2873,626.1783,1190.987,2186.9434,8562.0938,1247.6759,462.3526,308.9285,1979.4308,5810.8723,105.5766,302.1674,118.5786,57.209,45.7672,98.2954,58.7692,590.8128,13398.8636,9.3615,489.9169,3267.673,2503.6731,2233.2306,351.5752,344.2941,2324.2449,1318.9271,219.4745,1693.5263,758.7991,2363.3394,1051.6051,907.5425,1447.3872,216.354,979.3138,10.4016,1034.9625,1262.7583,570.5296,1313.2062,796.7651,1327.7685,702.6303,4022.8316,15985.7498,1366.2545,56.6889,1512.9175,879.6921,355.7359,1458.829,6475.0166,127.42,675.5861,2312.8031,2820.4028,1491.0741,105.0565,933.0265,2190.0638,7385.1595,1775.5588,3520.1467,2027.2783,1551.9237,825.3696,37.4459,2298.7609,3164.1768,1746.4342,481.5956,1195.1476,1745.394,715.6324,1064.0871,1383.4172,15.0824,2931.7003,761.9196,157.0647,516.9612,1499.3954,10.4016,192.9503,19296.5896,557.5275,670.3853,3523.1579,985.5547,883.0986,29.6447,7.8012,819.6487,469.1137,1067.2076,2216.588,1570.1265,1440.6262,106.6167,83.2131,1040.6834,95.695,1445.827,1954.4669,126.3798,4650.0501,0.5201,10457.8019,240.2777,791.5643,43.432,347.9346,1484.8331,28.6045,739.5561,1867.6132,74.8918,595.4935,62.4098,2287.3191,1426.584,320.8904,1339.2103,1724.5908,2031.4389,539.3247,3821.56,1139.4989,831.6106,277.7236,2434.5022,78.5323,2147.4171,247.0388,0.5201,1273.68,404.1034,2.0803,243.9183,20.2832,176.8278,34.8455,1822.3661,942.388,5375.0439,6246.6955,2729.3885,424.9067,1703.7875,1196.7079,1236.7542,1969.0291,48.8877,1309.5656,1098.4125,4212.6614,1065.1272,762.9598,322.4506,1781.2797,1139.5197,1988.7922,4231.9044,2636.814,1539.9618,101.936,25.484,829.5302,275.1232,1650.7392,5095.24,123.7794,377.0592,139.902,1946.1455,910.663,323.4908,2221.2687,13.002,220.5146,1190.987,1093.7317,541.405,2135.9753,581.9714,6269.5843,85.8135,126.3798,918.4642,6.2722,5607.0003,656.343,657.5808,1452.068,4353.6035,2289.9195,76.9721,1185.2661,870.0966,434.7883,791.0442,33.8053,6734.5373,21.8434,26.0041,1742.7936,33.8053,876.3376,1892.5771,4644.8492,2.6004,1442.1864,1.0402,2514.0747,444.1497,2263.3954,1174.7708,1049.5248,26.0041,237.1572,4321.3585,356.2559,1976.8304,5139.4469,531.0034,645.4213,15.6024,45.7672,1189.4267,4561.1161,1701.1871,51.4881,339.6133,141.4622,162.2655,22.3635,279.2838,181.5085,461.8325,15.6024,7975.4521,447.2702,2.0803,38151.6298,7453.2902,381.7399,410.6409,71.7713,191.9101,760.3594,0,154.4643,1546.7228,2390.8154,800.9257,1512.9175,1302.8045,13147.6642,135.2212,486.7964,0,1042.2436,4.1607,7.2811,1188.9067,416.0653,40.0463,82.693,3685.8187,30.1647,69.6909,0.5201,5159.7301,23.4037,218.9544,390.5813,188.7896,35.3656,482.0585,200.7515
TCGA-HC-A76X-01,0.633333333,3090.012,6487.7392,2.6914,211.7225,649.8206,575.0598,3276.6148,1316.3876,506.2799,1796.3517,916.567,1924.9402,158.7919,2004.7847,211.4234,153.2745,24.2225,14.055,275.7177,1295.1555,16326.256,60.4067,506.5789,1223.6842,2228.7679,6996.9348,1135.4665,660.2871,513.9773,2663.2775,3048.1459,189.2943,252.0933,119.3182,1078.3493,2.9904,29.9043,22.7273,642.3445,21894.7368,21.8301,539.4737,14051.7344,5337.0215,2094.1986,149.2225,23.9234,2996.7105,1061.3038,79.8445,2247.3445,568.4809,1596.5042,354.6651,1408.1938,1256.2799,66.6866,1144.7368,17.9426,840.311,1171.6507,957.5359,1083.7321,1026.9139,1527.2129,805.323,4527.512,13404.3062,807.4163,2.3923,1625.5981,284.2494,244.0191,973.3852,10409.988,57.4163,771.2321,1457.2368,2002.9904,1032.2967,105.8612,1008.0742,1925.8373,6099.2823,1449.4617,2211.9079,4806.8182,2001.1962,1342.7033,34.0909,1934.5096,2557.4163,1238.9354,518.5407,236.5431,2909.0909,939.8923,1670.4545,455.4426,69.0789,3194.0789,869.0191,61.6029,922.5478,1468.6005,23.0263,11.3636,39734.4498,381.2799,1213.2177,4720.3589,387.2608,806.2201,17.3445,3.2895,5.3828,12.5598,1250.5981,2941.9856,645.3349,1438.9952,69.0789,180.0239,207.8349,23.3254,1535.5861,195.5742,74.7608,6627.0933,46.6507,10631.878,31.1005,898.9234,76.6238,290.3708,1217.4043,63.3971,513.1579,1808.0144,82.2368,790.0718,3.2895,5311.6029,1193.4809,198.8636,2735.0478,1636.0646,2971.2919,946.4713,2465.9091,1458.134,767.9426,129.4856,1928.2297,184.5185,3397.1292,634.8684,0.299,1224.5813,837.6196,11.3636,50.5383,32.5957,221.2919,8.9713,744.9163,383.3732,3630.6818,2648.6005,2222.7871,292.1651,2273.9234,1451.256,1959.3301,1330.1435,121.1124,1830.4426,2806.8182,3521.5311,990.4306,212.0215,345.6938,731.4593,3947.2129,2369.3182,3093.8995,1247.0096,1674.9402,83.433,45.4545,169.2584,259.5694,1440.7895,2165.6699,142.9426,63.6962,147.4282,1483.2536,837.0156,294.2584,565.1914,14.6531,237.7392,208.7321,1672.8469,366.6268,1432.4163,601.6746,6838.2177,36.1842,252.6914,1820.2751,62.4522,5166.2679,540.9689,634.1836,1208.134,1843.6005,2444.9761,4.7847,1061.3038,836.4234,418.0622,948.8636,54.7249,3935.1077,41.2679,61.9019,2191.6866,48.744,718.3014,3265.5502,4037.6794,9.5694,1238.0383,9.9103,3040.6699,1065.4904,1510.4665,1066.7913,1261.3636,24.2225,60.1077,5214.1148,348.0861,965.012,6832.5359,466.8062,420.4545,14.6531,75.9569,1067.2847,3555.323,1389.055,101.6746,449.4617,169.5574,188.6962,49.3421,673.744,64.5933,2632.7751,25.4187,2947.3684,12.8589,0,4137.5598,8596.89,405.8014,538.4988,4.4856,14.6531,825.6579,0,375,587.0215,3181.8182,882.177,1953.9474,2026.0167,5361.5431,345.3947,417.1651,5.0837,613.0383,2.3923,2.0933,836.7225,584.9282,6.2799,20.3349,848.0861,1.4952,238.6364,0.8971,5690.1914,39.1746,372.6376,340.311,168.0622,5.3828,995.4336,282.8947
TCGA-HC-A8D0-01,0.366666667,1987.142,4945.6458,2.9223,188.7785,516.0725,285.7978,2357.1011,1322.6184,1063.121,1715.9556,1137.931,1951.4904,547.0485,1694.3308,168.9071,150.789,25.716,122.1508,431.3267,1140.2688,6471.654,71.8878,437.1712,1472.8229,1752.1917,7601.3442,1213.3255,624.1964,699.585,1978.9597,4424.8977,82.4079,280.5377,1033.8983,333.1385,22.2092,2.3378,309.1759,657.5102,17679.7195,17.5336,719.4623,3911.7475,3363.5301,2396.844,216.2478,167.7382,2511.3968,618.9363,248.9772,1767.2122,641.73,1112.6242,746.3472,1199.2987,1273.5243,1135.0088,717.7089,24.547,594.9737,1073.6411,865.5757,1414.3776,959.6727,1983.4249,1112.7995,3385.1549,16313.2671,812.3904,9.9357,1281.1222,757.7849,269.4331,1333.1385,8602.5716,117.4752,559.9065,1308.5915,2634.7165,971.9462,165.9848,1549.3863,1998.2466,7392.7528,1613.0918,2289.3863,3825.8328,1985.3887,1076.5634,31.5605,2205.1432,2468.7317,1424.8977,499.1233,620.6897,1435.4179,825.2484,1733.4892,976.0374,40.9117,2931.0345,672.706,29.2227,785.5056,1444.7691,13.4424,88.8369,20833.4307,400.3507,707.1888,3775.4763,1040.3273,1187.0251,30.3916,9.3513,119.813,124.4886,1127.9953,2838.6908,509.059,2277.6154,277.031,183.5184,876.0959,85.9147,1218.0012,1092.9281,151.3735,2123.3197,25.716,4663.9392,341.3209,1048.5096,101.4845,237.2881,1635.8854,46.1718,711.0695,1469.3162,112.7995,507.3057,28.0538,4892.4605,1177.0894,547.0485,2420.2221,1372.2969,2978.3752,700.1753,2324.3717,1104.0327,670.3682,329.0473,1952.6593,228.5973,4658.6791,160.1403,1.1689,1010.5202,977.7908,23.3781,164.2314,52.6008,241.3793,13.4424,2226.768,860.3156,4675.6283,3623.0158,2167.1537,755.114,2752.7762,1456.4582,1906.4874,1866.7446,90.5903,1894.7984,2526.5926,4504.9679,684.9795,351.2566,504.9679,1977.2063,3380.9585,2380.4793,3264.7575,1334.3074,1756.2829,51.4319,21.6248,900.6429,274.1087,1631.7943,3197.5453,144.36,196.9608,127.4109,1751.6072,394.5061,271.7709,848.0421,23.9626,169.4915,280.5377,1324.9562,652.8346,1241.3793,2677.3816,3043.2496,122.1508,141.4378,1256.5751,29.2461,4183.5184,552.3086,518.8603,1030.976,2939.2168,1890.7072,29.8071,849.7954,806.5459,526.5926,682.0573,37.9895,4639.9766,30.3916,46.1718,1970.1929,45.5874,568.0888,2386.3238,7348.3343,3.5067,1472.8229,5.9848,2218.5856,783.7522,1594.9737,958.5973,3446.5225,91.7592,281.7066,4909.9942,251.8995,1444.7691,4706.6043,514.9036,719.4623,60.7832,149.0357,1375.8036,4288.72,1134.4243,87.668,383.4015,146.6978,175.9205,37.9895,326.1251,225.5991,3191.7008,21.6248,3663.9392,82.4079,5.2601,22863.2379,7524.2548,337.2297,345.038,35.0672,61.9521,763.8808,0,375.2192,1313.2671,2226.768,954.9971,2091.7592,2663.9392,5967.8551,122.7352,447.6914,1.1689,870.2513,6.429,12.858,682.0573,580.3624,14.6113,170.076,2703.6821,191.7008,459.3805,0,5234.3659,28.6382,440.7306,400.9351,326.7095,184.6873,538.8428,419.6376
TCGA-HC-A8D1-01,0.5,2542.9142,5232.0359,2.994,194.1118,692.1158,576.8463,2715.0699,1163.6727,1054.3912,1959.5808,831.8363,1686.1277,675.6487,1871.7565,183.6327,79.3413,24.4511,107.7844,454.5908,1346.3074,14292.9142,59.3812,702.0958,1738.024,2324.8503,8488.977,955.5888,507.984,1072.8293,2515.4691,4154.6906,82.8343,266.4671,1224.0519,642.2156,12.9741,73.3533,351.7964,731.0379,16657.1856,13.9721,537.4251,7751.996,3350.2994,2770.9581,255.489,131.2375,2415.1697,675.6487,103.2934,2515.2246,675.6487,1526.003,496.008,1314.3713,928.1437,611.7764,786.9261,22.9541,554.3912,948.1038,846.8064,1288.4232,1024.4511,2267.9341,1732.5349,4909.6806,9313.3733,856.2874,2.994,1458.5828,639.7954,346.3074,1290.4192,6754.99,145.7086,871.7565,1650.6986,2309.3812,1012.9741,113.2735,2258.982,2183.1337,6118.7625,1388.2236,2218.4182,3499.501,1484.0319,1165.6687,41.9162,1848.3034,2591.8164,1104.7904,529.4411,648.2036,1397.2056,851.7964,1023.4531,1100.7984,76.8463,2627.2455,757.485,40.9182,586.8263,1331.8363,15.4691,42.9142,23794.4112,464.0719,932.1357,4726.2475,909.1816,1073.3533,11.477,20.4591,39.4212,54.3912,971.0579,1850.7984,790.4192,2174.1517,144.7106,100.2994,697.1058,66.8663,1320.3593,729.5409,222.0559,5771.9561,38.4232,5337.8244,507.485,888.7226,30.4042,199.6008,1400.1996,25.4491,918.1637,1507.485,68.8623,378.2435,25.9481,20489.521,1352.7944,549.9002,1964.5709,1931.6367,2340.3194,794.4112,2792.4152,1595.3094,693.6128,303.8922,2364.7705,145.8234,3689.6208,406.1876,4.491,1004.491,1066.3673,10.978,178.1437,128.7425,210.5788,23.4531,2210.5788,1673.6527,5426.6467,3178.1337,2208.0838,692.1158,2561.8762,1158.6826,1877.2455,1692.6148,207.5848,2107.2854,1947.6048,4354.7904,839.8204,330.3393,511.477,1495.509,2520.6986,2167.6647,3021.9561,1466.0679,1596.3074,32.9341,12.9741,922.6547,273.4531,1524.4511,2850.2994,129.7405,180.6387,88.3234,1458.0838,651.1976,276.9461,1054.8902,15.9681,486.0279,372.7545,1262.475,701.5968,1278.9421,2895.7086,4397.7046,125.7485,146.2076,2313.8723,50.7435,6482.5349,388.7226,477.3004,1038.9222,1619.7605,2621.2575,20.4591,998.503,617.7645,293.9122,913.1737,50.3992,3872.7545,20.9581,34.9301,1571.8563,72.8543,628.7425,2652.6946,8563.3733,3.992,1774.4511,2.6098,2205.0898,1937.6248,1652.6946,1012.515,771.4571,32.4351,215.0699,4395.2096,195.1098,1200.5988,5281.4371,493.014,1069.8603,47.9042,260.978,1844.3114,3612.2754,1372.7545,63.3733,382.7345,123.2535,137.2255,9.98,1140.2196,230.5389,9176.1477,14.9701,20266.4671,56.8862,0,15046.4072,7504.99,408.1836,284.6108,40.9182,60.3792,671.6567,0,331.8363,1027.4451,2984.5309,757.485,2174.6507,2721.5569,6514.9701,107.2854,425.6487,2.994,765.9681,1.996,4.491,539.4212,627.7445,17.4651,99.8004,2219.0619,58.8822,324.8503,0.499,6564.8703,48.9022,396.3024,245.509,352.7944,150.1996,2090.7984,290.9182
TCGA-HI-7171-01,0.733333333,3483.5828,4852.117,1.1359,294.4257,827.3907,540.4619,3337.2787,1078.6521,876.2344,2110.0507,1421.4672,2195.0161,212.4136,3240.0455,199.9187,81.5577,24.7627,35.2129,486.6202,1304.4693,5458.9156,38.6207,512.0644,1187.6986,1980.1035,4694.4357,1474.6274,581.3544,411.6484,2140.9472,2679.3645,179.4724,363.9429,136.5354,991.1877,9.9959,2.0446,47.0263,547.0502,27805.7336,23.6268,748.7863,6955.8066,2875.4211,694.4902,311.6914,45.6632,2489.4418,542.5066,52.4787,2539.6941,1204.51,1254.4374,498.888,1402.384,1626.1566,165.6144,724.0236,24.9898,894.1817,1396.7045,1018.6765,1254.7168,992.3236,2504.6629,395.0666,3281.6195,17904.5343,1288.3395,4.3164,1454.1811,380.8701,287.6103,1126.1328,7542.159,106.0932,759.4638,1920.1279,2305.1986,641.5572,306.4662,1149.9867,2375.3973,5961.2112,2267.2595,2752.3258,4970.9323,1281.7513,685.8573,22.9452,1997.1421,3197.79,1359.6741,561.1354,355.7644,1559.5928,734.0196,1602.3027,818.3035,59.2941,2739.3401,650.6444,88.3731,512.5188,1779.9577,40.4381,30.4422,33417.9959,588.6242,994.3682,4429.6934,903.4961,1840.6148,28.8519,2.499,79.5131,30.8965,1183.8366,2556.6872,117.6794,1417.3779,158.3447,97.6875,295.3344,25.6714,1137.9462,669.5004,79.0587,6940.3584,90.1906,6843.5795,199.4643,857.6057,38.6729,374.166,905.0863,12.7221,446.6365,1777.9131,50.6612,741.2893,9.9959,6943.5389,1056.6156,523.8778,3238.4553,2108.0061,3066.0254,1026.1734,1799.4952,1490.0756,789.6787,296.0159,1486.2136,137.0238,4428.1985,290.7908,0.4544,1487.5766,657.0054,2.499,254.2148,4.998,248.5353,9.7688,1157.4837,550.9122,3821.8543,4993.1937,2288.3872,528.1942,2194.3346,1297.4267,1884.6878,1408.0635,296.6975,2279.7544,2258.8538,3714.6252,492.9813,133.8092,484.8028,1119.5445,2590.1008,2388.3466,3195.9725,2257.2635,951.2039,73.6064,44.073,401.882,288.7462,1482.5787,2792.7275,183.3345,115.862,156.3001,1441.0047,908.7212,368.0321,634.0602,5.2251,248.0809,246.2635,1428.5098,621.111,1610.4812,870.3278,3733.9355,26.3529,78.3772,10603.6408,47.7465,5412.3436,554.5471,602.5026,1939.4383,1770.8705,2123.2271,27.0345,1015.2688,762.8715,233.9957,852.3805,35.4401,5981.8846,21.8093,20.4462,2110.9594,39.075,751.7396,2022.3591,2572.817,10.4503,1550.7328,0.4544,2907.2264,556.3646,2194.5618,1079.9152,935.0741,11.1318,67.9269,4093.3348,198.3284,1571.4062,5855.3452,306.4662,165.6144,8.86,86.5557,820.1209,3805.7245,1568.9072,95.6429,296.6975,107.2291,95.8701,20.9006,2696.1759,130.1743,3648.5157,30.8965,2296.5657,9.7688,0.4544,11348.7922,8098.2964,506.8393,505.642,87.6916,67.4726,703.3502,0.2272,373.7116,999.3662,2513.0685,827.1635,2019.1786,1008.4534,6635.7096,217.4116,489.8007,5.9067,1002.0923,4.3164,3.4077,428.0077,561.1354,10.4503,597.7114,1820.8502,7.7241,328.9571,0.2272,6749.2997,46.3448,300.7867,256.7137,179.4724,72.6977,821.2364,112.6814
TCGA-J4-A67T-01,0.266666667,3579.2631,5987.575,2.1422,135.3899,811.054,391.174,2960.5827,1750.6427,638.8175,1647.3865,1119.1088,1673.5219,227.5064,987.575,234.3616,78.4062,11.9966,29.1345,440.0171,1140.9597,13841.9023,50.1285,431.0197,1868.4662,2636.6752,7932.7121,1162.8106,409.5973,1020.1285,2330.3342,4913.4533,137.1037,317.0523,526.9923,495.7155,3.856,14.1388,219.3659,605.3985,15015.4242,8.9974,737.7892,9101.9709,6659.383,2159.383,228.3633,134.9614,2522.2793,609.6829,93.4019,1736.0797,705.2271,1220.2185,396.3153,961.868,868.4662,399.3145,766.4953,20.5656,307.1979,947.3008,1261.3539,1083.976,575.407,3557.4122,590.8312,3618.2519,7346.6153,995.7155,6.4267,1219.3659,269.653,317.9092,1302.0566,8900.1714,147.8149,432.7335,1258.7832,2210.7969,855.6127,198.8003,1114.3959,2011.9966,5495.7155,1164.9529,2384.006,3960.5827,1773.3505,909.5973,310.6255,2651.671,1855.6127,1065.9811,526.9923,1036.8466,1598.5433,806.7695,1718.0805,703.9417,92.1165,2994.4302,670.9512,50.9854,2265.6384,2500.4284,12.425,24.4216,30397.1722,490.5741,1011.1397,2715.2057,750.6427,1053.1277,20.994,19.7087,8.9974,22.7078,1424.1645,2014.9957,797.3436,1214.653,55.2699,72.8363,398.4576,105.3985,1157.6692,302.9135,149.1003,5638.389,33.419,3000.8569,140.9597,1579.6915,22.2622,162.8106,1777.635,40.2742,611.7138,1698.8003,81.8338,160.2399,11.9966,9250.6427,1375.3213,456.2982,1917.7378,1909.1688,3010.7112,1116.1097,2627.6778,1659.8115,832.9049,214.653,1827.7635,179.7729,3060.8398,152.9563,0.4284,877.0351,831.1911,6.8552,92.1165,105.8269,156.8123,10.2828,724.9357,1119.9657,4136.6752,2553.9803,2430.0857,894.1731,1959.2973,693.659,1395.4584,1296.9152,95.9726,2280.6341,3241.2168,11967.4379,460.1542,220.2228,897.1722,1695.8012,2079.6272,2005.5698,1825.6213,1357.3265,2790.06,21.8509,10.7112,747.6435,288.7746,1471.7224,2543.7018,267.3522,161.5253,72.4079,1458.8689,892.0223,273.3505,468.7232,27.8492,156.3839,278.4919,1166.6667,955.4413,930.1628,1017.9949,3825.6213,80.12,260.0686,1380.8912,48.9332,8616.1097,383.4619,339.4944,928.0206,1946.8723,2647.3865,9.4259,895.8869,457.5835,233.9332,832.9049,58.6975,5112.6821,14.9957,41.1311,1835.4756,53.1277,617.395,9516.7095,4097.2579,2.9991,2021.8509,4.3616,2212.5107,5260.9254,1893.7446,937.4936,3811.4824,44.1302,158.5261,5526.1354,146.958,1211.2254,3090.8312,496.5724,1134.9614,9.8543,156.8123,745.0728,3732.2194,1674.8072,42.4165,313.1962,96.401,109.2545,16.7095,565.1243,152.9563,4130.2485,10.2828,6912.5964,33.419,0.4284,10895.8869,8082.6907,505.5698,248.3505,11.5681,53.1277,480.7198,0,253.6418,781.0626,2005.9983,886.8895,1931.0197,1604.1131,9168.8089,63.4105,366.7524,5.9983,834.1902,1.2853,1.2853,807.6264,235.647,8.569,32.5621,3001.2853,2.1422,264.353,1.2853,5846.6153,53.1277,366.3325,210.3685,276.7781,94.6872,1039.8286,157.6692
TCGA-J4-A6G1-01,0.333333333,2782.1029,4855.9284,0.4474,186.1298,544.519,197.7629,2533.7808,1226.3982,1405.8166,1506.0403,917.226,1838.9262,721.2528,1324.8322,133.3333,205.3691,69.7987,690.8277,734.2282,1086.3535,6790.1566,29.9776,650.5593,1789.2617,1956.5996,6862.1834,1435.7942,432.6622,512.7517,1765.9955,4288.5906,216.1074,373.6018,1456.3758,1184.34,74.2729,56.8233,549.4407,612.9754,18752.1253,14.3177,663.0872,5974.9441,3038.0313,3555.7047,373.1544,1114.094,2220.5817,576.2864,462.1924,1426.0492,865.7718,1360.1566,901.566,1112.3043,1183.4452,600.8949,864.4295,25.9508,609.8434,1091.2752,1143.1767,1305.1454,773.1544,2774.9441,1757.9418,3440.2685,11901.566,834.8993,228.6353,1331.5436,1284.0537,310.0671,1469.3512,7431.3199,420.1342,475.6152,1569.5749,2081.4318,995.5257,310.962,916.7785,1982.1029,6692.17,1593.736,2103.821,3118.5682,1598.2103,984.34,144.9664,2051.9016,2264.4295,1556.1521,495.302,1371.8121,1286.8009,768.2327,1534.6756,853.6913,5.3691,2463.5347,564.6532,80.0895,1229.9776,1620.5817,34.4519,510.0671,20706.0403,462.6398,1031.7673,3097.0783,1251.9016,2135.123,46.5324,18.7919,3384.7875,1659.9553,1099.7763,2336.9128,544.519,1695.302,351.6779,154.3624,1235.7942,136.9128,1510.0671,4259.5078,118.1208,3846.085,16.5548,3501.1186,689.4855,1454.1387,245.4452,158.3893,2163.7584,55.0336,650.9933,1580.3132,38.9262,1309.1723,372.7069,5120.8054,1086.3535,394.1834,2049.6644,1696.1969,2719.0157,700.2237,2413.4228,1380.7606,880.0895,427.2931,1204.4743,294.8277,1762.8635,547.2036,11.6331,1195.5257,743.6242,11.6331,198.2103,40.2685,234.4519,81.4318,2289.4855,931.0962,5314.5414,3617.0022,2091.7226,1081.4318,2188.3669,1261.2975,1560.179,1793.2886,123.9374,1653.2438,2003.132,5411.6331,720.8054,1438.9262,1077.4049,2371.3647,3389.3378,1854.1387,2893.9597,755.7047,1719.9105,180.3132,200.4474,889.038,503.3557,1811.1857,5973.1544,157.4944,136.4653,167.7852,1943.1767,640.264,454.1387,1170.4698,106.9351,194.1834,350.3356,1220.1342,421.9239,913.1991,3583.4452,1987.9195,400,119.9105,851.9016,25.0872,6551.6779,407.6063,461.7271,1128.4116,3468.4564,1994.1834,271.5884,799.5526,620.5817,510.0671,796.4206,65.3244,4725.2796,88.5906,57.7181,1787.472,56.8233,617.8971,2603.132,3030.8725,19.6868,1270.2461,3.5794,2502.9083,1859.5078,1890.8277,930.8725,760.6264,90.8277,318.1208,5268.0089,283.2215,2068.9038,4262.1924,1394.6309,1336.0179,110.962,123.4899,2201.7897,4997.7629,1359.2841,51.9016,310.0671,171.8121,90.3803,83.2215,1594.6309,210.7383,1967.3378,32.2148,7048.7696,2162.4161,18.7919,63770.4698,6887.6957,359.2841,303.3602,68.0089,1279.6421,517.226,0.8949,411.6331,1243.4004,1347.651,1043.8479,1909.6197,2417.4497,8163.311,84.1163,438.4787,3.132,1119.0157,25.0559,43.8479,397.3154,689.4855,38.4787,24.1611,3047.8747,777.6286,282.3266,0.4474,7066.6667,37.1365,413.0515,370.4698,557.4944,429.9776,657.7047,226.8456
TCGA-J4-A6M7-01,0.266666667,3646.8206,5440.7742,3.273,236.3815,586.2261,493.4918,3230.0619,1028.0776,916.0691,2189.9834,1039.7148,2203.0753,158.5574,2277.6264,260.3833,119.6454,13.4556,14.1829,426.5776,1857.5947,19296.3651,38.912,638.23,1328.8275,2290.3546,7461.6212,1201.1815,596.4086,510.2203,2928.5846,4072.6709,124.7367,222.1986,221.8349,618.5921,4.0003,21.0925,5.8186,736.0555,21993.6595,13.0919,581.8621,8603.5583,2430.0015,2236.1687,219.6529,54.1859,3144.9646,904.7955,148.7385,2497.083,844.791,1539.7162,342.2076,1237.5479,992.4385,45.458,881.8847,26.9111,725.873,989.8929,937.1616,1293.5521,907.3412,1782.9891,837.5177,3886.8387,10337.1436,910.9778,1.4547,1888.5061,593.7866,271.6569,1204.4545,10815.3615,55.6406,667.3231,1585.5742,2744.2071,1100.083,165.1034,949.8899,1667.3985,6634.3188,1604.8484,2175.8005,5032.7434,1920.5085,1525.9333,22.1835,2539.828,3000.9537,1207.0002,634.5933,237.8361,2283.0814,764.785,1523.024,985.8926,82.188,2547.4649,739.6922,70.1871,643.6849,1762.6785,24.7291,16.7285,27519.531,250.5644,1305.1894,5351.6765,717.5087,735.3282,17.8195,4.0003,3.273,21.4562,1383.7408,2400.1811,1128.8124,2078.7023,62.1865,121.8274,257.8376,27.6384,1742.3133,388.7566,216.38,5279.6711,16.3649,8256.623,17.4559,762.9667,56.6152,136.0103,1786.6803,72.7328,525.1305,2151.4351,10.9099,640.412,2.182,2937.3125,1316.463,224.7442,2252.8973,1933.9641,2509.6439,907.3412,2726.0239,1291.0065,619.6831,230.1992,2392.9078,152.9679,3367.5268,247.6551,1.4547,1234.6386,956.7995,2.5456,44.0033,63.2775,176.3769,7.2733,1198.2722,1242.6392,5409.8627,3183.5093,2789.3014,417.8497,2066.3377,1184.8167,1788.8623,1406.6516,136.3739,2255.8066,2067.7924,4052.3058,1047.7154,126.1913,302.9319,1020.4406,2184.6339,2689.6575,2960.587,1422.2891,1477.9297,66.1868,16.0012,337.1163,347.2989,1445.5636,2494.7337,159.6484,158.9211,92.7343,1551.3898,834.6084,257.474,1717.2205,53.8222,213.107,335.6617,1324.8272,513.1296,1524.8423,1260.8224,6317.2039,16.3649,125.464,1288.4609,80.0533,5421.1363,538.2224,659.6498,1253.5491,1664.4892,2072.1564,19.2742,1069.5352,766.967,323.6608,792.4234,52.3676,4354.1467,21.0925,28.7294,1779.7707,60.7319,676.051,2183.0738,6074.6402,8.3643,1756.1325,5.8368,2786.3921,765.1486,1719.0388,924.597,1615.3946,15.2739,101.0985,4409.7873,338.2073,1439.745,6241.1982,329.4794,641.1393,16.7285,98.9166,972.0733,3366.0722,1487.385,92.3706,374.9374,117.0997,133.1191,22.5472,145.4655,93.8253,1592.4838,20.7288,4021.0307,22.5472,0.7273,5799.3467,9575.268,458.5801,401.7612,5.8186,28.7294,776.0586,0.7273,330.5704,862.2469,4320.6897,797.1511,2204.53,2437.6385,6229.9246,245.4731,455.3071,0.7273,679.324,1.4547,1.091,696.0525,402.2122,2.182,46.9126,1173.9068,0.3637,241.1091,0,5823.3485,46.549,280.0393,353.8449,196.7421,15.2739,544.0411,310.5689
TCGA-J4-A83I-01,0.633333333,2901.4743,2781.014,2.1575,195.9727,917.6555,744.6962,3171.521,1418.5545,1372.5279,2072.9953,815.1744,2024.4516,221.8626,1701.9058,146.7098,79.4678,16.1812,73.3549,464.2215,1414.9586,12602.3013,33.4412,218.2668,1980.2229,2670.6221,8006.361,1092.7724,722.0424,695.0665,3179.0723,4071.9166,58.2524,321.8267,243.7972,607.3355,18.3387,90.9745,64.7249,653.7217,21048.9033,14.0237,574.973,6943.5455,2941.388,2134.8436,208.1985,157.8569,3033.0816,942.4667,93.4915,3546.2244,858.6839,2156.2927,488.6731,1419.6332,1131.6073,146.3502,837.4685,46.3862,492.269,1024.4516,1083.0636,1731.032,992.8083,1703.639,1070.1187,4149.2269,10792.5207,656.9579,25.5304,1526.0698,456.3215,343.7612,1663.0708,7674.5775,200.2877,869.4714,886.3718,2471.7727,566.7026,543.6893,1297.375,2391.5858,7035.5987,1617.4038,2504.2826,4633.9446,1664.8688,695.4333,47.8245,1616.3251,2886.7314,1133.0457,709.0974,1093.4915,897.8785,1181.2298,1585.4009,1039.1945,54.297,3593.3118,918.0151,298.4538,1267.8892,2190.9385,8.63,47.1054,29992.4488,704.0633,775.9799,3498.5257,437.972,948.5796,10.0683,12.945,45.3074,31.6433,1583.603,2203.1643,146.3502,1567.4218,68.3207,85.2211,496.584,49.6224,1458.8278,1152.1036,164.689,5738.2237,73.7145,9212.5135,371.8087,843.5814,32.4128,227.9755,1075.1528,28.7666,1065.9691,1952.1755,46.7458,197.7706,26.9687,36802.9486,1309.6009,245.9547,2521.7548,2072.2762,2981.3017,1071.1974,3102.4811,1534.3402,1053.2183,281.5534,2697.9504,169.1334,3447.3211,711.9741,0.3596,884.5739,1131.2478,1.4383,146.7098,7.1917,252.0676,12.5854,1676.735,692.5566,5261.7763,3298.7954,2604.0992,741.8195,1974.4696,1259.6188,1675.6562,1154.9802,18.3387,2216.1093,1610.2122,6859.7627,631.4275,243.7972,1014.0237,938.1517,2263.1032,2565.6239,1952.1755,1411.7224,1522.4739,43.5095,16.5408,484.7177,633.9446,2373.247,3835.311,201.0068,151.744,144.1927,1715.2104,995.3254,286.228,641.8554,2.8767,315.7138,222.2222,1340.525,286.9471,1282.9917,538.6552,3071.9166,43.1499,90.2553,1234.0885,109.6728,9864.4373,395.9008,712.4272,1295.2175,2695.4333,3059.3312,19.4175,1085.2211,625.3146,209.2772,858.3243,51.0608,4056.8141,12.945,29.8454,2334.7717,48.5437,646.1704,2449.119,2800.7911,57.5333,1706.9399,35.9583,2884.9335,1103.5599,1804.7465,860.2409,2561.3089,16.9004,89.1766,5384.0345,202.0856,1258.1805,5974.11,491.5498,907.9468,14.0237,213.2327,1750.0899,4299.173,1311.7584,97.8065,273.283,118.6624,143.8332,12.945,4379.7195,124.0561,1175.1169,10.4279,11978.425,30.9241,1.4383,17330.4567,9641.8554,526.0698,277.7778,42.0712,64.0058,696.512,0,350.5933,793.2398,2650.1259,870.5502,2149.9461,1193.4556,10040.9924,92.4128,396.6199,2.8767,786.0482,2.8767,117.5836,491.9094,503.7756,14.3833,10.0683,4114.3474,15.8216,228.3351,0,7568.5005,4.315,409.6081,309.6009,279.0363,62.2078,1083.6606,126.2136
TCGA-J4-A83K-01,0.5,3350.1528,5901.0039,5.9363,185.4212,611.0869,503.1864,2785.8577,1218.6818,1031.1654,1783.3261,934.4391,1732.6931,345.7006,1694.9804,151.8987,99.5199,13.9677,31.4273,448.7124,1344.7403,12734.0026,74.7272,870.8861,1459.9738,2383.588,7112.6425,1082.1475,509.1227,748.2916,2402.0952,4275.1637,97.7739,243.7364,802.7935,569.1838,4.1903,24.7927,99.8691,1088.0838,18543.5181,14.6661,696.9882,7887.9092,4513.313,2260.323,219.2929,64.2514,2409.7774,602.0079,158.5334,2123.7364,667.656,1482.8878,394.2383,1353.1209,1124.3998,296.4644,842.6015,36.316,515.4081,887.6473,899.1707,1312.2654,922.5666,1802.8808,1317.1541,3260.0611,8970.7551,751.8114,2.4443,1382.8023,424.2375,253.5137,1251.1567,8094.9804,99.5199,572.6757,1367.0886,2541.0738,758.4461,252.117,1580.4452,2042.7761,5835.7049,1522.8285,2712.5273,4724.9236,1940.8119,1248.7124,46.7918,2706.591,2040.6809,1421.2134,490.9646,423.9197,1737.2326,896.0279,1683.457,848.1886,112.44,3086.1632,627.8481,40.8555,832.4749,1961.7634,8.0314,24.0943,25545.8752,275.1637,781.1436,4659.8271,846.0934,971.8027,27.9354,8.0314,8.0314,27.9354,1146.0498,2160.1048,788.4766,1383.5007,148.4068,85.9014,332.0821,62.5055,1410.3885,244.7839,226.9751,4591.1829,13.2693,6670.6242,273.4177,857.966,24.7438,191.0083,1966.6521,42.9507,788.4766,1496.639,47.141,259.7992,5.9363,7091.0519,1118.8127,493.409,2066.172,1649.5853,3148.3195,816.412,2734.8756,1308.4243,964.1205,353.732,2239.0223,210.832,4090.79,243.3872,0.6984,1141.5103,863.2038,17.8088,265.7355,63.2038,190.6591,6.9838,1471.8464,745.1768,4710.2575,2802.2663,2386.0323,699.4326,2134.2645,1107.2894,1596.5081,1451.5932,49.9345,2116.1065,2667.4814,5157.2239,892.8852,206.722,528.3282,1304.234,2510.4042,2731.0345,2706.9402,1460.6722,1796.9446,38.7604,15.7137,726.6696,363.8586,1453.3392,1980.6198,169.3584,145.6133,96.3771,1602.7935,883.8062,297.1628,737.8437,47.141,245.1331,210.2139,1223.5705,589.4369,1192.8416,1082.1475,5208.9044,61.1087,105.1069,1459.2754,43.3697,5056.6565,431.9511,367.6159,923.6141,1671.5845,2237.9747,5.9363,890.4409,699.4326,375.7311,862.1563,41.9031,4163.0729,15.7137,37.7128,1756.4382,48.1886,608.9917,4653.3392,7749.9782,6.2855,1603.4919,4.5395,2561.6761,1274.5526,1399.2143,791.7556,846.0934,40.5063,153.6447,5104.845,276.5605,1048.9742,4838.7604,368.3981,1617.8088,21.9991,201.1349,1366.041,3717.8525,1245.9188,85.9014,378.1755,119.773,152.9463,15.7137,575.4692,143.5181,3921.4317,17.4596,5970.8424,40.5063,0.3492,11385.7704,7553.3828,329.2885,310.275,13.6185,29.3322,651.5932,0,289.1314,892.1868,2096.9009,866.6958,2044.8712,2681.4491,5143.9546,123.9633,419.031,1.746,669.7512,5.2379,0.6984,503.1864,579.3103,10.1266,349.1925,1660.4103,114.5351,433.3479,0.859,4098.4723,14.3169,422.921,286.687,304.845,164.4382,712.5412,321.2571
TCGA-J9-A52B-01,0.8,2998.0579,7951.4373,0,99.1388,437.7358,206.9204,2832.8266,1368.6233,669.0596,1609.0984,1285.7535,3019.4109,393.5046,2034.1241,147.4371,57.4496,13.2185,61.0085,427.0593,1011.2154,8021.0886,76.2606,491.1182,1865.8424,1822.1196,4899.4885,1296.9384,458.5803,152.511,1601.9807,2320.3555,118.4581,179.975,277.5885,317.244,6.1008,8.1345,90.4959,585.6813,27483.2989,12.2017,2963.9948,8248.8535,4507.0007,2024.4644,124.0506,116.4245,2791.6459,621.2696,114.8993,1105.748,313.1768,1441.5437,353.3407,848.0177,1582.6614,268.9457,782.942,32.0294,570.4292,837.8497,793.1101,1245.5896,1487.5899,1388.9595,381.8113,1796.6994,8919.9467,863.7783,20.8446,1171.3626,170.8339,211.496,1029.0095,11725.3195,96.5967,698.0386,1378.7914,1575.5437,880.0472,471.7988,284.1978,1655.3632,5316.3798,1572.4933,2179.5428,4136.3743,2089.0317,453.4963,38.1303,2035.6493,2345.2673,1615.1992,363.0004,625.3368,875.4715,804.8034,1175.4299,272.5045,2.0336,2676.7466,426.5509,24.4034,444.345,1146.9592,7.6261,29.9958,19641.1685,427.5677,598.8998,5165.9786,639.0637,1594.8631,20.8446,3.0504,28.4706,41.6891,865.3035,2595.402,153.0296,912.0766,440.7862,85.9203,697.0218,69.6513,807.3454,741.7613,42.7059,1463.6949,6.1008,5920.3636,137.2691,379.2693,105.687,369.6096,1507.926,39.6555,597.3746,1367.6065,121.5085,99.1388,11.1849,4647.3202,399.6055,315.7188,2407.8009,1748.4011,3266.4952,490.6098,2340.6916,662.9587,513.9964,168.2817,1368.1149,227.1396,2043.2753,179.4666,0.5084,1114.9298,855.1354,9.1513,151.5044,15.2521,140.3195,19.8278,1943.1198,963.4254,6042.3806,3526.798,2537.4439,587.7149,2391.0236,1536.3966,1534.8714,1404.2116,37.6219,1566.3925,2091.0653,3843.5336,666.0091,198.2775,332.4962,1115.4382,4800.5786,3023.9865,2962.4696,1631.9766,2500.8389,129.643,45.7564,589.7485,242.5087,2742.8391,2962.978,167.7733,183.5338,158.622,1293.3796,546.5342,264.8784,553.1435,6.1008,186.0758,86.4287,1625.3673,419.9416,1596.3883,591.7822,4994.0517,75.2438,18.3025,5265.5394,25.5219,5247.7452,275.0465,336.3956,715.8327,2862.3141,1122.0474,46.7732,720.9168,992.4044,560.2611,733.6269,139.3027,5858.3383,49.3152,24.4034,2471.3514,17.2857,608.0511,1177.4635,2918.2385,6.6093,1630.9598,2.0336,2773.3434,762.6059,1737.2162,611.4574,2235.452,19.3193,129.1346,5273.6738,256.2356,1093.5768,5782.0777,366.5592,1555.2076,32.0294,77.2774,1395.5688,5799.8719,1220.1694,40.1639,375.7105,139.3027,32.5379,80.3278,2774.3602,118.4581,7714.521,17.2857,1784.4977,32.5379,6.6093,23861.4294,5533.9766,349.7819,287.4109,36.6051,75.7522,305.0424,0,284.1978,638.0469,2699.6248,1204.4089,933.4296,1187.1231,4700.7026,58.9749,265.3868,6.1008,586.1897,1.0168,1.5252,1397.6024,382.3197,11.1849,84.3951,1111.371,39.1471,164.2145,0.5084,10610.3897,432.6517,392.4878,396.5551,346.2231,60.5001,914.0797,159.6388
TCGA-J9-A8CK-01,0.533333333,2322.8473,5695.5224,3.6739,106.5442,335.2468,155.6831,2185.0746,1385.9931,717.3364,1403.4443,943.7428,1899.8852,495.9816,1428.7026,145.5798,76.2342,16.0735,43.628,313.2032,1072.3307,9136.6246,120.3215,468.4271,1743.7428,1984.845,7625.6946,1164.6383,518.9437,408.721,1487.9449,4244.3169,94.1447,242.0207,631.4581,783.9265,3.2147,10.5626,201.1481,507.4627,21200.9185,13.318,1107.6923,7751.0907,3561.4237,2394.0299,197.9334,137.7727,2580.023,541.4466,101.0333,1460.1332,635.5913,1371.876,334.3284,1186.682,1256.0276,534.558,721.9288,39.4948,434.9024,879.4489,761.4237,1098.5075,939.6096,1936.1607,850.5166,2667.279,9864.0643,627.3249,2.7555,1138.4615,802.0482,271.4122,1176.5786,9949.4834,150.6315,647.0723,1737.7727,1827.3249,567.1642,119.8622,956.6016,1398.8519,5087.4856,1471.4122,2015.155,4374.7417,2188.7486,1128.3582,59.2423,2543.7428,1887.9449,1628.9323,320.0918,467.0494,1352.0092,743.054,2063.8347,657.6349,78.5304,3189.4374,447.7612,33.5247,1359.8163,1520.5511,3.6739,40.4133,22099.1963,241.1022,1008.496,5423.2239,1498.5075,1142.5947,20.6659,4.1332,5.0517,45.9242,851.4351,2419.7474,230.9989,2107.9219,231.4581,148.7945,874.8565,88.1745,1256.946,1010.7922,112.0551,3963.7199,12.3995,7583.008,800,908.8404,86.6131,214.0069,2570.3789,79.4489,856.4868,1287.256,132.721,160.7348,14.2365,7335.9357,923.9954,589.2078,2419.7474,964.868,2340.7577,450.5166,2000.9185,1063.1458,758.6682,443.628,1905.8553,164.0276,4017.4512,229.6211,0.4592,1070.4937,750.8611,5.9701,211.7107,101.9518,110.6774,7.3479,3944.8909,2258.5534,4543.7428,2996.5557,2225.4879,1126.062,2461.0792,1394.7187,1700.5741,1507.6923,52.3536,1664.7532,2564.868,3395.6372,475.775,222.7325,309.9885,1828.7026,2104.845,2723.3065,2745.8094,1173.3639,1849.8278,80.8266,34.9024,1402.5258,269.116,1186.682,2992.8817,117.1068,249.8278,158.8978,1160.9644,421.1251,277.3823,939.6096,7.8071,141.4466,386.2227,1341.4466,1047.5316,949.2537,2679.6785,4647.9908,55.1091,63.3754,2887.256,24.3949,8771.527,292.9966,317.116,838.1171,3257.4053,1895.752,10.1033,723.7658,627.7842,390.8152,797.7038,109.2997,5121.9288,44.0873,29.8507,2070.7233,26.1768,510.2181,2519.8622,6233.2951,0.4592,1243.1688,8.4501,3039.2652,1812.6292,1390.5855,566.0436,4740.2985,94.1447,298.0482,5977.4971,230.9989,1256.0276,4925.8324,388.0597,737.0838,19.2882,92.3077,2904.7072,3862.2273,1205.9701,69.8048,356.8312,152.7164,169.9196,42.2503,1616.0735,189.2078,7021.3548,11.9403,5027.3249,18.8289,0.9185,19158.6682,7408.0367,290.7003,273.5844,163.9495,90.0115,516.6475,0,269.5752,987.3708,3561.8829,1329.5063,1922.8473,2667.279,7797.9334,150.1722,328.3582,19.7474,643.3984,2.7555,4.1332,649.8278,542.3651,20.2067,107.0034,2792.6521,18.8289,327.4397,0,5094.8335,40.8726,379.3571,399.5408,278.76,294.8335,1081.9334,271.8714
TCGA-J9-A8CM-01,1.666666667,2822.099,5455.2893,1.0983,202.6376,548.055,267.9868,2596.397,1191.6628,697.4247,1309.7307,1113.683,1840.2129,447.56,964.8624,165.8443,115.8714,16.4746,96.1018,336.631,1578.8159,12768.3644,148.8206,654.0416,1542.5717,2443.7324,7369.0612,1183.9746,595.8314,467.3295,2086.7827,7020.3763,126.8544,211.424,429.4379,66.9967,14.8271,136.19,104.8883,780.8961,18772.2579,17.0238,835.2622,4275.7079,4451.9862,2280.6338,223.5054,104.3391,2204.3015,879.7437,235.0376,1604.5602,558.4889,1557.1627,326.1971,1188.3678,1612.8634,473.9193,695.2281,46.1289,504.1228,966.5099,780.8961,1076.3406,1037.8998,1074.6931,738.0621,4092.8399,22536.1549,741.357,1.6475,1120.822,510.4161,307.5259,1528.8429,8811.1654,108.7324,550.2516,1174.0898,1979.6978,530.4821,108.7324,898.964,1612.3142,4135.1247,1573.3243,2055.3492,4298.2232,1764.4297,1492.5988,59.8577,2242.1931,1968.7147,1486.0089,398.6853,441.5193,2068.1115,708.4078,1578.2667,893.4725,30.2034,3345.4422,420.6515,37.8916,863.2691,1522.8022,15.3763,82.373,24677.3038,450.8549,697.9739,4067.3701,1084.5779,1213.0797,24.7119,5.4915,45.0306,55.4645,873.1538,3018.6959,247.119,1777.0602,352.5564,122.4612,1129.0593,75.7832,1343.7782,666.6722,181.7698,5391.0384,63.7018,5562.3742,487.099,796.8215,45.7005,210.3257,2218.0304,62.6035,1063.1609,1419.5614,97.2001,130.1493,8.2373,5835.3034,999.4591,655.1399,2437.6917,1118.6254,3913.2667,620.5433,2337.1966,1515.1141,939.0522,533.777,1129.0593,250.2821,4023.6465,258.1021,1.0983,1155.4186,825.3775,15.3763,311.3699,14.8271,220.7596,14.278,3841.8768,697.9739,3566.2018,4226.8278,2063.1691,789.1334,2665.5903,1211.9814,2080.1929,1472.8293,26.3594,1326.7545,1660.0906,5024.2039,924.2251,228.9969,266.3394,1404.1851,967.6851,2433.8476,2477.7799,1154.8695,2500.8443,110.3798,70.2916,1056.0219,211.424,1781.4534,2890.7432,213.6207,330.0412,185.6138,1382.219,615.0517,354.2039,987.9269,21.417,168.5901,246.0207,1462.3954,285.5597,1199.3509,1612.3142,1406.9309,74.1357,47.7763,1510.7208,31.6312,7554.1534,389.3497,555.8091,1394.8495,2754.5532,1875.3587,10.4339,768.8147,686.9908,337.1802,918.7335,93.9052,4958.3055,42.2848,42.2848,3348.7371,28.556,384.4073,1647.46,3874.826,3.8441,1103.2491,7.139,3438.2491,1433.8394,1214.7272,433.2765,1839.6637,26.9085,168.0409,4556.8744,266.8885,1075.7914,4047.2601,606.2653,1294.3544,20.3187,438.7735,2251.5287,5373.4655,986.8286,36.2441,373.4243,142.2307,147.1731,49.973,6622.7893,156.5087,505.2211,17.0238,7699.679,39.539,2.1966,22668.5008,8098.9135,355.3022,258.1735,56.0136,91.7086,700.1705,0,166.9426,905.5539,2628.7971,914.3403,1629.338,2445.929,4461.8709,93.3561,411.3159,0,749.5943,2.1966,6.5898,432.1837,633.723,15.9254,98.8476,3683.7206,76.8815,320.1564,0,3013.2044,14.8271,337.7293,327.2954,233.3902,194.9055,782.527,125.7561
TCGA-KC-A4BR-01,0.1,4875.4753,5416.8251,4.2776,123.5741,480.5133,429.6578,2535.1711,1545.1521,839.3536,1848.384,886.8821,1897.3384,401.1407,1718.6312,177.7567,97.9087,17.5856,31.8441,494.2966,1033.7452,6664.4487,64.6388,460.5513,1595.5323,2261.4068,9834.5342,1099.8099,400.1901,790.3089,2130.2281,5022.8137,49.9049,234.3156,493.346,372.1483,2.8517,8.5551,103.6122,1033.7452,18610.2662,14.2586,832.2243,4281.3688,3915.3992,2384.5057,356.4639,115.9696,2698.1939,575.0951,199.1445,2342.8802,623.0989,1522.0247,216.73,1163.4981,718.6312,537.0722,867.8707,28.0418,382.6046,1243.346,682.0342,1357.4144,843.1559,3395.7937,1430.6084,4087.9278,9355.038,675.3802,1.9011,1366.4449,519.501,278.0418,980.9886,8695.8175,187.2624,605.5133,1325.0951,3016.635,790.3992,425.3802,756.1787,1609.3156,5587.9278,1367.8707,2446.5922,3267.5856,1460.5513,986.692,131.1787,2508.0798,2008.0798,1417.3004,417.3004,1615.4943,616.4449,775.6654,1822.7186,605.9886,23.289,3276.1407,561.3118,81.749,3099.3346,2226.2357,5.2281,24.2395,23586.0266,226.2357,759.981,6843.8498,1969.1065,984.3156,32.7947,22.8137,14.7338,60.8365,1140.6844,1790.3992,431.5589,1415.8745,163.4981,79.3726,432.0342,199.6198,1221.0076,459.1255,323.6692,2786.1217,19.4867,3545.1521,461.0266,1040.8745,25.3375,187.7376,4161.597,63.6882,642.5856,1255.7034,119.7719,109.3156,17.1103,16442.4905,1357.7899,864.5437,1751.4259,1886.4068,2604.5627,802.2814,2449.6198,989.5437,819.3916,328.8973,1863.5932,170.5133,7558.4601,57.9848,0.9506,998.0989,998.0989,30.4183,936.7871,149.2395,99.8099,25.6654,2721.0076,5396.3878,5248.0989,2434.4011,2666.8251,1760.4563,2031.3688,1155.4183,1487.1673,1430.6084,60.3612,1919.6768,2155.8935,7562.2624,606.9392,211.0266,844.1065,2163.4981,2005.9173,2278.5171,2436.7871,1884.0304,2013.7833,19.962,6.1787,1355.038,426.8061,1665.3992,2982.4144,228.6122,220.5323,86.5019,1582.6996,883.5456,231.4639,972.4335,231.9392,146.8631,457.6996,1173.4791,1242.8707,1031.8441,1632.6046,2975.2852,36.1217,139.7338,3102.1863,32.3241,14740.4943,383.5551,254.1825,867.8707,5153.5171,1836.5019,13.308,894.4867,559.4106,279.4677,836.0266,49.9049,4768.5361,14.2586,44.6768,1872.6236,93.6312,596.4829,3577.4715,6963.403,3.327,1432.9848,2.8517,2472.9087,18903.9924,1646.8631,822.077,6527.0913,38.0228,250.4753,5388.308,211.0266,935.8365,4343.6312,316.0646,836.5019,16.1597,136.8821,3098.384,3416.3498,1101.711,113.1179,354.0875,137.3574,99.8099,7.1293,2260.4563,283.7452,8014.7338,17.5856,22505.7034,68.4411,2.8517,13931.0837,7787.0722,403.9924,284.0067,24.7148,44.6768,527.5665,0,338.403,1547.5285,2112.1673,1166.3498,1537.0722,1817.4905,8035.1711,221.4829,387.8327,3.327,502.3764,3.327,5.2281,962.9278,574.6198,6.654,316.5399,4500.9506,2.3764,946.7681,0,3376.4259,33.7452,463.9211,264.7338,334.1255,204.8479,3745.7367,166.3498
TCGA-KC-A7F6-01,0.433333333,2717.7799,5434.619,0.4704,174.5061,410.6303,231.8909,2287.3942,1300.5644,866.4158,1450.1411,1369.238,2264.3462,368.2973,1217.3095,196.143,112.4177,11.7592,65.8514,388.523,780.3387,9991.063,56.444,809.5014,1678.7394,2262.4647,7026.2653,1317.0273,613.3584,606.2606,1940.2634,4102.0696,195.6726,293.9793,528.6924,578.0809,1.8815,105.3622,262.4647,659.4544,19137.8175,41.8627,929.445,5651.4581,4209.7836,1642.5212,128.8805,147.6952,2525.8702,529.1627,135.936,2122.5306,649.5767,1373.7629,393.2267,1243.65,1061.6181,630.762,600.1881,15.9925,491.5334,906.8674,1001.8815,1033.8664,931.7968,2148.0856,875.3528,2749.7648,11136.8768,858.8899,1.8815,1209.7836,327.7328,197.0837,886.6416,8801.0348,161.8062,475.0706,1447.3189,2025.8702,781.2794,287.3942,720.6021,2013.1703,6725.7761,1418.1562,2140.0706,4372.0602,1899.3415,1148.1656,81.3735,1947.7893,1955.3151,1457.1966,510.3481,510.8184,442.6152,824.5532,2249.2944,561.6181,79.0216,3559.7366,748.3537,29.1627,1001.4111,2223.4243,17.4036,30.1035,23685.3246,391.8156,1134.5249,4637.0602,839.1345,1441.2041,37.159,6.1148,52.6811,48.4478,944.0263,2573.3772,1044.6849,1100.6585,120.8843,117.5917,351.8344,42.8034,1276.1054,403.1044,105.3622,4960.9595,47.9774,7041.3923,306.2088,934.1486,60.3387,197.0837,1422.3895,40.9219,344.7789,1395.1082,55.9737,459.5484,9.4073,6757.7611,931.7968,417.2154,2132.6435,1428.0339,3611.477,570.555,2182.5024,998.1185,970.3669,231.4205,1573.3772,172.5212,4668.8617,223.8946,1.4111,1159.4544,1655.6914,6.5851,135.936,91.7215,190.4986,15.5221,1303.857,843.3678,3276.1054,2722.4788,1960.3104,1064.4403,2336.3123,1395.5786,1802.4459,1418.1562,118.5325,2126.9991,2364.064,4295.8608,431.7968,258.2314,528.6924,1622.7658,2346.6369,3026.3405,2431.7968,1292.0978,1571.9661,60.6773,32.4553,696.6134,224.8354,1512.2295,2482.5964,117.5917,151.9285,99.2474,1507.9962,1012.2248,310.4421,604.8918,37.159,194.7319,331.1383,1513.1703,1101.1289,1050.3293,1283.1609,3342.8975,146.7545,103.9511,1495.7667,36.1994,6630.2916,384.7601,361.6134,842.4271,2663.2173,1592.1919,17.8739,720.6021,770.461,575.7291,1103.9511,54.5626,5475.5409,32.4553,49.3885,2343.3678,37.159,598.777,5501.4111,5066.7921,3.2926,1196.6134,4.7037,2924.7413,1516.9332,1834.9012,835.254,3583.7253,29.1627,136.8768,6293.0386,198.0245,1019.7554,5225.3057,392.7563,1262.4647,50.3293,277.5165,1439.3227,3319.3791,1349.953,36.2183,195.6726,157.667,186.2653,41.3923,3513.6406,195.2023,2245.0611,20.6961,4892.7563,18.8147,0.9407,12480.715,7123.7065,306.2088,474.2756,30.5738,51.7404,427.0931,0.4704,359.8307,1022.5776,1865.4751,1277.0461,2341.016,1924.7413,6149.5767,142.5212,416.2747,2.8222,778.9276,3.7629,5.174,260.1129,425.2117,5.174,38.5701,3617.5917,148.6359,593.1326,0.4704,6233.302,19.285,400.7855,290.2164,436.9708,95.9548,1090.6961,166.5099
TCGA-KK-A59Y-01,0.233333333,2437.0175,6627.3843,1.1045,115.4173,528.4899,103.8204,2275.7646,751.041,478.2364,1333.0977,978.5622,2087.4521,139.1635,1243.6355,125.9098,53.0147,15.4626,30.9252,364.4758,1034.8903,15870.7105,161.8051,753.8021,1317.6351,1480.5447,5960.8023,1329.7843,638.9371,199.3572,1800.2894,5392.0323,136.4023,219.7899,168.9842,583.1612,2.7612,197.1483,101.6114,508.0571,32808.341,16.0148,1114.4123,6998.4869,5194.3318,1156.9344,120.3874,82.2832,2094.0789,474.923,54.6714,1463.1935,390.4309,1495.1127,173.4021,990.7114,1421.4555,141.3724,800.7422,19.8805,452.2813,599.7283,874.7418,968.622,1590.4397,1624.1261,601.9372,2474.5695,7672.2148,577.6389,4.4179,1091.2183,107.675,188.8647,736.1306,10164.4559,80.0742,363.9235,203.2228,2076.9596,440.6843,145.7903,613.5342,1710.2749,4788.4384,1515.3356,1531.3504,4968.4673,2068.6761,1246.3967,63.5071,1452.3807,2085.2431,1724.633,427.4307,239.6704,1019.9799,725.0859,1959.8856,878.0552,32.5819,3348.2069,824.4884,20.4327,251.8196,1756.1105,7.7313,17.1193,41813.1012,559.9673,685.8771,3984.5208,425.774,990.1592,39.2088,0.5522,61.8504,46.9401,809.0257,2527.032,735.5784,1201.6655,292.6851,85.0443,207.6407,18.2238,1349.6648,399.2666,31.4775,4121.3373,4.9701,8044.9741,85.5966,858.727,38.5461,189.9692,615.7431,18.2238,784.7274,1081.2781,24.8506,255.133,11.597,2379.0327,756.0111,159.044,2490.5844,1118.8301,4216.8741,818.4138,2622.5688,1290.0233,720.1157,142.4769,1907.4232,200.4948,877.503,393.7443,2.7612,1208.2924,418.5949,1.6567,71.2384,10.4925,169.5365,3.3134,764.8469,1234.2475,4309.0975,3743.6079,2715.8967,865.3538,1976.4527,1346.9036,1507.6043,1422.0077,50.2535,1372.8587,2711.4788,5019.273,684.2204,157.9395,520.2063,484.8632,2419.2244,2179.1233,2276.3168,838.2943,1467.2911,80.0742,18.776,238.566,335.2073,2418.7937,2636.9269,137.5068,103.8204,140.8202,1407.0973,712.9367,261.7599,210.4019,1.1045,232.4914,257.8942,1640.1409,183.8946,1732.9166,746.0708,2085.7954,34.7909,27.6118,924.9953,12.718,3603.8922,222.5511,473.7798,1082.3826,1350.7693,2483.9575,12.1492,1183.994,688.0861,304.8343,499.2213,17.1193,4986.6911,23.7461,27.6118,1716.9017,14.9104,408.6546,2951.1492,4505.6936,2.7612,1139.8151,1.6567,3329.4309,1039.3082,1584.3651,787.8309,1070.7856,13.2537,45.8356,4817.1547,247.4017,868.6672,5038.6013,420.2516,769.817,18.2238,291.0284,1172.9493,3978.3082,1398.8138,109.895,194.9393,149.656,131.9844,25.4029,915.6073,67.925,1413.7242,13.2537,3601.6832,46.9401,2.7612,10594.6477,8463.0168,323.6103,290.8682,22.6417,23.1939,511.3705,0,241.3271,534.0122,2384.5551,1070.2334,1710.2749,1942.214,9170.4311,94.4324,363.9235,3.8657,897.3835,3.8657,4.4179,316.9835,379.9384,4.4179,8.8358,2600.4793,45.8356,635.6236,0.5522,7610.9166,55.7758,292.1328,266.1778,330.2371,75.6563,672.4964,262.8643
TCGA-KK-A6E1-01,0.466666667,1552.2388,3686.6829,0.4628,135.6011,630.3367,785.8383,2829.5731,1002.8925,637.7415,1734.1201,877.4731,1984.4961,75.4368,2015.0411,344.7877,243.434,35.173,24.9913,421.6129,1355.085,19587.1804,201.7818,637.7415,1536.0407,1709.5916,5871.5631,1212.0791,582.6681,648.8395,2229.7813,4236.0292,174.9393,229.0871,95.8001,624.3203,5.0908,462.8023,44.429,744.186,23759.8056,12.4957,816.846,15968.0666,4069.4203,1008.9089,204.5586,42.5778,2771.26,893.2084,35.173,1648.9784,721.5087,1868.7076,229.5499,863.589,1353.6966,116.1634,629.8739,12.9585,668.2865,909.4065,1245.4009,1231.9796,1387.0184,1957.6536,665.0469,3733.4259,9971.0749,1194.9555,21.7517,980.678,82.3372,290.6398,1467.546,8891.3572,80.5276,620.155,381.8119,2028.4623,615.0642,130.5102,1027.8838,1556.8668,5882.6796,1181.997,820.5484,4641.9067,1582.321,982.0664,40.7266,1418.489,2007.1734,1662.3857,525.2806,536.8506,93.0233,381.3491,1420.803,809.904,30.5449,3791.2762,6175.1707,46.743,555.3627,1966.4468,31.9334,18.9749,45827.1434,819.16,945.505,4471.6372,237.4176,1179.683,60.6271,6.0164,8.3304,11.1073,1335.1845,2220.9881,77.7508,1223.1864,293.8794,186.0465,242.0456,30.0821,1395.3488,607.1966,39.801,2548.6521,4.628,9233.8308,52.7595,754.8305,170.6676,285.549,436.8853,47.6686,556.7511,1293.5323,15.2725,53.2223,10.6445,7932.8937,906.1668,213.8146,2670.8319,1347.6802,4288.3258,681.7077,2974.893,1108.4114,658.1048,179.5673,2011.3387,125.5999,1521.2311,588.6845,0.4628,1133.4028,462.3395,2.314,24.9913,5.5536,208.261,5.5536,793.2431,546.1067,3779.2433,2794.3908,2424.6211,711.3271,2268.6567,1518.917,2066.4121,1639.7084,21.7517,1686.9143,3086.8911,5034.3631,755.7561,557.6767,2143.2373,566.0072,2847.0762,2160.8238,2600.4859,1420.3402,2254.7726,165.6832,30.5449,296.6563,333.6804,2830.0359,3230.3598,164.7576,167.9972,127.2706,1838.2506,949.2075,226.7731,149.0223,797.8711,267.0369,138.3779,1649.4273,789.0779,1219.9468,473.9095,2814.7634,84.23,104.5933,328.1268,69.9202,7241.4671,399.8612,696.5822,1113.0395,1899.3405,1985.8845,16.1981,7480.7359,658.5676,353.1181,550.7347,36.0986,5155.1545,74.5112,50.9082,1465.232,30.5449,391.0679,2280.2268,462.3395,3.7024,823.788,5.0908,4327.664,689.1126,1457.3643,501.8952,1592.0398,6.4792,43.9662,4118.4774,284.1606,718.2691,4510.9337,274.9045,981.1408,60.1643,31.4706,915.4229,5490.6861,956.6123,40.7266,427.1665,167.5344,87.4696,133.2871,1825.7549,77.7508,5675.3442,23.1401,3762.1196,15.7353,0.4628,6868.4485,8302.6727,396.1587,190.5264,21.2889,49.9826,477.1491,0,362.3742,501.6777,3149.3694,948.2818,1300.4744,3426.1252,6198.7736,146.2455,196.691,7.8676,659.956,2.314,0.9256,560.4535,535.4622,9.7188,4.628,4158.2784,24.9913,195.7654,0.4813,8120.3286,13.4213,319.3336,386.9027,389.6795,49.5198,1050.015,255.9297
TCGA-KK-A6E6-01,0.766666667,2824.8537,5227.3751,1.801,167.9424,650.1576,242.2332,1885.1869,828.0054,835.2094,1075.1914,749.2121,1516.434,304.8176,1525.439,174.6961,79.2436,13.9577,63.9352,303.4669,1651.5083,13730.7519,140.027,589.8244,1100.8555,1592.5259,7432.2287,900.045,535.3444,484.0162,1906.3485,3927.5101,86.4475,262.0441,528.5907,679.4237,12.6069,98.6042,135.9748,470.5088,30269.6983,8.1045,702.3863,10820.8014,2965.3309,1811.7965,261.5939,110.3107,2069.3381,535.3444,153.5344,947.9739,710.4908,1792.3233,440.7924,614.1378,1070.2386,443.0437,700.1351,19.8109,490.3197,908.5997,1229.6263,1350.7429,981.9901,2701.4453,775.7767,2704.1873,8514.1828,793.3363,9.9054,1160.7384,593.7506,280.5043,1372.3548,8269.2481,193.6065,763.62,1413.7776,2250.7879,987.3931,238.6312,966.2314,1460.6033,5063.4849,1416.4791,1480.914,2712.2918,2042.3233,1630.3467,135.0743,2088.2485,2759.5678,1033.3183,489.4192,638.4511,1630.7969,466.4566,2073.8406,871.6794,45.475,2284.1063,528.1405,48.1765,452.4989,926.6096,17.1094,45.475,20980.1891,489.8694,1165.6911,3436.7537,654.6601,1232.3278,19.3606,5.8532,26.1144,52.2287,987.8433,2374.606,479.5137,1680.3242,169.2931,126.0693,536.2449,49.9775,1122.4674,1033.7686,131.4723,3775.7767,59.8829,9376.8573,349.3922,866.2765,21.0491,229.176,1874.3809,35.5696,513.7326,1208.9149,117.5146,305.7181,14.4079,17083.2958,910.4007,380.009,2059.4327,1027.4651,2829.8064,833.8586,2705.538,1799.1896,603.3318,343.9892,1276.0018,130.5178,2028.8158,266.0964,1.801,1027.0149,877.0824,6.3035,207.1139,36.4701,184.6015,14.8582,2099.0545,1048.6267,5433.5885,2619.991,1912.2017,810.896,1937.4156,1092.751,1659.1625,1491.2202,198.109,903.647,1692.9311,5670.4187,581.2697,196.7582,596.5781,1533.0932,1507.1724,1306.1684,2387.213,1256.1909,1431.3372,78.3431,27.0149,651.0581,307.0689,1528.1405,3070.6889,123.8181,277.8028,123.3679,1450.2476,408.8204,323.2778,1357.4966,11.7064,259.3426,368.7528,1507.4291,483.1157,1019.3606,1377.3075,1918.5052,48.1765,132.3728,874.3809,24.8267,8522.7375,345.7902,651.9946,1374.606,1541.6479,1732.1027,26.1144,867.6272,805.493,233.6785,552.4538,140.9275,5184.6015,28.8158,49.9775,1748.7618,25.2139,683.9262,2463.3048,3600.6303,0.9005,897.7938,1.801,3036.0198,2791.5353,1595.2274,402.6835,1031.5173,23.4129,182.8005,4375.0563,211.6164,1271.4993,5743.8091,702.3863,552.9041,12.1567,160.2882,1674.471,3090.0495,1224.6736,89.149,457.4516,176.9473,119.3156,10.8059,700.5853,184.1513,3058.5322,18.0099,10641.6029,24.7636,0.4502,14104.0072,8395.7677,330.4818,302.9221,79.6938,33.7686,696.0828,0,347.5912,958.127,4114.8131,894.1918,1094.1018,2271.0491,6116.6141,221.9721,335.8847,0.9005,710.4908,2.7015,3.1517,1018.0099,492.1207,11.7064,61.6839,1857.2715,135.5245,456.5511,59.3426,4716.344,57.6317,309.3201,264.7456,214.3179,120.6664,1497.9379,263.8451
TCGA-KK-A7AU-01,0.4,4058.7789,6279.4843,0.7584,114.5241,229.4274,400.8343,2960.5612,1277.5882,864.9981,1130.4513,1226.3936,2434.2055,112.2488,2255.2143,221.4638,108.8358,11.3766,21.6155,299.9621,1044.7478,8591.5813,17.8233,633.2954,1825.9386,2081.532,4053.0755,1425.1043,588.9268,222.2222,2566.5529,7284.0349,112.2488,194.16,152.446,552.901,0,94.0463,53.0906,697.7626,23067.8802,31.4752,1056.5036,6950.3223,3360.2579,1233.5988,139.5525,33.3713,3109.215,664.3914,18.2025,2103.0982,939.325,3352.3967,128.5552,1607.8878,1956.0106,79.2567,1087.9788,16.6856,568.0698,889.2681,760.7129,1067.1217,1357.6033,1387.5616,733.7884,2906.333,8004.5506,622.2981,1.8961,1289.7232,21.2552,147.5161,558.5893,10919.6056,21.9947,600.3034,84.5658,1508.5324,1011.7558,21.6155,485.4001,1113.7656,5770.9518,1265.4532,2304.5127,5044.3686,2523.7012,1414.4862,24.27,1748.1987,2201.3652,1660.2199,477.4365,93.667,266.5908,1140.311,2064.088,1059.1581,8.3428,4131.2097,729.9962,170.2692,275.6921,2311.7179,9.8597,8.3428,42267.3493,283.2765,480.4702,4954.5013,91.3917,648.8434,21.6155,3.413,4.5506,8.722,1036.405,2621.9188,99.3553,1483.1248,129.6928,114.9033,205.5366,21.2363,1070.1555,95.5631,8.3428,2205.9158,11.3766,7939.7042,51.953,757.6792,33.6405,554.0387,312.4763,56.5036,831.2476,1675.0095,1.8961,24.6492,3.0338,1171.4069,997.3455,125.9006,2605.6124,1439.1354,3931.3614,997.3455,2395.5252,981.4183,1029.5791,50.0569,1664.3914,192.2943,1931.3614,254.4558,2.2753,1489.1923,381.4941,1.5169,35.6466,17.0648,167.2355,1.5169,240.0455,895.3356,4404.2473,3631.0163,3593.0982,417.1407,2012.8934,1330.2996,1616.2306,1114.1449,18.2025,1892.6811,3024.6492,4017.8233,1015.548,509.2909,494.5013,272.2791,2305.8058,2880.9253,3236.2533,704.2093,2010.9973,29.1998,18.2025,131.2097,535.457,1923.0186,3262.4194,287.0686,69.397,132.7266,1576.4126,1061.0542,379.2188,55.3659,1.8961,156.6174,238.1494,1450.1327,171.7861,1142.2071,451.2704,4755.7831,26.5453,48.9192,3059.9166,36.6022,4370.1176,294.653,524.9071,981.7975,803.9439,2393.6291,15.9272,1176.3367,786.1206,363.6708,841.4865,21.6155,4014.4103,40.9556,32.2336,2891.5434,13.2727,443.686,1808.1153,3954.4937,1.8961,1437.9977,11.4107,2758.0584,240.4247,1991.278,876.314,601.0618,4.9298,22.3739,6509.6701,321.9568,851.7254,9146.3785,394.7668,147.8953,23.5116,139.5525,1984.452,4015.9272,984.8312,44.7478,400.8343,108.8358,151.3083,44.3686,70.9139,42.0933,3543.4206,22.3739,1773.2272,5.3091,2.2753,6119.0747,8595.7527,453.1665,341.1377,7.9636,9.8597,456.5794,0,239.6663,513.083,2832.3853,961.6989,1681.8354,2229.4274,8904.4369,98.5969,399.6966,7.9636,682.2146,4.9298,2.2753,1260.1441,287.4479,4.9298,1.8961,4153.2044,10.2389,456.9587,1.5548,5932.8783,87.2203,477.1369,440.6523,245.7338,10.6181,209.3288,301.0997
TCGA-KK-A7B1-01,0.433333333,1792.239,5779.533,2.0604,114.3544,507.2115,526.7857,2491.0714,1168.956,674.1071,1385.6456,1025.7555,2372.2527,233.5165,1302.8846,188.5302,121.2225,19.5742,53.228,458.1044,1221.4973,8908.6538,61.1264,469.4368,1519.5742,1912.7747,7272.9808,1208.1044,534.3407,446.7479,2025.0687,4179.9451,129.4643,256.8681,518.544,936.8132,4.4643,7.8984,224.5879,706.3874,24824.5192,14.4231,701.5797,9408.9973,4482.8297,2531.25,167.239,143.2005,2760.989,874.3132,148.0082,1826.226,685.0962,1402.2424,285.0275,1404.8764,1262.0192,415.8654,767.8571,29.533,547.7335,1007.5549,819.3681,1007.2115,1143.8874,2380.1511,1188.1868,2779.1896,10190.2473,889.0797,3.0907,1095.467,416.5076,225.6181,838.9423,8899.7253,205.3571,492.7885,1108.1731,2450.206,586.5385,182.3489,620.5357,1183.3791,5912.7747,1417.5824,1954.6703,4101.3049,1694.3681,1320.3984,94.0934,2146.6346,1966.0027,1428.228,445.3984,646.2912,2016.4835,812.1566,2052.1978,728.3654,30.2198,3250.6868,733.5165,35.7143,2137.706,2362.294,18.2005,30.9066,30453.2967,357.4863,1093.4066,3391.2088,972.5275,907.967,20.9478,6.5247,15.4533,59.4093,952.6099,2124.6566,351.9918,719.0934,147.6648,129.4643,470.1236,63.5302,1570.3984,490.728,165.1786,3904.533,38.4615,6687.5,357.1429,769.9176,107.9155,214.6291,1773.6951,30.5632,500.6868,1676.1676,255.8379,340.3159,3.7775,3780.2198,1054.6016,1296.7033,2435.4396,1317.9945,3516.4835,531.25,2515.7967,973.9011,887.3626,246.2225,2164.4918,215.0824,2528.1593,944.3681,4.4643,1304.6016,898.0082,15.1099,194.0247,25.4121,215.3159,8.2418,3595.8104,615.0412,4375,2525.4052,2373.9698,966.6896,2164.8352,1466.3462,1872.2527,1338.9423,79.6703,1677.5412,3188.5302,6274.3819,710.8516,353.022,601.6484,1606.456,4335.9032,2851.6484,2458.4478,966.0027,1588.2555,61.4698,37.0879,884.9588,265.4533,2222.1841,3187.1566,161.4011,293.6126,118.4753,1386.3324,837.5687,376.3736,958.1044,89.9725,190.9341,362.294,1607.1429,2584.8214,1177.5412,2323.8324,4453.6401,104.0522,151.4423,1132.5549,18.7019,7276.7857,417.239,246.511,1023.0082,3555.2885,1919.2995,9.272,770.261,721.4973,441.2775,878.7775,53.9148,5120.5357,26.7857,44.9863,1991.7582,50.1374,584.478,4838.9423,1302.1978,11.6758,1048.0769,5.1511,3269.9176,2854.0522,1705.0137,826.9437,4257.5549,24.3819,139.4231,5159.3407,315.9341,1007.5549,5799.794,587.2253,746.5659,47.0467,87.5687,3529.1896,3373.6264,1046.0165,66.6209,337.2253,167.239,181.9746,38.8049,3386.6758,290.1786,4168.6126,17.5137,1784.3407,48.4203,0,13589.2857,6006.5247,344.7802,442.2802,83.1044,42.9258,715.3159,0.3434,357.1429,1127.0604,1666.8956,967.3764,1858.8599,2176.511,6384.6154,245.1923,247.9396,5.8379,575.8929,2.0604,2.0604,728.3654,484.5467,12.0192,59.7527,2613.6676,209.478,442.6511,1.9334,5029.8764,9.272,407.2802,358.1731,289.1484,110.9203,992.0707,271.2912
TCGA-KK-A7B4-01,0.5,3026.2756,7115.7823,2.7123,211.2222,349.5508,560.0949,3237.4979,1431.09,829.9712,1697.9149,1779.2846,2446.8554,201.3901,3240.8883,263.4345,210.2051,28.4794,118.3251,424.8178,1189.0151,8411.5952,54.2465,904.2211,1049.6694,2382.4377,7819.2507,1281.5731,936.4299,469.1744,2362.4343,3801.3223,285.4721,160.3662,177.9963,972.3682,6.4418,18.3082,94.5923,520.7662,22737.4131,16.2739,625.1907,12745.8891,6237.3284,1745.7196,144.4313,137.6504,2987.286,958.4675,29.1575,2157.7861,816.7486,1626.0756,314.9686,1262.2478,1755.8908,200.0339,808.2726,20.6815,954.3991,1414.8161,1007.2894,1267.3334,1183.9295,1268.9846,1198.5082,4299.3728,12943.8888,1006.6113,9.8322,1404.3058,497.5657,275.6399,683.8447,9705.0348,114.2567,776.7418,343.448,1992.2021,586.2011,49.4999,823.5294,2247.8386,3885.0653,1357.1792,1551.5647,3625.3602,2095.9485,1176.1315,33.565,1387.3538,2061.3663,1069.6728,522.1224,469.9102,408.8829,908.6286,1770.8086,1126.6316,48.8218,2097.9827,908.2895,104.0854,566.5367,2496.0163,37.9725,63.7396,24739.4474,591.9647,582.4716,6058.7828,447.8725,771.9953,62.7225,4.4075,110.8662,52.2122,1376.5045,2595.0161,236.6503,1499.9152,241.7359,192.9141,585.1839,85.0992,952.7038,643.4989,72.5547,5096.457,6.7808,8261.4002,193.2531,852.6869,193.1683,383.4548,934.7347,41.702,969.6559,1880.3187,48.4828,426.1739,50.8561,5699.2711,1092.7276,210.8832,1562.2987,1493.8125,2214.6126,526.869,2586.5401,1120.5289,827.9369,155.2806,2149.1778,195.4738,3631.463,358.0268,3.0514,1924.733,576.0298,1.6952,77.3012,5.7637,274.9619,17.6301,1657.9081,757.7556,3377.5216,4079.9898,3185.2856,661.129,2514.3245,1396.8469,1800.3051,1340.9052,318.02,2130.5306,2328.1912,4042.041,748.2624,467.8759,600.7798,884.2177,3283.404,3793.1853,2670.2831,1011.0188,1522.631,141.3799,63.4006,672.6564,385.8281,2126.8012,2528.9032,89.8457,255.2975,167.8251,1597.8979,890.3204,381.4206,481.0985,1.6952,256.9927,112.9005,1433.1243,254.2804,1462.2817,898.7964,2745.5501,95.9485,88.8286,426.852,54.1041,4430.9205,511.6121,330.161,1383.2853,1182.5733,2203.7633,33.9041,1049.3304,900.1526,666.5537,1140.1933,149.1778,5037.464,111.2053,93.5752,2276.6571,16.613,543.821,2482.1156,2907.9505,10.1712,1072.3852,0.339,2510.595,304.7974,1626.7164,523.4989,1175.7925,17.9691,105.7806,5585.6925,452.9581,1138.8371,5665.367,474.3177,395.6603,57.9759,157.3148,3265.2992,3805.0517,1276.4875,28.4794,303.1022,136.6333,180.0305,123.7498,447.8725,90.5238,1573.148,60.3492,4476.0129,43.3972,3.0514,18628.2421,10081.3697,487.5403,182.8073,91.88,80.3526,663.1632,0.339,517.7149,789.6254,3618.9185,1237.1588,1238.176,2750.9747,9454.8229,148.1607,442.1088,2.0342,815.0534,5.4246,5.7637,481.7766,539.4135,21.6986,6.7808,1761.3155,36.2773,180.0305,1.0171,5838.6167,6.7808,424.1397,374.9788,520.7662,81.0307,494.9212,242.753
TCGA-KK-A8I4-01,0.533333333,2922.531,5172.876,3.9424,108.4171,479.0065,226.2961,2116.6962,1397.2009,943.0317,1496.5504,1222.1565,1970.8259,575.9905,1118.0761,150.207,136.4084,31.5395,292.9233,506.2093,1320.7175,8738.8133,114.3308,543.6625,1886.4577,2721.4666,6953.2505,1025.4287,413.562,669.0085,1746.1068,4491.2281,128.5236,284.6442,691.8983,617.7804,21.6834,3.154,262.9608,728.563,22108.8114,13.0101,1138.1825,5617.9775,2799.5269,2723.4378,242.0658,566.1344,2243.2486,614.6265,291.7406,1799.59,511.7288,1260.6229,459.6885,1100.3351,1064.4589,624.0883,698.9947,29.5683,478.6123,866.9426,905.5786,1172.0875,843.288,2482.9292,1448.4526,4803.4693,9205.204,613.838,15.3755,1105.4603,664.9044,243.6428,1431.5001,6170.7077,436.0339,708.8508,1464.2224,2546.8165,974.9655,1899.862,817.6621,1699.586,5390.4987,1547.0136,1941.9791,3636.1128,1633.353,1110.1912,209.3436,1833.629,1748.8665,1375.9117,432.4857,1388.5275,1718.5098,796.373,1893.1599,698.2062,18.9237,2950.9166,522.3733,53.2229,1880.5441,1944.8058,10.6446,143.5048,23878.9671,500.6899,898.0879,3721.4429,1364.8729,1386.162,24.0489,21.2892,325.2513,240.0946,910.3095,1970.8259,707.668,1060.5165,170.3134,96.984,1304.1593,121.8214,1405.8742,2347.7232,178.9868,5334.5161,22.4719,4581.9042,510.546,919.3771,79.385,169.5249,2096.1955,70.9639,902.0304,1398.7778,151.784,389.1189,63.079,5563.9661,788.8823,705.6968,1834.8117,1616.4006,2617.7804,767.9874,2016.164,1515.4741,1049.8719,294.5003,1496.5504,244.3051,2493.9878,338.2614,1.9712,1198.8961,1224.9162,52.4345,331.9535,73.7236,282.673,38.6359,3368.4211,1455.549,4534.5949,4104.4589,2911.098,1403.903,1804.8492,1003.3511,2241.6716,1621.1315,59.5308,1534.792,2125.7638,6108.4171,637.4926,554.7014,1184.3091,3145.6732,2060.7491,3528.0899,2101.3207,1496.1561,1425.1922,68.9927,37.0589,1193.7709,225.1133,1601.025,5006.8993,145.0818,249.9507,123.3984,1310.4672,699.7832,367.0412,1170.9048,14.9813,232.604,581.51,1464.6166,1850.5815,1023.4575,1063.2762,2991.5238,267.2975,216.44,1751.6263,15.9551,9433.0771,358.3678,379.4993,1415.7303,4803.4693,1735.068,126.5523,680.071,944.6087,391.8786,426.572,82.0028,6269.2687,36.2705,35.482,1795.3873,47.3093,559.4323,2942.2432,4508.9691,7.8849,1770.55,4.3367,3402.326,3416.1246,1391.2872,804.317,3880.1498,78.8488,247.191,5520.205,305.1449,1258.0327,4663.907,814.1139,678.8882,67.4157,412.3793,3116.8934,4941.0605,934.7526,59.1366,257.0471,131.2833,90.408,26.0201,6400.5519,460.8713,1845.8506,15.3755,4465.6022,210.1321,7.0964,47870.688,7270.2543,399.7635,300.9935,64.2618,184.9005,656.0221,0.3942,231.8155,1249.7536,1747.2896,1067.6129,1654.6422,2355.2139,4655.6278,136.8027,363.493,1.9712,780.2089,3.5482,20.1064,365.8585,686.3789,31.5395,55.1942,5396.8066,188.0544,577.1733,0.3942,6129.312,6.3079,450.7077,258.6241,451.4094,211.3148,1260.2326,199.0932
TCGA-KK-A8I6-01,0.8,2857.9151,5481.8533,0.7722,161.0039,554.8263,400.3861,3061.7761,1378.3784,992.6641,1536.2934,1071.0425,2215.0579,287.2587,2333.9768,167.1815,105.4054,29.3436,47.8764,328.5714,1424.3243,14629.7297,85.3282,599.6139,1533.9768,2142.8571,7176,1230.888,513.8996,600.3668,2213.1274,3409.2664,151.7375,249.8069,477.2201,994.9807,8.8803,1.9305,166.7954,729.7297,23589.9614,20.0772,836.2934,12231.2741,6220.0772,1864.8649,192.278,81.8533,2655.5985,870.6564,89.9614,2046.278,774.5174,1402.2278,423.9382,1327.027,1368.7259,216.2162,908.8803,20.4633,589.9614,1028.9575,1049.0347,1129.3436,1341.6988,1680.695,1246.7181,4326.2548,8762.5483,883.7838,12.3552,1226.6409,303.7259,256.7568,1771.4286,8264.0927,97.2973,685.7143,787.2587,1975.2896,588.417,130.1158,1132.4324,2929.7297,5599.2278,1637.8378,2177.6062,4794.5946,1774.9035,1059.8456,35.5212,2274.5174,2038.2239,1480.695,503.0888,454.0541,1381.0811,983.0116,1951.3514,1016.9884,43.2432,3025.8687,745.9459,52.5097,810.4247,1769.4981,22.0077,27.4131,37288.8031,502.7027,772.5869,3576.9691,470.2703,1115.444,16.6023,6.9498,27.7992,23.5521,1061.0039,2633.9768,260.2317,933.2046,134.749,126.2548,345.9459,37.0656,1259.8456,515.444,58.3012,5715.444,56.3707,1792.278,144.7876,685.3282,40.1158,271.0425,883.3977,30.1158,781.8533,1427.4131,28.9575,779.5367,10.8108,5024.3243,1091.5058,301.9305,2400.3861,1554.4402,3135.9073,863.3205,2569.112,1501.1583,969.112,194.5946,1945.1737,177.9189,3864.4788,967.1815,3.0888,1240.1544,832.0463,3.4749,86.8726,54.0541,230.5019,9.2664,1014.2857,396.5251,4618.5328,3066.3977,2704.5483,435.5212,2112.7413,1261.0039,2115.8301,1321.2355,128.5714,1870.2703,2930.888,4248.2625,534.3629,520.8494,377.2201,1021.6216,3083.4402,2630.5019,2546.7181,1273.3591,1719.6911,64.4788,22.0077,468.3398,471.4286,1494.2085,2533.9768,152.5097,108.1081,145.9459,1522.3938,857.139,351.3514,385.3282,15.444,227.4131,123.5521,1318.5328,296.9112,1535.9073,589.1892,5515.0579,127.027,73.7452,884.556,46.5328,4545.9459,361.39,475.278,1228.1853,1897.2973,1623.5521,18.5328,943.2432,723.9382,352.5097,901.9305,61.7761,4829.7297,33.2046,49.8069,2054.8263,22.3938,623.166,3468.7259,3730.888,4.2471,1132.8185,7.722,3002.7027,1028.1853,1554.8263,503.8417,1438.2239,11.9691,110.0386,5422.3938,259.0734,1316.9884,4771.0425,592.6641,1249.0347,45.9459,107.722,1513.1274,3671.8147,1291.8919,81.0811,494.5946,136.6641,177.6062,35.5212,3737.0656,94.5946,1679.9228,22.7799,3266.0232,40.9266,1.1583,11434.749,8833.9768,399.2278,364.1004,31.2741,42.8571,599.2278,0,318.1467,732.8185,2159.8456,841.6988,2173.7452,2462.1622,7163.7066,189.5753,346.7181,7.3359,713.5135,4.2471,1.5444,572.2008,535.1351,12.3552,18.1467,2025.4826,29.3436,270.6564,1.1583,5972.973,8.8803,415.1274,311.583,372.2008,76.834,924.2471,200
TCGA-KK-A8I8-01,0.2,2345.9016,5362.2951,1.6393,251.3661,541.5301,473.7705,2898.9071,1122.9508,650.8197,1640.9836,1209.2896,1897.8142,514.2077,1855.1913,166.6667,131.9945,15.847,59.5628,197.8142,1054.6448,5140.9836,19.1257,761.7486,1260.6557,2219.6721,7880.3169,1332.7869,474.3169,490.0874,2320.765,4711.4754,119.1257,253.0055,261.7486,208.7432,10.3825,303.2787,122.4044,428.4153,18555.7377,40.4372,818.5792,2298.3607,3226.2295,1692.3497,113.6612,124.5902,2809.8361,106.0109,77.5956,2216.224,822.4044,1264.9508,383.6066,1225.1366,1586.3388,194.5355,722.4044,25.6831,590.1639,1018.0328,850.2732,1436.612,1068.8525,1674.8579,760.6557,2738.7978,17883.6066,819.1257,7.6503,1397.8142,310.1967,204.3716,1091.2568,8870.4918,79.7814,433.8798,1555.7377,2212.5683,791.2568,32.7869,904.918,2286.3388,6110.3825,1772.6776,2927.8689,4530.0546,2539.8907,1222.4044,25.1366,1606.0109,2651.3661,1721.3115,498.3607,255.7377,1603.8251,783.6066,2190.7104,1345.3552,53.0055,3126.2295,713.6612,37.1585,742.623,1572.1311,16.3934,38.2514,28615.3005,551.3661,522.9508,2629.071,360.6557,1007.6503,38.2514,3.2787,44.2623,42.623,1262.8415,3190.7104,253.0055,998.3607,97.2678,120.2186,498.3607,37.1585,1129.5082,602.1858,55.7377,4369.3989,9.8361,6118.0328,133.3333,474.3169,34.1639,253.0055,992.8962,70.4918,631.694,1639.3443,40.4372,141.5301,8.7432,4950.8197,979.235,242.0765,2238.7978,931.1475,3435.5191,480.3279,2483.0601,1125.6831,857.377,120.2186,2071.5847,112.2131,4312.5683,289.071,0.5464,1218.5792,1324.5902,4.918,84.6995,48.0874,224.5902,9.2896,1055.7377,391.2568,4293.9891,6792.3333,2552.459,586.8852,2553.0055,1426.2295,2048.6339,963.9344,45.3552,1954.6448,1832.2404,2834.9727,849.7268,236.0656,222.9508,985.7923,2203.5464,2579.235,3080.3279,1977.5956,1344.2623,51.3661,20.765,457.9235,275.9563,1544.8087,3531.694,173.224,81.4208,83.0601,1962.2951,444.2568,268.306,369.3989,24.5902,259.0164,133.8798,3265.5738,379.7814,1183.0601,962.2951,3242.623,31.1475,42.0765,2428.9617,18.7268,4027.8689,828.4153,524.3825,1661.7486,2583.6066,2782.5137,24.5902,866.6667,934.9727,428.4153,892.8962,22.9508,4742.623,34.9727,53.5519,2743.7158,30.0546,446.9945,1504.918,7593.9891,9.2896,1215.847,8.7432,2255.7377,319.6721,1841.5301,878.7541,1430.6011,14.7541,69.9454,5771.5847,224.0437,1169.9454,7530.0546,457.9235,253.0055,15.3005,442.623,917.4863,4606.5574,1139.3443,62.8415,326.776,101.6393,140.4372,43.1694,1405.4645,81.4208,1879.7814,22.9508,4160.6557,16.9399,1.0929,12145.3552,7383.6066,344.8087,383.7432,33.3333,65.5738,710.3825,0,325.1366,1562.2951,3171.0383,971.5847,2440.9836,1615.3005,7161.2022,67.2131,517.4863,7.1038,703.2787,3.8251,2.7322,322.4044,348.6339,8.1967,26.2295,1698.9071,13.1148,874.3169,0.5464,4249.7268,32.2404,275.4098,406.5574,246.4481,72.1311,491.1038,167.7596
TCGA-KK-A8IA-01,0.633333333,2490.9091,5825.0429,1.0292,197.9417,351.6295,544.4254,3182.1612,1546.8268,1158.1475,1686.4494,1133.7907,2156.0892,222.9846,2294.3396,256.6038,171.5266,33.9623,22.2985,497.7702,1355.7461,18415.0943,56.2607,856.2607,1700.1715,2351.6295,8278.5077,1393.825,473.7564,484.717,2436.7067,5333.4477,224.3568,299.1424,82.6758,260.7204,6.175,172.8988,50.7719,693.9966,22146.4837,18.1818,844.5969,10378.7307,4087.8216,1353.6878,163.9794,73.0703,2432.9331,816.1235,61.0635,2684.693,1074.4425,1668.0549,241.8525,1429.5026,1695.3688,120.7547,940.3087,19.8971,782.1612,1277.187,843.2247,1325.2144,1165.6947,855.9177,758.4906,3303.6021,10415.7804,898.4563,2.4014,1691.9383,169.4099,309.434,946.1407,6742.3671,59.3482,658.319,326.9297,2104.6312,673.7564,39.7942,890.9091,2417.1527,6474.4425,1693.3105,2648.3465,5268.2676,1868.2676,1115.952,27.1012,1436.0206,2722.1269,1350.2573,634.3053,388.6792,90.566,951.9726,2173.5849,1327.2727,11.3208,3376.3293,1035.3345,68.6106,1332.7616,2062.7787,19.554,29.8456,58158.4906,540.6518,835.6775,5351.928,255.5746,713.5506,11.3208,5.4889,39.7942,17.8388,1298.7993,2759.8628,651.458,1830.5317,268.9537,96.741,274.0995,28.1304,1488.1647,391.7667,55.2316,5613.3791,18.1818,6710.4631,138.9365,815.7804,48.5523,309.777,655.9177,8.2333,953.9177,1518.6964,32.247,63.4648,7.5472,4348.199,1111.8353,211.6638,2149.5712,1769.4683,3320.0686,1002.4014,2972.2127,1263.1218,1030.8748,148.542,1633.6192,179.434,1591.7667,296.741,1.7153,1656.2607,1497.084,4.1166,75.4717,18.8679,268.9537,4.8027,794.8542,723.8422,3858.319,5485.753,3898.1132,625.3859,2606.175,1144.4254,1771.5266,1227.4443,46.9983,1756.4322,1392.4528,4531.0463,823.6707,145.1115,772.8988,719.0395,1429.3516,2577.3585,3206.8611,895.7118,1427.4443,103.6021,31.2178,312.8645,416.4666,1662.4357,5992.4528,209.6055,177.0154,216.8096,1966.3808,926.9297,370.4974,221.9554,2.4014,384.5626,219.554,1374.271,202.4014,1633.9623,357.1184,2705.3173,87.8216,98.7993,881.3036,51.3276,5545.7976,400.3431,281.9726,1780.1029,1818.8679,2417.1527,10.9777,1600,859.0051,356.4322,1015.0943,221.2693,5800.6861,68.6106,116.9811,2538.2504,41.8525,699.1424,2442.1955,1804.8027,1.0292,1606.518,5.3276,2982.1612,540.3087,1755.06,461.5643,979.7599,13.036,52.4871,5550.6003,248.0274,1203.7736,5200.6861,354.717,405.8319,24.6998,88.5077,2193.825,2914.5798,1417.4957,40.4803,389.3654,110.4631,204.1166,60.0343,2160.5489,99.1424,1182.5043,26.4151,3758.4906,13.3791,0.3431,9012.3499,4634.9914,474.7856,337.9966,28.1304,45.6261,466.5111,0.3431,220.9262,739.9657,2310.8062,888.5077,1135.163,2944.4254,6532.7616,109.0909,447.3413,2.4014,750.9434,4.1166,5.4889,393.1389,469.6398,6.8611,26.7581,6784.2196,4.4597,859.0051,1.1218,5635.6775,5.4889,362.3122,391.7667,175.3002,64.1509,527.9383,100.8576
TCGA-KK-A8IC-01,0.366666667,2790.7588,3402.3291,1.127,159.2787,708.8655,583.3959,2620.2104,1261.4576,827.1938,1862.1337,1122.0887,2051.0894,472.2014,1622.4643,271.2246,120.2104,40.9467,88.6551,672.0511,1367.3929,8625.0939,175.432,378.287,2111.5702,2490.6086,9032.9752,947.0323,427.4981,1105.5372,2219.3839,4402.7047,93.163,228.7754,619.4591,237.7911,27.0473,17.6559,327.5733,1048.0841,15271.2246,11.2697,591.6604,6803.5312,4470.6987,2742.6747,233.2832,256.9497,2429.3764,838.0917,185.9504,2475.0225,981.9684,2443.4748,543.9519,1421.8633,954.9211,578.8881,755.8227,24.0421,524.7934,1020.6612,978.5875,1312.547,1000.7513,2234.6356,1034.1848,4508.2645,9427.8738,1068.3696,15.7776,1200.6011,746.0518,525.169,1523.2908,6986.4763,448.1593,545.0789,1079.2637,2696.8445,939.1435,116.0781,1040.9467,2166.7919,6672.4267,1705.4846,2150.5635,3443.6514,1537.5657,634.4853,40.571,1676.559,2627.7235,1318.9331,457.5507,1120.586,396.3186,729.5267,1577.3854,867.7686,16.5289,2583.7716,961.3073,97.6709,1607.438,1962.0586,25.5447,49.9624,20356.1232,530.8039,1075.5071,4403.8993,770.4733,1647.6334,29.3013,7.8888,34.9361,46.9572,956.7994,2282.87,690.0826,1688.9557,164.1623,148.009,834.7107,105.9354,1282.1187,1508.6401,276.1082,4754.6957,27.7986,5178.8129,367.0173,825.695,66.7393,231.405,1089.4065,15.0263,687.8287,1610.4433,86.4012,261.8332,25.169,9799.7746,1228.3997,753.1931,2216.7543,1944.027,2807.2878,593.9144,2890.308,1243.426,574.7558,536.4388,2547.7085,197.8024,1960.556,537.1901,1.8783,1057.8512,1237.0398,2.6296,143.5011,31.9309,256.1983,14.275,3008.2645,1050.3381,4203.2307,3503.7453,2848.9857,1063.4861,2289.6319,1424.4929,1856.8745,1540.571,64.2374,2303.1555,1768.2194,5299.3989,575.1315,362.5094,752.4418,2166.0406,2042.8287,2736.2885,2630.7288,1772.7273,1797.5207,67.2427,27.0473,1353.118,479.3388,1867.3929,3010.5184,136.3636,222.0135,80.015,1762.5845,719.0045,283.2457,820.8114,7.5131,194.9662,377.5357,1287.0023,1021.7881,1317.8062,1408.7153,4143.1255,99.1736,68.3696,1549.5868,34.166,10417.731,454.1698,414.7746,795.2667,3536.4388,1880.9166,21.4125,1145.7551,548.8355,471.8257,669.0458,223.5162,5168.2945,27.0473,31.5552,1555.5973,79.6394,677.3103,2465.4395,6232.9076,0.3757,1606.311,3.3809,3469.1961,1679.1886,1126.5965,770.2179,5848.9857,24.4177,175.0563,4377.9113,406.4613,1303.9068,3884.2975,546.5815,1609.692,65.74,75.8828,3601.4275,4373.0278,1794.5154,58.2269,315.5522,122.0887,96.1683,66.867,3735.5372,334.7107,4893.689,24.0421,6285.124,49.9624,0.3757,25983.0954,7966.5665,525.9204,127.4568,63.4861,123.2156,465.8152,0,237.7911,1255.447,2269.722,891.0594,1840.3456,2462.8099,6014.275,150.6386,316.6792,4.8835,759.2036,1.8783,3.3809,540.9467,459.8047,17.2802,31.9309,4005.6349,66.1157,611.9459,1.6228,5077.0098,5.6349,375.3606,337.3403,706.6116,173.8505,1901.5064,219.3839
TCGA-KK-A8IH-01,0.6,2602.1433,2987.9437,4.6885,166.1085,580.71,196.919,2156.7314,1392.4983,945.7468,1304.7555,958.4729,1920.2947,143.3356,974.5479,166.7783,111.8553,16.075,70.998,233.7575,1255.1909,18116.5439,415.2713,696.5841,951.7749,1701.2726,6346.8855,1084.3938,480.2411,297.2472,2062.2907,5580.0402,150.7033,255.8607,138.647,344.9431,9.3771,19.424,68.9886,543.8714,25371.7348,10.0469,876.7582,13357.6691,5983.925,1727.3945,200.2679,152.0429,2377.0931,450.7703,56.9324,2309.3168,764.9029,1434.0857,509.712,969.8593,1223.7106,186.2023,736.7716,28.1313,501.0047,742.1299,1168.1179,1337.5754,1058.2719,1849.2967,620.2277,2878.0978,10510.3818,854.6551,32.8198,1081.7147,320.0536,254.5211,2100.4689,7139.9866,93.1011,580.0402,297.3878,1780.9779,602.8131,277.9638,983.2552,1800.4019,5970.5291,997.3208,1047.0194,4580.0402,1758.8747,701.9424,51.574,1403.215,1578.0308,1375.0837,567.3141,795.0435,774.9498,1069.6584,1548.5599,966.5104,87.073,3195.5794,766.9123,12.7261,690.5559,1505.6932,18.7542,68.9886,29092.4313,747.4883,948.426,3363.6437,419.29,860.6832,10.7167,8.7073,162.7595,113.8647,956.4635,2119.8928,591.4267,1340.9243,176.8252,127.9303,342.2639,37.5084,1099.1293,1010.7167,70.3282,7278.6336,231.7482,5828.5332,210.3148,1237.7763,42.1768,273.2753,893.503,18.7542,977.2271,1363.0275,61.6209,144.6752,31.4802,17960.4823,874.079,156.0616,2214.3336,1412.5921,3115.2043,482.2505,2918.2853,1814.4675,966.5104,171.4668,923.6437,199.5111,2656.3965,367.716,0,1095.1105,839.9196,3.349,124.5814,11.3865,189.5512,15.4052,1196.919,639.6517,3638.3121,2337.5754,2257.8701,945.7468,1621.5673,1056.2626,1766.9123,1338.2451,268.5867,1503.6839,2062.9605,5447.4213,530.4756,216.3429,442.063,828.5332,2233.0074,2089.7522,2724.7153,1012.7261,1215.0033,62.9605,14.7354,394.5077,246.4836,1724.0455,2488.2786,73.0074,328.8681,193.57,1490.288,709.9799,427.3275,343.6035,5.3583,198.9283,69.6584,1351.641,162.7595,1018.0844,830.5425,1083.0543,183.5231,167.4481,277.9638,111.4267,6435.365,344.2733,669.0757,1036.1688,1914.9364,2630.2746,20.7636,991.9625,846.6175,330.2076,768.2518,212.3242,4675.8205,30.8104,87.073,1618.2184,36.1688,690.5559,4574.6818,1419.9598,5.3583,1089.0824,4.8225,3623.5767,3327.5285,1436.7046,485.787,522.438,14.0656,79.0355,5151.3731,193.57,1000.6698,5756.1956,835.9009,1251.1721,50.2344,519.7589,911.5874,2850.6363,1176.8252,52.2438,346.2827,74.347,144.0054,32.15,296.0482,103.148,960.4823,24.7823,12026.1219,131.9491,12.0563,39073.0074,8551.9089,318.8212,417.9236,172.1366,281.3128,483.5901,1.3396,299.3972,791.6946,2019.424,864.7019,1065.6397,2312.793,10958.4729,173.4762,324.1795,9.3771,888.8145,51.574,8.7073,222.3711,490.288,10.0469,46.2157,3749.4977,0.6698,599.4642,1.3396,6686.5372,27.4615,517.8031,297.3878,346.2827,159.4106,1102.4581,117.8835
TCGA-KK-A8II-01,0.566666667,2387.9887,5501.0524,0.3499,130.1776,545.906,738.3728,3175.0031,1211.8413,1022.8738,2257.8111,955.3354,2371.1916,56.6902,2458.6765,261.405,113.3805,27.9952,10.4982,359.738,1616.0216,16594.8415,70.6878,318.7951,1270.6311,1987.3077,8724.9386,1229.3382,636.5404,631.9631,2705.0341,4559.0147,93.4339,237.2591,104.632,826.2077,2.0996,135.4267,21.3463,763.5685,17833.2782,26.2455,481.867,10831.6842,2614.7496,1956.513,212.4134,64.3889,3247.7906,1484.0944,24.4958,2230.0784,1005.0269,2149.0988,270.5034,1197.1438,1133.4548,83.2857,1037.9212,11.548,643.5392,992.779,1087.6127,1548.4833,801.7119,1612.8722,951.1362,4391.7435,7574.7952,1055.7681,9.0984,1801.1398,89.1261,293.5994,464.37,9449.4223,54.9405,484.3166,160.6223,2380.9899,846.8541,114.0803,640.7396,2368.392,7387.2276,1716.1044,2117.4853,3767.4511,1913.1205,1001.1775,21.3463,1779.0936,2815.2651,1245.0855,730.3242,523.8598,816.0594,861.2017,1499.4917,1272.3808,29.7449,3097.6664,1144.3029,88.1848,883.9477,1782.9429,16.4472,6.6489,41261.3927,550.1052,1175.7975,2388.6361,136.1266,862.2515,12.9478,5.949,13.2977,6.6489,1585.9268,2157.0285,96.9333,997.3282,48.2917,122.129,130.1776,11.1981,1483.3945,364.2873,55.2905,4928.901,3.8493,8174.242,59.4898,516.511,49.513,238.6589,475.5681,74.1872,691.4809,2209.5194,5.949,23.446,6.9988,14976.7203,1499.4917,76.9867,2270.059,1767.1956,2160.5278,947.6368,3077.7199,1162.1498,868.2005,121.779,2790.0694,113.027,2126.5837,188.6175,0.3499,1415.8561,627.4419,0.3499,26.5954,10.4982,171.1205,3.8493,413.6288,485.7163,6401.0974,3507.4388,3229.8807,447.223,2093.3394,1230.738,1843.1325,1087.2627,33.9442,2029.6504,2658.842,5091.623,805.9112,237.6091,631.9911,601.8963,3284.3803,2508.7179,3843.038,1283.9288,1529.5865,60.1896,22.0462,158.8726,386.3335,1576.1285,2411.4346,152.9237,66.8385,82.9357,1816.1872,771.9635,303.7477,229.2105,2.4496,215.2129,464.72,1556.5319,289.4002,1860.2796,307.2471,7273.8471,62.9892,111.6308,3069.6712,109.8391,11919.6468,443.0237,537.091,1206.9421,1520.4881,2352.6448,5.599,1160.4001,901.0948,354.8389,699.8794,8.7485,4721.3867,30.4448,33.2443,1691.9586,61.2395,693.9305,2848.1594,3544.1895,8.0486,1356.0164,12.7518,2767.6733,832.1567,1737.4507,1033.267,2990.9348,9.0984,32.5444,4785.4257,195.2664,1276.93,7084.5297,384.9337,385.6336,22.7461,85.7352,1282.879,4003.3104,1815.1373,89.5846,358.6882,166.9212,65.4387,32.1945,243.2081,28.6951,10852.3307,20.9964,1784.6926,3.1495,0.3499,4678.3442,7268.248,584.0494,351.6999,13.2977,30.0948,583.6995,0,618.6934,689.0313,6910.6096,661.3861,2529.0144,2152.8292,6807.3774,133.327,338.0418,4.1993,543.8063,0.6999,2.0996,1324.1719,467.1695,4.8992,5.949,1623.3704,12.5978,122.8288,0.6999,9434.025,8.3986,289.4561,408.0297,186.5179,17.497,922.2311,193.1667
TCGA-M7-A720-01,0.233333333,2691.1197,5739.3822,1.1583,177.6062,651.7375,378.3784,2520.8494,1266.4093,848.2625,1424.7104,837.8378,1881.0811,1077.9923,1283.0116,201.5444,101.2394,19.305,84.9421,352.1236,1003.0888,13788.417,15.8301,725.4826,2259.0734,2622.7799,7618.1197,1161.0039,284.556,1114.2239,2280.695,6463.7066,35.5212,260.6178,1596.9112,779.5367,7.3359,2.7027,664.8649,911.1969,19231.6602,18.1467,753.2819,13187.2587,3775.2896,2443.2432,205.0193,105.0193,2753.668,715.8301,288.417,1939.0811,694.9807,1567.471,476.4479,1472.2008,949.0347,559.0734,978.3784,32.8185,390.3475,908.8803,891.1197,1637.0656,779.5367,2536.2934,1267.9537,4320.4633,6521.2355,555.2124,6.1776,1171.0425,269.2355,283.0116,2467.1815,8477.2201,96.5251,666.4093,1340.9266,2223.9382,759.8456,152.1236,1287.6448,2067.9537,5918.1467,1377.2201,2604.4865,3670.2703,1633.9768,807.722,36.2934,2589.9614,2009.2664,1221.6216,407.3359,1125.8687,983.7838,1091.8919,1371.8147,736.2934,23.9382,2857.1429,605.4054,40.1544,1476.0618,1662.9344,8.8803,25.0965,19787.2587,293.4363,474.9035,4419.4479,976.4479,1353.2819,24.3243,11.583,44.7876,47.4903,1119.6911,1617.3745,524.7104,1670.6564,173.7452,74.1313,538.9961,37.8378,1410.4247,577.2201,154.0541,4914.2857,85.3282,325.8687,347.1042,1489.9614,40.3977,204.6332,1605.7915,24.7104,1021.2355,1181.0811,50.1931,119.305,10.8108,7274.5174,1206.9498,408.1081,2274.5174,1737.8378,2879.9228,874.1313,2727.7992,1274.5174,756.3707,300,1805.4054,236.3977,766.0232,570.6564,3.4749,867.9537,905.4054,15.0579,237.4517,54.8263,201.9305,10.0386,940.1544,451.7375,4166.0232,3290.7259,2645.5598,710.8108,2175.2896,1172.2008,1897.6834,1562.1622,93.4363,2141.3127,2902.7027,6993.4363,1072.973,518.1467,1303.4749,1695.3668,1872.8996,2154.4402,2236.6795,1394.5946,2414.6718,28.1853,5.7915,887.6448,315.444,1330.1158,5071.8147,174.5174,114.6718,135.5212,1871.0425,433.9768,306.5637,376.0618,47.8764,238.9961,195.7529,1180.695,240.9266,1015.444,2440.9266,4420.4633,201.5444,139.3822,1657.1429,37.6834,6667.1815,477.9923,361.2046,932.4324,3981.0811,2488.8031,16.9884,1019.6911,508.1081,330.5019,819.6911,304.6332,4859.8456,25.4826,81.4672,1775.6757,43.6293,603.0888,2548.2625,6716.2162,0.3861,1765.6371,17.4788,3081.8533,1172.973,1570.6564,799.9382,1528.5714,80.695,287.6448,5308.1081,235.9073,1086.4865,3281.4672,387.6448,1481.0811,144.0154,102.7027,1213.8996,3553.2819,1528.9575,71.4286,316.2162,152.8958,132.4324,12.3552,8564.4788,86.1004,8464.4788,11.9691,5274.9035,38.9961,1.1583,10847.4903,8637.0656,379.5367,269.0927,18.5328,36.2934,585.3282,0.7722,297.2973,643.2432,945.1737,900,2254.8263,2973.7452,8780.695,106.5637,474.9035,11.1969,946.7181,3.0888,3.861,499.2278,536.6795,13.8996,64.4788,3664.4788,20.0772,324.3243,1.6023,9802.7027,35.5212,452.6216,311.9691,589.9614,194.1776,1588.0116,228.9575
TCGA-QU-A6IP-01,0.433333333,2364.0688,6392.6123,0.5597,146.0753,465.0902,180.2155,2092.0666,1170.2812,588.7785,1242.4794,1089.688,1989.646,314.5376,1186.5118,82.2723,99.0625,8.9548,30.2225,238.9814,1014.6915,12546.8029,45.3337,1035.9591,1521.7574,1733.3147,5910.1553,1102.0008,410.2421,321.2481,1351.0564,5381.8385,133.7624,234.504,676.6475,753.8827,1.1194,1.679,155.0301,563.5931,18359.5914,14.5516,816.5664,9343.2209,4481.8805,1577.7249,139.3592,113.6141,1957.7445,488.5966,57.6466,1382.7676,557.9964,1275.17,404.6453,908.9128,1053.8688,270.3232,744.3683,29.1031,451.0984,795.8584,833.9163,949.7691,1183.1538,1442.2835,1006.2963,2447.4605,8151.1124,681.6846,2.7984,947.5304,267.2562,127.606,1037.0785,9969.4977,76.6755,456.1354,1254.2325,1558.696,777.3891,71.6384,1748.9856,1400.3078,4571.9882,1230.7262,2279.5579,3726.3187,1931.9994,1388.5546,64.9223,1877.1513,1592.2765,1450.1189,424.7936,415.2791,1722.1212,812.089,1587.2394,724.7796,84.511,3317.196,484.6789,20.1483,524.4158,1488.7365,7.2758,24.6257,31042.9551,328.5295,809.2906,4036.3901,788.5826,1090.2477,29.1031,3.3581,30.7821,52.0498,763.3972,2178.8163,1077.3751,1508.8848,147.1946,116.4125,266.4055,36.9386,1128.3056,324.6117,44.774,4741.5699,29.1031,7719.6026,228.9072,808.7309,46.3859,209.8783,1609.6264,49.8111,632.4332,914.5096,33.5805,356.5132,20.708,12744.3683,846.7889,320.1343,2242.0596,1157.9684,3825.941,925.1434,2221.9113,1382.3982,901.0774,242.8991,1878.8303,255.822,2022.6669,325.1714,2.7984,904.9951,640.8283,8.9548,456.1354,72.7578,166.2236,8.9548,1148.4539,753.8827,3307.1219,2297.4675,2261.6482,566.3915,2003.6379,1202.1827,1367.287,1454.0367,99.6222,1363.3692,2698.195,3995.5226,894.3613,169.022,411.9211,826.6405,3592.825,2548.202,2202.8823,1232.9649,1990.2057,47.5724,23.5064,481.8805,279.278,1407.5836,2392.0526,83.3916,98.5029,88.4287,1245.2777,995.6625,291.5909,690.6394,11.7532,138.7995,264.7265,1278.8583,298.307,911.7112,2348.9576,5268.2244,104.0996,89.5481,1235.2036,19.667,3898.6988,274.8006,368.6526,766.1956,2025.4652,2140.1987,13.9919,743.2489,737.0925,392.8921,932.4192,29.6628,4825.5212,38.6176,39.737,1960.5429,10.6338,641.9477,3986.0081,6921.5055,8.3951,1429.4109,2.2499,3514.7614,1499.3704,1311.3194,709.7244,777.3891,39.1773,188.6106,5468.0285,266.4055,878.6904,5185.9521,372.7438,964.8804,30.2225,291.0312,1182.5941,2667.9726,1273.2615,71.0788,427.592,108.0173,153.9107,16.7903,373.3035,84.511,4772.9117,13.9919,7233.2447,11.7532,0.5597,10777.669,6633.2727,285.4344,476.1159,25.1854,29.1031,580.3834,0,258.0104,641.388,2043.3748,1136.141,1691.339,3233.2447,5409.2626,144.9559,359.8713,8.3951,616.7623,6.1564,7.2758,541.7658,446.0613,7.2758,113.6141,2171.5405,52.6095,289.9119,1.1194,4990.6254,34.6999,456.1746,280.957,281.5167,80.0336,655.3631,296.628
TCGA-V1-A8WS-01,0.5,2070.1119,7167.5444,0.6583,292.9559,785.7143,419.3548,4235.3522,1613.5616,1177.0902,2010.8624,1273.8644,1255.4312,230.4147,1994.4042,157.6695,152.4029,23.0415,22.3831,423.3048,1134.628,8050.0329,43.7788,489.7959,1265.9645,2683.6735,6379.7926,1223.8315,771.8894,598.5879,2997.6959,5144.503,184.0026,317.314,461.1587,141.5405,5.5958,12.1791,76.6952,918.6965,19376.2344,9.2166,522.3831,5274.5227,2836.7347,2109.2824,174.4569,50.6912,2735.6814,892.3634,99.4075,3463.2949,809.0849,1212.0968,593.4826,1260.6978,1144.8321,168.8611,722.5148,26.9914,811.3891,1109.6116,902.2383,1763.9895,704.0816,1846.5569,1399.2758,3982.5543,12827.5181,1094.47,1.3167,1129.0323,359.6478,223.8315,1495.7209,9030.9414,38.8413,424.2923,1469.7169,3127.0573,1271.8894,319.9473,1222.844,2190.9151,7164.582,1866.3594,2416.6327,6158.3278,2173.1402,1284.0685,15.1415,1930.5464,2533.5747,1663.2653,611.9157,250.8229,1975.3127,927.5839,1906.1883,1173.1402,172.1527,2891.7051,970.0461,63.8578,984.5293,2062.8703,22.7123,15.1415,28056.6162,159.3153,1234.0355,3664.8255,347.5971,1058.262,44.4371,5.925,18.104,35.5497,1562.8703,2462.4753,495.7209,823.8973,57.2745,76.366,220.869,18.4332,1643.1863,216.2607,80.316,5303.16,8.5583,7552.0079,110.5991,848.2554,72.7551,207.0441,718.5648,77.0244,747.5741,1980.5793,24.6873,277.8144,6.5833,4203.7525,1217.5774,294.6017,2410.4674,1647.4654,3225.4773,1035.8789,3202.765,1444.7005,1022.7123,130.3489,2782.0935,189.6741,2292.2976,648.7821,0.3292,1405.53,531.9289,9.5458,89.2034,27.6498,318.3015,6.9124,1093.1534,858.1303,5289.9934,3859.1014,2029.2956,730.4147,2938.1172,1506.2541,2169.8486,1818.9598,40.158,2439.763,2925.2798,3969.3878,892.3634,73.7327,227.7814,1121.7907,765.0592,3743.9105,2646.8071,1233.7064,1285.7143,72.0869,19.4207,380.5135,404.2133,1756.0895,3018.104,196.1817,102.37,122.449,1698.1567,1265.3061,303.16,497.0375,10.2041,316.6557,510.2041,1850.5596,507.5708,2029.6248,410.4674,6955.5629,21.7248,3897.3009,1247.8604,24.9078,4831.7972,622.449,531.9487,1149.4404,2084.5951,2341.343,20.4082,925.2798,822.5806,468.4003,1014.8124,9.5458,4500.6583,18.4332,43.1205,1893.6801,43.7788,763.3311,4217.9065,5955.2337,23.3706,2838.0513,3.2916,2543.7788,355.497,1940.7505,1164.2989,1583.9368,12.5082,97.7617,5962.8045,190.2567,1301.5142,6625.7406,394.6675,243.5813,8.8874,122.449,886.1093,5373.2719,1309.4141,88.5451,321.5932,110.7077,168.8611,29.9539,686.9651,130.0197,1527.9789,35.2205,2342.3305,23.3706,1.3167,6864.3845,8279.131,480.9085,374.9803,11.5207,27.9789,664.9111,0,365.372,866.0303,4534.8914,807.4391,2226.4648,2835.0889,4815.339,139.5655,462.1461,0.6583,613.8907,3.2916,0.9875,437.788,731.0731,3.6208,61.5537,1284.7268,6.9124,443.713,0.6583,6399.2758,13.4957,290.3226,331.7972,164.2528,36.208,774.4305,685.6485
TCGA-V1-A8WW-01,0.866666667,2583.9782,16980.1297,2.0916,125.4968,628.3204,430.4539,3398.8705,1186.3627,399.0797,1533.5704,1187.6177,2256.85,121.3135,1780.799,204.1414,66.5133,32.2108,56.8919,516.6283,1527.2955,14495.7122,177.7871,974.6915,1971.5541,1896.256,7490.0523,1008.5756,540.0544,643.3466,1546.5384,8382.3468,192.01,191.5917,112.1104,230.914,2.9283,120.4769,33.0475,842.5016,25971.9724,4.6015,991.0061,16195.7749,5813.8465,1147.0404,133.8632,218.3644,2620.7906,665.5511,90.3577,1709.8055,1276.7204,1557.0759,355.1558,1024.4719,1091.4035,189.9184,902.74,26.3543,473.5411,783.5181,2097.0508,1354.5283,1004.8107,1895.001,882.2422,2610.7509,6127.5884,696.9253,12.968,1478.3518,250.617,270.2364,1970.7174,8454.7166,69.0232,416.2309,1636.0594,1221.0835,803.1793,240.1171,1532.3154,1956.0761,4667.2244,1414.7668,1322.3175,4984.7312,1792.0937,872.2025,64.0033,1406.4003,1662.832,1483.3717,515.3734,412.466,1396.7789,648.3999,1613.8883,948.7555,17.1512,3092.6584,698.1803,67.7682,449.6967,1552.3949,20.0795,41.4139,31830.5794,694.4154,760.5104,3288.9019,395.3148,985.9862,61.9117,5.8565,66.095,40.9956,980.1297,2271.4913,455.5532,1086.8019,78.6446,66.5133,294.0807,26.7726,1153.7335,450.115,103.3257,3114.8295,15.4779,1989.5419,298.264,893.5369,129.8515,213.7628,784.7731,15.8963,1149.5503,957.9586,123.4051,82.8279,17.1512,2511.6085,997.6992,297.009,2254.7584,1253.7126,2617.0257,797.7411,2329.2198,1185.1077,637.5235,297.4273,2381.9285,126.6555,819.0755,242.6271,2.9283,1170.4664,451.7883,3.3466,123.4051,12.1314,153.106,7.5298,1810.9182,919.8912,4047.6888,2859.6444,2710.73,632.0853,2479.3976,1480.8617,1828.9061,1168.7931,22.1711,1482.1167,883.9155,4952.9387,849.6131,140.9747,204.1414,925.3294,4255.1224,2608.241,2926.5844,1531.8971,2083.2462,109.6005,82.8279,530.433,364.3589,1894.5827,1669.1069,154.7793,525.4131,125.0784,1021.5436,771.8051,284.4593,404.9362,7.1115,217.5277,351.8092,1526.8772,497.8038,1861.9536,717.4231,2533.3612,132.1899,69.4415,358.5024,63.104,5972.809,325.8732,537.7327,1431.4997,1056.2644,2085.3378,8.7848,1094.7501,721.6064,394.0598,458.8998,458.4815,5551.5583,63.1667,85.7561,1547.7933,26.3543,353.4825,2151.4328,1900.0209,2.0916,1231.9598,5.0199,3750.6798,1311.4411,1718.0506,594.6915,729.5545,31.7925,135.5365,4092.031,195.7749,1183.4344,3569.1278,451.37,1457.854,88.6844,148.0862,2664.2962,5087.6386,1287.1784,25.0994,303.2838,179.042,125.4842,41.4139,189.0818,108.3455,1927.6302,22.1711,2154.361,71.1148,0.4183,12207.9063,10009.2031,322.945,220.1673,79.8996,42.2506,412.466,0,314.5785,617.444,1838.5275,1167.1198,1828.0694,6642.9617,5742.3133,251.4118,313.3236,4.1832,679.7741,9.2031,2.5099,263.9615,814.474,14.6413,222.5476,5011.0855,4.1832,342.1878,0.8366,8864.6727,101.6524,231.4495,593.1813,606.5677,135.5365,547.5214,197.0299
TCGA-VN-A88K-01,0.6,2878.6453,5321.6264,1.2543,161.3881,519.7031,804.85,1935.8211,1027.2813,500.0523,1572.9069,1156.8935,2046.6186,187.7287,2988.1886,368.7676,162.6424,13.3793,23.4138,418.522,1286.5057,7943.556,35.1207,532.2463,1227.553,2246.4722,6157.3827,1290.6867,355.3883,372.0999,1827.114,4959.1303,74.8406,203.6166,53.9354,409.3237,4.181,141.3191,36.375,602.4877,25561.6181,12.125,855.0225,5143.5142,3208.5293,2086.7566,151.3536,99.5087,2813.4211,567.7851,466.1858,1573.6218,1176.9625,1750.6596,212.8149,1167.3461,1363.4368,61.0432,746.7336,20.069,452.8065,1172.7814,862.9664,1417.7903,1204.5573,1706.7001,1212.9194,2310.4421,16409.7418,655.5869,12.9612,1121.7728,433.8706,337.828,494.6169,8607.0869,583.2549,1431.1696,1597.575,2079.6488,934.0441,51.0087,527.229,2156.998,5753.5278,873.8371,1263.9281,3732.4135,1698.338,1397.7213,24.6681,1618.4802,2727.2917,1503.0835,380.4745,294.3451,2388.6276,926.5182,1139.7512,794.3974,71.4958,3344.4131,773.4922,37.6294,1220.0272,2133.1661,1.2543,46.8276,28985.4709,365.8409,1101.7038,5583.7274,772.2379,1316.6092,18.8147,8.7802,7.1078,28.4311,1078.7081,2341.3818,51.8449,2638.2356,160.5519,100.763,302.7072,37.6294,1488.4499,1663.6354,99.9268,5495.5576,33.4483,4076.513,171.0045,699.4878,20.8676,155.5347,1341.2773,76.9311,749.6603,1735.9674,74.4225,43.9009,2.0905,10922.9644,1044.2814,962.8933,2510.2958,1545.7301,3179.262,798.9966,2118.1144,893.0699,972.9278,216.9959,1775.2692,149.978,5068.2555,79.8578,6.2716,1525.243,569.0394,3.3448,209.4701,17.9785,149.2631,12.9612,2501.9337,1513.9542,4839.1345,3535.8963,2474.3389,584.9274,1953.7995,1380.9972,2863.5936,1402.3205,0.4181,1742.2389,2013.5884,5751.8553,337.4098,727.0827,290.1641,1868.5063,1650.0679,2344.3086,3455.6287,2444.6535,1596.7388,43.0647,33.0302,576.5653,348.6987,1337.0963,2895.3695,189.4011,290.1641,112.0518,1419.0446,534.3368,233.7201,843.3156,9.1983,160.1338,88.2199,2361.4508,6193.7912,873.419,9091.6693,6813.003,59.3708,160.1338,4297.2719,29.7105,7617.4349,505.9057,247.6304,939.8976,2682.5546,699.4878,8.7802,929.0269,650.1516,241.2459,1000.1045,75.2587,4907.7036,13.3793,25.9224,2045.3643,37.2112,484.1643,3187.6241,10821.3651,2.0905,1520.2258,7.5259,2077.1402,1919.9331,1351.3118,691.9954,2465.1406,16.7242,148.0088,3861.6076,275.9486,1227.1349,4647.2248,523.4661,303.9615,23.8319,101.1811,2000.2091,5588.3767,845.4061,30.9397,410.578,125.0131,145.9183,22.9957,732.518,213.233,19517.09,17.9785,6873.21,51.0087,0.8362,10166.1963,11202.6759,327.3754,223.4849,77.3492,52.263,606.6688,0,337.828,1146.4409,4268.4227,879.2725,1962.5797,1345.0402,6881.5721,101.1811,574.0567,3.3448,937.807,0.8362,39.3018,1003.8675,383.8194,6.6897,29.2673,981.708,0,364.1685,0,5986.4116,15.0517,209.9383,153.8622,175.6036,15.4698,489.976,228.7028
TCGA-VN-A88L-01,0.366666667,3056.8368,5296.0302,0.5041,151.7328,496.0302,163.8311,2336.988,1014.7448,661.8778,1861.6257,954.7574,1874.2281,251.5438,1506.2382,200.6301,83.6799,16.6352,19.6597,331.695,1434.1525,13357.0258,58.9792,508.1285,1155.3875,1961.4367,7504.4436,1085.3182,549.4644,374.0038,1851.5438,3970.2583,52.426,255.0725,340.7687,709.7669,3.0246,36.799,31.758,724.8897,30507.3724,13.6106,793.4468,5860.6175,4087.7127,2190.8003,243.9824,56.4587,2626.339,584.247,72.0857,1775.0422,788.9099,1387.2313,240.9578,1241.5879,1141.7769,226.339,813.1065,23.1884,541.903,798.4877,686.5784,1151.3548,978.954,1791.0523,973.4089,3149.0863,10551.2287,776.3075,4.5369,1412.4764,435.821,265.1544,949.7164,9387.2716,132.0731,900.3151,1329.8047,2413.1065,948.7083,224.8267,1453.8122,1840.9578,5440.7057,1733.5854,2181.7265,3834.6566,1864.6503,993.5728,49.9055,2367.2338,2534.0895,1472.9679,537.8702,461.7517,1391.8084,717.8324,2170.6364,878.1348,67.0447,2783.6169,372.0227,39.8236,443.6043,2071.8336,7.0573,16.6352,41479.017,217.7694,1256.2067,4598.7045,1031.8841,1025.3308,27.7253,5.5451,7.5614,44.3604,1000.6301,2139.3825,613.9887,2186.7675,226.339,104.8519,279.7732,41.8399,1270.3214,450.1575,112.4134,3629.9937,56.9628,5921.109,301.9534,838.3113,44.8948,293.8878,1999.2439,47.8891,616.005,1755.2615,50.4096,731.443,6.0491,17231.0019,1049.5274,909.3888,2129.8047,1297.5425,3160.1764,814.6188,2638.4373,1153.8752,748.5822,264.1462,1972.5268,128.7662,2263.8941,177.4417,0.5041,1104.4739,871.0775,5.5451,374.0391,50.4096,133.5854,14.1147,2139.8866,1638.8154,6543.6673,3130.9338,2070.3214,695.6522,1607.5614,1253.1821,2027.9773,1406.9313,102.3314,1344.4234,2218.5255,4068.557,467.2968,222.3062,510.1449,1671.5816,847.7227,2090.4852,2515.4379,1336.862,1381.7265,55.4505,13.6106,760.1764,334.7196,1510.271,3051.2917,141.6509,125.5198,141.1468,1335.3497,656.3176,285.8223,810.586,159.7984,203.1506,197.6055,1387.2716,1502.2054,1339.3825,2070.8255,3726.276,33.7744,62.0038,3734.8456,44.0832,8733.9635,423.4405,551.627,926.0239,1681.1594,1793.5728,18.1474,466.7927,660.8696,257.0888,678.5129,129.0485,5224.4486,19.1556,24.1966,1994.2029,39.8236,513.6736,1726.528,5311.6572,2.5205,1003.1506,5.6005,2601.1342,1708.3806,1592.9427,451.8866,1895.9042,33.2703,119.9748,6094.518,286.8305,1211.8463,5995.7152,465.7845,1004.6629,21.172,112.9175,2658.097,2909.6408,1304.5999,114.4297,424.9527,174.7448,144.1714,24.7007,925.0158,404.2848,11166.7297,19.6597,10939.3825,57.971,0,12613.9887,10396.4713,342.7851,260.7083,48.3932,29.2376,526.7801,0,375.5514,1249.1493,3138.5003,943.1632,2018.9036,2392.4386,4513.6736,150.2205,420.4159,2.5205,895.2741,4.0328,1.0082,685.5703,459.2313,5.5451,92.2495,1577.8198,9.0737,452.1739,0.5696,6381.8526,102.8355,296.9124,339.2565,175.4253,84.184,977.9156,226.8431
TCGA-VN-A88Q-01,0.7,3895.0226,5849.7738,1.81,160.6335,607.6923,417.1946,3769.6833,1177.3756,1069.6787,2292.7602,1293.2127,2511.3122,194.1176,3014.4796,197.2851,83.2579,11.3122,19.9095,403.6199,2070.5882,8066.9683,24.8869,475.1131,1828.9593,2940.724,6039.7692,1326.6968,592.7602,616.7285,3521.7195,3322.6244,111.7647,280.0905,425.7919,1408.1448,1.3575,239.3665,116.2896,956.5611,18181.9005,77.8281,581.9005,12802.7149,2294.1176,1883.2579,185.9729,62.8959,3385.5204,1103.6199,111.3122,3020.0136,741.629,1575.5566,407.2398,1519.0045,1444.7964,134.8416,810.4072,27.6018,520.362,933.4842,831.2217,1406.3348,1433.4842,2194.5701,1427.6018,3198.6425,8838.4615,1114.9321,4.5249,1986.4253,180.1041,228.0543,703.6199,9455.2036,152.0362,884.1629,345.2489,2632.1267,908.5973,132.1267,598.6425,2387.3303,6703.1674,2002.2624,2495.4751,4575.5656,2264.2534,1132.5792,92.7602,1897.2851,2755.6561,1570.1357,891.8552,713.1222,1295.0226,896.8326,2178.2805,628.0543,75.5656,3004.9774,650.2262,72.3982,824.8869,2471.0407,14.4796,16.7421,23132.1267,187.3303,1161.086,3468.4389,284.1629,745.7014,14.9321,4.9774,10.8597,21.267,1501.3575,2427.6018,143.4389,1590.0452,78.2805,79.1855,177.3756,38.009,1251.5837,330.3167,49.7738,995.0226,11.7647,5313.5747,123.5294,986.8778,19.1538,290.9502,1035.7466,52.9412,958.9095,2123.0769,12.2172,333.9367,8.1448,3071.4932,1192.7602,333.9367,2489.5928,2018.552,2768.7783,1078.733,2239.819,1471.9457,1138.914,124.8869,1876.4706,137.5747,2225.7919,194.1176,3.1674,1675.1131,1019.0045,4.0724,57.4661,6.7873,202.7149,9.9548,864.7059,913.1222,6409.9548,2969.2262,2591.7738,570.5882,1563.3484,1095.0226,2265.1584,1225.3394,25.7919,2310.4072,3066.5158,6276.9231,576.4706,368.3258,1414.9321,819.0045,3075.5928,3377.3756,3171.9457,758.8235,2032.1267,43.4389,5.8824,290.4977,318.552,2217.6471,2282.8054,138.009,85.0679,56.1086,1757.0136,1078.7285,300.4525,360.6335,25.3394,199.095,124.4344,1678.733,1488.6878,1723.5294,683.7104,9455.6561,37.5566,31.6742,6102.2624,36.5792,13070.1357,357.0136,466.1719,844.3439,2236.6516,2000.4525,8.1448,865.1584,714.9321,313.5747,929.8643,49.7738,4292.3077,10.4072,29.4118,1865.1584,86.4253,709.5023,3867.8733,4653.3937,13.5747,1772.3982,1.905,1987.3303,1540.2715,1932.5792,1049.4661,1909.5023,12.2172,68.7783,5409.9548,212.2172,1365.6109,4721.7195,463.3484,378.2805,25.7919,58.371,994.1176,6135.7466,1181.448,71.4932,300.4525,80.9955,136.1538,13.1222,578.2805,118.0995,14873.7557,15.3846,4933.4842,35.7466,1.3575,8423.9819,9328.5068,488.2353,255.2805,10.8597,49.3213,540.2715,0.4525,425.3394,1240.724,5174.2081,865.1584,2238.914,2433.0317,6012.2172,159.276,342.0814,4.9774,650.6787,0.905,4.0724,1606.7873,500,8.1448,14.0271,1623.0769,41.629,680.9955,0.4932,8381.9005,14.0271,260.181,367.8733,277.8281,42.9864,653.371,242.5339
TCGA-VP-A872-01,0.433333333,3033.229,6525.406,2.3841,97.75,416.0334,106.6905,1918.641,1309.4919,596.6324,1140.2176,1708.2402,2344.807,254.5075,1084.7862,151.3932,96.6115,23.8415,122.1875,425.57,1069.2892,15347.3402,490.5379,454.1797,1851.2889,2060.4977,6359.6781,1355.3867,336.7605,426.1541,1162.2709,7943.3765,138.8765,261.66,267.0243,130.532,10.7287,11.3247,73.3125,658.0241,27840.8583,38.7424,1116.9721,19693.0413,5681.4186,2508.717,267.6203,392.788,2292.9519,854.7161,64.968,1099.1924,628.8184,1001.2159,265.8322,954.8502,1433.4674,348.6813,1077.0377,47.0869,413.6492,757.5622,1212.934,1045.4478,1081.806,1502.0116,899.4189,3375.9499,6474.743,1029.9508,17.8811,941.1414,835.2675,202.6524,1078.8258,11238.8616,207.4207,435.7026,553.7178,1203.9934,894.6506,594.2482,1221.8745,1708.8362,5104.4554,982.2679,1014.4539,3843.2424,2074.8026,1140.8136,250.3353,1735.6579,1156.3105,1444.7921,221.7255,697.9586,1164.059,858.8884,2911.0416,470.8687,12.5168,2804.9471,687.2299,24.4375,1046.0438,1731.4856,7.7485,67.9481,34467.5905,567.4266,799.2848,2484.9829,1665.9216,1277.902,44.1067,7.1524,519.1477,155.5655,849.3518,2121.8894,954.8502,674.1171,442.855,149.0091,482.1934,51.2591,981.0758,1495.4552,122.7835,4045.8948,131.128,3145.2839,575.1751,751.6018,83.0934,314.7072,1714.7966,13.1128,1082.402,1156.3105,87.0213,274.7728,87.0213,10236.3284,732.5287,303.9785,2057.5175,1097.899,3610.1922,404.1127,2196.394,770.675,694.3824,284.9054,1353.5986,263.001,824.9143,507.823,2.9802,768.8869,693.7863,22.6494,150.7972,11.9207,231.8581,10.7287,3617.9407,1205.7816,3731.1876,2344.211,2671.435,1499.0314,2878.8556,1107.4356,2120.1013,1364.9233,140.0685,1152.1383,4010.7287,7709.1343,443.4511,833.8549,486.9617,1578.3043,2443.2186,3975.5625,2456.2658,632.9906,2029.5038,94.7698,29.8018,1253.4645,327.82,2043.8087,2136.1943,130.532,1241.5437,124.5716,1171.8075,717.0317,300.9984,810.6094,7.7485,191.9237,96.5579,1281.4782,472.0608,1007.8975,1451.3485,1078.2298,351.6615,60.7957,517.3596,38.1463,6870.5111,327.82,215.4075,737.297,2285.2034,1282.0742,19.6692,917.896,755.7741,476.8291,925.0484,213.9771,7436.7456,73.3125,91.7896,1794.6655,30.9939,645.5074,3967.814,696.7665,2.9802,910.7436,1.7881,5007.3014,2472.9549,1556.2509,744.1514,1453.7327,26.8216,163.314,5416.7784,345.7011,931.6048,5416.1824,675.3092,1128.8929,330.2041,160.3338,2168.3803,2900.3129,959.6185,85.2332,318.8795,132.4452,139.4725,38.7424,781.9997,141.2606,1311.28,7.7485,4359.4099,132.3201,1.7881,52295.038,11043.9577,241.3947,322.0444,155.5655,107.2865,436.2807,0.596,356.4297,765.3107,1121.7404,1628.3713,1950.231,2606.467,12899.4189,373.1188,300.9984,2.9802,924.4524,63.1799,16.689,285.5014,845.1796,20.2652,56.0274,8634.1827,733.7208,873.1933,1.1921,8155.5655,62.5838,506.6726,423.1858,824.3183,234.8383,873.7357,178.8109
TCGA-VP-A876-01,0.566666667,3149.8859,6234.8657,4.9928,267.9456,716.1857,356.706,3393.4223,1654.2726,1087.3153,2291.1287,1019.0807,1118.9362,154.2213,2635.0753,188.6159,187.5064,25.5186,11.6498,354.487,1513.3654,18128.2089,36.6137,532.5626,1146.1191,2620.097,4832.4342,1298.6761,938.0868,387.7167,3242.5296,3761.7781,235.7699,259.6243,101.5197,198.6015,1.6643,1.1095,21.6354,517.5843,20748.3059,37.1684,532.5626,8001.1983,3414.5029,1802.3915,179.1851,34.3947,2932.9776,970.8172,44.3802,2680.8979,626.3158,1787.8792,687.3386,1487.292,1191.6088,97.0817,500.3869,18.8616,939.7511,1248.7483,534.2269,1548.3148,1147.2286,1547.1665,684.0101,4669.9083,15190.2386,969.153,3.8833,944.7439,251.425,166.4258,1197.7111,7884.7002,57.6943,687.3386,1395.7578,2108.615,1128.367,591.9211,2241.2009,1458.4449,6842.8746,2106.396,2549.6434,4915.6637,2099.739,1224.3392,57.1395,1945.5177,3143.7836,1238.208,655.7177,306.2235,1370.7939,786.6393,1824.0269,717.85,43.8255,2985.6791,812.7127,46.5992,386.6626,1427.3787,34.3947,9.4308,28783.3441,458.2257,1278.705,3699.6902,254.6315,1019.6355,23.8544,2.7738,7.7665,17.1973,1284.8073,2544.6507,424.3858,1613.7756,189.7254,216.3536,125.3741,15.5331,1565.5121,357.2607,48.2635,6415.1603,9.9855,10202.457,189.7254,959.7222,41.2681,241.8722,1448.4593,28.8471,618.5493,1616.5494,22.1901,943.6344,4.438,24657.0935,1122.2647,280.7049,2291.6834,1637.63,2669.47,461.5543,2341.0564,1326.9685,871.5165,117.0528,2128.0314,128.2755,6821.2393,662.9295,0.5548,688.4481,997.4454,4.438,37.7232,6.657,323.9756,4.9928,542.5481,868.188,4490.7231,3302.4318,1356.3704,407.7432,2567.3955,1169.4187,1589.3665,1668.6961,164.7616,1664.8129,2499.1609,3933.1967,637.9656,92.6437,228.0034,666.258,2621.4007,2734.9308,3913.2256,1184.9518,1418.5027,156.4403,56.5848,215.244,423.2763,1679.2364,2414.8385,134.2502,59.3585,147.0095,1490.6205,885.9345,413.2908,264.617,30.5114,290.1357,480.9706,1370.7939,229.1129,1238.7628,252.9672,5694.5365,14.4236,87.0962,1569.9502,38.9769,5837.108,482.6349,641.4661,1133.3598,1634.3015,1748.5805,21.6354,749.4709,793.8511,398.3124,1004.1024,18.8616,4416.941,42.716,41.0517,2333.8446,38.2779,858.7572,6153.8718,6639.8351,20.5259,2234.5439,1.6643,2787.0776,458.2257,1900.5828,872.6537,1693.66,23.8544,42.1612,5284.0195,324.5303,1166.0902,5461.5404,314.5448,413.2908,7.2118,652.9439,408.298,3890.4807,1028.5115,78.2201,382.2246,129.2574,160.8783,61.0228,909.7944,105.403,1922.7729,27.7376,8179.8286,9.9855,0.5548,5556.4031,8301.8742,451.5687,607.1158,25.5186,19.4163,696.2146,0,321.7566,703.9812,6020.1764,898.1446,2101.4032,2128.0314,6243.1869,176.9661,505.9345,0,691.7766,0,2.219,661.82,649.6154,2.219,95.4175,1237.6533,2.219,199.1562,0,6530.5488,35.5042,365.6542,392.7649,84.3224,35.5042,989.6455,311.2163
TCGA-VP-A879-01,1.066666667,3238.008,5692.5014,3.2055,190.498,542.1866,616.8288,2815.3406,1332.1122,921.8088,1722.2667,691.929,1888.9525,614.5392,1594.5049,172.1809,82.8849,7.7848,36.6342,465.7127,1366.4568,4419.4619,75.5581,693.3028,1973.2112,2686.6629,6770.395,1097.6531,469.834,904.2748,2485.6325,6710.4751,46.7086,237.6646,1121.0074,559.5879,2.7476,14.1958,213.8523,1199.771,15585.5753,15.5695,589.3532,6035.9473,3541.1563,2162.3354,224.3847,82.8849,2616.5999,720.7785,109.9027,2825.6852,685.0601,1480.5404,451.059,1334.8598,1153.0624,533.9439,787.178,40.2977,457.012,833.8867,771.1505,1541.8432,1240.9845,1841.6989,1576.6457,3914.8254,7362.5644,693.7607,5.0372,1434.2301,247.9725,296.7373,1522.1523,7956.9548,72.3526,787.6359,1496.0504,2475.1002,912.1923,123.6405,1041.328,2038.237,5315.1689,1359.1299,2527.858,3793.4745,1687.9222,1308.7579,36.1763,2387.6359,2155.9244,1508.8724,499.1414,550.8872,1313.3371,984.087,1547.7962,876.016,17.8592,3406.5255,539.897,61.8203,862.2782,1865.1402,6.8689,18.775,28261.0189,290.7842,685.518,4722.0469,1137.4928,937.3784,12.822,5.4951,16.4854,39.8397,1093.9897,1700.7441,673.154,1623.3543,190.0401,53.1196,274.7567,33.4287,1286.7773,196.4511,371.3795,4666.743,20.6068,5728.6777,216.142,743.2169,3.2376,204.2358,2022.2095,21.0647,929.7584,1244.19,98.4545,54.4934,9.1586,5270.7499,1183.2856,571.9519,2133.028,2011.2192,2991.6428,824.2702,2760.8472,1228.1626,785.3463,420.3778,2010.7613,179.842,1103.6062,585.2318,2.2896,1091.7001,974.9284,16.9433,401.1448,64.5678,189.1242,9.1586,1849.1128,675.4436,4459.7596,2605.138,2606.9834,785.8042,1926.9605,933.7149,1724.5564,1320.664,80.5953,2260.7899,2476.474,5745.1631,976.7602,321.9233,726.2736,1522.6102,2576.2519,2991.1849,2623.4688,1406.7544,2184.316,36.6342,3.6634,821.9805,478.0767,1598.6262,1831.2536,164.3961,132.3412,92.0435,1584.8884,808.7006,261.0189,1017.5157,32.5129,261.4768,309.1013,1041.7859,608.1282,1108.1855,1262.5072,4335.6611,102.1179,93.4173,1753.4058,46.4843,5251.5169,402.9765,367.2994,903.4917,1844.0756,2005.2662,6.411,947.4528,772.5243,332.4556,896.6228,97.5386,3854.8369,8.2427,59.9886,1948.4831,54.0355,654.8369,2470.063,5610.5323,2.2896,1411.7916,5.1059,3019.1185,1091.7001,1399.8855,763.3978,1184.2015,32.9708,141.9576,4854.0355,230.3377,1092.158,5258.8437,342.0721,1230.4522,26.1019,76.016,1311.5054,3872.2381,1235.4894,105.7813,323.755,149.7424,162.5644,6.411,604.9227,171.723,4017.8592,7.3268,2939.439,26.5598,0.4579,8265.5982,7119.8626,395.1918,241.4974,21.9805,14.1958,616.8288,0,209.273,847.1666,2566.2278,911.7344,1897.6531,2684.8311,5494.2187,126.846,487.6932,4.5793,718.9468,1.8317,4.1214,611.7916,592.1007,5.9531,155.2376,2080.8243,93.4173,622.324,0,6153.1769,71.8947,477.7287,255.0658,373.2112,177.2181,883.9748,411.6772
TCGA-VP-A87D-01,0.966666667,4257.6809,6338.9495,0.4955,185.8276,827.0565,880.5748,4130.3271,2255.2032,1734.3855,2304.7572,957.8791,2069.8712,288.4044,3981.665,253.7166,122.3984,6.9376,36.67,418.2359,1651.1397,22343.4093,32.2101,620.9118,1636.2735,2773.5382,8741.7294,1245.2924,679.3855,600.5798,3305.2527,9159.5639,143.2111,245.7879,270.5649,244.7968,2.4777,54.0139,84.7374,958.3746,20699.7027,15.8573,509.4153,5825.5699,2893.4589,2106.5411,102.5768,37.6611,3187.8097,1624.8761,33.6967,3454.9703,901.8831,2451.4172,374.6283,1418.2359,1298.8107,313.1814,934.5887,50.5451,631.8137,975.223,680.3766,2009.4153,1511.893,1369.1774,585.7284,5234.886,10013.8751,760.1586,8.9197,2100.0991,116.3479,317.6412,686.8186,7123.885,49.554,1825.0743,1469.7721,2629.336,1079.782,332.0119,781.9623,2615.4609,6564.9158,1621.4073,2437.0515,4936.5709,1629.336,863.7265,15.8573,1582.2597,3421.7047,1314.668,683.3499,297.3241,221.0109,1774.5292,1818.6323,1794.3508,18.335,3415.7582,806.2438,122.3984,540.1388,2083.7463,11.893,17.3439,23134.7869,535.1833,749.2567,3927.78,280.4757,682.8543,12.884,7.4331,15.3617,18.335,1629.336,2554.5094,585.7284,1356.7889,232.9039,90.6838,315.1635,23.2904,1383.0525,263.6274,87.2151,4869.6729,39.6432,15423.1913,153.1219,619.9207,36.8979,355.7978,1023.7859,45.0942,683.3499,1578.2953,31.7146,113.9742,7.9286,1946.4817,1774.0337,229.4351,2174.4301,2537.6611,2911.2983,556.4916,3374.6283,1175.9167,933.5976,167.4926,2114.9653,195.109,3723.4886,1149.6531,1.4866,1440.0396,1222.9931,0.4955,112.4876,10.4063,235.8771,2.9732,1055.5005,2378.0971,5118.9296,3790.8672,3401.7839,425.669,1775.0248,1186.8186,1798.3152,1279.4846,25.2725,2584.7374,1671.4569,5012.3885,1178.3944,162.0416,140.7334,588.7017,1761.7146,3252.2299,2954.4103,1943.0129,1333.4985,58.9693,10.9019,332.5074,344.4004,2244.3013,2969.2765,145.6888,84.7374,132.8048,1448.4638,1006.9376,222.002,430.1288,31.7146,333.003,114.4698,1101.0902,231.4172,1948.4638,372.6462,5238.8503,21.3082,59.4648,3871.1596,61.3726,4500.4955,422.2002,630.3865,1064.4202,1746.779,3411.7939,5.9465,1200.1982,1278.4936,222.4975,893.4589,68.8801,4339.9405,21.8038,33.2012,2575.3221,36.67,1166.5015,1295.3419,7312.1903,7.4331,1768.5828,1.4866,3241.8236,265.114,1817.1457,797.7701,2035.6789,6.442,64.4202,5372.1506,219.5243,1216.0555,7845.887,268.5828,417.7403,13.3796,91.1794,2805.7483,4446.9772,1419.7225,77.7998,376.6105,125.8672,182.6264,15.3617,1199.2071,80.2775,3414.2716,37.6611,4060.4559,19.3261,2.9732,7631.3181,8954.4103,540.6343,232.0664,22.2993,24.777,221.5064,4.4599,281.9623,689.7919,4680.3766,453.4192,2000.4955,1335.4807,11807.7304,30.7235,260.1586,2.9732,857.78,3.4688,12.884,867.6908,493.558,5.4509,35.6789,2927.6511,30.7235,933.1021,1.9822,5641.2289,110.0099,408.4044,364.7175,276.5114,56.9871,728.7611,162.5372
TCGA-VP-A87K-01,0.733333333,3511.7796,5645.8862,1.8123,206.959,635.0127,691.9174,4188.1116,1385.647,827.8362,1732.1493,1494.0196,2399.0576,227.9812,2988.764,211.6709,159.8405,14.498,34.0703,453.4252,1259.1519,9087.7129,50.3806,470.8228,1418.9924,3078.2892,6760.0145,1310.9822,678.8692,488.195,2713.3019,7400.8699,126.4951,236.3175,145.705,859.7318,3.6245,120.3335,43.8565,736.8612,20589.7064,67.7782,933.3092,9205.8717,2872.0551,1766.9445,185.212,52.9177,3286.3356,929.3222,35.1577,3604.5995,945.27,1920.7394,362.8126,1451.9754,1870.2428,94.237,873.8673,25.734,627.0388,782.8924,868.793,1237.0424,1255.1649,1371.8159,857.5571,5393.2584,11486.7706,1079.0141,9.0613,1599.4926,136.158,260.2392,820.5872,9422.6169,90.6125,1055.0924,1084.0884,1843.0591,1154.0413,188.1116,673.4324,2546.2124,6565.7847,1743.7477,2315.7956,5093.1497,1908.6626,1290.685,30.4458,1681.7688,2824.2117,1851.033,606.7416,348.6771,185.9369,1004.3494,1513.9543,1225.8065,51.4679,3598.0428,833.6354,38.4197,695.5419,2360.2755,14.498,16.6727,35358.8257,518.3037,411.7434,3650.6742,251.178,953.6064,21.3846,5.4368,23.5593,19.9348,1380.2102,2342.5154,90.2501,987.6767,113.4469,95.6868,310.2573,34.4328,1171.8014,332.3668,42.7691,5818.05,29.3585,12015.9478,78.2892,483.5085,16.8974,371.8739,549.8369,48.9308,460.6742,1922.7981,7.9739,62.3414,11.5984,1731.062,586.4444,287.7854,2662.5589,1961.9427,3357.3759,475.1722,2256.6147,1104.0232,930.4096,120.6959,2928.5973,133.4904,2513.2294,284.5234,2.8996,1469.0105,504.5306,0.7249,45.3063,14.498,214.9329,9.7862,573.0337,880.7539,5372.2363,3267.8398,2844.5089,372.5988,1906.4879,1225.0816,1948.5321,1231.6057,12.3233,2362.0877,3021.0221,4646.9735,1116.3465,439.2896,397.2454,690.83,2688.3037,3258.7894,3124.3204,1158.0283,1623.7767,72.8525,15.2229,232.3306,587.8942,1735.4114,2822.3994,127.9449,70.6778,112.3596,1744.1102,1063.7876,298.6589,239.2171,3.6245,252.6278,246.4661,1176.5132,512.867,1455.9623,1042.0442,8338.166,30.8083,108.3726,6751.7216,21.5984,5105.1105,404.1319,519.4998,934.759,2194.6357,1898.8764,12.3233,963.755,985.8644,392.5335,1116.3465,58.7169,5038.7822,23.1968,27.1838,3089.5252,39.8695,578.4705,2230.5183,12741.9355,7.249,2169.9891,1.4498,3004.7119,578.4705,1793.7659,882.7292,3738.6734,6.5241,49.2932,5728.1624,220.7321,1060.8916,7589.344,348.3146,237.7673,18.1225,246.8286,1521.5658,4612.5408,1385.2845,110.9097,398.6952,115.9841,114.5343,35.1577,2010.1486,81.9137,19063.4288,20.6597,2362.8126,11.236,0.3625,12903.9507,8990.5763,442.9141,332.9576,21.0221,28.996,554.9112,0,189.199,935.4839,3197.5353,945.6325,2190.6488,3134.8315,7133.3817,118.1588,232.3306,0.7249,744.1102,1.8123,1.4498,641.1743,473.7224,10.1486,7.6115,1785.0671,1.8123,318.2312,0.7249,5943.8202,55.8173,326.9808,366.4371,352.664,25.3715,722.8561,243.2041
TCGA-XJ-A9DI-01,0.3,2568.2152,3940.8313,0.978,194.132,615.6479,521.2714,2490.9535,1876.7726,1360.3912,1669.4377,1012.7139,1930.0733,1648.4108,1253.7897,122.7384,111.0024,46.9438,216.1369,554.5232,918.8264,7053.3007,82.6406,633.7408,2740.8313,2695.8435,9357.8142,1385.3301,355.9902,1220.0342,2133.9853,7537.8973,104.1565,373.5941,1834.2298,746.2103,36.1858,46.9438,1289.9756,628.3619,18223.4719,11.7359,912.4694,3257.7017,2253.7897,3228.3619,316.3814,274.3276,2284.1076,642.5428,191.687,2375.423,830.3178,1241.5257,964.7922,1403.423,1253.3007,1949.6333,658.6797,29.3399,422.0049,895.3545,961.8582,1803.423,1108.0685,2318.7824,1728.6064,4157.9462,8201.956,844.4988,0.489,1138.8753,306.9829,373.1051,2027.3839,5435.6968,277.2616,916.3814,1333.0073,1944.2543,894.3765,197.555,775.0611,2091.9315,7821.5159,1623.4719,2568.2152,2825.9169,1516.3814,1569.6822,104.6455,1532.0293,2523.2274,1427.3839,690.9535,651.3447,1033.7408,1170.6601,1813.2029,792.176,13.6919,2913.9364,519.3154,49.8778,1856.2347,2032.7628,19.5599,82.1516,16491.9315,547.6773,806.357,4012.9389,1031.2958,2687.5306,37.6528,20.0489,22.9829,74.3276,958.4352,1920.2934,691.9315,1815.1589,248.4108,111.0024,1274.3276,180.9291,1223.4719,1408.313,124.6944,3759.4132,122.7384,2912.9584,471.3936,1108.0685,75.423,224.9389,1343.2763,38.1418,905.291,1142.7873,108.0685,397.066,31.7848,12419.0709,1146.6993,933.0073,1890.4645,1826.8949,2558.9242,684.5966,2269.9267,1511.9804,1289.9756,363.8142,1195.599,249.3007,1180.4401,586.3081,6.357,1124.2054,1046.9438,3.912,269.4377,118.3374,280.6846,16.1369,3102.2005,837.6528,4610.2689,3489.9658,2522.6455,1067.4817,1892.4205,873.3496,1473.3496,1384.8411,140.8313,2312.4694,1965.2812,5192.665,711.9804,590.709,873.3496,2562.3472,2215.335,2283.1296,2609.78,1302.6895,1528.1174,59.6577,22.4939,1672.3716,475.3056,1841.0758,5131.5403,135.4523,302.6895,122.2494,1837.1638,720.2934,432.7628,826.8949,63.0807,245.4768,425.4279,871.3936,958.4352,863.0807,1686.0636,3119.3154,195.11,142.7873,1692.4205,25.9804,9471.3936,425.9169,308.3814,1075.7946,3911.0024,2177.9951,54.2787,778.4841,575.0611,371.6381,944.2543,164.3032,4809.291,35.2078,53.7897,1866.9927,59.1687,873.3496,2814.6699,5649.3888,0,1637.1638,6.357,2918.3374,1102.2005,1588.2641,703.5306,4145.7213,123.2274,212.7139,4811.2469,299.2665,1584.3521,3666.5037,762.3472,1042.0538,138.8753,99.7555,4432.2738,2848.4108,1106.6015,47.9218,323.7164,125.1834,221.7653,28.3619,5271.3936,264.5477,3542.2983,11.2469,7321.7604,42.5428,3.423,48684.1076,8014.6699,417.6039,369.0367,46.4548,166.7482,570.1711,0.978,138.8753,1434.2298,1383.8631,900.2445,1541.8093,2647.4328,4766.7482,88.0196,464.0587,2.934,1030.3178,9.291,5.379,427.3839,650.8557,33.2518,17.6039,3527.6284,260.6357,352.5672,2.1418,7966.2592,13.6919,540.4988,364.7922,772.6161,618.0929,946.1271,166.7482
TCGA-XJ-A9DK-01,0.133333333,2232.0365,5231.4523,2.8041,148.6155,558.4765,254.2353,2305.8769,1241.7338,1099.6612,1815.1653,780.465,1579.6238,1080.5001,1393.1534,184.1337,131.9033,37.8549,71.5037,407.0569,1074.4246,11523.7761,44.8651,565.0193,1868.9099,2303.0728,8567.3046,1055.7308,332.7492,1293.9689,2025.4703,5196.4014,76.1771,293.9596,1534.7587,677.1819,6.0755,9.3469,546.7928,670.1717,19166.7251,18.6938,984.2271,11259.7266,3613.9736,2686.7625,331.3471,103.2831,2363.3602,780.465,155.1583,1801.5983,852.436,1264.0308,496.3197,1473.5366,923.9397,787.0078,889.3562,34.5835,429.0221,921.1356,866.9237,1525.8792,782.3344,2485.3371,1492.6977,3155.5088,7891.5761,713.6348,2.8041,1195.9341,633.7469,245.3558,2325.9727,8261.7128,167.3093,562.2152,1296.8805,2062.8578,707.5593,90.6648,875.8032,1873.5834,6397.9437,1502.9793,2290.5667,3187.2882,1677.7661,877.2053,46.7344,1933.4034,2275.9668,1260.895,575.3009,589.3212,1313.2375,844.4912,1988.0827,678.5839,41.1263,2777.8946,583.7131,46.7344,1628.6949,1996.0276,20.0958,41.5936,23156.9109,393.9713,984.6945,5733.553,1225.8441,1272.1112,29.4427,11.6836,62.6241,52.8099,1044.9819,2069.4006,448.6505,1762.8228,152.8216,84.5893,406.5896,54.2119,1339.4088,941.6988,176.6562,3267.2041,70.1016,1130.5059,565.4866,1255.7542,48.1318,171.5154,1685.7109,39.2569,751.4897,1353.8965,63.0915,216.3804,12.6183,6183.9,1153.8731,354.7143,1982.4746,1590.8401,2509.639,775.7916,2451.6883,1523.0751,945.9049,378.0816,1411.8472,316.9716,951.513,482.7667,1.8694,942.1661,923.4724,7.4775,279.4719,235.0742,185.0683,17.7591,1462.7877,294.4269,5857.2263,2947.9939,2409.6273,899.6378,2393.7376,1223.9748,1937.1422,1753.9432,138.8013,2034.3498,2467.578,5341.7455,550.0643,418.2732,1549.7138,2115.2004,2502.727,2380.6519,2972.7772,1150.6017,1835.7285,53.2773,22.8999,921.603,298.1657,1292.6744,4032.7141,107.9565,176.1888,129.4544,1893.2118,515.0134,362.1918,967.4027,35.5182,244.8884,250.9639,1202.0096,504.2645,886.0848,3542.0026,2665.732,165.4399,98.6097,1982.4746,32.6019,6551.7,467.3443,438.4952,1074.8919,3718.6587,1914.2423,20.5631,879.0747,550.5316,401.4488,818.3199,176.1888,4653.8147,27.5733,99.077,1752.0738,46.2671,663.1616,2483.4677,7407.4074,0.9347,1256.6889,12.1977,2651.2443,2795.1864,1728.2393,842.3835,2241.3833,43.9304,429.4894,6341.395,281.8086,1287.0662,3736.8852,440.2383,889.3562,67.2976,119.6401,1547.377,3232.6206,1487.557,65.8955,335.5532,171.5154,151.8869,29.4427,17836.1958,127.585,7597.1492,17.2917,6207.7345,58.8854,2.8041,17375.3943,7921.9535,384.6244,384.9001,21.0305,123.8462,568.758,0.4673,275.2658,1134.712,1050.1227,958.9905,2005.3745,2634.4199,7542.0026,114.4994,364.9959,31.3121,1008.0617,26.1713,5.1408,264.9842,473.4198,16.3571,40.1916,3324.2201,8.4122,291.1555,1.5329,8436.0322,50.9405,535.6046,340.2267,649.6086,175.2541,1729.1553,198.6213
TCGA-XQ-A8TB-01,0.566666667,3452.8302,5140.359,3.6815,181.3162,799.3557,638.2881,3474.4593,1502.0709,1471.6981,2381.04,900.1381,2006.9029,330.4188,2678.3249,248.9646,110.9066,26.6912,52.462,530.1427,1957.6622,12751.4956,173.9531,372.7566,1655.3152,2792.4528,8368.96,936.0331,697.1928,962.6967,3524.1601,3870.6857,113.2075,291.7625,310.6305,747.8141,3.2214,6.4427,86.9765,721.1229,16823.746,18.8679,498.8495,4922.2273,4988.9554,1569.7193,250.8053,108.6056,2742.752,765.7616,42.3378,3467.6622,886.7925,1373.4468,596.4105,1525.5407,958.5826,308.7897,711.919,26.6912,741.8316,1156.9259,965.4855,1881.7303,1017.0272,2057.064,1462.0341,5612.5173,16521.399,875.7478,13.3456,1669.5812,713.8288,373.2168,1971.9282,7653.9347,190.52,1190.9802,797.9751,3286.2402,1098.0212,71.7902,2286.2402,2492.4068,7579.8435,1840.7731,2953.4192,4676.4841,1793.3732,1311.5509,48.3203,1918.5458,2754.2568,1164.7492,798.8955,1010.1243,1179.4754,940.1749,1671.8822,1328.1178,50.6213,3125.6328,840.3129,101.7027,764.381,2050.6213,21.1689,32.2135,15802.1169,498.3893,963.6447,4477.7865,941.0953,689.8297,28.9922,5.5223,9.2039,14.7262,1608.3755,2706.8569,913.9439,1668.2006,79.6134,105.3843,625.8629,48.7805,1539.3465,696.7326,380.5798,6919.006,57.5242,7232.8578,726.185,724.8044,63.6723,226.8753,1557.7543,18.8679,1089.2775,1086.9765,190.52,187.7589,11.5048,9232.8578,1496.4335,360.7915,2045.5591,2130.2347,1660.3774,522.3194,3382.8808,1346.5255,1003.2214,302.8072,2953.9807,148.601,4908.4215,226.8753,0,1531.9834,1258.6286,7.3631,179.4754,14.266,210.3083,11.0446,3777.7266,1763.4607,5393.4653,3737.2158,2281.6383,1103.5435,2260.0092,1114.1279,1816.8431,1624.4823,92.4988,2908.8817,2007.3631,6472.6185,788.3111,179.0152,270.1335,1436.2632,1979.9126,2876.6682,3600.5522,1969.1671,1398.0672,42.798,9.2039,1029.4524,304.1878,1571.0999,2419.2361,144.5007,238.3801,120.1104,1781.4082,941.0953,278.4169,1259.549,9.6641,289.0014,239.7607,1526.9213,555.9135,1910.7225,1281.1781,2406.8109,42.798,171.1919,1731.2471,58.0258,8807.6392,566.9581,703.6908,1357.5702,2485.9641,2644.2706,11.5048,976.0699,626.7832,405.8905,832.0295,95.26,4512.1951,20.2485,59.8251,1789.6917,113.2075,676.4841,2564.6572,5030.8329,5.5223,1093.4192,4.5283,3013.8058,1682.9268,2015.6466,1265.6282,3050.1611,21.6291,181.7763,4653.9347,234.2384,1386.1022,5358.0304,613.8978,815.4625,13.8058,211.6889,2848.5964,4370.9158,1916.2448,46.9397,321.2149,194.6618,182.6967,23.9301,1112.2872,173.0327,788.3111,25.7708,8531.9834,16.567,0,10767.1422,8840.3129,519.098,238.3295,98.9416,48.7805,830.6489,0.4602,526.9213,1206.6268,5950.7593,686.8523,2488.7253,2865.6236,3608.8357,236.0792,344.6848,0.4602,761.6199,2.301,3.6815,584.4455,697.1928,14.266,106.7648,3174.8734,39.5766,740.451,0,4788.7713,53.8426,371.4082,356.6498,325.3566,179.4754,721.9098,196.9627
TCGA-YL-A8HJ-01,0.533333333,3500.162,5804.0825,2.1601,272.5996,695.1075,610.4331,3106.167,1413.1116,1341.8296,2172.1568,965.115,1664.1106,553.8395,1546.6033,210.8219,102.8189,24.1927,143.428,599.6328,1296.4683,8015.9844,95.0427,622.9614,1906.4694,2843.5036,7449.5129,1026.0287,555.5676,1034.1981,2880.6567,2949.3466,133.0597,296.7923,681.2831,499.406,16.8485,6.9122,192.2454,1109.8391,16802.6785,8.6402,645.4261,3866.0763,3573.172,3119.9914,330.9213,271.3036,2450.8046,608.273,489.4697,3112.3836,640.2419,1252.1482,531.8069,1442.4884,874.8245,628.5776,779.3498,40.6091,518.8465,1112.4311,855.816,1755.6972,962.955,1995.7274,1773.8417,4854.9519,9824.8191,676.5309,4.7521,1442.0564,1298.3432,441.9484,2426.6119,7132.0877,327.8972,845.0157,1959.1749,2993.8438,859.7041,211.6859,1601.0368,2166.5407,6210.6059,1479.6414,2245.7112,3740.7927,1515.9304,1150.0162,97.6347,1708.6078,2212.3339,1264.0674,638.0819,987.5797,1174.6409,884.3288,1500.81,964.251,61.7777,2965.331,691.6514,74.7381,1389.3509,1964.791,17.2805,98.4988,20015.9844,373.2585,839.8315,6707.6358,1836.0514,1054.1095,27.2168,19.8726,87.6985,122.6914,924.9379,2036.073,662.7066,1874.5005,233.7185,135.2198,1191.4894,124.4195,1415.7036,1411.3835,670.0508,4631.1697,62.6418,9436.4402,442.8124,1030.3488,79.8445,203.0457,3483.7455,55.7296,673.3081,1396.2631,403.0673,794.0382,22.4646,12533.1029,1444.6485,1238.5787,2087.9145,2446.4845,2463.333,601.3608,3011.9883,1485.2576,828.5992,563.3438,2007.9922,209.0247,3092.7746,476.9414,1.296,1334.0534,1153.0403,24.6247,403.9313,41.0411,207.3658,38.8811,3726.1043,744.3568,4879.5766,2877.1962,2092.6666,811.3187,2304.7845,1021.2766,1416.5677,1225.6183,50.9774,2632.6817,1745.3289,4520.1426,699.8596,363.7542,417.3237,4083.3783,3263.3675,2515.1744,2920.8338,1864.1322,1489.5777,55.2975,22.8966,1355.2219,318.8249,1396.2631,2836.1594,150.7722,398.3152,102.8189,1583.3243,836.8074,292.9042,2281.4559,133.9237,263.9594,346.4737,1135.7598,967.7071,1503.4021,1696.5115,2972.6752,108.867,242.3588,1653.3103,50.8651,6991.6838,473.4853,401.093,1247.6509,2564.8558,1773.8417,50.1134,881.3047,712.3879,341.7216,954.3147,97.6347,4020.3046,33.6969,46.6573,1692.1914,63.9378,813.9108,1301.6524,5659.3585,0.864,1282.6439,2.7562,2564.4238,1466.6811,1445.0805,914.0944,2127.2276,90.2905,449.7246,4382.7627,208.6618,1338.8055,4826.8712,549.5194,1026.8928,21.1686,58.3216,2829.6792,3608.165,1326.2771,111.0271,324.8731,162.0045,202.4365,34.129,1727.6164,375.4185,1067.9339,20.7366,7981.8555,179.717,0.864,27964.143,8057.4576,476.5093,286.1389,121.3954,98.0667,650.6102,0.864,341.2896,1732.3685,2303.9205,883.4647,1950.5346,2713.468,6473.7013,292.9042,503.2941,2.1601,816.0708,5.6162,3.4561,638.0819,659.2505,25.9207,301.5444,1676.2069,31.5369,517.9825,0,3352.8459,20.7366,422.5424,295.4963,385.7868,207.7978,1668.7331,146.4521
TCGA-YL-A8HK-01,0.3,3198.1911,5111.6791,1.5729,237.908,721.1954,781.7538,3241.8403,1465.9851,1029.882,2179.709,828.1557,1490.7589,309.8702,2585.5289,204.8761,197.0114,42.0763,112.0724,725.9143,1322.0606,19957.5305,129.3748,395.2025,1871.805,2756.9799,11399.7798,1066.0637,609.9096,896.9131,2920.9595,7142.3516,153.3622,255.9969,560.755,404.6402,16.5159,31.0657,268.9737,983.0908,20449.4691,11.0106,377.5069,10053.4801,3822.2572,2103.0279,313.0161,256.7833,3040.8966,1199.7641,156.5081,3693.2285,801.4157,1826.5199,591.0342,1618.5608,1247.7389,1197.4046,763.2717,34.6048,658.2776,922.1392,1028.7063,1640.582,1207.6288,1721.8561,1257.1766,5454.9744,7660.637,722.7684,4.7188,1309.0838,411.7932,404.6402,1397.5619,6871.4117,314.1958,730.6331,898.1518,1988.5961,844.6716,354.3059,885.175,1821.0775,6648.0535,1598.5057,1813.6532,3860.0079,1380.2595,1150.6095,57.8057,1956.744,2784.5065,1412.1117,747.5423,753.0476,1092.4105,1045.2222,1977.9788,1054.2666,5.5053,3041.6831,1038.9304,69.6028,1155.3284,2016.5159,26.3468,64.4908,26939.0484,382.619,847.8175,6057.5187,908.3759,1010.2241,43.256,11.0106,66.8502,58.5922,1471.0971,1772.7094,272.906,1698.3877,207.2355,141.1718,665.7491,107.7468,1413.6846,1406.6064,264.6481,4261.8954,22.4145,7491.5454,307.1176,1248.1321,62.9847,219.0326,1624.4593,42.4695,729.8466,1463.2324,163.9796,323.6335,19.6618,10607.9434,1277.6249,1390.0904,1854.8958,2122.2965,2800.6292,606.7637,2541.4864,1392.0566,1208.022,366.4963,2252.0645,163.4172,1651.9858,1239.0877,6.685,959.4967,760.9123,9.4377,366.8895,60.1652,232.0094,15.3362,2600.4719,1201.337,5930.0039,2946.512,2612.9768,769.9567,1931.5769,1129.3748,1767.9906,1371.6083,38.5372,2333.0712,2387.3378,6562.328,633.897,529.6893,883.2088,1937.4754,1910.3107,2738.1046,3408.1793,1438.4585,1702.3201,98.3091,23.5942,855.289,550.1376,2111.6791,3116.398,178.5293,511.9937,117.1844,1651.1994,1010.2241,335.4306,564.2941,23.9874,386.5513,278.8832,1261.1089,1572.5521,1566.2603,1623.6728,6316.9485,118.3641,220.9988,2387.731,83.488,7386.1581,530.4758,400.7589,998.8203,2349.9803,1556.4294,40.1101,1011.7971,629.9646,371.2151,581.5965,93.5902,4301.6123,44.8289,33.4251,1710.1848,62.5246,668.895,2728.2737,4983.8773,0.7865,1257.5698,5.1514,3020.0551,1816.3586,1446.7165,593.142,2604.011,70.3893,195.4385,5449.8624,225.7177,1220.2123,5744.0031,580.0236,1592.2139,63.311,260.7157,4655.9182,4607.9434,1228.4703,81.7932,260.7157,157.6878,220.9988,60.9516,2980.3382,228.0771,23498.2304,23.5942,7757.3732,48.7613,3.5391,16910.3421,9328.3523,539.5203,273.1223,33.0319,93.5902,579.2371,0.3932,318.9147,1207.2355,2998.0338,914.6677,2160.0472,2534.0149,4698.3877,73.9284,305.1514,5.1121,515.1396,1.5729,5.1121,1047.9748,752.6543,19.2686,92.0173,4188.3602,154.1486,406.6064,0.3932,6893.0397,6.685,483.0201,336.6103,374.361,339.7129,1374.1329,251.6713
TCGA-YL-A8HL-01,0.4,3076.2783,5417.435,0,143.3361,675.6077,1293.378,4607.7117,1584.6605,821.4585,1974.4342,913.663,2217.0997,277.4518,3967.7284,177.7033,154.8785,16.7645,13.8307,441.3244,1795.0545,11401.5088,24.3085,683.5708,1605.197,2607.7117,7801.7184,1185.6664,632.0201,779.9413,3224.6438,12357.9212,76.2783,220.4526,213.7469,380.5532,1.2573,209.1366,58.6756,619.8659,28251.886,6.2867,748.9522,13546.5214,4860.855,1606.4543,204.5264,50.7125,3229.254,1197.4015,46.5214,3907.0746,1247.2758,3527.6278,643.7552,1676.865,1539.8156,208.7175,941.7435,12.5733,548.6169,963.9564,699.4971,1700.3353,1193.6295,1015.088,651.2992,4505.4484,7057.8374,909.0528,21.7938,1794.2163,166.2825,298.8265,1163.0344,9006.7058,96.3956,993.2942,225.0629,1412.8248,1236.3789,51.5507,665.1299,2742.6655,6441.7435,1696.1442,2275.4652,2840.3185,1661.777,1240.57,22.2129,1265.2976,2965.2137,1539.8156,811.8189,408.6337,1011.7351,943.4199,2132.8583,1202.4308,4.1911,3611.9028,803.8558,155.4904,813.9145,2474.8533,17.6027,9.2205,28528.4996,375.5239,572.0872,2838.3277,247.2758,621.1232,26.404,0.8382,4.1911,24.7276,1629.5054,1680.2179,101.8441,746.8567,136.2112,63.2858,230.0922,26.8231,1461.4417,249.7904,61.6094,4776.1945,15.088,14088.8516,204.1073,404.4426,36.6681,267.3931,409.0528,10.4778,621.5423,1707.4602,18.86,111.4837,4.6102,6160.5197,660.1006,663.4535,1095.5574,1800.0838,1794.6354,586.337,3072.9254,1984.4929,965.6329,125.3143,3045.6832,92.1039,1111.9028,760.6873,0,1368.399,951.3831,0.8382,57.8374,12.9925,175.6077,4.1911,967.3093,1411.5675,8009.2205,3593.0386,2997.4099,366.3034,1881.8106,1035.6245,2353.7301,1212.0704,10.8969,2106.0352,1810.1425,5854.9874,692.7913,755.658,734.7024,717.5189,1892.0369,2527.2422,4290.4443,1380.1341,1730.0922,67.8961,12.5733,290.0251,1276.6136,2007.1249,4606.0352,190.2766,116.513,99.3294,1665.549,597.6488,283.3194,248.9522,2.0956,337.3847,135.373,1254.4007,1266.1358,1429.5893,586.7561,7994.1324,91.7854,124.8952,4882.6488,75.3814,5104.7779,447.6111,524.2666,1059.9329,1580.8885,855.4065,6.2867,1081.3076,791.2825,220.4526,1119.4468,200.3353,4647.1081,16.7645,60.3521,2479.8826,54.9036,440.4862,1349.539,3594.7192,0.4191,1220.4526,4.6102,3040.6538,722.1291,1931.6848,751.5423,1769.4887,5.4484,62.0285,6110.6454,183.9899,1082.565,8873.8474,397.3177,1664.7108,50.7125,25.1467,2918.2733,5596.8148,1372.5901,53.2272,351.2154,144.5935,93.881,29.7569,4098.0721,115.2557,26391.8692,25.5658,3603.5205,14.2498,0.8382,4979.4635,11813.0763,419.9497,232.4769,24.7276,33.5289,547.3596,0,215.4233,813.0763,2510.4778,764.4593,2404.0235,1960.6035,7300.922,74.1827,228.8349,0.4191,699.9162,7.544,1.6764,1414.0821,566.6387,6.2867,1.6764,5287.5105,21.3747,515.5071,0,8056.5801,55.7418,318.6337,307.6278,316.8483,50.2934,1085.8759,186.5046
TCGA-YL-A8SA-01,0.633333333,2670.3985,5447.9542,1.0662,112.4883,613.0881,463.2814,3555.3778,1138.7445,706.3841,1904.8381,910.5691,1921.3648,167.3997,2498.7338,190.857,82.6336,5.3312,18.1261,189.2576,532.0538,25556.1775,71.4381,589.6308,1853.1254,2359.5895,7208.7912,1018.2594,501.666,841.1782,2683.7265,7195.5218,110.889,285.2192,299.0804,121.0183,4.7981,90.0973,84.233,851.9259,26393.7092,6.9306,895.1086,12306.0109,3312.8082,1260.829,153.0055,58.1101,2795.6817,1380.2479,37.3184,3014.0904,674.3969,2265.7017,304.9447,1314.141,1594.5622,138.0781,975.0766,23.9904,520.8583,867.9195,726.6427,1516.1935,999.067,697.3211,1198.454,4175.3965,6891.6433,717.0465,2.1325,1468.2127,66.736,245.2352,1082.2338,6878.8485,52.7789,612.555,205.2512,1909.103,560.8423,95.9616,1181.3941,2543.5159,6477.9422,770.8916,1197.6703,4511.7953,1922.431,1036.9186,46.3814,1521.5247,2395.3085,801.8126,696.2548,990.004,667.4663,966.0136,1652.6723,1019.3256,5.8643,3397.0412,963.348,87.4317,777.8222,1718.246,9.063,12.2618,53914.4342,438.7578,817.8062,3412.4057,184.4595,899.3736,6.9306,4.265,11.1955,17.593,1146.2082,1595.6284,119.4189,1027.3224,82.6336,60.2426,221.2448,21.3248,1309.3429,217.513,41.5834,4749.5668,2.6656,9214.4476,73.5706,566.7067,16.3561,153.0055,655.7377,10.6624,1239.5042,1589.7641,8.5299,45.3152,6.9306,6350.5265,1182.4603,272.9575,2396.3748,1933.6265,3301.6127,466.4801,2913.5013,749.0337,983.6066,85.2992,2170.865,168.1034,420.6317,464.3476,0.5331,1399.4402,951.0862,1.5994,17.593,8.5299,176.9959,5.8643,533.1201,1493.8025,4377.9821,3314.3969,3331.4674,524.5902,1168.5992,1138.2114,1629.215,1186.1922,23.4573,1938.4246,1005.9976,5478.8751,883.9131,110.3559,2318.5393,368.9191,3183.5479,2981.7406,2885.779,970.8117,2102.0925,34.6528,6.3974,180.7277,311.8752,2263.6279,2737.5716,165.8003,147.6743,139.1443,1423.9637,781.0209,244.169,125.8163,1.5994,230.841,73.0375,1236.8386,390.777,1585.4991,253.232,3568.7059,37.8515,27.1891,1044.3822,157.2704,6009.8627,252.1658,379.0271,1087.565,2221.5114,2550.4465,11.7286,1130.7477,776.756,205.7844,844.4622,6.3974,3949.8867,15.9936,42.1165,1988.5379,59.7094,597.6276,3128.3487,2906.5707,1.0662,1807.2771,7.9968,2935.3592,743.7025,1072.1045,683.1987,866.8533,6.3974,41.5834,6198.0541,289.4842,1041.1835,4486.7386,259.0964,635.4791,33.0534,389.7108,903.6385,3749.9667,850.3265,113.0215,263.8944,104.4915,151.4061,15.9936,2149.0071,71.9712,3530.3212,18.6592,4097.561,9.5962,1.0662,8071.9712,8525.1233,370.5185,212.7309,11.7286,16.5267,494.2023,0,148.7405,609.3563,3017.4597,1013.4613,2127.6823,2244.4356,6836.732,141.2768,366.2535,0.5331,714.3809,2.1325,2.1325,1173.3973,586.4321,3.1987,14.9274,5966.1469,17.0598,788.4846,0,14766.8932,6.9306,273.5226,263.8944,176.9959,25.5898,733.6425,166.8666
TCGA-YL-A8SF-01,0.2,2811.2007,5642.7662,2.1213,183.2838,577.4289,383.9627,2834.9597,1469.6648,1083.5808,1661.0098,1087.3992,1888.4175,455.664,2369.1133,331.7777,222.3165,74.2469,64.0645,446.3301,1185.8294,10781.9262,29.2745,552.3971,1497.2423,2393.7208,6939.7157,1277.0471,682.6474,818.392,2313.1099,5268.1375,294.0178,322.4438,457.3611,358.0823,5.5155,7.6368,302.5032,677.5562,18610.5218,14.8494,594.8239,3577.8532,3616.4616,2499.3636,223.5893,131.0989,2432.7535,597.7938,61.9431,2289.6691,998.3029,1209.9915,490.8782,1254.5609,1398.3878,959.6945,772.168,28.426,760.7128,1020.3649,805.6852,1283.8354,993.2117,2044.1239,696.6483,4156.9792,15822.6559,630.8867,5.0912,1348.3241,1219.0793,343.2329,1278.3199,7773.0165,95.4603,1318.2011,1242.6814,2406.8731,668.6466,117.9465,1001.6971,1975.8167,6153.1608,1811.6249,2143.5766,4682.6474,1712.3462,1464.1493,50.9122,1893.5087,2496.3937,1498.9393,451.8456,286.381,1270.2588,998.3029,1591.0055,1168.0102,12.3038,2829.0199,691.1328,111.1583,603.3093,1753.0759,36.4871,48.7908,13574.0348,512.0916,1087.8235,3028.7484,929.5715,1245.6513,50.4879,5.5155,13.1523,18.2435,1087.8235,2703.0123,311.4128,1668.2223,230.8019,179.4654,893.0844,83.5808,1725.9228,543.4875,184.1324,4946.1179,103.5214,8074.6712,929.1472,864.2342,156.0246,364.4463,1672.465,17.8193,828.5957,1194.7391,111.1583,511.2431,11.8795,5645.7361,1105.6428,291.0479,2635.9779,1595.2482,3253.2881,677.9805,2820.1103,1252.8638,797.6241,313.9584,1955.8761,204.9045,6026.7289,567.2465,2.1213,1520.1527,761.9856,4.6669,194.7391,11.031,241.8328,15.2737,4164.616,1315.6555,4134.9173,4081.031,2044.5482,593.9754,2515.9101,1283.8354,1824.353,1503.182,69.1557,2025.4561,1815.8676,3502.7577,539.2448,376.7501,133.6445,1720.8316,2359.7836,2820.1103,3501.9092,2292.745,1386.084,104.7942,58.9733,1339.4145,205.77,1431.905,3253.2881,181.1625,415.3585,261.7734,1573.1863,907.9338,389.0539,1638.0993,3.3941,256.6822,314.807,1427.6623,271.5316,1526.941,1558.7611,5288.9266,86.975,125.1591,562.5796,21.4001,4531.1837,545.6088,340.3776,1421.7225,2210.0127,1069.58,7.6368,974.5439,804.8367,659.737,993.2117,170.5558,6521.4255,72.5499,62.7917,2173.9499,23.759,515.9101,1258.3793,2806.958,10.6067,965.21,3.8184,2475.1803,800.1697,1632.1595,573.5299,767.9253,28.426,215.1039,4058.549,361.0522,1277.0471,5825.6258,533.305,609.6733,50.9122,17.395,3196.0119,3964.3615,1356.8095,82.308,386.084,232.0747,227.832,96.3089,277.8956,154.4336,657.6156,35.2143,2786.5931,49.2151,1.6971,13788.2902,7553.6699,391.5995,433.3263,176.0713,44.1239,743.7081,0,232.9232,1370.3861,2060.2461,916.4192,1285.9567,2155.2821,5516.3343,226.5592,403.479,0,834.9597,1.2728,7.6368,701.7395,720.8316,17.395,71.7013,2795.927,236.7416,319.4739,0.4497,5672.0407,16.5465,480.7297,397.9635,356.3852,207.8914,616.6907,196.8604
TCGA-YL-A8SL-01,1,4192.5909,4086.5526,0.9063,180.8089,714.1724,750.878,3271.3266,1065.8208,1023.6774,2045.0889,1069.446,2551.2632,159.9637,2463.8042,230.6559,312.2239,55.7381,15.4073,543.333,1477.7388,12644.3865,65.7075,356.1799,1346.7769,2277.5575,8405.4832,1494.0523,700.5778,322.6374,2506.4008,3264.5293,298.6292,250.5948,139.1186,913.5607,3.6252,172.1989,38.065,421.4342,23448.5103,67.5201,759.9411,9126.9967,2950.4928,860.0884,141.3844,68.4264,2653.2231,962.0483,52.1128,2714.9972,892.7155,1549.6862,488.9543,1323.2129,1716.0983,203.4666,981.5339,14.9541,897.2471,1508.1001,967.033,913.1075,1413.3907,988.7346,693.3273,3652.8832,20185.3404,452.2488,12.2352,1540.7273,52.0947,156.7917,1315.5092,7667.8373,74.3174,943.9221,149.5412,2078.6224,429.591,202.5603,575.9601,2325.5919,5449.6431,1984.3661,1760.7568,4073.4111,2218.1942,681.0921,23.1109,1891.4694,2552.6226,1424.2665,440.0136,343.9447,1921.8307,1332.276,2461.9916,1020.0521,115.1014,2469.6953,581.398,63.8949,263.2831,1560.6661,50.3002,17.673,19821.91,371.5872,1180.9222,6039.4698,236.547,1153.2797,60.2696,1.8126,42.1434,19.9388,1216.7214,3448.9634,62.5354,1478.6451,434.1226,150.4475,172.6521,28.0956,1448.2837,358.8988,42.1434,2380.4237,26.7362,15693.214,52.566,936.6716,173.1188,621.2756,1289.6794,71.5985,576.4133,2042.37,14.9541,162.2295,15.8604,10408.5193,957.5167,551.4897,2283.4485,2555.3416,2226.351,610.3999,1885.1252,1698.8784,1271.5532,82.0211,2209.1311,243.5799,3603.9424,365.243,0.9063,1638.1557,473.5471,1.8126,32.6272,1.8126,196.2162,3.1721,784.4115,2212.7563,3050.6401,3578.9917,2524.0739,551.0366,2578.9056,1500.8497,1743.7408,1802.651,9.0631,2020.1654,2340.5461,3970.9981,608.5873,439.5604,303.1608,649.8244,2527.4227,2285.7143,4745.4401,1244.3639,1287.4136,191.6846,90.631,187.6062,366.1493,1464.1441,2878.8943,131.415,84.74,231.1091,1699.7848,885.9182,459.0461,124.1645,16.3136,339.8663,434.5757,1841.1691,683.811,1244.3639,482.6102,5334.0886,39.4245,40.3308,517.9563,36.3748,5538.4615,579.5854,765.4197,1025.0368,1925.456,924.8895,4.9847,871.4172,997.3944,436.3884,912.6544,90.1779,4390.6197,106.9446,39.4245,2889.3169,21.2983,914.9201,4781.2394,5043.163,24.9235,1194.5168,2.7189,2008.3834,1338.167,1456.8936,617.4148,1017.7863,17.673,63.4417,7181.6019,397.8702,999.6601,9593.2933,643.4802,260.5642,10.8757,480.7976,2044.6358,4959.7825,1001.9259,118.2735,318.1149,145.4628,209.8108,132.7744,246.5164,97.8815,3269.0608,68.8796,1966.6931,17.2199,1.8126,5685.7369,9598.278,494.8454,472.0335,24.0172,21.2983,845.5874,0,361.6178,720.5166,5372.6068,1086.6659,1639.5151,3124.5044,6698.5386,168.1205,270.0804,11.782,431.4036,0.9063,11.3289,1208.5646,793.9277,12.2352,1.3595,602.6963,41.2371,182.6215,0,8261.9236,29.0019,422.8345,328.5374,299.9887,44.8624,514.2495,638.0424
TCGA-YL-A8SP-01,0.533333333,2506.9826,4514.1769,1.6928,107.0673,511.2146,1325.4338,3143.8849,1120.6094,604.3165,2720.694,1003.3855,2104.5281,105.3745,2009.7334,281.8451,135.3999,28.777,12.2725,509.5218,1467.6259,11089.7165,25.8146,119.3398,1400.3386,3254.3377,6525.9755,1157.0038,717.7317,716.0135,2573.4236,1380.4486,159.543,176.0474,102.4122,471.0114,2.116,1.6928,3.3855,704.6128,19645.3661,20.3132,481.168,3644.5197,1931.4431,2627.592,121.879,40.6263,3165.4676,1058.4003,64.325,2786.0601,1123.5717,3022.4333,407.1096,1585.273,1129.4964,123.1485,762.1667,21.1595,801.5235,829.0309,1114.6847,2553.5336,550.9945,854.1811,616.1659,2674.143,16506.9826,543.8003,4.2319,1853.1528,231.9975,307.6598,975.0317,8396.5298,173.9314,858.6543,1601.7774,3677.5286,1359.289,112.5688,307.6598,2538.2988,8333.8976,2125.6877,2111.824,7129.0732,1195.091,597.9687,8.4638,1757.0884,3511.6377,1247.5667,556.9192,307.2366,74.0584,724.9259,1874.3123,1217.9433,15.2349,3440.9649,956.8345,191.2823,2818.4511,1785.019,19.4668,17.3508,27512.4841,278.0364,1872.1964,4130.0508,265.3407,1039.7799,25.3915,4.2319,8.0406,24.1219,1537.8756,2821.8366,52.4757,1944.1388,77.4439,80.4063,190.4359,16.9276,1663.1401,443.0808,114.6847,297.9264,4.2319,6186.204,124.8413,690.2243,38.1464,268.303,1235.2941,67.7105,265.7639,2443.9272,35.548,481.168,0.4232,9032.5857,1247.5667,831.57,1892.0863,1222.1752,2467.6259,396.1066,1675.8358,736.7753,723.2332,93.102,2880.6602,192.738,9636.9022,264.0711,0.8464,1647.482,1375.7935,2.5391,98.1803,221.3288,284.3843,8.0406,1353.3644,2939.0605,6738.8912,4816.3352,2846.3817,444.3504,2578.5019,1716.4621,1573.4236,936.9446,0.8464,2749.8942,1606.8557,3580.6179,685.146,138.8066,104.5281,1025.8146,3609.7122,4174.7778,2617.4355,1019.0436,1567.4989,118.4934,30.4697,442.6576,369.0224,1190.4359,4261.1088,194.6678,93.5252,55.0148,752.8565,630.1312,187.8967,481.5912,6.3479,264.4943,48.2438,1721.1172,2948.7939,1766.8218,300.0423,6415.5734,2.5391,16.5044,6247.1435,48.4173,6201.862,513.3305,926.9149,1350.402,1127.8036,2339.3991,0.4232,1020.7364,804.0626,491.7478,807.4482,33.4321,5168.0068,30.8929,17.774,1847.2281,43.5887,608.5485,1990.6898,5386.3733,8.4638,2453.6606,2.116,1869.6572,913.2459,1399.069,1094.1007,3887.008,33.0089,76.5975,3972.4926,251.7986,1830.3005,4226.8303,190.4359,242.9116,2.9623,119.3398,2467.2027,6400.3386,1689.8011,68.1337,338.1295,101.5658,166.314,56.7076,640.711,235.2941,4066.441,46.551,3842.573,8.4638,0.4232,5300.4655,7169.2763,596.2759,205.3745,23.6987,31.7393,561.9975,0,510.3682,2314.4308,9510.7914,829.8773,2746.0855,911.9763,7999.5768,58.8235,348.2861,4.6551,482.0144,3.3855,0.4232,557.3424,490.4782,7.6174,17.774,454.507,0,241.642,0,6523.0639,216.6737,302.1879,368.5992,482.4376,12.2725,633.0258,412.1879
TCGA-ZG-A8QZ-01,0.433333333,2111.6505,4840.6149,2.8317,156.9579,675.1618,347.4919,1969.6602,876.6181,1089.4013,2070.3883,807.4434,1881.068,749.5955,1567.9612,165.8576,118.123,19.822,142.7994,479.3689,1198.6246,12987.8641,33.1715,620.1456,1633.8997,1906.1489,8945.356,1204.288,443.3657,775.8819,1693.7702,5418.2848,118.5275,286.8123,1227.7508,624.1909,8.0906,41.6667,515.7767,722.0874,20016.1812,16.9903,624.5955,10125.8091,3860.0324,2779.1262,282.767,197.8155,2119.3366,1007.6861,188.1068,1163.4183,773.8673,1482.6739,868.123,1131.068,893.6084,1009.7087,965.6149,27.9126,678.8026,1041.2621,925.9709,1454.6926,870.9547,2356.966,1182.0388,3701.8608,14875,925.9709,7.6861,1364.0777,865.2144,334.9515,1240.2913,7343.8511,213.1877,1430.0162,987.055,1531.9579,859.2233,405.7443,1061.4887,1968.0421,6248.7864,1691.7476,2348.301,3055.8252,1538.0259,1200.6472,87.7832,1905.7443,2635.5178,1095.8738,502.0227,736.6505,1588.1877,766.9903,1675.9709,563.1068,60.2751,2834.9515,767.3948,70.7929,926.7799,1318.3657,20.2265,84.1424,20844.6602,489.0777,1038.0259,4240.5097,1003.6408,1167.0712,18.6084,13.3495,84.5469,72.411,968.4466,1551.7799,429.2071,1603.1553,196.6019,104.7735,865.6958,77.2654,1354.7735,1398.8673,181.6343,4417.4757,50.1618,4302.9935,740.6958,964.8058,44.8382,278.7217,1770.6311,35.1942,882.6861,1389.5631,100.3236,185.2751,30.7443,19727.3463,1186.8932,488.6731,2039.644,1506.877,2689.7249,763.3495,2386.7314,1648.8673,741.9094,430.4207,1646.8447,228.7743,2644.822,448.2201,4.4498,913.4304,743.5275,3.2362,280.3398,114.0777,248.7864,17.7994,3415.4531,1761.3269,4453.0744,3096.2702,1715.5178,839.8058,2614.0777,1127.4272,1944.9838,1777.5081,102.3463,1487.055,1928.3981,5252.0227,628.2362,400.89,445.3883,1614.4822,1164.8503,2320.7929,3483.8188,1344.6602,1607.6052,73.2201,22.2492,1469.2557,302.589,1133.8997,5520.2265,156.1489,265.3722,146.4401,1444.5793,521.8447,381.4725,1640.3722,14.9676,262.5405,416.2621,1190.9385,465.6149,1099.11,3037.2168,2927.589,136.7314,84.1424,698.2201,39.2273,7695.3883,449.8382,727.8803,1126.6181,2133.0906,2101.9417,23.4628,1184.466,608.8188,397.6537,690.9385,107.6052,4565.9385,20.2265,58.657,1941.7476,45.3074,813.1068,2459.5469,2665.0485,6.068,1127.4272,2.8317,2737.055,3047.3301,1668.2848,982.7265,1328.8835,36.4078,259.3042,4593.0421,363.2686,1519.4175,5678.8026,598.301,830.9061,74.8382,153.7217,2346.2783,3321.6019,1201.0518,84.5469,399.2718,156.1489,157.14,25.4854,970.8738,158.5761,1358.8188,8.4951,12980.178,80.9061,2.8317,24841.8285,9630.6634,392.7994,380.9547,149.2718,97.8964,547.7346,0,202.6699,1153.7217,3037.2168,879.8544,1837.7832,1962.3786,6570.3883,177.9935,365.2913,4.4498,900.0809,2.8317,2.8317,471.6828,638.754,30.3398,80.5016,3545.712,130.6634,243.932,1.2702,6296.521,8.0906,388.4264,371.3592,331.3107,316.7476,1249.1707,202.2654
TCGA-2A-A8W1-01,0.366666667,1706.056,6093.7316,3.3054,136.4656,646.4408,608.6649,2539.9599,1343.4069,1138.4724,1681.0294,658.718,1550.7024,65.1635,1877.4643,388.1478,46.2755,16.527,11.3328,402.3138,1510.0933,16047.6921,63.7469,1208.3579,1082.2807,1628.6153,7003.6218,1172.943,267.2648,483.9854,2405.8553,5126.1953,118.0498,236.5718,14.6382,190.7685,1.8888,2.361,13.2216,491.5594,16229.4888,25.971,780.0732,12313.5403,5024.6724,1598.3945,208.7121,22.6656,2402.0777,807.4607,27.3876,1557.9601,2324.1648,2870.9054,287.5694,1107.7795,1439.2634,24.0822,1019.4782,8.9718,508.5586,1036.0052,848.0699,965.1753,754.1022,2205.9592,194.5461,3568.4099,11851.7294,638.8856,0,1286.743,52.6408,297.0133,721.9927,7325.6994,46.2755,425.4515,1617.7547,2237.2801,1270.216,49.5809,475.0325,1631.9207,6495.1009,1256.5223,2933.2121,4316.3735,1642.7813,602.5263,9.9162,1639.9481,3016.4089,1159.7214,432.0623,372.5652,1319.3248,823.9877,1798.607,840.5147,0,2575.3748,660.6068,50.0531,1056.3098,1468.5397,15.5826,16.0548,37260.772,217.2117,649.7462,6963.6643,101.0506,420.2573,27.3876,5.1942,6.6108,5.1942,1335.3795,2152.2843,1766.4975,2609.8454,182.2689,84.0515,134.5768,49.5809,1521.426,219.1005,15.5826,6934.2463,22.6656,42.4979,32.5817,659.6624,34.9758,301.2631,306.9295,7.083,534.5296,1756.1091,8.9718,30.693,3.7776,16067.0523,1048.7546,136.4656,1770.7473,1401.9596,2626.8445,1630.0319,2869.0828,1401.0152,903.3172,135.5212,1634.2817,189.2575,2846.8894,366.8988,0,972.2583,322.5121,0,15.5826,8.9718,128.9104,4.2498,206.8233,417.4242,5200.8027,4196.4207,3187.2506,274.82,5272.577,2538.0711,3352.1426,2179.6718,7.083,1910.9904,1610.1995,2771.3375,822.0989,136.4656,827.2931,304.5685,1699.7379,1752.3315,2427.1042,1032.2276,1974.2651,95.3843,33.0539,115.2166,299.3743,1038.3662,3684.5709,238.9328,134.5768,136.4656,1759.8867,646.4408,331.9561,85.4681,0.9444,223.8225,96.8008,1439.2634,507.6142,1222.5239,159.6034,4024.5544,26.9154,517.5304,3041.9077,68.9458,8528.391,452.8391,530.7803,2193.8378,1662.6136,4368.3154,5.1942,1672.5298,635.5802,206.3511,589.3047,22.6656,3733.2074,52.8863,87.3569,1792.4684,44.8589,560.5005,2078.6212,4861.7637,2.361,1304.6866,2.361,2177.783,1330.1853,2124.8967,999.4475,787.6284,5.1942,24.5544,4510.4474,241.766,1040.7272,3692.1261,484.9486,510.4474,16.527,152.5204,556.7229,5029.3944,1999.7639,10.8606,529.3354,101.0506,139.771,16.0548,229.961,65.6357,3594.853,20.7768,6792.1143,4.722,0,4599.2209,3340.3376,539.7238,353.2381,10.3884,29.7486,635.5802,0,314.9569,757.8798,1797.6626,712.0765,2533.3491,764.4906,11551.8829,16.9992,306.9295,16.0548,675.245,2.361,1.4166,545.8624,215.7951,7.083,15.5826,1323.5745,8.9718,194.0739,0,2768.0321,1136.1114,343.8225,389.5644,232.322,6.1386,615.1812,83.1071
TCGA-V1-A8MJ-01,0.466666667,2542.7603,5470.8025,2.5116,118.046,606.3042,448.5747,2415.6725,1032.7766,811.252,1664.1969,835.8659,1610.4483,510.3604,1035.2882,212.4827,80.3717,29.6371,118.5483,351.6263,1337.6868,14003.7674,125.0785,566.1183,1503.4535,1775.2103,9197.0162,1070.4508,397.84,667.5775,1488.8861,5409.0167,83.3857,222.0269,903.1772,293.8591,10.0465,6.0279,323.9985,689.1875,18577.9229,42.6975,863.996,8047.2184,4232.0733,2169.0318,396.333,240.6128,2326.2589,630.918,102.9763,1493.6984,763.029,1461.4693,609.3181,952.4049,954.4142,588.2205,870.5262,28.1301,397.84,896.1447,1783.2475,1269.8732,466.156,2843.1496,1000.6279,3551.4253,9757.1267,510.8627,14.5674,1040.3114,259.1285,267.7383,1273.3894,7697.0991,235.5896,312.4451,803.2149,2103.7298,952.4049,157.2272,1184.4782,1954.0374,5326.6357,1103.1018,1478.3373,4096.4461,1221.1478,621.8762,196.4084,1867.6378,2129.8506,1251.2872,500.8163,1028.758,1685.2945,666.0806,1842.5217,699.7363,42.6975,2699.4851,742.4338,37.1719,1538.6161,1753.6104,12.5581,74.8462,33487.3791,610.3227,787.1405,3814.3062,855.9588,2118.7994,43.7021,41.6928,151.1993,117.5436,1120.6832,1852.0658,500.314,1142.2831,97.953,80.874,512.3697,56.2602,1301.0172,915.233,100.967,4022.1022,16.0743,233.5803,126.5855,1131.7343,30.5161,215.999,1196.534,45.2091,560.8439,1682.7829,76.8555,221.0222,46.7161,7350.496,1225.6687,330.5287,2145.9249,1292.4777,2718.5734,1095.567,1814.3916,1796.3079,603.7925,226.5478,2028.3813,190.7372,1344.217,398.8447,1.0046,697.727,668.5922,13.5627,150.1947,67.3113,189.8782,30.6417,1347.7333,1071.4555,5715.9362,2969.2176,2248.9012,1109.1297,2154.9667,1288.4591,1927.9166,1386.4122,107.9995,1452.2165,2518.1464,8114.0274,634.9366,398.3423,1364.3099,1326.1334,1712.6359,1969.1071,2419.6911,1496.9233,2126.8366,52.2416,27.6278,733.3919,279.2917,912.7213,2637.197,214.492,215.999,73.8415,1194.5247,525.9274,349.1147,669.0946,13.5627,225.5431,376.2401,1251.7895,485.7466,946.8793,1624.5134,2893.8842,194.3991,150.697,1127.2134,39.9247,8152.7063,408.8911,508.5169,1277.9103,2295.6172,2439.784,37.6742,999.6233,568.1276,326.5101,566.6206,76.3531,4633.4296,24.6138,74.3438,1642.0947,50.7346,567.6253,7001.3814,5851.0612,1.507,1667.7132,1.0046,3022.9813,5211.1013,1829.9636,939.0129,1484.8675,31.6464,169.2829,4634.4343,194.9014,1281.4266,3365.0634,654.0249,617.8576,53.2463,112.0181,1131.2319,4070.3253,1334.1705,52.2416,328.0171,176.3155,100.4646,20.0929,771.0662,77.3578,2707.5223,7.5348,6845.6612,97.4507,5.5256,32989.5768,7007.9116,382.7703,244.8876,10.5488,113.0227,646.49,0,240.6128,760.0151,1638.0761,807.7358,2155.469,1680.7736,8542.5091,124.0738,323.4962,5.5256,911.2144,4.5209,7.0325,587.2159,445.0584,24.1115,32.1487,2741.1779,142.1575,472.1839,0.5023,6007.2837,210.9758,309.4613,287.3289,314.4544,184.855,1019.1636,177.3201
TCGA-VP-A87J-01,0.7,2775.8234,7080.8383,1.497,75.2246,790.4192,1022.0808,4125,947.979,938.6228,1922.1557,763.0988,1849.9251,114.521,2555.015,233.9072,66.991,15.7186,15.3443,405.6886,1633.2335,23285.9281,98.0539,574.476,1728.6677,1971.9311,8416.875,902.3204,324.8503,581.9536,1590.1946,5468.5629,81.9611,255.2395,34.0569,261.6018,1.497,74.476,10.479,724.1766,17141.8413,19.0868,750.7485,14073.7275,4265.3443,1629.8653,226.4222,30.6886,2909.4311,1009.7305,28.0689,2325.6849,1513.0988,2166.9237,375.3743,1241.018,1163.1737,100.2994,1057.2605,13.0988,514.2216,789.6707,1339.0719,1580.4641,605.1647,1916.1677,802.7695,3754.491,9138.0988,122.3802,2.994,1528.4431,280.6287,339.8204,1001.497,9180.7635,74.8503,381.3623,342.8144,2140.7186,1159.4311,168.0389,1094.6856,2081.2126,5138.4731,1399.3263,1965.7148,4898.2036,913.1737,685.2545,26.1976,1406.4371,3589.0719,1355.1647,545.2844,940.1198,1450.5988,903.0689,1647.0808,1126.497,9.7305,3192.7395,841.6916,89.8204,1121.6317,1744.3862,7.1108,22.8293,48200.9731,599.1766,519.8353,2047.384,358.1587,1018.7126,13.4731,2.2455,13.4731,19.8353,1449.476,1985.0299,261.976,566.991,129.8653,57.2605,271.3323,39.6707,1168.0389,392.9641,89.4461,6820.7335,1.1228,117.515,240.6437,401.1976,6.1939,231.2874,437.5,8.6078,1086.0778,1702.0958,21.3323,46.4072,6.7365,12021.3323,730.1647,224.9251,2044.1617,1464.8204,2744.7605,1370.509,1937.1257,2476.7964,668.7874,223.4281,2708.8323,111.6392,571.482,1479.4162,0.3743,920.2844,405.6886,2.6198,124.2515,13.4731,160.9281,5.2395,1090.1946,2113.3982,5534.0569,3514.5883,2815.1198,599.1766,2087.2006,1180.3892,930.015,1303.518,4.491,1625,1961.0778,7800.1497,980.1647,703.5928,688.2485,954.3413,1144.3825,2009.7305,3336.4521,1556.1377,1645.9581,67.3653,16.8413,335.3293,479.0419,1025.4491,4057.6347,235.0299,123.503,68.8623,1448.7275,781.0629,339.0719,389.2216,4.491,260.1048,226.0479,1449.476,304.2665,1678.1437,1068.1138,3095.4341,95.4341,92.4401,2698.7275,63.0838,11271.3323,432.2605,675.2807,1364.521,1745.509,3598.8024,3.7425,1461.0778,625.7485,144.0868,621.6317,36.6766,4547.5299,38.1737,32.1856,1729.0419,60.6287,579.3413,3805.015,3698.3533,2.2455,1436.3772,1.9686,3118.6377,3151.9461,1962.2006,878.2335,1273.9521,4.8653,66.6168,3556.1377,147.4551,1025.4491,3876.497,466.3174,912.7994,7.485,68.8623,1102.1707,4712.5749,1746.6317,16.8413,430.3892,123.8772,98.0539,9.7305,575.2246,100.6737,6689.7455,8.982,6154.9401,26.1976,0,7073.3533,9056.512,487.6497,196.149,40.4192,35.9281,395.9581,0,270.5838,506.7365,3956.2126,475.6737,2715.5689,2717.4401,11822.979,145.5838,352.1707,4.491,729.4162,13.0988,1.1228,312.1257,736.1527,16.4671,14.5958,1262.7246,1.497,463.6976,0,4766.4671,249.6257,332.0322,311.7515,101.4222,41.9162,2655.2246,162.4251
TCGA-2A-A8W3-01,0.566666667,2370.4764,6768.7589,0.8178,282.1509,658.761,1353.5064,3531.3842,1817.2153,1441.0141,2198.7324,1137.5997,2500.1022,361.4803,1859.7424,303.8233,145.1646,40.0736,46.2073,716.4179,1478.2253,13292.5782,84.6453,506.2359,1978.3275,2654.2629,8961.7052,1120.0164,515.641,998.1558,2859.129,8726.2319,168.4727,282.9687,475.1585,276.4261,5.3159,5.3159,125.9456,724.5962,16160.7033,25.3527,698.8346,5712.5332,3282.3553,2625.23,152.525,94.8681,2710.6931,199.1413,227.3564,3532.9749,793.7027,2182.7602,414.6391,1507.2582,1497.0354,632.1816,615.0072,14.312,415.048,1094.6637,698.8346,2121.4476,1477.4075,1516.512,1301.9832,4730.7299,12078.1026,957.6774,1.2267,1770.1901,152.018,328.7671,1204.2527,6649.7649,240.4416,2824.7802,1895.7268,4231.8544,1290.9425,117.7673,475.1585,2600.2862,6583.1118,1617.6651,2534.3692,4351.2574,1410.7544,1158.0454,29.0329,1520.3435,2702.5148,998.9777,468.2069,438.7651,929.0534,846.8616,956.0417,1415.2525,11.0407,3591.4946,701.697,85.4631,1580.8628,2095.277,30.2597,40.8914,20477.203,328.7671,874.6678,5123.2182,397.8736,885.2995,54.7945,5.3159,6.9515,38.8469,1667.5526,2146.8002,319.771,1409.1188,173.3797,112.8604,464.1178,50.7054,1648.7426,485.7902,114.496,5687.9984,19.6279,217.9513,228.5831,528.7262,150.0756,242.8951,866.0806,77.2848,1119.6074,1455.735,33.9399,59.7015,6.1337,4297.6896,1032.5087,1052.1366,2355.7555,1939.4807,1878.9614,797.3829,3283.5821,3677.7755,738.0904,219.1781,2078.1026,173.6864,2821.5089,1420.9773,2.4535,1483.5412,763.0341,9.405,112.4514,35.5755,218.3603,7.7694,1678.5933,1567.3686,4950.7258,3361.6806,2967.0824,556.1235,2776.9372,1509.7117,1855.6532,1456.1439,29.0329,2729.9121,1974.2384,3498.2621,1030.4641,202.4126,440.8097,1287.6712,1328.4155,2225.3118,3741.5661,1326.927,1437.7428,82.6007,38.4379,563.075,316.4997,2112.4514,2570.0266,448.1701,181.558,77.6937,1892.8644,692.7009,288.2846,381.5171,64.1996,345.5326,250.2556,1700.6747,1478.2253,1524.0237,865.6716,5794.725,68.6976,338.1722,4816.6019,49.5318,5370.6808,489.0615,510.9671,1292.9871,3016.1521,2465.3445,13.4942,1571.0489,961.3576,465.3445,657.9432,33.1221,4292.3737,52.7499,36.8023,2388.0597,53.9767,579.4316,1856.0622,13617.2562,2.8624,1925.9865,4.1505,2202.0037,1752.1979,1729.7076,1082.2777,3060.7238,25.3527,116.5406,4310.7749,270.7013,1194.8477,3926.8043,435.9027,756.4915,20.4457,96.0949,4071.56,5439.7874,1465.9579,33.9399,329.9939,112.0425,142.3022,92.8236,11061.1327,240.0327,15606.2155,22.4903,3983.2345,56.4302,1.6357,11816.8064,6754.038,531.5886,174.8477,24.1259,32.7131,549.9366,0,446.1255,2223.2672,3013.2897,676.7532,2721.7338,2496.0131,6936.8227,96.5038,419.5461,1.2267,552.4433,1.2267,1.6357,387.6508,585.5653,9.8139,76.8759,1411.9812,204.0483,883.255,0,6864.8538,18.4011,316.5201,318.5443,300.552,99.3662,704.9192,168.4727
TCGA-CH-5748-01,0.766666667,2793.578,5809.0075,1.6681,234.362,1083.4028,1176.397,3906.1718,1429.1076,1277.3144,2673.8949,637.1977,1699.7498,481.6514,1711.0092,240.2002,173.8949,32.9441,27.5229,612.5938,1630.9425,16896.9975,11.6764,1015.0125,1127.6063,2715.5963,9026.1968,1136.3636,387.8232,1185.9842,3396.1635,5936.1968,153.0442,281.9016,397.8315,680.1501,5.0042,5.4212,101.3344,645.5379,14608.0067,33.7781,437.4479,13150.1251,3790.2419,2512.9274,276.0634,62.1351,2202.6689,939.95,63.8032,2946.5555,1145.5379,2026.0676,732.2769,1401.5847,966.6389,248.1234,890.7423,15.0125,599.6664,1324.854,990.4087,2228.1068,1104.6706,1865.6714,519.1827,6347.7898,10887.4062,1062.1351,4.1701,1743.5363,350.246,423.2694,1787.7398,6551.7098,55.0459,538.3653,2007.9233,2601.3344,1285.6547,1206.422,1974.5621,2378.6489,5710.1751,1522.1018,3836.8849,3630.9425,1349.8749,917.8482,13.7615,1866.9725,3013.7615,692.6606,767.3061,447.0392,1689.7415,1039.6163,976.6472,994.1618,0.417,2615.9299,899.4996,86.7389,580.4837,1485.4045,47.5396,24.1868,31037.1143,437.0309,620.9341,4221.0092,521.2677,842.7857,27.9399,10.8424,34.1952,28.774,1650.5421,1761.4679,1859.0492,1334.0284,173.8949,104.2535,330.2752,19.5997,1515.0125,128.8574,172.6439,9449.5413,56.2969,102.1685,246.8724,770.6422,66.5972,233.945,964.1368,34.6122,695.1626,1462.4687,33.3611,92.9942,25.8549,4810.6756,1570.4754,451.2093,1646.372,2302.3353,1719.3495,1350.2919,3944.1201,2236.03,859.4662,271.4762,5117.598,148.9783,5419.5163,293.578,5.0042,1039.1993,1082.5688,2.0851,64.2202,34.6122,248.5405,6.6722,852.377,477.4812,4956.6305,3768.97,2299.4162,380.3169,2008.7573,1091.7431,1855.7131,1550.0417,52.5438,2733.945,1837.3645,5638.8657,1047.1226,144.2869,624.6872,1049.6247,1413.2777,1621.7681,3013.3445,1936.6138,1758.9658,73.8115,46.7056,458.2986,394.9124,1082.5688,2781.0676,175.563,72.5605,90.9091,1724.3536,477.0601,311.9266,474.1451,9.5913,470.809,158.8824,1361.5513,341.5346,1630.5254,200.5838,5256.8807,80.4837,432.8607,859.0492,75.6047,5023.3528,516.6806,644.5955,1568.8073,1470.809,3339.0325,5.4212,1578.3987,759.7998,214.3453,927.8565,25.0209,4643.0359,52.9608,47.1226,1683.0692,82.5688,982.0684,3275.2294,6153.0442,3.7531,1545.4545,2.1184,3085.0709,1031.6931,2007.5063,1144.854,570.0584,12.9274,140.1168,3876.9808,223.5196,1349.4579,2630.5254,555.8799,723.1026,15.8465,352.794,803.5863,3592.1601,2014.5955,56.2969,401.1676,145.955,153.8782,27.5229,203.9199,110.5088,1326.1051,29.608,2636.3636,30.442,0.834,12481.2219,7508.3403,598.8324,278.0067,9.5913,41.2844,763.553,0,316.9308,851.543,2884.9041,460.3837,2597.5813,1434.9458,7010.0083,57.548,545.8716,2.5021,773.5613,0.417,0.834,1121.7681,501.251,9.1743,103.4195,943.7031,19.5997,108.0067,0.8966,4974.1451,79.2327,335.7423,250.6255,175.563,63.3862,904.9124,160.5505
TCGA-CH-5750-01,1,2710.1944,6159.3789,2.2547,313.9722,1027.5966,1370.8803,3810.5062,1944.711,1372.5714,2594.0754,830.3071,1729.9473,419.9448,2625.6417,381.0506,177.5606,86.2437,149.94,669.657,1616.083,11989.5662,9.5826,594.687,1099.1845,3101.955,9075.2617,1078.8919,607.6517,1169.6394,3153.2503,3512.8809,306.6443,356.8122,151.6311,431.2185,12.4011,4.5095,63.1326,592.4323,14111.8378,113.8642,457.148,10076.9852,3714.1162,3000.4918,300.4438,227.7285,2571.528,900.7676,49.6042,3316.0874,1240.1056,1431.4708,613.8523,1552.9504,1153.2982,208.5632,815.0876,24.2384,689.9496,1419.3572,1223.7587,2320.1248,1267.7261,2037.7077,977.4287,4811.046,10581.4827,1298.7288,60.3142,1978.5321,261.5777,452.6385,1115.5313,6566.9227,251.9669,906.4044,1808.2994,2290.8132,1312.2572,25.3658,1420.4846,2329.7074,6662.7491,1330.2951,2709.2305,4085.0205,1342.6961,974.0466,32.13,1373.6988,3402.3988,802.1228,634.1449,1776.1694,1983.0416,975.7376,1263.2166,1165.6992,30.439,2320.6885,1018.0139,114.9916,822.4155,1628.4841,40.5853,96.39,27453.1191,630.7628,809.4507,4751.2165,1121.7319,810.0144,25.3658,16.9105,329.1917,186.5795,1493.7635,1849.4484,1666.8146,1548.4409,188.8343,127.3927,452.0749,64.26,1319.5851,1249.6882,94.1353,7531.9503,38.8942,155.0132,129.6474,870.8923,52.0619,304.3896,616.107,15.2195,818.4697,1757.5678,42.84,380.4869,126.2653,8332.9458,1430.6309,269.4411,1611.0099,2889.446,1859.031,1145.4066,3117.7382,1777.2968,947.5534,188.2706,2011.2258,113.4358,5111.4897,665.1475,0.5637,1459.9425,1099.7482,4.5095,198.9806,21.9837,233.929,28.1842,1143.1519,936.8434,4025.27,6670.6181,2505.577,466.7306,1728.8199,1158.935,1636.3757,1360.1703,9.0189,3000.4918,1607.6278,3111.5376,853.9818,463.9122,769.4291,1421.6119,1721.5597,2072.6674,4176.9011,1626.793,1390.0456,127.9563,96.9537,417.1264,353.9938,1003.9218,3148.7408,207.4358,74.97,167.4143,1657.232,771.6839,295.9343,366.3948,10.1463,357.9396,218.1458,1421.0483,429.5275,1602.5546,1413.1567,7365.6634,151.6311,176.4332,2417.6422,94.9188,8734.2891,651.0554,541.0975,2107.6158,3589.542,2583.9291,41.7126,1378.2082,667.966,284.0969,866.3829,42.2763,4563.0248,80.0432,36.0758,1519.693,129.0837,885.5481,5357.8198,8465.9753,1.6911,1047.8892,1.6911,2393.9675,1206.2845,1866.3589,980.1907,900.2039,11.8374,93.0079,3994.2673,231.1106,1456.5604,2683.1375,696.1502,970.1008,14.0921,158.959,1196.1382,3910.2784,1847.1936,31.5663,348.9206,103.7179,62.0053,34.9484,626.817,157.2679,3346.594,51.859,13393.1402,182.07,3.3821,21416.0596,6675.7138,752.5186,262.7051,28.7479,139.23,589.6138,0,547.3375,1553.5141,4369.6811,375.4138,1839.8657,2313.9243,7987.4073,156.1406,499.988,0,714.1881,6.7642,3.3821,377.1048,530.427,29.3116,63.6963,1955.9847,152.7585,211.9453,0,3530.3551,121.1921,343.2838,317.918,198.4169,47.9132,1540.5493,162.3411
TCGA-CH-5753-01,1.166666667,6118.5433,5846.0034,0.9223,231.9586,1550.3876,1903.1676,4916.3243,2000.9315,671.435,4237.972,658.0616,805.1686,450.0828,5038.5291,403.9677,179.8487,49.3431,34.1251,824.5369,2175.2464,18636.0094,20.2906,416.4188,854.9728,3607.1183,5806.2707,1005.3078,575.5157,1727.8844,2640.086,5843.2365,165.553,371.2261,215.8184,428.4087,3.6892,17.0626,51.1877,639.1544,15112.3593,175.6983,352.78,6248.1266,2848.9871,1992.6308,399.3562,89.4632,2974.8811,1353.0152,35.5086,5065.7831,1278.77,1445.6788,718.4723,1315.2009,895.0929,335.7175,504.0374,11.0676,813.4693,1463.2302,890.9425,2996.0941,660.3674,3423.1101,1014.5308,5001.1759,8226.0006,810.2412,36.892,1417.1151,230.566,770.5823,843.9052,5493.6845,210.2846,1072.6358,1634.317,2847.6036,1761.5945,64.0999,1153.7983,1771.2786,9272.812,1929.4532,4138.9077,4666.8419,828.6872,984.0949,39.6589,1630.1666,5302.3071,790.4118,976.2554,1780.5016,1804.0203,1763.4391,711.555,712.9385,31.3582,2868.3554,1400.5137,77.4733,2297.4512,2208.9103,26.2856,41.9647,21620.5747,499.887,1218.3593,5989.1722,557.992,687.1141,130.0444,23.5187,31.3582,24.441,2468.9992,1947.4381,320.9607,1657.3745,38.2755,50.2654,496.659,59.0272,1973.7237,770.5823,346.7851,9910.1218,12.9122,116.2099,100.5308,1053.7286,20.5858,447.777,638.2321,16.1403,582.0917,1599.7307,22.5964,124.9718,42.887,13533.8415,2666.8327,185.8436,1741.765,3144.5845,1619.5602,1340.103,2315.8972,1959.8891,1373.3058,117.5933,2187.6974,118.8753,1673.0536,175.6983,0.9223,859.1232,1103.5329,3.2281,33.664,14.7568,159.0969,18.9072,848.9779,1179.6227,6324.6775,6494.3763,1386.2181,704.6378,1763.9002,1167.1716,1902.7065,1553.1545,10.1453,3982.0336,2102.3846,7405.1529,902.0102,961.0374,498.0424,753.9809,1816.3238,1940.0597,4230.1325,3135.3615,1825.2332,53.4934,28.5913,428.8699,739.2241,935.213,4172.4887,195.9889,118.5156,77.0121,1108.6055,699.104,299.2866,372.1484,5.0727,364.77,315.4269,1086.0092,442.7044,1797.5642,563.5258,5689.6735,35.9697,510.4935,6945.8471,120.3879,20565.9238,685.2695,766.2014,3012.2343,4261.4907,4696.3555,14.7568,1702.5672,563.9869,180.771,953.659,28.5913,3882.4251,11.9899,71.9395,1669.8255,247.6378,1478.9093,3080.4846,6458.4112,8.7619,1627.3997,2.7669,2586.1314,3756.9922,2623.9457,1288.0991,4809.7985,10.1453,72.4006,3162.5693,178.9263,1933.1424,4694.9721,824.998,557.0697,17.9849,172.4702,774.2715,4649.7793,2427.0345,38.7366,421.0303,137.4228,178.4652,11.0676,945.3583,70.556,7875.5263,27.669,52483.9866,40.1201,3.2281,14707.9304,8526.6706,872.0354,272.9411,29.0525,65.4834,699.104,0,429.331,984.0949,7653.713,379.0656,2744.7671,1862.1253,10783.5406,93.1524,399.8174,0.4612,907.544,1.8446,0.9223,1062.0293,596.7286,20.7518,15.218,1981.1021,80.7013,720.3169,0.9223,5249.2748,457.4612,211.668,351.3966,125.4329,52.5711,2691.7302,92.6912
TCGA-EJ-5501-01,0.4,3238.7663,6019.8683,2.0792,172.5771,618.9211,1022.0631,4380.0393,1393.0923,980.2472,1826.2678,828.0005,1954.4877,348.6196,2356.0125,208.8483,148.7813,27.2612,61.4532,440.5683,1461.4763,20462.2849,77.625,951.8309,1952.1774,2847.4067,10988.0744,1352.8936,519.5795,1566.8107,2975.3956,7132.956,82.7076,252.2814,810.9045,241.8852,11.5513,48.7467,221.5548,1201.802,19145.4314,21.7165,495.0907,9379.2307,3572.3692,2518.8865,201.4555,90.3315,2786.8777,804.2047,93.5659,3082.405,852.0273,1982.9294,435.2547,1756.0356,1369.7586,534.3653,889.4536,20.5614,503.1766,1015.8253,1322.8601,1625.0433,1260.9449,1675.4072,1684.1862,5650.9183,9991.9141,394.3629,12.4755,1785.607,261.8113,339.3785,1561.973,8142.7746,114.8204,726.1176,896.3844,2472.9121,1145.8935,821.0697,1108.9292,2242.5783,4535.5204,1541.8736,2464.0822,4648.4925,1866.2354,1107.543,33.961,1746.3324,2424.1654,1280.3512,627.7001,702.7839,1201.34,751.9926,1050.7104,992.0296,0,3164.6067,704.8631,86.8661,377.498,1775.2108,23.5647,35.8092,37939.933,369.6431,732.1243,4733.0461,712.718,1116.5531,35.3471,15.2478,12.4755,23.7958,1259.0967,2406.1453,599.0528,1198.1056,170.9599,93.7969,464.8262,30.7266,1573.5243,469.6777,197.759,6064.6875,24.0268,133.0715,379.1152,701.1667,42.3449,198.2211,1203.8813,38.1194,1024.3733,1354.7418,54.7534,100.2657,15.7098,17072.1959,1645.8357,521.6588,2307.2658,2170.7289,3220.0531,1021.139,3381.0789,1826.9608,580.1086,247.1988,2517.5003,181.7188,2656.1164,918.563,8.0859,1009.5876,826.1522,5.3136,205.614,95.8762,205.1519,20.3304,1955.8739,706.9424,4845.5585,3331.6322,3136.6524,830.7728,2097.2623,1112.3946,1800.3927,1276.4237,91.2556,2219.0135,2077.625,7676.5623,1242.2317,350.0058,1723.4608,1299.9884,1450.7173,2079.9353,2359.9399,1023.6803,2171.884,90.1005,48.0536,839.0898,687.074,1951.4843,2527.2034,350.2368,114.5893,125.6786,1821.6472,910.015,287.3975,761.9268,36.7333,356.9366,331.7546,1250.5487,505.4869,1710.7543,850.179,3160.2172,98.1864,124.0615,1287.0509,87.5384,7640.2911,367.1018,381.0581,1180.0855,1637.2877,2737.6689,9.2411,1250.3177,882.5228,336.8372,697.9323,46.6674,3995.8415,40.6607,61.2221,1987.2935,57.5257,558.6231,2692.6187,5915.9062,2.7723,1828.116,5.4222,3006.3532,1298.3713,1466.0968,810.7035,593.2771,20.7924,188.98,3730.1606,317.893,1110.0843,2864.7337,392.0527,793.1154,33.961,104.4242,1769.6662,4984.8677,1348.5041,41.5848,338.2234,167.4945,175.3494,57.9878,377.0359,143.9298,3879.866,21.2545,9120.7116,12.2444,1.6172,13786.9932,5841.7466,492.0873,174.9752,9.4721,29.8025,594.6633,0,238.4198,741.8274,1717.6851,654.9613,2082.0146,2667.8988,6754.996,106.5034,391.1286,4.1585,797.5049,6.4688,0.6931,313.7346,740.6723,9.01,29.5714,2559.0851,98.6485,273.3048,0.231,7834.1227,158.0224,394.8412,262.6776,270.0705,101.1898,675.4626,139.0782
TCGA-EJ-5504-01,1.066666667,2444.8265,4809.103,5.311,222.1765,743.0963,876.7562,3625.1945,1239.2314,902.426,2751.9789,655.0223,1542.4005,695.7399,1371.5636,204.4732,146.9374,17.2607,33.1937,464.2692,1278.6213,18936.7837,38.5047,932.9642,1041.397,2274.4322,10016.0658,1152.0426,340.3461,1419.3493,2850.6748,5518.563,119.0547,238.552,390.3579,287.6787,4.8684,58.4209,138.0858,525.7882,22503.9998,19.4736,414.6999,10419.7233,3871.2704,2698.869,337.6906,137.6432,1772.5435,776.7325,165.0833,2035.8492,972.7967,2063.9886,636.8764,1156.911,930.3087,759.0292,989.6148,25.6698,550.5728,1192.3177,933.4068,1888.9427,840.0219,2100.9398,650.1539,6349.2907,12800.8179,996.2535,9.7368,1825.2108,1149.5597,424.8793,1896.9092,7037.0641,173.935,811.254,2128.3799,2957.3372,959.5192,132.3322,1180.3679,2334.1809,4510.3598,1547.7115,2637.7483,3231.7385,1350.3197,1198.0712,16.8181,1716.7781,3073.7365,703.7064,593.0607,438.5994,1733.5962,731.1465,821.876,727.6059,5.7536,2643.5461,863.9213,81.8778,513.8385,1289.2433,24.342,58.8635,40336.5398,425.3219,774.9622,5903.3798,1091.4088,816.1224,23.8995,12.3923,5.311,49.5693,1263.1309,2124.8393,1333.5015,1328.1905,277.0567,97.3682,623.5989,72.5836,1676.5031,335.9202,468.2524,7186.2144,26.9975,351.8532,303.6117,891.804,26.7674,183.2292,2084.1217,37.6195,607.2234,1184.7937,221.2913,104.0069,11.0646,7666.4166,1538.8599,1397.2334,1587.1014,2271.3341,2122.1838,1124.6025,3786.7371,1956.2153,528.4437,437.2717,2580.6994,126.0475,3378.6759,313.3485,1.3277,910.8351,1099.8179,9.7368,386.8172,31.866,186.3273,25.6698,2492.1829,695.7399,5805.3566,4219.583,2189.0138,554.9986,1762.3641,1107.3418,2219.9946,1586.6588,17.2607,2349.6713,1331.2886,5534.9386,1241.0017,202.2603,1564.5297,2890.5073,757.3474,1400.3315,2533.7857,1880.0911,1570.2832,77.8945,30.5382,872.3304,406.2909,1200.7267,2831.2012,221.2913,308.9227,113.3012,1506.5513,353.6235,262.0089,2437.7452,9.7368,429.7478,279.2697,1296.3246,1263.1309,1595.5104,627.5822,3207.3964,80.1075,316.4466,1540.6302,48.3123,5848.2871,513.8385,658.8816,1940.2823,1577.3646,2487.3145,5.311,1838.0457,671.3979,137.2006,705.0342,54.4377,5639.8307,27.8827,73.4687,1485.3074,57.0932,813.9095,1941.6101,5483.1564,0.4426,968.8134,0.8852,2981.6793,1314.913,1829.6367,1015.9883,755.046,19.0311,178.3608,3272.8987,237.2243,1460.5227,2900.6867,701.0509,1655.2591,13.7201,229.7004,1525.1398,3484.8958,1757.9383,84.9759,360.2623,131.2744,116.8418,24.342,544.8192,337.248,794.8784,34.0789,3242.8031,16.8181,0.8852,13924.0927,7417.2426,516.0514,235.9983,68.6003,50.0118,912.6054,0.4426,323.0853,1333.0589,3223.3294,450.5491,2317.8053,1209.1358,6367.4365,156.2317,485.5132,0.8852,726.2781,0.8852,3.5407,588.6349,466.4821,18.1459,69.4855,1702.6154,53.9951,118.6121,0,4840.0838,182.3441,243.478,224.3894,126.5786,79.6649,613.8489,200.0474
TCGA-EJ-5510-01,0.5,3039.379,6938.4653,0.3234,169.8067,850.9744,998.1402,4017.1424,1137.5435,939.2739,2000.4852,693.7818,1909.2747,765.2624,1486.2133,197.9461,98.3262,15.2017,76.6556,510.3906,1572.5722,21514.6762,152.0175,707.3664,1705.5066,2438.4248,12352.2148,1176.3564,404.9487,1390.7884,2794.2104,6734.6972,55.3085,235.1419,1131.7215,481.6043,5.1751,72.7743,475.4589,915.0158,18075.5236,18.7596,615.8325,7528.7459,3654.2411,2909.3555,248.7264,136.1688,2415.7839,836.4195,501.3342,2524.3341,660.4674,1255.1726,600.3073,1475.2163,1049.244,688.9302,650.1172,22.3175,513.625,1149.8342,1221.3148,1912.8325,1248.8073,2016.2756,1384.3293,6973.7204,9211.2881,694.7522,5.1751,1917.6842,473.6347,459.6103,2567.1545,8159.1332,225.4387,982.615,995.2292,2781.2727,835.1257,170.4536,817.3365,2113.3662,4726.4494,1699.6846,2746.3411,3583.4075,1558.0173,1355.543,62.1008,1580.6582,3916.2287,1143.3654,582.1946,872.3215,1721.6787,625.8591,1222.2851,755.8826,6.1454,3513.5441,898.5203,43.3411,998.1402,1335.1662,18.7596,72.1274,23520.0129,499.3935,670.1706,5275.7985,744.8856,1281.7983,17.7893,10.997,26.1988,41.4005,1341.635,3233.4438,828.6569,914.6923,141.9908,63.718,489.3669,38.813,1697.0971,629.7404,216.3823,9467.7771,28.4628,207.0025,522.0344,843.8587,27.1529,283.9816,1392.7387,20.3768,851.6342,1555.7532,55.3085,170.1302,19.083,5003.6387,1279.8577,414.005,2073.5829,1871.432,2411.2558,984.2322,3750.9501,2641.546,367.4294,313.0913,1843.6161,104.1223,1979.7849,930.8644,0.9703,813.4552,963.2085,15.8486,372.928,70.8337,193.0945,13.2611,1973.963,451.5242,5434.1392,3292.3102,2871.1895,616.4793,2055.7936,1062.5051,1594.5662,1435.7564,102.2075,1954.5565,1787.3373,6984.0705,1275.0061,345.112,1736.2335,1654.7263,1625.4419,1616.8836,2797.4448,1161.8016,1885.6635,49.4865,19.083,757.8232,445.7023,1778.6044,8193.0945,193.0945,195.0352,86.6823,1724.9131,481.2776,228.9965,925.6893,15.8486,371.6342,222.2043,992.9651,567.6397,1600.0647,939.5973,4390.3938,211.5307,237.0826,1572.5722,95.2438,5554.136,422.4145,621.0011,1320.6113,2912.59,2136.3306,32.3441,1851.3787,594.1619,246.7858,477.0761,52.721,4917.2799,17.7893,51.7506,1792.1889,72.4509,611.6277,2000.8086,4468.3432,0,2239.5084,7.4392,3169.7259,1413.1155,1590.3614,557.5354,1426.0532,32.6676,229.6434,4217.0292,199.5634,1291.5016,2723.0533,524.622,783.6986,53.3678,333.1447,2427.4278,4858.737,1691.9221,50.1334,298.213,128.0828,74.3915,9.7032,16466.4025,222.8511,5846.8505,14.5549,4486.1324,48.5162,1.6172,31498.3424,8526.5626,515.8891,191.0407,32.6676,41.4005,672.7581,0.6469,251.6374,817.6599,2321.9859,695.0756,2197.461,2164.7934,8160.4269,65.982,374.2217,6.7923,1008.8138,2.911,2.2641,219.6167,580.5773,7.7626,8.4095,5437.0502,670.1706,256.489,0.3234,8641.0609,530.7674,323.4414,189.5367,449.5836,222.5277,1391.4385,188.8898
TCGA-EJ-5519-01,2.1,3161.9835,7482.6446,1.3774,172.1763,939.1185,1567.2176,5362.5344,1516.8044,1037.741,2348.4848,920.9366,2232.7824,285.3994,3337.741,287.6033,171.9008,41.3223,44.0771,507.1625,1551.7906,18223.9669,21.7631,687.3278,2621.4876,2720.3857,11134.3884,1443.2507,445.4545,1006.0468,3308.2645,5894.4904,175.2066,225.3444,302.4793,119.5592,4.6832,20.9366,133.6088,1178.7879,19853.719,23.416,840.2204,16846.5565,2385.3994,2741.0468,155.3719,90.3581,3204.4077,985.6749,40.4959,3788.3857,815.1515,2583.1185,315.978,1523.9669,1275.7576,382.3691,993.9394,25.0689,588.7052,1080.4408,998.8981,2131.1295,1550.4132,1393.1129,1055.9229,4639.1185,7160.8815,1044.3526,3.3058,1769.4215,343.595,374.9311,1056.4738,9335.5372,278.7879,1627.8237,1190.9091,4147.6584,1170.7989,37.4656,471.3499,2571.0744,5548.7603,1289.5317,2817.8981,5079.0634,1670.5234,623.6915,14.6006,1519.0083,2397.2452,1313.2231,617.3554,480.9917,842.6997,988.4298,529.4766,973.2782,1.3774,3528.0992,812.1212,62.259,1087.8788,2165.5647,22.865,28.3747,30723.9669,237.741,484.8485,4972.1185,394.4904,1234.4353,26.1708,6.6116,18.1818,38.292,1694.4904,2015.7025,1001.9284,1096.9697,315.978,56.1983,591.7355,61.9835,1548.2094,616.5289,172.1763,6174.9311,15.1515,286.2259,228.3747,499.1736,72.1212,438.0165,930.5785,27.8237,547.686,1994.4904,60.0551,83.7466,8.2645,5557.5758,1038.0165,1024.2424,2283.1956,1668.595,2728.9256,693.9394,4503.3058,2127.2727,556.4738,252.3416,2772.4518,132.0661,3463.3609,1763.9118,1.9284,1327.2727,1132.5069,1.6529,202.4793,23.6915,190.3581,14.0496,2031.1295,782.6446,6746.832,4002.7521,4346.832,421.4876,1666.6667,992.2865,1977.4105,952.0661,27.2727,2320.1102,1548.4848,5191.7355,1185.6749,176.584,518.1818,1499.7245,1779.5207,2763.0854,2301.6529,1522.865,1735.5372,108.8154,18.4573,626.9972,441.3223,1989.8072,5061.4325,267.4931,164.7383,68.0441,1692.2865,833.3306,254.27,575.2066,38.292,248.2094,244.0771,1107.989,2078.2369,1193.3884,630.5785,9687.0523,53.4435,311.0193,2255.0964,95.3829,7014.0496,459.7796,265.1295,1143.2507,2289.8072,1483.1956,6.0606,1446.5565,687.8788,342.1488,1293.1129,41.8733,4681.5427,82.3691,28.0992,2024.7934,59.7796,664.7383,2079.3388,10334.1598,0.2755,2052.6171,1.6529,2740.2204,3022.5895,1558.4022,845.2314,1638.843,11.2948,137.741,4382.3691,244.6281,1105.5096,2339.1185,443.8017,553.9945,21.7631,86.7769,2347.6584,2039.6694,1357.5758,55.3719,294.4904,161.157,77.9614,57.3003,8336.9146,275.4821,8501.1019,25.0689,3119.8347,17.3554,0.551,12747.1074,6068.8705,576.584,208.1846,29.7521,38.0165,252.8926,0,209.0909,709.9174,1746.281,627.8237,2606.0606,836.0882,9370.7989,52.8926,268.3196,2.4793,536.0882,0.551,0.8264,335.8127,500.2755,15.427,19.5592,706.0606,174.6556,385.9504,0,7666.6667,115.978,304.9587,309.3664,231.405,55.0964,842.7961,155.3719
TCGA-EJ-7318-01,0.8,2137.8683,8161.1495,1.0913,117.861,328.8469,101.8552,1975.6275,902.8738,425.6093,770.8258,1122.2263,2109.8581,196.7988,890.1419,128.7741,76.7552,4.3652,59.2943,231.3569,1004.3652,8459.4398,58.5668,1481.2659,1332.8483,1491.4514,6664.2379,1434.7035,462.7137,188.0538,1144.4162,5821.7534,116.406,186.9771,506.366,751.546,12.3681,93.1248,143.3248,559.8399,19779.1924,21.4623,1257.1844,11503.092,6660.6039,1435.0673,112.4045,113.4958,1921.0622,353.2194,67.2972,893.9724,645.6893,1672.9429,206.2568,855.5838,1430.3383,136.0495,927.61,20.7348,320.8439,884.6853,1137.5045,637.3227,929.7927,1543.1066,913.7868,2147.3263,9168.4249,527.1008,2.1826,753.3649,155.8749,124.4089,749.7272,10807.6319,50.9276,300.8367,1367.4063,1152.7828,488.1775,561.295,1282.2845,1182.6119,3313.5686,1106.5842,1991.7497,4725.7184,2316.4787,1041.4696,56.0204,1945.0709,1077.119,1882.8665,252.0917,287.0135,1001.0913,575.482,1495.8167,526.737,67.661,3255.3656,471.4442,14.9145,450.7093,1349.2179,3.6377,46.5624,49124.0451,409.6035,453.6195,4840.7457,519.8254,1263.3685,32.7392,3.6377,14.187,42.5609,747.1808,2755.5475,367.7701,1331.3932,304.1106,117.4973,738.4503,74.5726,878.865,441.6151,22.9174,5058.203,6.9116,109.1306,151.6915,840.3056,26.3077,218.625,1218.9887,46.5624,623.8487,970.8985,20.7348,65.1146,8.3667,7252.0917,699.1633,161.1495,2820.2983,740.2692,5217.5336,873.0447,1883.9578,1283.3758,441.6151,204.0742,2242.6337,168.7559,2038.9232,291.0149,4.729,747.9083,356.4933,12.7319,154.9654,13.4594,133.1393,14.5507,1141.8698,817.0244,2838.123,2281.1932,2465.2601,883.9578,2543.1066,1664.9691,1849.036,1330.6657,41.4696,1132.7756,2220.08,2526.737,885.4129,316.8425,568.9342,840.3056,2643.2412,2251.3641,1643.5067,1088.7595,2549.2907,61.4769,41.1059,716.2605,312.4773,1851.9462,2343.0338,139.3234,81.1204,142.5973,1333.9396,500.5457,316.115,321.9352,16.0058,186.2495,125.1364,1921.0622,277.9192,614.0415,1191.3423,2057.4754,105.8567,146.9625,949.7999,14.2452,4085.8494,218.625,309.2907,662.0589,1827.9374,2037.4682,25.4638,796.2896,632.2299,423.0629,787.5591,65.1146,5566.3878,42.1972,32.0116,2457.9847,13.4594,322.6628,3058.5668,5131.6842,1.0913,1242.6337,2.1826,3594.398,1475.4456,1652.6009,514.4016,397.9629,68.7523,108.4031,5356.1295,259.0033,747.5446,4236.4496,410.6948,562.0226,20.371,30.9203,1457.621,3744.9982,1073.1175,40.7421,528.9196,175.7003,74.5726,37.4682,273.9178,85.1219,1223.3539,3.6377,2209.8945,37.1044,1.0913,25881.7752,6746.0895,221.5351,290.633,14.187,34.1943,404.5107,0,198.2539,491.0877,997.4536,1285.1946,1691.1604,3413.6049,6689.3416,97.49,328.1193,3.2739,641.3241,1.4551,3.6377,560.9312,412.5136,9.0942,94.9436,1946.1622,283.3758,186.2495,0.7967,4822.1171,163.6959,297.57,296.4714,292.8338,116.7697,342.6701,232.4482
TCGA-EJ-7788-01,0.666666667,3324.3402,5900.6284,1.3406,252.367,1150.5656,1177.3775,3729.535,1518.2237,1382.8236,3262.6728,707.499,1815.5006,369.3339,2045.0775,322.4131,232.5932,76.0788,63.008,595.2241,2165.3959,19636.0285,45.5802,698.7851,1432.4256,2739.8408,10789.0742,1077.8383,524.8429,1251.7738,3337.411,4730.6242,162.8823,270.8002,161.2065,307.3314,20.1089,50.6075,59.6565,740.6787,21462.2539,9.3842,474.2354,10352.0737,5256.1374,3014.9979,269.4596,133.7243,2630.5823,1016.8412,307.3314,3145.3506,633.7662,2246.9845,592.5429,1560.1173,1067.4487,157.5199,936.7407,25.1362,602.2623,1114.3695,1183.4101,1914.7047,993.0457,2287.8961,1222.2874,6315.5425,9935.819,176.2882,10.0545,2244.8261,1582.4181,496.0201,1902.3041,7139.3381,142.1031,754.0846,843.5693,3350.8169,1534.3109,96.858,1180.3938,2634.6041,6672.8111,1568.8312,2712.6334,3968.1609,1424.0469,1077.5031,17.0926,1679.4302,3166.8203,983.6615,782.2371,609.9707,2238.4583,922.3293,1134.1433,1133.1378,36.1961,2842.3963,1091.2442,131.7134,453.1211,1456.5563,59.6565,64.3486,29349.9791,411.2275,1083.871,3228.9803,1197.8215,930.3729,31.1688,6.703,36.8664,33.85,1938.5002,2593.0457,1277.9221,1100.9636,109.2585,129.7026,779.2208,44.9099,1578.5505,592.2078,491.6632,7908.1693,8.0436,290.2388,136.0704,593.2132,74.8152,242.6477,1898.6175,47.256,809.049,1809.8031,114.2857,149.1412,17.4277,2015.5844,1901.2987,523.5023,1891.5794,2642.9828,1998.827,1013.8249,4077.4194,2156.3469,779.2208,405.8651,2882.9493,129.7696,2052.1156,1031.5878,2.0109,1426.7281,688.3955,12.0654,163.5526,46.5857,237.2853,30.4985,2751.571,617.3439,6571.5961,4164.8898,2450.6075,546.2924,2331.9648,905.907,2207.9598,1474.9895,16.4223,2362.4633,1648.2614,7446.6695,1173.0205,354.5873,1431.7553,2085.9656,1107.6665,1819.1873,3291.8307,1815.5006,1520.9049,104.5664,56.6401,982.6561,401.173,1412.987,2569.5853,185.6724,260.0754,113.6154,1779.6397,601.9271,251.3615,3270.0461,17.0926,352.2413,138.0813,1882.1952,983.6615,2000.1676,862.3377,4327.7755,70.3812,216.1709,904.5664,97.4043,5918.0561,637.4529,735.1387,1640.2178,2194.2187,2569.5853,8.7139,1346.9627,780.2262,267.7838,854.9644,25.8065,4392.7943,67.0297,21.7847,1813.4897,103.561,530.2053,2386.2589,5449.8534,9.049,1811.814,0.6703,2595.3917,895.1822,1705.907,1042.3025,597.5702,24.801,237.9556,3927.6079,230.5823,1565.1445,3181.902,485.6305,657.5618,11.0599,282.5304,2034.0176,4934.3946,2030.331,49.2669,353.2468,156.1793,78.0897,64.3486,863.6783,201.0892,918.3075,40.553,3314.2857,40.2178,3.0163,12996.062,8613.6573,619.0197,197.8048,22.1198,70.7164,819.1035,1.0054,405.53,1189.778,3549.8953,525.178,2615.5006,2290.0712,6616.1709,165.8986,448.7641,4.3569,855.9698,3.0163,2.0109,324.424,585.1697,19.1035,62.0025,2592.7105,20.4441,154.5036,0,6458.3159,71.7218,217.5417,261.7512,217.8467,50.9426,591.8659,204.4407
TCGA-EJ-8474-01,0.733333333,2444.2994,5869.4517,1.7406,205.396,887.7285,341.6014,2714.0992,1292.8634,1258.4856,2107.4848,852.9156,1527.8503,482.1584,1145.7789,196.2576,63.9687,25.2393,39.5997,412.0975,1348.9991,11946.4752,73.107,986.0748,871.1923,2050.0435,7753.6771,1031.3316,425.1523,597.4717,2424.7171,4881.201,197.5631,291.993,462.5762,104.8738,8.2681,13.49,104.4386,658.8338,20188.8599,12.6197,586.1619,7335.074,4110.9661,2484.3342,260.2263,77.0235,1939.5126,790.2524,93.5596,1685.5527,901.6536,1950.7528,442.1236,1069.6258,989.9913,546.5622,835.5091,16.5361,562.228,990.8616,961.2707,1494.7781,794.1688,1822.4195,722.8024,3520.8877,15933.4204,809.3995,1.7406,1488.6858,573.6989,332.8982,1592.2541,6109.2254,90.5135,691.906,2151.436,2197.1279,1237.5979,143.168,1023.0635,2268.9295,6200.1741,1326.8059,2431.6797,2913.403,1527.4151,933.4204,20.4526,2273.7163,2605.7441,998.6945,590.5135,355.5265,1046.1271,793.2985,1207.1366,928.1984,0.4352,2395.9965,638.8164,46.9974,714.0992,1099.2167,29.5909,37.859,24259.356,458.6597,1218.886,4420.7354,697.9983,751.0879,16.9713,7.3977,40.0348,42.2106,1122.7154,2522.1932,576.1532,1962.141,303.7424,115.7528,439.0775,45.2567,1375.1088,397.7372,205.8312,8751.9582,18.7119,388.1636,453.0026,833.7685,33.329,211.4883,1567.8851,8.2681,965.1871,1398.6075,122.7154,92.6893,26.98,6227.154,1268.0592,909.4865,1891.6449,2003.4813,2597.9112,922.9765,3218.4508,1624.456,591.3838,375.1088,1412.0975,177.1366,2671.8886,585.2916,12.6197,1023.9339,768.0592,6.5274,328.5466,17.4064,233.2463,20.8877,2086.597,1471.2794,4643.6031,4194.9347,2834.9782,512.1845,2081.3751,1234.9869,1645.7789,1639.2515,37.859,1819.4082,956.0487,2645.7789,765.0131,160.1393,1100.9574,1761.9669,1205.3873,1538.2942,2964.752,1586.1619,1140.557,97.9112,57.0061,647.9547,150.5657,1205.8312,3282.8547,174.0644,221.0618,161.4447,1745.866,525.2393,317.6675,1345.953,9.1384,265.8834,469.9739,1577.4587,718.4508,1213.2289,634.4648,2879.8956,52.6545,165.7963,1510.4439,53.3246,4595.7354,372.0627,612.1976,1341.1662,2063.5335,2419.0601,9.5735,1420.3655,628.3725,235.4221,837.2498,26.5448,4339.4256,62.6632,49.6084,1760.6614,38.2942,931.6797,2544.8216,4865.5352,0.8703,1382.9417,3.799,2397.7372,834.2037,1808.094,855.3351,624.0209,29.5909,132.7241,4369.8869,223.2376,1281.114,3441.2533,421.671,527.8503,16.9713,356.3969,1747.6066,3945.1697,1513.9252,53.96,424.7171,100.087,160.1393,29.1558,407.7459,298.5205,960.4003,18.2768,5422.1062,50.0435,1.7406,10372.933,7068.3203,422.5413,394.9565,94.8651,49.1732,599.6519,0.4352,369.0165,1062.228,3483.899,745.866,2295.0392,1882.5065,6679.7215,142.7328,472.1497,0.8703,937.772,2.611,3.9164,302.4369,487.8155,16.101,77.4587,2670.148,95.7354,132.2889,0,3702.3499,80.0696,311.1401,286.7711,197.5631,147.9547,673.1419,83.1158
TCGA-EJ-A7NH-01,0.4,2746.5698,5782.4859,4.4391,200.9685,552.0581,666.6667,2803.8741,1567.3931,1133.5755,1673.1235,810.7345,1939.8709,405.1655,1554.4794,164.2454,97.6594,12.1065,60.5327,383.7772,1148.1033,11947.9419,20.5811,1319.6126,1489.1041,2499.5964,7130.6699,1208.2324,414.4471,1106.8684,2545.1977,5471.3479,123.0831,244.1485,1103.7127,1198.9508,4.0355,3.632,184.8265,799.435,18705.004,255.0444,883.3737,8139.2252,2568.6037,2112.9944,271.1864,73.4463,2507.6675,659.8063,257.0621,2278.6239,507.2639,1640.6659,395.4802,1353.5109,1283.6965,519.774,780.8717,27.4415,397.9015,821.6303,774.8184,1506.4568,755.0444,1555.6901,1145.682,3273.6077,7134.7861,682.0016,1.6142,1239.7094,533.9911,257.8692,1761.5012,8246.9734,187.6513,784.9072,1566.1824,2217.5141,827.6836,176.3519,871.2672,2087.1671,6370.8636,1021.3882,2459.2252,4127.5222,1788.1356,1431.3963,52.0581,1759.4835,2201.3721,1559.322,503.632,546.4084,1087.9742,1403.9548,1397.0944,1003.632,3.2284,2693.7046,560.5327,26.6344,1086.36,1913.2365,14.1243,46.4084,22865.2139,274.0113,575.4641,5107.611,861.5819,1044.7942,17.3527,14.9314,5.2462,43.9871,1221.5496,1681.1945,553.6723,1272.8006,173.1235,72.6392,681.5981,54.4794,1225.9887,440.678,164.6489,5804.6812,26.6344,201.7756,229.2171,513.7207,29.2333,324.0517,1403.1477,59.7256,650.7022,1194.9153,35.5125,137.611,6.0533,6396.2873,963.2768,793.3818,2107.3446,1962.4697,3574.657,737.6917,2636.4003,1286.1178,1176.3519,281.6788,1947.5383,310.9766,2770.3793,462.0662,2.0178,928.5714,809.5238,10.8959,121.4689,174.3341,194.1082,11.703,1537.1267,323.6481,4020.1776,2775.6215,2883.7772,555.2865,1899.9193,935.8354,1628.7328,1202.9863,64.9718,2253.0266,2909.6045,4707.0218,1107.3446,504.4391,840.5973,1853.1073,2641.8765,2581.9209,2320.0161,1595.2381,2730.0242,48.4262,13.3172,950.3632,424.9395,1424.5359,3110.9766,110.9766,112.9944,171.5093,1601.2914,610.9766,305.0847,703.7934,18.1598,181.1945,108.5553,908.7974,1119.4512,1072.6392,658.5956,4703.7934,103.7127,217.1106,1913.64,55.5811,4198.5472,435.0282,380.573,868.8458,2531.8805,2246.9734,15.3349,1120.6618,740.113,376.1098,1084.3422,66.9895,4407.5868,23.406,69.0073,2486.2793,46.0048,647.6998,2100.8878,7010.4923,8.8781,1422.1146,7.3204,2737.2881,884.9879,1525.4237,578.0872,1007.6675,26.6344,198.9508,5743.745,252.2195,1021.3882,3454.8023,335.7546,1718.7248,58.1114,94.431,1380.9524,2925.7466,1470.1372,68.6037,427.3608,125.5044,116.6263,23.8095,3532.2841,298.2244,4113.3979,30.2663,3397.9015,77.4818,1.2107,15303.4705,6585.1493,380.5488,342.2922,35.9161,47.619,579.096,0.8071,229.6207,808.3132,1581.9209,1138.8216,1456.4165,2123.8902,5200.565,60.9362,313.9629,5.2462,667.0702,9.2817,4.4391,823.2446,472.5585,7.6675,184.4229,2154.1566,16.9492,268.3616,0.8071,4970.9443,253.4302,609.7982,300.6457,401.937,98.8701,1370.6336,197.7401
TCGA-EJ-A8FU-01,0.3,3111.4684,5329.0461,3.7513,185.9593,647.91,392.283,2524.6517,1405.6806,1116.2915,1851.0182,892.8189,1823.1511,648.4459,1233.119,142.015,98.6066,21.9721,69.6677,460.343,1428.7245,9381.0289,69.6677,612.5402,1775.4555,2643.0868,8195.5359,1098.6066,402.4652,1059.9946,2176.313,5608.7889,86.8167,241.6935,1886.388,539.657,5.3591,51.4469,250.8039,1244.373,15946.4094,16.0772,642.015,8016.6131,3713.8264,2598.6066,277.5991,173.0975,2357.4491,621.6506,236.3344,2350.6913,683.2797,1424.791,524.6517,1270.6324,876.7417,651.6613,762.0579,36.4416,466.2379,1058.9496,858.5209,1498.9282,1144.1586,2016.9025,1677.3848,3843.5155,7542.8725,649.5177,2.6795,1383.1726,753.1565,304.3944,2802.7867,6959.8071,195.0697,786.1736,1554.6624,2467.3098,959.2712,520.3644,1217.0418,1976.9561,5482.851,1290.4609,2524.4212,3257.2347,1486.0665,1162.3794,114.1479,2173.0975,2304.3944,1247.0525,505.895,1100.7503,1334.4051,929.2605,1646.8382,924.4373,9.1104,3427.6527,559.4855,56.2701,968.9175,1704.716,13.3976,43.9443,19502.6795,323.687,562.701,5828.0975,1374.5981,1024.6517,13.9335,11.254,11.7899,44.4802,1029.4748,1811.3612,617.8992,1535.3698,209.5391,90.5681,667.2026,125.4019,1203.1083,944.8017,316.7203,3841.3719,31.0825,267.4169,351.0182,807.6099,30.6913,202.5723,2610.9325,33.7621,1082.5295,1115.2197,83.0654,198.821,23.0439,9781.3505,1215.4341,989.2819,1762.0579,1639.8714,2758.8424,851.0182,2889.0675,1326.9025,847.8028,515.0054,2061.6292,157.299,1217.0418,307.6099,4.8232,987.6742,1075.5627,15.0054,711.6827,71.2755,175.7771,29.4748,2697.2133,710.075,5198.2851,2987.1329,2414.2551,907.8242,2017.149,1054.6624,1683.8156,1494.105,107.717,1915.8628,2195.6056,6304.3944,949.089,303.8585,928.1886,2179.5284,1753.3226,2363.3441,2618.9711,1351.5541,1769.5606,47.1597,12.8617,1090.5681,408.3601,1530.0107,3053.5906,157.5563,206.3237,99.1426,1672.0257,755.0911,316.1844,1602.8939,62.1651,311.8971,327.4384,1154.8767,1135.5841,1012.8617,4023.5798,3112.0043,142.015,135.5841,4713.8264,38.5691,6430.8682,395.4984,375.5788,1171.4898,2278.671,2469.9893,19.2926,986.6024,613.0761,300.6431,931.94,101.2862,4127.0096,20.9003,59.4855,1694.5338,60.5573,662.3794,1566.9882,11758.3065,1.0718,1251.8757,3.7513,2875.134,1864.4159,1434.6195,818.7889,2453.9121,46.6238,404.0729,4934.6195,257.2347,1139.3355,3045.552,524.6517,3015.0054,36.9775,61.6292,1961.9507,3801.7149,1177.9207,78.7781,393.8907,115.5573,167.7385,21.4362,8736.8703,247.0525,19393.3548,18.2208,10643.6227,32.1543,2.1436,16834.9411,7439.9786,406.7524,231.6024,30.0107,46.6238,591.104,0,251.8757,1246.5166,1836.5488,775.4555,1981.7792,2613.612,4961.4148,110.3966,392.283,21.9721,791.5327,3.7513,5.895,633.9764,638.2637,16.6131,210.6109,2079.8499,77.1704,704.716,0.5359,4673.6334,202.0364,498.4298,294.2122,428.7245,219.7213,1396.5005,232.0472
TCGA-G9-6348-01,0.833333333,2466.8588,5607.4288,0.3202,122.9587,560.0384,131.284,1842.4592,835.0945,624.3996,1331.7323,893.692,1711.1752,550.1121,825.4883,238.2325,41.6266,10.5668,65.9622,341.3385,1464.9376,13722.3823,108.2293,648.7352,1112.7121,1458.5335,10027.5312,1117.8354,298.1108,580.8485,1435.4787,5373.6792,54.1146,207.4928,548.1908,113.3525,7.0445,3.8425,329.8111,433.5575,24120.0768,9.9264,815.562,7158.5014,4284.0218,2500.1601,186.0391,85.4947,1892.7313,429.715,125.5203,729.6222,845.9814,2059.3468,583.0932,800.8325,928.9145,762.7281,782.5809,34.5821,375.9206,995.1969,1284.0218,1128.082,899.7759,2941.7227,647.1342,2893.692,16634.0058,1100.2241,9.9264,1101.1848,519.8847,295.2289,959.9744,9651.617,227.3455,276.6571,1020.4931,2118.1556,754.4028,129.0426,552.6737,1516.8108,3881.5242,1281.7803,1538.2645,2783.5415,1647.4544,1046.4297,24.976,1910.3426,2123.5991,870.6372,350.9446,467.4992,1659.9424,545.6292,1485.7509,389.049,17.2911,2992.3151,427.7938,30.7397,1347.7426,1202.0493,6.7243,41.3064,31793.788,478.066,901.6971,5040.967,3872.8786,1440.602,22.4143,6.4041,25.9366,62.7602,976.625,3004.4829,742.8754,1157.861,171.95,112.7121,507.845,56.0359,1344.8607,1367.9155,75.2482,4222.5424,42.9075,339.4172,341.9789,843.0996,25.9462,120.0768,1487.6721,39.7054,767.8514,1481.9084,87.0957,101.505,14.4092,5754.723,947.4864,567.0829,2057.3167,979.8271,2822.2863,953.8905,3017.9315,2327.2494,522.8947,338.7768,1216.1383,290.237,2796.3497,329.8111,1.2808,690.3618,775.2161,6.0839,192.4432,83.2533,128.4022,11.8476,2399.936,1687.48,4756.324,3257.1246,2280.8197,1308.0371,2296.5098,1512.6481,1994.5565,2256.8044,92.5392,1187.3199,1275.3762,4845.9814,349.3436,186.6795,736.1511,2270.5732,1804.707,1438.0403,1942.3631,1513.2885,1942.0429,31.3801,14.4092,1199.4877,264.4893,1516.4906,3214.5373,139.6093,263.2085,124.2395,1736.1511,358.9497,282.4207,1046.7499,12.1678,122.9587,271.854,1715.9782,1184.1178,866.4745,795.389,2052.5136,98.9433,296.5098,2909.382,17.0253,12995.5171,332.6929,498.5623,1261.6074,2546.2696,1744.7967,28.8184,1063.4006,450.8485,217.4191,486.3913,161.0631,5819.7246,35.5427,48.0307,1686.5194,31.3801,536.3433,1951.3289,2804.3548,1.2808,1238.5527,9.9264,2864.8735,5549.4717,1773.9353,608.5014,6064.3612,37.7842,182.1966,4112.7121,175.7925,1464.9376,3660.903,749.2795,1153.058,36.8236,114.6334,1924.1114,3516.1703,1259.0458,54.755,352.5456,122.6385,66.9228,13.7688,3139.9296,337.1758,6835.0945,7.6849,3981.1079,54.4348,1.2808,31253.6023,7440.9222,256.1639,256.9036,102.4656,57.3167,783.8617,0,411.1431,1052.5136,1425.2321,680.1153,2014.4092,1706.3721,9410.5027,105.6676,346.1415,1.601,805.6356,0.9606,3.5223,171.95,332.3727,13.7688,68.5239,4560.0384,274.7358,197.8866,0.9606,6229.9071,28.178,372.0781,202.6897,238.2325,208.4118,1330.1153,225.4243
TCGA-G9-6494-01,0.966666667,2794.009,5866.229,2.8724,195.7325,1074.2716,635.6176,3821.5018,1396.7993,783.3402,2105.8679,731.2269,2078.7854,286.4177,1942.9627,193.6808,67.7062,6.9758,32.8272,375.0513,1369.3065,16489.126,9.8482,828.888,1608.1247,2147.3123,10239.6266,1167.419,405.4165,746.4054,2823.1432,3570.3734,100.9438,227.739,247.4354,920.8043,4.9241,64.4235,90.6853,773.9023,27700.8617,17.2343,611.4075,6013.9516,2862.1256,2784.1609,186.2946,49.2409,2106.2782,569.9631,151.826,2615.1539,1829.2983,1745.7489,361.9204,1351.2515,1233.8941,120.2298,699.2204,27.4928,481.7398,956.5039,869.922,1813.295,1189.9877,1929.0111,569.5527,4690.1929,8285.1867,966.3521,14.3619,1430.0369,600.952,306.5244,2217.8908,7027.9032,125.9746,663.9311,1720.1477,2900.2872,754.6163,27.4928,817.8088,2045.5478,3939.2696,1606.073,3397.3574,4207.222,1590.4801,1311.4485,31.5962,1550.6771,3698.3997,964.3004,337.7103,468.6089,934.7558,725.8925,1020.517,926.1387,0.4103,2899.8769,471.4813,96.8404,1092.737,1583.094,11.0792,28.7238,32109.9713,280.2626,575.2975,3886.3685,771.4403,885.1046,32.4169,9.4378,37.341,43.4961,972.5072,2113.254,339.762,1471.8917,96.43,57.0373,331.1449,44.3168,1647.9278,585.1457,132.54,9424.7025,16.0033,164.5466,133.771,528.929,17.5339,196.1428,1212.5564,40.2134,491.1777,1249.4871,40.2134,76.3233,4.5137,4676.6516,1285.1867,433.73,1903.9803,1417.7267,2550.6771,924.9077,4185.8843,1389.0029,340.1723,247.025,3207.6323,118.3463,2097.2507,803.8572,0,973.3279,522.3636,5.7448,127.6159,41.0341,157.9811,12.7206,1548.6254,901.9286,4569.1424,4749.6881,2384.8092,410.3406,2031.1859,1185.8843,1796.8814,1031.5962,4.9241,2172.7534,1841.6085,3923.6767,1154.6984,237.9975,562.5769,1372.5892,890.078,1721.7891,2109.5609,2535.4945,1834.6327,104.6368,6.9758,543.2909,478.8675,1915.8802,4457.9401,150.1847,151.826,67.2959,1565.4493,473.9434,183.0119,1003.6931,38.572,315.9622,121.4608,1257.6939,641.3623,1723.8408,590.8904,5409.1096,49.2409,234.7148,4124.7435,23.1268,5567.0907,169.4707,568.0181,1586.787,2332.3759,2965.1211,7.3861,1446.0402,558.4735,211.7357,464.0952,173.9844,4826.4259,25.0308,58.2684,1971.2762,20.517,628.2314,817.8088,6461.2228,0.4103,1301.19,0,3764.4645,1613.4592,1931.8835,571.0259,780.4678,34.4686,177.2671,3627.4108,261.7973,1005.7448,3173.9844,762.0025,1103.8162,10.2585,24.6204,1428.3956,3673.7792,1694.2963,82.4785,471.071,77.9647,94.3783,7.7965,4118.5884,131.309,8628.6418,19.286,3585.9664,49.2409,1.231,11231.8424,8013.9516,480.9192,236.7296,15.1826,33.2376,535.4945,0.4103,270.8248,755.0267,2881.4116,848.9947,2381.2064,1448.0919,9548.215,147.3123,327.0414,0.4103,725.4822,2.0517,0.4103,613.0488,383.2581,11.4895,48.4202,3703.7341,86.5819,180.1395,0.4555,4371.3582,562.9873,285.1867,231.0217,221.5839,52.1133,1096.8281,212.1461
TCGA-HC-A631-01,0.833333333,2811.1588,6447.3057,1.4306,114.4492,592.2747,353.3619,2981.402,1082.0219,822.1268,1946.1135,1033.381,2418.2165,137.3391,1707.2008,338.5789,131.6166,31.9504,12.3987,359.0844,1382.928,8994.7544,3.815,634.7163,1451.1206,1792.5608,11030.0381,1143.0615,279.4468,818.784,862.6609,9052.4559,160.7058,186.4568,364.8069,140.2003,3.3381,311.3972,15.2599,631.3782,22660.4673,14.783,678.5885,11506.9146,4605.6271,1842.6323,161.6595,72.0076,2038.1497,719.5994,17.1674,1304.9356,933.7148,1935.2361,505.0072,860.2766,1569.3848,626.1326,884.597,15.7368,721.03,1000.4769,1059.1321,1669.051,1269.9094,1547.9256,548.8794,3742.9661,11711.4926,516.4521,4.2918,1483.5479,230.1288,298.9986,1179.3038,8530.7582,30.0429,138.7697,214.5923,2204.578,1251.3114,52.4559,802.5751,2152.1221,6380.5436,1125.8941,1856.9766,4313.7816,1793.0377,1023.3667,21.9361,1413.9247,3466.3805,1536.9576,484.5017,185.5031,1121.1254,637.5775,1763.4716,1545.0644,10.968,3083.4526,735.8131,41.4878,936.0992,1257.5107,20.9824,9.0606,21395.3267,558.4168,945.6366,4921.464,190.2718,1011.9218,58.6552,1.4306,6.1993,12.8755,1082.4988,2678.5885,266.0944,1894.1345,222.2222,71.0539,204.1011,10.4912,862.6609,238.4359,27.1817,3979.9714,31.4735,131.1397,232.7134,648.5455,50.8918,242.2508,464.9499,10.0143,1054.8402,1537.9113,25.7511,40.5341,2.8612,3300.9061,1089.175,185.5031,1946.5904,1227.9447,3238.9127,447.7825,3632.8088,1394.3729,670.9585,242.7277,1111.1111,122.2556,2731.0443,553.1712,2.8612,1141.6309,765.3791,0,30.0429,0.4769,192.6562,6.1993,975.6795,319.5041,5295.6605,4415.3553,3494.0391,568.908,2323.319,1429.1845,1701.4783,1727.2294,34.8116,1212.2079,1612.3033,6311.8741,855.5079,164.9976,1204.578,656.6524,1725.2551,1583.691,3945.6366,896.5188,1722.9375,138.7697,44.8259,443.4907,268.0019,1631.3782,2553.6481,132.0935,77.2532,151.6452,1652.8374,464.9499,332.3796,252.2651,7.6299,186.4568,107.2961,587.506,281.8312,1618.9795,298.9986,1086.3138,89.6519,91.5594,2211.731,44.516,5001.9075,401.0491,414.454,1335.2408,2444.9213,1778.2546,4.2918,1910.825,585.1216,359.5613,607.0577,279.9237,6390.0811,43.8722,63.4239,1737.7206,12.3987,527.4201,1357.1769,4652.3605,0.4769,1465.9037,1.9456,2471.6261,474.0105,2122.0792,965.7463,3885.0739,4.7687,69.6233,4145.4459,217.4535,1125.4173,4941.3448,432.0458,1417.2628,46.7334,177.3963,2546.0181,4292.3224,1960.8965,86.3138,392.9423,95.3743,105.8655,82.4988,15874.5827,51.5021,8181.6881,30.5198,1269.4325,24.3205,0.9537,8956.1278,8370.0525,322.8422,343.7148,48.6409,22.413,34.8116,0.4769,262.2794,578.9223,1371.9599,827.3724,2373.8674,3021.9361,7927.9924,107.2961,285.6462,2.8612,767.7635,2.3844,6.6762,165.4745,381.9742,6.6762,9.0606,4742.4893,3.3381,406.7716,1.9075,6249.4039,45.3028,327.134,292.3224,571.7692,120.6485,1244.1011,128.2785
TCGA-HC-A8CY-01,0.6,4411.8291,7821.9655,4.3812,178.0345,748.7802,673.5039,3102.2603,1310.7637,1078.9605,1648.9097,587.4739,1999.4026,464.4031,2233.9938,374.3901,31.4647,21.1092,113.5119,343.722,1319.1278,8475.5551,20.3127,1085.3331,1260.9778,3537.5884,8987.7128,1368.9137,483.5209,643.5726,2529.5231,6474.1611,243.7519,249.3279,153.3406,1644.1302,10.7538,4.7794,115.105,729.2642,15923.9271,16.3298,837.9966,4067.7089,3758.2396,2219.2572,212.2872,150.5526,2463.0091,830.4292,77.2677,2618.0743,1266.1555,1914.1731,468.7842,901.3243,1216.7679,198.7454,938.7633,13.9401,588.6687,1283.2819,1099.2731,1236.6823,1088.1211,1335.8558,975.0075,4603.4054,7669.0232,145.7732,6.3726,1194.4638,164.1183,325.7991,1190.8792,7511.3014,166.0858,1153.0419,1578.4128,1589.1666,980.1852,56.9551,876.2322,2042.0193,5506.7211,1137.5087,2500.7946,5004.4807,1759.2353,1337.0507,37.8373,1763.6164,2288.9575,1437.0208,510.2061,535.6965,133.028,1324.3055,1793.488,1076.969,0.7966,3461.1172,747.5854,184.0088,972.6177,1671.2138,7.9657,76.4712,26840.5855,346.51,605.7951,5746.0679,311.859,730.459,11.9486,9.5589,163.6961,88.4198,1368.5154,2594.8422,638.8529,2157.5227,385.9405,70.0986,524.9427,59.7431,1170.9649,1131.1361,54.5654,11332.0721,14.3383,88.0215,95.1907,555.6109,47.683,556.4074,857.1144,31.863,835.8538,1731.3552,37.439,163.2978,64.5226,13707.0596,1598.3272,142.9852,2198.148,1858.8071,2310.8633,1125.5601,2755.7503,1145.8727,781.8381,112.7153,1663.6463,142.8258,1789.9034,636.0649,1.9914,1394.0058,466.3945,7.1692,105.5462,8.7623,225.0324,19.1178,725.2813,909.6883,2368.615,6874.0257,3306.98,329.7819,2280.1952,1062.2324,1578.8111,1149.059,62.9294,2824.654,1585.582,2339.1417,1230.708,237.7776,616.1506,669.5211,1691.5862,2418.7992,3169.5708,749.9751,1627.8005,42.2185,18.7195,336.5528,252.1159,1471.6718,5924.1263,193.9659,158.1201,193.1694,1876.3318,740.0179,285.572,321.0196,9.1606,327.3922,127.452,1163.7957,142.5869,1484.417,626.9043,5066.2153,50.9808,428.5572,2802.7482,70.8912,5442.5968,345.7134,402.6446,2455.0433,2285.7712,3198.2475,32.6596,1461.7146,608.1848,148.5612,881.0116,18.3212,3641.1431,29.8716,23.8972,2586.8764,21.1092,642.0392,796.5747,5810.2161,0.7966,1453.3506,0.7966,2682.8637,871.4528,1932.4903,1005.2853,904.1123,4.3812,70.4969,5005.6756,165.2893,1013.2431,4469.9791,544.8571,782.2364,13.5418,52.5739,1219.1576,3578.2137,1494.7725,21.9058,494.2746,90.0129,150.5526,21.1092,377.5764,62.5311,726.0779,23.8972,4837.5983,83.2421,1.5931,20602.2105,7817.9827,509.0113,317.3394,24.2955,97.5804,572.7372,0,275.2166,1131.1361,3344.0207,914.4678,2213.2829,1278.1042,10306.4821,72.4883,495.8678,8.7623,1049.4872,4.3812,3.1863,1008.0653,434.9298,23.8972,27.8801,1571.2437,82.0472,87.6232,0.3983,3366.7231,494.2746,350.8912,294.7326,175.2464,24.2955,990.688,59.7431
TCGA-J4-A83M-01,0.766666667,3203.6275,6714.3309,0.8436,256.0371,551.3023,542.0226,3523.3576,2167.2467,965.5172,1464.5154,1147.3163,1902.3516,429.4,1922.5983,156.4906,61.5839,11.8106,77.6126,367.8161,984.4986,16191.0788,52.7259,1084.8887,1492.7765,2698.724,7311.1041,1368.7652,483.8131,693.017,2337.2351,7118.0006,132.0257,251.3972,533.1646,881.1558,5.0617,8.4361,143.8363,883.2648,15360.5399,45.5552,597.2793,8423.4947,4098.2811,2078.2453,134.1348,107.1391,2516.5032,789.6235,90.6886,2561.5733,574.9235,1257.0031,477.486,1302.5414,1246.8628,324.7917,882.4212,22.7776,461.4573,1049.8787,1173.0465,1018.2432,1181.9045,1871.1378,1383.1066,4378.3613,7848.1493,366.9725,2.9527,1168.4066,271.9857,233.2595,876.0941,7264.7896,91.1104,590.5304,1569.1237,1486.0276,498.1546,223.5579,1834.8624,1875.3559,5194.5587,1263.3133,2496.2818,4785.4055,1663.1868,1130.0221,32.4792,1850.4693,1808.2885,1467.4681,453.8648,623.4314,2043.2353,1275.9675,1491.5111,892.5446,57.7876,3365.1798,616.6825,35.4318,1008.5416,1920.4893,7.1707,25.3084,35055.1513,418.0112,957.9247,4828.4551,719.1817,811.9793,13.076,4.6399,29.5265,32.4792,1216.9145,2173.152,542.4444,1327.0062,78.878,102.4992,355.5837,48.9297,1250.6591,525.5721,111.3572,9619.3188,11.3888,165.3485,183.908,783.2964,25.1102,258.568,1235.474,35.01,874.1327,1351.4711,70.4418,110.9354,15.6069,51658.336,1244.332,283.4546,2466.3081,1752.6099,2902.8788,955.3939,2328.7989,1394.9172,1050.7223,187.7043,1899.8207,129.2924,6821.0482,474.5334,3.7963,1142.6764,966.7827,6.7489,131.6039,45.5552,170.832,8.4361,1205.1039,1393.6518,2740.483,2472.6226,2392.9136,977.7497,2409.7859,938.0998,1372.5614,989.9821,49.7733,2594.1158,2394.6009,5389.8555,1070.1255,188.9697,1263.3133,876.5159,2822.9126,2724.4543,2680.5863,1295.7925,2394.1791,21.934,13.4978,534.8518,361.0672,1729.4105,2897.8171,124.4332,154.8033,98.7029,1596.963,1186.5443,274.5966,512.0742,6.7489,231.5723,271.2222,1099.652,284.72,979.0151,1953.3903,5212.2746,129.0731,137.0874,1859.749,64.3256,11066.1183,409.1532,381.8117,1040.1772,1860.1708,2968.6808,14.7633,905.6206,768.955,354.7401,1146.0508,20.2468,3856.5855,17.7159,32.4792,1917.5366,52.7259,619.6351,5329.1153,4485.9222,10.1234,1924.2856,2.1386,2831.5934,1877.4649,1448.065,809.3557,1386.4811,42.1807,164.5049,5121.1642,197.4059,875.6723,3514.0778,374.9868,444.585,33.7446,124.855,1402.9316,2984.2877,1269.2186,42.1807,408.3096,121.9024,226.0888,9.7016,519.245,107.1391,2547.2952,9.7016,12445.0069,36.6972,1.2654,13876.1995,4737.3194,384.2666,375.7714,31.2138,47.2424,539.0699,0,266.5823,608.6681,2398.3971,792.1544,1900.2425,2951.8085,7547.4006,250.5536,386.3756,6.3271,701.8876,2.109,4.2181,981.5459,697.2477,16.0287,18.5595,2360.0127,22.3558,430.6654,0.4218,7460.9301,558.8949,480.4387,270.8004,180.9554,98.7029,802.1681,173.7847
TCGA-KK-A7AP-01,0.7,4361.7714,7991.7152,3.1561,149.9162,547.194,526.2846,2618.0097,1606.0755,274.9778,1526.7778,1471.5455,1950.4882,675.8063,2272.0189,238.6823,28.7997,11.0465,26.4326,195.68,835.1908,6137.8834,55.2323,1316.1061,1911.0366,3723.4441,5808.0402,1424.9926,533.7805,472.9697,2224.2825,3922.6748,138.4752,242.233,84.821,1018.6409,0,104.1523,56.8103,673.8337,20369.2672,22.8819,1273.8929,1592.2675,4425.683,1778.0846,128.6123,23.2765,2685.0774,473.814,17.3587,3199.9211,1075.4512,1323.0417,178.3213,1153.1709,1904.7243,97.051,878.9821,30.3777,723.5428,1250.6164,824.1444,684.8802,1433.2774,1010.3561,235.1317,2155.6367,25834.895,115.9878,7.1013,1176.0529,78.1339,228.0304,588.2237,7197.554,31.5613,1553.2104,1621.8562,2017.9505,476.5756,127.8233,545.6159,1703.9156,6930.4665,1186.7048,2335.0981,5326.3635,1555.972,890.4231,41.4242,2444.817,3625.2096,1668.8036,377.1575,160.9626,1405.6613,1517.3094,1969.425,1149.2258,3.1561,4027.6161,504.9808,22.0929,574.8101,1640.793,7.4958,23.671,21056.1199,293.9146,512.4766,7505.0202,183.0555,1104.2509,17.3587,3.9452,7.4958,4.7342,557.4514,3330.9005,74.5636,2377.7493,318.7691,73.38,274.9778,44.1858,981.1619,155.8339,23.671,10576.5855,36.69,59.9665,142.8149,343.6236,16.8222,507.7424,431.6007,54.4432,1481.4676,1652.6285,16.5697,31.9558,1.1835,2599.0729,1313.739,108.492,3023.1778,1681.8227,3877.3055,401.6175,2119.7357,1233.2577,878.9821,94.6839,897.9189,160.7456,5002.8602,89.5552,1.5781,1528.7504,499.8521,1.5781,46.1584,5.9177,208.6991,5.9177,842.6867,1343.7223,4780.7476,4673.3919,2324.4896,367.6891,1737.0549,801.2625,1685.7678,1184.3377,14.2026,1233.2577,1588.3223,2041.6215,1286.9119,778.775,50.8926,278.5285,2614.0369,3165.9927,2812.9007,2199.0334,1553.2104,54.0487,16.5697,280.8956,374.7904,1757.5698,3784.9887,181.4775,139.6587,90.7387,1532.301,947.624,322.7143,153.0723,3.1561,283.2626,225.47,1205.6416,213.4333,1154.3545,284.0517,5582.0101,84.4265,119.5384,4635.5656,69.6084,4584.673,407.5353,530.3797,1726.7975,1472.7291,2556.8597,4.7342,758.2602,808.7583,316.7965,1025.7422,30.7723,3897.8203,7.1013,32.7448,3180.1953,14.5971,513.6601,1128.3164,4843.4757,8.2848,1466.4168,2.7616,2150.5079,533.3859,989.4467,1020.8265,792.1886,39.8461,50.8926,4438.702,224.8742,1195.3842,3719.8935,177.1378,727.0934,9.8629,67.4623,2237.696,4800.0789,1205.6416,44.1858,561.0021,103.02,132.1629,16.1752,215.0113,44.5803,1819.9033,43.7913,1528.7504,2.7616,0.3945,6702.4361,7734.8851,409.5078,333.1847,21.6984,18.1477,439.8856,0,218.562,877.0096,2469.277,1164.2174,1219.4496,896.3409,12590.1963,46.5529,750.3699,0.789,748.3973,6.3123,1.9726,469.4743,256.4355,9.4684,4.7342,2428.6419,13.4136,756.6821,1.6964,9292.0406,335.7333,404.174,287.9968,252.0959,39.8461,351.2141,70.2239
TCGA-KK-A7B3-01,0.733333333,2890.6789,5869.5819,4.603,123.13,439.2021,206.7511,1581.8949,1453.0111,778.2892,1283.4676,867.664,1761.028,367.4722,1270.8094,160.7211,80.5524,13.809,110.8554,381.6647,965.4776,16662.0637,164.557,1133.1032,1674.3383,1931.7223,8643.9893,1424.626,635.5965,350.8861,1758.7265,5193.3257,79.7852,236.6705,430.7633,1629.0756,17.6448,276.5631,113.1569,560.0307,29792.8654,17.6448,998.0821,8738.7802,4647.104,1887.6103,162.2555,215.957,2435.3663,462.6007,148.4465,1601.3962,830.4565,1477.453,375.5274,1165.7077,1443.4216,293.8243,695.8189,20.3299,332.9498,744.9175,962.4089,922.5163,411.2006,1263.1109,950.5178,2371.308,9650.9398,295.3586,4.603,1054.0852,625.9455,233.9854,951.6686,9006.1373,136.939,432.2977,593.0188,1529.3441,806.2908,71.73,761.4116,1710.0115,5567.3188,1609.8964,2148.0629,4516.3023,2275.7959,1378.9797,67.127,1581.1277,2793.6325,1617.9517,543.9202,764.8638,2518.9873,996.5478,2065.5926,897.1998,14.1926,3995.7806,745.3011,20.3299,826.2371,1769.8504,6.5209,92.827,50713.0802,397.7752,804.7564,4170.2608,1691.5995,888.3774,31.8374,9.9731,25.3165,61.7568,761.7952,2442.6544,180.6674,827.0042,141.9256,64.8255,912.9267,143.8435,1294.5915,1057.1538,69.812,3806.2908,56.0031,334.4841,423.0917,621.4039,44.6682,286.5362,1502.4933,108.9375,1135.6732,1225.9302,54.0852,189.8734,22.2478,3631.3771,1077.4837,502.8769,2563.4829,1192.9421,3781.3579,939.0104,2186.8048,1214.0391,1140.7748,278.481,1326.8124,318.5577,1327.196,712.313,4.603,1200.2301,665.8995,4.9866,133.8703,44.8792,175.6809,29.9194,2881.8565,841.9639,3618.3353,2512.85,2735.7115,917.9133,2199.463,1125.8151,1615.6502,1097.8136,45.6463,1445.7231,2431.9141,4274.2616,1347.5259,538.5501,544.6874,1655.9264,3735.2934,2051.4001,2482.547,1360.5677,2054.0852,49.8657,36.0568,976.985,480.2455,1503.644,3565.4008,79.018,196.0107,144.2271,1493.6709,774.4457,340.6214,846.5669,59.8389,346.3751,119.6778,1001.5343,670.5025,1377.0618,2640.583,2197.5451,116.9927,96.6628,630.2263,47.3034,4886.4595,397.0081,281.4499,843.4983,2251.6302,2452.6275,28.0015,1270.0422,566.5516,356.3483,838.8953,77.4837,5060.2225,13.0418,81.3195,2172.2286,14.9597,380.1304,2589.183,4420.023,7.2881,1379.3633,10.9935,2811.2773,1066.7434,1431.9141,547.4147,590.3337,28.7687,158.4196,4903.7208,262.3705,1098.1972,4006.5209,350.5946,782.125,34.5224,29.5359,3525.5082,3209.4361,2140.7748,49.8657,355.9647,133.1032,274.5685,23.7821,571.5382,202.1481,2252.3974,19.1791,2699.2712,80.5524,1.9179,26853.0878,7915.9954,321.4423,371.7146,86.3061,123.8972,608.7457,0.3836,188.7227,978.5194,1337.5527,975.0671,1453.0111,2784.4265,6081.3195,239.3556,357.499,13.0418,811.2773,30.303,8.8224,327.5796,590.3337,33.7553,23.3985,3808.5923,35.6732,322.2094,1.1507,4831.2236,191.0242,534.3613,288.0706,220.1764,105.8688,602.0292,105.1016
TCGA-M7-A71Y-01,0.366666667,2148.8266,5876.3595,1.7172,135.6611,461.9347,173.4402,2011.4482,1017.7447,613.0509,1199.771,921.5799,1803.091,1112.7647,1533.486,119.6337,69.2616,10.8758,66.972,274.7567,949.6279,7788.2084,29.1929,866.0561,1614.1958,1902.1179,8160.83,1249.5707,311.9634,464.2244,1263.8809,7176.8746,66.972,229.5363,1225.5295,989.6966,8.0137,119.6337,547.2238,674.2988,19914.7109,17.1723,1121.9233,8144.8197,2917.573,2266.1706,227.8191,97.3097,2242.1294,568.403,317.1151,1010.0458,571.265,1063.2169,352.0321,1174.585,1121.9233,535.2032,808.2427,37.779,354.8941,912.9937,853.4631,1087.0063,628.506,2266.1305,894.6766,2745.85,9220.3778,343.4459,1.1448,973.6691,538.1969,194.0469,1596.4511,9476.245,70.4064,541.4997,1491.1276,1572.9823,575.8443,88.7235,914.1385,1587.2925,5148.2541,1176.3022,2160.8472,3358.3286,1530.6239,1083.5718,54.3789,1957.0693,1978.8208,1353.7493,358.901,433.8867,1388.0939,718.3744,1946.1935,895.8214,22.324,3095.02,502.0034,35.4894,773.3257,1668.0023,7.4413,26.3309,28977.1036,276.474,579.8512,4828.4316,1009.731,1822.5529,25.186,9.1586,17.1723,37.779,885.518,2323.4116,297.0807,1517.4585,223.8122,77.2753,539.2101,39.4963,1217.5157,382.9422,38.9239,4076.1305,36.6342,91.0132,543.7894,942.759,21.8546,164.2816,1597.0235,17.1723,789.3246,1243.2742,26.3309,92.158,5.7241,2856.3251,799.0841,238.6949,2483.6863,1129.3646,2981.1105,878.6491,1636.5197,1191.7573,826.5598,325.7012,1650.2576,272.1523,872.925,688.0366,1.7172,618.2026,625.644,3.4345,128.2198,64.1099,169.4333,12.0206,1394.3904,930.7384,4868.9181,2538.0653,2748.1397,920.435,2511.162,1357.7562,1982.2553,1634.8025,100.1717,1648.5404,2254.7224,4195.1918,765.8844,751.5741,1154.5507,1512.8792,2379.9084,2398.3973,2153.4058,1052.0893,2272.4671,36.6342,16.0275,1010.3034,324.5564,1138.5232,3850.601,115.6268,147.6817,127.6474,1407.5558,411.5627,334.8598,778.4774,42.9307,178.5919,184.316,1290.2118,261.0189,744.7052,4422.4385,3179.7367,143.1025,112.1923,3026.9033,18.8895,4653.692,378.9353,348.4087,789.3532,3721.8088,2275.9015,13.7378,851.7459,619.9199,338.2942,881.5112,116.1992,5231.2536,21.7516,66.3995,2180.8815,20.6068,501.431,1840.2977,10436.7487,5.7241,1330.8529,5.2948,2772.1809,1310.2461,1708.071,772.2152,1080.1374,103.0338,420.1488,5587.2925,230.6812,1092.158,4009.1586,318.2599,623.3543,185.4608,65.2547,900.9731,3753.8638,1261.0189,47.51,452.7762,166.5713,140.2404,26.9033,6631.3681,57.8134,8801.9462,6.8689,4755.0086,58.3858,0.5724,13479.6795,7724.6709,266.1706,304.6193,23.4688,34.3446,476.8174,0,238.1225,681.1677,815.1116,1175.7298,2108.1855,3127.075,8329.7081,75.5581,368.0595,2.2896,835.146,4.0069,3.4345,389.2387,460.2175,16.0275,33.1998,4184.316,20.0343,302.8048,0.5724,9045.7928,122.4957,426.474,365.1975,615.913,141.3852,921.0074,196.909
TCGA-SU-A7E7-01,0.5,2606.1947,4855.7522,0.885,239.823,799.115,815.9292,3403.5398,1531.8584,947.7832,2129.2035,762.8319,1949.5575,756.1947,1754.4248,258.4071,107.0796,24.3363,119.9115,433.6283,1237.6106,16407.5221,37.1681,666.8142,2404.4248,2469.469,9977.3451,1296.9027,542.0354,1111.9204,2604.8673,7478.7611,105.3097,280.0885,806.1947,392.9204,8.4071,172.5664,204.8673,665.9292,16042.0354,20.354,570.7965,6669.9115,2556.1947,2307.0796,275.6637,186.2832,2853.5398,817.6991,142.4779,2795.208,1078.7611,1808.7478,527.8761,1579.646,1203.0973,543.8053,826.5487,16.8142,446.9027,1016.3717,1015.4867,1826.1062,1166.8142,2206.1947,1402.2124,4468.1416,7561.0619,698.2301,10.6195,1571.6814,421.3407,357.5221,1564.6018,6558.8496,299.5575,879.646,853.0973,2315.4867,965.9292,136.2832,1088.0531,2336.7257,6249.5575,1120.354,2334.6549,3919.469,1548.2301,963.2743,57.5221,1503.0973,2619.9115,1188.0531,759.7345,1796.0177,1194.2478,936.2832,1524.3363,1128.3186,16.3717,3099.5575,781.4159,77.8761,1330.0885,1878.3186,5.7522,54.4248,29657.9646,377.8761,811.0619,4640.3407,802.2124,862.3894,19.0265,16.8142,73.0088,79.2035,1412.8319,1892.0354,517.6991,1735.3982,111.0619,109.292,726.5487,77.4336,1430.531,1665.0442,141.1504,5446.4602,31.4159,237.6106,373.4513,1011.5044,21.5398,246.0177,1084.9558,29.646,896.4602,1675.2212,76.5487,173.0088,42.4779,24005.7522,1574.3363,325.6637,1900.4425,1598.2301,2447.3451,1072.5664,2909.7345,2080.9735,1110.177,238.0531,1924.7788,237.0398,3436.7257,718.1416,0.885,1307.5221,940.2655,9.7345,219.469,44.6903,173.8938,19.9115,1536.2832,1056.1947,5392.9204,3124.3274,3213.6416,792.4779,1688.9381,1035.8407,1526.9912,889.3805,75.2212,2438.0531,1991.5929,6362.3894,1044.6903,275.2212,940.2655,1470.7965,2110.4204,2223.0088,2906.1947,1361.5044,1918.5841,61.0619,15.0442,803.5398,607.9646,1780.9735,3143.3628,262.3894,127.4336,45.1327,1516.3717,952.2124,339.3805,715.9292,13.2743,273.0088,254.4248,1022.5664,489.823,1445.5752,1397.7876,3332.7434,180.9735,145.1327,2253.9823,62.4646,11076.9912,328.3186,515.1327,1075.2212,2678.7611,2500.4425,33.1858,1277.8761,446.4602,253.0973,812.8319,51.3274,3446.9027,15.9292,57.0796,2385.3982,63.2743,641.5929,3792.4779,8014.6018,0.885,1535.8407,8.4646,2358.4071,2519.0265,1679.646,821.0354,3765.4867,29.646,162.3894,4544.6903,225.2212,1192.4779,2949.5575,548.2301,1223.0088,44.2478,155.7522,2808.8496,4075.6637,1309.292,46.4602,332.3009,127.4336,157.469,19.9115,2533.1858,166.8142,6190.2655,13.7168,17872.5664,45.5752,0.4425,20094.2478,7719.9115,542.9204,200.6327,34.5133,85.8407,576.5487,0.885,241.1504,1009.7345,3269.0265,743.3628,2094.6903,2491.1504,7284.0708,92.9204,400.885,2.6549,823.8938,3.5398,13.7168,515.0442,664.6018,15.4867,23.0088,3136.2832,63.7168,426.1062,1.3274,7550.4425,284.5133,374.385,301.7699,291.5929,90.708,2140.2168,135.8407
TCGA-YL-A8SC-01,0.666666667,3677.9901,6861.6419,1.4154,151.4508,570.7714,1769.6391,3361.9958,1519.1083,1322.3638,2047.063,737.7919,2330.1486,255.1309,2083.1564,254.7771,173.581,33.9703,92.7105,549.1861,1173.39,10389.5966,21.5853,694.9752,1766.4544,1927.8132,8760.3822,1250.8846,306.7941,644.3631,2688.6058,6478.7686,133.758,265.3928,146.4968,395.6122,8.8464,22.293,91.2951,523.7084,20748.4076,16.2774,857.7495,6712.3142,2425.69,2163.482,340.0566,161.005,3012.385,956.8294,160.6511,3027.0488,779.9009,2158.2343,315.2866,1369.0729,1646.143,226.4685,937.7212,21.9391,364.4728,591.2951,1429.5824,1799.3631,1516.9851,1418.528,895.6122,3590.9413,9099.7877,550.6016,13.0927,1330.5025,285.8457,349.2569,685.0672,6904.1047,153.9278,2285.2088,1306.4402,2282.0241,839.7028,145.0814,1145.4352,2082.0948,5441.9674,1322.0099,1985.23,4136.235,1552.017,381.8117,42.4628,1529.724,2931.7056,1262.5619,401.6277,574.6638,145.0814,1661.3588,1768.5775,1078.9101,2.8309,4141.5428,901.6277,88.1104,546.3553,1985.8457,23.3546,81.3871,23126.6808,588.4643,701.6985,5132.4982,466.7374,1376.5039,39.632,26.1854,34.3241,33.9703,1560.1557,2560.5096,148.2661,1212.6681,313.1635,116.0651,885.3503,107.5725,1123.85,750.1769,59.448,5949.0446,5.3079,151.8047,231.7764,524.4161,40.5697,756.1925,667.0205,17.339,935.9519,1726.4685,32.5548,142.9582,25.8316,2312.8096,839.7028,505.6617,2004.2463,2200.2831,2495.7537,982.661,3074.6638,1240.6228,661.005,179.7594,2170.2052,119.0587,2096.2491,401.2739,4.2463,1489.3843,553.7863,6.7233,29.724,12.385,179.7594,28.6624,1722.5761,1232.8379,5799.3631,3614.2958,2441.2597,523.3546,2200.2831,752.6539,1814.2251,1148.62,17.6929,1592.7105,2721.1607,6655.3432,1002.8309,784.8549,242.7459,814.2251,2527.9158,2140.8351,2949.0446,1693.9137,1710.5449,115.0035,55.9094,659.5895,635.5272,1781.6702,2371.196,180.1132,133.4041,119.9575,1669.8514,860.9342,315.9943,452.5832,4.954,378.9809,127.3885,1299.0092,988.3227,1482.3071,522.293,2348.5492,69.0021,192.4982,2315.2866,75.0248,6222.5761,391.7197,485.3892,1050.6016,1555.9094,2287.3319,51.3093,1294.0552,532.9087,239.5612,876.15,16.6313,4039.632,50.2477,16.9851,1664.8974,30.4317,666.3128,1019.1083,7426.3977,2.1231,1648.2661,0.7502,2318.1175,1121.7268,1559.0941,604.4338,530.7856,14.862,143.3121,4816.3482,281.6702,1305.3786,3584.5718,417.1975,478.7686,19.1083,35.0318,1472.753,4742.0382,1366.9498,44.586,306.4402,133.4041,77.1408,95.8953,408.7049,111.8188,6486.9073,20.8776,2190.7289,33.6164,2.1231,22315.6405,6539.9858,627.3885,147.5336,48.1246,106.8648,390.6582,0,234.9611,1967.799,1951.1677,739.2074,1543.5244,702.4062,9650.3892,60.5096,498.2307,5.3079,848.5492,2.1231,1.0616,377.9193,559.0941,33.6164,8.1387,2228.5916,33.9703,364.8266,0.7077,7250.8846,623.85,284.5117,384.6426,319.1791,49.1507,472.3001,123.1423
TCGA-YL-A8SJ-01,0.5,3511.2825,4363.1487,2.2447,256.4577,848.4991,592.0414,3111.1635,2173.9984,1589.8135,2290.7232,923.6968,2198.6902,675.0955,1661.083,254.7742,186.8718,54.4341,54.9953,602.1426,1265.4534,11182.5676,72.3918,426.4943,1119.5475,3543.2695,7736.3368,1306.4193,660.5049,1135.7879,3521.9448,3781.7696,169.4754,305.8413,602.1426,668.9226,1.6835,83.6153,269.3648,854.6721,17250.571,424.2496,650.4038,4255.9639,2075.7925,2244.7067,258.1413,78.5647,2900.7222,778.352,95.9612,2596.413,809.7779,1645.7797,710.4497,1811.4783,1276.6769,773.8626,730.0909,39.2824,460.1649,1010.6792,800.7991,2850.7775,1025.2698,1352.4358,1184.644,5205.4748,16106.8929,954.0003,1.1224,1822.1407,1089.1766,361.3978,2015.1854,8849.7562,402.9249,2176.8043,1791.8371,3427.6671,962.9792,44.333,689.125,2720.0233,6120.754,1729.5465,2642.4856,5131.3995,1824.9465,1328.8664,37.5988,1772.7571,2803.0775,1682.9688,864.7733,521.3331,475.8778,1301.3687,1260.964,1294.6346,53.3118,3524.1895,790.1368,71.8306,772.1791,2346.2797,30.8647,23.0082,17418.3628,326.0436,1156.024,6523.1962,1667.8171,876.558,14.5906,3.3671,5.6118,31.9871,1539.8688,2680.741,304.1578,1414.7264,202.0236,101.0118,441.646,56.1177,1489.3629,394.5072,422.566,5078.0877,11.7847,270.4872,1027.5145,693.6144,90.0296,464.0931,2797.4657,40.9659,1147.0451,1456.8146,75.1977,61.7294,8.9788,10455.8438,1292.3899,779.4744,2042.1219,2550.548,2890.6211,587.552,3106.1129,1485.4347,1095.978,582.5014,1430.4393,156.804,3744.732,160.4965,3.3671,1455.1311,1172.8593,2.2447,505.059,84.1765,218.8589,14.0294,3357.52,630.7626,5286.2843,4124.0593,2705.4328,803.605,1987.6878,844.5709,1499.4641,1445.0299,69.5859,2580.8515,3250.3353,4857.5453,1010.118,269.3648,231.766,1974.7807,1016.5659,2227.3102,3176.8212,1656.5935,1601.0371,106.6236,41.5271,1164.4416,561.1767,1378.8111,2640.8974,209.8801,576.8896,172.2812,1893.4101,939.9709,391.7013,1625.1677,20.2024,284.5166,145.9059,1123.4757,671.7285,1451.2029,3959.1014,6709.9895,74.6365,156.5683,1962.996,55.5172,5492.7973,593.1637,472.2975,1084.1933,2131.349,1782.8583,2.2447,711.572,874.8744,449.5025,930.9921,53.873,4845.7606,47.7,47.7,2565.1386,49.9447,884.9756,2568.5056,8603.9608,3.3671,1555.5817,2.8059,2014.6243,614.4885,1402.9417,853.6788,905.178,319.3095,1230.0993,5528.7126,281.1495,1381.617,2571.3115,450.0637,1592.6194,70.7083,744.6814,2848.5328,3724.5296,7897.4394,95.9612,358.0307,156.0071,239.5551,52.7506,425.3719,234.0107,1593.1806,48.2612,5493.3585,16.8353,1.1224,12591.1211,7644.9098,514.599,259.1402,54.4341,33.1094,705.3991,0,201.4624,1487.6794,5645.9985,988.2321,1977.0254,2356.3809,7465.8945,265.9977,494.9578,6.1729,733.4579,3.9282,7.2953,503.9367,540.9743,31.4259,5.0506,1593.7418,27.4977,506.7425,0,5813.2292,573.5226,445.7651,289.5672,342.3178,195.8507,503.8637,309.2083
TCGA-YL-A9WH-01,1.233333333,2144.9737,7979.3179,0.7955,194.4914,705.9759,535.3485,2100.0298,1533.6581,810.5797,1698.3196,1510.1919,1864.9697,134.4337,1480.7597,258.1287,229.0942,57.6713,25.0572,499.1548,1179.2781,26507.7061,262.106,728.6467,1707.8652,1802.1279,8731.3911,962.5137,416.4264,769.1916,1701.8992,4505.1208,270.4584,200.4574,49.3189,59.2622,0.3977,13.5229,19.0912,591.0311,30581.2867,17.1025,990.355,8336.4821,3192.6022,1619.9662,142.7861,155.5136,2810.7786,1089.3905,51.3075,2557.5937,1481.5551,1255.7343,457.3929,1050.8104,1598.8863,115.3425,906.0356,7.9547,644.3273,1044.0489,1514.1692,1246.8927,1029.7305,1346.3259,659.4412,2559.0136,9522.1239,98.24,9.1479,1224.2219,348.1674,266.8788,1449.3388,7116.6352,62.4441,413.2445,268.072,2761.8574,530.9735,253.7536,574.3263,2037.188,4932.6837,1186.835,1285.2819,4351.1982,1400.8154,1017.7985,50.5121,997.9119,2467.1373,1242.1199,305.8566,642.3387,1791.7868,743.7606,1647.8075,1228.597,42.1597,2768.6189,1013.8212,58.4667,563.9853,1565.079,587.4515,23.4662,25888.0382,489.2115,1015.4122,5226.9385,324.9478,1050.8104,106.1947,3.1819,14.7161,8.7501,1307.3481,3721.9847,489.2115,1930.5956,184.9458,181.7639,301.4816,40.5688,1281.4955,504.7231,106.9902,5806.5029,16.7048,136.4224,170.6274,836.8301,337.7548,251.7649,669.7822,7.5569,598.9858,1192.801,70.3987,56.4781,8.7501,5048.8217,1462.8617,247.3899,1627.1254,1834.742,2994.5312,472.9044,2789.301,1199.5625,637.9636,223.1282,1496.669,154.2528,3243.1142,257.7309,3.1819,1150.6413,461.7679,1.9887,105.797,3.1819,238.6398,7.5569,1222.631,521.8256,2673.9584,4303.0645,2725.266,797.8522,3046.6342,1040.0716,1815.2531,1563.4881,116.138,1516.1579,1909.5158,5899.1747,805.8069,460.5747,433.9266,1045.2421,1288.4558,2315.9988,3048.6228,685.2938,1607.2387,220.7418,66.8191,379.8349,164.6614,2245.6001,2629.8101,135.2292,424.381,210.003,1282.2909,836.4323,351.5959,450.6314,8.7501,256.9355,549.6669,1791.7868,388.9828,1410.7587,368.3007,955.3545,184.9458,17.898,245.4012,111.6595,4881.7739,732.2263,464.5481,1438.6,2250.7706,1756.3886,6.7615,1423.0884,846.7734,589.4402,1244.904,60.0577,4919.9562,202.4461,62.0463,1948.8913,40.9665,459.3815,3815.4519,1312.1209,3.5796,1401.2131,0.7955,2676.7426,453.0178,1413.9405,522.1358,348.0163,11.1365,100.6264,3942.3287,422.3924,1168.5393,2555.8318,644.3273,1415.9292,15.1139,91.0808,1669.6828,4457.7906,1669.2851,28.239,241.8216,220.344,125.6836,105.0015,170.2297,67.2169,1792.98,55.6826,3377.1502,10.3411,1.5909,13889.2314,9100.527,433.5289,217.6514,42.5574,29.83,684.8961,0,1240.529,896.49,5933.3797,1302.5753,2001.3921,3821.0202,6713.334,200.0597,245.4012,2.7841,629.2135,85.9103,2.7841,156.309,499.1548,64.4327,9.5456,6241.6228,1.9887,191.3095,0.3977,5674.4556,71.9897,334.215,387.3919,320.9705,73.1829,472.8368,321.7659
TCGA-EJ-5511-01,0.966666667,3355.8521,5116.334,1.8897,390.9295,1322.7826,1389.1579,4286.9966,1475.375,1442.3054,3205.6218,1223.8101,1762.6078,354.3168,3272.2334,312.035,53.1475,24.566,46.7698,584.6227,1855.2026,16603.7558,13.9365,783.2762,1386.3234,4021.7314,9539.1166,1403.3306,566.9068,2066.8265,3591.3547,4416.2041,95.6655,263.8479,284.162,565.4895,2.8345,115.2711,73.2255,924.2943,13696.7049,19.6055,392.8192,5213.653,4106.7675,2099.2087,248.9666,101.0984,2582.733,1007.2044,171.0169,3958.5733,792.4885,1842.6101,1001.063,1509.6256,1070.7452,343.451,756.3482,21.259,589.3469,1232.7861,1414.1963,2247.0769,998.2284,2069.4461,1605.7636,6082.2015,10686.6659,1003.8975,2.5983,1861.1078,635.0844,494.39,1827.3296,6076.5324,154.9545,707.4525,1788.3548,2950.0413,907.7595,55.2734,1922.0503,2887.6816,6951.4586,972.9538,1673.7711,4034.723,1165.7021,1114.6805,13.2278,2297.3899,3214.8341,963.5054,842.0928,317.2316,1755.5214,935.6325,851.3051,1238.6914,26.6919,3232.0775,1124.8376,115.5073,589.5831,1454.8246,16.0624,30.9437,25027.0462,501.0039,561.7102,4036.0529,573.5207,1689.8547,8.5036,12.9916,11.8106,35.1955,1944.7266,1970.7098,656.9033,1621.3535,98.2638,105.5864,614.149,39.9197,1536.7899,240.2268,371.0878,12290.5397,43.9353,186.843,212.8263,803.3542,14.4112,211.8814,1066.2572,50.7854,913.0767,1679.4614,154.7183,75.1152,8.7398,4824.8494,1961.4976,856.7379,1650.1713,3507.7359,2189.4414,1007.2044,3312.8617,1341.6795,645.0927,381.0086,2679.3433,175.4128,4954.0569,899.2559,5.9053,1082.0834,772.6467,9.4484,156.1356,20.5504,284.8707,13.7002,1949.9232,1255.6986,3808.4327,5581.8921,2301.8779,738.8685,1934.0971,982.6385,1632.2192,1425.7706,21.7314,3331.5224,1429.3138,5717.019,988.0713,267.1548,2111.2555,2034.2506,1048.6926,2364.2376,2220.6212,1586.3942,1590.4098,62.8322,11.5743,677.6899,504.7833,1744.1833,2070.1547,168.1824,183.7723,113.8538,1672.1389,708.8697,235.5025,1008.8579,20.3142,475.7293,167.9461,1096.9647,828.3926,1540.0968,773.8278,4456.36,84.5636,176.9222,1645.2108,85.9336,4120.4677,698.7126,517.6615,2085.9809,1838.6678,2945.5533,5.6691,1219.3221,698.4764,240.2268,790.835,10.6295,3305.5392,18.1883,47.4784,1483.17,125.1919,1076.4143,4392.583,5516.9482,1.4173,1749.8524,1.8897,3836.0694,568.3241,1865.3596,852.3042,461.0842,1502.5393,125.1919,3744.4195,268.0997,1296.7993,3007.2044,386.2053,332.8215,23.8573,100.626,905.3974,5001.5354,2047.9509,23.8573,268.8083,162.0409,158.7339,5.6691,302.8227,189.9138,1946.6163,15.3537,5725.2864,10.3933,0.4724,8455.1789,7948.506,586.7486,172.4365,35.6679,34.4868,688.5556,0.2362,387.3863,729.6563,3111.846,550.6082,2311.0901,2423.9991,3670.7216,164.8754,526.9871,3.7794,850.124,3.307,1.1811,385.4966,744.5376,23.8573,59.7614,2335.4199,83.855,207.3934,0.2362,8934.4514,106.5312,295.2852,213.0625,263.1392,95.9017,705.3029,361.1669
TCGA-CH-5762-01,2.3,2495.7161,4731.4263,4.6657,370.2855,1062.5032,1032.8125,3768.175,1651.6517,1766.1687,2974.5848,592.5417,1514.6502,951.7993,2448.6351,249.8261,149.3018,30.9632,100.1001,684.1587,1969.3422,12316.978,23.3284,635.8053,1311.481,2905.872,12459.4213,1015.4222,513.2251,1156.6609,3401.7068,4029.029,133.184,424.5771,1201.2012,544.6124,33.5081,9.3314,168.8129,786.3796,17204.4926,20.7835,353.7436,7706.4352,2478.3258,3194.296,386.8275,209.5316,2580.1225,1020.512,192.1413,4037.3297,1052.3235,1285.561,884.3589,1399.7048,748.2058,751.1749,726.574,23.3284,679.0689,1369.5899,1020.0879,2410.4613,1302.9979,3069.1539,999.3044,5697.2226,9540.8968,1036.6299,23.7526,2142.8208,686.5637,543.34,2003.2745,5861.794,361.3783,986.1556,2619.9929,3866.1543,1137.1541,127.67,1884.0875,2602.1784,6970.954,1695.7636,3273.0188,3313.0588,1159.6342,1227.0745,40.2945,2034.2376,3253.6774,773.2309,852.1233,2417.2478,1166.8448,986.1556,1084.9833,1241.4957,85.6789,2520.3169,1016.6947,100.5243,790.197,1357.7136,42.8394,100.1001,19888.5326,801.6491,1048.5061,5814.3652,1294.5149,1028.1468,15.2695,12.7246,195.1104,92.0412,1938.3791,2451.6041,2576.3051,1957.0418,292.6655,103.4933,762.2029,61.5022,1668.6178,2366.7736,328.2944,9516.296,143.3637,193.8379,191.7171,1013.7256,45.5498,208.6833,1714.4263,25.4492,661.2545,1667.3453,133.184,316.8423,132.7599,12879.4048,1896.3031,709.6079,1465.4485,2831.2211,1366.1967,766.0203,3831.3737,3096.3167,827.9466,420.7597,2308.6646,164.2235,4083.7448,422.0322,1.6966,972.1586,1237.2542,7.2106,370.2855,70.4094,245.1604,20.7835,1776.3526,1087.1041,6513.7171,5175.506,2435.0622,700.7007,1584.2113,1005.2425,1553.6723,1624.0817,50.8984,2981.3712,1447.6341,5319.7265,809.2839,557.7612,1239.375,1874.7561,1049.698,1595.2393,3798.2898,1623.6576,1168.9656,97.131,12.3004,930.5916,370.2855,1321.6606,5016.8813,208.6833,170.0853,102.645,2071.9872,710.8804,355.8643,1329.7196,106.0382,498.3797,380.0411,1159.6342,889.8729,1621.1126,1814.5264,5341.7825,153.1192,141.6671,1596.9359,83.995,12292.3771,604.418,595.6338,1620.6885,2655.1976,2551.7042,21.2076,1261.4309,623.0807,203.5934,1025.1777,39.8704,4420.9464,26.7216,57.6848,1375.1039,168.8129,1271.6106,5438.4893,8022.0051,1.6966,1536.282,0.4242,2175.4806,2244.6175,2427.4274,878.1027,1542.2202,10308.6137,189.5964,3741.4533,210.804,1820.0404,2874.9088,573.879,668.8892,22.9043,341.8673,851.6992,4144.8228,1864.1523,72.9543,307.0867,125.1251,152.2709,19.9352,1388.6768,229.8909,3382.1958,37.7496,17843.267,85.2547,2.5449,25008.0589,6682.53,575.5756,272.5437,31.3873,111.5522,869.0894,0,475.0513,1631.2923,9684.2605,605.6904,2286.1845,2692.523,5557.6763,121.3077,542.0675,1.6966,892.4178,3.8174,8.4831,364.7716,584.9069,19.511,92.0412,3409.7657,484.8068,178.5684,0,4134.219,5.9381,319.3872,276.5477,308.7834,226.0735,3017.7678,350.7745
TCGA-CH-5763-01,0.6,2889.7846,4349.6487,1.382,221.5824,945.7561,766.0947,2617.9892,1299.0902,1433.6059,3355.983,486.0071,1384.3142,1280.6634,1891.0515,271.7955,105.4935,35.4716,52.0557,744.9038,1759.7605,14853.3917,13.3594,474.4904,1516.5265,2202.0039,12455.11,998.7332,342.278,1639.5071,2557.6414,5405.505,56.2018,321.0872,1105.148,340.896,9.2134,14.7414,172.2907,726.0164,14543.8213,11.9774,397.0978,10976.8513,2788.8978,3413.5667,424.2773,145.1111,2079.9263,715.8816,243.2339,2584.2635,1608.1999,1288.4671,607.1634,1557.0655,589.658,921.3406,856.386,34.0896,480.9398,1163.1924,1007.9466,2398.7101,948.9808,4702.9137,1241.5064,5408.269,7485.4313,1004.7219,2.3034,1978.5788,729.6741,552.3437,2107.1058,5766.6705,283.3122,973.3963,1930.6691,3241.7367,1497.6391,90.2914,1227.6863,2164.6896,6302.8907,1551.9982,2762.6949,2363.6992,1249.7985,1114.8221,38.2356,2188.6445,3153.288,644.4777,590.5793,1765.2885,1147.5297,907.5204,1059.081,886.3296,89.8307,2369.6879,766.0947,64.9545,2205.2286,1411.0331,19.8088,46.5277,21423.9318,327.5366,728.3197,5963.8927,2577.9109,817.6897,7.8314,20.2695,18.4268,27.1795,1445.5833,1570.425,764.252,1152.1364,151.5605,64.0332,708.5109,76.9319,1272.3713,750.8925,463.4343,5639.5255,87.988,241.3912,521.4788,1214.7875,25.8805,197.1669,2389.036,23.9549,551.883,1478.2909,129.4483,114.7069,46.9884,6787.0552,1760.2211,645.3991,1307.8429,2651.1574,1289.8768,1191.754,3323.2754,2337.9016,757.3419,504.434,2007.6011,148.9762,3214.5572,208.223,1.8427,923.1832,1001.9578,10.1347,501.2093,47.9097,126.6843,18.8875,1665.7837,2524.4731,8083.842,3674.7576,2362.3172,1103.766,1456.6394,988.1377,1848.2091,1490.729,115.1676,2402.8562,1601.7505,6904.9868,855.4647,424.738,1107.912,2082.6903,1055.0409,1740.4123,2657.1461,2112.6339,1547.8521,25.7975,5.0674,1117.5861,476.7937,1085.3392,3266.6129,133.1337,217.4364,110.5609,1845.4451,389.2664,260.7394,1346.5392,276.4022,331.2219,381.8957,1086.7212,876.1949,1248.8771,2477.4847,4460.2096,93.9767,221.1217,1941.7252,57.183,14261.4304,587.3546,398.6871,1450.19,3178.6249,2519.8664,15.6628,1297.7082,507.198,130.3697,673.4999,242.7732,4632.5003,20.2695,110.1002,1153.0577,163.5379,1092.7099,9025.452,6198.7792,1.382,1396.7523,6.5507,2353.5644,7714.8451,1913.1637,1314.2969,4454.6816,7838.7654,443.1648,4093.0554,167.684,1905.7929,2753.4262,533.4562,1138.3163,45.1457,81.078,1393.5276,4082.46,2356.3285,70.0219,320.1658,111.9429,109.6395,10.5954,1472.3022,222.5037,6594.0343,12.4381,26985.6041,65.8758,1.8427,13057.2383,7516.7569,524.7034,243.9111,17.5055,44.2243,646.7811,0,377.289,1653.8063,2208.914,412.7606,2405.6202,2826.2121,10300.5874,122.5383,431.1874,5.528,854.0827,5.9887,1.382,580.4445,648.1631,19.8088,14.7414,4636.6463,14.7414,189.7962,0,6513.8777,189.3355,306.8571,227.1104,369.4576,187.0321,3585.3968,349.6487
TCGA-CH-5771-01,0.633333333,4454.8402,5702.1769,1.3895,259.8425,887.9111,861.2784,3120.4261,1493.7471,742.2418,1814.2659,798.981,2305.0023,858.4993,1963.8722,187.3553,121.1209,20.6114,175.0811,687.5868,1249.421,10855.7202,40.528,945.3451,2375.4053,2979.6202,11476.1371,1236.4521,446.0398,1349.692,2900.4169,7376.1,84.9931,288.3279,1361.51,274.8958,46.0862,44.0019,412.9226,1159.333,18466.8828,17.8323,632.2371,4688.7448,4549.0968,3155.6276,302.918,201.9453,2611.3942,700.0926,148.4484,2898.9625,829.0875,1208.6637,562.7605,1680.176,1104.6781,751.0421,908.7541,46.5493,483.5572,1212.1352,1249.6526,1716.767,1028.9486,2489.8101,2091.4775,6210.2825,7657.2487,761.2321,10.4215,1469.4303,725.3821,396.2483,2071.5609,7655.1644,216.0723,739.4627,2073.6452,2183.4182,811.0236,130.1528,1673.2283,2193.145,4351.3201,1347.1515,2551.5377,4152.1538,1547.4757,1549.56,62.0658,2082.9088,2319.3608,1207.2719,476.6095,849.0042,1659.7962,1025.9379,1191.2923,678.0917,5.095,3453.6823,724.8726,81.9824,1157.0171,1765.8638,15.5164,128.0686,20653.0801,407.1329,737.61,5533.0894,1299.4442,1052.339,19.4535,14.3585,79.8981,69.0134,1321.9083,2113.9416,783.9277,1639.8796,232.5151,71.7925,1985.6415,213.5248,1559.5183,1419.1755,374.0157,5994.4419,29.8749,346.2251,471.7462,967.1144,32.7073,291.8018,1997.9157,18.0639,852.2441,1207.0403,184.3446,281.1487,40.9912,20077.3506,1598.8884,612.3205,1973.8305,2079.8981,2683.1867,1182.9551,3050.9495,1509.9583,542.8439,405.2802,2310.0973,146.4961,1810.5604,266.5586,2.7791,913.849,783.233,12.0426,362.4363,105.836,192.6818,21.0746,4541.9176,940.0185,5078.0454,3322.1352,2525.1945,1258.9162,2024.3168,962.251,1664.8912,1266.5586,208.893,2498.1473,2032.8856,6195.924,1048.402,577.3506,411.5331,2022.6957,1356.4822,1944.6503,2498.8421,1748.9579,2056.9708,45.1598,14.1269,1875.6369,521.0746,1804.7707,3274.201,181.7971,188.2816,110.0046,1978.9254,716.3038,278.3696,1056.0445,46.0862,302.4548,370.5141,1168.365,554.6549,1313.3395,2184.113,3976.8411,186.1973,177.1654,1439.3238,46.6188,7968.7355,327.9296,396.4729,1284.1593,1718.3881,1835.1088,31.4961,1074.8031,922.1862,346.4567,975.6832,64.3817,4660.9541,29.6434,54.1918,1778.8328,59.2867,619.0366,2486.7994,4066.6975,0,1230.6623,2.3159,3634.0899,3043.0755,1632.7003,752.8485,1305.4655,4946.7346,261.0005,4213.5248,298.0547,1280.2223,2640.1112,576.4243,1134.553,55.8129,89.8564,3905.7434,4283.233,1147.0588,67.3923,357.1098,160.491,122.3414,9.4951,1206.3455,252.6633,1166.9755,23.3905,12884.6688,56.9708,1.8527,50392.0797,8468.7355,471.9778,171.378,64.8448,98.6568,552.8022,0,263.5479,1229.736,2920.1019,783.233,1669.9861,2377.258,7282.075,82.6772,537.2858,3.4738,1011.811,4.1686,4.6318,710.0509,634.3214,45.3914,239.6943,2000,405.975,213.5248,0,7539.8333,207.2719,330.0139,269.8008,448.8189,229.6989,1473.365,328.856
TCGA-EJ-A7NM-01,1.1,3414.9567,5283.2831,1.167,142.3709,693.5719,254.7895,2753.2821,2098.2204,830.1079,1592.5314,1283.6721,1893.2218,464.0669,1772.6344,131.0901,131.4791,28.7854,298.3565,442.2834,1053.7781,7462.4137,157.9306,728.9701,1939.1228,2412.5255,7075.3127,1649.7131,472.2357,460.9433,2090.0515,6140.6204,217.0573,261.0133,199.9417,2894.486,21.3945,143.1489,113.9745,488.9624,23856.0731,400.2723,922.2989,4572.2066,3810.1721,2202.8591,180.1031,389.7695,2315.6666,825.829,78.1873,1651.2691,649.2269,1246.6245,672.5664,1303.5106,1642.3223,227.1711,855.3924,24.5065,582.7093,1163.0847,1139.7452,1335.408,1079.0625,1481.132,904.4053,3907.809,13182.1453,822.3281,40.8441,1372.3622,544.7438,217.4463,1145.1911,7537.4891,224.0591,709.5206,455.1201,1745.405,566.3717,79.3543,1536.9056,2152.2902,5396.0906,1479.7238,2209.8609,4742.9738,2496.1587,1388.6998,70.4075,1464.9421,2447.9238,1886.22,585.0433,970.5339,2304.7749,857.3374,1943.4017,1333.852,4.6679,2847.4181,499.4651,37.3432,706.4086,1620.1498,16.7266,137.314,18925.6054,449.2852,693.5719,3968.1688,1173.9765,1724.3995,40.0661,7.3908,434.5035,250.1216,1049.8882,3160.9452,344.6465,1608.48,268.7932,110.0846,843.3337,82.4662,1115.6277,1587.8635,92.58,7516.8725,12.8367,185.938,313.9162,1065.4478,67.1322,331.8098,1335.019,95.6919,801.6065,1227.6573,43.956,371.0979,87.5231,4696.2949,1165.4187,352.0373,2515.2193,1339.2979,3170.281,827.774,2328.5034,1435.7678,856.9484,257.9014,1174.7544,194.2429,1848.8768,168.4333,2.3339,1314.0134,774.0932,13.2257,74.2974,31.1193,224.8371,21.3945,2437.421,530.9735,3354.274,3466.6731,2326.1694,986.4825,2118.0589,1232.3252,2102.8883,1205.8738,25.6734,1734.9023,4213.9453,5445.1036,1091.8993,461.733,698.6288,1332.685,1632.7297,2216.8628,2524.1661,834.3869,1513.9551,84.8002,112.8075,742.5848,383.5457,1602.6451,3575.6102,234.1729,167.2664,140.4259,1464.1642,878.339,430.2246,719.2454,10.5028,176.9912,106.9727,1601.0892,450.4522,1160.3618,2023.534,1128.4645,167.6554,248.9546,1839.541,31.6911,8157.1526,374.5989,590.8198,966.255,3025.1872,2279.4904,61.8497,867.8401,1316.7364,555.4799,869.7851,18.6716,4624.3314,75.0754,55.6258,2619.469,22.1725,558.9808,2964.8935,7963.8238,3.8899,1126.1305,1.556,2608.1883,932.8017,1523.6799,498.2204,514.2468,703.6857,796.6547,5365.3603,391.7145,1071.2827,2929.8843,794.7097,464.0669,49.7909,563.2597,3088.9818,3830.3997,1263.0555,79.7433,339.2006,94.136,127.2508,42.0111,604.4929,117.0865,2573.179,24.5065,3938.1503,241.9527,3.1119,29047.1652,8514.6358,299.9125,280.7391,51.3469,129.9232,469.5128,0,346.2025,880.2879,2654.0893,733.638,1631.4305,3518.0395,10308.6648,212.3894,355.1493,3.1119,612.6617,5.4459,12.4477,823.4951,571.8176,38.5102,56.7928,2304.7749,3.5009,841.7777,0.389,5156.0829,989.5945,527.1263,403.7732,263.7363,111.979,351.061,176.9912
TCGA-G9-6371-01,0.866666667,3011.4916,6849.4565,3.6926,211.8216,639.8287,451.8412,3169.9381,1289.0567,636.1361,1537.133,890.2548,1986.6244,194.0299,1645.2257,164.8247,70.1596,9.7351,25.1769,370.2681,1338.4034,19943.7884,11.4135,925.1667,1130.9458,2195.089,9526.9279,1373.651,351.1337,608.2636,2497.2117,4591.5931,51.0252,272.9175,385.0386,650.9065,3.3569,7.3852,68.8168,591.8247,19682.2845,26.184,627.4081,9288.9291,4735.2692,2305.8673,139.9835,38.9403,2280.6904,537.4426,77.2091,1714.3011,1029.5669,2022.8925,309.1722,1196.4057,1403.8633,188.3231,816.0669,24.8412,398.4662,906.368,1170.8932,1480.4011,1239.3743,1630.7776,568.3263,3952.7715,12447.7894,615.3232,6.7138,1335.7179,261.7255,247.4049,1015.4678,10477.614,87.9513,538.114,1673.0882,2326.3445,1038.2949,18.4631,844.265,1678.7949,3173.295,1370.9655,2888.7022,4495.9209,1769.096,1294.0921,19.1344,2110.8303,2170.2478,916.7744,359.8617,284.6667,2541.523,787.8688,1471.0017,839.5653,8.0566,2928.9114,501.5236,34.5763,597.8672,1307.8554,7.7209,12.7563,48359.0963,288.0236,540.1282,4781.8297,718.7162,1085.9631,22.4914,3.3569,13.4277,40.283,1202.4482,2750.659,918.4529,1499.1998,95.0008,86.2728,236.3271,15.1061,1640.5261,276.2744,53.375,7202.6043,8.0566,109.4355,113.7995,844.9364,15.519,240.6911,1374.6581,38.2689,421.629,1420.9836,11.0778,58.4104,5.3711,4151.1654,1082.2705,536.4356,2017.8437,1604.607,2852.7093,1215.5402,3210.2211,1751.6401,406.8585,236.9984,1978.5678,100.4961,2936.6323,352.4764,0.6714,878.1699,464.2618,3.3569,71.8381,25.1769,146.026,9.0637,858.3641,655.9419,4525.4618,2692.2453,2407.9176,434.3853,2027.2431,1273.9506,2000.7234,1359.552,18.7987,1772.1173,2063.4978,4550.6387,1260.5229,325.6211,944.9726,1195.3987,1382.2347,1401.8492,1330.6825,2005.0874,2098.4097,47.3326,11.7492,367.9183,401.1518,1339.4105,2844.6527,174.8955,74.5236,78.5519,1735.8625,435.728,190.0016,482.0535,81.2374,231.9631,121.5204,1485.1007,829.8302,1209.8334,479.7037,5651.708,37.2618,138.9764,1243.4026,37.7586,4857.1254,316.2217,398.4662,1242.3955,1884.2383,2854.7235,15.7775,1305.1699,598.2029,208.8003,718.7162,20.4772,6454.3472,26.8553,39.6116,1913.4435,19.8058,459.2264,3516.0364,4646.9823,1.0071,1396.8138,1.6785,2933.9468,737.8507,1548.5465,818.9068,473.3255,77278.949,167.5102,3943.0365,293.3947,1000.3617,3383.4381,397.7948,558.2555,7.0495,47.6682,798.6109,4252.5443,1304.8342,67.8098,435.3923,104.0645,92.651,9.7351,248.7477,187.3161,1818.1071,10.7421,4214.9468,18.4631,0.3357,10826.7335,7185.484,407.5299,193.8486,6.3781,18.4631,650.2351,0,303.4654,657.6203,2397.8469,672.7265,2199.1173,2390.7973,7392.6059,63.1101,511.2587,3.3569,853.3287,1.0071,1.3428,495.8169,380.0032,5.3711,36.2547,1700.6149,2.6855,86.6085,0.3357,3744.3069,744.9002,211.1502,245.055,149.0472,35.919,785.8546,179.9308
TCGA-HC-7749-01,1.1,2866.609,4416.8827,4.8977,202.8234,827.4273,1596.3699,2952.1752,1176.3181,1303.3708,2044.0795,716.2201,1730.3371,463.8433,1747.6232,282.6275,102.8522,16.1337,57.6203,444.8286,1734.6586,16853.0683,71.7373,1238.2599,1320.3688,1869.7782,10361.2561,1087.0066,393.2584,1043.7857,2824.8343,4730.049,101.9879,254.3935,437.626,248.0553,1.1524,218.669,255.8341,607.894,21948.4298,14.6932,726.0156,9321.8093,2550.5618,2127.917,212.9069,69.7205,2272.5439,638.4327,332.1809,1747.6318,1366.1769,1490.6857,444.2524,1560.3572,1220.6857,663.2094,866.609,25.641,496.9749,691.7315,1108.9023,1709.0176,637.8565,1853.4976,740.1325,4432.4402,13676.4621,732.6419,8.643,1721.694,627.5569,389.8012,1442.8119,7736.6753,278.0179,887.6404,1277.7298,2436.7617,1176.8943,745.0303,768.3665,2151.2532,4262.7485,1579.3719,2156.7272,4161.913,1060.7894,1105.4451,31.4031,1427.8306,2940.0749,976.0876,543.3593,427.5425,2305.9637,1081.5327,1140.8816,850.4754,0,3493.2296,742.1492,118.1216,666.9548,1420.9162,13.8289,67.4157,35265.9176,345.7217,689.4267,3586.658,826.2748,773.5523,14.4051,10.3717,12.9646,31.9793,1312.59,2675.5978,371.3627,958.2253,93.3449,55.0274,603.2844,92.7687,1494.6701,359.8387,223.8548,8176.6062,23.9124,284.068,371.0746,729.7609,10.0547,169.9798,1144.0507,26.2172,1084.9899,1313.1662,100.8355,137.7125,5.762,3048.6891,1392.3941,394.4108,2186.6897,1861.7113,3296.4564,919.9078,2153.27,2159.8963,651.1092,244.5981,1798.9052,184.5491,2157.5915,183.2325,0.8643,944.3964,529.2423,16.1337,367.0412,47.8248,196.1971,29.6744,1793.7194,428.1187,4767.5022,3737.2429,2397.868,618.5537,1965.1397,1031.6912,1928.839,1643.9067,44.9438,1733.2181,1326.707,4733.5062,1191.5874,272.832,806.3959,1880.726,1728.1446,1337.3668,2187.8421,1766.3498,1819.0723,36.877,16.4218,706.4247,351.1956,778.1619,3141.7459,209.7378,270.5272,118.4097,1174.5895,443.6762,239.4123,1248.3434,2.0167,319.7926,123.0193,1458.0812,637.2803,1633.535,727.7442,1772.1118,115.5287,157.3034,1362.4316,67.2025,5138.5768,422.0686,555.6497,1641.6018,1861.9994,2706.1366,5.4739,1644.4829,706.7128,241.429,694.6125,238.2599,5729.4728,19.3028,40.9104,1870.6425,47.2486,520.3111,1938.6344,5522.0398,1.1524,1248.6315,1.1524,2766.0617,1260.4437,1696.3411,912.3999,406.223,3905.7908,160.1844,3509.9395,300.2017,1209.4497,3081.5327,617.6894,953.9038,38.0294,201.9591,1639.8732,4253.8173,1625.4682,35.1484,365.6007,162.2011,122.4431,10.9479,319.5045,203.9758,1026.2172,19.879,3290.1181,65.6871,0.8643,15802.6505,8433.0164,486.3152,206.9519,84.7018,88.4471,666.3786,0,156.151,824.5462,2828.8678,600.4033,2553.7309,1967.7326,6294.7277,128.4932,448.2858,1.7286,929.7033,4.0334,1.7286,439.0666,608.4702,28.8101,63.9585,2330.1642,104.0046,125.9003,0.2881,5160.4725,305.0994,203.6877,248.9196,186.1135,62.518,761.7401,80.3803
TCGA-HC-A76W-01,0.766666667,3543.1569,5241.774,1.9075,199.3324,846.9242,549.8331,3247.4964,2046.7334,916.0706,1835.0024,932.7611,1221.7454,760.6104,1630.9013,225.0835,109.6805,28.6123,83.9294,592.2747,960.4196,12924.6543,243.6814,348.1164,1094.8975,3397.711,7936.0515,1405.8178,529.3276,931.7692,2638.5312,5169.7663,112.0649,265.1407,808.2976,1010.968,1.9075,55.794,590.8441,697.6633,22640.9156,679.5422,797.8064,5381.9742,3180.2575,2681.9266,194.5637,136.8622,2611.8264,597.0434,187.8875,1926.3042,888.8889,1332.1078,721.03,1481.6404,1195.0405,628.5169,746.3042,29.0892,457.7969,953.2666,932.2842,1951.836,872.1984,2683.834,1009.5374,3793.5145,14803.052,879.3515,1.9075,1048.6409,1139.6376,319.5041,1711.4926,10411.5403,195.9943,916.0706,1997.1388,2454.4588,1006.1993,151.6452,698.1402,1422.5083,6185.5031,1359.5613,2338.8126,5362.4225,1971.8646,1546.9719,122.556,1869.814,2683.834,1556.0324,554.1249,746.7811,426.3233,1115.8798,1752.9804,1032.9041,46.7334,3487.3629,577.9685,33.381,1145.4459,2119.2179,19.0749,57.2246,26516.9289,285.1693,804.9595,5763.4239,1804.0057,892.227,18.598,11.9218,18.598,50.0715,1179.3038,2842.1555,289.938,1717.2151,184.5494,115.8798,837.8636,100.1431,1502.1459,866.4759,243.6814,5719.1226,87.2675,253.6958,705.2933,909.3944,28.4168,416.309,2112.5417,73.9151,827.8493,1682.8803,87.7444,89.6519,13.3524,15578.9223,1309.4897,458.7506,2328.5646,2107.2961,3086.7907,789.6996,2680.0191,1375.7749,831.1874,376.2518,1669.051,203.8388,3202.6705,94.4206,2.8612,1054.8402,883.6433,3.815,442.0601,57.7015,161.1826,29.0892,3134.4778,579.3991,4707.6776,3607.0434,2772.5322,1396.2804,1998.0925,997.1388,1762.5179,1542.2031,35.2885,2730.0906,3814.9738,5333.8102,1175.9657,535.5269,360.0381,2094.4206,1787.649,2026.7048,3014.783,1600.8584,2112.5417,51.979,30.5198,1182.165,411.0634,1410.5866,3814.9738,120.1717,324.2728,187.4106,1845.9704,581.7835,340.0095,1269.4325,25.7511,168.8126,251.3114,910.825,900.8107,1363.8531,6025.7511,5420.124,71.5308,328.0877,2480.6867,88.207,7144.0153,472.103,373.7148,996.6619,3920.8393,2415.8321,17.1674,1238.9127,694.3252,302.8135,868.8603,107.2961,6155.9371,25.2742,57.2246,2484.9785,71.0539,536.9576,2552.6943,7190.2718,2.3844,1727.7062,1.9075,2313.7816,1855.031,1522.6514,803.4144,1526.9433,448.7363,1095.3743,5020.5055,221.7454,1541.7263,3518.8364,760.6104,1693.8484,39.1035,49.5947,2963.7577,3352.4082,1685.2647,127.3247,375.298,150.6915,175.0119,26.7048,646.1612,319.5041,1569.3848,27.6586,5515.0215,29.0892,7.1531,25510.7296,10386.743,406.2947,270.3481,57.2246,51.0253,683.834,0.4769,174.0582,1316.6428,4268.0019,719.5994,1958.5122,2108.2499,8836.433,171.6738,435.3839,10.968,932.2842,5.2456,7.6299,659.5136,421.5546,25.7511,24.7973,2714.3538,97.7587,337.1483,1.5641,6923.7005,51.979,438.288,289.4611,339.0558,113.4955,464.8212,256.557
TCGA-HI-7168-01,0.966666667,3825.1776,6945.146,41.0418,243.8832,697.3165,290.0552,2496.8429,1523.678,791.6338,1784.5304,1067.0876,1647.9874,484.6093,1872.5335,241.5154,78.532,28.8082,25.6511,713.1018,1322.8098,6028.4136,56.8272,1192.1863,1945.9353,2462.5099,8286.0931,1402.5257,524.8619,633.382,2020.5209,3737.9637,147.9874,304.6567,427.7822,183.1097,5.5249,41.0418,262.0363,635.7537,36103.7885,29.2028,1459.7474,5089.1871,2052.0916,2236.3852,390.6867,99.0529,2548.1452,514.2068,60.3788,1767.1231,896.6062,902.9006,393.4491,1744.2778,1539.4633,498.4215,800.3157,28.0189,464.483,923.0466,1150.7498,1354.7751,970.4025,2166.1405,816.8903,3926.2036,9617.6006,1012.6283,0.7893,1303.4728,525.146,390.6867,1474.7435,10250.5919,232.0442,656.6693,2076.5588,2559.5896,1048.1452,465.6669,715.8642,1573.0071,5165.7459,1114.4436,1359.9329,3675.217,1484.6093,1551.3023,58.8003,1878.453,2876.8745,1205.2092,535.517,525.2565,1628.6504,918.311,1712.3125,833.0702,104.5777,3431.3339,425.0197,43.015,1815.7064,2497.6322,22.4941,23.678,21768.7451,400.1579,672.8493,5710.0276,1866.614,1385.5564,33.9384,17.3639,9.0766,35.517,899.7632,2046.1721,1075.7695,1443.9621,511.4444,61.9574,279.0055,30.7814,1138.5162,659.8264,240.7261,5771.5075,24.8619,323.5991,687.056,861.8785,35.6196,196.9219,2844.5146,9.0766,511.4444,1199.6843,97.0797,43.015,11.4444,13612.0758,963.6938,734.8066,1652.723,2421.468,3132.9913,691.397,3318.8635,944.7514,834.6488,653.9069,1071.4286,151.1878,3348.0663,181.9258,11.4444,1176.0063,863.8516,123.5201,961.7206,181.9258,167.3244,14.9961,2898.974,1855.1697,3845.6985,2430.5446,3533.5438,992.502,2220.5998,570.2447,1453.8279,1797.5533,73.4017,2012.6283,1944.3567,3796.764,730.071,304.6567,509.4712,2235.9905,1012.5059,1744.6725,2485.3986,1608.5241,1289.6606,145.2249,73.4017,1498.8161,627.0718,1185.0829,7298.7372,139.3054,299.5264,168.5083,2024.8619,531.5706,292.0284,730.4657,56.0379,180.7419,194.1594,1458.1689,1011.839,1185.8721,1921.8627,1898.1847,93.528,576.9534,2061.9574,28.8832,9582.8729,524.8619,332.3402,1281.3733,3725.3354,3018.9424,7.1034,764.0095,477.5059,311.3654,730.4657,121.547,6701.6575,29.2028,135.7537,2095.1066,41.0418,836.6219,3017.7585,5522.4941,1.5785,1604.5777,0.3946,3823.5991,5678.3741,1618.3899,837.6835,2273.8753,348.0663,510.6551,3985.0039,196.1326,1417.9163,2636.543,416.7324,741.91,28.4136,363.457,3269.929,3314.5225,1131.8074,62.352,311.3654,87.2139,103.3938,39.4633,2479.0845,274.6646,1575.7695,29.5975,14190.2131,5.5249,2.7624,14667.3244,7352.4073,452.2494,324.3725,83.6622,46.5667,569.85,0.3946,271.9021,1444.7514,3874.5067,990.9234,1829.9132,2258.8792,8317.6796,239.5422,466.4562,7.1034,1026.4404,5.1302,1.5785,437.2534,466.0616,17.3639,89.1871,4408.4451,37.0955,274.2699,0,4087.2139,550.513,369.7711,287.6875,292.8177,183.899,2430.5446,237.5691
TCGA-KC-A7FD-01,0.866666667,4715.6416,7626.044,1.5186,165.5277,646.9248,516.7046,2737.2817,1452.5437,755.1253,1392.5588,1137.8132,2176.1579,97.5702,1050.1139,251.7084,95.672,9.4913,18.6029,331.8147,1263.8573,19430.1443,9.8709,537.9651,2127.9423,3400.5315,9396.7046,1373.956,414.9582,692.0805,2919.8937,3983.2954,159.0737,435.0797,134.776,771.8299,1.139,69.4761,93.0144,623.3865,17960.5163,22.779,765.7555,9675.7783,4593.0144,2023.918,134.3964,64.5406,3345.4822,1659.833,33.4093,2408.9749,738.041,1789.571,342.445,1466.9704,1318.527,155.6568,983.2954,6.8337,389.142,1021.2604,1489.3698,1536.4465,1041.3819,3509.4913,931.2832,3595.672,13341.6856,779.8026,35.6872,1448.3675,160.3379,339.4077,698.5573,8998.4814,42.1412,368.6409,1388.3827,1966.9704,1182.612,28.0942,974.9431,2266.5148,6632.4981,1082.3842,2145.1557,5138.9522,2078.208,765.7555,27.3349,2116.9324,2143.8876,1285.877,476.4617,429.0053,2738.4207,849.2787,2769.552,1017.8436,0.3797,3596.0516,623.7661,23.1587,1782.0805,3362.9461,11.7692,9.1116,46115.4138,552.7715,1024.2976,3055.1936,297.2665,783.2194,16.325,5.3151,20.1215,18.6029,1842.445,2233.4852,193.6219,1783.2194,75.5505,114.2749,144.6469,38.7244,1469.6279,159.4533,48.2156,7343.5839,9.4913,138.9522,67.5778,2277.145,40.4518,229.309,785.877,31.8907,346.2415,3244.4951,29.9924,38.7244,6.0744,3273.3485,1522.3994,252.8474,2120.7289,1975.3227,3069.0964,1190.205,2504.5558,1358.3903,686.4085,116.5528,1651.8603,180.2658,2575.1708,462.0349,2.6576,1352.6955,422.9309,2.6576,41.3819,26.9552,183.7509,1.8983,411.1617,781.7008,4410.7821,2896.3516,2701.9742,490.8884,1935.839,1213.7434,1795.7479,1073.6522,31.1314,2787.0159,2933.1815,13537.5854,459.757,251.3288,5021.6401,796.5072,1420.6036,1945.3303,1476.082,1775.6264,1810.1746,59.6052,31.8907,372.817,213.7434,1351.9362,2497.7221,249.8102,57.3273,137.0539,1662.1109,827.6348,316.6287,167.426,7.2134,179.5748,169.7039,1597.9499,435.0797,1280.1822,882.3083,3119.9696,20.1215,146.5452,915.3379,67.9347,7283.9787,378.8914,323.8421,915.3379,1953.303,3409.2635,9.8709,713.3637,402.8094,271.4503,768.0334,20.5011,5024.6773,22.0197,58.8459,2490.1291,32.65,584.2825,16659.4533,4359.1496,3.0372,1724.7532,1.5604,2388.3827,1965.8314,2356.8717,1106.5034,1132.8778,56044.4191,54.2901,5587.6993,213.7434,872.0577,2809.795,299.5444,236.9021,14.0471,58.8459,1007.593,4740.3189,1326.12,27.3349,287.0159,102.8853,117.3121,28.4738,272.9689,94.9127,925.9681,17.4639,1709.1875,5.3151,0,5656.0364,10003.4169,644.2673,244.8899,6.4541,21.2604,471.1465,0,299.9241,771.0706,2870.5391,825.7403,2027.7145,2922.5513,12145.0266,28.0942,456.3402,3.7965,1322.7031,0.7593,3.0372,268.7927,123.7661,4.1762,18.6029,1714.123,6.0744,163.6295,0.8694,6345.1025,923.3106,316.6819,290.4328,130.9795,60.7441,367.0387,135.5353
TCGA-M7-A725-01,0.666666667,2874.1243,7427.3422,1.0554,88.6511,713.4301,712.3747,2873.7725,1117.6368,542.4602,1832.8259,861.5337,1954.1934,99.2048,1881.7247,300.0769,137.1981,36.2344,26.3842,584.675,1358.2612,26701.2124,75.9866,931.5399,1729.0478,2054.1018,10216.2981,1119.3958,589.9518,992.389,1656.9309,6695.619,218.4616,275.4516,114.3317,201.5757,0.7036,168.1556,61.5632,662.7724,22547.9798,14.7752,837.2602,8456.3279,5909.0166,1049.3896,164.6377,54.5274,2703.1543,591.0072,32.7165,2608.5228,704.9872,1693.5276,321.5361,1282.6263,1109.5456,165.3413,952.9991,6.684,625.1308,1088.4382,1501.7915,1306.8998,437.275,2070.9877,880.8821,3518.6035,10319.4077,853.4425,1.4072,1502.4951,136.8709,297.9661,1219.6559,9910.276,63.3222,268.7676,1454.2998,2463.2335,534.0172,2149.4369,728.5571,1909.1643,5597.6824,841.8335,1040.9466,5073.1635,962.1456,564.6229,15.127,1045.8717,2576.8617,1003.6569,466.4735,317.6664,1201.3628,824.5957,714.8373,989.2335,10.9055,3382.4608,907.6182,91.1136,1004.3604,1569.3352,28.495,20.7556,49704.0567,631.1113,626.8898,3861.24,203.3346,1046.2234,37.6415,6.684,19.7002,12.3126,1387.8115,2472.7319,312.3895,949.833,232.5332,47.8434,332.7933,45.3809,1384.9972,320.4807,52.4167,8079.9126,2.8143,168.5074,111.8692,468.5843,124.3437,244.1423,1169.3499,18.2931,652.5704,1605.2177,28.1432,42.9184,7.7394,2088.5772,798.9151,180.1165,2018.571,1630.1948,2661.6431,1318.8607,1908.1089,2278.192,800.674,229.0153,1964.7471,136.7724,607.8931,662.0688,2.4625,1300.2158,1532.3972,1.4072,40.1041,4.9251,89.7064,5.9804,909.7289,426.0177,4230.6265,5807.3281,3078.0991,708.8568,2390.0612,1227.3953,3167.1653,1178.4965,184.338,1572.5013,1516.9185,5853.4337,860.8301,523.4635,2217.6841,441.8482,1185.5815,2093.8541,2162.8049,1386.0526,2067.118,223.0349,103.778,380.285,433.7571,1090.9008,4287.9683,252.2334,168.5074,120.3122,1062.7576,652.9222,293.0411,279.3213,2.1107,197.706,147.4,2003.0922,583.6196,1678.3901,186.8005,966.0153,127.6998,624.0755,557.5871,53.7219,8230.4787,472.454,599.8406,2409.7615,1075.7738,3763.4494,5.6286,1690.3509,423.5552,269.8229,677.5475,49.2506,4256.3072,79.5045,182.2272,1230.5614,34.1236,467.8807,2467.1032,2602.8942,1.0554,1414.1958,2.1072,3118.2665,3164.351,2017.5156,856.8936,918.1719,89251.5844,57.6936,3578.7596,248.3637,896.3609,2671.1414,575.8802,318.0182,65.7847,54.5274,2324.2765,5858.7106,1258.7046,9.4983,381.6921,150.5661,59.1007,77.7456,453.8091,91.8172,2260.2507,38.3451,2862.5152,11.6091,0.3518,8776.105,8616.0406,564.6229,192.7422,27.0878,57.6936,574.1213,0.7036,485.1184,503.7633,2600.7834,689.8602,2245.8273,3146.0579,8035.2353,29.1986,324.3504,8.443,745.7948,2.4625,2.4625,228.3117,392.5976,10.2019,8.7947,4800.8781,35.5308,880.5304,1.0554,10454.1433,403.1513,256.2087,370.0831,274.3962,57.3418,424.2587,279.3213
TCGA-V1-A8WV-01,1.033333333,3865.8553,3640.8384,1.0818,300.2028,444.0838,159.0264,1948.8844,2403.7863,1286.2745,1669.7769,1929.4118,2029.4794,821.0953,1136.9844,241.785,254.2258,34.618,147.6673,513.8607,922.7857,7809.0602,37.8634,681.5416,1474.5098,3350.3719,5591.8269,1539.4185,1084.5166,520.8546,2129.0061,4654.4963,278.0257,427.3158,954.1582,200.6761,8.6545,1.6227,666.9371,439.2157,23016.092,1030.426,1180.7978,4460.311,4095.7404,1984.0433,192.5625,314.8073,2222.0419,525.7606,157.9446,1784,460.311,1210.9263,825.9635,1798.5125,2014.334,2019.7431,675.5916,14.6045,553.8878,768.0865,923.3266,1760.1082,796.7546,1158.0798,1495.6051,2888.979,6104.6653,890.8722,5.4091,1062.8803,409.5903,255.3076,1128.8709,8693.4415,127.1129,827.0453,2440.568,1756.8627,654.4963,82.2177,1384.7194,1696.2813,5590.2637,1126.1663,1407.9784,4299.6619,1614.6045,1714.6721,68.1542,1209.4659,2165.7877,1631.9135,788.1001,730.2231,831.9135,2053.2792,2051.1156,861.6633,23.259,2575.7945,538.7424,31.9135,971.4672,2036.5112,29.2089,87.0859,23699.2563,800,793.5091,2725.5118,697.2279,948.7492,10.8181,5.95,175.7945,121.1629,1122.9209,2729.9527,742.1231,1086.6802,152.5355,233.1305,600.4057,105.4767,1092.6302,887.0859,72.4814,3109.1278,12.4408,338.6072,209.8715,970.3854,255.313,564.165,979.0399,166.5991,2209.6011,1040.7032,55.1724,195.2671,39.4861,4973.6308,765.382,736.714,2011.0886,2187.4239,3685.7336,936.3083,2157.1332,843.2725,1224.6112,193.6444,787.0183,213.3982,1047.1941,167.14,5.95,1409.6011,690.1961,10.8181,176.3354,63.8269,384.0433,17.309,2321.5686,465.7201,2918.7289,3795.5267,2202.0284,1643.2725,1682.7586,720.4868,1406.3556,1271.1291,136.8492,1676.2677,4024.8817,3528.33,615.551,288.3029,308.3164,1823.9351,2391.9567,2248.0054,2679.1075,885.4632,1405.2738,141.7174,232.0487,857.336,303.9892,1345.7742,2595.2671,103.313,213.117,547.9378,1924.5436,893.5767,464.0974,590.6694,28.1271,136.3083,163.8945,930.3584,752.9412,648.0054,1083.9757,1701.6903,343.4753,302.9074,1267.8837,59.4672,5041.2441,454.3611,284.641,1152.1298,3096.146,1428.5328,40.027,672.3462,1079.6484,870.3178,1095.3347,32.4544,6160.9195,70.3178,50.8452,2608.7897,37.3225,646.3827,2558.4855,3417.4442,12.4408,1172.1433,6.3232,2213.9283,625.2874,1426.9101,635.3698,791.8864,987.1535,679.378,6147.3969,365.1116,1197.025,2566.5991,986.0717,699.9324,131.4402,420.284,4345.098,2580.1217,1014.1988,40.568,250.4395,170.5801,203.3807,127.6538,750.7776,292.6302,2921.4334,73.5632,3050.7099,72.4814,2.7045,28087.6268,5090.4665,427.8567,373.0521,74.645,67.0723,553.3469,0,89.7904,1302.5017,2493.5767,1278.1609,1367.4104,2495.7404,5577.8229,356.998,429.4794,6.4909,780.5274,12.4408,37.3225,411.6295,654.4963,28.668,28.1271,1506.9642,354.2934,681.0007,0.5409,6624.476,3.7863,468.4733,352.1298,337.5254,258.5531,392.6437,140.0947
TCGA-V1-A8X3-01,0.433333333,3162.4695,5704.3054,4.8741,247.766,618.1966,863.1194,3230.3006,1424.0455,1139.3176,2061.3323,780.26,1814.3786,330.2193,1825.7514,209.5857,108.3834,10.5605,59.7076,445.1665,828.1885,10293.6637,25.589,755.0772,1587.7335,2040.6174,9957.303,929.3258,432.5751,872.3802,2389.1145,4117.7904,99.5126,246.5475,328.1885,883.4281,5.2803,38.5865,43.4606,772.1365,15819.6588,16.247,642.1608,10118.1966,2894.801,2320.065,182.3721,101.9496,2518.2778,667.3436,140.5361,2447.5223,1181.1535,1387.2827,381.8034,1275.3859,1068.2372,160.0325,900.4874,23.9643,448.8221,997.9691,1025.9951,1556.4582,1222.9894,1656.7587,827.7823,4008.1235,8311.1292,665.7189,2.8432,1458.1641,729.0333,349.3095,1291.6328,7354.5898,149.472,723.8018,1569.0496,2342.8107,513.8099,533.3063,1630.788,1878.9602,5484.1592,1180.3412,2628.4606,4367.1812,1400.0812,1329.0008,46.3038,1955.7271,2235.1747,1081.6409,463.4444,571.4866,1569.4557,876.9293,1378.9602,1028.4322,0.4062,3245.329,717.303,48.3347,766.0439,1563.7693,8.5297,36.9618,42861.4947,334.6872,538.9927,6305.593,1138.5053,924.4517,20.7149,13.4037,23.5581,30.0569,1148.2535,2269.2933,516.247,1589.3582,167.3436,66.6125,478.879,54.8335,1132.0065,715.2721,269.6994,7035.7433,1.6247,134.4435,137.2868,691.3079,14.4882,226.645,1967.9123,73.9236,1002.8432,1255.8895,108.4484,84.078,9.7482,8571.0804,1221.7709,474.8172,1818.0341,1956.9456,2880.5849,1206.7425,2694.5573,1364.3379,775.3859,266.8562,2888.3022,137.303,3067.0187,653.9399,1.2185,1088.1397,660.8448,21.5272,114.9472,62.1446,150.2843,15.0284,1574.736,886.2713,4763.6068,2686.0195,2400.8936,573.5175,1838.3428,1087.7335,1411.0479,1204.3054,10.5605,2043.0544,2459.3826,3891.5516,1020.7149,166.1251,428.9196,1746.1413,1260.8002,1940.6986,2993.9074,2231.1129,2002.437,48.7409,19.9025,661.251,415.1097,1362.3071,2509.342,138.0991,146.6288,93.0138,1351.3404,847.2786,269.2933,1420.3899,23.1519,300.1625,225.0203,1141.3485,540.2112,1243.7043,2640.13,6318.0341,34.1186,133.6312,2228.2697,58.489,6313.16,391.1454,322.6239,1140.9423,1142.9732,2696.9943,18.2778,1119.0089,394.801,189.277,974.8172,36.1495,2433.3875,19.0902,25.9951,1461.8197,47.1162,788.3834,4561.7384,8791.2266,0,1324.5329,2.3842,2438.6677,1334.2811,1604.7929,878.1763,733.9561,24803.4119,157.1893,4424.8578,264.8253,1057.2705,3225.8327,371.2429,381.8034,21.9334,60.5199,950.0406,4303.818,1542.6483,47.5223,431.3566,117.3842,123.4768,16.6531,468.7246,139.3176,2879.7725,21.5272,6944.3542,60.5199,0.4062,11606.8237,7071.8928,419.9838,253.42,31.6816,32.4939,452.8838,0,303.818,667.7498,1930.5443,777.8229,2152.3152,3314.3786,7843.6231,306.2551,483.753,8.5297,688.4647,4.0617,0.8123,1128.3509,542.2421,15.0284,103.9805,1329.407,13.4037,214.4598,0,4109.6669,944.3542,347.7701,270.1056,253.8587,40.6174,633.6068,241.2673
TCGA-XQ-A8TA-01,2.766666667,2463.6449,5583.6531,4.1489,285.8625,289.1816,4759.2573,4516.9588,5205.2692,1766.6217,1521.4189,1153.4073,2537.0812,253.0858,1203.1947,302.4583,1011.5133,1.2447,10.3724,483.3523,1398.1952,10345.8147,329.8413,602.842,49.3725,2970.2313,7795.3905,1512.7062,1181.6202,233.5733,1413.1314,2112.229,973.7579,713.6189,23.2341,161.394,3.7341,8.2979,6.6383,628.1506,39804.1697,1087.854,344.7775,19158.1786,5845.4517,1681.5683,95.0109,65.5534,2276.5273,532.7248,4.5638,3915.0296,1214.3968,2007.6465,281.7135,2996.7846,1236.3863,192.926,772.534,11.6171,1017.7367,1463.3337,507.4162,1515.1955,978.3218,1802.6719,291.2561,2463.6449,14690.5923,1198.216,0,1235.5565,226.5325,338.969,1877.8135,8814.8532,72.1917,2541.2302,110.7769,2774.401,598.2782,0.8298,2898.4545,2131.3142,10648.273,1717.6641,1965.2816,4413.65,904.8854,820.2469,25.7235,2142.5163,2376.9319,1637.1746,745.5658,122.8088,1591.5361,1461.2592,1756.6642,1786.1218,2.4894,3839.4357,761.7467,131.9365,1091.588,1623.8979,333.9902,15.766,20982.8856,576.2888,1251.7374,5076.6186,3571.4138,665.0762,143.1387,3.7341,3.7341,9.9575,876.2576,5040.1411,244.7879,2437.0916,1034.7474,239.3943,112.0216,30.7022,1654.6001,182.5537,11.6171,4862.5661,68.0427,77.5853,9.1277,659.2677,592.6356,453.4799,268.022,129.0323,1300.5248,1210.6628,4.9787,10.7873,0.8298,10067.0055,1428.4825,211.1814,2400.5809,2898.8694,2573.592,301.2136,1371.2271,1411.4718,1965.3563,44.3937,964.2153,320.7178,10579.8154,57.2555,6.6383,2891.8162,675.8635,0,12.4468,17.4256,265.5326,4.1489,488.3311,693.2891,5956.6435,5876.5605,2878.5396,338.1392,3107.1466,1294.4715,1942.952,1416.0357,81.7343,1151.7477,5521.8338,1661.6534,556.7887,140.2344,112.8514,514.8843,114.4487,3171.8701,5728.4514,705.321,1325.5886,1132.6626,449.7459,114.096,317.3945,1305.2588,3240.7427,252.256,60.1597,553.0547,2383.1553,1994.8097,517.7886,43.1491,13.6915,450.9906,13.6915,1244.2693,309.0966,1504.8232,1961.2073,752.619,136.5004,30.7022,384.6074,98.135,5639.249,791.2042,220.4087,1269.1629,1773.26,1718.079,1.2447,605.3314,1377.8654,2258.6869,2026.3458,371.7457,4753.8637,402.4479,54.3512,1963.2818,24.0639,643.5017,2556.1664,7263.9768,6.6383,912.3535,9.1277,3856.4464,475.4693,1643.8129,981.67,1096.5667,4472.5651,1830.9304,4587.9058,662.5869,1808.5261,5048.8539,238.1496,322.7881,15.3511,77.1704,2580.6452,4293.3306,1130.1732,60.5746,234.4155,113.6812,349.8766,715.6934,588.7356,33.6065,6422.5703,129.4472,3093.0401,4.9787,0.4149,2838.7097,5311.8971,432.3203,564.7298,8.2979,23.649,334.82,0.4149,872.9385,432.7352,3102.5827,989.109,2165.3355,2211.3889,3302.562,239.3943,465.097,2.9043,241.0538,0,36.9256,104.9684,992.4282,287.1071,1.2447,1962.8669,0.8298,416.1394,0,1197.3862,9.1277,568.8207,933.928,107.8726,19.5001,384.1386,651.7996
TCGA-V1-A8WN-01,0.3,2999.096,5696.2575,2.1696,166.6968,809.6185,1013.9215,3235.9429,1412.4028,1213.1622,2537.6966,712.7102,1579.0996,579.642,2134.5146,240.4628,113.1803,29.2895,77.7436,550.3526,1764.2379,18562.6469,26.7583,713.795,1488.7001,2957.8738,8725.2793,1025.1311,468.9929,1205.1022,3325.9808,5502.4408,92.5692,244.802,1460.857,841.8008,5.0624,61.1101,236.4853,1077.9244,18705.4782,28.2047,477.6713,6287.4706,4639.3057,2538.0582,309.1665,83.1676,2627.0114,824.8056,151.8713,2677.1434,828.4216,1711.488,461.0378,1504.6104,875.4294,351.8351,836.0152,21.3343,536.2502,969.8065,844.6935,1937.4435,756.8252,2583.3918,924.2452,5130.3562,6233.5925,973.7841,2.8928,1705.2974,321.6706,381.8478,1634.7858,7088.7724,367.0222,719.2189,1856.8071,2846.1399,1075.7548,211.8966,827.6984,2348.9423,6515.6391,1511.1191,2723.0519,3798.9514,1133.249,1272.1027,83.1676,2497.5592,2718.4958,1010.3056,807.4489,1476.0441,1033.4478,960.7666,1430.4827,1041.403,39.7758,3067.4381,786.4762,87.8684,969.0833,1843.7895,23.8655,29.6511,24161.996,486.3497,978.1233,5447.6984,721.3885,807.4489,16.6335,15.9103,3.9776,19.8879,1401.5549,1578.0148,1030.9167,1338.6368,99.4395,44.4766,531.5494,39.7758,1343.3376,461.3994,294.341,6055.3245,86.7836,201.7718,158.7416,675.8272,39.3961,262.1587,1625.0226,41.5838,810.7286,1615.9826,43.0302,85.3372,24.2271,6052.7933,1526.3063,669.68,1827.8792,2395.2269,2283.8546,1121.6778,3467.0042,1729.1629,879.407,317.4833,2623.757,148.3276,1770.7467,239.3781,2.5312,1088.7724,1120.2314,7.5936,106.6715,87.1452,143.1929,16.2719,1242.8132,918.8212,6141.3849,3240.6328,2446.5739,732.2365,1826.0712,941.2403,1585.97,1451.4554,58.9405,2374.9774,2393.7805,6685.2287,1346.2303,383.6558,641.8369,1689.0255,2159.0273,2158.38,3025.8543,2368.107,1767.8539,35.4366,11.2095,719.5805,455.9754,1202.6758,2062.1949,155.1257,120.7738,100.5243,1682.5167,707.6406,335.2016,841.0776,37.6062,293.9794,481.0956,977.7617,1134.6954,1654.3121,1280.0579,7992.0448,93.654,231.4229,2784.3066,64.4187,8936.5395,533.3574,386.3931,1150.9673,1877.4182,3050.443,14.4639,1290.5442,627.373,248.7796,910.866,54.6013,4465.7386,23.5039,61.4717,1609.4739,115.7114,787.1994,4720.3037,7605.1347,1.0848,1664.0752,6.0893,2253.4804,2837.4616,1770.0235,976.5142,3163.2616,13.7407,155.4873,3833.6648,172.1208,1431.9291,4959.3202,380.763,3261.9779,31.459,163.4424,1200.8678,4148.2553,1849.9367,101.9707,387.2717,124.7514,186.6064,22.7807,871.4518,236.8469,9333.5744,16.9951,4953.5346,15.1871,1.4464,11563.9125,8350.7503,509.1304,388.4397,7.232,60.7485,674.0192,0,242.6324,1111.9147,3404.0861,645.4529,2399.9277,1881.7574,9292.3522,73.766,461.761,1.0848,819.0201,1.808,3.9776,641.4753,602.4227,9.4016,27.8431,2135.2378,2.1696,206.111,0,5459.049,47.0078,363.4713,223.1061,296.5106,100.1627,1792.5945,271.5603
TCGA-CH-5738-01,0.833333333,2890.4232,4823.7989,1.3297,195.1327,903.8598,902.8625,2997.4636,1385.874,1542.7779,2615.5089,643.5721,1563.3882,484.6736,1723.2839,183.8303,134.2991,31.9127,105.3783,581.7413,1453.6884,11424.7343,52.1905,503.9542,1697.3549,2509.7982,10216.6936,946.0776,576.7549,1144.1987,2949.927,4304.5532,103.7162,311.1485,580.744,349.3772,40.8881,2.327,136.6261,695.0977,14762.5997,17.286,372.6469,9340.7708,3054.308,3489.783,315.47,179.5087,2303.3631,756.2637,438.4667,2613.7105,1028.5186,1244.6006,676.482,1419.4488,807.7893,468.3849,822.0836,22.9372,667.839,1053.7828,1304.7626,2016.814,948.0721,3200.8969,989.9575,5294.8431,9757.9624,1161.4881,30.583,1640.178,1188.8366,495.976,2122.1923,6124.9048,404.8919,867.6256,1851.9319,2377.4936,1371.9122,390.2653,2229.5651,2062.356,6290.1194,1595.6333,2462.7669,3007.1039,1270.8554,1108.3003,278.571,1861.9046,2954.2485,880.2577,732.6616,2242.5296,1696.6901,799.1463,1077.3849,1225.3134,109.0349,2609.5253,974.666,64.8226,1668.1016,1609.9275,14.6266,139.6179,26542.03,482.3466,1032.5077,2729.7562,1258.8882,1116.6109,15.9563,13.2969,107.0404,66.4847,1583.9985,1696.0252,1784.1175,1476.9581,125.6561,135.2964,1974.2638,341.399,1359.2801,1749.213,274.2495,9257,48.8663,267.9334,418.5213,1148.5235,32.4645,180.8384,1693.3658,41.2205,604.0137,1801.0711,189.4815,314.8051,65.4874,23555.8688,1685.0552,680.4711,1569.7042,2016.1491,1858.9128,1056.7746,3118.1334,1850.6022,724.351,441.1261,3055.6377,135.7618,3720.1525,198.4569,1.6621,822.0836,1183.0956,8.643,144.9367,47.5366,172.8603,35.9017,2349.2376,1448.0372,5873.5926,3180.9548,1910.106,1043.4777,1752.2048,1131.2375,1608.9302,1560.7288,51.5257,2038.4215,2256.4914,7094.2521,784.8521,525.2293,612.3243,2173.3855,2091.4797,1876.5312,2964.5537,1655.802,1439.7266,49.8635,24.2669,1125.5863,359.6823,1153.5099,3599.8152,147.5961,102.3865,82.4411,1623.2244,644.8951,252.3095,1153.5099,19.613,262.2822,351.3717,1124.2566,754.934,1330.3593,2202.3064,4186.5428,187.8193,213.416,1849.2725,90.5389,13500.0548,575.0928,555.2205,1368.2555,3609.4555,2363.8642,19.2806,1159.1611,701.4138,259.9553,702.7435,50.8608,4279.6214,24.9318,52.5229,1340.6644,170.5333,945.0803,12003.1514,6044.1259,2.6594,1811.3762,2.327,2399.766,4681.5216,1984.9013,1241.1135,2278.7638,60.8335,189.149,4011.3556,203.7757,1932.046,4061.5516,972.0066,907.8489,30.583,306.4946,1386.5388,3790.6263,1591.9766,73.1332,285.5519,140.6152,128.3155,11.3024,2267.4614,180.1736,1763.8396,12.9645,22168.6651,76.7899,1.6621,39802.075,7136.1374,534.8696,269.8947,34.2396,138.2882,703.4083,0.9973,323.4482,1407.4815,3111.8173,551.8232,1746.5536,2357.8806,7617.4868,122.6643,377.3008,1.9945,875.6038,2.327,5.6512,599.3598,555.8123,26.9263,144.6043,2585.5908,1711.6491,223.0562,0.6648,6294.7733,43.2151,372.3144,227.0453,309.1539,171.5306,3675.3152,310.4836
TCGA-H9-7775-01,0.533333333,2677.0583,4793.3007,1.3266,164.8288,746.2068,853.6606,2628.6378,970.0688,1105.7126,2157.0351,678.5507,1762.7062,252.3837,1864.1904,192.0239,94.8512,15.2558,24.8736,420.1973,1976.6189,14046.9281,33.828,300.8042,1229.4171,2288.6991,8298.4628,865.5999,418.5391,649.6874,2288.0358,3839.8143,105.4639,270.956,236.4646,456.6786,4.6431,62.3497,51.4054,705.0825,17286.7921,17.5773,370.7819,8523.6713,3261.4211,2353.0387,204.6265,103.474,2392.8364,677.5558,113.4234,1686.56,796.9488,1445.3329,345.245,1048.006,945.1953,162.1756,939.2256,18.2406,624.4922,972.0587,981.6765,1623.0827,1270.2098,1856.6885,819.5009,3719.4262,9271.2047,1114.6671,22.552,1706.9895,589.7687,385.0427,2165.9896,7827.2117,117.0716,840.3947,1948.0972,2989.4702,720.3383,254.7052,1836.9953,2198.491,5222.7842,1468.5349,2660.068,4334.3006,1386.2864,1282.1491,11.9393,2162.6731,2560.9817,970.0688,483.2103,245.7508,1516.2922,889.8101,1180.665,488.8484,81.2536,2813.0337,741.5637,60.0282,831.1085,1447.6412,11.276,24.2103,32981.3448,309.4271,919.9901,3032.5213,2132.8248,1298.0682,17.2457,5.3064,6.6329,31.8382,1249.9793,1868.8334,1007.8766,1474.173,65.3345,108.4487,416.5492,60.3598,1410.165,345.5767,253.047,6912.1963,15.9191,194.6771,58.37,783.0197,24.6348,198.3252,1649.6145,28.19,779.0399,1382.6383,46.7623,238.4545,3.3165,2921.1508,1230.7437,533.9524,1824.3927,1584.2799,2800.0995,897.438,3356.2723,1575.6571,589.3375,328.6626,3376.5028,159.3002,3015.6703,294.1713,1.6582,768.7588,587.3476,3.9798,400.6301,63.3447,195.3404,21.8887,1496.3933,672.9127,4684.852,3596.7101,1479.811,599.9503,2139.7894,1024.1274,1817.7597,1759.3898,11.6077,2110.2728,1664.5386,5719.9237,715.0319,205.9531,953.1548,1689.0805,1698.4827,2463.4773,2316.2259,2068.8168,1622.4194,40.7926,9.2861,488.8484,401.6251,1307.0226,3563.8836,161.1807,269.961,103.474,1327.9164,532.9575,265.6496,1661.2221,32.5015,312.4119,444.7392,1331.5645,1266.5616,1059.9453,844.3744,6498.632,71.9675,116.4083,1179.0067,53.2327,4395.3238,467.6229,610.8548,1348.1469,1426.0841,3246.497,5.3064,1110.024,604.2617,240.4444,634.1099,42.1192,4909.0457,17.909,46.7623,1532.8746,35.8179,804.9084,2873.3936,3084.3214,1.3266,1330.238,1.3266,2927.4521,1339.1924,1886.7424,886.3345,594.3122,43.1142,191.0289,4063.6763,241.4393,1154.7965,5577.647,575.0767,940.8838,22.552,283.8902,921.6483,2947.351,1632.3688,67.3244,365.1439,115.745,78.2688,10.6127,429.4835,163.1705,355.5261,17.5773,2182.2403,55.7168,0,8700.1078,8229.5,378.4098,372.2643,6.9646,40.7926,584.6945,0,345.245,803.2501,1825.056,626.8137,2129.5083,1807.4787,6857.4745,275.9307,414.2277,8.2912,684.1887,0.6633,1.9899,471.9343,527.9828,11.6077,147.5831,1130.2545,6.9646,223.862,0.6633,3841.4725,241.1077,284.2219,267.3079,204.9581,54.3902,807.5549,347.5665
TCGA-HC-7079-01,0.333333333,2752.4077,3706.6613,2.0064,252.0064,865.5698,406.0995,3491.573,1849.1172,2800.9631,2380.4173,758.427,1863.5634,1606.3403,1331.862,123.9968,162.5201,148.0738,860.3531,1382.4238,1022.4719,6721.9101,23.6758,976.7255,2646.4687,3268.4591,8755.5457,1274.077,557.3836,1422.1509,2955.0562,4044.1413,213.4831,662.1188,1596.7095,293.74,146.0674,1.2039,670.5457,562.6003,15758.0257,17.2552,398.0738,4714.687,2928.5714,5774.8796,853.5313,2035.7143,2182.9856,806.5811,437.3997,3285.8708,942.6164,1319.9559,2248.7961,1530.0963,784.5104,1441.8138,760.4334,16.0514,485.9551,1019.6629,1637.2392,2341.8941,994.382,3093.0979,2600.321,6044.1413,6819.4222,1367.9775,323.435,1586.6774,1118.4631,529.695,2093.9005,4875.6019,1821.4286,1045.3451,1853.5313,2179.7753,1279.695,284.9117,1522.4719,2254.4141,7581.0594,1576.6453,1974.4342,2434.992,1486.7576,1037.3194,340.2889,1581.0594,2648.8764,1179.7753,945.4254,6396.0674,1491.573,991.573,1239.5666,1044.1413,2.809,2598.7159,782.9053,93.4992,1478.7319,1892.4559,50.9631,680.1766,16750.4013,782.504,1193.4189,3302.3395,1779.2937,2016.4526,54.5746,169.7432,3535.7143,1015.6501,1443.4189,1600.321,1406.9021,2642.8571,200.2408,163.7239,3287.3194,393.6597,1516.4526,7029.2937,393.6597,3757.6244,27.2873,315.8106,660.1124,2076.6453,176.6332,204.2536,1864.7673,30.0963,953.0498,1401.6854,289.7271,2062.199,1673.3547,29230.7384,1926.9663,951.8459,1497.9936,3290.931,2193.8202,752.4077,2756.0193,1679.7753,1195.4254,581.862,1762.4398,220.0923,2172.9535,402.8892,4.4141,1180.5778,1315.008,12.0385,294.1413,36.1156,274.077,201.8459,2989.1653,2443.0177,5774.4783,3495.9872,2310.5939,1051.7657,1906.9021,920.947,1167.3355,1559.39,180.5778,2604.7352,2121.9904,7756.4205,851.5249,2229.5345,4908.5072,3149.679,3293.7119,1695.0241,3460.6742,859.9518,1701.8459,92.2953,70.626,1406.5008,371.5891,1444.2215,6371.9904,147.2713,132.825,98.7159,1973.9165,916.1276,394.4623,799.7592,22.8732,328.6517,899.679,786.9181,607.5441,981.9422,2358.3467,2392.4559,643.2584,152.488,1106.3403,82.3274,16392.4559,475.1204,290.7263,1212.6806,4034.9117,1849.9197,217.0947,1032.9053,607.5441,592.6966,800.5618,91.8941,4284.1091,44.5425,59.39,1370.7865,209.4703,1277.2873,3497.5923,3616.7737,1.2039,1444.2215,6.0995,2661.3162,2915.7303,1546.1477,956.3483,1550.5618,222.3114,556.5811,4565.8106,343.0979,2429.7753,2601.5249,2118.3788,1607.5441,130.0161,207.4639,2677.3676,3960.2729,998.3949,49.7592,202.6485,187.801,134.8315,28.8925,2979.9358,300.1605,1364.366,24.8796,19812.199,1386.4366,21.2681,156319.7713,5392.0546,437.3997,241.3403,20.0642,1072.6324,549.3579,0,797.7528,2476.3242,2326.244,870.7865,1714.687,1677.7689,6159.3098,219.5024,357.1429,1.2039,1609.5506,55.7785,87.8812,526.4848,1294.1413,150.0803,80.6581,3127.6083,1650.8828,180.5778,0,5604.7352,10.8347,581.886,285.313,784.1091,1274.4342,2198.6236,127.6083
TCGA-KK-A8I9-01,1.1,3087.9607,7657.0025,0.9828,142.0147,352.8256,302.7027,2120.3931,1534.6437,545.4545,1185.258,1298.7715,1906.1425,287.9607,870.2703,148.8943,68.7961,13.7592,72.2359,459.9509,929.2383,6413.7592,29.9754,960.1966,1804.914,2005.8968,7411.2776,1426.5356,356.2654,746.9091,1817.6904,6288.4521,124.8157,292.8747,459.9509,642.7518,6.3882,16.7076,799.5086,524.3243,23675.6757,49.14,1300.7371,8568.059,6144.4717,2447.1744,260.9337,360.1966,2289.4349,477.6413,322.8501,1689.7641,696.8059,1656.1278,499.7543,838.3292,1091.8919,1154.7912,638.3292,13.7592,265.8477,819.1646,1303.1941,1246.1916,924.3243,3039.8034,1159.2138,2527.2727,9271.2531,832.9238,6.3882,993.6118,408.801,271.2531,854.5455,7400.9828,201.4742,419.1646,1615.2334,1890.4177,827.5184,302.7027,727.2727,1717.4447,5137.5921,1206.3882,1736.226,3253.0713,1600.9828,999.0172,104.1769,1415.7248,1646.683,1470.7617,406.3882,707.6167,1400.4914,660.4423,2189.1892,657.0025,36.3636,3185.7494,554.7912,22.113,2001.4742,2017.199,6.8796,71.7445,27719.9017,538.0835,1184.2752,4966.7125,829.9754,1493.3661,30.9582,23.5872,25.0614,93.3661,961.1794,1953.8084,615.2334,967.0762,219.656,139.0663,585.7494,208.8452,1150.86,719.9017,108.1081,4255.0369,62.8993,800.9828,300.7371,1444.7174,41.2531,205.8968,1459.4595,29.9754,568.5504,1494.3489,104.1769,148.8943,31.941,6604.914,922.8501,1191.6462,1821.6216,1183.7838,4235.3808,899.2629,2242.2604,1409.3366,859.9509,183.7838,1683.5381,229.1695,2628.0098,88.4521,5.4054,1084.5209,792.1376,15.2334,114.4963,26.5356,189.1892,50.1229,2103.6855,1395.5774,4853.5627,2320.3882,2484.5209,1585.258,1657.9853,934.6437,1649.6314,949.8771,79.6069,1955.774,3742.0147,8509.5823,686.9779,493.8575,744.9631,3084.0295,2182.4717,1568.059,1707.6167,1089.4349,1673.2187,62.8993,54.0541,1083.5381,414.742,1736.6093,2799.0172,199.5086,143.9803,133.1695,1287.9607,893.3612,366.5848,694.3489,6.3882,171.9902,271.7445,1200.9828,3640.7862,797.543,973.4644,2304.1769,126.7813,274.6929,2317.9361,46.3194,6608.8452,237.8378,203.2187,877.6413,2860.4423,2341.5233,50.1229,883.0467,554.7912,332.1867,682.5553,103.1941,5713.5135,37.3464,42.2604,1942.9975,39.312,504.6683,4511.5479,4634.8894,0.9828,1404.914,3.4939,2889.9263,4851.5971,1689.4349,682.8354,1670.2703,43.2432,176.4128,4732.1867,222.113,1249.6314,2959.2138,911.5479,1696.3145,55.0369,171.4988,2660.9337,2823.5872,1371.9902,43.7346,339.5577,102.1966,104.1769,26.5356,726.7813,420.1474,3546.4373,12.7764,2863.3907,41.769,5.8968,25660.4423,7414.742,370.516,233.312,78.6241,109.5823,486.4865,0.4914,211.7936,1085.5037,1778.8698,1294.8403,1714.0049,1243.2432,8698.2801,147.4201,317.9361,0.9828,924.3243,6.3882,5.4054,477.1499,496.8059,21.6216,16.2162,3975.9214,568.059,429.484,0.4914,6036.855,5.8968,433.4398,220.1474,270.2703,274.2015,524.7715,230.4668
TCGA-VN-A88O-01,0.633333333,3361.3059,7407.2882,5.0581,65.7547,698.4711,367.3986,2778.7102,1316.4732,634.5557,1046.5571,1035.5213,1683.4119,221.1748,1005.173,165.0764,83.228,15.1742,54.2591,433.6131,1460.3977,13596.0455,14.2545,1350.0402,1403.3797,2073.8016,6714.2614,1163.3521,485.1132,1089.8448,2244.3959,6748.3619,131.5094,341.1886,448.3274,1489.8264,3.2188,19.7724,60.6966,647.4307,19347.0514,19.3126,1218.5309,10041.614,5839.2919,1648.0055,347.6262,127.371,2444.4189,601.9083,93.3441,1847.6561,744.9132,2431.7048,314.0591,640.9932,935.7397,99.3218,804.6902,19.3126,359.5816,696.172,917.3468,1154.6155,863.0877,1938.6136,460.2828,2959.8804,8063.4556,928.3826,4.5982,1403.8395,224.2373,200.023,1013.9096,8964.2488,134.7281,305.7823,1372.1117,2033.797,1012.5302,1093.9188,482.8141,1874.2384,4833.659,1306.8169,2823.0187,4877.802,1964.3637,972.5256,50.5805,1684.3315,2031.0381,1214.3925,434.0729,556.8456,1129.3252,756.4088,1870.5598,835.4983,2.2991,3347.971,452.4658,21.1519,1708.7021,1709.162,13.3349,37.7055,29538.5677,372.9164,754.5695,7940.6323,577.9975,772.0428,17.0134,18.8527,36.7858,36.7858,1053.9142,1780.8944,763.3061,1299.9195,221.6347,55.1788,239.1079,52.4198,1522.014,605.5868,53.3395,5493.9648,32.1876,136.1076,87.8262,523.2785,59.4045,207.3802,1047.4767,96.103,590.8725,1686.1708,17.0134,89.2057,11.4956,12386.7111,1053.4544,224.8534,1802.0462,1493.0452,3993.5625,1379.9287,2763.0762,1405.6788,938.0389,113.5763,2288.9987,205.7892,1853.0866,53.7993,2.7589,1301.7588,575.6984,15.1742,84.1476,18.3929,124.612,13.3349,651.1093,556.8456,5134.3833,2072.8819,2557.4526,573.3992,1959.7655,1092.5394,1822.2784,989.539,33.1073,1894.0108,2505.5754,7095.988,1043.7981,211.9784,669.9621,927.9227,2094.7787,1967.5825,1855.3857,1377.1698,2786.0674,46.9019,16.5536,314.9787,312.2198,1035.9811,2211.7485,116.795,133.8085,133.8085,1272.79,657.5422,312.6796,409.2424,16.5536,161.3979,196.3444,1211.1737,846.5341,1040.5794,589.0332,5258.0756,114.0361,741.6944,3060.5817,29.8287,7885.0443,400.5058,380.3748,928.8424,1774.4568,2704.6787,24.3706,2172.6635,529.2562,315.8984,910.9093,43.2234,4913.2084,27.1296,54.7189,1960.2253,54.2591,535.2339,3903.4372,7257.3859,2.2991,1370.2724,8.3182,2465.5708,5180.8254,1614.4384,900.8162,2381.883,22.5313,145.3041,6500.9771,208.2998,1058.0526,2910.6794,391.3093,2712.9555,17.0134,31.7278,938.0389,2450.3966,1723.8763,72.652,580.7564,114.0361,116.795,20.2322,443.7292,137.0272,8777.1008,28.9688,5185.8834,25.2903,2.2991,16443.7292,7862.9728,445.1086,294.5902,22.0715,59.3172,539.3723,0,312.6796,673.1808,1697.6664,924.704,1837.9124,828.601,8969.3068,54.7189,297.9653,1.8393,743.5337,1.8393,11.0358,1201.0576,184.8488,8.7366,51.0403,1329.3482,2.7589,392.229,1.3795,5229.1068,557.7653,469.07,291.5278,347.1663,19.7724,805.2742,86.4467
TCGA-Y6-A8TL-01,0.666666667,2873.6985,7607.062,2.4144,167.7984,666.3649,415.8745,2547.7592,1376.7919,787.6867,1659.8763,812.434,1665.9122,306.6244,994.115,153.3122,69.413,16.297,33.1975,348.8758,1124.4907,11547.3065,52.5124,1074.9962,1284.4424,2159.6499,6781.3128,1181.8319,381.4697,589.075,2159.0463,7240.6821,106.8357,264.9766,389.3164,827.5238,6.0359,3.6215,71.2238,694.7337,17615.8141,54.9268,822.0914,17142.5985,3883.5069,2041.346,298.7777,89.3315,2349.7812,641.014,115.286,1797.4589,676.6259,2074.115,366.38,960.3139,949.4492,202.8067,763.5431,28.3688,424.9283,883.0542,907.8014,1301.343,718.8773,1898.2949,586.6908,3084.9555,10216.3875,755.0928,1.2072,1094.9147,726.3377,228.1575,1145.0128,7066.8477,111.0608,514.8634,1814.9992,2043.1568,700.166,2417.987,1561.4909,1733.5144,4991.097,1202.9576,2450.581,3333.6351,1592.8776,1021.8802,43.4586,2177.7577,1920.6277,1158.8954,465.9725,478.648,1011.0155,902.3691,1473.9701,873.3967,27.7652,2777.7275,499.7737,41.0442,971.7821,1554.2478,13.279,16.297,36945.2241,415.2709,784.0652,13321.7383,622.3027,829.3345,24.7472,3.6215,42.2514,53.7196,1030.3305,1849.404,1470.9522,1674.966,286.7059,77.8633,275.8413,19.9185,1286.2532,430.3606,141.844,7389.7691,105.0249,208.239,677.8331,855.8926,48.9995,130.9793,1626.6787,80.2777,652.4159,1257.2808,37.4227,71.8274,16.9006,12454.5043,1101.5542,515.467,1846.9896,1537.9508,3239.4749,907.1978,2687.7924,1443.7906,883.0542,331.9753,3255.7718,290.1464,2757.809,117.7003,4.8287,1000.1509,799.155,9.0539,146.6727,19.3149,176.2487,16.9006,1508.3748,287.9131,4318.6962,1825.8639,2443.3379,707.4091,1928.4744,1123.8871,1816.81,1398.5212,42.2514,1608.571,3033.0466,5712.9923,837.7848,170.8164,532.9712,1468.5378,1462.0613,1752.8293,2296.6652,1486.6455,2113.777,55.5304,33.8011,560.7364,300.5885,910.8194,2492.2288,114.6824,113.4752,128.565,1421.4577,580.6549,331.9753,893.9188,24.7472,225.7432,203.4103,1326.0902,513.6563,886.0721,497.3593,2629.244,79.6741,557.1148,2158.4427,52.7599,5798.0987,350.083,395.1894,1036.3664,1458.8803,2857.4015,22.9365,1188.4714,728.5348,280.0664,759.9215,35.0083,4640.4104,30.7832,47.0801,1697.2989,28.3688,715.8594,3974.0456,8321.7142,1.2072,1123.8871,3.6215,3698.8079,1630.9039,1605.553,908.9543,911.423,44.0622,220.3108,5152.8595,225.1396,885.4685,3243.7,414.6673,2006.9413,13.8826,181.681,1318.8471,2833.2579,1568.1304,74.2417,431.5678,118.3039,137.6188,15.6934,213.0678,214.2749,5360.4949,17.5041,4034.4047,36.8191,1.2072,11001.6599,6687.1888,396.5595,352.1473,31.9903,34.4047,682.6618,0,271.6161,803.9837,1837.9357,834.7669,2047.9855,1656.8583,5663.4978,124.9434,421.9104,5.4323,650.6715,3.018,17.5041,803.3801,392.938,4.2251,115.286,1358.6842,0.6036,256.5263,2.4144,4213.0678,12.0718,478.7144,266.1838,233.5899,112.2559,788.2722,187.1133
TCGA-KK-A6E0-01,0.433333333,2062.6422,6436.7617,2.6011,108.8111,681.9118,304.3243,1375.0948,818.4675,602.5794,1469.6001,865.2867,1626.9643,136.5558,825.4037,221.0903,141.7579,24.2766,42.484,363.2817,1400.6719,13882.3019,71.5292,1116.2892,1040.4248,1182.6162,7415.6194,1035.6562,229.327,467.3025,1809.4722,4980.1669,187.71,278.3136,290.8854,340.7391,8.2367,9.1037,96.2393,568.3321,26513.9265,39.0159,991.8717,31690.9071,4788.5553,1470.0336,273.1115,66.7606,2009.754,500.7045,54.1888,1114.6548,1066.4355,1998.5521,210.2525,798.5261,1270.1853,274.4121,1058.1988,10.8378,459.0875,924.2441,901.7015,1561.5043,1023.0844,1249.8103,466.4571,1470.9006,10154.98,534.0848,2.6011,1108.0525,75.8556,230.6275,674.9756,8729.5979,158.2313,336.8375,314.7285,2554.243,732.199,53.7553,736.9676,1579.2782,3916.3325,1386.7996,1081.6777,3140.7825,1612.6585,746.9383,16.0399,1825.0786,1840.6849,1038.6908,188.1435,377.5875,1140.5657,606.0475,1201.6907,762.1112,0,2640.5115,469.4917,12.5718,973.6642,1148.8024,18.6409,31.6463,36993.1722,622.0874,933.3478,7519.9653,244.0663,1438.3873,57.6569,8.6702,8.2367,28.1782,915.1403,2230.8443,1309.2013,1968.5705,459.521,114.8802,363.2817,46.3856,1623.9298,498.1034,33.3803,4663.2708,46.3856,186.843,79.7659,741.7362,66.8039,147.827,917.3079,34.6808,676.7097,951.5552,11.2713,56.7899,5.2021,3184.567,814.9995,864.4196,2424.6234,990.1376,3839.6012,994.4727,3145.9846,1616.5601,598.6778,142.6249,909.9382,107.2201,1861.0599,112.7127,1.734,1220.3316,821.0686,1.3005,37.7154,10.8378,157.3643,6.5027,843.6111,133.9547,4919.4755,2512.626,2388.1088,411.8348,2277.6634,919.4755,1317.8715,1465.6985,21.6755,819.7681,2014.9561,5725.8047,1098.9487,427.0077,590.4411,922.51,752.3615,1445.3235,2367.4,721.7947,1889.2381,135.2552,56.3563,352.8774,287.4174,1131.0285,6005.4189,228.8935,148.2605,183.3749,1308.7677,338.1381,355.912,170.8031,3.0346,337.2711,131.7871,1149.2359,1589.2489,1415.8448,358.9466,796.792,238.4307,358.9466,1778.693,40.8714,4343.7737,431.7763,332.5241,1605.7223,2031.4295,3122.1415,6.9362,2401.2138,694.9171,262.7073,474.6938,55.0558,6907.5539,41.617,196.8137,1810.3392,21.6755,592.1751,3211.0112,5669.8819,0,1159.2067,5.8134,3495.394,2207.4347,1505.1479,692.4417,397.9625,2.6011,85.835,4097.5398,313.8615,788.9888,1796.0334,825.8372,1147.5019,11.7048,501.5715,1278.8555,3757.2342,1575.3766,69.3617,559.2284,205.4839,107.5106,21.242,733.933,254.9041,8263.5743,23.4096,2845.9954,31.2127,0,11876.8831,7257.3968,418.3375,270.2373,11.7048,42.484,571.8002,0,262.2738,691.8825,1574.5096,774.683,2383.0064,765.5793,9421.9139,101.0079,463.4226,146.093,713.1245,0.867,1.734,305.1913,361.5476,8.6702,5.2021,1531.1586,113.1462,134.3882,0.4335,5231.1694,77.1648,315.162,276.5796,179.9068,64.1595,418.758,194.6461
TCGA-EJ-7782-01,5.966666667,4457.5668,6508.0119,0.2967,232.9377,1107.7151,2163.7982,4254.8961,1398.8131,981.6024,2985.4599,1143.6202,1930.2671,947.7745,1886.9436,332.9377,228.4866,54.5994,70.3264,1060.2374,1319.5846,15144.2136,41.2463,611.276,1876.5579,2854.3027,9028.1573,1454.0059,528.4866,1196.4303,3587.2404,8470.0297,147.4777,221.6617,645.6973,1049.2582,6.8249,2.9674,156.3798,1183.3828,19409.7923,13.3531,569.1395,5211.5727,7481.6024,2656.0831,243.6202,111.5727,2079.822,1075.0742,142.1365,4058.543,783.0861,1866.9199,637.9822,1178.635,1183.6795,422.2552,975.0742,53.1157,183.6795,1349.5549,894.9555,2661.1276,1566.7656,1131.1306,1714.8368,10063.5015,8010.3858,895.8457,24.0356,2061.1276,432.7211,521.9585,1310.089,5696.4392,210.9792,597.0326,1561.4243,2858.1602,894.6588,198.5163,987.8338,2823.1454,5867.3591,1827.5964,2089.0237,3765.8754,1543.9169,882.7893,12.1662,1496.4392,2872.7003,1208.3086,464.6884,629.0801,1218.3976,1091.9881,824.3323,952.2255,0.5935,3384.5697,865.8754,175.6677,565.8754,1858.457,60.2374,53.1157,28467.6558,669.4362,1582.1958,7363.73,496.1424,838.8724,16.9139,6.5282,22.8487,32.3442,1489.0208,1975.3709,322.8487,1569.4362,290.5045,87.8338,540.0593,61.4243,2236.2018,652.2255,286.6469,10132.6409,15.1335,231.1573,307.4184,1128.4866,114.8368,173.5905,1691.3947,14.8368,841.6469,1389.6142,102.3739,139.7626,29.9703,3133.8279,1485.4599,1292.2849,1913.6499,3270.0297,2014.5401,1016.0237,3851.9288,2048.9614,754.5994,246.5875,2818.3976,131.911,1286.0534,151.3353,2.0772,2030.5638,1532.3442,4.7478,390.8012,20.7715,249.5549,23.7389,2206.2315,625.2226,5089.911,3303.543,2454.3027,730.8605,1765.5786,1289.0208,1569.1395,1101.4837,24.3323,3540.3561,1515.1335,6654.3027,1125.5193,281.0089,1265.5786,1277.7448,1174.2047,2393.4718,1986.0534,3070.9199,1704.1543,95.8457,40.3561,551.0386,450.4451,1288.4273,2363.2047,170.9199,312.7596,164.9852,1752.5223,634.4214,207.4184,709.1988,12.7596,429.6736,159.9407,1081.3056,1804.451,2916.9139,536.4985,3703.8576,119.5846,662.6113,3928.1899,157.5638,4951.632,412.4629,967.6855,1356.9733,1594.9555,2239.7626,7.4184,2192.5816,580.7122,234.1246,876.5579,23.4421,5026.4095,63.5015,57.8635,1553.4125,59.6439,764.3917,2175.3709,5739.7626,0.2967,1518.3976,9.4955,3562.908,1162.6113,1797.3294,575.5608,862.6113,19.5846,134.1246,4178.3383,297.0326,1409.1988,3678.0415,458.1602,725.816,38.5757,97.6261,2929.3769,4478.9318,2483.3828,18.9911,394.9555,115.727,162.2107,38.8724,512.4629,221.9585,6591.9881,35.905,2851.3353,34.4214,1.4837,11583.9763,9035.6083,659.3472,118.3175,51.632,75.6677,510.6825,0.8902,201.7804,730.8605,2441.543,531.7507,2386.3501,1813.6499,7653.1157,79.2285,420.178,2.3739,829.3769,4.1543,3.2641,636.7953,691.9881,23.1454,19.2878,1016.9139,234.4214,212.4629,0.2967,8262.908,18.9911,275.9644,318.9911,299.7033,144.8071,450.6766,167.0623
TCGA-EJ-A65E-01,0.733333333,2488.0518,5480.8711,1.8835,61.6833,553.7375,278.2813,2567.1572,1732.784,725.1324,1604.7087,692.1719,1822.2484,375.7504,1842.4956,154.9147,120.5415,21.6598,32.0188,387.9929,1431.9011,14811.0653,14.5968,998.2343,1347.6162,1925.3679,8445.867,848.97,287.6986,322.5427,1966.3331,4958.6816,183.6374,215.6563,593.761,869.2172,2.8252,119.1289,212.8311,505.2384,18931.6068,374.8087,744.9088,21776.1036,4074.3967,1853.7964,299.9411,51.7952,2105.7092,877.6928,116.3037,1599.3172,972.8075,2488.5368,450.1471,651.6775,971.3949,142.6722,1281.6951,19.3055,601.2949,945.0265,802.3543,1647.0865,1146.0859,1938.5521,672.8664,4785.874,8750.5592,1001.5303,1.4126,1200.2354,425.2148,210.9476,1387.1689,7328.0753,90.4061,387.0512,1897.5868,1822.7192,1170.5709,198.2343,751.9717,1448.3814,5523.7198,1489.3467,2756.2472,3468.864,1852.8546,775.9859,53.6786,1793.9965,2486.6392,1411.6539,523.1313,395.0559,1105.5915,976.1036,1221.4244,1386.2272,0.4709,3105.827,566.9217,35.7858,1033.5491,1156.445,26.3685,28.2519,22167.3926,492.9959,1236.9629,5043.6398,474.6321,798.5874,25.8976,3.2961,8.4756,16.0094,993.0547,1929.1348,552.3249,1499.2348,217.0689,96.9982,229.3114,35.3149,1596.2331,490.1707,44.7322,6454.1495,35.7858,79.5762,73.9258,382.8134,70.724,379.0465,771.7481,57.9164,940.3743,1206.3567,16.0094,70.6298,8.0047,7429.7822,1127.2513,209.0642,1524.1907,1304.7675,2448.0283,1350.4414,3184.9323,1826.0153,1018.0106,143.6139,2185.7563,178.764,715.7151,169.0406,1.8835,1217.1866,504.7675,3.7669,42.8487,109.2407,187.4044,13.1842,861.6833,319.7175,6201.7657,3215.0677,2293.5845,422.837,2286.0506,1451.2066,1818.9523,1599.5291,56.033,1252.0306,4860.7416,4338.5521,1231.3125,398.352,642.2602,968.5697,2555.7528,1477.575,2885.462,1208.2401,1983.2843,102.6486,52.266,369.6292,258.0341,954.4438,11527.2513,91.3479,118.658,109.7116,1306.1801,651.6775,359.741,850.8534,16.4803,313.1254,275.4562,1425.309,362.0954,1197.4102,2011.0653,5948.4403,149.7351,583.402,6067.5692,18.877,5201.648,405.8858,487.8117,1575.9859,2110.4179,3829.0759,10.359,1543.0253,614.0082,318.3049,686.0506,72.9841,5390.465,63.0959,61.6833,1397.9988,31.0771,672.3955,1660.7416,13385.2855,1.8835,1279.8117,1.2808,3013.0665,1113.1254,1842.0247,929.2431,1330.1942,29.1936,607.887,5443.2019,229.7822,849.4408,2207.4161,549.4997,1188.4638,57.9164,405.4149,1143.2607,3020.1295,1889.5821,50.3826,498.6463,133.2549,194.4673,43.3196,2157.0335,77.6928,7038.4932,27.3102,4795.2913,14.5968,0.9417,8734.5497,6531.8423,525.4856,469.8105,9.8882,39.0818,612.1248,0,304.6498,740.2001,2408.4756,678.5168,2472.5132,1187.0512,7344.0848,465.2148,279.2231,0,744.4379,4.7087,3.7669,1148.9111,329.1348,7.5338,29.1936,2123.6021,17.422,141.7304,0.4709,4711.9482,32.4897,670.5827,347.9694,323.0135,47.0865,744.9088,182.6957
TCGA-HC-8258-01,0.333333333,2616.4875,7198.0287,2.0908,195.9379,971.9235,675.9259,2929.8088,1374.552,849.1637,1417.5627,904.7192,1919.0562,741.3381,1262.2461,213.2616,99.4624,16.7264,67.503,491.9355,1077.0609,14588.411,17.3238,1032.5568,1792.1147,2262.2461,6997.8913,1166.9654,335.4241,1147.8375,2474.313,8244.325,100.9558,286.4397,1625.7467,1500.2987,9.2593,14.6356,580.0478,887.9928,15309.4385,37.6344,734.767,8033.1541,5336.0215,2542.7121,257.1685,109.9164,2001.1947,695.6392,127.8375,2621.7085,608.4229,1324.5699,456.0932,1222.8196,1042.1147,474.313,844.086,17.0251,409.7969,910.3943,984.4683,1599.1637,942.3536,2236.6487,1328.2557,5567.2043,7166.0693,622.1625,0.8961,1193.8471,360.3017,294.5042,1807.945,7609.6177,289.1278,585.4241,1280.4659,2058.8411,631.4217,143.6679,881.4217,2032.5568,5636.7981,1202.8076,2099.2025,3425.6272,1805.2569,1153.2258,93.19,1581.2425,1880.8244,1227.8973,462.6643,1075.8662,934.2891,930.7049,1207.8853,748.5066,2.9869,3225.8065,626.3441,45.4002,844.086,1350.0597,18.2198,40.3226,27997.3118,363.5006,554.6595,4610.5287,544.5042,1183.6918,23.8949,16.4277,100.9558,51.9713,1106.0335,2008.3632,911.589,1333.0346,130.8244,91.0992,533.7515,52.27,1319.2951,842.5926,139.4863,7590.5018,93.19,166.6667,333.3333,793.6081,24.0442,238.0526,1144.2652,102.7479,783.9427,1203.1063,30.4659,109.0203,29.8686,19109.6177,1243.4289,435.7826,2046.595,1747.6105,2097.9689,1008.9606,2761.3501,1345.8781,546.8937,221.3262,4117.9809,254.7192,2804.3608,425.0299,0.8961,977.2999,1058.8411,1.7921,208.4827,41.816,192.055,17.3238,1047.491,678.3154,3936.3799,2227.2969,2757.4671,649.0442,1948.0287,1123.0585,1736.2605,1346.7742,131.1231,2011.0514,2804.0621,6242.2342,1201.0155,500.8961,897.2521,1442.3536,1823.3781,2032.2581,2225.5078,1321.0872,2496.1171,42.4134,15.233,662.1864,378.4349,1405.3166,2916.368,152.6284,154.7192,128.7336,1508.9606,691.4576,314.5161,601.5532,25.3883,258.6619,272.9988,1317.503,642.1744,1135.006,3458.4827,5189.3668,232.9749,765.233,1704.0024,38.6231,6574.6714,379.9283,414.8925,972.8196,2691.1589,3080.6452,19.1159,1450.4182,669.0562,338.1123,897.8495,110.2151,4791.816,27.7778,82.736,1727.5986,62.4253,626.3441,1674.7312,7829.7491,0,1396.356,1.2067,3327.957,2518.5185,1766.7264,650.0836,2543.6081,38.5305,188.4707,4785.2449,214.1577,795.6989,3270.0119,517.3238,3307.049,192.6523,121.2664,1483.2736,2996.1171,1425.6272,59.7372,432.1983,126.6428,132.0191,14.0382,8154.4205,211.7682,6156.5114,11.9474,18747.0131,14.9343,0.8961,15094.9821,7221.0275,433.0944,257.9152,19.1159,49.5818,555.5556,0.2987,222.5209,556.4516,1822.282,927.4194,2025.0896,1782.2581,8841.0992,104.54,363.2019,14.0382,850.0597,4.1816,14.9343,910.9916,462.963,15.233,28.0765,2439.9642,48.9845,282.5568,0.2987,7211.4695,36.141,437.5747,281.362,408.3035,121.8638,1830.0119,274.4922
TCGA-HC-8261-01,0.533333333,2454.836,6995.122,2.6913,126.1564,441.7157,769.7225,3159.2935,1857.6955,751.8923,1633.3053,884.7771,1895.3743,431.2868,1320.7738,240.2019,132.8848,22.2035,85.45,479.058,1243.7342,13556.9386,17.1573,1136.4172,1362.4895,2279.2262,7282.402,1096.7199,452.8175,1025.7157,2591.0849,7155.5929,151.7241,214.6341,580.9924,617.3255,12.7839,59.5458,149.0328,739.7813,19503.7847,418.8394,870.6476,15804.2052,4396.6358,2317.9142,325.6518,110.6812,2314.8865,738.7721,74.0118,1666.9537,732.0437,2610.5332,422.5399,1258.2002,1207.4012,292.3465,967.1993,19.5122,473.0025,935.5761,1004.878,1617.4937,773.7595,1635.2969,520.7738,5116.5685,8682.9268,798.9907,2.0185,1176.7872,193.8806,273.5071,1366.5265,7671.9933,741.127,442.3886,1790.4121,1972.7502,598.4861,593.7763,1214.8024,2048.7805,5559.9664,1331.8755,2175.455,4336.0807,2049.1169,1384.693,23.5492,1848.2759,2090.4962,1290.1598,483.4315,395.6266,1157.275,1229.9411,1045.9209,782.5063,2.6913,3145.5004,594.1127,42.0521,697.7292,1065.4331,12.111,72.3297,28678.5534,405.7191,667.1152,4414.2439,387.889,748.1918,28.5955,20.185,38.3516,46.4256,1294.1968,2080.7401,1030.1093,1172.0774,269.4701,101.2616,777.7965,104.9622,1500.7569,687.9731,107.6535,7620.8579,33.9781,184.0202,170.2271,646.9302,66.3616,241.8839,927.8385,88.1413,706.1396,1372.2456,44.4071,133.2212,16.4844,3106.8124,1075.8621,284.2725,2147.0143,1664.9285,3172.0774,1116.905,3144.4912,1472.4979,648.6123,194.4491,3522.6241,208.8242,2669.8066,115.7275,1.6821,1217.8301,947.0143,6.3919,251.9765,55.1724,191.4214,12.111,992.4306,201.1775,4195.7948,2512.3566,3012.2792,571.5728,1988.5618,1250.799,1904.4575,1173.7595,154.4155,1718.0824,4350.8831,5911.5223,1362.1531,487.132,323.6333,1224.5585,2049.6619,1911.8587,2748.5282,1871.4886,2359.9664,91.169,44.7435,557.7796,367.704,1229.6047,1847.603,122.1194,125.82,159.4617,1539.1085,470.984,293.0193,416.4844,8.4104,207.9058,201.1775,1451.64,410.7653,1231.6232,388.2254,3262.91,206.8966,881.7494,1551.5559,38.8225,3827.418,396.6358,456.2153,1058.7048,1468.1245,3518.9235,16.8209,3161.312,746.1733,388.2254,937.931,113.709,5584.5248,63.2464,44.4071,2114.3818,49.4533,591.7578,725.9882,8855.5088,1.0093,1041.8839,1.0093,2954.4155,902.6072,1635.6602,824.7468,643.9024,19.8486,142.6409,5064.7603,261.3961,804.7098,4266.7788,566.1901,1219.1758,35.9966,162.4895,1394.1127,3211.1018,1788.0572,71.6569,530.8663,142.6409,134.005,41.0429,337.09,176.2826,2340.4542,26.2405,1698.5702,40.0336,1.3457,21817.6619,7869.8066,452.4811,251.4214,20.8579,55.1724,495.5425,0,242.8932,639.8654,1897.3928,796.9722,2040.3701,759.9664,7362.1531,111.6905,333.053,1.3457,734.7351,2.6913,2.6913,917.746,397.6451,26.577,28.9319,1511.8587,60.5551,135.5761,0,6958.4525,46.762,468.9655,262.7418,267.4516,73.3389,602.8495,218.6712
TCGA-KK-A59X-01,1.166666667,2049.8145,7019.6078,13.7785,74.7218,1436.142,221.5156,1043.9852,629.5707,251.1924,1268.1505,965.5538,1431.9025,129.8357,872.814,182.8299,114.9974,23.8474,19.0779,279.8092,758.8765,7281.399,43.4552,1570.7472,1037.0959,1136.195,7045.0344,1059.3535,372.0191,443.0154,1534.7112,8001.5898,180.1802,270.2703,276.6296,905.6704,1.5898,3.1797,57.7636,500.265,35948.0657,9.009,1721.2507,9064.6529,8378.9083,1290.4081,192.3688,50.8744,1945.416,476.4176,43.9852,939.1627,1111.2878,2214.8755,102.8087,448.3307,1089.0302,113.4075,875.9936,11.6587,223.6354,493.3757,714.8914,1165.8718,593.5347,1576.5766,413.3545,1861.1553,11501.8548,534.7112,1.0599,1058.2936,240.7843,186.0095,699.5231,9281.929,112.8776,291.9979,1913.0896,1655.0079,763.646,1871.2242,895.0715,1300.4769,4692.1039,886.5925,1066.2427,2936.9369,1923.6884,794.9126,35.5061,1438.7917,1818.7599,1392.6868,263.381,248.0127,867.5146,627.451,1540.0106,624.2713,0,3452.0403,381.0281,29.6767,579.7562,1372.0191,17.4881,33.9163,22199.788,450.9804,493.3757,4326.2268,319.0249,933.7573,59.3535,8.4791,19.0779,20.1378,857.4457,2338.1028,884.4727,1084.2607,725.4902,118.7069,327.504,43.4552,937.4669,1248.0127,24.3773,5119.7668,35.5061,118.177,77.9014,506.0943,65.2305,253.8421,771.5951,23.8474,961.3143,1232.6444,56.7038,64.6529,9.009,5935.8771,837.3079,255.9618,1841.0175,599.894,3918.389,1125.5962,2928.9878,1713.8315,511.9237,308.956,1204.0276,167.9279,565.4478,352.4112,3.1797,1316.9051,580.2862,3.1797,103.8686,4.2395,133.0154,15.3683,1188.1293,656.0678,5217.2761,2956.5448,2334.9232,491.256,2791.203,953.3651,2304.1865,767.8855,8.4791,673.5559,798.6222,3893.4817,687.8643,543.1902,721.7806,654.478,1200.726,1063.0631,1960.2544,830.9486,1664.017,209.327,111.2878,493.3757,327.504,1151.0334,13557.4987,109.6979,220.4557,166.4017,1347.6418,422.8935,298.8871,370.4293,2.6497,137.7848,283.5188,2087.4404,1240.0636,1239.5337,488.0763,1452.5702,67.3026,1039.2157,1319.5548,49.9788,5736.089,308.4261,199.0779,871.2242,1466.8786,2603.0737,6.3593,2808.691,574.9868,343.4022,571.2772,28.6169,8967.1436,69.4224,99.629,1324.3243,13.7785,572.867,700.5829,5045.045,0,1000,1.0599,4810.8108,8372.0191,1730.2597,418.6857,517.753,12.1887,88.5003,5034.9762,223.6354,1292.5278,1725.4902,695.8135,712.7716,13.2485,55.1139,1634.8702,3097.5093,1817.7001,130.8956,741.3884,86.3805,65.1828,68.8924,516.6932,95.9194,3338.6328,11.1288,2248.5427,16.9581,0.5299,9429.7827,8697.9332,259.1415,142.2099,57.2337,54.0541,420.7737,0,927.398,1018.548,1605.7234,935.3471,1909.38,699.5231,11407.5252,90.62,351.8813,1.0599,702.7027,5.2994,0.5299,910.9698,188.1293,21.7276,9.009,2968.2035,9.009,232.6444,0,4270.8002,201.3778,372.549,282.4589,110.2279,40.2756,351.309,118.177
TCGA-KK-A59Z-01,1.2,3704.5191,9239.861,5.7937,126.883,756.6628,442.6419,2199.3048,1720.7416,645.4229,1402.0857,736.3847,1660.4867,406.7207,1204.5191,222.4797,68.9455,17.3812,75.3187,718.4241,1107.1842,5077.0568,24.9131,688.2966,1454.8088,1814.0209,7265.9212,1179.0267,439.1657,877.752,2556.7787,4371.9583,172.6535,297.7984,701.0429,1482.0394,1.7381,8.6906,147.7404,873.117,19012.1669,628.0417,1760.139,6138.4705,3523.175,2261.8772,274.6234,152.3754,1707.9954,455.3882,136.7323,1667.5087,982.0394,1060.3882,276.9409,852.8389,1041.7149,566.628,531.2862,15.6431,307.6477,739.2816,1019.1194,1272.3059,895.1333,3229.4322,884.1251,2737.5435,10840.6721,1012.1669,5.7937,1207.9954,314.9131,242.7578,1041.1356,7172.0742,322.7115,606.6049,1450.1738,2553.3024,643.1054,60.2549,766.5122,1660.4867,4317.4971,1163.3835,2220.7648,3513.905,2040.5562,1839.5133,38.8181,1975.0869,2142.5261,1238.1228,406.1414,790.8459,1183.6616,1026.6512,1402.0857,737.5435,4.0556,2581.6918,311.124,37.6593,1268.2503,1556.7787,11.5875,58.5168,21359.2121,355.7358,878.9108,5604.1715,1067.2074,722.4797,22.0162,4.0556,55.6199,43.4531,1005.7937,1807.6477,953.0707,1067.7868,258.9803,43.4531,866.7439,96.7555,1445.5388,858.0533,223.0591,3774.044,91.5411,289.6871,347.0452,738.1228,32.6362,293.1634,1882.387,121.0892,685.3998,1034.7625,141.3673,143.1054,49.2468,4980.3013,1180.1854,1489.5713,1438.007,1367.3233,3633.8355,694.6698,2699.3048,1048.6674,878.3314,301.2746,1730.591,139.4206,2856.8946,110.6605,0,1114.7161,1537.6593,9.27,140.2086,53.3024,90.9618,12.7462,2915.4114,1387.6014,4557.3581,4508.1054,2309.9652,1274.044,1248.5516,773.4647,1418.8876,1260.139,142.5261,1713.2097,4365.0058,5669.7567,672.0742,708.5747,360.9502,2022.5956,1819.8088,1473.9282,2022.0162,1607.1842,2407.8795,30.1275,17.3812,1128.0417,293.1634,987.8331,4377.1727,161.6454,190.0348,190.0348,1400.3476,516.8019,266.5122,937.4276,26.0718,147.7404,170.9154,998.2619,2536.5006,1089.2236,695.8285,2882.387,180.7648,538.2387,1841.2514,25.0521,8615.8749,226.5353,194.0904,1534.1831,2149.4786,3041.7149,23.7543,1304.7509,579.9537,202.781,696.9873,99.073,7453.0707,38.8181,45.1912,2295.4809,55.0406,549.2468,1764.1947,5983.7775,0,927.5782,0,2355.1564,5061.993,1515.6431,473.9397,1414.2526,53.8818,185.9791,5175.5504,202.781,1461.1819,2712.6304,733.4878,1077.6362,19.1194,154.6929,2152.3754,2941.4832,1119.9305,93.8586,296.6396,107.1842,66.0487,15.0637,1000,378.3314,1048.0881,24.3337,6134.9942,74.7393,0.5794,22534.1831,9235.226,378.3314,150.6257,91.5411,73.5805,528.9687,0,305.9096,1792.584,2394.5539,872.5377,1804.7509,1436.2688,7526.0718,130.3592,340.0927,8.1112,666.2804,29.5481,2.8969,611.8192,381.2283,17.9606,141.9467,3277.5203,150.0579,174.971,0.5794,4092.6999,9.8494,479.1425,221.321,238.7022,147.7404,1031.825,292.0046
TCGA-KK-A8IF-01,0.666666667,2062.2165,5675.9559,0.6481,135.4504,36.941,366.1698,1518.4705,1287.103,372.6507,1178.8723,2141.2832,2632.534,1585.2236,1066.105,258.5872,81.6591,1.2962,8.4251,645.4958,946.8568,4618.2761,89.4362,1383.0201,1000,2232.6636,4220.324,1099.8056,164.6144,825.0097,1727.803,2936.4874,246.9216,337.6539,306.5457,1680.4925,0.6481,62.8645,12.9618,323.396,44010.3694,31.1082,886.5846,4990.9268,6029.8121,1380.4277,154.8931,51.8471,1434.2191,329.2288,94.6209,1547.5243,600.1296,1525.8198,257.9391,743.3571,1760.8555,53.7913,742.0609,14.906,791.3156,908.6196,1222.9423,1213.221,1062.2165,2169.7213,486.7142,1595.593,19243.6811,834.0894,0.6481,1095.269,279.7278,224.2385,484.7699,4891.7693,44.7181,503.5645,2535.9689,2086.8438,403.1108,119.2482,5228.7751,2576.1504,5206.7401,1511.3415,1838.6261,3317.5632,1538.5612,1125.081,22.6831,1498.3798,1751.7822,1073.234,189.8898,272.197,1548.2826,881.3999,1666.8827,891.1212,0,2790.0194,732.9877,5.1847,729.0992,1300.7129,4.5366,19.4426,28788.0752,683.0849,609.2029,3224.4459,271.5489,1539.2093,20.7388,5.1847,14.2579,9.7213,609.8509,1804.9255,2957.8743,1308.49,220.9981,115.3597,171.7434,12.9618,930.0065,278.0298,14.2579,9216.4614,58.3279,71.2897,216.4614,644.8477,14.3487,116.0078,554.7634,121.8406,640.9592,1103.046,10.3694,23.3312,0.6481,12593.6487,737.2586,233.9598,1390.1491,1266.3642,3596.2411,847.6993,2438.1076,916.3966,786.779,158.7816,3257.9391,125.5087,3831.4971,426.442,0,1248.2178,684.3811,0.6481,51.199,2.5924,325.9883,6.4809,776.4096,1055.0875,2252.1063,4495.1329,2507.2586,624.757,1777.0577,1268.9566,1685.6773,1282.5664,12.3137,1705.768,2443.9404,2818.5353,596.2411,38.2372,517.1743,549.5787,1277.103,2173.0395,2277.3817,1139.987,593.6487,168.5029,49.2547,231.3675,141.2832,904.083,3753.0784,140.6351,169.151,239.1445,1200.2592,416.7207,310.4342,224.2385,2.5924,377.1873,232.0156,1348.6714,383.6682,1610.499,180.1685,1679.1964,145.1717,366.8179,1239.7926,26.6883,4066.7531,390.1491,358.5094,1242.385,2948.1529,2200.9073,2.5924,1090.0843,1132.21,300.0648,630.5898,42.1257,7944.9125,15.5541,67.4012,1554.7634,14.906,803.6293,3344.1348,5313.0266,0.6481,1414.1283,1.2962,4839.2741,1289.6954,1472.4563,375.9819,1022.6831,9.0732,45.3662,3110.175,274.1413,745.9494,2397.278,889.1769,2729.0992,3.2404,46.0143,772.5211,2151.6526,1716.1374,86.1957,442.6442,69.9935,98.1659,9.0732,388.2048,46.0143,1373.9469,25.2754,2268.3085,5.1847,0.6481,8758.9112,6548.9307,265.7161,322.1257,100.4537,18.1465,471.8082,0,166.5587,902.1387,3768.6325,954.6338,2075.8263,759.5593,10469.2158,78.4187,574.8542,0,542.4498,1.2962,0.6481,1331.173,206.092,7.129,3.2404,1268.9566,0.6481,176.28,0,4001.2962,0.6481,398.5742,306.5457,231.3675,50.5509,734.0959,252.7544
TCGA-VN-A88R-01,0.733333333,2302.907,8652.4485,0.5706,103.277,492.4204,258.4779,1883.5223,840.4812,388.0022,810.2398,1049.8882,2093.5,157.4832,1255.3012,160.3362,78.3593,5.1353,28.5296,378.3021,876.4284,7337.8058,18.2589,1641.021,1041.3294,1242.1775,4996.0758,1475.5494,273.8839,229.372,1476.12,4922.4923,153.4891,216.2542,93.0064,538.6383,2.2824,250.4896,20.5413,575.7268,28301.9056,26.2472,1650.1504,8745.4549,6762.6497,1437.3198,204.8423,46.7885,2170.5298,431.9377,211.6894,1126.1934,1107.518,2383.6571,168.8951,638.4918,1233.0481,85.5887,1106.3768,9.7001,361.1844,1020.7881,925.4993,977.9937,1470.9847,1846.9873,342.9255,2270.9539,10390.47,652.7566,0.5706,793.1221,12753.9396,208.8365,361.1844,8112.669,110.1241,332.0842,1324.3427,1681.533,537.4971,203.1305,599.121,1331.7604,3696.2913,1118.9298,1482.9671,3036.6876,1775.6805,1320.9192,23.3942,1622.1914,1577.6853,1264.4306,249.919,124.9595,986.5526,617.9505,2196.2064,664.1684,0,3161.0765,833.0635,6.2765,462.1791,1279.8366,5.7059,61.6239,45967.987,435.3613,866.7284,6025.0803,393.1375,1324.9133,42.7944,10.8412,7.4177,91.2946,651.6154,2183.0828,272.7427,938.6229,651.6154,120.3948,706.9628,66.7592,1571.4088,571.162,18.8295,2714.3034,30.8119,257.3367,182.5893,363.4667,46.7314,195.7129,650.4742,39.3708,601.974,960.876,19.4001,49.0709,3.4235,1642.1621,628.7918,1053.3118,2758.239,791.9809,4549.8961,935.1994,2036.4408,1319.778,642.486,158.0538,1744.8686,195.9925,869.5813,71.3239,0.5706,1121.2122,426.8024,6.2765,91.8652,29.6708,130.6654,13.6942,1622.762,224.813,4270.3063,1041.3294,2028.4525,427.373,2461.5314,1633.6033,2225.3066,1296.3837,13.1236,1383.6842,2561.9555,3784.733,589.4209,851.3224,1093.8238,1194.8185,1303.9555,1534.3204,2039.2938,859.8813,1803.6395,107.2712,57.6297,488.9969,336.0784,1251.8776,5532.4545,139.2243,197.9952,197.9952,1478.4024,532.3618,355.4785,191.1481,6.8471,268.7486,184.8716,2625.2912,2676.0738,850.7518,1036.194,2135.7237,137.5125,745.763,4007.2636,5.141,2975.6343,233.3719,162.1906,863.8754,1857.8457,1909.7695,6.2765,2730.8506,571.162,280.731,569.4502,65.0474,5913.6096,49.0709,50.212,1853.8516,12.553,384.5786,596.8386,4187.5705,0.5706,805.1045,2.3737,3433.8192,2394.7722,1667.8388,768.3641,620.8035,4.5647,131.8066,4394.6952,265.8956,741.1983,2826.71,568.8797,1194.8185,18.2589,34.8061,1667.2682,2559.1026,1443.0257,19.9707,422.8083,139.7949,107.8418,43.3649,411.3964,150.0655,8176.5752,7.9883,1296.9543,45.0767,0,15423.657,7278.4643,338.9313,227.1753,108.983,58.7709,336.6489,0,325.8077,624.227,1102.3826,876.999,1756.851,809.0987,8929.7559,108.983,348.6314,11.9824,672.7273,6.2765,5.7059,692.1274,292.1428,20.5413,11.9824,837.6282,5.1353,213.9718,1.1412,2749.6801,420.5259,356.6196,312.1135,268.178,21.1119,507.8264,180.3069
TCGA-XJ-A83G-01,0.6,2123.8938,8140.8988,0.6941,103.4184,471.2823,147.1456,2225.924,1107.0623,546.9374,898.1433,1075.1345,1793.5103,189.4846,1092.4866,154.0864,92.313,11.7994,21.5166,255.4225,615.6516,9722.7139,20.8225,1774.7701,1388.1659,1615.131,4789.1584,1549.8872,328.9953,453.0973,1488.8079,11340.6212,123.5468,174.2148,626.7569,988.3741,2.7763,9.7172,136.7343,526.1149,23952.8024,71.4905,1574.1801,14932.5004,8512.9273,1363.1789,114.5237,51.3621,2171.0914,451.1539,89.5367,1466.6736,764.1853,2305.2646,282.4918,922.4362,1806.0038,154.0864,824.5705,18.7402,305.3965,669.096,591.3587,948.1173,1188.9641,1427.0345,440.0486,2921.3951,9878.8825,494.1871,0,744.751,83.4079,210.3071,537.9143,10134.9991,71.4905,299.8438,1320.8398,1433.2813,680.2013,579.5593,973.1043,1147.3191,3938.9207,817.6297,1641.5409,4328.9953,1874.718,1071.6641,36.0923,1597.0849,1351.3795,1826.8263,311.6432,248.4817,1414.541,793.3368,1770.6056,547.6314,3.4704,3425.9934,595.5232,15.2698,806.5244,1442.9984,7.6349,33.316,59849.384,249.8699,417.1438,6422.5508,290.8208,944.6469,41.645,0.6941,4.1645,24.987,684.3658,1991.324,494.8811,1327.7807,243.6231,104.8065,253.3403,28.4574,977.2688,381.7456,17.3521,5150.0954,37.4805,82.5959,83.984,602.464,28.2422,273.4687,685.7539,54.8326,597.6054,1020.3019,6.9408,34.0101,2.0822,8882.8735,700.3297,291.5148,2941.5235,948.8114,5044.5948,893.9788,2119.0352,1349.2972,598.2995,134.6521,2123.8938,158.5077,1471.4558,269.9983,0,962.693,628.1451,11.7994,30.5396,18.0462,152.0042,2.0822,610.0989,350.5119,3412.8058,2316.1478,2135.5822,639.9445,2135.6932,1261.8428,2338.3654,1088.3221,36.0923,1261.8428,3121.9851,4182.5438,897.4492,335.2421,942.5646,689.9184,2174.5133,2028.1104,2011.4524,666.3196,2591.7057,68.7142,64.5497,331.0776,358.1468,1438.1399,2758.2856,102.7243,136.0403,197.8136,1246.573,590.6646,291.5148,163.8036,5.5527,200.59,119.3823,1943.4322,382.4397,610.793,533.7498,3664.7579,100.642,433.8018,1867.7772,19.8369,4895.367,278.3273,351.907,823.8765,2478.5702,2159.292,6.9408,1829.6026,698.9415,380.3575,873.1563,25.6811,5644.9766,98.5598,98.5598,2209.9601,13.8817,394.2391,1784.4872,5333.3333,2.7763,1234.7736,9.7449,3369.0786,1851.1192,1731.0429,574.6729,941.8706,21.5166,73.5728,4828.735,235.9882,600.3817,3568.2804,492.7989,1087.628,22.2107,99.2539,1020.3019,2890.8555,1173.0002,49.2799,468.506,76.1478,99.2539,38.1746,1570.0156,98.5598,4305.3965,12.4935,3503.7307,24.2929,0.6941,12932.8475,7224.0153,257.5048,319.2434,18.0462,29.8456,469.8942,0,206.1426,422.0024,1117.4735,1164.6712,1767.8293,1064.7232,7801.4923,97.1716,315.8077,3.4704,727.3989,7.6349,5.5527,507.3746,263.0574,2.7763,14.5757,1246.573,13.8817,217.248,0,6041.992,38.1746,387.9924,162.4154,183.932,35.2455,661.8011,180.4616
TCGA-CH-5788-01,1.133333333,2920.6349,7744.5887,1.443,342.7128,92.3521,1730.8802,3938.6724,1751.8038,482.684,2678.2107,810.9668,1761.9048,354.2569,2974.026,436.5079,453.8384,77.9221,20.9235,445.8874,2458.153,7551.2266,37.518,596.6811,1160.8947,2893.9394,7432.8788,857.1429,704.1847,1824.6176,3349.2063,5109.6681,403.3189,402.5974,31.746,142.8571,2.1645,34.632,20.202,392.4964,13108.2251,26.6955,394.6609,20810.9668,6039.6825,1578.6436,152.9582,33.9105,2113.2756,840.5483,24.531,2945.7215,1340.5483,1605.7215,712.8427,1192.6407,1156.5657,115.4401,805.1948,4.329,681.8182,1427.1284,1220.0577,2602.4531,996.3925,1899.7114,864.3579,4968.9755,17686.8687,1303.7518,0,1721.5007,236.8615,459.596,1093.0736,4295.0938,64.2136,386.0029,3999.2785,2634.9206,865.0794,1160.1732,9299.4228,1989.899,5929.2929,1554.8341,2433.1097,1900.4329,1041.1255,797.2583,8.658,1593.0736,2132.0346,453.1025,855.6999,399.7114,1246.0317,815.2958,1049.062,1070.7071,0,2562.7706,1159.4517,82.9726,498.557,1861.4719,85.8586,21.645,16169.5527,909.8124,484.8485,7259.6392,346.3203,836.2193,59.1631,6.4935,0.7215,3.6075,1641.4141,2000.7215,4895.3824,1954.5455,343.4343,173.1602,316.7388,16.5945,1120.4906,278.4993,109.6681,6912.6984,0,98.1241,87.3016,1115.4401,112.7561,148.6291,738.8167,16.5945,718.6147,2457.4315,25.2525,62.7706,6.4935,6837.6623,1437.2294,267.6768,846.3203,1965.368,1062.0491,1004.329,3304.4733,2359.3074,639.2496,166.6667,5606.0606,101.8831,9782.1068,292.2078,2.886,1158.7302,2549.062,1.443,20.202,2.886,244.5887,4.329,1080.0866,509.3795,3550.5051,4054.8341,2318.1818,648.6291,1525.2525,1344.8773,1668.1097,1445.8874,72.1501,2821.7893,2006.4935,5225.1082,1082.2511,185.4257,595.9596,1253.9683,480.6999,1453.1025,3872.2944,2241.7027,1189.7547,277.0563,160.1732,399.7114,495.671,791.4863,4112.5541,274.1703,189.7547,227.2727,1905.4834,533.1818,531.0245,288.6003,0.7215,414.8629,142.8571,1671.7172,520.202,2434.3434,149.3506,1893.9394,69.9856,627.7056,334.0548,133.2035,4349.9278,906.2049,429.8846,1202.7417,1451.6595,2841.2698,3.6075,1841.2698,1126.9841,481.241,1076.4791,85.8586,9192.6407,110.3896,41.1255,1343.4343,51.2266,1000,3201.2987,9768.3983,1.443,2287.1573,26.7244,4932.9004,2753.2468,2056.2771,696.0967,717.8932,7.9365,75.7576,4465.368,388.8889,1318.1818,2775.6133,976.912,118.3261,7.215,204.9062,1132.7561,4354.9784,3298.7013,3.6075,315.2958,72.1501,129.1486,106.0606,227.2727,89.4661,2029.5815,110.3896,2360.7504,13.7085,0,5930.0144,8024.531,954.5455,195.0938,75.0361,33.9105,712.8427,0,1436.5079,575.0361,1720.0577,414.1414,1465.368,3248.1962,5105.3391,71.4286,410.5339,9.3795,728.7157,2.1645,2.1645,1132.0346,520.202,150.0722,9.3795,447.3304,2.886,1363.6364,0,4777.7778,2.1645,320.3463,279.2208,103.8961,54.1126,766.9336,355.6999
TCGA-EJ-5505-01,0.9,2838.9286,5307.1429,3.9286,78.9286,1138.5714,1177.1429,3701.0714,1557.5,1022.8571,2944.2857,661.0714,1609.6429,301.7857,1520.7143,234.6429,133.9286,26.7857,32.5,754.6429,1948.9286,19496.0714,12.8571,738.2143,1062.5,2678.5714,10543.9036,1109.2857,348.5714,1277.8429,2977.8571,7690.7143,135,280.7143,733.9286,359.2857,0.3571,1.0714,165.3571,725,17328.5714,333.5714,419.2857,19728.2143,2635.7143,3050.3571,354.2857,41.0714,2070,716.7857,582.5,2483.9321,1072.1429,2189.1321,649.6429,1335.3571,979.2857,277.8571,901.4286,21.0714,652.8571,1207.1429,942.1429,2337.5,1370.3571,1688.5071,571.4286,8673.9286,10056.4286,1224.2857,5,1900.7143,336.4036,424.6429,2991.4286,7068.5714,122.1429,597.8571,2406.4286,3057.8571,1643.9286,343.9286,728.9286,2215,4721.0714,1647.5,3420.8857,3317.8571,1798.9286,1009.2857,20,2265.7143,3106.4286,830.7143,430,464.2857,1377.5,858.2143,855,939.6429,66.4286,2634.2857,740.7143,58.9286,727.8571,1098.5714,20,70.3571,31136.7857,427.8571,1044.2857,4060.7107,688.2143,841.0714,23.5714,13.5714,8.9286,23.9286,1448.2143,1805.7143,2001.4286,1266.7857,178.2143,99.6429,391.4286,17.5,1773.5714,311.4286,188.5714,8631.0714,63.9286,102.1429,181.0714,684.2857,26.0821,290,1185.3571,62.8571,590.3571,1448.2143,23.2143,140.7143,2.1429,6078.2143,1565.7143,470.3571,1688.9286,2352.8571,1976.7857,1578.5714,4658.9286,2055.7143,484.2857,272.1429,4425.3571,165.6607,1665.3571,284.2857,0,1015,1113.9286,11.7857,112.1429,21.7857,208.2143,16.4286,782.1429,132.8571,6018.5714,3366.0714,2733.9286,313.9286,1822.8571,1253.9286,2541.7857,1698.5714,62.8571,2014.6429,2682.5,5123.9286,1486.4286,297.1429,877.5,1700.7143,1009.7286,1521.7857,2550.3571,1187.1429,1920.3571,76.4286,20.3571,432.1429,400,1485,3282.1429,166.0714,69.6429,114.2857,1612.8571,443.9286,309.2857,844.6429,19.2857,388.5714,182.8571,1394.2857,591.4286,1939.6429,315.3571,6135,163.9286,971.4286,1322.1429,71.275,4853.2143,465.3571,736.5643,1746.0714,1918.2143,2696.0714,7.8571,2874.2857,786.4286,220.3571,680.3571,60.3571,5432.8571,36.7857,63.9286,1655.7143,62.1429,1000,1715.3571,8456.4286,0.3571,1364.6429,2.1429,3166.0714,868.2143,2213.5714,1036.4464,1038.2143,46.7857,221.7857,3647.1429,260.3571,1207.5,3763.5714,550.3571,2411.7857,20.3571,162.5,807.8571,3956.7857,2585.7143,116.7857,473.9286,122.5,134.95,20.7143,2295.7143,126.0714,806.4286,14.2857,1625.7143,63.2143,0.3571,7553.9286,7350.7143,598.2143,273.3429,10,31.7857,732.1429,0,332.5,883.5714,2365,448.2143,2675.3571,1192.1429,6932.1429,143.5714,448.2143,3.2143,780.3571,1.4286,0.7143,1035.7143,502.1429,9.6429,48.9286,2015.3571,3.5714,56.4286,0,5309.2857,60.7143,338.9286,191.7857,256.0714,36.4286,1685.3429,234.2857
TCGA-EJ-5509-01,0.833333333,3472.9527,7341.4582,9.6216,267.4792,1025.016,1500.1069,3615.3517,1332.2643,708.5739,1950.1817,862.5187,2034.8514,628.8219,1564.4644,283.3013,143.8957,25.016,117.8106,644.644,1528.5439,14874.0646,32.0718,1128.5012,1708.5739,3079.752,8617.0473,1154.8001,378.2339,1505.0118,3480.8638,8387.6417,154.1586,267.693,692.1103,138.7642,19.6707,38.2724,203.3355,1116.1001,21513.3633,45.542,570.665,6289.0742,6369.2538,3190.7205,341.2444,140.6885,2124.2249,555.9119,208.467,2900.3378,720.7612,1956.2326,472.5251,1562.1125,1151.3791,674.1501,797.0922,35.9205,553.56,1020.3122,1147.5305,2116.9553,1296.7714,1499.0378,1104.768,5704.2976,12570.4511,928.5867,33.1409,1528.5439,978.2168,387.4278,1638.8711,7416.2925,227.0686,745.1358,2084.8835,2569.1683,832.585,1478.0842,1577.9346,2101.1332,3973.9149,1518.0671,2254.5328,3600.171,1776.9938,1794.954,52.5978,1843.917,2495.8307,1068.6337,465.6831,856.1043,1358.777,693.3932,926.021,832.3712,24.5884,3386.7864,556.3395,79.1105,1461.6207,1449.861,29.9337,101.7746,30242.2493,649.3479,685.0545,5131.0755,820.8253,1118.8796,21.1674,24.3746,114.3896,61.1503,1249.3051,2376.0958,1706.0081,1317.5112,386.7864,101.9885,960.6585,134.7017,1679.4954,1008.7663,381.0135,8223.6476,72.91,240.9664,465.2555,859.953,59.5638,179.6023,1744.0667,30.5752,828.9053,1330.34,124.8664,318.1527,45.9696,9320.9322,1347.0173,661.1075,1878.5546,2050.6735,3772.2899,1012.4011,3915.1165,1737.2247,418.2168,431.0455,3674.5777,138.3793,2236.0487,350.6521,1.4967,1047.6801,1274.3211,18.6017,175.3261,44.473,194.9968,34.6376,3046.6111,464.1864,5075.4757,3389.5553,2206.2775,860.1668,2333.3333,1059.4398,1917.0408,1010.9044,51.1011,2345.093,1887.7486,6517.4257,1367.7571,480.4362,895.4458,2691.0413,1580.1411,2087.2354,1935.0011,2001.9243,1502.0312,75.4757,48.3216,1175.9675,450.2886,1467.8213,4200.9835,194.1415,134.7017,205.6874,1986.9575,540.9451,254.009,1036.9895,27.7956,343.3825,317.9388,1265.5548,710.9258,1490.0577,459.4826,3214.0261,226.2134,641.8644,2071.6271,74.5392,5503.9555,347.2311,278.5781,1310.6692,2764.8065,2163.5664,29.5061,1118.2382,872.5679,390.8488,897.5839,80.6072,6060.9365,46.3973,63.7161,1859.3115,81.6763,717.9816,3019.6707,7924.3105,0.4276,1478.9395,7.6117,4194.9968,1577.2931,1618.3451,613.6583,1474.8771,57.3017,202.2664,3580.0727,326.0637,1338.4648,3254.2228,745.3496,1688.4755,28.2232,187.941,2146.4614,4237.5454,1244.8151,90.2288,332.0505,161.4283,125.4757,30.1475,3861.8773,274.3211,1169.1255,20.9536,3726.5341,108.6166,1.4967,32236.0487,7999.5724,516.1428,180.8745,21.595,149.241,522.9848,0.6414,200.9835,1091.5117,2445.1572,680.1368,1991.6613,2008.3387,7835.1507,85.3111,482.1467,3.6348,845.1999,8.5525,1.9243,728.4584,691.6827,33.3547,185.1614,2054.9498,421.6378,255.2919,0.2138,6750.9087,10.263,293.7888,199.7007,388.2831,184.52,1152.8501,545.6489
TCGA-EJ-5531-01,0.833333333,3014.8646,5853.7976,2.4435,216.2492,807.1676,1406.6382,3605.7829,1361.0263,913.8668,2299.7353,628.7925,1754.8361,798.6154,1969.4563,204.8463,189.778,54.9786,100.5905,589.2894,1535.7361,14906.5363,13.8465,935.0438,1524.3331,2919.9756,10662.9811,1195.2759,346.5689,2351.0324,3241.7023,7004.2761,88.7803,273.2641,1306.8621,438.6072,15.8827,4.4797,547.7499,926.0843,18898.7986,25.2494,494.4003,14903.2784,3940.5416,3370.8002,326.2065,164.9359,2216.6565,880.0652,352.2704,1665.7585,801.4661,1870.3563,1104.0521,1603.3394,1093.8709,848.707,908.1653,30.9509,553.8587,1264.5082,1152.5148,2334.7587,761.5557,2215.4062,1136.2248,8317.247,9002.2399,980.2484,3.6652,1699.8575,657.8619,563.2254,2295.6628,7690.0835,280.1873,699.2466,1845.2454,2590.9183,1128.8943,2366.5241,1409.4889,2043.1684,4584.4024,1644.4716,2787.0861,3251.069,1459.5805,1071.4722,36.6524,1909.5907,2787.2124,971.2889,716.7583,900.0204,1612.2989,693.1379,919.9756,623.091,0,2986.7644,974.5469,96.518,1019.7516,1491.346,42.7611,92.4455,35039.2995,381.5923,675.6261,4384.83,831.6025,1206.2716,24.0277,18.7335,155.1619,57.8294,1341.0711,1894.5225,1918.5502,1409.4889,322.134,84.3005,1512.5229,109.9572,1727.9576,898.3914,348.6052,6805.5386,26.4712,196.7013,266.3409,1055.1822,58.7375,192.2215,1691.7125,49.2771,658.8393,1328.4463,132.3559,254.1234,65.9743,7374.0582,1788.6378,585.6241,1975.1578,2091.2238,2647.1187,1160.2525,3258.8068,1654.6528,302.9933,409.2853,3597.2307,199.6946,1856.6483,416.2085,3.258,874.7709,1216.8601,13.4392,285.8888,47.2409,208.1043,26.4712,1634.6976,351.8632,5513.7447,3742.2073,2508.2468,723.2743,2050.4989,1122.7856,2025.6567,1475.056,124.211,2229.2812,2327.021,7232.7428,1182.6512,553.8587,1162.696,1768.6825,980.9652,1419.2629,2386.8866,1203.0136,2003.258,91.631,46.8336,973.3252,464.6711,1060.8837,3628.1816,178.7823,142.9444,121.7675,1960.0896,452.8609,278.1511,1060.8837,17.1045,370.1894,342.0892,1226.2268,622.2765,1735.2881,751.7817,3319.4869,170.2301,475.6669,754.6325,82.7204,5693.7487,468.3364,557.8416,1229.0776,2445.5304,1951.9446,15.4755,1712.8894,849.9287,327.4282,737.1207,46.0191,6295.2555,56.2004,72.8976,1686.8255,91.631,849.5215,3212.3804,5087.7622,0.8145,1654.2456,4.0725,4343.3109,1862.7571,1744.2476,809.7414,797.3936,30.9509,295.2555,3307.6766,271.2279,1555.2841,2284.6671,766.0354,1732.8446,42.7611,220.729,1501.1199,4137.6502,1990.226,78.1918,333.9442,118.9167,66.3816,36.6524,1476.685,142.1299,957.4425,19.548,3467.3183,71.6758,3.258,32344.5327,8942.3743,561.1892,222.2969,20.3625,82.2643,669.9247,0,217.471,1140.7045,3240.8878,616.575,1976.7868,1791.0812,7375.6872,76.5628,435.7565,3.258,944.0033,4.887,3.258,610.4663,535.5325,31.3582,51.7206,2261.8611,689.8799,188.5563,0.4072,6500.1018,27.6929,325.8196,271.6351,351.4559,266.7481,1232.3274,222.358
TCGA-EJ-7115-01,1,3381.3908,6647.6004,1.9589,188.0509,801.5671,862.6836,3831.5377,1501.665,819.9804,2265.6219,980.2155,1903.6239,652.6934,1747.3066,181.7826,158.0881,14.8874,45.4456,546.9148,1174.9265,13994.907,12.5367,957.1009,1719.4907,3298.335,9434.2605,1194.907,389.8139,1507.142,3195.2987,6850.9305,75.2204,268.3643,1020.5681,770.2253,9.0108,1.9589,288.3448,967.6787,16677.7669,195.4946,731.4398,14015.2791,3304.2116,3008.0313,269.9314,79.1381,2368.2664,744.76,322.8208,2582.2096,751.8119,1759.8198,463.4672,1503.6239,1124.7796,606.0725,653.8688,36.8266,515.9647,1026.0529,1000.1959,2000,1597.6494,1996.474,1339.4711,6605.6807,8485.7982,752.2037,16.4545,1554.9461,417.7982,369.8335,1857.3947,7637.2184,184.1332,1048.7757,2121.4496,2438.7855,805.8766,367.8746,2300.0979,2281.6846,3935.7493,1405.6807,3073.6964,4448.1881,1795.8864,1339.8629,19.5886,2018.4133,2518.7071,1116.1606,588.0509,441.5279,1732.811,868.952,866.9931,796.8658,5.8766,3009.2067,590.7933,56.0235,722.8208,1814.6915,27.4241,55.24,25797.4535,370.2253,951.2243,6679.5024,846.621,925.7591,14.8874,8.619,25.0735,38.3937,1224.6817,1867.5808,1310.8717,1568.2664,187.6592,75.6121,865.4261,48.1881,1703.428,692.2625,301.2733,8600.9794,54.8482,251.9099,302.4486,1024.094,37.4378,219.3928,1545.5436,42.7032,688.7365,1063.2713,59.5495,135.5534,12.5367,9526.3467,1491.8707,843.8786,1945.5436,2353.379,3379.8237,1017.4339,3404.1136,1468.3643,544.9559,401.1753,2548.0901,171.8472,1857.7865,173.9471,1.1753,994.3193,1052.3017,4.3095,177.8648,30.95,160.2351,23.8981,2427.4241,394.1234,4256.6112,2854.0607,2378.0607,761.998,1946.3271,852.1058,1485.2106,1152.5955,101.8609,2834.476,2801.1753,5587.855,1265.4261,386.6797,825.857,2255.4358,1431.1655,2123.4084,2197.4535,1640.7444,2239.7649,54.8482,29.7747,1139.667,543.7806,1594.907,3515.7689,153.1832,179.0402,137.1205,1672.8697,578.2566,242.1156,949.2654,108.1293,358.8639,230.3624,1091.8707,926.1508,1502.8404,1053.0852,5966.6993,184.1332,342.0176,2402.7424,52.5367,4516.7483,381.1949,554.7698,1217.6298,2098.7267,2371.0088,9.4025,1210.1861,697.3555,278.5504,963.761,110.8717,4961.0186,35.6513,47.0127,2059.5495,74.8286,731.048,2323.9961,8537.5122,2.7424,1465.2302,3.3536,3411.5573,1066.4055,1712.8306,594.8834,807.0519,43.8786,219.7845,3636.0431,363.1734,1082.0764,2862.2919,538.6876,968.8541,43.8786,237.8061,2122.2331,3121.6454,1569.8335,51.714,334.9657,111.6552,137.1205,18.4133,872.478,247.6004,2674.6327,21.1557,5386.8756,74.8286,1.1753,14931.6357,7189.4221,525.7591,215.3536,52.4976,32.5171,543.7806,0.3918,282.4682,949.6572,2327.522,716.5524,1895.3967,2265.6219,7444.4662,177.8648,443.095,1.9589,854.4564,2.7424,1.1753,676.9833,653.477,9.0108,48.9716,1866.7973,104.6033,222.5269,0,5835.4554,88.1489,291.9687,228.0118,280.5093,112.4388,731.4202,388.6386
TCGA-EJ-7123-01,4.533333333,3365.6595,7075.9027,2.6529,208.9904,1024.0236,1414.2962,4329.5505,1235.3721,1117.465,1907.1481,974.7973,1827.266,276.787,1687.5461,219.3073,136.4864,21.5181,28.8873,616.3596,1304.0531,11938.6883,12.675,1350.9211,1428.7399,2904.6426,7570.2108,1082.9772,417.9808,1814.5704,3704.6426,8076.0501,145.6153,206.6323,748.1209,853.0582,3.832,5.6006,43.3309,823.8762,18817.6861,61.0169,468.3861,11401.916,4626.6765,2572.734,272.3655,70.4495,2209.8747,772.8814,78.4083,3030.9005,671.1864,2066.031,486.0722,1483.8615,1270.4495,238.1724,919.0862,23.8762,584.8195,1069.1231,1134.5615,1845.2469,1333.8246,1662.762,812.0855,8254.0899,11525.4237,837.1408,2.3581,1619.4547,333.7568,400,1377.4503,6581.8718,96.9786,487.2513,1629.182,2338.3935,731.3191,2701.5475,1138.3935,2214.0015,4465.4385,1549.0052,2762.2402,4138.8357,1379.5136,1175.5343,25.6448,1671.0391,2367.5755,1028.7399,521.4444,354.311,1681.3559,822.4024,828.8873,956.8165,0.5895,3785.7038,762.8592,82.535,490.199,1729.6979,25.0553,30.3611,37251.5844,491.6728,408.2535,4144.5011,422.4024,919.6758,26.8239,9.4326,8.5483,26.8239,1338.8357,1991.4517,2054.2373,1033.7509,223.7288,106.1164,368.4598,38.6146,1260.4274,224.6131,175.3869,10816.8018,49.2262,190.1253,129.4031,568.3125,25.5534,182.4613,928.5188,127.3397,939.72,1294.031,38.6146,66.3228,9.1378,4983.6404,1345.0258,882.2402,1840.2358,2106.4112,3573.4709,1349.4473,3856.448,1932.4982,528.5188,340.4569,3953.7214,111.4665,3696.3891,181.577,0.8843,1017.8335,887.2513,4.7163,67.7966,10.0221,197.1997,8.843,1263.9646,428.2977,3599.1157,4655.8497,2284.451,552.395,2444.8047,1070.0074,1913.633,1306.4112,11.2012,2175.9764,2509.6536,7842.0044,1375.0921,231.6875,908.7693,1423.7288,1177.3854,1872.0707,2383.7878,1272.5129,2044.2152,73.1024,44.2152,402.0634,396.4628,1824.3183,2323.0656,187.4724,90.199,120.8548,1509.2115,618.1282,244.3626,490.4937,9.7273,444.5099,305.6743,1449.9632,1130.7296,1576.1238,250.5527,5005.4532,77.2292,725.129,1629.4768,80.9904,3667.5018,406.1901,545.804,1821.9602,1706.706,3100.3685,6.7797,1736.7723,815.0332,243.4783,990.7148,58.6588,5158.7325,44.2152,43.3309,1680.7664,89.9042,776.4186,1417.8335,6688.283,2.0634,1379.8084,4.1268,3782.4613,2816.8018,1822.255,563.1186,808.2535,6.1901,80.4716,3324.0973,325.4237,855.1216,2712.1592,878.9978,2552.395,10.9064,191.8939,1508.0324,2564.1857,1466.7649,74.871,384.6721,120.2653,104.3478,21.5181,1087.9882,288.5777,2850.9948,29.182,2578.6293,43.9204,0,14000,8134.1194,608.4009,182.3817,10.0221,39.7937,531.1717,0,302.7266,622.255,2845.9838,532.6455,1994.1046,1008.6957,7347.6787,78.9978,410.9064,2.3581,668.5335,1.1791,0.5895,632.5718,529.9926,13.5593,51.2896,707.4429,65.7332,262.6382,0.622,5514.2225,19.7494,302.1577,235.5195,178.0398,40.678,739.8497,318.0545
TCGA-EJ-7330-01,1,3270.5453,6553.7996,4.9596,262.2388,910.7063,2584.2609,4891.4042,1463.0816,1053.9147,3014.1961,692.484,1715.4012,711.3924,2455.0013,309.9749,149.4079,30.0676,57.6553,750.4493,1373.8088,15191.8706,52.6957,829.8028,1846.8305,3604.6983,9633.9677,1062.284,463.1025,3104.684,4095.6986,6286.6013,105.7014,364.8405,1314.9136,1017.0277,3.4097,92.3725,525.0975,1137.298,16624.8846,28.8277,433.035,7983.7139,4571.5101,3557.5821,316.7944,107.5613,2367.2784,874.1293,291.9964,4965.2371,888.3881,1279.5734,856.1507,1562.8935,968.9816,592.982,737.7403,31.3075,675.1254,1332.8921,906.9866,2820.7717,1182.2443,1965.4796,2791.9441,9311.0265,8390.091,904.1968,8.9893,2115.2688,837.3848,544.9359,2946.9315,5813.2696,310.5949,967.4317,2136.9671,3135.7062,1305.9243,721.6216,2692.4421,2712.5905,5148.9933,1687.8134,2942.6198,3958.3797,1385.2779,1265.3176,52.6957,1587.3815,2967.3899,931.7846,955.0327,779.5869,1585.8317,891.1779,1042.7556,742.0799,23.5581,2875.0173,1130.1685,97.6421,1028.1868,2083.0314,26.0379,60.1351,21387.0293,481.391,833.8325,6648.2149,1095.1414,1044.9254,20.4583,22.0082,13.3289,36.2671,1643.487,2132.6274,1695.8728,1262.2179,107.8713,75.3239,865.14,78.4237,1771.8166,567.874,487.5905,9797.3771,70.0543,240.5405,392.7382,1016.7177,47.6586,188.1548,1838.4612,59.5152,788.5762,1231.2204,141.0386,146.6181,17.9785,16044.9216,2095.7404,1421.8549,1625.1985,2476.3896,2242.9785,1181.3144,3797.8127,2140.6868,686.2845,369.8001,4281.0636,107.4528,3108.7384,225.9717,4.3396,1057.0145,1193.7134,11.779,380.3392,123.68,197.454,19.2184,2073.1122,1053.9147,5615.5056,3414.0544,2260.3371,813.3742,1852.1001,1059.4943,1857.6797,1108.4703,154.0575,3314.2518,1694.9428,7621.9732,1403.8764,410.7168,1051.1249,2573.7217,964.7132,2283.2752,2695.2319,2148.4361,1795.9947,48.6661,11.779,916.5958,615.6102,1428.9844,9684.2363,156.8473,222.252,93.6124,2054.2038,687.8343,326.0936,1438.5936,59.8252,473.3317,307.1851,780.5168,1724.0805,2182.2234,1627.6783,6020.6428,228.4515,816.7839,2927.4031,105.345,7151.1213,591.4321,730.1955,1732.4498,1677.2743,2853.939,10.8491,1513.9175,690.9341,262.5488,719.7618,109.7311,5825.9785,13.0189,72.2242,1506.1681,157.1573,976.731,2109.6893,8378.312,1.2399,1347.461,4.9596,3522.245,3362.9179,2206.0915,851.9568,1981.3597,44.6364,352.4415,3636.3157,166.7665,1367.6093,2840.9201,599.8015,2962.4303,49.596,272.468,2108.4494,3113.0781,2212.6009,84.3132,315.8644,134.5291,166.035,11.4691,2570.622,254.7994,5725.5467,28.8277,14302.2426,15.8087,1.5499,13759.7865,8073.9166,695.8937,220.6153,31.9274,39.0568,682.5648,0,219.7722,1132.9583,3247.2972,554.2351,2166.4147,2300.3238,7472.2553,179.7855,455.6631,4.9596,906.9866,3.4097,1.2399,1157.4463,859.8704,109.7311,61.995,2206.4014,17.3586,253.8695,0.6199,7002.6433,157.1573,342.9036,216.9824,317.1043,100.4319,2085.4802,248.2899
TCGA-EJ-8468-01,0.6,2360.587,4851.153,4.1929,162.8232,354.2977,1518.5185,3269.7414,1371.0692,1211.74,3129.979,599.5807,1370.3704,510.8316,2252.97,403.9133,75.4717,21.6632,81.761,542.9769,1755.4158,10776.3802,9.7834,786.1635,1194.2697,2432.5646,9426.2194,830.1887,306.0797,1051.6771,3350.8036,6033.543,88.0503,281.6212,444.4444,370.3704,11.181,20.2655,154.4375,742.8372,17063.5919,25.1572,466.1076,12522.7114,2655.4857,3352.9001,391.3347,132.7743,2262.0545,853.2495,479.385,2513.6129,2345.2131,1923.1307,338.225,1132.7743,736.5479,378.0573,972.0475,18.8679,644.3047,1051.7121,1042.6275,2417.1908,545.7722,2761.0063,596.0867,5083.1586,5459.8183,894.4794,15.3739,1549.2662,1231.3277,610.0629,1557.652,4649.8952,356.3941,1595.3878,1744.9336,2841.3697,1506.6387,1126.485,2544.3746,2183.0887,7800.8386,1438.8539,2891.761,2540.8805,1227.8127,958.0713,76.1705,2091.5444,2993.0119,793.8505,467.5052,1464.0112,697.4144,780.573,997.9036,802.935,9.7834,2183.7876,1008.3857,34.9406,1269.7414,1127.8826,21.6632,99.9301,23923.1307,491.2648,809.2243,3799.0496,464.71,744.9336,18.8679,16.7715,22.362,34.2418,1534.5912,1386.443,920.3354,1760.3075,540.1817,77.5681,976.2404,115.304,1733.0538,1935.0105,391.3347,7434.6611,51.0133,242.4878,510.1328,477.2886,15.4997,147.4493,1395.5276,18.1691,618.4486,1917.5402,125.0874,208.9448,29.3501,22037.7358,1654.7869,645.0035,1460.5171,2306.0797,1533.1936,1083.1586,3563.9413,1187.2816,551.3627,385.0454,4318.6583,119.2103,979.7345,95.0384,0.6988,898.6723,1370.3704,14.6751,253.6688,65.6883,161.4256,47.5192,3213.8365,723.2704,8016.7715,3173.9762,2418.4486,538.7841,1819.0077,1216.6317,2081.761,1447.2397,18.8679,2134.8707,1724.6681,5373.8644,1079.6646,610.0629,355.6953,1811.3208,1329.9161,1253.6688,3554.1579,2206.8484,1313.0678,41.9287,7.6869,660.3774,401.1181,640.1118,3610.7617,134.8707,186.5828,155.8351,1527.6031,363.3823,345.9119,2250.1747,16.0727,341.7191,267.645,1283.7177,1019.5667,993.7107,1452.1314,2136.2683,163.522,694.6191,3081.761,116.7575,8406.7086,655.4857,411.4885,1384.3466,1806.4291,3042.6275,18.8679,2512.928,670.8595,224.3187,599.5807,47.5192,4744.9336,25.1572,51.0133,1163.522,127.1838,907.7568,1570.2306,12961.5653,0,1180.2935,0.6988,2807.8267,1878.4067,2122.9909,995.4437,846.2614,17.4703,161.4256,3872.1174,160.7268,1212.4389,3324.9476,573.7247,979.7345,45.4228,342.4179,1307.4773,3150.2446,3243.1866,36.3382,475.1922,134.1719,123.6897,13.9762,1283.0189,231.3068,5127.1838,22.362,10789.6576,37.7358,0.6988,15563.9413,6934.3117,661.775,340.7966,69.1824,91.5444,565.3389,0,300.4892,1113.2075,2389.2383,457.7219,2478.6862,1049.6157,7672.2572,84.5563,385.7442,2.0964,949.6855,2.7952,6.2893,363.3823,548.5674,20.2655,58.7002,1983.2285,243.8854,179.5947,0.7477,3641.5094,19.5667,414.3955,253.6688,220.1258,74.0741,1394.7379,148.847
TCGA-EJ-A8FS-01,0.733333333,2339.7149,6053.3605,7.7393,140.5295,379.6334,1162.1181,3033.4012,1524.2363,1361.7108,1749.4908,922.1996,1925.8656,134.0122,1762.9328,153.9715,83.5031,17.1079,16.2933,402.8513,1487.9837,11910.7943,4.888,1524.6436,1226.8839,1857.8411,7792.224,979.6334,288.7984,622.7902,2426.0692,10100.611,133.6049,241.1405,206.11,386.9654,0.8147,151.9348,80.2444,677.8004,17222.8106,50.9165,856.2118,6959.6741,2225.2546,1915.6823,275.3564,38.2892,2096.945,711.2016,46.0285,2034.444,626.8839,2339.5112,453.3605,843.1772,1737.2709,142.1589,744.1955,15.0713,520.5703,951.5275,1203.2587,1573.5234,1155.6008,1214.2566,326.6802,3556.0081,10406.5173,907.5356,0,1178.8187,67.4175,313.6456,1312.0163,5996.7413,67.6171,375.5601,1829.7352,1920.1629,655.3971,11350.3055,3155.1935,2032.5866,4844.8065,1319.3483,2786.7169,3536.0489,1813.0346,895.723,15.4786,1772.3014,1974.3381,1034.6232,451.7312,367.0061,1481.4664,741.7515,724.2363,1000,0.4073,2964.9695,508.7576,30.5499,721.3849,1195.5193,10.998,18.7373,25333.1976,598.3707,692.057,7657.4501,165.7841,728.7169,19.1446,8.1466,11.4053,11.4053,1019.5519,2169.0428,1358.8595,1169.8574,427.6986,96.5377,265.9878,19.9593,1461.0998,338.0855,21.1813,9516.9043,31.7719,60.6925,67.2098,317.7189,55.4623,224.8473,408.9613,28.9206,769.4501,1413.0346,6.11,52.5458,6.11,7035.4379,615.0713,189.8167,1767.0061,1815.0713,2608.9613,1100.611,3136.8635,1334.0122,644.3992,114.053,4109.9796,280.2974,3254.5825,79.8371,0.4073,1197.556,524.2363,5.2953,42.3625,19.9593,228.9206,4.0733,326.6802,251.7312,4514.053,2846.831,2384.5214,342.5662,2680.6517,1411.8126,2002.8513,1276.1711,20.7739,1740.5295,1501.4257,3829.3279,1140.1222,677.3931,331.9756,753.1568,1408.8635,1663.1365,2090.4277,2313.2383,1471.6904,88.391,34.6232,153.9715,511.609,1162.1181,3938.9002,144.1955,47.6578,217.1079,1448.4725,607.332,520.1629,160.0815,2.0367,235.8452,314.8676,1481.8737,244.3992,1289.2057,214.664,1206.11,118.9409,576.3747,2067.2098,51.0265,3523.4216,589.4094,634.664,1317.3116,2063.5438,3231.7719,7.332,1982.4847,840.7332,307.943,912.831,20.3666,4337.6782,38.2892,56.6191,1631.3646,28.1059,620.7739,1244.8065,12707.943,0.8147,1063.9511,1.6293,4309.5723,736.4562,1942.9735,528.6477,582.8921,17.9226,55.8045,3830.9572,320.5703,816.7006,3844.8065,316.9043,1233.4012,28.9206,339.7149,779.2261,3599.5927,1851.3238,15.4786,503.8697,161.7108,53.7678,22.8106,739.7149,67.6171,736.0489,17.9226,2853.3605,21.5886,0,5861.9145,6378.4114,688.7984,397.0061,15.4786,31.7719,623.6253,0,342.5662,481.4664,1640.7332,696.5377,2309.9796,1186.1507,7038.6965,56.6191,418.7373,6.9246,778.8187,2.0367,1.6293,485.947,641.9552,10.5906,9.3686,2237.0672,59.8778,112.831,4.888,4069.6538,17.1079,353.9715,279.0224,392.668,45.6212,609.332,182.8921
TCGA-FC-7961-01,1.166666667,2547.1762,5500.62,1.3527,147.4467,942.8475,456.3183,2104.3851,914.8912,848.6078,2441.6638,697.5538,1679.1793,758.4263,1121.4068,164.1303,191.1848,26.6035,39.6799,706.572,1621.0123,8469.3947,39.2289,693.4957,1343.2533,1686.8448,9653.4325,958.1783,358.4714,2632.8441,1727.4264,4615.9396,205.6138,251.1555,637.1322,306.1662,17.5854,176.3048,90.6324,615.4887,23548.1907,27.5054,709.7283,11023.3345,5009.5818,2578.2888,567.2416,74.3997,2028.1817,733.1755,303.0098,1286.7005,854.4696,2097.8785,543.3435,705.6702,1123.2105,394.544,1053.3198,18.0363,525.7581,1195.8066,956.3747,1830.6843,619.5468,3036.8211,598.3542,4847.706,7936.873,1235.9373,2.2545,1970.4656,1074.0976,462.1801,1064.5925,5618.7577,154.6613,291.7371,1139.4431,2859.2041,723.2556,183.0684,1128.6214,1852.3278,6124.225,1713.8992,2824.7413,2566.1143,1587.1942,915.793,44.1889,2405.1403,2447.9766,1065.0434,481.5692,616.8414,1218.8028,618.1941,1098.8615,989.7419,8.5672,3031.4508,789.9899,44.6398,898.6586,1109.6832,32.0144,67.6361,28128.0577,680.4193,889.6404,5274.4268,816.1425,1242.25,48.698,14.429,18.0363,34.7199,1028.5199,2383.4968,3465.6747,2001.5782,764.739,121.745,789.088,72.1452,1699.4702,1853.2296,172.2466,3338.9697,10.3709,243.49,748.5064,766.0918,74.5079,216.4356,1390.5986,23.8981,684.0266,1128.6214,117.6868,130.3123,15.7818,4774.659,1281.479,689.8884,1795.9644,1126.3668,2677.9394,1272.9117,3785.819,2642.3177,879.2695,567.6925,1605.6814,121.9209,796.7535,269.1917,1.8036,962.6874,1257.5809,10.3709,244.3918,25.2508,205.6138,30.6617,3097.7342,269.6427,5855.9351,4240.7801,2842.9715,657.874,1903.2804,1126.3668,2319.4679,1780.1826,82.5161,1080.3743,2066.0579,7563.9725,523.0526,215.9847,1037.538,2357.7951,1036.2304,1285.5371,2385.3004,2169.7667,1527.2235,148.3486,98.7487,1231.4282,244.3918,975.3128,5834.7424,171.7957,156.014,181.7157,1793.7098,417.9912,446.3984,1752.6773,9.0181,386.4277,399.0531,1896.9676,1024.0108,1846.9169,1132.2286,2114.7559,155.5631,654.2667,1434.3366,38.3587,8550.1071,452.7111,434.9634,2637.8086,2632.8486,1258.9336,15.7818,1900.124,839.5897,339.5333,504.5654,120.3923,6631.4959,38.778,71.6943,1424.4166,35.6217,532.5217,750.31,6741.0664,0,819.7497,4.0582,4384.6241,4920.753,1809.9425,482.1283,1001.0145,30.6617,206.5156,3628.0014,266.9372,1755.3827,1885.2441,1009.5818,1574.1179,20.7417,105.5123,1938.4511,4481.5692,2240.1082,41.0326,509.0745,142.9377,110.9232,64.4798,3661.8194,212.8283,1792.808,36.5235,3594.6342,17.1345,0.9018,15915.2294,7718.1828,471.6492,176.9676,49.1489,147.8976,551.9107,0,401.3076,1286.8899,1915.0039,738.5864,2013.7527,1106.9778,5137.6395,97.8469,448.6529,0.4509,631.2704,1.8036,8.5672,721.001,424.3039,17.5854,114.9814,1285.0862,16.2327,171.7957,0.4509,2914.2149,5.4109,404.464,354.8642,236.2755,204.1123,1010.0101,128.5086
TCGA-G9-6333-01,1.4,3077.2983,7920.8255,0.3752,138.0863,856.6604,174.4841,2538.8368,1045.4034,603.7523,699.8124,847.6548,1651.0319,460.0375,1259.6623,182.7392,79.5497,11.6323,45.7786,578.6116,1066.7917,12087.0544,63.4146,1643.5272,1683.6773,1880.3002,5692.6717,1636.3977,288.9306,378.9869,1969.2308,6591.3696,96.4353,222.1388,772.2326,1293.8086,3.0019,102.8143,141.4634,769.9812,26197.7486,14.2589,983.4897,12660.4128,3806.0038,1875.0469,309.5685,65.2908,2244.6529,348.2176,87.8049,1902.6154,803.3771,2881.8049,228.1426,1016.1351,1369.2308,245.0281,710.6942,16.1351,334.7092,711.0694,943.3396,1393.621,1330.2064,2767.9925,700.1876,2871.2946,7057.4109,516.6979,3.7523,1132.4578,432.2814,252.9081,1119.3246,8268.6679,157.9737,741.8386,1488.9306,1981.9887,1024.015,206.379,668.2927,1704.6904,3649.1557,1214.2589,1913.7373,3396.2477,1845.7786,1275.7974,126.454,1952.3452,2011.257,1347.4672,272.4203,514.0713,1073.1707,806.0038,1413.1332,788.743,3.0019,3122.3265,517.0732,27.3921,1667.5422,1754.2214,7.8799,43.152,29804.1276,362.4765,666.7917,5947.1032,1219.8874,1091.9325,22.8893,15.7598,9.3809,43.152,831.8949,1621.0131,643.152,1053.2833,174.1088,72.4203,430.7692,58.9118,1550.8443,634.1463,32.6454,4745.9662,64.1651,143.3396,229.6435,496.06,17.3996,198.8743,1226.6417,57.7861,550.469,1147.4672,19.137,97.561,15.3846,27856.6604,833.7711,569.2308,1897.561,1692.6829,3131.3321,1101.3133,2940.3377,1498.6867,643.9024,310.6942,2100.1876,147.9137,1757.9737,114.0713,1.8762,1043.9024,517.4484,13.8837,132.4578,184.2402,93.0582,10.8818,1794.3715,1191.3696,4212.3827,2338.4615,2645.7786,814.2589,1718.1989,1030.0188,1672.045,1307.3171,76.1726,1769.9812,2596.2477,4832.2702,998.4991,457.7861,888.1801,1166.2289,1332.439,1583.8649,1858.9118,1669.7936,1824.3902,59.6623,20.6379,729.4559,427.7674,1318.1989,3742.2139,111.4447,151.2195,94.5591,1543.3396,436.773,281.4259,676.1726,16.1351,222.1388,352.3452,1319.3246,1120.4503,968.1051,1197.3734,3304.6904,110.6942,559.8499,2279.1745,22.9043,9676.9231,249.9062,437.4559,983.8649,2417.636,3037.1482,18.7617,1950.0938,679.925,246.9043,656.6604,94.1839,5327.2045,36.0225,47.2795,1824.015,36.3977,679.1745,4137.3358,6848.03,0,1260.788,0.3752,3810.5066,7314.8218,1686.3039,488.1388,1691.182,46.5291,207.8799,3919.3246,190.6191,983.4897,3434.5216,564.728,1380.4878,17.2608,72.7955,1219.137,2667.5422,1809.7561,85.5535,416.1351,96.4353,78.7992,19.5122,947.4672,163.6023,4819.5122,21.3884,16955.7223,89.3058,1.8762,23413.1332,6533.2083,393.9962,265.651,24.015,40.5253,637.5235,0.3752,305.8161,781.6135,2750.0938,847.2795,1773.7336,1094.9343,10733.9587,119.6998,409.3809,1.8762,951.97,0.7505,0.7505,751.2195,343.7148,16.5103,70.9193,2033.0206,1.5009,303.94,0.3752,4774.4841,7.1295,326.454,181.6135,287.8049,90.0563,1713.6923,194.7467
TCGA-G9-7510-01,0.8,2727.3316,5868.5233,3.2383,168.0699,804.728,567.0337,2739.9611,1119.8187,597.4741,1547.2798,871.4378,1825.1295,497.0855,1465.9974,166.7746,94.5596,13.601,74.4819,413.5363,1054.0803,9852.3316,39.1839,928.1088,1519.4301,2246.7617,6975.706,1249.6762,302.1373,1108.1574,2654.4689,6307.9663,78.6917,259.0674,1114.9611,901.2306,5.829,62.1762,210.8161,1003.886,20913.5363,87.7591,830.9585,9272.3446,5168.0699,2570.272,213.7306,106.2176,1764.2487,528.4974,128.5622,2063.669,727.9793,1382.0984,277.5259,1152.8497,1136.0104,534.6503,737.6943,42.0984,447.8627,819.9482,1073.5104,1572.8627,941.386,2338.7047,1048.899,4827.7202,8681.9948,912.2409,3.2383,1159.3264,513.8277,329.987,957.9016,8412.8886,271.0492,726.3601,1619.171,2216.3212,758.4197,510.6865,1011.0104,1751.2953,3494.8187,1348.4456,2211.8232,3578.6917,1822.215,1150.5829,65.0907,1990.6088,2055.3756,1220.5311,451.7487,627.2668,1195.272,705.9585,1286.2694,684.2617,5.829,3154.4689,490.6088,57.6425,900.5829,1548.5751,16.8394,53.1088,27300.842,393.7824,473.4456,5178.0408,782.3834,1143.7824,30.4404,13.2772,41.7746,58.2902,1101.0363,2167.7461,752.9145,1345.2073,197.8627,97.7979,739.3135,57.9663,1288.2124,814.443,200.4534,6427.785,48.5751,307.9663,488.9896,647.9922,37.2701,204.0155,1531.0881,78.3679,693.329,1182.6425,79.3394,112.3705,16.1917,16348.7694,1228.3031,820.5959,2096.8264,1292.4223,3726.0363,852.3316,3266.1917,1350.0648,394.4301,335.1684,1985.4275,178.6431,2651.8782,246.7617,1.6192,760.6865,820.272,6.1528,210.1684,48.2513,160.6218,10.0389,3143.4585,913.2124,4407.3834,3297.2733,2557.9663,1094.2358,2037.5648,1191.386,1494.4948,1189.1192,55.6995,1717.9404,2175.1943,7125.3238,868.5233,384.3912,710.4922,2295.3368,1433.1153,1497.0855,1799.8705,1537.5648,2144.4301,62.8238,22.3446,1004.2098,419.6891,1391.1917,2801.1658,109.7798,183.2902,107.8368,1825.1295,525.2591,258.4197,896.3731,117.8756,244.8187,232.8368,1263.2772,1824.4819,1272.9922,2226.3601,3498.057,175.842,282.3834,3634.3912,39.2228,7521.3731,360.1036,402.9339,1288.8601,2365.9326,2286.5933,16.5155,1306.9948,789.5078,273.9637,558.2902,112.0466,5037.5648,35.6218,65.7383,1534.6503,96.5026,548.899,2089.3782,8167.0984,0.3238,1281.0881,5.1813,3347.1503,2954.0155,1783.6788,709.9709,1420.6606,36.2694,166.7746,4483.8083,251.6192,1083.8731,3043.0699,765.544,1368.5233,31.7358,72.5389,2635.0389,2948.8342,1311.5285,82.9016,466.6451,140.8679,61.8523,12.6295,4306.3472,353.3031,16539.5078,13.9249,14197.5389,56.3472,0.6477,26136.658,7637.9534,459.5207,151.3148,34.3264,53.4326,579.6632,0,252.2668,779.4689,1517.8109,747.4093,1645.0777,1736.7228,8330.3109,83.5492,308.614,3.2383,687.1762,1.943,1.6192,808.2902,418.0699,20.7254,146.3731,2128.886,170.013,499.3523,0.6477,7147.6684,31.0881,343.5881,254.5337,316.7098,167.4223,1621.033,193.329
TCGA-HC-7080-01,2.4,3148.599,7628.6105,3.1693,146.0779,266.8011,714.8311,2894.1871,1268.6019,707.3399,1813.729,1017.6475,2274.4364,82.1148,1511.777,185.8388,121.8757,11.2368,24.4904,434.4882,556.652,15997.4069,66.2681,1217.028,1531.9455,1853.2018,6367.1512,1541.1655,231.6502,608.7791,2442.1235,10704.6028,106.029,234.8196,172.5852,457.538,0.5762,231.9383,19.5923,699.8487,21048.1884,40.3371,1149.0312,7462.6522,3021.8253,2614.4205,237.4127,49.557,2361.7374,542.8222,394.4392,2806.3099,1129.4389,1972.9079,312.9007,1333.7175,1835.0501,73.7593,1033.4942,30.2528,566.4482,792.0478,871.2814,1647.1944,1492.1847,903.3869,678.5277,4059.3532,11180.2924,752.287,3.7456,1268.0256,66.7435,190.1606,713.9667,8596.9891,97.0972,492.977,1300.2953,2004.1778,603.9041,422.9633,633.2925,1796.4417,5769.9345,1200.6051,1899.1889,3815.6018,2059.7853,1391.6301,31.4053,1638.5507,2174.458,1750.054,411.7266,293.3084,1551.2497,1175.2503,1402.0024,754.8801,0.5762,3839.8041,573.6512,11.5249,604.1922,1323.9213,10.3724,50.7095,31671.5407,406.2523,924.0078,5845.2035,234.2433,1136.0657,32.5578,7.4912,12.3893,25.6429,940.7189,1952.3158,532.4498,1650.0756,248.0732,85.5723,292.7321,44.6589,1668.2273,203.4142,31.1172,8052.1501,31.1172,195.3468,115.8251,656.9185,45.1804,255.8525,1191.3851,50.4214,799.5217,1385.2914,7.4912,62.5225,5.7624,6553.0505,867.5358,985.3778,2458.5464,1964.705,2875.4592,1006.4107,2872.0017,1428.7978,818.2669,96.5209,1639.4151,191.9355,1169.776,43.5064,2.5931,1364.5466,777.0655,9.7962,28.5241,2.305,159.9078,14.6942,905.568,151.2641,5429.9503,2337.8232,2737.1606,400.2017,1657.2787,1203.4863,1047.3241,1137.2182,2.5931,1643.1607,2042.498,4741.9146,1120.7952,222.7184,635.3094,1121.6596,2487.0042,2207.3039,1854.0661,1861.5573,1674.566,90.1822,25.6429,183.8219,225.0234,1413.2392,8125.6213,140.3155,298.4946,313.4769,1467.1181,634.7302,303.6808,162.5009,1.7287,266.513,236.2602,1700.7851,2413.5994,1272.9237,290.4271,1972.1962,74.0474,403.371,8978.751,63.8075,5469.7112,397.0323,458.4369,1329.3957,1980.8399,2867.3918,5.4743,1681.4809,767.8456,292.7321,849.096,25.6429,4716.8479,42.6421,47.8283,1812.8647,38.8965,593.2435,2415.9043,12358.1358,2.0169,1395.9519,6.3387,2963.9127,860.909,1986.8904,455.4433,592.6673,21.0329,65.1156,5393.3588,246.3445,707.9162,3498.6674,420.9465,552.3302,15.5586,78.6574,1354.7504,3400.1297,1175.8266,56.7601,391.2699,131.3837,113.1629,14.6942,379.745,169.704,27256.0686,14.9824,3554.8513,89.606,1.4406,11739.2494,6488.223,457.538,308.4377,22.4735,34.2865,495.282,2.5931,238.277,554.6352,1446.9495,892.8906,2170.1361,1446.9495,11493.1931,128.5025,391.2699,13.5417,734.7115,2.305,3.7456,943.8882,353.814,6.6268,7.4912,2045.0911,1.1525,812.7926,0.6108,9138.0825,39.1846,366.2436,350.6447,297.054,13.5417,583.0699,142.3323
TCGA-J4-A6G3-01,0.433333333,2752.18,5339.0178,1.4419,122.5648,642.1433,375.8653,2101.8657,1625.0647,1155.9541,1875.4814,819.5017,1738.4972,950.7181,1204.98,176.8778,209.0811,65.8485,166.3036,649.353,1151.6282,15078.3513,38.4517,499.3914,2292.6823,2408.9987,9238.952,1140.0927,500.3527,1087.2169,2205.2047,5550.5021,201.8714,295.5974,1442.8998,645.5078,15.3807,115.8357,346.0653,682.9982,16875.0068,251.8586,553.7044,12991.8663,3517.8494,2650.283,322.9942,323.9555,2492.1504,670.5014,201.3907,2104.4324,922.8407,1435.7478,688.2853,1202.0961,974.7505,1216.0348,790.663,16.342,500.8333,1044.4442,1247.2768,1873.0782,950.7181,2862.248,1228.051,4774.7392,6734.3336,1047.8087,10.0936,1287.6511,502.4627,344.1427,1940.8493,6594.4656,314.3426,416.7202,1672.6487,2307.5823,1098.2765,111.0293,1269.3866,1917.7783,6301.7521,1607.2808,2246.646,3564.4721,1750.0327,1111.254,55.755,1770.2199,2318.6372,1237.1833,654.1595,1885.0943,1137.2089,775.2823,1326.5835,956.9665,7.2097,2701.2315,653.6788,65.3679,1639.4841,1491.4451,51.4291,82.6711,24664.8394,505.1591,1492.887,5814.92,822.8663,1194.8864,42.7775,17.3033,64.4066,88.9195,1282.364,1941.8106,838.2469,1747.6295,184.5681,140.8293,955.5246,88.4389,1423.1933,2368.6244,133.6196,4722.3487,24.0323,330.2039,196.1036,1245.8349,179.4348,309.0555,1307.8383,108.1454,550.3399,1519.8032,60.5614,288.3877,40.8549,16407.8187,1463.087,703.1854,1736.094,1763.0102,2459.4665,878.1406,2892.0481,1674.5713,868.5276,247.5328,1790.8877,248.5566,3190.0487,146.5971,1.9226,1226.6091,795.9501,8.171,251.378,107.1841,162.4584,20.1871,1471.7386,1239.5865,5960.4933,3071.3291,2690.1767,1276.1156,2049.956,1001.6666,1600.0711,1348.2125,124.968,1975.4558,3390.9588,6618.4979,820.9437,588.7916,748.8467,1896.1492,1921.3735,1570.7517,2899.7384,1040.1183,1890.3814,125.4487,78.826,3358.2749,492.1817,1399.6417,4162.8766,143.2326,183.1262,144.1939,1631.3131,847.3792,354.7169,732.0241,14.9,229.7489,498.9107,1197.7703,1326.5835,1120.3862,1744.265,2608.4668,213.4069,231.1908,1764.4521,49.521,10167.1087,466.7074,454.6336,1214.5929,2743.0478,2664.2218,28.3581,1154.5121,635.8949,439.7913,846.4179,49.9872,4861.7361,70.1743,53.8324,1546.2388,72.0969,718.0854,6836.2306,6374.3296,3.3645,1535.1839,4.3258,2677.6799,4556.0451,1711.1004,833.4357,2110.0367,177.3584,711.837,5163.5819,290.3103,1553.4485,3132.3712,734.4274,1694.2778,98.5325,235.9973,2483.4988,3915.3438,1740.4198,33.1646,312.9007,138.4261,143.7132,104.3002,1424.6353,252.3392,3900.4438,28.8388,13578.7353,53.8324,3.3645,41912.8276,7465.8771,453.73,307.7577,24.9936,105.7422,588.3109,0.4806,308.0942,1407.8127,2259.9983,749.808,1877.8846,2527.7183,8338.7306,226.3844,277.3328,0.9613,793.0662,6.2484,17.7839,560.9141,599.8464,28.8388,33.1646,3334.7232,580.6206,147.5584,0,7407.2383,74.5002,508.5237,305.2103,485.4526,309.5361,1681.7618,267.2393
TCGA-KK-A8IK-01,0.566666667,2021.727,6135.9331,5.571,146.5181,407.2423,247.3538,1213.9276,1149.8607,610.0279,1200.5571,1295.8217,2372.1448,1254.5961,1587.7437,220.6128,200.5571,22.2841,9.4708,379.3872,1024.5125,5583.2869,26.1838,2998.3287,904.7354,1519.7772,3836.7242,1357.1031,465.7382,547.6045,1672.9805,5533.1476,279.1086,255.1532,36.7688,1838.4401,1.1142,96.9359,12.8134,313.0919,50023.3983,29.5265,989.9721,3905.2925,6502.507,849.0251,120.8914,25.6267,1625.6267,250.6964,97.493,1275.0362,544.8468,1431.1755,281.8942,1201.6713,1986.0724,107.5209,521.4485,8.3565,862.3955,1092.4791,672.9805,1388.3008,1109.1922,1665.7382,305.8496,3271.3092,12224.5125,861.2813,0.5571,958.2173,14.7298,373.8162,989.415,5439.5543,40.1114,685.2368,1229.5265,2136.4903,1247.9109,2.7855,2125.3482,1850.1393,4559.3315,1330.9192,2203.3426,4059.0529,2121.4485,1904.1783,13.9276,1184.4011,2242.3398,1398.8858,275.2089,223.3983,898.6072,716.4345,2281.337,904.1783,0,3111.4206,1073.5376,21.727,247.9109,1165.4596,18.9415,58.4958,28992.2006,420.0557,453.4819,4134.9972,128.6908,713.649,16.156,3.3426,13.3705,24.5125,677.4373,2787.1866,1916.4345,747.6323,1183.844,182.1727,135.9331,59.61,778.273,276.8802,18.3844,6611.6992,57.3816,149.8607,45.1253,602.7855,49.1476,318.1058,650.6964,37.883,592.7577,1103.6212,7.7994,30.6407,2.2284,6052.9248,703.6212,611.6992,1909.1922,785.5153,6447.3538,396.1003,2495.8217,1359.8886,1025.6267,92.4791,1515.3203,149.2256,1594.429,144.2897,0,1209.4708,406.1281,7.2423,36.2117,7.2423,233.9833,1.1142,562.117,686.9081,2861.8384,6496.9304,2202.7855,849.0251,3669.0808,870.7521,1820.6128,863.5097,7.2423,933.7047,1174.3733,3015.5989,761.0028,285.2368,930.9192,620.0557,1050.6462,2038.9972,2633.9833,1256.2674,919.7772,381.0585,118.663,145.961,285.2368,1262.3955,2706.9638,83.5655,18.9415,158.7744,1594.9861,637.883,372.7019,81.337,3.3426,218.3844,37.883,1455.7103,664.624,1358.2173,311.9777,1006.6852,181.0585,192.2006,1155.4318,55.61,4802.2284,503.6212,373.1699,1843.454,3091.3649,2083.5655,1.6713,1845.6825,1377.1588,505.8496,549.8607,688.0223,7617.2702,50.1393,132.5905,2330.3621,32.312,1167.1309,617.2702,3493.5933,34.5404,844.0111,0.5571,2846.7967,710.8635,1793.3148,700.2841,1451.8106,2.7855,36.2117,4167.688,653.4819,1067.4095,2794.429,230.6407,4056.2674,11.6992,423.3983,1588.3008,3186.6295,2672.9805,73.5376,551.532,137.4708,171.5877,59.0529,1135.376,144.2897,823.9554,70.195,3563.2312,27.2981,0,5999.4429,6170.4735,294.1504,619.5989,7.2423,44.5682,414.4847,0.5571,115.8774,981.0585,2815.5989,1483.5655,2399.4429,1136.4903,10489.1365,13.9276,184.9582,0,627.2981,1.6713,1.1142,488.5794,254.5961,11.1421,3.8997,2160.4457,5.0139,66.2953,0.5571,4183.844,8.9136,319.7772,372.7019,251.8106,9.4708,433.4262,247.9109
TCGA-VP-A878-01,0.766666667,3127.234,6906.8085,0.4255,132.3404,574.4681,344.6809,2493.1915,1300,731.4894,1157.4468,931.0638,1731.0638,665.1064,1144.6809,140.8511,92.3404,20,80,526.383,1034.8936,9800.4255,17.0213,1006.8085,1809.3617,2240,7738.6723,1345.1064,328.5106,828.4468,1993.617,7132.766,91.0638,257.4468,1064.6809,900,5.5319,5.9574,351.9149,770.2128,15514.4681,39.1489,753.1915,10120.4255,2926.383,2614.0426,336.1702,148.0851,2466.383,607.6596,234.0426,2195.8043,644.6809,1629.0723,412.3404,929.7872,1098.7234,827.6596,834.0426,23.8298,367.234,871.4894,1077.0213,1378.7234,945.9574,2184.6809,931.0638,3334.4681,8860.4255,697.8723,0.4255,996.1702,352.3915,254.4681,1220.8511,6801.2766,173.617,557.4468,1546.8085,2090.2128,937.8723,2700,602.1277,1632.766,5134.4681,1286.8085,1920.4596,3056.1702,1535.7447,671.4894,45.5319,1683.4043,1737.4468,1286.8085,446.383,668.5106,1311.0638,862.5532,1666.383,763.4043,2.1277,2951.4894,508.0851,41.7021,1571.9149,1743.4043,11.4894,60.4255,28556.5957,325.1064,722.1277,5126.217,1091.9149,1500.8511,28.9362,10.6383,18.7234,76.5957,938.2979,1825.9574,1213.617,1574.8936,183.4043,100.8511,722.9787,82.1277,1321.7021,526.8085,164.6809,6774.0426,28.0851,541.2766,338.2979,972.3404,37.8851,197.0213,1448.5106,83.8298,541.2766,1114.4681,76.5957,105.9574,11.9149,5804.2553,1061.2766,1291.4894,1900,1578.2979,3173.1915,883.4043,2334.8936,1272.3404,760.8511,284.2553,2677.0213,233.3277,2722.9787,112.766,3.4043,1051.4894,934.0426,15.3191,180,29.3617,170.2128,17.8723,2500,921.7021,5083.8298,2487.217,2357.4468,1083.4043,1823.8298,1142.1277,2099.1489,1127.6596,63.4043,1919.1489,2136.5957,6206.383,959.1489,506.383,739.5745,2178.2979,1788.5149,1798.7234,1920,1077.8723,2185.5319,88.0851,33.1915,935.3191,316.5957,1451.0638,5821.2766,170.6383,142.9787,128.0851,1577.8723,637.4468,295.3191,1085.5319,15.3191,251.0638,254.8936,1215.3191,2393.1915,971.9149,1262.9787,3406.8085,181.2766,276.5957,2231.0638,37.5617,5834.8936,455.3191,354.8681,925.1064,2651.9149,2570.6383,19.5745,1059.1489,416.1702,334.4681,740.4255,51.0638,5891.9149,42.1277,43.8298,1860,59.5745,745.5319,3134.0426,7791.9149,0,1648.0851,3.5021,3874.4681,2796.5957,1616.1702,742.1574,1727.234,34.0426,129.7872,5276.1702,304.6809,1061.2766,2748.5106,551.9149,3543.8298,49.3617,139.5745,2492.3404,2188.0851,1305.1064,42.5532,411.0638,169.7872,96.1702,22.5532,948.5106,418.7234,6939.1489,13.617,3735.7447,83.8298,1.2766,23379.1489,6570.2128,417.0213,293.4809,32.3404,79.1489,510.2128,0,267.234,976.5957,1474.8936,955.3191,1737.0213,1368.9362,4597.4468,156.1702,355.3191,5.9574,863.4043,2.1277,3.8298,833.617,618.2979,11.9149,51.0638,2379.1489,225.5319,299.5745,1.2766,5855.7447,12.766,432.9277,247.234,336.5957,155.3191,877.0085,316.1702
TCGA-VP-A87B-01,0.7,2891.4989,8616.8904,20.6935,161.6331,149.3289,979.3065,2949.1051,2224.2729,572.7069,1715.8837,1038.5906,2211.9687,218.1208,1215.8837,206.9351,101.2304,16.7785,48.0984,362.9754,1223.1544,9942.3937,45.302,1825.5034,1670.5817,2283.557,6237.6286,1169.4631,524.0492,958.9206,2620.2461,12959.7315,262.8635,228.1879,118.5682,858.5011,1.6779,18.4564,53.6913,751.1186,15370.8054,40.8277,1254.4743,7891.4989,5706.9351,2206.9351,143.1767,32.9978,2460.2908,657.7181,71.5884,2921.3479,728.7472,1274.849,378.6353,805.9284,1209.7315,128.0761,573.8255,12.8635,380.3132,755.5928,668.3445,1239.9329,1186.2416,1346.7562,483.7808,3789.7092,10177.8523,727.0694,0,1113.5347,260.0168,158.8367,977.6286,6671.7002,116.8904,508.3893,1692.3937,1672.8188,501.6779,4669.4631,7201.9016,1817.1141,4443.5123,1093.4004,2343.9262,4860.7383,2128.0761,1994.9664,21.8121,1276.2864,1575.5034,1319.9105,517.8971,268.4564,1358.5011,1074.9441,1362.9754,752.2371,3.915,3739.3736,436.2416,22.9306,1110.7383,1439.5973,19.5749,38.5906,26960.8501,326.6219,572.1477,5983.2942,1409.396,676.7338,24.0492,8.3893,5.5928,11.1857,987.6957,1950.2237,3411.0738,1714.7651,367.4497,74.3848,455.2573,74.9441,1359.6197,414.9888,58.7248,11237.6957,88.3669,187.3602,170.5817,545.302,43.2215,307.6063,687.9195,16.2192,860.179,870.2461,21.2528,62.0805,6.1521,7432.8859,961.4094,342.2819,2035.7942,1743.2886,4234.34,737.6957,2174.4966,1151.566,819.3512,163.8702,7496.6443,282.9139,3089.4855,109.0604,2.7964,1355.1454,861.8568,3.3557,55.9284,3.3557,135.906,8.3893,1380.8725,458.0537,2255.5928,2124.7204,2224.2729,728.1879,1968.1208,914.4295,1417.226,954.698,36.9128,2230.9843,1512.8635,3328.8591,1160.5145,360.179,312.0805,910.5145,1754.3289,2533.557,1983.7808,2888.1432,2610.179,81.6555,65.4362,473.1544,399.8881,1417.226,1856.264,96.1969,312.6398,140.3803,1185.6823,1100.1119,223.1544,487.1365,2.7964,169.4631,81.0962,1015.66,662.1924,988.255,330.5369,2753.915,154.9217,785.2349,940.1566,62.3266,4487.6957,298.6577,484.0324,977.0694,1470.3579,3277.9642,7.83,1745.5257,925.6152,480.9843,1381.4318,59.2841,6807.047,53.132,22.3714,2597.3154,34.6756,657.1588,1157.1588,13279.0828,3.915,914.4295,6.1521,5937.3602,1494.4072,1536.9128,428.9318,674.4966,13.4228,93.4004,5783.557,329.4183,813.7584,3487.6957,417.226,628.6353,15.1007,516.7785,1401.566,2131.4318,1752.7964,40.2685,497.2036,101.2304,148.7696,21.2528,611.8568,139.821,2092.8412,20.6935,2674.4966,52.5727,0.5593,10380.3132,6289.7092,388.7025,311.9911,57.047,51.4541,516.7785,0.5593,253.915,522.3714,1447.4273,1032.4385,1832.774,1894.8546,5133.6689,74.3848,279.6421,12.8635,541.9463,5.5928,6.7114,2098.9933,480.9843,32.9978,15.1007,1442.953,54.2506,487.1365,14.4072,4732.1029,13.9821,528.5962,178.4116,156.5996,79.4183,418.3221,365.2125
TCGA-VP-A87H-01,0.733333333,4215.0422,7274.631,2.7798,152.4235,585.1394,522.1315,2824.2358,1971.3129,652.3169,1309.7301,1077.1569,2915.5046,356.2725,1675.7318,287.2418,117.2132,31.9672,37.5268,380.3638,1014.149,10334.2198,96.8283,763.044,1419.5306,2518.4622,7866.6874,1179.0814,482.2883,859.8492,2229.3672,8987.4262,281.6823,230.7201,283.5355,753.3149,2.3165,96.8283,115.8233,685.674,17622.7496,555.4886,790.8416,9392.8078,5464.0809,2089.916,208.482,94.5118,2448.0417,539.7367,55.1319,3272.4859,922.4169,1040.3667,283.5355,990.0577,1018.7819,331.2547,768.1402,17.6051,476.7288,964.1133,1495.0474,1490.8778,1024.3414,1530.2577,670.8487,3283.3594,10393.058,789.4517,6.0228,1189.2738,313.7283,255.7379,690.307,7392.7708,145.9374,865.8951,2089.916,2052.3892,705.1324,448.9312,8435.1806,2203.8861,4696.4039,982.645,2173.1883,4358.6631,1769.317,1593.7289,40.7698,1201.3195,1609.4808,1254.5982,424.3766,1033.6073,2197.4,1078.5467,1588.1693,1094.2987,0,3196.2603,607.8408,44.4762,1132.7521,1916.6443,25.9444,24.5545,19780.7696,439.6653,671.7752,4037.6101,1606.2378,876.0876,15.2887,16.2153,16.2153,23.1647,1003.4932,3402.8891,3357.0231,2096.8654,396.579,125.0892,371.0979,48.1825,1226.8006,838.0975,81.5396,9924.2052,114.8967,150.5703,151.0336,814.9329,69.1048,465.6097,1006.7363,23.628,810.3741,1312.5098,43.5496,62.0813,15.2887,35559.1487,1364.3987,252.4948,1674.3419,1218.4613,3056.3457,719.4945,2318.3195,2216.395,645.8308,168.1755,2958.1276,258.9207,3761.4781,258.9809,0.4633,1135.0685,1188.8105,6.0228,67.1775,24.0913,197.8262,6.4861,1422.3104,534.6404,2707.9492,3964.8499,2828.8687,1049.3593,3159.1968,1016.4654,1441.3054,1136.9217,29.6508,1907.8417,5951.4654,4733.9307,771.8466,421.5969,293.7279,983.5716,1634.0307,2207.1292,2434.1429,1439.4522,1655.3469,138.0614,101.4612,503.1365,286.7785,1030.3642,2678.7617,114.8967,219.601,125.5525,1259.6944,984.4889,272.4164,492.944,5.0962,173.2717,170.9552,1082.7164,352.5662,1337.991,1444.0851,2185.8177,238.596,409.088,1464.0067,82.2392,9052.2873,462.83,172.5675,1248.1121,3029.4747,2268.2839,11.119,1177.2282,1329.1884,533.2506,1306.487,356.2725,5354.2804,62.5446,51.8888,1972.7028,62.0813,931.2195,2857.5929,14293.5241,0.4633,1642.3747,2.3396,4682.0418,3161.9766,1291.1984,721.3986,1443.1585,25.0178,103.3144,5179.6188,371.5612,811.6898,3187.4577,1129.9723,569.3874,17.6051,1288.4186,1388.0266,2580.0802,1895.3328,81.0763,317.8192,119.0664,121.8461,27.7976,881.1838,74.1269,3794.8352,44.4762,9026.8061,12.9722,0.9266,15132.5482,7501.6447,343.7636,222.1167,54.6686,40.3065,850.6065,0,222.8441,638.8814,2673.6655,726.4439,2025.0549,3685.9613,5731.8644,143.6209,408.1614,1.3899,744.049,0.9266,6.4861,930.7562,428.083,30.1141,43.5496,1658.5899,233.4998,397.9689,0.4633,5345.4778,5.0962,578.19,233.4998,232.1099,115.8233,1916.0374,470.706
TCGA-YL-A8HM-01,0.8,1780.7708,5811.438,1.6577,147.1198,554.0821,644.0116,2130.9573,1554.4965,761.7074,1328.2221,1469.9544,1826.7717,417.7373,1116.0381,283.4646,261.8981,56.7758,127.2275,556.983,1100.7045,7165.7688,24.0365,601.3262,987.9818,1877.7455,4599.6477,1101.9478,399.5027,1107.3063,1749.6892,2479.4861,519.685,250.3108,14.0903,472.0265,8.7029,0.8288,32.3249,545.3792,21340.2404,218.4003,688.3547,23021.9644,3968.5039,1389.971,208.8686,153.7505,1736.0133,706.1749,18.649,1512.2959,840.862,1911.2184,190.2196,757.1488,1919.1877,101.9478,978.0356,12.0182,692.499,1250.3108,1018.2346,1280.5636,1102.7766,1561.5416,488.6034,4547.4513,11347.7,878.16,2.0721,1070.0373,142.5404,225.0311,502.2793,4874.8446,99.8757,343.5557,1176.9581,2016.1625,515.5408,5.8019,1128.8852,1480.7294,4689.1836,1205.1388,1605.0559,3522.1716,1547.0369,1160.3813,32.7393,1414.8363,2077.0825,1032.3249,202.6523,527.5591,1548.6946,642.7683,1367.5922,801.9063,0,3020.3067,680.8952,24.4509,494.4053,905.9262,41.0278,71.2806,36115.6237,928.7194,1029.0095,2965.0601,244.9233,892.6647,39.7845,15.3336,73.3527,41.0278,784.5006,2391.6287,3341.4836,665.1471,1277.2482,134.2727,599.6685,83.2988,1177.787,416.494,33.1538,5442.6026,6.6308,121.4256,73.7671,664.7327,159.8135,269.3742,1073.3527,33.1538,626.1915,1342.7269,26.1086,173.2283,30.2528,1751.7613,773.3112,222.1301,1762.9507,1170.7418,2813.0957,774.5545,2782.0141,992.5404,738.0854,139.2458,3154.1649,197.5549,5131.7862,118.9391,1.6577,1440.116,879.4032,1.2433,82.0555,0.8288,308.7443,26.523,800.2487,336.925,3018.2346,4337.3187,2268.131,362.6191,2494.4053,1417.3228,2932.8637,1936.179,10.3605,1076.2536,2286.3655,3920.431,693.3278,650.6424,817.6544,1252.3829,1242.7932,2174.4716,2136.3448,1121.4256,1737.6709,169.913,176.9581,348.5288,88.2719,1182.3456,6891.007,169.0841,89.1007,421.4671,1094.0738,800.6631,372.5653,228.3465,3.3154,391.2143,515.1264,2665.976,322.8346,1215.4994,210.1119,4039.3701,208.4542,747.6171,2668.8769,27.9072,3224.2022,587.6502,178.1268,2055.5325,2205.1388,3375.0518,55.5325,948.1973,775.7978,499.7928,781.5997,58.0191,5394.5296,135.516,54.7037,1696.2288,16.5769,474.0986,1745.9594,5056.3614,10.775,786.5727,3.3154,2881.0609,741.4007,1829.2582,308.0439,243.6801,5.8019,103.191,4254.455,354.7451,742.2296,4357.2317,649.3991,707.4182,14.5048,166.1832,549.5234,3795.2756,1453.3775,14.0903,536.2619,161.6245,127.6419,103.6055,485.7024,87.8574,1096.5603,63.821,1730.2114,25.2797,4.1442,36352.2586,6198.0937,515.1264,303.3278,216.3282,89.1007,234.9772,0,414.8363,902.6109,1435.5574,668.0481,2554.4965,1354.7451,8527.9735,93.6593,327.8077,3.7298,687.9403,13.2615,1.2433,734.77,255.6983,25.2797,9.1173,1293.8251,4.1442,127.2275,0.8703,3943.2242,123.0833,427.7331,401.1604,304.6001,30.2528,317.0327,165.7688
TCGA-YL-A8S8-01,0.866666667,2646.8881,6802.1068,2.1498,236.4829,411.9101,1086.5312,2854.993,2397.0762,1212.5121,1881.1136,814.361,2029.8828,205.0951,1368.1608,354.7243,196.9257,33.9675,33.1076,648.393,851.7682,9698.3769,187.0364,736.5366,1555.6272,2621.09,6621.4124,768.7843,923.1431,1271.7274,2770.7191,7724.39,509.5131,464.3663,120.3913,260.9911,4.2997,3.0098,35.2574,731.377,19471.5683,13.329,749.0057,5979.5765,4170.6976,2297.7534,156.9386,125.9809,2551.865,638.5037,66.2152,3870.6095,812.2111,1114.5179,272.1703,1099.4303,1069.3325,238.2027,572.7185,20.2085,764.9145,1271.8478,1108.8896,1904.7619,909.3841,1708.6961,884.8758,5167.3654,12200.7954,884.8758,2.5798,1225.4112,453.0152,365.0435,860.3676,4919.2734,271.3103,685.8003,1921.9607,2617.2203,594.2169,2324.8414,7565.7315,1817.9082,5706.9762,1251.6393,2009.2228,3754.4878,1298.9358,1946.8988,25.7981,1398.6886,1965.8175,1087.8211,478.1253,613.9955,966.5699,827.69,2185.1016,950.6611,0.43,3820.273,831.9897,70.9449,890.0355,1525.0994,39.1272,31.8177,20847.8985,537.891,838.8692,3568.1952,680.2107,819.5206,58.0458,8.5994,12.0391,30.0978,1298.0759,1729.3346,5460.6041,1507.0407,878.8563,112.6518,496.614,52.0262,1304.5254,980.7589,156.0787,6245.2972,25.7981,229.6034,764.9145,707.7287,168.8058,208.9649,1166.5054,55.8959,795.6573,1533.2688,72.6647,66.6452,15.4789,15060.0881,1309.9946,497.9039,1464.9038,1679.0283,3139.6324,834.9995,2447.3826,2755.6702,864.6673,223.5838,5043.5343,173.888,3457.8093,192.1961,2.1498,1315.7046,1387.0794,3.4398,98.0329,22.3584,156.5087,12.8991,2158.8735,719.7678,3381.7048,3546.7914,2101.6876,1102.4401,2794.3674,1108.8896,1644.6308,1030.2053,154.3588,2243.5773,2302.913,4485.8648,751.1555,365.9035,397.7212,1272.7077,1443.1775,2003.2248,2707.5137,2780.1784,1448.565,174.1374,81.2641,564.1191,228.3134,1273.9976,3370.9556,185.7465,354.7243,164.6781,1822.6379,1047.8297,305.7078,737.8265,24.9382,254.9715,212.4046,1275.7175,805.3316,1466.6237,755.8852,2127.9157,96.743,574.8683,3875.739,133.8751,7079.8667,442.4379,206.7419,1455.0145,1407.288,2091.7983,7.7394,2004.0847,1091.2609,411.0502,956.2507,172.8475,7040.7395,56.3259,60.6256,1415.8873,77.3944,1010.4267,1308.3951,12228.3134,0.8599,956.6806,23.8074,5230.1408,3735.1392,1533.6988,833.3914,1207.7824,21.9284,136.7301,4947.2213,266.5807,1149.3067,2317.532,914.1137,700.8492,18.9186,653.9826,2349.3497,3005.9121,2292.5938,12.0391,441.578,113.5118,146.1894,46.4366,2377.7276,176.2872,3495.2166,71.3748,6622.3799,15.0489,0.43,11618.1877,8853.4881,504.7834,323.4226,79.5442,39.1272,590.7772,0,381.3823,830.6998,2119.7463,920.5633,2667.5266,4414.4899,3715.3606,101.0427,365.9035,6.0196,776.0937,8.1694,2.5798,442.008,775.2338,37.8373,64.9253,1910.7815,14.189,727.0773,0.4515,3889.498,3.0098,390.4633,279.0498,277.3299,89.7603,813.4752,377.9426
TCGA-YL-A8SH-01,0.8,2979.3869,7292.8118,5.814,139.0063,316.5962,281.1839,3032.241,1889.0063,772.7273,1577.167,864.1649,2021.1416,241.0148,1337.2093,148.5201,131.0782,23.2558,43.3404,413.3192,963.5307,9706.6596,48.6258,653.277,1512.685,2359.9366,6478.7262,1255.814,440.2748,449.7357,1994.186,6242.0719,155.9197,252.6427,421.2474,864.1649,3.6998,21.6702,153.8055,689.7463,18035.4123,299.1543,861.5222,13577.167,2923.3615,2293.3404,237.8436,133.1924,2545.4545,831.3953,52.3256,2168.4778,685.518,2246.2315,180.2326,1016.9133,1173.8901,474.63,846.723,14.2706,477.8013,843.5518,838.2664,1329.8097,1250.5285,1227.2727,813.4249,4129.4926,7723.0444,712.4736,0,1245.7717,233.4249,196.0888,884.2495,8032.241,117.8647,507.3996,1560.2537,1874.2072,966.1734,1345.666,1419.6617,1712.4736,5083.5095,1111.5222,2670.3911,4452.9598,1779.5983,1381.0782,28.0127,2046.5116,1847.7801,1344.6089,431.2896,392.7061,1589.3235,1141.1205,1355.1797,797.0402,1.0571,3445.0317,584.0381,21.1416,910.6765,1567.6533,18.4989,25.8985,23048.6258,259.5137,834.5666,5307.7801,581.3953,968.8161,36.9979,5.2854,8.4567,49.6829,946.0888,1892.7061,1158.0338,1302.3256,240.4863,103.5941,425.4757,52.8541,1339.852,624.2072,103.5941,7075.5814,19.0275,276.9556,454.5455,709.3023,90.9778,250,1475.1586,71.8816,780.6554,1165.9619,59.1966,88.2664,14.2706,13458.2452,1082.981,585.0951,1631.0782,1555.4968,3235.7294,896.4059,2651.1628,1315.5391,1042.8118,254.2283,2200.3171,213.9429,2234.6723,209.8309,6.871,1340.9091,766.3848,4.2283,141.1205,51.2685,167.5476,8.9852,1480.444,962.4736,3890.0634,2366.797,2690.1903,593.0233,1782.241,1075.0529,1519.0275,1147.9915,41.7548,1619.4503,4143.7632,3581.3953,1081.9239,278.0127,574.5243,1663.8478,2228.4408,2256.871,2474.63,1252.6427,2209.3023,93.0233,53.3827,573.4672,371.5645,1442.389,2804.9683,117.3362,128.4355,137.4207,1533.2981,763.7421,341.9662,510.0423,77.167,246.8288,195.0317,1268.4989,564.482,1014.7992,1234.6723,4847.2516,162.7907,282.241,3146.9345,52.9915,5286.9979,422.833,181.797,977.8013,1750.5285,3318.7104,16.9133,1452.9598,851.4799,486.2579,1091.4376,34.3552,5002.1142,80.8668,34.3552,2003.6998,19.556,702.4313,1149.0486,10058.6681,5.814,1054.9683,5.3594,3640.592,1316.5962,1410.148,782.3837,623.6786,17.9704,115.7505,6451.3742,292.8118,790.6977,3589.3235,437.1036,1515.8562,29.0698,233.0867,2194.5032,1775.8985,1334.0381,65.5391,442.9175,174.9471,147.9915,28.5412,563.9535,299.1543,5132.6638,19.556,4538.055,30.6554,0.5285,14929.1755,7266.9133,386.8922,418.4725,25.37,35.9408,562.8964,0,264.2706,880.0211,2353.5941,1058.1395,1972.5159,1807.611,6124.2072,256.871,349.3658,1.0571,724.63,3.1712,10.0423,848.8372,530.1268,14.2706,68.1818,1188.1607,36.4693,223.5729,2.2674,4947.6744,34.8837,595.8879,341.4376,235.7294,128.4355,790.6501,126.8499
TCGA-YL-A8SO-01,0.933333333,2355.2,8717.3333,3.2,51.2,265.6,258.6667,2091.2,1763.7333,353.6,1094.9333,1792.5333,1876.2667,478.4,1215.4667,205.8667,139.7333,19.7333,38.4,469.3333,2304.5333,4391.4667,97.0667,1056,1474.6667,2539.2,7029.824,1109.8667,524.8,623.376,1618.6667,7624.5333,238.9333,268.8,330.1333,864,6.4,156.2667,208.5333,502.4,28633.6,35.2,1080.5333,12109.8667,5956.2667,1697.0667,131.2,104,2224.5333,390.9333,110.9333,1902.3627,834.1333,1075.792,333.3333,812.8,1444.8,370.6667,569.6,17.6,394.1333,960,985.0667,1220.8,927.4667,1976.5333,1012.8,2087.4667,13835.7333,618.6667,1.0667,862.4,421.888,208.5333,806.9333,5827.2,240,398.4,2216.5333,1818.6667,507.2,1663.4667,8291.7333,1605.3333,5892.8,1236.2667,1822.4,3978.1333,1708.8,1433.0667,28.2667,1889.0667,1225.6,1164.2667,442.6667,396.2667,904.5333,896,1901.3333,701.8667,2.6667,3441.0667,436.8,22.9333,1177.0667,1560,18.1333,33.6,25229.3333,513.6,664.5333,4257.7387,493.8667,1260.2667,30.9333,5.8667,16.5333,32.5333,688.5333,2266.1333,1530.1333,1568,287.4667,124.2667,445.8667,70.4,988.2667,886.4,39.4667,5715.7333,21.3333,241.6,387.2,873.6,47.1627,259.2,1325.3333,160,729.6,1186.6667,32.5333,48.5333,9.6,9841.0667,964.2667,374.4,1474.1333,1089.0667,3785.0667,774.9333,2170.6667,1377.0667,994.6667,181.3333,5897.0667,201.616,3226.1333,175.4667,2.6667,1257.6,833.6,1.0667,76.8,35.7333,154.6667,9.6,1929.6,820.2667,3026.1333,3637.8667,2016.5333,1361.0667,1757.3333,1317.3333,1326.4,1062.4,110.4,1819.7333,2826.1333,4596.8,760.5333,185.6,608.5333,1295.4667,2204.0373,2448,1778.1333,1590.4,1546.1333,133.8667,96.5333,688,306.1333,1507.7333,3058.6667,162.6667,131.7333,208,1405.8667,892.8,354.6667,347.2,12.8,231.4667,155.7333,1181.8667,654.4,946.6667,1822.9333,1458.1333,134.4,553.6,893.8667,33.0667,6246.9333,346.6667,235.5893,1099.7333,2652.2667,1915.7333,6.4,934.4,720,390.4,970.1333,276.8,8253.8667,37.3333,53.8667,1723.7333,24.5333,492.2667,1722.6667,11346.6667,4.8,1531.2,14.0053,4908.8,3140.8,1519.4667,407.552,1214.4,28.2667,171.2,4836.2667,333.8667,1106.1333,2640.5333,768.5333,542.4,29.3333,128,2122.1333,2415.4667,1426.1333,62.4,487.4667,109.3973,159.1253,66.6667,442.6667,137.0667,4468.2667,20.2667,3061.8667,63.4667,0.5333,13917.3333,7793.0667,288.5333,277.008,83.2,54.9333,653.3333,0,260.2667,728,1499.2,913.0667,1917.3333,2356.8,6323.7333,80,410.6667,9.6,813.8667,4.8,3.2,1051.2,346.6667,83.7333,25.6,1590.9333,94.4,598.4,1.6,4757.3333,6.4,443.7333,284.2667,266.6667,93.1733,579.1307,302.4
TCGA-ZG-A8QX-01,0.6,2533.4604,7850.1532,6.9838,137.2103,654.4191,252.6477,2440.6175,1183.5413,577.5978,1459.6051,911.1748,1784.1444,260.8638,1185.5954,185.275,74.3565,7.3946,75.9997,343.8473,1269.4005,8952.7652,60.7998,1072.212,1291.5842,1993.2463,7716.1925,1090.6985,386.5715,287.9773,1605.4424,6325.6402,129.8157,366.031,166.3777,507.3494,2.8757,81.751,32.8647,634.7002,26012.8501,48.8863,818.7428,10171.6361,6084.906,2713.8057,285.1016,112.1509,2319.8396,611.6949,64.497,1729.4082,916.1045,2451.7381,354.5283,828.6022,971.9746,132.2806,960.8827,20.5405,526.2466,909.5316,695.5,1254.2005,1093.9849,1064.4067,362.7445,3082.7123,8877.1763,699.1973,9.0378,1196.6872,222.4162,241.145,937.0558,8882.9276,63.2646,430.1172,1449.7457,2171.1267,1044.6878,3424.5056,1312.5354,1595.1722,4832.3488,1215.5845,2315.5795,3528.8511,1906.9764,1182.7197,81.3402,1964.4897,1899.5818,1360.1893,368.0851,521.7277,1205.725,715.2188,1572.5777,774.7862,25.0594,3311.9439,411.22,30.8107,1562.7182,1409.4864,8.627,55.8701,25070.8646,373.4256,767.8024,5062.3691,898.8506,782.5915,25.0594,5.7513,287.9773,129.4049,849.1426,1937.3762,1782.5012,1886.8467,313.4474,75.5889,170.8966,15.1999,1443.1728,1202.0278,69.4268,5385.298,70.6592,87.5024,120.7779,651.9542,32.1212,198.01,1571.3452,59.9781,658.938,1305.1409,60.7998,86.6807,40.2593,21072.4585,942.3963,290.0313,1921.3547,1097.6822,3167.7498,1126.8497,3053.5449,1312.5354,644.9705,346.3122,2544.1414,147.4928,1023.3257,167.1993,0.4108,990.0502,771.0889,6.1621,89.9672,25.0594,108.0428,5.7513,906.2451,1040.9905,5369.6872,2285.7383,2655.8816,605.9436,3144.7445,1543.821,2294.7803,1660.4908,48.8863,1362.2433,1770.9985,4925.6025,851.1967,155.6967,590.7436,848.321,1148.2528,1676.5124,2544.9631,1423.8647,1955.041,75.1781,39.8485,634.2894,172.5399,1165.0549,3784.7853,109.2753,189.383,101.4699,1497.3996,626.0732,294.1394,653.1866,76.4105,171.7183,171.3074,1787.0201,257.5774,1020.0393,1322.3949,1913.9601,165.1453,574.7221,1771.8201,51.2649,9398.4932,340.15,406.163,1071.3904,1838.3712,3724.3963,11.5027,1525.7454,636.3435,319.6096,708.6459,71.07,5794.4639,43.5458,63.6754,1598.8695,30.8107,692.2135,1673.2259,7023.6051,0.8216,971.153,2.8757,3673.8668,2395.8393,1605.4424,839.5338,1244.7519,35.3296,277.707,4498.3609,202.1181,1061.1202,3493.1107,433.8145,1104.2552,12.7351,207.0478,893.0992,3138.1716,1714.3068,118.7239,476.5387,103.9347,110.5077,29.9891,488.0413,83.3943,1270.6329,11.5027,8243.7085,131.0481,1.6432,14227.5554,7501.787,384.1066,389.0445,12.7351,56.6917,626.8949,0,244.4315,1267.7572,3272.917,996.6231,2371.6016,1199.9737,8375.989,193.4911,307.6961,5.3405,735.3485,64.497,5.7513,656.0623,368.4959,16.8432,233.3396,2135.7971,0,266.2044,0.4108,3536.6565,10.681,385.339,285.5124,156.5183,29.5783,1509.3418,105.9888
TCGA-ZG-A8QY-01,1.333333333,3203.3702,7560.1896,9.268,148.2886,369.4576,349.2364,2977.9884,1421.8009,895.6293,1886.0453,1020.7478,1017.3776,397.2617,1241.9168,158.3992,155.029,24.8552,42.1274,457.9252,1161.4534,12000,51.3955,739.7578,1278.9889,2141.7588,8331.0753,1010.6372,342.9173,524.9036,1769.7736,5919.7472,155.8715,238.4413,362.2959,343.3386,3.7915,0.8425,104.8973,754.5024,21624.0126,48.4466,1070.8794,15707.6356,5769.3523,2680.1474,296.9984,94.3655,1979.1469,701.0005,80.0421,1573.2154,848.0253,2581.3502,341.2322,932.2801,958.3992,342.0748,951.2375,8.8468,395.5766,625.1711,603.6862,1602.1064,1232.6488,1619.3786,949.1311,4041.2849,10946.3928,730.0685,1.2638,843.8125,497.3186,287.3091,1304.2654,8464.6656,142.3907,754.9236,2046.5508,2312.3749,711.9537,115.8504,546.8141,1187.5724,4452.8699,1555.7662,2013.9105,3556.3981,1565.4555,1319.01,42.1274,1900.7899,2424.4339,1509.426,323.1174,323.96,1126.9089,988.3096,1018.2201,810.1106,14.7446,3113.2175,537.1248,50.5529,1078.4623,1263.8231,25.6977,38.336,21346.8141,259.505,992.5224,11223.1701,1064.9816,991.2586,49.7104,14.3233,12.217,45.9189,782.7278,2017.0616,286.4666,1840.5477,421.2744,108.2675,339.1259,57.7146,1801.7904,394.7341,159.663,4550.6056,168.0885,287.7304,262.0326,554.8183,68.7056,229.5945,1864.139,10.1106,989.6746,911.6377,42.5487,53.5018,10.9531,8528.278,904.476,873.723,2422.7488,1391.0479,3126.277,1129.8578,2969.9842,1545.2343,594.8394,344.1811,1428.1201,208.4929,1262.5592,82.991,3.7915,1335.861,1011.0585,34.5445,404.0021,36.2296,178.6203,20.6424,1892.3644,781.8852,5257.9252,3029.7925,2834.3339,659.7156,2868.8784,1577.6725,2630.4371,1392.733,37.4934,1607.1617,2050.7636,4412.8489,1230.5424,644.5498,591.0479,1682.1485,1707.9937,1795.8926,2726.9089,1063.7177,1669.5103,93.9442,38.336,604.95,217.7988,1913.0068,2821.6956,234.6498,423.802,147.0247,1433.5966,511.8483,345.445,543.0226,23.1701,290.6793,294.0495,1999.3681,859.821,1051.5008,1209.4787,4139.0205,67.4039,460.4529,2501.1058,23.4271,5243.1806,369.4576,419.9473,1005.5819,1311.0058,2262.6646,8.0042,2050.7636,798.3149,366.0874,648.3412,324.3813,4691.7325,89.3102,53.0806,2145.5503,13.0595,622.6435,939.8631,8936.4929,3.3702,1190.1001,2.9489,2918.5887,2280.7794,1646.3402,784.1517,465.0869,34.5445,232.1222,4255.2923,303.3175,961.7694,4013.0595,397.2617,1223.3807,6.7404,46.7615,2054.9763,2292.575,1423.9073,59.821,468.4571,133.1227,133.1227,51.3955,500.4739,262.4539,6127.4355,24.8552,3756.9247,59.3997,0.8425,11197.0511,6860.4529,458.7678,327.0311,29.9105,32.8594,457.0827,0,540.0737,952.5013,2271.9326,796.6298,2279.9368,1498.8942,7760.7162,235.9136,446.9721,9.6893,594.4181,6.3191,5.0553,696.3665,479.8315,18.1148,56.872,2798.9468,4.2127,337.862,1.3102,5134.4918,40.4423,522.8015,305.0026,138.178,112.059,635.6609,258.6625
TCGA-EJ-7789-01,0.666666667,3462.1523,6746.8673,5.5184,215.2172,1585.4756,2364.8419,4185.4858,1641.933,886.3382,2739.2434,885.4892,1583.7776,856.6238,3110.2489,739.0396,369.3076,135.8373,35.2328,960.6242,1342.6665,7448.1271,98.0575,910.9587,1508.6426,2602.5571,9388.0022,1015.8081,665.1781,1826.9645,4036.0648,7056.3215,434.2548,331.9523,10.1878,1003.4978,9.3388,19.1021,11.0368,710.1742,20877.7634,19.5266,954.2568,4501.7319,5782.4227,2977.8076,389.6832,36.9308,2459.928,904.1668,289.5032,3185.9018,810.7787,1505.2297,446.9895,1146.1269,1412.2831,172.768,929.2118,7.6408,1056.5592,2515.9609,647.3495,2318.9968,1268.3805,2065.0406,852.8033,6671.3078,20347.5736,1210.6496,0.849,2059.2081,196.998,385.4382,974.2079,5946.2764,105.6984,1284.5112,1882.1951,2716.3208,733.5212,12.3103,1162.2576,2437.43,7327.5716,1497.6059,2806.8734,4009.7463,1363.8911,1981.1016,8.0653,1538.7815,3544.0792,1184.3312,705.5048,144.3271,1703.4842,1538.357,875.3014,1086.2736,0,2701.8881,1250.9763,157.4863,483.4958,1664.0065,64.5227,51.3635,33150.236,356.5728,541.6511,7434.1741,258.0908,496.655,52.6369,6.3674,19.9511,33.1103,1813.852,2061.3305,1394.03,699.5619,829.8808,118.8576,485.6182,58.1553,1247.5804,382.4668,103.1514,5370.6659,109.9433,190.1722,206.7273,344.6871,85.4162,634.6147,612.5412,39.9022,700.8354,1984.0731,76.4085,91.6902,8.0653,4082.7589,1788.807,564.1491,2108.4491,2905.2195,2778.7211,1248.0049,3943.1012,1630.4717,742.8601,160.4578,2304.1396,79.0828,2504.9241,157.4863,0.4245,1790.0805,536.9817,0.849,76.833,4.6694,274.646,11.8858,1328.6583,212.2457,4337.0292,6949.3412,2274.8497,448.263,3109.8244,1034.4857,1873.7053,1228.4783,1.2735,3099.6366,1993.8364,2681.0881,1033.6367,241.1111,1502.6998,1257.7682,2380.7306,1854.6032,5193.2285,1491.663,1095.6125,184.2293,111.6413,297.5685,498.353,1606.7002,2691.7003,229.6499,163.4292,222.009,1853.3297,681.3088,342.1401,300.54,5.9429,527.6429,52.2124,1690.7495,1635.1411,1794.7499,370.581,3711.3288,24.196,615.9371,2606.3776,46.7323,4076.3915,610.4187,313.2068,3049.1222,1164.8046,2406.8666,2.5469,1573.1653,640.1331,473.7325,1144.8535,101.4535,4184.2123,85.7473,61.1268,2157.2656,86.5963,1464.92,920.2975,12167.6232,2.1225,1160.5596,1.2735,1780.7417,1020.053,2198.8658,660.9162,719.0885,5.9429,94.6616,4301.7964,438.0752,1208.1027,3287.2619,1529.4427,459.2998,7.6408,255.1194,2453.9851,3954.5624,1518.8304,77.2574,347.234,102.3024,145.3798,101.878,531.0388,180.8334,1564.6755,126.9229,1401.6708,24.196,1.2735,8411.7228,11080.5006,748.3784,314.1109,21.2246,80.2289,1127.4493,3.8204,707.2028,2430.6381,3173.4981,653.2924,2446.3443,1393.6055,7029.1541,109.9433,514.0592,3.3959,902.0444,20.3756,4.2449,434.2548,403.6914,22.9225,3.3959,1995.5343,4.2449,139.2332,0,4257.2248,28.0164,256.8513,357.4218,169.3721,43.2981,222.7349,203.3314
TCGA-CH-5737-01,2.366666667,3433.6389,6961.7377,14.3483,142.6863,785.9705,848.5452,3871.2635,1109.2069,836.5883,1681.5464,821.0442,1928.2583,428.8561,1188.5213,254.6831,94.0614,11.957,17.9354,618.9717,1385.8111,23588.2822,29.4938,1107.214,1460.7413,2223.5951,10561.1638,1238.7405,330.4105,1106.7796,2420.0877,8959.7449,82.503,224.7908,409.725,628.5373,1.5943,7.9713,50.2192,624.9502,26184.5357,47.4293,573.5353,10098.8442,5903.5472,2025.9067,210.0438,68.5532,2411.3193,799.5217,60.9805,2192.3436,777.6006,2376.377,821.4428,1191.7098,1296.931,948.5851,896.7716,26.7039,526.106,974.4918,784.7748,1688.7206,1357.1144,1971.9251,497.8079,5959.7449,8689.5177,772.8179,13.1527,1356.7158,154.4121,320.0478,1210.841,8668.7923,327.222,437.6246,873.6548,1887.2061,730.5699,164.6074,806.2973,1756.0781,3883.619,1549.2228,2641.6899,3549.6214,1520.5261,1379.8326,53.4077,1618.5731,2290.9526,1062.9733,485.8509,389.3982,1414.9063,747.7083,1045.4364,810.6815,0.3986,3552.8099,581.9051,45.4364,378.6369,1413.3121,12.7541,24.3125,42783.5791,350.7373,597.0506,7749.175,768.4336,918.2941,16.3412,42.6465,22.7182,27.8996,1248.3061,1938.2224,501.395,1474.2925,171.383,70.546,240.7334,44.6393,1428.059,310.4823,71.7417,6157.4332,38.6608,180.9486,106.4169,554.0056,23.7585,235.9506,1226.385,50.6178,587.0865,1475.8868,19.1311,49.0235,10.7613,31414.5078,1257.8717,963.7306,2061.379,1610.2033,2996.8115,1344.7589,3290.9526,2033.4795,444.0016,225.1893,2648.4655,234.4719,2373.4556,265.0458,5.5799,900.3587,786.3691,0,1300.5181,13.1527,140.2949,7.9713,611.0004,940.6138,5372.6584,3021.9211,2463.5313,446.393,2040.2551,1135.5122,1855.7194,1393.7824,4.3842,1784.3762,1899.5616,6044.6393,768.8322,276.6042,1470.7055,1080.9087,1611.6461,1607.8119,2308.4894,921.4827,2264.2487,62.1762,31.4866,292.1483,411.3193,1824.6313,3039.0594,186.1299,102.4312,147.4691,1322.8378,411.7178,251.0961,183.34,8.3699,401.3551,165.8031,722.9972,1238.7405,1443.603,541.6501,3276.6042,93.6628,308.0909,3238.7405,63.878,9793.9418,320.0478,590.1076,1560.7812,2287.764,1603.8262,5.5799,1746.114,595.4564,153.8462,593.065,69.3503,4764.448,27.8996,41.0522,1856.118,42.2479,554.4041,923.4755,7060.9805,0.3986,1104.4241,7.9713,3516.5405,3523.3161,1843.7625,487.3774,1349.9402,67.7561,249.5018,3865.285,205.6596,811.4787,3149.4619,624.153,2569.9482,30.291,344.7589,1997.21,1689.5177,1609.4061,108.4097,453.1686,91.67,126.3452,15.544,591.4707,163.0132,19489.0395,13.5512,13911.9171,90.8729,2.3914,9701.4747,8137.1064,475.0897,210.9725,8.3699,26.3053,599.442,0,275.4085,666.401,2676.3651,557.9912,2151.0562,809.4859,7528.0988,64.9661,386.6082,0.7971,623.3559,2.79,3.9857,836.1897,524.5118,7.1742,9.167,2712.236,3697.8876,312.0765,0,5664.0096,303.3081,224.8824,227.5807,179.7529,25.1096,2176.5564,362.6943
TCGA-EJ-5494-01,0.7,3421.7782,6101.8981,1.1988,191.4086,866.7333,1498.5015,4703.6963,1730.2697,1154.4456,2523.0769,743.6563,1873.3267,313.2867,3200.3996,212.1878,147.0529,24.3756,42.7572,690.1099,1330.2697,18552.6474,27.972,1050.5495,1654.3457,3251.5485,8899.4765,1284.3157,482.7173,704.0919,3696.7033,6918.6813,90.3097,216.1838,237.7622,291.3087,25.5744,38.7612,59.5405,774.4256,19210.7892,1014.985,498.3017,15160.4396,2552.6474,3037.3626,302.8971,101.4985,2679.3207,1010.5894,400.3996,2681.97,779.2208,2399.1369,640.5594,1789.4106,1204.3956,247.7522,867.1329,29.5704,629.3706,1041.3586,1026.5734,2065.9341,1174.4256,1712.8152,817.982,4690.9091,10137.0629,957.4426,7.5924,1608.3916,959.029,418.3816,1259.5405,10048.3516,241.3586,1182.8172,1934.0659,2726.4735,1110.0899,258.5415,831.5684,2121.0789,5285.1149,1439.3606,2768.4515,4897.1029,1961.6384,993.4066,57.9421,1860.5395,3243.1568,1285.1149,691.3087,815.984,2546.6533,1114.4855,1082.5175,818.3816,13.5864,3353.4466,756.8432,49.95,893.1069,1739.4605,13.5864,71.9281,29449.3506,212.5874,850.7493,5453.4186,3275.1249,1119.6803,17.1828,29.1708,32.3676,46.7532,1432.967,2237.3626,551.049,1634.7652,174.6254,93.5065,727.6723,59.1409,1959.6404,835.5644,250.5495,6041.958,31.968,186.6134,139.0609,607.7922,33.003,545.8541,1492.1079,94.7053,651.7483,1917.6823,53.9461,105.0949,23.1768,9100.8991,1789.7143,776.024,2050.3497,2196.2038,2403.996,1060.1399,4220.5794,1319.8801,458.3417,151.8482,2449.5504,134.3057,4628.5714,106.6933,1.998,882.7173,1259.9401,11.1888,227.3726,52.7473,170.2298,15.5844,1253.9461,577.4226,5599.6004,3148.8472,2717.6823,736.4635,2061.5385,1074.9251,1722.2777,1368.6314,125.8741,2741.6583,2544.2557,6150.6494,1804.995,772.4276,214.985,1970.03,1938.4456,2154.6454,3243.5564,1216.7832,2352.8472,47.952,40.3596,734.4655,469.9301,1735.8641,2238.961,119.4805,92.3077,97.5025,2140.6593,635.7642,296.9031,910.2897,30.7692,475.9241,151.8482,1138.0619,1035.3646,1406.1938,2141.4585,7663.1369,141.4585,305.6943,2731.6683,108.0799,8268.9311,389.2108,516.7313,1184.4156,3036.5634,2036.7632,50.7493,1271.9281,735.6643,370.03,889.5105,65.5345,4435.5644,33.1668,50.7493,2248.5514,73.9261,667.3327,575.4246,12697.3027,0,1553.2468,4.3956,2644.5554,2561.4386,1791.8082,995.5405,1426.1738,53.5465,153.047,3970.4296,223.7762,1265.9341,3074.1259,473.1269,928.6713,25.5744,119.0809,1247.952,4289.3107,1351.4486,113.0869,341.6583,179.4206,115.4845,25.5744,1002.997,284.1159,4789.2108,16.3836,8553.8462,33.1668,1.998,28626.973,7975.6244,452.3477,291.6124,66.7333,55.1449,570.2298,0,230.5694,2492.3077,2869.9301,692.1079,2308.8911,740.4595,13769.8302,130.6693,366.4336,11.5884,718.0819,3.996,2.7972,1107.2927,537.8621,36.7632,59.1409,1076.1239,1.5984,158.6414,13.5864,3914.8851,352.4476,469.1429,212.987,161.039,38.7612,679.7043,165.035
TCGA-HC-7210-01,0.766666667,3729.3139,5885.1267,2.2608,172.788,1182.3866,1611.6114,3801.3358,1082.5894,768.0184,2632.8368,646.5824,1547.6636,936.2848,1883.8736,268.3866,156.6396,21.9618,100.4431,601.3668,1626.1449,19495.3299,25.1915,590.7089,1592.8792,2791.4142,11153.3582,988.2827,402.0954,2208.4501,3506.7888,9026.6384,67.8233,267.4177,998.9407,567.7781,17.4403,45.5385,116.5915,1051.5845,18750.5652,15.5025,535.1583,12245.9855,2883.1372,3823.2976,412.4304,146.6276,2727.4665,874.2749,186.0297,3539.9673,947.9117,2073.9952,533.8664,1790.5357,1097.123,683.0778,904.311,18.7322,569.07,1401.682,1042.5414,1992.7138,1254.7315,2721.3301,1172.0516,9395.7911,6333.4065,852.6361,41.017,2049.2333,530.8725,502.2156,1488.2375,7762.5409,558.412,987.3138,890.4233,2441.6396,1034.1442,113.0389,483.4834,2223.3131,4941.0906,1704.6262,2325.3,3616.275,1339.0262,1636.4799,151.1491,1511.8142,2884.1061,960.1845,646.2594,1431.7181,1242.1357,855.5428,952.4332,780.6142,4.1986,3453.1761,754.7767,51.029,908.8325,2595.0495,5.1675,76.2205,30535.998,317.8007,681.4629,5965.4392,1072.9004,974.0721,26.8064,37.1413,93.9837,72.0219,1555.7379,1432.687,454.7392,1047.7089,122.082,76.5435,1555.0919,149.8572,1519.8884,1543.1421,332.6573,5044.1175,89.7852,315.217,502.8615,674.3576,28.5116,221.2332,1646.8149,68.7922,793.5329,1772.4495,135.9696,249.3315,40.371,19960.0811,1603.8601,1682.9873,1854.8064,1634.2191,2285.969,1354.5287,3870.774,2500.7428,465.7202,397.5739,2496.5442,109.9255,2632.8368,183.123,0.6459,1117.47,1076.1301,9.0431,260.6353,22.6078,159.2233,17.4403,3822.6517,655.6255,6565.9436,2869.8923,2115.7647,692.4438,1745.3202,872.6601,1617.1018,740.8891,8.7201,2274.6651,2022.4269,8038.0327,651.7498,347.1908,1400.0672,2422.2616,1870.3024,2201.6743,2717.1315,1694.2912,1742.7364,42.3088,6.4594,1061.9195,496.0792,1810.8827,3500.9754,180.2163,164.3908,40.0481,1435.9166,541.2947,233.506,1043.8332,9.0431,446.0191,186.3527,986.0219,2499.7739,1589.9725,998.6177,1565.7499,72.3449,332.0113,5906.4426,76.0396,11576.7954,460.8756,650.0575,1613.5492,1557.3527,1397.1605,21.9618,1858.0361,601.3668,169.2353,719.5732,142.7519,4312.2715,18.0862,37.4643,1563.1661,123.6968,740.8891,1961.7089,7498.6758,0,901.0813,2.2608,2943.8552,6967.0702,2023.7188,958.9378,4183.4072,26.1604,203.7929,3180.2679,218.9724,1208.2241,2963.2333,865.5548,2624.1167,21.9618,33.5887,5421.9903,2297.9188,1603.5371,121.436,331.3654,143.7209,98.8283,8.0742,4780.5754,333.6262,18981.4875,17.1173,30431.6793,42.9548,1.9378,22321.6247,9996.189,1026.07,191.6041,31.6509,105.2876,518.041,0,417.9209,1110.3647,3816.8383,391.1145,2098.6474,1788.275,10713.5014,92.6919,444.0813,1.9378,757.3604,0.6459,2.2608,1149.7668,639.8,23.5767,76.5435,1438.1774,505.1223,938.2226,0,7759.9571,150.1802,243.5568,230.9223,204.7618,114.0078,5702.7433,191.1972
TCGA-HC-8265-01,1.566666667,2649.2797,7744.6597,1.9871,249.8758,597.6155,417.7844,4097.8639,1923.4973,644.8087,1370.5912,1389.4685,1750.1242,1466.468,1944.3616,307.998,78.9866,10.929,41.232,651.7635,978.6388,12824.1431,79.9801,1193.7407,1916.0457,2361.6493,5212.613,1309.4883,827.6205,1572.2653,2787.8788,6068.0576,162.9409,271.237,1044.2126,1414.307,5.4645,2.9806,276.7014,615.4993,20217.0889,74.5156,1250.3726,4933.9295,7345.2558,2102.8316,181.3214,114.7541,2460.0099,830.6011,146.5474,2154.6249,551.9126,2295.842,719.3244,1270.2434,1446.5971,378.5395,792.8465,17.8838,431.1972,1265.7725,938.8972,1518.1321,1142.5733,1880.775,1056.6319,5786.3885,16483.8549,715.847,3.9742,1094.3865,298.0477,370.0944,1098.8574,6765.5241,110.2832,897.1684,1623.4476,1776.4531,796.3239,83.4575,1611.5251,2206.16,6253.3532,1388.4749,2453.1545,3200.6955,1732.7372,1545.9513,56.6319,1535.5191,2221.0631,1498.2613,498.2613,572.7769,1733.234,916.5425,1256.8306,633.8798,4.9677,3838.0527,394.4362,21.8579,1150.5216,1626.4282,7.9483,42.2255,26452.0616,246.3984,728.763,6007.541,765.0273,1400.8942,11.9225,21.8579,8.4451,43.7158,821.1624,2323.8947,1397.4168,1749.1307,753.1048,137.6056,453.5519,71.535,1470.9389,538.003,120.2186,6661.2022,14.4064,172.8763,247.8887,767.0144,41.7188,386.4878,1320.9141,18.3805,806.2593,1193.7407,52.6577,102.3348,11.4257,9260.8048,1269.2499,480.3775,1826.6269,2551.9126,3773.4724,810.7303,3204.6696,1568.8028,1172.3795,277.1982,2952.8068,201.9722,2424.7392,380.0298,0.4968,1819.1754,928.9617,8.4451,212.1212,45.2062,161.9473,10.4322,1467.4615,600.5961,4861.8977,4282.6577,2088.922,686.5375,2421.7586,1316.9399,1493.2936,1363.1396,74.0189,2185.2956,2730.7501,4671.6344,983.6066,210.6309,1662.1957,1307.0045,2458.5196,2139.5926,3427.7198,1986.5872,1535.0224,63.0899,34.774,580.2285,419.2747,1125.1863,3257.8241,145.0571,91.4059,69.0512,2037.7546,630.4024,258.3209,491.3065,29.3095,193.2439,256.8306,2203.1793,850.9687,1111.2767,864.3815,3865.8718,234.9727,79.4834,3366.1202,30.4173,6314.456,350.7203,312.7273,804.2722,3536.0159,2467.4615,23.845,978.1421,733.234,326.3785,1165.4247,51.1674,6329.8559,29.8063,44.7094,2243.9146,43.2191,955.2906,2090.9091,5619.4734,12.916,1294.0884,6.0854,4780.4272,1843.0204,1476.9001,733.0452,3231.9921,23.3482,75.5092,4297.0691,502.2355,1134.1282,5215.1018,694.4858,3332.8366,50.6706,306.0109,2161.9473,3105.3154,1009.9354,58.1222,269.7466,117.7347,105.8122,42.7223,952.31,141.5797,3180.8246,19.3741,5177.3472,5.9613,1.4903,31550.4223,10242.921,396.4232,273.8102,65.5738,50.6706,839.543,4.4709,405.3651,828.614,3594.1381,1183.8053,1721.8082,933.4327,6656.7312,108.7928,495.2807,1.9871,1186.2891,2.9806,4.9677,1385.4943,364.6299,8.9419,37.2578,2036.7611,55.6384,265.7725,0.4968,6326.8753,16.3934,282.1659,293.0949,445.6036,134.1282,951.8132,97.3671
TCGA-J9-A8CP-01,0.833333333,2252.007,5255.1483,2.7923,64.2234,450.9599,320.1862,2398.1385,1120.6515,702.2688,1231.4136,1047.1204,1750.7853,340.6632,1047.1204,153.1123,82.8389,9.3077,28.854,398.8365,1022.4549,7542.0593,39.5579,1102.0361,1521.815,1816.8703,8349.0076,1169.9825,232.6934,359.7161,1702.8505,5047.5858,64.2234,258.2897,527.7487,430.4828,0.9308,33.0425,43.281,613.8453,19078.9994,24.6655,902.3851,11448.0512,3206.5154,2548.9238,255.032,140.0814,2134.7295,532.4026,2472.6003,1197.9244,2547.0622,2117.0355,312.74,1080.1629,1199.7673,360.6748,891.2158,26.9924,419.7789,931.7045,828.3886,1279.8138,854.4503,2401.8615,823.7347,2431.6463,10529.3775,647.3531,0.4654,983.3624,429.7568,276.9052,753.9267,7247.0041,505.8755,760.4421,1537.1728,3275.8581,573.3566,53.9849,428.1559,1555.3229,5056.4282,1485.0494,1989.1937,3135.3112,1703.7813,1308.6678,48.4002,1641.4194,1953.694,1218.3828,307.6207,425.3636,1005.701,665.9686,1821.5241,894.9389,2.7923,3594.1827,552.8796,20.0116,1465.9686,1733.566,3.2577,239.6742,36134.4968,423.9674,456.5445,5361.9779,975.4508,887.0273,35.8348,23.7347,21.4078,111.2275,870.7388,1921.5823,735.7766,918.2083,731.1227,67.0157,310.8784,31.6463,984.7586,218.2664,104.2467,4402.0942,3.2577,761.3729,363.4671,521.6987,15.4043,123.3275,1265.8522,24.2001,736.242,1217.9174,35.8348,121.466,10.2385,5737.2891,543.1065,2467.4811,2192.4375,1269.1099,3188.3653,990.3432,2361.3729,1929.4939,687.3764,281.559,1078.3013,184.5119,2318.0919,167.0739,5.5846,934.9622,622.6876,98.1966,134.4968,48.8656,113.089,27.9232,2848.6329,585.4567,4791.623,2655.0273,2753.694,904.712,2043.5137,1168.121,2010.0058,1236.9983,11.6347,1480.861,2209.6568,5669.3426,830.7155,357.4171,819.5462,3363.3508,1595.0622,1595.8115,2237.58,1935.0785,1428.7376,53.9849,27.9232,743.2228,296.4514,1315.6486,4348.5748,188.0163,221.0588,108.9005,1351.9488,447.7022,277.836,980.5701,77.2542,324.84,149.3892,1385.4567,3556.9517,962.8854,1087.1437,1758.6969,76.3234,308.5515,3991.623,19.1646,5943.9209,325.3054,339.039,1036.8819,2473.9965,2847.2368,5.1193,1580.4538,718.5573,212.2164,329.9593,321.5823,5360.3258,67.4811,66.5503,1648.4002,33.9732,511.9255,2090.5177,8703.1995,0.4654,1109.0169,13.4962,2199.8837,1968.121,2006.7481,464.4235,1043.8627,39.0925,142.4084,4528.6795,255.032,833.9732,3305.1774,841.8848,587.3182,10.2385,176.847,2511.6928,3322.3967,1402.676,37.6963,403.025,128.4468,68.8773,23.7347,878.185,397.4404,12843.281,13.4962,1619.5462,310.413,0.9308,11741.2449,6554.9738,442.5829,265.1169,43.281,74.9273,372.3095,0,349.9709,769.2845,1061.5474,737.1728,2117.9756,1054.5666,11060.3839,94.9389,356.9517,0.9308,651.0762,1.3962,1.8615,682.7225,450.4945,6.9808,32.1117,2842.5829,127.516,167.5393,0.9959,5624.2001,845.1425,429.1146,290.4014,278.7667,60.0349,777.1216,170.797
TCGA-KK-A8IB-01,0.9,2378.8918,5812.1372,3.1662,117.6781,252.7704,130.343,1749.8681,1263.3245,494.9868,1034.3008,1188.3905,2315.5673,374.1425,1219.5251,170.4485,92.3483,12.1372,132.9815,201.0554,1153.562,7990.5013,158.3113,1521.372,1433.7731,1423.7467,8365.1557,1235.3562,406.8602,378.3536,1126.6491,6102.3747,300.2639,274.4063,327.7045,320.8443,12.6649,25.3298,199.4723,454.3536,22825.8575,15.8311,1322.9551,5233.7731,9139.8417,1917.1504,121.372,282.8496,1863.8522,417.942,100.7916,986.7441,756.7282,1282.8707,233.2454,679.6834,953.562,295.5145,689.7098,14.248,355.1451,990.5013,1067.5462,756.2005,801.0554,2874.3958,822.1636,1795.7784,15438.5224,731.9261,2.1108,796.8338,290.3958,195.2507,737.2032,7207.3879,194.1953,590.5013,1546.1741,1377.3087,440.1055,1088.6544,5951.4512,1455.9367,4734.0369,869.1293,1194.723,3920.8443,1721.372,1004.7493,235.8839,1634.3008,1392.0844,1311.3456,303.9578,595.7784,1576.2533,652.2427,2094.4591,573.0871,2.6385,3226.9129,492.876,19.5251,1768.8654,1546.1741,5.8047,64.3799,24823.7467,467.5462,788.3905,3950.3483,822.1636,1348.8127,39.5778,6.3325,159.3668,74.4063,673.8786,2517.1504,1996.3061,1181.0026,321.372,120.3166,493.4037,98.153,1113.4565,1025.8575,36.4116,5472.2955,35.8839,267.5462,224.8021,890.7652,57.5515,155.1451,1347.2296,18.9974,733.5092,1260.1583,66.4908,187.3351,32.19,7113.4565,762.0053,312.9288,1966.2269,719.7889,3581.0026,791.5567,2157.7836,1138.7863,647.4934,163.5884,2131.9261,244.8443,4164.1161,87.5989,0,822.6913,715.5673,11.0818,142.4802,64.9077,158.3113,7.3879,1817.4142,1349.8681,3292.876,2699.7361,2754.5119,1611.6095,2950.3958,1515.5673,1739.8417,1107.6517,118.7335,1434.8285,1510.8179,5403.6939,483.905,311.3456,409.4987,1229.0237,1538.3061,1957.7836,1693.4037,1630.0792,1718.7335,98.153,86.5435,987.8628,165.6992,1139.314,4005.277,140.3694,252.7704,125.066,1154.0897,919.7889,321.8997,478.1003,35.3562,153.562,282.8496,1585.752,786.8074,965.1715,911.3456,1071.7678,91.8206,222.6913,891.8206,19.5251,7629.0237,251.715,213.5937,1046.438,2570.4485,2159.8945,33.7731,924.0106,738.2586,348.285,794.1953,452.7704,6076.5172,49.6042,49.6042,1591.029,18.9974,517.1504,5705.5409,5779.4195,3.6939,879.6834,1.0554,3536.1478,5975.7256,1845.9103,569.1346,2249.0765,72.2955,140.8971,4993.1398,181.0026,1049.6042,2261.7414,681.2665,793.6675,38.5224,142.4802,1146.1741,3200,1143.0079,26.9129,369.9208,78.7493,84.4327,23.219,1173.6148,124.0106,1390.5013,12.6649,4018.4697,70.7124,3.1662,24151.4512,9350.9235,247.4934,238.7441,79.6834,118.2058,409.4987,0,347.7573,717.1504,1215.8311,1151.9789,2077.5726,2903.9578,8250.6596,60.686,310.8179,2.1108,804.2216,3.6939,21.1082,406.3325,282.8496,71.7678,25.3298,3223.7467,182.5858,537.7309,0,4507.124,16.8865,425.9103,267.5462,235.8839,180.4749,852.2216,121.8997
TCGA-KK-A8IG-01,0.7,2731.5271,6826.1084,5.9113,135.468,622.6601,469.4581,2728.5714,1203.4483,734.9754,1472.9064,903.4483,1978.3251,500,1251.2315,181.2808,78.7586,10.8374,49.7537,572.9064,1231.0345,8174.8768,56.6502,1145.3202,1371.4286,1844.335,7242.3547,1056.6502,334.9754,786.6749,1876.8473,5133.0049,141.8719,259.6059,295.5665,968.9655,1.4778,19.7044,60.5911,734.4828,23122.6601,25.6158,1095.5665,4891.133,4542.3645,2251.7241,287.1921,138.9163,2047.7833,578.3251,280.7882,1697.4236,1009.3596,1585.4532,425.1232,816.7488,1049.2611,177.3399,789.1626,20.6897,464.0394,924.1379,686.6995,1194.5813,1094.0887,1838.8079,758.6207,3270.936,8822.1675,856.6502,2.9557,1390.6404,716.6453,308.3744,1561.0837,7104.4335,257.6355,335.9606,1583.7438,2574.3842,716.7488,26.1084,923.6453,1681.2808,5115.2709,1390.1478,2563.0887,3876.3547,1526.601,1009.3596,53.6946,1598.0296,2177.8325,1335.468,412.3153,708.3744,1034.9754,660.5911,1472.4138,986.2069,0.9852,2939.4089,579.3103,60.0985,1119.2118,1611.33,7.8818,62.069,26047.7833,341.8719,745.3202,4892.0542,1522.1675,762.5616,20.6897,9.3596,13.3005,75.3695,826.1084,2122.6601,1018.2266,1259.6059,359.1133,56.6502,472.4138,121.6749,1361.5764,1191.6256,171.4286,6113.7931,28.0788,327.5862,558.6207,459.6059,30.8621,200.9852,2439.9015,42.8571,682.7586,1130.5419,111.33,81.7734,10.8374,5880.2956,1229.5567,778.3251,1743.8424,1263.5468,3143.3498,814.7783,2857.6355,1120.6897,630.5419,418.7192,2192.6108,174.7438,2699.5074,175.3695,3.9409,1032.5123,550.2463,15.7635,221.1823,72.4138,149.7537,19.2118,2416.2562,1301.4778,5004.4335,3062.5567,2353.601,1309.8522,2348.7685,1152.7094,1494.0887,1486.6995,29.5567,1701.9704,1345.3202,4910.3448,711.8227,176.8473,722.1675,2342.3645,1110.064,1784.7291,2181.2808,2009.8522,1983.2512,31.5271,10.3448,1274.3842,261.5764,815.2709,3540.3941,116.7488,225.1232,200.9852,1431.0345,516.2562,287.6847,1286.2069,27.5862,218.2266,225.6158,1412.3153,2609.8522,1311.33,1802.4631,2497.0443,40.3941,295.5665,1022.6601,27.7488,7437.4384,372.4138,443.6946,1335.468,2446.3054,2532.5123,15.7635,1127.5862,884.2365,260.5911,708.867,45.3202,6773.8916,10.8374,97.5369,1522.6601,44.335,562.069,2166.0099,5525.1232,0,617.2414,1.9901,2993.1034,4632.5123,1826.601,521.7389,1333.0049,29.5567,215.7635,4139.9015,206.4039,1370.4433,2313.3005,518.2266,1595.0739,14.2857,148.7685,1871.9212,3323.1527,1733.9901,87.6847,548.2759,139.9015,134.9754,6.4039,593.1034,348.7685,2062.5616,29.5567,4910.3448,31.0345,1.9704,21613.7931,8056.1576,375.3695,284.9951,83.7438,67.9803,594.0887,0.9852,193.5961,1205.9113,2365.0246,1031.5271,1261.5764,1363.5468,5618.7192,170.4433,360.0985,0.4926,729.5567,2.4631,3.9409,484.7291,412.3153,8.3744,98.0296,1760.0985,2.4631,257.1429,0.4926,3334.4828,171.4286,299.0739,300,209.3596,58.6207,1000.3153,381.2808
TCGA-YL-A9WI-01,1.033333333,2683.2268,6583.8662,1.4757,202.6562,242.9907,1301.033,2927.2012,2190.851,1068.3719,1539.1048,1019.1835,2425.4796,616.3305,1212.9857,130.3492,185.9321,56.5667,21.6429,359.5671,2202.6562,10820.4624,179.5376,1339.8918,1463.3546,2168.2243,8115.0467,1255.2878,520.4132,765.3173,2191.3428,6472.2086,333.4973,372.3561,31.4806,141.1707,1.4757,38.8588,15.7403,475.1599,24420.5607,17.2159,1115.5927,9577.4717,6129.8574,1834.727,117.0684,50.664,1921.2986,499.2622,43.7777,2394.4466,787.998,1004.9385,249.877,834.727,1455.9764,80.669,854.4024,9.8377,516.4781,1058.5342,1422.5283,1255.2878,724.0531,1569.1097,615.3468,3118.0521,11925.2336,1030.0049,0,1450.0738,436.6995,315.2976,1796.3601,5776.1928,42.7939,462.3709,1609.9361,1712.2479,568.1259,1385.1451,9592.2282,2493.3596,5156.911,1453.0251,2040.0246,3893.7531,1303.9843,386.1289,19.1835,1286.2764,1682.243,978.849,647.3192,291.1953,1548.4506,892.7693,1949.336,1215.937,0,3484.5057,861.7806,30.4968,699.9508,1469.2573,39.3507,26.0698,33187.8997,709.2966,874.0777,6118.4211,572.5529,1058.5342,34.9238,2.4594,12.2971,5.9026,989.6704,2452.5332,2773.7334,1440.728,532.2184,177.0782,357.1077,30.4968,1485.9813,241.515,60.9936,7930.6444,50.664,109.1982,99.8524,481.0625,146.7437,191.8347,798.3276,32.9562,940.482,1357.5996,26.0698,48.6965,3.9351,9731.4314,1057.5504,199.7049,1613.8711,1546.9749,2488.4407,814.5598,2795.3763,1659.6163,792.9169,142.6463,3833.7432,180.7673,7553.8613,163.3055,0.4919,1164.7811,1143.1382,1.4757,52.1397,3.9351,229.2179,8.362,885.8829,1818.003,2476.6355,4326.0797,3061.8692,735.8583,2611.4117,1080.1771,1757.5012,1493.3596,41.3182,2421.5445,1737.8259,2953.7629,714.7073,131.333,160.3542,997.0487,1635.6862,1445.1549,2294.1466,2713.7236,1196.7536,340.8756,146.5814,375.7993,167.7324,1096.4092,2506.6404,143.1382,306.4437,409.7393,1420.5607,873.089,405.3123,568.1259,0.4919,239.0556,159.3704,1387.1126,248.4014,1873.0939,250.3689,1271.028,40.3345,609.4442,988.1948,82.6021,5047.2209,565.6665,376.6208,592.2282,1424.4958,2598.6227,4.9188,1142.6463,1208.5588,389.5721,889.3261,53.6153,8472.7004,70.3394,24.5942,1655.6813,25.578,604.0334,1024.5942,8537.1372,1.9675,678.3079,7.1176,6615.3468,3004.427,1846.0403,432.9907,448.5981,8.362,79.6852,4672.8972,253.3202,1008.8539,1975.8977,602.5578,933.1038,13.2809,261.1904,636.0059,3065.9124,2337.9242,24.5942,420.0689,96.4092,150.8362,66.4043,252.3364,62.4693,1191.3428,31.4806,2304.968,30.4968,2.4594,6903.5908,7653.2218,515.9862,269.2573,56.5667,22.6267,754.0334,0.4919,250.3689,508.1161,2561.7314,946.3847,2297.0979,1658.6326,5307.4274,139.2031,374.3237,4.9188,1056.5667,1.9675,1.9675,482.0462,445.6468,92.9661,14.7565,726.0207,1.9675,799.8032,0,3784.063,0,277.4225,197.7373,325.1353,46.729,524.6581,155.4353
TCGA-G9-7523-01,0.8,3182.7302,5513.7943,2.1498,182.7302,587.2447,214.6184,1806.521,927.2662,877.8216,1716.9473,695.808,1379.0756,714.081,644.2135,123.6116,85.6324,12.5403,108.2049,591.186,1082.766,4822.2859,33.3214,525.9764,1301.3257,1655.679,6332.8449,1176.6392,260.1218,460.7596,1931.5657,4558.9394,65.2096,297.7427,504.1204,152.6335,34.7546,4.6578,45.1451,728.0545,31233.2497,12.182,969.1867,6860.6234,5493.3716,4202.7947,403.4396,192.0459,1786.8148,301.3257,691.8667,1432.2358,868.5059,1360.3296,270.8707,1217.1265,772.8413,412.397,735.5786,30.8133,308.4916,828.3769,928.3411,1623.0742,851.6661,3008.058,693.6582,3617.3415,10088.4987,666.4278,0.3583,1107.1301,2837.1551,416.3382,2068.7925,8836.976,352.5618,526.6929,2627.3737,3147.259,886.0623,283.7693,603.0097,1530.9925,4301.684,1347.904,1684.7116,2510.2114,1463.2748,1697.2411,200.6449,2633.823,2080.258,1005.3744,389.4661,895.7363,1048.3698,606.5926,1402.0064,443.9269,4.6578,2620.5661,348.6206,56.9688,1702.2573,1412.0387,8.2408,139.0183,18587.603,219.6345,720.5303,5877.9936,3560.0143,1459.3336,49.8029,18.6313,72.7338,175.5643,722.3217,2065.5679,452.8843,1230.7417,333.9305,108.5632,1813.3286,111.4296,1183.8051,2551.057,450.0179,2843.4253,89.5736,583.3035,930.8492,769.6166,19.4339,125.4031,5740.5948,159.0828,513.436,1088.1405,261.1967,313.5077,25.7972,9417.0548,907.2017,1397.7069,1689.0004,1565.0305,2670.0107,901.469,3466.8578,1026.1555,403.0813,885.3458,1201.7198,117.6997,1146.5425,160.1576,2.8664,712.6478,782.1569,92.0817,510.2114,129.7026,133.6439,73.4504,8148.3339,1085.9907,5047.2949,2888.5668,2101.3973,1336.0803,2390.1827,1327.4812,1477.2483,1903.6188,10.0322,1410.9638,1906.1268,5888.5704,682.9094,625.2239,286.6356,4662.4866,960.1541,1397.3486,2150.4837,1947.3307,1289.8603,32.9631,11.8237,2279.4697,307.775,1295.9513,3936.5819,153.3501,473.3071,83.8409,1844.5002,359.3694,366.5353,5057.6854,126.478,211.0355,414.5468,1326.4063,3584.0201,894.3031,2389.1078,1664.6363,135.077,264.4214,2279.828,28.6886,7991.7592,312.7911,345.7399,1092.0817,3578.6456,1633.4647,26.1555,768.1834,450.7345,210.6772,625.2239,145.4676,5988.8929,24.7223,52.311,1333.5722,40.129,615.9083,1274.4536,8080.9746,1.0749,1194.9122,1.4403,2468.6492,1948.4056,1651.7377,831.2791,1062.3432,51.9527,460.4085,3975.2777,182.3719,1471.8739,2561.0892,572.9129,939.4482,16.1233,49.4446,3201.0032,3199.9283,895.7363,102.4722,333.5722,130.7775,83.8409,16.4815,1537.4418,693.6582,3147.9756,12.182,9409.5306,95.6646,1.7915,46831.6016,8586.5281,346.1125,239.6059,168.7567,175.9226,597.277,0,418.1297,1706.5568,746.3275,849.8746,1682.1928,1206.0193,7401.2899,423.1458,499.1043,3.2247,943.3895,11.4654,2.5081,426.0122,318.1655,20.4228,471.8739,2250.4479,0.7166,246.8649,0,3274.8119,19.3479,369.0434,260.8384,277.32,105.3386,2142.6012,236.1161
TCGA-CH-5772-01,1.766666667,2508.3004,5069.5652,0,167.5889,803.1621,1044.2688,3283.004,909.0909,1054.5455,2682.2134,584.9802,1267.1937,223.7154,1929.6443,257.7075,52.1739,34.7826,26.087,588.1423,1944.664,17115.415,16.6008,797.6285,818.9723,1910.6719,8298.8063,1147.8261,460.0791,647.3913,2441.8972,4015.8103,112.253,259.2885,851.3834,519.3676,0.7905,41.1067,10.2767,360.4743,28249.8024,605.5336,569.17,16131.2253,2290.9091,2347.8261,313.0435,60.8696,1845.0593,706.7194,148.6166,1538.0949,1260.0791,1581.1858,596.8379,1156.5217,1000.7905,238.7352,752.5692,17.3913,800,1097.2332,1089.3281,2260.0791,483.004,2060.0791,386.5613,4547.0356,10462.4506,1482.2134,2.3715,1938.3399,279.4862,388.1423,1535.9684,8249.0119,147.0356,512.253,2225.2964,3086.166,1128.0632,90.1186,551.7787,2156.5217,6280.6324,1723.3202,3658.8379,3962.0553,1455.336,1005.5336,38.7352,2014.2292,3742.2925,749.4071,871.1462,259.2885,1611.0672,743.083,1261.6601,998.419,5.5336,2377.8656,624.5059,28.4585,601.581,1027.668,24.5059,33.2016,32550.1976,474.3083,1502.7668,5014.1186,806.3241,626.087,13.4387,8.6957,1.581,49.0119,1401.581,2430.0395,1022.9249,1459.2885,97.2332,60.8696,399.2095,33.9921,1660.8696,390.5138,140.7115,7131.2253,46.6403,306.7194,79.8419,547.0356,36.0949,351.7787,1035.5731,68.7747,467.9842,1963.6364,48.2213,94.8617,3.1621,17526.4822,1426.087,769.17,1830.0395,1850.5929,1739.1304,1627.668,3143.8735,2011.0672,718.5771,166.0079,2575.4941,101.3043,3080.6324,45.8498,0.7905,1088.5375,848.2213,0.7905,217.3913,69.5652,120.9486,22.9249,1205.5336,247.4308,6112.253,4011.8577,2357.1225,427.668,1883.7945,1197.6285,2150.1976,1643.4783,17.3913,1699.6047,1422.9249,4705.9289,1247.4308,188.9328,309.0909,1863.2411,1420.5692,1187.3518,2974.7036,2101.9763,1247.4308,44.2688,23.7154,397.6285,367.5889,741.502,2864.0316,94.8617,117.7866,135.9684,1264.0316,282.996,283.7945,1075.8893,26.8775,285.3755,116.996,1431.6206,1573.913,1962.0553,1301.1858,4607.1146,59.2885,445.8498,2027.668,39.5257,6606.3241,490.9091,614.3162,1680.6324,2182.6087,2772.332,6.3241,1666.4032,692.4901,165.2174,579.4466,116.2055,6267.9842,33.2016,31.6206,1571.5415,64.0316,946.2451,1141.502,7758.1028,3.1621,1556.5217,2.3715,2302.7668,821.3439,2249.0119,1012.1818,611.8577,20.5534,104.3478,4532.8063,219.7628,1357.3123,3550.9881,762.8458,2738.3399,16.6008,122.5296,2057.7075,3563.6364,2001.581,49.8024,374.7036,80.6324,76.6798,23.7154,361.2648,319.3676,1422.9249,21.3439,4582.6087,11.0672,1.581,15854.5455,8059.2885,482.2134,325.834,26.8775,26.087,709.8814,0,308.3004,1147.8261,3473.5178,436.3636,2490.1186,683.7945,7591.3043,335.9684,495.6522,2.3715,793.6759,0,0.7905,953.3597,508.3004,9.4862,45.8498,659.2885,12.6482,99.6047,0,3373.913,56.917,306.7194,258.498,120.9486,25.2964,721.7391,117.7866
TCGA-EJ-7125-01,11.83333333,3284.2802,7324.0195,11.5906,141.157,1056.8147,1855.3244,3997.1023,995.55,906.5508,2122.7362,791.0587,1999.3791,361.7924,1103.591,254.9933,142.3988,33.53,34.3579,891.2346,1712.5116,12095.2085,42.6369,1132.9815,1625.1682,2341.7158,10926.172,927.2483,352.2716,933.4327,3275.5873,5964.1933,130.8082,202.8356,424.7128,589.465,4.9674,2.4837,12.4185,907.7926,20110.9386,14.9022,617.1996,5920.7286,3408.4653,3801.7179,228.9144,76.1668,2841.3536,384.9736,340.6809,3236.5063,1008.3825,1906.6211,437.5453,1226.9482,971.5409,115.0781,930.9738,12.4185,524.8888,1232.3295,1110.2142,2347.0972,1387.1468,1669.0469,777.3983,5977.4397,9602.8149,975.2665,6.6232,1659.526,986.0209,457.4149,1634.2751,9202.1111,307.9789,541.8607,2072.2343,3129.4629,1469.109,81.5482,1160.7161,2007.2441,4668.5294,1567.2152,2300.6271,4259.5467,1635.103,1327.538,47.1903,1710.4419,2425.7477,1235.6411,589.465,748.8358,1346.1658,684.6735,884.1975,895.7881,5.3814,2945.2551,756.7008,61.6786,1172.7207,1857.3942,26.4928,68.7157,33148.7116,212.3564,649.0738,4408.5025,678.4642,944.2202,36.0137,11.5906,41.809,50.5019,1670.7027,1834.213,2543.3095,1177.6881,183.7939,80.3063,381.2481,73.2692,1678.9817,1443.4441,359.7227,8652.3854,108.041,168.4777,40.9811,465.2799,62.3409,293.0767,1609.4381,116.7339,620.9252,1425.2303,81.9621,128.7385,20.6975,21262.9618,1284.0733,1195.074,1939.7703,1907.0682,2631.067,1571.7686,4379.1783,2068.5087,352.2716,225.1889,2941.9435,140.3043,3624.1333,144.4686,0.8279,1024.1126,1087.033,19.0417,64.5762,56.2972,129.9803,16.972,2299.079,1223.6366,6120.6665,3879.1224,2895.1671,490.9448,2386.4224,1161.1301,1687.2607,1235.6411,2.4837,2179.4474,1203.7669,6327.6415,1029.9079,485.5635,444.9964,1904.5845,775.1133,1657.0423,2239.8841,2398.427,1538.2386,84.0319,32.2881,464.866,290.179,1555.2106,2598.7788,150.6778,124.599,81.9621,1541.5502,571.2512,180.8962,1255.0968,38.9113,260.3746,198.2821,1208.7343,1580.8755,1789.0924,651.1435,7648.1424,26.9068,713.65,2032.4951,69.1711,9590.8103,400.2898,545.1102,1557.2803,1817.241,2368.2086,11.1767,1539.0665,585.7394,221.0494,854.393,178.4125,5185.1392,44.2927,39.7392,1357.3424,64.9902,825.4165,1033.2195,9960.8817,0.8279,1676.9119,2.0698,3469.7299,3966.884,2131.4292,1116.7877,1288.6267,15.7301,155.2313,3574.0453,286.0395,1272.4827,1930.2494,663.976,778.6402,1.2419,199.9379,2343.7856,3152.6441,1974.5421,92.3109,415.192,144.0546,48.4322,26.4928,955.8108,282.7279,3090.5516,33.116,9957.5701,91.069,0.414,14201.8007,9134.2233,574.1488,206.3252,4.1395,72.0273,582.8418,0,484.3216,871.365,6394.2875,529.0283,2315.637,580.772,7917.6239,150.6778,434.2337,1.2419,673.0829,0.8279,0,269.8955,315.8439,9.1069,105.1433,1852.0128,0.414,221.8773,0,5383.8352,9.1069,283.9698,164.7521,101.8317,17.7999,990.3798,99.348
TCGA-HC-7075-01,1.1,2283.1499,7879.8404,1.2388,149.8975,879.2543,943.9828,3750.5352,1156.4408,1060.1224,2408.8904,696.8377,1777.0909,157.6402,1288.9948,180.2487,114.9008,12.3882,79.5943,464.5584,1484.1094,18395.5855,43.3588,1476.3668,1148.0788,2102.2818,9130.7353,1301.0734,308.7765,639.2015,2650.1511,9184.3205,131.6249,237.2345,58.5344,258.9139,6.8135,0,24.7765,691.8824,17043.7204,22.6085,778.9097,10987.117,2604.9341,2416.0136,249.6227,132.8637,2483.5295,762.1856,98.4864,1998.326,906.1987,2447.6563,476.0176,1345.671,1195.4637,83.0011,1103.1715,15.795,605.7842,1041.54,1066.0068,1747.0495,696.8377,1376.8893,279.3545,5463.2074,9072.5168,860.672,19.2017,1437.6535,298.8257,310.325,970.3077,10596.8879,85.7885,539.5072,1938.1378,2176.9209,1347.2195,3536.8383,2740.5851,1978.7093,5228.4505,1351.5554,3073.7293,4921.8419,1865.6667,1116.1791,31.8997,1573.3046,2227.7126,993.5357,508.8464,519.6861,1987.6907,832.7984,1148.0788,803.9958,3.4068,3509.5842,706.1288,38.7132,860.672,1547.2893,18.2726,40.5714,36716.2221,331.0753,592.7766,4364.9757,536.4102,760.0176,8.0523,7.1232,167.5507,78.0458,1398.0112,2190.8576,1803.4159,1172.5455,86.7176,82.3817,303.5115,38.4035,1557.8193,864.0787,125.7405,9109.0621,55.1276,73.7099,124.5017,605.1648,38.8526,222.0589,913.6316,53.5791,673.3,1830.0506,56.9858,169.0993,18.892,9055.483,1322.7528,382.7962,1978.7093,1685.7278,2461.5404,1257.7146,3427.8219,1794.7441,558.3993,183.9651,4085.9464,137.3142,1900.6635,74.0196,0.6194,800.8988,848.2837,3.4068,70.9226,42.4297,170.9575,21.06,865.6272,189.8496,4707.8353,2352.5178,2122.3446,353.3741,2330.5349,1247.4943,2010.9187,1195.4637,1.2388,1909.6449,1384.6939,5363.1724,1255.2369,131.6249,330.7656,888.8552,1461.3863,2000.079,2646.4346,1820.7594,2450.7007,45.5267,11.4591,214.0066,266.3468,1055.4768,2388.1401,127.289,89.1952,107.7776,1463.3591,438.2335,259.843,538.8878,7.4329,222.0589,210.2901,1306.0287,264.7983,1329.2566,250.2422,1357.4398,149.2781,699.3153,1224.8858,100.3818,5094.9674,380.6282,582.2001,1374.7833,1916.4585,2037.5534,10.8397,2212.8467,668.035,275.0186,1135.6906,13.0076,4362.5135,46.4558,57.915,1756.9601,70.9226,725.6403,913.3219,7126.946,2.7874,1278.7746,2.7997,4026.1732,1699.3548,1833.4573,963.4942,446.5955,9.6009,70.9226,4867.024,186.4428,807.4026,3206.6921,386.8223,554.3731,5.265,167.5507,462.3905,3668.4632,1622.5478,65.3479,478.1855,144.0131,115.5202,17.3435,1002.8268,75.8779,2109.0954,17.3435,4010.6879,139.3675,0.9291,18612.3794,7611.0159,506.6784,310.9476,5.5747,43.3588,733.6926,0,279.6642,561.4963,1795.6733,773.9544,2390.9275,982.3863,8353.9997,52.0305,340.0568,1.5485,831.8693,2.7874,1.5485,685.998,493.9805,4.0262,96.3185,958.8486,1.2388,125.4308,0.734,7521.2013,76.4973,463.0099,242.1898,118.3076,17.0338,943.3541,81.1429
TCGA-KK-A8ID-01,1.2,2302.511,7974.4918,0.3986,137.9035,743.7226,1066.5604,3799.5217,1023.9139,876.0462,1288.5612,869.6692,2003.9857,817.4572,1736.5484,201.674,174.6792,32.6823,35.4723,452.77,1139.4978,17082.503,105.6198,2257.4731,2102.4312,2192.9055,8648.0311,1172.1802,1077.7202,720.9725,2725.7872,6548.4257,243.5233,201.674,789.5576,1561.5783,3.1885,9.5656,72.9374,846.1538,11596.2535,24.711,1072.5389,5612.1961,5654.444,1827.8198,143.4835,57.3934,2501.7935,1103.6269,38.2623,2990.9685,1511.3591,2267.9713,671.1837,1017.1383,1207.6525,92.4671,1032.2838,14.7469,592.2678,1100.837,578.7166,1626.1459,1480.271,1536.4687,458.7485,17903.5472,18942.2081,923.0769,7.5727,1268.6329,37.1303,351.1359,1297.3296,9098.047,122.3595,1694.3005,1412.9135,2302.1124,1218.4137,41.0522,835.7912,2202.4711,11048.625,1196.4926,2561.654,6238.7405,1425.269,883.619,13.9498,1243.1248,2166.6002,2125.1495,648.8641,495.4165,1233.1606,1001.9928,1253.0889,1155.4404,0,6740.9326,469.9083,127.9394,655.2411,1656.4368,42.2479,15.544,40215.2252,281.387,707.4532,8748.2025,130.7294,704.2646,26.3053,11.957,11.1598,19.5297,1109.6054,2294.5397,2938.621,1799.1232,1160.2232,113.9896,219.2108,29.0953,1460.7413,689.1192,28.2981,11630.1315,9.9641,116.7796,108.0112,480.6696,140.3348,267.8358,1684.735,25.1096,1095.2571,1292.5468,13.1527,68.5532,9.9641,19659.6253,1463.5313,305.3009,3011.1598,2051.4149,3356.3173,926.664,4428.8561,2864.4878,678.3579,101.6341,2226.7836,123.7664,1974.0933,141.8892,0,2284.9741,1769.2308,0.7971,40.6536,9.5656,182.1443,11.1598,604.6234,1444.7987,5203.2682,3273.3998,3277.4014,370.6656,1729.3743,1173.3758,1728.1786,948.9837,4.3842,1936.2296,2024.3125,3169.3902,1327.222,92.0686,635.3129,425.6676,3105.9585,4319.6493,3886.8075,1240.3348,1351.1359,112.7939,70.546,144.2806,91.2714,1556.397,4917.0984,134.715,194.1012,190.5141,2412.5149,1559.5855,221.6022,143.882,7.1742,166.2017,79.713,1284.177,591.8693,1514.5476,247.1104,6251.8932,26.3053,199.6811,3041.4508,48.3101,13494.6194,381.8254,471.4548,954.165,1269.8286,3446.7916,14.3483,1336.389,515.3448,507.3735,586.6879,26.7039,5075.3288,43.045,50.6178,2240.3348,41.4508,644.0813,870.0678,7762.0566,3.1885,1504.1849,5.1813,2891.5903,3308.4894,1952.5707,763.599,2165.8031,1.1957,47.4293,4582.7023,460.3428,991.2316,2884.8147,525.3089,1701.8733,11.1598,210.4424,2243.1248,2872.0606,1564.7668,88.0829,436.8274,175.3687,92.8657,52.6106,734.9542,106.0183,3844.5596,54.6034,3233.1606,10.3627,0.7971,12490.6337,9416.8992,388.9996,323.5512,11.957,27.1024,668.7923,0.3986,313.2722,954.165,6508.1706,859.3065,2605.8191,704.2646,8081.3073,50.6178,398.1666,0.7971,1074.5317,0.3986,0.7971,248.7047,220.008,8.3699,1.9928,2801.5145,9.9641,288.9597,0.7971,2054.2049,144.2806,303.8621,352.7302,143.882,13.1527,677.9035,116.381
TCGA-XA-A8JR-01,0.6,2570.5755,6080.3474,5.4289,137.3507,454.9403,437.025,2541.2595,1131.9218,801.8458,1491.3138,723.6699,1712.8122,235.0706,927.7959,153.0945,68.9468,20.6298,33.1162,439.1965,1080.8903,11903.3659,71.6612,988.5993,1200.8686,1847.9913,7488.5939,1053.203,388.165,437.5353,1823.5613,6090.6623,76.0043,240.4995,418.5668,203.5831,1.6287,15.2009,109.6634,649.2942,17074.3757,9.2291,868.6211,8690.0109,3467.4267,2112.3779,190.5537,98.8056,2187.2964,448.9685,234.5277,1507.5299,705.7546,1857.0304,401.1944,890.8795,932.6819,320.8469,864.8208,24.9729,468.5125,829.5331,1077.0901,1278.5016,711.7264,1560.2389,581.4332,2869.7068,9961.9978,688.3822,5.4289,998.3713,320.5103,241.0423,1422.367,7500,64.0608,226.9273,1829.5331,2116.1781,865.3637,3195.9826,1369.7068,1680.2389,5796.9598,1423.9957,2881.2758,3623.2356,1525.5157,1010.3149,80.8903,1895.7655,1769.2725,1257.8719,469.5983,484.2562,1322.4756,815.9609,1652.5516,679.696,2.1716,3059.1748,494.0282,23.3442,1337.6764,1517.9153,5.4289,58.6319,35518.4582,277.4159,677.5244,4777.025,1849.0771,1298.5885,31.4875,10.3149,36.9164,38.5451,874.5928,1856.6775,1658.5233,1528.2302,281.2161,87.9479,414.2237,46.6884,1263.3008,801.8458,74.3757,5828.4473,26.6015,84.1477,122.1498,756.7861,30.4397,149.2942,1902.823,97.7199,609.6634,1496.1998,54.2888,60.2606,14.1151,26495.114,983.7134,326.2758,1640.0651,1124.3214,3150.9229,1188.9251,3049.9457,1257.8719,783.9305,230.7275,2150.38,232.2693,2312.7036,293.7025,1.6287,872.9642,672.0955,26.0586,122.1498,48.317,141.6938,19.0011,942.9967,580.3474,4080.8903,2494.0174,2342.5624,644.4083,2040.7166,1196.5255,1656.8947,1633.5505,43.4311,1521.1726,1592.291,4705.2117,720.4126,178.6102,432.139,1057.5461,2500.038,1719.3268,2445.7112,1560.8035,2141.1509,27.6873,15.2009,552.6602,282.8447,1033.6591,2755.7003,107.4919,120.5212,91.2052,1353.4202,469.0554,271.4441,363.7351,27.1444,146.5798,212.2693,1391.9653,165.5809,821.3898,654.1802,2211.7264,143.3225,366.9924,1496.1998,45.8523,9911.5092,372.9642,449.9457,1168.8382,2030.9446,3522.8013,8.6862,1074.3757,514.1151,249.1857,647.6656,33.6591,4885.4506,36.9164,57.5461,1741.0423,46.1455,523.8871,2431.0532,5744.8426,4.3431,1205.2117,12.9859,3280.6732,2700.8686,1758.4148,761.5798,1024.9729,35.8306,144.4083,5428.3388,165.5809,910.4235,2520.6298,510.3149,1103.1488,19.0011,289.9023,843.6482,2532.5733,1575.4615,81.4332,451.683,155.8089,105.3203,11.4007,485.8849,66.7752,1383.279,13.5722,11415.8523,96.6341,0.5429,18614.0065,7155.266,351.7915,394.1748,9.2291,35.2877,591.7481,0,235.0706,876.2215,1375.1357,1011.4007,1915.8523,1313.7894,6249.1857,104.7774,373.5071,2.1716,739.4137,4.3431,3.8002,513.0293,260.5863,7.0575,122.1498,1635.722,34.7448,217.1553,0,4810.532,23.3442,428.4093,269.2725,311.6178,101.5201,1074.0554,88.4908
TCGA-YJ-A8SW-01,1.2,2215.8273,4507.9137,0.3597,107.9137,1738.1295,1739.9281,3848.5612,2566.5468,548.9209,1850,818.705,2782.3741,195.3237,2366.5468,478.777,195.6835,19.4245,28.777,705.3957,1417.9856,11356.8345,45.3237,929.4964,1482.3741,3028.777,10687.3417,1084.8921,644.964,1460.4029,3301.0791,4200,222.3022,275.5396,185.9712,1286.6906,4.3165,16.5468,36.6906,765.1079,14034.5324,35.2518,551.4388,6414.3885,4194.964,1612.2302,251.7986,75.1799,2320.5036,946.7626,38.4892,3295.7662,1161.8705,1971.7122,435.2518,1175.5396,974.4604,176.9784,765.4676,11.1511,455.7554,961.1511,1016.9065,2215.1079,1538.4892,1311.1511,587.4101,5177.3381,12291.3669,804.6763,10.4317,1660.7914,280.1187,937.4101,1578.0576,4612.2302,425.8993,841.0072,1819.4245,2485.6115,621.223,1209.3525,992.0863,3881.295,6223.741,1267.6259,2470.4317,3385.6115,1703.5971,572.6619,20.1439,1133.0935,3271.5827,803.9568,452.518,367.6259,1097.1223,1084.1727,1129.8561,3228.4173,5.3957,5191.7266,697.482,53.2374,1265.8273,1846.4029,29.1367,21.9424,19140.6475,500.3597,979.8561,10616.0288,278.777,530.5755,19.4245,11.5108,16.9065,7.1942,556.4748,1301.7986,585.9712,1750,212.9496,91.0072,331.295,29.1367,1268.3453,326.259,101.7986,9949.6403,17.2662,104.3165,203.5971,712.2302,120.4856,159.7122,613.3094,21.9424,828.4173,1058.9928,31.295,67.2662,4.6763,4251.7986,1342.0863,166.1871,2094.6043,2248.9209,2226.6187,1090.2878,2997.482,1988.1295,971.223,283.4532,2887.4101,232.4928,2769.7842,1018.705,0,1393.1655,2191.0072,1.0791,108.6331,17.2662,183.8129,8.9928,1216.1871,547.482,3919.7842,7435.5612,3591.7266,502.1583,2094.964,2064.3885,1877.3381,921.223,5.036,4260.0719,1647.482,6129.1367,846.7626,116.1871,634.1727,538.4892,1612.4856,2146.7626,3052.1583,1406.1151,1218.705,193.1655,75.8993,325.5396,244.964,2654.6763,1689.9281,201.0791,224.1007,105.7554,1380.9353,564.0252,263.3094,415.1079,5.7554,259.7122,180.5755,1092.446,199.6403,1871.223,246.0432,7548.2014,111.8705,467.9856,5662.9496,104.5252,5616.9065,375.8993,497.554,1471.5827,2516.9065,2595.3237,5.3957,2287.7698,688.4892,410.0719,710.7914,53.2374,6736.6906,71.9424,38.8489,1662.2302,55.036,1323.741,2375.1799,9253.5971,3.2374,2617.9856,10.5971,3718.705,1622.3022,962.2302,391.2662,1620.5036,7.1942,80.9353,3428.4173,530.5755,1458.9928,5814.0288,682.3741,3143.1655,15.4676,467.2662,1444.2446,3528.0576,4208.2734,81.295,265.8273,135.9712,117.6259,87.7698,2268.705,54.6763,4571.5827,48.5612,1260.4317,11.8705,1.7986,5778.4173,7759.3525,976.259,148.6511,33.8129,57.9137,475.5396,0,555.3957,1382.7338,5042.8058,543.1655,922.6619,1636.6906,8915.1079,109.3525,378.0576,0.3597,841.3669,6.1151,2.518,534.1727,347.8417,10.7914,28.777,2650.7194,16.1871,834.1727,0.3597,4166.9065,71.9424,318.6007,435.2518,369.4245,33.0935,593.0432,501.0791
TCGA-FC-A4JI-01,0.566666667,3069.1847,8009.5808,0,211.1469,418.2404,649.286,2749.7006,830.585,132.2893,1026.9922,1628.7425,2343.252,959.5578,2676.0018,805.8959,508.8899,155.8729,27.2685,480.1474,1277.1994,9459.2354,56.748,718.1944,1143.0677,2166.3749,7849.2676,1340.5804,972.0866,1801.1755,2633.9936,4908.7057,389.8664,521.0502,2524.1824,1018.1483,1.474,1.1055,9.2123,612.8052,11320.4975,32.059,898.7563,4207.462,4706.0341,1456.6559,47.9042,72.9618,1564.6246,389.1294,5.1589,3466.2478,1301.8885,1028.2193,273.0539,494.5187,2056.1953,11.4233,702.7176,5.8959,1040.6264,2709.5348,1339.4749,2055.8268,1340.9489,2595.637,1202.3952,6000.1842,11119.6684,1474.7121,0.3685,1802.3031,4.2966,1205.3432,971.7181,5681.8056,50.4836,419.7144,1475.4491,3877.2916,1043.2059,4.4219,592.1695,3103.0861,6570.9811,1594.8411,2343.1193,4500.4146,1915.4307,1779.088,14.7398,921.2345,1635.7439,1214.187,465.7761,324.2745,1437.1257,1162.5979,1609.5808,1531.8287,0,2688.1621,923.4454,157.7153,317.2731,2671.9484,125.6564,19.8987,23263.0124,642.2847,689.8204,12348.8641,125.6564,290.7416,114.9701,4.0534,13.2658,7.3699,906.4947,4722.2478,2511.6536,2235.6518,567.8489,434.4542,168.4017,33.9014,1521.8793,159.9263,45.6932,5717.5495,29.111,54.5371,1.1055,814.7398,285.3026,411.2391,1725.2879,211.1469,603.8508,1833.9936,2.5795,67.8029,38.6918,2252.234,2915.1543,291.1101,1975.4952,864.8549,3102.3491,1217.5035,3563.7034,2867.2501,1507.8766,8.1069,1449.286,111.3146,3867.3422,58.959,1.1055,3082.4505,2499.4933,0.737,5.8959,0.737,225.8867,7.7384,374.3897,233.2566,4463.5652,10037.4021,3345.555,399.4473,2866.5131,960.6633,2888.6228,676.5546,1.8425,1545.0944,1280.5159,3660.9857,526.5776,65.5919,456.5638,206.3565,688.2874,1482.082,6290.9258,257.5772,851.2206,504.0995,405.7117,69.6453,365.1773,1727.8673,2938.3694,357.0705,16.5822,221.8333,2331.4602,1884.8457,480.5159,17.3192,7.3699,304.7444,132.6578,3303.1783,291.1101,1447.4436,297.3745,225.5182,193.0907,246.1538,5609.9493,20.2782,6363.5191,513.3118,317.4979,1426.8079,2698.8485,2217.9641,9.9493,1534.0396,1069.7374,598.0654,1563.1506,643.3901,5540.6725,204.8825,94.7029,1630.585,87.7015,697.9272,573.3763,5874.5279,0.3685,1261.3542,24.877,1260.2487,3016.1216,2495.8084,1011.696,2042.9295,3.3164,22.4781,4227.7292,489.7282,1176.6006,1703.5468,1266.5131,1166.2828,67.0659,1089.6361,1677.3837,6429.4795,2804.6062,0.3685,379.9171,112.3906,296.8181,253.1552,5297.8351,32.059,5108.0608,72.2248,1507.8766,2.5795,3.6849,3485.5827,5187.6555,876.6467,206.3344,0.3685,37.9549,706.0341,0.3685,1374.1133,1226.3473,2543.7126,281.8977,3605.3432,3082.4505,6829.2953,16.5822,333.4869,1.1055,810.6863,0,5.5274,367.0198,141.1331,10.3178,0,1018.1483,0,213.7264,0,4534.6845,1.1055,204.8825,580.0092,323.5375,1.474,463.9337,349.3321
TCGA-J4-8200-01,0.5,3051.9715,4354.1087,0.9308,171.7258,725.5297,357.4129,2756.4543,1347.7446,930.2975,2229.6425,654.7917,1468.7438,275.5058,1235.1223,207.0947,72.1341,13.9614,13.4961,463.9853,1661.8771,12836.1508,60.0342,819.5367,1085.2695,1953.6713,8250.7336,817.2098,301.5672,505.3903,2013.7055,6018.7781,86.0956,284.8134,239.2061,153.1105,7.9115,169.3988,40.0228,510.0581,15610.2896,27.4575,503.0773,10680.504,4376.447,2541.9134,287.6057,44.6766,2088.1665,734.3719,127.9799,1594.9366,1127.6192,2384.8006,497.4928,674.3377,732.9758,283.4173,939.1397,24.1998,425.824,973.1126,799.9907,1496.2013,741.818,2455.3525,543.5655,3883.6081,11374.3877,861.421,4.1884,1404.5212,765.3105,592.4306,1291.4335,6425.0561,121.4646,269.4559,1909.46,2806.2501,1157.4036,2621.0283,1792.6493,1524.5896,6573.9782,1524.5896,3049.3467,2910.9609,1035.4737,643.1571,35.369,2264.0807,2781.5849,1019.6507,527.7426,416.5164,1068.5158,814.8829,1020.5815,799.5253,14.4268,2418.122,1045.2467,41.4189,1669.7886,1223.4878,10.7038,36.2998,27860.0598,412.328,848.3904,3899.943,984.2817,810.2291,24.6652,7.4461,12.0999,31.6459,1166.2459,1529.7088,898.6516,1892.2409,166.6066,53.0535,382.5435,66.5495,1464.5554,631.988,194.0641,6082.07,31.6459,267.5943,431.4086,730.1835,12.6398,113.5531,1543.2048,54.915,517.9695,1485.9629,103.3147,69.8072,9.773,11700.1547,1174.7437,664.5647,1760.0726,1470.6053,2184.9659,1200.6841,3599.26,1710.7422,711.1028,452.8161,3243.7086,80.2364,4177.7292,467.243,0,744.6103,712.9644,11.6345,173.5873,29.319,159.6258,19.546,1273.2836,795.3369,5660.4344,3314.9073,2126.7932,529.1387,2809.5077,1592.5353,1626.0427,2105.851,30.2498,1491.0821,1659.5502,5734.8955,633.8495,272.7135,530.0695,2093.2857,1064.7788,1291.8989,2637.782,1593.0007,1752.1611,31.6459,7.4461,658.0494,210.3524,812.556,2984.0258,186.1526,206.164,71.6687,1824.2952,457.47,248.5137,714.3605,42.8151,334.6093,244.3253,1593.466,1014.9969,1636.2811,949.3781,3069.1906,71.2034,348.5707,1437.0979,44.7185,11026.7478,443.5085,496.8691,1411.5019,1673.0463,2998.918,11.1692,2321.3226,743.6795,190.8064,448.1623,89.3532,5128.0381,25.1306,50.2612,1033.1468,26.5267,801.8522,2735.9775,5256.018,1.3961,1165.3151,2.3269,3074.7752,3422.8805,1956.4636,1063.015,1055.0197,31.6459,221.5216,3599.7254,123.7915,1387.3021,3022.6524,490.9774,916.3361,12.5653,320.1824,1125.2923,3400.5422,3532.2451,103.3147,383.4743,116.8107,107.5031,5.5846,689.6953,263.4059,2876.5227,9.773,13997.2775,23.7345,0.9308,10652.5811,7550.3485,424.4279,288.4341,24.1998,74.9264,743.6795,0,352.2937,1375.2022,2480.0177,614.7689,2434.4103,966.5972,8156.2751,136.8221,504.0081,0.9308,823.2598,20.4768,3.2577,601.2728,364.859,22.8037,186.618,2236.6232,6.9807,147.5259,0,4550.4997,9.3076,319.2656,223.8485,145.6644,76.7879,1253.2257,95.4032
TCGA-EJ-8470-01,0.6,2568.1674,4423.272,2.8535,141.7248,474.0013,997.7806,4550.4122,1659.48,1818.9601,2974.9524,691.8199,1492.0736,689.6005,1526.3158,261.2555,160.4312,65.3139,175.967,827.5206,1748.2562,8497.7806,24.0964,553.2657,1504.7559,2912.4921,9403.5669,1058.6557,459.4166,1168.0025,3415.3456,6210.2093,209.2581,337.6665,767.2796,176.9182,55.8022,9.8288,289.7907,484.7812,16443.5637,29.8034,465.7578,11168.0406,3091.3126,2912.8091,525.9987,583.7032,2362.397,1294.5466,130.9448,2542.6157,1397.2733,2069.572,903.6145,1372.2257,1060.8751,699.4293,984.1471,18.0723,756.1826,1173.7476,1155.6753,2384.591,657.2606,2779.0013,732.7204,6065.948,11015.2188,1016.487,10.78,1839.8859,471.2112,345.91,2023.7793,5237.4762,642.0419,610.9702,2248.8903,2474.0013,1548.1928,4028.5352,2027.267,2658.5289,8286.3031,1642.0419,4286.636,3638.8713,1562.1433,815.4724,71.9721,2099.8732,2816.1065,1005.0729,1014.9017,2757.7679,1525.6817,896.0051,1498.0977,1180.0888,0.3171,2612.8725,1033.6081,62.7774,1268.8649,1551.0463,33.6081,141.4077,25104.9461,655.3583,757.7679,3948.2879,396.9562,1279.3278,38.0469,47.5587,198.7952,102.0926,1603.3608,1753.9632,1059.6068,1340.837,230.501,126.506,1065.3139,120.4819,1294.2295,2758.402,104.312,6995.8782,44.071,208.624,201.9658,944.832,59.4261,247.305,757.7679,30.7546,727.5396,1583.3862,47.2416,504.7559,107.1655,11353.5193,1583.3862,260.6214,1489.22,2365.2505,1843.0564,1461.0019,3282.8155,2095.7514,712.4287,315.4724,3583.3862,163.773,2491.7565,389.981,1.2682,1235.2568,792.6443,6.6582,90.9956,35.5105,297.0831,50.4122,1091.6297,666.7724,6071.0209,3768.5447,2581.9975,640.1395,2004.7559,1223.8427,1965.1237,1747.305,81.8009,2141.4077,2309.7654,8114.7749,1045.6563,601.4585,611.2873,1543.1198,2280.7451,1440.7102,3897.2733,1110.3361,1525.3646,84.0203,44.3881,621.4331,305.9607,1062.4604,4494.293,155.9924,194.6734,146.4807,1652.1877,597.3367,388.0786,542.8028,11.4141,402.0292,503.8047,792.0101,849.3976,1436.5885,592.5808,5149.3342,222.2575,704.8193,2248.2562,72.175,9266.6455,545.3393,659.721,1701.9658,3457.5143,2825.6183,87.825,1652.5048,677.2353,309.1313,656.6265,98.2879,4851.9341,116.9943,81.8009,1549.1439,89.7273,947.3684,1957.8313,10849.0805,0.3171,1090.6785,1.9023,3197.844,1696.8928,1860.8117,1277.9962,2222.8916,34.8763,274.572,6081.1668,258.085,1424.8573,3511.097,1010.1458,798.9854,58.9727,141.4077,1190.8687,2818.9601,2037.4128,31.0717,431.8326,182.9423,213.0628,38.364,2728.9157,163.2847,5609.0679,45.6563,3897.2733,124.6037,1.9023,59638.8713,7343.0564,670.8941,339.5212,15.5358,302.7901,601.4014,0.9512,372.5428,1356.0558,2099.5561,599.8732,2402.9803,849.0805,6879.201,88.7762,403.6145,1.9023,1122.0672,4.4388,4.4388,1161.6994,375.7134,51.6804,11.4141,1558.0216,401.3951,112.8725,0.3171,6766.9626,7.6094,437.9391,328.4718,563.4115,312.936,1224.4705,124.9207
TCGA-EJ-A46I-01,0.1,3288.6764,6492.8213,2.3002,205.2907,649.7997,585.9698,3266.8247,1491.664,1075.9072,1810.8134,913.1698,2056.3572,590.5701,1534.2173,96.0323,98.9076,27.6021,71.8805,553.1923,1290.9737,11180.5796,16.6763,1123.6359,2277.1741,2975.8525,7538.7802,1261.0714,406.5561,1408.8519,2800.4641,7799.8962,72.4555,280.0464,2002.3031,1059.806,5.1754,5.1754,533.6408,1037.9543,13693.5217,22.4267,599.7708,6330.6589,3821.1671,2333.5284,272.5708,140.8858,2250.147,707.3041,154.6868,2776.0132,753.8826,1341.1348,784.935,1430.7094,1051.7554,718.8049,746.9821,32.7775,430.7079,880.3923,844.1645,1655.5515,1135.1368,1834.7007,2273.1488,4920.0761,6454.2934,689.4777,0,1307.65,350.4433,259.3448,2095.4602,7498.5732,60.3796,576.194,1813.1136,2123.0623,855.6654,459.4601,1695.2296,2142.6138,5624.5049,1249.5705,2615.3747,3506.618,1514.6658,1252.4457,23.5768,2035.0806,1971.8257,1196.0914,618.1723,580.7944,1451.4109,1072.457,1159.2886,804.4865,22.4267,3228.8718,549.167,41.9782,735.4812,1688.3291,11.5009,21.2766,18638.3247,304.1983,604.3712,5280.4331,1001.1515,809.0868,25.877,10.3508,23.5768,27.0271,1014.3775,1695.2296,1211.6176,1483.6134,212.7663,67.2801,554.9174,45.4285,1286.9484,200.1153,225.4172,6238.6519,52.329,655.5501,278.3213,986.7754,25.2157,198.3902,1909.1459,81.6562,1096.0338,1231.1691,32.2025,127.6598,21.8517,10029.9167,1200.1167,271.4207,2001.153,2258.1976,2999.4293,1039.6795,2912.5976,1154.1132,935.5965,312.8239,2749.2851,262.7548,2207.0187,367.4531,10.9258,1046.58,935.0215,11.5009,234.0429,44.2784,194.3649,10.3508,1487.6387,520.4148,4038.5337,2496.2658,2542.8444,749.8573,2047.1565,930.9962,1330.6517,1248.4204,166.7627,2661.3034,2421.5101,5281.7787,1138.012,427.8327,659.5754,1189.7659,2720.3489,2799.889,2740.6595,1373.205,2267.9734,39.678,18.9765,929.271,486.4872,1384.1308,2339.8539,150.6615,142.0359,92.007,1630.8247,862.5659,261.645,741.8067,61.5297,346.7515,235.193,1010.3522,265.6703,1134.5617,1392.1814,4356.533,204.7156,232.8928,925.8208,29.9023,4045.4342,378.3789,433.1864,975.2745,1644.6257,2500.8662,9.2007,1100.6341,678.5519,380.6791,1027.0285,46.0035,3885.572,20.1265,53.4791,1757.9094,55.7793,824.613,2472.689,6913.7535,0.575,1460.6116,6.9005,3783.2142,1151.238,1450.8359,799.6044,791.2605,52.904,209.891,4414.6124,324.8998,1102.9343,2590.573,398.5055,1780.3361,85.6815,132.2601,1442.7853,3092.5864,1406.5575,75.3308,325.4749,102.9329,178.2636,5.7504,384.1294,94.3072,1606.0978,16.1012,4674.5323,12.651,0,14298.4679,6847.6234,390.4548,286.0844,12.0759,24.1518,625.6478,0,196.09,926.9709,1658.4268,818.2875,1859.6922,2179.4166,5472.6933,67.8552,435.3083,9.2007,846.4647,6.9005,5.1754,465.7856,629.6731,9.7757,203.5656,1983.9016,55.2042,264.5202,0,7420.3672,50.0288,899.9438,228.8675,445.6591,165.0376,584.8197,200.6903
TCGA-G9-6378-01,0.633333333,2655.0089,5215.7676,0.5928,199.1701,535.8625,245.9988,3209.84,1203.9123,893.3017,1938.9449,719.0279,1331.9502,572.6141,1420.8654,186.722,70.5394,13.6337,39.1227,426.2004,951.393,13283.3432,30.2312,979.8459,1054.5347,2515.7084,7633.0765,1471.2507,282.7504,434.4221,2468.2869,5352.6971,39.7155,303.4973,586.2478,122.703,4.7421,5.9277,153.527,535.8625,25307.6467,21.9324,827.5044,8611.144,2986.3663,2221.1025,222.2881,84.7659,1783.0468,460.5809,318.9093,1103.7759,894.4873,1620.2905,415.5305,1499.7036,1123.2958,180.7943,722.5845,39.1227,455.8388,851.8079,869.591,1668.0498,611.7368,2395.8566,732.0688,3239.4784,10897.4511,689.9822,2.3711,1228.8085,1033.8293,243.6277,2307.0539,8731.476,129.8162,402.4896,2452.2822,2898.6366,688.7967,477.1784,1147.0065,1883.8174,3892.709,1644.9318,2151.2507,3436.8702,1803.7937,1318.3165,51.5708,2400.7113,2101.3634,1090.6935,468.8797,553.0528,1447.54,707.7653,1302.3118,751.0373,0,1921.1618,325.4298,31.4167,1309.425,1727.9194,18.9686,34.3806,24110.8477,271.4878,660.3438,7333.1891,2573.2069,1005.3349,23.118,7.706,50.3853,43.8648,857.1429,2285.1215,893.8945,1382.3355,363.3669,67.5756,652.6378,40.901,1636.0403,784.2324,241.8494,3697.6882,17.783,179.6088,122.1103,902.786,16.0285,152.3414,2731.476,169.5317,481.3278,1216.9532,39.1227,107.291,5.3349,10236.5145,1081.802,902.1932,2006.5205,1958.5062,2748.0735,1063.4262,3418.4944,1419.6799,668.6426,380.5572,1404.8607,203.1595,1154.1197,332.543,1.1855,822.7623,727.9194,59.8696,61.0551,291.642,170.7172,26.0818,2168.9389,561.9443,5021.9324,2922.9342,2617.0717,615.8862,2246.5916,1255.4831,1758.1506,1822.7623,66.9828,1759.9289,1774.1553,3994.6651,1067.5756,384.7066,1339.0634,1803.2009,1239.0634,1312.9816,2046.2359,2124.4813,1885.5957,40.901,10.6698,1068.1683,548.3106,1008.8915,3368.7018,135.7439,171.31,120.332,1973.3254,216.9532,303.4973,1809.7214,143.4499,221.6953,188.5003,1377.5934,712.5074,1044.4576,800.8299,935.981,78.8382,253.112,1330.1719,45.8566,6711.9146,312.3889,507.0836,1380.5572,2567.872,3110.2549,9.4843,2499.1108,667.457,278.6011,521.0433,1785.4179,6195.6135,40.901,69.9467,1922.3474,17.783,574.9852,830.4683,5793.7167,1.7783,1493.1832,0,3511.559,2311.7961,1706.5797,624.6295,879.668,131.0018,434.4991,3818.0202,241.8494,1198.5774,3771.7842,279.1938,1152.9342,11.8554,210.4327,883.8174,3381.7427,1153.527,87.1369,406.0462,125.0741,98.9923,13.0409,1796.6805,271.4878,2878.4825,11.2626,5706.5797,42.0865,0.5928,19033.195,6572.0213,326.6153,319.2235,7.706,24.8963,644.3391,0,207.4689,1063.4262,1398.933,780.6758,1346.1766,1221.6953,7010.0771,234.1434,593.9538,2.3711,995.8506,4.7421,1.7783,657.9727,403.0824,5.3349,244.2205,2378.1861,14.2264,199.1701,0.5928,4458.2098,55.1274,335.5068,259.6325,339.6562,58.0913,1605.8032,213.3966
TCGA-HC-7737-01,0.6,3268.6395,5964.6426,4.6118,151.422,664.1045,645.6572,3643.7356,975.7879,1108.7625,1893.5434,791.6987,1624.5196,703.3051,1155.2652,208.6856,105.3036,24.9808,122.598,641.814,1038.432,14833.5895,61.4912,868.1783,1645.2729,2247.5019,8928.8624,936.5872,340.8916,1315.5227,2782.0907,7177.5557,99.5388,241.7371,946.5796,997.3098,9.2237,1.153,142.9669,780.5534,17658.7241,26.9024,556.8793,7450.8071,4688.3167,3069.9462,344.3505,219.8309,2331.6679,622.2137,245.196,2816.0992,803.6126,1446.3374,400.4612,1327.8248,945.4266,903.9201,747.8862,30.3613,492.6979,1009.608,1118.7548,1563.4128,777.4789,2906.6103,717.9093,5814.7579,7984.6272,1025.7494,11.5296,1444.2736,778.4973,391.6218,1303.6126,6970.0231,682.9362,616.4489,1552.6518,2067.6403,961.9523,252.8824,1168.3321,1702.5365,5681.3989,1433.1284,2581.2913,3137.5865,1352.8055,1230.2075,83.3974,1945.0423,2235.588,975.0192,461.9523,2171.4066,1383.5511,759.0315,1195.2344,864.3351,0,3078.0169,687.548,63.0284,1678.7087,1787.8555,25.7494,78.4012,21260.1845,472.329,818.9854,6128.7048,1081.4758,1266.3336,29.5926,11.9139,168.7164,95.3113,1423.136,1617.9862,993.0822,1172.9439,143.3513,86.8563,877.7863,94.5427,1266.3336,3038.0477,242.8901,6524.9808,159.4927,453.113,397.0023,587.6249,34.8578,164.8732,1590.6995,75.711,758.3282,1570.3305,148.3474,328.9777,97.6172,11854.7271,1394.6964,907.3789,1549.5772,1651.0377,2434.2813,1047.2713,3162.1829,1702.1522,662.5673,408.1476,3370.4842,114.7925,2463.1053,327.0561,0.3843,824.7502,1080.3228,14.2198,187.9324,51.1145,120.6764,26.5181,2746.7333,1664.4889,5591.4681,2760.9531,2306.3028,1022.2905,1876.6334,946.1952,1441.9677,1359.339,13.8355,2139.8924,1668.7164,6993.0822,576.4796,320.1384,933.1284,2868.1783,1456.7141,1832.4366,2504.9962,1601.8447,2142.1983,59.5696,18.8317,936.5872,310.9147,1451.1914,3790.5457,133.7433,247.5019,129.9001,1495.7725,637.9669,269.0238,997.3098,12.6826,318.9854,335.1268,1008.455,2003.0746,1252.1138,978.4781,2305.9185,109.1468,357.8017,5044.9654,64.1814,23697.156,448.5012,502.7902,1400.0769,3013.0669,1602.6134,44.5811,1354.3428,491.9293,244.043,718.2936,120.6764,5015.3728,20.3689,58.4166,1661.03,186.3951,694.8501,1767.4865,8308.9931,0.3843,1176.0184,6.7948,3510.761,9447.3482,1603.7663,811.6987,13557.648,24.9808,134.8962,3803.6126,209.8386,1624.9039,2371.2529,695.2344,2025.7494,34.2045,138.7394,2628.3628,2134.8962,1581.4758,71.8678,315.1422,124.1353,84.5503,13.4512,15882.3982,405.4573,25092.2367,7.3021,13291.3144,113.7586,1.5373,26532.2829,7750.1922,470.4074,251.8755,56.1107,184.0892,670.638,0,304.3812,1073.0208,4129.9001,654.8809,1955.8032,1150.269,9304.7656,181.7832,308.2244,0.7686,636.8178,2.3059,5.3805,1058.4166,623.3666,19.6003,55.7264,3032.2829,179.8616,205.6111,0.3843,5958.4935,10.761,382.0138,195.2344,205.9954,128.7471,4140.957,180.6303
TCGA-HC-8256-01,0.7,2484.2064,5820.3783,1.5843,161.2041,758.887,903.0597,3010.5951,1243.6875,1133.1815,1955.0451,758.4909,1954.2529,262.6003,1063.0756,206.7531,126.3491,25.349,48.7177,482.0279,1219.1306,15050.5991,89.5138,862.6597,1371.621,1902.3666,7956.8036,1117.7344,355.6788,828.589,2415.2886,5867.1156,131.8942,232.1022,397.2671,564.0162,2.3765,23.7647,79.2158,661.4516,17192.9894,139.4197,546.1927,13280.9189,3037.5285,2107.5354,221.012,72.4824,2467.9671,163.5806,133.8746,2514.34,767.2047,2113.1558,423.8043,1190.2169,1285.2758,135.459,1054.7579,15.8432,734.3301,1357.7582,910.5852,1972.0764,959.699,1544.2836,687.1968,4703.0399,11609.4663,777.1066,6.7333,1338.3503,248.9039,295.0787,1638.182,7807.5057,122.3884,490.3456,1949.896,2358.6494,1117.3384,382.2161,1034.1618,2048.1236,5504.7034,1375.9778,2461.5229,3406.6739,1501.1387,1173.1855,12.6745,1622.7349,2117.4374,1021.8834,495.4946,320.0317,1523.3191,917.7146,979.899,969.997,21.7843,3651.8467,966.4323,31.6863,591.7418,1098.3266,16.2392,26.9334,40140.2119,481.2358,642.4398,5234.0073,422.22,1152.1933,26.9334,9.1098,34.8549,39.2118,1402.9112,2510.7436,900.2872,1137.9344,101.3962,91.4942,259.0355,30.102,1324.4876,294.6826,100.604,7016.9324,22.1804,99.8119,60.204,551.3417,37.8295,272.8983,901.4754,57.0354,656.6987,1353.7974,18.6157,92.6824,11.4863,3492.227,1195.3659,423.0122,1814.4371,1830.2802,2678.285,1527.2799,3592.0388,1732.8448,562.828,212.6943,3411.0308,173.0864,1802.5547,143.3805,2.3765,1075.7501,651.9457,9.1098,61.3922,14.6549,145.757,10.298,745.4203,234.8747,4766.8086,2689.3752,2016.4373,294.6826,2303.9905,1319.7346,2082.9785,1822.7547,49.9059,1896.4254,1936.0333,4476.0867,1087.2364,190.1178,674.9183,1088.0285,1278.7999,1510.6446,2887.0185,1293.9895,1694.4252,74.0667,19.4079,259.4316,444.4004,1201.7031,2077.8295,174.6708,52.2824,120.0119,1551.8368,473.3142,278.0473,370.3337,11.8824,298.2474,196.059,1797.0096,571.5417,1271.413,343.4003,5202.8914,112.4864,714.5262,1502.327,52.4488,3601.5447,454.6985,504.9332,1513.8132,1426.2798,3181.7012,14.6549,1396.1778,712.9419,268.9375,701.4556,40.004,4297.4552,30.102,37.2314,1469.8485,49.5099,703.0399,1045.6481,5785.1272,1.9804,1169.6208,1.9804,2673.136,943.8558,1761.7586,934.849,451.9259,29.3098,642.8359,4090.306,270.9179,826.2204,3352.4111,615.1104,1033.7657,16.6353,510.5456,874.9381,3632.8349,1501.1387,71.6903,440.4396,166.7492,112.8825,39.6079,623.032,129.9139,3742.1527,14.6549,1897.6136,47.5295,0,9006.4363,6997.9206,535.8946,359.5326,8.7137,37.6275,631.7457,0,390.9298,554.9064,1621.5467,621.4477,2325.3788,1798.1978,5745.9154,49.1138,440.8357,6.7333,689.1771,1.5843,1.1882,1038.1226,514.9025,8.7137,32.0824,846.0244,1.1882,82.3844,1.1882,5461.1348,510.1495,315.2787,284.7807,257.8473,33.2706,549.7257,180.2159
TCGA-HC-A4ZV-01,3.133333333,4714.4837,10203.0492,4.851,310.4643,743.5897,1582.1206,3179.4872,1677.0617,1049.896,1638.9466,505.1975,1867.6369,541.2335,4796.9508,384.6154,243.9362,65.8351,191.2682,606.3756,2114.3451,405.4054,49.203,715.8697,1047.124,1411.6424,8232.8205,1336.7983,535.6895,645.1836,2492.7235,7231.4622,327.7893,335.4123,172.5572,382.5364,11.088,38.808,94.2481,486.4865,21038.808,13.86,816.3548,4569.6466,4262.6473,1657.6577,240.4712,209.2862,2466.3895,1812.8898,133.0561,2767.429,968.815,1280.8455,765.0728,1024.255,1460.8455,232.8482,555.0936,18.711,726.9577,1329.1753,729.7297,1329.1753,1058.9051,1255.0243,867.6369,3866.2509,14925.1559,1001.386,9.702,1353.4304,713.4581,376.9924,1525.2945,6914.7609,415.1074,1379.0714,2034.65,1243.9362,724.8787,77.6161,1463.6175,1882.8829,6351.3514,842.6888,1316.7013,4268.1913,1427.5814,2406.7914,69.3001,1219.6812,2268.1913,1548.1635,641.7186,1384.6154,1360.3604,1393.6244,1329.1753,1125.4331,4.158,3546.7775,1063.0631,120.5821,1101.1781,1812.8898,58.2121,148.9951,21819.1268,657.6577,621.6216,8167.3943,586.9716,742.2037,37.422,11.781,445.5994,124.0471,1405.4054,3241.1642,801.1088,2514.8995,462.9245,131.6701,963.964,104.6431,1092.8621,3173.9432,101.1781,6203.7422,63.7561,306.9993,149.6881,697.1587,251.192,372.1414,2687.4567,50.5891,1095.4816,1459.4595,116.4241,370.7554,70.6861,9603.6036,1373.5274,241.1642,1847.5398,1835.7588,3419.2654,441.4414,2634.0956,2300.7623,2486.4865,274.4283,1115.7311,147.6161,3978.517,185.0312,2.079,2072.0721,868.3299,8.316,152.4602,25.641,221.0672,38.808,4490.6445,753.2918,3022.176,4054.0541,2961.7464,616.7706,3261.2613,934.1649,1392.2384,1744.2827,64.4491,2206.5142,1134.4421,3349.9653,1140.6791,1217.6022,880.1109,1330.5613,659.9307,1316.7013,4473.3195,1481.6355,2449.7574,285.5163,152.4602,875.2599,613.3056,1514.2065,6098.4061,175.3292,274.4283,202.3562,2040.887,1073.4581,316.0083,1250.1733,20.097,310.4643,239.7782,1515.5925,412.3354,729.7297,686.0707,3564.1026,131.6701,526.6805,2437.9764,78.5031,9325.7103,467.0825,684.3867,2523.2155,4620.9286,2142.7581,58.2121,1624.3936,378.3784,523.9085,670.1317,78.3091,2791.4068,124.0471,61.6771,2225.2252,49.203,896.0499,3036.036,4839.2238,2.772,818.4338,1.386,3959.113,1795.5648,1460.1525,598.0527,2648.6486,24.255,155.2322,4794.1788,376.2994,1255.7173,3376.9924,483.7145,527.3735,27.027,112.2661,4505.1975,5867.6369,1843.3818,11.781,278.5863,103.9501,182.9522,190.5752,979.21,102.5641,1155.2322,84.5461,11679.8337,217.6022,4.851,29602.9106,8419.9584,404.7124,199.5981,51.2821,191.2682,817.0478,0,313.9293,1066.5281,3975.745,887.0409,1058.9051,3731.8087,6620.9286,172.5572,428.9674,0.693,878.7249,13.86,9.702,413.7214,834.3728,29.106,9.009,2973.666,143.4511,76.9231,0,7623.7006,6.93,455.9945,349.9653,156.6182,67.2211,1124.7193,284.8233
TCGA-KC-A4BL-01,0.633333333,2841.7021,5585.1064,0.4255,207.234,691.4894,625.5319,3162.1277,1391.0638,1177.8723,1846.383,989.7872,1924.2553,1191.4894,1621.7021,196.1702,88.5106,43.4043,108.5106,468.5106,1223.8298,10691.0638,59.1489,791.0638,2596.5957,3190.2128,10236.1319,1105.1064,440,1484.6511,2718.2979,7514.8936,58.2979,318.7234,2168.9362,759.1489,22.5532,36.1702,862.9787,848.9362,13705.9574,78.7234,800.4255,4602.1277,2885.9574,2774.0426,297.0213,200.4255,2596.5957,698.2979,297.0213,2437.3149,1119.1489,1253.2298,757.8723,1578.2979,1079.1489,960.8511,691.9149,22.1277,393.1915,1034.8936,1205.1064,1883.8298,768.5106,3033.1915,2741.2766,4223.4043,7679.5745,848.0851,3.4043,1323.8298,642.5277,385.1064,2362.9787,7663.4043,280.8511,876.5957,1787.6596,2220.4255,942.5532,274.4681,1355.7447,1985.9574,6073.617,1520.8511,2334.8936,3296.1702,1521.2766,1291.9149,75.7447,1773.617,2300.4255,1483.4043,769.7872,889.3617,1574.0426,841.2766,1517.0213,812.766,12.766,3280.8511,581.2766,73.1915,1837.0213,1727.6596,20.4255,48.9362,19168.5106,357.0213,745.1064,6218.5319,1191.0638,1558.7234,88.0851,14.4681,122.5532,87.6596,1285.1064,1946.383,637.8723,1422.1277,147.6596,108.5106,739.1489,118.7234,1463.4043,901.7021,195.7447,3480,51.9149,225.9574,630.2128,1043.8298,51.0383,219.5745,2253.1915,60.4255,710.6383,1543.4043,150.2128,139.5745,28.9362,12759.1489,1288.5106,518.2979,2153.617,1915.3191,2759.1489,911.4894,2647.234,1699.5745,1024.6809,298.7234,1620,221.2936,3426.383,297.0213,1.2766,929.7872,1022.9787,5.5319,675.3191,104.2553,205.9574,14.8936,1954.4681,1117.4468,5695.3191,2797.8723,2428.9362,1278.2979,2054.0426,886.383,1518.7234,1505.1064,303.8298,2459.5745,2709.7872,6120.4255,743.4043,587.6596,1431.9149,2421.7021,2208.8,2328.5106,3293.1915,1289.7872,2008.0851,35.7447,25.5319,1078.2979,645.1064,1253.617,3108.9362,166.383,236.1702,90.6383,1930.2128,748.5106,358.7234,1072.3404,18.2979,288.0851,374.4681,1000,975.3191,964.2553,4510.2128,2120.4255,165.5319,109.7872,1679.1489,57.5234,8620.4255,379.5745,401.1915,1052.766,2826.383,2015.3191,27.6596,1040,611.9149,491.4894,1028.0851,199.5745,4810.6383,33.617,57.8723,2300.8511,102.9787,731.0638,3372.766,8645.1064,2.1277,1632.3404,9.3787,2615.3191,3462.1277,1582.9787,886.8043,1916.1702,62.9787,406.383,5176.1702,236.1702,1245.1064,3130.2128,681.2766,805.9574,124.6809,183.8298,2424.2553,3446.383,1293.617,52.3404,257.0213,140.4255,191.0638,20.4255,2267.234,271.9149,8178.2979,12.766,19462.9787,34.4681,3.8298,26068.0851,7454.8936,481.2766,322.0596,22.5532,85.9574,640,0.4255,288.9362,1239.5745,1911.0638,1026.8085,1912.3404,2676.5957,7062.1277,132.766,377.4468,7.6596,886.8085,14.4681,5.5319,448.9362,586.383,20.8511,43.4043,4051.4894,245.5319,347.6596,0,9069.7872,25.9574,450.6383,307.234,628.0851,378.7234,1604.4979,159.1489
TCGA-KK-A6E5-01,0.633333333,2462.1842,6079.142,2.7257,138.1004,489.7112,251.6698,2403.5824,1254.7145,841.7763,1263.8001,1021.6702,1979.7415,499.7053,1090.2661,135.3747,79.4986,10.9027,41.3393,382.5017,935.8117,8433.6624,40.885,1093.446,1304.2308,1765.7768,7290.6956,1208.8325,333.4397,484.7141,1548.6321,6429.3899,109.9352,246.2184,667.788,802.2541,3.1799,7.2684,168.0827,566.9384,12793.8182,24.0767,928.089,8332.8128,4405.5835,1938.8565,153.0915,89.4927,2024.715,591.9236,167.6284,1180.6628,1033.9357,1482.4757,414.3011,772.2718,1091.1746,338.4368,862.673,22.7139,425.658,720.9384,984.4194,1095.2631,1105.7115,2127.836,653.2511,3101.3527,10331.634,802.2541,2.7257,961.7055,326.303,253.4869,1106.1658,7723.6266,142.1889,515.1507,1731.706,1565.8947,656.8853,2298.19,1170.6732,1395.0863,4437.8372,1265.6172,2633.0244,2981.4235,1602.6911,1397.3577,24.0767,1795.3048,1672.1956,1058.9209,404.307,292.1005,1369.6468,772.2718,1558.1719,685.5048,3.6342,3011.8601,465.6345,21.351,581.9295,1046.6554,9.5398,44.0649,31004.896,290.7376,436.5607,4374.4791,604.6434,914.0064,28.6195,9.5398,201.6992,80.4071,928.5433,2016.9923,404.307,1230.1836,264.3895,74.9558,501.5224,47.6991,1037.5699,265.7524,56.3304,6795.5376,15.4454,263.9352,230.773,604.1891,28.038,282.1063,906.738,43.1564,635.08,1292.8739,41.3393,109.9352,91.7641,4533.6898,918.5492,615.0918,2032.892,1155.2278,3590.6096,1078.0006,2690.6858,1406.8975,688.6847,272.1122,2660.2492,190.6966,3144.0548,377.9589,12.2655,720.4842,687.3219,7.2684,106.7552,43.6106,207.6048,16.8083,1626.3136,695.0446,3450.2379,2796.0737,2424.9335,560.1242,2022.4436,1142.9623,1518.6498,1522.284,69.9587,1200.6555,2182.8036,4572.3034,717.7585,451.0976,597.8292,1499.5701,1678.4692,1715.352,2182.3493,1341.0273,2399.0397,40.4307,28.1652,653.2511,282.1063,1340.1187,2811.9779,130.8319,208.5134,121.2921,1386.455,533.7761,274.8379,736.3839,5.9056,223.5045,161.2685,1199.747,886.2955,907.1922,732.2954,4053.5184,133.5576,258.9382,2011.0866,15.9088,3803.6658,321.1742,421.038,971.2454,1193.8414,3048.6565,8.6313,1140.6909,770.4547,223.9588,833.145,91.7641,5439.5192,27.2567,42.2478,1938.8565,14.0826,555.1271,2044.7032,5192.8465,2.2714,1200.2012,4.5428,3369.8307,1445.9654,1569.5289,840.4498,440.6492,28.1652,188.9795,5830.1979,289.8291,942.6259,2887.8423,606.9148,628.2658,21.8053,129.9234,1063.918,1907.0571,1385.0922,46.3363,444.2834,100.3953,105.3924,11.3569,313.4515,218.5075,3467.0461,7.7227,3047.2937,21.8053,0.9086,14030.8159,6986.7885,311.6344,257.8843,41.3393,59.5104,457.4575,0.4543,353.8822,686.8676,1398.2662,988.5079,1986.1014,1709.4464,6309.0064,120.3835,367.9648,2.2714,607.3691,1.3628,8.6313,381.5931,440.6492,11.3569,65.8702,1335.576,15.8997,129.9234,0.9086,5341.8495,7.7227,319.3707,253.9411,258.4839,71.3216,611.4576,135.3747
TCGA-KK-A7AV-01,0.433333333,2285.6391,5833.2457,1.0521,161.494,498.6849,233.5613,2355.6023,1188.3219,978.9584,1356.1284,958.969,1790.1105,551.2888,967.3856,139.9264,83.6402,18.4114,222.5145,467.6486,831.1415,7776.4335,34.7186,1196.7386,1556.0231,2102.0516,7628.5639,1415.0447,357.1804,555.4918,1904.2609,6255.1289,111.5203,304.5765,897.4224,679.6423,25.7759,24.7238,350.868,516.5702,17725.9337,238.8217,858.4955,11027.354,3994.7396,2358.7585,269.858,393.4771,1966.8595,592.8459,349.8159,1330.2157,847.4487,1802.7564,572.8564,1066.2809,1185.6917,540.242,789.0584,24.7238,461.8622,793.7927,900.0526,1150.4471,851.657,2036.8227,1108.8901,3518.1483,7704.3661,829.5634,15.2551,972.1199,551.9726,249.8685,1416.6228,7412.9406,497.6328,432.93,2003.1562,1735.9285,840.6102,1003.1562,697.5276,1688.0589,6072.0673,1422.4093,2648.3009,3751.7096,1664.9132,1100.4734,87.8485,1625.9863,1798.5271,1411.3624,389.2688,872.6986,1436.6123,867.9642,1582.8511,851.131,0.526,3304.5765,551.2888,28.4061,765.3866,1674.9079,8.4166,150.4471,26008.9427,340.3472,675.96,4310.6523,871.6465,1257.7591,23.1457,16.3072,487.112,225.6707,927.4066,1920.0421,871.6465,1490.7943,192.5302,88.9006,1136.2441,156.7596,1138.8743,1433.4561,69.4371,4564.9658,23.6718,261.9674,230.9311,799.5792,41.7728,241.9779,1421.3572,52.6039,771.1731,1429.7738,24.1978,405.576,102.0516,7174.1189,1092.5829,682.2725,1986.849,1305.6286,3704.8922,1034.1925,2419.253,1278.2746,892.162,227.7749,2012.6249,223.1562,2346.1336,314.5713,5.2604,942.6618,774.3293,24.1978,67.859,74.6975,195.6865,63.6507,1618.0957,689.111,4038.9269,3028.9216,2499.737,819.5686,2094.687,1116.7806,1776.9595,1524.9868,120.989,1490.2683,3424.5134,4964.7554,1027.354,632.2988,1036.2967,2073.6454,3429.7265,2154.1294,2681.2204,860.5997,2355.0763,41.031,33.1405,872.6986,311.9411,1322.9879,3527.617,139.9264,197.7906,95.7391,1690.1631,669.1215,377.6959,792.7407,22.6197,201.4729,285.6391,1106.2599,1256.707,916.8858,1393.4771,3284.5871,265.6497,237.7696,1781.6938,23.6928,5670.6996,320.8837,302.3409,1038.4008,3240.9258,2755.9179,86.7964,1168.3325,649.132,388.7428,907.9432,64.1767,4586.0074,62.5986,46.8175,2135.192,31.0363,552.3409,1808.5218,7028.9321,2.6302,1241.9779,4.7344,2614.9395,1694.3714,1511.8359,721.1678,772.2251,13.151,199.3688,5593.8979,276.6965,1082.0621,3332.4566,683.8506,1155.7075,62.5986,177.2751,1800.6312,2355.0763,1136.2441,62.5986,387.1647,111.5203,126.7754,19.9895,1252.4987,285.6391,5941.0836,17.3593,4450.8154,165.7023,4.7344,49850.0789,6730.142,325.0921,298.8269,62.0726,193.0563,517.6223,0.526,235.6654,1042.0831,1086.2704,935.2972,1871.6465,1604.4187,6443.9769,110.4682,339.8211,0,898.4745,6.3125,23.1457,544.9763,477.6433,28.4061,16.3072,1956.3388,154.1294,260.3893,1.0521,6677.0121,17.3593,926.8806,307.7328,473.435,134.666,732.2251,172.0147
TCGA-V1-A8MF-01,0.633333333,1673.7864,5754.6926,0.6472,83.4951,526.2136,346.9256,2019.4175,1112.6214,906.1489,1354.6926,875.7282,2040.1294,549.5146,948.8673,125.5663,79.6117,22.0065,92.5566,337.8641,756.6343,10365.0485,115.8576,596.1165,1128.8026,1741.1003,5744.9579,1124.9191,205.8252,647.2104,1682.2006,7007.767,108.0906,247.8964,577.9935,260.8414,12.945,3.2362,234.9515,625.2427,16534.6278,63.4304,1143.6893,8097.0874,4353.3981,2047.8964,255.0162,215.534,1735.9223,502.9126,942.3948,1359.7799,581.877,1759.3463,308.7379,757.9288,1181.2298,366.9903,672.4919,23.301,271.8447,635.5987,638.835,1082.8479,1044.6602,1571.521,616.1812,2447.8964,8714.5631,781.2298,2.589,819.4175,561.5922,281.5534,1105.5016,7856.9579,298.3819,374.11,1573.4628,2093.8511,574.7573,2885.4369,561.8123,1319.7411,4464.7249,1053.0744,1936.5696,3617.4757,1457.6052,710.6796,97.0874,1365.0485,1673.7864,1425.89,388.3495,700.3236,731.3916,874.4337,1486.7314,711.3269,1.2945,3284.7896,457.6052,28.479,1585.7605,1388.9968,12.945,143.0421,23865.3722,280.2589,690.6149,4060.2589,843.3657,957.9288,20.0647,12.945,185.1133,76.3754,953.3981,1781.877,1264.7249,1096.4401,215.534,76.3754,717.1521,87.3786,1109.3851,1507.4434,138.5113,4733.3333,88.6731,371.521,223.9482,640.7767,29.8706,190.9385,1066.6667,40.1294,856.9579,1174.11,54.3689,251.7799,25.2427,9594.1748,800.6472,840.1294,1631.7152,1308.0906,3446.6019,849.8382,2636.246,1546.9256,756.6343,332.6861,2595.4693,199.6893,5236.8932,221.3592,0.6472,734.6278,976.699,29.7735,208.4142,36.8932,150.1618,22.0065,1602.589,400.6472,3896.4401,2831.0615,2288.6731,772.1683,2055.6634,1411.0032,2007.1197,1398.0583,44.6602,1273.1392,1589.644,4201.9417,664.0777,429.1262,671.1974,3068.6084,1784.4919,2121.0356,1732.0388,842.7184,2207.767,48.5437,13.5922,711.3269,228.479,1257.6052,3440.7767,114.5631,299.0291,121.6828,1538.5113,705.5016,266.0194,1086.7314,11.0032,201.9417,212.945,1332.0388,2656.9579,905.5016,1240.7767,5212.2977,95.1456,196.1165,4601.2945,45.1262,7853.0744,330.0971,389.0744,1244.6602,2244.6602,2092.5566,39.4822,1304.8544,802.589,293.2039,507.4434,96.4401,4300.3236,36.8932,123.6246,1819.4175,56.9579,563.1068,1205.178,6634.9515,0,1770.8738,5.8252,2485.4369,2935.2751,1355.3398,774.8867,1489.3204,18.123,190.9385,5511.3269,191.5858,1062.1359,3042.7184,634.9515,764.4013,25.89,91.2621,1744.9838,2713.2686,970.2265,70.5502,414.2395,119.7411,75.8964,15.534,3771.521,513.2686,5396.1165,14.2395,7530.7443,82.2006,1.9417,24693.2039,5427.1845,307.4434,263.9482,36.8932,208.4142,568.932,0,393.5275,1105.5016,1352.7508,1035.5987,1693.2039,1090.6149,7682.2006,201.9417,375.4045,5.8252,786.4078,7.767,6.4725,765.6958,309.3851,18.123,15.534,3657.6052,47.8964,193.5275,0.6472,5255.6634,9.0615,414.9385,326.8608,241.4239,92.5566,1126.0324,91.2621
TCGA-V1-A8MG-01,0.6,3038.0507,6182.243,3.3378,186.9159,554.0721,654.2056,2871.1615,1590.7877,1102.1362,1489.3191,903.8718,1634.8465,761.0147,1541.3885,229.6395,110.8144,20.0267,90.7877,381.8425,878.5047,8194.9266,70.0935,1000,1467.9573,2680.9079,6708.2377,1230.9746,452.6035,670.0467,2080.1068,6913.2176,123.498,264.3525,846.4619,618.8251,5.3405,48.0641,307.7437,668.8919,16339.7864,351.8024,873.8318,7590.1202,3943.2577,2134.1789,206.275,224.2991,2126.8358,623.498,84.7797,1685.6943,746.996,1929.1322,455.9413,1137.5167,1431.2417,618.8251,772.3632,30.0401,362.4833,788.3845,815.7543,1487.984,729.6395,1821.7623,768.3578,3604.8064,10058.745,682.9105,0,1104.8064,444.5861,246.996,1408.5447,7283.7116,239.6529,744.3258,1777.7036,1834.4459,753.6716,714.9533,1028.0374,1829.1055,6050.0668,1385.8478,2999.3925,3762.3498,1463.9519,1608.1442,66.0881,1755.6742,2113.4846,1486.6489,546.0614,425.2336,1401.2016,1192.9239,1458.6115,883.1776,1.3351,3179.5728,538.7183,28.7049,1162.2163,1531.3752,11.3485,23.3645,31921.8959,348.4646,528.0374,5677.0427,897.1963,775.7009,40.721,8.0107,26.0347,42.7236,948.5981,1939.9199,418.5581,1218.2911,295.0601,91.4553,532.7103,28.0374,1021.3618,589.4526,128.8385,4597.4633,84.7797,273.0307,502.6702,664.219,36.0614,235.6475,1485.9813,67.4232,929.239,1384.5127,54.7397,130.8411,20.0267,8411.8825,1104.1389,893.8585,2146.1949,1595.4606,3301.0681,889.1856,2208.9453,1527.3698,1248.9987,331.7757,1728.3044,179.1389,2646.8625,229.6395,2.6702,960.6142,855.1402,9.3458,206.275,61.4152,184.9132,36.7156,2179.5728,622.1629,3915.2203,3837.1162,2592.6769,862.4833,2170.227,988.6515,1836.4486,1174.8999,58.0774,1861.8158,4152.2029,4922.5634,950.6008,602.8037,578.1041,2465.287,2340.0067,2217.6235,3187.5834,1470.6275,1806.4085,54.0721,28.0374,1028.7049,411.8825,1002.0027,2661.5487,134.1789,230.9746,118.1575,1621.4953,590.781,296.3952,996.6622,16.6889,244.3258,214.2857,877.8371,1338.4513,953.9386,988.6515,3701.6021,162.2163,281.7089,1997.3298,42.7236,5626.1682,446.5955,257.7036,1076.1015,2120.1602,2887.1829,52.737,1070.761,825.7677,373.8318,916.5554,190.2537,4869.8264,50.0668,44.0587,2475.968,37.3832,706.9426,1383.8451,8116.8224,8.6782,1276.3685,6.6756,2546.0614,897.1963,1394.526,794.3725,857.1429,55.4072,185.5808,5503.3378,245.6609,1002.0027,4299.0654,736.9826,973.9653,34.0454,197.5968,1775.0334,2078.1041,1367.1562,58.0774,358.478,133.5113,198.2644,30.0401,325.1001,228.972,4082.777,31.3752,3769.6929,45.3939,2.0027,18841.1215,6622.1629,355.8077,299.3057,62.7503,60.0801,594.7931,0.6676,230.3071,1146.1949,1634.1789,895.8611,2049.3992,1670.227,5666.2216,139.5194,416.5554,0.6676,749.6662,2.6702,14.0187,823.0975,407.8772,8.0107,73.4312,2106.1415,40.0534,348.4646,0.741,5673.5648,39.3858,1134.2724,338.4513,353.8051,148.8652,417.717,144.8598
TCGA-V1-A8ML-01,0.4,2446.7085,6636.3397,1.5038,121.3078,490.244,262.1652,2160.9835,1001.0401,810.0555,1267.7168,926.8519,1569.9838,345.8777,1181.4981,185.4706,70.1781,7.0178,24.5623,385.9794,1059.689,11445.0418,62.659,1113.3251,1224.1062,1687.7827,5632.2619,1244.157,332.3433,289.7302,1897.8157,3750.0157,58.1475,279.2085,452.6486,1002.544,1.5038,5.0127,104.7658,622.0785,23429.9535,63.6615,1058.1851,11036.5051,4289.8856,1594.5462,224.5698,54.6386,2242.1896,269.6843,122.3104,1212.2912,1391.531,1879.8301,281.2136,1149.9179,1348.4216,222.0635,818.0759,20.5522,387.4832,789.5034,731.3558,1126.3581,755.9181,1683.0658,586.9895,2118.8766,12032.0313,756.9207,7.5191,958.9333,495.3018,182.463,1007.0554,9739.2133,1981.5281,563.4297,1530.8846,2332.9198,799.5288,59.1501,464.1779,1459.704,4526.9872,1387.5208,1807.0504,4487.888,1786.0321,861.6865,36.5929,1479.2536,1893.8055,1595.5487,377.9591,230.5851,1179.493,804.5415,1718.8616,707.796,3.5089,3478.3263,487.7376,25.0636,781.9843,1742.4214,5.0127,20.0509,42181.0344,199.5062,739.3762,5850.0144,783.4881,729.3507,42.6081,6.5165,25.5649,35.089,820.081,2304.3473,565.9361,1202.0502,262.1652,78.1984,396.5061,35.5903,1363.9611,343.8726,96.2442,4259.8093,14.0356,162.9134,304.2721,500.7707,29.5199,340.8649,1303.8084,88.2239,435.9011,1411.0806,24.5623,47.6208,8.5216,9261.5011,784.4906,1003.5465,2188.0522,1162.951,3459.2779,1133.3759,2711.3801,1081.7449,634.6103,283.7199,1832.1491,150.7074,2307.3549,89.7277,3.0076,989.0096,601.0251,8.5216,266.1754,114.29,148.8778,13.5343,2103.8385,390.9921,4819.2288,2013.0982,2262.7417,662.6816,2066.2431,1184.0044,1779.5155,1273.7321,41.6056,1481.2587,3411.1558,3371.054,814.567,404.5265,295.2492,1215.0833,1914.7537,1643.6708,2453.2251,1782.5232,1766.9837,32.5827,12.5318,655.1625,370.44,1118.8391,2776.0442,100.2544,117.7989,104.2646,1460.7065,422.5723,295.2492,743.3863,23.0585,167.4248,122.3104,1540.4088,1822.6249,1015.0758,701.2795,4329.4861,45.1145,239.1067,2657.744,10.0355,5511.4854,287.7301,374.5655,856.1725,1796.0575,2881.8126,9.5242,1243.1545,592.5035,316.8039,458.1626,33.084,4277.3538,18.0458,41.1043,1760.4672,16.0407,491.2465,881.7374,6608.7698,2.0051,1204.5566,1.5289,2236.1743,3187.5885,1591.5385,831.7255,609.0455,40.1018,116.2951,4538.0152,230.0838,885.7476,3091.3443,490.7453,1273.2308,15.0382,43.1094,1955.462,3261.7768,1470.2307,59.1501,422.071,111.2824,92.7353,17.0432,567.4399,221.5622,13021.5422,10.0254,4537.5139,18.5471,1.0025,11056.0547,5404.2132,324.8242,347.9178,76.1933,32.5827,525.8343,0,316.8039,1239.6456,1388.0221,969.9613,1016.5796,923.343,7143.627,93.2366,341.3662,4.0102,734.3634,1.0025,5.0127,371.4425,293.2441,8.5216,115.7938,825.0937,17.5445,391.9947,0,1962.9811,134.3409,666.3709,267.6792,218.5546,63.1603,441.0492,158.4019
TCGA-V1-A8MU-01,0.566666667,3175.1305,5598.4813,2.8477,133.8396,512.1025,175.6051,2299.9525,1198.8609,984.3379,1475.0831,943.5216,1840.5316,553.8681,926.4357,137.6364,112.9568,20.4082,112.0076,483.1514,956.336,9590.4129,93.0233,880.8733,1702.8951,2064.5467,8233.4884,1247.271,360.7024,491.2055,1953.4884,5801.6137,78.785,235.8804,945.42,412.4347,9.9668,69.7674,383.9582,837.6839,21991.457,129.0935,921.6896,7425.7238,4422.8761,2344.0911,233.982,200.7594,2280.4936,503.5596,346.9388,1585.6194,691.9791,1492.0693,420.5031,1117.2283,1243.4741,588.9891,889.4162,25.6289,359.2786,793.0707,805.8851,1392.9758,802.5629,2267.0669,1036.5449,3205.9801,8211.6754,654.9597,1.4238,1037.4941,488.7043,224.9644,1289.5112,9225.439,251.0679,452.3019,1826.2933,2277.6459,945.42,854.2952,659.7057,1782.1547,5714.7603,1102.0408,1723.0944,3171.3336,1598.0066,1072.6151,60.7499,2023.7304,1854.7698,1714.7603,542.0028,548.6474,1160.8923,870.4319,1466.5401,711.9127,6.1699,3291.4096,478.4053,21.832,1194.1149,1659.2311,10.916,82.1073,32724.7271,306.5971,857.1429,6780.7262,1353.5833,1196.4879,48.4101,13.7636,74.0389,121.0252,818.6996,1573.8016,434.2667,1242.0503,255.3393,112.9568,906.0275,137.1618,1243.4741,1251.0679,156.1462,3828.6664,23.2558,495.0166,448.0304,872.8049,38.2534,202.6578,2332.7005,33.2226,764.5467,1133.365,96.8201,207.4039,25.6289,6130.0427,964.4044,617.4656,2119.6013,1455.1495,3242.9995,1028.9511,2800.1898,1337.4466,944.9454,462.2686,2020.8828,289.5112,1425.2492,504.9834,5.6953,933.5548,731.3716,47.4608,401.0441,41.2909,153.2985,24.6796,3182.7243,558.1395,5052.2069,2593.7257,2512.1025,1187.4703,1808.7328,1099.6678,1463.6925,1537.2568,126.7205,1434.2667,2836.7347,5432.3683,767.9165,499.7627,962.5059,3096.8201,2153.0612,1941.6232,2582.8192,992.8809,1886.5686,67.3944,42.2402,1064.5467,341.2435,1476.9815,4370.1946,178.9274,180.8258,109.6346,1501.6611,612.7195,328.429,1340.7689,34.1718,147.1286,239.6773,1169.4352,1376.8391,894.1623,1389.6535,2468.4385,140.9587,276.6967,1848.5999,29.2976,5840.057,341.2435,283.1846,870.4319,2197.4371,2467.4893,37.9687,890.3654,694.8268,329.3783,738.9654,87.8026,4725.2017,45.0878,43.1894,1913.1467,31.7988,557.6649,2736.5923,5880.3987,6.1699,1403.8918,4.3,2406.2648,1825.3441,1517.7978,716.1747,1359.7532,124.3474,470.8116,4994.7793,260.0854,1173.2321,3275.7475,473.1846,915.9943,54.1054,324.6322,2674.8932,2484.5752,1274.7983,65.0214,373.9915,135.2634,116.7537,28.4765,898.9084,402.9426,3023.7304,12.8144,3823.4457,69.7674,3.3223,25320.8353,6904.6037,332.7005,308.4907,21.832,101.5662,548.6474,0.4746,213.0992,1046.9862,1388.7043,943.9962,1751.7798,1437.1144,7286.1889,96.3455,465.1163,4.2715,921.6896,3.3223,11.8652,526.8154,526.3408,16.1367,36.0702,2528.2392,97.7693,435.6906,0.4746,6018.9843,230.1851,485.1353,271.476,422.8761,167.0622,685.7,182.7243
TCGA-V1-A8WL-01,0.366666667,2128.6058,5182.6923,1.8029,94.9519,583.5337,270.4327,2423.6779,920.6731,1118.9904,1712.1394,671.875,1372.5962,411.0577,882.2115,108.774,66.7067,22.8365,148.4375,344.9519,1278.2452,11824.5192,38.4615,1012.0192,1008.4135,2015.625,8050.4688,1061.899,310.0962,535.4447,2166.4663,5063.7019,48.0769,274.6394,394.2308,456.1298,8.4135,61.2981,118.3894,598.5577,18155.0481,12.6202,743.9904,6959.7356,3390.024,2203.726,266.8269,204.9279,2023.4375,492.7885,298.0769,1428.0168,950.1202,2281.4483,471.1538,1104.5673,1003.6058,229.5673,819.1106,30.649,409.8558,657.4519,1139.4231,1391.8269,602.7644,2279.1947,530.649,2294.4712,8305.8894,919.4712,21.0337,1063.7019,733.3173,265.625,2087.7404,7130.4087,274.6394,378.6058,1600.3606,2362.3798,971.7548,1836.5385,1317.9087,1695.9135,5998.7981,1355.1683,3653.6298,4137.6202,1694.7115,893.6298,106.3702,1970.5529,1906.25,1215.1442,513.2212,1074.5192,1384.6154,618.3894,1650.2404,801.6827,7.2115,3022.8365,554.6875,43.8702,1263.2212,1632.8125,8.4135,73.3173,32637.0192,470.5529,727.7644,4563.3413,1122.5962,1166.4663,11.4183,15.625,393.0288,137.0192,1044.4712,1560.6971,972.9567,1458.5337,107.5721,94.351,562.5,66.1058,1298.0769,1917.6683,170.6731,4160.4567,21.6346,186.2981,91.3462,683.8942,25.8774,165.2644,1575.1202,92.5481,546.274,1665.8654,58.8942,304.6875,55.8894,12161.0577,1003.6058,384.6154,1703.726,1219.351,3062.5,1088.3413,3070.3125,1435.0962,839.5433,224.1587,2684.4952,240.5769,1549.8798,405.0481,0,756.6106,534.2548,30.0481,145.4327,55.2885,198.3173,47.476,1573.9183,1135.8173,4480.7692,2795.0721,2353.3654,715.1442,1817.9087,1168.8702,1934.4952,1637.0192,36.0577,1287.8606,1308.8942,5762.6202,713.9423,419.4712,580.5288,1680.8894,1817.3317,1648.4375,2938.7019,1822.1154,1671.875,48.6779,13.8221,524.0385,269.8317,996.3942,3469.9519,113.5817,204.9279,111.1779,1458.5337,433.2812,281.851,1352.7644,27.6442,199.5192,267.4279,1264.4231,832.3317,1031.851,936.2981,1138.8221,163.4615,246.3942,2615.9856,36.7668,9732.5721,385.8173,454.2969,1108.1731,1811.2981,3658.6538,32.4519,986.7788,785.4567,234.976,707.9327,61.2981,5515.024,33.6538,50.4808,1949.5192,39.6635,609.976,2068.5096,9205.5288,10.8173,1548.6779,3.0649,3206.7308,3211.5385,1721.1538,957.0613,1320.9135,41.4663,247.5962,5861.7788,154.4471,1002.4038,3355.7692,427.8846,648.4375,27.0433,365.9856,801.6827,3142.4279,1623.7981,44.4712,435.6971,123.8341,100.3606,16.8269,1950.7212,173.0769,3766.226,9.6154,20808.8942,112.3798,1.2019,20135.2163,6667.6683,358.774,308.8582,10.8173,176.6827,665.8654,0,242.1875,787.8606,1745.7933,884.6154,1837.1394,977.7644,7080.5288,222.9567,340.7452,6.6106,849.1587,3.0048,4.8077,303.4856,344.9519,17.4279,150.2404,2339.5433,22.2356,219.9519,0,3800.4808,27.0433,466.9471,277.6442,211.5385,87.1394,2098.5156,223.5577
TCGA-VP-A87E-01,0.733333333,2980.0051,5749.9367,2.531,177.6765,708.6813,394.3305,2105.796,1220.9567,1052.3918,1706.4034,789.1673,1672.488,328.5244,1176.411,163.5029,83.017,14.6798,161.9843,474.3103,1037.2058,9830.4227,37.4589,1107.0615,1397.1147,1913.4396,7586.8691,1002.7841,382.6879,625.143,1826.3731,6615.5404,72.8929,349.7849,140.7239,164.5153,21.7666,1.0124,78.9674,898.5067,15888.1296,19.2356,670.2101,8051.1263,7370.286,2597.8233,329.0306,339.1546,2087.5728,597.8233,127.5626,2617.1552,655.024,1524.6824,450.0127,766.3883,708.6813,410.0228,781.5743,14.6798,364.4647,731.4604,915.7175,1411.2883,1121.2351,2268.7927,705.1379,3612.2501,5944.3179,792.2045,10.6302,1139.9646,802.2526,378.1321,1504.4293,6899.5191,397.874,502.6576,1655.7833,2806.8843,818.0208,1851.6831,3852.6955,1663.8826,4731.9666,1170.3366,2301.554,2898.5067,1385.472,921.2858,129.0812,1434.0673,1601.1136,1274.1078,481.3971,2889.3951,974.9431,944.571,1567.7044,740.0658,2.0248,2976.9679,534.042,54.6697,2124.0192,1544.4191,5.5682,91.1162,25161.225,344.2167,604.9101,4181.7413,1281.7008,904.5811,24.2976,19.7418,215.1354,93.6472,1024.5507,1435.0797,1287.7752,1499.3672,156.4161,100.734,922.8044,164.0091,952.6702,2806.3781,285.4973,6158.9471,57.2007,324.981,532.5234,937.4842,27.1172,156.4161,1854.7203,125.5378,755.9403,1108.0739,113.389,277.3981,142.7487,23165.2746,1213.3637,554.2901,1728.1701,1714.5027,2668.6915,850.4176,2721.3364,1500.3797,710.7062,406.4794,3165.2746,130.7163,4158.4409,197.4184,2.0248,863.0726,903.0625,30.8783,164.0091,50.6201,101.7464,44.5457,2004.5558,2045.0519,4466.7173,2080.9922,2640.8504,1101.9995,2473.8041,1211.8451,1662.364,1264.9962,20.7542,1776.7654,1651.2275,6714.2496,716.2744,386.2313,923.3106,2289.0407,1685.0519,1902.8094,2240.9517,1386.9906,2156.9223,34.9279,5.5682,887.8765,289.0407,994.1787,3387.4968,107.8208,252.0881,86.0542,1586.94,846.3629,220.1974,683.3713,48.5953,185.2696,283.9787,1166.287,707.1627,1041.7616,801.3161,1994.938,186.282,261.7059,2903.5687,74.5432,20617.059,334.5988,327.507,940.5214,3723.6143,2291.0656,69.3495,1056.4414,475.3227,286.5097,807.8967,45.5581,3791.4452,24.8038,52.1387,1242.7234,148.8231,740.0658,7403.1891,6934.447,0.5062,1503.4169,7.593,4154.8975,12085.548,1473.0448,850.1493,3056.9476,24.8038,269.8051,5003.7965,90.61,1385.9782,2465.7049,574.5381,954.695,18.2232,502.1514,1112.6297,3045.8112,1268.5396,126.5502,347.2539,111.8704,92.1286,10.124,1657.3019,328.0182,4029.3597,11.6426,31801.5692,76.9425,1.5186,29758.5421,6428.246,365.4771,210.038,53.6573,120.4758,540.1164,0,280.9415,1594.533,4204.5052,843.837,2144.7735,2645.4062,8114.4014,199.4432,310.8074,3.5434,766.8945,43.0271,9.6178,734.4976,681.3465,20.248,195.3936,2516.8312,102.7588,318.4004,0,4105.2898,8.0992,498.6434,216.654,263.7307,114.4014,4241.225,141.7363
TCGA-YL-A8HO-01,0.766666667,2408.8014,7008.1065,15.634,159.8147,565.7209,364.7944,1960.6254,983.7869,872.0324,1625.9409,899.8263,1705.8483,595.8309,919.5136,173.1326,142.4435,24.8987,228.1413,498.5524,1063.6943,5830.9207,73.5379,1674.0012,1613.7811,1935.1477,6939.751,1294.7307,348.0023,891.0886,1778.2281,4828.6045,247.2496,273.8854,870.8743,623.0457,22.5825,7.5275,213.6653,735.3793,19586.5663,64.2733,1332.3683,7635.2056,4255.9351,2591.1986,340.4748,235.0898,1823.9722,530.9786,362.4783,1572.4667,605.0955,927.377,664.7365,1077.0122,1075.8541,251.3028,710.4806,22.5825,362.4783,798.4945,791.546,1147.0759,610.3069,2196.8732,1953.6769,2689.6352,8898.6682,696.0046,12.1598,1090.9091,1219.7742,262.3046,1855.2403,8473.6537,217.1395,469.0214,2352.6346,2297.0469,714.5339,131.4418,1125.0724,1818.1818,4833.8159,1261.1465,2162.3451,3236.8269,1808.9172,1335.2635,50.3764,1638.1008,1800.8107,1490.4459,437.1743,602.2003,1144.1807,655.4719,1774.1749,891.1407,0,2961.2044,477.128,47.4812,613.2021,1410.5385,29.531,234.5107,19876.6647,364.7944,637.5217,6345.2924,1910.828,933.4105,25.4777,10.4227,166.7632,225.2461,911.4071,2124.4933,1577.3017,1562.2467,642.154,130.2837,1608.5698,394.9045,1232.1946,2593.5148,305.7325,3227.5622,34.7423,354.3717,114.0706,832.6578,79.5252,232.7736,2999.421,174.8697,714.6555,1070.0637,111.7545,287.2032,41.6908,11023.7406,1094.3833,1423.2774,1861.6097,1381.5866,4449.9131,684.4239,2525.1882,1155.7614,686.161,337.5796,2138.9693,206.6763,1398.3787,125.6514,8.6856,972.2061,1082.8025,40.5327,122.7562,83.9606,165.6051,53.8506,3174.8697,642.7331,4528.6624,2915.4545,2317.3133,951.3607,1696.5837,977.4175,1640.4169,1466.1262,152.2872,1526.3463,1784.0185,3620.1506,803.7058,834.9739,882.4551,3542.5594,2194.1807,1797.9155,2211.3492,1101.3318,2141.8645,100.7528,72.3798,1394.3254,254.198,846.5547,3943.8332,122.1772,198.0313,192.8199,1470.1795,507.238,301.6792,2354.3717,124.4933,221.1928,499.7105,936.3057,1921.8298,984.945,1898.6682,1401.2739,151.1291,257.0932,837.2901,35.9988,4442.9647,346.2652,359.7973,1201.5055,1743.4858,1718.5871,24.8987,1057.9039,800.2316,417.487,874.3486,270.4111,7332.9473,52.1135,137.8112,2089.172,57.3248,500.8686,1186.4505,5765.4893,1.7371,805.443,4.6555,2835.553,2249.5657,1314.4181,700.0984,495.6572,181.2391,699.4789,5067.1685,268.095,1549.5078,2428.4887,705.8483,2023.1616,31.2681,81.6445,1972.7852,2615.5182,1112.3335,62.5362,400.1158,129.1257,116.8095,39.9537,1015.634,268.095,3412.2756,32.4262,4764.3312,396.0625,2.3162,50834.3949,7319.0504,301.6792,249.5947,27.2148,262.8836,497.3943,0,212.5072,1438.9114,1335.2635,1291.8356,1899.8263,2764.3312,4963.5206,349.1604,371.1639,5.2113,899.2472,4.6323,15.055,544.2965,506.0799,75.275,145.9178,2280.2548,0,302.8373,1.7371,4258.8303,86.2768,458.7145,228.1413,436.5953,65.4314,550.6485,301.6792
TCGA-2A-A8VO-01,0.466666667,2018.4565,5558.8971,2.6585,155.5215,530.3682,319.0185,2048.3645,1149.1312,737.7302,1548.5689,784.2538,1534.6118,148.2107,900.5626,123.6197,87.1186,11.2986,26.5849,406.0839,1004.2436,10162.7327,67.1268,1516.0024,975.6649,1685.481,6606.3146,1288.7018,360.225,299.6448,1706.7489,5606.7499,124.9489,266.5134,75.7669,259.2025,4.6524,8.6401,20.6033,370.859,19013.5018,17.2802,1036.8101,8592.2312,2772.1377,1975.9208,201.3804,112.3211,1844.3256,472.5461,136.2475,1166.1123,718.4562,2054.7183,334.3048,902.5565,1156.442,174.7955,738.3949,19.9387,364.8774,668.6096,854.0391,1086.6567,681.2374,1459.5096,313.7015,2247.0865,11538.4999,802.1986,3.3231,1050.7671,316.0742,269.1718,794.8877,8043.2536,71.1145,328.9878,1587.117,1846.9841,955.0616,4347.9561,1355.1639,1600.4094,5459.2038,1292.0249,2919.6838,3459.3567,1620.3481,854.0391,44.5297,1686.8102,1807.1068,1034.8162,481.8508,327.6586,1421.6261,919.172,1796.4729,491.8202,7.3108,2771.4731,430.0103,31.2372,957.0555,1276.0739,3.3231,39.2127,28121.4796,344.9387,587.5257,13679.4662,788.9061,867.3315,13.2924,5.9816,27.2495,37.2188,800.2047,1737.9861,761.6566,1418.9676,186.0941,91.7178,364.8774,57.8221,1133.1802,330.3171,80.4192,6607.6704,21.9325,201.3804,274.4888,630.7261,39.3589,186.0941,1171.0637,43.865,752.3519,1056.0841,47.8528,87.7301,7.3108,11987.7843,1031.8653,397.4439,1815.7469,1329.2437,4072.8027,988.9573,2447.8023,1355.1639,986.2988,215.3375,2395.2971,243.9827,1933.385,277.1473,0.6646,856.6976,708.4869,3.3231,261.1964,51.1759,136.2475,15.9509,922.4951,616.7691,3517.8434,2146.0639,2079.9474,610.1229,1824.387,1145.8081,1720.706,1250.1537,5.9816,1335.8899,1086.6567,4635.7374,738.3949,117.6381,195.3988,1361.1455,2568.6039,1807.7714,2486.3503,1696.115,2162.6795,27.9141,31.9018,518.405,259.8671,963.0371,2278.3237,107.0041,120.2966,164.1616,1204.2948,426.6806,328.9878,487.1678,7.9755,170.1432,181.4418,1349.847,512.4234,865.3376,549.6423,1801.7898,154.1923,402.7608,807.5155,55.9877,7659.7668,306.3907,440.2721,929.1413,1861.6058,2699.6939,9.3047,1076.6874,640.6955,268.5072,906.5442,23.2618,4827.1485,38.5481,39.2127,2064.9801,45.8589,614.7752,2843.9169,4452.3018,9.3047,1012.8837,9.9693,3621.5244,2471.7286,1539.2642,728.5119,1036.8101,31.9018,79.7546,5019.2242,176.1248,893.2518,2964.2134,309.0492,650.6648,9.9693,190.7465,1262.7815,2808.0273,1420.2969,58.4867,488.4971,139.5706,144.2229,15.2863,298.4152,223.9776,755.0104,7.9755,4869.0196,51.1759,1.3292,17550.0045,6498.6724,330.3171,388.3984,16.6155,34.5603,614.1106,0,284.4582,779.6014,1295.348,955.7262,1790.4913,951.7385,7673.0592,166.8201,369.5297,5.9816,715.7977,5.317,6.6462,340.951,384.816,9.3047,139.5706,1801.7898,0.6646,137.5767,0,4385.8396,61.1452,527.0451,251.2271,157.5154,45.8589,835.3831,80.4192
TCGA-CH-5751-01,0.533333333,2575.8048,8202.4922,4.6729,449.1173,1082.0353,2528.0374,5372.2741,2712.3572,2396.6771,3763.7591,1307.892,1965.2129,738.3178,4376.947,800.6231,432.1703,264.7975,424.1952,1242.4714,1870.1973,4615.2648,17.6532,628.7643,1222.7414,5201.4538,10399.7092,1440.2908,798.5462,2168.6968,4439.2523,1716.5109,582.5545,393.0426,16.6147,263.2399,54.5171,8.3074,109.0343,652.648,14783.4891,329.6989,291.7965,5935.6179,1686.3967,4292.3157,403.946,616.8224,3058.6708,1147.4559,73.2087,4236.08,1633.4372,1454.5223,912.7726,1958.9823,1664.0706,284.5275,876.4278,11.4226,1136.5524,2310.4881,1485.9813,3873.3126,1375.9086,1892.9128,1192.6272,6598.1308,7396.6771,1881.6199,196.2617,2317.2378,440.1661,791.2773,1143.8214,4617.8609,581.5161,1332.2949,2215.9917,2776.2201,1220.6646,40.4984,506.7497,3001.0384,9618.8993,1373.8318,3021.028,4583.0737,1146.4174,1176.5317,61.2669,1059.19,5263.2399,886.812,744.0291,1346.8328,488.0582,1229.4912,1139.1485,1606.9574,8.3074,1762.7207,1030.6334,255.4517,958.9823,2385.7736,75.2856,339.5639,17082.0353,973.5202,877.4663,7724.1381,2738.837,718.0685,56.594,36.864,1120.9761,631.3603,1585.6698,1696.7809,1940.2908,2014.0187,509.3458,212.8764,1047.7674,123.053,1343.7175,3447.0405,173.9356,2524.9221,44.1329,373.3126,141.7445,706.1267,144.8598,489.6158,728.972,41.5369,1274.6625,1942.3676,96.5732,1127.7259,409.6573,2209.7612,1907.0613,547.7674,1724.8183,4348.3904,1826.5836,1372.7934,3223.2606,1386.2928,1291.7965,137.5909,1831.7757,84.7923,6874.351,92.4195,12.4611,2454.8287,2770.5088,4.1537,518.6916,53.4787,293.3541,115.784,2022.8453,692.108,4210.7996,14349.9169,3021.8069,632.3988,1791.7965,1105.3998,1572.6895,1907.0613,9.865,3627.2066,1539.46,4573.2087,728.972,937.6947,1209.7612,3002.0768,938.2814,2365.0052,7097.6116,1354.621,1179.1277,334.891,278.8162,625.1298,562.8245,1044.1329,4224.8183,295.9502,143.3022,390.9657,2200.4154,1005.1869,442.3676,481.3084,20.2492,314.1225,269.4704,1139.1485,766.8744,1962.0976,936.1371,4975.0779,272.5857,429.3873,2652.648,50.9242,9620.9761,1034.2679,685.9294,3250.2596,2720.6646,2720.6646,138.6293,1738.837,703.5306,390.4465,1262.7207,151.6096,4547.7674,183.8006,42.0561,1570.6127,203.5306,1204.5691,810.4881,11023.3645,2.5961,912.2534,1.0384,1470.9242,685.3583,1908.6189,1000.3427,650.0519,6.2305,150.0519,4006.2305,359.8131,2366.0436,2739.3562,1150.0519,1564.9013,15.5763,302.1807,3115.2648,4220.1454,1986.5005,33.7487,214.9533,140.7061,101.7653,128.7643,759.6054,360.8515,2738.3178,129.2835,3438.2139,579.4393,17.6532,45076.324,5778.297,1164.5898,320.6334,70.6127,398.7539,538.9408,1.0384,860.8515,3512.4611,6694.1848,436.1371,1280.893,1338.5254,8222.2222,222.7414,682.243,0,872.2741,20.2492,4.6729,444.9637,564.9013,83.0737,5.1921,1362.9283,1.0384,508.3074,0,2612.6687,6.7497,400.6906,427.8297,278.8162,55.5556,717.0301,205.6075
TCGA-CH-5761-01,1.533333333,2969.9434,4966.3073,7.8049,222.9494,682.7612,2868.8187,6348.1183,2568.1595,810.6941,1583.3816,958.9877,2585.8054,171.7083,4420.9807,254.1691,445.5594,262.6527,37.3279,575.5283,1945.4622,28446.574,59.0459,649.5054,1579.6488,3041.8844,16925.0973,1235.5535,557.2037,399.0692,4177.6706,2911.9155,141.5067,288.1035,81.4427,377.3511,2.7148,135.0591,50.223,918.2663,29208.7419,47.8476,429.6102,15084.8828,4071.1164,2624.4907,245.0068,127.5935,4180.3854,966.7926,192.7477,3713.2912,1876.9146,3289.0732,385.4954,1431.6946,1462.2356,126.5755,1206.7092,7.8049,929.4647,1549.1078,1892.1851,3068.3533,1060.4517,1261.683,1110.3353,5623.2784,5031.1221,1884.7196,4.7508,2675.053,387.3177,400.4266,1106.2632,8244.7149,308.8035,2914.9696,3758.2408,5368.0913,1449.3405,889.0827,1008.8713,4045.6656,6689.4989,1083.1878,1602.8464,5687.0751,1658.0374,418.0725,12.5557,1326.8371,4097.246,1314.6207,1435.4274,460.8299,1718.7801,840.5564,788.9761,2447.0135,11.1984,3055.4582,1008.8713,161.1887,470.3315,2536.6004,109.9476,62.7787,22581.0037,632.8776,1382.829,4100.7785,307.4462,777.4383,79.746,12.5557,9.5016,28.1656,2660.8005,2636.0284,825.6253,1206.0305,452.0069,204.6248,499.5152,76.3525,2272.5904,955.9336,136.0772,6076.3033,15.2705,279.2806,79.0673,509.3562,220.3466,227.0215,586.7267,35.2918,913.4171,1852.4818,35.6312,71.2624,7.1262,5417.6356,2684.5546,1818.8867,2280.056,1528.7471,2511.8283,745.2006,4689.0628,1608.1538,711.9448,258.9199,2280.7346,170.1066,4255.3805,569.4201,13.2344,2472.8037,536.5037,4.4115,169.6723,8.823,306.7675,21.0394,2799.5924,526.6627,6335.5625,9593.6095,5885.931,543.9693,1949.195,1364.5044,1864.3589,879.2417,42.0787,3071.4074,3082.2664,6703.7514,678.3497,479.4938,276.5658,1161.237,875.6243,1152.7534,4488.8496,807.64,1222.319,660.0251,193.087,552.7923,318.6445,2006.2049,3222.7551,238.8986,231.7723,246.0248,2384.9134,1371.2879,321.0199,252.4723,25.1115,403.1413,346.8101,1535.534,2416.1331,1080.473,735.0203,8965.8221,115.7165,115.0378,2585.8054,156.9197,5494.6668,386.8528,374.4769,2779.2318,1288.4912,1411.6733,3.7328,1621.3882,342.0593,354.2757,1347.1978,142.8641,3219.3616,206.3215,61.4214,1557.5914,88.2296,1470.7192,759.4531,2021.1361,3.0541,1192.1174,5.4295,2832.8482,495.1037,1863.3409,850.0581,728.2334,4.0721,129.2903,5171.2714,304.0527,1650.2325,3772.1539,457.7758,2350.6396,107.2329,213.4477,4907.2614,7291.4961,2387.9675,11.5377,342.3986,273.851,155.1347,364.7954,677.671,312.8757,5234.7289,78.3886,1250.824,31.2197,0.3393,5949.0491,4607.9595,582.9939,198.7982,39.0246,90.9443,918.2663,1.6967,561.6152,923.3565,3599.7669,480.5119,2865.7646,1326.4978,5453.2667,105.5362,453.025,2.3754,784.9039,66.1722,1.6967,304.0527,485.9414,25.1115,1.3574,30272.2476,2.7148,97.3919,0,7158.8124,11.1984,255.8658,489.3348,229.7363,38.0066,536.5037,259.9379
TCGA-CH-5767-01,0.866666667,2755.2474,5829.0855,2.2489,185.1574,1169.7901,1008.6207,3446.027,1295.7271,1104.5727,1801.7241,615.8171,1545.3523,352.6987,1241.0045,235.0075,77.5862,17.991,10.4948,405.922,1561.0945,13567.8411,3.7481,726.3868,1281.1094,2110.1949,7589.1979,916.042,287.1064,1255.5697,2549.1004,8066.3418,125.5622,267.6162,1974.8876,856.8216,1.1244,9.3703,22.1139,731.6342,21196.7766,35.2324,495.8771,17275.4873,4972.6387,2091.8291,286.3568,31.8591,2044.9775,854.5727,100.075,3414.8951,875.1874,2329.6252,437.7811,935.1574,1014.6177,121.4393,973.3883,16.1169,523.988,1053.973,940.7796,1668.6657,1043.4783,2339.2054,448.2759,5372.1889,12040.1049,891.3043,1.4993,1274.3628,284.1154,324.2129,967.3913,7584.7076,81.3343,727.5112,1673.913,2486.1319,1339.2054,2544.6027,1131.5592,1643.1784,4628.9355,1336.9565,3103.5345,3094.8276,1249.6252,884.1829,45.7271,1865.8171,2255.997,860.5697,440.4048,407.7961,1476.7616,1011.6192,906.2969,1073.8381,0.7496,3257.8711,751.8741,47.2264,2106.8216,1428.7856,16.4918,18.3658,44833.5832,344.4528,678.036,4797.0202,532.2339,891.3043,13.4933,5.6222,9.7451,13.4933,1447.5262,1809.97,1898.8006,1574.5877,154.7976,71.5892,208.021,36.3568,1286.7316,276.2369,132.6837,7257.8711,200.5247,112.8186,202.024,477.5112,21.6154,219.2654,1018.3658,51.7241,532.44,1281.4843,29.6102,49.4753,10.4948,25395.8021,1275.8621,384.1829,1571.2144,1961.7691,2875.1874,1779.985,3725.6372,2187.7811,757.1214,258.9955,7015.7421,138.5232,3858.3208,31.8591,0,1014.2429,1341.4543,2.2489,150.6747,34.8576,130.06,3.7481,979.7601,515.7421,5217.3913,3946.0195,2459.7451,385.3073,2145.8021,1341.8291,2219.6402,1327.2114,5.6222,1950.8996,2133.4333,5785.2324,1109.8201,446.027,1137.931,1146.1769,809.6777,1583.2084,2619.5652,1503.7481,2440.7796,67.0915,29.2354,433.6582,236.8816,1272.8636,2813.7181,138.6807,61.4693,123.3133,1432.1589,703.8981,244.3778,318.9655,29.2354,365.8171,234.6327,1672.4138,577.2114,1301.3493,270.9895,4963.6432,113.943,919.7901,4892.4288,71.2181,14352.3238,440.4048,635.3673,2278.1109,2060.7196,1955.3973,5.2474,1716.6417,549.4753,158.5457,718.8906,20.6147,5044.9775,16.8666,62.2189,1278.1109,86.2069,723.0135,5573.0885,6748.5007,0.7496,1163.4183,4.8726,4250.7496,10936.2819,1801.7241,1138.7331,2592.2039,31.8591,62.9685,3215.8921,235.7571,976.7616,2502.6237,1044.9775,1972.2639,2.9985,116.1919,928.7856,2771.7391,1751.1244,67.4663,380.06,96.3268,107.946,14.6177,824.2129,138.6807,5991.3793,1.8741,18825.3373,9.7451,0.3748,6165.2924,5975.6372,643.928,281.8216,6.3718,28.4858,612.069,0.3748,541.6042,831.7091,4885.3073,437.0315,1977.5112,656.6717,5724.1379,66.3418,446.027,2.6237,574.5877,2.6237,0.7496,1118.066,347.8261,5.2474,164.9175,950.1499,13.8681,1419.4153,0,3818.2159,5.997,293.8531,219.6402,98.5757,42.3538,2611.072,214.018
TCGA-CH-5792-01,0.8,3421.3718,6010.7686,2.8325,232.2629,928.2792,881.6721,4079.5359,1530.8238,761.4207,1658.2851,914.8893,2349.4089,568.2974,1821.7961,169.176,122.0539,31.9297,180.2484,638.0793,1163.6321,14052.4214,26.2648,1082.2628,2304.0893,3260.9507,10155.4411,1418.5548,526.3253,1722.1394,3306.7853,10073.5671,125.6589,259.5577,988.0186,263.6776,18.5398,7.2099,359.2093,1085.0953,19081.0937,26.0073,483.8382,7410.2685,4255.9218,3301.3779,318.7821,295.0924,2878.5667,770.9481,160.9361,3022.1757,770.1756,1884.3166,676.7039,1861.7083,1160.7996,1093.8502,764.5106,31.4147,509.8454,1097.7126,1263.2837,1917.0703,1110.33,1901.6101,1538.0337,6674.3401,8157.5268,1056.7705,21.8873,1477.2642,631.8478,367.1917,1667.555,8005.8606,257.2402,778.4155,1897.5005,2652.4837,893.002,2094.4862,1334.868,2479.1877,4644.2283,1577.4308,3020.3191,3646.4248,1599.3181,1375.8102,48.4096,1904.7104,2194.1378,1105.9526,611.2995,1176.5069,1626.8704,898.6669,1121.4024,905.3619,1.545,3339.745,570.0999,56.1345,966.1313,1814.3287,20.0848,130.2938,25094.4373,328.0521,612.587,2942.0115,1018.6609,1195.0468,27.5523,23.9473,172.266,136.7313,1362.9353,1905.9979,907.1644,1043.3806,250.8027,74.9318,1825.9161,177.6734,1705.1497,1247.5763,336.807,8668.6597,72.0994,335.5195,586.8372,988.0186,102.5459,219.388,1720.0846,19.0548,860.2998,1282.8535,141.3662,336.807,63.3444,8212.8888,1619.0785,1018.1459,2073.8864,1892.8655,2733.338,978.2337,3550.6356,1502.7565,491.8206,375.6891,2700.8933,207.5534,2524.5073,273.205,4.12,1088.7002,1035.6557,11.5874,138.5338,68.2369,235.3529,29.6122,3453.559,786.9129,4785.852,2946.2834,2484.3377,1001.9235,2371.5537,1036.6857,1758.1942,1114.1925,87.0342,2764.4952,2089.8512,7756.3454,1317.6157,593.7897,566.4949,2642.6988,1077.0382,2265.2072,2190.2753,1539.5787,1983.5047,64.8894,40.6846,1553.2261,579.3698,1730.8995,2442.1081,179.2184,220.933,64.3744,1885.3981,724.3384,280.415,823.4776,15.4499,316.2072,244.8803,1154.8771,958.1489,1320.4481,947.849,2987.7457,230.2029,245.1378,1483.4442,55.7585,5607.0122,390.3665,348.3326,1195.3043,2950.9235,2081.3538,32.9597,1238.8214,677.7339,388.3065,954.0289,60.2545,5369.8568,53.0445,61.7994,1988.9121,66.1769,685.4588,2482.0202,4598.1362,0.515,1527.4763,6.1799,3870.4478,2002.5595,1603.1806,791.1719,814.2077,41.7146,217.328,4402.1805,287.1099,1368.6002,2546.3946,891.457,1227.4915,55.362,143.9412,3017.3579,3822.5532,1300.3633,47.1221,288.3974,130.2938,121.2814,49.9546,892.7445,348.6519,1700.5147,16.2224,4613.3286,107.634,3.605,43896.4035,9415.6605,471.9933,187.1493,42.2296,138.5338,587.0947,0.2575,194.9258,1270.7511,2413.7833,767.6006,2045.5616,2452.408,6789.4416,107.8915,463.4958,1.545,860.8148,2.575,3.3475,691.1238,752.4082,43.5171,75.7043,3395.622,1169.812,199.8182,0.5433,7936.8513,7.2099,310.7997,271.6601,336.5495,291.4874,951.7089,246.9403
TCGA-EJ-5514-01,0.833333333,1664.3462,4183.1754,1.3419,187.8722,1304.0342,1784.4502,3951.019,1385.2218,2016.942,4121.1105,733.037,1545.2487,300.26,2782.5212,463.6417,335.486,96.62,75.4844,723.9789,3179.4012,22407.1123,71.794,961.503,1371.4669,2522.855,11988.2144,1019.8775,462.9707,1117.4939,3790.6567,7058.6262,195.9238,287.5115,210.0143,117.0846,17.7808,5.0323,65.4198,646.1461,21407.6994,15.7678,314.6859,16390.8412,2917.0511,3097.2071,682.7141,141.5751,2033.0454,796.4438,227.4595,2064.94,1885.096,1627.8621,882.9992,1013.8388,795.7729,385.8089,1224.8595,19.4582,1044.368,1746.8758,1659.6494,2839.5538,653.5268,1964.2036,655.2042,6007.2129,11669.8817,2453.7449,8.3872,2845.5926,1234.0854,629.3718,3504.4871,5485.5322,331.7957,585.0876,840.728,4626.6879,1184.9367,420.0285,809.8633,3408.8736,7437.0544,1476.1386,1692.1312,3523.2743,1256.0597,651.1784,19.4582,1573.765,3025.4131,760.8823,1146.6913,1059.4649,1255.3887,492.158,1031.955,1705.9465,1.3419,2084.3747,1649.5848,151.3042,764.9082,1188.9625,82.1941,133.8589,20732.366,387.8219,983.9805,3273.8673,1428.1641,520.6743,54.3487,18.7872,72.8005,39.2519,2585.9264,1847.5216,424.3898,734.7144,339.1764,211.3562,963.1804,123.7943,1447.6222,1397.9703,378.7637,6133.6912,36.9035,337.1635,287.847,572.3392,116.2191,236.8531,1247.3371,42.9422,537.4486,1995.8064,300.5955,214.3756,45.6261,8424.0543,1988.0299,736.0564,1959.2384,2539.2938,1491.2354,629.3718,5305.0407,2720.4563,752.1597,478.7386,1792.8374,116.4707,1547.2616,180.4915,2.3484,965.8643,1310.073,2.0129,98.2974,19.1227,296.9051,38.2454,2264.8662,381.4476,7622.2427,5795.1388,3280.047,717.6046,1767.6759,1065.5036,1859.2636,1692.8625,51.3294,2216.2207,1287.5954,9961.2514,1346.9764,400.5703,396.88,2787.5535,468.1909,1406.3575,4525.0356,1341.9441,1091.6716,142.2461,19.7937,869.5798,707.2046,1741.8435,2590.2877,186.1947,586.4296,151.9752,2154.8268,355.273,277.7824,2095.7813,12.0775,465.9901,263.0211,1209.4272,1074.8973,2223.266,574.6876,1840.8119,72.8005,206.3239,951.4384,180.8505,8954.1223,768.5985,735.59,1826.0505,2077.665,2029.355,7.3807,5430.177,956.4707,273.4211,728.3402,1100.0587,5946.8255,316.3633,203.3045,1096.7038,121.4459,1041.6841,2041.4325,1806.9278,1.6774,1245.6596,0,2498.3645,1789.4825,1706.6175,1085.8509,798.4568,15.7678,244.2338,4015.4324,147.9493,2013.9227,2658.7268,1097.7103,1387.5702,53.6778,181.4979,2067.6004,2552.0423,2359.4733,34.5551,378.7637,156.672,114.0653,76.4908,1805.9213,319.0472,1524.4485,48.6455,4978.2773,64.0778,2.6839,17970.9805,8661.9139,561.9391,212.8021,165.3946,161.7043,1176.214,0.671,419.0221,1962.9288,1999.4968,368.0282,2533.2551,1625.7653,4552.21,234.1693,254.9694,0,397.551,1.3419,5.0323,345.8861,853.812,69.1101,41.6003,4266.3759,8.3872,183.5109,0,7194.498,16.1033,309.0632,347.899,230.1434,57.3681,1346.3055,206.6594
TCGA-EJ-5515-01,0.566666667,2302.6881,4541.8238,0.4353,193.7044,1225.7788,1057.7566,3179.3637,1164.4028,1133.4971,3356.0918,456.1847,1355.9307,575.4544,2049.7842,185.8692,109.258,25.6822,27.8586,749.1354,2254.8062,17527.4179,16.1058,808.7702,889.7343,2425.0048,9987.7117,904.9695,306.4447,1449.9318,2652.6619,4966.6676,59.1995,316.8917,1180.5086,332.1269,7.3999,8.2705,244.1981,773.947,17157.856,21.3292,396.9852,12327.8697,3685.1716,2697.4969,435.7261,57.4584,1817.3389,685.1477,210.6807,2219.195,1403.3774,1910.9177,639.4421,1060.8036,602.4424,642.4892,934.5693,33.5174,567.6192,1351.5778,800.935,2550.3686,1153.0852,2463.5411,775.6881,6443.1739,6766.1596,1317.1898,5.2235,2151.207,537.497,518.4313,3032.2355,5757.5909,168.4575,875.3697,2717.9555,3448.8087,1726.7985,480.561,1124.356,2548.1921,5594.3569,1933.5616,4743.5724,2384.5228,1083.874,917.5929,13.494,2623.9327,3385.6916,627.6893,648.5832,514.5137,905.8401,863.1816,1008.1334,1063.4153,2.6117,2401.4991,902.3578,66.5995,525.8312,1197.9202,25.6822,34.8233,24563.8931,304.7035,729.5473,4738.6405,1499.1414,903.6636,25.2469,13.494,5.6588,15.6705,1321.1075,1482.6003,992.8982,1839.1035,161.9282,56.5878,401.7734,28.2939,1518.7295,304.2682,359.5502,5940.413,119.705,138.4225,330.821,859.264,13.4461,205.4572,1614.9287,19.5881,756.9706,1287.1548,58.7643,117.9638,15.6705,2970.4242,1800.3626,628.9952,1417.3067,2569.0861,1534.3999,1426.4478,4722.9048,2542.5333,732.1591,561.0898,2405.852,123.9316,549.3369,251.1628,6.0941,850.1229,1226.6494,6.9647,244.6334,18.2822,183.6927,19.5881,906.2754,405.691,7966.6916,4247.9982,2290.0647,437.9025,1706.7751,1054.2742,2293.547,1980.1377,123.6226,2062.4076,1896.9971,6621.2078,1061.6742,418.7497,888.4284,1534.3999,865.2623,1441.2477,3272.516,2149.0305,1782.5157,40.0468,9.5764,793.5351,376.5265,1164.8381,2592.1565,149.74,117.0932,77.0465,1723.7514,276.4096,283.3743,1137.4148,32.6468,440.079,189.7868,1311.9664,661.642,1688.9282,592.4307,7246.7206,70.9524,295.1271,2961.7184,33.0821,5451.1462,589.3837,537.5493,1600.1288,1217.5083,2695.3204,4.3529,1818.6448,611.5835,114.0462,648.5832,62.2466,6297.3515,19.1528,69.6465,1243.6257,62.6819,1212.2848,2597.38,10353.8261,1.3059,1305.8723,4.7926,3006.118,808.7702,2186.9008,1110.2657,809.6408,21.7645,245.9393,4192.2853,191.0926,1579.2349,2755.3905,494.4903,2423.2637,21.3292,94.8934,530.6194,4076.0627,2386.264,77.917,477.9493,90.5405,114.1811,13.9293,1006.3922,137.5519,8039.3851,16.1058,4214.0499,18.2822,0,7392.543,8865.567,570.2309,214.1369,19.1528,22.6351,716.4886,0,423.5379,1309.7899,3368.2799,381.3147,2707.9438,1513.506,5735.8264,48.3173,555.431,10.8823,966.3455,3.047,2.6117,476.6434,464.02,6.9647,131.4578,2804.1431,3.4823,107.5168,0.9272,4005.1103,25.2469,319.9387,235.057,294.6918,161.0576,1477.3769,183.2574
TCGA-EJ-5517-01,0.866666667,2333.7531,4778.6524,2.5189,196.4736,998.7406,627.5189,3160.8942,1191.7506,878.1486,2704.3451,509.7607,1262.9093,278.0227,1578.4005,184.194,78.4005,11.335,63.602,680.4156,2318.3249,18268.8917,11.335,828.7154,999.3703,1878.4635,10086.8923,1181.9899,306.6751,644.5151,2551.3224,5189.5466,62.9723,283.6902,314.8615,137.5945,19.2065,6.6121,24.2443,583.7531,17379.4081,19.8363,465.3652,12292.8212,2870.5919,2963.1612,237.0907,123.1108,1745.9068,771.4106,317.6952,1664.0113,1231.4232,1769.8709,597.6071,1028.9673,783.0605,171.2846,888.8539,31.4861,583.7531,1338.4761,1067.0655,1930.7305,852.9597,2348.0825,413.728,4934.5088,10464.7355,1043.4509,14.1688,1882.5567,815.6329,431.6751,1707.1788,6677.267,199.3073,533.0605,2437.0277,3251.5743,1721.3476,441.1209,1242.1285,1808.5642,4843.199,1255.9824,2232.4433,2754.4081,1444.2695,949.937,39.6725,2589.7355,3002.204,691.7506,486.461,660.5793,1420.0252,527.0781,1164.3577,561.0831,0.6297,2456.864,732.9975,79.0302,1001.2594,1241.8136,10.0756,71.7884,45710.0126,421.5995,800.6927,4432.4969,1545.0252,804.471,34.9496,10.3904,136.9647,77.7708,1458.4383,1929.1562,1129.4081,1534.3199,90.0504,88.7909,437.3426,45.3401,1614.2947,1874.0554,369.6474,5413.728,12.5945,202.4559,84.3829,637.5945,12.6448,150.5038,1578.4005,62.6574,478.5894,1480.4786,74.6222,231.1083,34.6348,6312.6574,1369.0176,443.9547,1476.0705,1703.0856,1583.4383,1416.8766,4269.2065,2188.9169,341.3098,398.9295,3871.2217,76.3098,2464.4207,216.9395,0.3149,740.869,566.4358,9.4458,98.8665,41.8766,180.1008,25.1889,1235.8312,616.1839,6456.864,3879.4049,2469.1436,431.9899,1879.4081,1303.2116,2046.5995,2145.7809,0.3149,1807.9345,1372.796,4878.1486,957.4937,192.3804,449.937,1763.539,1056.6499,1261.9647,2891.3728,2251.5743,1513.539,42.5063,7.2418,569.5844,354.2191,1076.8262,4086.5869,150.5038,186.7128,104.534,1497.1662,242.7582,215.6801,1901.4484,64.5466,730.1637,226.0705,1531.4861,919.0806,1159.005,504.7229,2087.2166,73.9924,545.9698,1646.4106,60.2802,7180.4156,418.4509,565.1259,1870.2771,1582.1788,2651.7632,15.7431,2180.7305,525.5038,97.9219,504.0932,71.7884,5690.1763,23.9295,95.403,1229.2191,51.3224,900.1889,928.5264,9691.1209,0.6297,1307.6196,0.3149,3066.1209,1491.1839,2222.2922,1125.9509,664.0428,21.4106,148.9295,3395.1511,190.1763,1699.6222,3378.1486,625,762.2796,19.8363,126.2594,518.5768,3609.2569,1860.2015,77.7708,505.9824,90.0504,76.5113,5.3526,636.9647,185.7683,2648.9295,11.0202,8829.6599,74.937,1.2594,15528.6524,7316.1209,457.8086,278.8161,8.8161,42.1914,892.6322,0,373.4257,1215.3652,2287.4685,426.6373,2753.1486,885.0756,6992.4433,190.4912,544.7103,0.6297,913.4131,0.3149,0.6297,454.0302,352.6448,12.2796,210.3275,2025.5038,1.5743,65.1763,0.3149,3710.0126,119.0176,252.8463,236.1461,118.7028,25.1889,874.0554,294.7103
TCGA-EJ-5518-01,1.033333333,3149.2621,5695.1673,2.4783,277.7966,1620.3672,1906.4999,4101.3856,1302.0164,910.4427,2331.6436,992.4524,2370.3954,287.7098,2775.2619,271.9387,243.3254,26.135,55.8747,486.8762,1554.3539,16052.0446,64.6615,1179.0019,1482.7081,2845.3306,9164.3213,1184.1838,262.7014,1270.2399,3545.5672,6559.6485,115.5796,243.7761,242.8748,672.7498,7.4349,7.8855,55.4241,1012.7295,22039.8783,27.7121,524.9521,21145.432,4763.5462,3309.4514,401.0364,72.9976,2522.9244,889.9403,242.4242,2810.9925,954.3765,2292.9278,584.657,1341.4442,1008.2235,383.6882,1056.6633,20.953,651.3462,1413.9912,1137.3212,1906.7252,848.4848,1785.4365,1247.7188,7908.753,13243.6634,1065.2247,10.8145,1882.1674,878.7473,524.5015,1709.3613,8253.0134,297.1725,675.6787,1473.9214,3085.9525,778.8667,85.8398,495.6629,2498.3666,5659.3444,1346.6261,2182.1877,3345.9502,1108.4826,811.986,31.7675,1663.3998,3154.8947,1050.1295,576.3208,514.1377,1860.0879,816.9427,849.1608,640.5317,0.6759,3362.6225,949.8705,93.7254,880.9282,2080.8832,47.9892,60.1555,24054.0723,415.0051,645.0377,2994.746,759.0402,948.7439,55.6494,8.7868,6.9843,49.5663,1814.577,1913.4843,265.6303,540.0473,225.5266,91.6976,882.956,61.9579,1594.6829,843.7535,418.3846,8096.429,100.935,499.0425,462.9943,472.6822,133.8312,255.2664,1670.8347,63.3097,786.527,1729.6384,160.4146,107.0181,9.9133,5487.6648,1715.895,1748.1131,2201.4194,1418.4972,2454.4328,921.0319,3670.8347,1657.7673,487.3268,612.369,3004.6187,127.0001,6813.7884,179.7905,4.506,995.3813,1064.7741,3.3795,628.3654,23.6566,245.3532,33.5699,3844.5421,929.5933,5226.0899,2353.7231,2639.4052,667.1173,2606.0606,1211.6706,2040.5542,889.2644,18.9253,2485.5244,1576.6588,6906.6126,844.88,223.7242,462.093,3087.3043,1202.7599,2267.8833,2846.6824,1239.3827,1728.9625,235.6652,51.1434,1136.1947,299.6508,1552.1009,2024.7831,191.7314,363.4111,66.0133,1954.4891,550.4112,227.7797,1436.296,17.7988,393.3761,180.0158,1585.8961,2834.2909,1607.2998,1372.5358,10045.0603,85.1639,618.0016,3156.9224,107.0745,10777.5149,497.2401,688.7777,1865.9457,2028.6133,1927.2277,8.7868,1542.1877,475.6111,339.3038,1102.8501,191.5061,4524.2762,60.8314,143.7423,1681.8745,83.1362,746.6486,753.8583,4214.9375,1.3518,1127.4079,3.0303,5104.8778,3971.3867,1600.9913,657.5915,1029.1765,11.4904,204.3483,3101.4983,258.8712,1323.4201,2232.9616,731.5535,1319.1393,36.0482,26.135,3793.1734,2388.6448,2077.2784,41.6807,329.6159,159.5133,88.5096,50.4675,1167.0609,525.8533,8659.2317,34.0205,4348.7665,45.2856,1.1265,18755.886,9710.0372,491.8328,190.08,90.5711,61.7326,866.509,0.2253,403.0641,983.2151,3189.5911,747.3245,3074.0115,1235.5526,4279.599,194.8857,494.3111,2.9289,779.5426,0.9012,1.3518,760.8426,847.8089,18.7,68.2663,2993.8042,10.5892,223.7242,0,7563.8166,17.3482,228.7011,265.6303,278.4725,50.9181,1178.5085,228.005
TCGA-EJ-5532-01,0.466666667,2827.1792,5664.9516,2.1186,234.5642,1279.661,1295.3995,3985.4722,2178.8741,1183.7167,2187.3487,702.1792,2181.9007,297.5182,1390.1332,220.6416,106.5375,24.2131,48.1235,543.2809,1543.5835,14372.8814,10.2906,748.184,1446.4286,2355.0242,10006.3408,1085.3511,311.138,921.3045,3466.707,6578.6925,115.9201,336.2591,275.1211,352.3002,6.0533,19.0678,59.0194,742.7361,21124.092,45.3995,498.7893,13646.7918,2812.3487,2557.2034,314.4673,106.5375,2364.7094,854.1162,143.1598,2846.5496,1030.8717,2380.3662,484.8668,1241.5254,1096.247,220.6416,924.9395,21.7918,514.5278,999.6973,871.6707,2196.4286,1466.707,1829.4552,789.3462,5925.2421,9626.5133,1108.9588,8.1719,1731.5375,1089.8123,456.7191,2187.3487,7324.1525,134.0799,601.0896,2170.3995,3352.3002,1281.477,605.3269,558.7167,2124.3947,4592.9177,1506.0533,3486.592,3111.0775,1256.0533,1277.2397,25.1211,1763.0145,2645.2785,924.6368,612.2881,435.23,875.908,849.8789,850.7869,1020.5811,49.6368,3061.7433,779.3584,63.5593,750.6053,1402.5424,21.7918,42.6755,44337.1671,326.5738,649.2131,3896.3499,875.6053,901.6344,35.7143,13.3172,27.5424,38.4383,1704.2978,1745.7627,2209.4431,1265.1332,153.753,75.0605,611.0775,67.7966,1379.54,460.9564,363.1961,6491.5254,34.5036,209.4431,39.3462,504.8426,52.4667,201.5738,1153.753,95.9443,620.0636,1482.7482,63.862,113.1961,17.2518,3264.5278,1446.1259,1161.9249,1980.6295,2173.1235,2386.5012,1687.3487,4302.0581,3128.632,538.1356,284.201,5130.1453,182.4243,4620.46,243.3414,1.2107,836.5617,591.4044,12.4092,40.5569,50.2421,197.0339,17.2518,2064.4673,582.0218,4995.46,4772.6877,2664.9516,403.4504,2455.2058,1272.3971,2134.3826,1638.3172,22.3971,2031.1743,1678.8741,6314.1646,1343.8257,332.0218,502.1186,2235.4722,802.5484,1733.0508,2443.7046,1769.9758,1822.0339,135.5932,19.6731,490.0121,314.77,1551.1501,2348.063,200.6659,110.1695,113.8015,1738.1961,586.25,222.7603,2181.2954,57.2034,388.0145,352.6029,1482.7482,1555.6901,1485.7748,434.0194,7832.0218,88.6804,916.4649,1580.2058,76.6919,4697.0339,535.109,574.2736,2310.5327,1516.9492,3161.9249,5.1453,1995.1574,597.155,219.1283,599.2736,57.8087,4179.1768,49.3341,69.9153,1621.0654,77.4818,970.339,833.8378,7324.1525,0.908,1225.7869,0.908,4158.5956,3564.1646,1838.0751,1041.8311,564.1646,29.661,264.8305,3691.5799,220.0363,1121.0654,3044.1889,762.4092,875.908,6.3559,232.7482,973.9709,4017.8571,2092.3123,50.2421,398.9104,108.3535,108.3535,22.6998,754.2373,217.0097,2857.4455,15.4358,2802.6634,20.5811,0.908,10741.5254,6552.0581,568.7046,225.7446,10.5932,40.2542,796.0048,1.2107,396.4891,978.8136,3854.7215,728.5109,2590.799,954.2978,7102.9056,117.4334,463.9831,2.1186,665.5569,1.2107,1.816,576.8765,445.8232,9.6852,56.9007,1495.7627,5.7506,86.5617,0,4875.908,17.5545,294.7942,268.1598,191.8886,33.8983,625.3027,246.6707
TCGA-EJ-7218-01,0.866666667,3853.2346,6144.5124,0.6437,186.0315,670.0998,583.5211,3196.9746,1266.1732,729.3209,1395.2366,1173.1574,2225.6196,394.271,1011.9086,137.7535,105.2462,12.5523,45.0595,563.5661,885.7419,17169.9388,14.4834,1732.5394,1353.3956,2263.5983,6221.738,1383.328,363.0512,981.944,2202.4461,9881.5578,135.8223,205.0209,1212.4236,444.8021,2.253,2.8967,69.1986,745.0917,20739.2984,24.139,678.7898,7859.3499,7201.1587,1810.4281,136.1442,76.9231,2222.0792,645.317,132.6038,2135.7837,457.0325,1608.7737,398.777,1016.4145,1419.6975,200.1931,924.3643,24.4609,496.2987,903.4438,870.9366,1275.5069,1396.2021,1288.7029,503.0576,4426.1345,10577.4059,674.6057,3.5404,1112.0051,269.8069,267.4606,1104.6025,8822.0148,56.3244,616.672,1265.5294,1936.2729,634.6958,49.2436,1949.7908,1983.2636,4538.1397,1304.1519,2428.8606,3871.5803,1743.1606,1488.896,18.9894,1385.5809,1783.3923,1323.1413,373.6724,392.9836,1607.3383,992.2755,1175.0885,919.8584,0,3978.1139,599.2919,27.6794,584.4866,1815.5777,23.1735,47.6344,38348.8896,388.7995,433.5372,4290.8465,495.3331,851.6254,12.5523,10.6212,63.4052,35.0821,923.3988,2367.2353,1391.3743,1164.7892,230.4474,118.7641,473.4471,58.8993,1231.7348,412.9385,120.0515,8674.9276,38.3006,102.0277,39.9099,587.0615,30.1094,261.0235,1418.0882,79.1761,983.5855,962.665,42.4847,71.1297,11.5867,6488.5742,999.0344,364.3386,2342.4525,1636.3051,4054.7152,1083.3602,3001.6093,1242.6778,585.4522,251.046,6547.7953,201.1876,2762.4718,262.3109,0.3219,1036.0476,881.5578,18.6675,161.5706,19.3112,209.5269,12.5523,859.3499,1248.1493,3202.1242,2414.2098,2726.1023,513.3569,2116.1893,1159.3177,1527.8404,1095.5906,12.2304,2372.0631,2009.3338,4922.4332,1480.8497,193.1123,817.5089,757.644,2539.4239,2176.3759,1919.8584,861.281,2343.7399,71.7734,40.5536,303.1864,376.8909,1395.2366,1901.1909,147.4091,118.7641,164.1455,1247.1838,648.5356,265.5294,534.2774,34.7602,216.9295,180.2382,1310.2671,326.3598,1142.2594,444.4802,4532.99,105.8899,406.8233,1207.5958,45.1304,4824.2678,341.8088,349.9228,825.8771,1980.0451,3162.8581,4.506,1256.5175,934.02,277.1162,970.0676,51.1748,4219.5043,38.6225,54.3933,2140.972,25.7483,596.0734,1098.1654,5637.9144,2.5748,1519.4722,1.5867,4004.1841,1571.6125,1662.0534,585.8384,1406.5014,13.8397,127.1323,4058.5774,331.8313,783.7142,2940.457,497.9079,2977.7921,18.3457,230.4474,1169.617,2863.8558,1257.805,137.4316,454.4577,120.6952,128.4068,31.5417,373.3505,74.3482,1597.6827,15.7708,1991.3099,43.7721,1.2874,17017.3801,7804.6347,339.5558,206.6173,9.9775,32.8291,631.7992,0.3219,229.8037,461.2166,2081.1072,873.8333,2064.0489,1144.8342,7263.5983,107.1773,381.3968,0.3219,645.6389,1.2874,1.9311,1241.0686,376.569,17.702,88.8317,758.6096,20.2768,226.5851,0.3219,5544.5768,8.3682,370.8304,246.5401,193.756,22.2079,489.1567,214.6765
TCGA-EJ-7317-01,0.9,3103.2233,6795.8557,1.1512,149.6546,825.7866,913.2771,3351.1128,1133.538,768.2272,1634.3054,832.3101,2014.9655,180.353,1214.505,153.8757,101.3047,13.4305,18.0353,448.1965,1280.8903,16520.7214,10.3607,1186.109,1643.8987,2246.3546,8244.812,1289.716,282.0414,990.7866,2462.0107,9773.9831,67.9202,184.1903,806.9839,457.406,2.6861,4.6048,112.8166,866.462,20567.5365,93.2464,717.1911,12021.4889,2612.4328,2519.954,237.145,25.3262,2302.7629,697.2371,124.3285,2180.6101,667.3062,2223.9563,349.5779,1354.9501,1040.6754,216.4236,976.2087,31.0821,487.7206,1017.6516,719.4935,1559.8619,1316.1934,1388.7183,756.3315,4907.9048,8292.7859,757.8665,2.6861,1273.5994,286.4428,283.9601,1658.8642,9483.4996,145.0499,544.5127,1775.1343,2312.3561,983.4996,313.1236,530.6984,1889.4858,3279.7391,1409.4398,2439.4091,4277.4367,2150.0384,1376.0553,14.9655,1721.0284,1975.0576,1087.1067,334.2287,488.4881,1402.5326,725.6332,1026.0936,811.2049,0.7675,3307.7513,607.4444,47.9662,636.6078,1427.0913,14.198,16.8841,45364.5434,206.0629,455.1036,4572.594,732.924,975.4413,19.954,3.0698,3.0698,40.6754,1183.4229,2027.2448,1278.9716,1284.7276,148.8872,64.8503,401.3814,25.7099,1617.4213,286.6462,156.9455,5835.3799,84.8043,146.5848,34.5357,522.2563,32.0913,221.0284,1610.5142,166.155,524.175,1063.3154,38.373,50.2686,1.9186,3857.6362,1046.815,906.7536,2205.6792,1601.3047,3923.6378,1339.6009,3437.452,1415.1957,336.5311,200.307,2898.3116,180.5986,1212.5863,92.4789,0.7675,891.4045,798.9256,7.6746,240.9823,63.3154,158.8642,7.6746,1088.6416,143.515,4209.9002,2367.9969,2439.7544,397.9279,2222.1796,1058.7107,1702.2256,1284.3438,24.175,2062.1642,2187.2602,5409.8235,1421.3354,412.8933,634.3054,1661.1665,1479.7122,2067.1527,1627.0146,1182.6554,2488.8718,62.548,21.1051,540.2916,441.2893,1577.1297,1740.9823,123.9447,121.2586,131.6193,1360.7061,494.6278,219.4935,684.1903,18.8028,284.7276,113.9678,1296.6232,1099.386,1204.528,502.6861,5036.0706,112.4328,775.518,1662.3177,35.8097,3801.2279,317.3446,506.0514,1112.8166,2024.175,2017.6516,2.3024,2291.251,724.8657,249.8081,787.7974,39.1404,5009.2095,19.5702,57.1757,1904.835,29.1635,575.5948,800.8442,7394.4743,0,969.6853,3.0698,3726.0169,1451.2663,1760.9363,705.3031,631.6193,37.6055,225.6332,3531.0821,337.6823,796.2394,2931.3124,437.8358,3526.4774,7.6746,52.571,1612.0491,2905.6025,1198.7721,98.2348,456.2548,116.6539,95.3684,16.1167,1978.1274,212.5863,4569.0714,16.8841,1349.1942,54.1059,0.3837,8668.0737,7506.1397,436.6846,185.8404,10.3607,13.8143,646.5848,0,267.8434,594.7813,2162.7015,714.8887,2049.5012,1052.9547,7000,95.165,440.9056,1.1512,620.1074,1.9186,1.9186,822.7168,419.4167,3.8373,84.8043,1022.6401,36.4543,97.0837,0,4349.5779,28.396,389.8695,224.0982,196.8534,16.8841,837.6669,163.8526
TCGA-EJ-7331-01,0.833333333,2821.2828,5436.8214,0.924,231.9242,1327.7893,2352.1984,4344.0363,1203.9732,1608.0696,3168.0912,652.3447,1494.7255,1100.4851,1563.7176,281.8203,129.0521,39.116,81.9281,724.1087,1679.5257,17113.4211,11.088,703.7807,1288.6733,3114.4991,9873.5228,952.337,348.9643,2227.4459,4006.776,5878.8019,87.1641,259.6443,1020.713,299.6843,27.72,3.388,118.8881,923.6929,17805.8058,16.632,436.1284,7899.2839,3461.9235,3671.0557,472.7805,141.9881,2136.2901,903.6729,673.5967,2792.9068,1106.3371,1705.6718,808.5008,1566.7976,794.3328,515.9005,977.285,35.112,568.5686,1257.2573,1004.697,2794.1788,762.6088,2108.912,960.961,7381.2274,9012.397,1063.5251,10.472,2132.9021,1404.2997,626.1646,3278.0473,6288.1343,275.9683,724.7247,2430.7384,3557.4036,1501.1935,90.8601,932.9329,2699.3147,5740.2017,1680.7577,3140.673,3230.3072,1158.3892,897.2049,25.872,1886.1939,3274.9673,750.9048,748.7487,939.7089,1302.8413,821.4368,852.5449,1014.553,0.616,2748.2867,885.8089,159.2362,815.8928,1864.9419,36.652,68.3761,29545.2375,379.1484,691.1527,5897.1864,1033.341,948.0249,20.02,21.868,67.1441,63.1401,1715.5617,1632.7096,1269.2693,1669.6697,155.2322,79.4641,1061.0611,150.6122,1570.1856,902.1329,658.8127,6242.2422,29.876,258.1043,352.9684,766.9208,33.3749,223.6082,2205.5902,137.3681,651.4207,1467.0055,217.4482,211.2882,26.488,4481.4045,1893.5859,1048.741,1492.2615,2891.8149,2367.9064,1378.3014,4449.0644,1805.8058,696.6967,515.2845,3773.0038,144.292,1587.1256,110.2641,1.232,992.993,1214.1372,22.792,531.9165,117.3481,187.8802,39.116,2464.3105,504.8125,6801.5708,3605.4454,2390.0824,559.0206,2224.6862,984.677,1833.8338,1496.5735,54.2081,3131.7471,1842.7658,7480.0955,1103.8731,308.0003,665.2807,2894.8949,860.6699,1642.2576,2522.8305,1839.6858,1606.8376,44.66,15.708,1078.0011,442.5964,1152.8452,2569.6466,193.4242,168.4762,110.5721,1757.1418,365.9044,229.4602,1963.194,41.272,419.4964,270.7323,1479.9415,1516.5935,1871.4099,699.4687,6135.0581,79.4641,632.3246,2639.5626,95.0705,6315.5463,607.3766,675.4632,1862.1699,2002.31,2430.1224,14.168,1775.3138,616.6166,174.0202,724.7247,55.7481,4506.6605,17.556,56.9801,1338.2613,161.0842,1116.8091,1206.4372,8152.1522,0.308,1109.1091,3.08,2504.9665,1609.6096,2302.9183,1098.6864,1104.1811,45.276,352.3524,3453.6075,233.1562,1666.8977,2288.4423,710.8647,3213.0592,15.708,137.3681,2177.5622,3867.5599,1993.686,110.5721,351.4284,137.3681,105.1513,9.24,576.2686,296.9123,3441.9034,16.94,3573.4196,65.9121,1.848,16695.1567,8415.8004,677.6007,230.104,21.868,98.8681,733.0407,0,433.6644,1371.2174,3209.6712,442.9044,2297.9903,1059.2131,8116.7321,120.1201,504.5045,1.232,748.4407,1.848,0.616,1417.4174,494.0325,13.244,113.0361,1611.4576,63.1401,154.9242,0.308,4463.8485,82.8521,360.1047,248.8642,217.4482,90.2441,1145.8782,228.5362
TCGA-EJ-7781-01,1.433333333,2886.2373,4363.8444,4.2498,276.2341,1398.4962,1898.3328,5330.5002,2014.7107,1925.7927,3637.1363,633.5404,1890.1602,554.1026,2055.2468,318.4047,130.7617,34.3249,89.5718,905.1978,1763.3213,15205.9497,6.5381,666.8846,1644.3282,3539.7189,9828.3295,1030.729,576.0052,1932.6283,4714.9395,5251.3893,136.646,291.2717,668.1922,301.4057,27.46,0.6538,145.1455,992.8081,17014.7107,27.7869,379.8627,5779.0127,2752.2066,2647.9242,279.1762,157.2409,2670.4805,1126.185,300.7519,4339.1337,915.0049,1989.9346,1084.9951,1857.7967,1052.9585,558.3524,762.0137,35.3057,687.1527,1243.5436,924.4851,2978.0974,1632.2328,1889.9281,844.0667,8948.676,8328.8656,1247.1396,10.4609,2158.5485,985.2534,603.7921,2751.8797,5242.8898,187.643,861.0657,2131.4155,3264.7924,1433.1481,1989.2122,1922.5237,2726.0543,6137.2998,1537.7574,3808.6924,3656.0968,1514.5472,958.8101,28.7676,2121.2815,3625.0409,912.7166,1054.2661,919.2547,512.9127,1039.2285,1101.3403,1221.6411,24.8447,2777.7051,1025.8254,125.8581,672.7689,1431.1867,27.1331,74.8611,30058.8428,432.8212,606.7342,3780.3596,717.8817,672.442,11.4416,15.0376,57.5351,38.9016,1860.4119,1395.881,2231.4482,1573.0631,198.4309,68.9768,1168.6826,139.2612,1540.6996,659.3658,496.8944,9574.6976,22.5564,146.78,263.8117,817.5874,30.0948,170.644,1602.4845,23.864,1056.5544,1949.0029,122.5891,249.7548,51.6509,12709.0552,1824.7793,474.338,1487.0873,3903.8902,1915.0049,999.6731,4753.1873,1586.1393,623.0794,360.9023,8199.4116,147.9307,3062.4387,624.3871,1.9614,1032.3635,1474.6649,19.2873,321.0199,59.1697,243.8705,35.9595,1992.4812,471.069,5079.7646,5116.3616,2415.8222,531.2194,2327.2311,1090.8794,1599.5423,1600.85,48.0549,3425.6293,1098.3982,6003.269,1376.5937,351.0951,484.1451,1798.9539,896.2602,1915.3318,3138.9343,2244.8513,1685.5181,83.6875,19.9412,779.0127,463.2233,1819.222,2201.373,170.9709,114.7434,108.5322,1861.7195,778.6858,232.4289,1097.7444,117.6855,512.9127,175.8745,1160.8369,489.0487,2091.8601,467.1461,6333.4423,118.9931,952.9258,1004.2498,116.0968,5446.5512,505.067,849.5816,2015.6914,1750.2452,3218.0451,7.1919,1701.8634,791.4351,239.6208,765.6097,42.1706,3938.8689,32.3635,47.728,1462.5695,153.645,1520.7584,1406.015,7697.9405,7.1919,1759.0716,2.6152,3190.9121,618.5028,1932.0039,1191.9647,628.3099,19.2873,182.4126,4070.2844,174.5669,1480.5492,3088.2641,560.3138,782.9356,29.0945,427.5907,1067.9961,4022.5564,2172.6054,75.8418,402.0922,83.3606,123.6221,20.595,423.0141,178.8166,509.9706,27.7869,4693.3638,43.4783,1.3076,16419.745,7827.7215,788.8199,231.7947,11.4416,71.9189,641.3861,0.3269,287.0219,1100.6865,4617.5221,554.7565,2102.321,1026.1523,7060.8042,43.8052,413.8607,2.6152,802.8768,1.6345,3.269,827.0677,660.3465,15.0376,142.5302,2041.8437,295.8483,306.9631,0.3498,5539.7189,8.4995,421.3795,220.6603,236.3517,119.32,664.4851,156.5871
TCGA-EJ-7786-01,0.9,2699.751,5070.7933,3.5575,207.0438,1016.3643,1797.2252,3353.9666,1242.974,1092.4938,2701.8855,641.7645,1656.3501,267.1647,1463.5361,191.0352,120.5977,20.989,35.5745,545.7133,1526.503,13377.09,11.7396,1194.2369,1278.5486,2436.4995,8241.174,1014.5856,331.5546,1478.4632,2992.8851,6162.9313,81.4657,275.7026,604.0555,402.3479,10.6724,4.9804,67.5916,916.3999,15775.5247,46.6026,516.1864,12396.656,2865.1725,2673.7816,341.1597,73.2835,1983.9915,789.043,287.7979,2700.6439,805.4073,1946.2647,574.1729,1210.6012,1039.132,296.6916,837.0687,33.4401,522.9456,970.4731,830.3095,2072.9278,961.5795,1598.2035,759.8719,5663.1092,7087.8691,947.3497,6.4034,1669.1569,934.4895,467.0936,2564.9235,5828.5308,138.7407,852.01,2159.3739,2871.9317,890.4305,2476.6987,1352.1878,2244.0413,5059.7652,1510.4945,3361.2344,3751.334,1315.5461,855.9232,24.1907,1696.905,2416.222,907.5062,673.0701,607.9687,1166.8445,818.5699,914.9769,1014.9413,0.3557,2752.4013,699.751,67.9473,1009.6051,1428.6731,26.3252,37.3533,30462.1131,331.5546,652.4369,3564.2867,924.582,823.1946,7.4707,15.6528,30.9498,30.5941,1329.4201,1648.5237,2091.4265,1195.3042,218.7834,61.5439,649.2351,91.4265,1411.5973,413.376,354.6781,7982.5685,52.6503,169.6905,194.9484,656.7058,20.9676,204.1978,1872.9989,125.2223,703.4294,1198.5059,115.2615,116.3287,10.3166,12954.1089,1604.0555,880.1138,1496.9762,2485.9481,2483.1021,1163.6428,3970.8289,1657.4173,687.6556,358.5912,4693.7033,164.7848,2612.2376,183.5646,1.0672,986.4817,1124.8666,19.2102,151.1917,87.5133,204.1978,18.143,1638.9185,210.6012,4828.5308,2986.4674,2503.0238,432.942,2009.2494,1032.3728,1606.9015,1448.9506,60.8324,2535.0409,1548.2035,5064.3899,1268.2319,143.3654,777.3035,2092.8495,1193.7851,1668.0896,2610.1032,1828.5308,1990.0391,50.5158,14.2298,571.6827,339.381,1046.2469,2651.0139,146.9228,120.9534,125.9338,1622.91,475.9872,257.9153,1091.7823,26.3252,388.1181,222.6965,1116.6845,492.7072,1524.0128,548.915,3797.2252,58.3422,594.8061,1266.4532,87.9189,5967.6272,419.0679,685.6172,1354.6781,1569.5482,2714.6923,17.0758,1661.3305,630.7364,205.6208,838.1359,53.006,4085.3789,18.143,44.1124,1540.7328,75.7737,941.302,2142.2981,7297.7588,1.7787,1224.4753,3.6571,3296.6916,1539.3099,1741.3732,725.9943,706.8659,44.1124,307.3639,3368.5521,233.3689,1205.265,2556.3856,401.6364,2288.1537,8.1821,345.0729,864.1053,3121.3091,1643.5432,68.3031,432.2305,109.9253,130.6759,9.2494,829.598,212.0242,1565.9908,13.1626,6238.3493,32.7286,1.0672,7583.4223,7083.9559,492.3515,218.5272,13.8741,39.8435,659.5518,0,273.9239,965.4927,2060.121,567.058,1573.4614,1838.8474,6839.2031,115.973,463.5361,1.7787,681.2522,3.5575,1.7787,1319.1035,519.3881,8.5379,177.5169,1532.9064,56.5635,143.0096,0,4315.5461,11.3838,371.0815,233.0132,199.9289,36.624,978.2746,132.693
TCGA-EJ-7791-01,0.566666667,3429.8286,5651.6906,0.4632,262.8532,1072.0241,1441.8712,3486.3363,1246.642,1149.1431,2679.2497,742.9365,1904.5855,821.6767,1541.4544,193.6082,192.2186,50.7179,96.1093,704.0296,1516.4428,16692.4502,19.2219,955.535,1833.0245,3071.3293,9493.0292,1060.9078,389.5322,1960.3937,3141.2691,6834.1825,101.2043,308.4761,1244.7893,414.0806,11.3478,3.2422,355.2571,1007.6424,18245.484,18.9903,521.7693,14279.0644,4232.9782,3536.3594,375.6369,152.3854,2340.667,685.9657,432.1445,2725.1552,760.0741,1331.2645,814.4975,1503.4738,958.314,913.849,825.6137,37.2858,525.9379,1137.5637,1103.7517,2168.5966,1027.0959,2452.1167,1971.0514,6896.0167,6742.0102,847.383,9.032,1741.547,1271.3131,527.7906,2549.56,7360.8152,307.7814,1006.4845,1695.4609,3265.4006,1148.2168,167.4386,1893.2376,2609.5415,4948.3557,1511.811,2650.6809,3341.5933,1360.1204,1413.3858,48.402,1917.3228,2381.4266,1104.2149,687.8184,1283.233,1319.824,900.6484,887.6795,871.6999,1.6211,2969.8935,727.1885,92.4039,813.8027,1568.7818,26.4011,69.7082,23684.1431,411.5331,595.6461,6674.1362,1724.1779,1099.12,39.1385,14.1269,47.9389,60.9078,1528.717,1711.6721,1280.9171,1424.7337,220.4724,80.3613,972.4409,93.0987,1533.8119,880.0371,666.2807,5519.2219,131.774,332.5614,339.509,1051.1811,45.6392,212.83,2837.1931,83.3719,816.5818,1296.2019,157.4803,178.7865,30.1065,11323.5294,1748.9579,1403.4275,1933.0709,2702.4085,2406.2066,985.4099,3772.1167,2118.3418,551.8759,491.1996,3015.748,161.056,2164.428,300.6021,5.095,879.8055,1054.1918,21.0746,500.4632,126.9106,217.4618,27.3275,3224.641,694.9977,5546.3177,2635.2455,2421.723,908.7541,1920.5651,880.2686,1732.5151,1512.0426,76.1927,2770.4956,1762.8532,9279.9907,1004.6318,353.8675,914.0806,3045.8546,1471.7045,1836.73,2557.8972,1478.4623,1833.7193,55.3497,23.3905,1142.8902,461.5563,1356.8782,2904.5855,179.0181,391.6165,125.9843,1830.7087,507.874,289.0227,2499.7684,59.2867,377.0264,299.6758,1098.6568,1375.4053,1459.0088,1502.7791,3316.8133,133.3951,228.3465,1857.3414,76.4243,6816.5818,371.6999,552.4757,1296.4335,2439.3238,1742.0102,9.4951,1326.7717,604.4465,283.233,791.3386,88.6985,4706.3455,37.2858,62.5289,1681.334,97.7304,884.2057,2112.0889,6883.9741,0.2316,1374.0157,4.6874,3413.849,4952.5243,1757.9898,969.4465,1650.9958,70.1714,521.7693,3600.2779,207.0403,1361.0468,2236.2205,566.6975,2197.7767,56.5076,114.6364,2407.1329,3224.641,1600.7411,89.6248,353.4044,164.1964,133.1056,24.3168,2283.0014,335.8036,4790.6438,33.5804,7759.1478,80.1297,0.4632,17006.4845,8286.4752,516.2112,222.7003,42.1491,65.308,633.6267,0.4632,284.6225,1139.8796,1933.534,682.4919,2140.1112,2422.6494,8270.9588,275.1274,488.8837,0.4632,873.321,3.4738,1.3895,525.9379,735.5257,25.0116,176.7022,2110.4678,103.7517,287.4016,0.7202,6166.7439,69.0134,368.944,235.2941,363.3627,187.5868,1359.0042,287.4016
TCGA-EJ-7792-01,0.433333333,3078.8355,5513.9025,0.3271,245.3386,1044.4881,986.261,3069.349,1265.2928,1375.5316,2841.0206,677.7887,1489.3687,561.6618,1236.1793,191.037,121.3608,26.1694,161.9235,720.314,1376.84,12410.2061,48.7406,607.1312,1487.406,2844.946,8569.1495,1071.6389,466.1433,1046.7648,3136.7354,4429.5061,83.7422,349.3621,546.2872,102.388,29.7677,2.9441,103.0422,977.4289,17499.5093,16.3559,438.9925,8763.1665,3593.0651,4109.2574,383.7095,352.6333,2108.6032,740.5954,707.8835,2221.7795,849.8528,1412.3029,708.5378,1444.2264,846.2545,539.4177,882.2375,29.1135,542.6889,1120.7066,1197.5793,2155.054,716.3886,2257.6546,1270.1995,5626.4311,8302.9114,805.6919,17.0101,1801.4393,1625.6232,522.0805,2392.2146,6411.8417,350.6706,896.3036,2311.0893,3422.9637,1195.6166,2492.6398,2382.0739,2231.5996,6032.7118,1573.438,2571.1416,3149.493,1330.7164,1191.6912,96.827,2105.0049,2534.511,1009.4864,796.2054,1176.6438,1301.2758,665.6853,1013.0847,619.2345,17.9915,2833.824,1165.1946,103.6964,827.2816,1445.862,14.7203,124.632,36682.6987,389.2705,692.1819,4411.737,2567.5499,922.473,28.7864,12.7576,115.7998,164.2133,1360.8113,1710.8276,1246.9742,1320.5757,224.0759,89.3032,1110.893,131.8286,1393.1959,1300.9486,870.1341,4798.4953,12.7576,378.4756,361.7926,911.0239,41.7926,147.2031,3154.0726,135.0998,761.2038,1408.5705,409.879,399.7383,52.3389,10178.6065,1623.8142,1754.0072,1709.8463,2806.3461,1927.3798,1072.6202,3793.2614,1537.455,699.3785,574.7465,2546.2872,135.0147,1889.107,216.5522,2.9441,827.9359,1018.6457,30.422,618.9074,140.3337,225.7115,56.2643,3371.279,418.7112,5329.4079,2945.0409,1709.192,870.1341,2091.2659,1099.771,1622.1786,1697.4158,32.0576,2316.6503,1940.7916,6317.3045,772.6529,333.6605,423.945,3913.9679,1341.2234,1747.4648,2737.9784,1710.1734,1484.789,49.7219,13.0847,1133.4642,407.9163,1110.5659,3128.8845,174.0268,274.125,69.0219,1588.8126,395.4858,270.5267,2889.107,374.5502,335.9503,267.9097,1261.0402,1278.0504,1225.7115,1358.5214,1546.2872,174.6811,241.7403,1253.5165,66.4835,5204.7759,396.4671,514.6941,1291.4622,2288.5182,2390.579,26.4966,1885.8358,571.4753,255.4792,673.5361,67.3863,4484.1348,17.9915,53.3202,1449.4603,102.7151,953.5492,1900.5561,5825.3189,2.2898,1183.1861,4.3376,3055.6101,1669.9378,1729.4733,1054.8217,611.7108,37.2915,317.9588,3476.2839,187.1115,1475.6297,2605.1685,649.9836,779.1953,17.9915,232.581,1756.9513,3952.5679,3184.8217,71.3117,312.3978,149.493,123.3235,22.5711,1345.1096,391.8875,1956.1662,23.5525,7700.6869,127.9032,1.9627,27356.2316,7837.0952,545.9601,251.3935,41.544,116.454,673.8633,0,367.6807,1566.5685,2177.298,610.7295,1967.9424,2152.7641,5222.7674,233.5623,480.5365,4.9068,815.1783,4.9068,8.5051,553.4838,655.5447,23.2254,343.8011,1812.8885,32.3847,254.1708,0.3271,4086.6863,26.8237,326.4639,246.3199,275.7605,158.9794,1165.5087,203.4675
TCGA-EJ-7794-01,0.4,3102.2489,4884.7708,6.4772,254.8773,634.4405,1613.1435,4102.3266,1613.7912,1302.2385,2689.9759,762.6888,1785.4367,704.3941,1606.3425,241.9229,172.617,39.187,79.9933,784.0635,1773.13,10684.7682,7.7726,1124.4397,1812.9647,3751.5869,8672.2835,1073.5938,436.5624,2256.9662,4013.2653,6247.5711,117.561,278.8429,992.3051,330.9843,22.994,0.6477,378.5916,960.243,15149.4935,21.6986,428.4659,9872.8528,5244.2547,3042.6588,392.5176,137.3164,2297.1345,883.8122,338.1092,3678.3591,748.1151,2096.834,986.7995,1495.9064,948.9079,1028.9012,745.2004,29.7951,490.3231,1088.1675,1074.8892,2671.8398,1200.5467,2056.507,1328.795,8042.3997,9878.0346,965.1009,5.1817,1749.1644,974.5058,575.4981,2277.0552,5736.521,296.0075,1075.2131,2316.8899,2947.768,988.0949,2316.8899,3252.8435,2743.0888,5307.4073,1803.8967,3265.5355,3459.7896,1486.1906,921.056,32.0621,1900.4068,2824.7014,847.8638,827.4607,1079.0994,1375.1069,1073.2699,812.5632,929.8002,9.3919,2853.201,744.5527,74.8115,888.0224,1768.596,38.5393,86.4705,27776.7702,462.4712,443.3635,4647.5924,783.7397,941.783,23.3179,11.0112,29.7951,42.1017,1601.4846,1738.8009,2039.9902,1408.7882,193.9918,92.6238,1185.973,182.3328,1261.1084,692.7352,519.4704,8044.9905,20.0793,200.4689,314.1436,1053.5145,35.1517,211.1563,1702.5287,123.7143,923.6469,1283.4547,166.1399,245.1615,30.4428,13446.9648,1797.4195,690.792,1502.3836,3215.2758,2408.5421,1107.599,3805.6714,1657.1884,589.7479,420.3695,4825.8284,150.1995,4294.3752,223.7868,1.9432,986.4756,1293.1705,15.5452,229.6163,89.0613,261.6784,24.9372,2358.9916,610.7988,4561.883,3672.8858,2211.3118,687.2296,2120.6311,985.8279,1511.7755,1484.8952,64.7719,3147.2653,2278.9984,8112.6772,1356.323,388.6312,763.3365,1924.6962,885.2307,1849.237,2600.2669,2216.4935,1795.8002,92.9476,38.8631,992.3051,525.2999,1440.5265,2450.6438,201.1167,165.4921,103.9589,1911.0941,608.5318,260.0591,1118.6103,33.3575,383.1256,285.9678,1164.2744,680.4285,1554.8488,592.9865,3612.3274,149.9469,732.5699,1193.7456,97.5788,6237.2076,461.8235,705.6539,1404.9019,1581.7291,2393.3207,9.0681,1575.252,580.6798,281.4338,828.4323,53.7607,4026.5435,37.5677,62.8287,1463.1966,152.2139,983.5609,2094.3985,7949.1282,0,1438.9072,1.2954,3301.7462,1456.7194,1780.5788,757.5556,901.6245,35.6245,302.1608,3362.6318,260.3829,1466.7591,2418.2579,896.4427,2349.9236,43.721,240.3037,1749.1644,3678.0708,1863.1629,53.7607,328.7173,141.2027,169.0254,30.1189,664.2356,193.9918,973.1974,21.6986,7574.099,35.3007,0.9716,17993.6264,7623.6495,614.0374,185.8046,16.5168,91.6522,690.1443,0,310.5811,1119.5818,3230.4972,447.8975,2147.8353,1726.8181,4627.3026,55.38,507.8115,4.2102,841.7105,2.9147,2.5909,1105.332,728.3597,29.4712,77.0785,1994.9737,387.3358,157.0718,0,4507.4747,69.3059,367.9237,239.0082,331.632,242.2468,834.8933,242.8945
TCGA-EJ-A46G-01,1.133333333,5933.6957,4237.5,2.1739,209.2391,602.1739,1100,3327.7174,3422.8261,478.8043,1580.4348,1189.1304,2073.3696,244.5652,2128.8043,240.7609,151.6304,50,60.8696,370.6522,917.3913,13305.4348,63.587,1046.7391,1664.1304,2798.913,4970.6413,1093.4783,1407.6087,1361.3967,2984.7826,7583.1522,279.8913,209.7826,86.9565,1678.2609,4.8913,10.3261,44.0217,764.1304,19561.413,808.1522,997.2826,8353.8043,4121.1957,1948.913,236.9565,136.413,2779.8913,1523.913,77.1739,3018.2826,544.5652,1080.7446,680.9783,1385.8696,1138.587,221.1957,810.8696,22.8261,488.587,1134.2391,795.1087,1509.7826,1267.9348,917.9348,834.7826,4947.8261,14127.7174,938.587,2.1739,1145.1087,565.7446,293.4783,767.3913,11486.413,214.1304,1435.8696,1589.1304,1623.3696,866.3043,111.413,1016.3043,2171.1957,6095.6522,1259.2391,2309.8261,3438.587,1353.2609,2741.8478,58.1522,1269.5652,2237.5,1327.7174,475.5435,727.7174,1505.9783,1489.6739,1510.3261,973.3696,40.2174,3262.5,363.587,43.4783,311.9565,2456.5217,72.8261,37.5,29967.9348,413.587,1898.913,4884.2065,609.2391,783.1522,35.8696,17.3913,7.0652,34.2391,1779.3478,1753.8043,642.9348,1054.3478,220.1087,141.8478,587.5,67.3913,1375.5435,905.9783,132.6087,5770.6522,8.1522,213.587,583.6957,627.7174,208.7935,584.7826,990.7609,53.8043,881.8859,1380.9783,79.3478,115.7609,14.1304,17276.6304,1182.0652,850,1852.1739,2051.087,2407.6087,769.0217,3327.7174,1279.3478,1299.4565,242.9348,1389.6739,109.1739,2407.0652,47.2826,2.7174,2844.5652,1023.3696,5.9783,133.1522,17.3913,154.3478,8.6957,3741.8478,590.7609,4359.2391,4024.9946,2481.5217,609.7826,1584.2391,855.9783,1358.6957,819.0217,6.5217,2175,4096.1957,4785.8696,1031.5217,946.1957,222.8261,1753.2609,5842.2717,3835.3261,3445.6522,1472.2826,1141.8478,101.6304,93.4783,675,394.5652,1402.1739,2035.8696,100.5435,113.0435,105.4348,1499.4565,833.1467,270.1087,967.3913,27.1739,159.7826,132.6087,1119.5652,967.3913,1057.6087,726.6304,8131.5217,104.3478,55.4348,5036.9565,51.087,6009.7826,628.2609,328.2011,1452.7174,3781.5217,4826.087,19.0217,963.0435,584.7826,360.3261,1311.413,208.1522,3967.3913,100.5435,26.6304,2723.3696,45.6522,730.9783,2211.413,3992.3913,11.9565,2487.5,0,4595.1087,2303.2609,1272.8261,685.5435,1247.8261,8.6957,152.1739,5006.5217,330.9783,1097.2826,2592.9348,588.587,2792.9348,9.7826,141.3043,2648.3696,2777.1739,1823.3696,63.587,241.3043,159.2391,184.2391,115.2174,557.6087,197.2826,6243.4783,77.7174,4889.1304,42.3913,2.7174,18016.8478,7762.5,730.9783,358.8533,96.1957,59.7826,691.3043,0,596.7391,1017.3913,2430.9783,619.0217,1347.2826,1557.6087,12628.8043,516.3043,389.6739,1.6304,878.8043,0.5435,3.2609,341.8478,508.6957,16.3043,30.4348,1664.1304,1.6304,309.7826,0,8109.7826,44.5652,358.6957,296.1957,230.4348,106.5217,502.6739,137.5
TCGA-EJ-A65G-01,0.633333333,1865.663,5210.7701,0,105.9641,726.6937,230.4574,2217.7186,1018.5292,756.2247,1609.7279,810.6543,1689.0562,119.282,808.9172,98.4366,57.9039,5.7904,12.7389,274.4644,1390.2721,10823.9722,9.8437,1244.9334,1016.7921,1496.8153,7790.3706,1117.5449,244.3544,281.4129,1394.9045,7320.7875,139.5483,252.4609,1134.337,772.4378,2.8952,1.7371,24.3196,436.5953,14958.8882,24.8987,734.2212,11293.5727,3454.5455,1661.2623,283.15,57.3248,1643.8911,536.1899,131.4418,1253.0631,586.5663,1925.7846,385.0608,569.1951,1187.0295,106.5431,854.6613,30.6891,433.7001,822.2351,593.5148,1089.751,756.2247,1517.6607,421.5402,2609.7279,9466.1262,793.8622,1.1581,1133.758,282.264,204.4007,1085.1187,7662.9994,70.0637,345.1071,1847.1338,1969.89,771.2797,856.9774,1142.4435,1566.879,5313.26,1207.8749,3577.4406,2961.2044,1581.934,975.1013,33.5843,1853.5032,1967.5738,1382.7446,460.9149,351.4765,1079.9074,821.077,1279.0967,820.498,12.1598,2593.5148,539.0851,17.3712,733.0631,1044.0069,10.4227,18.5292,32964.0996,274.4644,727.2727,4580.2258,428.4887,855.8193,16.7921,3.4742,19.6873,20.8454,873.1905,1722.6404,1642.7331,1859.8726,201.5055,98.4366,217.1395,46.9021,1234.5107,254.198,40.5327,6892.8778,48.0602,84.5397,83.3816,368.2687,19.0909,148.813,933.4105,155.7614,757.3827,842.5014,28.9519,44.586,4.0533,15243.1963,945.5704,464.3891,1996.5258,1268.095,3380.4285,1274.4644,2729.5889,1495.6572,949.6236,211.3492,3295.3098,179.9768,1515.3445,63.1152,0,891.7197,649.1025,1.1581,53.2716,27.7939,158.6566,11.0017,550.6659,202.0845,3919.5136,2652.5767,2221.1928,235.0898,2168.5003,1210.7701,1725.5356,1566.879,5.2113,1300.5211,975.6804,3626.52,906.1957,104.806,699.4789,961.7834,2026.6821,1709.3225,2653.7348,1296.4679,2375.2171,46.3231,8.1065,307.4696,217.1395,922.4088,2332.9473,126.2305,80.4864,156.3405,1171.9745,524.6091,326.5779,594.6728,26.0567,245.5124,158.0776,1306.3115,489.2878,918.9346,443.5437,4357.2669,51.5345,452.8083,1469.0214,34.1865,6056.7458,327.736,455.3387,1099.5947,2347.4233,2725.5356,3.4742,1455.1245,593.5148,188.7666,880.718,15.055,5599.8842,13.3179,57.3248,1781.7024,16.2131,690.7933,1302.8373,7204.9797,2.8952,1012.7389,0.579,3606.8327,1605.6746,1788.0718,829.1025,944.9913,16.7921,101.9108,4615.5182,215.4024,760.2779,2604.5165,334.6844,4481.7603,6.3694,130.8628,367.6896,2417.487,1477.707,58.4829,486.9716,100.7528,159.2357,9.8437,6806.022,132.5999,2445.8599,7.5275,4656.051,35.9004,0.579,5516.5026,6067.1685,276.7805,440.5675,5.7904,20.8454,634.0475,0,315.5761,597.568,1711.6387,942.6752,2103.6479,1127.3885,5595.2519,56.7458,428.4887,9.2646,555.8772,5.7904,2.3162,1315.5761,348.5814,4.0533,141.8645,892.2988,9.2646,110.5964,0,4015.055,36.4794,531.5576,255.9351,133.758,15.634,1037.6086,84.5397
TCGA-EJ-A65J-01,0.833333333,2749.1844,6952.2165,2.6866,163.8841,815.9662,846.2867,3565.9182,824.7937,624.8321,1735.9432,938.3995,1867.5878,1518.3266,1605.45,200.7292,72.1551,11.8979,36.4613,356.1696,1349.8369,14702.7442,36.4613,1519.0942,1220.8789,1801.5736,7612.3393,1112.2625,429.4761,1172.8881,2304.3562,10219.5356,120.1305,205.7187,320.8597,799.4627,4.9894,158.5108,13.8169,587.987,27585.4922,19.9578,723.4696,6265.9758,6860.4874,2245.2504,168.8735,42.2184,1983.4964,684.7054,74.4579,1911.9171,898.1002,1541.6005,455.5747,1052.773,1246.9775,92.1128,1131.0689,14.5845,538.8601,1325.2735,1010.9384,1395.8933,921.1284,2088.2748,842.4487,6048.743,7428.1328,908.4629,8.8275,1403.5694,350.9077,611.7828,1276.5304,8360.0077,165.4193,538.8601,301.2857,1836.8835,1270.7734,22.2606,1574.7457,1834.5807,5039.3399,1329.4953,1643.247,3405.1046,1464.9779,1238.1501,20.7254,1193.6289,2378.814,1223.9493,497.0255,399.1556,1293.4178,587.6031,1268.0867,911.1495,0,3945.4999,1261.1783,39.5318,489.3495,1815.3905,11.5141,62.56,40669.7371,629.0539,638.649,4277.3709,276.7223,416.043,14.9683,3.4542,4.9894,16.1197,890.0403,2388.7929,442.5254,970.2552,98.6375,88.6586,482.8248,82.9016,1517.1752,682.0188,92.8804,7286.8931,66.7818,155.8242,179.2362,630.9729,10.1746,259.4512,1273.46,9.5951,691.2301,1719.8235,49.5107,75.6093,6.5247,15521.7808,1249.6642,285.5498,2348.8774,703.8956,2902.322,1060.4491,3336.4038,1531.3759,518.9023,241.7962,2107.0812,119.2631,868.5473,242.9476,0.7676,1061.9843,730.7618,3.838,42.6022,2.6866,168.1059,7.6761,1685.6649,481.2896,4997.1215,3102.2836,2254.0779,770.2936,2026.0986,1141.4316,1980.426,719.2477,4.2218,1773.1721,1864.1336,5797.3518,421.0324,186.9123,684.7054,1027.4419,1545.3656,1788.1405,2944.1566,1578.9676,1697.9467,41.8346,19.9578,445.9797,301.6695,1157.9351,3314.1432,139.3207,166.5707,35.6937,1337.939,607.1771,219.9194,399.1556,9.9789,272.1167,34.1585,1714.834,508.1558,2693.1491,274.8033,443.6768,97.8699,592.5926,1065.4385,50.7849,11207.062,426.0219,495.5364,1441.1821,2257.1483,1075.4174,7.2923,2507.3882,698.9062,147.7643,760.3147,125.5037,4718.8639,18.0388,131.6446,1545.5767,41.4508,369.219,1408.5588,4136.2502,2.3028,937.2481,1.5391,3544.4253,2585.3003,1952.0246,474.2046,3283.4389,9.5951,76.3769,3927.0773,210.7081,1146.421,1810.0173,788.3324,525.427,11.8979,82.9016,2175.3982,3453.8476,2733.4485,85.5882,480.9058,111.303,99.0213,10.7465,4405.2965,123.9685,1626.5592,16.8874,7606.6014,35.6937,0.3838,12748.8006,10826.7127,457.11,251.8634,59.4895,71.0036,608.3285,0,269.8139,775.2831,1953.9436,573.7862,2802.1493,467.0889,17233.9282,67.9332,356.1696,0,925.3502,0,1.5352,335.4443,365.3809,26.4824,23.7958,896.565,0.3838,268.2786,0.3838,5507.1963,246.7856,228.3631,236.8068,196.8912,23.412,1141.4047,146.9967
TCGA-EJ-A6RA-01,0.333333333,2076.8844,6532.1608,1.005,122.6131,455.2764,128.6432,2082.4121,1170.3518,571.8593,950.2513,841.206,2005.5276,568.3417,955.7789,100,79.397,9.5477,51.2563,204.0201,911.5578,11816.5829,91.4573,1295.9799,1400.5025,1758.2915,7486.4121,1339.196,305.5276,345.7236,1198.995,7767.8392,118.0905,231.1558,1085.4271,596.9849,9.0452,35.1759,332.6633,551.2563,17535.6784,74.3719,945.7286,11045.2261,5038.191,1879.397,153.2663,102.0101,2007.5377,473.8693,144.2211,1125.809,698.995,1296.4372,381.9095,846.2312,1178.392,478.392,823.6181,30.1508,406.5327,791.4573,894.9749,940.201,1162.3116,1935.6784,1190.9548,2725.1256,8320.1005,682.4121,1.005,952.7638,198,143.2161,1657.2864,9982.4121,111.5578,378.8945,1636.6834,1321.608,703.0151,1170.3518,1093.4673,1539.196,3983.9196,1173.3668,2596.9849,3849.7487,2065.8291,1278.8945,30.6533,2167.8392,1613.5678,1632.6633,375.3769,308.0402,1533.1658,702.5126,1894.4724,805.5276,13.0653,3234.6734,429.1457,8.5427,691.4573,1285.9296,4.5226,34.6734,27704.5226,269.3467,595.4774,4613.6784,800.5025,1368.8442,28.6432,3.0151,13.0653,70.8543,785.4271,2350.7538,493.4673,1804.0201,188.9447,113.0653,460.3015,52.2613,1236.1809,416.5829,21.1055,6094.9749,47.7387,126.6332,167.8392,752.7638,23.8844,255.2764,1204.0201,29.6482,753.2663,991.9598,14.5729,81.9095,11.5578,6311.5578,940.7035,446.7337,2431.1558,928.6432,3752.7638,871.8593,2140.201,1463.8191,644.7236,196.4824,1362.3116,350.3668,1335.6784,356.7839,8.0402,564.3216,770.8543,2.5126,65.8291,131.6583,174.3719,9.0452,904.5226,413.0653,3430.6533,2634.6683,2552.2613,669.8492,2396.4824,1255.2764,2177.8894,1482.9146,122.1106,1259.799,2120.603,4940.201,914.5729,405.0251,662.3116,1180.9045,2256.4975,2140.201,2453.7688,801.005,2604.5226,41.206,31.6583,655.7789,284.4221,1606.5327,3246.7337,91.4573,104.5226,145.2261,1304.5226,569.3467,382.4121,271.8593,24.1206,167.8392,161.3065,1345.7286,572.3618,822.1106,1655.7789,3128.1407,121.608,104.5226,3016.5829,15.8693,3898.4925,258.794,344.6935,854.7739,1913.5678,2532.6633,21.1055,1074.8744,631.1558,389.9497,770.8543,233.1658,6014.5729,30.6533,95.4774,2368.8442,6.5327,413.5678,1756.2814,8531.6583,1.5075,1297.9899,3.0151,3432.6633,1186.9347,1890.4523,678.5427,610.5528,32.1608,194.9749,5920.1005,334.1709,780.9045,3497.9899,404.0201,1515.0754,36.1809,118.0905,823.1156,2864.8241,1360.3015,54.2714,531.6583,102.8794,139.1206,25.1256,2187.9397,163.8191,10254.2714,13.5678,4094.9749,48.2412,2.0101,14473.8693,7270.8543,218.0905,405.7839,11.5578,29.1457,534.1709,0,187.4372,545.7286,1194.9749,1213.5678,1958.2915,2108.0402,5620.1005,68.3417,357.2864,4.0201,779.8995,11.0553,6.5327,518.593,410.0503,10.0503,60.804,2449.7487,45.7286,325.6281,0.5578,7418.0905,16.5829,482.9799,308.5427,389.9497,84.4221,601.4422,172.8643
TCGA-EJ-A6RC-01,0.7,3100.578,6504.0462,1.9268,165.3179,689.7881,524.4701,2879.3834,1352.9865,817.341,1719.0751,969.9422,1859.3449,480.9249,1050.8671,134.104,100.9634,20.0385,216.9557,500.578,968.7861,11015.0289,73.9884,1012.7168,1653.9499,2627.3603,8514.0385,1350.6744,364.5472,742.9403,2142.1965,6885.9345,122.5434,267.4374,645.8574,383.0443,15.4143,5.7803,258.5742,858.1888,19554.9133,21.1946,634.2967,6727.1676,3758.3815,3171.0983,230.4432,390.3661,2141.4258,610.0193,319.8459,1847.6301,536.8015,1466.0578,512.1387,1107.1291,1076.6859,790.7514,835.0674,33.1407,401.5414,1006.5511,1007.7071,1352.6012,854.3353,1574.8362,1072.447,3840.8478,8146.0501,631.5992,60.1156,1220.8092,691.9807,327.553,1907.8998,8682.0809,305.973,474.7592,1575.3372,2341.0405,809.6339,2488.632,2068.2081,2040.4624,4901.3487,1326.3969,3110.5973,3779.1908,1708.2852,1259.3449,91.3295,1865.5106,1711.7534,1244.316,552.2158,1136.4162,1529.8651,707.1291,1416.5703,800.3854,15.4143,3087.8613,480.1541,45.4721,1188.8247,1639.6917,17.7264,127.553,23965.7033,303.6609,541.0405,6086.5588,1522.158,1106.3584,30.0578,13.4875,552.9865,280.9249,958.7669,1924.8555,1206.1657,1261.657,222.3507,104.0462,1038.921,96.7245,1352.2158,1861.2717,334.104,5705.973,36.6089,268.5934,251.6378,873.2177,53.7726,167.6301,2945.2794,78.6127,738.7206,1028.131,174.9518,305.5877,75.9152,20413.8728,1250.8671,929.0944,2033.9114,1794.2197,3047.3988,947.9769,2922.158,1250.4817,622.3507,373.7958,3375.3372,243.0289,2470.9056,287.4759,1.1561,960.3083,917.9191,30.8285,478.2274,69.7495,201.1561,50.8671,2262.4277,397.3025,3663.9692,2489.0173,2492.4855,861.2717,2308.6705,1092.1002,1587.6686,1276.3006,35.4528,1968.0154,1967.6301,5600,1053.9499,407.7071,480.9249,2532.948,1769.58,1915.2216,2134.8748,1571.0983,2337.1869,65.1252,32.7553,865.1252,405.395,1519.4605,3208.4778,141.0405,304.0462,127.1676,1391.5222,592.6705,305.2023,1142.9672,34.6821,276.6859,236.6089,1167.2447,611.1753,1008.8632,1517.9191,1487.4759,208.8632,354.1426,897.1098,29.7765,6307.5145,369.9422,406.4509,1004.6243,2722.5434,2221.58,65.5106,1097.1098,710.9827,339.8844,808.4778,54.3353,4374.9518,43.5453,52.4085,1888.2466,35.0674,613.4875,1245.8574,6339.8844,1.9268,1208.0925,3.4682,3985.7418,1647.0135,1591.1368,743.6146,1006.5511,60.501,272.447,4865.5106,224.6628,931.0212,2736.0308,606.1657,1164.5472,36.9942,257.0328,1684.7784,3292.4855,1449.711,84.3931,420.0385,163.3911,105.2023,26.975,2381.8882,199.2293,825.4335,21.58,9537.5723,299.422,6.1657,31041.2331,7657.4181,359.9229,245.0482,38.921,109.0559,587.6686,0,274.3738,929.0944,1406.9364,1071.2909,1848.9403,1917.9191,6285.1638,170.3276,416.5703,6.9364,860.8863,5.0096,5.0096,581.5029,569.1715,24.6628,383.4297,2286.7052,186.8979,283.237,1.1561,4569.9422,33.9114,456.6975,272.8324,331.0212,173.025,1947.1985,205.7803
TCGA-EJ-A7NJ-01,0.366666667,2482.851,6253.7764,1.6086,172.9229,773.3272,717.0268,2921.5925,1216.0903,930.9686,1825.744,760.8607,1770.2478,931.3707,1955.2351,201.0731,72.7885,26.1395,91.2872,343.835,1392.2303,16730.4906,22.9223,882.711,1782.7143,2417.3011,7526.0907,1004.9635,291.556,1187.4816,2461.1351,6762.4914,63.9413,267.8294,1259.9242,1014.615,2.815,34.1824,405.7656,978.4218,19699.5364,14.4773,761.2629,16575.6643,3617.3056,2074.2704,267.4273,152.8156,2433.7891,618.9031,236.8641,2352.7084,921.7192,1512.3796,558.9833,1232.5783,957.5102,493.4335,928.9578,24.9331,387.2668,806.7054,1031.9073,1657.6469,1017.8322,2179.2306,1196.3851,3164.0867,5479.6449,861.7994,4.8258,1292.0959,197.4096,300.8054,1798.3981,7138.096,305.6312,975.2047,1396.2518,2152.2868,1029.4944,53.0833,826.0084,2161.5361,5892.6491,1233.3826,2582.3379,3982.8565,1549.0674,1032.3094,52.279,1518.5043,2208.9894,1331.5062,516.7579,657.9113,1051.6125,949.4673,1352.4179,997.7249,6.4343,3493.4445,634.5868,42.2254,443.1652,1801.6152,12.0644,32.5738,29729.8683,329.7599,493.0313,4779.2267,734.7212,1020.6472,16.0859,13.673,110.5902,43.4318,1180.7014,1382.1767,349.4651,1936.3342,116.2203,59.5176,486.1948,32.976,1256.3049,455.2296,113.4052,5237.1507,49.464,118.231,257.3736,738.3405,33.1891,257.7757,1047.591,21.7159,846.1157,1145.7147,13.673,158.0435,51.0726,3013.2819,1178.94,289.9474,2120.1151,1715.5559,3125.0785,1115.5537,2891.4316,1668.907,765.2843,216.3547,2160.7318,204.1294,470.5111,466.4897,6.8365,919.3063,871.4509,3.2172,102.9494,83.2443,154.4242,15.6837,638.6083,1570.7833,5425.7573,3253.3471,2650.4615,443.9695,2137.4073,1013.4086,1918.2376,1436.0643,113.0031,2064.6189,2925.614,6456.8603,1333.1148,602.4151,880.7003,897.5904,2216.8352,2147.8631,2469.178,1456.1716,2295.853,27.3459,12.0644,539.6803,433.9158,1256.3049,2328.829,152.4134,108.9816,101.3409,1443.3029,620.9138,297.1861,498.2592,32.976,236.0599,211.5289,1050.0039,281.1002,1171.8542,3562.2115,6597.2093,187.8023,171.7165,4581.6523,32.602,3919.7195,418.2321,370.7145,1147.3233,2143.4395,3244.516,41.8232,1173.0606,521.1815,225.2019,943.4351,285.926,4535.4055,45.4425,103.7537,1737.2718,50.6704,795.4453,2404.4325,12041.4653,0,1406.7076,3.748,2938.8848,1769.0414,1684.1885,786.2683,830.0299,67.9627,470.5111,5350.5559,159.6521,989.2798,3354.3019,473.3261,3081.6467,91.6893,70.7777,913.6763,3762.0782,2097.1927,51.8769,384.0497,135.9254,133.1104,18.0966,661.1284,60.3219,14981.1544,16.8901,3561.8094,33.3781,2.4129,15210.3778,7713.5673,385.2561,259.5211,10.0537,62.7348,483.7819,0,246.9178,657.9113,1905.7711,700.9409,2845.5869,2093.1713,7854.3185,83.2443,418.2321,5.63,850.9415,2.815,2.4129,587.1335,529.2245,14.4773,18.9009,1999.4712,6.4343,673.1928,2.1515,8007.5362,326.1406,394.1677,261.7972,507.9107,71.1799,536.7325,337.4007
TCGA-EJ-A8FN-01,0.8,2433.4657,6483.1182,1.9861,160.3774,615.1936,458.292,2773.0884,1070.5065,871.4002,1708.5402,911.6187,1941.9067,244.7865,1666.8322,302.3833,97.8153,11.9166,93.3466,379.8411,1014.3992,11297.4181,68.0238,1399.2056,1344.0914,1986.5938,7014.8411,1125.1241,443.3962,603.6643,2066.0377,6521.8471,153.9225,264.1509,131.5789,114.2006,6.9513,0,36.7428,803.8729,17936.4449,20.854,673.7835,9887.7855,5513.4062,2251.7378,347.567,132.0755,2446.3754,541.2115,186.6931,2017.6763,892.7507,1838.7885,492.0556,903.6743,1181.7279,186.6931,879.8411,19.861,581.9265,916.0874,796.425,1264.6475,903.6743,1006.3208,628.5998,3123.6346,8428.004,744.7865,4.4687,1088.3813,700.3078,288.4806,1411.1221,6956.8024,159.3843,425.0248,1617.1797,2416.5839,1079.4439,2724.429,1603.7736,1865.4419,5089.8709,1177.2592,2516.8868,3467.7259,1591.857,1452.3337,43.6941,1613.2075,1708.5402,1353.5253,580.4369,722.4429,1226.4151,636.0477,1417.577,943.3962,0,3016.8818,464.7468,29.7915,835.6504,1288.4806,12.4131,70.0099,25563.0586,374.3793,692.6514,4174.4538,779.0467,697.1202,20.854,8.4409,114.2006,102.7805,1027.8054,1837.6365,1699.6028,1363.9523,321.7478,93.3466,625.1241,66.5343,1313.3069,825.2234,211.0228,4633.0685,20.854,205.0645,286.4945,518.3714,33.6693,218.4707,1692.1549,87.8848,758.6892,1215.4916,73.4856,174.28,19.3644,21996.5243,1054.6177,824.7269,1997.0209,1375.8689,3000.993,1080.4369,3033.2671,1208.5402,563.0586,387.289,2622.145,179.9454,1935.4518,236.8421,1.9861,942.8997,711.0228,15.3923,172.2939,47.6663,198.1132,22.3436,1312.8103,322.7408,4476.1668,2473.1778,2497.5174,470.2085,3147.4677,1249.2552,1874.3793,1802.8798,43.6941,1822.7408,1149.9503,4915.0943,908.6395,219.9603,446.3754,1839.6226,1690.1887,1914.5978,2258.1927,1183.714,1850.0497,44.1907,23.3366,563.0586,393.2473,1016.3853,2494.5382,139.5233,106.7527,199.1063,1405.6604,609.2304,284.5084,634.0616,35.2532,200.0993,210.0298,1556.6038,542.2046,1143.4955,500.993,1641.5094,165.3426,354.5184,1218.9672,33.5849,4714.4985,376.3654,441.3654,1192.1549,2304.8659,2967.2294,22.3436,1442.8997,1096.3257,306.852,836.147,45.1837,6197.6167,41.2115,60.576,1789.4737,46.6733,538.7289,1193.6445,5772.5919,4.4687,1099.8014,5.4618,3440.4171,1424.0318,1692.1549,762.1102,547.6663,30.288,219.9603,4469.2155,215.9881,907.15,2411.1221,461.2711,1040.715,19.3644,392.2542,1280.5362,3165.3426,1431.9762,86.8918,372.3932,118.1728,139.712,16.8818,1382.3237,247.2691,790.4667,19.3644,6130.0894,119.1658,1.9861,17867.428,7037.2393,376.862,327.8103,11.9166,76.9613,361.4697,0,169.3148,1158.3913,2305.859,1015.8888,2327.7061,1667.8252,5868.9176,161.8669,431.4796,0.993,755.2135,201.5889,8.4409,467.7259,625.6207,18.8679,134.0616,1051.6385,0,254.2205,0.993,4131.5789,11.4201,336.3158,292.9494,287.4876,43.1976,997.2642,108.7388
TCGA-FC-A5OB-01,0.633333333,1698.6817,4382.2976,0.4708,104.5198,1657.2505,483.9925,2640.7721,954.8023,984.4633,1511.7702,600.2825,1435.0282,1988.2298,1193.032,230.6968,106.8738,14.5951,10.8286,436.9115,1992.9379,9032.9567,4.7081,1022.5989,736.3465,1209.5104,11951.0311,1137.4765,206.6855,315.9134,1720.339,6790.9605,176.0829,280.1318,220.8098,441.1488,0.9416,4.7081,50.8475,383.2392,21620.0565,7.0621,653.484,17244.8211,4203.3898,1878.0603,369.1149,7.533,1527.307,564.0301,59.322,772.533,1355.4614,2830.2213,382.2976,562.1469,1227.4011,72.9755,1324.8588,24.0113,921.8456,1347.9284,427.4953,1483.9925,807.9096,1956.6855,233.9925,4056.968,13610.6403,1170.4331,0.4708,1672.3164,44.6045,274.4821,1123.823,6839.9247,120.5273,894.0678,2055.5556,2741.9962,1032.0151,15.5367,165.2542,1466.5725,4726.9303,1710.9228,2404.8964,3002.8249,1397.3635,718.9266,9.4162,1908.6629,2947.2693,971.2806,373.3522,134.1808,970.339,779.1902,962.3352,1338.9831,0,2474.5763,791.9021,26.8362,198.6817,987.7589,15.0659,12.7119,26983.9925,524.4821,478.8136,6777.2222,98.8701,675.1412,41.4313,1.4124,2.354,5.6497,978.3427,1983.5217,322.9755,1975.9887,244.8211,59.7928,313.0885,16.4783,1148.7759,1028.7194,7.0621,4416.1959,5.6497,104.9906,51.7891,430.3202,28.7053,149.7175,281.0734,17.8908,1004.5763,1121.4689,12.2411,23.0697,0.9416,2293.3145,1151.6008,571.0923,2007.533,983.5217,2526.8362,1278.7194,4066.855,2215.6309,579.096,161.0169,1262.7119,146.4218,834.275,943.9736,3.2957,1147.3635,799.9058,0,25.4237,4.2373,240.5838,4.7081,253.2957,988.2298,6871.9397,4279.1808,3499.0584,147.8343,1771.6573,1345.1036,2187.8531,2496.7043,3.7665,896.4218,950.0942,5293.7853,1096.9868,79.096,475.5179,644.5386,853.1733,1039.548,2831.4501,605.4614,1456.2147,77.2128,24.4821,142.1846,141.7137,1047.081,2418.0791,206.2147,144.0678,92.2787,1410.0753,215.6215,351.6949,174.1996,5.6497,366.7608,232.1092,1783.4275,1273.5405,1365.8192,171.3748,4186.4407,72.5047,1032.4859,3401.1299,17.0104,4760.8286,505.6497,634.3079,2306.968,2319.6798,2215.1601,0.4708,3787.6648,576.2712,127.1186,496.2335,30.1318,5866.29,216.5725,134.1808,1564.9718,21.1864,540.9605,207.1563,8917.6083,0,1724.5763,2.8249,1879.9435,3909.6045,2295.1977,814.0301,1526.3653,6.1205,49.435,3578.6252,275.8945,961.8644,2415.725,765.0659,935.4991,1.4124,32.9567,863.936,2656.7797,2632.7684,11.7702,596.0452,149.7175,94.6328,17.8908,6545.1977,104.5198,31124.7646,10.3578,566.855,11.2994,0,4745.2919,6472.2222,404.4256,398.3098,16.0075,9.887,778.2486,0,330.5085,809.322,1171.8456,634.1808,1796.6102,603.5782,10117.7024,29.661,354.049,0,571.5631,0,0,876.177,248.1168,6.5913,4.7081,184.5574,5.1789,38.1356,0.4708,2069.209,17.8908,250,267.8908,163.8418,12.7119,816.855,192.0904
TCGA-FC-A8O0-01,0.333333333,2988.9529,5282.4207,1.4409,169.5485,500.4803,276.6571,2078.7704,1499.5197,963.0163,1710.3746,895.7733,2365.0336,1522.5744,964.4573,91.2584,112.8722,24.976,50.4323,404.8991,1199.8079,9538.9049,24.4957,2052.8338,2332.853,2802.1134,8495.1489,1336.6955,266.5706,1167.5696,2002.4015,7399.6158,47.0701,338.6167,1905.3794,273.7752,2.4015,2.4015,595.5812,640.7301,28214.6974,45.6292,1208.4534,4751.2008,2757.9251,2121.5178,286.2632,39.3852,2229.5869,504.3228,546.5898,2055.8934,532.1806,2092.5312,853.5062,1678.194,1147.9347,690.2017,744.4765,31.22,369.3564,818.4438,645.0528,1719.0202,1317.0029,2108.5495,3123.9193,2168.5879,8576.3689,552.8338,13.9289,996.6378,216.1527,223.8232,3702.6897,9633.0451,33.1412,760.8069,1887.1278,1866.9549,1099.4236,397.2142,1252.1614,1897.6945,5346.3016,1250.2402,2767.0509,2941.8828,2136.8876,1790.586,52.8338,1681.0759,2272.8146,1819.8847,594.1402,611.9116,1284.342,939.4813,1615.2738,731.9885,11.0471,4753.6023,548.9914,28.8184,876.0807,1741.5946,12.9683,24.976,18343.9001,301.1527,926.9933,5508.1076,1146.0134,1275.6964,11.5274,14.8895,24.4957,47.5504,757.9251,1907.3007,680.5956,988.4726,64.3612,97.9827,317.9635,31.7003,1186.8396,130.6436,48.9914,1305.4755,57.1566,95.5812,96.0615,929.8751,37.195,240.634,2391.4505,59.0778,670.9894,1198.8473,15.3698,45.1489,1.9212,3881.3641,970.7012,366.9549,2094.6206,1644.5725,4269.4524,833.8136,2523.0548,1372.2382,1144.5725,241.1143,1447.1662,422.8866,252.6417,415.4659,8.6455,917.8674,933.2373,11.5274,205.5716,399.1354,243.5159,12.9683,863.5927,204.611,5790.586,2378.4774,2402.4015,806.4361,2111.9116,937.0797,2190.2017,1464.4573,438.5207,2088.8569,2141.6907,5393.8521,1232.9491,169.5485,1887.6081,1402.4976,2152.7474,1992.7954,2923.1508,888.5687,1817.9635,21.6138,10.0865,903.9385,438.0403,1298.7512,2714.6974,86.9356,209.414,198.367,1865.9942,498.0788,403.4582,768.4918,47.0701,216.1383,237.2719,1000,378.9625,1021.6138,688.7608,2724.3036,188.2805,154.659,796.83,38.7752,3084.5341,370.317,376.4505,870.7973,1590.7781,1959.6542,25.9366,965.4179,942.3631,447.1662,835.7349,137.8482,4127.2815,23.5351,94.6206,2637.8482,26.8972,695.4851,2224.3036,5580.2113,0,1495.1969,17.8098,3022.0941,1211.8156,1588.8569,673.17,435.6388,153.6984,1075.8886,4649.3756,269.9328,932.757,2879.9232,169.5485,674.8319,17.2911,189.7214,1323.2469,2532.6609,1237.2719,62.9203,449.0874,153.2181,189.2411,27.3775,190.682,65.8021,627.7618,14.8895,3326.609,33.6215,1.9212,9538.9049,6754.5629,335.7349,369.7598,4.3228,14.8895,491.3545,0.9606,176.7531,1064.3612,1004.3228,1172.4304,1575.4083,2542.2671,4814.6013,130.1633,398.6551,0.4803,919.7887,10.0865,3.8425,273.7752,439.001,16.8108,46.5898,3748.7992,1.9212,459.1739,0.4803,7318.9241,77.3295,502.9059,351.1047,823.2469,139.2891,367.3775,127.7618
TCGA-G9-6366-01,0.833333333,2333.9737,5281.1399,2.8818,93.4998,759.2059,476.1447,2723.6631,882.805,942.0429,1353.8264,717.8995,1771.6939,159.7823,1040.3458,134.4861,74.6077,4.1627,17.9315,244.6366,1612.552,19689.4012,131.9244,703.17,1223.1828,1449.5677,6885.9974,1072.6865,338.1364,621.8316,1601.9853,6912.5841,31.0599,203.6503,213.5767,1021.4537,3.5223,142.8114,75.8886,550.7525,25595.5812,21.7739,854.9472,15873.8393,4750.2402,1474.5437,178.3541,50.9126,2154.0186,772.0141,61.7996,1189.1579,592.3791,2546.9869,281.1399,834.1338,1317.6433,166.8268,821.9661,15.0496,434.5181,549.7919,884.0858,1201.7291,1526.0967,1184.7422,319.8847,2150.4963,7496.3176,619.2763,5.4435,1059.8783,116.3144,287.544,1170.0288,9712.456,85.8149,396.7339,1979.8271,2300.9926,933.7176,964.4573,429.715,1643.2917,3582.1326,1668.9081,1666.4009,3797.6305,1672.4304,722.3823,19.8527,1457.8931,1982.0685,1186.9997,392.251,241.4345,1422.6705,626.9613,1272.4944,820.6852,14.7294,5057.9571,737.1118,23.0548,740.3138,1297.7906,3.8425,25.2962,49555.8758,325.3282,596.2216,5634.8319,316.3625,737.7522,7.0445,3.8425,14.4092,29.4589,1042.5873,1756.6443,833.1732,982.7089,124.8799,43.2277,147.2943,7.3647,1262.2478,255.5235,28.178,2860.7109,53.4742,131.6042,153.058,657.3807,14.3164,175.1521,579.2507,134.1659,726.196,1455.0112,24.976,53.4742,8.3253,2894.3324,1129.683,719.5005,2417.227,1037.1438,3566.4425,1813.3205,3434.8383,4286.9036,421.7099,316.6827,1462.0557,126.228,2845.6612,227.0253,2.8818,512.3279,951.6491,1.9212,104.0666,16.3305,149.8559,3.5223,1256.4841,193.0836,4047.3903,3575.7285,3308.9978,422.0301,2132.2446,1410.5027,2287.544,1331.0919,17.9315,1098.3029,1332.0525,5733.5895,980.1473,70.1249,728.146,969.5805,1944.3228,1623.439,1560.999,611.5914,2010.5668,51.2328,5.7637,262.8882,208.1332,1859.7502,1508.1652,171.6298,114.3132,65.9622,1462.0557,494.7166,200.4483,411.1431,42.9075,189.8815,193.0836,1172.9107,805.3154,1239.8335,442.5232,5401.8572,178.9946,272.4944,1693.8841,69.2219,4562.9203,275.6964,580.2273,2129.0426,1631.4441,2338.1364,15.69,2247.1982,1107.2687,184.7582,406.0199,308.6776,5699.6478,22.7346,74.928,1520.0128,17.6113,415.626,922.8306,1366.3144,2.2414,1203.9705,1.2808,3452.4496,3631.4441,1336.2152,746.324,566.7627,4.1627,54.755,4090.2978,118.1556,714.057,3472.9427,487.0317,513.2885,10.2466,46.4297,1751.521,3943.9641,1441.2424,76.529,413.0644,95.4211,67.5632,12.1678,3942.6833,175.1521,3591.7387,5.4435,1240.7941,3.8425,1.2808,7922.8306,7318.2837,258.7256,218.1652,48.6711,19.2123,673.7112,0.9606,224.4637,400.5764,1157.5408,648.415,2112.3919,586.9356,5173.8713,78.7704,286.5834,4.1627,776.1768,0.6404,0.6404,491.5146,360.2305,4.1627,56.6763,1997.1182,23.375,222.5424,0.3458,6276.0167,108.8697,365.9942,251.3609,128.4022,48.9914,681.7163,293.3077
TCGA-G9-6367-01,0.066666667,2553.0926,6504.4691,1.4301,202.0021,709.3314,551.305,2919.9142,915.6239,500.8902,1606.7215,672.8638,1475.867,741.1512,1333.9292,133.7147,101.1798,15.7311,43.6182,444.4047,1358.956,17339.2921,18.2338,887.7369,1387.9156,2590.9903,9735.0411,1268.502,274.5799,1092.5956,2443.6897,5537.0039,20.7365,260.6364,1648.9095,263.4966,6.0779,1.0726,431.8913,1030.3897,24750.8044,21.094,717.5545,12525.9206,5460.4934,2798.7129,253.1284,91.1691,1872.3632,495.1734,221.3085,1203.1641,652.4848,1519.4959,404.7193,1405.4344,1091.5266,492.6707,796.9253,48.9811,321.0583,799.428,846.6214,1691.0976,609.9392,2406.4998,1114.4083,4471.2192,6405.0769,689.6675,1.7876,1266.3568,353.4179,240.2574,3237.3972,9680.0143,125.4916,613.5145,2138.3625,2454.773,949.5888,463.7111,1085.0912,1839.4709,2968.5377,1430.8187,3262.5527,3459.4208,1796.9253,1223.8112,56.8466,2928.1373,1979.9785,1107.2578,415.4451,798.3554,1016.8037,680.7294,1149.0883,602.4312,0.3575,2796.2102,361.1012,60.7794,1285.3057,1621.3801,12.5134,25.0268,34444.7622,193.779,394.7086,5686.4962,2085.8062,1236.6822,25.0268,11.0833,41.8305,55.4165,980.6936,1742.9389,877.7261,1341.7948,232.0343,41.1155,429.0311,20.379,1564.5334,581.6947,171.97,3963.5324,41.8305,123.704,251.3407,969.6103,12.3597,169.8248,2951.3765,39.6854,591.7054,1074.3654,52.9138,107.6153,4.2903,15144.798,1131.5695,986.7715,1972.4705,1816.5892,3440.1144,918.1266,3644.9768,1366.4641,430.1037,410.4398,1597.7833,175.9993,547.0147,345.37,1.0726,668.931,860.2074,16.8037,549.1598,166.6071,148.3733,16.0887,1439.7569,333.9292,4978.5484,3108.3268,2815.1591,606.0064,2476.2245,1049.3386,2080.0858,1820.8795,159.8141,1716.8395,2303.5395,5740.7937,1293.8863,261.3514,1730.4255,1856.6321,1370.8223,1663.5681,1787.6296,1317.8405,2934.5728,34.68,4.2903,985.699,548.4448,1203.7898,4307.1148,181.6232,213.443,146.2281,2025.0268,241.6875,230.9617,1313.1927,244.1902,256.7036,262.0665,1214.5156,886.3068,1023.2392,1099.3922,3015.0161,163.7469,214.8731,1547.0147,30.8009,6539.1491,330.354,364.9231,1051.8413,2484.4476,2020.7365,12.1559,1224.1688,563.1033,246.6929,571.3264,81.5159,6196.9968,13.9435,99.3922,1922.4169,33.2499,570.6114,1564.891,6956.7394,0,1589.2027,4.4798,4148.0157,1933.1427,1486.5928,684.0829,1185.9135,41.473,421.5231,3999.6425,218.0908,1294.9589,2865.9278,418.6629,2622.4526,20.379,62.567,788.7022,3636.3961,1139.4351,108.3304,414.3725,131.5695,70.4326,11.4408,5747.2292,119.4137,9084.7336,9.2957,7033.2499,23.5967,0.7151,17937.7905,8214.5156,352.163,193.232,13.586,23.5967,695.0304,0,159.4566,947.0862,1213.0854,863.4251,1932.7851,2107.9728,5823.3822,84.0186,513.4072,6.0779,995.3522,1.4301,1.4301,560.6006,376.8323,7.1505,94.7444,4141.2227,57.9192,168.7522,1.4301,6030.7472,17.8763,400.4541,231.6768,538.7916,116.911,2299.596,207.365
TCGA-G9-6370-01,0.033333333,2572.843,5365.6294,0.7072,199.7878,776.5205,627.2984,2996.8175,1218.8826,916.9024,2002.1216,673.2673,1580.976,1999.2928,1735.1485,175.0354,107.4965,25.4597,103.2532,457.2136,1314.71,16068.5997,19.4484,692.3621,1831.3296,3128.0057,10729.4802,1198.3734,259.901,1909.8232,2642.5035,8586.6337,15.2051,266.9731,2340.1697,532.8854,12.0226,25.8133,1472.0651,938.826,18557.9915,24.0453,662.6591,8286.7751,3214.6393,3741.1598,290.3112,104.314,2099.7171,588.0481,692.3621,1836.4816,897.8076,1315.1803,695.5446,1756.7185,972.7723,1472.0651,698.727,44.2008,378.3593,1051.6266,1015.2051,2245.7567,662.3055,3353.925,1860.3253,6654.1726,7855.0212,865.983,5.3041,1530.7638,690.4102,428.925,3878.7129,8220.6506,247.1711,852.1924,2230.5516,2706.86,1078.8543,112.8006,828.8543,2017.3267,3727.7228,1662.3055,2962.0226,3384.017,1617.0438,1123.7624,80.976,1944.1301,2585.9264,1094.413,541.7256,1371.6407,1201.2023,730.198,1020.5092,619.1655,4.9505,2612.8006,421.8529,78.5007,1659.1231,1532.5318,15.2051,45.2617,18873.7624,283.239,544.5545,7206.7433,1807.9915,1999.2928,15.5587,20.1556,59.7595,50.5658,1221.0042,1739.7454,923.6209,1686.7044,143.2107,52.6874,710.7496,47.7369,1705.0919,1319.6605,350.7779,4886.8458,64.3564,204.7383,618.4583,1001.768,19.8975,164.7808,2278.9958,30.4102,771.57,1093.3522,42.4328,195.8982,21.2164,7200.8487,1564.0028,812.942,2048.4441,2291.7256,2388.9675,877.6521,3315.0636,1615.6294,427.8642,416.9024,1489.0382,181.029,1566.4781,607.8501,7.0721,692.7157,1138.2603,10.2546,339.4625,200.1414,176.8034,33.5926,1565.4173,982.6733,5859.9717,3570.0071,3086.6337,985.8557,2202.9703,944.8373,1807.9915,1671.8529,178.5714,2435.9972,1872.7016,5980.198,1246.4639,623.0552,2568.2461,2344.0594,1377.4965,1804.4554,2174.6818,1550.9194,2409.8303,41.372,4.5969,1387.553,594.7666,1479.1372,5735.5021,128.0057,240.099,111.3861,1967.4682,283.232,254.9505,1297.3833,51.6266,279.703,367.0438,1004.5969,618.4583,1007.0721,3717.1146,4254.2433,163.3663,210.396,2192.7157,57.3975,8043.4936,397.454,525.7779,1177.157,4097.2419,2277.5813,23.338,1289.2504,521.9236,291.0184,700.495,355.0212,6135.0778,19.4484,110.6789,1884.017,74.9646,770.5092,2611.3861,9874.8232,0,1731.2588,4.9505,3296.3225,2879.4201,1659.8303,814.9788,2207.5672,40.3112,480.5516,3902.7581,297.0297,1526.1669,2889.3211,403.819,1923.6209,133.3098,142.8571,1979.8444,3329.2079,1478.7836,78.5007,319.6605,143.2107,105.0212,7.0721,12912.3055,231.9661,12551.9802,5.6577,19703.3239,51.9802,0.7072,21996.4639,8427.157,383.6634,204.367,26.8741,44.5545,707.2136,0.3536,196.6054,1072.4894,1531.471,757.0721,2153.1117,2365.983,10005.3041,175.0354,503.8897,3.5361,981.2588,2.8289,5.3041,337.3409,570.3678,21.9236,25.1061,5881.1881,84.8656,236.2093,0,9336.2801,52.3338,340.8769,225.6011,614.9222,131.1881,2432.4505,214.6393
TCGA-G9-6499-01,1.333333333,2931.5514,8271.6272,0.3612,107.6395,637.5293,175.9075,2167.961,1093.7331,525.9166,1327.4336,983.2039,1702.0047,236.5902,662.8138,179.1584,64.656,8.3077,28.1741,353.9823,1383.7818,11735.9581,49.4853,807.2964,1139.9675,1618.9272,7278.3059,1315.5138,361.9288,387.5745,1490.3377,5482.3912,68.268,222.142,582.9872,383.6012,8.669,22.756,185.2989,396.6047,24973.4513,204.804,1095.9003,12318.2229,6369.8754,2286.4367,210.5833,84.8835,1798.808,445.7287,50.9301,940.9933,776.5938,1876.3879,372.0426,683.4026,1053.2779,259.3462,757.4499,21.6724,213.473,656.6733,1190.8976,1439.4076,818.855,2494.3869,375.2935,2337.3668,11416.6516,1001.2642,7.5853,971.6453,164.8691,197.5799,832.2196,10756.7275,105.8335,349.2866,1574.86,1997.8328,1072.7831,412.4977,689.5431,1495.3946,3976.5216,1238.9381,2197.2368,3433.6283,1827.3433,1156.9442,58.5154,2043.706,1835.2899,1226.2958,365.9021,476.0701,1348.0224,567.8165,1836.0123,836.1929,1.0836,2702.5465,484.0166,14.8095,1607.3686,1967.8526,11.5586,32.8698,38474.9865,606.8268,944.5548,3334.4483,614.4121,1159.4726,18.0603,5.0569,46.2344,36.8431,1109.6262,2339.534,759.2559,1216.5433,126.4223,86.3283,381.0728,34.6758,1334.2966,671.4828,47.318,4672.2052,47.6792,142.3153,161.8205,1490.6989,25.0605,187.1049,1142.8571,131.8403,463.4278,1785.8046,32.1474,81.9939,15.5319,13413.762,972.3677,245.6204,1984.4681,1032.6892,3652.8806,1110.7098,2754.9214,1635.1815,482.933,199.3859,1753.6572,205.7071,3128.0477,87.7732,1.4448,757.0887,676.9008,9.7526,108.3619,25.6457,136.536,5.0569,442.8391,639.3354,5606.285,2209.8573,2473.1804,693.1551,1708.8676,1057.2512,1783.2761,1413.4008,59.2379,1142.1347,4174.1015,8089.9404,489.7959,249.9548,444.6451,972.3677,1688.3908,1245.4398,1824.0925,1256.6372,2121.7266,37.5655,18.4215,455.1201,219.9747,1191.62,3275.4199,154.2351,102.2214,120.2817,1265.6673,351.8151,263.3195,308.1091,15.8931,158.5696,122.8102,1454.2171,683.0414,834.3869,1358.4974,1938.2337,67.1844,316.0556,1472.9998,33.5958,6140.5093,273.0721,352.1763,930.1066,2032.8698,2310.2763,13.7258,1052.1943,495.214,221.7807,575.763,38.6491,6272.3496,24.2008,53.0973,1930.2872,22.0336,505.689,4354.3435,5512.7325,2.5284,1328.156,0,2888.5678,3855.5174,1947.6251,865.1978,1410.1499,34.6758,129.6731,5120.8236,189.6334,1009.2108,3164.5295,742.2792,1159.1114,12.6422,116.3085,632.8337,2562.3984,1270.0018,80.9102,408.5245,100.7766,74.0473,12.281,741.5568,118.1145,2582.626,6.8629,7847.9321,9.7526,0.7224,21840.3468,7425.6818,369.153,216.1062,6.8629,32.5086,510.0235,0,329.7815,728.9146,1856.9623,1060.8633,2168.6834,1085.4253,9042.0805,124.9774,359.7616,0.7224,793.5705,0,0.7224,450.4244,186.3825,9.7526,45.512,1596.5324,240.5635,134.73,0.3612,4888.2066,7.9465,321.4737,213.1118,251.3997,103.6662,916.7058,132.924
TCGA-G9-7519-01,0.7,1930.5177,8002.8936,4.4516,97.9356,462.2262,261.5325,2094.1146,700.7586,506.0004,1020.5331,709.2909,1709.4207,223.6937,1045.3879,111.2904,48.5968,5.5645,20.7742,316.0648,926.3072,15468.6254,136.8872,1443.8076,1148.888,1558.4367,6552.7758,1191.1784,291.5809,332.7361,1727.5982,5182.0526,49.3387,251.8873,1200.8235,330.9035,4.8226,10.0161,35.9839,538.6456,26892.2152,17.8065,1046.5008,10944.2991,4434.552,1876.7273,131.3227,44.1452,1696.8078,379.5003,125.0162,955.5284,718.9361,1855.8381,188.4518,821.6942,1226.4203,189.5647,890.6943,18.1774,296.7744,657.3554,898.4846,1286.8881,696.307,1649.6949,336.468,2692.857,8514.8294,637.6941,0.371,947.0814,305.7778,222.2099,1805.5015,9332.443,82.7259,352.0487,2111.9211,2100.792,536.0488,1303.2107,1399.6624,1507.9851,3007.8089,1185.6139,3294.0515,3401.406,1742.8079,1116.9848,112.7743,2028.4532,1504.6464,1040.9363,277.4841,298.6293,1111.0493,582.4198,1674.9207,562.3876,3.3387,2794.5023,345.0003,23.371,1112.5332,1204.5332,5.9355,39.6936,28753.7329,294.1777,493.3875,6241.0921,1050.2105,1070.6138,28.5645,3.7097,12.2419,47.1129,692.2264,2225.4373,1679.3723,1404.856,279.7099,76.4194,382.4681,27.4516,1459.7592,562.0166,31.9033,6091.2952,15.2097,153.9517,317.9196,615.065,12.075,141.3388,1995.8081,62.6936,634.3554,1076.1783,66.7742,83.4678,2.5968,16342.2551,913.6943,628.7908,1865.9692,1042.0492,3053.067,1265.001,3539.777,1456.0496,341.2906,293.4357,4170.0518,189.8021,1565.8561,203.2905,0,713.3715,686.2909,8.5323,266.726,99.4194,113.5162,16.6936,1092.5009,451.4681,3427.7447,2170.905,2663.5505,545.323,2567.0988,1223.0816,1778.7918,2141.2275,7.7903,1246.8236,1371.4688,4285.4228,1010.8879,178.8066,482.2585,1050.2105,1079.773,1335.114,1633.7433,1811.4369,2337.8406,56.7581,15.5807,550.1456,342.4035,1151.8558,4150.7614,134.6614,180.6614,120.1936,1453.0818,290.8389,238.9034,496.3552,27.4516,174.355,133.5485,1651.1788,359.468,1043.9041,771.2426,1672.3239,26.3387,253.7421,1343.6462,20.0879,7435.3124,281.5647,484.718,968.9685,1875.2434,2810.8248,5.5645,1429.7108,616.5489,217.0163,489.6778,55.2742,6018.2145,25.2258,103.8711,1786.5821,17.8065,429.952,2295.9212,4627.8263,2.2258,961.1782,1.4839,4359.6164,3682.2288,1698.6627,505.8149,763.8232,27.0807,109.8065,3582.0674,196.2421,690.7425,2881.6797,420.3068,673.678,9.6452,592.065,981.9524,3159.5348,1447.1463,57.5,630.2747,104.984,58.613,15.5807,844.6942,132.8066,808.7103,9.6452,11348.2833,110.1775,0.371,12085.0259,7421.9576,339.8067,249.0531,8.5323,52.6775,627.307,0.7419,224.8066,537.9037,2100.421,981.5814,1982.0822,1106.9686,8475.8778,89.4033,380.9842,3.3387,898.4846,1.1129,3.7097,789.42,262.6454,10.7581,199.9518,1587.3722,6.6774,269.3228,0,2917.6636,258.5647,319.4035,296.7744,185.484,96.0807,1758.3737,138.742
TCGA-G9-7521-01,0.6,3094.7686,6425.9107,0.5478,150.0959,1316.3517,1305.1219,3952.0679,962.476,571.3503,2222.9526,787.1816,1582.854,428.3758,4308.1348,439.6056,146.6064,33.1416,118.8715,958.6415,1913.9962,12576.5544,94.4947,727.7458,1745.2753,2581.7584,9223.4922,1103.8072,338.5374,1144.6097,2881.6763,5860.0383,143.5223,258.0115,89.0167,384.0044,36.4284,241.0299,91.2079,609.9699,31587.5103,12.3254,1165.1602,9493.5634,4333.0594,2770.4738,369.4878,142.9745,2338.8113,744.7275,451.931,1996.6448,454.9439,1418.2169,295.5355,1122.1583,1088.195,209.8055,805.8066,20.8162,791.2901,1087.0994,1580.6628,2098.3292,517.1186,2900.5724,1248.1512,5866.0641,7568.6113,1026.0203,10.682,1922.7609,402.5829,960.011,1337.9896,7310.8737,372.7746,1090.3862,671.8707,2446.7269,857.0255,53.41,555.1904,2493.0156,6177.2117,1484.2509,2383.043,3326.4859,1739.5234,685.0178,62.7225,1817.3103,2690.4958,739.2495,635.7162,1004.6563,783.8948,842.235,1232.2651,931.5256,0.5478,3020.5423,1468.3648,75.3218,1479.5946,1820.0493,16.4339,99.1509,28609.4221,758.9701,497.398,6364.3057,454.9439,939.1947,24.9247,23.5552,133.662,62.9964,1735.9627,2067.1049,565.8724,795.9463,223.7743,50.671,931.7995,66.5571,1380.1698,2674.3358,159.1345,6012.8732,47.1104,216.1052,190.9066,477.1296,35.0342,299.0961,932.0734,8.4908,896.3599,2124.6234,144.6179,407.0118,56.9707,10899.2057,642.8376,359.3536,1700.63,1796.2202,1718.7072,786.6338,4218.0225,1651.0545,497.9458,275.5409,2052.3144,71.9008,383.4566,167.8992,0.5478,1063.5442,582.3062,6.0257,264.3111,11.2298,175.8422,73.4045,1956.7242,427.828,5380.9915,7132.8348,3559.5727,910.4355,1837.031,1278.8277,2340.1808,1681.731,5.7518,2150.6437,1921.9392,16074.2262,561.49,697.0693,661.7365,1444.2618,1336.4941,1480.6902,2852.6431,1639.003,1604.218,82.991,43.0019,652.6979,723.6374,1655.4369,4984.3878,279.3755,544.2345,91.4818,1628.8688,292.2487,280.745,1058.3402,5.478,326.7598,190.3588,1342.372,760.8874,1603.3963,652.6979,1588.332,124.0756,250.0685,1100.7943,74.5522,10228.9784,511.6406,693.2621,3364.8316,2165.708,1401.8077,97.5075,2417.9677,532.4569,163.7907,403.1772,357.1624,6203.7798,32.3199,122.1583,1555.7382,50.671,538.4826,1064.3659,4915.9134,2.739,1757.0529,3.1882,2815.1191,2897.5623,2147.9047,696.5407,3130.1013,7.6691,102.4377,3305.6697,152.8348,1832.6486,3388.9345,869.3509,654.8891,12.5993,80.5259,2428.6497,4497.6719,2625.3081,29.0331,437.6883,150.9176,27.9376,37.7979,2335.2506,184.3331,2235.0041,27.1159,6299.9178,64.092,4.6563,29623.9386,10413.5853,639.8247,228.814,84.3604,237.7431,523.6921,0,219.6658,796.4941,3134.2098,511.9145,2054.2317,779.2386,15659.2714,95.8641,439.3317,2.739,1232.2651,4.9302,1.0956,396.0559,372.5007,22.4596,23.2813,3909.6138,18.8989,115.037,0,5964.9411,4.1085,364.0099,272.5281,351.4106,60.2575,1068.4689,181.5941
TCGA-HC-7078-01,0.7,2790.8096,6670.0219,7.4398,208.3151,706.7834,808.7527,3183.3698,2089.7155,1013.5667,1927.7899,1014.8796,2071.7724,419.256,1562.3632,237.6368,115.0985,23.6324,66.9584,515.9737,1313.3479,15229.7593,36.7615,1254.7046,1266.0832,2817.0678,7557.081,1272.2101,467.3961,996.0481,2822.7571,7493.2166,155.7987,352.2976,713.7856,870.4595,2.6258,28.884,249.453,605.6893,20413.5667,609.628,732.1663,10638.9497,2592.9978,1978.9934,246.3895,207.0022,2036.3239,693.6543,228.884,1967.3129,990.372,1870.6389,467.8337,1195.6236,1257.7681,640.2626,789.9344,32.3851,531.7287,990.8096,786.8709,1838.512,1009.1904,1743.5449,918.5996,4294.0919,8890.5908,733.4792,0.8753,1358.4245,323.7287,340.919,1598.6871,11780.744,291.0284,655.1422,2611.8162,2368.9278,866.9584,1430.6346,1007.8775,1922.5383,5063.4573,1139.1685,2392.1444,4892.779,1787.7462,2465.2079,73.0853,1411.3786,2781.1816,1263.4573,515.5361,649.453,964.1138,938.2932,985.558,1109.8468,3.0635,2229.7593,516.849,30.6346,809.628,1854.7046,24.9453,70.0219,29485.3392,408.3151,708.9716,4104.3414,726.9147,835.0109,17.5055,9.628,18.8184,49.0153,1408.7527,2147.9212,723.4136,1507.6586,175.4923,74.8359,676.1488,98.9059,1422.7571,565.4267,104.5952,6892.779,42.8884,317.2867,242.8884,623.1947,68.779,325.1641,1188.1838,151.4223,836.7002,1094.5295,52.0788,140.919,18.8184,6303.2823,1200.4376,943.5449,1747.9212,2014.8796,3660.8315,692.3414,2871.7724,1479.2123,925.6018,210.9409,1586.8709,192.2538,1927.7899,149.6718,2.1882,1003.9387,1168.9278,7.8775,306.3457,175.93,201.3129,22.3195,1611.8162,611.8162,4421.4442,3938.7265,2528.2276,651.6411,1817.5055,829.3217,1692.3414,1500.2188,45.0766,2151.4223,3210.0656,5522.1007,1762.3632,605.2516,670.0219,2244.6389,2238.0438,2083.151,2974.6171,1062.5821,2278.7746,48.14,17.5055,759.2998,436.3239,1728.2276,2963.2385,101.0941,122.5383,154.9234,1645.0766,571.5536,303.7199,544.4201,23.1947,210.5033,179.8687,1091.0284,2095.4048,1238.512,1197.8118,5567.1772,139.6061,427.1335,4672.6477,74.0481,4892.779,426.6958,380.2582,1727.7899,2742.6696,1553.1729,30.1969,1914.2232,716.849,397.8118,1005.2516,101.0941,5498.4683,61.2691,98.9059,2424.9453,71.3348,654.7046,1065.2079,8115.9737,4.814,1259.081,1.7505,2678.337,942.2319,1759.7374,672.6696,987.7462,27.5711,181.6193,5308.0963,254.267,1013.1291,3298.9059,1165.4267,3238.0744,42.4508,80.0875,2635.4486,2626.2582,1116.4114,55.1422,413.5667,122.9759,179.1204,31.0722,3264.3326,505.4705,8905.9081,26.2582,3686.6521,152.2976,1.7505,25619.6937,7501.9694,444.6389,314.8972,41.1379,92.3414,654.267,0.4376,240.2626,952.7352,2438.512,890.1532,2035.0109,1766.7396,4128.2276,111.5974,339.6061,5.6893,809.628,14.8796,37.1991,714.2232,480.5252,13.1291,46.8271,1910.7221,304.1575,335.6674,0.4376,5311.1597,38.0744,364.5514,278.337,285.3392,148.7965,726.477,159.2998
TCGA-HC-7233-01,0.933333333,2622.7197,5131.2241,5.6403,239.3584,944.3906,1268.3529,3128.9328,1325.108,1326.1655,2734.1147,660.9677,1293.734,402.2209,1096.325,257.6893,111.0426,34.1941,133.6036,500.9254,1375.8703,13872.2129,55.6975,916.5418,1198.5547,2729.1795,9784.0698,908.4339,440.9976,1166.1126,3395.7874,4333.4802,119.503,272.1424,407.5086,61.3378,32.4315,2.1151,105.4023,853.0889,11087.3359,51.4673,423.3718,15477.5712,3624.9229,3328.8094,316.5594,216.4449,2200.7579,841.1034,115.9778,2050.163,904.9088,1865.7725,696.2193,1360.3596,885.5204,435.3574,863.6644,20.0934,543.2273,1025.1168,1294.4391,2301.225,745.5715,1846.1267,939.8079,6117.5641,12412.7963,1115.7134,9.8705,1754.12,1045.2102,494.2275,1566.229,6739.4025,235.8333,669.0755,2075.9672,2726.7119,1295.8491,1011.7212,2422.4905,2180.312,5441.7908,1503.8336,2918.6005,3968.6261,1369.8775,765.3124,35.2516,1934.6083,2755.2657,1044.8577,674.0108,987.3976,1852.8245,819.5999,939.8079,1021.9441,92.3592,2807.7906,991.9803,61.3378,813.6071,1516.1717,21.856,92.0067,30292.0596,588.7019,518.5512,4047.0327,1406.1867,988.4551,22.9135,24.3236,20.7984,34.8991,1856.3497,1803.4723,1850.7094,1461.5317,203.4018,66.9781,1397.3738,131.4885,1263.0651,972.9444,408.5661,9741.0769,29.2588,198.8191,789.9885,1130.5191,44.7308,155.8121,1394.5536,33.8415,671.2717,1756.2351,194.5889,324.6673,22.561,7462.0605,1790.6971,693.3991,1587.7324,2199.3478,2562.4394,968.0092,3840.3102,1991.7159,540.0546,425.8394,3201.5511,111.9591,3700.3613,186.1285,1.0575,786.1109,1086.4546,6.6978,143.1215,36.3092,201.9917,55.6975,2424.6056,558.033,5189.0367,3690.4838,2183.8371,576.3638,2590.6407,1231.3387,1616.2862,2074.5572,21.151,2155.9884,1895.479,7895.3027,713.14,326.7824,417.7316,1978.6728,1954.0531,1289.1513,3115.5371,1222.5258,1820.7456,51.1148,19.3884,1026.1743,254.1641,802.6791,2504.9793,198.8191,155.8121,96.9419,1792.8968,381.0699,205.8694,1438.9707,12.6906,329.25,259.0993,1645.5451,694.8092,1327.2231,968.0092,2793.69,160.3948,308.8041,2583.9429,118.248,6285.3618,513.6159,576.3955,1606.7683,1326.518,2788.0497,33.1365,1345.9064,653.9173,244.9987,765.6649,40.1868,4301.7538,29.9639,38.0717,1447.431,150.8769,905.9663,3387.6796,9091.7423,2.8201,1441.4383,1.7908,2606.5039,1294.7916,1709.703,1144.2778,448.753,11.9855,210.0996,3723.9799,149.4668,1501.0135,2895.5671,909.4915,657.09,17.6258,473.7816,1173.1735,4377.1922,1611.7035,55.6975,251.344,129.3734,108.575,14.8057,577.4213,217.1499,4059.5752,20.7984,3932.3169,32.079,1.4101,59726.8,7090.861,601.3924,221.1756,61.3378,135.3662,727.5932,0,404.6885,1298.6693,2041.7732,524.8964,2431.3034,1532.3874,8722.3055,107.1649,364.8541,2.1151,878.8226,1.0575,1.7626,409.6237,407.8611,31.3739,68.3881,1559.5312,50.4098,231.6031,0.4583,5132.9867,23.9711,285.2419,199.8766,295.4085,139.5964,886.1902,137.8338
TCGA-HC-7736-01,0.6,3497.6328,5441.0836,1.3151,257.7591,1155.7075,1241.4519,5769.3319,1431.0889,1326.4072,2955.0237,808.7849,1684.9027,506.3125,3527.091,323.2509,263.0195,52.0779,68.3851,560.7575,1832.1936,9011.5729,40.768,707.7854,1736.4545,3172.5408,8089.8948,1048.3956,341.3993,2359.2583,3906.1021,8755.6549,126.2493,315.8864,838.7691,2103.6297,15.2551,30.7733,256.97,946.081,13879.5371,8.9427,424.7764,21108.8901,3793.5297,4120.1999,370.3314,198.3167,2541.5571,962.9143,252.7617,4428.9611,1158.6007,1594.516,922.4093,1546.8175,1019.4634,765.6497,872.9616,25.5129,669.6476,1305.6286,1147.5539,2591.0047,1117.8327,2299.5792,1478.9584,5295.6339,7332.7196,720.6733,4.7344,1904.2609,743.2141,528.1431,2359.5476,6195.6865,309.5739,1355.8653,1998.6849,2188.0589,1387.9537,542.8722,1116.7806,2504.4713,5917.6749,1641.7675,3744.9264,4419.7791,1193.8453,1170.4366,54.9711,1527.091,2974.7501,1078.3798,1053.919,1437.6644,1733.5613,905.839,977.1173,931.0889,15.5181,2844.0295,883.4824,125.4603,1453.1825,2200.9469,53.1299,57.6013,28293.2667,327.4592,517.3593,4677.8038,812.7301,756.707,16.5702,19.9895,46.2914,49.9737,1916.0968,1680.9574,434.7712,837.717,167.2804,104.9448,677.0121,84.9553,1178.8532,1047.8695,405.576,8109.6791,97.8432,259.6002,541.5571,708.5744,37.0857,265.1236,1349.2898,21.8306,1087.8485,1127.8275,104.6817,202.788,47.3435,30862.4408,1902.6828,1241.4519,2095.7391,2113.6244,2256.444,1366.6491,3309.8369,2121.252,798.0011,424.2504,2308.5218,115.4682,3447.6591,277.2225,1.0521,1097.3172,792.2146,4.4713,509.9947,34.1925,231.4571,26.828,2446.8701,1413.9926,4876.3809,3536.8201,2217.1857,734.3503,1966.5965,959.495,1544.4503,848.7638,27.8801,2865.5971,1366.9122,6945.555,1218.8322,896.3703,609.6791,1705.4182,1031.0258,2204.8922,4039.4529,1410.3104,1617.3067,82.0621,40.242,770.384,731.7201,1972.646,2821.4098,204.1031,281.4308,55.2341,1947.6591,981.3256,172.8038,1412.6775,11.5729,441.3467,209.8895,1088.1115,2047.0805,1819.5686,2128.0905,16244.8711,98.6323,502.3672,9427.9327,88.1352,14559.7054,408.2062,663.5534,1468.4377,2953.4456,2065.2288,16.5702,1068.6481,685.6917,318.7796,1303.2614,555.7601,3768.0168,60.7575,119.1478,1808.2588,190.9521,1016.5702,3747.2383,2268.5429,1.5781,1873.7507,3.2299,3504.7344,4324.566,1751.9726,1067.8143,3697.2646,14.9921,153.8664,4007.8906,216.728,1381.9043,3719.0952,694.1084,1139.1373,73.6454,48.1326,3178.0642,2680.4314,1907.4171,29.9842,318.2536,143.0826,160.05,36.0337,28010.2604,285.9022,30265.1236,29.9842,26767.2278,23.1457,1.3151,12613.8874,8069.7002,608.8901,235.4445,233.8243,93.1089,743.293,0.263,244.0821,956.3388,2164.9132,486.849,2175.96,1756.444,6504.4713,231.9832,477.1173,12.6249,923.1983,2.8932,3.1562,947.9221,1291.4256,18.9374,24.4608,5341.9253,48.9216,322.9879,0,8115.9916,17.0963,344.5555,270.384,225.6707,98.1063,2267.5381,216.465
TCGA-HC-7740-01,0.4,2923.9865,5399.4932,2.9561,254.223,869.0878,760.1351,2795.1858,1209.0372,842.9054,2053.6318,752.5338,1868.6655,958.6149,1459.8818,132.1791,101.3514,29.9831,121.1993,611.9088,1097.5507,13538.4291,21.5372,933.277,2044.3412,3114.4426,9660.8784,1224.2399,329.3919,1779.5524,2726.3514,6769.0034,34.2061,286.7399,1644.848,731.4189,11.8243,20.6926,576.4358,1116.5541,18313.3446,39.6959,679.8986,7410.8953,3460.3041,3531.25,304.0541,119.5101,2074.3243,570.5236,385.9797,2794.2905,719.1723,1262.8716,651.1824,1729.3074,997.8885,940.4561,648.6486,32.9392,363.1757,879.6453,942.9899,1961.9932,1317.5676,2714.527,2250.4223,6354.7297,6812.9223,792.2297,0.4223,1430.7432,595.1267,500.8446,2309.1216,7948.902,300.6757,906.25,2043.4966,2657.9392,998.7331,475.0845,1380.4899,1746.1993,3346.2838,1475.9291,2740.7981,3552.7872,1585.3041,1352.1959,117.8209,2018.1588,2316.723,1340.7939,500,1148.2264,1271.9595,921.875,1127.1115,598.8176,7.1791,3076.8581,403.2939,72.6351,1180.3209,1813.7669,15.625,40.9628,25148.2264,281.25,486.4865,7228.5769,2060.8108,1301.098,13.9358,13.9358,12.6689,53.2095,1110.2196,1413.8514,1040.5405,1353.0405,125.4223,45.6081,785.473,94.1723,1461.1486,853.8851,453.125,5119.0878,46.875,269.4257,183.6993,1071.7905,25.5785,211.1486,2642.3142,43.4966,723.2897,1071.7905,104.7297,167.652,22.3818,16500.8446,1366.1318,974.2399,1798.5642,2239.8649,3101.7736,937.5,3429.0541,1876.2669,482.2635,416.8074,2267.3142,118.3995,2491.9764,435.8108,7.6014,805.3209,1067.9899,9.2905,991.5541,107.6858,138.9358,23.6486,1890.2027,1641.4696,4511.8243,2898.2264,2369.9324,938.7669,2008.0236,896.5372,1505.0676,1530.8277,94.1723,2736.9088,2310.3885,5565.8784,1165.1182,522.8041,1582.7703,2603.4628,1252.0017,2160.8953,2129.223,1663.4291,2569.6791,28.2939,12.2466,1394.0034,565.0338,1687.9223,3202.7027,149.0709,383.4459,82.348,1918.4966,671.875,231.8412,1654.9831,34.2061,274.4932,326.4358,896.9595,1046.875,1185.3885,3170.1858,5701.4358,202.7027,258.8682,2482.6858,46.989,9730.152,391.8919,344.1216,1101.3514,1967.4831,2051.9426,16.4696,1095.0169,453.5473,286.7399,797.7196,80.6588,4739.8649,18.5811,55.7432,1748.7331,132.1791,744.0878,3515.625,6559.9662,2.1115,1347.5507,4.6453,3474.6622,4079.3919,1647.8041,853.3024,2328.5473,33.3615,539.2736,3145.2703,237.3311,1439.1892,2736.0642,454.8142,1141.0473,64.6115,140.625,2402.027,3245.3547,1204.8142,95.4392,331.9257,105.152,97.1284,6.3345,1663.8514,320.5236,5468.75,8.4459,22477.1959,109.7973,0,20019.0034,7586.5709,483.5304,147.4324,21.9595,33.7838,654.1385,0,139.7804,1118.6655,2438.3446,676.9426,1734.7973,2675.2534,8835.7264,204.8142,489.4426,2.5338,929.4764,2.9561,0,525.7601,669.3412,22.8041,176.9426,3528.2939,69.6791,243.2432,0,6786.3176,44.7635,343.3277,190.8784,496.1993,104.7297,2285.8361,282.5169
TCGA-HC-7742-01,0.466666667,3488.9306,7248.03,4.1276,135.0844,891.9325,760.2251,3424.7655,1073.9212,927.2045,1901.6886,909.5685,1776.7355,248.4053,2109.1932,260.0375,175.985,48.4053,26.2664,545.591,1252.5328,9700.5629,51.4071,803.7523,1578.6116,2541.4634,9273.5197,1108.0675,380.863,1092.2964,2739.5872,6519.6998,141.8386,266.4165,509.5685,273.546,3.3771,0.7505,58.1614,1141.0882,26587.6173,16.1351,705.4409,10780.4878,6054.7842,2040.9006,276.9231,60.0375,2200.3752,579.3621,68.2927,2124.0375,1001.5009,1665.5685,371.1069,1378.6116,1470.1689,329.0807,818.7617,23.2645,608.6304,1119.3246,930.5816,1875.7974,932.4578,1488.9306,841.2758,5498.6867,6662.2889,1028.5178,0.7505,1612.0075,394.3077,371.4822,1502.439,7774.1088,105.0657,670.9193,875.7974,2118.9493,1441.2758,950.469,1001.5009,2247.2795,4598.1238,967.7298,1512.5704,4363.6023,1691.182,1327.955,31.5197,2036.0225,2086.3039,1307.6923,648.4053,439.3996,363.9775,628.5178,1365.8537,1081.8011,10.8818,3177.4859,683.3021,96.06,947.8424,1929.4559,21.7636,27.7674,38352.3452,335.0844,354.9719,6257.122,884.0525,887.8049,35.6473,6.0038,4.1276,27.7674,1306.5666,2028.5178,1270.1689,1214.2589,351.97,90.0563,374.1088,37.1482,1051.4071,282.5516,342.2139,5482.1764,33.3959,222.8893,330.9568,860.4128,34.4503,314.0713,1704.3152,13.8837,711.8199,1064.9156,67.167,66.7917,3.3771,7981.2383,1381.2383,634.1463,1706.5666,1724.9531,3046.1538,690.8068,3744.0901,1391.7448,613.8837,387.9925,2195.122,97.9287,841.651,169.606,2.6266,1064.5403,633.7711,24.7655,295.6848,42.0263,177.8612,13.5084,2006.7542,551.2195,4565.4784,6578.2326,2596.2477,798.1238,2130.9568,1000,1736.5854,1597.7486,44.6529,1691.182,1946.7167,6963.227,606.7542,194.3715,746.3415,1397.7486,1062.788,1852.9081,2613.5084,1069.0432,1760.9756,103.94,40.9006,885.9287,745.591,1835.6473,4073.1707,249.9062,166.9794,138.8368,1601.8762,666.4165,242.4015,629.6435,44.6529,319.3246,70.9193,1321.9512,624.3902,1544.8405,535.0844,4172.2326,160.6004,239.0244,4026.6417,40.2139,4543.3396,409.0056,561.925,2762.8518,1624.7655,1608.2552,7.8799,1209.3809,837.8987,240.9006,621.0131,140.7129,5660.0375,88.1801,141.8386,1528.3302,50.6567,610.5066,1912.5704,3975.6098,0,1354.2214,3.7523,3260.788,1048.03,2095.3096,988.1388,906.1914,73.1707,301.6886,4366.6041,181.6135,969.606,3633.3959,954.5966,721.576,25.5159,499.4371,2491.9325,4322.7017,1290.8068,49.9062,354.2214,89.3058,86.6792,56.2852,3496.06,212.758,4930.5816,43.5272,7099.4371,6.7542,1.1257,13400.3752,9463.4146,579.7373,183.0957,25.8912,25.8912,517.8236,0.3752,228.5178,1075.4221,1717.4484,761.3508,1260.788,2108.4428,8526.8293,55.9099,429.2683,1.8762,790.6191,1.5009,1.5009,395.122,516.6979,10.8818,212.3827,3275.4221,14.6341,328.7054,0,6404.878,108.818,328.7317,255.5347,246.9043,187.6173,1060.7805,325.3283
TCGA-HC-7750-01,0.633333333,3433.2448,5989.0588,2.9643,189.1219,687.1233,638.5088,2510.7567,1086.71,698.9804,1868.0978,730.9948,1795.1762,355.7152,846.6023,144.6575,106.7146,26.6786,27.2715,514.0085,1181.5674,12860.8842,18.3786,1381.9537,1484.5182,2066.1126,8968.7549,1188.0889,321.9223,934.9323,2207.8059,6771.6323,58.1002,263.2293,890.4738,299.3937,2.9643,1.1857,205.1291,1127.6173,20537.8118,30.8287,786.7235,9031.0169,4920.1345,2912.7149,247.2221,87.1502,1895.9622,431.0083,297.6151,1805.3971,649.7732,1421.1001,366.3867,1322.0749,1141.253,721.5091,775.4592,39.1287,434.5654,937.9025,897.5881,1535.5041,1196.3889,2053.6626,1244.4105,4005.9464,10362.5776,640.2874,4.7429,1295.3963,545.5308,343.8581,1909.0051,8377.0937,83.0002,398.9939,2194.1701,2737.2287,729.8091,503.9299,1619.0972,1820.0763,3597.4667,1521.2755,2498.4371,3730.2671,1556.847,1329.7821,46.8358,2366.0992,1905.4479,1300.732,364.0153,564.4015,1344.0107,882.1738,1137.103,560.8443,0,2816.0789,404.9225,36.7572,650.9589,1437.6824,12.45,35.5715,32104.4854,231.8078,407.2939,6401.4869,1535.5041,938.4954,23.7143,8.8929,26.6786,58.693,1007.267,1880.5479,1191.0532,1339.8607,238.3292,72.3288,525.2728,34.3858,1304.2892,349.7866,333.1866,5638.0864,55.7287,224.1006,292.2793,972.8812,27.5146,162.4433,3077.5296,68.1788,586.9301,1159.6317,106.1217,96.636,12.45,5201.1496,1167.9317,996.0027,2038.8411,1689.0545,3376.3304,931.9739,2988.008,1408.0395,431.0083,491.4799,3547.6666,144.1299,2126.5842,112.0503,2.3714,927.8239,853.1237,10.0786,132.2075,29.0501,116.2003,10.0786,1607.8328,327.8509,4167.2039,2581.8938,2333.4919,751.7449,2215.513,975.2526,1561.5899,1584.1185,30.8287,1891.2193,1768.4976,4845.4343,931.9739,172.5219,782.5735,1951.098,1315.5416,2098.7199,1633.9186,1412.7823,1930.348,43.2787,17.7858,864.388,332.5937,1303.6963,2689.8,200.9791,154.7361,112.6432,1738.2618,449.3869,226.472,994.8169,37.3501,252.5578,218.172,1260.4176,699.5733,1028.6099,537.13,2489.4138,90.7074,235.9578,1154.8888,55.207,4501.5763,374.6867,463.6274,1180.3817,2019.8697,2102.8699,9.4857,1233.1461,558.4729,228.8435,784.9449,59.2859,4949.7775,26.6786,45.6501,1775.6119,46.243,524.68,2082.7127,5627.415,5.3357,1050.5457,3.3378,3233.4515,1710.9903,1537.2827,722.843,574.4801,49.8001,301.1722,3523.3594,193.2719,1138.2887,2842.7576,502.7442,1039.2813,10.6715,265.6007,1011.417,3696.4741,1070.11,90.1145,341.4866,119.7575,78.2574,14.2286,655.1089,260.265,2829.7147,8.8929,2612.7284,77.0716,0.5929,18012.8265,8418.5938,341.4866,190.3551,11.2643,24.3072,624.2802,0,215.8006,907.0738,1222.4747,764.7877,1907.2265,2642.9642,5769.1082,60.4716,487.3299,2.9643,819.9236,1.1857,2.9643,592.8587,432.7869,5.9286,158.2933,1822.4477,176.6719,266.7864,0,4479.0476,20.7501,314.808,241.8864,329.0366,193.2719,917.1287,198.6077
TCGA-HC-8216-01,3,2392.0546,5837.8647,0.9932,126.6294,614.2768,293.9789,2349.3482,1007.5729,1312.4767,2295.2204,897.8274,1570.7014,566.108,1650.6518,228.4295,32.2781,21.8498,53.1347,427.5605,1583.1161,9210.18,26.8156,968.8392,781.1297,1794.6617,10257.4749,972.8119,357.0453,498.0608,1403.352,6548.4792,196.648,252.7623,802.9795,145.4997,6.4556,19.3669,171.3222,499.5655,15037.6164,46.1825,904.7796,9521.0428,3005.3383,2128.3675,229.4227,126.1328,2147.2377,959.4041,197.1446,1068.072,1134.2024,1662.0087,581.5022,684.2955,1332.3402,598.8827,851.6449,17.3805,607.8212,956.9212,904.2831,2047.9205,667.9081,1815.0217,485.1645,4586.468,11004.8417,1576.1639,0,1383.9851,301.8299,293.9789,1256.8591,6909.9938,149.969,642.5822,2400.9932,2362.2595,1448.0447,1742.5202,844.6927,1709.2489,6869.7703,1404.8417,2662.694,3221.8498,1323.8982,938.0509,26.8156,1903.9106,2990.4407,1041.8374,500.5587,402.7312,880.9435,726.5053,1201.7381,1400.3724,9.9317,2389.5717,912.725,33.7678,724.0223,964.37,15.3942,60.0869,24050.1552,623.2154,753.3209,3324.1266,432.5264,971.8187,14.401,26.8156,9.4351,46.6791,1045.3135,1943.6375,927.6226,1519.0565,304.9038,96.3377,697.7033,42.2098,1066.6667,428.0571,50.6518,6141.7753,44.6927,208.0695,248.7896,627.6847,23.8858,228.9261,732.4643,21.3532,692.3153,1476.3501,29.2986,176.7846,18.3737,7983.1161,780.1366,359.5282,1682.4333,1597.0205,2461.5767,1092.9857,2972.5636,1476.8467,765.7356,254.7486,2530.6021,176.8939,2298.6965,548.2309,3.4761,826.8156,715.0838,3.4761,97.8274,16.3873,252.7623,19.8634,954.4382,474.2396,5128.7399,6411.9181,2397.5171,525.8845,2590.689,1274.2396,1935.1955,2347.8585,46.6791,1001.6139,1217.1322,3526.7536,956.4246,292.4891,471.2601,1624.8293,1596.7474,1333.8299,3271.5084,1272.2533,1641.2166,128.6158,39.7269,647.5481,168.3426,938.0509,3596.2756,137.0577,208.5661,139.0441,1325.388,302.4209,389.82,510.4904,14.401,223.4637,274.612,1437.1198,649.0379,1333.3333,774.1775,3314.2148,146.4929,349.0999,3091.2477,23.3395,6390.0683,613.7803,405.9243,1895.9652,2250.031,2888.144,22.843,1964.9907,819.8634,311.856,458.8454,38.2371,5920.7945,54.1279,49.6586,1228.0571,23.8361,881.9367,2356.3004,6779.8883,0.4966,1539.9131,3.4761,2334.4507,449.4103,2022.0981,1151.126,1014.0286,15.8908,181.2539,4227.4364,205.5866,1383.4885,3812.2905,669.8945,1743.0168,25.3259,270.6394,1054.7486,3764.6182,2047.424,51.1484,431.0366,80.4469,60.0869,37.7405,612.7871,230.4159,2623.4637,21.3532,2568.8392,17.3805,0.4966,21892.9857,6740.1614,551.2104,299.6151,49.6586,75.9777,574.55,0,291.496,1027.933,2634.3886,634.1403,2475.4811,1524.5189,8744.3824,134.0782,413.1595,4.9659,884.9162,0.4966,3.9727,960.8939,356.5487,15.8908,55.121,1797.6412,95.3445,163.8734,0,4095.8411,73.4947,368.9634,346.617,296.4618,84.9162,685.7256,84.4196
TCGA-HC-8264-01,0.833333333,2514.6128,4600.8152,1.7345,165.1201,753.1003,1283.4967,3018.2985,1593.2703,934.8712,1837.8285,816.5814,1510.7103,381.5801,1164.8599,219.9289,97.4764,17.3445,40.9331,632.0354,1583.9043,13592.9234,85.6821,741.306,1155.147,2432.0527,9079.1397,1051.7735,287.5726,845.3525,2542.711,4854.7394,97.1295,278.5535,311.5081,262.9434,12.1412,69.0313,6.244,469.6904,17393.4611,23.9355,513.7456,6115.6881,2718.9316,2989.1597,344.8096,83.6007,1974.1566,624.7507,370.8265,1863.1203,1648.0791,2749.1007,231.7232,987.9455,892.2036,397.1902,760.385,48.5647,393.3744,803.3995,967.1321,1969.9939,666.7245,1721.2731,627.1789,4804.0933,9283.4967,1157.9221,2.4282,1548.8683,1172.1932,449.5707,2031.3936,6622.149,0,589.7147,1977.9724,4772.8731,868.615,4018.7321,226.8667,2140.3174,4949.0937,1595.0048,3228.9376,1506.2007,1148.5561,1036.1634,47.1772,2068.1641,2513.5721,851.6174,501.9513,0,856.127,1138.8431,1082.6468,957.4191,6.9378,3417.2231,594.5712,69.3782,864.1055,1254.7047,11.7943,50.2992,16907.8137,440.8984,548.4347,2983.88,1171.4509,0,21.8541,23.5886,6.244,51.6868,1075.0152,1562.397,475.2407,499.8699,214.3786,87.7634,868.615,65.5624,1329.9801,548.7815,468.6497,7286.7921,2.4282,410.0251,0,348.9723,38.3141,227.9074,2441.4188,37.1173,960.1943,1102.7665,129.0434,138.0626,10.4067,4722.5739,768.3635,1315.0637,1637.6724,2073.7143,2574.278,1128.4364,4009.7129,2568.3809,611.5688,536.9873,1854.1323,219.8387,1232.5037,250.4553,1.3876,1226.6065,988.2924,2.4282,234.8452,11.7943,172.7517,21.5072,3179.6028,0,6245.7723,4008.6688,2751.1924,531.7839,2057.4105,1046.2232,1877.0271,1779.8977,4.8565,1820.137,1793.7733,6347.4113,1162.0848,1044.1419,255.6587,4248.3739,1451.0069,1398.6645,3019.6861,2493.7993,1518.6888,62.7873,20.1197,1099.6444,386.7835,1212.384,3399.8786,176.5675,558.1476,97.8233,1612.6962,380.1925,294.1636,2632.2088,5.8971,341.3407,306.6516,1220.7094,1532.9113,1255.3985,375.3361,3674.9631,63.8279,237.2734,2355.0429,28.171,6042.1473,428.4104,399.6115,1251.2358,2128.5231,1671.3208,8.3254,1360.8534,480.7909,197.0341,493.6259,61.0528,7266.6724,12.4881,47.1772,1515.5667,37.1173,730.5524,1144.0465,7913.6241,0.3469,1121.1517,15.8078,2795.5945,0,1558.5812,760.777,972.6823,19.7728,206.0532,4177.2613,235.539,1323.0422,3366.9239,511.6642,4502.645,7.2847,0,1947.7929,2899.3149,2617.6394,0,390.5993,159.223,90.1917,20.4666,0,446.7956,0,13.8756,2822.652,66.2562,1.7345,15850.8369,7561.5298,468.3028,216.904,70.7658,57.9308,644.5235,0.3469,386.0897,0,2095.5685,628.9134,2216.6334,1196.0801,0,336.4843,504.3795,0.3469,809.2967,2.0813,0.6938,674.703,369.092,25.6699,54.8088,3058.8847,2.0813,133.8999,0,4288.6133,115.1678,459.6306,274.0439,152.632,64.5217,802.6745,224.7854
TCGA-HC-8266-01,0.333333333,2929.8039,4198.4314,5.4902,223.1373,681.1765,493.7255,3007.0588,1465.8824,1612.9412,1863.9216,882.3529,1731.7647,1017.6471,1284.3137,196.0784,147.0588,38.4314,357.2549,903.9216,1034.902,9066.2745,10.1961,767.0588,1689.0196,2965.8824,7810.9686,1266.6667,407.8431,1283.9137,2610.5882,5410.9804,105.4902,337.2549,1275.6863,446.6667,45.4902,13.3333,495.6863,679.2157,17363.1373,176.4706,908.2353,6003.5294,3698.0392,3551.7647,526.2745,529.8039,2089.0196,674.902,173.3333,2253.3647,845.8824,1601.4196,740.3922,1414.5098,1217.6471,866.6667,801.1765,24.7059,550.1961,1059.2157,1040.3922,1740.7843,735.6863,2210.5882,1190.5882,4333.7255,7211.3725,919.2157,20.3922,1404.3137,597.6431,439.6078,2499.6078,6957.2549,330.9804,912.1569,1516.0784,2256.0784,770.5882,159.2157,959.6078,2420.3922,5676.4706,1459.6078,2662.0078,3095.2941,1678.4314,1048.2353,89.0196,2142.7451,2541.5686,840.3922,629.0196,3128.2353,892.549,1138.8235,1269.4118,797.6471,7.451,3047.8431,651.3725,60.7843,756.0784,1485.4902,23.1373,177.2549,21227.8431,400.3922,812.1569,4275.9255,1138.0392,1558.0392,22.3529,58.4314,234.5098,164.7059,1260.3922,1921.5686,592.1569,1412.1569,164.7059,101.9608,1867.0588,223.9216,1645.8824,2008.2353,287.0588,4100.3922,28.2353,310.1961,309.8039,1105.098,54.7137,314.5098,1860.7843,53.3333,641.1765,1427.451,73.3333,796.8627,121.1765,7560.3922,1619.2157,778.0392,1896.0784,2476.0784,2443.5294,772.549,2939.6078,1276.0784,805.8824,322.3529,2328.6275,280.9686,1373.7255,388.2353,5.098,1117.6471,1521.5686,8.6275,325.098,58.4314,287.8431,93.3333,1797.6471,483.5294,4380,5835.6863,2492.549,697.2549,1806.2745,950.1961,1432.9412,1527.0588,121.9608,2634.5098,2444.3137,5894.902,755.6863,690.5882,798.0392,2750.1961,1677.5961,1704.3137,2681.9608,1604.7059,2089.4118,90.5882,38.4314,1230.5882,298.8235,1265.098,4019.6078,164.7059,224.7059,116.4706,1936.4706,487.451,361.9608,1371.7647,103.5294,372.549,423.9216,923.9216,907.451,1057.6471,1279.6078,3225.098,289.0196,346.6667,705.8824,48.298,7346.2745,440.3922,306.498,1727.8431,5414.902,1866.6667,179.2157,1004.3137,594.5098,333.7255,820,65.8824,4469.8039,22.3529,61.5686,1943.1373,114.5098,782.3529,1776.8627,5180.7843,1.9608,1250.9804,3.0902,2604.3137,1062.7451,1397.2549,690.6353,1211.7647,34.902,272.1569,4720,277.6471,1570.9804,3048.6275,1039.2157,1103.5294,42.3529,149.4118,1146.6667,3547.0588,1201.5686,118.0392,373.3333,154.902,123.9216,30.5882,988.6275,325.098,2029.0196,24.3137,3110.1961,98.4314,7.451,68040,7163.9216,451.7647,318.1529,30.1961,287.0588,754.902,0.3922,185.4902,1875.2941,1902.7451,825.8824,1476.4706,1711.7647,6921.5686,75.2941,342.3529,4.7059,1178.8235,4.7059,11.7647,703.1373,438.4314,65.4902,51.3725,2783.1373,238.8235,120,0.3922,6720.3922,15.2941,505.8824,368.2353,541.5686,179.6078,923.9216,124.7059
TCGA-HI-7170-01,0.666666667,3010.1801,5467.7257,3.1323,161.9868,484.1705,306.0745,2382.8169,809.4865,779.0581,1490.0996,700.302,1554.0888,519.5212,1003.2442,150.3524,83.4322,31.3234,69.8065,538.7627,983.5552,10462.9153,46.9851,791.1399,1891.9342,2540.7764,9333.0305,1301.7116,303.3896,1452.064,2328.6721,5015.7736,53.6973,253.7197,962.5238,342.7676,9.397,50.5649,258.1944,815.3037,28256.852,17.8991,808.1441,5933.1021,4783.0854,3552.0752,399.1498,231.7933,1863.2957,452.3996,256.4045,1409.934,786.2177,1327.9427,571.4286,1449.3791,905.2467,662.714,724.0183,35.3507,398.7023,988.03,1166.5734,1635.0822,788.9026,3360.5549,1358.9887,3961.0695,10040.9442,857.3666,5.3697,1103.9266,1485.0386,376.3284,3017.3397,9300.3692,289.9653,401.8347,2169.3702,2655.7781,896.7446,221.9488,1198.3443,1712.0483,4640.7876,1358.9887,1683.9244,3611.1422,1674.4602,1317.8208,101.1299,1760.8234,2334.0418,1243.987,428.6833,2681.7317,1734.4222,474.7735,1569.7505,473.431,24.1638,3036.5813,371.4062,89.048,2002.9086,2521.9823,14.3193,42.0629,28455.5319,319.0513,749.972,7083.4993,2795.8385,1811.8358,21.9264,10.7395,43.8528,113.6592,1031.8828,1958.6083,663.1614,1235.485,212.1043,100.6824,789.7975,93.9702,1179.1028,1210.8737,294.8876,3798.1877,42.9578,347.6899,146.7726,1172.3906,36.1964,143.1928,3137.2637,154.8272,474.326,1328.5602,84.5732,165.1191,33.1133,10414.5878,1047.5445,695.8273,1750.0839,1865.5331,3693.9255,759.8165,2883.0965,1122.2732,368.7213,496.6999,1677.5926,150.4777,2888.4663,368.2739,0,613.4914,814.8562,70.2539,275.646,198.6799,114.5542,27.7436,3941.3805,1015.7736,4766.5287,2712.1512,2308.9831,1565.2758,2175.6349,992.0573,1556.3262,1753.2162,55.9347,2313.4579,2010.5157,6785.994,622.8885,341.8727,800.0895,3349.3679,1146.7323,1777.38,1821.2328,1439.9821,1574.2253,52.8023,38.0356,1470.4106,594.2499,1407.7637,4552.187,115.0017,411.6792,133.7957,1774.2477,336.503,248.3499,2418.6151,143.6402,132.4533,309.2068,1278.4428,2051.6836,1029.1979,1722.7878,1856.136,123.5037,119.4765,1260.9912,41.7273,8811.7239,293.0977,336.7759,1013.0887,5678.04,2084.797,46.5376,877.0556,447.0299,302.0472,521.7586,161.9868,6767.6474,24.6113,76.0711,949.0995,205.8396,522.6535,2922.0271,4071.1489,0.895,1482.045,3.5798,3722.1166,3281.7989,1715.1807,861.989,3292.5383,62.1994,373.6436,3448.7079,180.7808,1594.3618,2544.8037,699.4071,602.752,47.4326,259.0894,2553.3057,3066.1148,1088.7124,73.3863,302.0472,142.7453,57.7246,22.8213,4068.464,285.938,2195.3239,8.9495,7382.4813,72.0439,1.7899,41645.3742,8423.761,387.9629,208.4126,13.8718,62.1994,583.9579,0.4475,261.7742,1146.437,1371.0706,920.0134,1567.5131,1993.9591,10665.6226,332.4757,375.4335,0.895,1084.2376,2.2374,3.5798,246.56,265.8015,17.8991,142.2978,7904.6873,173.1737,237.6105,0.4475,6596.711,86.8106,334.7354,238.0579,489.5402,152.5719,1432.639,250.5873
TCGA-J9-A8CL-01,1.066666667,2232.0628,5627.2422,0,135.0897,754.4843,729.8206,3567.8251,2633.9686,680.4933,1609.8655,825.1121,2515.1345,302.13,1580.157,224.2152,61.6592,43.722,174.3274,878.9238,987.1076,11382.287,82.9596,604.2601,1658.0717,2307.7354,9521.2556,1062.7803,1108.7444,772.8756,2520.7399,722.5336,261.2108,277.4664,190.583,933.296,6.1659,8.4081,128.9238,618.2735,28258.9686,387.3318,901.3453,6235.426,1871.0762,2653.5874,223.6547,230.3812,2992.713,970.852,91.9283,2711.4406,1114.3498,2392.9821,374.4395,1406.9507,1256.7265,382.287,796.5247,16.8161,439.4619,962.4439,878.3632,1769.6188,951.2332,1452.5504,679.9327,4118.2735,9633.4081,886.7713,2.2422,1147.9821,1111.8946,373.3184,1113.7892,6854.2601,237.6682,1136.7713,1846.9731,2817.8251,1219.7309,53.8117,636.7713,2097.5336,5284.1928,1077.9148,2188.5034,3892.9372,1209.0807,1290.9193,60.5381,1688.3408,3043.1614,1335.7623,396.861,454.5964,1531.3901,1235.9865,1363.7892,1064.4619,11.7713,3372.7578,575.1121,35.8744,1076.7937,1498.3184,27.4664,93.0493,29840.2466,297.6457,941.1435,6927.9933,972.5336,947.87,36.9955,10.0897,90.8072,62.2197,159.7534,1700.1121,541.4798,2364.3498,425.4484,102.5785,902.4664,148.5426,1256.1659,1260.0897,148.5426,4291.4798,43.722,397.9821,333.5202,493.8341,137.046,248.3184,1677.13,31.9507,940.0224,946.1883,164.7982,164.7982,29.148,2148.5426,1257.8475,376.6816,1817.2646,2071.7489,3050.4484,1073.991,2319.5067,1920.9641,1211.3229,307.1749,1786.435,137.898,3201.2332,160.8744,0.5605,2045.4036,1397.9821,6.7265,176.009,12.8924,159.1928,24.6637,3382.8475,390.1345,5336.3229,4940,2761.2108,587.4439,1540.3587,1221.4126,1184.9776,1144.6188,20.7399,2070.0673,2586.3229,3085.7623,1010.0897,368.8341,426.5695,1647.9821,2030.3924,2270.7399,3058.296,1188.9013,1602.0179,167.0404,108.7444,1234.3049,182.7354,973.6547,2480.9417,151.3453,727.0179,123.3184,1209.0807,627.8027,335.2018,1198.991,12.3318,160.3139,237.1076,1022.4215,808.296,1151.9058,698.991,5126.1211,210.2018,233.1839,2999.4395,41.1323,5213.565,332.3991,390.0056,1287.5561,2279.148,2329.5964,24.6637,2080.7175,993.8341,483.1839,915.3587,153.0269,5771.861,66.1435,67.2646,2493.2735,28.5874,1186.0987,3519.6188,9408.6323,2.8027,2033.0717,14.2433,2553.2511,2329.5964,1549.8879,718.7164,498.8789,27.4664,234.8655,4410.8744,247.1973,1011.7713,4720.852,562.7803,945.0673,27.4664,458.5202,2879.4843,3051.009,1263.4529,75.6726,420.9641,118.2735,160.8744,99.7758,359.8655,155.8296,1311.0987,52.13,1090.8072,61.0987,3.3632,31790.9193,9449.5516,683.296,167.6177,242.1525,77.9148,419.843,0,368.2735,1109.8655,4090.8072,1001.6816,1951.7937,1289.7982,6198.4305,115.4709,434.417,5.0448,1081.8386,16.2556,6.7265,752.2422,288.1166,54.3722,30.2691,1768.4978,63.3408,241.0314,0,3730.3812,6.7265,557.5953,316.704,255.0448,192.8251,301.009,131.1659
TCGA-J9-A8CN-01,0.433333333,1692.7374,5393.8547,5.5866,118.9944,618.9944,466.4804,2187.1508,597.7654,665.3631,1241.3408,795.5307,1511.7318,97.7654,1044.6927,324.0223,43.0168,11.7318,13.9665,383.2402,969.2737,11792.1788,18.9944,1349.7207,1339.6648,1781.5642,6088.8045,1092.7374,383.7989,494.9218,1828.4916,5258.1006,110.6145,259.2179,110.0559,311.1732,0,113.4078,2.7933,550.838,22874.8603,21.2291,931.2849,10805.0279,4248.6034,2048.0447,141.8994,27.3743,1836.3128,404.4693,116.2011,1432.8547,804.4693,2181.6257,189.9441,856.9832,1079.8883,77.095,686.5922,18.9944,411.7318,814.5251,721.2291,1007.8212,603.352,1457.5419,441.8994,2191.6201,11231.2849,703.352,2.7933,931.2849,153.3799,238.5475,726.8156,8110.6145,965.3631,389.3855,1658.1006,2946.3687,862.5698,443.0168,782.6816,1555.3073,4548.0447,1213.4078,2295.7095,3954.1899,1833.5196,882.6816,67.0391,1331.2849,1812.2905,1230.7263,336.8715,760.3352,1231.2849,814.5251,1875.9777,959.7765,0,3463.1285,482.6816,25.1397,2792.1788,1606.7039,7.2626,28.4916,44374.8603,372.067,731.2849,3324.2514,515.0838,764.2458,37.4302,5.0279,2.7933,48.6034,880.4469,1568.7151,913.4078,1151.9553,93.8547,69.2737,230.1676,90.5028,931.2849,523.4637,51.3966,5963.6872,9.4972,237.9888,82.6816,313.4078,19.9274,178.7709,500,88.2682,520.6089,1485.4749,21.2291,46.9274,8.9385,25756.4246,936.8715,525.6983,1982.1229,969.8324,3797.2067,1181.0056,2663.6872,1147.486,646.3687,110.0559,3169.2737,186.8771,4465.3631,233.5196,1.676,811.7318,424.581,5.5866,43.5754,8.3799,87.7095,5.5866,932.9609,1327.933,3302.7933,2416.2011,2712.2905,588.8268,2683.7989,1095.5307,2213.4078,1567.0391,2.2346,1293.2961,835.7542,5536.3128,989.3855,142.4581,316.7598,1226.257,1784.6872,1706.1453,2281.0056,1963.1285,1711.7318,41.8994,24.0223,286.5922,149.7207,815.0838,5182.1229,95.5307,114.5251,135.7542,1246.3687,584.9106,222.3464,301.1173,6.7039,136.8715,84.3575,1675.9777,1967.0391,437.9888,189.9441,3315.6425,98.324,846.3687,2469.8324,52.6983,28699.4413,442.4581,592.3687,967.5978,2857.5419,2993.8547,12.8492,1410.0559,551.3966,249.7207,406.7039,22.3464,5036.8715,21.7877,42.4581,1717.3184,58.1006,518.9944,2375.419,11205.5866,2.2346,1300,3.352,2310.0559,11744.6927,1633.5196,985.419,9598.8827,11.7318,65.3631,4459.7765,173.743,894.4134,2588.2682,706.1453,1415.6425,3.9106,108.9385,1056.9832,2882.1229,1583.7989,29.6089,504.4693,107.2626,75.419,19.5531,4085.4749,251.3966,15029.6089,13.4078,36874.8603,17.3184,1.1173,9239.1061,5851.9553,490.5028,330.4469,26.8156,25.6983,583.7989,0,379.3296,959.2179,2151.3966,911.1732,1996.648,606.7039,9545.2514,101.1173,364.2458,11.7318,631.2849,0,5.0279,681.0056,277.6536,5.0279,37.9888,1456.9832,0,348.0447,0.5587,3412.2905,79.3296,338.5475,241.3408,145.2514,16.7598,1483.1564,124.0223
TCGA-KC-A7F3-01,0.766666667,2276.8266,6385.157,1.6463,146.9319,475.3678,275.3429,2444.7488,1043.3398,886.9417,1363.9558,1040.4587,1650.4112,428.0368,796.3954,148.1666,130.8805,15.2282,55.5625,370.8281,959.3787,8183.7348,50.212,1094.3749,1523.6465,1794.8736,7683.2198,1220.7281,318.1466,694.712,1512.9455,6461.7097,123.0606,242.417,955.6745,783.2251,2.4694,0.4116,218.1342,576.2034,14464.7636,24.6944,744.1256,12040.5935,5871.5128,2187.1035,232.5392,91.3694,1965.6768,599.6631,93.8388,1275.5497,737.9519,1500.5242,448.6155,898.4658,1225.2554,653.9909,850.3116,19.344,457.6701,1063.0953,1112.4842,1203.442,811.6237,3072.3907,861.8357,3746.1454,11551.2322,874.1829,0.8231,1029.3462,259.9706,252.7064,943.3273,7016.0997,93.4273,395.9341,1775.9412,1941.3939,592.6664,1741.7806,1042.9282,1623.2473,5670.6648,1367.2484,2168.0929,3506.1978,1570.1543,829.3213,281.9281,1865.2528,1833.9732,1287.4031,432.9757,502.1201,1594.0256,757.7075,1694.8612,923.1602,0.8231,3095.4471,605.4252,56.7972,2850.149,1512.534,13.1704,27.1639,34908.4608,520.6409,553.5669,4079.7671,602.5441,862.2473,22.6366,8.2315,11.9356,18.5208,931.3917,2249.6628,836.3181,756.4728,220.6036,124.7069,410.7507,36.2185,1055.2754,339.96,72.437,6451.832,29.2217,153.9286,289.748,797.2186,32.3867,224.3078,968.0217,79.4338,653.9909,1305.5123,61.7361,68.7328,10.7009,11467.2711,1036.5694,224.7193,2001.8953,1184.5096,3023.4216,1009.1791,2620.4908,1484.9585,788.164,254.3527,2275.1803,173.3508,3824.3444,134.5847,0,952.3819,821.913,7.4083,185.6198,47.7426,165.8643,6.1736,1099.7254,1064.33,3316.0507,2398.2409,2306.0484,1184.9212,2394.1252,1340.0845,1946.3328,1559.865,51.0352,1590.733,2776.8889,6322.1862,726.4279,200.0249,1458.6178,1605.5497,2150.1895,1766.8866,2597.8543,1213.3198,1817.9218,63.3824,45.2731,661.8108,250.6485,1243.7762,2899.9495,155.9865,151.0476,139.112,1444.6243,645.7553,323.9086,453.1428,14.4051,190.5587,443.6766,1624.0705,500.0623,894.35,795.1607,1643.4145,158.4559,449.4387,1466.0261,34.9262,12327.4605,434.622,521.6164,961.4366,2750.1366,2837.8018,15.2282,1307.5702,737.5404,350.2494,772.9357,35.3954,4596.8685,36.6301,61.3245,1619.1316,50.212,444.0882,6518.0954,5305.5987,4.9389,1328.972,2.4694,2745.6093,9625.4781,1919.5805,1102.2319,8869.4169,19.7555,81.0801,4317.8215,227.6003,1052.806,2892.1296,651.5214,1379.184,45.2731,228.8351,1123.1851,3400.8349,1410.8752,89.7231,464.2553,86.4305,144.2402,25.106,2536.1182,130.0573,2992.142,14.8167,6511.5102,9.8778,0,14131.8004,7199.6617,380.7058,371.3508,18.1093,44.8616,710.7881,0,238.7128,701.7334,2114.255,883.6491,2032.7633,1362.3095,12401.5438,109.4786,298.8026,6.1736,679.92,3.7042,4.1157,591.0201,383.9984,9.8778,86.0189,2725.0306,127.5879,639.5858,0.8231,6377.3371,16.8745,469.2601,262.5841,327.6128,173.5031,1889.9966,239.536
TCGA-KC-A7FA-01,0.966666667,2692.7264,5326.0762,2.474,170.7076,434.4384,246.4127,2556.1603,1587.8278,1058.3869,1308.758,943.0975,2242.4542,167.2439,1501.237,240.475,76.1999,8.4117,35.1311,350.8164,1169.2232,12430.48,60.861,574.4681,1054.9233,1999.5052,7685.7595,1459.1786,561.6032,218.6888,1989.1143,4308.758,124.1959,312.2217,129.6388,285.997,3.4636,5.4429,33.6467,473.0332,23851.5586,10.3909,845.621,10653.6368,3762.9886,1493.3201,224.1465,99.4557,2852.5482,585.8486,131.1232,1390.7472,1066.7986,1708.4414,275.1113,1160.3167,1691.7368,113.3102,797.6249,13.8545,562.5928,982.187,1066.7986,1307.7684,867.3924,1272.6373,646.7095,3058.8817,11196.4374,652.1524,8.9065,1137.5557,320.8164,224.1465,941.6131,7032.6571,102.4245,436.9124,1033.1519,1794.6561,781.2964,917.8624,898.0703,1722.9095,6757.051,753.5873,1245.4231,5242.949,1587.333,1378.5255,74.2207,1783.2756,2023.2558,1444.8293,537.3577,556.6551,289.9555,1007.9169,2095.0025,511.1331,30.6779,2922.8105,637.8031,23.2558,1885.2053,1792.1821,7.4221,50.4701,38998.5156,424.5423,413.6566,4465.809,842.1573,834.7353,24.7402,5.4429,6.4325,30.6779,949.0351,2190.0049,1149.431,1367.6398,240.475,130.1336,351.806,68.7778,965.8585,493.3201,57.3973,4757.051,42.5532,165.2647,320.1385,701.6329,31.4399,169.718,1235.527,52.4493,815.4379,1691.242,40.574,82.1376,15.3389,19781.7912,782.286,403.7605,1724.8887,1261.2568,3132.1128,1280.5542,2555.6655,871.8456,1031.6675,238.001,1289.4607,215.0025,2598.2187,62.8402,3.4636,889.6586,600.6927,16.3286,177.14,33.6467,120.7323,12.3701,1175.6556,701.6329,3208.3127,2896.5858,2679.3667,720.4354,1649.1836,1421.5735,1712.5186,1814.4483,31.6675,1590.3018,1617.0213,4036.6155,694.7056,156.3582,157.8427,1104.4038,2100.9005,2067.7882,2824.8392,1644.7303,1997.526,57.8921,30.1831,482.9292,398.3177,1693.2212,2733.3003,115.2895,75.2103,150.9154,1682.3355,651.1628,350.8164,243.9386,69.7674,111.8258,76.6947,1315.6853,528.9461,1076.6947,604.6512,3044.0376,103.909,339.9307,3181.5933,37.7734,7107.3726,324.5918,515.5666,674.9134,1968.3325,2742.2068,14.8441,1037.1103,743.6912,318.6541,746.6601,198.9114,5288.4711,40.0792,54.4285,2182.0881,26.7194,722.9095,5569.0252,4748.1445,13.8545,1088.0752,2.9688,2909.4508,2361.7021,1471.5487,951.3558,815.9327,17.3182,95.4973,6024.2454,190.0049,694.7056,3687.2835,517.0708,487.3825,18.3078,110.8362,1355.2697,3054.9233,1439.3864,31.6675,443.3449,87.0856,130.1336,26.7194,480.4552,130.6284,4660.0693,11.3805,10229.0945,24.2454,0.9896,27866.4028,5898.5651,367.6398,359.5547,9.4013,42.5532,527.9565,1.4844,276.1009,866.8976,2140.5245,1120.2375,1655.616,1316.6749,7611.0836,29.1935,398.3177,12.8649,775.3587,1.9792,6.9273,284.0178,413.6566,10.8857,114.2999,935.6754,28.6987,525.9772,0.4948,6405.7397,23.7506,437.9713,345.3736,267.6893,107.8674,633.0381,119.7427
TCGA-KC-A7FE-01,0.1,2724.3782,5260.9997,3.8145,199.2,648.4596,381.4468,2487.8811,1093.0571,771.7856,1683.0283,862.9175,1854.6793,652.2741,961.6699,129.2681,98.3285,20.3438,79.2562,422.5583,1071.018,9859.5534,39.4162,906.9958,1746.1789,2367.0896,8884.287,1280.3899,333.9779,712.0214,1999.2053,5876.4006,78.4085,311.9388,1102.8052,296.2571,11.0196,5.9336,353.0503,831.5541,18543.8267,27.5489,786.2043,7164.8433,3828.031,2863.8182,280.9992,129.2681,2063.2036,563.6937,540.383,1408.3357,591.6664,1511.0169,439.0877,1143.9167,911.658,467.4843,851.898,40.6877,350.9311,1012.9533,782.3899,1278.6946,763.7414,1995.3909,1828.8257,3499.5629,8273.5822,642.1022,2.9668,1207.4912,676.6316,281.8468,2172.5517,8402.4264,132.6587,410.6911,1981.8283,2671.8233,916.3201,777.3039,910.3865,1845.3551,4710.4448,1358.7984,2786.9524,3421.1544,1644.8836,1196.8954,50.0119,2362.8513,1789.4096,1287.595,480.623,414.5056,1402.4529,786.2043,1318.9584,751.8741,2.543,3000.2914,503.5098,52.5549,1093.0571,1674.9755,13.9864,74.5941,19200.3391,288.6281,553.5218,5842.1213,1890.2811,1259.1984,32.6349,12.7149,20.7677,87.7328,994.7286,1788.1381,908.6912,1465.6036,154.2741,86.4613,638.2877,68.2366,1392.7048,659.4792,295.4094,3856.0038,62.7268,378.0562,172.0749,773.0656,28.9645,176.3132,3284.6812,131.8111,670.4988,1059.1508,113.1626,96.6332,13.9864,10335.0905,1151.1218,1010.4103,2156.87,1544.0121,3053.6939,836.2163,2976.9807,1377.8708,706.5243,485.709,1901.7245,192.796,1839.4215,297.5285,2.1191,812.058,689.5711,44.926,431.4588,163.1745,183.9421,36.4494,2587.4811,482.7422,4590.5009,2596.7757,2392.8585,916.3201,2409.4726,1049.4027,1772.0325,1555.0317,91.1234,1753.384,1488.0665,5336.0176,1018.4631,385.6851,784.9328,2910.8633,1647.1129,2171.7041,2138.2215,1386.7712,2284.4428,43.2306,16.9532,1086.6997,462.8222,1392.7048,2846.4412,151.7311,322.1107,141.1353,1554.184,448.8358,312.7864,1574.9517,77.5609,253.8741,350.5073,1234.1925,1303.2767,926.9158,1921.2206,2424.3066,120.7915,264.046,1226.1397,43.5994,6054.4092,362.3745,378.5775,1056.6078,2171.2802,2397.1815,13.5626,1164.2605,578.9516,341.183,687.8758,108.9243,4830.8124,28.8204,69.9319,1824.1636,33.9064,592.9379,1267.675,5787.8202,1.6953,1013.801,4.3146,3111.7586,2521.3637,1540.6214,742.7321,817.9916,99.1762,519.6154,4564.6473,258.5362,1113.8248,2546.7935,351.7788,2015.3109,36.4494,141.983,2224.259,2878.2284,1244.7882,93.2426,463.6698,189.4519,122.4868,16.1055,671.7703,321.6868,4308.2302,12.2911,5042.7273,46.6213,0.8477,20686.2865,7300.8927,372.9703,266.4661,23.7345,34.754,574.7133,0,237.7685,1176.1278,1045.5882,1088.395,1823.3159,2295.0385,6543.9326,197.5047,440.3592,0.8477,736.6162,13.5626,5.5098,410.6911,518.3439,12.2911,347.5405,2439.9883,26.7013,200.0477,0,4442.1605,25.006,490.8628,329.3158,457.3124,108.0766,715.8316,235.2256
TCGA-KK-A8IJ-01,0.666666667,3467.4679,6021.1355,5.3875,75.4248,513.4687,675.5077,3303.3568,1268.5454,1004.1442,1762.9507,909.2416,1961.0443,300.8703,2014.0903,611.2723,99.8757,14.5048,19.0634,463.7381,1333.1952,14779.5276,73.3527,738.4998,1811.0236,2556.5686,10140.4724,994.1981,273.104,779.4944,2631.9934,6073.3527,90.344,254.0406,214.2561,551.1811,2.0721,0,50.9739,813.5102,19346.8711,16.1625,702.0307,8757.5632,3313.3029,2047.2441,181.9312,67.9652,3045.172,787.816,227.5176,2997.5756,859.511,2594.7078,239.5358,1171.9851,966.0174,147.1198,999.5856,10.775,401.9892,925.4041,820.5553,1846.2495,1561.9561,2728.1392,688.7692,4861.9975,6700.373,920.431,4.5586,1347.7,154.4012,321.5914,830.9159,8181.1024,143.8044,642.7683,1644.426,2214.2561,1151.264,366.7634,1172.8139,1898.8811,5420.6382,1157.0659,2926.6805,4348.1144,1615.8309,1244.9233,36.8835,1787.4016,2237.0493,1193.535,451.7199,705.346,929.1339,1035.2259,1538.7484,975.1347,26.1086,3695.3999,746.3738,27.7663,2112.3083,2374.6374,4.9731,36.8835,33793.6179,292.9963,920.8454,5999.022,648.5702,683.7961,22.3788,6.2163,6.2163,40.1989,1488.6034,1617.903,604.6415,1219.2292,130.1285,61.3344,266.8877,62.1633,1461.666,274.3473,90.344,4535.8475,9.5317,210.9407,89.5151,614.5877,22.2627,196.0215,864.8985,25.6942,806.0506,1653.1289,32.7393,40.6133,15.3336,11137.5881,1303.3568,439.7016,1529.6312,1774.9689,2789.4737,1444.2603,3787.816,1950.2694,616.6598,162.039,2645.2549,137.1612,1487.3601,131.7862,0.8288,1005.3875,538.334,19.4778,56.7758,20.7211,111.4795,8.7029,924.5752,982.5943,5840.4476,2467.0493,2531.7033,754.2478,1830.9159,1032.3249,1728.5537,1248.2387,24.0365,2286.3655,2665.976,7164.1111,803.9785,188.1475,607.1281,1452.5487,936.3572,1807.7082,2607.9569,1598.0108,2124.3266,29.424,10.3605,449.6477,469.9544,1753.0046,2246.1666,187.3187,132.615,86.6142,1614.1732,823.0419,276.005,392.8719,12.8471,236.2205,130.1285,1294.654,1320.7625,1233.7339,943.6386,5967.6751,31.4961,394.9441,5094.9026,39.9378,10617.0742,387.8989,313.6842,1317.8616,1637.7953,3244.0945,7.0452,1546.6225,828.8438,207.2109,774.1401,65.4787,4058.0191,32.3249,37.298,1598.0108,67.9652,636.552,7376.2951,6224.2022,0,1419.3949,8.276,2583.0916,6240.3647,1949.855,1026.3572,2692.499,54.7037,926.2329,4599.254,191.4629,960.6299,3938.6656,717.7787,675.0932,7.4596,77.4969,1021.1355,3384.9979,1744.3017,33.1538,494.4053,135.1015,113.1372,11.1894,642.3539,137.5881,5493.5765,12.0182,5626.1915,62.5777,1.6577,6528.8023,7383.3402,591.7944,268.8396,9.5317,46.0008,520.5139,0,244.0945,602.5694,2500.6216,645.6693,2393.2864,1511.811,10010.3605,139.2458,353.5019,0.8288,673.4356,1.6577,2.0721,983.8375,372.5653,4.5586,36.0547,1628.2636,11.6038,343.5557,0,3864.0696,849.1504,436.0091,210.1119,133.0294,34.397,1771.2018,221.3013
TCGA-KK-A8IL-01,0.566666667,2979.3629,5792.2835,0.8973,93.764,503.3647,252.131,2451.3235,1653.2077,973.9794,1621.3549,1338.7169,1770.7492,412.2925,540.6012,240.9152,90.6236,29.6097,116.6442,530.2826,955.1368,12856.8865,76.716,545.0875,1959.1745,2499.3271,8764.437,1447.7344,378.6451,1005.7784,2296.9942,4638.4029,137.2813,323.9121,560.341,877.0749,15.2535,21.0857,317.6312,648.2728,13271.4222,66.8461,1032.3015,7689.9955,4465.231,2521.7586,287.1243,233.2885,2622.7008,599.8205,87.0345,1604.41,1006.2808,1755.7515,457.6043,1158.8156,941.2293,874.8318,831.7631,17.4966,294.751,967.6985,1518.6182,1594.437,581.8753,3450.4262,1390.7582,3262.0009,10416.7788,1074.4729,1.3459,1196.052,335.7649,329.2956,1039.9282,8759.0848,311.799,290.2647,1634.8138,2089.2777,968.5958,1235.083,365.1862,2004.4863,6585.4643,1275.4598,2423.4634,3932.2566,1920.5922,737.1018,66.3975,1874.3831,2081.651,1272.7681,486.3167,884.253,1423.0597,765.3656,2471.9605,922.8354,6.7295,2909.825,606.55,39.4796,3282.638,2530.2826,8.0754,75.8188,24184.8362,558.9951,1179.9013,7699.0175,737.5505,1025.1234,27.8152,19.7398,57.8735,34.9933,1551.817,1740.2423,250.7851,1108.1202,149.843,98.699,968.5958,95.5585,1411.8439,1292.9565,126.9628,4567.9677,24.2261,224.3158,392.1041,1705.6976,75.6931,248.9906,1278.1516,48.9009,692.6873,2247.6447,91.9695,259.3091,45.7604,2740.6909,1198.7438,368.3266,1762.6738,1681.0229,3219.8295,1271.4222,2463.8852,1799.4616,925.5271,216.2405,1307.7613,181.3235,2939.8834,201.4356,0.4486,1179.9013,787.7972,1.7945,59.2194,34.096,188.8739,34.096,1483.1763,928.2189,4909.3764,2615.9668,2834.9035,1193.3603,1999.5514,1148.0485,1473.755,1335.1279,61.9112,2089.7263,4839.8385,10912.0682,408.7035,526.245,764.0197,1728.5778,2626.6622,1685.9578,2147.1512,607.8959,2080.3051,38.1337,33.6474,1491.2517,410.0493,1529.3854,2798.1157,199.6411,301.4805,86.5859,1646.9269,928.6586,365.6348,696.2764,8.9726,160.1615,256.1687,834.4549,1707.9408,829.52,950.6505,2347.6895,121.1306,215.3432,1688.201,23.7954,9786.4513,365.6348,316.5545,849.7084,1931.808,3018.3939,47.555,1114.8497,546.4334,340.0628,951.5478,104.0825,5436.9672,70.8838,43.5173,2180.7986,83.8941,456.707,4083.4455,6450.8748,4.4863,1343.2032,4.9349,2344.1005,5771.1978,2002.2432,1236.07,4446.8371,38.1337,172.2746,6547.7793,207.7165,1667.5639,3187.9767,862.7187,625.3926,65.5002,91.0722,1598.9233,2275.9085,1591.7452,50.2467,276.8057,106.3257,90.1032,20.6371,2000.8973,163.3019,6144.0108,10.7672,2254.3742,13.0103,0.8973,37610.5877,8121.1306,512.3374,255.6258,40.8255,193.8089,432.9296,0.8973,270.9735,1020.6371,1706.5949,952.8937,2076.716,1516.8237,14726.7833,129.6546,235.083,4.4863,756.393,4.4863,7.1781,504.7106,223.8672,40.3769,30.0583,3765.8143,175.8636,362.0458,0,5996.4109,21.0857,601.642,250.3365,279.0489,165.9937,1015.3656,111.7093
TCGA-M7-A721-01,0.933333333,3093.5217,7436.4345,4.8709,184.6079,692.1578,524.5981,3000,1017.0482,626.4004,1622.0166,883.585,1948.3682,649.2937,1112.5183,177.3015,135.8987,18.9966,61.3736,436.4345,1060.3994,14289.8198,42.377,1028.2513,1453.9698,2127.131,7864.5397,1024.8417,422.3088,1469.5032,2246.4686,7283.0005,106.1861,233.8042,958.1101,734.0477,4.8709,22.8933,151.4856,814.905,22136.3858,17.0482,811.4954,8561.6171,6176.8144,2190.9401,215.7818,114.9537,2327.3259,665.3678,97.4184,2244.5787,658.5485,1560.9937,483.6824,1193.8626,1277.1554,287.3843,784.2182,20.945,510.9596,926.9362,1079.396,1482.7082,992.6936,1711.6415,1011.6902,5005.8451,10009.2547,774.4764,7.3064,1350.2192,342.1822,262.0555,1217.2431,7768.6313,131.5149,677.058,1149.0502,2066.7316,713.5899,318.0711,1211.885,1947.8811,5404.7735,1424.7443,2030.1997,3963.4681,1472.9664,1126.1568,46.7608,1695.5675,2106.1861,1244.5202,475.8889,529.4691,1582.5621,836.3371,1419.3863,928.3975,15.0999,3597.1749,710.6673,39.9415,584.5105,1721.8704,19.9708,34.5835,35793.9601,495.8597,649.2937,5056.8047,681.9289,1010.716,35.0706,9.2547,21.9191,55.5285,945.9328,2037.019,413.5412,1335.6064,217.2431,96.9313,564.0526,61.8607,1222.6011,568.9235,135.4116,7150.0244,83.7798,214.3205,209.9367,848.0273,50.794,194.3497,1522.1627,24.3546,832.9274,1358.0127,42.377,109.5957,13.1515,5986.8485,1110.3945,670.7258,2313.6873,1097.4184,3437.8958,947.8811,2934.2426,1652.2163,747.1992,239.6493,3246.4686,180.0341,2397.9542,211.398,0.9742,994.1549,847.0531,7.7935,80.8573,17.0482,170.9693,11.6902,1730.151,655.6259,4254.7491,2917.6717,2294.2036,687.2869,2565.0268,1139.3083,2119.8246,1022.8933,52.1189,1756.454,1748.1734,5943.9844,611.3005,222.6011,771.0667,1567.4623,2943.0492,2133.4632,2042.377,1044.3254,2026.303,62.8349,30.1997,684.8514,260.5943,1264.0039,3159.7662,152.4598,96.4442,133.4632,1490.0146,613.7311,254.2621,495.3726,19.9708,264.0039,160.2533,1357.0385,1020.945,1218.2172,754.5056,3724.3059,168.0468,144.6663,2464.6858,67.6376,4289.3327,420.3604,432.7228,1078.4218,2574.2815,1530.9303,16.5611,1016.5611,754.0185,341.9386,799.8052,147.1018,5061.8607,41.8899,53.5801,1884.0721,55.0414,585.9717,1968.8261,7568.9235,0.9742,1301.51,5.4749,3245.9815,1978.0809,1623.4778,603.6922,1720.8962,28.7384,177.3015,4642.4744,261.0813,975.6454,2530.9303,541.1593,1534.8271,39.4545,359.4739,2075.4993,3310.2776,1270.3361,61.3736,371.6512,129.5665,123.7214,32.1481,4140.7696,190.9401,8828.0565,26.7901,3134.4374,93.5217,0,25037.019,8549.9269,386.7511,221.0229,21.4321,54.0672,525.0852,0.4871,257.1846,827.0823,1597.1749,758.8894,2239.6493,1678.0321,9237.2138,66.2445,362.8836,2.9226,671.2129,0.4871,2.4355,997.0774,491.963,16.5611,81.8315,1258.1588,48.7092,488.5533,0,7728.6897,108.6215,369.7906,234.2913,282.0263,106.6732,817.2382,236.2396
TCGA-TK-A8OK-01,0.766666667,3809.566,4932.2409,1.3286,244.4641,811.3375,551.8158,2746.6785,1397.2542,1213.4588,2015.9433,837.4668,1212.1346,632.4181,1201.9486,155.8902,100.0886,21.7006,48.7157,726.7493,1096.9885,4335.6953,175.3764,524.8007,1827.2808,2803.8087,9439.2516,1054.9159,392.8255,884.3933,2292.7369,5025.2436,64.659,307.3516,1373.3392,670.5049,2.2143,334.3667,352.0815,1035.8725,19913.6404,14.1718,438.4411,4271.0363,3027.4579,3539.8583,351.6386,136.4039,2073.9593,719.6634,312.2232,2327.6616,923.8264,1237.4712,595.217,1325.9522,745.3499,721.8778,750.6643,43.8441,465.899,1121.3463,685.1196,1602.7458,1125.3322,2429.318,1566.4305,3957.4845,7169.6191,718.3348,0.8857,1189.1054,1325.1373,496.0142,2069.9734,6505.7573,320.1949,1166.0762,2067.3162,3482.7281,1029.6723,214.349,407.4402,1929.1408,5731.178,1448.1842,2641.5899,2749.7786,1326.8379,1436.2267,270.5934,1838.3525,2633.7467,1308.6802,655.4473,678.9194,676.2622,891.9398,1512.4004,757.7502,149.2471,2712.5775,571.7449,81.0452,1273.2507,1741.364,11.5146,58.9017,19201.5058,303.8087,579.7166,6180.7484,2500.8857,876.4393,36.3153,20.8149,9.3003,111.6032,937.1125,1807.3516,576.6165,1738.7068,333.9238,72.6306,1013.2861,89.4597,1152.3472,897.2542,625.3322,3397.2542,87.6882,616.4748,2509.7431,875.1107,8.3525,149.69,4068.2019,40.744,803.977,1061.5589,182.4624,84.5881,13.729,28232.9495,1276.3508,1428.698,1677.1479,2084.5881,2039.4154,684.6767,3313.1089,1288.3082,743.1355,1068.6448,1314.8804,150.3897,1991.1426,174.4907,19.0434,979.1851,819.752,26.1293,3172.2764,68.6448,156.7759,41.6298,6143.0469,2057.5731,6453.9415,3352.5111,2315.7662,1579.2737,2142.1612,1100.5314,1749.7786,1636.8468,47.3871,1943.3127,1987.5996,5031.4438,733.3924,345.8813,354.7387,3737.3782,1284.5881,1950.8415,3492.4712,2023.915,1390.1683,38.0868,12.4004,1856.0673,472.5421,1639.0611,3622.2321,205.9345,704.163,99.6457,1641.2755,597.4314,315.7662,2754.6501,49.6014,275.9079,333.481,1117.8034,1779.008,1205.9345,7646.5899,3883.5252,57.1302,275.0221,1844.1098,37.8609,10445.9699,372.8964,464.4331,1108.0602,2529.2294,1648.3614,7.5288,1193.0912,457.0416,222.7635,739.5926,152.3472,5041.1869,77.0593,44.287,1647.0328,77.0593,747.5642,771.9221,3864.4818,0.4429,1111.6032,0.4429,2361.8246,2895.0399,1498.6714,839.0877,1585.9167,47.3871,405.6687,4116.0319,180.248,1745.7927,2903.0115,494.2427,1432.2409,32.3295,79.2737,6689.9911,3933.1267,1263.5075,102.3029,331.7095,161.2046,97.4314,16.3862,1559.7874,622.2321,1572.6306,12.8432,23518.1577,42.9584,1.3286,22585.031,8828.1665,450.8415,243.1399,97.8742,64.2161,672.7192,0.4429,267.4934,1820.6377,1610.2746,793.1798,1818.8663,2179.8051,6098.76,134.6324,519.4863,18.1577,828.1665,3.1001,2.6572,694.4198,667.8477,25.2436,27.9008,3406.9973,121.7892,496.457,0.4429,4087.6882,27.0151,376.0452,275.9079,304.2516,124.8893,1210.2702,261.2932
TCGA-VN-A88I-01,0.333333333,4274.1379,4930.4598,0.5747,179.8851,452.8736,127.0115,1844.2529,1278.1609,802.8736,1350,1046.5517,1931.0345,854.023,758.6207,94.2529,84.4828,18.3908,146.5517,595.4023,836.7816,5107.4713,99.4253,735.0575,2308.6207,2102.8736,7377.5575,1417.8161,358.046,593.6667,1625.2874,4851.7241,58.6207,268.3908,1067.8161,351.7241,7.4713,44.2529,816.6667,845.4023,24023.5632,19.5402,1139.0805,4050,3564.9425,3144.2529,302.8736,351.7241,2049.4253,348.8506,592.5287,1379.1264,641.954,1072.0862,510.9195,1296.5517,885.0575,1197.7011,822.9885,46.5517,282.7586,948.2759,913.2184,1221.2644,932.1839,2850,1926.4368,2487.3563,8055.1724,529.8851,5.1724,995.977,1297.1724,291.3793,1851.1494,7901.1494,214.9425,468.9655,1766.092,2462.069,734.4828,359.7701,901.1494,1750.5747,5372.4138,1430.4598,1999.0805,2410.3448,1271.2644,1654.5977,162.069,2340.8046,1667.8161,1791.3793,489.0805,638.5057,1185.0575,927.0115,1695.977,567.2414,0.5747,3257.4713,404.5977,39.0805,1338.5057,1918.3908,9.7701,99.4253,14916.6667,290.2299,776.4368,6532.9483,3078.1609,1328.1609,44.8276,8.6207,87.3563,129.3103,704.5977,1801.1494,517.2414,1621.8391,366.092,101.7241,905.7471,137.3563,1194.8276,1437.931,239.0805,2087.3563,19.5402,463.2184,772.9885,1125.8621,40,222.9885,5154.5977,179.8851,885.6322,979.3103,243.6782,164.9425,21.8391,9378.1609,827.0115,1176.4368,2182.7586,1528.1609,2956.8966,689.6552,2440.2299,983.3333,832.1839,556.3218,1094.8276,279.0402,1551.7241,194.8276,1.7241,887.3563,706.3218,70.1149,533.908,251.7241,175.8621,37.931,5247.7011,1271.2644,4630.4598,2533.3333,2313.2184,1762.6437,2246.5517,855.1724,1475.2874,1529.3103,168.3908,1721.8391,2538.5057,5555.1724,685.0575,405.1724,611.4943,4182.7586,1948.8966,2069.5402,2090.8046,1691.954,1623.5632,36.2069,12.6437,2045.4023,449.4253,1451.1494,3828.7356,161.4943,486.2069,96.5517,1642.5287,587.931,359.7701,2486.7816,48.2759,200.5747,326.4368,1255.1724,1339.0805,758.6207,2005.7471,1606.3218,171.8391,137.931,926.4368,36.4253,6585.6322,273.5632,285.2011,805.1724,2263.2184,1841.3793,27.5862,595.4023,594.2529,381.0345,653.4483,65.5172,4793.1034,22.4138,41.3793,1674.7126,27.0115,589.6552,1717.2414,5120.6897,3.4483,997.7011,5.1724,2163.7931,2409.1954,1323.5632,656.7586,821.2644,105.7471,558.6207,4741.3793,237.3563,1356.3218,2593.6782,545.4023,941.954,116.092,135.6322,4504.5977,3170.6897,1076.4368,108.046,321.2644,192.5287,165.5172,23.5632,572.9885,256.3218,1599.4253,16.092,5708.6207,91.3793,1.7241,28028.7356,7686.2069,312.6437,256.8276,72.4138,88.5057,581.0345,1.7241,258.6207,1453.4483,924.1379,1239.0805,1543.6782,2406.3218,6508.6207,453.4483,492.5287,2.2989,1015.5172,9.7701,20.6897,380.4598,524.1379,31.6092,383.3333,3449.4253,301.1494,456.3218,0,4281.6092,44.2529,552.3333,363.7931,530.4598,367.1839,578.6609,165.5172
TCGA-VN-A88N-01,0.566666667,2542.1738,7684.5494,0,109.1477,648.8991,158.4253,2636.1237,904.9586,932.5909,1419.8409,984.1713,1937.947,200.3344,804.1006,128.9508,139.0827,25.7902,28.0929,375.7996,1132.0042,11774.5939,98.0948,1971.5663,1599.451,2042.4893,8499.201,1301.943,288.2973,370.7245,2101.4383,7572.1779,185.1366,272.1784,287.3762,995.2242,0.9211,0.9211,96.2526,634.1618,30092.5222,18.4215,1298.2587,17880.4165,3364.2355,1617.8726,194.8079,43.2906,2485.9881,481.263,62.6333,1834.0633,899.8927,2093.4894,347.7067,1181.7424,1970.6453,122.9638,1237.4676,17.0399,525.0142,805.0217,591.7923,1475.1056,1240.6914,1776.2979,635.5435,2896.7887,8602.8636,650.7412,0.4605,1291.8112,87.5024,180.9917,822.5222,8433.3854,107.3055,1808.0751,1563.529,1978.935,1268.3237,256.5201,668.2417,1931.96,5552.7156,1226.8752,2180.7016,4338.2749,1841.2339,1152.7285,32.6983,1396.3535,1784.5876,1539.581,566.0021,227.5061,1373.7871,847.8518,1902.4855,940.8806,0.4605,3300.6811,601.0031,16.5794,1602.6748,2027.7521,15.6583,15.6583,33092.9321,391.9185,719.3615,9673.1511,354.6148,906.8008,38.2247,0.9211,6.4475,27.1718,868.5761,1628.0044,700.4794,1643.6628,248.2304,76.4494,195.2684,31.3166,1160.0971,420.4719,12.8951,5271.3264,9.6713,163.4913,70.923,632.3197,33.9187,256.5201,605.6084,10.5924,774.6262,1378.853,19.3426,60.7911,6.4475,9303.3431,1170.2289,518.5666,2687.2435,1520.6989,3507.0025,1071.2131,3061.201,2217.0335,860.7469,79.2127,1285.3636,229.9838,547.5806,128.0298,2.7632,1050.0283,700.94,1.8422,78.2916,14.2767,193.4263,9.6713,920.1564,683.4395,4615.5192,2716.718,2755.3296,331.5879,1825.115,1167.4657,1998.7381,1283.0609,30.8561,1652.8735,1470.9607,5513.5698,968.513,133.5562,646.1358,700.0189,1840.5707,2032.818,2362.1032,269.4152,1562.6079,59.87,48.3566,258.3622,315.469,1202.4666,3926.5533,190.663,228.4272,165.3334,1472.8029,573.8313,382.2472,260.6649,4.6054,189.742,235.3353,1492.6061,1248.06,1194.1769,489.5527,5418.2383,113.7531,411.2611,4393.5396,31.2061,5183.824,356.9175,490.3955,1213.9801,2409.9992,2245.1263,11.974,1339.7072,658.5704,278.1654,1143.9782,25.3296,4813.5509,237.1775,302.1134,2101.4383,21.1848,518.5666,1462.671,6681.496,3.2238,2048.0158,9.2799,2637.9659,4726.5091,1740.3759,762.2423,922.4591,102.7001,120.6611,5423.7647,239.4801,717.9799,3405.684,692.6503,609.2928,17.961,96.7131,2751.2584,2647.1767,1418.4593,24.4086,414.9454,94.871,128.0298,38.6853,3324.1686,151.5172,8446.2805,22.1059,3599.5708,11.5135,1.3816,9803.9487,7914.3582,387.7736,413.1355,20.7242,30.3956,466.0652,0,264.3492,621.2668,1407.8669,871.3393,2422.4338,1377.4714,13210.5537,118.3585,320.0744,0.4605,837.2594,1.3816,4.1448,444.4199,433.367,5.5265,16.5794,784.2975,10.1319,321.456,0,7180.72,99.0158,343.6126,302.1134,240.8618,43.2906,871.2103,107.3055
TCGA-VN-A88P-01,0.933333333,2544.3017,6247.2227,0.5419,202.1352,586.8964,411.3152,2614.2091,1055.113,686.6092,1321.7363,965.6966,1618.1651,434.6177,1101.176,120.8476,40.1019,4.3353,59.069,288.3,1007.9662,5787.6768,30.8893,1201.4307,870.3192,2022.9773,7101.8046,1281.6344,359.2912,336.5144,2038.6929,4303.9072,79.1199,306.1833,72.6169,605.8635,6.503,56.3594,11.3803,657.3457,17791.687,68.8235,764.1034,8111.9601,3903.4303,2177.4237,241.1532,148.4853,2108.0583,456.8363,468.2166,1220.5332,935.3493,2054.1917,333.8211,797.1604,1154.2839,129.5182,695.8218,21.1348,409.1476,775.4837,651.3846,1160.7869,741.8848,2157.9147,582.5611,2318.8641,12035.4414,854.0617,2.1677,1012.3015,806.2104,259.0365,1311.9818,7745.0821,152.8207,296.4288,1646.3448,2272.8012,979.7865,4927.1121,1625.21,1059.4483,5108.1125,1190.5923,3434.0812,4571.6144,1583.4824,988.4572,69.9073,1721.6713,1781.8241,1337.4519,474.7196,388.5547,1800.2493,682.8158,2116.729,1039.3974,209.722,2985.4224,521.8664,16.2575,992.2506,1856.0668,5.9611,41.7276,25364.4394,399.3931,547.3365,4661.9357,971.1158,941.3104,24.3863,11.3803,48.2306,82.3714,1201.4307,1797.5397,889.8282,1272.4218,229.7729,93.7517,530.537,47.6887,939.6846,655.7199,149.5692,4799.7616,8.1288,341.9498,315.3959,705.5763,9.3643,219.4765,1518.4523,41.7276,737.0075,1550.9673,115.4284,119.2218,11.3803,12547.5532,627.5402,739.1752,1845.2284,1103.3436,3100.8508,1038.3136,2990.2997,1496.7756,738.0914,276.3778,1334.2004,165.8104,2582.7779,366.3361,2.7096,811.2502,415.6506,11.3803,124.641,28.1797,188.5872,20.0509,1532.5421,653.5523,4355.9313,2570.8503,2392.023,803.1214,2533.4634,1309.2722,1859.8602,1757.4378,25.4701,1796.4559,2855.3623,6318.7558,673.0613,223.2699,287.2162,2394.7326,1478.8381,1963.9083,1808.92,1280.0087,1632.2549,43.8953,5.9611,568.4713,259.0365,1222.5654,2747.5207,130.6021,192.9226,81.8295,1530.9164,489.8932,289.3838,1308.7303,15.7156,176.1231,87.2487,1662.6023,1572.644,1077.8735,968.4062,2532.9215,55.8175,136.5632,3593.9956,30.1252,5986.5605,378.8002,371.1863,1222.0235,1289.7632,2652.6852,26.5539,1011.7596,612.3666,228.1472,823.1724,70.4492,4804.6388,8.6707,26.5539,1756.8959,23.8444,538.6658,2420.2027,9438.5737,20.5929,1223.1074,1.6258,2472.2267,1346.6645,1932.4771,1008.6598,418.9021,21.1348,156.0722,5346.5561,124.0991,1012.8434,3439.0072,635.669,1108.2209,5.4192,329.4857,953.2325,3176.1773,1618.1651,60.1528,409.6895,106.4163,64.4882,7.5868,834.0107,288.3,3163.1713,8.6707,4575.4078,26.5539,0,13961.9574,7758.63,373.381,287.6768,61.7786,56.9013,666.5583,0,330.0276,900.6666,1610.0363,971.6577,2455.4273,893.0797,8457.7034,254.1592,411.8572,2.1677,759.7681,13.006,1.6258,648.1331,255.785,4.8773,147.9434,1200.8887,2.1677,149.5692,0,3776.0798,2.7096,489.8932,283.9647,142.5243,55.8175,660.4942,120.8476
TCGA-WW-A8ZI-01,0.766666667,2925.099,9793.8242,1.9002,136.1837,646.7142,561.2035,3841.6469,2588.1235,1984.4814,2009.8179,975.4553,2048.4561,295.1702,2459.5408,238.1631,77.2763,13.9351,38.6382,539.034,1199.6833,18493.1116,19.0024,944.4181,943.7846,3427.3951,6963.015,1248.4561,481.3935,470.5748,3809.9762,11107.5218,176.0887,326.2074,97.5455,474.426,2.5337,1.9002,47.5059,575.1386,35393.8242,1005.8591,900.7126,10589.3903,1602.5337,1907.2051,301.5044,116.5479,2892.7949,982.4228,191.924,2651.7435,1010.9264,2698.426,794.9327,1822.9612,1207.2842,115.9145,774.0301,16.4687,608.076,962.787,741.0926,1676.0095,867.1417,1200.3167,436.4212,4582.1061,7536.9755,888.0443,0.6334,1365.6374,505.5075,385.7482,1248.4561,10902.9295,89.3112,674.5843,2620.4276,2021.8527,1248.4561,48.1394,445.289,2253.0483,8224.8614,890.578,2041.4885,5643.0721,2015.5186,1537.9256,26.6033,1715.9145,2829.4537,1440.38,1055.8987,453.5234,1295.3286,1751.3856,1900.8709,991.2906,7.601,4337.6089,587.1734,96.9121,1397.9414,1795.7245,15.8353,43.0721,12642.9137,371.1797,1095.1702,7840.114,1432.7791,709.422,9.5012,12.0348,5.7007,25.9699,1306.0966,1741.8844,939.3508,1643.7055,273.0008,65.8749,343.943,62.0744,1487.2526,722.0903,89.9446,6348.6936,136.8171,157.7197,69.042,657.4822,43.3254,487.0942,1278.2264,81.0768,1064.7664,1700.0792,24.0697,100.0792,9.5012,9366.2708,1234.521,264.133,2219.4774,2405.0673,2718.6065,1668.4086,4396.5162,1659.5408,1425.8116,150.1188,1791.924,234.0459,2429.7704,171.0214,0,1147.1101,950.1188,10.768,31.0372,41.1718,163.4204,19.6358,1007.7593,366.7458,4009.5012,2918.1251,3350.1188,490.8947,1939.5091,993.8242,1665.8749,1534.7585,45.6057,2550.1188,2819.9525,4489.6279,784.1647,358.5115,95.6453,1423.9113,3605.8084,2076.9596,4094.3785,668.2502,2198.5748,40.5384,23.4363,270.4671,166.5875,1474.5843,1534.7585,96.2787,85.5107,125.4157,1881.2352,839.2716,430.0871,615.677,8.2344,184.9565,95.0119,626.445,1585.4315,756.9279,326.2074,9815.3603,96.9121,615.677,2011.0847,151.677,5532.2249,460.4909,573.7767,1241.4885,2390.4988,1520.8234,15.8353,3857.4822,764.5289,280.6017,1286.4608,104.5131,3823.9113,35.4711,33.5709,2930.1663,65.8749,962.787,348.3769,10270.7838,5.0673,2032.6207,10.312,2489.9446,884.2439,1775.4553,918.2581,623.2779,16.4687,157.7197,6470.3088,141.8844,1048.9311,3955.0277,411.0847,560.5701,6.3341,103.8797,1140.1425,1406.1758,1575.2969,122.882,404.1172,101.9794,262.8662,32.304,303.4046,183.0562,3699.7625,36.1045,810.1346,29.137,1.2668,13421.3777,7730.7997,435.7878,539.3064,12.6683,69.042,674.5843,0,220.4276,1135.0752,2801.5835,1073.0008,2322.7237,696.1203,7870.7838,103.2462,357.8781,6.3341,820.2692,1.2668,16.4687,1111.0055,315.4394,8.8678,19.0024,1244.0222,3.8005,55.1069,0.6334,2478.5432,97.5455,428.2439,374.9802,147.5851,11.4014,520.6461,95.0119
TCGA-XJ-A83H-01,0.866666667,3056.6038,5828.3019,0,146.5409,621.3836,557.2327,3405.0314,1635.2201,1016.3522,1438.3648,979.2453,2084.9057,388.6792,2198.7421,216.3522,87.5409,16.9811,28.9308,465.4088,1166.6667,11972.956,52.8302,1216.3522,1771.0692,2056.6038,9856.5472,1116.3522,332.0755,974.7987,2140.2516,6844.0252,126.4151,243.3962,727.673,977.9874,4.4025,9.434,94.9686,833.3333,16983.0189,20.1258,801.2579,9852.8302,3243.3962,1380.5031,233.9623,51.5723,2450.9434,805.0314,84.9057,2397.5346,591.195,1419.8616,407.5472,1002.5157,1336.478,427.044,748.4277,17.6101,488.6792,993.7107,1047.1698,1296.8553,1101.8868,2338.9937,1149.0566,5055.9748,7233.9623,823.2704,0.6289,1304.4025,177.7107,250.3145,1260.3774,6502.5157,452.2013,684.2767,1262.8931,1681.761,752.8302,1033.9623,1252.2013,2003.7736,4758.4906,1147.1698,2512.5786,3657.8616,1659.1195,1222.0126,49.0566,1603.7736,1623.8994,1169.8113,577.3585,1705.6604,1307.5472,777.9874,1781.1321,1075.4717,5.0314,3067.2956,608.805,37.1069,1832.0755,1837.7358,11.3208,23.2704,36636.478,347.7987,428.9308,5250.6164,579.2453,856.6038,23.2704,7.5472,26.4151,28.9308,1164.1509,2093.0818,723.8994,910.6918,203.1447,81.1321,262.8931,36.478,971.6981,962.2642,50.9434,6874.2138,22.6415,120.1258,130.1887,444.0252,21.4403,272.327,762.8931,17.6101,825.1447,1306.2893,13.8365,60.3774,57.2327,26618.8679,762.2642,369.1824,1612.5786,1502.5157,2575.4717,1241.5094,2413.2075,1850.9434,758.4906,218.8679,2792.4528,119.6038,4044.0252,177.9874,0.6289,1026.4151,600,5.6604,50.3145,76.1006,116.3522,13.2075,944.6541,2119.4969,3496.8553,2983.6415,2984.9057,765.4088,2308.805,1018.8679,1545.9119,1347.7987,33.9623,2005.6604,1861.6352,5104.4025,936.478,279.2453,930.8176,1247.1698,1712.8553,2036.478,2488.0503,976.1006,1878.6164,62.2642,27.673,539.6226,360.3774,1489.9371,2954.717,123.2704,181.761,117.6101,1391.195,926.4151,228.3019,318.239,36.478,159.7484,325.1572,1111.9497,935.8491,1161.0063,745.283,6459.1195,120.7547,444.0252,4176.7296,34.8553,18182.3899,437.1069,430.8553,1032.7044,3191.8239,2039.6226,16.3522,1503.7736,633.3333,278.6164,798.1132,59.7484,5311.3208,56.6038,58.4906,1608.805,89.9371,505.6604,3918.8679,7727.044,0.6289,1450.9434,2.5157,3450.9434,9686.7925,1579.8742,819.8365,8535.8491,30.1887,106.2893,4533.3333,261.6352,1014.4654,2796.8553,527.673,977.3585,38.9937,181.761,1332.0755,2837.1069,1765.4088,27.044,442.7673,73.5849,62.2642,21.3836,2744.0252,126.4151,15703.7736,32.7044,13048.4277,42.7673,1.2579,11612.5786,6791.195,511.9497,231.1447,15.7233,44.6541,686.7925,0,271.0692,610.6918,7061.0063,744.6541,1916.3522,1822.0126,11554.717,155.3459,262.2642,0.6289,723.2704,5.6604,0.6289,908.1761,440.8805,1.8868,44.6541,3715.0943,70.4403,366.0377,0.6289,6971.6981,6.9182,393.2138,209.434,240.2516,68.5535,4566.4528,164.7799
TCGA-YL-A8S9-01,0.6,2566.6553,5727.9236,0,178.6567,825.0938,1034.663,4042.2775,1073.7584,1160.1318,1622.4571,1216.9565,1822.4798,923.2867,1564.7233,197.7497,167.2917,25.912,6.3644,681.4411,1371.5195,7140.8115,8.1827,1246.0507,1515.1722,2301.6252,6616.1427,1086.0325,436.4132,719.1544,2745.7666,4425.5029,147.2895,232.7537,891.9195,876.0086,0,3.6368,7.2736,532.7878,17812.4787,11.8195,653.2561,3477.2133,5347.4258,1683.3731,146.8349,7.7282,1927.9464,720.991,57.2792,2610.4194,696.4428,1606.8826,422.7753,1124.6733,2431.1854,40.4591,655.0744,18.1839,732.3559,1258.3248,500.0568,1496.0791,1386.0666,1167.2963,365.9507,6215.2517,13774.7471,929.1965,0.9092,1610.183,96.8837,392.3173,1743.3799,6080.2364,28.185,429.5943,1584.7255,2542.5617,564.6096,11.3649,948.2896,2167.519,5767.019,1546.994,2686.2143,4334.5835,1505.171,938.2884,8.1827,1343.3345,2837.5952,1058.3021,483.6913,263.2117,1331.9695,842.3685,1006.0234,1057.3929,4.0914,3488.1237,686.4416,112.7401,381.8616,1656.5519,14.0925,11.8195,36293.6697,442.323,340.4932,7191.7263,97.7384,520.9683,8.6373,2.273,1.3638,13.1833,968.7464,2297.0792,490.9649,1681.1001,210.0239,74.5539,130.4694,15.9109,1051.9377,218.6612,19.5477,10770.7694,17.2747,67.2804,50.0057,449.5965,28.1941,195.0222,537.7884,36.8224,1003.7504,1518.3544,7.2736,11.8195,1.3638,5953.4038,1004.6596,191.84,1745.1983,1613.8198,2903.5118,1067.8486,3528.5828,1553.8129,661.8934,87.7372,2488.9192,91.1558,4464.1437,153.1992,0,1617.0019,387.3167,1.8184,17.7293,1.8184,182.748,1.3638,337.7657,723.264,3189.4533,7263.9618,2465.2801,382.7708,2273.4402,1454.7108,2103.4208,1401.9775,0,2229.7988,1145.1301,2998.5226,967.8373,57.2792,1348.7896,361.8593,1653.1015,2018.8658,3035.7995,1006.0234,1250.5967,101.8298,55.4608,82.2821,154.1084,1730.1966,2528.0145,148.1987,79.0999,236.8451,1288.3282,763.7232,305.4893,138.1975,0.4546,275.4859,82.7367,1324.696,381.8616,1891.124,163.655,5086.0325,23.639,431.4127,1006.9326,95.5018,4653.2561,401.4093,786.4712,2984.8846,2550.2898,3003.0685,0.9092,1639.2772,659.6204,276.8496,960.1091,300.0341,3601.7729,55.9154,51.8241,2040.6864,31.8218,603.705,759.1772,5252.8696,3.1822,1181.4979,1.3638,2581.2024,982.839,2067.9623,476.1177,909.6488,4.546,21.8207,3820.8887,296.3973,967.3827,3324.4687,790.999,539.6068,4.0914,210.4785,833.7311,2760.3137,1706.103,129.1056,458.6885,83.1913,137.7429,55.0063,3404.9324,70.4626,1171.0422,47.2781,2360.7228,9.0919,0,4042.7321,8272.7583,708.7169,247.7327,10.4557,18.6385,784.6346,0,246.8462,793.7266,3113.081,614.1607,1232.4128,658.7112,8259.575,29.0942,470.0534,0,793.272,3.6368,0,674.6221,172.7469,5.0006,5.9098,1649.7329,1.3638,95.92,0.9092,5708.376,50.4603,261.8479,312.7628,109.5579,3.6368,249.9784,131.3786
TCGA-YL-A8SB-01,0.733333333,3012.5183,5739.0324,1.3533,208.8643,751.0996,553.513,3161.836,1603.248,1252.2837,2073.7566,814.7062,1873.0123,516.5219,1441.2992,199.8421,110.071,34.2844,76.6888,703.2818,1614.9769,11999.0978,23.4578,811.0973,1448.0659,2567.2719,8236.3099,1167.926,364.9487,1010.9259,2287.5832,5091.6883,155.6332,287.8087,798.0151,386.602,5.4133,11.7289,220.5932,748.844,19164.9938,23.4578,738.9196,6240.6676,2620.9541,2339.0098,325.702,179.5421,2283.5232,733.0551,263.4487,2296.0956,842.224,1637.767,680.2752,1335.2881,1094.8461,572.4597,779.5196,39.6978,524.1908,1137.7016,768.2418,1789.5568,752.904,2006.9922,1475.1325,3837.149,8275.1776,1084.9216,3.6089,1388.0681,1366.2028,346.4531,2694.9363,9570.768,581.0308,806.5862,2282.1698,2871.3206,1056.0505,772.3018,1066.4261,2330.4387,5607.7591,1453.9303,3234.3701,3817.7512,1644.2991,1181.0082,38.7955,1789.5568,2657.4941,1144.9194,647.3441,470.9597,1391.2259,936.5061,1365.9637,1194.9927,7.2178,2501.4097,544.4908,62.7044,768.2418,2097.2144,24.36,82.1022,20281.9443,454.7197,716.8152,6454.6431,1552.2725,882.824,18.4955,6.3156,55.0355,66.7644,1219.3527,2125.1833,1293.7859,2106.6877,531.8597,106.4622,842.6751,109.1688,1281.606,424.0442,264.8021,5017.7061,32.9311,276.531,61.3511,672.1552,63.2097,269.7643,2807.714,142.551,1083.5502,1136.7994,75.3355,147.9644,23.4578,11207.3982,1347.017,1336.1904,1844.5923,2244.2765,3063.945,830.044,3034.6228,1591.5191,822.8262,284.651,2096.7633,227.9824,2011.9544,338.7843,5.4133,1072.7416,940.115,60.9,70.8244,181.7977,213.3754,32.0289,2173.9032,277.4332,4885.5306,3344.9825,2378.2565,776.3618,1690.7635,928.3862,1640.2391,1917.2212,157.8888,2052.5544,1963.2345,4343.7465,1046.5772,304.9509,676.6663,3649.938,1676.1701,1863.0879,2863.2006,1476.4858,2126.0855,62.7044,18.9467,914.4017,330.2131,1171.0838,2585.7675,127.2133,222.3977,206.1577,1443.5548,641.9308,442.0886,1672.268,119.0933,220.5932,276.531,967.6328,1647.908,1282.5082,678.0196,3640.4646,107.3644,506.5975,825.0818,35.5069,4716.364,499.3797,434.095,1127.326,1636.6302,3537.1603,13.0822,1311.3793,797.1129,281.0421,788.9929,85.26,5408.3681,33.8333,54.5844,1753.0168,40.1489,720.8752,1294.2371,7250.7049,2.7067,1215.7438,1.8044,2692.2296,743.4307,1752.5657,693.3168,713.6574,186.3088,699.2218,4798.9173,246.7576,1288.8237,3020.1872,424.9464,3160.0316,20.7511,163.3021,1528.8147,2708.0185,1932.5589,69.4711,467.3509,132.6266,186.3088,34.7355,585.0908,301.3421,1621.7435,25.2622,2708.0185,129.9199,0.9022,20049.1711,8530.9575,553.513,332.0041,23.4578,48.72,539.0775,0.4511,248.111,1345.6637,3180.7827,810.1951,1638.8858,1838.7279,6644.863,257.5843,614.413,2.7067,855.7573,3.1578,5.8644,918.9128,528.7019,27.5178,78.0422,1883.839,94.7333,180.4443,0.9699,4038.7955,45.5622,541.3601,302.2443,355.0242,62.6593,616.655,226.9088
TCGA-YL-A8SK-01,0.7,2537.695,5583.1889,2.1664,223.1369,585.7886,305.8925,2699.74,1831.4558,984.4021,1627.8163,869.5841,1938.4749,1785.0953,1489.1681,109.1854,96.1872,23.8302,172.8769,516.4645,890.3813,10070.1906,14.2981,791.1612,2081.0225,2673.3102,8045.8362,1272.0971,432.8423,1027.7036,2248.7002,6330.5893,81.4558,355.7192,1918.1109,1144.2808,5.1993,34.662,1453.6395,905.9792,14150.7799,189.7747,811.5251,4907.7123,2266.0312,2872.1837,342.2877,185.8752,2255.1993,682.409,462.7383,2632.409,769.0641,878.8778,724.87,1331.8891,1052.8596,985.2686,682.8423,29.896,448.8735,998.2669,970.104,1545.0607,1137.3484,3094.8873,2780.3293,5769.0641,6766.0312,766.4645,1.2998,1159.0121,490.312,470.5373,2159.0121,6364.818,219.6707,784.2288,1807.6256,2392.5477,774.6967,48.0936,964.0381,1946.2738,6883.0156,1370.0173,2334.4887,3146.4471,1670.2773,1123.9168,116.9844,1370.4506,2089.2548,1284.662,669.844,1093.1542,1168.1109,1065.8579,2003.8995,846.1872,11.6984,2970.104,550.26,64.1248,1120.8839,1860.052,18.6308,40.2946,17515.5979,455.3726,830.5893,7707.9289,1470.9705,1084.4887,11.6984,16.4645,26.8631,49.3934,895.1473,1777.2964,615.2513,1367.4177,149.4801,108.3189,625.6499,111.7851,1370.4506,583.1889,203.2062,4089.2548,31.1958,290.2946,216.6378,1062.825,90.6629,277.7296,2216.6378,94.4541,742.201,1224.87,42.8943,155.1127,43.3276,16336.2218,1102.6863,496.5338,1949.3068,2081.8891,2706.6724,688.9081,2579.2894,1772.9636,1387.3484,284.662,1471.4038,259.2938,2330.5893,322.7903,9.0988,1165.5113,1264.7314,5.6326,141.2478,107.8856,179.8094,15.1646,1743.9341,1384.3154,4606.5858,3151.2088,2521.2305,1181.1092,2015.1646,979.2028,1379.5494,1414.6447,392.9809,2971.4038,2771.6638,4559.792,767.331,586.2218,1382.149,2513.8648,2946.5035,2497.4003,2701.9064,956.2392,2032.0624,31.6291,17.331,1091.4211,403.3795,1680.2426,3714.9047,152.9463,218.8042,84.0555,1710.5719,935.0043,361.3518,1168.9775,48.5269,210.5719,422.8769,902.0797,711.0052,987.435,3868.7175,4471.8371,205.8059,142.9809,831.8891,36.5511,8803.7262,388.6482,403.8562,905.5459,3074.0901,2636.4818,22.0971,757.799,660.312,386.0485,1048.0936,236.1352,4186.7418,26.4298,71.0572,1915.078,97.0537,817.1577,2791.1612,7839.2548,1.7331,1519.0641,9.0815,2596.6205,5168.1109,1607.4523,741.4688,2997.4003,128.2496,539.4281,6006.4991,251.2998,1352.6863,3104.4194,461.8718,1689.3414,341.4211,337.9549,2586.2218,2389.0815,2185.4419,69.7574,314.9913,125.2166,178.5095,28.5962,1507.799,217.9376,5594.4541,11.6984,15013.8648,80.5893,0.4333,25584.0555,6799.3934,420.2773,285.5979,62.825,56.7591,633.0156,0.8666,192.3744,1139.948,2401.2132,883.4489,1712.7383,2662.0451,10715.338,439.7747,357.8856,3.8995,886.0485,4.3328,7.3657,466.6378,793.7608,20.364,16.4645,5224.4367,178.0763,242.201,1.2998,8409.8787,35.0953,559.4671,321.0572,724.87,214.0381,1462.2964,149.9133
TCGA-YL-A8SQ-01,0.933333333,3571.4286,5343.956,1.0989,291.2088,793.4066,750,3220.8791,2106.5934,827.4725,2191.2088,946.7033,1412.6374,317.033,1804.3956,314.8352,110.4396,14.2857,101.0989,445.6044,1304.9451,7286.2637,48.9011,1039.5604,1261.5385,2648.3516,6602.1429,1371.978,770.3297,795.5385,2169.7802,3011.5385,276.3736,297.8022,209.8901,850,10.989,43.4066,43.956,571.4286,13498.3516,747.8022,683.5165,11325.8242,1789.5604,2137.9121,356.044,148.9011,2886.2637,832.967,223.0769,3540.467,1110.4396,1308.1374,654.3956,1450,1584.0659,176.9231,449.4505,18.6813,568.1319,1360.4396,697.2527,1463.1868,893.4066,2045.0549,898.3516,4888.4615,9269.2308,901.6484,27.4725,985.7143,702.7143,275.8242,1708.2418,7033.5165,297.8022,1142.3077,2241.2088,2659.3407,588.4615,357.1429,1237.9121,1427.4725,6008.2418,1151.0989,3003.4945,4362.6374,1456.044,2574.7253,27.4725,1422.5275,2512.0879,1368.1319,666.4835,487.3626,1474.1758,974.7253,1272.5275,759.8901,41.2088,2986.8132,553.8462,48.3516,491.7582,1614.2857,20.8791,85.1648,21591.7582,365.9341,744.5055,6236.7198,670.3297,802.1978,14.2857,22.5275,174.7253,130.2198,1002.7473,2889.5604,1701.0989,1348.9011,268.1319,91.7582,731.8681,80.7692,1181.8681,818.1319,173.6264,7822.5275,74.7253,260.989,66.4835,624.7253,57.6703,576.9231,2194.5055,107.6923,655.4945,1366.4835,60.989,157.6923,25.8242,12115.9341,1463.1868,717.5824,1959.3407,1517.033,2878.022,848.3516,2286.8132,1915.3846,849.4505,226.3736,1964.2857,191.5604,3179.1209,109.3407,3.8462,1366.4835,1030.2198,17.033,190.6593,73.6264,151.0989,29.6703,1752.7473,228.022,3295.6044,3747.7857,1937.3626,544.5055,1868.1319,786.2637,1565.3846,906.044,92.3077,2258.7912,3189.011,3106.044,1174.7253,293.956,484.0659,2210.4396,2871.3846,2079.1209,3188.4615,1780.7692,2054.3956,64.8352,53.8462,608.7912,533.5165,1430.2198,3062.0879,137.3626,140.1099,213.7363,1413.7363,947.7967,466.4835,1294.5055,17.5824,226.9231,118.1319,860.4396,1028.022,1163.7363,935.7143,5354.9451,43.956,437.9121,941.2088,38.6703,6153.8462,542.8571,415.1813,1432.967,1724.7253,2736.8132,14.2857,1066.4835,691.7582,356.5934,1098.3516,203.8462,4806.5934,34.0659,44.5055,2438.4615,46.1538,892.3077,1771.4286,10233.5165,8.2418,1252.1978,1.7418,2633.5165,1046.1538,1994.5055,420.1813,497.8022,60.989,239.5604,4331.8681,345.6044,932.967,2993.4066,731.3187,1417.033,8.2418,326.3736,1991.2088,2549.4505,1668.1319,46.7033,405.4945,113.7363,174.7253,53.2967,554.3956,254.9451,2364.8352,27.4725,3092.8571,129.1209,1.6484,15732.4176,7141.2088,595.6044,338.8462,24.1758,68.6813,773.6264,0,295.0549,990.1099,2312.0879,863.1868,1088.4615,2659.8901,4424.1758,287.3626,353.8462,0.5495,640.6593,4.9451,12.6374,1113.7363,628.022,18.1319,63.7363,909.3407,8.2418,300.5495,1.0989,5465.9341,15.9341,471.978,212.6374,180.7692,29.0989,487.2363,248.3516
TCGA-YL-A8SR-01,0.733333333,2731.0856,5612.5309,2.685,119.4822,647.5309,521.3362,3022.8549,976.4425,782.2236,1639.6359,913.3452,1891.5777,218.3794,1225.2519,183.027,104.7147,13.425,29.5349,635.0009,1527.3137,6026.9148,8.95,790.7305,1341.1541,2144.8621,8494.4012,1022.5349,227.7769,565.6252,2387.854,6496.3411,92.1848,294.9018,74.7323,657.3758,2.2375,24.6124,14.32,612.1785,26919.2947,77.8648,826.9779,10849.6102,3057.7598,2424.9964,269.3943,68.4673,2688.1257,656.4808,473.4538,2376.0355,1140.2271,2446.9462,253.2844,1056.5448,1411.4114,124.4047,893.6552,9.3975,558.4786,941.9851,604.1235,1308.9342,984.4975,1850.8553,826.0829,3440.8188,7979.3524,818.9229,0.4475,1314.7517,169.083,295.3493,784.018,7174.3019,392.904,308.7742,1747.4831,2139.0446,1379.639,216.5895,464.0563,1798.498,5744.9905,922.2952,1776.1186,3343.2641,1618.1559,1354.5791,27.2974,1674.9883,2582.516,1189.0045,514.6237,280.5818,914.2402,743.7431,1552.3736,966.5976,1.3425,3345.0541,665.8783,27.7449,888.7328,2139.4921,7.6075,44.3024,41076.8165,201.822,484.1938,4383.9809,1312.5142,1311.1717,27.2974,10.2925,8.055,149.4646,1100.8472,1391.7215,814.0004,1501.3587,289.0843,70.2573,324.4367,44.7499,962.1226,409.909,95.7648,3196.4844,35.3524,467.6363,289.0843,418.8589,14.9688,217.4845,1376.5065,23.7174,680.1983,1540.7386,13.8725,75.6273,4.0275,6042.5773,882.0203,3554.036,1691.9932,1445.8689,2985.265,1363.5291,3092.6647,2104.5872,887.3903,233.5944,1733.6106,121.9703,1235.9919,431.3889,5.8175,1104.8747,459.1338,6.265,177.2096,38.9324,138.7247,42.9599,1804.3155,631.8684,5554.356,3792.101,2604.4434,494.9338,1727.7931,1162.6021,2163.2096,1228.8319,7.6075,1706.7607,1104.4272,4878.6327,902.6052,214.352,926.3227,4015.8549,1562.5945,2002.5575,2370.4015,1061.9148,1797.603,37.5899,7.16,430.0464,432.7314,1748.3781,3062.2348,141.4096,149.9121,105.1622,1682.5958,513.7287,295.7968,498.5137,6.265,193.767,197.7945,757.6156,9544.7035,1086.5273,1206.457,8991.1474,29.9824,631.8684,3581.3335,51.0686,6604.6359,411.2515,259.3032,1416.7814,2312.2267,2048.6498,7.16,1571.616,630.0784,221.9594,697.2032,221.0644,5734.6981,87.2623,89.4998,2218.6994,28.6399,524.0212,162.4421,8687.2956,0.895,1301.3267,19.6497,2772.2555,3235.8643,1813.2654,849.3976,983.155,9.845,171.3921,4961.8675,198.6895,950.9351,3558.511,681.9883,1252.5493,13.425,31.7724,3647.5633,1562.2186,1433.7864,72.9423,510.5962,123.5097,103.8197,22.8224,10268.3091,616.2059,34462.8011,23.7174,4035.5448,40.2749,0.4475,11518.621,7348.8265,453.3164,288.2295,20.1374,55.4899,413.489,0.4475,282.8193,944.2226,1106.2172,809.973,2049.9923,1223.4619,8797.8278,79.6548,420.2014,2.685,639.4759,1.3425,2.685,1499.1212,459.5813,6.7125,32.2199,803.708,0.895,174.5246,1.7676,4704.1082,27.7449,441.7351,309.2217,233.5944,34.4574,1054.0388,149.4646
TCGA-YL-A9WJ-01,0.6,2632.9238,8787.172,3.0741,189.4383,707.4158,933.7427,3401.0521,1360.2671,952.5713,1680.3526,1045.9455,1863.6428,395.7839,2167.2053,164.0774,123.3463,21.5184,116.8139,474.9407,962.9462,16174.1142,49.1848,1260.7448,1778.3379,2446.5596,8500.4284,1128.5606,395.7839,951.7682,2479.9899,7350.4379,157.1608,277.8173,634.7913,589.8333,10.7592,0.3843,222.1001,735.8507,18527.6837,11.5277,566.3937,19605.5225,5060.2706,2392.3794,314.7059,171.7625,2332.4355,742.7673,231.7065,3210.0153,659.3837,1911.0985,507.2183,1205.7961,1072.4592,855.7387,863.8081,25.7452,464.5658,1087.8295,1097.0516,1501.6734,1053.6306,1766.4222,1260.3605,4512.3212,7873.0264,929.9001,3.4583,1165.8335,467.6053,371.1915,1019.4318,7098.75,217.489,658.231,1561.2332,2132.2379,734.698,253.6091,1536.6408,1892.8463,5678.9232,1161.9909,2003.6235,3480.2089,1347.9709,1069.7694,57.2542,1557.0063,1988.1419,1223.4719,637.4811,1349.508,1433.2758,886.0949,1518.1965,863.4238,3.0741,3359.9367,1110.8848,78.004,990.2284,1739.5281,20.7498,82.6151,32588.3885,391.5571,560.6299,4115.8494,882.6366,750.8367,46.8793,13.8332,12.6805,44.5737,1280.7261,1940.1098,646.7033,894.5486,210.1882,92.2215,905.692,130.6471,1236.1524,752.3737,241.3129,9541.8513,58.0227,323.928,305.868,697.4251,95.3609,188.2856,1080.9128,49.9533,844.211,1267.6614,95.2956,190.2068,33.046,10971.6688,1237.6894,959.8721,1960.4754,1850.1939,2459.6243,1003.6773,3045.2308,1895.9204,952.9555,381.1822,2927.6484,209.0661,3876.7613,246.3083,2.6898,1060.9315,625.9534,9.2222,121.0407,57.6384,181.369,20.7498,2571.4428,1006.3671,4393.9703,3022.5482,2145.3027,995.9922,2474.6103,1047.0983,1724.5421,1318.7675,28.8192,2224.8437,2300.1579,5404.5642,824.6139,396.5525,355.0528,2016.1926,2289.6408,2173.3534,2658.2848,1396.003,1743.7549,48.4163,31.1248,833.8361,406.5431,1181.9722,2717.4602,144.8646,263.5998,125.2675,1522.8075,886.8634,290.1135,623.6479,67.2448,286.2709,283.9654,1343.3599,1098.5886,1428.2805,1313.7721,3550.5278,169.0728,318.5484,1483.9976,90.1273,6456.2736,422.6819,396.7369,1303.3972,2819.6724,2073.0625,17.6758,1536.6408,687.8187,330.0761,1019.0476,70.3189,4090.7921,55.7172,63.4023,1434.0443,87.2262,675.9067,3044.078,4505.7888,1.537,1311.0823,5.3796,3368.3903,4100.3985,1595.0477,851.4926,1004.0616,24.5924,191.3596,4401.2711,229.7852,1048.6353,2340.5048,797.3317,617.8841,83.3836,95.6798,3004.4996,3859.4698,1949.332,32.2775,329.3076,158.3136,146.1211,27.6665,937.9695,263.2155,4222.9762,20.7498,5733.8718,40.7312,1.9213,22875.9275,7217.4852,486.0842,249.7819,42.2682,80.6938,823.8454,0,265.5211,1017.8948,2322.4448,699.3464,2378.9305,1910.5221,7743.532,132.9527,373.4971,0.3843,806.5539,1.1528,3.4583,853.0489,731.6239,28.0507,73.0087,2647.1413,686.6659,126.8046,0.7954,7980.2339,7.6851,512.6977,269.3636,333.5344,168.3042,1525.3628,236.3176
TCGA-ZG-A8QW-01,0.633333333,2284.2273,5673.3052,0.6211,120.484,455.8518,186.3154,1537.7234,1238.3766,630.9883,1290.545,1083.1138,1835.8281,366.4204,1109.819,140.9787,131.6629,27.3263,82.5998,372.6309,1329.6712,14064.9527,211.7786,1344.5764,1578.7128,1665.66,6699.2512,1229.0609,482.557,484.4201,996.7876,5844.0943,172.0313,231.0311,599.3147,122.3471,9.3158,0,325.431,669.4935,20840.0032,397.4729,1011.0718,18826.5543,4900.0961,2079.9014,265.189,231.0311,2212.1853,568.8831,65.2104,1299.9353,684.3987,1235.1844,498.0833,1090.5664,1084.9769,641.5462,818.5458,24.8421,527.8938,888.1036,1076.9033,1093.0506,640.9251,1680.5653,803.6406,2782.9316,10898.8323,963.2508,2.4842,1017.2823,317.5001,198.7365,1048.3349,9508.9191,199.3575,398.715,757.0617,1965.6279,813.5774,840.9037,854.5668,1749.502,4813.1489,1496.734,1959.4547,4284.6341,1320.3554,837.1774,52.1683,1744.5336,1553.2497,1345.8185,465.1676,842.1458,1645.7864,666.3882,1555.1129,686.2619,0,3319.5201,527.2727,28.5684,810.4722,1325.3238,22.3579,83.2209,34813.6613,315.4941,726.6302,5040.5593,2094.8066,1202.3556,54.6525,17.3894,16.7684,46.5789,883.1352,2494.1427,914.1878,1512.2603,149.0524,110.5472,644.6514,79.4946,1250.1766,1309.7976,116.1366,3733.1404,145.9471,229.789,166.4418,783.1459,85.6678,242.2101,1543.3129,67.0736,760.167,1071.9348,111.1682,165.8207,17.3894,15315.1293,1027.2191,496.8412,1941.4069,849.5984,3536.2671,860.7773,1858.8071,1707.8915,524.1674,358.3467,1443.9447,281.1314,2858.6999,252.1469,1.8632,780.0406,686.8829,4.9684,278.2311,37.8841,127.3156,18.0105,1771.8598,791.8406,4235.571,2675.4835,2331.4272,797.4301,2437.627,1472.513,2055.6804,1570.6392,295.6205,1260.7345,2831.9947,5789.4418,902.3878,281.9574,349.652,1393.6395,1873.0229,1717.2073,2482.9638,1067.5875,1703.5442,164.5786,140.3576,783.767,272.0205,1114.7874,2327.7009,144.0839,327.9152,102.4735,1029.0823,609.2515,386.9151,945.8614,77.0104,187.5575,198.7365,1606.0391,691.8513,942.7561,1103.6085,2366.2061,178.2418,193.7681,1232.7872,62.5337,8353.7633,419.2097,624.8958,1025.977,2010.3436,2376.1429,26.7052,1386.8079,570.7463,494.357,665.1461,79.4946,5426.1267,88.8104,149.0524,1817.1966,24.221,551.4937,1606.0391,3605.8248,4.9684,1204.8399,3.7263,4082.1713,4338.0445,1429.0394,727.7046,1002.9981,56.5157,222.3364,4313.2025,249.0416,1044.6086,3226.9834,583.7884,1125.3453,42.8526,291.2731,1189.9346,3546.825,1199.8714,73.2841,380.0835,158.3681,95.6419,70.7999,556.4621,134.7682,3209.594,21.7368,7954.4272,26.7052,8.0737,30700.4374,7457.5861,308.0415,267.2074,57.7578,263.9469,648.9988,0,258.3574,945.8614,1383.7027,818.5458,2160.017,1452.0183,7237.7338,344.0625,362.6941,0.6211,832.209,6.2105,5.5895,568.2621,547.7674,25.4631,67.6946,2762.4369,144.0839,198.1154,1.8632,4564.7283,73.2841,445.9398,358.9678,325.431,216.747,1136.4994,178.2418